tree
version=v4
num_class=1
num_tree_per_iteration=1
label_index=0
max_feature_idx=51
objective=regression
feature_names=alpha158_CORD10 alpha158_CORD20 alpha158_CORD5 alpha158_CORR10 alpha158_CORR20 alpha158_CORR5 alpha158_HIGH0 alpha158_IMAX30 alpha158_IMAX60 alpha158_IMIN20 alpha158_IMIN5 alpha158_KLEN alpha158_KLOW alpha158_KMID alpha158_KUP alpha158_LOW0 alpha158_MAX5 alpha158_MIN10 alpha158_QTLD10 alpha158_QTLD5 alpha158_RSQR30 alpha158_STD60 alpha158_VMA60 alpha158_VSTD5 alpha158_VSUMD20 alpha158_VSUMD60 alpha360_VOLUME12 alpha360_VOLUME38 amount_cv_20 amount_mean_20 corr_ret_amount_20 kunquant_alpha101_alpha002 kunquant_alpha101_alpha003 kunquant_alpha101_alpha005 kunquant_alpha101_alpha011 kunquant_alpha101_alpha012 kunquant_alpha101_alpha013 kunquant_alpha101_alpha020 kunquant_alpha101_alpha024 kunquant_alpha101_alpha026 kunquant_alpha101_alpha043 kunquant_alpha101_alpha050 kunquant_alpha101_alpha055 kunquant_alpha101_alpha062 kunquant_alpha101_alpha071 kunquant_alpha101_alpha072 kunquant_alpha101_alpha094 ta_trend_adx_pos ta_trend_dpo ta_trend_mass_index ta_volatility_bbhi ta_volume_em
feature_infos=[-2.8143752946911311:1.6093166555898941] [-3.4561191756904188:1.991261576004925] [-2.1269982084934544:1.3025605539220313] [-3.0867565993690422:1.4779434976285317] [-3.4873571318056498:1.5440042933584077] [-2.4332331955047901:1.2798618495144776] [-1.0827706428578572:12.967152438676152] [-1.2663575886278606:1.5703586486122445] [-1.2974852639332246:1.6316823977115267] [-1.3861271770014851:1.3813105907227887] [-1.261651621500967:1.2345660203244979] [-1.552727930198516:10.325515849015725] [-0.97080085565088636:17.264143635554806] [-7.1078987060067087:9.0607378559005181] [-0.95905135012407083:20.017648187471377] [-11.596224039001086:0.94597543230085512] [-1.0800318107545115:30.374468421828396] [-12.089105866856853:1.0381989561784568] [-12.347435091820419:9.6270934186571075] [-11.517181123623264:5.8737282524560239] [-1.4814595405689464:1.9640558069897909] [-1.5509043981530353:91.217249920728818] [-0.43998153194176287:304.17698372579645] [-0.33793264007535073:268.06156356254382] [-7.0592443603929684:7.2284500996297689] [-8.8272893337139706:10.1175366089735] [-0.57073068293349383:309.88204127078183] [-0.3722043454507285:531.05195559787853] [-1.9143716485970879:15.165738763080382] [-0.55416737508470337:42.392852414311008] [-3.571546878139531:2.3571390756187838] [-1.8530851950503056:2.4863497111680162] [-1.9494282767982813:2.9170507179256093] [-2.2506437053135855:1.1259355230037189] [-1.054382857900048:3.2169730884191887] [-81.549774438302151:49.748784974698452] [-1.7381773596797809:1.7381718476764614] [-4.5031320643059916:0.79095151327901114] [-69.298730819391722:15.095826951322836] [-1.0287957024769832:3.931647774807395] [-1.1309211162515709:3.0744409534743151] [-0.82721123819503939:4.2486205903958592] [-1.471872763316376:2.6286940694584811] [-0.92386160203297751:1.0824132075621262] [-0.8340395940882871:2.3288882532239978] [-0.13135905149001234:74.9852109160433] [-2.1159032236433406:1.1768078278018848] [-2.8174692648325412:9.1491605785770105] [-60.099206873909559:49.104444612836595] [-10.255389661075608:7.3039512702213036] [-0.25877727979382442:3.8643268867990646] [-121.26160786002163:56.540011095736297]
tree_sizes=3772 3498 3477 3516 3458 3447 3511 3507 3492 3519 3522 3545 3534 3470 3485 3561 3479 3487 3462 3408 3461 3587 3552 3473 3557 3501 3543 3449 3506 3504 3478 3543 3456 3550 3564 3485 3482 3547 3534 3432 3470 3503 3479 3422 3434 3398 3441 3404 3456 3420 3388 3553 3445 3412 3455 3418 3480 3442 3406 3410 3394 3423 3421 3400 3467 3450 3423 3454 3433 3434 3431 3446 3418 3427 3459 3508 3397 3419 3431 3453 3472 3385 3449 3455 3490 3353 3436 3448 3427 3397 3437 3492 3368 3387 3441 3442 3433 3440 3429 3359 3420 3407 3368 3374 3436 3413 3380 3432 3351 3363 2541 3468 3368 3463 3404 3268 2737 3356 3390 3397 3383 2991 3367 3462 3419 3437 3415 3421 3430 3352 3434 3389 3329 3471 3395 3472 3361 3057 3238 3388 3358 3472 2817 3368 2865 3406 3413 3448 3430 3316 3452 3251 3435 3368 3102 3430 3393 3422 3402 3375 3175 3090 3399 3462 3384 3247 3423 3401 3470 2603 3429 3355 3468 3422 3425 3356 3411 3358 3379 3183 3064 3311 3380 3399 3261 3402 3482 3323 3436 3389 3452 3420 3164 3368 3415 3414 3343 3330 3420 3459

Tree=0
num_leaves=31
num_cat=0
split_feature=29 17 11 29 11 47 11 36 44 9 29 16 20 22 16 20 9 20 21 20 21 28 36 21 11 12 21 3 39 3
split_gain=0.358501 0.152972 0.0631161 0.0588959 0.0396871 0.0356928 0.0302638 0.0172975 0.0155777 0.0145386 0.0143929 0.0134144 0.0115887 0.00962793 0.00810714 0.00802616 0.00801751 0.00672659 0.00553143 0.00512926 0.00481096 0.00459456 0.00443057 0.00441086 0.00396565 0.00388411 0.00345518 0.00227734 0.00212818 0.00211953
threshold=-0.3098110191129288 -0.21788146674478223 0.95986627347661702 -0.43971010274908789 -0.62182311075630625 -0.79615475738497532 -0.23560109386096947 -1.5603948370417995 -0.78132412996641565 1.017174042052434 1.0000000180025095e-35 -0.053780678449765945 0.077040713805459196 0.14294549705042597 0.15437267552638292 0.8802622815155704 0.58021016628462441 0.99694403228249417 0.094446081896587708 0.2822491853364556 -0.79608175548667004 0.0094343749828301807 -0.6317138181401708 -0.78907343749746006 0.37619029390204856 0.13181646811681283 -0.19265417061980306 -1.4702334732294065 1.8449774513671604 0.66168675522850851
decision_type=2 2 2 2 2 2 2 2 2 2 2 2 2 2 2 2 2 2 2 2 2 2 2 2 2 2 2 2 2 2
left_child=3 2 14 7 11 12 25 -1 19 28 22 13 -6 26 15 23 27 24 -14 -8 -12 -9 -7 -2 -10 -5 -3 -16 -4 -13
right_child=1 4 9 6 5 10 8 21 17 -11 20 29 18 -15 16 -17 -18 -19 -20 -21 -22 -23 -24 -25 -26 -27 -28 -29 -30 -31
leaf_value=0.00025074657642426128 0.00025074657642426128 0.0010815520705818283 -0.0018780379287284357 0.00092463780121455224 0.00014085517821457478 -0.00028998449098086525 0.00025074657642426128 0.0014682192879983905 0.00015253339339151749 0.00025074657642426128 0.00025074657642426128 0.00025074657642426128 0.00025074657642426128 0.00025074657642426128 0.00025074657642426128 0.00025074657642426128 0.00025074657642426128 0.00040298789618075953 0.0013061619697808391 0.00108274557675829 -0.00063459803450151048 0.00093961980679460513 0.00019806484384938478 -0.00056002979652795435 -0.00045741321658583476 0.0003877250139084523 0.00025074657642426128 -0.0012219665640640232 0.00025074657642426128 -0.00029511877098783594
leaf_weight=8.435353185865095 8.5729901720187609 49.230306835088413 60.650038701714948 126.3074354219716 19.627181647054385 34.511255908699241 20.241610166383907 132.96686600387329 34.306005238264333 4.9914973350823848 6.8852519232896148 16.52132604614599 10.786074361996727 28.493410986848176 0.94464889285155251 23.20864781178534 2.6709414290380655 15.350291816226671 18.403472637059167 17.704277610289864 88.151368710736278 52.973423985298723 66.020335242326837 63.133464119280688 30.668839394173119 29.950924422068056 7.9729696764261453 27.669820904964581 0.9138432526960959 9.8853366558323597
leaf_count=16822 17094 98161 120928 251894 39133 68814 40363 265188 68412 9948 13727 32944 21508 56810 1882 46269 5322 30609 36696 35300 175758 105651 131639 125885 61156 59731 15900 55170 1822 19708
internal_value=0.000252551 -0.000264628 -0.000947598 0.000864736 0.000113075 -0.000107155 0.000565812 0.00127149 0.000227704 -0.00172517 -0.000294302 0.000566416 0.000581133 0.000759786 -0.000513752 -0.000314335 -0.00102286 -3.24872e-05 0.000979955 0.000699425 -0.000574776 0.00133376 6.82158e-07 -0.000472721 -0.00018154 0.000840924 0.00098537 -0.00117251 -0.0018548 5.24886e-05
internal_weight=1018.15 549.244 192.756 468.905 356.488 244.385 274.529 194.376 118.271 66.5554 195.568 112.103 48.8167 85.6967 126.201 94.9151 31.2854 80.3251 29.1895 37.9459 95.0366 185.94 100.532 71.7065 64.9748 156.258 57.2033 28.6145 61.5639 26.4067
internal_count=2030244 1095118 384320 935126 710798 487275 547465 387661 235840 132698 389938 223523 97337 170871 251622 189248 62374 160177 58204 75663 189485 370839 200453 142979 129568 311625 114061 57052 122750 52652
is_linear=0
shrinkage=1


Tree=1
num_leaves=31
num_cat=0
split_feature=29 11 9 29 11 11 11 36 20 44 20 47 16 3 22 20 30 17 21 38 20 29 29 17 11 47 30 21 21 36
split_gain=0.338722 0.145294 0.0810375 0.055082 0.031905 0.0316062 0.0280551 0.018571 0.0160099 0.0156734 0.0129166 0.0115496 0.0112746 0.00889416 0.00688262 0.00676182 0.00670174 0.00642345 0.00591591 0.00531773 0.00514354 0.00476961 0.00458263 0.00457586 0.00386193 0.00354714 0.00346048 0.00339628 0.00328562 0.00288386
threshold=-0.31240791001328133 0.1862414770079128 0.87151947467444313 -0.43971010274908789 1.727602214055562 -0.60419793283688883 -0.32770982120345854 -1.4918382509006278 0.31100722844052203 -0.78132412996641565 0.40944508445464312 -0.40303433441570952 -0.053780678449765945 -0.14080137796015282 0.14294549705042597 0.86885866572228576 1.1794605844947341 -0.14351378989858707 -0.79608175548667004 0.22959596502313137 -0.47751305658414961 0.090308103179682561 0.0076639162804534094 0.21700747160860931 0.11965801736926705 -0.43035876138120027 1.5101530285574756 1.8184303478342849 0.094446081896587708 -1.3946958895789836
decision_type=2 2 2 2 2 2 2 2 2 2 2 2 2 2 2 2 2 2 2 2 2 2 2 2 2 2 2 2 2 2
left_child=3 5 4 7 13 12 29 -1 18 20 19 28 14 -3 17 24 -15 -2 -7 -4 -8 -13 -20 -6 -11 -12 27 -9 -10 -5
right_child=1 2 10 6 23 8 9 26 11 15 25 21 -14 16 -16 -17 -18 -19 22 -21 -22 -23 -24 -25 -26 -27 -28 -29 -30 -31
leaf_value=0 0 -0.00052368043798497771 -0.00067432688287206793 0 -0.0024152548884579335 0 0 0.0010231843960955497 0 -1.0666423952017158e-05 0.0010472500867192811 0 -0.00020107150698552335 -0.0014544597295818504 0 0.00014703491560908639 -0.00029453543396092461 0.00069910648099505727 -0.00036690885482580302 0 0.00071072285536141332 -0.00058743508130057367 -0.00089916623980263637 0 -0.00059658084408738005 0 0 0.0021947969177254383 0.00074444411700416702 0.0006366668572654106
leaf_weight=11.523634828801731 10.409773260063956 29.89046145247994 19.486951460014101 7.3526693150633937 34.975548462476581 16.637108936556615 14.655550767434759 172.32321000267984 11.633448997337839 28.795828974223696 9.7947864266461675 35.803105824743398 30.716723160527181 79.892498805187643 32.09144993161317 20.473247725632973 11.917676575074436 58.25801512831822 61.198093398998026 11.477654962509403 27.520313445595093 24.590106043440755 50.669254503212869 2.8255789767717934 39.194063891540281 4.8380620129755689 3.2575646248878902 7.2333555827499358 16.526203065295704 132.51475775567815
leaf_count=22981 20760 59596 38854 14665 69736 33172 29225 343686 23196 57425 19529 71388 61245 159293 63981 40824 23762 116164 122029 22880 54873 49028 101028 5634 78157 9646 6499 14418 32948 264273
internal_value=2.36345e-06 -0.000495987 -0.00113124 0.000602356 -0.0014501 -0.000113557 0.000309244 0.000994912 -0.000341725 0 0 0 0.000240314 -0.00116157 0.000404646 -0.000233762 -0.00133657 0.000574863 -0.000556215 -0.000362773 0.000468874 -0.00026349 -0.000634807 -0.00229967 -0.000392552 0.000718297 0.00106943 0.00108709 0.000469291 0.000604549
internal_weight=1018.48 553.633 205.099 464.844 159.502 348.533 270.506 194.338 217.057 130.639 45.5975 88.5529 131.476 121.701 100.759 88.4631 91.8102 68.6678 128.504 30.9646 42.1759 60.3932 111.867 37.8011 67.9899 14.6328 182.814 179.557 28.1597 139.867
internal_count=2030895 1103869 408930 927026 318021 694939 539442 387584 432789 260504 90909 176560 262150 242651 200905 176406 183055 136924 256229 61734 84098 120416 223057 75370 135582 29175 364603 358104 56144 278938
is_linear=0
shrinkage=0.03


Tree=2
num_leaves=31
num_cat=0
split_feature=29 17 11 29 11 47 11 36 9 29 44 16 21 22 3 21 20 20 16 11 47 16 18 28 30 25 20 21 36 3
split_gain=0.319221 0.143212 0.0575626 0.0523388 0.034813 0.031042 0.0249511 0.0173897 0.0144778 0.0132757 0.0128625 0.0123556 0.0105182 0.00854355 0.00810133 0.0089017 0.00645643 0.0057458 0.00523777 0.00522244 0.00517575 0.00395696 0.0036219 0.00347173 0.00332913 0.00340908 0.00329279 0.00304093 0.00272721 0.00246194
threshold=-0.31240791001328133 -0.21788146674478223 0.95986627347661702 -0.43664838942726897 -0.62182311075630625 -0.75364227943278506 -0.23560109386096947 -1.354779256210352 1.017174042052434 1.0000000180025095e-35 -0.78132412996641565 -0.31686457281918401 0.1048015741230455 0.12781537670598458 -1.2736714458368217 0.028435016084425332 1.4836970500962752 -0.12407175861384868 -0.68390107362246766 0.64714453365625646 1.2668872276109007 -0.2897949704098523 0.68066209416025747 -0.019341035335647752 1.6151740434003814 0.79191643423149416 -0.26587313027658571 -0.14412090113314285 -1.3946958895789836 0.69613371748706177
decision_type=2 2 2 2 2 2 2 2 2 2 2 2 2 2 2 2 2 2 2 2 2 2 2 2 2 2 2 2 2 2
left_child=3 2 14 7 11 12 28 -1 24 21 26 13 -6 27 -2 20 -17 -14 -11 -12 -16 -7 -21 -9 25 -4 -8 -3 -5 -13
right_child=1 4 8 6 5 9 10 23 -10 18 19 29 17 -15 15 16 -18 -19 -20 22 -22 -23 -24 -25 -26 -27 -28 -29 -30 -31
leaf_value=0 0 0.00087471721502390429 -0.0013823493650429498 0 -5.9518149641331344e-05 0 0 0.0011637741568643444 0 0 -2.8371589878631492e-05 3.6001729878031491e-05 0 0 -0.00067341332836269184 -0.0012446151268789695 0 0.00095953441833002671 -0.00085900422275445639 -0.00078325091639530489 0 -0.00036233872830714287 0 0.00066503030635499893 0 -0.0024363177615297914 0.00064202871940934622 0 0.00057116050077463197 -0.00039554964161583238
leaf_weight=18.476902249618433 12.882596323790493 41.304125421796925 22.524374415224884 8.3676475515239854 25.299656332295854 34.035353553073946 14.348859000834635 131.36126355838496 5.0550337773747733 9.719549560279118 50.910578936745878 29.128132556739729 7.2470364611945142 23.433595269045327 42.228428318921942 48.082375045749359 3.4233022314147084 20.29568531003315 84.067849832004867 22.095180153090045 20.306700947752688 65.709093756973743 3.9872353962855405 52.294755270355381 3.1248236321844152 36.117778834770434 21.802920629037544 5.1121800302644251 141.16415468021296 14.301043433253652
leaf_count=36848 25670 82356 44909 16689 50445 67864 28613 261986 10075 19379 101522 58082 14450 46723 84202 95872 6825 40469 167615 44060 40494 131019 7950 104297 6230 72016 43473 10195 281521 28511
internal_value=0 -0.000486379 -0.00114585 0.000580041 -0.000122778 -0.000328809 0.000284253 0.000949583 -0.00188855 -0.000510499 -2.7171e-05 0.000298841 0.000279848 0.000550617 -0.000731206 -0.000811785 -0.00115468 0.000700498 -0.000781764 -0.000270559 -0.000481392 -0.000225358 -0.000628268 0.0010381 -0.0020173 -0.00208265 0.000408193 0.000788605 0.000539958 -3.70283e-05
internal_weight=1018.21 553.399 193.745 464.809 359.653 246.374 262.677 202.133 66.822 193.532 113.145 113.279 52.8424 69.8499 126.923 114.041 51.5057 27.5427 93.7874 76.993 62.5351 99.7444 26.0824 183.656 61.767 58.6422 36.1518 46.4163 149.532 43.4292
internal_count=2030360 1103401 386293 926959 717108 491241 523828 403131 133230 385877 225618 225867 105364 139274 253063 227393 102697 54919 186994 153532 124696 198883 52010 366283 123155 116925 72086 92551 298210 86593
is_linear=0
shrinkage=0.03


Tree=3
num_leaves=31
num_cat=0
split_feature=29 17 29 11 11 47 11 36 20 29 47 16 20 16 44 0 22 20 21 21 4 38 17 21 11 21 12 45 28 11
split_gain=0.300373 0.131586 0.0517326 0.0510831 0.0323302 0.0280288 0.024621 0.0153214 0.0149524 0.0137733 0.0126791 0.0100108 0.00972069 0.00899145 0.00849545 0.0083383 0.00731775 0.00708215 0.00548888 0.00493601 0.00470277 0.0042624 0.00374231 0.00348226 0.00408656 0.00342104 0.00266935 0.0026449 0.002609 0.00247524
threshold=-0.30722559081589479 -0.18042246106300686 -0.44122808836361821 0.95986627347661702 -0.68995492830934013 -0.8162555532170247 -0.32065574670470415 -1.4507755042731281 0.99694403228249417 0.0076639162804534094 -0.40303433441570952 -0.34460823017974007 0.2822491853364556 -0.1705798340089795 -0.78132412996641565 -0.92729270297871758 0.13508296942873096 0.69929238856603726 -0.78907343749746006 1.7538241875961369 0.71369003431152767 0.15974026793638171 -0.074658398678395979 1.887533919208759 0.34801417585906541 -0.20092468076724798 0.42906693263632439 -0.1294463115737749 0.82328046651425602 1.8735206957016417
decision_type=2 2 2 2 2 2 2 2 2 2 2 2 2 2 2 2 2 2 2 2 2 2 2 2 2 2 2 2 2 2
left_child=2 3 7 13 11 12 26 -1 14 20 -5 16 -6 17 -8 -15 28 25 -11 -10 -7 -14 -16 24 -9 -2 -4 -12 -3 -29
right_child=1 4 6 10 5 9 8 23 19 18 27 -13 21 15 22 -17 -18 -19 -20 -21 -22 -23 -24 -25 -26 -27 -28 29 -30 -31
leaf_value=0 -0.00025270742491587269 0.00090946469998182946 0.00058922475032109395 0 -5.5685634478652952e-05 -5.1234511077026451e-06 0.00016615799891486738 0.0010216874364580226 0.00029476066935532819 0 0 0 0 0 -0.00057627634291804901 -0.0011949609115636172 0 0 -0.00080090532968626676 0.0018742342443812969 -0.00047888168522680977 0.00092017996295273136 -3.0841660266115326e-05 0.0021564306921818513 0.00031396534351367636 -0.0009404301356252734 0 -0.001410105121141535 0 -0.0023321334687711032
leaf_weight=13.000773260660933 29.60616759309778 34.903311661328189 133.58236142480746 2.8446843275451092 21.983131131972186 71.62219523685053 32.588898747751955 149.64691197406501 25.061665599176198 7.9847175756585775 0.63156212453031813 35.117009364359546 7.8622202372644123 3.3642280458006999 40.514156659890432 46.322424457233865 19.233287666691467 24.095478908449877 89.675296583853196 3.5157335705007418 35.045308143133298 20.065665638074279 33.593652620736975 6.5453993896953753 21.281137639889494 27.465093942766543 13.901907554769421 32.411023124994244 3.910927135962992 31.360763083037455
leaf_count=25927 59034 69594 266404 5669 43831 142811 64983 298475 49974 15919 1259 70018 15678 6701 80791 92362 38348 48039 178797 7009 69876 40011 66990 13047 42430 54764 27725 64624 7798 62527
internal_value=0 -0.000482385 0.000550473 -0.00110136 -0.00012079 -0.000302342 0.00027777 0.000939551 0 -0.000464008 -0.00180458 0.000342451 0.000299385 -0.000717034 -0.00017778 -0.00108638 0.00058603 -0.000453979 -0.000733772 0.000594053 -0.0001889 0.000686295 -0.000369508 0.00101248 0.000951125 -0.000636234 0.00054605 -0.00189143 0.000826613 -0.00191057
internal_weight=1018.74 545.504 473.233 198.101 347.403 254.239 282.758 190.474 135.274 204.328 67.248 93.1645 49.911 130.853 106.697 49.6867 58.0475 81.1667 97.66 28.5774 106.668 27.9279 74.1078 177.473 170.928 57.0713 147.484 64.4033 38.8142 63.7718
internal_count=2031415 1087660 943755 394979 692681 506923 563876 379879 269747 407403 134079 185758 99520 260900 212764 99063 115740 161837 194716 56983 212687 55689 147781 353952 340905 113798 294129 128410 77392 127151
is_linear=0
shrinkage=0.03


Tree=4
num_leaves=31
num_cat=0
split_feature=29 11 9 29 11 11 11 20 36 20 16 44 47 21 38 38 22 17 45 20 3 20 28 29 41 21 36 46 3 30
split_gain=0.289247 0.135629 0.0724822 0.0436747 0.0278322 0.0244188 0.0209656 0.0156108 0.0153599 0.0147138 0.0111542 0.0105123 0.00893091 0.0065697 0.00645844 0.00564744 0.00541152 0.0051056 0.00486377 0.00485459 0.00480292 0.00431004 0.00428311 0.0041594 0.00348227 0.00304991 0.00275615 0.0023731 0.0022745 0.00215022
threshold=-0.32233304826831971 0.1862414770079128 0.72586482047953382 -0.43816126126550303 -0.62182311075630625 1.5472742960412342 -0.23560109386096947 0.12230378750745209 -1.4507755042731281 0.38151126542587904 -0.053780678449765945 -0.78132412996641565 -0.34014031309261289 -0.78907343749746006 0.22801584197207977 0.18953441079279265 0.21026484489217542 -0.14351378989858707 -0.087674193013700649 1.5132650356567874 0.47123861147830776 0.2822491853364556 -0.019341035335647752 0.090308103179682561 -0.26188441348884534 0.037254151311209543 -1.3689003724023865 0.65559232968415693 0.69613371748706177 1.6151740434003814
decision_type=2 2 2 2 2 2 2 2 2 2 2 2 2 2 2 2 2 2 2 2 2 2 2 2 2 2 2 2 2 2
left_child=3 4 5 8 10 19 26 14 -1 13 16 21 25 -6 -4 -9 17 -2 27 24 -15 -8 -10 -14 -3 -11 -5 -13 -12 -7
right_child=1 2 7 6 9 29 11 15 22 12 28 18 23 20 -16 -17 -18 -19 -20 -21 -22 -23 -24 -25 -26 -27 -28 -29 -30 -31
leaf_value=0 0 -0.0013393610247720764 -0.00080858031554916551 0 0 -0.0021415671301398837 0 0 0.0011072147183342712 0 0 -0.00052759089322848693 0 -0.00030541540012917867 0 0.0010756225846707359 0 0.00063040184990126346 0 0 -0.00080816461897643033 0.00075740255839696626 0.00060215260586708903 -0.00052171065691465049 -0.00071529412967833372 0.00066317740040495294 0.00055646961488783301 0 -0.00055049483805953573 0
leaf_weight=13.649582639394792 10.790179345582144 67.924047073465772 21.217421087552793 8.8394149836967681 19.185268008790445 41.445288882125169 18.288735675800126 10.710464612173384 131.20731246686773 11.83038874337217 19.030476848362017 38.123322514409665 35.489330774871632 63.921175391122233 11.082936963764949 9.6378996026469377 24.101295056228992 66.011563188338187 24.380488019960467 4.6923067439347497 57.616190326574724 16.117217917635571 53.320635110489093 23.304655455925968 40.347450262808707 18.60620591614861 134.16846699744929 10.158141596009953 10.69763478572713 2.3986304947757153
leaf_count=27221 21518 135431 42305 17630 38253 82637 36469 21354 261678 23589 37946 76023 70763 127458 22093 19216 48050 131623 48617 9355 114881 32136 106343 46465 80445 37095 267571 20256 21328 4782
internal_value=-1.60919e-06 -0.0004529 -0.00106148 0.000565602 -9.10703e-05 -0.00138584 0.000284217 -3.84168e-05 0.000905537 -0.000295764 0.000246292 -6.24422e-06 0 -0.000486875 -0.000499514 0.000546082 0.000407651 0.000530795 -0.000237498 -0.00109315 -0.000568433 0.000394947 0.000977531 -0.000210277 -0.00113451 0.000422696 0.000522659 -0.000418989 -0.000200478 -0.00207154
internal_weight=1018.29 570.041 209.456 448.253 360.584 156.808 250.076 52.6487 198.178 229.953 130.631 107.068 89.2306 140.723 32.3004 20.3484 100.903 76.8017 72.662 112.964 121.537 34.406 184.528 58.794 108.271 30.4366 143.008 48.2815 29.7281 43.8439
internal_count=2030531 1136587 417618 893944 718969 312650 498702 104968 395242 458504 260465 213501 177912 280592 64398 40570 201191 153141 144896 225231 242339 68605 368021 117228 215876 60684 285201 96279 59274 87419
is_linear=0
shrinkage=0.03


Tree=5
num_leaves=31
num_cat=0
split_feature=29 17 11 29 3 11 11 36 16 44 49 47 47 30 0 47 11 20 29 29 28 20 46 16 22 20 36 30 9 9
split_gain=0.26882 0.123206 0.0464316 0.0420702 0.0306033 0.0219427 0.0180064 0.0147208 0.013457 0.0128864 0.0123042 0.0122626 0.00904795 0.00692278 0.00877804 0.00573249 0.00519825 0.00433558 0.00424169 0.00415215 0.00369305 0.0032633 0.00320323 0.00315043 0.00327828 0.00292717 0.00225644 0.00220732 0.00220607 0.00213849
threshold=-0.31240791001328133 -0.21788146674478223 0.95986627347661702 -0.43816126126550303 0.67947836782787185 -0.32770982120345854 -0.68995492830934013 -1.5328161190671732 -0.40376457661337706 -0.78132412996641565 -0.49005021171356272 -0.4946691353297929 -0.51271932327494529 1.1658777504536602 -0.96556425167901383 -0.51271932327494529 0.64714453365625646 0.2822491853364556 -0.079369300632769424 -0.49830639389782988 0.12084512410207239 -0.47751305658414961 0.39203893662294759 -0.0094461337457972614 0.13508296942873096 1.6403058918767413 -1.3689003724023865 -2.0934452641906209 1.3084832636253341 1.1628286094304248
decision_type=2 2 2 2 2 2 2 2 2 2 2 2 2 2 2 2 2 2 2 2 2 2 2 2 2 2 2 2 2 2
left_child=3 2 13 7 6 26 23 -1 -6 21 15 -4 -10 14 -2 -8 -11 -12 -16 -9 -21 -7 -18 24 -3 29 -5 -28 -14 -13
right_child=1 4 11 5 8 9 10 19 12 16 17 25 28 -15 18 -17 22 -19 -20 20 -22 -23 -24 -25 -26 -27 27 -29 -30 -31
leaf_value=0 0 0.00074669740245470048 0 0 0 0 0.00055279214135193415 0.0013096877219729373 0 -1.31085653958841e-05 -0.00040362188903001763 -0.0018725687784003949 -0.00097848540208642261 -2.7321619473706438e-06 -0.00048294483799360231 0 -0.00077711448586380608 0 -0.0010952262092989633 0.00091005212870988027 0.00036989805403510659 0.0006205006744613228 0 0 6.6599415660131874e-05 0 0 0.00059274045567252176 0 0
leaf_weight=9.9422493394231406 9.5593187071499397 38.625086096697487 2.3199396361014797 7.905287076951935 30.849408079287969 14.440854395972563 29.136230646749027 45.483653654693626 12.3327156053856 60.877153220586479 76.742456059728283 61.372478888428304 55.396810350765008 20.143311444961 41.390899308898952 28.384226925263647 19.396653170639187 49.558092202467378 55.956075107969809 105.84530997707043 37.047713657142594 26.938342773122713 6.9719989483128293 11.653733682062009 20.392837434832472 1.3462577710743051 6.9239376963232635 122.97985393070849 6.3512612012564196 1.7834698352962721
leaf_count=19827 19046 77017 4623 15767 61508 28797 58095 90709 24589 121398 153024 122368 110444 40169 82531 56590 38678 98821 111569 211099 73890 53713 13903 23237 40661 2684 13806 245260 12663 3555
internal_value=0 -0.000445721 -0.0010571 0.00053297 -0.000107595 0.000270132 5.96329e-05 0.000870955 -0.000541773 0 -8.31362e-05 -0.00172834 -0.000761075 -0.000680454 -0.000780088 0.000255134 -0.000218437 -0.000260946 -0.000865708 0.000932164 0.000791002 0.000423882 -0.000578706 0.000473434 0.000562531 -0.00180712 0.000533275 0.000563313 -0.000909285 -0.00183767
internal_weight=1018.05 553.295 193.872 464.753 359.423 266.434 254.493 198.319 104.93 128.625 183.821 66.8221 74.0808 127.05 106.906 57.5205 87.2458 126.301 97.347 188.377 142.893 41.3792 26.3687 70.6717 59.0179 64.5022 137.809 129.904 61.7481 63.1559
internal_count=2030041 1103194 386545 926847 716649 531322 507445 395525 209204 256489 366530 133230 147696 253315 213146 114685 173979 251845 194100 375698 284989 82510 52581 140915 117678 128607 274833 259066 123107 125923
is_linear=0
shrinkage=0.03


Tree=6
num_leaves=31
num_cat=0
split_feature=29 11 9 29 11 11 11 36 47 20 20 29 16 46 21 3 22 17 21 20 38 30 30 17 11 36 36 21 47 21
split_gain=0.253576 0.117132 0.0655092 0.0458498 0.0237211 0.022038 0.0211049 0.0142274 0.0131026 0.0124888 0.0107388 0.00971537 0.00933691 0.00677991 0.00647109 0.00600563 0.00551979 0.00510619 0.00503007 0.0049581 0.00480311 0.00437531 0.00417019 0.00409499 0.00332893 0.00307079 0.00290297 0.00268408 0.00252823 0.00237187
threshold=-0.30197037200103011 0.22059907537235038 0.87151947467444313 -0.43816126126550303 -0.60419793283688883 -0.2505165079531822 1.727602214055562 -1.5603948370417995 -0.75364227943278506 0.78615124228767874 0.40944508445464312 -0.059885219197784542 -0.053780678449765945 -0.24869211673290398 1.887533919208759 -0.18031190334683164 0.099903398636709981 -0.14351378989858707 -0.77474995844397576 -0.10898492359201271 0.22801584197207977 1.0101980569093814 1.3646475142396512 0.21700747160860931 0.078313799900001355 -0.68672313378052185 -1.3410098685089862 2.1648651153251874 -0.43035876138120027 0.1048015741230455
decision_type=2 2 2 2 2 2 2 2 2 2 2 2 2 2 2 2 2 2 2 2 2 2 2 2 2 2 2 2 2 2
left_child=3 4 6 7 12 26 15 -1 19 13 20 25 16 24 -11 -3 17 -2 -13 -6 -4 -17 27 -8 -7 -10 -5 -9 -12 -21
right_child=1 2 10 5 8 9 23 22 11 14 28 18 -14 -15 -16 21 -18 -19 -20 29 -22 -23 -24 -25 -26 -27 -28 -29 -30 -31
leaf_value=-4.6228342438935266e-05 0 -0.00046699889420625715 -0.00063808602509259798 0 -0.00015774447316412846 0 -0.0021595051494887694 0.00088876268390963907 -0.00037144575325699159 0.00017108066830898971 0.00099782719717689868 0 -0.00019567731933151618 0 0.0017909793850116246 -0.0013673676197423778 0 0.00066508789501172898 -0.00069391674326764094 0 0 -0.00046898892707807592 0 0 -0.00078185325830656927 0 0.00051152631212879069 0.0021594390157007189 0 0.00073958272776169262
leaf_weight=8.6448667398653907 9.3521283954032679 26.854790111072361 18.074590950272981 10.624920847709289 12.292545923497526 10.178298840299247 34.280915659444872 178.11619296082063 29.720268075994682 30.953016994055361 8.9428441380150598 9.6593818343244475 29.722198573406786 56.140423754928634 3.4189015551819457 69.887158470228314 36.94799133419292 50.358512075617909 88.11655401304597 9.7970449783606472 10.932594728714319 17.2712055623997 6.4145951555110505 2.7684551647398612 23.646076226432342 54.418488209077623 147.59661969699664 5.1028642930323249 4.5095884366892269 13.363025138387455
leaf_count=17240 18651 53544 36038 21191 24510 20298 68351 355236 59262 61720 17830 19258 59262 111948 6816 139344 73664 100412 175690 19535 21793 34436 12797 5520 47153 108507 294347 10172 8991 26643
internal_value=0 -0.00044754 -0.00103974 0.000500829 -0.000105416 0.000240465 -0.00133237 0.000856732 -0.000301215 -3.64657e-05 0 -0.000409437 0.000207608 -0.000244014 0.000419489 -0.00107183 0.000362653 0.000544147 -0.000622616 0.000169475 -0.000323536 -0.00122377 0.000913715 -0.00205317 -0.000582039 -0.00012605 0.000477049 0.000940526 0.000701958 0.000472684
internal_weight=1018.11 537.27 193.522 480.837 343.748 282.558 151.063 198.279 217.367 124.337 42.4596 181.915 126.381 89.9648 34.3719 114.013 96.6586 59.7106 97.7759 35.4526 29.0072 87.1584 189.634 37.0494 33.8244 84.1388 158.222 183.219 13.4524 23.1601
internal_count=2030159 1071241 385847 958918 685394 563473 301195 395445 433405 247935 84652 362717 251989 179399 68536 227324 192727 119063 194948 70688 57831 173780 378205 73871 67451 167769 315538 365408 26821 46178
is_linear=0
shrinkage=0.03


Tree=7
num_leaves=31
num_cat=0
split_feature=29 11 9 29 11 11 11 20 36 20 44 16 29 47 28 3 30 33 45 38 25 20 21 17 30 36 12 20 21 21
split_gain=0.241685 0.11515 0.0667218 0.0373521 0.024182 0.0231393 0.0160505 0.0130724 0.0127975 0.0115125 0.0100794 0.00958044 0.0066403 0.00567585 0.00507512 0.00491645 0.0052856 0.00440394 0.00431929 0.00400203 0.00386084 0.00372316 0.00361769 0.00360756 0.00345567 0.00277375 0.00267262 0.00245585 0.00214662 0.00210143
threshold=-0.32233304826831971 0.1862414770079128 0.87151947467444313 -0.44122808836361821 -0.60419793283688883 1.727602214055562 -0.2505165079531822 0.71276879125724635 -1.4365421527250468 0.12230378750745209 -0.78132412996641565 -0.053780678449765945 -0.059885219197784542 -0.40303433441570952 0.54520146868229535 -0.038456362223528079 1.2393233601958682 0.4960948264677878 -0.08585417561350657 0.22801584197207977 0.41385821072635309 0.2822491853364556 -0.79608175548667004 0.18371024654138499 1.5101530285574756 -0.56308759382914964 0.42906693263632439 0.74954776139478974 0.075237188453735601 2.1648651153251874
decision_type=2 2 2 2 2 2 2 2 2 2 2 2 2 2 2 2 2 2 2 2 2 2 2 2 2 2 2 2 2 2
left_child=3 4 5 8 11 15 26 12 -1 19 21 14 25 -9 17 -3 -17 -2 27 -4 -11 -8 -14 -7 29 -6 -5 -12 -23 -10
right_child=1 2 9 6 7 23 10 13 24 20 18 -13 22 -15 -16 16 -18 -19 -20 -21 -22 28 -24 -25 -26 -27 -28 -29 -30 -31
leaf_value=0 0.00024211883740597739 -0.00050724065421836129 -0.00062334056951102569 0.00052501801894416918 -0.00040531852309125304 -0.0020870391458135819 0 0.00046423111060603839 0.00088548409465837854 0.00093536723228118451 -0.00047284519951231379 -0.00016349653165022114 0 -0.00010005158224833916 0 -0.0012488018609810099 -0.00010669509315143068 0.00083598199613812887 3.8924350660619623e-05 0 0 0 -0.00070169358625500697 0 0 0 0 0 0.0010316443028461476 0.0021511500532633257
leaf_weight=13.604552906181196 55.839209127647337 33.892483145173173 17.870026260905437 130.54900444386294 29.930378698627464 35.527723055740353 19.142107396153733 22.481761148956139 168.77840031980304 11.994756911590231 39.813796216447372 31.760393889911938 7.9087105015642001 42.223714433028363 19.998115739785135 80.468540247296914 9.9905763128190284 29.069609948375728 24.152837046072818 10.729832789918872 6.1881388035253613 6.2680900585837689 70.605038112087641 2.9443587929126798 3.0746198292472391 50.791662645235192 15.088492001697885 12.120230905362403 10.81815593066858 4.7928668912500134
leaf_count=27131 111338 67576 35630 260355 59682 70837 38171 44824 336614 23915 79395 63326 15768 84188 39875 160441 19920 57962 48163 21389 12338 12500 140777 5871 6134 101277 30091 24168 21568 9554
internal_value=7.48987e-07 -0.000406026 -0.000966433 0.000524951 -7.19656e-05 -0.00125346 0.000272355 -0.000270178 0.000851667 0 0 0.000230871 -0.000418977 4.96431e-05 0.000378862 -0.00100318 -0.00115583 0.000480767 -0.00019322 -0.00034182 0.000621333 0.000414715 -0.000633488 -0.00198444 0.000920001 -0.00017317 0.000480177 -0.000358949 0.000748855 0.000937717
internal_weight=1018.42 570.215 209.606 448.203 360.609 162.824 257.953 223.941 190.25 46.7828 112.315 136.667 159.236 64.7055 104.907 124.352 90.4591 84.9088 76.0869 28.5999 18.1829 36.2284 78.5137 38.4721 176.646 80.722 145.637 51.934 17.0862 173.571
internal_count=2030778 1136934 417917 893844 719017 324645 514411 446516 379433 93272 223965 272501 317504 129012 209175 247937 180361 169300 151726 57019 36253 72239 156545 76708 352302 160959 290446 103563 34068 346168
is_linear=0
shrinkage=0.03


Tree=8
num_leaves=31
num_cat=0
split_feature=29 17 11 29 16 47 11 47 36 20 16 20 21 21 20 21 11 36 11 9 0 21 7 30 44 11 32 30 33 36
split_gain=0.230705 0.102109 0.0414751 0.0374908 0.0228478 0.0236736 0.018171 0.0129912 0.0128213 0.0113833 0.0107669 0.010531 0.0104869 0.00670621 0.00658136 0.00719143 0.00621885 0.00545024 0.00473775 0.00449668 0.00386759 0.00364674 0.00430518 0.00338444 0.00310158 0.00375516 0.0025819 0.00251895 0.00239166 0.00232532
threshold=-0.30722559081589479 -0.085568730815790431 0.60831911526041205 -0.43506961727633148 -0.47880936118301531 -0.55960242473990307 -0.38854545805040713 -0.37548068012304969 -1.354779256210352 0.59612156296468088 0.31275213293941612 0.016554153620629057 -0.80326251116066349 0.094446081896587708 1.0089530243225606 -0.75380793703309634 2.1249754874198681 -1.2682364334865051 -0.57334196596748555 0.87151947467444313 -0.92729270297871758 1.0496623843572623 -0.14145286236279367 1.5428466899444906 -0.35960041699144435 0.14237017518314585 1.4727384774015837 -1.7692715754396835 -1.9397412829994083 -1.3946958895789836
decision_type=2 2 2 2 2 2 2 2 2 2 2 2 2 2 2 2 2 2 2 2 2 2 2 2 2 2 2 2 2 2
left_child=3 2 14 8 12 11 27 -4 -1 17 18 -6 28 -13 15 -2 23 -8 -7 -12 -17 -11 -23 -9 -10 -26 -18 -5 -3 -29
right_child=1 4 7 6 5 10 9 16 24 21 19 13 -14 -15 -16 20 26 -19 -20 -21 -22 22 -24 -25 25 -27 -28 29 -30 -31
leaf_value=0 0 0 0 0 -0.00015576781723921604 4.7432953992111886e-05 -0.00062551241000204929 -0.0012717155423550104 0.001030932635824031 0.00014189341101392873 -0.00089936250289961292 0 9.1746283291629259e-06 0.00085101946516060313 0 0 -0.0022023151078013553 -2.7175987992352e-05 -0.00035722515452891687 -0.00019732263480351682 -0.00081539190494690327 0.0012601506007664455 0 0 0.00071727162142706889 0 0 0 0.00083913511814289084 0.00055955413326452851
leaf_weight=18.983839900698513 12.918624028272459 4.5301052355789571 4.7500617773039258 11.169679564889519 36.166412860562559 30.814929473213851 22.017404450161848 58.184325406153221 104.24082049692515 37.248893557582051 55.024046016857028 17.996241429122165 59.001954298699275 22.815911629120819 25.819102724490222 6.9878945572418152 24.514233635680288 70.940352895646356 50.991596374311484 24.150098418118432 77.984466343768872 8.1172039884258975 0.95605445030378078 2.6365173915983169 68.11669311352307 15.042911661555989 1.3822962674894359 6.2160537996096528 28.344259976758622 110.12198617018294
leaf_count=37859 25758 9032 9467 22271 72111 61442 43908 116012 207890 74277 109709 35885 117645 45495 51473 13928 48876 141463 101670 48152 155499 16182 1906 5257 135868 29993 2756 12398 56513 219619
internal_value=-3.59172e-06 -0.000427275 -0.000937161 0.000478078 -8.55402e-05 -0.000247731 0.000227151 -0.00144255 0.00078791 0 -0.000459718 0.000156615 0.00030188 0.000506946 -0.000539242 -0.000654206 -0.00152636 -0.000201167 -0.000168126 -0.000723114 -0.000754469 0.00037411 0.0009968 -0.00122355 0.000863287 0.000617068 -0.00212169 0.000486021 0.000735962 0.00052762
internal_weight=1018.18 545.013 215.178 473.172 329.836 237.959 266.788 91.4674 206.384 139.28 160.981 76.9786 91.8763 40.8122 123.71 97.891 86.7174 92.9578 81.8065 79.1741 84.9724 46.3222 9.07326 60.8208 187.4 83.1596 25.8965 127.508 32.8744 116.338
internal_count=2030314 1086680 429026 943634 657654 474464 532024 182368 411610 277736 320973 153491 183190 81380 246658 195185 172901 185371 163112 157861 169427 92365 18088 121269 373751 165861 51632 254288 65545 232017
is_linear=0
shrinkage=0.03


Tree=9
num_leaves=31
num_cat=0
split_feature=29 17 11 36 3 29 16 47 11 9 49 16 11 44 3 36 20 21 4 21 21 33 33 47 46 20 28 30 29 4
split_gain=0.212762 0.102733 0.0402159 0.0311526 0.0232219 0.0220355 0.0154368 0.0123037 0.0121019 0.00874746 0.00869747 0.00722327 0.00640216 0.00862422 0.00634589 0.00630497 0.00607652 0.00525003 0.00660115 0.00430813 0.00384123 0.00316556 0.0031003 0.00287433 0.00273899 0.00273522 0.00258707 0.00254926 0.00245009 0.00233976
threshold=-0.32233304826831971 -0.085568730815790431 0.70957098132311835 -1.1300207017395032 0.5460089301403056 -0.45924310508409133 -0.08779946642767196 -0.37548068012304969 -0.68995492830934013 0.72586482047953382 -0.39537736400207441 -0.071285120122676723 -0.56739767934097818 -0.46503134523518719 -0.29210021298597894 -1.5871515480272047 0.63503712493043551 0.48893107180940953 -0.99240221106092552 -0.18414786024644211 -0.80326251116066349 -1.9397412829994083 -0.9385985501396622 -0.38508019043125569 0.51899230173848276 0.10742876225016808 0.68420395350488883 -2.0934452641906209 -0.40797521011895882 0.70483684353117082
decision_type=2 2 2 2 2 2 2 2 2 2 2 2 2 2 2 2 2 2 2 2 2 2 2 2 2 2 2 2 2 2
left_child=3 2 11 15 8 -5 20 -4 21 -8 23 16 27 22 -13 -1 19 24 -19 -2 -6 -3 -14 -10 -9 -12 -23 -7 -17 -22
right_child=1 4 7 5 6 12 9 17 10 -11 25 14 13 -15 -16 28 -18 18 -20 -21 29 26 -24 -25 -26 -27 -28 -29 -30 -31
leaf_value=-0.00050454138674930246 -0.0001414981871988735 0 0 0.00095880105316788547 0.00039950283682296025 0 -0.00093323681422588251 -0.0011826716901028518 0.00045179221412290491 -2.9832220848917846e-05 -0.00031830178639139466 0 0 2.9654436549818156e-05 -0.0010888576502891562 0.0002980114678797582 0 0 -0.0021142173436928947 -0.00078806305890583505 0 0.0006321575948629362 0.00060857995919236642 0 0 0 0 0.00067248067542700506 -2.6253652446005013e-05 -0.00041004865265876464
leaf_weight=20.183190204959828 34.796268796897493 8.2769368148292397 4.6171111462754189 123.56822503037984 15.000230789184569 6.0566721038194364 45.528203015797772 45.032539350271691 34.679202734550927 21.382851959730033 57.224217793380376 9.4540597611339745 6.5055414588423437 85.804720722080674 33.403347808285616 31.04905060492456 29.31208828202216 4.0586405732319681 29.713850666128565 29.197978940734174 20.552756356657483 49.323809550318401 56.11069538682932 23.730919331777841 3.7093289689510121 44.103622560680378 7.7551283393986514 95.184199005481787 24.328592862817459 18.846296591102146
leaf_count=40250 69383 16505 9202 246445 29907 12077 90769 89787 69147 42635 114106 18843 12972 171109 66604 61922 58440 8092 59247 58220 40977 98347 111889 47313 7395 87946 15464 189836 48517 37576
internal_value=6.02585e-06 -0.000375832 -0.000878375 0.000497444 -4.32268e-05 0.000610394 -0.000384184 -0.00140337 0.000127198 -0.00068937 0 -0.000520396 0.000425936 0.000263498 -0.000889275 -2.07647e-05 -0.000318811 -0.0014879 -0.00193825 -0.000483379 0 0.000471567 0.00053603 0.000277307 -0.00111431 -0.000181447 0.000551848 0.00063444 0.000101381 -0.000164259
internal_weight=1018.49 569.699 223.295 448.791 346.404 373.23 121.31 87.1315 225.094 66.9111 159.738 136.164 249.662 148.421 42.8574 75.5608 93.3063 82.5144 33.7725 63.9942 54.3993 65.3559 62.6162 58.4101 48.7419 101.328 57.0789 101.241 55.3776 39.3991
internal_count=2030922 1135905 445213 895017 690692 744328 241864 173723 448828 133404 318512 271490 497883 295970 85447 150689 186043 164521 67339 127603 108460 130316 124861 116460 97182 202052 113811 201913 110439 78553
is_linear=0
shrinkage=0.03


Tree=10
num_leaves=31
num_cat=0
split_feature=29 11 9 36 11 29 11 20 20 16 7 11 21 28 11 44 21 20 21 29 21 33 30 47 16 17 30 30 29 22
split_gain=0.204765 0.101332 0.052667 0.0297035 0.0225155 0.0208771 0.0149193 0.0119536 0.00992671 0.00811035 0.00785586 0.00661306 0.00557098 0.0053875 0.00501477 0.00479421 0.00460194 0.00448085 0.00429781 0.00415902 0.00414522 0.00385853 0.00370297 0.00365033 0.00361117 0.00296268 0.00277916 0.00263244 0.00260004 0.00179554
threshold=-0.32469808567411179 0.23267469070134952 0.87151947467444313 -1.0902381291287175 -0.63391408685163975 -0.43664838942726897 1.727602214055562 0.25327558225856917 0.10742876225016808 -0.053780678449765945 0.15200056825416117 0.90447124409467994 -0.79608175548667004 0.5135073672163929 -0.32065574670470415 -0.78132412996641565 -0.22407283373118198 1.5451482873994067 0.89344462391419799 0.0076639162804534094 1.4344038696640979 0.50751513186650821 1.2393233601958682 -0.43035876138120027 1.6613089362897349 0.24912356356909029 1.2560232940198732 1.5101530285574756 -0.40960119531878852 -0.20545898771533863
decision_type=2 2 2 2 2 2 2 2 2 2 2 2 2 2 2 2 2 2 2 2 2 2 2 2 2 2 2 2 2 2
left_child=3 4 6 11 9 27 17 12 24 13 18 28 -6 21 -7 -16 -12 22 -9 -14 -13 -2 -3 29 -4 26 -8 -5 -1 -10
right_child=1 2 8 5 7 14 25 10 23 -11 16 20 19 -15 15 -17 -18 -19 -20 -21 -22 -23 -24 -25 -26 -27 -28 -29 -30 -31
leaf_value=0.00029345797752305779 0.00024633724534483398 -0.0010529217615480547 -0.00061361693428347024 0.00086998103744389274 0 0.00050270836139214205 -0.0020596168123742458 1.5488320519343683e-05 0 -0.00013453404222985265 0 -0.00074097706360871918 -0.00027044567965969773 0 0.00042901078804510022 0 -0.0005238815664794454 0 0.00075526173220418857 -0.00074140091627397089 0 0.00083698742502699979 -8.988202910110685e-05 0 0 0 -0.0003679334392833344 0 -2.8722739133927282e-05 0.0011043879267619277
leaf_weight=34.645173570781481 52.365720622707158 102.72580653859768 18.375459678471092 168.22908204066334 18.920002585393377 111.22150468936889 30.120141807128675 37.303416456968989 2.786699307267555 28.603276157111395 25.846770669799298 16.425579763425052 68.869209103868343 19.653973883017898 30.945693987247068 51.798369479656685 27.797559198981617 4.0357953603961496 13.046528535196556 53.438685795117635 1.5732446121401142 27.444637701730244 10.944398413063025 6.3357113435049532 8.7814391089486872 2.7132369967875993 5.6026568958186536 2.7526725124916984 26.821360227419063 8.3354684787918814
leaf_count=69097 104412 204819 36638 335515 37724 221808 60056 74377 5557 57031 51537 32753 137326 39189 61705 103291 55427 8046 26008 106550 3137 54722 21822 12632 17504 5410 11170 5492 53489 16618
internal_value=0 -0.000373024 -0.000917892 0.00048471 -7.19557e-05 0.000599457 -0.00117764 -0.000246463 0 0.000238764 0 -4.51935e-06 -0.000426205 0.000376276 0.000358831 0.000129179 -0.000254968 -0.000951696 0.000266759 -0.000500743 -0.000542016 0.000487035 -0.00098659 0.000549179 -0.000367554 -0.00179151 -0.00187828 0.000854883 0.000104065 0.000876804
internal_weight=1018.46 574.047 200.757 444.413 373.29 364.947 156.142 245.222 44.6148 128.068 103.994 79.4654 141.228 99.4643 193.966 82.7441 53.6443 117.706 50.3499 122.308 17.9988 79.8104 113.67 17.4579 27.1569 38.436 35.7228 170.982 61.4665 11.1222
internal_count=2030862 1144575 400272 886287 744303 727811 311323 488949 88949 255354 207349 158476 281600 198323 386804 164996 106964 234687 100385 243876 35890 159134 226641 34807 54142 76636 71226 341007 122586 22175
is_linear=0
shrinkage=0.03


Tree=11
num_leaves=31
num_cat=0
split_feature=29 17 11 29 3 11 47 16 8 36 44 47 30 25 20 21 20 11 29 28 11 0 21 45 11 21 34 18 9 9
split_gain=0.193385 0.0864207 0.0338654 0.0322056 0.0194355 0.0168271 0.0120239 0.0108182 0.00990111 0.0098245 0.00976732 0.00825528 0.00599361 0.00686032 0.00593549 0.00512592 0.00496675 0.00447813 0.00419293 0.00415798 0.00353881 0.00313485 0.0029181 0.00272953 0.00269176 0.00578596 0.00264688 0.00237582 0.00215902 0.00195644
threshold=-0.30197037200103011 -0.085568730815790431 0.48506454615733774 -0.43506961727633148 0.5460089301403056 -0.2505165079531822 -0.31406656918958881 -0.08779946642767196 0.26639244390481293 -1.5475485918980068 -0.35960041699144435 -0.70382306356859303 0.95213419766686191 0.75847920268927671 1.0089530243225606 -0.75380793703309634 0.67315682056768222 0.66679956902475068 -0.50025015184359145 0.019679053893053747 -0.32065574670470415 -0.94673995705214142 -0.79608175548667004 -0.069046218376304744 -0.46599205897276835 1.0775082272588639 -0.78656210978365371 0.68066209416025747 1.3084832636253341 1.3084832636253341
decision_type=2 2 2 2 2 2 2 2 2 2 2 2 2 2 2 2 2 2 2 2 2 2 2 2 2 2 2 2 2 2
left_child=3 2 14 9 8 26 -4 22 24 -1 16 -9 13 -8 15 -2 -7 -12 -11 -20 -10 -17 -6 -14 -3 -26 -5 -19 -13 -22
right_child=1 4 6 5 7 10 12 11 20 18 17 28 23 -15 -16 21 -18 27 19 -21 29 -23 -24 -25 25 -27 -28 -29 -30 -31
leaf_value=0 0 0.00044748409743472641 0 0 0.00029095614943363185 0 -0.00099630779708040156 0 1.4929067984354385e-05 0.0011514483824323375 -4.4846511306248355e-05 -0.00087709804026400121 -0.00081934195319163002 -0.001934605486490837 0 0 0.00067727611349336508 -0.00076368405960946682 0.00077308488106815967 0.00028955434199360002 -0.00040657808972400004 -0.00072565055690579773 -0.00019903635618706488 0 -9.3323147483354404e-06 0.00072672169948626627 0.00047188520310655459 0 0 0
leaf_weight=9.7290658690035325 12.197873132303355 55.622173087031115 5.9244825064088209 23.643614838190842 13.946031908155417 32.709766706509981 31.712801109883003 7.7752948636189094 45.954464611189906 41.874009547987953 48.13057589600794 48.135812074004207 19.362598454288676 38.900587801705115 23.459695871861186 6.2915908917784682 16.865452023979742 20.163812105485707 108.36298749840353 46.190535286150407 38.108199834357947 71.314872052636929 36.5149146419717 3.778277472651097 47.706425435957499 10.404200877121182 130.08020591409877 3.2790778124472117 8.1644228047225607 12.57738977455301
leaf_count=19402 24321 110904 11808 47158 27805 65225 63228 15503 91638 83510 95979 95969 38606 77565 46769 12540 33627 40209 216119 92125 75990 142201 72802 7533 95119 20745 259408 6538 16278 25077
internal_value=-5.31696e-07 -0.000394327 -0.00086552 0.000433545 -7.62771e-05 0.000205454 -0.00128746 -0.000395574 8.33023e-05 0.000723111 -3.67503e-05 -0.000656999 -0.0013703 -0.0015557 -0.000467698 -0.00057911 0.000256677 -0.000281907 0.000770586 0.000647986 -0.000118804 -0.000668973 -4.16385e-06 -0.000674948 0.000281412 7.08261e-05 0.000415849 -0.000640645 -0.000789447 -0.000299243
internal_weight=1018.88 537.852 212.943 481.029 324.909 274.873 99.6787 114.536 210.373 206.157 121.149 64.0755 93.7543 70.6134 113.264 89.8043 49.5752 71.5735 196.428 154.554 96.6401 77.6065 50.4609 23.1409 113.733 58.1106 153.724 23.4429 56.3002 50.6856
internal_count=2031701 1072401 424571 959300 647830 548144 198740 228357 419473 411156 241578 127750 186932 140793 225831 179062 98852 142726 391754 308244 192705 154741 100607 46139 226768 115864 306566 46747 112247 101067
is_linear=0
shrinkage=0.03


Tree=12
num_leaves=31
num_cat=0
split_feature=29 17 11 36 16 47 29 47 3 20 16 21 20 21 9 34 36 21 21 16 20 46 11 44 4 33 3 11 29 30
split_gain=0.178558 0.085638 0.037279 0.0256259 0.0194137 0.0206368 0.0190504 0.0112478 0.0103268 0.00953525 0.00869488 0.00866988 0.00801637 0.00637407 0.00635173 0.00529037 0.00468496 0.00402916 0.00371626 0.00307483 0.00299214 0.00279896 0.002711 0.00350835 0.00241361 0.00216937 0.00200144 0.00194385 0.00183005 0.00181669
threshold=-0.32700367141702874 -0.041377067748857042 0.95986627347661702 -1.1166810473508861 -0.47880936118301531 -0.54959252281805593 -0.44594489869177839 -0.42170666172227012 0.41185059265878088 0.046695818453698072 0.15437267552638292 -0.79608175548667004 0.68653150525408579 -0.76062550275686902 0.58021016628462441 -0.73873068539822195 -1.5871515480272047 0.1048015741230455 -0.69955464737780426 0.286602257523971 1.6403058918767413 0.45600944813372551 -0.46599205897276835 -0.35960041699144435 0.80647037326346804 -1.5918329333075196 -1.4702334732294065 -0.14120225589468513 -0.39609714428211146 -2.0934452641906209
decision_type=2 2 2 2 2 2 2 2 2 2 2 2 2 2 2 2 2 2 2 2 2 2 2 2 2 2 2 2 2 2
left_child=3 2 10 16 11 9 -5 -4 19 -6 12 25 13 -2 26 -8 27 -11 -10 -7 21 -9 29 -24 -13 -3 -12 -1 -18 -17
right_child=1 4 7 6 5 8 15 20 18 17 14 24 -14 -15 -16 22 28 -19 -20 -21 -22 -23 23 -25 -26 -27 -28 -29 -30 -31
leaf_value=0 0 0 0 0.00083031371792889543 -9.9655446363393859e-05 2.4939914375955712e-05 0 -0.0015676986650326368 0 3.676410975008565e-06 0 0.00019093768407052033 0 -0.0006143961698154266 0 0 0.00023901679627686236 0.00077342040746495981 -0.00071049733104741445 -0.00029992158309751122 0 -9.4688810316721219e-05 0.00043705145879287217 3.6823256755424527e-07 -0.00020596378797736663 0.00082802822414169898 -0.0011216544025462751 -0.00061338347968849303 -3.5137928974359364e-05 0.00060838571368575841
leaf_weight=5.0111274017253917 13.346600240853148 7.363250858266837 3.6663151640095739 152.63111794448923 39.792373378004413 41.466635690361727 33.596685268974397 62.648404480714817 12.790777047339359 19.585760415182449 1.1252347205299873 44.95577975694323 37.553862338420004 72.255491736985277 3.9830660301959133 4.8146518268040372 35.820302349166013 24.103307181212585 71.793071242398582 38.128996442712378 1.3989265639102075 5.6915960882906793 45.873423913668375 49.058987132681068 15.012113109987693 28.05078324227361 33.499449087306857 14.752846253802998 19.92770290694898 79.12603638577275
leaf_count=9995 26612 14681 7307 304408 79341 82686 67006 124912 25502 39055 2242 89639 74872 144075 7938 9600 71438 48062 143137 76028 2789 11348 91473 97830 29933 55928 66794 29419 39740 157800
internal_value=0 -0.000346993 -0.000788632 0.000454663 -3.54866e-05 -0.000183327 0.000559124 -0.00137452 -0.000384649 0.000176668 -0.00050422 0.000316932 -0.000341037 -0.00050161 -0.000947059 0.00035019 -1.06747e-05 0.000497012 -0.00062364 -9.29892e-05 -0.00146075 -0.00148892 0.000415073 0.000242985 4.15522e-05 0.00069853 -0.00107944 -0.00043855 8.72038e-05 0.000573955
internal_weight=1018.82 578.212 235.169 440.613 343.043 247.661 365.101 73.4052 164.179 83.4814 161.764 95.3819 123.156 85.6021 38.6077 212.47 75.512 43.6891 84.5838 79.5956 69.7389 68.34 178.873 94.9324 59.9679 35.414 34.6247 19.764 55.748 83.9407
internal_count=2031590 1152881 468889 878709 683992 493811 728117 146356 327353 166458 322533 190181 245559 170687 76974 423709 150592 87117 168639 158714 139049 136260 356703 189303 119572 70609 69036 39414 111178 167400
is_linear=0
shrinkage=0.03


Tree=13
num_leaves=31
num_cat=0
split_feature=29 11 9 29 36 11 11 44 36 20 21 20 8 41 20 16 18 21 28 16 20 21 34 47 33 17 47 3 30 20
split_gain=0.164625 0.075837 0.0497993 0.0324122 0.0166914 0.0161341 0.0154555 0.0106485 0.00998237 0.00946401 0.00899596 0.00805735 0.00627448 0.0060912 0.00527343 0.00511718 0.00438698 0.00391708 0.00383553 0.00370059 0.00364881 0.00308015 0.00307076 0.00285077 0.00272707 0.00262631 0.00250217 0.00239145 0.00268652 0.00237275
threshold=-0.28800356645620168 0.10888517099600824 0.72586482047953382 -0.43664838942726897 -0.68672313378052185 -0.21282184725856626 1.954242659265063 -0.78132412996641565 -1.5737395564310981 0.48981474045153456 -0.79608175548667004 0.71276879125724635 0.51462693253752878 -0.26188441348884534 0.99694403228249417 -0.34460823017974007 1.010965023747356 0.80253702732771559 0.02965929834849625 -0.61580917822003678 0.2822491853364556 -0.027069683758233039 -0.7497530403405005 -0.70382306356859303 -1.9397412829994083 0.46622407367243884 -0.092603159146326705 -1.03128992997115 1.4563654321079855 1.4567073590939326
decision_type=2 2 2 2 2 2 2 2 2 2 2 2 2 2 2 2 2 2 2 2 2 2 2 2 2 2 2 2 2 2
left_child=3 4 6 8 19 22 13 20 -1 16 15 12 -12 21 25 24 -4 -11 -10 -2 -7 -3 -5 -21 -6 -9 -13 -8 -29 -15
right_child=1 2 9 5 10 7 27 14 18 17 11 26 -14 29 -16 -17 -18 -19 -20 23 -22 -23 -24 -25 -26 -27 -28 28 -30 -31
leaf_value=-5.0098476528813907e-05 0 -0.00066851181716886426 -0.00053100875736120145 0 0 0 0 -0.00049309752946049971 0.00084092520320050706 0 0 0.00042286904271174807 -0.00044350706214119447 -0.0005668502794439551 7.9663820855636568e-05 0 0 0.0010965930154399168 0.00039467672518775696 0 0.00061926805743880867 -0.0013560100775125443 0.00042894516787313571 -0.00064516672995729326 0.00072043093966063835 0 0 -0.0020301949434488624 0 0
leaf_weight=8.2593739124131371 14.322169763152486 34.296136192278937 24.130407778371591 32.567231521883514 5.9278873495059079 21.613403739698697 1.7708285283879401 54.805128902662545 139.30490942613687 7.9885337862069701 74.793310259236023 30.260976009478327 50.727384137862828 45.071559978008736 16.547345762490295 13.715198514517395 12.505201701947952 7.6399796303012408 54.411585344816558 6.3073319965624242 18.42180773144355 45.574735419009812 140.09682983579114 52.354723698750604 29.674437441397458 15.299918825912753 28.946723476459738 24.438242967531554 2.7007202550885259 3.8712520618573754
leaf_count=16471 28558 68381 48112 64956 11819 43098 3531 109288 277828 15929 149123 60334 101153 89864 32996 27346 24930 15231 108519 12576 36730 90869 279381 104389 59164 30510 57719 48726 5384 7718
internal_value=0 -0.000377691 -0.00081841 0.000385261 -6.64988e-05 0.000173494 -0.00108439 -6.39404e-05 0.000684271 0 4.54777e-05 -3.59396e-05 -0.000185753 -0.000895165 -0.000270083 0.000411273 -0.000279197 0.000601893 0.000731068 -0.00046669 0.000307302 -0.00109836 0.00036508 -0.000572494 0.000603046 -0.000395429 0.000230995 -0.00182376 -0.00190327 -0.000502267
internal_weight=1018.35 517.018 209.988 501.328 307.03 299.352 157.723 126.688 201.976 52.2641 234.046 184.728 125.521 128.814 86.6524 49.3175 36.6356 15.6285 193.716 72.9842 40.0352 79.8709 172.664 58.6621 35.6023 70.105 59.2077 28.9098 27.139 48.9428
internal_count=2030633 1030856 418675 999777 612181 596959 314473 252622 402818 104202 466658 368329 250276 256832 172794 98329 73042 31160 386347 145523 79828 159250 344337 116965 70983 139798 118053 57641 54110 97582
is_linear=0
shrinkage=0.03


Tree=14
num_leaves=31
num_cat=0
split_feature=29 11 9 36 36 29 11 20 21 49 41 11 44 29 16 25 36 30 38 33 29 1 16 33 30 47 30 17 29 20
split_gain=0.162846 0.0812632 0.0519686 0.0239702 0.0160049 0.015752 0.0154326 0.011151 0.00988235 0.00755061 0.00728281 0.00619184 0.00684952 0.00547785 0.00511596 0.00504579 0.0048922 0.00428266 0.00426861 0.00402601 0.00389518 0.00302309 0.0030103 0.00250214 0.00248555 0.00247781 0.00231415 0.00196876 0.00179633 0.00173261
threshold=-0.32233304826831971 0.11965801736926705 0.72586482047953382 -1.1166810473508861 -0.68672313378052185 -0.46229763635418492 2.2277874794303592 0.077040713805459196 -0.79608175548667004 -0.26781704643505289 -0.26188441348884534 -0.56739767934097818 -0.35960041699144435 -0.06661523173543045 -0.34460823017974007 0.41385821072635309 -1.5737395564310981 1.2393233601958682 0.19583053280712184 -1.5918329333075196 -0.038540309695238716 0.54726745008387268 -0.70703128161905815 -0.9385985501396622 1.4563654321079855 -0.51271932327494529 -2.0396787397807858 0.21700747160860931 -0.40960119531878852 1.4701684527116912
decision_type=2 2 2 2 2 2 2 2 2 2 2 2 2 2 2 2 2 2 2 2 2 2 2 2 2 2 2 2 2 2
left_child=3 4 6 16 20 -5 10 18 14 21 17 26 23 -11 19 -9 -1 -3 -4 -6 -2 -10 -22 -13 27 -24 -7 -8 -18 -12
right_child=1 2 7 5 8 11 24 15 9 13 29 12 -14 -15 -16 -17 28 -19 -20 -21 22 -23 25 -25 -26 -27 -28 -29 -30 -31
leaf_value=-0.00042837921631951812 -0.0001610327443217785 -0.0011787082952953974 -0.00063135562112209582 0.00083705574263176572 0 0 -0.0021112356231450784 0.00083572707927137904 0.00026727500940672174 0 -0.00055004205627949023 0 0 -0.00038885936464267367 0 0 0.00025867135259002866 -7.7572370294211874e-05 0 0.00076499420959020594 0 -4.9863819597527867e-05 0 0.00049416134885795393 0 -0.00092108729196660813 0.0006080735354748152 0 -2.4778470783074871e-06 0
leaf_weight=21.880996913008858 51.138498368789442 79.984750120376702 19.846164732181933 116.29753174312646 9.8349356161779706 6.9058449625736094 19.866238227405127 15.044885319948664 72.282223032729235 51.159236244566273 49.682922859676182 7.52492309216177 80.42877067840891 61.540717677795328 15.600308077468069 7.6610873654717571 30.427278750692494 9.5289047068217752 14.384853502735494 30.934249959012959 4.2252916177385478 21.117406827921513 3.6483297988306758 63.046674609475303 2.4693986410857169 24.845304839196615 97.00279873929685 1.3691543110762712 24.727126689162105 4.0251809277106068
leaf_count=43636 101971 159477 39572 231944 19609 13770 39610 29996 144113 102018 99059 15005 160389 122711 31105 15275 60682 19000 28676 61677 8425 42102 7274 125720 4923 49536 193464 2730 49312 8025
internal_value=0 -0.000339197 -0.000785505 0.000424985 -4.20443e-05 0.000525476 -0.00105246 0 6.34499e-05 -1.91184e-05 -0.000893139 0.000371555 0.000214988 -0.000197041 0.000418559 0.000512623 -2.0302e-05 -0.001095 -0.000344779 0.000595958 -0.00040801 0.000163451 -0.000702337 0.000431564 -0.0018885 -0.000813332 0.000570207 -0.00202151 8.71988e-05 -0.000500837
internal_weight=1018.43 570.19 223.864 448.242 346.327 371.207 166.927 56.937 262.469 206.1 143.222 254.909 151 112.7 56.3695 22.706 77.0354 89.5137 34.231 40.7692 83.8574 93.3996 32.7189 70.5716 23.7048 28.4936 103.909 21.2354 55.1544 53.7081
internal_count=2030806 1136884 446343 893922 690541 740292 332824 113519 523335 410944 285561 508348 301114 224729 112391 45271 153630 178477 68248 81286 167206 186215 65235 140725 47263 56810 207234 42340 109994 107084
is_linear=0
shrinkage=0.03


Tree=15
num_leaves=31
num_cat=0
split_feature=29 17 25 11 47 36 29 29 22 21 39 21 21 16 11 44 36 7 3 21 47 22 3 17 16 33 9 20 30 47
split_gain=0.152274 0.0842796 0.0309889 0.0242386 0.0199508 0.0192835 0.0119407 0.0115982 0.010926 0.0102283 0.00843311 0.00792191 0.00681586 0.00526158 0.00477463 0.00471642 0.00454468 0.00450786 0.0038166 0.00373962 0.00343292 0.00549891 0.00293235 0.00284957 0.00282107 0.00276561 0.00264498 0.00333396 0.00262894 0.00242686
threshold=-0.36011929245857172 -0.3102874997884531 0.71158051048596715 -0.49833593052580721 -0.84753965619001148 -1.3255977501250291 -0.46997018958596354 -1.0000000180025095e-35 0.016929588184151186 0.34330076366471129 -0.1919881940777611 0.94300491305065914 0.028435016084425332 0.02027154168620136 -0.71430551898482253 -0.46503134523518719 1.0306745772664361 -0.7283596798687384 -1.3024560197736215 -0.13595592137180321 1.5091671783065908 -0.34869781481281925 0.77968859683134217 -0.53340642446472375 -0.178285788231584 -0.79211002736510372 0.58021016628462441 0.74954776139478974 -2.3653004560663891 1.0274348540898595
decision_type=2 2 2 2 2 2 2 2 2 2 2 2 2 2 2 2 2 2 2 2 2 2 2 2 2 2 2 2 2 2
left_child=5 2 10 8 11 23 -7 24 13 20 12 -5 29 19 28 25 -9 -14 -11 -3 -4 -22 -10 -1 -6 -16 -12 -28 -8 -2
right_child=1 3 9 4 7 6 14 16 22 18 26 -13 17 -15 15 -17 -18 -19 -20 -21 21 -23 -24 -25 -26 -27 27 -29 -30 -31
leaf_value=-0.00039141599034466889 -0.00041415766720066615 0.00069382896663392 -0.0011980700435399556 0 0 0.00084614592905427066 0 -0.00074062238905147303 9.8764024518881546e-05 0 -0.00022920746610191004 0.00096532103611350465 -0.00010514915425435666 0 0 0.00010274853810929715 -2.1704647301160871e-06 -0.0011722303752300684 -0.0019026613583726353 0 -0.00099981511012075326 0 -0.00028634120637293221 4.2481900463974336e-05 -0.00025914215894969018 0.00055242093734593478 0 0.001026199749563917 0.00069593223750264788 0
leaf_weight=17.710392963665072 23.411611406423617 54.601395517995115 28.108643529121764 36.538091923401225 48.070374337665271 104.80313554842724 2.4540815666550762 74.030372655775864 77.998413066670764 1.7818827166338476 27.537440015526954 11.776557807577772 11.754678299534133 14.457998425699769 7.8305877263774155 94.619908538938034 17.668482675566338 27.943039805802982 28.530738191737328 7.8002523397444739 9.0412662324379216 15.653956773690878 22.908432810334489 24.918368332844693 73.275027680268977 62.242235377896577 7.9701025834074226 3.736002994060982 65.271751568827312 14.192389763367826
leaf_count=35316 46680 108874 56049 72855 95849 209018 4894 147602 155523 3553 54900 23481 23432 28831 15615 188695 35229 55714 56893 15557 18027 31214 45673 49698 146108 124120 15885 7442 130187 28302
internal_value=0 -0.000284519 -0.00079653 -4.48862e-05 -0.000234311 0.000473979 0.000551313 -0.000365499 0.000216736 -0.00126016 -0.00044014 0.000282075 -0.000624704 0.000486402 0.000405458 0.000283744 -0.000631054 -0.000931834 -0.00181494 0.000606043 -0.000884875 -0.000406908 0 -6.74087e-05 -0.000140101 0.00048533 -1.42876e-07 0.000282432 0.000657143 -0.000220694
internal_weight=1018.64 638.787 199.662 439.125 261.359 379.85 337.222 213.044 177.766 83.1165 116.545 48.3146 77.3017 76.8596 232.419 164.693 91.6989 39.6977 30.3126 62.4016 52.8039 24.6952 100.907 42.6288 121.345 70.0728 39.2435 11.7061 67.7258 37.604
internal_count=2031216 1273673 398091 875582 521124 757543 672529 424788 354458 165736 232355 96336 154128 153262 463511 328430 182831 79146 60446 124431 105290 49241 201196 85014 241957 139735 78227 23327 135081 74982
is_linear=0
shrinkage=0.03


Tree=16
num_leaves=31
num_cat=0
split_feature=29 11 9 36 11 29 47 29 11 16 20 11 11 7 47 21 30 27 22 21 20 21 30 41 20 38 17 26 32 3
split_gain=0.146913 0.0680516 0.0400544 0.024447 0.0189662 0.0163493 0.0124388 0.00803449 0.00765429 0.00717977 0.00656937 0.00645668 0.00626524 0.00625571 0.00537779 0.00504199 0.00484249 0.00445478 0.00430887 0.00466847 0.00368211 0.00365556 0.00361034 0.00268759 0.00238165 0.00217093 0.00204257 0.00198512 0.0019239 0.00192058
threshold=-0.30197037200103011 0.47014033353548246 0.72586482047953382 -1.1166810473508861 -0.49833593052580721 -0.46997018958596354 -0.8162555532170247 1.0000000180025095e-35 -0.7205485156926944 -0.053780678449765945 0.18185459342080179 2.2277874794303592 0.93231074505775513 1.5214497070694482 -0.51271932327494529 1.9691445767909197 1.0469338957408463 -0.12986809993712883 0.12413078612858096 -0.19265417061980306 0.53028381376340894 1.4344038696640979 -1.8109472540515603 -0.32434442343383646 1.4985520913617061 0.23687325425059189 -0.53340642446472375 0.82767830521627805 1.3347758836896713 0.33144970171754778
decision_type=2 2 2 2 2 2 2 2 2 2 2 2 2 2 2 2 2 2 2 2 2 2 2 2 2 2 2 2 2 2
left_child=3 4 11 12 9 -5 20 23 22 18 -10 16 -1 -9 17 -12 24 -4 19 -2 -6 26 -7 -8 -3 -16 -14 -24 -13 -11
right_child=1 2 14 5 6 8 7 13 10 29 15 28 21 -15 25 -17 -18 -19 -20 -21 -22 -23 27 -25 -26 -27 -28 -29 -30 -31
leaf_value=4.07309272071233e-05 0.00048737136907412587 -0.0011283276583753312 0 0.00083142193391889149 0 0 -0.00031338631851891944 -0.00067705425776143293 3.6749433578857811e-05 0 0.00031241216648350681 -0.0018859390567788159 -0.00096549672662215333 0 -0.00051053497411671187 0.0014433897508017743 -0.00020090273235557447 0.0009305548260790913 0 0 0.00052174494514704807 0 0.00071239267362613226 0 0 0 0 0 0 -0.0003775936795955308
leaf_weight=64.492983822477981 63.602711017127149 72.70011589321075 7.2575459783547558 99.352102183969691 15.148482564953158 8.5651720023597573 53.516015352390241 90.094557400676422 111.55428845010465 19.939815366349649 95.107674839382526 21.463367769843902 11.749284294724934 5.9290553220198481 15.928197141271086 5.7061015714425585 15.461553059285505 7.6813514485256729 38.355885781522375 14.62440513668116 16.253276807779912 1.6789689066936251 72.352933787973598 47.081476532155648 3.950915244058705 5.003173853212501 5.7696477213758053 4.3928540637716642 1.5422060672426585 22.211550364387222
leaf_count=128620 126821 144954 14469 198147 30204 17078 106708 179631 222466 39760 189653 42794 23428 11822 31759 11376 30828 15313 76470 29164 32407 3348 144305 93875 7877 9973 11505 8762 3075 44284
internal_value=-2.22312e-06 -0.000345812 -0.000889365 0.000375882 -0.000125854 0.000475131 -0.00030485 -0.000398829 0.000346139 0.000112375 0.000226251 -0.00116214 -5.91134e-05 -0.000609479 0 0.000406184 -0.000970055 0.000420558 0.000245526 0.000373382 0.000188056 -0.000550795 0.000609416 -0.000167934 -0.00108606 -0.000324036 -0.000721282 0.000674666 -0.00180085 -0.000184724
internal_weight=1018.47 537.746 150.988 480.722 386.757 397.031 228.023 196.621 297.679 158.734 212.368 115.118 83.6909 96.0236 35.8703 100.814 92.1126 14.9389 116.583 78.2271 31.4018 19.1979 85.311 100.597 76.651 20.9314 17.5189 76.7458 23.0056 42.1514
internal_count=2030876 1072188 301042 958688 771146 791787 454647 392036 593640 316499 423495 229528 166901 191453 71514 201029 183659 29782 232455 155985 62611 38281 170145 200583 152831 41732 34933 153067 45869 84044
is_linear=0
shrinkage=0.03


Tree=17
num_leaves=31
num_cat=0
split_feature=29 17 25 29 3 36 44 21 11 3 21 16 8 9 9 30 21 11 16 47 21 20 25 21 20 17 20 47 36 21
split_gain=0.138022 0.0649742 0.0283148 0.0258867 0.0134945 0.0118078 0.0110853 0.0110793 0.0108246 0.00908442 0.0111804 0.00753603 0.00674695 0.00645252 0.00639329 0.00621485 0.00571874 0.00492109 0.00439083 0.00422262 0.00306281 0.00283163 0.00257846 0.00398237 0.0024867 0.00236506 0.00222585 0.00219257 0.00207466 0.00205797
threshold=-0.28800356645620168 0.067724763549679504 0.62917159357093855 -0.41295185148590846 0.5460089301403056 -1.2546844211945543 -0.46503134523518719 0.48893107180940953 0.14237017518314585 -0.127977149153542 0.028435016084425332 -0.071285120122676723 0.26639244390481293 0.72586482047953382 0.87151947467444313 1.3855532250369902 1.7538241875961369 -0.21282184725856626 -0.27488922044450037 -0.27058675982933483 0.41905740185809476 0.016554153620629057 0.041597007337991425 0.23458312358191663 1.6403058918767413 -0.3102874997884531 1.4985520913617061 1.1535078284975413 -0.951086623619254 -0.095878818709052974
decision_type=2 2 2 2 2 2 2 2 2 2 2 2 2 2 2 2 2 2 2 2 2 2 2 2 2 2 2 2 2 2
left_child=3 2 9 6 12 25 16 15 18 -2 27 -6 28 -13 24 26 -1 22 20 -12 -8 -19 -7 -24 -9 -5 -4 -11 -3 -23
right_child=1 4 7 5 11 17 8 14 -10 10 19 13 -14 -15 -16 -17 -18 21 -20 -21 -22 29 23 -25 -26 -27 -28 -29 -30 -31
leaf_value=0.00069903030548050993 -2.897193765391091e-05 0 -0.00096318933610738946 -0.00058260068729656792 0 0.00017401535512382848 0.00071362609456356463 -0.001911076129796783 -6.903645418088601e-05 -0.00032515497957568069 0 -0.00077292867223326502 -5.5590632185355309e-05 0 0 0 0.0019463972985488045 -0.00015657756274457392 0.00011507452338663663 -0.0010698742913025469 0 0 0.00068458599295546257 0 0 0 0 0 0.00033222098588652507 0.00038065857957450696
leaf_weight=116.22690515051363 51.461205503728706 8.2511327548418176 53.336574550077785 19.648151517787483 41.921993348107208 82.219275841314811 62.427126959024463 26.668902231671389 31.868993648036849 34.440923088521231 4.715917582914698 37.783156385354232 84.027459283941425 18.858773029118311 2.6360151488916008 7.8529343656264237 6.6742721677292129 38.587169256526977 37.152428729517851 38.722283855022397 7.4617442309972821 15.559123669401741 36.162962765491102 5.8532055781688532 1.0567792250658374 17.692007060279138 2.0757846437045364 12.095452168374321 91.006076640216634 23.841238261957187
leaf_count=231796 102586 16452 106352 39181 83581 163950 124532 53180 63545 68671 9403 75327 167555 37602 5255 15658 13305 76946 74097 77204 14874 31028 72126 11673 2107 35283 4139 24119 181453 47533
internal_value=0 -0.000345097 -0.000714001 0.00035352 -2.67852e-05 0.000112232 0.000562845 -0.00113834 0.000339228 -0.000411892 -0.000597561 -0.000318247 0.000113584 -0.000544044 -0.00171604 -0.000813672 0.00079118 0.000212179 0.000488806 -0.000965854 0.000644553 0 0.000330046 0.000563974 -0.00185264 -0.000348709 -0.00092565 -0.000189321 0.000287026 0.00020167
internal_weight=1018.29 516.911 235.063 501.375 281.849 239.563 261.811 93.627 138.91 141.436 89.9746 98.5639 183.285 56.6419 30.3617 63.2653 122.901 202.223 107.041 43.4382 69.8889 77.9875 124.235 42.0162 27.7257 37.3402 55.4124 46.5364 99.2572 39.4004
internal_count=2030513 1030644 468674 999869 561970 477720 522149 186691 277048 281983 179397 196510 365460 112929 60542 126149 245101 403256 213503 86607 139406 155507 247749 83799 55287 74464 110491 92790 197905 78561
is_linear=0
shrinkage=0.03


Tree=18
num_leaves=31
num_cat=0
split_feature=29 17 11 11 36 7 22 47 29 29 16 3 9 38 47 25 20 34 30 16 47 3 30 20 8 30 21 11 47 21
split_gain=0.128854 0.0737398 0.028993 0.0173095 0.0154034 0.0142246 0.0109369 0.010566 0.0100191 0.00948884 0.00789068 0.00839304 0.00625838 0.00589358 0.00564755 0.00543272 0.00371727 0.00367586 0.00362389 0.00351227 0.00320048 0.00293951 0.00290259 0.0028173 0.00244362 0.00235092 0.00224894 0.00199002 0.00192406 0.00187801
threshold=-0.36650536388879795 -0.074658398678395979 0.95986627347661702 -0.5978089538580309 -1.354779256210352 -0.53272404488144698 0.016929588184151186 -0.33075114508538112 -0.47608489893450373 0.024481331518658736 -0.30303163192455357 -0.30674373785934145 0.87151947467444313 0.18902393877441967 1.2373171048927982 1.3330935774757675 0.71276879125724635 -0.70517377080258858 1.4563654321079855 0.059492651210735929 -1.137464611890237 0.77968859683134217 1.1794605844947341 1.5618045593135692 0.46498007032122252 1.3646475142396512 -0.087311065871563551 1.0498473697093769 0.67320347272162429 1.4344038696640979
decision_type=2 2 2 2 2 2 2 2 2 2 2 2 2 2 2 2 2 2 2 2 2 2 2 2 2 2 2 2 2 2
left_child=4 2 10 6 27 12 19 -4 24 28 14 -12 -5 -14 16 23 -2 -10 -17 26 -11 -8 -13 -9 -6 -19 -3 -1 -7 -29
right_child=1 3 7 5 8 9 21 15 17 20 11 22 13 -15 -16 18 -18 25 -20 -21 -22 -23 -24 -25 -26 -27 -28 29 -30 -31
leaf_value=0 -0.00044864721326325313 0.00074599392294664568 0 -6.7748339878281094e-05 0.00086464425176548012 -0.00016196717388314421 0.00013651454140751641 -0.00093198525289641245 3.3478391570453582e-06 0 0 -0.00091630103930332861 0 0.00066913573394034617 0.00015522385194469333 -0.0018805005881151588 0 0.00045893446429222482 0 0 -0.00064495684133138739 -0.0002761347615640953 0 0 0 0 0 -0.00063545786710045467 0.00014978024040979867 0
leaf_weight=28.502667432534508 57.09147847344866 44.846098767477088 4.6465985935064955 43.09151180338813 84.180005660338793 87.087181717797648 64.777211799460929 42.916994693456218 34.596401471295394 3.1145458718528962 17.431497220532037 51.689745279727504 18.233949149260297 27.66623293509474 21.23989685397828 24.869581469451081 19.799797915562522 195.36612077284371 3.7827965708565889 8.9060950154671428 65.815406629350036 18.923376326216385 6.3616136840428217 1.817213422153144 7.0559584730071938 7.6383957482757969 4.4729786622920065 8.9071103822207043 12.886855729680972 0.81141681096050966
leaf_count=56845 113838 89421 9261 85914 167882 173646 129162 85569 69002 6210 34745 103067 36365 55167 42356 49589 39471 389612 7542 17760 131223 37728 12686 3623 14077 15236 8921 17761 25698 1618
internal_value=0 -0.000254737 -0.000657052 0 0.000448074 -0.000147949 0.000264557 -0.00116014 0.000515667 -0.000315369 -0.00041365 -0.00066353 0.000136098 0.000392831 -0.00019087 -0.00124929 -0.000325489 0.000387756 -0.00171918 0.000582735 -0.000596143 7.37903e-06 -0.000838211 -0.000881267 0.000815896 0.00043849 0.000681905 -5.49754e-05 -9.17745e-05 -0.000442917
internal_weight=1018.53 651.469 251.647 399.821 367.058 257.896 141.926 78.0332 328.837 168.904 173.614 75.4829 88.9917 45.9002 98.1312 73.3866 76.8913 237.601 28.6524 58.2252 68.93 83.7006 58.0514 44.7342 91.236 203.005 49.3191 38.2212 99.974 9.71853
internal_count=2030995 1298962 501747 797215 732033 514223 282992 155584 655809 336777 346163 150498 177446 91532 195665 146323 153309 473850 57131 116102 137433 166890 115753 89192 181959 404848 98342 76224 199344 19379
is_linear=0
shrinkage=0.03


Tree=19
num_leaves=31
num_cat=0
split_feature=29 11 9 11 36 11 29 20 29 7 22 7 7 29 16 36 18 34 28 11 20 33 27 21 45 47 34 8 1 17
split_gain=0.122099 0.0706294 0.0429517 0.01516 0.0142165 0.0139975 0.0102847 0.00985126 0.00897931 0.00896608 0.00636254 0.00496304 0.00481589 0.0059071 0.00435014 0.00405006 0.00368435 0.00367783 0.00330353 0.00286717 0.00252505 0.00235759 0.00229921 0.00226556 0.00210568 0.00210531 0.00194278 0.00182662 0.00181072 0.00172085
threshold=-0.36217876682363365 0.13101515943187159 0.72586482047953382 1.6638268051523364 -1.0902381291287175 -0.804718549701951 0.0076639162804534094 0.25327558225856917 -0.46997018958596354 -0.53272404488144698 0.20020550501909551 1.4236319114397848 1.5214497070694482 -0.073082767024643711 -0.079493529226505197 -0.86821900833035281 1.010965023747356 -0.70517377080258858 0.68420395350488883 0.80047145058244429 0.016554153620629057 -1.9397412829994083 -0.19315915636588527 1.7538241875961369 -0.12788345765698431 0.95920493517819005 2.2882197154308241 0.51462693253752878 0.15827550329750281 0.33347971256692904
decision_type=2 2 2 2 2 2 2 2 2 2 2 2 2 2 2 2 2 2 2 2 2 2 2 2 2 2 2 2 2 2
left_child=4 5 3 12 19 10 15 16 27 28 18 -11 13 -3 -9 25 -4 -10 21 -1 -17 -2 -16 -21 -5 -7 -19 -6 -8 -26
right_child=1 2 7 24 8 6 9 14 17 11 -12 -13 -14 -15 22 20 -18 26 -20 23 -22 -23 -24 -25 29 -27 -28 -29 -30 -31
leaf_value=0.00013795218390663842 0 -0.00042346683099780085 -0.00048691111426583521 0 0.00082476618305173945 -0.00032020282274317113 0.00023760896280145574 0 0 -0.00059651435778295715 0 0 -9.7112014680704109e-05 -0.0010138448686171692 0 0 0 0.00045507991986310908 0 -0.00050022968224710553 0.00023157318577254475 0.000663388762537014 0.001050633374119457 0 -0.0015539735588760448 0 0 0 -0.00017752352522266767 0
leaf_weight=49.279352969315369 6.5246474400628349 50.819873616506811 26.200339330593124 0.67110380780650203 91.478936594736297 37.863868827640545 21.492479732783977 8.5931531101814489 32.115384251344949 69.818264658155385 26.416700761357788 9.7195744276978058 21.454231046314817 64.669939025654458 3.9938198467134489 76.227161009563133 13.779259666625874 168.89368307089899 9.0332017526961845 14.713012191525191 74.339307769201696 46.154372653516475 10.830310299934352 0.98495120042935091 38.692236560222227 9.7115023221122083 10.48647792014526 7.3776358855538993 13.207375017460434 2.739811831736005
leaf_count=98282 13011 101329 52240 1338 182441 75502 42850 17133 64053 139206 52667 19381 42778 128939 7964 152000 27470 336818 18012 29338 148227 92029 21593 1964 77147 19367 20913 14719 26335 5463
internal_value=0 -0.000250242 -0.000654415 -0.000892075 0.000430705 0 -9.9735e-05 0 0.000515338 -0.000328227 0.00032816 -0.00050615 -0.00069495 -0.000780033 0.000504933 1.68604e-05 -0.000269128 0.000376117 0.000496565 0 0.000106694 0.000587621 0.000816611 -0.00032348 -0.00146199 -0.000204386 0.000430399 0.000782843 0 -0.00148922
internal_weight=1018.28 642.953 242.444 179.047 375.329 400.508 312.38 63.3969 310.352 114.238 88.1289 79.5378 136.944 115.49 23.4173 198.142 39.9796 211.496 61.7122 64.9773 150.566 52.679 14.8241 15.698 42.1032 47.5754 179.38 98.8566 34.6999 41.432
internal_count=2030509 1281981 483394 356994 748528 798587 622868 126400 618944 227772 175719 158587 273046 230268 46690 395096 79710 421784 123052 129584 300227 105040 29557 31302 83948 94869 357731 197160 69185 82610
is_linear=0
shrinkage=0.03


Tree=20
num_leaves=31
num_cat=0
split_feature=29 17 11 36 16 1 29 47 7 16 9 47 11 41 21 20 21 4 22 34 21 38 17 11 46 21 4 29 20 11
split_gain=0.113913 0.059984 0.0273954 0.0188987 0.0137241 0.0146063 0.0101891 0.00885521 0.0084941 0.0077288 0.00616001 0.0060054 0.00584882 0.00580985 0.00514659 0.0050922 0.00506692 0.00552988 0.0047384 0.00417163 0.00329268 0.00304359 0.00297594 0.0029057 0.00224642 0.00189269 0.00183382 0.00178407 0.00172616 0.00157273
threshold=-0.32233304826831971 0.067724763549679504 0.70957098132311835 -0.78356421712419355 -0.45355205303814744 0.26331788008932139 -0.44887123454513278 -0.33075114508538112 -0.43490624925178362 0.21337223628455199 0.43455551208971505 0.95920493517819005 0.22059907537235038 -0.12676684095478349 1.5289570278391638 0.74954776139478974 0.51945195122318077 -0.86880957700311989 -0.0048433770773434999 -0.7497530403405005 -0.1758735837941047 0.18231744613123366 -0.53340642446472375 -0.79802162218560391 0.46933445675205454 -0.27706274964239036 1.1345162082176403 -0.40960119531878852 1.4701684527116912 -0.79802162218560391
decision_type=2 2 2 2 2 2 2 2 2 2 2 2 2 2 2 2 2 2 2 2 2 2 2 2 2 2 2 2 2 2
left_child=3 2 9 12 18 8 -5 -4 21 11 28 13 27 -2 22 23 24 -18 20 -8 26 -6 -14 -7 -9 -13 -3 -1 -11 -20
right_child=1 4 7 6 5 15 19 16 -10 10 -12 25 14 -15 -16 -17 17 -19 29 -21 -22 -23 -24 -25 -26 -27 -28 -29 -30 -31
leaf_value=0.00030922985976606509 -0.00055185681599318164 0.0007070266637742113 0 0.00069308167393359829 0 0 0 -0.000872403874988404 -0.00013800335684817225 -0.0010320349241747066 0 0.00027955575715929578 -0.00067756066018409436 0 0.00057898538838188781 0 0 -0.0017212101184395012 0.00022827828376133133 0.00036367387005187323 0 0.00049608587693044065 0 -0.00057873502158074938 0 -9.4371549321179386e-05 0 0 0 -9.4954681553005831e-05
leaf_weight=43.034759318339638 56.165550324309152 34.528472056612372 6.3029516991227856 131.98999735194957 19.748996678099502 10.348449240787884 30.705174816655926 47.593072892166674 65.735966340464074 27.457869632926307 5.0849650667514643 20.110195716377348 19.543275637319311 34.852683556673583 3.259516210993751 20.663594394980464 4.831635295180603 29.385945373214781 23.845891412289347 168.29698235611431 7.6363472398952572 39.266410724201705 19.582543222408276 70.984317650727462 4.5494275110540903 17.56722368253395 1.8071313351392735 31.996219359105453 1.6671427288674738 19.935688381432556
leaf_count=85833 111983 68846 12563 263242 39386 20632 61239 94892 131071 54747 10135 40103 38969 69488 6499 41201 9633 58593 47546 335612 15227 78290 39050 141531 9070 35031 3603 63810 3324 39748
internal_value=-2.2142e-06 -0.000286516 -0.000627973 0.000352534 0 -0.000132201 0.00046878 -0.00105814 6.52742e-05 -0.000364871 -0.000804615 -0.000224667 0 -0.000361221 -0.000254925 -0.000403144 -0.0011374 -0.0015488 0.000309185 0.000304935 0.000536286 0.000342535 -0.000401072 -0.000510064 -0.000809882 2.55876e-05 0.000655441 0.000182881 -0.000975084 1.25741e-05
internal_weight=1018.48 570.07 255.569 448.408 314.501 226.748 330.992 92.663 124.751 162.906 34.21 128.696 117.416 91.0182 42.3853 101.996 86.3601 34.2176 87.7535 199.002 43.972 59.0154 39.1258 81.3328 52.1425 37.6774 36.3356 75.031 29.125 43.7816
internal_count=2030897 1136643 509562 894254 627081 452111 660093 184751 248747 324811 68206 256605 234161 181471 84518 203364 172188 68226 174970 396851 87676 117676 78019 162163 103962 75134 72449 149643 58071 87294
is_linear=0
shrinkage=0.03


Tree=21
num_leaves=31
num_cat=0
split_feature=29 11 9 29 36 17 20 11 8 36 29 36 20 16 21 11 30 28 38 30 7 16 29 16 44 16 47 30 20 32
split_gain=0.109853 0.0540563 0.0376332 0.0197339 0.0138952 0.0108188 0.00832049 0.00806587 0.00743493 0.00647587 0.00509249 0.00501945 0.00436973 0.00434665 0.00415494 0.00448792 0.00397308 0.00332669 0.00325622 0.0030612 0.00304465 0.00294104 0.00295452 0.00291877 0.00282111 0.002419 0.002274 0.00222556 0.0019666 0.0017907
threshold=-0.30197037200103011 0.23267469070134952 0.72586482047953382 -0.43816126126550303 -0.68672313378052185 0.095532054122019858 0.25327558225856917 1.954242659265063 0.21674549291291434 -1.5475485918980068 -0.06661523173543045 -1.2546844211945543 1.4567073590939326 -0.4725379341642984 1.887533919208759 0.36244633071066107 1.0219967122357474 -0.7715013224394297 0.19583053280712184 0.95213419766686191 -0.239270657992457 -0.68989102714506889 -0.015978029811590785 -0.045142651904497823 -0.46503134523518719 -0.65015882100916644 -0.61562894985235561 1.5779705202843679 0.72460188307082074 -1.0753261898035558
decision_type=2 2 2 2 2 2 2 2 2 2 2 2 2 2 2 2 2 2 2 2 2 2 2 2 2 2 2 2 2 2
left_child=3 4 7 9 21 11 18 12 13 -1 -10 28 19 29 15 25 -12 -7 -4 -3 -15 -2 -23 -8 -13 -11 -24 -9 -5 -6
right_child=1 2 6 5 8 17 23 27 10 14 16 24 -14 20 -16 -17 -18 -19 -20 -21 -22 22 26 -25 -26 -27 -28 -29 -30 -31
leaf_value=0 0 -0.00092892458664844361 -0.00053212954903406561 -0.00053814712898560756 0 0.00056592559383269851 0 -0.001592090109044657 5.6326209161241667e-05 0.00085011510599882693 -0.00040471654344017492 0.00034474128451535986 0 0.00019987728868439938 0.0015849658230792168 6.5664692375885844e-06 1.5647824317362962e-05 0.00018588751387585035 0 -0.00027426712948777491 -0.00017073302252827423 -0.00020705586106915263 0 0.00088704471653232623 -4.2732256172084586e-05 0.00044898712917477892 -0.00085429637357947686 0 0 0.00044912000496082917
leaf_weight=9.2993223883677256 13.642622380633837 85.451561406021938 17.665194450062703 23.302382501657124 6.793817553552798 43.238604900368955 6.1784761323942829 27.537657633656639 52.776588765380438 54.298452842398547 60.106196703796741 20.891406544833444 6.8356187093304461 44.566160351678263 6.9993035831139414 23.239920931926463 11.21637103584362 133.58384407544509 12.982036139699629 22.366652412922122 32.958781966706738 41.978363513015211 2.9459974759956848 10.222839897382071 55.19546981016174 104.55109187908238 26.479214938823134 2.0199947640649034 6.3824253227794534 52.63895430584671
leaf_count=18545 27203 170377 35223 46471 13545 86224 12318 54906 105241 108307 119847 41654 13628 88857 13952 46336 22366 266403 25879 44596 65708 83704 5874 20382 110067 208523 52793 4027 12726 104951
internal_value=-2.02747e-06 -0.00029973 -0.000706255 0.000324335 -6.6412e-05 0.000148581 0 -0.000946779 3.15582e-05 0.000559564 -0.000122303 -6.91413e-05 -0.000774251 0.000192879 0.000599445 0.000545087 -0.000296547 0.000295785 -0.000259985 -0.000820942 3.61962e-06 -0.000402415 -0.00047953 0.000574695 2.42289e-05 0.000604988 -0.00076629 -0.00151452 -0.000409526 0.000389274
internal_weight=1018.35 537.363 191.26 480.982 346.103 282.594 47.0485 144.211 261.057 198.388 124.099 105.772 114.654 136.958 189.089 182.089 71.3226 176.822 30.6472 107.818 77.5249 85.0462 71.4036 16.4013 76.0869 158.85 29.4252 29.5577 29.6848 59.4328
internal_count=2030633 1071425 381336 959208 690089 563545 93802 287534 520515 395663 247454 210918 228601 273061 377118 363166 142213 352627 61102 214973 154565 169574 142371 32700 151721 316830 58667 58933 59197 118496
is_linear=0
shrinkage=0.03


Tree=22
num_leaves=31
num_cat=0
split_feature=29 17 25 36 29 3 30 39 21 8 16 11 44 9 17 11 30 46 25 21 20 20 7 21 47 45 29 4 21 11
split_gain=0.10239 0.0517305 0.0212063 0.0203651 0.0153381 0.0125856 0.00853896 0.00761633 0.00820373 0.00697316 0.00692861 0.00668404 0.00764117 0.00600351 0.00561115 0.00300808 0.00295143 0.00288063 0.00279244 0.00360788 0.0027655 0.00270086 0.00267517 0.0025819 0.00255908 0.0022909 0.00228013 0.00200642 0.00195798 0.00324126
threshold=-0.28800356645620168 -0.041377067748857042 0.71158051048596715 -1.4365421527250468 -0.43816126126550303 0.5460089301403056 1.3855532250369902 -0.50303644453323892 -0.20092468076724798 0.21674549291291434 -0.08779946642767196 -0.45335014827965053 -0.78132412996641565 1.1628286094304248 -0.79963919099613945 -0.05505093965208685 1.3646475142396512 0.53128078021849545 -1.0000000180025095e-35 0.21099180207563303 0.2822491853364556 1.1942385348032485 -1.119630884251374 1.5289570278391638 1.3966238672141567 -0.087674193013700649 0.0076639162804534094 0.8879880658344611 1.7538241875961369 0.4064664010074675
decision_type=2 2 2 2 2 2 2 2 2 2 2 2 2 2 2 2 2 2 2 2 2 2 2 2 2 2 2 2 2 2
left_child=3 2 7 15 16 9 14 8 -2 -3 27 18 20 -12 17 -1 28 -4 -6 -20 -13 -9 -10 -17 -16 -14 -11 -7 29 -5
right_child=1 5 6 4 11 10 -8 21 22 26 13 12 25 -15 24 23 -18 -19 19 -21 -22 -23 -24 -25 -26 -27 -28 -29 -30 -31
leaf_value=0 -5.2242455118032771e-05 0.00027487910806502455 -0.0014687989320700703 0.00060723981629515287 0.00021143138224014157 0.00011770038478762639 0 -0.00020876310985856988 0 3.3625034060030259e-05 -0.00068979837398418177 2.183637112680848e-05 -0.00021314936916481866 0 -0.00071785865830538854 -0.00055840958218071916 0 0 0.00072032660498761196 0 0.00060808499230059797 0.00024120576140075845 -0.00098589461591501622 0 0 4.1642488295660754e-05 -0.00022543400646999218 -0.00029530837366833823 0.0014108611261015656 0
leaf_weight=16.056160293635912 25.763786442286801 102.93291600095108 45.867792121076491 151.71598162373994 83.40732117270818 30.199306868889835 7.8791619419353074 53.055423420795705 6.8373705642879932 46.562830981623847 44.989853187173139 27.670652307511773 60.344691558857448 15.605941436486317 18.672989996906839 26.542356260470118 5.9669608894037074 3.0086960709886617 37.769346527056769 4.9950215772259972 24.164253235561773 10.417732905072624 36.639854054315947 1.590865053993183 5.6561746976221903 35.025076648569666 46.980541180237196 15.90943678683834 7.735599188366904 18.61488941218704
leaf_count=32023 51371 205234 91458 302600 166326 60209 15710 105775 13631 92851 89696 55178 120335 31116 37235 52929 11904 6000 75333 9962 48180 20765 73053 3172 11279 69844 93679 31720 15419 37114
internal_value=0 -0.000295553 -0.000653787 0.000306078 0.000368388 -3.30369e-05 -0.00105906 -0.00038357 -0.000611516 9.80717e-05 -0.000302564 0.0002084 4.68344e-05 -0.000513917 -0.00116074 -0.000271007 0.000589742 -0.00140411 0.000373123 0.000618332 0.000353008 -8.76465e-05 -0.00087393 -0.000459991 -0.000548497 -8.81191e-05 -6.44122e-05 0 0.000611856 0.000557957
internal_weight=1018.58 516.98 213.799 501.599 457.41 303.181 81.0848 132.714 69.241 196.476 106.705 273.376 147.205 60.5958 73.2057 44.1894 184.033 48.8765 126.172 42.7644 51.8349 63.4732 43.4772 28.1332 24.3292 95.3698 93.5434 46.1087 178.066 170.331
internal_count=2031101 1030782 426277 1000319 912195 604505 161682 264595 138055 391764 212741 545158 293537 120812 145972 88124 367037 97458 251621 85295 103358 126540 86684 56101 48514 190179 186530 91929 355133 339714
is_linear=0
shrinkage=0.03


Tree=23
num_leaves=31
num_cat=0
split_feature=29 11 9 29 36 11 11 44 20 21 20 9 29 36 30 3 16 38 45 21 25 20 21 16 9 29 21 21 11 47
split_gain=0.097452 0.0512218 0.0349654 0.015421 0.0120518 0.0101178 0.00945949 0.00784372 0.00757365 0.0068955 0.00683936 0.00507946 0.00506679 0.00463147 0.00444687 0.00419909 0.0037155 0.00341358 0.00309811 0.00306737 0.00301186 0.00301176 0.00287605 0.00270861 0.00263011 0.00238369 0.00228115 0.00208718 0.00284312 0.00207203
threshold=-0.32700367141702874 0.1862414770079128 0.72586482047953382 -0.45924310508409133 -0.68672313378052185 -0.23560109386096947 1.954242659265063 -0.35960041699144435 0.16630124264056265 -0.79608175548667004 0.1513815744811696 0.72586482047953382 1.0000000180025095e-35 -1.5737395564310981 1.2393233601958682 -0.127977149153542 -0.65560558006557967 0.1988811130547776 -0.08585417561350657 0.1048015741230455 0.12445935095035708 -0.34726885380376976 -0.78907343749746006 -0.2897949704098523 -0.2937175418425354 0.033072284499962745 1.5788998553941169 1.7538241875961369 0.42152838393930908 -0.72301224706530609
decision_type=2 2 2 2 2 2 2 2 2 2 2 2 2 2 2 2 2 2 2 2 2 2 2 2 2 2 2 2 2 2
left_child=3 4 6 13 22 16 14 21 17 11 12 23 -11 -1 15 -3 19 -4 -9 -5 -10 -7 -2 -6 -12 -24 -23 28 -15 -27
right_child=1 2 8 5 9 7 -8 18 20 10 24 -13 -14 27 -16 -17 -18 -19 -20 -21 -22 26 25 -25 -26 29 -28 -29 -30 -31
leaf_value=0 0 -0.00026767606979718784 -0.00051183763467777107 0.00066219939984260784 0.00064797891430625582 0 -0.0014363504425771443 -0.00034918605685848886 0.00088268299964948187 0 0 0 -0.0004094560078601304 0.00062269637251685639 0 -0.000884488068224686 0.00020071948099175521 0 0 0 0 0.00020659919702453787 -0.0002027197613990155 0 0.00027870143247169974 0 0.0012783355985721333 0.0015771561851382983 0 -0.00079508451921053204
leaf_weight=5.3000308420159845 13.305173769884275 28.926792784593999 19.423083291738294 49.657284929940943 33.166270917281508 19.931446210481226 30.684516502311453 49.947514203202445 9.6399477475788462 61.945536201703362 46.278797017934266 16.431791466311552 50.722531712963246 117.15241052361671 12.576355959870851 85.853329052682966 114.38308868178865 13.732828899810555 22.757103415555321 7.9669974425341925 10.558565471670589 28.478366898954846 50.846413795312401 8.2893584702396748 59.371824966685381 1.9163478782284098 4.4705879518296561 5.7941816078964612 14.489206776313948 23.909335453528911
leaf_count=10569 26529 57675 38728 99037 66127 39746 61180 99602 19220 123519 92273 32764 101134 233666 25076 171178 228121 27376 45380 15886 21051 56785 101389 16527 118381 3821 8914 11548 28887 47670
internal_value=-1.23464e-06 -0.000260456 -0.00063328 0.000331973 -3.70343e-05 0.000193763 -0.000857645 0 0 5.18801e-05 -1.22748e-05 0.000345661 -0.000187091 0.000599112 -0.000694659 -0.000755177 0.000343359 -0.000246596 -0.000213107 0.000574433 0.000487489 0.000266564 -0.00034332 0.000526418 0.000145758 -0.000414828 0.000443065 0.000634907 0.000570644 -0.00071627
internal_weight=1017.91 577.579 211.395 440.328 366.183 297.592 158.041 125.585 53.3544 276.206 218.319 57.8874 112.668 142.736 127.356 114.78 172.007 33.1559 72.7046 57.6243 20.1985 52.8804 89.9773 41.4556 105.651 76.6721 32.949 137.436 131.642 25.8257
internal_count=2029759 1151618 421484 878141 730134 593471 315109 250427 106375 550725 435307 115418 224653 284670 253929 228853 343044 66104 144982 114923 40271 105445 179409 82654 210654 152880 65699 274101 262553 51491
is_linear=0
shrinkage=0.03


Tree=24
num_leaves=31
num_cat=0
split_feature=29 17 25 3 36 11 21 3 21 16 49 34 25 47 22 7 28 9 28 1 3 29 20 17 47 28 20 11 33 20
split_gain=0.0957366 0.0566348 0.023286 0.0145295 0.0115147 0.00939544 0.00935944 0.00758752 0.0112762 0.0064102 0.00601016 0.005138 0.00482406 0.00477162 0.00462517 0.00367823 0.00365837 0.00345421 0.00342951 0.00334116 0.00306873 0.00299031 0.00288359 0.00263851 0.00262068 0.00245619 0.00244796 0.00233368 0.00210392 0.00201365
threshold=-0.36650536388879795 -0.085568730815790431 0.71158051048596715 0.75473073949537783 -0.7689467301134093 -0.68995492830934013 0.50451493371779821 -0.35108440103173683 0.028435016084425332 -0.08779946642767196 -0.54937873271829285 -0.69937227151558867 -0.12668765582150079 1.3966238672141567 -0.34869781481281925 -0.92399527112806512 0.74029654851738258 1.1628286094304248 0.45465340410754079 0.12511710306028132 -1.3024560197736215 -0.49830639389782988 0.077040713805459196 -0.46299390444317007 0.98079998045907424 -0.56196433470040086 1.6403058918767413 0.34801417585906541 0.4960948264677878 0.50373253763632375
decision_type=2 2 2 2 2 2 2 2 2 2 2 2 2 2 2 2 2 2 2 2 2 2 2 2 2 2 2 2 2 2
left_child=4 2 7 5 16 12 13 29 24 -5 19 -6 28 23 -15 -10 -1 -11 -14 -7 -8 -13 -12 -4 -9 -23 -22 -18 -3 -2
right_child=1 3 6 9 11 10 20 8 15 17 22 21 18 14 -16 -17 27 -19 -20 -21 26 25 -24 -25 -26 -27 -28 -29 -30 -31
leaf_value=0.00019363505082722765 -0.00018045786987961563 0 -0.0011862012943560268 0 3.4395551334237133e-05 0.00037935848057914288 0 -0.00027951715732090886 -6.6213780687537387e-05 -0.00067541058662128777 -0.00023137317895199121 0.00089014594930626788 0.00074131323417561906 -0.00078647730798888412 0 -0.00095826072016997352 0 0 0 0 -0.0016740447020956888 0.00062504388040529439 0 -0.00011376991829590396 6.9540490592314902e-05 0.00030868864734979171 0 -0.00054902276108589182 0.00035674937136613073 0.00021712139311777317
leaf_weight=70.543730741657782 25.319404947920702 30.455223841418047 24.918609853310045 44.328209200175479 33.926991845364682 45.513696054171305 1.8676621532649758 36.570249462907668 13.262915428902486 41.334407846676186 83.338622594659682 37.097134455048945 34.085455386782996 10.304540893645028 20.99494834872894 38.939834338030778 13.73247402609559 13.118767576408571 8.2508419823716377 19.380849580047652 25.165012834302619 84.794027712952811 65.690833303669933 9.5901014104019833 20.193386639584787 116.29670377139701 0.87515661580255155 10.281203171296509 16.852136158384383 20.952977984736208
leaf_count=140685 50477 60723 49689 88382 67668 90749 3724 72919 26443 82409 166180 73984 67970 20546 41864 77640 27390 26158 16454 38640 50182 169105 130992 19124 40268 231930 1745 20502 33599 41758
internal_value=-6.35224e-07 -0.000221859 -0.000577505 0 0.000384133 0.000101032 -0.000968269 -0.000322279 -0.000458953 -0.000317821 0 0.000485414 0.000359018 -0.00068333 -0.000265793 -0.000789091 6.0942e-05 -0.000537761 0.000607898 0.000233657 -0.00153267 0.000537061 -0.000111903 -0.000975103 -0.000102491 0.000457005 -0.00161976 -0.000203935 7.28759e-05 0
internal_weight=1017.98 651.304 248.955 402.349 366.672 303.568 93.716 155.239 108.966 98.7814 213.924 272.115 89.6437 65.8082 31.2995 52.2027 94.5574 54.4532 42.3363 64.8945 27.9078 238.188 149.029 34.5087 56.7636 201.091 26.0402 24.0137 47.3074 46.2724
internal_count=2029899 1298635 496379 802256 731264 605307 186874 309505 217270 196949 426561 542687 178746 131223 62410 104083 188577 108567 84424 129389 55651 475019 297172 68813 113187 401035 51927 47892 94322 92235
is_linear=0
shrinkage=0.03


Tree=25
num_leaves=31
num_cat=0
split_feature=29 17 29 36 25 44 3 11 11 30 7 20 21 20 21 47 7 21 8 22 21 21 45 34 29 36 9 11 11 38
split_gain=0.0899574 0.0351611 0.0302036 0.0192556 0.0158425 0.00954546 0.00913762 0.00861819 0.00840675 0.0081812 0.00681354 0.00773084 0.00551249 0.00550608 0.00668471 0.00532494 0.00457857 0.00486315 0.00429653 0.00358059 0.00343133 0.00283434 0.00274071 0.00265913 0.00243062 0.0019971 0.00199016 0.00194807 0.00188196 0.00186671
threshold=-0.13025699442956781 0.03912971977830846 -0.40960119531878852 -1.2138878679532619 0.79191643423149416 -0.35960041699144435 0.49011016701099258 -0.46599205897276835 -0.62182311075630625 1.2234117938198019 0.24981836388382453 -0.29890040133688811 1.7538241875961369 1.1721848384159146 -0.04448677611076212 -0.26161328172670456 -0.7283596798687384 -0.69955464737780426 0.26639244390481293 0.12413078612858096 -0.13595592137180321 -0.26973196949017941 -0.090340779519163625 -0.70517377080258858 -0.046084162240307598 -1.5054137994045325 1.1628286094304248 0.37619029390204856 0.37619029390204856 0.11454035932190042
decision_type=2 2 2 2 2 2 2 2 2 2 2 2 2 2 2 2 2 2 2 2 2 2 2 2 2 2 2 2 2 2
left_child=2 4 5 22 13 12 18 19 -7 26 11 -9 23 14 -2 -16 -8 -18 29 20 -5 -12 -4 -1 -19 -25 28 -10 -6 -3
right_child=1 6 3 7 9 8 16 10 27 -11 21 -13 -14 -15 15 -17 17 24 -20 -21 -22 -23 -24 25 -26 -27 -28 -29 -30 -31
leaf_value=0 -0.00015366471063229929 0 -0.00054730632147253989 0.00051675782762273625 -0.00048941035330038701 0.00055656247867891262 0 -9.6699417397255258e-05 0.00012742966528885266 0 0 0.00038011191667296082 0.0016783849724816206 0 0 -0.0009362035362132944 0 0 -0.00010464144740293746 4.8558448292618513e-05 0 -0.00038502749318405298 0 0 -0.00072495205705809117 0.00061437813841020664 0 -0.00018330594627860998 -0.0015526440254637953 0.00035817568139729782
leaf_weight=9.739850609097628 38.5113336549839 17.424819117819425 48.485987116058823 73.126977230655029 11.28893828805303 45.971255075884983 15.263011928647755 45.005858149321284 63.27799139090348 7.6745304389623916 40.791992217185907 62.692176356795244 7.2556769167422308 16.77809444651939 7.1919668293558052 42.183224078442436 10.174199244240297 6.8327536030556066 54.445867121859919 56.106069952016696 16.45894628908718 41.565500394208357 21.011812596174423 3.8998045806656583 38.544215520902071 117.71984138310654 1.0098825919558283 21.973100634349976 34.969093131017871 40.840013858629391
leaf_count=19426 76785 34749 96684 145830 22513 91708 30430 89743 126196 15302 81343 124996 14464 33447 14337 84104 20284 13623 108565 111871 32825 82880 41901 7777 76844 234773 2013 43812 69725 81423
internal_value=0 -0.000396731 0.000199818 2.80979e-05 -0.000725528 0.000446592 -9.44381e-05 0.000129066 0.000225736 -0.00117733 0 0.000153002 0.000634026 -0.000459697 -0.000555021 -0.000807309 -0.000367656 -0.000496476 5.06031e-05 0.000302699 0.000428376 -0.000209394 -0.000416519 0.000553503 -0.000631039 0.000592096 -0.00132926 1.21487e-05 -0.00135802 0.000247161
internal_weight=1018.21 343.132 675.083 405.245 159.607 269.838 183.525 335.748 131.222 54.9424 190.056 107.698 138.615 104.665 87.8865 49.3752 70.8142 55.5512 112.711 145.692 89.5859 82.3575 69.4978 131.359 45.377 121.62 47.2679 85.2511 46.258 58.2648
internal_count=2030373 684144 1346229 808073 318226 538156 365918 669488 261716 109553 378962 214739 276440 208673 175226 98441 141181 110751 224737 290526 178655 164223 138585 261976 90467 242550 94251 170008 92238 116172
is_linear=0
shrinkage=0.03


Tree=26
num_leaves=31
num_cat=0
split_feature=29 17 29 25 17 30 1 16 44 44 11 11 41 28 49 21 30 21 20 16 11 17 47 45 38 21 21 20 20 28
split_gain=0.086507 0.0339473 0.0250506 0.0162105 0.0147421 0.00899731 0.0087188 0.00786934 0.00781456 0.00767388 0.00714108 0.00621597 0.00591976 0.00552446 0.00499907 0.00402312 0.00390527 0.00386201 0.00385143 0.00378494 0.00377983 0.00311717 0.00272338 0.00268392 0.00265764 0.00253605 0.00253019 0.00249148 0.00218588 0.00213594
threshold=-0.17669707489927491 0.067724763549679504 -0.42410741204445573 0.71158051048596715 0.14951003577691116 0.85768188996556305 0.55675637482678086 -0.12102074616658369 -0.35960041699144435 -0.35960041699144435 0.15257009063451388 -0.18184266431362714 0.14091891595232067 -0.2145121847755094 -0.49005021171356272 1.7538241875961369 -1.3951726567870375 -0.75380793703309634 1.1721848384159146 -0.33799236848814479 -0.62182311075630625 -0.68830522673641503 0.95920493517819005 -0.090613308115153654 0.12399475779284956 1.887533919208759 0.14589048351779574 0.6478495864630055 1.0312946134871319 -0.26746411701316031
decision_type=2 2 2 2 2 2 2 2 2 2 2 2 2 2 2 2 2 2 2 2 2 2 2 2 2 2 2 2 2 2
left_child=2 3 8 12 9 21 14 -8 15 27 22 19 17 16 24 29 -6 -2 -19 26 -18 -5 -11 -7 -3 -12 -10 -4 -9 -1
right_child=1 6 4 5 13 23 7 28 11 10 25 -13 -14 -15 -16 -17 20 18 -20 -21 -22 -23 -24 -25 -26 -27 -28 -29 -30 -31
leaf_value=0.00070459315751751628 0 0 0 -0.0015759491995460707 0 -0.00061924690728755232 0 -0.00071186826411393726 0.00065589045490988766 -0.00017622685304306075 -0.00059976620243351294 -1.4408256526239905e-06 0 2.9412967577906115e-05 -6.7848256645410075e-05 0.0016543930676136938 0.00067541259997687636 -0.00067055743689240963 0 0 0.00019848847148338909 -0.00055669299833841738 0.00023519939472396137 0 0.0004388646945677969 0 0 0.00045409656842010468 0 0.0002746746696059489
leaf_weight=69.523882631678134 6.807152579072862 13.614178259973412 31.323152542288881 32.326403447601479 18.325677806744352 11.149797294754537 28.368899608612992 35.306949962221552 39.919669325987343 50.672483724076301 50.935638610098977 39.652048368821852 26.764342520036735 109.8240374844172 85.442634488863405 6.4669519499875596 44.43955915333936 67.5501650373335 11.817156892328056 24.69182284839917 61.695209761150181 14.773758979281409 16.88612207910046 8.6935990937636216 35.017639720754232 2.2781489022308952 6.8119797291583373 15.201940301805733 4.851721028389874 47.045244421227835
leaf_count=138656 13572 27150 62460 64457 36542 22232 56560 70393 79640 101042 101565 79066 53361 219007 170371 12891 88619 134679 23557 49249 123024 29460 33679 17334 69811 4543 13580 30302 9673 93825
internal_value=-2.2627e-06 -0.000361652 0.000209255 -0.000664112 5.68399e-05 -0.00106425 -7.83013e-05 -0.000359212 0.000457886 -0.000147824 -0.000282961 0.000230378 -0.000400372 0.000215791 4.29009e-05 0.000638894 0.000356146 -0.000521449 -0.000582258 0.000401079 0.000426447 -0.00131994 -2.89859e-05 -0.000306164 0.000299167 -0.000549024 0.000564584 0.000138493 -0.000629718 0.000556821
internal_weight=1018.18 382.484 635.694 179.882 401.582 66.9436 202.602 68.5276 234.112 167.297 120.772 111.076 112.939 234.284 134.074 123.036 124.46 86.1745 79.3673 71.4235 106.135 47.1002 67.5586 19.8434 48.6318 53.2138 46.7316 46.5251 40.1587 116.569
internal_count=2030300 762610 1267690 358652 800783 133483 403958 136626 466907 333591 240829 221535 225169 467192 267332 245372 248185 171808 158236 142469 211643 93917 134721 39566 96961 106108 93220 92762 80066 232481
is_linear=0
shrinkage=0.03


Tree=27
num_leaves=31
num_cat=0
split_feature=29 11 9 36 11 29 20 16 11 44 21 47 41 21 47 33 18 17 30 20 30 18 4 17 32 21 20 20 0 33
split_gain=0.0828751 0.0405743 0.0302077 0.0155411 0.0112182 0.0104711 0.0100447 0.00853735 0.00655258 0.00609264 0.00585689 0.00545704 0.00587188 0.00539127 0.00498399 0.00338213 0.00318479 0.00313468 0.00302023 0.00301427 0.00296646 0.00227732 0.00225496 0.00227457 0.00219448 0.00214341 0.00207078 0.00205561 0.00204891 0.00200559
threshold=-0.30197037200103011 -0.18923672866198574 0.72586482047953382 -1.354779256210352 1.4414549665989191 -0.46997018958596354 0.25327558225856917 0.02027154168620136 -0.66481826233137609 -0.57046227347892997 1.1081036204302139 1.5091671783065908 -0.26188441348884534 -0.79608175548667004 -0.23653038365906479 -0.24581769606526971 1.0349034734057774 -0.53340642446472375 1.4563654321079855 -0.67147724484302485 -1.7692715754396835 0.61438631150920109 0.80647037326346804 0.31087675870293879 1.3572899296767711 1.5289570278391638 1.2279641153783591 0.71276879125724635 -1.0074849960283614 -1.1311428412662685
decision_type=2 2 2 2 2 2 2 2 2 2 2 2 2 2 2 2 2 2 2 2 2 2 2 2 2 2 2 2 2 2
left_child=3 7 4 17 11 29 16 13 20 19 -8 12 -3 15 -9 -2 -4 25 24 -10 -7 -22 23 -15 -6 -1 -11 -24 -16 -5
right_child=1 2 6 5 18 8 10 14 9 26 -12 -13 -14 22 28 -17 -18 -19 -20 -21 21 -23 27 -25 -26 -27 -28 -29 -30 -31
leaf_value=-0.00053301520478782631 0 -0.00080260631589944655 -0.00041734468981673064 0 -0.0012970738418067664 0 0 0 0 -4.9886979049717881e-05 0.0011126068628054067 -1.0607113943095859e-05 -0.00029037590574569242 0 0 0.00064617323500098503 0 0 0 0.00043059084529320502 0.00056643805188771055 0 -0.00035201679676719001 0.00025385893962580819 0 0 0.0003047962993808796 0 -0.00054020306694000915 0.00064799197518368228
leaf_weight=21.943184482050132 23.808589167660102 82.209899530629627 33.789451721473597 3.760844057716894 40.047928751388099 10.580695517477578 18.596712969709191 31.733289488882292 26.733315024175681 111.37410156696569 9.1223066188395006 26.455995083495509 57.713716180704068 48.509902111021802 4.7231874805293037 26.448804368439596 14.401581287616862 29.434962014609482 3.7930155231733798 64.322489654878154 80.916605773032643 11.929867930884937 24.006175809772689 45.826367973349988 2.8817542274482539 1.4057390751549963 17.077634014654905 6.2444642171030855 37.293235262972303 101.72799262759509
leaf_count=43757 47469 163910 67372 7503 79850 21097 37081 63274 53312 222101 18187 52753 115067 96727 9418 52735 28711 58705 7562 128260 161386 23794 47866 91374 5746 2803 34057 12451 74357 202882
internal_value=-1.78134e-06 -0.000260681 -0.000502685 0.000281227 -0.000685771 0.000343536 0 8.60283e-06 0.00024304 0.000130351 0.000466073 -0.00053505 -0.000612769 0.000134197 -0.000248475 0.000398962 -0.000250294 -0.000167668 -0.00115828 0.000318089 0.000453199 0.000507495 3.31292e-06 9.80073e-05 -0.00123428 -0.000429396 0 -0.000192819 -0.000463818 0.000622746
internal_weight=1018.81 537.606 289.012 481.207 213.102 428.424 75.9101 248.594 322.935 219.508 27.719 166.38 139.924 174.844 73.7497 50.2574 48.191 52.7839 46.7227 91.0558 103.427 92.8465 124.587 94.3363 42.9297 23.3489 128.452 30.2506 42.0164 105.489
internal_count=2031567 1071910 576239 959657 424888 854392 151351 495671 644007 437730 55268 331730 278977 348622 147049 100204 96083 105265 93158 181572 206277 185180 248418 188101 85596 46560 256158 60317 83775 210385
is_linear=0
shrinkage=0.03


Tree=28
num_leaves=31
num_cat=0
split_feature=29 17 36 29 25 21 3 11 7 20 1 8 16 44 11 46 30 25 21 49 21 11 38 47 7 20 21 21 8 33
split_gain=0.0747735 0.0290269 0.0255556 0.0192925 0.0140267 0.00818549 0.0139883 0.00811604 0.00663236 0.00718184 0.005966 0.00525059 0.00515415 0.00467619 0.00532513 0.00392308 0.00380746 0.00342531 0.00390215 0.00336992 0.0033433 0.0031526 0.00284568 0.00275142 0.00242522 0.00233202 0.00226488 0.0025573 0.00215028 0.00198522
threshold=-0.13025699442956781 0.21700747160860931 -1.4365421527250468 -0.40641505437816 1.3330935774757675 -0.04448677611076212 -0.050610566600795652 -0.46599205897276835 0.054182728896532993 0.016554153620629057 0.60630393606747146 1.5572120156114753 -0.12102074616658369 -0.67589320172267275 -0.74572407850378652 0.22900724481865523 1.4316205186912521 0.017636909167148159 0.1776611115138336 -0.47126507411375768 -0.22407283373118198 0.45361838125162024 0.12399475779284956 1.0034898079842438 -0.239270657992457 0.86885866572228576 -0.67941359347406094 1.6319725561638447 -0.27972361751590574 0.48477987898018304
decision_type=2 2 2 2 2 2 2 2 2 2 2 2 2 2 2 2 2 2 2 2 2 2 2 2 2 2 2 2 2 2
left_child=2 4 15 13 5 23 24 17 9 -9 19 -8 -12 -4 -15 26 21 29 -19 22 -10 -6 -3 28 -7 -14 -1 -28 -2 -5
right_child=1 10 3 7 16 6 11 8 20 -11 12 -13 25 14 -16 -17 -18 18 -20 -21 -22 -23 -24 -25 -26 -27 27 -29 -30 -31
leaf_value=0 0 0 0.00062177554119971805 0 0 8.7507169819459589e-05 -0.0010713244852084518 -7.7397651584915666e-05 0 0.00038286413160599201 0 0 -0.00068814243418502342 0.00061348842117985253 0.00014005012311511016 0 0 0.00058360016110788136 0 -3.2593873003705037e-05 -0.00038234222390062491 -0.0016043241920104415 0.00044465984182701221 1.0235354204823694e-05 -0.00033595958320213718 0 -0.00070027349416109167 0 -0.00046174157059277127 0.00027484691604126539
leaf_weight=10.115661327843553 16.620312939281575 10.865172516379969 111.96448014810449 56.988483991182875 4.4502090389141875 12.900275812775361 50.540973108261824 50.458517777326051 52.597036549763288 54.973957415553741 18.810168925207108 6.1331931782187885 25.398722047510095 39.999411489523482 104.40098912944086 16.453908702998888 2.7515760587411924 46.006503612559754 7.0415580774424589 69.455963947984856 48.801654999551829 20.956529793329537 29.780281381099485 20.943277295213193 20.467210540489759 5.0604279551189384 34.037143355701119 1.5990549864363846 28.342242689337581 39.913556779967621
leaf_count=20177 33136 21668 223289 113638 8875 25712 100770 100615 104883 109607 37501 12229 50638 79797 208201 32810 5486 91753 14043 138494 97309 41785 59369 41761 40810 10089 67873 3188 56509 79583
internal_value=0 -0.000359538 0.000184125 0.000245901 -0.000617657 -0.000474998 -0.000674125 9.24822e-05 -1.60023e-05 0.000134135 -4.25343e-05 -0.000969613 -0.000327665 0.000447711 0.00029197 -0.000376558 -0.00130119 0.000262125 0.000478724 5.78111e-05 -0.000201698 -0.00141822 0.000286106 -0.000157428 -8.23343e-05 -0.00057093 -0.000519579 -0.000635447 -0.000302247 0.000112591
internal_weight=1018.83 343.477 675.352 613.146 184.106 155.947 90.0417 356.781 206.831 105.432 159.371 56.6742 49.2693 256.365 144.4 62.2058 28.1583 149.95 53.0481 110.101 101.399 25.4067 40.6455 65.9058 33.3675 30.4592 45.7519 35.6362 44.9626 96.902
internal_count=2031598 684832 1346766 1222718 367073 310927 179521 711431 412414 210222 317759 112999 98228 511287 287998 124048 56146 299017 105796 219531 202192 50660 81037 131406 66522 60727 91238 71061 89645 193221
is_linear=0
shrinkage=0.03


Tree=29
num_leaves=31
num_cat=0
split_feature=29 11 36 9 29 36 12 30 34 44 11 3 11 7 22 11 21 7 47 20 21 11 47 47 20 21 27 16 21 34
split_gain=0.0710358 0.0290789 0.0223796 0.021903 0.0161633 0.0108275 0.00789215 0.00762939 0.00510965 0.00497115 0.00454519 0.00448617 0.00340017 0.00325684 0.00319069 0.00289343 0.00329618 0.00277972 0.00275903 0.00272758 0.002977 0.0025315 0.00234423 0.0025732 0.00227594 0.0022063 0.00174193 0.00171724 0.00171185 0.0016851
threshold=-0.1895202582346823 0.4064664010074675 -1.4365421527250468 0.72586482047953382 -0.41295185148590846 -0.68672313378052185 0.15462295332169626 1.0593595483003946 -0.90632487232907621 -0.46503134523518719 -0.74572407850378652 -0.050610566600795652 -0.5978089538580309 -0.63054186237509269 0.14294549705042597 0.243967310213242 1.5289570278391638 0.054182728896532993 -0.77506210832800571 0.10742876225016808 -0.79608175548667004 -0.8315562280836013 1.3619506873266054 -0.74406505634764075 0.25327558225856917 1.7538241875961369 -0.14090151934411424 -0.7923646631914496 -0.54618000403387656 -0.70517377080258858
decision_type=2 2 2 2 2 2 2 2 2 2 2 2 2 2 2 2 2 2 2 2 2 2 2 2 2 2 2 2 2 2
left_child=2 5 15 7 9 22 12 11 13 25 -11 -3 14 -7 -6 -1 -17 -8 26 20 -10 -15 23 -2 -14 29 -5 -25 -19 -4
right_child=1 3 4 18 6 8 17 -9 19 10 -12 -13 24 21 -16 16 -18 28 -20 -21 -22 -23 -24 27 -26 -27 -28 -29 -30 -31
leaf_value=0 0 -0.00041025669613373883 0 0 0.00049898317594662157 0 0 -0.00010044816021642265 0.00033231369116514355 0.00058871868973105635 0.00011268649435487846 -0.0012127293050319978 0 0 3.4762697059937674e-05 -0.00065976611220077536 0 0 -0.00015412046574546872 0.00024145761274645277 -0.0001312896047946954 -0.00047454246171089635 0 0 0.00022295981683839792 0.0015047167822768467 0.00088822141319590676 -0.00065564804858173802 -0.0004018688333169056 0.0005687568558575939
leaf_weight=26.764531749649905 5.0991253443062297 21.418571401445661 7.6624670984456307 3.9258922721492127 60.26698705542367 21.414308922539931 47.733668284432497 16.778266680194065 15.243211210705338 34.4956756811589 89.162358805770054 59.786852465418633 77.158559390285518 8.3899882078985666 36.588573721179273 28.35058870603098 1.8165159720228974 13.357197873352559 20.350430285732727 61.46656870294828 57.780280313862022 38.542607728857547 8.4622490396723133 5.203122141538187 58.673473141912837 6.2981806154130018 4.5218774975510332 46.020899753610138 31.266234811395407 104.16580417531077
leaf_count=53377 10167 42707 15283 7827 120185 42699 95180 33452 30390 68819 177812 119204 153860 16730 72957 56533 3622 26636 40573 122550 115205 76855 16873 10374 116989 12555 9015 91757 62348 207742
internal_value=0 -0.000314389 0.000199995 -0.000694137 0.00026001 -0.000123279 0.000109403 -0.000908087 -3.88575e-07 0.000450073 0.000269741 -0.00103801 0.000207165 -0.000225321 0.000354591 -0.000344843 -0.000557443 -0.000104421 0 9.16138e-05 0 -0.000369309 -0.000461732 -0.000531683 7.99564e-05 0.000613453 0.000486537 -0.000596689 -0.000280412 0.00053643
internal_weight=1018.17 394.404 623.761 126.782 566.829 267.622 325.045 97.9837 202.837 241.784 123.658 81.2054 232.688 68.3469 96.8556 56.9316 30.1671 92.3571 28.7982 134.49 73.0235 46.9326 64.7854 56.3231 135.832 118.126 8.44777 51.224 44.6234 111.828
internal_count=2030276 786378 1243898 252778 1130366 533600 648155 195363 404429 482211 246631 161911 463991 136284 193142 113532 60155 184164 57415 268145 145595 93585 129171 112298 270849 235580 16842 102131 88984 223025
is_linear=0
shrinkage=0.03


Tree=30
num_leaves=31
num_cat=0
split_feature=29 17 36 21 3 29 11 46 20 33 7 7 49 11 25 16 44 11 9 28 21 30 0 16 38 33 30 4 11 1
split_gain=0.0690216 0.0264428 0.0256803 0.0139715 0.0162952 0.0139205 0.00853608 0.00702107 0.00625363 0.00576275 0.00528596 0.00480231 0.00466904 0.00460676 0.00455681 0.00428895 0.00414598 0.00409907 0.00340721 0.00319996 0.00302782 0.00265828 0.00252175 0.00242797 0.00225915 0.00222347 0.00217457 0.00215162 0.00205923 0.00176068
threshold=-0.079369300632769424 0.30345171294486223 -1.2138878679532619 -0.20092468076724798 -0.18031190334683164 -0.41295185148590846 -0.60988060984869097 -0.46523912355937508 0.26723899842733162 -1.7406293867820903 -0.43490624925178362 0.24981836388382453 0.27432753031951607 0.243967310213242 -0.087338853801067665 -0.39749685319329325 -0.35960041699144435 -0.32770982120345854 1.017174042052434 0.39790211073871234 0.1776611115138336 0.86807442261556578 -1.1296874843525921 -0.35141174086874577 0.15871700372402414 -0.75215949545830896 0.85768188996556305 -0.52647391701482082 -0.29988029190731152 0.50848195624149373
decision_type=2 2 2 2 2 2 2 2 2 2 2 2 2 2 2 2 2 2 2 2 2 2 2 2 2 2 2 2 2 2
left_child=2 3 7 19 12 16 14 13 28 -6 24 -10 -5 -1 -7 -12 25 23 -11 -2 -16 -21 -17 -18 -3 -4 -14 -15 -8 -26
right_child=1 10 5 4 9 6 8 -9 11 18 15 -13 26 27 20 22 17 -19 -20 21 -22 -23 -24 -25 29 -27 -28 -29 -30 -31
leaf_value=-2.1814881940470617e-05 0 0 0 5.6125027206935383e-05 -2.0981200698323447e-05 0.00010538935689876532 0 0 0.00035353028667805788 -0.0012256241391972482 0.0001006614655030328 0 -0.00067106320197819183 0 0.00063315979287248848 0 0.00051799127882518829 0 0 -0.00078412773726603752 0 0 -0.00042634197469862552 0 0.0004623886915514945 0.00060836042446885553 0 -0.00090262907537809944 -0.00019913185076964024 0
leaf_weight=20.698791176255327 38.974215156689752 15.23419286025455 10.848661154625004 16.23668727488257 9.9891035027103481 70.543660144961905 44.164343239623122 63.995162923703901 63.632819726597518 67.137221210403368 18.424171842809301 45.417136182077229 15.784309157170357 3.3796509053790968 46.118395174038596 14.598292772134299 43.042438856617082 40.620083509245887 5.197338212048634 11.813293491431979 5.7810370134538962 9.5263887250330281 49.781932599144056 20.347850153862964 25.207947157847233 112.16330718662357 2.9579289989196687 23.648197554342914 97.107173047785182 6.2252163913799441
leaf_count=41282 77710 30381 21637 32363 19917 140662 88070 127613 126871 133862 36734 90563 31475 6738 91974 29109 85862 80998 10363 23551 11528 18995 99251 40586 50258 223687 5898 47157 193629 12410
internal_value=-2.64592e-06 -0.000381415 0.000156615 -0.00062035 -0.000820322 0.000236998 0.000113042 -0.000248074 4.03116e-07 -0.00106059 -3.04604e-05 0.000182473 -0.00016908 -0.000525793 0.000318819 -0.000193669 0.000427316 0.000233576 -0.00116268 -0.000181691 0.000551117 -0.000477767 -0.000324498 0.000384338 0.000194845 0.00056674 -0.000524244 -0.000800759 -0.000118904 0.00034792
internal_weight=1018.6 307.088 711.509 177.616 117.303 599.787 372.765 111.722 250.321 82.3237 129.472 109.05 34.9789 47.7266 122.443 82.8044 227.022 104.01 72.3346 60.3139 51.8994 21.3397 64.3802 63.3903 46.6674 123.012 18.7422 27.0278 141.272 31.4332
internal_count=2031134 612277 1418857 354134 233878 1196067 743297 222790 499133 164142 258143 217434 69736 95177 244164 165094 452770 207446 144225 120256 103502 42546 128360 126448 93049 245324 37373 53895 281699 62668
is_linear=0
shrinkage=0.03


Tree=31
num_leaves=31
num_cat=0
split_feature=29 36 17 34 21 3 46 33 11 29 7 16 33 11 7 7 11 29 9 26 20 0 16 1 28 8 20 49 21 30
split_gain=0.0656642 0.0248848 0.0229798 0.0133211 0.0132572 0.0134715 0.0102735 0.00618906 0.00602695 0.00566202 0.00563554 0.00498744 0.00416229 0.0037923 0.00666144 0.00366185 0.00358322 0.00348919 0.00322481 0.00290024 0.00280917 0.00272902 0.00259098 0.00214136 0.00212917 0.00204444 0.00204226 0.00196445 0.00165551 0.00164843
threshold=-0.05317461549678406 -0.7689467301134093 0.20889798454645694 -0.63351375823664591 -0.20092468076724798 -0.18031190334683164 -0.59704364870099702 -1.7406293867820903 -0.07287940026678745 -0.47608489893450373 -0.53272404488144698 -0.55741330403906308 -0.55306768254419059 -0.32065574670470415 0.15200056825416117 -0.33708845362212031 -0.72691084245884341 -0.40960119531878852 0.28890094471172417 1.0485266563546383 1.27307872189152 -1.1296874843525921 -0.34460823017974007 0.28437725601368097 0.63022015458783909 0.31603930612111913 0.32504277192178288 -0.49974170556313408 1.4344038696640979 1.0975849805250115
decision_type=2 2 2 2 2 2 2 2 2 2 2 2 2 2 2 2 2 2 2 2 2 2 2 2 2 2 2 2 2 2
left_child=1 6 4 16 22 15 8 -7 -1 25 23 -12 -10 19 -15 -6 -3 24 -9 -11 -14 -13 -2 -4 -8 -5 -19 -18 -29 -23
right_child=2 3 10 9 5 7 17 18 12 13 11 21 20 14 -16 -17 27 26 -20 -21 -22 29 -24 -25 -26 -27 -28 28 -30 -31
leaf_value=0 0 0.00023718373863564746 0.00032019539920289693 0.00068559847848078553 7.0756128518770724e-05 0 0.00033812678642902711 -0.0013368799019874507 0 0.0004132992399267079 0.00016176926732519356 0 -0.00092540627441202547 0.00030751941864974158 -7.7655590428197247e-05 -0.00045481031148717263 5.5124227008053762e-05 -0.00020846353898393836 -0.00040282345267641915 0 0 -0.00049134336314829398 -0.00042946167636502683 0 0 0 3.8210019602106114e-05 -0.00024858286133218739 1.4094005312990564e-05 0
leaf_weight=23.870109808049165 31.598639591014944 41.228866247169208 31.706473958387505 64.710606960172299 10.366168988402935 9.3034136740607192 38.945160612114705 50.587283765373286 12.735385473934 164.57641132466961 14.826831342128569 16.553714308014605 27.812148869503293 86.132453916070517 58.009241675434168 20.711197590338998 23.157408075290732 55.334093628509436 14.468074976466594 6.5910707608563817 2.6269966313266186 51.449831842968706 19.738842643913813 12.519633418996817 12.763098899682516 7.5476056374027385 31.927610624348745 66.229267101094592 2.9707689109491175 7.2433508377871467
leaf_count=47609 63003 82229 63220 129052 20661 18550 77668 100861 25396 328190 29562 33008 55459 171741 115669 41296 46175 110339 28851 13144 5238 102576 39355 24962 25453 15057 63661 132076 5923 14442
internal_value=0 0.00015094 -0.000382252 0.000263122 -0.000631805 -0.000833241 -0.000118282 -0.00106467 -0.000425161 0.000352179 -6.86014e-05 -0.000220528 -0.000637445 0.000279255 0.000131694 -0.000182969 0 8.18069e-06 -0.00117526 0.000385991 -0.000836307 -0.000335726 -0.000159662 0.00017299 0.000221474 0.000628875 -8.38304e-05 -9.90181e-05 -0.000193954 -0.00043168
internal_weight=1018.24 727.168 291.073 521.154 156.774 105.436 206.015 74.3588 67.0446 387.567 134.3 90.0737 43.1745 315.309 144.142 31.0774 133.586 138.97 65.0554 171.167 30.4391 75.2469 51.3375 44.2261 51.7083 72.2582 87.2617 92.3574 69.2 58.6932
internal_count=2030426 1450079 580347 1039256 312577 210219 410823 148262 133702 772853 267770 179588 86093 628744 287410 61957 266403 277121 129712 341334 60697 150026 102358 88182 103121 144109 174000 184174 137999 117018
is_linear=0
shrinkage=0.03


Tree=32
num_leaves=31
num_cat=0
split_feature=29 11 9 21 11 20 11 16 20 21 21 16 3 21 20 47 44 11 38 29 47 47 47 21 12 7 46 17 20 45
split_gain=0.0608226 0.0399404 0.0273821 0.010577 0.0121045 0.0101324 0.00992794 0.00968925 0.00945187 0.00943317 0.00776455 0.00640006 0.00639213 0.00550432 0.00601009 0.0055918 0.00466041 0.00461036 0.00430472 0.00356454 0.00326921 0.0031322 0.0027164 0.0024089 0.00227006 0.00216988 0.00208879 0.0019279 0.00183148 0.0017884
threshold=-0.36650536388879795 0.058455151891362488 0.58021016628462441 1.9691445767909197 0.37619029390204856 0.19568413225596679 2.6982189037551034 -0.34460823017974007 0.51749138759542201 0.96918619688801144 -0.79608175548667004 -0.80387791680888143 0.48073166152214947 0.028435016084425332 1.4701684527116912 1.3268914522886197 -0.35960041699144435 0.068143286201855502 0.19583053280712184 -0.50025015184359145 -0.58766882161036171 -0.70382306356859303 0.047130189628768478 -1.0000000180025095e-35 0.099823179852482291 0.34763615951348786 0.83159770982069248 -0.64708527072484134 0.25327558225856917 -0.090051173287198125
decision_type=2 2 2 2 2 2 2 2 2 2 2 2 2 2 2 2 2 2 2 2 2 2 2 2 2 2 2 2 2 2
left_child=3 7 6 4 11 18 13 10 -5 -7 20 23 28 15 -15 -3 -6 -10 -4 -13 -2 -14 -11 -1 -21 -19 -18 -22 -9 -23
right_child=1 2 5 8 16 9 -8 12 17 22 -12 19 21 14 -16 -17 26 25 -20 24 27 29 -24 -25 -26 -27 -28 -29 -30 -31
leaf_value=0.0007669736730745515 0 -0.00046905638598268481 -0.00049209545338065443 0 0.00012662908220950619 0 -0.0015282119055670515 -8.8977474519396092e-05 0 0.001279989205591057 1.7896519538142914e-05 0.00062373988108214713 0 -0.00081371377768521698 0 0 -0.00048063969086716761 0.0027480435066631727 0 0.00025007146057793125 0 -0.00050468547768570235 0 0 0 0 0 0.00062200667832168911 0.00014877765139948373 -1.2364802361571163e-05
leaf_weight=47.502111655659974 11.15924349875422 54.881784239900298 29.107332919898909 3.8937639769283106 25.65592370723607 18.263249077077493 15.07116697373567 61.858524676528759 2.8130613665562123 10.302598378504625 130.20939322345657 28.618155390606262 10.286691183224319 87.542660080944188 6.8798102034488684 21.70964763185475 26.694227341853551 4.3964185864897445 18.570530254393816 156.88484708342003 2.3517957186559206 52.757521814550273 1.0577028109109949 11.249700957676394 54.495646263239905 0.10581977444235224 4.7677536009578025 44.244035029609222 52.342939991562162 22.845925713016186
leaf_count=94752 22247 109424 58040 7764 51155 36416 30049 123348 5605 20539 259634 57077 20511 174550 13716 43287 53228 8766 37021 312902 4690 105190 2109 22428 108679 211 9506 88219 104370 45551
internal_value=0 -0.000176741 -0.000462181 0.000306086 0.000266731 0 -0.00065938 9.26598e-06 0.00128788 0.000447974 0.000170963 0.000345727 -0.000127638 -0.000565268 -0.000746056 -0.000303223 -9.39228e-05 0.00192467 -0.000258028 0.000255716 0.000464109 -0.000323933 0.00112722 0.000662352 0.000191698 0.00263448 -0.000369127 0.000574567 0 -0.000395596
internal_weight=1018.52 651.443 263.386 367.077 355.868 77.3014 186.085 388.056 11.2091 29.6236 187.964 298.75 200.092 171.014 94.4225 76.5914 57.1179 7.3153 47.6779 239.999 57.7551 85.8901 11.3603 58.7518 211.38 4.50224 31.462 46.5958 114.201 75.6034
internal_count=2030984 1298911 525151 732073 709727 154125 371026 773760 22346 59064 374790 595838 398970 340977 188266 152711 113889 14582 95061 478658 115156 171252 22648 117180 421581 8977 62734 92909 227718 150741
is_linear=0
shrinkage=0.03


Tree=33
num_leaves=31
num_cat=0
split_feature=29 17 25 28 3 36 21 39 29 11 8 44 45 21 9 34 47 34 16 17 47 20 36 21 3 4 8 20 17 47
split_gain=0.0576641 0.0327877 0.0138492 0.01305 0.00796412 0.00748713 0.00732669 0.0066369 0.00622016 0.0051329 0.00506374 0.00495123 0.00493343 0.00486395 0.00440331 0.00341463 0.00335559 0.00316912 0.00273489 0.00292879 0.00227783 0.00225394 0.00222747 0.00206736 0.00306982 0.00203825 0.00197611 0.00183145 0.00178801 0.0015439
threshold=-0.28800356645620168 0.03912971977830846 0.71158051048596715 -0.53996276032769541 0.84484560727061619 -1.5871515480272047 0.66796259642124711 -0.5384561345244181 -0.50025015184359145 -0.75210444225570272 0.21674549291291434 -0.35960041699144435 -0.081704267223299223 -0.20092468076724798 0.87151947467444313 -0.31977681439434769 1.3966238672141567 2.0791038219984945 -0.54000021779910212 0.80271488907477873 -0.26161328172670456 1.2165825898588454 -0.57700733079241096 1.5788998553941169 -0.08943916417504047 -1.8274689354554166 0.31603930612111913 0.71276879125724635 0.58734236975291043 1.0507751402685774
decision_type=2 2 2 2 2 2 2 2 2 2 2 2 2 2 2 2 2 2 2 2 2 2 2 2 2 2 2 2 2 2
left_child=3 2 7 9 10 -5 12 13 26 -1 22 23 16 -2 25 -10 -4 -17 -6 29 -15 -9 -3 -11 -25 -8 -7 28 -12 -20
right_child=1 4 6 5 18 8 14 21 15 11 27 -13 -14 20 -16 17 -18 -19 19 -21 -22 -23 -24 24 -26 -27 -28 -29 -30 -31
leaf_value=0.0007184127647631071 -5.0810134589069486e-05 0 -0.0010628314779827861 -0.00040515366727110128 0 0.00077236437761836886 0 -0.00014465726583481639 -1.0347439411484589e-05 0.00034439149662657162 -0.00030172630049072111 4.0179298643694297e-05 0 0 0 0.00024086517746221768 -0.00022883699088750516 -7.1542023762090345e-05 -0.0006516018157227281 0 -0.00077424732757469712 0.00027054670087036216 0.00027295534634336492 0.0016319879155351213 0 -0.0015817602016743057 0 8.7784886380726831e-05 0 0
leaf_weight=54.132286472304258 27.267525758419652 21.879321773012634 23.021516782755498 22.047679700364824 10.950082259718327 18.495765241794292 0.64039565110579744 62.674152610474266 114.26510283868993 61.514601264207158 37.622181904211175 63.261253253731411 18.966177409805823 4.0163126114639445 1.9357842351892021 139.58590491104405 19.39272710646037 19.860955961397849 29.820506318239495 15.050074648344888 40.158175238466356 11.427616817527449 96.180466019373853 4.6761081594740972 1.700903984659816 19.8522496529622 2.0991554553620508 29.218766923062503 43.73980088531971 3.1003095408668733
leaf_count=107969 54369 43624 45905 43968 21832 36884 1277 124953 227889 122671 75020 126152 37818 8007 3859 278357 38668 39607 59452 30005 80067 22779 191764 9323 3391 39587 4187 58264 87218 6181
internal_value=-2.13998e-06 -0.000227405 -0.000495175 0.000224004 -3.40527e-06 9.44874e-05 -0.000823528 -0.000285486 0.000142111 0.000428948 6.60187e-05 0.0002866 -0.000564518 -0.000497973 -0.00139861 9.14032e-05 -0.000752242 0.000183136 -0.000323718 -0.000424293 -0.00070608 -4.01417e-05 0.000209085 0.000472025 0.00123278 -0.00152783 0.000670363 -5.95943e-05 -0.000149393 -0.000585143
internal_weight=1018.55 516.914 229.353 501.64 287.562 316.355 83.8089 145.544 294.307 185.285 228.641 131.153 61.3804 71.442 22.4284 273.712 42.4142 159.447 58.921 47.9709 44.1745 74.1018 118.06 67.8916 6.37701 20.4926 20.5949 110.581 81.362 32.9208
internal_count=2031047 1030649 457289 1000398 573360 630892 167114 290175 586924 369506 455890 261537 122391 142443 44723 545853 84573 317964 117470 95638 88074 147732 235388 135385 12714 40864 41071 220502 162238 65633
is_linear=0
shrinkage=0.03


Tree=34
num_leaves=31
num_cat=0
split_feature=29 36 17 29 30 25 12 3 3 44 11 25 44 11 29 4 21 8 21 17 21 20 11 1 30 20 47 34 21 21
split_gain=0.0570664 0.023384 0.0210559 0.0153028 0.013165 0.0126906 0.00854316 0.0050012 0.00474669 0.00416164 0.00413422 0.00418135 0.00400402 0.0036488 0.00351325 0.00287379 0.00259347 0.00257437 0.00255131 0.00252648 0.00227902 0.00227404 0.00208174 0.00190915 0.00190795 0.00188377 0.00186889 0.00162813 0.00160086 0.00140879
threshold=-0.05317461549678406 -1.4365421527250468 0.20889798454645694 -0.41295185148590846 0.90840088609486047 0.39673186855213971 0.11066961910953278 0.84484560727061619 0.16486222946934145 -0.35960041699144435 -0.26402701682472068 0.076937233667596708 -0.35960041699144435 -0.74572407850378652 -0.40138121152578199 -1.2928216263554355 -0.1043789996058242 0.21674549291291434 -0.67229424333963828 0.24132053534918377 1.693487540123761 0.59612156296468088 0.51905942513726122 0.23257361140496213 1.1794605844947341 -1.0000000180025095e-35 1.2950615548928073 -0.51139093329909013 1.5289570278391638 0.14589048351779574
decision_type=2 2 2 2 2 2 2 2 2 2 2 2 2 2 2 2 2 2 2 2 2 2 2 2 2 2 2 2 2 2
left_child=1 14 4 12 5 8 10 17 -2 21 11 -5 20 29 -1 -7 -10 -4 -17 -11 27 -8 -22 -9 -25 -12 -6 -3 -16 -14
right_child=2 3 7 6 26 15 9 23 16 19 25 -13 13 -15 28 18 -18 -19 -20 -21 22 -23 -24 24 -26 -27 -28 -29 -30 -31
leaf_value=0 0 9.1434871831942488e-06 0.00019083449197007345 0.00013075977400975946 -0.00024801836449949994 0 -8.869614645893648e-06 0 0 -0.00038545167294389753 -9.3033369043344984e-05 0.00049737491208035793 0.00057779081863849446 6.413527772908968e-05 -0.00057233750575219969 0 -0.00086286646853227721 -9.3595015447536751e-05 -0.0012016589724143628 0 6.247237339359425e-05 0.00035594693370076465 0.0023471187811649314 -0.00065133822588274242 0 0.00014978607274918537 0.00013300900482010708 0.00051315686608211257 0 0
leaf_weight=22.854392129462212 29.424630850495305 19.367148550692946 51.328778362716548 122.36914213286946 23.38000485568773 3.7448810857022172 34.611321639094967 6.7330862052622278 10.003627055790277 49.402926506008953 54.24314442666946 58.301099452481139 28.173929120530378 81.261513467237819 42.671191652363632 4.2174340144265434 18.473858735058457 54.280739665729925 52.563199711730704 26.99362543906318 4.4412893671542397 17.395114278770052 2.6276026181876659 19.522411654237661 2.4677843543468034 54.648611545795575 14.801821095054036 102.35669353569392 2.0246472345897919 3.0868521847296497
leaf_count=45578 58660 38628 102339 244001 46618 7466 69014 13423 19945 98510 108159 116272 56210 162056 85089 8409 36832 108234 104807 53830 8851 34682 5240 38920 4920 108959 29513 204133 4037 6155
internal_value=0 0.000143764 -0.000353406 0.000201216 -0.000592152 -0.000750727 8.21821e-05 -5.27355e-05 -0.000351363 -0.000107384 0.000176603 0.000265669 0.000394954 0.000214725 -0.000372542 -0.00108321 -0.000633271 1.62381e-05 -0.00113855 -0.000257514 0.000529121 5.54691e-05 0.0013361 -0.000410782 -0.000546393 1.27814e-06 -2.17353e-05 0.000457611 -0.000529619 0.000510213
internal_weight=1017.77 726.83 290.942 659.28 156.609 118.428 417.965 134.333 57.9021 128.403 289.562 180.67 241.315 112.522 67.5502 60.5255 28.4775 105.61 56.7806 76.3966 128.793 52.0064 7.06889 28.7233 21.9902 108.892 38.1818 121.724 44.6958 31.2608
internal_count=2029490 1449404 580086 1314700 312250 236119 833427 267836 115437 256036 577391 360273 481273 224421 134704 120682 56777 210573 113216 152340 256852 103696 14091 57263 43840 217118 76131 242761 89126 62365
is_linear=0
shrinkage=0.03


Tree=35
num_leaves=31
num_cat=0
split_feature=29 11 9 29 36 41 21 11 45 20 30 16 7 28 33 17 12 21 30 38 21 30 34 11 16 30 17 7 30 49
split_gain=0.0565057 0.0229261 0.0214144 0.0159695 0.00976181 0.0096007 0.00745785 0.00680886 0.00593628 0.00591634 0.00587734 0.00406474 0.00378394 0.00373723 0.0039665 0.00366703 0.00339332 0.00291023 0.00268602 0.00258282 0.00255253 0.0025479 0.00254192 0.00245727 0.00228368 0.00203295 0.00190548 0.00181021 0.00180471 0.00170806
threshold=-0.17669707489927491 -0.18184266431362714 0.43455551208971505 -0.40641505437816 -1.4365421527250468 -0.47985710125605918 1.9691445767909197 0.34801417585906541 -0.090340779519163625 0.16630124264056265 0.53257147172248476 -0.80387791680888143 -0.33708845362212031 0.1528356193589275 0.060304910011721516 0.49304642440008956 1.0000000180025095e-35 1.1081036204302139 0.94131744549352192 0.19005706790610424 -0.13595592137180321 1.3446230858191612 -0.43457472120842672 -0.0641753081757334 -0.34460823017974007 -0.57800581188837263 -0.51534869728694399 0.054182728896532993 -0.85615015006933726 -1.2277668214463702
decision_type=2 2 2 2 2 2 2 2 2 2 2 2 2 2 2 2 2 2 2 2 2 2 2 2 2 2 2 2 2 2
left_child=3 13 5 6 -5 21 7 11 16 19 15 -1 23 14 -2 -7 24 -11 25 -4 -16 -3 -13 -8 -6 -15 -10 -18 -28 -25
right_child=1 2 9 4 8 10 12 -9 26 17 -12 22 -14 18 20 -17 27 -19 -20 -21 -22 -23 -24 29 -26 -27 28 -29 -30 -31
leaf_value=0.00067904153519969274 -1.9293234269695287e-05 -0.0010496689407401374 -0.00045368163187227309 -0.00041403456650126644 0.00021922892476602932 -0.00074484003831853246 0 0 0 0 -5.4757442790511211e-06 2.0714491791136811e-05 0 0 0.00049481081732898914 0 0 0.00082123726795389274 0 0 0 0 0.00035146591283199442 0 -8.925540356605381e-06 -0.00045210933094263887 0 -0.0003567799972216587 0.00036521351495881596 0.0022322198203045965
leaf_weight=45.653304480889346 68.8079198168125 62.096605819358956 23.675072879472282 36.528627642954234 57.079499051556922 39.245552225620486 2.7463746690773405 42.34324513329193 21.282847204187419 15.286447899648921 34.118400204111822 49.031937614432536 1.0273656596546041 10.889475616917478 26.814008242450655 8.2070437574293447 32.539260491845198 8.0000557377934438 13.575488669914192 18.366198459116276 14.295174295664763 5.639747390698175 131.55400108813774 0.7021161252632736 59.411337987112347 33.69998402625788 32.379660515347496 31.352613036578987 87.469562022946775 4.5401692665764131
leaf_count=91059 137198 123808 47209 72842 113820 78249 5473 84428 42435 30480 68024 97799 2048 21710 53463 16363 64883 15949 27071 36615 28502 11245 262373 1399 118469 67188 64563 62519 174423 9053
internal_value=1.48154e-06 -0.000283517 -0.000489342 0.000177797 3.59108e-05 -0.000687975 0.000349994 0.000306604 9.63617e-05 0 -0.000402027 0.000372406 0.00130983 -2.83622e-06 8.11345e-05 -0.000623927 -1.66754e-06 0.000345286 -0.000213097 -0.000246206 0.000322205 -0.000988036 0.000278274 0.00153707 7.71151e-05 -0.000336825 0.000242911 -0.000192262 0.00028947 0.00200554
internal_weight=1018.36 382.717 214.635 635.642 358.043 149.307 277.599 268.582 321.515 65.3278 81.571 226.239 9.01603 168.082 109.917 47.4526 180.383 23.2865 58.1649 42.0413 41.1092 67.7364 180.586 7.98866 116.491 44.5895 141.132 63.8919 119.849 5.24229
internal_count=2030660 763074 427942 1267586 713954 297689 553632 535659 641112 130253 162636 451231 17973 335132 219163 94612 359691 46429 115969 83824 81965 135053 360172 15925 232289 88898 281421 127402 238986 10452
is_linear=0
shrinkage=0.03


Tree=36
num_leaves=31
num_cat=0
split_feature=29 36 17 29 30 9 11 7 20 21 33 22 21 1 20 16 46 7 47 28 20 47 20 20 21 33 36 37 1 21
split_gain=0.0500506 0.0219806 0.021556 0.0126442 0.0104206 0.0107393 0.00756874 0.00905172 0.00861655 0.0065254 0.00605362 0.00469136 0.00550583 0.00451665 0.00428021 0.00406816 0.00342353 0.00319757 0.00286371 0.00269814 0.00212402 0.00206738 0.00200738 0.00200302 0.00194722 0.00154571 0.00150368 0.00125028 0.00110168 0.00107977
threshold=-0.079369300632769424 -1.4365421527250468 0.15794336589440275 -0.43664838942726897 0.90840088609486047 -1.0000000180025095e-35 -0.32770982120345854 0.15200056825416117 -0.28248064947026313 0.53480850555394033 -1.8636192345061704 -0.018462021142994167 -0.16783451677475908 0.63457495178094059 0.12230378750745209 -0.25366883480971208 -0.098845144659529968 -0.43490624925178362 1.2950615548928073 -0.019341035335647752 0.91511795939861562 1.3619506873266054 1.1721848384159146 1.3794673297903481 -0.75380793703309634 0.27449679419889012 1.5882683897639047 0.60217180255414482 0.91591857034188451 1.5289570278391638
decision_type=2 2 2 2 2 2 2 2 2 2 2 2 2 2 2 2 2 2 2 2 2 2 2 2 2 2 2 2 2 2
left_child=1 16 4 19 5 9 11 8 -8 23 -11 12 -5 17 -7 -15 22 -4 -9 26 -17 28 24 -2 -1 -19 -3 -13 -6 -26
right_child=2 3 13 6 21 14 7 18 -10 10 -12 27 -14 15 -16 20 -18 25 -20 -21 -22 -23 -24 -25 29 -27 -28 -29 -30 -31
leaf_value=0 -0.00065070928124132197 0.00051291014996520193 0.0002551786758080045 0.00052076898328426034 0 -0.00047645154003637171 -0.00010838765403296244 -0.00030723439074632796 0.00037693614957609784 0 -0.0015124289573558748 0.00014480240121337605 0 0 0 -0.0006130640945716505 0 -0.00019776741887370737 0 0.00013953307864971495 0 0.00010859354053013155 0 0 -0.00075284222568709725 5.8368197434286626e-05 0 0 -0.00045423895892551439 0
leaf_weight=6.5454333007801315 41.515375530580059 128.35724931309232 44.167742924357299 71.603200745943468 11.217465631314555 27.37611056107562 48.807406165054999 84.945156328845769 69.840523144055624 2.6696411033044596 27.496492651349399 106.73824411770329 17.446522166545037 14.317555282614192 15.936373075703157 25.686050336575139 25.315757875330746 39.266296614194289 19.721356388239656 54.259786529408302 4.809832777187693 14.505306111997923 3.5836079907021476 4.1722687376313834 29.268578106537465 20.40313343127491 4.943410502630285 38.87587396154413 13.541019746393429 1.2122572438674968
leaf_count=13056 82774 255994 88066 142798 22367 54583 97323 169378 139249 5323 54825 212833 34798 28544 31767 51210 50481 78293 39328 108216 9589 28922 7146 8319 58365 40681 9859 77526 27000 2417
internal_value=0 0.000137417 -0.000320842 0.000193782 -0.000566159 -0.000709862 9.99817e-05 -1.26658e-05 0.000152007 -0.00094229 -0.00138 0.000219965 0.000403015 -3.92034e-05 -0.000233543 -0.000301775 -0.000369 4.52243e-05 -0.000227998 0.000406826 -0.000503869 -5.36138e-05 -0.000544899 -0.00058762 -0.000611919 -5.99084e-05 0.000493121 8.74195e-05 -0.000269817 -0.000715785
internal_weight=1018.55 711.464 307.081 645.539 158.43 119.166 457.978 223.314 118.648 75.8538 30.1661 234.664 89.0497 148.651 43.3125 44.8134 65.9256 103.837 104.667 187.56 30.4959 39.2638 40.6099 45.6876 37.0263 59.6694 133.301 145.614 24.7585 30.4808
internal_count=2031030 1418767 612263 1287302 315880 237591 913233 445278 236572 151241 60148 467955 177596 296383 86350 89343 131465 207040 208706 374069 60799 78289 80984 91093 73838 118974 265853 290359 49367 60782
is_linear=0
shrinkage=0.03


Tree=37
num_leaves=31
num_cat=0
split_feature=29 11 47 25 21 11 20 16 21 11 16 39 21 21 20 17 44 5 9 34 46 45 47 17 27 7 46 21 21 4
split_gain=0.0471566 0.0309375 0.0254439 0.010453 0.00847571 0.0109606 0.00878161 0.00828732 0.00704046 0.00612701 0.00605149 0.00601553 0.0062229 0.0058447 0.00565892 0.00485574 0.00447914 0.00341158 0.00338027 0.00323028 0.00321849 0.00274693 0.00265456 0.00259061 0.00254742 0.00216473 0.00209336 0.00171959 0.00169088 0.0014115
threshold=-0.36217876682363365 0.019411163354980981 -0.62541179604013319 1.3330935774757675 1.887533919208759 0.37619029390204856 0.66080106260214289 -0.34460823017974007 1.0775082272588639 0.068143286201855502 -0.78688333721446091 -0.092289437383575146 -0.1758735837941047 -0.79608175548667004 0.25327558225856917 -1.0419636976061544 -0.35960041699144435 -0.043435559198250671 0.58021016628462441 -0.42653232734768071 0.40443285179777 -0.086232624369268776 -0.23653038365906479 -0.77731289446623497 -0.022792051214943525 0.34763615951348786 0.83159770982069248 0.89344462391419799 -0.38986195649191058 0.90437686426091524
decision_type=2 2 2 2 2 2 2 2 2 2 2 2 2 2 2 2 2 2 2 2 2 2 2 2 2 2 2 2 2 2
left_child=4 7 8 11 5 10 -6 13 24 -8 23 12 -4 18 17 20 -7 -9 -2 -12 -5 -21 28 -1 -3 -11 -18 -25 -16 -15
right_child=1 2 3 15 6 16 9 14 -10 25 19 -13 -14 29 22 -17 26 -19 -20 21 -22 -23 -24 27 -26 -27 -28 -29 -30 -31
leaf_value=0 0.00056887958012528613 -0.00018672636762760619 -0.00011826460953821545 -0.0013597898250942765 0 0.00010190700157436766 0 0 0.00094889240140553382 0.0025933769287489546 1.1443684494631684e-05 -8.0658927117868953e-05 -0.00066959153740619233 9.4347922268567963e-05 0 -0.00025047548765825742 -0.00048051843656557225 -0.00038932212787304456 0 0.00014114478573000526 0 0.00046493384341041405 -5.1030623291393241e-05 0.00068389654865299719 0.00041859056810354331 0 0 0 0.00038952758179228956 -0.00014028153272886864
leaf_weight=5.2749029746628358 41.132679917500354 17.816219135362189 41.723007454536855 26.549695297260772 4.8588508371612971 25.926242102636024 2.9926331543829292 43.506226211029571 10.204456626903264 4.5539854703238234 76.373791381192859 59.297667292528786 88.863553751958534 101.83249820506899 8.2650215884787013 14.85649191343691 27.458830515446607 68.61308090511011 15.088137359183746 95.756687968445476 2.3099346436210899 68.4134531749296 43.372402277484071 56.93871182546718 9.5394769582198951 0.10482404968934123 4.8600183314993037 1.9469270423869591 26.436781336786225 23.102082122000866
leaf_count=10517 82012 35522 83190 52939 9688 51694 5963 86753 20343 9080 152331 118230 177177 203050 16481 29625 54753 136807 30085 190976 4606 136437 86481 113569 19019 209 9690 3881 52711 46066
internal_value=0 -0.000154541 -0.000398671 -0.000519918 0.00026864 0.000231563 0.00110453 1.56451e-05 0.00027554 0.00174001 0.00030654 -0.000396134 -0.000516413 0.000167784 -0.00011349 -0.000988962 -0.000109171 -0.000255678 0.000427387 0.000216997 -0.00126517 0.000294349 5.22749e-05 0.00059549 0 0.00248115 -0.000371324 0.000652663 0.000267843 2.69492e-05
internal_weight=1017.97 642.509 271.161 233.6 375.46 362.95 12.5103 371.349 37.5602 7.65144 304.704 189.884 130.587 181.155 190.194 43.7161 58.2451 112.119 56.2208 240.544 28.8596 164.17 78.0742 64.1605 27.3557 4.65881 32.3188 58.8856 34.7018 124.935
internal_count=2029885 1281097 540651 465767 748788 723848 24940 740446 74884 15252 607711 378597 260367 361213 379233 87170 116137 223560 112097 479744 57545 327413 155673 127967 54541 9289 64443 117450 69192 249116
is_linear=0
shrinkage=0.03


Tree=38
num_leaves=31
num_cat=0
split_feature=29 17 36 21 3 34 46 33 1 11 11 16 28 9 29 30 38 7 49 20 18 11 21 20 4 30 20 29 20 20
split_gain=0.0461404 0.0201423 0.0178885 0.010227 0.0135247 0.00894543 0.00735448 0.00442229 0.0041477 0.0040416 0.00403972 0.00338142 0.0033064 0.00319797 0.003087 0.00305064 0.00295666 0.00275395 0.00272935 0.00267234 0.00261395 0.00259976 0.00225448 0.00221668 0.00212207 0.00210081 0.00195371 0.00185294 0.00183402 0.00173223
threshold=-0.11906321356540407 0.21700747160860931 -0.82762359183799561 -0.04448677611076212 -0.050610566600795652 -0.34681047311609653 -0.59704364870099702 -1.7406293867820903 0.61598602150287307 -0.64641441453859283 0.37619029390204856 -0.12102074616658369 0.45465340410754079 1.017174042052434 -0.47295817247969568 0.86807442261556578 0.097632939185800946 -0.239270657992457 -0.39537736400207441 -0.68784595790269309 0.45303796785177414 -0.66481826233137609 0.91818437301622879 0.25327558225856917 -0.52647391701482082 -1.8109472540515603 0.72460188307082074 -0.45615243083666474 0.89211294280270226 1.598206864596954
decision_type=2 2 2 2 2 2 2 2 2 2 2 2 2 2 2 2 2 2 2 2 2 2 2 2 2 2 2 2 2 2
left_child=2 3 6 12 17 9 10 -6 16 20 -1 -10 -2 -9 -7 -14 -3 -5 -18 21 -4 -16 -11 -24 -12 -21 27 -8 -13 -19
right_child=1 8 5 4 7 14 26 13 11 22 24 28 15 -15 19 -17 18 29 -20 25 -22 -23 23 -25 -26 -27 -28 -29 -30 -31
leaf_value=-4.5071567308604081e-05 0 -0.00014422381335482291 0.00034671955126743009 4.871852531653447e-05 0 0.00056712976279163648 0.00016661834433302493 -0.0011178190281014712 0 -8.2223878774084292e-05 0 -0.00057089056474346272 -0.00074445486359208302 0 0.00034618257651738928 0 0.00038880651975686131 -0.00047231159352328206 0 0 0 -1.1802479406713256e-05 0 0.00056531753051116459 -0.00078723324512078936 0.00037826745977058852 0.00022401787189675642 -0.00013490882724838816 0 0
leaf_weight=31.714235527499113 49.530756016727537 29.246347666019574 57.696544681617524 12.898771901265716 7.6052524872357017 68.060797229933087 18.109000216296408 57.105445743422024 18.045794823497999 115.29597980849212 3.7363248964538824 24.760895007115327 14.998460935312325 4.0277428535046047 21.129892550583463 11.075066837016491 32.568014442163985 20.747493660193872 45.637696591031272 15.755501660867592 23.752857950748876 48.947501140763052 6.0587488512974259 10.239802222116849 22.758614591031801 135.72638378170086 31.906353047292214 72.696510809939355 4.6165501399082123 1.8215960893430736
leaf_count=63252 98758 58330 115073 25709 15164 135736 36115 113861 35977 229920 7449 49366 29902 8031 42136 22083 64927 41369 90991 31415 47372 97608 12081 20412 45383 270641 63622 144967 9204 3632
internal_value=0 -0.000290588 0.000139303 -0.000507613 -0.000712798 0.000233301 -0.000105276 -0.00096865 -1.92507e-05 6.76118e-05 -0.000384891 -0.000266815 -0.000185123 -0.00105835 0.000344822 -0.000462064 6.20907e-05 -0.00013236 0.000177606 0.000262991 0.000237219 5.33282e-05 -1.45682e-05 0.000279963 -0.000678422 0.00034018 2.9132e-06 -4.17388e-05 -0.000467454 -0.000368776
internal_weight=1018.27 334.686 683.585 179.811 104.206 502.664 180.921 68.7384 154.875 213.044 58.2092 47.4232 75.6043 61.1332 289.62 26.0735 107.452 35.4679 78.2057 221.559 81.4494 70.0774 131.595 16.2986 26.4949 151.482 122.712 90.8055 29.3774 22.5691
internal_count=2030486 667304 1363182 358509 207766 1002394 360788 137056 308795 424858 116084 94547 150743 121892 577536 51985 214248 70710 155918 441800 162445 139744 262413 32493 52832 302056 244704 181082 58570 45001
is_linear=0
shrinkage=0.03


Tree=39
num_leaves=31
num_cat=0
split_feature=29 11 47 11 21 16 21 11 37 20 21 45 16 18 36 11 3 47 44 34 21 32 46 17 7 30 23 27 20 36
split_gain=0.0422237 0.0302809 0.0236469 0.0112599 0.00892099 0.00856299 0.00845847 0.00820329 0.00712342 0.00642156 0.00609204 0.00471932 0.0046313 0.00436894 0.00393104 0.00368682 0.00346737 0.00336301 0.0026457 0.00260009 0.00213801 0.00211635 0.00196875 0.00176212 0.00168546 0.00167688 0.00166728 0.00148907 0.00148845 0.00144788
threshold=-0.38904739265824306 -0.17393865185140236 -0.77506210832800571 2.3296276738418311 0.84801523275364243 -0.34460823017974007 1.887533919208759 -0.090936329367872978 0.63315773696104394 0.51749138759542201 -0.79608175548667004 -0.090340779519163625 -0.65560558006557967 0.27635576344338603 0.90959577493840937 0.068143286201855502 0.71324574894094339 -0.2006942084469788 -0.67589320172267275 -0.46583758151085869 0.43297175681149302 1.3347758836896713 -0.13184073365455215 -0.4471732771446047 -0.43490624925178362 0.98630889607204708 -0.095220783090728525 -0.11041323656575672 0.97386236757386879 1.6423862601877046
decision_type=2 2 2 2 2 2 2 2 2 2 2 2 2 2 2 2 2 2 2 2 2 2 2 2 2 2 2 2 2 2
left_child=6 5 4 8 27 10 7 12 11 -8 17 -4 20 21 -10 -11 -7 -2 -9 -14 -1 -5 28 -19 -17 -21 -18 -3 -20 -6
right_child=1 2 3 13 29 16 9 18 14 15 -12 -13 19 -15 -16 24 26 23 22 25 -22 -23 -24 -25 -26 -27 -28 -29 -30 -31
leaf_value=0.00061703087684996402 1.0636422853990222e-06 -0.00023889103505511446 -0.00033587710269324236 -0.0012787385939431581 0.0010125092465969345 0 0 0.0002156618871406162 -0.00069016760153084412 0 5.5076802534317931e-05 0 0 0 -2.2827515854044302e-05 0.0025189657021585385 0 0 -0.00044091885078729537 0.00033345200107833439 0 0 0 0.00070093932093384962 0 0 -0.00037166832591508162 0.00018881054294229684 0 0
leaf_weight=67.272499084589072 21.487044648441952 13.463798338896597 114.55271367519163 22.607330345781527 12.593257365631869 114.92059414670803 3.8208339661359769 34.489606107061263 75.600427913770545 2.8410910031525418 120.22090869082604 70.528137237706687 40.400827529665548 3.32211860269308 19.655498709005769 4.0869006922002882 10.77559630689211 3.2773148191627106 20.00156467437046 89.689282466250006 6.5244847246794953 1.6982549717649806 34.008914589008782 35.730349363409914 0.2864873947110026 10.577983328199478 41.641088081349153 16.039503117091954 4.0834766210755324 1.1425599603098806
leaf_count=134190 42840 26845 228401 45075 25105 229155 7618 68772 150738 5661 239721 140629 80585 6623 39192 8149 21485 6536 39885 178876 13007 3386 67814 71245 571 21101 83025 31980 8142 2278
internal_value=0 -0.000131196 -0.000329111 -0.00042545 0.000287674 5.98912e-05 0.000285711 0.000243866 -0.000352066 0.00117816 0.000208075 -0.000216507 0.000345788 -0.0010615 -0.00058396 0.00171005 -8.22121e-05 0.000462538 0 0.000208639 0.000566562 -0.00120106 -0.000115651 0.000639829 0.00236277 0.000290531 -0.000284802 0 -0.000325313 0.000919256
internal_weight=1017.34 699.256 351.204 307.964 43.2391 348.053 318.084 307.049 280.337 11.0353 180.716 185.081 214.465 27.6277 95.2559 7.21448 167.337 60.4947 92.5836 140.668 73.797 24.3056 58.094 39.0077 4.37339 100.267 52.4167 29.5033 24.085 13.7358
internal_count=2028630 1394259 700252 614044 86208 694007 634371 612372 558960 21999 360342 369030 427759 55084 189930 14381 333665 120621 184613 280562 147197 48461 115841 77781 8720 199977 104510 58825 48027 27383
is_linear=0
shrinkage=0.03


Tree=40
num_leaves=31
num_cat=0
split_feature=29 17 11 16 47 28 16 5 20 11 0 22 9 38 11 44 16 16 20 46 11 1 34 6 32 29 25 28 46 11
split_gain=0.0429122 0.0272651 0.0172035 0.00815106 0.00684851 0.00678926 0.00640064 0.0061623 0.0057263 0.00550427 0.00561355 0.00492827 0.00432866 0.00550301 0.00404293 0.00432474 0.00356412 0.00344242 0.00316162 0.00287372 0.00274432 0.00253992 0.0025025 0.00218212 0.00163093 0.00149091 0.00138583 0.00164532 0.00130821 0.00129067
threshold=-0.36217876682363365 0.31087675870293879 0.70957098132311835 3.1603330758399069 1.1535078284975413 0.33103310100135724 -0.44121042785977876 -1.1926769623390518 0.016554153620629057 -0.56739767934097818 -0.92729270297871758 0.012009636561101024 0.72586482047953382 0.18798563515036393 -0.8449376918537157 -0.35960041699144435 0.42633409581934306 -0.63317535221064514 1.5451482873994067 0.29884400125679172 1.1122704446065426 0.61598602150287307 -0.51139093329909013 -1.0211277148820794 0.40011950515904315 -0.2349073464292134 -0.15302936584914331 0.68420395350488883 0.76442639047301919 -0.73942227828947027
decision_type=2 2 2 2 2 2 2 2 2 2 2 2 2 2 2 2 2 2 2 2 2 2 2 2 2 2 2 2 2 2
left_child=3 2 4 5 9 14 11 -4 21 -2 -11 26 -10 -14 17 22 23 -1 19 -9 -7 -8 -16 -6 -17 -23 -3 -28 -22 -5
right_child=1 6 7 29 16 20 8 18 12 10 -12 -13 13 -15 15 24 -18 -19 -20 -21 28 25 -24 -25 -26 -27 27 -29 -30 -31
leaf_value=0.00081945745888808118 0 0 0 0 0 6.5041831340350838e-05 -3.0564670920444798e-05 -0.00083772442670423768 0 0 -0.00041950811772903715 0 0 0.00057120667640738788 0 0.00016905903621033074 -0.00025552593910088033 0.00014867058056574494 0 -6.9107329199083169e-05 -0.00060482124337993769 0 0.00042572034063363711 0.00037385610378928564 -2.5681814018649467e-05 -0.00052240964059550854 0.00078470127961912826 0 0 0.0019710296830988505
leaf_weight=31.115157261490822 45.596567813889123 10.771317283215465 9.2169153444119711 0.092806184024084692 1.982906981895211 77.374356360931415 78.844784747692756 81.66023113304982 53.102392256027088 19.708413717453368 129.38960625551408 38.807890157797374 14.344749892363323 32.79438785079401 20.626107620075345 62.794594594393857 10.416382485011125 25.812194745521992 3.9757657892187117 13.939692677638957 9.0756390732130949 11.123162945092188 94.040853736340068 36.060993508726824 49.343736661889125 25.276237557001878 22.417277514003221 3.440529096289537 2.0582988015958099 3.2937925650621755
leaf_count=62067 90917 21475 18375 185 3954 154320 157210 162819 105875 39287 257986 77378 28611 65393 41135 125227 20770 51485 7926 27793 18097 22181 187530 71912 98406 50394 44699 6861 4104 6567
internal_value=0 -0.000149904 -0.000328862 0.00025369 -0.000171478 0.000231076 5.62808e-05 -0.000653044 -1.39575e-05 -0.000256054 -0.000344731 0.000296685 0.000135908 0.000349175 0.000302635 0.000222801 0.000106408 0.000568006 -0.000722245 -0.000757031 0 -0.000170345 0.000359159 0.000284361 5.66154e-05 -0.000390704 0.000549882 0.000690333 -0.000438674 0.00185351
internal_weight=1018.5 642.87 351.947 375.628 243.155 372.241 290.923 108.793 215.486 194.695 149.098 75.437 100.242 47.1391 283.733 226.805 48.4603 56.9274 99.5757 95.5999 88.5083 115.244 114.667 38.0439 112.138 36.3994 36.6291 25.8578 11.1339 3.3866
internal_count=2030939 1281816 701739 749123 484826 742371 580077 216913 429664 388190 297273 150413 199879 94004 565850 452298 96636 113552 198538 190612 176521 229785 228665 75866 223633 72575 73035 51560 22201 6752
is_linear=0
shrinkage=0.03


Tree=41
num_leaves=31
num_cat=0
split_feature=29 3 36 49 34 44 46 21 9 21 16 12 11 7 20 28 34 8 33 7 20 11 29 45 11 33 36 11 22 47
split_gain=0.041427 0.0170739 0.0167064 0.00938181 0.00831222 0.00698147 0.00659469 0.0065308 0.00633483 0.00646296 0.00484878 0.00553607 0.00398751 0.00337701 0.00356952 0.00316721 0.00285613 0.00276137 0.0023287 0.00230762 0.00221285 0.0021308 0.00191283 0.00186608 0.00164626 0.00153538 0.00153377 0.00152895 0.00137634 0.00122098
threshold=-0.079369300632769424 0.71324574894094339 -0.82762359183799561 0.054551577763130389 -0.75478552895849738 -0.14873856050395873 -0.59704364870099702 0.72328023645424511 1.1628286094304248 -0.42505589716331704 3.971396485831368 0.11066961910953278 -0.15814976372892536 -0.43490624925178362 1.598206864596954 -0.67896048265544351 -0.96265028448429268 0.16709854192101581 -0.49708892921367942 0.054182728896532993 1.3432974347361246 -0.72691084245884341 -0.40797521011895882 -0.12607548890518708 -0.76544741245863102 1.0461178973164496 0.28012615137348168 0.70957098132311835 -0.36271663249339509 0.89539705070200248
decision_type=2 2 2 2 2 2 2 2 2 2 2 2 2 2 2 2 2 2 2 2 2 2 2 2 2 2 2 2 2 2
left_child=2 3 6 17 21 8 12 16 9 -3 11 15 -1 -9 -15 -6 24 26 -14 -13 -20 -4 25 -11 -5 -8 -2 -12 -29 -24
right_child=1 5 4 7 10 -7 22 13 -10 23 27 19 18 14 -16 -17 -18 -19 20 -21 -22 -23 29 -25 -26 -27 -28 28 -30 -31
leaf_value=0 0 -0.00010835759519625679 0.00014973494658303908 0 0.00048587431623633732 -8.049080316476081e-05 0.00025602174518688431 0 0 0 0 0.00016716164074282434 0 -0.00093475227404845272 0 0.00022343738331005668 0 -7.4773108559075314e-05 -0.00075854410004681154 -7.844538278505902e-05 0 -0.00014872673410001497 -0.00015708894312624287 -0.0010853643466587608 -0.00056551058183909077 0 0.00036074317396499531 0 0.0024012107963553944 4.3717699068576899e-05
leaf_weight=19.348670214356389 26.172109988576267 16.284507430333178 27.025587608048227 3.776532381889413 102.85203566600103 28.281782714009751 40.358053436153568 2.9984647145611261 7.8699133765185243 2.3834174943040116 0.4244460054324003 73.419432546652388 13.205131931055801 24.578777152346451 1.6770111317164254 208.12118521280354 59.629903723543976 34.445613889722154 27.593742149649191 46.692613567749504 1.962493973376694 61.580226496094838 61.814068594365381 49.649985392577946 16.461860326118767 8.4415260159294103 32.837547492585145 0.11990127904573467 1.8442212101072069 16.497571299900301
leaf_count=38592 52178 32465 53902 7531 205112 56391 80487 5980 15690 4751 846 146397 26333 49011 3344 415020 118897 68677 55024 93110 3913 122802 123256 98987 32826 16834 65468 239 3677 32898
internal_value=-9.35216e-07 -0.000295056 0.000121811 -0.000115778 0.000211366 -0.00061398 -0.000109427 -0.000311064 -0.000772641 -0.000865561 0.000266364 0.000250728 -0.000363373 -0.000721392 -0.000834024 0.000319884 -0.000123207 8.01459e-05 -0.000525081 4.67072e-05 -0.000685421 -2.38354e-05 0 -0.00104488 -0.00043234 0.00016091 0.000221416 0.00183224 0.00218705 -7.64774e-05
internal_weight=1018.35 307.047 711.301 202.578 522.08 104.47 189.221 109.123 76.1878 68.3179 433.474 431.085 62.11 29.2543 26.2558 310.973 79.8683 93.4553 42.7614 120.112 29.5562 88.6058 127.111 52.0334 20.2384 48.7996 59.0097 2.38857 1.96412 78.3116
internal_count=2030638 612196 1418442 403912 1041105 208284 377337 217589 151893 136203 864401 859639 123862 58335 52355 620132 159254 186323 85270 239507 58937 176704 253475 103738 40357 97321 117646 4762 3916 156154
is_linear=0
shrinkage=0.03


Tree=42
num_leaves=31
num_cat=0
split_feature=29 46 17 11 30 9 16 12 16 20 21 45 1 44 21 20 21 7 20 11 20 3 22 21 47 47 47 17 48 22
split_gain=0.0394423 0.0163325 0.0158105 0.0126222 0.00973208 0.0114422 0.00953089 0.00776445 0.00580847 0.00489659 0.00428653 0.00414914 0.00401867 0.00390777 0.00387141 0.00370716 0.00414124 0.00289367 0.00275129 0.00256472 0.00245509 0.00235986 0.00199367 0.00198299 0.00228492 0.00191603 0.00187994 0.00186068 0.00154867 0.00139889
threshold=-0.05317461549678406 -0.55875690805652833 0.30345171294486223 0.34801417585906541 0.64346250442154873 -1.0000000180025095e-35 3.971396485831368 0.037988684037370914 -0.59251354281783453 0.10742876225016808 0.12505853421362725 -0.090613308115153654 1.0947160683834574 -0.35960041699144435 1.4344038696640979 1.5618045593135692 -0.72628112231062325 -0.53272404488144698 -0.34726885380376976 0.70957098132311835 1.2053046317624061 0.44168101483876387 -0.011660207471685861 -0.65899730391670386 0.39539254917008604 1.54910486221848 0.85501224692233635 0.24912356356909029 -0.046635490958615015 -0.34264277235249913
decision_type=2 2 2 2 2 2 2 2 2 2 2 2 2 2 2 2 2 2 2 2 2 2 2 2 2 2 2 2 2 2
left_child=1 3 4 23 5 15 7 8 10 -7 -3 -10 26 18 20 16 -2 28 -9 -8 22 -19 -5 24 -1 -14 -6 -15 -4 -21
right_child=2 6 17 14 12 9 19 13 11 -11 -12 -13 25 27 -16 -17 -18 21 -20 29 -22 -23 -24 -25 -26 -27 -28 -29 -30 -31
leaf_value=0 0 0.0005216496674851738 0 -0.00073898991524264427 -0.00010642549933611264 -0.00047722308915974798 0 0 2.1618327125574538e-05 6.609087753660878e-05 0 0.00029405960002618753 -0.00062574700441513217 -0.00025110684934642546 0 0 -0.0010511486168265692 0 0.00029188147224156857 0 0 -0.00031632588295091437 0 -4.3607095550831439e-05 0.00048656943077891065 0 0.00029124000784884956 0 0.00029784870526012826 0.0023757194565187296
leaf_weight=25.670052091183607 3.5676678561139843 101.75204316939926 12.624965843337121 39.814723102375865 20.524905744881835 26.264491542940959 0.99846587015781452 33.446732621872798 139.94209249713458 16.796373780292924 21.003421751607675 112.45284847752191 15.972084338078277 48.861334690533113 3.4501701866392969 3.1710776473046272 57.713381935493089 44.954524763161317 53.839341098966543 0.21719873009715263 5.9450829956331281 36.652807845675852 3.1633982695057048 79.235139952681493 15.706206420902161 7.4376772637478998 17.206536778132431 39.179497869685292 27.903852941642981 2.7904889130149968
leaf_count=51203 7112 202926 25172 79391 40924 52366 1990 66697 279067 33483 41874 224243 31846 97429 6878 6323 115073 89635 107351 433 11854 73073 6307 158007 31329 14829 34309 78135 55638 5563
internal_value=-8.11357e-07 0.000114267 -0.000299019 -0.000129989 -0.000488271 -0.000668555 0.000195879 0.000179164 0.000256376 -0.000195629 0.000440604 0.000154889 -0.000122185 0 -0.000521707 -0.000937974 -0.000989832 -1.31234e-05 0.000155503 0.00174382 -0.000602156 -0.000137535 -0.000681293 1.52343e-05 0.00020042 -0.000439877 0 -0.000126386 0.000163366 0.00219496
internal_weight=1018.26 727.468 290.79 172.985 168.654 107.513 554.483 550.477 375.15 43.0609 122.755 252.395 61.1412 175.327 52.3734 64.4521 61.281 122.136 87.2861 4.00615 48.9232 81.6073 42.9781 120.611 41.3763 23.4098 37.7314 88.0408 40.5288 3.00769
internal_count=2030460 1450677 579783 344969 336265 214357 1105708 1097722 748110 85849 244800 503310 121908 349612 104430 128508 122185 243518 174048 7986 97552 162708 85698 240539 82532 46675 75233 175564 80810 5996
is_linear=0
shrinkage=0.03


Tree=43
num_leaves=31
num_cat=0
split_feature=29 3 46 11 16 44 16 45 45 49 47 21 11 20 21 21 30 47 45 11 20 8 21 47 30 33 8 1 16 17
split_gain=0.035335 0.0155549 0.0155107 0.0118957 0.0089136 0.00856196 0.00820529 0.0080024 0.00998504 0.00764893 0.00585796 0.0061692 0.00464069 0.00450937 0.00361335 0.00285772 0.00298703 0.00382529 0.00244929 0.00242502 0.00172169 0.00171234 0.00165136 0.00169227 0.00160271 0.00139757 0.00127284 0.0011833 0.0010117 0.000967152
threshold=-0.05317461549678406 0.47123861147830776 -0.59704364870099702 0.29467836901888694 3.971396485831368 -0.14873856050395873 -0.7923646631914496 -0.09091721974710458 -0.090917831414596154 -0.14371931475532798 -0.43035876138120027 -0.72628112231062325 0.87714557726272968 -0.46149868692758517 1.4344038696640979 -0.21701182439803499 0.522934035576895 -0.4946691353297929 -0.12607548890518708 0.43754229445739434 1.1831922677177551 0.21674549291291434 -0.65210230739528863 0.39539254917008604 -1.9398746279580792 -0.45898733846070089 -0.57760505714052013 0.68985712296885737 -0.23079047152017243 -0.79963919099613945
decision_type=2 2 2 2 2 2 2 2 2 2 2 2 2 2 2 2 2 2 2 2 2 2 2 2 2 2 2 2 2 2
left_child=2 9 3 22 6 10 12 8 -8 21 -3 -12 24 -9 20 -11 17 -17 -13 -6 25 26 23 -1 -4 -5 -2 -28 -7 -25
right_child=1 5 4 14 19 28 7 13 -10 15 11 18 -14 -15 -16 16 -18 -19 -20 -21 -22 -23 -24 29 -26 -27 27 -29 -30 -31
leaf_value=0 0 0 0 -0.00017380576147363349 0 0 0.00012353528356888382 7.6792608627749394e-06 -0.00028946670770768347 0 0 0 0 0.00035756167642086675 0 0 0 -0.00063855030984047521 -0.00087051064614618149 0.0020436365436006707 0 0 -2.9774385825631511e-05 0 0.00055253789843732147 -0.00085575149100715093 0.0005448430929375042 0 -0.00022868202840675301 0.00054752596959045967
leaf_weight=24.843798221903853 19.936575990810525 9.7634976396220718 6.2429178179008877 17.941687748301774 0.73097474849782784 18.171094095683657 184.38177209283458 67.715979155502282 73.667694434174336 37.411946856358554 8.1718181293108483 3.8235919937142162 7.8829416395747094 137.56646099145291 3.4642184220137997 7.6678558621788389 17.847679513157345 34.282362145953812 74.236102057970129 3.2816781477886252 6.4239067800808689 19.500824392132927 73.233758227899671 2.3671986350673242 79.361960758571513 25.764021912356839 19.561390897782989 2.3583799460902801 18.134647426137235 12.911671367706729
leaf_count=49555 39747 19465 12447 35776 1457 36232 367681 135037 146906 74597 16292 7622 15718 274315 6906 15290 35588 68359 148006 6542 12809 38879 146040 4722 158266 51373 38999 4702 36159 25755
internal_value=1.41144e-06 -0.000275056 0.000116027 -0.000127164 0.00019377 -0.000518431 0.000177567 0.000116896 0 -5.30762e-05 -0.000671043 -0.000749949 0.000446165 0.000256761 -0.000499093 -0.000232957 -0.00036226 -0.000501148 -0.000832124 0.00169462 -0.000575482 0.00018302 2.22156e-05 0.000191881 0.00051593 -0.000644446 0.000293123 0.000465113 -3.22807e-05 0.000443135
internal_weight=1018.65 290.868 727.783 166.95 560.832 132.301 556.82 463.332 258.049 158.567 95.995 86.2315 93.4878 205.282 53.5938 97.2098 59.7979 41.9502 78.0597 4.01265 50.1296 61.3572 113.356 40.1227 85.6049 43.7057 41.8563 21.9198 36.3057 15.2789
internal_count=2031242 579937 1451305 332936 1118369 263776 1110370 923939 514587 316161 191385 171920 186431 409352 106864 193834 119237 83649 155628 7999 99958 122327 226072 80032 170713 87149 83448 43701 72391 30477
is_linear=0
shrinkage=0.03


Tree=44
num_leaves=31
num_cat=0
split_feature=29 25 3 17 21 34 21 11 20 47 12 47 16 20 49 11 16 44 11 36 21 30 33 7 46 17 47 30 12 22
split_gain=0.0355324 0.024872 0.0148635 0.00897797 0.00872457 0.00741586 0.00716601 0.00798998 0.00690638 0.00645635 0.00568011 0.00526908 0.00425708 0.00393672 0.00392576 0.00373999 0.00356494 0.00334994 0.00294938 0.0024423 0.00237685 0.00228576 0.00239242 0.00220286 0.00195871 0.00173593 0.00152067 0.00144473 0.00136295 0.00118754
threshold=-0.36650536388879795 1.3330935774757675 0.72989463676359834 -0.89805718161929782 -0.24711759793336138 -0.88905906720303129 1.9691445767909197 0.4064664010074675 0.51749138759542201 -0.25304798722811989 -0.27511854556869558 1.9078835272745647 -0.80387791680888143 0.71276879125724635 -0.13460318635050811 0.068143286201855502 -0.40376457661337706 -0.35960041699144435 -0.53564616879612414 -0.56308759382914964 1.0000000180025095e-35 0.89816377372775624 -1.2864244417696449 -0.33708845362212031 0.40443285179777 0.61748262172238011 0.78021709781341486 1.6151740434003814 0.46030713733555523 0.0095040291586206641
decision_type=2 2 2 2 2 2 2 2 2 2 2 2 2 2 2 2 2 2 2 2 2 2 2 2 2 2 2 2 2 2
left_child=6 2 5 24 16 14 7 12 -8 -6 19 -11 20 -12 -2 -10 29 -9 -16 -7 28 22 -14 -17 27 -19 -18 -3 -1 -4
right_child=1 3 4 -5 9 10 8 17 15 11 13 -13 21 -15 18 23 26 25 -20 -21 -22 -23 -24 -25 -26 -27 -28 -29 -30 -31
leaf_value=0.00066974884605064085 0 -0.0012365765954795748 0.00024605669600864094 -5.7825717903000186e-05 0 0 0 7.6080254661535379e-05 0 -0.00069630828273153683 -0.00013605844664558758 0 -9.9808968550112e-06 0.00016878965436103376 0 0.0023677515355477463 -0.00036867931370507452 -0.00043422073102964575 -0.00048815984959111919 0.00028947532100163112 0 0 0.00025492519854302531 0 0 0 0 0 0 0
leaf_weight=43.635872033133637 38.841680801240727 27.450147907715294 28.784209631441627 18.372079937078524 18.017740434268489 42.020126419316512 3.8928268851013836 24.608750371902715 2.8220306455041282 72.385359131323639 110.83953451237176 5.6762405861518337 11.387790352688169 54.175307197205257 18.924609032692388 4.2583855644916184 29.353210558649153 26.171723095292695 43.394644238403998 117.5495733054122 11.452601000899447 35.510120630031452 194.86838503991021 0.23429013788700093 2.8048766969586714 4.1478903251700094 13.19422717776615 2.36727606964996 4.0557034011580972 7.5178965206141575
leaf_count=87040 77447 54736 57393 36636 35923 83784 7762 49067 5623 144318 221007 11318 22713 108017 37741 8491 58527 52186 86530 234373 22833 70834 388635 467 5593 8270 26308 4720 8089 14990
internal_value=0 -0.000135584 -7.60226e-05 -0.000778336 -0.000309693 1.29406e-05 0.000233426 0.00019934 0.001048 -0.000505414 8.93666e-05 -0.000623571 0.000263109 -1.77949e-05 -0.000202624 0.0015914 -3.31569e-05 -9.53869e-05 -0.000351199 0.000218985 0.000523485 0.000187004 0.000225754 0.0022074 -0.00109215 -0.000333503 -0.000248207 -0.00116795 0.000620239 0.000136251
internal_weight=1018.72 651.669 600.674 50.9944 174.929 425.745 367.046 355.839 11.2075 96.0793 324.585 78.0616 300.91 165.015 101.161 7.31471 78.8495 54.9284 62.3193 159.57 59.1442 241.766 206.256 4.49268 32.6223 30.3196 42.5474 29.8174 47.6916 36.3021
internal_count=2031371 1299361 1197676 101685 348777 848899 732010 709667 22343 191559 647181 155636 600144 329024 201718 14581 157218 109523 124271 318157 117962 482182 411348 8958 65049 60456 84835 59456 95129 72383
is_linear=0
shrinkage=0.03


Tree=45
num_leaves=31
num_cat=0
split_feature=29 36 41 29 39 12 8 30 21 47 17 44 20 21 11 37 46 30 1 20 21 21 45 34 36 26 8 49 20 20
split_gain=0.0337806 0.0153886 0.0141957 0.00965845 0.00735591 0.00579651 0.00545778 0.00728103 0.00514571 0.00561738 0.00370764 0.0035143 0.00320292 0.00340292 0.00304739 0.00282401 0.00277697 0.00250832 0.00247811 0.00196941 0.00191993 0.00192902 0.00190913 0.00181235 0.00153153 0.00134646 0.00128758 0.0012595 0.00120197 0.00105874
threshold=-0.05317461549678406 -1.4365421527250468 -0.49005465390013919 -0.4144777036686485 -0.026513046944411898 -0.023975046167497179 0.21674549291291434 0.93001394848722718 -0.73349071606423477 -0.43035876138120027 0.59350085141418485 -0.67589320172267275 0.96248782874559413 0.94300491305065914 -0.74572407850378652 0.58946976650691285 0.22900724481865523 1.1231696459271374 1.072673542244637 1.5132650356567874 1.5289570278391638 -0.67941359347406094 -0.08124236529048387 -0.88905906720303129 0.28012615137348168 0.2330621375578994 -0.67689889254262281 -0.55953458723823679 1.4701684527116912 0.18185459342080179
decision_type=2 2 2 2 2 2 2 2 2 2 2 2 2 2 2 2 2 2 2 2 2 2 2 2 2 2 2 2 2 2
left_child=1 16 4 11 8 15 18 10 -2 -10 19 -3 22 -14 25 23 20 -11 24 -8 21 -1 -7 -5 -4 -13 -26 -16 -23 -9
right_child=2 3 6 5 -6 12 7 29 9 17 -12 14 13 -15 27 -17 -18 -19 -20 -21 -22 28 -24 -25 26 -27 -28 -29 -30 -31
leaf_value=0 0 0.00046619647949503335 0 0 0 -0.0002408451808756881 -0.00052759947604341141 0 0 -0.00092266346702499994 0 0.00051467699346890734 0 0.00068882211026658716 0.00020893461152858748 0 0 0 -0.00032838817574473928 0 0 -0.00060611635785826252 0 0.00024670707890014931 0 0 0.00048053816563887731 0 0 0.00038866870123555937
leaf_weight=10.849737270036711 9.2678007105132547 105.29867143346928 28.849210950196721 14.854855600744484 19.973365350451786 80.468905990361236 60.799815819482319 7.2977470628684413 6.9287806479842393 59.909558120067231 24.809108687564731 29.288296250626445 26.326209494727664 7.9221874157665289 30.76951361814281 84.448784663982224 17.321171335410327 9.5825150977470894 7.7251362453680477 4.0277216488611876 2.0614611516939467 36.183065826946404 37.676360653887969 170.2467788362992 21.186043904977851 7.9322885513538486 18.831731258076616 64.804892336484045 1.0384658541879606 11.607656257343477
leaf_count=21641 18478 209996 57517 29624 39821 160458 121227 14552 13815 119448 49467 58431 52495 15794 61357 168403 34539 19107 15400 8031 4110 72151 75128 339460 42240 15824 37547 129242 2071 23144
internal_value=1.41214e-07 0.000112315 -0.000270169 0.000159441 -0.000554064 6.41338e-05 -9.19363e-05 -0.000236338 -0.000675132 -0.000756096 -0.000363056 0.000315741 -7.07648e-05 0.000142583 0.000173847 0.00015153 -0.000304339 -0.000837516 7.35328e-05 -0.000483452 -0.000417704 -0.000466802 -0.000158003 0.000217182 0.00016218 0.000419383 0.000282326 4.68361e-05 -0.000572769 0.000205789
internal_weight=1018.29 727.492 290.796 660.038 105.662 421.944 185.134 108.542 85.6887 76.4209 89.6366 238.094 152.394 34.2484 132.795 269.55 67.4539 69.4921 76.5921 64.8275 50.1327 48.0713 118.145 185.102 68.867 37.2206 40.0178 95.5744 37.2215 18.9054
internal_count=2030518 1450724 579794 1316212 210669 841362 369125 216421 170848 152370 178725 474850 303875 68289 264854 537487 134512 138555 152704 129258 99973 95863 235586 369084 137304 74255 79787 190599 74222 37696
is_linear=0
shrinkage=0.03


Tree=46
num_leaves=31
num_cat=0
split_feature=29 11 9 28 20 21 16 16 11 44 33 21 47 3 22 12 38 16 4 47 41 47 21 25 21 33 30 20 47 44
split_gain=0.031879 0.0184864 0.0159186 0.00882479 0.00693581 0.00643091 0.00571766 0.00515726 0.00602241 0.00537873 0.00506454 0.00486708 0.00372067 0.00362081 0.00324811 0.00293082 0.00277145 0.00251762 0.00216839 0.0021311 0.00224951 0.00210429 0.00212121 0.00203394 0.00197395 0.00165572 0.00148931 0.00164805 0.00146519 0.00137536
threshold=-0.28800356645620168 -0.15814976372892536 0.58021016628462441 1.0000000180025095e-35 0.12230378750745209 -0.1758735837941047 0.10007174690074069 3.5100194515799923 -0.66481826233137609 -0.35960041699144435 -1.7406293867820903 0.96918619688801144 -0.24503898722372616 -0.15328965928627777 -0.31414917193980946 -0.29358516324359207 0.1988811130547776 -0.65560558006557967 0.80647037326346804 1.0034898079842438 -0.26188441348884534 0.63980819797680955 0.23458312358191663 -0.47328033395391861 -0.69310241322860311 -0.98002846940099875 0.6341673483304141 0.26723899842733162 -0.074683887537077595 -0.46503134523518719
decision_type=2 2 2 2 2 2 2 2 2 2 2 2 2 2 2 2 2 2 2 2 2 2 2 2 2 2 2 2 2 2
left_child=3 6 5 7 16 19 15 8 17 25 -7 -6 -8 -12 24 18 -4 -1 23 20 -3 26 -23 -2 -5 -10 27 -16 -13 -26
right_child=1 2 4 14 11 10 12 -9 9 -11 13 28 -14 -15 21 -17 -18 -19 -20 -21 -22 22 -24 -25 29 -27 -28 -29 -30 -31
leaf_value=0.00064619538556221726 0 -0.00048363058038308228 -0.00038564727473533136 0 0 0 0 0.0021366752891587228 0 0 -0.00021230360331175323 0.0010175978699359265 -0.00040446707084180713 -0.00079402039378333742 -5.4487065753792656e-06 0 0 0.00022034412996944968 0 0 0 0.00036426508718738032 0 0.00038691828570170165 0 0.00032536688892417228 -0.00016663974953101912 0.00021116081064012786 0 -0.00074763217654829608
leaf_weight=49.48268917290261 20.548256276757456 24.403245168388821 29.144936903147027 6.3427642106544253 19.149615829228427 13.231842131121082 27.907331546128262 1.7546462989412237 8.7323263936559652 104.83267283870373 28.339773456274997 9.7546927526127529 38.241588358883746 87.706881201243959 49.964497318665963 77.320788361306768 18.672255671641324 58.11161462898599 23.193108074076008 24.137171285867225 15.695192638202569 31.700547309417743 5.9964191333856425 58.143554190231953 2.6006026056129494 94.28505764878355 37.686744647508021 39.822044330416247 1.3687714776606288 9.9012003401876392
leaf_count=98697 40967 48655 58115 12651 38183 26383 55645 3499 17413 209051 56505 19447 76248 174872 99642 154174 37224 115900 46243 48126 31291 63226 11956 115933 5186 188011 75168 79407 2729 19744
internal_value=0 -0.00016348 -0.000334598 0.000172273 0 -0.0004808 1.37179e-05 0.000268204 0.000248301 0.000132523 -0.000614123 0.000381326 -0.000209651 -0.000677811 0 0.000112909 -0.000196176 0.000444076 0.000219801 -0.000165777 -0.000303079 4.94177e-05 0.000246859 0.000295554 -0.00036568 0.000287098 0 5.72092e-05 0.000888558 -0.000586233
internal_weight=1018.17 516.959 271.604 501.214 78.0903 193.514 245.355 317.199 315.444 207.85 129.278 30.2731 66.1489 116.047 184.015 179.206 47.8172 107.594 101.885 64.2356 40.0984 165.17 37.697 78.6918 18.8446 103.017 127.473 89.7865 11.1235 12.5018
internal_count=2030291 1030740 541530 999551 155698 385832 489210 632571 629072 414475 257760 60359 131893 231377 366980 357317 95339 214597 203143 128072 79946 329399 75182 156900 37581 205424 254217 179049 22176 24930
is_linear=0
shrinkage=0.03


Tree=47
num_leaves=31
num_cat=0
split_feature=25 29 17 3 21 49 34 47 17 46 29 20 1 28 7 49 33 34 16 22 30 45 21 33 30 33 30 47 21 11
split_gain=0.0299277 0.0221902 0.0135766 0.012933 0.00853587 0.00759925 0.00606238 0.00527465 0.00632783 0.00487868 0.00368085 0.00313819 0.00302896 0.00275605 0.00241849 0.00163761 0.00157143 0.00168701 0.00130768 0.00108819 0.00105261 0.000880511 0.00075184 0.000945517 0.000516789 0.000575172 0.000472636 0.000645639 0.000449935 0.000333427
threshold=1.3330935774757675 -0.3925743054830832 -0.89805718161929782 0.71324574894094339 -0.68624441511407286 -0.65610618118974851 -0.84233039730843229 1.5091671783065908 0.51903284282385087 0.45600944813372551 -0.5110257681538074 0.26723899842733162 0.34794224987651906 0.33103310100135724 -0.7283596798687384 0.027412443778501442 -1.263726755240165 2.0791038219984945 -0.4165642134893725 0.099903398636709981 -1.8525530116708968 -0.12679601516539676 -0.8621336967842832 -2.0410921011879073 1.2234117938198019 -0.75215949545830896 0.44073791631372172 0.83711275829121001 0.23458312358191663 0.82607729815359721
decision_type=2 2 2 2 2 2 2 2 2 2 2 2 2 2 2 2 2 2 2 2 2 2 2 2 2 2 2 2 2 2
left_child=1 10 9 5 18 12 14 8 -6 21 15 -8 20 16 -7 24 -12 -18 19 -5 -3 -2 -23 -24 25 -1 -15 -28 -9 -4
right_child=2 3 29 4 7 6 11 28 -10 -11 13 -13 -14 26 -16 -17 17 -19 -20 -21 -22 22 23 -25 -26 -27 27 -29 -30 -31
leaf_value=0 0 0 1.1059456208738174e-06 0.00035518111638481551 -0.0005818562117389049 0 -3.6636978065804982e-05 0.00018595071731220607 -6.5364892754704736e-05 0 0 0.00017167489760166113 0 0.00010116734009449288 -0.00030927462986321032 0 0.00030395031432399613 0 0 0 0.00037235962619404058 0 0 -0.0011662676181479939 0 0.00087572782771605615 -0.00018648756385435242 0 0 -0.00016078313037612484
leaf_weight=0.47063355997671052 0.32402478944277291 12.25544904504204 13.225537649006585 19.007730111770801 90.970266508345958 22.801155347842723 143.34645195351914 11.711070652585478 46.460727696656249 4.4257809931877992 12.684342875785658 100.62629608786665 25.200918985472526 32.626102443318814 80.559134421579074 4.9209116239799178 190.21742718259338 13.272407657001166 17.132828722533304 2.509755593200679 75.458995336608496 1.5826313846628171 0.63139466173015435 32.523992831411306 0.66218339750775967 17.441363858059052 19.337882502528377 8.2229298741440271 5.9601678538601837 11.607490931870414
leaf_count=939 646 24437 26376 37901 181378 45467 285834 23352 92631 8826 25299 200638 50245 65066 160642 9813 379355 26470 34162 5004 150442 3156 1259 64854 1321 34782 38571 16401 11884 23147
internal_value=0 4.12913e-05 -0.000627276 -5.29085e-05 -0.000260164 2.78225e-05 -3.42098e-05 -0.000364039 -0.000429077 -0.000974863 0.00025675 3.69846e-05 0.000245205 0.000209766 -0.000231283 0.00068172 0.000260244 0.000280889 7.9065e-05 0.000256757 0.000329361 -0.00109341 -0.00110883 -0.00114395 0.000816833 0.00084726 0 -5.76031e-05 0 0
internal_weight=1018.18 953.857 64.3209 654.001 193.753 460.248 347.333 155.102 137.431 39.4878 299.856 243.973 112.915 276.361 103.36 23.4951 216.174 203.49 38.6503 21.5175 87.7144 35.062 34.738 33.1554 18.5742 17.912 60.1869 27.5608 17.6712 24.833
internal_count=2030298 1902034 128264 1304017 386312 917705 692581 309245 274009 78741 598017 486472 225124 551162 206109 46855 431124 405825 77067 42905 174879 69915 69269 66113 37042 35721 120038 54972 35236 49523
is_linear=0
shrinkage=0.03


Tree=48
num_leaves=31
num_cat=0
split_feature=29 46 41 11 16 12 39 49 30 28 21 47 21 7 21 17 47 30 47 11 21 21 20 36 20 21 47 15 44 17
split_gain=0.0281159 0.0130893 0.0129547 0.00930566 0.00892924 0.00706333 0.00659506 0.00488805 0.00614789 0.004887 0.00448446 0.00397721 0.00347262 0.00339415 0.00457943 0.00326285 0.0031839 0.0031696 0.00282179 0.00265917 0.00250224 0.00225713 0.00199693 0.00187204 0.00183455 0.00169894 0.00231201 0.00126316 0.00118959 0.000897711
threshold=-0.05317461549678406 -0.57727270138339193 -0.47985710125605918 0.30732654866437509 3.971396485831368 0.037988684037370914 -0.18813814293086237 -0.14371931475532798 0.60592934215138528 -0.2145121847755094 -0.79608175548667004 -0.26161328172670456 1.4344038696640979 0.054182728896532993 1.693487540123761 0.56897023666404201 0.20601405986510501 1.2234117938198019 0.85501224692233635 0.70957098132311835 0.24623629246662593 -0.053089164183439334 1.1721848384159146 0.28012615137348168 1.5618045593135692 -0.65210230739528863 0.43771262645468451 0.68635106669440782 -0.67589320172267275 -0.77731289446623497
decision_type=2 2 2 2 2 2 2 2 2 2 2 2 2 2 2 2 2 2 2 2 2 2 2 2 2 2 2 2 2 2
left_child=1 3 6 25 5 9 10 23 15 20 -2 -12 22 14 -7 24 -11 -13 -10 -6 -3 -15 27 -4 -9 26 -1 -5 -20 -28
right_child=2 4 7 12 19 13 -8 8 18 16 11 17 -14 21 -16 -17 -18 -19 28 -21 -22 -23 -24 -25 -26 -27 29 -29 -30 -31
leaf_value=0 0 0.00039747749276557653 -2.3681471184327723e-06 -0.00065449524648607141 0 1.1680468470298641e-05 0 -0.00053917128702806491 -7.4377749939124008e-05 0 0 -0.00087104666120002734 0 0 0.00076088262551862859 0 0.00027562681439098402 0 0 0.0021101186219687493 6.0300572161167168e-05 -0.00039029844179466506 0 0.00024074206348501871 0 -5.3600067287078458e-05 0 0 0.00050309146907400739 0.00058361917534234184
leaf_weight=26.20508791343309 6.9542181550641535 155.99561295763124 29.316719959664624 39.713016958558001 0.99795042647747223 95.358670817513485 24.843286854506005 51.570330777205527 24.562734330014791 118.3609325850266 9.2846842909930256 59.82855094736442 3.4706754308426744 45.890950729779433 9.115003011771476 20.361785338202026 53.945162147167139 7.2567598475143305 0.98009841830935229 3.0211368338786997 48.431312040658668 25.717140664812177 6.6365761642227872 39.409013830940239 2.4984360048547378 75.483558091102168 2.4714791907463214 3.7981165301171123 13.869654461101161 12.335654796042943
leaf_count=52270 13865 311106 58446 79188 1989 190151 49531 102826 48976 236023 18512 119286 6919 91515 18172 40601 107577 14470 1954 6023 96560 51279 13233 78570 4982 150526 4930 7573 27655 24606
internal_value=0 9.71908e-05 -0.000251827 -0.0001231 0.000169878 0.000153626 -0.000517693 -7.7875e-05 -0.000207615 0.000226949 -0.000647416 -0.000714257 -0.000451953 0 0.000105761 -0.000373876 8.45825e-05 -0.000796321 3.02504e-05 0.00165878 0.000332271 -0.000162296 -0.000529832 9.33854e-05 -0.000496725 2.50673e-06 0.000178921 -0.000604023 0.000405338 0.000478743
internal_weight=1017.68 726.948 290.736 170.114 556.834 552.815 108.168 182.569 113.843 376.733 83.3242 76.37 53.6184 176.082 104.474 74.4306 172.306 67.0853 39.4125 4.01909 204.427 71.6081 50.1477 68.7257 54.0688 116.496 41.0122 43.5111 14.8498 14.8071
internal_count=2029314 1449640 579674 339245 1110395 1102383 215664 364010 226994 751266 166133 152268 106913 351117 208323 148409 343600 133756 78585 8012 407666 142794 99994 137016 107808 232332 81806 86761 29609 29536
is_linear=0
shrinkage=0.03


Tree=49
num_leaves=31
num_cat=0
split_feature=29 36 17 30 21 11 20 9 7 44 21 33 47 28 45 21 20 20 7 29 34 20 30 16 7 29 0 47 16 45
split_gain=0.0289278 0.0134479 0.0121765 0.0089174 0.0088355 0.0117201 0.010446 0.00829535 0.00776262 0.00767245 0.00571984 0.00584752 0.00558462 0.00698186 0.00495159 0.00440133 0.00403912 0.00283853 0.00254676 0.00202924 0.00187521 0.00178642 0.00167284 0.00146383 0.00132335 0.00117206 0.00108465 0.00104703 0.000992813 0.00102529
threshold=-0.015978029811590785 -1.4507755042731281 0.30345171294486223 0.95213419766686191 1.887533919208759 -0.32065574670470415 0.6478495864630055 1.0000000180025095e-35 -0.43490624925178362 -0.35960041699144435 -0.23953447535335359 -1.7142988626938165 -0.0092217304384592854 -0.63541191731915769 -0.090051173287198125 0.05552191162563249 0.12230378750745209 -0.58995136850514662 -0.43490624925178362 -0.43506961727633148 -0.73873068539822195 1.2840471079187887 -1.8109472540515603 -0.39749685319329325 -1.0218130776897196 2.0321350780314185 0.48058272627059018 1.2950615548928073 2.5402123969765764 -0.055427626652399704
decision_type=2 2 2 2 2 2 2 2 2 2 2 2 2 2 2 2 2 2 2 2 2 2 2 2 2 2 2 2 2 2
left_child=1 19 3 7 5 12 -6 10 22 17 -2 -12 13 -3 -11 -14 24 -7 26 -1 23 28 -8 -20 -9 -25 -4 -5 29 -21
right_child=2 4 18 27 6 9 8 16 -10 14 11 -13 15 -15 -16 -17 -18 -19 20 21 -22 -23 -24 25 -26 -27 -28 -29 -30 -31
leaf_value=0 -0.00010959118025603625 0.00033582176378828732 0.00026141525794204482 -0.00013681222003044641 0 0 0 0 0 -0.00029015064045605557 0 -0.0010512388448281145 0.00051971604735929166 0 3.4824093088181591e-06 0 9.6014046551234688e-05 0.00024863697015593399 0 -0.00050732156382115223 0 0 0.0017851285904866613 -0.00045039691035842741 -0.00046520825153778826 0 0 0.0002040769584332693 0 0
leaf_weight=14.40735383715946 19.363918429007754 100.74630108091515 30.015533670957666 21.381292425503489 8.8596030722255836 43.227765015210025 1.7088888406287868 2.7608431652188328 1.7419777363538731 102.10792561830021 8.6197052457719092 49.300245883467142 86.005531445145607 159.12161441921489 66.169040336215403 15.565005925600415 16.95481661678059 87.008659135724884 7.4994858264690256 42.876154978701372 33.516257103241514 3.3079886262421487 9.5779379466548544 26.013618072378453 26.154322584508918 5.2548124644672489 10.162209724425336 13.016818044357931 2.2170099288923657 3.7084508365369464
leaf_count=28732 38606 200920 59850 42633 17666 86197 3406 5506 3471 203602 17187 98298 171539 317326 131942 31038 33800 173483 14953 85500 66822 6596 19093 51868 52146 10476 20260 25954 4420 7395
internal_value=0 9.80268e-05 -0.000264175 -0.000434926 0.000140759 0.000115689 0.000759572 -0.000554223 0.00130033 -1.4129e-05 -0.00075714 -0.000921834 0.000231207 0.00013979 -0.000156862 0.000435561 -0.000146938 0.00014726 0 -0.000294904 -0.000129758 -0.000382179 0.00160338 -0.000273728 -0.000393148 -0.000367465 0.000163574 0 -0.000434634 -0.000465916
internal_weight=1018.37 748.357 270.014 157.552 681.84 659.952 21.8884 123.154 13.0288 298.513 77.2839 57.92 361.438 259.868 168.277 101.571 45.87 130.236 112.462 66.517 72.2842 52.1096 11.2868 38.7679 28.9152 31.2684 40.1777 34.3981 48.8016 46.5846
internal_count=2030685 1492326 538359 314130 1359683 1316047 43636 245543 25970 595224 154091 115485 720823 518246 335544 202577 91452 259680 224229 132643 144119 103911 22499 77297 57652 62344 80110 68587 97315 92895
is_linear=0
shrinkage=0.03


Tree=50
num_leaves=31
num_cat=0
split_feature=11 7 20 21 11 34 21 47 9 5 16 16 25 25 5 21 17 28 21 33 47 47 20 47 33 21 22 20 20 44
split_gain=0.0270661 0.0286572 0.0203034 0.0245952 0.0119714 0.0114115 0.00840411 0.00918199 0.00768561 0.00588366 0.00528128 0.00481627 0.0043228 0.00359568 0.00337004 0.00410025 0.00324704 0.00304661 0.00350568 0.00268157 0.00247396 0.00233098 0.0022319 0.00200671 0.0019657 0.00194678 0.00191217 0.00175666 0.00173312 0.00154307
threshold=-0.21282184725856626 -0.14145286236279367 -0.25024251491087818 1.1373186259339085 2.3296276738418311 -0.34681047311609653 0.53480850555394033 1.3268914522886197 0.43455551208971505 -0.28963224440791707 2.3979719878737176 -0.2897949704098523 0.029159475199104081 0.023263663722751089 -0.16254415901047134 -0.21701182439803499 -0.21788146674478223 -0.2145121847755094 0.23458312358191663 -1.9147591645455231 -0.41272047841590226 0.012487340569810395 1.0089530243225606 0.069338868535957457 -0.24581769606526971 -0.23953447535335359 -0.34869781481281925 0.58249104208437263 1.295755672235571 -0.78132412996641565
decision_type=2 2 2 2 2 2 2 2 2 2 2 2 2 2 2 2 2 2 2 2 2 2 2 2 2 2 2 2 2 2
left_child=5 2 14 12 6 11 7 22 -5 -8 29 13 25 -1 -2 -16 -15 18 24 -11 -17 -10 -3 -19 -7 -4 -9 -13 -26 -6
right_child=1 4 3 8 10 17 9 26 21 19 -12 27 -14 16 15 20 -18 23 -20 -21 -22 -23 -24 -25 28 -27 -28 -29 -30 -31
leaf_value=0 0 -0.0003323955009388957 0 0 0 0 -1.6533032178220506e-05 0 0.0014538236417138311 0 0 -0.00018879823959908062 -0.00011345924114944827 0 0 0 0.00046561761529378303 0 0 -0.00086720531839282514 -0.00069464489429008308 0 0 0.00031444741773473941 0.00056425577479213632 0.00039204010622801686 0.00029933726919897328 0 0 -0.001302475601595099
leaf_weight=96.672876866476145 26.973623301426414 126.63960482843686 11.790182251541408 9.2467344934120757 3.2380660577910083 10.898055782949085 20.338960373366717 8.5241286100354028 21.61327224056004 1.7954254879732605 3.057992943446151 92.620596721302718 43.758123800216708 15.225402409909291 19.451943577092607 4.760215488378889 40.509284166328143 70.419130044465419 26.039953999686986 40.942311017541215 29.449055152304936 2.0308122651767908 21.175986320129596 36.214494733081665 90.625996612827294 34.846893304493278 34.848314629984088 43.787522203056142 11.206380409537813 19.738665292214137
leaf_count=192783 53787 252513 23512 18429 6456 21734 40554 16998 43089 3580 6096 184696 87257 30364 38788 9491 80790 140425 51917 81633 58717 4050 42220 72221 180737 69473 69489 87317 22350 39356
internal_value=0 -0.000165216 9.38193e-05 0.000346567 -0.00036437 0.000144418 -0.000284945 -0.000163663 0.00105584 -0.000604996 -0.00102483 5.81135e-06 5.53047e-05 0.000131212 -0.000255413 -0.000393128 0.000324256 0.00029532 0.000401498 -0.00081485 -0.000591862 0.0013577 -0.000284727 0.000129009 0.000475841 0.000277977 0.000179762 -0.000112305 0.000517716 -0.00118192
internal_weight=1018.44 484.22 203.921 123.286 280.299 534.22 254.265 191.188 32.8908 63.0767 26.0347 288.816 90.3952 152.408 80.6348 53.6612 55.7347 245.404 138.77 42.7377 34.2093 23.6441 147.816 106.634 112.73 46.6371 43.3724 136.408 101.832 22.9767
internal_count=2030822 965488 406593 245810 558895 1065334 506987 381220 65568 125767 51908 575950 180242 303937 160783 106996 111154 489384 276738 85213 68208 47139 294733 212646 224821 92985 86487 272013 203087 45812
is_linear=0
shrinkage=0.03


Tree=51
num_leaves=31
num_cat=0
split_feature=29 17 25 28 39 21 47 29 17 16 22 7 38 45 12 45 33 9 11 8 30 20 44 20 44 16 45 49 37 46
split_gain=0.0253804 0.0155636 0.0091663 0.00733556 0.00662215 0.0057076 0.00577617 0.00539929 0.00421134 0.0038289 0.0043192 0.00413547 0.00378059 0.00374799 0.00286755 0.00231994 0.00218454 0.00210408 0.00199017 0.00190404 0.00180704 0.00178586 0.0016664 0.00164526 0.00164041 0.00149906 0.00142832 0.00140565 0.00139401 0.00135635
threshold=-0.28800356645620168 0.21700747160860931 1.3330935774757675 -0.73196886163176 -0.50303644453323892 -0.18414786024644211 1.9078835272745647 -0.50025015184359145 -0.89805718161929782 -0.48462030743835 0.053762281647800801 -0.43490624925178362 0.19005706790610424 -0.090613308115153654 0.35616178804111004 -0.090613308115153654 -0.7726831486475142 0.58021016628462441 -0.75210444225570272 0.16709854192101581 1.407745883586228 0.046695818453698072 -0.67589320172267275 1.4040731206437049 -0.78132412996641565 -0.34460823017974007 -0.090917831414596154 1.298019630908865 0.34717029603114652 0.45600944813372551
decision_type=2 2 2 2 2 2 2 2 2 2 2 2 2 2 2 2 2 2 2 2 2 2 2 2 2 2 2 2 2 2
left_child=3 2 4 18 5 25 -7 19 20 10 -3 12 -11 14 26 27 -15 -14 -1 -5 29 -18 -16 28 -20 -2 -9 -13 -6 -4
right_child=1 9 8 7 23 6 -8 13 -10 11 -12 15 17 16 22 -17 21 -19 24 -21 -22 -23 -24 -25 -26 -27 -28 -29 -30 -31
leaf_value=0.00058608601667837199 5.1033250566747686e-06 0.00044509004623854932 -0.0011284397770330796 0.0005909476965991941 0 -0.00064099448159393962 0 7.3163360423980162e-05 0 -8.8470784886637697e-05 0 -0.00033279681645338873 0 -1.7589098613698188e-05 0 0 2.4343844827421613e-05 0.00045993175067680095 0.00037927696574327778 0 0 0.00032800171985056226 -0.00036615938152181817 0.0003057707340793737 3.3837599968593735e-05 -0.00026879030598851771 -0.00013268246156878421 0 -0.00018791102168982769 0
leaf_weight=39.860466196783818 28.282313601463102 35.41409134195419 23.240040090749979 23.434448016399987 45.395585418795235 65.319152133364696 6.4722439119941546 114.53554760070983 10.894210083119104 25.765679469041061 23.966519906767644 58.149763345485553 15.080977909616193 22.850146477867384 13.407785164017694 49.384016041818541 57.343819980567787 28.706644190126099 39.092259638826363 3.400095270771998 3.5700562450219868 63.974879506858997 33.048424319189508 9.7735115796094743 52.145150405180175 20.133364476670977 38.229429192899261 13.609026529768014 52.269623591331765 1.5175007602083486
leaf_count=79503 56393 70611 46340 46733 90505 130235 12906 228419 21724 51386 47785 115936 30062 45572 26736 98465 114361 57239 77956 6782 7118 127571 65905 19484 103985 40144 76243 27137 104215 3026
internal_value=0 -0.000148487 -0.000308384 0.000151092 -0.000216527 -0.000371709 -0.000549018 7.2369e-05 -0.000765041 1.01495e-05 0.000229531 -4.24315e-05 0.000118579 3.09159e-05 -4.19721e-05 -0.000159639 0.000152446 0.000308925 0.000350524 0.000491031 -0.000971688 0.0002092 -0.000251186 -1.4979e-05 0.000214728 -4.68303e-05 2.01244e-06 -0.000268551 -7.77941e-05 -0.00107052
internal_weight=1018.27 516.944 266.868 501.322 227.646 120.207 71.7914 370.225 39.2218 250.077 59.3806 190.696 69.5533 343.39 199.221 121.143 144.169 43.7876 131.098 26.8345 28.3276 121.319 46.4562 107.439 91.2374 48.4157 152.765 71.7588 97.6652 24.7575
internal_count=2030477 1030711 532090 999766 453882 239678 143141 738322 78208 498621 118396 380225 138687 684807 397303 241538 287504 87301 261444 53515 56484 241932 92641 214204 181941 96537 304662 143073 194720 49366
is_linear=0
shrinkage=0.03


Tree=52
num_leaves=31
num_cat=0
split_feature=25 29 3 17 34 21 47 17 12 46 29 7 11 36 20 16 16 21 21 45 21 11 49 12 33 30 32 16 4 40
split_gain=0.0255561 0.0181909 0.0118691 0.0103891 0.00693262 0.00618462 0.00505944 0.00501278 0.00437099 0.00390072 0.00382966 0.00352037 0.00382193 0.00333662 0.00257884 0.00248515 0.00230379 0.00252395 0.00185473 0.00183701 0.00167307 0.00138861 0.00127677 0.00121941 0.00105104 0.000913927 0.00078822 0.000689871 0.000787441 0.000681882
threshold=1.3330935774757675 -0.39792863289405328 0.77139023833381637 -0.89805718161929782 -0.86577299655162421 -0.66560465813309466 1.5091671783065908 0.51903284282385087 0.13181646811681283 0.45600944813372551 -0.50025015184359145 -0.43490624925178362 -0.40818894534874545 -0.56308759382914964 0.31100722844052203 -0.80387791680888143 2.2742273503445629 0.74317083108263782 0.82520479179506823 -0.09091721974710458 0.028435016084425332 1.954242659265063 0.045403585688744919 0.42906693263632439 -0.63157879057950195 1.0975849805250115 1.7813045070915956 -0.14651385009109227 1.0731459476778216 2.4925669564053252
decision_type=2 2 2 2 2 2 2 2 2 2 2 2 2 2 2 2 2 2 2 2 2 2 2 2 2 2 2 2 2 2
left_child=1 10 4 9 11 27 7 -7 13 21 22 18 -13 -6 -10 20 19 -18 -3 -17 23 -2 24 -12 -1 -26 29 28 -4 -23
right_child=3 2 5 -5 8 6 -8 -9 14 -11 15 12 -14 -15 -16 16 17 -19 -20 -21 -22 26 -24 -25 25 -27 -28 -29 -30 -31
leaf_value=0 -0.00050191227345601768 -3.7399895981437391e-05 0.00025379167251019294 0 0 -0.00056329874697358092 0 -6.1700446584265481e-05 -0.00017938389359091353 0 0.00056036533661311949 0 -0.0004675890208279917 0.00023633686825979676 8.6155814928095319e-05 0 0 0.0015807391557861733 0.00043278793369813456 0.00017820363196260571 0 -0.0014457146254766972 0 0 0.00071604007119110892 0 0 -3.8830827033248423e-05 0 0
leaf_weight=1.4786950392299321 19.168475792219397 35.55729859508574 20.547181820846166 24.811358972277958 68.190106422815006 82.093174882116728 16.519917264580727 41.642101382254623 64.364044645859394 4.4288461395772165 32.040104200947098 30.597716285265051 44.602501180430409 183.6503888113657 52.402693846495822 108.45864466472995 2.2134254449629216 2.2236522745224647 8.6464196764281933 86.895816023636144 10.266572851454837 15.392536443949206 9.2382293122354877 3.744390604493673 29.962386547413193 1.8482345378724847 0.28689360152930099 10.975033089925999 6.170701455383095 0.11482741829240772
leaf_count=2950 38225 70905 40970 49480 135967 163678 32940 83024 128340 8832 63910 61019 88936 366176 104483 216310 4412 4434 17238 173297 20468 30691 18424 7468 59752 3687 572 21884 12304 229
internal_value=0 3.87567e-05 -4.36491e-05 -0.000579585 2.7332e-05 -0.000255169 -0.000349601 -0.000418735 9.68866e-05 -0.000885927 0.000239467 -0.000162263 -0.00028972 0.000169727 -3.45225e-05 0.000175112 0.000107703 0.000860407 0 7.52498e-05 0.000402422 -0.00099232 0.000540947 0.000500483 0.000639022 0.000676067 -0.00139755 1.66235e-05 0.000151687 -0.00142655
internal_weight=1018.53 954.329 665.959 64.2029 488.011 177.948 140.255 123.735 368.607 39.3916 288.37 119.404 75.2002 251.84 116.767 245.843 199.792 4.43708 44.2037 195.354 46.0511 34.9627 42.5275 35.7845 33.2893 31.8106 15.7943 37.6929 26.7179 15.5074
internal_count=2031005 1902976 1327864 128029 973064 354800 279642 246702 734966 78549 575112 238098 149955 502143 232823 490299 398453 8846 88143 389607 91846 69717 84813 71378 66389 63439 31492 75158 53274 30920
is_linear=0
shrinkage=0.03


Tree=53
num_leaves=31
num_cat=0
split_feature=25 29 3 11 21 20 11 44 44 9 21 12 34 21 9 11 16 3 21 30 25 16 32 34 46 22 49 33 9 49
split_gain=0.0240996 0.0163589 0.0113654 0.00922766 0.00819851 0.00566804 0.00761424 0.00553468 0.00535592 0.00534435 0.00432087 0.00373833 0.00358584 0.00349229 0.0123499 0.00295546 0.00272877 0.0026562 0.00251719 0.00200068 0.00198463 0.00172941 0.0017161 0.00162803 0.0012978 0.00120716 0.00118706 0.0010566 0.000632069 0.000796169
threshold=1.3330935774757675 -0.3925743054830832 0.71324574894094339 0.90447124409467994 -0.45958264800038634 0.74954776139478974 -0.69586977652208504 -0.35960041699144435 -0.14873856050395873 1.1628286094304248 1.7538241875961369 0.099823179852482291 -0.84233039730843229 1.0496623843572623 -0.14806293105608534 0.42152838393930908 -0.80387791680888143 0.10605172878771005 0.2001813992974549 -1.5858335652417945 -0.15302936584914331 -0.23079047152017243 1.1365738063798061 -0.63987291838064231 0.37907705944217202 0.016929588184151186 -1.2277668214463702 -2.0410921011879073 -1.0219906174790152 0.34578432424153399
decision_type=2 2 2 2 2 2 2 2 2 2 2 2 2 2 2 2 2 2 2 2 2 2 2 2 2 2 2 2 2 2
left_child=1 10 5 28 21 6 20 -5 9 -6 11 16 -8 19 -15 -12 18 26 -1 -7 -3 25 24 -18 27 -4 -17 -9 -2 -30
right_child=3 2 4 7 8 13 12 22 -10 -11 15 -13 -14 14 -16 17 23 -19 -20 -21 -22 -23 -24 -25 -26 -27 -28 -29 29 -31
leaf_value=0.00059516323809258678 7.061807240151292e-05 0 0.00025693023512251276 0 -0.00056813427854358065 -0.0001180397599222384 -0.00032800193632668195 0 0 0 0 0 -3.4883780080227015e-05 -7.1449324462796135e-05 0.0010241251101581251 0 0 0 0 0.00015687953065680473 0.00037332991648295928 -0.00015084201180095663 0 0.00020781672621519661 0 0 0.0021624498760923812 -0.0011785471410321094 0 -0.00036575502587917987
leaf_weight=37.622714411758352 8.9035812150686997 38.542879882268608 31.339921931852587 7.7729756999760857 86.769698110001627 18.989962513558567 61.687557380879298 0.44384947308572265 28.662806286651175 13.230396406434009 7.1865092154475843 77.300019792222884 176.80582432978554 9.983862333872823 17.716216728498694 0.39150760084157843 25.538779665075708 1.1061856493470257 6.0876798557001157 98.348173009755556 38.215944974450395 25.230116194928996 2.083209018863271 141.44040951947682 3.1838516014395273 8.5769339799298887 3.1860383994644508 26.889097936626062 5.7658448242582372 9.2767492539715004
leaf_count=75046 17756 76849 62490 15500 172996 37864 123006 885 57152 26379 14323 154152 352538 19905 35316 780 50940 2205 12135 196106 76206 50308 4154 282089 6349 17102 6354 53617 11497 18503
internal_value=0 3.67868e-05 -4.35228e-05 -0.000563159 -0.000238218 3.19381e-05 -3.14565e-05 -0.000843184 -0.000377929 -0.000481636 0.000221975 0.000185259 -0.000123279 0.000190416 0.000520947 0.000860021 0.000250763 0.00156282 0.000503048 8.68196e-05 0.000214758 0 -0.0010165 0.000166756 -0.00107444 0.00015688 0.00196617 -0.00115396 0 -0.000186722
internal_weight=1018.28 953.96 654.1 64.3192 193.81 460.29 315.252 40.373 128.663 100 299.86 287.99 238.493 145.038 27.7001 11.8702 210.69 4.68373 43.7104 117.338 76.7588 65.147 32.6 166.979 30.5168 39.9169 3.57755 27.3329 23.9462 15.0426
internal_count=2030502 1902241 1304217 128261 386427 917790 628599 80505 256527 199375 598024 574362 475544 289191 55221 23662 420210 9339 87181 233970 153055 129900 65005 333029 60851 79592 7134 54502 47756 30000
is_linear=0
shrinkage=0.03


Tree=54
num_leaves=31
num_cat=0
split_feature=11 7 16 20 21 11 16 21 21 47 9 5 33 18 38 25 20 17 21 1 0 30 21 22 20 46 49 47 16 33
split_gain=0.0227613 0.0259027 0.0179849 0.0124538 0.012253 0.0116911 0.0101823 0.00768423 0.00738532 0.00807723 0.00624505 0.00482173 0.0048151 0.00471338 0.00359385 0.00357344 0.00307652 0.00266207 0.00298981 0.00239371 0.00236814 0.00181002 0.0017861 0.00172421 0.00169464 0.0015968 0.00157638 0.00204922 0.00143386 0.0013252
threshold=-0.18184266431362714 -0.14145286236279367 2.9064995363230959 -0.29890040133688811 0.99512156317061884 2.1249754874198681 -0.64440589779908364 -0.79608175548667004 0.39338552921973058 1.2668872276109007 0.58021016628462441 -0.56666874607059381 0.48477987898018304 0.98934584376395307 -0.16025102466613422 0.029159475199104081 0.032408805460557071 0.62376378625891338 -0.19265417061980306 0.94351733656503634 0.77644212292527204 -0.5619990010319732 0.6511745508348793 -0.34264277235249913 1.0089530243225606 -1.2650442196477403 -0.48057435629933015 0.48304367440935592 0.42633409581934306 -2.0410921011879073
decision_type=2 2 2 2 2 2 2 2 2 2 2 2 2 2 2 2 2 2 2 2 2 2 2 2 2 2 2 2 2 2
left_child=6 2 3 17 15 8 7 10 9 24 -1 -10 26 29 -13 -5 -4 18 -2 28 -6 -9 -18 -11 -3 -23 -8 -28 -14 -7
right_child=1 5 16 4 20 13 12 21 11 23 -12 14 19 -15 -16 -17 22 -19 -20 -21 -22 25 -24 -25 -26 -27 27 -29 -30 -31
leaf_value=0.00076073365152027044 0 -0.00030254946727181298 0 0.00022249654760729469 0.00081774211834645188 0 2.1683216440690839e-05 0 0 0 0 0 0.00025872672497523005 0 -0.00081426208025136356 -0.0001684543933552189 0 0 -0.00052283922078431399 -1.1775090537590935e-05 0 0 0.0025821727029072357 0.0003129586896366965 0 0.00028567048554755916 -0.00019089106863993851 2.0502596834403522e-05 0 -0.0010750487057937083
leaf_weight=48.679319570481312 22.044668931572232 111.09564468753524 2.0317596949171266 41.890004948945716 28.857383652997669 0.52153462992283195 75.218458687304519 39.771328085567802 18.237019255349878 8.8400071610813011 18.242378141381778 10.542932787269818 109.07730176002951 2.5731653528637244 42.246564897068311 40.256089338974562 0.75333945854799811 14.222102025989441 37.494101924123242 28.366977911035065 5.153669388848356 11.880832089635076 3.3060994874103926 31.912715122278314 17.710167068755254 57.121421441843268 108.00337163143558 29.551538663392421 24.571039371367078 28.685657833295409
leaf_count=97085 43958 221519 4049 83521 57527 1040 149987 79302 36363 17628 36383 21026 217519 5130 84228 80276 1501 28359 74761 56568 10273 23695 6591 63636 35310 113916 215382 58935 48994 57194
internal_value=-4.83475e-06 -0.00016136 8.95928e-05 2.20474e-05 0.000229874 -0.000352974 0.000122894 0.000313162 -0.000263766 -0.000131867 0.000580495 -0.000536404 2.5694e-05 -0.000933905 -0.00068508 0 0.00170308 -0.000264561 -0.000356304 0.000154367 0.000710428 0.000121108 0.00224372 0.000196518 -0.000259055 0.000216169 -5.81841e-05 -0.000123667 0.000212078 -0.00104607
internal_weight=1018.86 468.375 196.009 189.918 116.157 272.365 550.484 175.695 240.585 169.559 66.9217 71.0265 374.789 31.7804 52.7895 82.1461 6.0912 73.7609 59.5388 162.015 34.0111 108.774 4.05944 40.7527 128.806 69.0023 212.773 137.555 133.648 29.2072
internal_count=2031656 933890 390816 378675 231597 543074 1097766 350381 479710 338093 133468 141617 747385 63364 105254 163797 12141 147078 118719 323081 67800 216913 8092 81264 256829 137611 424304 274317 266513 58234
is_linear=0
shrinkage=0.03


Tree=55
num_leaves=31
num_cat=0
split_feature=11 47 21 11 37 33 9 7 45 28 36 21 16 27 44 19 25 17 17 16 30 24 49 47 35 9 28 21 47 7
split_gain=0.0214335 0.0230105 0.0158946 0.010757 0.00918251 0.00893443 0.00547027 0.00477772 0.00476905 0.00445997 0.00412729 0.00376071 0.00351598 0.00332363 0.0029487 0.00256247 0.00237477 0.00264187 0.00232692 0.00200121 0.00200535 0.00156037 0.00148862 0.00144862 0.00144634 0.00141913 0.00122955 0.00117622 0.0010578 0.00105101
threshold=-0.18184266431362714 -0.77506210832800571 1.2751182692633123 2.2277874794303592 0.65600114845597546 0.48477987898018304 0.72586482047953382 -0.33708845362212031 -0.090613308115153654 0.099367279440037787 0.43062824049519272 0.12505853421362725 -0.65015882100916644 -0.16946050608983734 -0.35960041699144435 0.64426741852467939 -0.1132341446247378 -0.32397185564374559 0.76448799786607935 0.39584236827302638 -1.3951726567870375 0.50884000971093435 -0.17871134951595549 0.40927857446964294 -2.7391396184481613 0.58021016628462441 0.42559562266993606 0.1048015741230455 0.13076109143457718 -1.0218130776897196
decision_type=2 2 2 2 2 2 2 2 2 2 2 2 2 2 2 2 2 2 2 2 2 2 2 2 2 2 2 2 2 2
left_child=5 2 13 4 8 12 -4 -5 14 11 18 19 16 -2 -3 24 -1 -18 -6 20 -7 -10 -14 29 -9 -15 -19 -27 -11 -24
right_child=1 3 6 7 10 9 -8 15 21 28 -12 -13 22 25 -16 -17 17 26 -20 -21 -22 -23 23 -25 -26 27 -28 -29 -30 -31
leaf_value=0 -0.00024733007587813459 0 0 0 -0.00062705275063001985 0 0.0014371807081223094 0 0 0 -3.9387915133610053e-05 6.9817391011749122e-06 8.0880680680135139e-06 0 -0.00027891460774329027 0 0 0.00051692235466598382 0 0 0.00053656690581991098 0.00021792032772533995 0 0 -0.0010903629155384054 0 0 0.00049175472249355626 0.00018712163053893977 -0.00024778181306681633
leaf_weight=47.482176712539513 16.799019620346371 57.190133807889652 2.8063409553142256 7.3175759373116298 63.146386883454397 15.48279760032892 12.85026257263962 1.2051220550783934 56.568716451700311 50.666586537030526 32.243927091010846 37.364682874991558 106.52430567855481 7.1775817163870661 100.92218889389187 3.0153883491293518 10.543688995297996 31.214876427256968 6.7648253098595879 9.660012173408175 96.196838446310721 39.815148066205438 12.516702106338924 29.011738435423467 24.547043719212528 17.684474079462234 6.5675677307881406 18.121409636747558 30.882859946694225 66.089288797287736
leaf_count=94689 33498 114028 5591 14591 125908 30873 25617 2403 112793 101037 64293 74497 212417 14309 201236 6012 21026 62251 13488 19264 191853 79393 24963 57859 48942 35266 13098 36128 61587 131794
internal_value=0 -0.000149608 0.00031312 -0.00024613 -0.000184932 0.000126548 0.00117508 -0.000767856 -7.39452e-05 0.000264609 -0.000432062 0.000361211 9.85287e-06 3.71975e-05 -0.000181303 -0.000942895 0.000168472 0.000317012 -0.000570257 0.000445567 0.000481487 7.10429e-05 -4.7105e-05 -0.000129614 -0.00104053 0.000218192 0.000437575 0.000304667 3.98228e-05 -0.000198962
internal_weight=1018.38 468.176 75.4391 392.736 356.651 550.204 15.6566 36.0851 254.496 240.254 102.155 158.704 309.95 59.7825 158.112 28.7676 95.8083 48.3261 69.9112 121.34 111.68 96.3839 214.142 107.618 25.7522 42.9835 37.7824 35.8059 81.5494 78.606
internal_count=2030704 933496 150409 783087 711139 1097208 31208 71948 507450 479111 203689 316487 618097 119201 315264 57357 191064 96375 139396 241990 222726 192186 427033 214616 51345 85703 75349 71394 162624 156757
is_linear=0
shrinkage=0.03


Tree=56
num_leaves=31
num_cat=0
split_feature=29 36 41 34 39 44 11 8 30 11 17 16 17 17 20 29 1 45 11 21 2 49 38 21 45 47 22 32 21 17
split_gain=0.0217666 0.0112679 0.011192 0.00799347 0.00639885 0.00600757 0.00537301 0.00430623 0.00666418 0.00380731 0.00329824 0.00327369 0.00323021 0.00301261 0.00278874 0.00253228 0.00243048 0.00225712 0.00222107 0.00210027 0.00202764 0.00197381 0.00188584 0.00179752 0.00169198 0.00129311 0.00124116 0.00116512 0.00111255 0.00109548
threshold=-0.059885219197784542 -1.5194296570630852 -0.47985710125605918 -0.60137487778461829 -0.18813814293086237 -0.35960041699144435 -0.46599205897276835 0.21674549291291434 0.76637820020133285 -0.7778457505228108 -0.58808722502038957 -0.34460823017974007 0.70937308867488214 0.75917091211852372 -0.99169459125736803 -0.4714256067002604 1.0033499714245715 -0.090051173287198125 -0.7205485156926944 1.4344038696640979 -1.6368864434570465 -0.68884389770864052 -0.58733806812292833 1.5289570278391638 -0.074450421444917134 -0.68357908630096897 0.21026484489217542 -0.61873693728048829 -0.23166563054532538 0.63551849446084263
decision_type=2 2 2 2 2 2 2 2 2 2 2 2 2 2 2 2 2 2 2 2 2 2 2 2 2 2 2 2 2 2
left_child=1 23 4 18 9 10 11 16 12 -2 14 -7 20 22 -5 -12 27 -8 25 21 -9 -20 -11 24 29 -3 -27 -4 -18 -1
right_child=2 3 7 5 -6 6 17 8 -10 13 15 -13 -14 -15 -16 -17 28 -19 19 -21 -22 -23 -24 -25 -26 26 -28 -29 -30 -31
leaf_value=-0.00050654889443194453 0 0 0 0 0 0.00035425938177645149 -0.0001392756433695143 0 0.00016183408159250995 0 0.00046163064522091319 0 0 0 0.00097727512220489366 0.00016193324903524719 0 8.9737709006068453e-05 1.4328626549887942e-06 0.00024699970656317486 -0.00048061321724729618 -0.0002121504871419852 -0.00078138315277994556 0 0 0.00031822283495665672 0 0.00024856699884687097 -0.00056842058569487035 0
leaf_weight=37.34491760993842 6.4591976776719084 15.600260553881524 14.136873244773595 3.1726973776822005 25.211825045989826 69.844182489265222 89.551799703447614 5.249635793385095 25.67041724815499 9.5813650465570372 54.968703025020659 30.742941062315367 17.314625520724803 7.9395879792282349 13.9116702103056 169.88989383279113 4.4420906992163509 54.57824005902512 20.625706305319909 7.8355335032101712 60.061097158293705 104.75620537204668 60.570420424977783 2.3168150159181087 6.7210330986417821 28.745688991330098 9.6191899197874573 53.339794287050609 4.8853375147446041 3.1776951567153437
leaf_count=74470 12878 31112 28184 6327 50266 139297 178568 10467 51185 19108 109626 61310 34524 15829 27729 338770 8855 108829 41129 15621 119754 208905 120764 4619 13403 57336 19184 106348 9739 6337
internal_value=0 8.87501e-05 -0.000217057 0.000124133 -0.000461601 0.000189195 6.79105e-05 -5.58366e-05 -0.000187713 -0.000587133 0.000299471 0.000240523 -0.000332621 -0.000645846 0.000794225 0.000248539 9.10528e-05 -3.17398e-05 -2.89978e-05 -0.000107037 -0.000429512 -0.000153088 -0.000709207 -0.000331792 -0.000386947 0.000108056 0.000216239 0.000182485 -0.000248753 -0.000460587
internal_weight=1018.27 723.403 294.862 673.843 109.762 486.66 244.717 185.1 108.296 84.5506 241.943 100.587 82.6254 78.0914 17.0844 224.859 76.8041 144.13 187.183 133.217 65.3107 125.382 70.1518 49.5605 47.2436 53.9651 38.3649 67.4767 9.32743 40.5226
internal_count=2030473 1442572 587901 1343743 218845 970456 488004 369056 215930 168579 482452 200607 164745 155701 34056 448396 153126 287397 373287 265655 130221 250034 139872 98829 94210 107632 76520 134532 18594 80807
is_linear=0
shrinkage=0.03


Tree=57
num_leaves=31
num_cat=0
split_feature=25 29 39 17 20 21 16 11 46 47 47 29 37 16 45 21 4 37 16 49 47 47 33 11 33 21 45 28 20 40
split_gain=0.0210402 0.0158255 0.00981949 0.00768981 0.00622408 0.0060339 0.00455872 0.00405466 0.00403048 0.00388507 0.00407478 0.00349507 0.0029942 0.00295215 0.00340567 0.00222134 0.00220131 0.00212486 0.00207035 0.00201949 0.00166729 0.00160997 0.00133121 0.000910967 0.000706342 0.000625843 0.000581076 0.000503153 0.00046079 0.000381215
threshold=1.5501775493774133 -0.36217876682363365 -0.82434351185046029 -1.0419636976061544 -0.092953703680106761 -0.22407283373118198 3.1603330758399069 -0.83856125077959842 0.44320538639618895 -0.26161328172670456 1.9078835272745647 -0.5110257681538074 0.56305912511417266 -0.78108103268926998 -0.09091721974710458 -0.0091756738175530275 -1.1592913079099849 0.36006271018512054 -0.045142651904497823 0.091824566985595421 0.52813344798389861 -0.73345628812665409 0.54113430146334729 -0.64002862502673041 -1.8142908228289587 -0.23166563054532538 -0.12679601516539676 -0.83498068376807988 1.6929677688555473 2.4925669564053252
decision_type=2 2 2 2 2 2 2 2 2 2 2 2 2 2 2 2 2 2 2 2 2 2 2 2 2 2 2 2 2 2
left_child=1 6 5 8 7 18 11 22 24 -7 -11 19 16 15 -15 -13 -6 -9 20 28 -3 -14 -4 -8 -2 -25 -26 -20 -1 -28
right_child=3 2 4 -5 12 9 23 17 -10 10 -12 13 21 14 -16 -17 -18 -19 27 -21 -22 -23 -24 25 26 -27 29 -29 -30 -31
leaf_value=0.00072398948911015361 0 0 0 0 0 0 0 -1.6862380294359028e-05 0 -0.0006389074443984502 0 0.0004200070113007955 0.00019022966186961962 -4.2434269693543243e-08 0.00019682593242984129 0 0.00025600352229816282 -0.00026328457257848421 0 0 0.00030889807435685064 -8.5647168192384392e-05 0.00041640038398087063 0 0 0.0017210700842128334 -0.0010980197611128656 -0.00032520989674351372 0 0
leaf_weight=18.843670332455083 1.23466417327291 23.709508010768332 19.929925574688244 18.231196102802642 27.037171243631747 12.950948362005873 0.096338129253127014 86.934754039160907 3.3086211251211344 57.209205253631808 5.3348362596589132 53.090665986412205 25.18321857182309 150.04156966815935 119.28940090106335 16.160714894067496 119.33117155585205 102.99621263722656 1.0854065926978389 4.2109121293760827 17.313401421240997 73.296368408540729 11.860205914243123 0.25788555119652379 0.18859535758384183 2.749599315167869 24.779361586319283 20.522039724048227 0.29393799300305445 0.13939071085769583
leaf_count=37580 2462 47273 39738 36357 53901 25821 192 173339 6598 114063 10638 105895 50212 299234 237896 32219 237930 205373 2164 8397 34523 146150 23647 514 376 5482 49411 40919 586 278
internal_value=6.04445e-07 3.38546e-05 -5.65085e-05 -0.000610142 2.97708e-06 -0.000279162 0.000191763 -0.000105356 -0.000913556 -0.000463076 -0.000561025 0.000172461 0.00011333 0.000136034 7.60138e-05 0.000326145 0.00019974 -0.000166288 -9.57151e-06 0.000572209 6.07607e-05 0 0.000164317 0.00147594 -0.00103784 0.0015877 -0.0010749 -0.000281942 0.000703164 -0.00108864
internal_weight=1017.61 969.729 604.694 47.8818 466.569 138.125 365.035 221.721 29.6506 75.495 62.544 361.931 244.848 338.582 269.331 69.2514 146.368 189.931 62.6304 23.3485 41.0229 98.4796 31.7901 3.10382 26.342 3.00748 25.1073 21.6074 19.1376 24.9188
internal_count=2029168 1933686 1205691 95482 930290 275401 727995 442097 59125 150522 124701 721807 488193 675244 537130 138114 291831 378712 124879 46563 81796 196362 63385 6188 52527 5996 50065 43083 38166 49689
is_linear=0
shrinkage=0.03


Tree=58
num_leaves=31
num_cat=0
split_feature=29 44 11 39 44 21 20 47 17 20 21 47 34 7 17 16 20 45 21 34 20 38 20 7 0 30 33 20 33 25
split_gain=0.0206769 0.010632 0.0130596 0.00928774 0.00775364 0.0070952 0.0123351 0.00660727 0.00649827 0.00582772 0.00519782 0.00458603 0.00428307 0.00372973 0.00363689 0.00519454 0.00288476 0.00206874 0.00201014 0.00170841 0.00146779 0.00145999 0.00138276 0.00114582 0.00100875 0.000975609 0.000860605 0.00072724 0.000697603 0.000642662
threshold=0.033072284499962745 -0.57046227347892997 0.078313799900001355 -0.055686733660232128 0.062123295983526894 1.7538241875961369 0.83414056400937642 0.38052418436907737 -0.51534869728694399 1.1481402432617978 -0.66560465813309466 -0.70382306356859303 -0.58805095541173547 0.24981836388382453 0.13178509210691852 -0.63317535221064514 1.4836970500962752 -0.083422243363447945 0.7039565076367299 2.0280878055124245 1.4170170963643061 0.11835783272278778 -0.84218515248502535 -0.43490624925178362 0.54867264531796012 0.79621206058013316 0.66616222213116838 1.4567073590939326 -1.5434617230432268 0.41385821072635309
decision_type=2 2 2 2 2 2 2 2 2 2 2 2 2 2 2 2 2 2 2 2 2 2 2 2 2 2 2 2 2 2
left_child=1 5 7 4 10 12 -7 14 -9 13 -2 -12 28 22 21 -16 -13 -15 -10 20 -14 -3 -4 24 -5 26 27 -25 -1 -11
right_child=3 2 9 23 -6 6 -8 8 18 29 11 16 19 17 15 -17 -18 -19 -20 -21 -22 -23 -24 25 -26 -27 -28 -29 -30 -31
leaf_value=-0.00021543766124023774 0 -0.00035119924045090361 -0.00027975203695919458 0.00025714981569532945 0 0 0.001596701105922042 0 0.00055897563368731982 0.00027062539959946938 0 -0.00067384594755638303 0.00028166595242883123 -0.00059911161526668931 0.0003594738387489477 0 0 -2.704567251375928e-05 0 0 0 0 0 -0.000275035428251775 0 8.5030055714067204e-06 0 0 0 0
leaf_weight=13.527193453162907 13.931616068992296 26.980674752732739 20.009741425223183 24.978875612025153 42.682527916680556 6.6216030242503612 9.1673132288269681 27.538774283602834 52.679405535222031 11.433024078025484 6.661098687502089 89.980042022536509 187.29288498341339 52.367773880891036 45.924907524837181 121.28745511872694 4.4933854516129932 19.501954829960596 1.9172540138242755 18.43119502463378 16.278616292809602 37.997205521329306 35.713027435413096 34.28461144521134 4.4642959061311549 14.191634776885619 8.9883620573091303 1.8655530465766776 55.401844837528188 11.721822636493014
leaf_count=26975 27776 53808 39899 49802 85107 13202 18274 54921 105067 22794 13282 179398 373473 104422 91591 241886 8959 38888 3823 36755 32462 75756 71205 68357 8901 28297 17921 3720 110478 23374
internal_value=0 7.62831e-05 -8.00919e-06 -0.00023931 -0.000377474 0.000213874 0.000881552 9.53175e-05 0.000327366 -0.000243358 -0.000505951 -0.000580951 0.000167328 -0.000330225 3.11911e-07 8.67854e-05 -0.000636388 -0.000485623 0.00051802 0.000232498 0.000257881 -0.000176047 -7.59583e-05 0 0.000158949 -6.95944e-05 -0.00016061 -0.000231593 0 0.000105749
internal_weight=1018.32 771.794 465.073 246.522 157.749 306.721 15.7889 314.326 82.1354 150.747 115.066 101.135 290.932 127.592 232.19 167.212 94.4734 71.8697 54.5967 222.003 203.572 64.9779 55.7228 88.7733 29.4432 59.3302 45.1385 36.1502 68.929 23.1548
internal_count=2030573 1539053 927434 491520 314522 611619 31476 626852 163811 300582 229415 201639 580143 254414 463041 333477 188357 143310 108890 442690 405935 129564 111104 176998 58703 118295 89998 72077 137453 46168
is_linear=0
shrinkage=0.03


Tree=59
num_leaves=31
num_cat=0
split_feature=25 29 36 11 34 44 37 12 21 49 12 47 20 49 30 45 4 16 8 11 12 8 38 44 39 7 46 7 24 9
split_gain=0.0192667 0.0135023 0.00964857 0.00856453 0.00635241 0.00553913 0.00529744 0.00407386 0.00376089 0.00291617 0.00290326 0.00274346 0.00265192 0.00265169 0.00262113 0.00261827 0.00190784 0.00166363 0.00295947 0.00154864 0.00137196 0.00133779 0.0011825 0.0011619 0.00110113 0.000789154 0.000775814 0.000582382 0.000356437 0.000344006
threshold=1.3330935774757675 -0.39792863289405328 -0.59041694497377972 0.93231074505775513 -0.94170605075353542 -0.35960041699144435 0.6181574308812442 -0.27511854556869558 1.7538241875961369 -0.21422240751194802 0.099823179852482291 -0.89095601953769499 0.99694403228249417 -0.13460318635050811 0.78609370512886068 -0.090613308115153654 0.90437686426091524 -0.65560558006557967 -1.1733679863260191 -0.1165959212909259 -0.19208542431346282 1.4579182024032706 -0.74911139458639653 -0.35960041699144435 -0.8100649204788738 1.1301785245507949 0.50700613783053405 -1.0218130776897196 -0.33967238015377904 -1.0219906174790152
decision_type=2 2 2 2 2 2 2 2 2 2 2 2 2 2 2 2 2 2 2 2 2 2 2 2 2 2 2 2 2 2
left_child=1 8 6 29 13 -5 15 16 10 -10 17 -8 -9 -4 -15 20 -6 18 -1 -11 -3 -13 -7 -19 -21 -17 27 -24 -12 -2
right_child=3 2 4 5 7 22 11 12 9 19 28 21 -14 14 -16 25 -18 23 -20 24 -22 -23 26 -25 -26 -27 -28 -29 -30 -31
leaf_value=0 6.0964312045172031e-05 0 0 0 0.00023443188679170567 0 0 -6.8825340489627005e-05 0 0 0.00010947583071751911 -0.00055393617466419087 0.00020713091930185104 -0.00047146908324251712 0 0 0 0.00021586459844681491 0.00048905333279143518 0 -0.0002906540568569613 0 0 0 0.0020667510368616521 0.0002534991734894675 0 -0.001140465325047825 -3.3647536467096723e-05 -0.00013386433050558387
leaf_weight=15.502343742526135 9.1959338693413901 46.150222774886061 30.479235678445548 7.6340958323562509 155.63417160627432 3.7467219382524481 4.3324706013663663 143.34873783914372 7.0116047749761492 1.0898829310899598 21.828640526568051 54.559896072081756 39.803450998617336 35.218011304736137 15.123326541157438 32.259208106785081 33.82582947605988 71.710837239515968 51.968945507716853 0.42919154709670726 49.754500994225964 10.89130189095158 1.2625874910154404 63.798697637626901 2.9557020731735957 14.240938770875799 3.0504749643150708 24.07998853415484 52.270022016542498 15.37012910103658
leaf_count=30918 18339 92018 60772 15223 310313 7472 8639 285829 13971 2172 43527 108788 79361 70227 30159 64323 67443 143018 103657 856 99206 21717 2518 127245 5898 28397 6083 48014 104241 30653
internal_value=0 3.23731e-05 -3.81624e-05 -0.000503948 3.43664e-05 -0.000777573 -0.00020729 9.22341e-05 0.000205471 0.000814267 0.000169406 -0.000432746 0 -0.000195305 -0.000329614 -7.57418e-05 0.000189956 0.000228139 0.000380452 0.00151277 -0.000175933 -0.000487227 -0.000950444 0.000130162 0.00185394 6.63827e-05 -0.00102958 -0.00110235 0 0
internal_weight=1018.53 954.187 665.621 64.3399 453.433 39.7739 212.189 372.612 288.566 11.4864 277.079 69.7837 183.152 80.8206 50.3413 142.405 189.46 202.981 67.4713 4.47478 95.9047 65.4512 32.1398 135.51 3.38489 46.5001 28.3931 25.3426 74.0987 24.5661
internal_count=2030997 1902695 1327192 128302 904104 79310 423088 742946 575503 22897 552606 139144 365190 161158 100386 283944 377756 404838 134575 8926 191224 130505 64087 270263 6754 92720 56615 50532 147768 48992
is_linear=0
shrinkage=0.03


Tree=60
num_leaves=31
num_cat=0
split_feature=29 21 9 11 41 44 16 21 9 45 45 21 9 8 30 20 30 45 33 44 34 1 24 30 0 45 8 20 20 42
split_gain=0.0182827 0.010643 0.0189195 0.015134 0.00920122 0.00705507 0.00636271 0.00516782 0.00568551 0.00490704 0.00726619 0.00444356 0.00740011 0.00407556 0.00812855 0.00399126 0.00347096 0.00291901 0.00244906 0.00236941 0.00227953 0.00203421 0.00197661 0.00196393 0.00173469 0.00179814 0.00146253 0.00124907 0.00114504 0.000939361
threshold=0.060298009222440663 1.887533919208759 0.58021016628462441 0.36244633071066107 -0.47985710125605918 -0.35960041699144435 -0.55153445847545479 -0.59222544451625858 0.14324637733373335 -0.09091721974710458 -0.090917831414596154 -0.72628112231062325 0.43455551208971505 0.21674549291291434 1.0341766745943726 0.032408805460557071 1.1508669578563075 -0.056460316807905794 1.0055902868748403 1.9598800043708982 -0.42653232734768071 0.90615586860011466 -0.69280188786874219 -0.34374342203595404 0.94017864679051277 -0.1229570785929877 -0.77619270575082766 1.5618045593135692 0.2822491853364556 -0.84157856213858506
decision_type=2 2 2 2 2 2 2 2 2 2 2 2 2 2 2 2 2 2 2 2 2 2 2 2 2 2 2 2 2 2
left_child=1 3 -3 6 7 -5 11 -2 16 10 -8 12 -1 21 18 -4 27 22 19 -15 -11 26 -7 -13 25 -17 -6 -9 -10 -28
right_child=4 2 15 5 13 17 9 8 28 20 -12 23 -14 14 -16 24 -18 -19 -20 -21 -22 -23 -24 -25 -26 -27 29 -29 -30 -31
leaf_value=0.0006179286530295984 0 0 0 0 0 0 2.4468073731198071e-05 -0.00091510405370743197 -0.00025947622339544528 0 -0.00037895780303824319 0 0 -0.00046131687958072946 0.00040613125099937006 0 0 0 0 0 0.00025769454687049517 -0.00017776540253026393 -0.000477281521489607 0.00020175421988205417 0 0.0019322669510227471 0 0 0 0.00042969086925669965
leaf_weight=58.657407806837 14.151146396005059 12.046570453618189 2.2541478159837416 59.265797957254108 23.148030113487035 5.1877100098063229 158.48644797183806 41.193028768990189 16.361178714490965 76.722683946718462 49.641785214131232 55.810671463084873 28.693841126048937 63.295014862262178 12.254753859946502 1.0181695628561982 6.249775923555716 14.910523389931766 7.5815295946085817 5.6662926041171877 92.179030572122429 9.2742377032991481 78.47189127409365 80.826987070962787 0.43523398984689343 9.5126899121678417 4.2357433405704787 1.0978618795634236 7.1401645514997645 22.761316670454114
leaf_count=116988 28214 24014 4494 118165 46153 10343 316050 82129 32623 153002 98998 111282 57233 126203 24435 2030 12461 29730 15116 11299 183813 18488 156469 161189 868 18965 8444 2189 14236 45382
internal_value=0 6.69121e-05 0.000681004 4.2512e-05 -0.000234986 -0.000212393 0.000114445 -0.000488289 -0.000591456 2.99277e-05 -5.7341e-05 0.000243316 0.000424455 -6.74407e-05 -0.000207927 0.00147457 -0.000789392 -0.000369663 -0.000345433 -0.000405468 0.000155226 9.20162e-05 -0.000438643 0.000105559 0.00171723 0.00179416 0.000201738 -0.00088831 -5.49764e-05 0.000352633
internal_weight=1018.53 784.122 25.2668 758.855 234.41 157.836 601.019 86.1932 72.042 377.03 208.128 223.989 87.3512 148.217 88.7976 13.2202 48.5407 98.5701 76.5428 68.9613 168.902 59.4193 83.6596 136.638 10.9661 10.5309 50.1451 42.2909 23.5013 26.9971
internal_count=2031005 1563633 50371 1513262 467372 314707 1198555 171852 143638 751863 415048 446692 174221 295520 177053 26357 96779 196542 152618 137502 336815 118467 166812 272471 21863 20995 99979 84318 46859 53826
is_linear=0
shrinkage=0.03


Tree=61
num_leaves=31
num_cat=0
split_feature=37 12 36 25 20 34 21 9 9 36 45 17 30 11 11 11 41 47 21 8 30 44 20 17 29 21 47 47 36 22
split_gain=0.0169608 0.0136112 0.00844542 0.00776708 0.00636553 0.00592483 0.00535239 0.00551996 0.00509948 0.0040497 0.00366362 0.00234989 0.0020918 0.00196806 0.00187192 0.00178812 0.00168397 0.00153324 0.00244249 0.0013117 0.00122962 0.00112446 0.00110044 0.00122962 0.000990468 0.000872588 0.00228033 0.000816381 0.00093331 0.000664134
threshold=0.72077390729468849 0.11066961910953278 1.0000000180025095e-35 1.4893951663933553 1.1831922677177551 -0.78656210978365371 1.0496623843572623 0.14324637733373335 1.3084832636253341 -0.56308759382914964 -0.090051173287198125 0.53781524334172259 -1.8109472540515603 1.6030320448076856 -0.85942879685391638 -0.51089047915168251 1.1836186738095169 0.83711275829121001 -0.22407283373118198 0.21674549291291434 0.86807442261556578 -0.67589320172267275 1.5451482873994067 0.78629574815399883 -0.40960119531878852 0.16696635645058958 -0.41272047841590226 1.0507751402685774 0.73545920032728451 0.12058377199104341
decision_type=2 2 2 2 2 2 2 2 2 2 2 2 2 2 2 2 2 2 2 2 2 2 2 2 2 2 2 2 2 2
left_child=1 5 8 4 10 14 -6 -8 15 17 11 -3 -11 -5 29 -2 -14 24 -19 25 -21 -15 23 -17 -7 -4 -27 28 -16 -1
right_child=2 3 19 13 6 9 7 -9 -10 12 -12 -13 16 21 27 22 -18 18 -20 20 -22 -23 -24 -25 -26 26 -28 -29 -30 -31
leaf_value=0.00029473946886066625 -5.3128222670975229e-05 -0.00029742538370497484 0 -4.7345336675525827e-06 0 0.00010355939506071262 0 0.0012646684943103494 0 0 0 0 0.00030474420811914488 0 -0.00023660006155629276 -0.00071250731221455816 0 0.00041343648973511129 0 -0.00025592940644778733 0 -0.001170079936871326 0 0 -8.0865099818764778e-05 0.00054207671870904069 0 0 0 0
leaf_weight=13.557501115603374 17.325726255308837 98.899346505466383 34.85173005744582 9.5789591767243127 29.029712854477111 39.259519507235382 3.1844015840324564 8.0005517000099626 9.5775688756839354 26.471495767997112 80.400903590838425 30.006731653120369 261.59777123283129 0.9010722414823239 49.797218398598488 54.925060237117577 23.380090477585327 22.369780357694253 14.961312497674951 35.390301945153624 8.180820048961321 8.9737540975911525 1.6320423741708499 4.0058474492980158 71.932815564679913 9.8125389672350156 7.8975393313448867 13.78765484940959 19.315103509055916 9.3348551839590055
leaf_count=27037 34553 197202 69500 19103 57887 78300 6348 15951 19098 52781 160320 59836 521644 1797 99297 109518 46627 44611 29833 70571 16315 17893 3254 7987 143426 19563 15746 27495 38514 18614
internal_value=1.12971e-06 6.14656e-05 -0.00025685 -0.00010789 -4.97886e-05 0.000147283 0.000273623 0.000836582 -0.00047382 0.000195036 -0.000126259 -0.000226855 0.000259024 -0.000698914 -3.19825e-05 -0.000557706 0.000282722 4.06568e-05 0.000208664 -2.82338e-05 -0.000166742 -0.00106849 -0.000652519 -0.000674076 0 2.95069e-05 0.000216628 -0.000120959 -0.000167872 0.000159178
internal_weight=1018.34 834.741 183.599 268.975 249.522 565.765 40.2147 11.185 87.4662 459.973 209.307 128.906 311.449 19.4538 105.792 77.8887 284.978 148.523 37.3311 96.1329 43.5711 9.87483 60.563 58.9309 111.192 52.5618 17.7101 82.9 69.1123 22.8924
internal_count=2030621 1664516 366105 536337 497544 1128179 80186 22299 174410 917222 417358 257038 621052 38793 210957 155312 568271 296170 74444 191695 86886 19690 120759 117505 221726 104809 35309 165306 137811 45651
is_linear=0
shrinkage=0.03


Tree=62
num_leaves=31
num_cat=0
split_feature=25 29 21 11 12 39 30 17 7 21 36 7 45 44 20 34 46 47 20 47 7 1 7 34 8 34 1 1 45 30
split_gain=0.0173278 0.0140896 0.00887077 0.00946083 0.00919023 0.00788317 0.00716164 0.00508939 0.00500431 0.00477706 0.00407299 0.00386122 0.0038389 0.00318154 0.00316093 0.00300375 0.00274182 0.00264352 0.00236203 0.00234378 0.00225783 0.00120061 0.00102792 0.000928349 0.00075464 0.000660634 0.000627187 0.000607427 0.000581402 0.000551567
threshold=2.1163602680412557 0.060298009222440663 1.887533919208759 1.1483518948911966 0.0091865189133105672 -0.055686733660244396 0.69963895089974526 -1.1374944187804068 -0.63054186237509269 -0.67229424333963828 -0.59041694497377972 0.054182728896532993 -0.084263633509159316 -0.35960041699144435 -0.14002782022220392 -0.34681047311609653 0.44320538639618895 0.83711275829121001 0.6478495864630055 1.3619506873266054 -0.43490624925178362 0.91591857034188451 -0.7283596798687384 -0.31977681439434769 0.16709854192101581 -0.89775601463994692 0.46907818058166767 0.71826900771663527 -0.11999819966520446 1.0219967122357474
decision_type=2 2 2 2 2 2 2 2 2 2 2 2 2 2 2 2 2 2 2 2 2 2 2 2 2 2 2 2 2 2
left_child=1 2 4 18 10 6 8 16 26 -10 17 14 13 -6 -5 -12 28 -1 -4 21 -20 -8 24 -14 27 29 -3 -7 -2 -24
right_child=7 5 3 11 12 22 19 -9 9 -11 15 -13 23 -15 -16 -17 -18 -19 20 -21 -22 -23 25 -25 -26 -27 -28 -29 -30 -31
leaf_value=-6.0575725257799538e-05 0 0 0 0 0 0.00039363865419996831 0 0 0 -0.000680074952834138 6.8496285238727213e-05 0 0 -0.00027812875365535497 0.0025925954575671483 0.00028150307711538548 0 0.00024205564813760215 0.0006985658379423113 0.00036941297888675546 0 -0.00029754178373957938 -0.00023356653258432559 0.00014889915929157564 0 9.9926303735672442e-06 -0.00031192483083329099 0 -0.0012747142444732723 0
leaf_weight=116.7067552456283 0.39621423848439263 17.75459991814569 8.2641517998999969 0.78585144982207555 61.813866095675621 13.968133725516966 15.938446613552513 7.4356545349583021 8.4994193805032392 65.143558869021945 154.19567521748831 1.0652661508065646 40.977823512279429 99.78986939555034 3.7114432600792489 187.88981434266316 1.8355156587203953 33.297366260492709 9.4809873138437997 10.907268070382996 1.4248613897943823 19.219033469795249 19.965345689270183 48.703377888887189 6.1805129235726772 38.290217844885774 5.8014958353596731 1.2959725960972708 14.051090473716615 3.5794866877840823
leaf_count=232731 790 35397 16478 1567 123257 27850 31779 14828 16945 129886 307500 2124 81716 198993 7403 374678 3660 66403 18895 21748 2839 38318 39809 97115 12323 76341 11568 2584 28018 7138
internal_value=0 1.83475e-05 8.23946e-05 0.00065407 5.9339e-05 -0.000185565 -0.000322283 -0.000802116 -0.000468405 -0.000592235 0.000137056 0.00182991 -8.09142e-05 -0.000173344 0.00221686 0.00019426 -0.00110386 0 0.00015638 0 0.000487761 -0.000132896 1.36048e-05 5.21914e-05 0.000209201 -5.71242e-06 0 0.000325546 -0.00124262 -0.00015867
internal_weight=1018.37 994.651 768.107 24.7326 743.375 226.543 143.264 23.7185 97.1991 73.643 492.09 5.56256 251.285 161.604 4.49729 342.085 16.2828 150.004 19.17 46.0647 10.9058 35.1575 83.2797 89.6812 21.4446 61.8351 23.5561 15.2641 14.4473 23.5448
internal_count=2030681 1983385 1531699 49306 1482393 451686 285641 47296 193796 146831 981312 11094 501081 322250 8970 682178 32468 299134 38212 91845 21734 70097 166045 178831 42757 123288 46965 30434 28808 46947
is_linear=0
shrinkage=0.03


Tree=63
num_leaves=31
num_cat=0
split_feature=29 44 11 44 47 45 30 9 21 20 21 7 38 34 45 22 21 21 47 20 20 0 34 20 20 33 49 11 28 29
split_gain=0.0162782 0.00916566 0.00962204 0.007738 0.00806619 0.00645733 0.00606514 0.00554328 0.00551253 0.01048 0.00505576 0.00433453 0.00356423 0.00344833 0.00336798 0.00316664 0.00317444 0.00217559 0.00196225 0.00196199 0.00185227 0.00184187 0.00172691 0.00160586 0.00153981 0.00127098 0.00110653 0.00109501 0.00102507 0.00161943
threshold=1.0000000180025095e-35 -0.57046227347892997 -0.59262962606286307 -0.14873856050395873 -0.93628743153881888 -0.090613308115153654 0.94131744549352192 0.14324637733373335 1.5788998553941169 0.83414056400937642 -0.66560465813309466 0.054182728896532993 0.027019930102661793 -0.54765782883524705 -0.090917831414596154 0.11009979367489107 -0.25475485191505925 -0.0091756738175530275 1.1266861369992904 1.27307872189152 0.16630124264056265 -1.473148747881494 2.0280878055124245 1.4170170963643061 -0.04657948920743861 -1.7406293867820903 -0.24069592594266645 0.48506454615733774 1.1292239520511924 0.23384886924027656
decision_type=2 2 2 2 2 2 2 2 2 2 2 2 2 2 2 2 2 2 2 2 2 2 2 2 2 2 2 2 2 2
left_child=1 8 15 4 17 11 7 10 13 -10 -6 -4 18 -1 -13 16 21 -2 24 -7 -9 -3 23 -15 26 -14 -5 -11 29 -27
right_child=3 2 5 12 6 19 -8 20 9 27 -12 14 25 22 -16 -17 -18 -19 -20 -21 -22 -23 -24 -25 -26 28 -28 -29 -30 -31
leaf_value=0 0 0 -3.4104707357845133e-05 0 0 0 0 -0.00026828079992959107 0 0.00035702753158514981 -0.00070011331169662319 -0.00019637175380742954 0 0.0002669794786631397 -0.00071033542536234515 0 0 0.00058456622987191405 0 0.000328729359558992 0 0.0004290676035385227 0 0 0 0 -0.00077068625707300538 0.0021547224125355265 0 0.00051899243648422444
leaf_weight=72.728779949771706 6.2868423942709351 5.5667414026684119 92.267576926737092 4.4324485541437726 8.7383133613620867 102.23153719562106 29.280162649287377 36.548054811428301 8.1834369657444785 6.396892409946302 78.302747640642338 72.983409115986433 6.6094010311644515 176.35363634565147 26.382175293343607 54.506239877722692 15.636510183510834 8.3703416485222952 10.076865572831592 18.394707390398253 15.25562768121017 67.107388493895996 17.980149987852201 15.16373218531953 12.344071070605423 12.407238392916041 8.7769470684579591 4.2916428568423726 3.8794208019389762 21.050974154321011
leaf_count=145032 12534 11101 183984 8840 17421 203858 58378 72870 16316 12748 156116 145538 13177 351662 52606 108699 31184 16689 20095 36680 30415 133854 35856 30239 24618 24736 17504 8558 7734 41969
internal_value=0 6.92049e-05 -9.55696e-06 -0.000205029 -0.000313718 -0.000109025 -0.000380542 -0.00046332 0.000198208 0.000739603 -0.000623437 -0.000220311 6.91938e-06 0.000151376 -0.000363024 0.000186917 0.00029795 0.000248108 -0.00017292 4.28991e-05 -0.000136378 0.00038365 0.000213738 0.000241015 -0.000332872 0.00022099 -0.000565032 0.00135951 0.000296846 0.000354835
internal_weight=1018.53 756.175 455.076 262.359 182.782 312.259 168.125 138.845 301.098 18.872 87.0411 191.633 79.5774 282.226 99.3656 142.817 88.3106 14.6572 35.6303 120.626 51.8037 72.6741 209.498 191.517 25.5535 43.947 13.2094 10.6885 37.3376 33.4582
internal_count=2031011 1507915 907504 523096 364423 622666 335200 276822 600411 37622 173537 382128 158673 562789 198144 284838 176139 29223 71057 240538 103285 144955 417757 381901 50962 87616 26344 21306 74439 66705
is_linear=0
shrinkage=0.03


Tree=64
num_leaves=31
num_cat=0
split_feature=11 7 20 21 21 33 9 47 11 17 20 28 17 25 21 21 0 25 21 28 8 9 20 21 5 5 22 8 17 1
split_gain=0.0157113 0.0177563 0.0160635 0.0182473 0.0115423 0.00753942 0.00693231 0.00647918 0.00565907 0.00533682 0.00738873 0.00384827 0.00364665 0.00349624 0.00331819 0.00295594 0.00272898 0.00262397 0.00381282 0.00322573 0.00257328 0.00256644 0.00228984 0.00208123 0.00194647 0.00186087 0.00167195 0.00150206 0.00143559 0.00141842
threshold=-0.27124958316612985 0.054182728896532993 -0.34726885380376976 1.1373186259339085 0.50451493371779821 0.48477987898018304 0.43455551208971505 0.98079998045907424 2.6982189037551034 0.32571244615681455 1.4567073590939326 0.33103310100135724 0.51903284282385087 0.0058547383708805441 0.065269699480319771 -0.20092468076724798 0.76810077470813465 0.059236184259930567 -0.0091756738175530275 0.14224572023068213 0.31603930612111913 0.43455551208971505 1.0429915675670018 0.14589048351779574 -1.6234116610602747 -1.5435348899901755 -0.34869781481281925 -1.2726618078569361 -0.21788146674478223 -0.33070951178813907
decision_type=2 2 2 2 2 2 2 2 2 2 2 2 2 2 2 2 2 2 2 2 2 2 2 2 2 2 2 2 2 2
left_child=5 2 12 13 7 17 -5 22 26 10 25 14 15 23 21 -2 -8 20 19 28 29 27 -3 -4 -17 -6 -9 -7 -19 -1
right_child=1 4 3 6 9 11 16 8 -10 -11 -12 -13 -14 -15 -16 24 -18 18 -20 -21 -22 -23 -24 -25 -26 -27 -28 -29 -30 -31
leaf_value=-9.3897147859888882e-05 0 -0.00033142526944069653 0 0 0 0 0.0012218987112483108 0 -0.00068013245448043079 -2.0680022123991477e-05 0 0 0 -9.3274195225138357e-05 0 0 0 0 -0.0001184705579986602 0 -0.00024011254419850221 0.00015169547378812554 0 0.00041950381888752306 -0.00055539340643583318 -0.00098443745612163819 0.00024551593224508069 0.00059482862200438674 0.00047343979526283164 9.8100305687824567e-05
leaf_weight=59.75129233422922 26.489104210166261 113.65843095566379 27.895442727429327 11.06679608626291 2.9198851885157628 7.8112806230783454 23.583255761943295 10.595475446491035 7.3399912312161169 19.139695755438879 6.1830918358755289 57.266980949614663 25.385378993232735 54.351413823082112 39.334590831073001 2.6999839016352771 2.3128003687597802 7.1001913209911427 22.78722532017855 24.861947369819973 48.95522961136885 52.438472916895989 16.878752393415198 26.859157295082696 41.100158032553736 42.707437346340157 55.074969842971768 63.366581314825453 40.880789812712464 77.908878256566823
leaf_count=119142 52821 226628 55625 22057 5822 15578 47016 21128 14634 38161 12328 114203 50616 108380 78425 5384 4612 14161 45442 49584 97630 104587 33652 53545 81950 85157 109822 126367 81533 155361
internal_value=-6.75614e-07 -0.0001198 5.75023e-05 0.000265196 -0.000286876 0.000115745 0.000846968 -0.000152111 4.00696e-05 -0.000631216 -0.000798856 0.000247738 -0.000228232 4.06069e-05 0.000322797 -0.000342921 0.00112465 2.13061e-06 0.000139325 0.000261155 -5.20984e-05 0.000401885 -0.000282581 0.000228292 -0.000499451 -0.000932949 0.000166249 0.000544058 0.000405029 0
internal_weight=1018.7 516.241 241.743 146.069 274.498 502.463 36.9629 203.548 73.0104 70.9501 51.8104 220.218 95.6746 109.106 162.951 70.2892 25.8961 282.246 95.6302 72.8429 186.615 123.616 130.537 54.7546 43.8001 45.6273 65.6704 71.1779 47.981 137.66
internal_count=2031351 1029338 482006 291235 547332 1002013 73685 405864 145584 141468 103307 439160 190771 217550 324957 140155 51628 562853 190720 145278 372133 246532 260280 109170 87334 90979 130950 141945 95694 274503
is_linear=0
shrinkage=0.03


Tree=65
num_leaves=31
num_cat=0
split_feature=46 11 34 16 7 12 16 20 21 51 21 3 45 11 3 7 38 11 36 49 36 20 0 19 8 38 44 51 47 48
split_gain=0.0153264 0.0118987 0.00829945 0.00623326 0.00701285 0.00632153 0.00386336 0.00380969 0.00457072 0.00363669 0.00322347 0.00284506 0.00276653 0.00243522 0.00231945 0.00230152 0.00199233 0.00182982 0.00163175 0.00155505 0.00167768 0.00148389 0.00129467 0.00127546 0.00126528 0.00102765 0.00150345 0.00064956 0.000623157 0.000617311
threshold=-0.67330877021534596 0.85100133299853298 -0.73873068539822195 3.1603330758399069 0.24981836388382453 0.047862480784069288 -0.78688333721446091 1.0089530243225606 -0.69310241322860311 0.0054896450350534086 -0.036103719911235767 -0.47883229058358889 -0.090613308115153654 -0.89666113147635662 0.84484560727061619 -0.33708845362212031 -0.63587574131166613 0.53619984073391436 0.20923211802969252 0.2343698730157856 -0.43952306513774464 -0.34726885380376976 0.42961764962731058 0.779552691333676 1.5075650646195766 0.15768677898483177 -0.14873856050395873 0.00077603119064279435 -0.12844257887639374 0.96393811389561301
decision_type=2 2 2 2 2 2 2 2 2 2 2 2 2 2 2 2 2 2 2 2 2 2 2 2 2 2 2 2 2 2
left_child=1 7 13 5 17 6 10 8 22 11 -4 -3 18 27 -8 -15 -13 -5 -7 20 -10 -14 -1 -18 -21 -17 -27 -2 -24 -19
right_child=2 9 3 4 -6 12 14 -9 19 -11 -12 16 21 15 -16 25 23 29 -20 24 -22 -23 28 -25 -26 26 -28 -29 -30 -31
leaf_value=0 0 0 0.00048477138794655747 0 0 -0.00022187306396914265 0.00015776062487937029 0.00015482496372795458 -0.00026924989443507852 -1.1759083633840515e-05 0 0 0 0 -6.1958732264098999e-06 -1.5824262900823429e-05 -0.00091510047862477465 0.0021310843332942959 0 -0.00046692495975990075 0 0.00019716195897800094 0 0 0 -0.00047094092614644701 0 0.00024215259636736869 0.00029041115330390253 0
leaf_weight=19.165382366860285 8.5078194423695113 7.5841993637732221 61.318016978213564 0.81028421904193049 3.5284772928571329 69.309470767097082 250.85934453015216 44.443447451747488 29.761557154823095 19.445266882190481 17.205942056432832 3.529366622620727 27.702640139206778 49.445552006887738 63.915330179035664 29.062508441857062 34.279390520532615 3.6479453114443463 38.802706296381075 41.202987588010728 45.217428563919384 51.023339077597484 3.4280004851170842 3.4637625652248962 8.7908295298111607 38.237227752804756 8.1996775108273123 13.218265101371797 23.31148886110168 0.066208143602125236
leaf_count=38225 16965 15120 122283 1615 7034 138204 500244 88623 59343 38772 34304 7039 55242 98598 127443 57964 68347 7271 77374 82167 90158 101736 6837 6906 17531 76234 16348 26359 46491 132
internal_value=0 -0.000188526 7.10842e-05 0.000124011 0.00100002 0.00010668 0.000176054 -6.3029e-05 -0.000137247 -0.000540232 0.000382837 -0.000689163 -2.32976e-05 -0.000120711 0.000114938 -0.000181993 -0.000790102 0.00178184 -0.000134073 -0.000238226 -9.29405e-05 9.07198e-05 7.23088e-05 -0.000854485 -0.000396112 -0.000286791 -0.000391771 9.36359e-05 0.000229243 0.00207629
internal_weight=1018.48 283.623 734.861 588.19 8.05291 580.137 393.299 215.321 170.878 68.302 78.524 48.8567 186.838 146.671 314.775 124.945 41.2725 4.52444 108.112 124.973 74.979 78.726 45.9049 37.7432 49.9938 75.4994 46.4369 21.7261 26.7395 3.71415
internal_count=2030909 565559 1465350 1172882 16052 1156830 784274 429375 340752 136184 156587 97412 372556 292468 627687 249144 82292 9018 215578 249199 149501 156978 91553 75253 99698 150546 92582 43324 53328 7403
is_linear=0
shrinkage=0.03


Tree=66
num_leaves=31
num_cat=0
split_feature=25 37 17 12 3 20 21 7 34 46 29 45 47 28 21 47 21 49 47 17 17 11 36 45 19 9 11 22 16 22
split_gain=0.0148079 0.01111 0.0063252 0.00626678 0.00529985 0.0043063 0.00418497 0.00506848 0.0034565 0.0030504 0.00285559 0.00270603 0.00202782 0.00315852 0.0024018 0.00180526 0.00208701 0.00186404 0.00172221 0.00207724 0.00158339 0.00129384 0.001262 0.000730964 0.000749572 0.000437561 0.000436942 0.000368373 0.000344969 0.000335442
threshold=1.431113392866123 0.63315773696104394 -1.0737196880097015 0.047862480784069288 0.64422598865973502 0.98557719936367449 1.0496623843572623 -0.14145286236279367 -0.82255844900504405 0.37907705944217202 -0.33856475385648049 -0.090051173287198125 0.78021709781341486 -0.2145121847755094 0.567755328413168 -1.211207619140213 0.40590886223283601 -0.39537736400207441 1.8468887583291778 0.66427446637627785 0.53167414589354156 -0.67144436168410071 0.28012615137348168 -0.11966487400879879 0.6625561567569872 0.58021016628462441 -0.72691084245884341 -0.17735677443043171 0.11046404466522076 0.10663265487055469
decision_type=2 2 2 2 2 2 2 2 2 2 2 2 2 2 2 2 2 2 2 2 2 2 2 2 2 2 2 2 2 2
left_child=1 3 9 8 15 11 -7 -8 26 23 -6 20 13 -10 -14 16 -3 22 19 -12 -5 -19 -17 -2 -25 -18 29 -28 -4 -1
right_child=2 4 28 5 10 6 7 -9 12 -11 18 -13 14 -15 -16 17 25 21 -20 -21 -22 -23 -24 24 -26 -27 27 -29 -30 -31
leaf_value=0.00017086276253383735 0 0 0 -0.00025206491525442599 0 0 0.0010351679989408541 0 0.000242196931251796 0 -0.00057873612301998032 1.67274410560508e-05 0.00051023313245951928 2.7972909270395244e-05 0 -3.2693292436292372e-05 0 0 0 0 0 -0.0001995801347698887 0.00020266865029678149 -0.00090561241414992917 0 0.00067974933450024836 0 -0.00013262520601073233 -0.00018956470957702231 0
leaf_weight=13.900622211280281 1.0597517146961788 15.886982819763945 14.818192005273888 86.223554339725524 22.698077849403489 40.620140073879156 9.90083762956783 3.2784913747454985 194.84759488265263 3.9168257872224777 44.320615238044411 68.822052595554851 42.272091976366937 142.63594345381716 6.1939378524548365 23.620325917727314 0.83216494583757494 22.014840787858702 4.3430569858173831 14.429115598846691 26.835565496003255 86.929612862179056 29.136779760534409 26.791422693757344 0.81802027788944442 7.0028956710593775 10.984522679005748 35.297579161240719 8.6398755100672116 9.4353553780238126
leaf_count=27722 2113 31684 29552 171929 45267 80996 19737 6537 388544 7811 88368 137233 84299 284415 12351 47099 1658 43909 8660 28768 53513 173346 58099 53423 1631 13962 21905 70382 17229 18814
internal_value=3.91061e-06 3.44258e-05 -0.000466607 0.000100694 -0.000123413 -1.34811e-05 0.000205925 0.000677413 0.000166347 -0.000741049 -0.000321273 -9.48745e-05 0.000201799 0.000160545 0.00042716 -1.56887e-05 0.000201549 -6.61108e-05 -0.000425539 -0.00046995 -0.000189344 -0.00014524 4.04284e-05 -0.000848492 -0.000878294 0.000602264 0 -7.9066e-05 0 6.67318e-05
internal_weight=1018.51 962.463 56.0441 691.248 271.214 235.681 53.7995 13.1793 455.568 32.586 85.7909 181.881 385.95 337.484 48.466 185.424 23.722 161.702 63.0928 58.7497 113.059 108.944 52.7571 28.6692 27.6094 7.83506 69.6181 46.2821 23.4581 23.336
internal_count=2030956 1919197 111759 1378377 540820 469945 107270 26274 908432 64978 171063 362675 769609 672959 96650 369757 47304 322453 125796 117136 225442 217255 105198 57167 55054 15620 138823 92287 46781 46536
is_linear=0
shrinkage=0.03


Tree=67
num_leaves=31
num_cat=0
split_feature=29 12 37 25 21 20 36 11 46 21 20 18 47 29 28 3 11 8 47 21 17 21 16 30 49 18 47 0 28 17
split_gain=0.0145085 0.0114728 0.00747545 0.00670358 0.00561944 0.00516966 0.00425115 0.00367007 0.00325666 0.00272022 0.00315901 0.00280014 0.0026375 0.00318332 0.00299709 0.00253786 0.00252473 0.00241553 0.00231666 0.00209518 0.00190249 0.00184042 0.00174409 0.00132027 0.00131984 0.00112617 0.00121553 0.00105091 0.000978287 0.000878291
threshold=-0.36650536388879795 0.69418696851948869 0.62195757168524157 0.71158051048596715 1.9691445767909197 0.51749138759542201 1.0000000180025095e-35 1.1483518948911966 0.27101475838682249 -0.79608175548667004 0.032408805460557071 0.42042494660828694 0.63980819797680955 -0.50025015184359145 -0.66478460959409291 0.27033297157658964 0.25612123245605989 -0.92513342556313483 -0.79615475738497532 -0.19265417061980306 0.53781524334172259 0.29385981469896111 1.0789081749716558 1.3252738197407252 0.045403585688744919 -1.492636837125602 -0.56941989990312714 0.96633424235028953 1.7562510000563825 -0.98132706564470273
decision_type=2 2 2 2 2 2 2 2 2 2 2 2 2 2 2 2 2 2 2 2 2 2 2 2 2 2 2 2 2 2
left_child=4 2 9 15 7 -6 18 12 23 11 20 28 13 24 -15 -3 -7 -12 -4 -20 -11 29 -9 -5 -1 -17 -27 -18 -2 -14
right_child=1 3 6 8 5 16 -8 22 -10 10 17 -13 21 14 -16 25 27 -19 19 -21 -22 -23 -24 -25 -26 26 -28 -29 -30 -31
leaf_value=0.00047120179094507569 0.0004158231866098986 0 0 -0.00092125057984289264 0 0 -3.1530484526236552e-06 -0.00038475785861583962 0 -0.00017075682416475718 -6.1685037345526739e-05 0 0 0.00019709537601514312 -3.1043670309731514e-06 0 0.0020750772216163505 0.00018567329060048768 -8.7719500867198334e-05 -0.00054301619704159409 1.9053301605100468e-05 0 0 0 0 0 -0.00045799653131223586 0 0 0.00057821537192912853
leaf_weight=29.723846055625472 40.30890913750045 44.945265026821289 7.5778361069387747 27.139777451520789 3.8852100020158087 3.4313126165070571 92.974941560125444 16.639340279449247 8.4196814615279418 91.331288002955262 29.211040774185676 20.280130407365505 6.8985829981393172 89.024344430945348 168.82742327230517 4.8695458736619903 3.7509543424821463 114.54245277459268 34.745758726261556 45.076259896915872 49.052080719091464 4.4564304231316774 5.3321012939559287 2.7002675657276987 7.7442724001593879 5.3527792874374418 30.300471350317821 0.1314473176607861 2.7106756701250552 27.122053181054071
leaf_count=59282 80370 89615 15110 54116 7747 6837 185390 33179 16789 182113 58239 40433 13758 177543 336704 9710 7480 228379 69286 89875 97803 8886 10630 5384 15445 10673 60413 262 5405 54100
internal_value=0 -8.482e-05 -1.78204e-05 -0.000346387 0.000151027 0.000859891 -0.000178747 0.00012028 -0.000703113 5.70915e-05 6.3517e-06 0.000237456 0.000150459 0.000105858 5.43808e-05 -0.000151599 0.0013298 0.00011454 -0.000331217 -0.000382414 -8.30642e-05 0.00041482 -0.000201669 -0.000855618 0.000380048 -0.000323787 -0.000384168 0.00197903 0.000376228 0.000493258
internal_weight=1018.51 651.539 527.811 123.728 366.967 11.1989 180.375 355.768 38.2597 347.437 284.137 63.2997 333.797 295.32 257.852 85.4681 7.31371 143.753 87.3999 79.822 140.383 38.4771 21.9714 29.84 37.4681 40.5228 35.6533 3.8824 43.0196 34.0206
internal_count=2030956 1299103 1052403 246700 731853 22326 359661 709527 76289 692742 566534 126208 665718 588974 514247 170411 14579 286618 174271 159161 279916 76744 43809 59500 74727 80796 71086 7742 85775 67858
is_linear=0
shrinkage=0.03


Tree=68
num_leaves=31
num_cat=0
split_feature=25 37 45 45 11 36 1 44 47 21 34 29 11 36 20 0 38 30 49 20 46 30 47 7 7 20 1 34 30 0
split_gain=0.013642 0.0103511 0.00582436 0.00743711 0.0061494 0.0056365 0.00526435 0.00524961 0.00426177 0.00383022 0.00374286 0.00272631 0.00243754 0.00230137 0.00190976 0.00186799 0.00142327 0.00130918 0.00122467 0.0013507 0.00120892 0.00110322 0.000925032 0.000798656 0.00076975 0.00055374 0.000621567 0.0004499 0.000368224 0.000350065
threshold=1.5501775493774133 0.63714479334294538 -0.09091721974710458 -0.090917831414596154 -0.85942879685391638 0.23790990867093773 -0.17305720162281887 -0.35960041699144435 -0.72301224706530609 -0.20092468076724798 -0.71679724158953373 -0.43816126126550303 0.93231074505775513 0.25154372766621652 -1.0620613988385146 -0.56208980951887899 -0.68944515764978931 -2.0934452641906209 -0.48057435629933015 0.54311651615148049 0.51899230173848276 -1.8109472540515603 0.46839139321997214 -1.2174486853470332 -1.119630884251374 1.4836970500962752 0.73708839001394633 -0.95846339205091391 0.65257184381857192 -0.038632895102525988
decision_type=2 2 2 2 2 2 2 2 2 2 2 2 2 2 2 2 2 2 2 2 2 2 2 2 2 2 2 2 2 2
left_child=1 2 3 4 21 8 -5 -2 -3 22 27 -6 -9 -8 29 -11 -14 -16 25 24 23 -1 -10 -18 -20 26 -7 28 -4 -12
right_child=7 5 10 6 11 18 13 12 9 15 14 -13 16 -15 17 -17 20 -19 19 -21 -22 -23 -24 -25 -26 -27 -28 -29 -30 -31
leaf_value=0 0 1.8015328253621214e-05 -0.00022222798468572705 0 0.0002137184990382202 0.00024683598855870993 -0.0005732069932560096 -2.7365556474642905e-05 -0.0001821712023900086 0 0 -2.7231338815572763e-05 0 0 0 -0.00055181503558455027 0 0.0003028517923644813 0 4.7053229112974705e-05 0 0.00044935110505835103 0 -0.0010510922269311065 -0.00020553937206396576 0 0 3.7914009420171426e-05 0 0.00012313282502840901
leaf_weight=3.8885534969158462 8.6839506033575145 21.025568010169081 13.340881530370099 35.944079523149412 50.640239847300109 32.07748258812353 35.816317881923169 13.023499701288527 35.029912866244558 8.3671606361167488 24.425941668741871 211.54837546340423 3.3541331695741965 15.028875240357591 11.095655693905426 61.104379048803821 0.48494880448561417 177.31736336089671 5.7098546890192656 29.949063443345949 2.3785160530824205 40.836974967620336 20.700403161288705 19.853935376799207 48.469545588479377 3.3425084602204143 4.22397487447597 53.892179725284223 6.1235847639036356 20.779902117443271
leaf_count=7753 17317 41928 26602 71677 100989 63962 71422 25973 69860 16684 48709 421811 6689 29969 22124 121831 967 353569 11387 59723 4743 81445 41282 39588 96655 6665 8422 107465 12212 41436
internal_value=-2.50645e-06 1.88838e-05 8.23863e-05 0 7.51763e-05 -0.000134801 -0.000239034 -0.00049986 -0.000261235 -0.000332092 0.000180468 7.86461e-06 -0.000652848 -0.000436706 0.000239195 -0.000493585 -0.000850227 0.000282956 0 -4.94315e-05 -0.000941278 0.000402693 -7.69488e-05 -0.00102133 -0.000158138 0.000150391 0.000196032 0 -0.000129702 0
internal_weight=1018.46 970.679 700.679 393.703 306.914 270 86.7893 47.779 146.227 125.202 306.976 262.189 39.095 50.8452 233.619 69.4715 26.0715 188.413 123.772 84.1285 22.7174 44.7255 55.7303 20.3389 54.1794 39.644 36.3015 73.3566 19.4645 45.2058
internal_count=2030859 1935582 1397183 785066 611998 538399 173068 95277 291585 249657 612117 522800 77960 101391 465838 138515 51987 375693 246814 167765 45298 89198 111142 40555 108042 79049 72384 146279 38814 90145
is_linear=0
shrinkage=0.03


Tree=69
num_leaves=31
num_cat=0
split_feature=12 7 37 21 20 11 34 16 45 45 21 45 9 25 36 1 47 47 29 32 45 29 26 30 11 44 0 22 20 1
split_gain=0.0137512 0.00986201 0.00912946 0.00788845 0.00938037 0.00589199 0.00415939 0.00368223 0.00299378 0.00644155 0.00344318 0.00293155 0.00271185 0.00249286 0.00248893 0.00201257 0.00188545 0.0018455 0.0015608 0.00150778 0.00157054 0.00134222 0.00129928 0.00131018 0.00120635 0.00111302 0.000998966 0.00087836 0.00104681 0.000794725
threshold=0.11066961910953278 -0.33708845362212031 0.71494896019451859 1.4344038696640979 -0.062468406658076327 1.6638268051523364 -0.82255844900504405 2.2742273503445629 -0.09091721974710458 -0.090917831414596154 0.28171842931142338 -0.088294379310124613 0.28890094471172417 -0.31976800116528964 0.081885120042210074 -0.098274913822928675 1.3268914522886197 -0.72301224706530609 -0.44738199729519296 1.251724813886147 -0.12642877641665995 -0.32469808567411179 0.78955352199397166 -0.71037621132544015 -0.72691084245884341 1.1164325784209554 -1.3050487722873003 0.077681956636164909 -0.47751305658414961 0.77501241230802531
decision_type=2 2 2 2 2 2 2 2 2 2 2 2 2 2 2 2 2 2 2 2 2 2 2 2 2 2 2 2 2 2
left_child=2 3 6 13 -5 11 24 19 9 10 -8 16 -6 27 17 -11 18 -4 -3 20 -7 -19 23 -10 -1 -23 -15 -2 -29 -14
right_child=1 5 14 4 12 7 8 -9 22 15 -12 -13 29 26 -16 -17 -18 21 -20 -21 -22 25 -24 -25 -26 -27 -28 28 -30 -31
leaf_value=7.7293581422449662e-05 0 0 0 0 0 0 0.00023745732525124439 0 8.0669968397735045e-05 0 -3.4896152630257282e-06 -2.6317639694628949e-07 0.0013476410256328122 0 0 -0.00033100287309802292 0 0 -0.00039690282372989639 0 -0.0010060869652411186 -0.00051331578516781388 0 0.00034074203724533409 -0.00012707480418026269 0 -0.00022576225557865162 0 0.00036768503519876331 0
leaf_weight=28.637886818498373 18.077963412448298 8.5592760809813608 7.6501115600694893 5.5556326871155788 2.9822635898599392 0.60941394569818541 160.09474953345489 3.4425403106142758 58.984729818126652 25.388987777987495 44.864324849448167 67.502679462893866 10.196140624466349 12.621318586927371 65.164916218956932 32.099375538469758 15.7164258256671 15.081977772642857 81.988194654870313 1.9423282208736043 21.062073520559355 32.834509556763805 9.1237378960358892 139.82562318677083 61.149878682510462 6.7062307979213065 58.976006878016051 5.3685689519043107 15.737312051642219 0.48189402878051701
leaf_count=57109 36048 17069 15255 11078 5942 1215 319265 6863 117607 50630 89443 134604 20331 25168 129945 64011 31340 30080 163481 3873 41995 65468 18192 278830 121934 13373 117606 10704 31376 961
internal_value=0 -0.000158489 7.68999e-05 2.44829e-05 0.000600069 -0.00029187 0.000131874 -0.000750383 0.00016886 8.36625e-05 0.000170078 -0.000203213 0.00106045 -4.8277e-05 -0.000141205 -0.000172245 -0.000303902 -0.000277083 -0.000356549 -0.000886287 -0.000958396 -0.000343417 0.000261967 0.000278671 -2.84792e-05 -0.000439852 -0.000171541 0.000100391 0.000236994 0.0012912
internal_weight=1018.43 330.82 687.607 129.997 19.2159 200.823 560.169 27.0564 470.382 262.447 204.959 173.767 13.6603 110.781 127.438 57.4884 106.264 62.2728 90.5475 23.6138 21.6715 54.6227 207.934 198.81 89.7878 39.5407 71.5973 39.1838 21.1059 10.678
internal_count=2030796 659654 1371142 259214 38312 400440 1117021 53946 937978 523349 408708 346494 27234 220902 254121 114641 211890 124176 180550 47083 43210 108921 414629 396437 179043 78841 142774 78128 42080 21292
is_linear=0
shrinkage=0.03


Tree=70
num_leaves=31
num_cat=0
split_feature=29 12 37 25 16 29 47 21 17 3 28 14 46 3 16 47 8 0 28 45 21 33 30 49 47 18 6 23 1 21
split_gain=0.0126563 0.0118631 0.00706531 0.00634458 0.00506979 0.00384486 0.00346986 0.00424524 0.00384365 0.00325518 0.0029284 0.00266576 0.00253198 0.0023415 0.00229418 0.0018885 0.00185528 0.00179683 0.00173027 0.00168332 0.00156672 0.00143656 0.00136406 0.00133694 0.00124583 0.00143015 0.00105667 0.000869558 0.000856778 0.000781798
threshold=-0.36650536388879795 0.69418696851948869 0.71494896019451859 0.71158051048596715 2.9064995363230959 -0.50025015184359145 0.95920493517819005 0.61590967808799757 0.31087675870293879 0.35161811383313285 -0.75594666936504051 -0.82382231144377449 0.25679710477762069 0.27033297157658964 -0.4725379341642984 -0.7134721995742167 0.16709854192101581 -1.0886276145212168 -0.23633867609180573 -0.090613308115153654 -0.20092468076724798 1.075328945642839 1.4816720250450361 0.027412443778501442 -0.56941989990312714 -0.8813376015021418 -0.42230173179851538 0.40120443072993534 -0.5190589527247913 0.084995536731944946
decision_type=2 2 2 2 2 2 2 2 2 2 2 2 2 2 2 2 2 2 2 2 2 2 2 2 2 2 2 2 2 2
left_child=4 2 6 13 5 16 8 11 17 -4 26 -8 22 -3 -11 -16 23 -2 -10 21 -6 -12 27 -1 -15 -26 29 -5 -21 -7
right_child=1 3 9 12 20 10 7 -9 18 14 19 -13 -14 24 15 -17 -18 -19 -20 28 -22 -23 -24 -25 25 -27 -28 -29 -30 -31
leaf_value=0.00057632216649449407 7.7232528367349651e-05 0 -1.8978431069271943e-05 -0.00090912195785308226 0 0.0004342721265911638 0 -0.00013659140875174405 0.00017809097584335496 0 0 0.0004381703792642837 0 0 0 -0.00056064256676877154 0 -0.00016429059958085964 0 0 0.0015010815515753577 -0.00025873884921829291 0 0 0 -0.00050214111246510017 2.3603493733858256e-05 0 0.00017655653926899943 0
leaf_weight=29.60934871120844 16.702192528173327 44.936511790147051 64.329772998869885 27.533349872042898 0.48058865196071554 31.316915219649673 7.2396904848865224 11.201245494885368 97.431534002942499 13.989076637895776 113.90351198008284 51.204131171514746 8.5619212322635558 5.336787744483444 3.1830551258753976 39.491500578413252 4.7318137701950027 127.59159403439844 95.697130257321987 37.075395557680167 3.5603460380225433 24.167276478314307 1.672675740206613 8.4994280018145201 9.1588485046522674 25.97771322686458 39.935863531834912 0.53256820549722661 63.12219242710853 10.495399644074494
leaf_count=59050 33290 89598 128274 54901 958 62461 14436 22336 194268 27895 227168 102105 17073 10641 6347 78740 9439 254400 190808 73933 7098 48197 3335 16949 18262 51794 79645 1062 125891 20926
internal_value=0 -8.02283e-05 -1.23345e-05 -0.000345784 0.000140042 0.000119088 4.13808e-05 0.000234198 0 -0.000217848 7.16912e-05 0.000356594 -0.000694384 -0.000154336 -0.000390679 -0.000501046 0.000403115 -0.000115543 8.9092e-05 5.24987e-06 0.00127919 -4.85161e-05 -0.000835234 0.000475914 -0.000319896 -0.000387024 0.000228647 -0.000884836 0.000109279 0.00035274
internal_weight=1018.67 651.771 528.061 123.71 366.898 362.857 407.068 69.6451 337.422 120.993 320.017 58.4438 38.3005 85.4099 56.6636 42.6746 42.8406 144.294 193.129 238.268 4.04093 138.071 29.7386 38.1088 40.4733 35.1366 81.7482 28.0659 100.198 41.8123
internal_count=2031280 1299565 1052899 246666 731715 723659 811643 138877 672766 241256 638221 116541 76371 170295 112982 85087 85438 287690 385076 475189 8056 275365 59298 75999 80697 70056 163032 55963 199824 83387
is_linear=0
shrinkage=0.03


Tree=71
num_leaves=31
num_cat=0
split_feature=25 34 45 45 17 11 3 20 11 20 46 46 42 21 18 17 33 0 8 28 45 25 28 30 21 9 33 8 27 19
split_gain=0.013564 0.00949251 0.00708552 0.00743364 0.0058108 0.00564838 0.00504678 0.00394779 0.00518533 0.00289971 0.00259101 0.00224469 0.00216063 0.00204589 0.0020024 0.0022744 0.00153188 0.00129343 0.00113376 0.00126132 0.00101847 0.000793533 0.000813876 0.000711018 0.000708931 0.00779147 0.00160229 0.00124633 0.000993917 0.000920288
threshold=1.5501775493774133 -0.60137487778461829 -0.090613308115153654 -0.090917831414596154 -1.0419636976061544 -0.46599205897276835 -0.038456362223528079 0.74954776139478974 -0.8520617146631283 -0.26587313027658571 -0.59704364870099702 0.44320538639618895 0.58015739604476091 0.23458312358191663 -1.8846819840301274 0.59350085141418485 0.045574421820886245 1.2630675488364782 0.1174516353169134 0.13158443404689732 -0.11680223323158122 -0.12668765582150079 0.98850159263421189 -0.5619990010319732 1.0210005087289546 1.0000000180025095e-35 -1.9913511240569208 0.96144913636224649 0.19521021479472253 -0.14296361824870316
decision_type=2 2 2 2 2 2 2 2 2 2 2 2 2 2 2 2 2 2 2 2 2 2 2 2 2 2 2 2 2 2
left_child=1 7 3 5 11 13 -5 8 21 18 -7 20 -8 -3 -10 -16 23 -18 19 -4 -2 -1 -23 -11 27 26 -26 28 -9 -29
right_child=4 2 9 6 -6 10 12 24 14 16 -12 -13 -14 -15 15 -17 17 -19 -20 -21 -22 22 -24 -25 25 -27 -28 29 -30 -31
leaf_value=0 0 0.00032349068678416123 0.00023512812821815758 0 0 -0.00020978442104146401 -0.00050819886890676855 -0.00018551089149431544 0 0 5.1864483831755215e-05 0 0 0 -0.000320055976537011 -3.7855909212064201e-05 0.00038673711075461371 0 -3.0386134307914877e-05 0 -0.00089103271052684346 0.00035627517769278938 0 0.00016912022866706985 0 0.00085936333515869792 -0.00047256007101809165 0 0 0.00024242776038216693
leaf_weight=22.778011441754643 1.3821520240162559 85.33583339350298 42.145666923432145 34.875809816003311 18.243473006819841 46.04327112151077 43.244573946576566 39.216213182895444 8.7841924304375407 18.584463826788124 114.75374228140572 3.2915352135896674 8.48997200821759 14.314679555129258 143.52605340146692 63.173692456621211 112.56412229593843 3.3778539312770581 35.922206822782755 19.71559092157986 25.062828640744556 14.813867713441143 2.3358662186656138 29.614533635554835 0.85600578738376398 10.059253101004286 8.0792434563045408 10.113705971802117 12.460764004266819 25.435570160334464
leaf_count=45422 2756 170191 84041 69549 36382 91806 86233 78204 17516 37054 228808 6564 16931 28540 286193 125973 224449 6735 71637 39312 49976 29544 4658 59054 1707 20054 16107 20167 24845 50724
internal_value=0 2.21403e-05 9.69242e-05 0 -0.000494484 8.78129e-05 -0.000232503 -9.54987e-05 -0.00016209 0.000214915 -4.40007e-06 -0.000755244 -0.000422251 0.000266714 -0.000225358 -0.000248321 0.000297219 0.000367652 4.60797e-05 0.000138978 -0.00084722 0.00010422 0.000258712 6.55511e-05 3.63805e-05 0.000202465 -0.000201318 0 -9.38408e-05 0.000136938
internal_weight=1018.59 970.615 608.982 347.058 47.98 260.448 86.6104 361.632 255.412 261.924 160.797 29.7365 51.7345 99.6505 215.484 206.7 164.141 115.942 97.7835 61.8613 26.445 39.9277 17.1497 48.199 106.221 18.9945 8.93525 87.2263 51.677 35.5493
internal_count=2031132 1935454 1214340 692058 95678 519345 172713 721114 509306 522282 320614 59296 103164 198731 429682 412166 327292 231184 194990 123353 52732 79624 34202 96108 211808 37868 17814 173940 103049 70891
is_linear=0
shrinkage=0.03


Tree=72
num_leaves=31
num_cat=0
split_feature=11 9 21 20 21 3 16 38 21 9 27 47 33 46 17 28 38 30 7 1 20 17 16 47 38 33 14 16 25 38
split_gain=0.0126414 0.015265 0.0163423 0.0118914 0.00888593 0.00697028 0.00664213 0.004965 0.00489457 0.00544496 0.00470653 0.00381364 0.00291089 0.00272521 0.00261937 0.00212705 0.00199863 0.00170603 0.00168773 0.00151643 0.00150205 0.00131478 0.00136843 0.00122681 0.00176757 0.0012221 0.00120544 0.00107767 0.0010666 0.00102655
threshold=-0.21282184725856626 0.58021016628462441 1.0775082272588639 0.5567969713250569 0.028435016084425332 0.24986575053576168 -0.65015882100916644 0.030896409408491556 -0.79608175548667004 0.43455551208971505 -0.16609486522155972 0.98079998045907424 0.48477987898018304 -1.2038911901020548 0.69268176064624065 0.86697582665637796 0.2139389526225737 -0.41410668199012662 -0.82617747549840181 0.94351733656503634 1.5451482873994067 0.56897023666404201 -0.7184210819487199 0.48304367440935592 0.18746736800961242 -1.8636192345061704 -0.89229885435687317 0.42633409581934306 -1.8742426613979477 -0.51088444258132237
decision_type=2 2 2 2 2 2 2 2 2 2 2 2 2 2 2 2 2 2 2 2 2 2 2 2 2 2 2 2 2 2
left_child=6 4 10 -4 11 18 8 13 9 28 -3 21 23 -7 -9 25 -12 -10 -6 27 -20 22 -2 24 29 -13 -19 -14 -1 -8
right_child=1 2 3 -5 5 7 12 14 17 -11 16 15 19 -15 -16 -17 -18 26 20 -21 -22 -23 -24 -25 -26 -27 -28 -29 -30 -31
leaf_value=0 0 -0.00027388861604207983 0 0.0011615979302915787 2.6687734451290364e-05 -0.00043888821892308459 0 -0.0008191450886758276 0 0 0 0 0.0002088853028460392 0 0 0 0.00031460394363416722 0 -0.00028457633109608477 0 0 0 -0.00030103276120772843 8.2076098749607617e-05 0 0.00038797080532139075 0.00025205932798631205 0 0.00069159188036017915 -0.00021418930857734851
leaf_weight=1.2779484744532954 22.527961476298515 49.535297999565955 16.269590858719312 20.208632872614544 17.723459398199338 15.223669833154419 12.917994177958461 55.443161096423864 42.685979047499131 21.104018416022882 57.74159541761037 2.0043734010541838 107.19206083304016 14.869227131828664 6.8791666761972001 26.441982264688704 24.356611952011008 6.5132008863147339 44.119343152560759 27.479342026170343 3.9101847089477806 20.385382807697169 61.356429269304499 33.378156787541229 77.741480823606253 25.118882697483059 55.096075651410501 23.248102912388276 43.101508141902741 82.954289092042018
leaf_count=2549 44918 98784 32437 40289 35332 30355 25767 110532 85115 42091 115139 3997 213761 29653 13714 52726 48562 12989 87970 54798 7796 40650 122339 66566 155000 50086 109879 46356 85960 165442
internal_value=0 -0.000111242 0.000107684 0.000673884 -0.000237203 -0.000399926 0.00010037 -0.000577828 0.000257187 0.000474683 -2.64306e-05 -5.51281e-05 1.91873e-05 -0.000126261 -0.000747735 0.000119638 8.63356e-05 9.18643e-05 -0.000104262 0.000121791 -0.000215045 -0.00017368 -0.00022716 -4.45985e-05 -8.62321e-05 0.000314398 0.00019801 0.000168585 0.000665504 -0.000173375
internal_weight=1018.81 484.115 168.112 36.4782 316.003 158.168 534.69 92.4152 169.779 65.4835 131.634 157.835 364.911 30.0929 62.3223 53.5652 82.0982 104.295 65.753 157.92 48.0295 104.27 83.8844 206.992 173.614 27.1233 61.6093 130.44 44.3795 95.8723
internal_count=2031552 965279 335211 72726 630068 315352 1066273 184254 338583 130600 262485 314716 727690 60008 124246 106809 163701 207983 131098 314915 95766 207907 167257 412775 346209 54083 122868 260117 88509 191209
is_linear=0
shrinkage=0.03


Tree=73
num_leaves=31
num_cat=0
split_feature=25 37 12 45 36 47 16 21 17 45 1 30 47 36 29 34 20 29 46 8 21 8 30 21 1 30 33 45 10 45
split_gain=0.0117407 0.0100377 0.00663545 0.00491546 0.00415261 0.00328259 0.00321381 0.00482215 0.00274321 0.00259498 0.00502279 0.00243132 0.00214183 0.00295095 0.00213009 0.00204083 0.0020034 0.00199125 0.00190105 0.00176589 0.001442 0.000794768 0.000609903 0.000556002 0.00078263 0.000403941 0.000361768 0.000287932 0.000279078 0.000178179
threshold=2.2719467945307339 0.72077390729468849 -0.18565752486085127 -0.09091721974710458 0.1249575545401862 -0.50387497269507375 -0.83363633182584418 -0.036103719911235767 -1.4530943769625513 -0.090917831414596154 -0.23613497801660874 1.1231696459271374 1.2668872276109007 0.027235346296699336 -0.32938637154494282 -0.82255844900504405 -0.062468406658076327 -0.44122808836361821 0.49454115333777987 0.16709854192101581 0.72328023645424511 0.21674549291291434 0.73750839326583228 0.16696635645058958 0.32700044638234088 0.67202292550750065 -1.8388219852345196 -0.1229570785929877 0.92253883253219382 1.1719898385821093
decision_type=2 2 2 2 2 2 2 2 2 2 2 2 2 2 2 2 2 2 2 2 2 2 2 2 2 2 2 2 2 2
left_child=1 2 6 9 5 -3 7 19 18 17 -11 14 13 -8 -7 25 -17 -4 26 -1 -14 23 28 -6 -25 -5 -2 -28 -23 -29
right_child=8 4 3 15 21 11 12 -9 -10 10 -12 -13 20 -15 -16 16 -18 -19 -20 -21 -22 22 -24 24 -26 -27 27 29 -30 -31
leaf_value=0.00061194695976215163 0 0 0.00014891749179596009 -0.00015660699689113558 0 0 -1.0535693542964886e-05 0 0 0 -0.00055829157584800723 0 0.00047332867926370899 0.00014994972317188408 -0.00058300401330735731 0 0.00025380602368577857 -0.00010505853686361233 0 4.7711254232662738e-05 0 -0.0002964593926038946 0 0.00031678073252737585 0 0 0 -0.0012070703720624403 0 0
leaf_weight=38.674726816418115 0.39916228130459686 15.694956634019034 27.578578750602901 20.900818478141449 32.739508386002854 14.774516469216904 167.77123424614547 16.158505109604448 7.4587370541412374 19.104445777600631 31.559520332026295 10.530706339282913 22.888337296491958 181.36538683302933 49.426028622838203 52.063154797710013 75.170187970739789 134.59675534657435 1.2707915792707343 20.357093102589715 3.1594007594394489 16.392663242062554 9.3412457903032173 12.751394949562384 3.6359306111698961 8.7588223395287041 0.13794620038242911 10.4530823987443 13.980136487458369 0.05768296372843984
leaf_count=77126 796 31297 54998 41677 65288 29465 334546 32215 14874 38097 62933 21002 45644 361652 98548 103820 149885 268380 2534 40597 6300 32689 18629 25423 7249 17467 275 20843 27877 115
internal_value=0 1.61679e-05 6.33599e-05 -2.40268e-05 -0.00018299 -0.000328195 0.000141761 0.000338196 -0.000721852 -0.00012425 -0.000323932 -0.000412148 9.43973e-05 6.42388e-05 -0.000481469 9.28135e-05 0.000154554 -4.33704e-05 -0.00101833 0.000468191 0.00038346 -1.42572e-06 -0.000127009 3.90291e-05 0.000187357 -7.08923e-05 -0.00114505 -0.00117935 -0.000197902 -0.0011974
internal_weight=1019.15 999.374 820.107 369.732 179.267 90.4262 450.375 75.1903 19.7774 212.839 50.664 74.7313 375.184 349.137 64.2005 156.893 127.233 162.175 12.3187 59.0318 26.0477 88.8409 39.714 49.1268 16.3873 29.6596 11.0479 10.6487 30.3728 10.5108
internal_count=2032241 1992804 1635337 737257 357467 180312 898080 149938 39437 424408 101030 149015 748142 696198 128013 312849 253705 323378 24563 117723 51944 177155 79195 97960 32672 59144 22029 21233 60566 20958
is_linear=0
shrinkage=0.03


Tree=74
num_leaves=31
num_cat=0
split_feature=25 34 45 45 1 11 46 36 11 17 20 21 8 8 47 16 47 7 11 21 7 46 18 25 33 36 7 45 45 49
split_gain=0.011238 0.00910442 0.00863204 0.0103395 0.00780659 0.00559108 0.00419405 0.00360865 0.00355061 0.00351275 0.00254466 0.00240012 0.0050771 0.00254089 0.00219421 0.00195347 0.00187761 0.0021103 0.00168628 0.00150427 0.00149129 0.0013435 0.0011295 0.000658555 0.000842066 0.000579375 0.000351956 0.000304688 0.000289654 0.000235214
threshold=2.2719467945307339 -0.94170605075353542 -0.09091721974710458 -0.090917831414596154 -0.086381075607927835 -0.86651230976643323 -0.48358996979402419 -1.0000000180025095e-35 -0.39496552516733535 -1.4530943769625513 -0.34726885380376976 1.1373186259339085 0.91180218537034796 1.2593305759868609 0.52813344798389861 -0.63317535221064514 -1.0066551437151026 1.4236319114397848 -0.8520617146631283 -0.26220297831186173 -0.14145286236279367 0.77408696335231308 1.3285507886383348 0.11303729494405114 0.55202711021431561 -0.11007953032425881 -1.119630884251374 1.1719898385821093 -0.1243127860426161 -1.2277668214463702
decision_type=2 2 2 2 2 2 2 2 2 2 2 2 2 2 2 2 2 2 2 2 2 2 2 2 2 2 2 2 2 2
left_child=1 8 3 5 20 15 -7 -6 23 21 14 13 -13 -12 18 -3 -10 22 -4 -16 -5 27 -18 24 26 -25 -1 28 -2 -30
right_child=9 2 10 4 7 6 -8 -9 16 -11 11 12 -14 -15 19 -17 17 -19 -20 -21 -22 -23 -24 25 -26 -27 -28 -29 29 -31
leaf_value=0 0 0.00053390526089974332 0.00020558401605887938 0.00011430157288273999 -0.00067322224372398003 -0.00014769657703052265 7.454598522889105e-05 -1.7153878430434539e-05 0 0 9.2591239460015912e-05 0.00077310584327592929 0 0.00039321615765632864 0.00049021568216883206 0 -0.0005374499847141626 0 -8.1375729183333356e-05 0 -0.00024838323586188988 0 0 0 0 0.00025759093553284404 -0.00026905251977878087 0 0 -0.0011527531719725062
leaf_weight=5.2972991373389986 0.11586787627311324 26.206246591056697 21.494508085714187 33.812608771317173 42.361568884458393 116.58500413695583 221.59519758314127 21.346373548032716 5.118766520638018 7.4697993327863506 177.05856686661718 21.066151962266307 5.8480634973966508 45.110798235051334 14.342436764331071 24.123275422374718 48.011616775300354 8.7606726379599404 92.001283628807869 9.7291370870661904 14.594649033038875 0.85656445974018502 2.160147162328939 4.4553762031137021 6.22631539258873 11.11224498384399 20.050284746801484 0.065703524858691575 0.059668400208464756 11.231831714801954
leaf_count=10563 231 52268 42863 67428 84474 232469 441863 42567 10207 14896 353062 41991 11662 89958 28602 48107 95732 17469 183458 19401 29103 1708 4306 8886 12416 22162 39982 131 119 22396
internal_value=5.47206e-07 1.75194e-05 5.23691e-05 -2.47488e-05 -0.000282256 4.184e-05 0 -0.000500486 -0.000233588 -0.000703826 0.000159978 0.00022011 0.000545936 0.000167135 2.92943e-05 0.000336889 -0.00038028 -0.0004311 -5.96888e-07 0.000294858 0 -0.00102562 -0.000506117 0 -0.000109243 0.000117763 -0.000211576 -0.00111168 -0.0011256 -0.00114152
internal_weight=1018.27 998.469 887.276 500.625 112.115 388.51 338.18 63.7079 111.193 19.7994 386.651 249.084 26.9142 222.169 137.567 50.3295 64.0512 58.9324 113.496 24.0716 48.4073 12.3296 50.1718 47.1415 31.5739 15.5676 25.3476 11.4731 11.4074 11.2915
internal_count=2030480 1990999 1769276 998279 223572 774707 674332 127041 221723 39481 770997 496673 53653 443020 274324 100375 127714 117507 226321 48003 96531 24585 100038 94009 62961 31048 50545 22877 22746 22515
is_linear=0
shrinkage=0.03


Tree=75
num_leaves=31
num_cat=0
split_feature=25 29 39 37 21 47 17 36 47 47 21 20 20 49 20 36 16 21 30 11 46 47 44 47 11 49 20 21 49 32
split_gain=0.0122171 0.00983461 0.00783021 0.00489316 0.00484849 0.00315625 0.00293875 0.00263711 0.00256973 0.00255497 0.00248908 0.00293099 0.00230051 0.00227735 0.00246475 0.00246269 0.00223848 0.00194891 0.00185422 0.00169951 0.00165585 0.00164683 0.00114796 0.00111471 0.00096036 0.000956027 0.000795325 0.000759367 0.000686755 0.000411121
threshold=2.1163602680412557 -0.40641505437816 -0.85223688344995618 0.55858259783119057 0.028435016084425332 -0.11978255588058308 -0.89805718161929782 0.41699677980417987 1.9078835272745647 -0.92469812947410424 1.9691445767909197 0.23910826772562846 -0.29890040133688811 -0.28593278623860868 0.96248782874559413 -0.78356421712419355 -0.062410063264890174 0.38055025754258837 -1.2061127338286661 0.36244633071066107 0.46933445675205454 0.14260096328713703 -0.67589320172267275 0.51280892999342975 0.98898559389728169 -0.99540256447836739 0.74954776139478974 -0.04448677611076212 -0.49005021171356272 1.575468472987259
decision_type=2 2 2 2 2 2 2 2 2 2 2 2 2 2 2 2 2 2 2 2 2 2 2 2 2 2 2 2 2 2
left_child=1 10 4 12 16 -6 20 9 -7 -5 13 -12 17 14 15 -1 23 -4 -14 -13 29 22 -15 -3 -23 -21 -18 -16 -9 -2
right_child=6 2 3 7 5 8 -8 28 -10 -11 11 19 18 21 27 -17 26 -19 -20 25 -22 24 -24 -25 -26 -27 -28 -29 -30 -31
leaf_value=0 -0.00098709861906523294 -2.7554314704555747e-05 4.9943641709759833e-05 4.9447109632454945e-05 0 -0.00063168910020662409 0 0.00014001420980609138 0 -0.00024773343508190072 0 0 0 5.6290646224234204e-05 -0.00010663531179029958 0.00038605749948850192 -0.00032760797312109764 -0.00021733806213112297 0.00019427395298751002 0 0 0.00026943649163658248 -0.00013643649722737096 0.00020041034131629048 0 0.0019823007491401238 0 0.00015367618780892273 -2.7557016984548188e-05 0
leaf_weight=21.171596121101175 15.593691496877003 32.451494651730172 117.05307901796186 13.927808766602537 13.477967072976751 43.304389652679674 5.8890645673382087 28.911067246692255 5.0534458549227557 108.30006928037619 2.4520368793746439 3.2988738143467344 36.063250888255425 38.518752822070383 19.114348172675818 78.85989728407003 27.458143940893933 30.952017492905725 163.82472583034541 0.52300976740662042 1.9819259261712421 32.653802476124838 50.819146709807683 24.883530763210729 4.6691361323464653 2.5695548113435507 6.9277338383253655 19.735433207650203 67.564632045570761 0.30796475522220212
leaf_count=42224 31094 64705 233399 27772 26871 86340 11744 57644 10077 215952 4889 6573 71900 76821 38130 157273 54750 61716 326650 1042 3952 65131 101361 49619 9310 5125 13813 39346 134729 614
internal_value=0 1.7559e-05 -3.72784e-05 9.18389e-06 -0.000228252 -0.000442839 -0.000670541 -9.58136e-05 -0.000556333 -0.000189326 0.000172419 0.000757111 8.38141e-05 0.000141649 0.000229558 0.00030877 -5.08758e-05 0 0.000150281 0.00109811 -0.00086347 2.15727e-05 -1.97603e-05 1.90588e-05 0.000200889 0.00172822 -0.00025473 0 0 -0.000965518
internal_weight=1018.31 994.539 720.153 566.597 153.557 61.8358 23.7726 218.704 48.3578 122.228 274.386 8.84348 347.893 265.542 138.881 100.031 91.7209 148.005 199.888 6.39144 17.8836 126.661 89.3379 57.335 37.3229 3.09256 34.3859 38.8498 96.4757 15.9017
internal_count=2030566 1983162 1435937 1129762 306175 123288 47404 436097 96417 243724 547225 17629 693665 529596 276973 199497 182887 295115 398550 12740 35660 252623 178182 114324 74441 6167 68563 77476 192373 31708
is_linear=0
shrinkage=0.03


Tree=76
num_leaves=31
num_cat=0
split_feature=12 3 37 11 16 7 34 45 28 29 47 21 30 36 16 20 9 22 47 11 38 9 38 11 45 34 30 29 22 47
split_gain=0.0108059 0.00783177 0.00683598 0.0051125 0.00352974 0.00432504 0.00314477 0.003071 0.0024752 0.00234427 0.00246137 0.00228988 0.0021344 0.00203569 0.00191069 0.00177416 0.00161531 0.00158915 0.00147331 0.00181813 0.00137603 0.00137196 0.00136518 0.00113563 0.000959382 0.000920032 0.0008173 0.00083909 0.00071495 0.00071426
threshold=0.11066961910953278 0.27033297157658964 0.73439982309979179 1.954242659265063 2.1591009868346327 0.054182728896532993 -0.71679724158953373 -0.084263633509159316 0.02965929834849625 -0.40641505437816 1.679958099981318 0.35564567721467449 -1.2061127338286661 0.068088870191779199 3.5100194515799923 -0.73454495077252291 1.3084832636253341 0.11704175006183094 1.2950615548928073 1.4957832475827773 0.20586328929797174 -0.14806293105608534 0.18578536588053651 -0.95315713187062812 -0.12679601516539676 -0.94170605075353542 1.2393233601958682 -0.30722559081589479 -0.057993574603683866 -0.25304798722811989
decision_type=2 2 2 2 2 2 2 2 2 2 2 2 2 2 2 2 2 2 2 2 2 2 2 2 2 2 2 2 2 2
left_child=2 4 6 7 15 25 23 9 11 -3 -11 12 -8 16 24 -2 26 -17 20 -20 -10 -19 -13 -1 -5 -6 27 -4 -25 -26
right_child=1 3 13 14 5 -7 8 -9 18 10 -12 22 -14 -15 -16 17 -18 21 19 -21 -22 -23 -24 28 29 -27 -28 -29 -30 -31
leaf_value=0.0001902574748346268 -0.00020799030288000641 0 0 0 0 0 0 0 -5.3845176531611483e-05 -0.0004068383895289027 0 -7.9538545042949707e-05 0.00029677377226927789 0 0 -2.6169265370911287e-05 0 0 0.00043072050654627703 0 0.00018107765050951586 0.00036166080099276092 0.00018935291844145394 0 0 0.0012482394019169261 0 -0.00048567039462784359 -0.00012177738927694306 -0.00099232269527310094
leaf_weight=20.286655721836723 40.364981496008113 22.366546523524448 12.498072149348443 0.41078282258241117 0.57276525744236995 4.812682842661161 35.486839183140546 36.282480067631695 108.30509442399489 79.508385304012336 9.3946689894655702 33.907885093824007 182.31368817127077 56.323034088767599 0.63585037825396185 89.881063309672754 5.3154002833762197 5.3508817584952366 16.924481218215082 7.6100861870218059 28.192688772862311 19.923194620059803 28.285113413527142 54.778432073420845 0.51654560829047902 4.9710517903440614 4.8991260749753556 29.152623739209957 62.791643233387731 15.626687503245186
leaf_count=40455 80494 44603 24926 819 1142 9595 70761 72347 215976 158534 18734 67602 363581 112313 1268 179232 10599 10667 33751 15174 56206 39720 56389 109237 1030 9912 9771 58126 125205 31157
internal_value=0 -0.000141107 6.76275e-05 -0.000287654 0 0.000540437 0.000111485 -0.000202843 0.00015077 -0.000281782 -0.000350869 0.000207671 0.000254764 -0.000139314 -0.000841128 -3.12552e-05 -0.000275335 4.64346e-06 3.3204e-05 0.000247551 0 0.00023292 0 0 -0.000915724 0.00111703 -0.000340142 -0.000383361 -4.94701e-05 -0.000955707
internal_weight=1017.69 330.619 687.071 164.742 165.877 10.3565 578.883 147.552 441.026 111.27 88.9031 279.994 217.801 108.188 17.1899 155.52 51.8652 115.155 161.032 24.5346 136.498 25.2741 62.193 137.857 16.554 5.54382 46.5498 41.6507 117.57 16.1432
internal_count=2029326 659254 1370072 328492 330762 20649 1154337 294218 879440 221871 177268 558333 434342 215735 34274 310113 103422 229619 321107 48925 272182 50387 123991 274897 33006 11054 92823 83052 234442 32187
is_linear=0
shrinkage=0.03


Tree=77
num_leaves=31
num_cat=0
split_feature=25 37 45 45 3 11 3 34 17 42 7 21 11 29 21 47 47 8 26 30 46 51 30 30 9 24 45 39 49 21
split_gain=0.0109176 0.0100002 0.00579442 0.00627776 0.0052053 0.00496798 0.00440758 0.00304781 0.00302561 0.00267177 0.00237208 0.00320949 0.00258621 0.00234422 0.00205528 0.00241299 0.00231671 0.00185551 0.00171242 0.00174926 0.00169131 0.00136018 0.00105607 0.000492397 0.000430799 0.000430105 0.00036118 0.000287781 0.000201977 0.000161322
threshold=2.2719467945307339 0.64102301783368443 -0.09091721974710458 -0.090917831414596154 0.77139023833381637 -0.90387064666546268 0.082615906033056144 -0.82255844900504405 -1.1374944187804068 0.68153128752061176 -0.43490624925178362 1.1081036204302139 -0.49833593052580721 -0.44122808836361821 -0.46653155437614507 -0.23653038365906479 1.9078835272745647 0.16709854192101581 0.40709916540671909 -0.72817195513361954 0.44320538639618895 -0.00055338874783601591 -1.9398746279580792 0.57775628103254417 0.43455551208971505 -0.34906865167014156 -0.12362771079858539 0.54021837577137199 -1.2277668214463702 0.84801523275364243
decision_type=2 2 2 2 2 2 2 2 2 2 2 2 2 2 2 2 2 2 2 2 2 2 2 2 2 2 2 2 2 2
left_child=1 2 3 5 10 22 29 23 20 -8 11 -3 24 -7 -6 -16 -17 -13 19 -9 26 -14 -1 25 -12 -4 -2 -25 -28 -5
right_child=8 4 7 6 14 13 9 18 -10 -11 12 17 21 -15 15 16 -18 -19 -20 -21 -22 -23 -24 27 -26 -27 28 -29 -30 -31
leaf_value=0 0 0 0 -1.5728853504837616e-05 0 0.00019630405189252051 -0.00049912473039329488 4.9130156154198491e-05 0 0 0.00013238003153789087 0.00068067761930951196 0 -2.3836577049307758e-05 0 -0.00064544661121449919 0 0 0 0.00029715500042851249 0 -0.00033832429053605863 0.00043827088695009637 0.00015809161454781155 0 -0.00017861798648662806 0 0 -0.001087371838506736 0.00011952961821064683
leaf_weight=2.7380003714351906 0.16050975315738369 73.023403326107655 11.559772663458714 29.019319286162499 23.968019562656991 51.649264637613669 43.6421612125705 67.824422366335057 5.7938105033244929 7.4431775344419284 22.127685928135179 10.364170710439792 28.91897353407694 228.35417824127944 8.2653825338347797 37.829658119764645 4.409965348779223 2.7639800436445503 30.262072394136339 166.58187903906219 1.5511227302486066 50.670325511309784 34.154285265831277 13.738712594844403 12.704907754843587 23.378708916367032 0.065682462533003583 3.6188900602282947 12.223797775048299 9.6596316113718768
leaf_count=5459 320 145623 23050 57873 47797 103003 87025 135231 11554 14843 44132 20662 57664 455324 16480 75424 8793 5510 60341 332181 3093 101038 68117 27398 25338 46618 131 7217 24374 19260
internal_value=0 1.11783e-05 7.24619e-05 0 -0.000139147 6.02154e-05 -0.000223924 0.000168642 -0.000700056 -0.000407133 -4.21749e-05 5.31578e-05 -0.000140172 6.05628e-06 -0.000360032 -0.000477245 -0.000568986 0.000488437 0.000210769 0.000238188 -0.000942001 -0.000239774 0.000389952 0 1.28269e-06 -0.000101337 -0.00105839 6.9718e-05 -0.00107762 0
internal_weight=1018.47 998.671 723.624 406.66 275.046 316.896 89.7643 316.964 19.7949 51.0853 200.573 86.1516 114.422 280.003 74.473 50.505 42.2396 13.1282 264.668 234.406 14.0011 79.5893 36.8923 52.2961 34.8326 34.9385 12.45 17.3576 12.2895 38.679
internal_count=2030873 1991401 1442940 810904 548461 631903 179001 632036 39472 101868 399967 171795 228172 558327 148494 100697 84217 26172 527753 467412 27918 158702 73576 104283 69470 69668 24825 34615 24505 77133
is_linear=0
shrinkage=0.03


Tree=78
num_leaves=31
num_cat=0
split_feature=12 25 37 46 20 21 11 9 47 21 38 7 29 14 28 9 36 9 9 30 17 20 16 8 17 4 29 28 25 38
split_gain=0.00986592 0.00730604 0.00693629 0.00584559 0.00402005 0.00440797 0.00398317 0.00436235 0.00402143 0.00440024 0.00342042 0.00419959 0.00279897 0.00267591 0.00254987 0.00225238 0.00221437 0.00222117 0.00213834 0.0014915 0.00137124 0.00112995 0.00128229 0.00111191 0.00106757 0.000903175 0.000813144 0.000699336 0.000543955 0.000414925
threshold=0.59688174072654909 0.71158051048596715 0.72077390729468849 0.22900724481865523 1.1721848384159146 1.2751182692633123 -0.8520617146631283 0.72586482047953382 1.1266861369992904 0.58348009443400517 0.19418347519346232 0.054182728896532993 -0.46683678671151491 -0.82382231144377449 0.30580773563746327 1.3084832636253341 1.0000000180025095e-35 1.3084832636253341 0.14324637733373335 1.4816720250450361 -1.9315218286623683 1.5132650356567874 3.971396485831368 -1.1237210741734425 0.58734236975291043 -1.5973070512561622 -0.47932771979545236 -0.94655783575335362 0.065272491111226336 -0.19884385765859977
decision_type=2 2 2 2 2 2 2 2 2 2 2 2 2 2 2 2 2 2 2 2 2 2 2 2 2 2 2 2 2 2
left_child=2 4 6 19 15 -6 7 14 10 13 12 -12 -8 -10 23 20 17 25 -7 21 -2 22 -3 -1 -22 -4 -27 -9 -29 -11
right_child=1 3 16 -5 5 18 8 27 9 29 11 -13 -14 -15 -16 -17 -18 -19 -20 -21 24 -23 -24 -25 -26 26 -28 28 -30 -31
leaf_value=0 0 -0.00083780940728622202 0 0 0 0 0.00015135999173024832 0.00023528034121055594 0 0 0.00024209684186321084 -3.1542661262402932e-05 -8.7439081008529245e-05 0.00046301881847218937 0 6.3946194472413778e-06 0 0 0.0012927111781724696 0 -0.00030331346626277144 0 0 0.00054436086826473357 0 0 -0.0003853348377768443 -0.00016562011745852601 0 -0.00026639055642772115
leaf_weight=15.285033134627154 6.1268372129416084 31.831661515287124 2.7820285829948252 13.442168557725379 17.551420777221214 1.6232577338232648 45.432258571032435 7.8280054916394866 6.8462166025419711 2.5803494559368119 105.45974963152548 64.771657080855221 276.19937334262067 50.463913318933919 18.473369018523954 24.456200997403357 77.394238044100348 6.9297206046176134 4.4131780274910852 2.3400528372731051 75.114648386195768 2.1344206109642974 0.63151496514910732 48.935069854953326 11.437130863836499 2.2256423454964525 56.57796202332247 24.995524709636815 6.4663242787355548 7.6072402915451658
leaf_count=30483 12217 63474 5546 26807 34997 3236 90605 15611 13652 5146 210272 129134 550770 100634 36838 48762 154331 13818 8800 4666 149772 4256 1259 97589 22806 4439 112820 49848 12898 15169
internal_value=-1.72591e-06 -0.000198741 4.01597e-05 -0.000518975 -6.27763e-05 0.000250759 8.31668e-05 0.000244281 4.26683e-05 0.000261528 6.53517e-06 0.000120356 -4.43799e-05 0.000383084 0.000368108 -0.000151525 -0.000140107 -0.000266254 0.000950217 -0.000713989 -0.000225568 -0.000763582 -0.000807911 0.000458494 -0.000262185 -0.000333658 -0.000361134 0 -7.89427e-05 -0.000127806
internal_weight=1018.36 191.102 827.254 50.3798 140.723 23.5879 681.344 121.983 559.361 67.4977 491.863 170.231 321.632 57.3101 82.6935 117.135 145.91 68.5154 6.03644 36.9376 92.6786 34.5976 32.4632 64.2201 86.5518 61.5856 58.8036 39.2899 31.4618 10.1876
internal_count=2030655 381052 1649603 100462 280590 47033 1358649 243267 1115382 134601 980781 339406 641375 114286 164910 233557 290954 136623 12036 73655 184795 68989 64733 128072 172578 122805 117259 78357 62746 20315
is_linear=0
shrinkage=0.03


Tree=79
num_leaves=31
num_cat=0
split_feature=25 37 45 45 11 0 47 11 21 34 36 17 46 33 20 45 17 46 21 16 30 9 30 16 25 20 24 33 30 45
split_gain=0.0103988 0.00842136 0.00527285 0.00633577 0.00514623 0.00472117 0.00452855 0.00427723 0.00426655 0.00342895 0.00332378 0.0021323 0.00182393 0.00172655 0.00187555 0.00159132 0.00216012 0.00143298 0.00129037 0.00103242 0.000995017 0.000873599 0.000801015 0.000555538 0.000705922 0.000515737 0.000477986 0.000444647 0.000408343 0.000389647
threshold=2.2719467945307339 0.66679797367072757 -0.09091721974710458 -0.090917831414596154 -0.86651230976643323 -0.40250452626854671 -0.79615475738497532 -0.48545730272476462 0.16696635645058958 -0.86577299655162421 0.20923211802969252 -1.1374944187804068 -0.98270293736041314 0.46166472585407753 -0.82678419890744048 -0.080804221468202805 0.75917091211852372 0.49454115333777987 1.5289570278391638 -0.036514501622251297 -0.5619990010319732 0.58021016628462441 0.65257184381857192 0.26155235090255674 -0.036905866259640506 -1.0477100029718773 -0.34906865167014156 -1.8142908228289587 -0.372089390396459 -0.11465467138288277
decision_type=2 2 2 2 2 2 2 2 2 2 2 2 2 2 2 2 2 2 2 2 2 2 2 2 2 2 2 2 2 2
left_child=1 2 3 4 19 18 8 23 -3 22 -7 17 -6 20 -15 16 -9 27 -5 -1 -11 -10 26 24 -8 -23 -4 -2 -17 -29
right_child=11 6 9 5 12 10 7 15 21 13 -12 -13 -14 14 -16 28 -18 -19 -20 -21 -22 25 -24 -25 -26 -27 -28 29 -30 -31
leaf_value=0.0004011900211769899 0 -4.8991777014715623e-05 0 -1.4843472108406563e-05 -0.00013470404117905805 -0.0005342185410309293 0 -0.00042503790272711519 0 0 0 0 4.8544159989691269e-05 0 0.0003483170458509668 -0.00019785872289801619 0 0 0.00048888648754285603 0 0.00014276409689769628 0 1.5388055168227268e-05 -0.000194003346723228 0.00018519483545680656 0.00064393048198043605 -0.00023923362852277879 0 0 -0.0010745266978418174
leaf_weight=41.063764716614969 0.50950015347916533 28.690539501374587 9.823480869119523 30.24941741238581 61.545701006834861 41.676695395784918 29.435060778749175 85.395196980680339 3.4795686933211991 44.306169286079239 16.345893837220501 5.7837934971903442 222.68936512130313 35.45675684948219 108.02062453899998 11.054719243838916 12.750662795733659 1.458879210113081 4.8310359325841992 4.423850705206859 96.400272198545281 1.1755444782320417 13.722613029007332 10.438378022925461 21.64735396776814 13.005045078578403 21.212229101976845 0.64243657782208075 29.578621720545925 11.404895726474935
leaf_count=81897 1016 57217 19588 60325 122722 83106 58701 170272 6935 88343 32594 11534 444043 70702 215388 22043 25424 2909 9634 8821 192235 2344 27366 20814 43176 25931 42298 1281 58980 22741
internal_value=0 1.22728e-05 6.4911e-05 0 5.63927e-05 -0.00022357 -0.000136 -0.000203154 8.94739e-05 0.000155101 -0.000391708 -0.000681975 0 0.000196141 0.000282095 -0.000295475 -0.000370646 -0.000891033 0 0.000353374 8.71742e-05 0.000484298 -3.84531e-05 0 4.57914e-05 0.000589526 -0.000158922 -0.000994429 -4.00766e-05 -0.00103147
internal_weight=1018.22 998.419 751.768 422.826 329.723 93.103 246.651 200.3 46.3507 328.942 58.0226 19.7995 284.235 284.184 143.477 138.779 98.1459 14.0157 35.0805 45.4876 140.706 17.6602 44.7583 61.5208 51.0824 14.1806 31.0357 12.5568 40.6333 12.0473
internal_count=2030380 1990899 1499062 843142 657483 185659 491837 399410 92427 655920 115700 39481 566765 566668 286090 276719 195696 27947 69959 90718 280578 35210 89252 122691 101877 28275 61886 25038 81023 24022
is_linear=0
shrinkage=0.03


Tree=80
num_leaves=31
num_cat=0
split_feature=29 17 16 3 47 6 21 25 17 21 20 18 11 20 9 11 47 49 20 22 19 21 4 6 16 30 9 11 1 38
split_gain=0.00936791 0.0082037 0.00589169 0.00797772 0.00703446 0.00603275 0.00382601 0.00372693 0.00539771 0.00337863 0.00320035 0.00276188 0.00248399 0.00243575 0.00234976 0.0022534 0.00254349 0.00263753 0.00233766 0.00212273 0.00154438 0.00130635 0.00127559 0.00147936 0.00137969 0.00125936 0.00120863 0.00110813 0.00108259 0.000967452
threshold=-0.38904739265824306 0.31087675870293879 0.13274489404195353 -0.16740101791132042 1.2373171048927982 -1.0211277148820794 0.50451493371779821 0.16605337169056883 -0.29597135196016761 1.9691445767909197 0.34058127598313881 0.30833401993140486 0.4064664010074675 -0.062468406658076327 0.87151947467444313 0.36244633071066107 0.42381784550349288 -0.2952897922002084 1.44288593715006 -0.0048433770773434999 1.2744313712083233 0.41905740185809476 0.1598549680875245 0.75866979240592447 0.48945576185615297 -1.2061127338286661 -0.43937215262898549 -0.05505093965208685 1.3595263048772528 0.18798563515036393
decision_type=2 2 2 2 2 2 2 2 2 2 2 2 2 2 2 2 2 2 2 2 2 2 2 2 2 2 2 2 2 2
left_child=9 2 4 -4 7 -6 -7 26 -9 15 -11 19 -12 22 20 16 17 18 -1 27 -5 28 24 -24 -13 -15 -2 -3 -18 -27
right_child=1 11 3 14 5 6 -8 8 -10 10 12 13 -14 25 -16 -17 21 -19 -20 -21 -22 -23 23 -25 -26 29 -28 -29 -30 -31
leaf_value=0.00023182047909976243 -0.00016174439177597065 0.00048411542167539303 0 -0.00060144139602645076 -0.00050325276764079353 0.00046876557194136948 0 -0.00047912895655150982 0 0 0 0.00014483152242346448 0.0017724305188043066 0 0 -4.2884881986084357e-05 0.00051588166603878818 -2.9511084185562506e-06 -6.4921228349567022e-05 0 0 0 -0.00023570489964978245 0 -0.00016268794930599249 0 3.0687472943405649e-05 0 0 0.00023093324145825696
leaf_weight=112.43480837502284 39.463118822663091 25.119345470273405 26.928641197329853 67.147450539923739 6.503359042457304 42.992158054781612 9.0574260498979111 60.37363461375935 45.837252026365604 3.0472928690724057 3.7007118286564946 32.583880723337643 3.3180995540460572 30.612361185601912 5.8314974227105258 48.902646044967696 29.920730896585155 98.694338762492407 12.037521057995034 25.626155480160378 3.0534086321713394 3.1660925413016221 64.637017375673167 16.214078854594845 21.091377493925393 41.227135072113015 71.946501093683764 5.7470822512404984 3.2225736682303241 57.842206704604905
leaf_count=224235 78677 50087 53683 133886 12967 85731 18061 120383 91402 6076 7374 64974 6617 61041 11627 97508 59682 196849 24007 51097 6088 6313 128877 32327 42056 82224 143449 11459 6428 115318
internal_value=-7.87979e-07 -6.50649e-05 -0.000161203 -0.000363503 -7.49203e-05 0.000194774 0.000339627 -0.00016127 -0.000291124 0.00013105 0.00072616 3.92357e-05 0.0010801 0 -0.000522844 0.000101897 0.000140745 8.51021e-05 0.000179021 0.000229651 -0.000571138 0.000400116 -9.09003e-05 -0.000167176 0 9.12837e-05 -1.05474e-05 0.00039802 0.000459195 0.000149493
internal_weight=1018.28 699.835 379.134 102.961 276.173 58.5529 52.0496 217.621 106.211 318.445 10.0661 320.701 7.01881 264.208 76.0324 308.379 259.476 223.167 124.472 56.4926 70.2009 36.3094 134.526 80.8511 53.6753 129.682 111.41 30.8664 33.1433 99.0693
internal_count=2030503 1395414 755954 205284 550670 116759 103792 433911 211785 635089 20067 639460 13991 526817 151601 615022 517514 445091 248242 112643 139974 72423 268234 161204 107030 258583 222126 61546 66110 197542
is_linear=0
shrinkage=0.03


Tree=81
num_leaves=31
num_cat=0
split_feature=12 9 21 37 20 11 36 34 36 27 30 47 21 32 47 21 17 22 14 19 45 4 29 18 9 28 29 17 4 33
split_gain=0.00969385 0.0076754 0.00945752 0.00591489 0.00588394 0.00338889 0.00330618 0.00297178 0.0024518 0.00227343 0.00180395 0.00176631 0.00173363 0.00152368 0.00149804 0.00170861 0.0014296 0.00141377 0.00132927 0.00125965 0.00124616 0.00120688 0.00109634 0.000959113 0.000950954 0.00069533 0.000633949 0.000614127 0.000585174 0.00050471
threshold=0.46030713733555523 0.43455551208971505 1.3922045649681032 0.66298871582538921 0.016554153620629057 0.43754229445739434 -0.56308759382914964 -0.90632487232907621 0.068088870191779199 -0.043678219130991063 -1.1575479803426221 -0.86917469745351383 -0.19265417061980306 1.2327464840678519 1.1266861369992904 -0.036103719911235767 0.73687839063120064 -0.11688535302765189 -0.839661285791794 0.98946997872643483 -0.12750407379512921 1.1345162082176403 -0.28800356645620168 1.010965023747356 -0.14806293105608534 -1.1368883986402789 0.97434928515860808 0.63551849446084263 -1.7029511258849037 1.054365280809979
decision_type=2 2 2 2 2 2 2 2 2 2 2 2 2 2 2 2 2 2 2 2 2 2 2 2 2 2 2 2 2 2
left_child=3 5 9 6 -4 17 14 -8 11 23 -9 -5 -13 19 22 18 -14 -2 -16 20 -7 -12 29 25 -24 -3 -6 28 -19 -1
right_child=1 2 4 8 26 13 7 10 -10 -11 21 12 16 -15 15 -17 -18 27 -20 -21 -22 -23 24 -25 -26 -27 -28 -29 -30 -31
leaf_value=4.8888312842954853e-05 0 0 0 0 0.0013172926199862391 0 -3.9495794223494548e-05 0 0 4.0759254351063202e-05 0.00022632758965098469 -1.9737600780925755e-05 -0.00046211299627121752 0 0 0 0 0 0.00042617529618400689 0 -0.00061976141012672634 0 -0.00025879423794452879 0 0 -0.00035302217376955477 0 0 -0.00031883456573566685 -0.00016064300102308898
leaf_weight=79.322923657135107 31.348368803679477 2.0677626865799494 4.3684134479844934 9.6387721623759699 8.021121452969961 1.1024652704363678 42.948871953936759 69.142437621892896 100.35820317768957 30.508262517978437 271.93658038880676 42.011165434028953 38.001217860262841 5.773867313808295 3.0490064182085943 11.368900281726381 8.1966475677909312 2.795822244603186 20.693146125297062 4.3169825482764272 50.155972938926425 22.31464806193253 32.348161707399413 7.5046155244344837 34.260674242454115 31.818782428221315 0.64099679252831343 7.2864284807583308 35.138021904509515 10.255386347125748
leaf_count=158193 62512 4124 8710 19221 15995 2198 85642 137860 200125 60834 542271 83783 75769 11513 6080 22670 16342 5572 41267 8608 100005 44496 64492 14964 68313 63454 1278 14529 70057 20451
internal_value=0 -0.000176253 1.60454e-05 4.75798e-05 0.000786118 -0.000316423 9.71173e-05 0.000145585 -8.66524e-05 -8.1792e-05 0.000175714 -0.000194323 -0.000244764 -0.000504887 0 0.000170802 -0.000384459 -0.000126238 0.000328499 -0.000553235 -0.000594948 0.000208921 -4.55412e-05 -0.0002446 -0.000140274 -0.000313931 0.00124136 -0.000234779 -0.000283337 0
internal_weight=1018.69 222.848 84.93 795.847 13.0305 137.918 597.641 406.343 198.206 71.8994 363.394 97.8478 88.209 61.3493 191.298 35.1111 46.1979 76.5686 23.7422 55.5754 51.2584 294.251 156.187 41.3912 66.6088 33.8865 8.66212 45.2203 37.9338 89.5783
internal_count=2031328 444353 169359 1586975 25983 274994 1191735 810269 395240 143376 724627 195115 175894 122324 381466 70017 92111 152670 47347 110811 102203 586767 311449 82542 132805 67578 17273 90158 75629 178644
is_linear=0
shrinkage=0.03


Tree=82
num_leaves=31
num_cat=0
split_feature=25 1 16 34 16 17 11 8 45 45 9 38 7 21 46 17 21 30 21 17 29 30 20 30 47 47 17 19 1 47
split_gain=0.00916975 0.00696878 0.00624844 0.00612765 0.00449468 0.00409331 0.00341117 0.00302947 0.00293287 0.0035618 0.00282447 0.00227718 0.00224346 0.00349585 0.00217149 0.00205528 0.00205208 0.00192749 0.00181279 0.00127459 0.00115697 0.00162412 0.00111442 0.00101347 0.00100812 0.000909861 0.00080382 0.000603162 0.000501556 0.000491167
threshold=1.431113392866123 0.94351733656503634 -0.39749685319329325 -0.71076517392883232 2.9064995363230959 -0.84764395703215123 1.2194270039123647 0.66356769673763216 -0.090613308115153654 -0.090917831414596154 -0.7306813742018855 0.10005511906475333 -0.63054186237509269 0.6511745508348793 0.46933445675205454 0.74789799496518194 -0.75380793703309634 0.522934035576895 -0.57917161638167869 0.59350085141418485 -0.26666586399125897 1.0469338957408463 -0.33097234511569446 1.6151740434003814 1.2950615548928073 0.95920493517819005 0.0095234114967063781 0.6625561567569872 1.5016399476912146 -0.38508019043125569
decision_type=2 2 2 2 2 2 2 2 2 2 2 2 2 2 2 2 2 2 2 2 2 2 2 2 2 2 2 2 2 2
left_child=1 3 16 12 8 14 -6 15 9 -5 -8 -10 13 -1 23 18 28 19 -4 -14 -9 -22 -15 27 26 -19 -18 -2 29 -3
right_child=5 2 7 4 6 -7 10 20 11 -11 -12 -13 17 22 -16 -17 24 25 -20 -21 21 -23 -24 -25 -26 -27 -28 -29 -30 -31
leaf_value=-2.6638453346442419e-05 -0.00072231900416117815 0 0 9.5192924474923053e-05 0 0 0 3.7594971611330508e-05 0 -0.00013482614466619981 0.0017152013114859407 0.00023457726003057363 -0.00028527838515423248 0 0 0 -0.00025979932316318351 -3.869183131360581e-05 -0.00069427511243414181 0 -0.00032234822156221142 0 0.00052293592604036698 0 0.0001402213014985712 0.00027623193772761051 0 0 0 0.00038922893057982325
leaf_weight=63.283056094427593 28.361661630216989 1.5778229377465383 7.9450650527724056 227.94640787411481 3.8673361082328466 19.558244115614798 0.67200389964273188 14.645662193477618 61.885929890384432 75.75583020405611 4.0248907843488269 186.66915040725144 67.924996813351754 4.6987196822301511 4.0421738668228491 11.652401634375563 21.64226401707856 34.413627057685517 31.379395135503728 33.927994996658526 25.588350214064121 10.025891623110509 15.517470823950132 3.1650115681113666 9.6478156180819479 10.056553975620771 16.842344211705495 0.9097556175547642 2.2620932607678688 18.586378904175945
leaf_count=126197 56555 3147 15843 454536 7708 39004 1340 29211 123424 151069 8023 372205 135441 9369 8061 23233 43157 68627 62564 67655 51019 19992 30935 6311 19239 20055 33586 1814 4511 37066
internal_value=0 2.3873e-05 -0.00014407 6.4159e-05 0.00011946 -0.000370791 0.000852822 -0.000299718 0.000102655 2.79386e-05 0.00140705 0.00018188 -5.77362e-05 4.08153e-05 -0.000558739 -0.000477934 3.6734e-05 -0.000134477 -0.000585784 -0.000207392 -5.9271e-05 -0.000183341 0.000400363 -0.000641362 -2.02367e-05 0 -0.000138416 -0.000697842 0.000292779 0.000343106
internal_weight=1018.48 962.439 171.795 790.644 560.822 56.0368 8.56423 101.237 552.257 303.702 4.69689 248.555 229.822 83.4992 36.4786 50.9769 70.5587 146.323 39.3245 101.853 50.2599 35.6142 20.2162 32.4364 48.1324 44.4702 38.4846 29.2714 22.4263 20.1642
internal_count=2030897 1919152 342568 1576584 1118305 111745 17071 201862 1101234 605605 9363 495629 458279 166501 72741 101640 140706 291778 78407 203096 100222 71011 40304 64680 95982 88682 76743 58369 44724 40213
is_linear=0
shrinkage=0.03


Tree=83
num_leaves=31
num_cat=0
split_feature=12 7 21 20 21 37 17 20 25 28 30 21 8 9 20 5 36 10 14 47 9 11 16 22 21 8 38 29 5 16
split_gain=0.00805745 0.0062503 0.00640276 0.00995906 0.00561676 0.00468788 0.00440667 0.003645 0.00297013 0.00295563 0.00263741 0.00378132 0.00295226 0.00214177 0.00181346 0.00174948 0.00158421 0.00170418 0.00153405 0.00273907 0.00135554 0.00124002 0.00113571 0.00091045 0.000993501 0.000833759 0.000796632 0.000795045 0.000784102 0.000782847
threshold=0.057724547740094015 -0.239270657992457 1.2751182692633123 -0.07775975651684687 0.38055025754258837 0.71494896019451859 0.21700747160860931 1.4567073590939326 -0.28611095882267173 -0.028947873499556034 -0.83675729489320949 0.028435016084425332 -0.08113599109949618 -1.16764523911758 0.6478495864630055 -1.5959555391061031 0.013935738222381098 0.92253883253219382 -0.89229885435687317 1.1807524285731466 0.28890094471172417 2.5548141620279003 2.2742273503445629 0.077681956636164909 -0.35481132002920762 -0.87548651895903251 0.17973178567717354 -0.48088087924909445 -0.14732611803996645 -0.66706451423639268
decision_type=2 2 2 2 2 2 2 2 2 2 2 2 2 2 2 2 2 2 2 2 2 2 2 2 2 2 2 2 2 2
left_child=5 2 8 28 13 9 7 15 23 10 25 12 -12 -3 -13 -6 17 29 -11 -20 -5 -21 27 -2 -25 26 -1 -15 -4 -7
right_child=1 4 3 20 6 16 -8 -9 -10 18 11 14 -14 22 -16 -17 -18 -19 19 21 -22 -23 -24 24 -26 -27 -28 -29 -30 -31
leaf_value=-0.00029887068024050701 0 2.9222540371503097e-05 0 0 0 0 0 0 -0.00017913145271510376 -0.00020414493491793616 0.00041091286911656435 -7.716083589843745e-05 8.4584388894637957e-05 0 0.00021227203628317663 -0.00081989333211255711 0 0 0 0.00036072622775032231 0.0010793735012404021 0 0 0 0.00034852641595841874 7.9399146990763775e-05 0 -0.00022943587059612322 -0.00041558652583999542 -0.00038394713352081814
leaf_weight=12.397011806198863 20.728786574269179 43.250341980543453 2.5770235695526935 3.8680388066568439 2.3914775400771751 8.3770247104112041 18.26771888951771 4.5466048974776632 76.964304734952748 23.905224486661609 98.184657010482624 47.116590743360575 70.215342685754877 4.2082093663630067 29.995818443770986 33.655036772950552 65.584673091128934 18.067575608671177 157.2206645734841 30.492845527303871 13.349268477468284 2.5106868070433839 3.9833182650618246 6.2951991541194756 18.228528010367882 57.105420142586809 14.014605474716516 93.932560585904866 4.9168921283562694 31.608212817576714
leaf_count=24718 41334 86242 5139 7707 4768 16706 36424 9065 153477 47669 195802 93947 140036 8393 59806 67107 130782 36026 313503 60809 26618 5006 7941 12554 36341 113863 27942 187306 9804 63029
internal_value=2.45333e-07 -0.000113029 1.80019e-05 0.000472327 -0.000221983 6.43998e-05 -0.00048425 -0.00066161 -4.93124e-05 0.000105007 0.000162111 0.000211868 0.000292663 -9.51573e-05 0 -0.000764164 -8.97282e-05 -0.000204223 3.2504e-06 4.50844e-05 0.000912387 0.000293955 -0.000177209 0.000105186 0.00023201 0 -0.000121575 -0.000207588 -0.000138387 -0.000314501
internal_weight=1017.96 351.163 146.928 24.7112 204.235 666.796 58.8608 40.5931 122.217 543.159 329.029 245.512 168.4 145.374 77.1124 36.0465 123.637 58.0528 214.129 190.224 17.2173 33.0035 102.124 45.2525 24.5237 83.517 26.4116 98.1408 7.49392 39.9852
internal_count=2029864 700220 292974 49268 407246 1329644 117364 80940 243706 1083101 656114 489591 335838 289882 153753 71875 246543 115761 426987 379318 34325 65815 203640 90229 48895 166523 52660 195699 14943 79735
is_linear=0
shrinkage=0.03


Tree=84
num_leaves=31
num_cat=0
split_feature=12 47 16 16 21 9 11 20 3 39 37 16 18 10 29 8 22 14 30 0 34 38 30 45 34 8 7 17 49 47
split_gain=0.00830899 0.00645655 0.00580698 0.00521449 0.00508422 0.0051694 0.00465791 0.00453781 0.003237 0.00301158 0.00266218 0.00213213 0.00182963 0.0016778 0.00162781 0.00159178 0.00157239 0.00151935 0.00156729 0.00147098 0.00137075 0.00156546 0.00132445 0.0012993 0.00129173 0.00105135 0.00100203 0.000827535 0.000812806 0.000800298
threshold=0.11066961910953278 -0.90279012897358057 2.2742273503445629 -0.64440589779908364 -0.79608175548667004 0.72586482047953382 1.797637630157302 0.74954776139478974 -0.38215564886992875 -0.87198655172382689 0.39371837054854458 1.8781114276070512 -1.8846819840301274 0.92253883253219382 -0.46376350299705976 0.16709854192101581 0.11704175006183094 -0.89229885435687317 -0.85615015006933726 -1.473148747881494 -0.73873068539822195 0.20014358904188187 -1.8109472540515603 -0.09091721974710458 -0.95009059908772453 -1.1733679863260191 0.24981836388382453 -0.77731289446623497 -0.25010782084884092 0.45265055442714991
decision_type=2 2 2 2 2 2 2 2 2 2 2 2 2 2 2 2 2 2 2 2 2 2 2 2 2 2 2 2 2 2
left_child=3 2 16 4 5 15 10 9 -8 14 -3 -10 -12 -14 -5 19 -2 27 -19 -1 29 -22 -9 -24 -25 -20 -4 -6 -18 -11
right_child=1 6 26 7 17 -7 8 22 11 20 12 -13 13 -15 -16 -17 28 18 25 -21 21 -23 23 24 -26 -27 -28 -29 -30 -31
leaf_value=0 -5.9492888849021531e-05 -1.6945399476205219e-05 0.0013980125671917273 0 -0.00042160388510070372 0 0 0 -0.00084105223889047425 -0.0001692043890389052 0 0 -0.00039507278215224472 -4.8391816026747928e-05 -0.00028508232118519322 0.00012836822134158275 0.00041567836254859558 -6.4381895564519694e-06 0 0.00077474730484642903 -8.1516532849916348e-06 0.00015619483899788567 2.0219202946053355e-05 0 0.00033411486701880234 0.00022693386156926479 0 0 0 0
leaf_weight=1.4841806573676901 34.09474308922654 134.51913809549296 3.6967052993131793 7.5167221992742261 6.5694304778589894 15.176597989455329 5.2912832460133385 17.520654217514675 20.820420567004479 61.393743495165836 6.8872090674121855 2.7348715823027296 62.634502292145044 44.006880520377308 64.829693491337821 20.960129763931036 11.725349078769794 28.570974818489049 17.401292011258192 30.210852623684332 128.7154617117485 65.442746783373877 59.846997435961384 7.495374731195624 58.137997584999539 70.355082943162415 0.62317698769038532 9.4568713432527129 3.9495334942475884 16.478688635397702
leaf_count=2959 67987 268233 7371 14991 13099 30268 10550 34936 41513 122422 13734 5453 124898 87747 129268 41802 23378 56964 34702 60252 256694 130474 119334 14947 115927 140296 1242 18858 7874 32861
internal_value=-8.6444e-07 -0.000127191 0.000142404 5.55844e-05 0.00018454 0.000403978 -0.000190689 0 -0.000585695 -5.63468e-05 -0.000132658 -0.000737412 -0.00024334 -0.000280142 -0.000229298 0.000546437 0 4.94115e-05 0.000104389 0.000728256 0 3.17915e-05 0.000144615 0.000182574 0.000284906 0.000174656 0.00120985 -0.00016245 0.000287373 -0.000115422
internal_weight=1018.55 330.984 54.0895 687.563 200.185 67.8318 276.894 487.378 28.8466 344.377 248.048 23.5553 113.529 106.641 72.3464 52.6552 49.7696 132.354 116.327 31.695 272.031 194.158 143.001 125.48 65.6334 87.7564 4.31988 16.0263 15.6749 77.8724
internal_count=2031034 659980 107852 1371054 399200 135281 552128 971854 57516 686710 494612 46966 226379 212645 144259 105013 99239 263919 231962 63211 542451 387168 285144 250208 130874 174998 8613 31957 31252 155283
is_linear=0
shrinkage=0.03


Tree=85
num_leaves=31
num_cat=0
split_feature=29 16 39 46 15 47 38 17 29 33 21 30 8 2 9 8 21 47 9 38 47 11 11 21 7 33 1 19 16 1
split_gain=0.00848348 0.00690115 0.00651209 0.00452491 0.00404097 0.00388214 0.00411349 0.00394942 0.00380276 0.00317345 0.00275149 0.00259196 0.00437214 0.0025593 0.00234131 0.00227852 0.00221349 0.00219873 0.00246885 0.00242489 0.00196297 0.00192664 0.00180588 0.00168619 0.00151864 0.00122628 0.00092907 0.000969809 0.000913622 0.000818207
threshold=0.0076639162804534094 3.971396485831368 -0.78774080812713765 -0.57727270138339193 -0.20394561597913427 0.65690330853641665 0.14106257050054496 -1.6633614012447999 -0.49830639389782988 -0.45898733846070089 -0.76062550275686902 0.81672699657595205 0.21674549291291434 -0.86362830430790127 -0.7306813742018855 -0.82583961235493009 1.4344038696640979 2.1399205004845636 1.017174042052434 -0.58733806812292833 0.63980819797680955 0.088487026478120318 0.95986627347661702 1.4344038696640979 0.054182728896532993 1.0055902868748403 1.3930584144889533 -4.8902284636235187 -0.4725379341642984 0.81256561635295765
decision_type=2 2 2 2 2 2 2 2 2 2 2 2 2 2 2 2 2 2 2 2 2 2 2 2 2 2 2 2 2 2
left_child=1 3 10 4 9 7 15 16 -9 -1 -2 12 24 -14 -3 -7 -5 18 19 -12 -13 -8 -16 -11 29 -15 27 -22 -26 -4
right_child=2 14 11 5 -6 6 21 8 -10 23 17 20 13 25 22 -17 -18 -19 -20 -21 26 -23 -24 -25 28 -27 -28 -29 -30 -31
leaf_value=0 0 0 0.0002385443916534326 0 0 0 0.00024168034567584285 0.00030970199385560443 0 -0.0005378084135926473 0 0 0 -0.00040551980553496872 0 0.00064448713294819977 0.0014771219021380514 0 0 -0.00066799060525639083 0 -0.00018829290360698078 0.0019559472856076582 0 0 0 0 0.00054876834341830057 -0.00027750159254714128 0
leaf_weight=30.684858660097234 7.3382827960886052 0.56123458064394061 37.418592572212219 5.0717265263083382 117.04605465062195 9.0722104394808394 20.457513249246404 39.867070550506469 452.01470542699099 32.087940903729759 6.9848292451351872 25.21786531212274 25.728653861093335 54.339703880541492 1.2660777565906745 29.247316011576913 2.8352729435428046 5.9245473286719053 6.8395336816902264 45.272333824425004 0.4615019960911021 15.204605676117351 2.798413050477393 2.0927056004875331 5.4669391614152145 5.7055494993110178 2.6592930519836946 14.326013916463125 12.307992650137747 2.4250324881868428
leaf_count=61185 14630 1119 74602 10110 233426 18094 40794 79507 901353 63984 13930 50281 51301 108347 2523 58331 5659 11813 13637 90257 920 30317 5579 4172 10900 11376 5302 28566 24538 4835
internal_value=0 5.00306e-05 -0.000148934 3.88511e-05 -8.35716e-05 8.28933e-05 0.000294018 4.56388e-05 2.85659e-05 -0.000275054 -0.000395901 -3.6762e-05 -0.000110335 -0.000253889 0.00122782 0.000513333 0.000728306 -0.00046099 -0.000517013 -0.000587203 0.000140196 0 0.00149471 -0.000476582 5.1299e-05 -0.000361165 0.000386426 0.000482414 -8.40413e-05 0.000186971
internal_weight=1018.72 760.308 258.417 755.682 181.912 573.77 73.9816 499.789 491.882 64.8655 72.3595 186.057 143.392 85.7739 4.62573 38.3195 7.907 65.0212 59.0967 52.2572 42.6647 35.6621 4.06449 34.1806 57.6186 60.0453 17.4468 14.7875 17.7749 39.8436
internal_count=2031388 1516153 515235 1506932 362767 1144165 147536 996629 980860 129341 144267 370968 285899 171024 9221 76425 15769 129637 117824 104187 85069 71111 8102 68156 114875 119723 34788 29486 35438 79437
is_linear=0
shrinkage=0.03


Tree=86
num_leaves=31
num_cat=0
split_feature=29 41 16 44 11 47 17 49 39 33 17 29 30 21 7 8 44 45 9 8 7 11 30 8 18 8 33 45 22 9
split_gain=0.00832873 0.00690768 0.0066671 0.00507615 0.00738058 0.00572334 0.00578634 0.00446721 0.00408074 0.00398862 0.00345836 0.00311568 0.00308866 0.00297435 0.00290491 0.00210749 0.00205951 0.00201353 0.00195183 0.00192661 0.00177438 0.0017701 0.00172922 0.00343286 0.00190979 0.0012044 0.00116194 0.00106665 0.000956105 0.000760514
threshold=0.060298009222440663 -0.49005465390013919 3.971396485831368 -0.35960041699144435 0.48506454615733774 0.46839139321997214 -0.42988691233636739 1.0511048021203562 -0.34140279578574273 -0.79211002736510372 0.17513188241751451 -0.48921457980660704 1.0593595483003946 -0.59222544451625858 0.15200056825416117 -0.08113599109949618 1.6435872196396695 -0.061641050042581413 -0.7306813742018855 -1.0244272609652376 -0.7283596798687384 0.36244633071066107 1.0593595483003946 0.16709854192101581 0.88680044496452359 -1.0000000180025095e-35 -1.790663142173162 -0.12864461133194902 -0.33736125653292542 -0.43937215262898549
decision_type=2 2 2 2 2 2 2 2 2 2 2 2 2 2 2 2 2 2 2 2 2 2 2 2 2 2 2 2 2 2
left_child=2 8 3 7 5 10 -7 11 12 -9 -5 15 20 -11 -6 -1 22 -16 -4 -13 -2 -20 23 29 -25 -24 -18 -22 -23 -3
right_child=1 16 18 4 14 6 -8 9 -10 13 -12 19 -14 -15 17 -17 26 -19 21 -21 27 28 25 24 -26 -27 -28 -29 -30 -31
leaf_value=0.00044780090163386689 0 -5.3071149517028316e-05 0 -0.00019551392073929042 0 0 0.00045707340055051762 0 0 0 2.7463702462498954e-05 -7.7685364977617843e-05 0 0.00095682248654106359 -0.00048911982304869516 0 0 0 0 8.8847001895596647e-05 0 0 0 -0.00033526834321984209 0 0.00037849918628622941 0.00036085137028752387 -0.00072127659894319232 0.0018309604704015521 0.00015059413871492254
leaf_weight=32.686907549330499 9.11596157227177 12.197460482246241 0.6173755190684459 86.827381614246406 32.911119781783782 41.586212006746791 49.122915675689001 2.9362919160048504 23.017124502337538 4.7194389328360602 170.6285127272713 72.561146531486884 10.426295495184602 14.441498784173742 46.719324638252147 7.7854156985413274 6.4444669637014185 8.7933812882401963 0.66024582867976178 207.81703229073901 1.0358340559760097 0.3114834977313875 6.1517038232414061 61.319976209546439 9.0749597243848239 9.5125052344519609 16.234815049218014 40.549063106649555 3.2487764959805649 29.284558290790301
leaf_count=65183 18175 24315 1231 173131 65620 82933 97972 5857 45891 9412 340287 144678 20789 28807 93157 15530 12851 17534 1316 414394 2065 621 12265 122264 18094 18967 32371 80846 6476 58387
internal_value=0 -0.000158724 4.50431e-05 3.41811e-05 -2.8192e-05 2.62038e-05 0.000236064 0.000122333 -0.000378989 0.000561008 -3.60833e-05 8.27706e-05 -0.000507739 0.000741827 -0.000276301 0.000339244 -1.53752e-05 -0.000410728 0.00117515 3.5049e-05 -0.000604683 0.00141393 -8.02233e-05 -0.000136951 -0.000271104 0.000133415 0.000217031 -0.000695842 0.00167852 1.83875e-05
internal_weight=1018.74 234.365 784.374 779.537 436.589 348.165 90.7091 342.948 84.1443 22.0972 257.456 320.851 61.1272 19.1609 88.4238 40.4723 150.22 55.5127 4.83788 280.378 50.7009 4.22051 127.541 111.877 70.3949 15.6642 22.6793 41.5849 3.56026 41.482
internal_count=2031419 467280 1564139 1554495 870634 694323 180905 683861 167766 44076 513418 639785 121875 38219 176311 80713 299514 110691 9644 559072 101086 8413 254292 223060 140358 31232 45222 82911 7097 82702
is_linear=0
shrinkage=0.03


Tree=87
num_leaves=31
num_cat=0
split_feature=25 34 45 45 1 21 9 16 36 11 47 38 21 21 29 47 47 44 6 36 7 17 44 46 38 16 45 18 33 21
split_gain=0.00770682 0.00634888 0.00607505 0.00887342 0.00613898 0.00445289 0.00428521 0.00396795 0.00310945 0.00251405 0.00237853 0.00397349 0.00324585 0.0027323 0.00245334 0.00168277 0.00184758 0.0015601 0.00144167 0.00126377 0.00108748 0.000887737 0.000344972 0.000366695 0.000283597 9.30938e-05 0.000340544 0.00021958 7.30941e-05 8.23552e-05
threshold=2.2719467945307339 -0.94170605075353542 -0.09091721974710458 -0.090917831414596154 -0.17305720162281887 0.34330076366471129 -0.2937175418425354 -0.79806079788915829 0.20923211802969252 -0.45335014827965053 0.65690330853641665 0.18520392820307932 0.7039565076367299 -0.27706274964239036 -0.47608489893450373 -1.137464611890237 1.8468887583291778 -0.57046227347892997 -1.0531419842794192 0.89687112803469071 1.0000000180025095e-35 -1.4530943769625513 2.1707418608583837 0.80124489877686145 -3.0638626692897408 -0.26822397743779713 -0.066752405267410039 -0.55205980879402994 0.53027017391992193 1.1691205659549351
decision_type=2 2 2 2 2 2 2 2 2 2 2 2 2 2 2 2 2 2 2 2 2 2 2 2 2 2 2 2 2 2
left_child=1 9 3 5 20 7 -7 -3 -6 25 11 14 18 -13 -4 -11 19 -2 -12 -17 -5 22 23 24 -19 26 27 -1 29 -27
right_child=17 2 10 4 8 6 -8 -9 -10 15 12 13 -14 -15 -16 16 -18 21 -20 -21 -22 -23 -24 -25 -26 28 -28 -29 -30 -31
leaf_value=0 0 0.00033585033794623833 0.00029808726757486303 0.00010098472365165522 -0.00057566891885684813 -0.00035587858659344928 2.4714526684577051e-06 3.7225840454999897e-05 0 0 0 4.8945868762832207e-06 0 0.00033078460605214579 -4.4330153206334857e-05 -0.00048249029574798288 0 0 0.00045218541028842684 0 -0.00023108955343767988 0 0 0 -0.001010022540144819 -0.00012915685679295923 0 0.00019425303337023195 0 0
leaf_weight=2.6809283302282028 2.2697365445201312 58.865570595429745 21.322612799704075 33.255583143560216 47.471981848473661 41.133358875813428 56.576941678475123 232.20426124910591 19.4025198307354 4.3619975684559895 2.3681417476036577 61.255743500310928 10.072261688532306 78.294456809177063 159.45712420868222 45.90182735316921 5.9658836238668291 0.13787297240924168 53.853338541521225 11.887710928276645 11.976861612929495 5.9181649787351462 1.4855472627095885 0.38112020911648947 9.5754096878808905 12.552693248202559 8.1880200302111898 13.738273295748513 5.0912741660722522 0.80156031280057582
leaf_count=5347 4526 117393 42526 66317 94665 82006 112796 463051 38691 8698 4722 122138 20085 156096 317983 91525 11896 275 107393 23703 23883 11802 2962 760 19093 25032 16328 27397 10153 1598
internal_value=1.91375e-06 1.6453e-05 4.59743e-05 -1.77756e-05 -0.000257066 4.35088e-05 -0.000117681 0.000107926 -0.000439771 -0.000192241 0.000136324 8.8926e-05 0.0003201 0.000209232 0 -0.000305828 -0.000351689 -0.000580855 0.000415669 -0.000406482 0 -0.000679263 -0.000875329 -0.000953791 -0.00098964 0 2.40992e-05 0.000139775 -6.13799e-05 -0.000100648
internal_weight=1018.45 998.681 887.511 500.887 112.107 388.78 97.7103 291.07 66.8745 111.17 386.624 320.33 66.2937 139.55 180.78 68.1174 63.7554 19.7679 56.2215 57.7895 45.2324 17.4981 11.58 10.0944 9.71328 43.0527 24.6072 16.4192 18.4455 13.3543
internal_count=2030840 1991422 1769745 998802 223556 775246 194802 580444 133356 221677 770943 638743 132200 278234 360509 135822 127124 39418 112115 115228 90200 34892 23090 20128 19368 85855 49072 32744 36783 26630
is_linear=0
shrinkage=0.03


Tree=88
num_leaves=31
num_cat=0
split_feature=25 37 11 47 1 21 22 3 44 21 47 38 29 6 44 17 17 47 28 46 21 47 47 28 7 16 4 44 38 28
split_gain=0.00686298 0.00622026 0.00412309 0.00500882 0.00450592 0.00375014 0.00338949 0.00312159 0.00299481 0.00262478 0.0045227 0.0027547 0.00224978 0.00194466 0.00166812 0.00154148 0.0017145 0.000869565 0.000876549 0.000539386 0.000498894 0.0019528 0.000981508 0.000637494 0.000555777 0.000454681 0.000394112 0.000316063 0.000303 0.000302312
threshold=2.2719467945307339 0.66298871582538921 -0.8520617146631283 1.3619506873266054 0.95381728481421379 0.74317083108263782 0.15094183189445645 0.071192569377558357 -0.35960041699144435 -0.19265417061980306 -0.45731100634393862 -0.13785428602783881 -0.25421188502039344 -1.0531419842794192 -0.35960041699144435 0.92291728547113128 -0.68830522673641503 0.62334356324579188 -0.2281966414083543 0.80124489877686145 0.28171842931142338 -0.3221423571443775 -0.1109508803833182 -0.97434701153740011 1.0000000180025095e-35 0.2248237632580988 -2.4475479250180849 2.1707418608583837 -0.8943215381917361 -0.61972649690238057
decision_type=2 2 2 2 2 2 2 2 2 2 2 2 2 2 2 2 2 2 2 2 2 2 2 2 2 2 2 2 2 2
left_child=1 2 6 4 8 13 15 20 -4 17 -11 -12 -6 -5 -2 16 -1 18 -9 26 22 24 23 -3 -22 -19 -16 28 -28 -8
right_child=14 7 3 5 12 -7 29 9 -10 10 11 -13 -14 -15 19 -17 -18 25 -20 -21 21 -23 -24 -25 -26 -27 27 -29 -30 -31
leaf_value=0 0 0 0.00011041245118156826 0 0 -3.4684573576514838e-05 0.00013416202666090982 0 -3.2413502270755968e-05 0 0 -0.00057329839639883116 -0.00034847759231645254 0.00047617695252664976 0 0 0.00045473682592375253 0.00018475844354023848 -0.00024565394162039209 0 0.00041345359020790521 0 1.2869092438746216e-05 -0.00021094011612068803 0 0 0 0 -0.00084470437097417168 -2.0292667686523737e-05
leaf_weight=1.1681032654596482 2.8358220173395265 8.3893035747460072 237.29180496546905 2.9604813981568432 45.832095139543526 8.2801185094285739 14.389073552913031 19.535740792576689 251.89081193658058 12.173245280981062 14.403977183217647 45.911229340126738 46.263247262337245 43.61771725025028 0.094241597282238909 8.1131785514298809 56.642852257587947 14.604809998883868 25.002195016772021 1.02765006746631 14.958215678809212 20.19622814032482 30.89542563300347 35.996609517605975 2.9259105281089424 5.7462579768616697 1.3834343532798818 1.7993644452653832 12.600195180682924 31.777451696980279
leaf_count=2330 5655 16731 473148 5903 91401 16511 28697 38958 502280 24273 28725 91533 92239 86980 188 16178 112966 29126 49860 2049 29821 40269 61616 71786 5834 11458 2759 3588 25125 63367
internal_value=0 9.2096e-06 5.52988e-05 2.04805e-05 -2.68286e-07 0.000295021 0.000226135 -0.00011636 3.07356e-05 -0.000212515 -0.000343238 -0.000457248 -0.000197526 0.00041804 -0.000555516 0.000364996 0.000419424 -2.02502e-05 -0.000127135 -0.000670205 0 8.8654e-05 -4.45947e-05 -0.000152182 0.000339128 6.62538e-05 -0.000713318 -0.000730982 -0.000789578 0
internal_weight=1018.71 998.966 748.227 636.136 581.278 54.8583 112.091 250.739 489.183 137.377 72.4885 60.3152 92.0953 46.5782 19.7407 65.9241 57.811 64.889 44.5379 16.9049 113.362 38.0804 75.2813 44.3859 17.8841 20.3511 15.8772 15.783 13.9836 46.1665
internal_count=2031354 1991990 1492000 1268462 1159068 109394 223538 499990 975428 273933 144531 120258 183640 92883 39364 131474 115296 129402 88818 33709 226057 75924 150133 88517 35655 40584 31660 31472 27884 92064
is_linear=0
shrinkage=0.03


Tree=89
num_leaves=31
num_cat=0
split_feature=3 21 47 49 47 20 34 29 36 30 11 1 11 44 9 29 0 44 20 28 8 38 30 31 28 1 21 29 38 8
split_gain=0.00698267 0.00709486 0.00664667 0.00523389 0.00382749 0.00363943 0.00334425 0.00315641 0.00308405 0.00262024 0.0024423 0.00271371 0.00225347 0.00228986 0.00223744 0.00182764 0.00204467 0.0018955 0.00172211 0.0015632 0.00152812 0.00132562 0.00116209 0.00110739 0.00110624 0.000939666 0.000922815 0.00083736 0.000666006 0.000571731
threshold=0.82011649894798933 0.38055025754258837 -0.092603159146326705 -0.65610618118974851 0.83711275829121001 1.44288593715006 -0.94603188109405512 -0.39436077859632035 0.13894253329283021 -0.42767594128600078 2.4289205472796236 1.1816324301533181 -0.8520617146631283 -0.57046227347892997 0.28890094471172417 -0.48088087924909445 0.040527284563235892 1.0110016501772126 1.4836970500962752 -0.40640527119083297 0.16709854192101581 0.15342773777366259 0.94131744549352192 -1.4946113654336608 0.34356950457924756 0.8407645634349542 -0.54618000403387656 -0.50211179515085169 0.1988811130547776 0.26639244390481293
decision_type=2 2 2 2 2 2 2 2 2 2 2 2 2 2 2 2 2 2 2 2 2 2 2 2 2 2 2 2 2 2
left_child=3 4 -3 8 7 6 20 -2 28 -7 11 21 14 -14 -8 -4 -17 -18 25 -9 -5 -6 -22 -21 27 26 -10 -11 -1 -30
right_child=1 2 15 5 10 9 12 19 18 24 -12 -13 13 -15 -16 16 17 -19 -20 23 22 -23 -24 -25 -26 -27 -28 -29 29 -31
leaf_value=-9.1447012646288883e-06 2.2792155646403675e-05 0 0 0 0.00045680063134717153 0 0.00033596830598894503 0 5.5515754461848843e-05 0 -0.00023510477526529503 0 5.8908929310207115e-05 -8.3668754781316318e-05 0 0 -0.0008164973231703039 0 0 0 -0.0004456544233852892 0 0 -0.00035418483224752877 0 0 0.00041911992177328804 0.00062859684389978765 0.00022410739581004604 0
leaf_weight=62.222348936775234 35.594718439155258 13.838669788034165 1.3900478972354893 27.282262331689708 30.865234378434252 18.430862904409878 34.250988302810583 18.960351291636471 30.092263317259494 0.49425526167033851 7.6698767926427527 21.78821659157984 153.223586233682 243.54171203222359 27.158825122460257 5.1013178046559906 33.068645754945464 4.4369353854563078 11.222500925301572 4.9291765453526741 28.74647343804827 11.357876340800429 6.6278874112758777 62.516718771366868 2.7312429498997508 6.6516814893111578 69.51562904153252 17.980459894286469 22.122298041067555 5.0180474142543963
leaf_count=124074 70989 27590 2771 54402 61551 36752 68304 37802 60009 986 15292 43447 305534 485657 54170 10172 65930 8847 22377 9828 57322 22645 13219 124651 5447 13262 138601 35860 44106 10005
internal_value=0 -0.000136559 -0.000433583 4.55783e-05 -3.23752e-05 0 -2.31139e-05 -0.000146453 0.000174583 0.000274986 0.000119932 0.000209339 0 -2.10467e-05 0.000173678 -0.000618942 -0.000658934 -0.000736421 0.000277975 -0.000250892 -0.00022908 0.000352534 -0.000363084 -0.000318593 0.000502538 0.000316254 0.000339391 0.00058632 5.08745e-06 0.000148253
internal_weight=1018.83 251.518 57.8356 767.313 193.682 560.469 520.832 122.001 206.845 39.6368 71.6812 64.0113 458.175 396.765 61.4098 43.9969 42.6069 37.5056 117.482 86.4062 62.6566 42.2231 35.3744 67.4459 21.206 106.26 99.6079 18.4747 89.3627 27.1403
internal_count=2031602 501515 115310 1530087 386205 1117653 1038608 243270 412434 79045 142935 127643 913665 791191 122474 87720 84949 74777 234249 172281 124943 84196 70541 134479 42293 211872 198610 36846 178185 54111
is_linear=0
shrinkage=0.03


Tree=90
num_leaves=31
num_cat=0
split_feature=25 29 20 11 1 47 28 29 30 17 25 46 5 14 0 21 13 8 44 33 30 22 6 4 45 45 45 45 29 30
split_gain=0.00724953 0.00595938 0.00550743 0.006933 0.00563079 0.00359151 0.00321282 0.00299395 0.00245536 0.00225795 0.00211172 0.00187311 0.00179172 0.00130864 0.00114619 0.00134634 0.00111241 0.000822481 0.000801404 0.000677078 0.000948805 0.000494815 0.000349938 0.000307773 0.000290129 0.000824078 0.000259403 0.000250393 0.000249109 0.000242929
threshold=2.1163602680412557 -0.46683678671151491 0.74954776139478974 -0.8315562280836013 0.99332279456544403 1.1535078284975413 -0.30003480760539841 -0.20958340742162199 -1.8109472540515603 -1.0419636976061544 -0.18063927501163776 0.44320538639618895 0.6526281460724237 -0.89229885435687317 -0.14718226854093322 0.16696635645058958 1.5232484504139914 -0.47831124393231528 -0.35960041699144435 -0.75215949545830896 1.3068051749590643 0.19542451321894125 0.33594269425815276 -2.3693966273014682 -0.083837549477015064 -0.091775443708536228 1.1719898385821093 -0.12466095468953607 0.090308103179682561 0.93001394848722718
decision_type=2 2 2 2 2 2 2 2 2 2 2 2 2 2 2 2 2 2 2 2 2 2 2 2 2 2 2 2 2 2
left_child=1 14 3 6 5 -5 10 -6 17 11 -3 23 13 -10 15 24 19 22 29 -16 -21 -8 -4 -2 25 -1 27 -25 -14 -17
right_child=9 2 8 4 7 -7 21 -9 12 -11 -12 -13 28 -15 16 18 -18 -19 -20 20 -22 -23 -24 26 -26 -27 -28 -29 -30 -31
leaf_value=0 0 1.6773011930327366e-05 -0.0003715962432224067 -8.3250535193719099e-05 -6.5028651629205701e-05 0.00021161993211176849 6.4624177654534621e-05 -0.00049527766423991375 0 0 0.00058912392950707059 0 5.3387541389795627e-05 0.00023248880674200543 0 0.00041937859462008921 0 0 0 0.00040224382764822528 0 -0.00013793351469485696 0 0 0 -0.00036477555371976396 0 -0.00085392959680668731 -5.9982544707864794e-05 0
leaf_weight=8.8718011917080748 0.06513223861111761 25.133843987307046 9.992570928588977 394.27181019232376 47.07493238063762 36.484714788326528 28.231187525496352 50.594670890597627 15.308055708068421 6.8036663290113202 21.191345349769108 1.863615755632053 51.383867370663211 137.0022496113088 3.9955996770295306 12.831601906393189 2.5380751184420651 15.135603447270112 5.315332014404702 54.839660462166648 3.4749919171445063 17.210004547028802 2.2595507918158537 0.13695399626158256 21.99561711284332 7.5362837645225218 0.068714795052074673 14.776246838970106 21.607623923395295 0.3189913806854755
leaf_count=17699 130 50117 19922 786175 93880 72756 56296 100879 30526 13568 42262 3716 102453 273186 7971 25577 5060 30181 10594 109371 6933 34316 4506 273 43876 15035 137 29464 43077 636
internal_value=0 1.43065e-05 -9.85547e-06 -6.10546e-05 -0.000106395 -5.13108e-05 0.000167343 -0.000318621 0.000103934 -0.000516283 0.000343353 -0.000702822 0.000143118 0.000202203 0.000212227 4.30093e-05 0.000314364 -0.000108873 0.000267049 0.000344844 0.00037083 0 -0.00029481 -0.000816806 0 -0.00012615 -0.000829796 -0.000841064 0 0.000393683
internal_weight=1018.31 994.6 872.882 620.193 528.426 430.757 91.7664 97.6696 252.69 23.7143 46.3252 16.9107 225.302 152.31 121.718 56.8696 64.8483 27.3877 18.4659 62.3103 58.3147 45.4412 12.2521 15.047 38.4037 16.4081 14.9819 14.9132 72.9915 13.1506
internal_count=2030572 1983284 1740532 1236681 1053690 858931 182991 194759 503851 47288 92379 33720 449242 303712 242752 113417 129335 54609 36807 124275 116304 90612 24428 30004 76610 32734 29874 29737 145530 26213
is_linear=0
shrinkage=0.03


Tree=91
num_leaves=31
num_cat=0
split_feature=15 7 21 21 20 16 9 21 49 45 45 17 20 16 47 6 21 0 11 34 20 9 8 8 38 22 25 20 16 48
split_gain=0.00738963 0.0075602 0.00959189 0.00529053 0.00974005 0.00489571 0.00413706 0.00480125 0.00402706 0.00394373 0.00367036 0.00353183 0.00434896 0.00351056 0.00281847 0.00472352 0.00235992 0.00232128 0.00224087 0.0020373 0.00210218 0.00199128 0.00187541 0.00380132 0.00183383 0.00154353 0.00149063 0.00146089 0.00139279 0.00109933
threshold=0.04729517010335299 -0.239270657992457 0.50451493371779821 1.3112242834361834 -0.092953703680106761 -0.34460823017974007 0.72586482047953382 -0.027069683758233039 -0.28593278623860868 -0.09091721974710458 -0.090917831414596154 0.31866538286056795 1.4567073590939326 -0.42273440881211793 1.2950615548928073 -0.99864333291393137 -0.23953447535335359 -1.0886276145212168 -0.10817814801865652 -0.82255844900504405 -0.55885232148139352 0.72586482047953382 -0.13078289770359855 -0.97478034326418628 0.19767876133064438 -0.034371908388588342 -0.10012585108401749 0.10742876225016808 1.6613089362897349 -0.32557324252598491
decision_type=2 2 2 2 2 2 2 2 2 2 2 2 2 2 2 2 2 2 2 2 2 2 2 2 2 2 2 2 2 2
left_child=1 3 13 26 -5 6 7 22 -6 10 24 12 21 14 -3 -16 -11 -12 -10 -18 -21 -4 23 -2 27 -24 -1 -7 -15 -19
right_child=5 2 11 4 8 9 -8 -9 18 16 17 -13 -14 28 15 -17 19 29 -20 20 -22 -23 25 -25 -26 -27 -28 -29 -30 -31
leaf_value=6.8909858982102448e-05 0.00012838338273596866 -5.843226178478602e-05 -0.00092612631124633208 -0.00018102027339754825 0.00018744553902579717 -0.00020478360635512154 0 0 0 0 0 0 0 -0.0002871672903705121 -0.00013992133578104077 0.00057535161609815143 0 0 0.0018317187817645383 0 0.0003863430088769726 0 0.00026472999309601737 0.00065729278287628362 9.6922006315660551e-05 0 -0.00011955984377452934 0 0 -0.00048565980907575777
leaf_weight=57.221304918872193 41.832906982162967 65.637967709102668 31.403294531453867 7.4531660045613561 11.486595669877719 55.576086587097961 66.819859286304563 37.469153097481467 0.90860646148212243 75.495014205982443 13.056528096145483 9.6035523488535528 4.4814221333945161 69.257582654769067 5.0137360246153575 19.548466472653672 23.961695089004934 3.2860315932775839 5.571571366337591 17.690415069868322 51.290455105307046 6.6815017649205393 34.508895440027118 42.498572183190845 67.643866733124014 32.612234019732568 77.697539060143754 41.46922144968994 7.0685695104184552 34.444183622894343
leaf_count=114084 83429 130885 62618 14862 22891 110839 133264 74703 1811 150557 26038 19147 8935 138094 9997 38982 47780 6552 11116 35273 102264 13320 68828 84748 134856 65039 154930 82700 14092 68685
internal_value=0 -0.000104394 -0.000221413 3.65051e-05 0.000440582 6.27655e-05 0.000164567 0.000237423 0.000865417 0 -8.99433e-05 -0.000588206 -0.000706202 -8.84873e-05 7.87513e-06 0.000307208 0.000103553 -0.000315198 0.00160422 0.000205635 0.000289059 -0.000812514 0.000314398 0.000430499 -2.26338e-06 0.000123833 -1.73911e-05 -0.000102312 -0.000241671 -0.000434857
internal_weight=1018.69 379.035 218.696 160.339 25.4199 639.655 255.742 188.922 17.9668 383.913 215.476 52.1698 42.5662 166.526 90.2002 24.5622 168.438 50.7867 6.48018 92.9426 68.9809 38.0848 151.453 84.3315 164.689 67.1211 134.919 97.0453 76.3262 37.7302
internal_count=2031319 755764 436070 319694 50680 1275555 510011 376747 35818 765544 429670 104020 84873 332050 179864 48979 335874 101275 12927 185317 137537 75938 302044 168177 328395 133867 269014 193539 152186 75237
is_linear=0
shrinkage=0.03


Tree=92
num_leaves=31
num_cat=0
split_feature=12 25 44 16 16 21 9 15 20 20 7 45 29 21 0 44 21 14 30 5 17 33 7 9 21 11 36 47 17 35
split_gain=0.00684931 0.00528062 0.00543871 0.00377512 0.0037566 0.00376062 0.00638807 0.00324741 0.00295267 0.00255976 0.00251273 0.00212089 0.00188515 0.00182123 0.00165713 0.00162725 0.0020448 0.00161603 0.00192331 0.00158091 0.00145282 0.000966358 0.000956957 0.000919127 0.000885341 0.000799697 0.000798806 0.000790387 0.000768654 0.000751613
threshold=0.037988684037370914 0.79191643423149416 -0.35960041699144435 2.3979719878737176 -0.56320202870259928 -0.79608175548667004 0.14324637733373335 -0.12995743894428513 0.23910826772562846 1.090445174463391 0.34763615951348786 -0.084706822439763282 0.024481331518658736 1.0496623843572623 -0.44807925357235884 -0.57046227347892997 0.12505853421362725 -0.89229885435687317 -0.5619990010319732 0.86363643562607673 0.53781524334172259 -2.0410921011879073 0.34763615951348786 0.14324637733373335 -0.81024287725964184 0.36244633071066107 1.3997881068081035 0.95920493517819005 -0.77731289446623497 0.30391889134447819
decision_type=2 2 2 2 2 2 2 2 2 2 2 2 2 2 2 2 2 2 2 2 2 2 2 2 2 2 2 2 2 2
left_child=4 3 -3 9 5 6 26 21 12 11 19 20 -6 -11 -14 16 -10 28 -19 25 -2 -4 -18 -15 -16 -5 29 -20 -7 -1
right_child=1 2 7 10 8 17 -8 -9 15 13 -12 -13 14 23 24 -17 22 18 27 -21 -22 -23 -24 -25 -26 -27 -28 -29 -30 -31
leaf_value=0.00062485570387714343 -0.00023493825638471827 0 0 0 0 -0.00042910888153428197 0 0 0 0 0 0 0 0 0 0 0.00042293382049213844 -9.7737558262083286e-06 8.4416359056246269e-05 0 0 -0.00068066041172605844 0 0.00057620067040692964 -0.00036536892342880757 0.0013520920924520855 0 0.00042960832223690176 0 0
leaf_weight=41.03060253651347 112.34934756206349 15.710852799296843 0.79934688936918874 1.0965546438237632 180.95828263292788 6.4064037879579727 31.446873044711538 16.066011349088512 40.743412010604516 40.655560519488063 5.3214852414093912 76.865422771545127 17.795635142596439 3.6100054297130546 4.1319804887752971 110.75275496044196 33.220956657431088 42.477042172569782 76.070625162683427 0.60299502679845307 37.872074793034699 36.225142923940439 4.9128933404572299 8.8621578121092153 36.462845234025735 3.812624771380797 2.3249619089183389 17.599225653510075 10.635249699698759 1.672646042832638
leaf_count=81827 224020 31330 1594 2186 360860 12774 62721 32040 81254 81068 10610 153272 35482 7196 8238 220844 66229 84691 151696 1202 75521 72235 9794 17666 72698 7601 4636 35097 21208 3335
internal_value=1.19717e-06 -0.000100972 -0.00034303 -3.34444e-05 6.15724e-05 0.000159959 0.000340673 -0.000494661 1.90534e-06 -6.42596e-05 0.000486683 -0.000114649 -6.07294e-05 9.46529e-05 -0.000210177 9.67824e-05 0.000202697 5.01595e-05 9.96513e-05 0.000935837 -0.00018049 -0.000655596 0.000365025 0.000411806 -0.000316667 0.00112836 0.000569905 0.0001813 -0.000169195 0.000599425
internal_weight=1018.49 359.85 68.8014 291.048 658.642 229.664 76.4751 53.0905 428.979 280.215 10.8337 227.087 239.349 53.1277 58.3905 189.63 78.8773 153.189 136.147 5.51217 150.221 37.0245 38.1338 12.4722 40.5948 4.90918 45.0282 93.6699 17.0417 42.7032
internal_count=2030925 717541 137199 580342 1313384 457985 152519 105869 855399 558743 21599 452813 477278 105930 116418 378121 157277 305466 271484 10989 299541 73829 76023 24862 80936 9787 89798 186793 33982 85162
is_linear=0
shrinkage=0.03


Tree=93
num_leaves=31
num_cat=0
split_feature=15 7 21 21 20 16 8 9 47 16 47 0 33 1 38 11 11 16 25 34 25 20 29 21 11 49 30 1 26 38
split_gain=0.00617568 0.00573064 0.00774425 0.00453914 0.00834195 0.00413186 0.0043189 0.00365648 0.00307532 0.00400962 0.00302814 0.00299044 0.00309202 0.00265434 0.00260889 0.00233682 0.0021054 0.00241052 0.00207744 0.00192981 0.0017477 0.00169951 0.00149088 0.00147688 0.00138841 0.00117311 0.00112147 0.00110036 0.000955423 0.000925867
threshold=0.04729517010335299 -0.239270657992457 0.48893107180940953 1.5289570278391638 0.56937373477376452 -0.88204730409197885 0.1174516353169134 0.28890094471172417 0.95920493517819005 0.32588756275814595 1.2668872276109007 -0.92729270297871758 -1.5918329333075196 0.95381728481421379 0.19418347519346232 -0.14120225589468513 2.8722586592760608 -0.30303163192455357 0.029159475199104081 -0.80195799392925415 -0.1132341446247378 1.5451482873994067 -0.25421188502039344 -0.070412025064540626 -0.82445431157991556 -1.5808466699863908 -1.8109472540515603 -1.8986029185770907 -0.41132514206312082 0.10005511906475333
decision_type=2 2 2 2 2 2 2 2 2 2 2 2 2 2 2 2 2 2 2 2 2 2 2 2 2 2 2 2 2 2
left_child=1 3 10 18 -5 6 23 -6 13 28 15 -4 -13 14 20 -3 17 -12 29 -16 -7 -14 -15 25 -24 -2 -9 -27 -10 -1
right_child=5 2 11 4 7 8 -8 26 9 -11 16 12 21 22 19 -17 -18 -19 -20 -21 -22 -23 24 -25 -26 27 -28 -29 -30 -31
leaf_value=0 0 0 0 0 0 -0.00010377530800217783 0 0 0 0 0.00041036526744373425 0 -0.00075705968725537916 0 0 -0.00025251281886055828 -0.00023968683705244105 0 -0.00014843888389352223 0.00017280213017330259 4.5152599903890646e-05 0 0 0 -0.00036856981904723359 0 0.0013589685554363054 0.00079000930603720159 0.00046761771642416796 0.00015136522734000054
leaf_weight=18.010306878946722 1.5976618713466475 40.726440021942835 8.8428167868405563 8.526733706181405 1.8783121249289241 127.96547225362156 12.081363668199627 1.2410344979725767 5.1517825707560396 24.291696257540025 25.14032371295616 4.6603421735926522 37.555705903971102 37.409520798362792 45.394769630744122 82.445009011542425 5.3021084542851886 11.998168955673462 69.123417402734049 154.53941219625995 131.34174661606085 2.0769813738297662 6.5349928145296863 3.9095793340820846 32.276725959090982 1.2708377379458458 8.6457297108718176 19.993586635042444 36.079488140356261 52.856075628660619
leaf_count=35911 3186 81215 17632 17002 3741 255192 24094 2474 10274 48437 50132 9292 74881 74609 90508 164384 10571 23925 137835 308130 261950 4141 13028 7796 64353 2533 17240 39877 71955 105378
internal_value=0 -9.47212e-05 -0.000196582 2.55786e-05 0.000452724 5.80674e-05 0.000366399 0.000995812 3.31423e-05 0.000228491 -7.38147e-05 -0.00052276 -0.000623378 3.63537e-06 3.62286e-05 -0.000160015 0.00010567 0.000235754 -1.49068e-05 0.000119974 -1.67725e-05 -0.000710289 -0.000153384 0.000583115 -0.000284209 0.000675506 0.00123 0.000735012 0.000412903 7.30079e-05
internal_weight=1018.87 379.03 218.748 160.282 20.2918 639.839 38.853 11.7651 600.986 65.523 165.612 53.1358 44.293 535.463 459.241 123.171 42.4406 37.1385 139.99 199.934 259.307 39.6327 76.2212 26.7717 38.8117 22.8621 9.88676 21.2644 41.2313 70.8664
internal_count=2031676 755754 436173 319581 40457 1275922 77486 23455 1198436 130666 330227 105946 88314 1067770 915780 245599 84628 74057 279124 398638 517142 79022 151990 53392 77381 45596 19714 42410 82229 141289
is_linear=0
shrinkage=0.03


Tree=94
num_leaves=31
num_cat=0
split_feature=39 29 14 14 18 33 41 7 38 20 44 47 28 1 8 1 9 38 8 28 38 7 49 21 16 47 30 21 17 49
split_gain=0.00648364 0.00488039 0.0037786 0.0032652 0.00361306 0.00327358 0.00293109 0.0028729 0.00253942 0.00234297 0.00232655 0.00219279 0.00167329 0.00164642 0.00157165 0.00147235 0.00113296 0.00123284 0.000958397 0.000926086 0.00086496 0.000800647 0.000740498 0.000699962 0.000588567 0.000554018 0.00050773 0.000478392 0.000410222 0.000403385
threshold=-0.83861217784061182 -0.25101430054779267 -0.89229885435687317 -0.13960145772348867 0.98934584376395307 0.48477987898018304 -0.47985710125605918 0.24981836388382453 0.20504084546534881 0.1513815744811696 1.0000000180025095e-35 0.62334356324579188 -0.5036359866615151 -0.33070951178813907 -1.0244272609652376 0.97288295746954578 1.3084832636253341 -0.63587574131166613 -0.031489084495393789 0.64838159942744023 0.12568454669834858 1.0000000180025095e-35 -0.74582067182219614 -0.053089164183439334 -0.39135381759385718 -0.57865952654309394 0.513758785343294 -0.80326251116066349 0.55079777367984595 -1.1289553190429205
decision_type=2 2 2 2 2 2 2 2 2 2 2 2 2 2 2 2 2 2 2 2 2 2 2 2 2 2 2 2 2 2
left_child=1 19 12 5 9 13 10 8 -6 11 16 -5 -2 22 -7 -16 17 -3 -15 23 -21 -11 -4 24 -1 -14 28 -27 -8 -22
right_child=2 6 3 4 7 14 26 -9 -10 21 -12 -13 25 18 15 -17 -18 -19 -20 20 29 -23 -24 -25 -26 27 -28 -29 -30 -31
leaf_value=0.00021626139632391223 0 0 3.7991057653934576e-06 -0.00019483794980638716 0 0 -0.0002139756420854673 0 0.00083289193222433288 0.00010511466490859134 0 3.6973753787305882e-06 0 0.00018610207163617741 0.0003220698482730716 0 0 -0.0006317513873119985 0 0 0 -8.1660655011511553e-06 -0.00011637158164026038 0 0 0 0 -0.00036185640173567904 0 -0.0003328388943268712
leaf_weight=28.222502025368158 32.268298603943549 3.4277697817888102 27.026458895823453 116.77542453934439 6.6254845249350245 42.223245147499256 18.603830474137798 9.5758724364568462 11.016027299338019 76.556215597724076 16.568387823936064 39.485212753119413 14.562184008536859 66.05559686885681 105.25079218012979 15.306191685784141 2.4658687227056353 40.585674838512205 62.411925136926584 13.394357656885406 1.0203794490662428 74.622434127319138 65.457765736384317 26.892023976775818 21.459486441395711 6.6837158472626461 17.53384974761866 32.476256250578444 6.9859831797657526 16.381098620651755
leaf_count=56286 64351 6836 53890 232854 13213 84193 37093 19092 21962 152638 33037 78739 29038 131722 209889 30524 4916 80917 124471 26715 2035 148794 130528 53616 42796 13330 34958 64758 13928 32666
internal_value=-3.00775e-06 -0.000152564 3.29658e-05 5.84891e-05 -1.44721e-06 0.000118578 -0.000296959 0.000319067 0.000551023 -3.95801e-05 -0.000435816 -0.000125472 -0.000145375 2.72297e-05 0.000224141 0.000282077 -0.000550175 -0.000585506 0.000105328 0 -0.000147853 2.93547e-05 -4.88164e-05 4.57483e-05 0.000126118 -0.000248718 -2.4379e-05 -0.000312405 -0.000137326 -0.00028883
internal_weight=1017.92 213.541 804.379 718.389 334.657 383.732 106.171 27.2174 17.6415 307.439 63.0477 156.261 85.9905 220.952 162.78 120.557 46.4793 44.0134 128.468 107.37 30.7958 151.179 92.4842 76.574 49.682 53.7222 43.1237 39.16 25.5898 17.4015
internal_count=2029785 425799 1603986 1432509 667292 765217 211685 54267 35175 613025 125706 311593 171477 440611 324606 240413 92669 87753 256193 214114 61416 301432 184418 152698 99082 107126 85979 78088 51021 34701
is_linear=0
shrinkage=0.03


Tree=95
num_leaves=31
num_cat=0
split_feature=39 11 14 37 47 11 33 1 47 7 36 28 48 49 16 30 29 47 8 47 20 38 41 20 20 29 18 29 48 21
split_gain=0.00613723 0.00503176 0.00382465 0.00345683 0.00192991 0.00230006 0.00192408 0.00231983 0.00187696 0.00221808 0.00179642 0.00161689 0.00160152 0.00151508 0.00116973 0.00110909 0.00123431 0.00105972 0.0012363 0.00100918 0.000784858 0.000783358 0.000674246 0.000647497 0.000574142 0.00066972 0.000531954 0.000524275 0.000718664 0.000516697
threshold=-0.85223688344995618 -0.099695485590273331 -0.8770888114573594 0.49296401234849258 0.78021709781341486 1.6638268051523364 0.47318144229540893 0.95381728481421379 1.9078835272745647 -0.33708845362212031 1.0000000180025095e-35 -0.44359170185429625 0.058398027576689486 -0.39537736400207441 0.35308926018539161 1.2083822755860196 -0.37616485832769947 -0.86917469745351383 1.4082713401869642 0.40927857446964294 1.4299793607766802 0.22801584197207977 -0.56143752240870026 0.1513815744811696 0.091559006827708345 -0.39967900310392529 0.69904348182506959 -0.47608489893450373 0.14282060084806381 -0.83972207797417753
decision_type=2 2 2 2 2 2 2 2 2 2 2 2 2 2 2 2 2 2 2 2 2 2 2 2 2 2 2 2 2 2
left_child=1 14 11 4 6 12 21 -8 9 24 17 -2 -6 20 19 16 -11 -5 -19 -1 -12 -4 -21 -15 25 -3 -16 -13 29 -29
right_child=2 8 3 10 5 -7 7 -9 -10 15 13 27 -14 23 26 -17 -18 18 -20 22 -22 -23 -24 -25 -26 -27 -28 28 -30 -31
leaf_value=0 0 0 -1.8636921209661805e-05 1.2843902607214726e-06 0.00045394836609736165 0 0.00019656993019240919 -6.0442903414694787e-05 0 0 0.00021104495225643342 0 0 -9.0331231438862391e-05 -0.00031729976262296142 0 -0.00058615658018142168 -0.00018766381157944069 0 0 0 0.00014332523959494458 0.00033586572339733994 5.1630385049027187e-05 0 -0.00030055944363625679 0 0 0 -0.00038470300983246657
leaf_weight=60.790582740039099 37.567819556221366 4.1695049090194543 148.72767909691902 17.707313885039184 43.291539326368365 10.544765831727998 153.80774822551757 19.291275718307588 14.464149174513294 9.0577241859282349 54.898095662763808 5.301917244505602 10.598948379338252 55.328928843140602 13.822338386205958 5.8927179145393884 43.096652535139583 94.303025951317977 20.225109092076309 14.985252200218385 6.7394342797924756 31.80603620322654 14.671075717837082 49.24733115627896 11.03757483861409 12.398891974182336 5.4313452132046214 5.8800187968881792 11.221161268651484 32.103626318450551
leaf_count=121222 74919 8314 296580 35311 86331 21026 306684 38468 28842 18061 109466 10574 21137 110335 27560 11750 85927 188048 40331 29885 13438 63414 29257 98207 22004 24722 10830 11726 22376 64014
internal_value=0 -0.000146197 3.58457e-05 6.21631e-05 0.000118461 0.000289749 7.87674e-05 0.000150596 -0.000300043 -0.000353483 -6.64717e-06 -0.000136372 0.000372551 4.75126e-05 0 -0.000467712 -0.000512455 -9.74102e-05 -0.000138864 3.93286e-05 0.000167958 0 0.000187999 0 -4.622e-06 -0.000176701 -0.000217744 -0.000241066 -0.000271964 -0.000335921
internal_weight=1018.41 209.818 808.592 716.517 418.068 64.4353 353.633 173.099 100.117 85.6531 298.449 92.0745 53.8905 166.214 109.701 58.0471 52.1544 132.235 114.528 90.4469 61.6375 180.534 29.6563 104.576 27.606 16.5684 19.2537 54.5067 49.2048 37.9836
internal_count=2030759 418374 1612385 1428776 833640 128494 705146 345152 199620 170778 595136 183609 107468 331446 218754 115738 103988 263690 228379 180364 122904 359994 59142 208542 55040 33036 38390 108690 98116 75740
is_linear=0
shrinkage=0.03


Tree=96
num_leaves=31
num_cat=0
split_feature=25 34 45 45 3 46 21 47 38 42 21 11 17 33 1 6 47 47 36 22 46 25 21 23 45 51 45 23 22 22
split_gain=0.00561844 0.00518635 0.00594784 0.0088928 0.00495861 0.00371883 0.00287695 0.00275905 0.0024675 0.00243641 0.00209279 0.00207464 0.00207128 0.0018437 0.00165876 0.00160852 0.00150502 0.00170595 0.00151602 0.00101697 0.000952552 0.000492058 0.000475783 0.000401504 0.0002203 0.000188859 0.00015758 9.85921e-05 4.42567e-05 4.30021e-05
threshold=2.2719467945307339 -0.94603188109405512 -0.090613308115153654 -0.090917831414596154 0.17493694683032743 -0.55875690805652833 0.34330076366471129 0.98079998045907424 0.10005511906475333 0.66473432552408607 0.66796259642124711 -0.50457650763802742 -1.4530943769625513 -0.44094568950712959 0.93455752965831151 -0.99864333291393137 1.8468887583291778 -0.8162555532170247 0.9231010278210422 -0.036632717141875389 0.77408696335231308 0.12445935095035708 1.5289570278391638 0.049486956993017257 -0.1229570785929877 -0.0031713406852465183 1.1719898385821093 0.58060299722654618 0.22089756695757959 0.2633297337983424
decision_type=2 2 2 2 2 2 2 2 2 2 2 2 2 2 2 2 2 2 2 2 2 2 2 2 2 2 2 2 2 2
left_child=1 11 3 5 22 13 -7 8 19 -6 15 21 20 -3 -10 -9 17 -13 -19 -4 24 23 -5 29 -2 -26 -27 28 -23 -1
right_child=12 2 7 4 9 6 -8 10 14 -11 -12 16 -14 -15 -16 -17 -18 18 -20 -21 -22 27 -24 -25 25 26 -28 -29 -30 -31
leaf_value=-0.0002242684325640417 0 0 2.7496251255666855e-05 -7.5044651675369085e-05 -0.0005188555420941863 0.00016195631867319752 -3.4088023804783959e-05 0 0.00016665531982872742 0 0 0 0 -0.00022448703933362565 -4.5707091298478932e-06 0.00051868831482585116 0 -0.00046539058977528502 0 -0.00014634942042879987 0 0.0002048484247186842 0.00015456230538273962 0 0 -0.00086219486516116498 0 0 0 0
leaf_weight=10.985360059188681 0.151979769405444 66.345497740490828 51.736916229419876 45.701768616214395 53.911152635584585 204.15541974559892 67.138663570163772 2.3967084577307096 222.32085972715868 8.9497838905081135 7.5669470581342457 7.9921512545552096 7.4331300756311967 52.708312902250327 23.729456557484809 35.372019139700569 5.8598958555376148 44.771566237090155 10.562729981611481 42.510079526808113 0.86311097949510518 9.983789248275567 7.1506714183487921 13.819954852515364 0.25479514512698997 11.013524036854502 0.056671380938497218 1.2465251920511935 0.35503116919426325 1.6302810577326443
leaf_count=21906 303 132294 103184 91140 107502 407122 133854 4779 443288 17847 15089 15937 14823 105102 47310 70538 11685 89272 21061 84779 1721 19912 14258 27559 508 21961 113 2486 708 3250
internal_value=0 1.0049e-05 3.65783e-05 -2.62273e-05 -0.000260593 3.5562e-05 0.000102382 0.000126777 8.5642e-05 -0.000442718 0.000369367 -0.000182624 -0.000500628 -9.15057e-05 0.000137949 0.000462207 -0.000280477 -0.000327622 -0.000388054 -1.90855e-05 -0.000743411 0 0 -7.59441e-05 -0.000817875 -0.000833909 -0.000852504 0.000158319 0.000191492 -0.000201814
internal_weight=1018.67 998.902 891.694 506.061 115.713 390.348 271.294 385.633 340.297 62.8609 45.3357 107.207 19.7732 119.054 246.05 37.7687 69.1863 63.3264 55.3343 94.247 12.3401 38.0209 52.8524 26.4356 11.477 11.325 11.0702 11.5853 10.3388 12.6156
internal_count=2031291 1991862 1778086 1009119 230747 778372 540976 768967 678561 125349 90406 213776 39429 237396 490598 75317 137955 126270 110333 187963 24606 75821 105398 52715 22885 22582 22074 23106 20620 25156
is_linear=0
shrinkage=0.03


Tree=97
num_leaves=31
num_cat=0
split_feature=25 1 16 33 8 46 8 21 9 8 46 38 21 22 0 17 7 21 20 21 21 29 30 49 29 38 36 49 32 23
split_gain=0.00632843 0.00519232 0.00492319 0.00429837 0.00371876 0.00311744 0.00288125 0.00475455 0.00396115 0.00272147 0.00243174 0.00228285 0.0028024 0.00221386 0.00228872 0.0018299 0.00146831 0.00247885 0.00134315 0.00133758 0.00128155 0.00118579 0.00114479 0.00083012 0.000851831 0.000685154 0.000648364 0.000688788 0.000521601 0.000503045
threshold=1.431113392866123 0.93455752965831151 -0.39135381759385718 0.46166472585407753 0.71321455895393837 -0.08123744121295097 0.21674549291291434 1.0496623843572623 1.0000000180025095e-35 -1.0244272609652376 -0.24869211673290398 -0.58733806812292833 -0.20092468076724798 -0.14269315538596725 -1.0681822773072083 0.68712824960061514 -0.7283596798687384 0.24623629246662593 1.3309473277708521 -0.75380793703309634 -0.57917161638167869 0.33573052792753905 0.44073791631372172 1.0731045705181463 -0.27572321278009415 0.17554815851933667 -0.85514843394917717 0.84193618198780762 1.7813045070915956 0.32940084250185753
decision_type=2 2 2 2 2 2 2 2 2 2 2 2 2 2 2 2 2 2 2 2 2 2 2 2 2 2 2 2 2 2
left_child=1 3 19 6 15 11 7 18 -9 16 -11 -2 -13 22 -15 20 25 -18 -1 -3 -4 -12 -8 24 -6 -5 27 -21 29 -14
right_child=5 2 4 9 23 -7 13 8 -10 10 21 12 28 14 -16 -17 17 -19 -20 26 -22 -23 -24 -25 -26 -27 -28 -29 -30 -31
leaf_value=3.3792116728236639e-05 0 0.00023476777582043883 0 0 0 0 -2.5083345299850016e-05 0 0.0006262493148651904 0 0.00024228587113419713 -3.2658680864710902e-05 -0.00094303479915315341 0 -0.00025194836535303791 0 0 -0.0004827962891766232 -0.00019899592994834851 -0.00029549449240145277 -0.0006554045025221728 0 0.00022443400954529882 4.2282535616614408e-05 -0.00028048264929745421 0.0002145267845652887 0 0 0 0
leaf_weight=210.19692333973944 7.1517915822914793 23.10262033221079 7.4821554429945527 14.07234699022956 9.5297407925827446 18.381652531621512 38.766269980696961 9.4167414081166516 22.139517721196171 35.073501500010025 203.72488938330207 14.834487549785992 15.313061456952704 29.971007668180391 91.400483590376098 14.091879837971645 33.047358430281747 12.716910500137599 24.465276869013906 13.788860191416463 30.625527748430613 16.132965143304318 20.065500737808179 21.989270864054561 18.824175115849357 26.180402294616215 32.502770037390292 3.2738460886175735 0.4127307631424636 0.20108792354585681
leaf_count=419141 14263 46073 14920 28062 19008 36656 77305 18769 44139 69937 406246 29582 30534 59765 182262 28097 65900 25352 48791 27498 61061 32167 40017 43848 37532 52199 64813 6529 823 401
internal_value=0 1.95057e-05 -0.000123071 5.50429e-05 -0.000261547 -0.000307683 0 5.61297e-05 0.000402717 0.000135437 0.00018477 -0.000463218 -0.000575541 -9.86693e-05 -0.000175589 -0.000445392 0 -0.000126579 0 3.10511e-05 -0.000561203 0.000222578 9.02562e-06 -1.13316e-05 -0.000158716 0.000120886 -3.37593e-06 -0.000185019 -0.000892827 -0.000921198
internal_weight=1018.88 962.581 175.211 787.37 102.543 56.2948 446.422 266.218 31.5563 340.948 254.931 37.9132 30.7614 180.203 121.371 52.1996 86.017 45.7643 234.662 72.6681 38.1077 219.858 58.8318 50.3432 28.3539 40.2527 49.5655 17.0627 15.9269 15.5141
internal_count=2031690 1919431 349379 1570052 204466 112259 890189 530840 62908 679863 508350 75603 61340 359349 242027 104078 171513 91252 467932 144913 75981 438413 117322 100388 56540 80261 98840 34027 31758 30935
is_linear=0
shrinkage=0.03


Tree=98
num_leaves=31
num_cat=0
split_feature=37 12 7 16 11 30 17 9 16 21 9 45 45 8 45 5 34 20 3 21 20 34 21 47 5 49 28 4 4 51
split_gain=0.00676493 0.00515151 0.00304863 0.00291299 0.00341394 0.0026047 0.00329676 0.00228037 0.00203824 0.00361812 0.00392109 0.0018922 0.00180905 0.00170207 0.00151915 0.00166255 0.00142363 0.00134683 0.0012852 0.00123026 0.00142118 0.00115465 0.00113716 0.0010535 0.00104005 0.000991429 0.00111822 0.000933037 0.000920329 0.000778383
threshold=0.69674716221403965 -0.0079585595700514059 -0.63054186237509269 2.2742273503445629 1.727602214055562 0.86807442261556578 -0.49761083963008196 -0.58502676341543547 -0.80982836527939628 -0.036103719911235767 0.72586482047953382 -0.09091721974710458 -0.09091721974710458 0.31603930612111913 -0.090917831414596154 0.067316028510550199 -0.92920467223855929 1.598206864596954 -1.0084082862211172 1.2378104345841594 -0.07775975651684687 -0.79692719656757627 -0.27706274964239036 1.0034898079842438 -0.90375648370797812 1.1418558825069127 -0.49608370263362184 0.18087195258606273 -0.78728458775105137 0.00040491592282194982
decision_type=2 2 2 2 2 2 2 2 2 2 2 2 2 2 2 2 2 2 2 2 2 2 2 2 2 2 2 2 2 2
left_child=1 8 19 4 11 6 17 -5 9 10 13 23 14 -1 28 -16 -9 24 -6 -2 -21 -14 -18 -3 -4 26 -8 -13 -10 -20
right_child=2 3 5 7 18 -7 25 16 12 -11 -12 27 21 -15 15 -17 22 -19 29 20 -22 -23 -24 -25 -26 -27 -28 -29 -30 -31
leaf_value=0.00060237875948553499 -3.9125332468482746e-05 -0.00014981844193319671 0 0 0 0 0 0 -5.2063619511960665e-05 0 0 -4.0583496890862617e-06 0 2.0454684271686721e-05 0 -0.00030976949055532774 0 0 0 0 0.00056726224025517276 0.00016688422346400797 0.00098098536174580538 0 -0.00071475471245238231 0 -0.00028667630793382073 0.00013551583038552722 8.6100045901851485e-05 -0.00058283488755759064
leaf_weight=37.485907725349534 59.959117222286295 129.08317246119259 3.5054710644180949 3.2573856409871942 2.8218586732400608 34.135008010140155 23.170773995690979 1.2239281941438083 33.166354410117492 20.754133129841648 18.035370115074329 58.901880662539043 34.429277577030007 18.289623822493013 22.823005647805985 26.280431792431045 0.80156614538282056 1.1480223170365196 1.5274204774177658 2.904842889867723 7.1305342866107804 148.04399238096084 6.1675034314976074 21.013627600332256 26.231947722437326 13.685745099151971 44.097906841663644 53.439306762942579 145.70232693315484 19.052024269069079
leaf_count=74754 119567 257394 6989 6495 5627 68072 46205 2440 66129 41378 35969 117454 68656 36473 45515 52404 1598 2289 3046 5792 14215 295204 12297 41903 52304 27291 87929 106558 290547 37987
internal_value=0 3.81068e-05 -0.000150986 -5.46358e-05 -8.21916e-05 -0.000229181 -0.000299191 0.000371247 9.8643e-05 0.000236576 0.000340327 -3.84921e-05 5.95546e-05 0.000465344 0 -0.000144515 0.000665672 -0.000603612 -0.000444069 0 0.000318098 0.000130002 0.000839519 -0.000113957 -0.000647437 -0.000145992 -0.000197267 3.5631e-05 4.37093e-05 -0.000529569
internal_weight=1018.27 802.3 215.969 297.29 285.839 145.975 111.84 11.4504 505.01 94.565 73.8109 262.438 410.445 55.7755 227.972 49.1034 8.193 30.8854 23.4013 69.9945 10.0354 182.473 6.96907 150.097 29.7374 80.9544 67.2687 112.341 178.869 20.5794
internal_count=2030481 1599828 430653 592799 569969 291079 223007 22830 1007029 188574 147196 523309 818455 111227 454595 97919 16335 61582 46660 139574 20007 363860 13895 299297 59293 161425 134134 224012 356676 41033
is_linear=0
shrinkage=0.03


Tree=99
num_leaves=31
num_cat=0
split_feature=1 34 16 16 11 47 21 28 7 7 8 30 20 36 17 45 11 16 4 33 5 41 47 15 4 33 3 49 7 21
split_gain=0.00547314 0.00449906 0.00439026 0.00434497 0.00380722 0.0056321 0.00709236 0.00355324 0.00349489 0.00297594 0.00226601 0.00206491 0.00201546 0.00146993 0.00115395 0.000934713 0.000929485 0.000838149 0.000766361 0.000695397 0.000555138 0.000456145 0.000471138 0.000439242 0.000351207 0.000345279 0.000181145 0.000163374 0.000312314 0.000487343
threshold=1.1816324301533181 -0.95846339205091391 3.971396485831368 -0.41001995470468383 2.3296276738418311 0.95920493517819005 0.66796259642124711 -0.97434701153740011 0.054182728896532993 0.24981836388382453 1.0000000180025095e-35 0.90840088609486047 1.2840471079187887 1.712037405444073 0.81867707353710439 -0.071895046737435866 -0.51683667212627904 1.6613089362897349 -2.2332864287934808 1.0055902868748403 -0.029034526390907592 -0.63027100275624104 0.24436185094347776 -1.5637227519944441 0.51246253928806362 -0.36798157665539555 -0.89903992586189563 -0.071226288729767925 -0.92399527112806512 -0.87762469342988159
decision_type=2 2 2 2 2 2 2 2 2 2 2 2 2 2 2 2 2 2 2 2 2 2 2 2 2 2 2 2 2 2
left_child=1 10 4 21 5 7 -7 -3 -6 13 27 18 14 20 15 16 -5 -10 -12 -20 -4 24 -23 -24 -2 -26 -25 -1 -29 -30
right_child=3 2 9 12 8 6 -8 -9 17 -11 11 -13 -14 -15 -16 -17 -18 -19 19 -21 -22 22 23 26 25 -27 -28 28 29 -31
leaf_value=5.3957716226577407e-05 0 0.00018466127119019717 0.0020829708356193319 0 0 0.0004225032074348478 -0.00020207864914494923 -4.5233592124867835e-06 -0.00065093790979604946 0 0 0 0 0 0 0 -0.00063528299207083036 0 -0.0004844931218664778 0 0 0 0 0 0 -0.00030788425922493489 0.00030551759527961997 0 0 -0.00027965686358508222
leaf_weight=20.212001810141373 3.1633459594449951 99.997805360646453 2.0980591908446522 7.932017335726413 8.2877378475968744 70.714530297438614 14.06264618685236 615.87910730025033 14.996634745388294 3.1533961994573474 1.2911077676690172 7.9429690949618807 5.3745500631048335 0.4208013008465058 7.3582609083387061 6.1634629016043609 32.179525690502487 2.7234735812526187 34.051113650843035 5.1306468508555545 0.50935773039236565 9.1842152106692101 3.1085657294606817 0.66038153291447343 3.5889140802901229 8.3153798148268816 13.193589973088814 4.2381797506823231 2.0801550131873237 10.329922331206031
leaf_count=40301 6309 199410 4182 15817 16525 141018 28042 1228088 29901 6286 2574 15841 10716 839 14672 12289 64165 5430 67899 10231 1015 18314 6198 1317 7157 16583 26310 8452 4148 20598
internal_value=0 2.03277e-05 4.44969e-05 -0.000212987 3.47485e-05 4.96035e-05 0.000283512 1.77124e-05 -0.000307215 0.000862832 -0.000180539 -0.000315487 -0.000378574 0.00155055 -0.000437608 -0.000494363 -0.000550382 -0.000562163 -0.000406182 -0.000433617 0.00181647 0 9.76122e-05 0.00019921 -0.000103497 -0.000200276 0.000277712 0 -7.27824e-05 -0.000172499
internal_weight=1018.34 918.12 832.844 100.222 826.662 800.654 84.7772 715.877 26.0078 6.18161 85.2761 48.4158 59.0078 3.02822 53.6333 46.275 40.1115 17.7201 40.4729 39.1818 2.60742 41.2144 26.1468 16.9625 15.0676 11.9043 13.854 36.8603 16.6483 12.4101
internal_count=2030627 1830780 1660736 199847 1648414 1596558 169060 1427498 51856 12322 170044 96545 117659 6036 106943 92271 79982 35331 80704 78130 5197 82188 52139 33825 30049 23740 27627 73499 33198 24746
is_linear=0
shrinkage=0.03


Tree=100
num_leaves=31
num_cat=0
split_feature=46 33 34 16 11 16 15 38 47 21 8 4 49 30 33 8 16 9 21 38 44 20 8 36 44 20 25 46 29 21
split_gain=0.0057553 0.00652652 0.00447983 0.00410733 0.00292794 0.00285722 0.00270498 0.00266528 0.00289853 0.00256069 0.00255705 0.00229929 0.00179036 0.00322449 0.00320704 0.00252849 0.00133758 0.00226625 0.00215485 0.00131717 0.001502 0.00107495 0.00105234 0.00104243 0.00099565 0.000901174 0.000772247 0.000748565 0.000745066 0.000847114
threshold=-0.84668576594371747 -0.45898733846070089 -0.63351375823664591 2.9064995363230959 1.1843157381629623 -0.82782538557050944 -0.25736043463853031 0.1988811130547776 1.3268914522886197 1.0000000180025095e-35 0.21674549291291434 -0.59241693774829829 0.2849731724730567 0.522934035576895 -0.85416704480279504 1.0607429495704512 -0.35141174086874577 0.58021016628462441 0.94300491305065914 0.14633083802702601 1.0000000180025095e-35 1.3674038826568002 -0.08113599109949618 -0.70077605917752328 -0.46503134523518719 1.6403058918767413 -1.0069035717246593 -1.3265835105003569 0.97434928515860808 -0.19265417061980306
decision_type=2 2 2 2 2 2 2 2 2 2 2 2 2 2 2 2 2 2 2 2 2 2 2 2 2 2 2 2 2 2
left_child=1 12 16 5 -5 9 21 8 -7 10 -4 -9 22 14 25 27 -2 19 -19 -18 -21 26 23 -1 -17 -14 -3 -15 29 -6
right_child=2 6 3 4 28 7 -8 11 -10 -11 -12 -13 13 15 -16 24 17 18 -20 20 -22 -23 -24 -25 -26 -27 -28 -29 -30 -31
leaf_value=0 1.0925668750070794e-05 0 0.0004612224013117274 0 0 -3.8471258616442211e-05 -0.00010528175650301671 0 0.00029161582881507197 0 0 0.00022135676828367529 -0.00051346379860408339 -0.00036741831235278063 0 0 0 -7.3622727036061502e-05 0.00036025953492802151 -0.00038331169067291903 0 0 0 0.00024122712901492036 0.00033577609536167562 0 -0.00066289549824629355 0 0 0.0014293354616330481
leaf_weight=12.298404228291473 59.240030037006363 1.573397751199084 44.698495237680618 3.7196353377657925 0.38989490072708566 301.91586410184391 45.945744744909462 35.134104177588597 25.471962087554857 22.681774235446937 22.980944999027997 102.20603616756853 29.366263939824425 10.002317739184944 7.5499141314649014 1.4314508559764387 28.232644835370593 51.318852939875796 12.799452544248195 46.084668359835632 9.7277906728559156 3.2731423524674019 38.713001708500087 40.442706857982557 22.134421890543308 0.93722587649244715 30.2195677809068 3.4610171401291145 0.33264517714269448 4.5451505683013238
leaf_count=24522 118132 3137 89138 7414 777 602074 91623 70049 50794 45223 45831 203774 58560 19949 15056 2854 56309 102341 25521 91877 19393 6526 77193 80637 44140 1869 60256 6903 663 9061
internal_value=0 -0.000124238 4.20159e-05 8.82822e-05 0.000761941 7.19706e-05 -0.00034588 3.42189e-05 -3.62584e-06 0.000232927 0.000326328 0.000146276 0 -0.00012356 -0.000326889 3.27784e-06 -6.93503e-05 -0.000121695 0 -0.000224446 -0.000311607 -0.000575575 7.1542e-05 0.000163807 0.000260523 -0.000478254 -0.000629144 -0.000224171 0.00122096 0.00131419
internal_weight=1018.83 247.349 771.48 564.077 8.98733 555.089 81.0119 464.728 327.388 90.3612 67.6794 137.34 166.337 74.8826 37.8534 37.0292 207.403 148.163 64.1183 84.0451 55.8125 35.0661 91.4541 52.7411 23.5659 30.3035 31.793 13.4633 5.26769 4.93505
internal_count=2031596 493225 1538371 1124798 17915 1106883 161542 926691 652868 180192 134969 273823 331683 149331 75485 73846 413573 295441 127862 167579 111270 69919 182352 105159 46994 60429 63393 26852 10501 9838
is_linear=0
shrinkage=0.03


Tree=101
num_leaves=31
num_cat=0
split_feature=39 11 14 47 16 16 7 11 20 41 17 18 47 28 23 16 47 27 21 21 18 51 28 19 21 21 24 17 28 51
split_gain=0.00552561 0.00551022 0.00314549 0.00314976 0.00428539 0.00406385 0.00642561 0.00302685 0.00289379 0.00251383 0.00214719 0.00140805 0.0016397 0.00131238 0.00128812 0.00126674 0.0016311 0.00106565 0.000897856 0.000687445 0.000620866 0.000615458 0.000596371 0.000564721 0.000799058 0.000528674 0.000487802 0.000414865 0.00040028 0.000386653
threshold=-0.78774080812713765 -0.037402482289656751 -0.89229885435687317 1.1535078284975413 -0.18518806155080567 2.9064995363230959 0.34763615951348786 -0.90387064666546268 -0.14002782022220392 -0.47985710125605918 0.87679498136722933 0.7704400282140389 1.679958099981318 -0.2145121847755094 0.18869902153137272 0.35308926018539161 0.40927857446964294 -0.33070242336273753 -0.25475485191505925 -0.75380793703309634 0.67151732646003015 0.2018512377838613 -0.56874544303324492 -0.52938977335793747 0.94300491305065914 0.53480850555394033 -0.77220976589223056 -1.0419636976061544 0.80267289243504092 -0.0126660603067508
decision_type=2 2 2 2 2 2 2 2 2 2 2 2 2 2 2 2 2 2 2 2 2 2 2 2 2 2 2 2 2 2
left_child=1 15 13 5 17 7 14 10 -9 11 -4 12 19 -2 -7 16 22 -5 27 -3 -17 -19 -1 -6 -25 -11 -15 -18 29 -27
right_child=2 9 3 4 23 6 -8 8 -10 25 -12 -13 -14 26 -16 20 18 21 -20 -21 -22 -23 -24 24 -26 28 -28 -29 -30 -31
leaf_value=6.2464300301823912e-05 0 0 0.00029339649804795945 0 -0.00018454699092113351 0.001448886326845963 0 -8.1616462856660699e-05 5.8458027190564031e-05 0 0 0 0 0 0 -0.00029541294503959437 0 0.00056722494608025175 0 -0.00055890605945691071 0 0 -9.0421325731077494e-05 0.00027444670088980834 0 0 -0.00030154566727460798 0.0003432214782220737 0 -0.00033351642883022817
leaf_weight=27.239834061823785 42.59523763571633 4.4324435889720908 57.007835045573302 2.2939031809801227 10.482245484075976 5.3085624541854468 4.793716006912291 240.75241269229446 292.83022062265081 27.987376076809596 17.385672598262317 7.3066367147257543 14.861110156867651 6.4314744971925384 1.030940302822273 17.087704892095648 2.0717327183811021 31.030480377434287 12.002532267244531 46.384621667559259 8.0301838234299776 0.97633528261212532 52.653278654033784 11.555886498303151 3.5463361815200178 0.67110568628413503 32.341032811731566 24.252872449869756 2.1466096359654321 10.673194066621361
leaf_count=54320 84944 8839 113693 4575 20901 10581 9556 480087 583898 55802 34668 14567 29634 12825 2055 34071 4132 61881 23934 92484 16012 1947 104994 23044 7071 1338 64489 48368 4280 21280
internal_value=-2.99182e-07 -0.000123142 3.74052e-05 6.15727e-05 0.000277575 3.58336e-05 0.000614334 2.03057e-05 0 -0.00027835 0.00019997 -0.00039047 -0.000434423 -0.000127397 0.001255 0 4.19069e-05 0.00049695 0.000209087 -0.00052245 -0.000192673 0.000542792 -7.4427e-07 0 0.000100075 -8.73874e-06 -0.000254015 0.000307159 -0.000188424 -0.000271989
internal_weight=1018.16 257.801 760.362 678.995 59.8852 619.109 11.1332 607.976 533.583 114.463 74.3935 72.9848 65.6782 81.3677 6.3395 143.338 118.22 34.3007 38.3271 50.8171 25.1179 32.0068 79.8931 25.5845 15.1022 41.4783 38.7725 26.3246 13.4909 11.3443
internal_count=2030270 514055 1516215 1353957 119419 1234538 22192 1212346 1063985 228224 148361 145524 130957 162258 12636 285831 235748 68403 76434 101323 50083 63828 159314 51016 30115 82700 77314 52500 26898 22618
is_linear=0
shrinkage=0.03


Tree=102
num_leaves=31
num_cat=0
split_feature=37 12 36 9 45 45 3 28 34 42 30 21 46 20 30 47 29 30 25 29 30 16 49 20 10 47 14 21 5 47
split_gain=0.00582156 0.00459307 0.00279362 0.00265879 0.002582 0.00336471 0.00382821 0.00246719 0.00184875 0.00184664 0.00173491 0.0022761 0.00163782 0.00160086 0.00140189 0.00115981 0.00118618 0.00106594 0.00105594 0.000901713 0.00084562 0.00078592 0.000601881 0.00059943 0.000549468 0.000472682 0.00118597 0.000660996 0.000779175 0.000731541
threshold=0.72077390729468849 -0.42506185492317911 0.013935738222381098 1.3084832636253341 -0.09091721974710458 -0.090917831414596154 -0.29210021298597894 -0.04786012620557941 -0.82255844900504405 0.68153128752061176 -1.1328643012330175 0.028435016084425332 -0.67330877021534596 0.1513815744811696 1.1935934290937202 -0.24503898722372616 -0.40481451735508817 -0.89644369932395318 0.39673186855213971 -0.43816126126550303 0.66272725128957155 0.10007174690074069 0.67235557947721047 1.3917448984612844 0.92253883253219382 1.1807524285731466 -0.85073176566811326 -0.1758735837941047 0.33328815666396411 0.047130189628768478
decision_type=2 2 2 2 2 2 2 2 2 2 2 2 2 2 2 2 2 2 2 2 2 2 2 2 2 2 2 2 2 2
left_child=1 7 3 14 5 12 -7 10 20 -8 -1 21 18 -10 15 -2 -17 -15 -3 -14 -6 -12 -4 24 -24 27 -27 29 -29 -9
right_child=2 4 22 -5 8 6 9 25 13 -11 11 -13 19 17 -16 16 -18 -19 -20 -21 -22 -23 23 -25 -26 26 -28 28 -30 -31
leaf_value=0 0 0 0 0 -0.00020710195074483627 0 -0.00051450667403705899 -0.00016911407100832161 0 0 0.00034570445209487468 0 0.00016452345746441127 0 0 0 -0.00050254687567145265 0.00025373996835770897 -0.00031045883796899693 0 0 0 -0.00037040966140874031 0 0 0 0.00027354175109968145 0.00018798904811804544 0 0
leaf_weight=37.862757477851119 12.982890016108284 41.480681174201891 73.933129693032242 9.6793923600926046 27.276683005911764 20.918951718427707 38.186222678981721 40.505639111448545 80.900266798736993 7.0883358754217616 94.807422177516855 50.670924571400974 33.76235978177283 28.139703218301293 8.9846415863721614 6.4814202666166159 50.064124132099103 64.99113838939229 24.43284606031375 118.24818133329973 11.853799155331215 19.653758089174516 11.523521006980451 3.0112379172351202 7.2397296025301321 3.2584755248390165 19.898929175105877 22.635855521308258 22.155260967381764 25.760932281380519
leaf_count=75492 25888 82711 147423 19301 54391 41716 76147 80777 161324 14135 189074 101030 67332 56104 17919 12926 99824 129596 48722 235783 23639 39193 22982 6005 14437 6497 39681 45128 44170 51373
internal_value=0 3.22966e-05 -0.000154134 -0.000279261 -2.0614e-05 -8.40234e-05 -0.000274871 0.00011922 4.98289e-05 -0.00043193 0.000185875 0.000227874 -1.2288e-05 0.000101255 -0.000343627 -0.00038921 -0.000452466 0.000186089 -0.000145979 2.59465e-05 -0.00010222 0.000304649 -7.48647e-06 -0.000158505 -0.000240641 0 0.000134923 -5.88874e-06 4.69399e-05 -8.68685e-05
internal_weight=1018.39 834.489 183.9 88.1925 497.279 284.118 66.1935 337.21 213.162 45.2746 202.995 165.132 217.924 174.031 78.5131 69.5284 56.5455 93.1308 65.9135 152.011 39.1305 114.461 95.7076 21.7745 18.7633 134.215 23.1574 111.058 44.7911 66.2666
internal_count=2030720 1664015 366705 175858 991600 566546 131998 672415 425054 90282 404789 329297 434548 347024 156557 138638 112750 185700 131433 303115 78030 228267 190847 43424 37419 267626 46178 221448 89298 132150
is_linear=0
shrinkage=0.03


Tree=103
num_leaves=31
num_cat=0
split_feature=12 20 17 37 29 5 47 21 9 11 18 38 8 25 19 47 36 10 25 21 29 49 21 33 39 30 29 51 28 8
split_gain=0.00536058 0.00416275 0.00384679 0.00276905 0.00202393 0.00198965 0.00194959 0.00231692 0.00171195 0.00167788 0.00287751 0.00270328 0.00162314 0.00147297 0.00128823 0.00126326 0.00122361 0.00118619 0.00116186 0.00436654 0.00103899 0.000933575 0.000652697 0.000663354 0.000355844 0.000317098 0.000492872 0.000335076 0.000279353 0.000273883
threshold=1.0000000180025095e-35 1.1831922677177551 0.47291302217896219 0.64483250671566505 -0.45180036229873105 -1.3632454987477007 0.78021709781341486 0.53480850555394033 0.28890094471172417 -0.8520617146631283 0.30221108238059491 0.19147948578321075 0.067804728712811013 0.023263663722751089 -2.4897802613251012 1.3966238672141567 0.081885120042210074 0.92253883253219382 0.71158051048596715 0.99512156317061884 -0.46527135351881549 2.3573504276637984 -0.19265417061980306 -1.7406293867820903 -0.95468489166960568 0.2829486001843734 -0.32700367141702874 -0.0072719274799022647 -0.59079060629944335 0.067804728712811013
decision_type=2 2 2 2 2 2 2 2 2 2 2 2 2 2 2 2 2 2 2 2 2 2 2 2 2 2 2 2 2 2
left_child=3 2 4 6 -2 -6 9 8 14 10 12 20 -1 -13 -8 -7 17 22 19 -3 -11 24 -5 -24 -21 26 -20 -28 -12 -18
right_child=1 18 -4 16 5 15 7 -9 -10 11 28 13 -14 -15 -16 -17 29 -19 25 21 -22 -23 23 -25 -26 -27 27 -29 -30 -31
leaf_value=0.00051095602209384576 0 0 0 0 0 -0.00031107215482521641 0 0 0 6.7819114258989432e-05 0.00010592924896605942 0.00021355597839490815 0 0 0.00042953826148769367 0 7.2499428819221572e-05 0 0 0 -8.8489258346403311e-05 0 0 -0.00035494069165130295 0.00076503313850533169 0 0 -0.00043065180166252585 -1.1652668146921402e-05 0
leaf_weight=25.930106082174461 25.738591433269903 33.603847768798005 92.848643852572422 31.003160756721627 18.775942314357962 146.98766161449021 3.1663276029867111 10.324590621516107 9.9005935475579445 28.973376923124306 21.995833925029729 73.716526048257947 10.520589952066073 40.84483420860488 50.635510638880078 30.326448975189123 50.10950324224541 25.488893809670117 1.5788758967537431 0.3521286066970778 157.64693669299595 0.59674746036762449 2.0095911527168964 28.398747480474412 11.786448567290787 6.4117880344274454 0.61278283363208164 5.5566502660512906 33.896122124453541 38.553164091426879
leaf_count=51715 51324 67008 185147 61831 37438 293089 6313 20588 19746 57782 43864 146970 20982 81442 100976 60473 99920 50824 3150 702 314360 1190 4007 56624 23497 12785 1222 11080 67592 76882
internal_value=0 -8.9837e-05 -0.000138223 5.28542e-05 -0.000206663 -0.00024001 9.30402e-05 0.000248111 0.000322909 5.6246e-05 0.000171599 1.09179e-05 0.000381636 0.00013332 0.000389994 -0.000271669 -3.70793e-05 -0.000123515 0.000112249 0.000197524 -4.81465e-05 0.000671227 -0.000197413 -0.000313087 0.000736148 0 -0.000191917 -0.000343742 0 1.38018e-05
internal_weight=1018.29 375.177 314.677 643.114 221.829 196.09 467.551 74.027 63.7024 393.524 92.3427 301.182 36.4507 114.561 53.8018 177.314 175.563 86.9004 60.4993 46.3392 186.62 12.7353 61.4115 30.4083 12.1386 14.1601 7.74831 6.16943 55.892 88.6627
internal_count=2030523 748105 627471 1282418 442324 391000 932330 147623 127035 784707 184153 600554 72697 228412 107289 353562 350088 173286 120634 92397 372142 25389 122462 60631 24199 28237 15452 12302 111456 176802
is_linear=0
shrinkage=0.03


Tree=104
num_leaves=31
num_cat=0
split_feature=25 34 45 45 1 46 21 5 47 21 20 21 28 30 8 34 14 44 18 4 7 17 32 33 7 16 21 7 47 29
split_gain=0.00527895 0.00521726 0.00514196 0.0075196 0.005735 0.00333518 0.00306686 0.00276515 0.00226188 0.00300001 0.00381274 0.00212988 0.00198299 0.00192749 0.00232029 0.00190175 0.00133841 0.00119561 0.000848912 0.000869733 0.000840876 0.000503383 0.000350976 0.000313037 0.000212023 0.000935408 0.000211804 0.000191319 5.06525e-05 6.1191e-05
threshold=2.2719467945307339 -0.95846339205091391 -0.09091721974710458 -0.090917831414596154 -0.17305720162281887 -0.44718772964556908 0.34330076366471129 -0.54763893892172089 0.62334356324579188 -0.27706274964239036 -0.47751305658414961 0.72328023645424511 0.20920260062678239 0.87794216830243399 1.0000000180025095e-35 0.10647159630180565 2.1613606157772778 -0.35960041699144435 1.2040767552029659 -1.9646326302219406 -0.14145286236279367 -1.4530943769625513 1.6574497935071484 -2.065661051571249 -0.33708845362212031 -0.22334747280051806 0.31869918625785404 -1.2174486853470332 1.1535078284975413 -0.21329356450059897
decision_type=2 2 2 2 2 2 2 2 2 2 2 2 2 2 2 2 2 2 2 2 2 2 2 2 2 2 2 2 2 2
left_child=1 13 3 5 20 15 -7 -6 9 12 -11 16 -4 14 24 -3 -10 -2 19 -16 -5 22 23 -19 26 -26 -1 -25 -15 -30
right_child=17 2 8 4 7 6 -8 -9 11 10 -12 -13 -14 28 18 -17 -18 21 -20 -21 -22 -23 -24 27 25 -27 -28 -29 29 -31
leaf_value=0 0 0 3.1958250526282412e-05 9.7475345629712755e-05 0 0.0001598840934546094 -4.9370243940921475e-05 -0.00051310902616282124 0.0003981611220827081 -1.8337377836170836e-05 0.00025262981000003106 0 -0.00020894668661837452 0 0 -0.00028732187869177071 0 0 0 -0.0004876812369615081 -0.00018339869426077637 0 0 0 0 -0.00035798791692203237 0.00017777852363748823 -0.00079825233941848502 0 0.0001407399698407381
leaf_weight=11.166422787064226 2.8168338065152083 101.78109881025739 119.74769440176897 32.351635821803939 12.876977905689271 197.52282078721328 65.213237892312463 54.801691186614335 55.833477308333386 45.430596585152671 119.64403420453891 10.547244015615432 38.275436701253057 16.231028630980294 1.9150364995002735 31.477041944744997 4.333184352668467 0.11784270399948837 1.9990116326953273 38.58487848972436 13.361076458357273 5.527572953491469 0.18008667550748292 0.15041017334442841 5.3772364025353445 8.0580912784207595 6.0314058664371251 10.985154032881832 0.80411048664245743 5.0818083297344847
leaf_count=22267 5617 202954 238808 64515 25680 393895 130016 109279 111342 90586 238539 21032 76329 32368 3818 62765 8640 235 3985 76941 26643 11023 359 300 10722 16066 12025 21904 1604 10134
internal_value=0 7.08599e-06 3.22381e-05 -2.59801e-05 -0.000244492 2.90139e-05 9.65272e-05 -0.000420019 0.00011516 6.87779e-05 0.000159883 0.000284658 -7.40777e-06 -0.000199922 -0.000275276 -8.15846e-05 0.000356503 -0.00048753 -0.000423714 -0.000455258 0 -0.000583611 -0.000738168 -0.00076268 0 -0.000119176 0 -0.000783031 0 8.80064e-05
internal_weight=1018.22 998.446 903.197 509.386 113.391 395.994 262.736 67.6787 393.812 323.098 165.075 70.7139 158.023 95.249 73.1321 133.258 60.1667 19.7779 42.4989 40.4999 45.7127 16.9611 11.4335 11.2534 30.6332 13.4353 17.1978 11.1356 22.1169 5.88592
internal_count=2030391 1990953 1801023 1015747 226117 789630 523911 134959 785276 644262 329125 141014 315137 189930 145824 265719 119982 39438 84744 80759 91158 33821 22798 22439 61080 26788 34292 22204 44106 11738
is_linear=0
shrinkage=0.03


Tree=105
num_leaves=31
num_cat=0
split_feature=1 6 16 20 8 30 17 22 21 47 17 21 21 49 30 4 28 46 38 8 8 28 49 45 29 28 33 4 47 20
split_gain=0.0054333 0.00445892 0.00427493 0.00443872 0.00370558 0.00360437 0.00341676 0.00296366 0.0059451 0.00283024 0.00282007 0.00224165 0.00172313 0.00151122 0.00149502 0.00146365 0.00133354 0.00129561 0.00085266 0.000816154 0.00191444 0.000750081 0.000599841 0.000484429 0.000347488 0.000107417 9.934e-05 0.000142904 9.70245e-05 8.56117e-05
threshold=1.3266971996253469 -1.0406238054033932 -0.65015882100916644 0.71276879125724635 1.3089774382031674 -0.34374342203595404 0.53167414589354156 0.23834198686579516 0.1776611115138336 0.98079998045907424 -0.84764395703215123 -0.87762469342988159 -0.71965936751670234 -1.4171593353206571 0.27316765691834416 0.23255484072028421 0.63022015458783909 0.22900724481865523 -0.33978073854470481 -1.0244272609652376 0.16709854192101581 -0.8266840261057512 1.9214095103389446 -0.1253604808487028 -0.50641105851077961 -0.51863763111503702 -0.14513617916357349 1.3446447486902164 -0.056348053631383579 1.4170170963643061
decision_type=2 2 2 2 2 2 2 2 2 2 2 2 2 2 2 2 2 2 2 2 2 2 2 2 2 2 2 2 2 2
left_child=1 10 5 6 11 19 9 14 -9 -4 17 -2 -8 -7 -5 -13 -15 21 -17 24 -21 -1 -20 -23 -3 -12 27 -6 -27 -28
right_child=4 2 3 7 26 13 12 8 -10 -11 25 15 -14 16 -16 18 -18 -19 22 20 -22 23 -24 -25 -26 28 29 -29 -30 -31
leaf_value=0 0 0 -0.00018040044114767443 -2.495533531547956e-06 0.0001822235270362619 0 -9.7713370566112874e-05 0 0.00071544149242725309 2.3462926144368976e-05 0 0 8.5231707694520862e-05 0.00030150492921208506 0.00016060604980678238 0 0 0 -0.00071433363731494609 0.00021327634501588507 -8.7383677753306399e-05 0 0 -0.00092728959753894842 -0.00023577943098669073 -0.00013512627665166353 -8.6353777770918896e-05 0 0 0
leaf_weight=0.85035462421364982 4.9914939173031589 1.7106024239328714 212.99789787793998 116.73937245906563 6.5657866168185164 8.614075573103035 55.438727556378581 18.766532691777684 20.155243647983298 52.074856137565803 10.573436821403448 4.0959824253805008 156.21436598489527 117.33093008736614 61.617218845582101 2.2573966433410559 22.930428773455787 2.1430118704447514 24.673808682011444 35.200878758681938 26.324150434753392 0.34563658246770401 0.82779579900670697 9.4090102766640467 17.414293299021665 10.077027752762659 10.332684745604636 0.94055420078802843 5.5157197578228088 1.2938572979765002
leaf_count=1696 9954 3411 424716 232776 13093 17176 110565 37425 40178 103844 21084 8168 311490 233990 122871 4502 45728 4274 49198 70185 52488 689 1651 18760 34725 20092 20604 1875 10999 2580
internal_value=0 1.69539e-05 3.31412e-05 0 -0.000287074 0.00014554 -5.51801e-05 0.000108191 0.000357196 -0.000129033 -0.000290117 -0.000464452 2.31384e-05 0.000233337 3.70313e-05 -0.00055933 0.000259782 -0.000675295 -0.000637548 0 3.58751e-05 -0.00081125 -0.000687415 -0.000885835 -0.000185114 0 0 0.000109136 -7.87403e-05 0
internal_weight=1018.42 962.444 923.53 694.004 55.9794 229.525 476.726 217.278 38.9218 265.073 38.9142 36.8465 211.653 148.875 178.357 31.855 140.261 12.748 27.759 80.6499 61.525 10.605 25.5016 9.75465 19.1249 26.1662 19.1329 7.50634 15.5927 11.6265
internal_count=2030787 1919162 1841568 1383865 111625 457703 950615 433250 77603 528560 77594 73473 422055 296894 355647 63519 279718 25419 55351 160809 122673 21145 50849 19449 38136 52175 38152 14968 31091 23184
is_linear=0
shrinkage=0.03


Tree=106
num_leaves=31
num_cat=0
split_feature=37 12 16 47 21 14 36 49 3 45 34 11 20 9 30 47 10 20 8 17 44 17 49 16 47 21 47 48 38 19
split_gain=0.00482586 0.00374407 0.00296857 0.0026375 0.00350893 0.00267563 0.00247805 0.00328638 0.00245384 0.00211476 0.00198298 0.00171455 0.00149713 0.00130356 0.00128838 0.0012789 0.00114644 0.00121501 0.00114067 0.00108493 0.0010294 0.00162153 0.0012539 0.000857446 0.000881251 0.000733776 0.000729972 0.00043244 0.000389666 0.000475072
threshold=0.72077390729468849 0.42906693263632439 1.8781114276070512 0.98079998045907424 0.59930714147986375 -0.82382231144377449 0.11056092688998644 -0.45135616613535107 0.071192569377558357 -0.083837549477015064 -0.67556057299200989 0.45361838125162024 1.3309473277708521 -0.87633600669256528 0.97453853879636598 -0.056348053631383579 0.92253883253219382 1.3917448984612844 -1.2726618078569361 0.74219299291974294 -0.35960041699144435 0.24912356356909029 0.84193618198780762 -0.027897462135904074 -0.59720866778484749 -0.29838675560339528 -0.8269251163317427 0.88249219485821029 -0.19884385765859977 0.30609706159392219
decision_type=2 2 2 2 2 2 2 2 2 2 2 2 2 2 2 2 2 2 2 2 2 2 2 2 2 2 2 2 2 2
left_child=1 3 9 6 5 -5 20 12 -2 16 -4 23 -8 -12 19 -9 17 -3 -7 26 22 -22 -1 -10 -25 -15 -13 -26 -6 -30
right_child=8 2 10 4 28 18 7 15 11 -11 13 14 -14 25 -16 -17 -18 -19 -20 -21 21 -23 -24 24 27 -27 -28 -29 29 -31
leaf_value=0 0 -0.00029950864489246216 0 0 0 0 0.00026525575664796292 -3.9488816163392829e-05 0 0 0 0 0 0 0 0.00014259359334140923 0 0 0.0004392979459604957 0 -0.00016538320860572678 0 0.00030608240909636789 0 -0.00030085015319304556 0.00093611829330400445 -0.00064022471576234208 0 -0.00036640468409894158 0
leaf_weight=113.78122843650635 82.500708903418854 73.959585000411607 5.5094901953125373 8.7958904739934933 2.7162526245811014 3.9023782414151347 105.86166055256035 112.07944228861015 34.924896072014235 59.671850512095261 1.1985170376137828 0.52809021953726798 17.410766874148976 0.70167396124452341 6.1977058940101406 48.012714157695882 33.874808243301231 5.3305979262222527 57.914901738695335 1.9838434773846518 82.675299823633395 73.378930460778065 13.847641180676872 4.9903514877660191 28.178521407768134 5.4670218323590216 22.738207693619191 1.836802112229633 6.2951044465298747 2.2494141994975507
leaf_count=226876 164514 147477 10985 17540 5417 7782 211081 223498 69648 118986 2390 1053 34716 1399 12358 95748 67543 10628 115494 3955 164856 146337 27615 9951 56186 10901 45336 3662 12553 4485
internal_value=5.64903e-07 3.41181e-05 -7.72005e-05 7.05992e-05 0.000238335 0.000331117 4.10898e-05 0.000105323 -0.000135419 -0.000122791 0.000301763 -0.000234619 0.000222469 0.000633566 -0.000455582 0 -0.000199617 -0.000264355 0.000405208 -0.000551745 -1.24959e-05 -7.16852e-05 3.63703e-05 -9.23526e-05 -0.000197695 0.00081828 -0.000610202 -0.000268338 -7.70599e-05 -0.000221065
internal_weight=1018.51 834.635 185.714 648.922 81.8739 70.6132 567.048 283.365 183.879 172.837 12.8767 101.378 123.272 7.36721 31.4478 160.092 113.165 79.2902 61.8173 25.2501 283.683 156.054 127.629 69.9306 35.0057 6.1687 23.2663 30.0153 11.2608 8.54452
internal_count=2030970 1664307 370309 1293998 163271 140816 1130727 565043 366663 344634 25675 202149 245797 14690 62702 319246 225648 158105 123276 50344 565684 311193 254491 139447 69799 12300 46389 59848 22455 17038
is_linear=0
shrinkage=0.03


Tree=107
num_leaves=31
num_cat=0
split_feature=25 1 21 33 44 49 8 8 21 9 22 0 11 16 1 47 29 46 33 29 20 38 45 9 38 13 49 47 17 7
split_gain=0.00464893 0.00373244 0.00401989 0.00372289 0.00319362 0.0031536 0.00299243 0.00248351 0.004895 0.00390597 0.0019849 0.00193375 0.00178295 0.00175307 0.00171699 0.00171141 0.00154348 0.00141366 0.00120641 0.000880648 0.00105885 0.000834645 0.000741705 0.000716091 0.000711223 0.000674966 0.000619804 0.000577221 0.000541721 0.000335314
threshold=1.3330935774757675 0.93455752965831151 -0.72628112231062325 0.48477987898018304 -0.35960041699144435 1.0731045705181463 -0.97478034326418628 0.21674549291291434 0.94300491305065914 -0.43937215262898549 -0.14269315538596725 -1.0681822773072083 2.6982189037551034 -0.56913766277858169 -0.34451042426311546 1.54910486221848 -0.24129813258592139 -0.32046457599461814 -0.06337352919971051 -0.48254725357700429 1.44288593715006 -0.010588146915834328 -0.06256744461637595 -1.0219906174790152 -0.68944515764978931 -3.1309913527974831 -0.08022431301941714 -0.54959252281805593 0.019650957353096844 -1.0218130776897196
decision_type=2 2 2 2 2 2 2 2 2 2 2 2 2 2 2 2 2 2 2 2 2 2 2 2 2 2 2 2 2 2
left_child=1 3 18 7 -2 13 19 8 14 -10 23 -12 15 -4 -1 22 -15 -8 27 26 -21 -19 28 -9 -14 -26 -5 -3 -6 -29
right_child=4 2 5 6 12 -7 17 10 9 -11 11 -13 24 16 -16 -17 -18 21 -20 20 -22 -23 -24 -25 25 -27 -28 29 -30 -31
leaf_value=-8.8715514678646077e-05 0 0 0 0.00026731442871137721 -0.00051668844955384268 0 0 0.00017646986164772285 0 0.00054774345864993341 0 -0.00023417166887811615 0 -7.9141570364215527e-05 7.4860624877382678e-05 0 -0.00050450298255950846 0 0 -0.00013409767976877132 0.00016609019032850348 0.00022036876982570026 0 -3.9966811852308157e-06 0 -0.0010221532387275926 0 0 0 0.00042271598905344949
leaf_weight=106.19443220004905 12.674569147580767 0.7771720368764371 28.316480713372584 13.93399675114779 14.702670722559562 28.896843746944796 28.95983250439167 20.835106619051658 7.4579587776679537 28.703837400709745 30.269351948285475 92.385367151000537 1.3550016710069019 34.243113958858885 126.60274091729661 19.330073367105797 40.925669071788434 6.4231809247285119 24.289980577421375 65.451506770390552 4.7388413649168788 206.01422259485116 4.0384752278914702 36.364419096324127 0.74016210198169474 7.9685813325340851 7.1791364431264801 1.0930085703730572 3.3486158373998469 13.857392568665087
leaf_count=211758 25275 1550 56466 27784 29321 57624 57747 41550 14866 57223 60360 184226 2702 68287 252458 38546 81592 12812 48441 130506 9449 410804 8054 72518 1476 15888 14315 2180 6678 27633
internal_value=0 1.92963e-05 -0.000101528 4.97885e-05 -0.000244291 -0.00019093 0.000126071 -7.44144e-08 5.06845e-05 0.000375412 -9.26608e-05 -0.000164664 -0.000360831 -0.00027214 0 -0.000172309 -0.00035064 0.00018183 0.000119254 0 -7.10898e-05 0.000208706 -0.000354118 9.29084e-06 -0.000838639 -0.000941406 0.000144009 0.000324379 -0.000436387 0.000381365
internal_weight=1018.07 953.914 172.4 781.514 64.1581 132.382 332.701 448.813 268.959 36.1618 179.854 122.655 51.4836 103.485 232.797 41.4198 75.1688 241.397 40.0176 91.3035 70.1903 212.437 22.0898 57.1995 10.0637 8.70874 21.1131 15.7276 18.0513 14.9504
internal_count=2030089 1902149 343773 1558376 127940 263969 663417 894959 536305 72089 358654 244586 102665 206345 464216 82599 149879 481363 79804 182054 139955 423616 44053 114068 20066 17364 42099 31363 35999 29813
is_linear=0
shrinkage=0.03


Tree=108
num_leaves=31
num_cat=0
split_feature=15 39 16 8 47 21 21 47 49 47 21 16 7 19 41 7 33 34 17 29 38 49 1 25 17 30 44 46 9 11
split_gain=0.00547421 0.00504027 0.00360111 0.00368529 0.00307226 0.00348674 0.00305011 0.00389985 0.0023467 0.00238333 0.00245753 0.00209207 0.00228323 0.00191331 0.00183544 0.00141322 0.00149884 0.00131268 0.00125855 0.00124743 0.00132076 0.00121136 0.00128739 0.000800755 0.00391634 0.00187884 0.00207442 0.000989048 0.000717512 0.000716336
threshold=-0.010603643569127789 -0.5384561345244181 -0.87594500807750697 0.1174516353169134 0.78021709781341486 0.66796259642124711 0.50451493371779821 -0.092603159146326705 -1.059327292834487 -0.11978255588058308 -0.15212319129295007 2.5402123969765764 0.44545395514315123 -0.70429876028887051 -0.64046855540032155 -1.2174486853470332 -1.790663142173162 -0.99553699633501791 -0.4471732771446047 -0.49830639389782988 0.17696605288859615 -1.8183749531259725 -1.8986029185770907 0.79191643423149416 -1.9315218286623683 0.74685064564253378 -0.35960041699144435 -1.4276365549619265 0.87151947467444313 1.1483518948911966
decision_type=2 2 2 2 2 2 2 2 2 2 2 2 2 2 2 2 2 2 2 2 2 2 2 2 2 2 2 2 2 2
left_child=1 6 3 18 8 13 14 -8 9 10 -4 23 28 -6 -1 -9 -17 -15 -2 -10 -21 -20 -23 24 27 26 -25 -3 -13 -30
right_child=2 11 4 -5 5 -7 7 15 19 -11 -12 12 -14 17 -16 16 -18 -19 21 20 -22 22 -24 25 -26 -27 -28 -29 29 -31
leaf_value=-0.00025645422125009283 0 0 0 0 0 -0.00011978024860742412 0 0 0.00016405984445151312 0 0.00043659826052505044 0 0 0 0 0 -0.00076758559601632461 0.00042094289964598254 0 -9.9250025532557595e-05 0 0 0.00067235642922651494 0 -1.5055130039910202e-05 0 -0.00051656153975509188 0.00091253284661678164 0 0.0015063737613617025
leaf_weight=44.231330386246555 2.1330793676315833 3.3396326716174372 23.167987345717847 13.741684800188521 15.779489708831532 13.128644247597547 9.9596562581718882 3.7850993781466995 23.297635866329074 29.241677684243768 32.38878451025812 0.23877695924602393 2.4332254464970902 6.8080368739319956 68.988848725217395 1.5417904224596011 25.851279554073699 51.538487315177917 1.3949824777664641 200.92337420315016 223.0220981471939 1.7791233910247743 24.942640477500387 7.583500792447011 146.28222902963171 15.881550744234117 16.121691714797638 5.2625266425311548 1.1845493733999322 2.2935775318765081
leaf_count=88197 4254 6658 46199 27405 31466 26178 19854 7547 46465 58304 64581 476 4851 13577 137558 3074 51544 102781 2782 400726 444670 3546 49746 15123 291664 31670 32149 10498 2361 4574
internal_value=0 -9.30927e-05 5.28187e-05 0.000322568 2.88129e-05 0.00019386 -0.000222076 -0.000470341 0 0.000146385 0.000267051 0 0.00054981 0.000289881 -0.000105373 -0.000635974 -0.000711886 0.000369147 0.000510845 -2.56788e-05 -4.31821e-05 0.000566609 0.000615309 -1.10463e-05 1.79812e-06 -0.000137083 -0.000320491 0.000637142 0.00102618 0.00114499
internal_weight=1018.27 354.979 663.288 43.9915 619.296 87.2547 154.358 41.1378 532.042 84.7984 55.5568 200.621 6.15013 74.126 113.22 31.1782 27.3931 58.3465 30.2498 447.243 423.945 28.1167 26.7218 194.471 154.884 39.5867 23.7052 8.60216 3.7169 3.47813
internal_count=2030478 707798 1322680 87733 1234947 174002 307774 82019 1060945 169084 110780 400024 12262 147824 225755 62165 54618 116358 60328 891861 845396 56074 53292 387762 308820 78942 47272 17156 7411 6935
is_linear=0
shrinkage=0.03


Tree=109
num_leaves=31
num_cat=0
split_feature=1 34 16 11 7 47 8 16 7 21 21 4 45 11 30 8 31 20 17 29 29 32 33 38 24 47 16 44 4 16
split_gain=0.00466042 0.00420346 0.00409835 0.00515706 0.00473583 0.00465321 0.00325976 0.00291359 0.00263848 0.0025559 0.00233793 0.00202744 0.00197997 0.00185716 0.00183974 0.00297154 0.000893871 0.000791682 0.00076834 0.000739835 0.000710217 0.000621927 0.000560354 0.000471981 0.000363293 0.000324665 0.000265504 0.00020816 5.26793e-05 0.000154983
threshold=1.3266971996253469 -0.87505837400411501 2.9064995363230959 0.87714557726272968 0.15200056825416117 0.95920493517819005 1.3089774382031674 -0.88204730409197885 0.054182728896532993 0.33123285814713493 -0.84715698537929851 0.23255484072028421 -0.083422243363447945 0.77542570274411993 0.78609370512886068 0.16709854192101581 -1.4588577342639832 1.6403058918767413 -2.095607939208 -0.49269665299952409 -0.19358688726119638 -0.16937142076098191 -1.2864244417696449 -0.58733806812292833 0.48024179554116897 0.76084151937385835 -1.0094980093199895 -0.57046227347892997 1.1533022866606861 0.54060492804502669
decision_type=2 2 2 2 2 2 2 2 2 2 2 2 2 2 2 2 2 2 2 2 2 2 2 2 2 2 2 2 2 2
left_child=1 14 3 5 13 7 10 -3 18 -7 -2 -12 -10 -4 15 21 -13 20 -5 -18 -17 23 -15 -1 -23 -16 -27 -28 29 -8
right_child=6 2 4 8 -6 9 28 -9 12 -11 11 16 -14 22 25 17 19 -19 -20 -21 -22 24 -24 -25 -26 26 27 -29 -30 -31
leaf_value=0 0 0.00021801811822506163 0 0.00041884271337228816 0 0.00042057255685768851 0.00013868516586962974 5.4244144275818634e-06 -0.00038993610693344562 0 0 0 0 0 0 0 0 0 -1.1141481138218572e-05 -0.00071910283900437769 -0.00039481319973722832 0.00012287631594130242 0.0016146642403696062 -0.00020717967118937463 0 0 0 0.00024811941905727308 0 0
leaf_weight=2.7746262022992623 5.6159460054477668 70.193320453225169 1.7767735727829839 3.9139603666262692 7.0245645566610619 48.383852422179189 9.717184377775995 550.2978993744473 44.258879720640834 11.523598302504977 3.9304891874780905 2.6744358359719653 20.037676727515645 0.19271224888507266 24.737715303548612 12.075218757439869 0.55567334854277461 1.2411059541045677 39.335359688790049 23.942135880875863 52.030878731515259 28.122176305798348 4.1791884044650942 20.661807779571973 6.6481364999781354 0.73221960617229243 0.69507393380626936 11.67086330836173 7.2544807718950315 2.1440607105032532
leaf_count=5533 11199 139976 3541 7807 14004 96491 19378 1097333 88247 22979 7838 5333 39954 384 49332 24082 1108 2475 78426 47740 103747 56075 8330 41196 13257 1460 1386 23275 14465 4275
internal_value=-1.49256e-07 1.23442e-05 4.32884e-05 3.04793e-05 0.000581715 6.41545e-05 -0.00026925 3.4309e-05 -0.000154675 0.000323202 -0.000436045 -0.000540479 -0.000277398 0.00119088 -0.00012267 -0.000181816 -0.000633661 -0.000321602 0 -0.00069152 -0.000341387 0 0.00154171 -0.000140417 5.29922e-05 0 0.00014936 0.000207251 0 6.32231e-05
internal_weight=1018.34 962.508 801.118 787.945 13.1732 680.399 55.8344 620.491 107.546 59.9075 36.7187 31.1027 64.2966 6.14867 161.39 123.554 27.1722 65.3472 43.2493 24.4978 64.1061 58.2067 4.3719 23.4364 34.7703 37.8359 13.0982 12.3659 19.1157 11.8612
internal_count=2030626 1919290 1597472 1571213 26259 1356779 111336 1237309 214434 119470 73218 62019 128201 12255 321818 246365 54181 130304 86233 48848 127829 116061 8714 46729 69332 75453 26121 24661 38118 23653
is_linear=0
shrinkage=0.03


Tree=110
num_leaves=23
num_cat=0
split_feature=25 29 16 11 20 22 22 47 9 30 11 17 46 38 8 49 21 29 7 28 33 49
split_gain=0.00500378 0.00388518 0.00321535 0.00311111 0.005126 0.00374646 0.00355695 0.00319136 0.00281462 0.00275638 0.00254411 0.00243009 0.00136114 0.00140134 0.00135816 0.00131484 0.000937294 0.000906172 0.000642242 0.000450608 0.000429033 0.000352082
threshold=1.5501775493774133 -0.5110257681538074 3.971396485831368 -0.8520617146631283 0.74954776139478974 0.15094183189445645 0.23834198686579516 0.78021709781341486 -0.7306813742018855 -0.85615015006933726 0.95986627347661702 -0.89805718161929782 0.40443285179777 -0.58733806812292833 0.1174516353169134 1.0000000180025095e-35 -0.43220674394551722 0.87479387396593311 -0.63054186237509269 -0.59079060629944335 -0.79211002736510372 -1.8183749531259725
decision_type=2 2 2 2 2 2 2 2 2 2 2 2 2 2 2 2 2 2 2 2 2 2
left_child=1 14 3 5 7 9 -6 -5 -4 -3 -10 12 13 -2 15 20 -15 -12 -18 -7 -1 -22
right_child=11 2 8 4 6 19 -8 -9 10 -11 17 -13 -14 16 -16 -17 18 -19 -20 -21 21 -23
leaf_value=0 0 0 0 -0.00011124511354222706 2.1653039964724209e-05 7.5518279464981636e-06 0.00037113983939757021 6.3047241377710389e-05 0 0.00036367657786460703 0.0016547091540715121 0 0 0 0 0 0 0 -0.00083573788508805821 -0.00010604518657618792 0 0.00066643808712368142
leaf_weight=0.38092048559338643 5.0865775450947757 19.61758293065941 1.6563255499931981 471.75288357876707 203.05413346225396 16.934837139269803 35.379258489992935 94.681251899863128 1.8515627665910859 61.579746507923119 3.117956773960032 16.210787856543902 3.7915327604277982 6.6613230275688791 2.5156069172662674 4.7171754505252457 1.332219315343546 0.35678935598116357 14.863248447305507 37.028336450108327 0.60560955561232432 15.349629815900691
leaf_count=760 10144 39117 3302 940692 404885 33774 70535 188806 3690 122816 6215 32328 7561 13283 5018 9406 2657 711 29636 73837 1208 30610
internal_value=0 1.4951e-05 2.28275e-06 0 -2.48282e-05 0.000130558 8.60928e-05 -7.68153e-05 0.000644311 0.00026411 0.00100986 -0.000299002 -0.00045165 -0.000524886 0.000396679 0.000483958 -0.000626096 0.00149071 -0.000778019 -1.48025e-05 0.000611788 0.000638296
internal_weight=1018.53 970.58 947.011 940.028 804.868 135.161 238.433 566.434 6.98263 81.1973 5.32631 47.9457 31.7349 27.9434 23.5689 21.0533 22.8568 3.47475 16.1955 53.9632 16.3362 15.9552
internal_count=2030991 1935382 1888380 1874462 1604918 269544 475420 1129498 13918 161933 10616 95609 63281 55720 47002 41984 45576 6926 32293 107611 32578 31818
is_linear=0
shrinkage=0.03


Tree=111
num_leaves=31
num_cat=0
split_feature=37 12 10 33 21 28 30 45 45 0 33 16 46 25 9 30 28 5 34 47 47 9 21 21 47 21 14 9 38 20
split_gain=0.0047703 0.00372091 0.00252716 0.00214423 0.00204875 0.00204392 0.00205787 0.00197826 0.00271636 0.00320741 0.00177772 0.00173645 0.00138579 0.00130916 0.00121701 0.00111526 0.00122441 0.00107787 0.000930924 0.00087556 0.000737539 0.000616206 0.00146672 0.000816584 0.000324574 0.00126312 0.000630865 0.000573642 0.000411897 0.000265974
threshold=0.72618143420862735 -0.42506185492317911 0.92253883253219382 -1.3548351385317303 -0.19265417061980306 0.0094343749828301807 -0.72817195513361954 -0.09091721974710458 -0.090917831414596154 -0.43321097060892572 -0.65233207116632219 0.38067613187047972 -0.55875690805652833 0.40517656828564652 0.72586482047953382 -0.021468837263104428 0.56109821448793518 -0.84232969764175236 -0.92464194898174445 -1.071841590390652 0.62334356324579188 0.58021016628462441 0.43297175681149302 -0.04448677611076212 0.15543620215807036 -0.1758735837941047 -0.839661285791794 -0.14806293105608534 0.15342773777366259 0.6478495864630055
decision_type=2 2 2 2 2 2 2 2 2 2 2 2 2 2 2 2 2 2 2 2 2 2 2 2 2 2 2 2 2 2
left_child=1 5 3 29 -5 6 -1 8 12 -10 -11 14 13 -3 -8 21 18 -6 -17 -19 -14 23 -23 -9 25 -7 -26 -27 -28 -2
right_child=2 7 -4 4 17 24 11 15 9 10 -12 -13 20 -15 -16 16 -18 19 -20 -21 -22 22 -24 -25 26 27 28 -29 -30 -31
leaf_value=0 -9.5694353719562967e-05 0 0 -2.5490456506077865e-05 0 -0.00016355151779774658 0.00033708157807071026 0 0 0 -0.00046247777374257401 0 0 -0.00029340719265400438 1.2025863286373699e-05 0 0 0 0.00021470285938609798 -0.00060851790681664525 0.00017401447484666419 -1.0729943824220855e-05 0.00027525776012465614 -0.00024624680135919953 0 0 0.00019885746728533907 0.00016868817100602521 0 2.5223807583509616e-05
leaf_weight=60.679134073259775 25.17520295601571 46.20647469436517 71.458673331013415 28.874623756331857 5.2617953785811542 40.693083716789261 91.770751376694534 20.338070895231795 23.399560275836848 4.1058537069475269 39.147791178373154 25.910067259625066 119.80482151842443 26.51284023426706 34.601660347310826 8.6585281930747424 33.088954976235982 1.2655117554240884 73.519002053304575 30.334154255804606 26.884856333548669 40.950121289293747 17.847520586918108 20.660102092428133 7.3725775851053177 8.5198509215260874 29.808659534784965 21.66264060663525 19.560041141696274 13.889022358227519
leaf_count=120987 50201 92134 142486 57587 10492 81151 183003 40554 46665 8187 78063 51663 238893 52870 69009 17266 65983 2523 146607 60484 53612 81664 35581 41190 14701 16983 59447 43189 38998 27695
internal_value=0 3.1744e-05 -0.000139806 -0.000233614 -0.000341123 0.000109487 0.000166759 -1.51057e-05 -7.11737e-05 -0.000241474 -0.000395718 0.000225946 -5.76582e-06 -0.000123225 0.000271818 4.55229e-05 0.000112129 -0.00050698 0.000176196 -0.000574915 3.20113e-05 -1.34705e-06 2.50567e-05 -0.000112388 0 -2.70449e-05 6.50737e-05 5.76027e-05 0.000127937 0
internal_weight=1017.96 841.703 176.259 104.8 65.7361 340.578 212.962 501.124 286.062 66.6532 43.2536 152.282 219.409 72.7193 126.372 215.062 115.266 36.8615 82.1775 31.5997 146.69 99.7958 58.7976 40.9982 127.617 70.8756 56.7413 30.1825 49.3687 39.0642
internal_count=2029868 1678400 351468 208982 131086 679131 424662 999269 570424 132915 86250 303675 437509 145004 252012 428845 229856 73499 163873 63007 292505 198989 117245 81744 254469 141323 113146 60172 98445 77896
is_linear=0
shrinkage=0.03


Tree=112
num_leaves=31
num_cat=0
split_feature=1 34 16 16 11 47 7 46 38 8 7 30 7 21 20 11 20 11 4 35 45 9 45 44 41 4 33 33 29 21
split_gain=0.00453413 0.00375654 0.0039777 0.00337036 0.0033534 0.00394473 0.00273179 0.00243746 0.00232037 0.00211134 0.0018077 0.0015748 0.00238945 0.002912 0.00133787 0.00118379 0.00111838 0.00111725 0.000996531 0.000903517 0.000796984 0.000661433 0.000874062 0.000620083 0.00059388 0.000648785 0.00063926 0.000586272 0.00052609 0.000487353
threshold=1.1816324301533181 -0.71076517392883232 3.1603330758399069 -0.31017957728643758 1.6638268051523364 0.91518908455795256 0.24981836388382453 -1.0232129532820839 0.19952093069051938 0.71321455895393837 -1.0000000180025095e-35 0.95213419766686191 -0.63054186237509269 0.6511745508348793 -0.29890040133688811 -0.81116864180128445 1.3917448984612844 1.1483518948911966 -0.32800461560072552 -0.46441728912700764 -0.11806871067883147 -1.0000000180025095e-35 -0.10598647007841759 1.2218635066646981 -0.53084486447645973 0.50341191910134508 -0.40493955148827632 -0.65233207116632219 -0.50211179515085169 -0.20914556430905065
decision_type=2 2 2 2 2 2 2 2 2 2 2 2 2 2 2 2 2 2 2 2 2 2 2 2 2 2 2 2 2 2
left_child=1 11 4 24 5 8 17 -7 -3 18 -6 12 13 20 -15 -14 -17 -4 -5 -12 -1 22 -13 28 25 -2 -27 -24 -20 -19
right_child=3 2 6 9 10 7 -8 -9 -10 -11 19 21 15 14 -16 16 -18 29 23 -21 -22 -23 27 -25 -26 26 -28 -29 -30 -31
leaf_value=0 0 0 0 0 0 0 0 0.00042785776308882257 0.00013891346237621523 -5.6695216139305603e-05 0 0 0 0 0.00047717265295076983 -0.00024169413037190528 0 0 0 -0.00045279961417923296 -0.00014540435109849933 0 0.00038809235558779346 0 9.2132268827893626e-05 0 -0.00033866587782539515 0 -0.00073482654681349851 0.0017100165787809762
leaf_weight=8.3250126819475536 5.0071199227240895 400.08546907251002 1.5091478778631406 0.89760297676548617 14.561643167457076 16.910337855631951 3.9742671911953948 42.206202280591242 141.26301707193488 28.93977862095926 7.3009194232290637 6.9592159541789433 21.729657696268987 4.6666136784479049 15.163412517867981 119.18376463721506 7.9318798300228073 0.086831478576641863 0.33150640036911383 19.949439182004426 51.534214052313473 12.187314002541823 13.564394395682031 3.1494054205832063 24.093050164461602 5.1951276961481261 12.984245436731721 6.377861562883484 19.659123321704101 2.8703511538915336
leaf_count=16601 9986 797839 3007 1790 29034 33722 7923 84169 281645 57707 14557 13877 43333 9305 30229 237651 15816 173 661 39777 102766 24308 27050 6280 48043 10360 25893 12719 39196 5722
internal_value=-1.82816e-06 1.60891e-05 5.76506e-05 -0.000195871 4.41518e-05 6.60553e-05 0.0007294 0.000305923 3.43195e-05 -0.000360363 -0.000198657 -7.37567e-05 -0.000109492 0 0.000336735 -0.000181259 -0.000216455 0.00124736 -0.000601155 -0.000346779 -7.88615e-05 5.8423e-05 0.000164585 -0.000643556 0 -0.000119296 -0.000224211 0.000275659 -0.000712271 0.00164011
internal_weight=1018.6 918.341 650.718 100.257 642.277 600.465 8.4406 59.1165 541.348 52.9774 41.812 267.623 228.535 79.6893 19.83 148.845 127.116 4.46633 24.0376 27.2504 59.8592 39.0888 26.9015 23.14 47.2795 23.1865 18.1794 19.9423 19.9906 2.95718
internal_count=2031139 1831223 1297568 199916 1280743 1197375 16825 117891 1079484 105634 83368 533655 455701 158901 39534 296800 253467 8902 47927 54334 119367 77954 53646 46137 94282 46239 36253 39769 39857 5895
is_linear=0
shrinkage=0.03


Tree=113
num_leaves=31
num_cat=0
split_feature=6 16 1 21 9 29 20 30 44 21 28 25 49 47 15 33 46 8 8 17 8 49 8 8 48 51 49 38 45 11
split_gain=0.00434853 0.00447028 0.00509884 0.00369847 0.00488025 0.00335936 0.0030733 0.00296323 0.00291103 0.00406032 0.00286621 0.00214634 0.00179261 0.00178874 0.00160715 0.00159578 0.00123644 0.00101263 0.00114173 0.00100804 0.000819332 0.00129134 0.000871928 0.000765453 0.000694884 0.000639109 0.000633727 0.000598903 0.000447284 0.00039908
threshold=-1.0406238054033932 -0.65015882100916644 0.91591857034188451 -0.79608175548667004 0.28890094471172417 -0.22429887580316568 -0.14002782022220392 0.97453853879636598 -0.35960041699144435 0.78257790072010258 -0.51863763111503702 0.79191643423149416 1.5293318738049189 1.2373171048927982 0.44309471378772225 0.92508882181876795 0.22900724481865523 1.0000000180025095e-35 -1.2726618078569361 0.53167414589354156 0.21674549291291434 0.77743414006185907 -1.1237210741734425 0.5642737947538351 0.21721008636113018 0.00078254356367935516 -0.32265929522853026 0.1289513205756547 -0.12607548890518708 2.8722586592760608
decision_type=2 2 2 2 2 2 2 2 2 2 2 2 2 2 2 2 2 2 2 2 2 2 2 2 2 2 2 2 2 2
left_child=10 3 6 4 17 15 14 12 9 -8 -1 -10 -7 20 19 23 24 18 -2 -3 22 -22 -5 -4 25 -12 -16 -17 -27 -15
right_child=1 2 5 13 -6 7 8 -9 11 -11 16 -13 -14 29 26 27 -18 -19 -20 -21 21 -23 -24 -25 -26 28 -28 -29 -30 -31
leaf_value=0 0 -0.00018692449450568267 0 -2.2553225408276102e-05 0 -0.00055809189339138217 5.0105959286296315e-05 0 4.5152903140343121e-05 0.00043639161671492457 0 -0.00023745568034485583 0 0.00035989521644328077 0.00010061892459314223 0 0 0.0001215360338481312 0.00079172109123088516 0 -0.00022109199632378151 0 0.00011469954138198055 0.00022060012861937236 0 0 -2.56288115321208e-05 -0.00030773184779020533 -0.00084942705182405583 0
leaf_weight=13.009717750654088 3.9879829322453615 88.102347868960351 27.477331313828472 34.063326855713967 25.537228183122352 38.447979326068889 112.98336047539487 30.411107629537582 137.63378732651472 43.059263827395625 1.9588684370974139 29.282436181558296 12.726357677835038 16.563622320769358 51.183244821906555 3.7090332237421562 11.261752593447452 20.546091507596429 21.002418145420961 43.416387937904801 34.645139229076449 9.7318836314370838 73.997134315024596 19.713533447938971 2.2544548585428847 0.41183855303097416 79.564686549885664 18.002021174761467 12.468867732735815 1.0762688441900525
leaf_count=25943 7953 175675 54794 67927 50934 76650 225303 60636 274445 85839 3906 58394 25377 33031 102058 7398 22456 40975 41885 86574 69083 19409 147545 39320 4495 821 158672 35898 24861 2146
internal_value=0 1.47521e-05 -1.84698e-05 0.000128547 0.000316889 -0.00017619 1.69609e-05 -0.000307113 8.27137e-05 0.000175925 -0.00029912 0 -0.000449981 3.22018e-05 -5.25694e-05 0 -0.000470633 0.000503179 0.000696904 -0.000128484 0 -0.000109419 4.36718e-05 7.57019e-05 -0.000657661 -0.000735099 8.4785e-07 -0.00023172 -0.000816826 0.000318215
internal_weight=1018.23 976.864 735.713 241.151 71.0737 150.487 585.226 81.5854 322.959 156.043 41.3655 166.916 51.1743 170.077 262.267 68.9019 28.3558 45.5365 24.9904 131.519 152.437 44.377 108.06 47.1909 17.094 14.8396 130.748 21.7111 12.8807 17.6399
internal_count=2030403 1947921 1467033 480888 141747 300073 1166960 162663 643981 311142 82482 332839 102027 339141 522979 137410 56539 90813 49838 262249 303964 88492 215472 94114 34083 29588 260730 43296 25682 35177
is_linear=0
shrinkage=0.03


Tree=114
num_leaves=31
num_cat=0
split_feature=14 14 1 47 47 29 7 21 9 21 5 21 47 33 47 1 8 21 28 17 29 8 17 49 1 38 38 45 0 3
split_gain=0.00473535 0.00463394 0.00421443 0.00343832 0.00317728 0.00317128 0.0031525 0.00527083 0.00612548 0.00315318 0.00322735 0.00253436 0.00252564 0.00191735 0.00165486 0.00140698 0.00214277 0.00139951 0.00132227 0.00119016 0.000872923 0.000846163 0.00082242 0.000758703 0.000755445 0.000658977 0.000549219 0.000476142 0.000329437 0.000310104
threshold=-0.89229885435687317 -0.13238175457183418 0.96279058363915615 0.67320347272162429 1.4678566458142497 -0.24789886239868308 -0.33708845362212031 1.3112242834361834 0.43455551208971505 0.50451493371779821 -0.3554841328693516 0.26975863889899615 0.98079998045907424 0.53027017391992193 -0.43035876138120027 0.95381728481421379 -1.0244272609652376 -0.8857660783988065 1.0976425765271125 0.64686939222720319 -0.45924310508409133 0.1174516353169134 -1.0419636976061544 1.0300455500780563 -0.23613497801660874 0.18953441079279265 0.11650928705295861 -0.1294463115737749 -1.6324967052038424 1.0933955242732274
decision_type=2 2 2 2 2 2 2 2 2 2 2 2 2 2 2 2 2 2 2 2 2 2 2 2 2 2 2 2 2 2
left_child=14 3 6 13 5 26 7 25 -9 12 -11 18 -8 21 -1 16 -15 -16 22 -7 -19 24 -5 -23 -2 -3 -4 -22 -29 -6
right_child=1 2 4 11 29 19 9 8 -10 10 -12 -13 -14 15 17 -17 -18 20 -20 -21 27 23 -24 -25 -26 -27 -28 28 -30 -31
leaf_value=0 0 -2.2074074778176827e-05 4.4967343609260116e-05 0 0.00015813255454766382 -0.00058455149766526175 -7.6862116484047977e-05 0 0.00086773484304771551 0 -0.00044690503690369038 0 0.00022792803166250974 0 0 0 0.00023015064464330755 0 0 0 0 -0.00012860232764604895 0.00054970042310508263 0 0.00010588580943448696 0.00010677005470728339 -0.00015646366616798305 0 -0.00039957405438110214 0
leaf_weight=37.589566832117271 72.412141178676393 82.862620775122195 10.253350143495483 6.7888545417226842 11.161102259589827 33.454369132523425 100.57425047189463 9.7074286824208702 15.825288925727362 16.739766637270804 34.645657893910538 14.08061949664261 32.316949849773664 40.557133565365802 9.7807809989317303 21.203519177273847 109.96114177879645 7.1034393662121138 13.825650283717549 5.8151788807008407 0.66909249895252187 76.459902551781852 33.64402717014309 12.290401042788288 76.6819569459185 48.568275230994914 19.344256899203174 1.9224320193752564 50.567713441501844 11.627491358900441
leaf_count=74957 144392 165229 20451 13538 22256 66702 200544 19349 31550 33376 69080 28077 64445 80869 19507 42283 219279 14166 27572 11593 1334 152477 67097 24510 152910 96840 38574 3834 100834 23185
internal_value=0 2.21728e-05 -4.44036e-05 8.87564e-05 -0.000225156 -0.000330142 0 0.000102843 0.000500773 -7.99228e-05 -0.000279525 0.000295195 0 4.69856e-05 -0.000188243 0.000123751 0.000160886 -0.000275165 0.000389605 -0.000513637 -0.000330009 0 0.000482834 -8.09592e-05 3.47309e-05 2.71262e-06 0 -0.000371803 -0.00038492 0
internal_weight=1018.43 910.801 432.896 477.905 91.6557 68.8672 341.24 156.964 25.5327 184.277 51.3854 68.3392 132.891 409.566 107.633 171.722 150.518 70.0435 54.2585 39.2695 60.2627 237.844 40.4329 88.7503 149.094 131.431 29.5976 53.1592 52.4901 22.7886
internal_count=2030810 1816178 863174 953004 182761 137320 680413 312968 50899 367445 102456 136284 264989 816720 214632 342431 300148 139675 108207 78295 120168 474289 80635 176987 297302 262069 59025 106002 104668 45441
is_linear=0
shrinkage=0.03


Tree=115
num_leaves=30
num_cat=0
split_feature=1 14 16 20 15 8 8 30 27 21 4 17 9 28 49 21 3 6 27 49 38 47 47 1 49 16 31 33 33
split_gain=0.00483997 0.00406033 0.00321002 0.00317187 0.00332113 0.00234743 0.00234153 0.0021476 0.00318259 0.00212817 0.00165068 0.00163731 0.00160664 0.00158723 0.00152611 0.00107495 0.000892165 0.000867561 0.000733289 0.000592102 0.000699513 0.000395842 0.000354079 0.000323575 0.000171273 0.000161353 0.000198745 1.59369e-07 4.90557e-07
threshold=1.3595263048772528 -0.89229885435687317 -0.88204730409197885 0.74954776139478974 0.44309471378772225 1.3089774382031674 0.1174516353169134 0.20667893395632672 0.15777166996720215 -0.04448677611076212 0.23255484072028421 0.53167414589354156 0.87151947467444313 -0.44359170185429625 -0.32265929522853026 -0.84715698537929851 1.0217046448264628 -1.0137291823818806 -0.13909834566080961 1.9214095103389446 -0.38653551534908409 -0.10173225234084964 -0.17305317289299246 -1.991437078699293 0.96823890484665076 -0.22334747280051806 -0.92471159349478171 0.84769021355135432 -2.1721795432577324
decision_type=2 2 2 2 2 2 2 2 2 2 2 2 2 2 2 2 2 2 2 2 2 2 2 2 2 2 2 2 2
left_child=1 13 6 4 11 10 9 8 -5 12 -2 -4 -3 27 -6 -12 -9 21 22 20 -17 -15 -8 -23 -20 -19 -27 28 -1
right_child=5 2 3 7 14 -7 18 16 -10 -11 15 -13 -14 17 -16 19 -18 25 24 -21 -22 23 -24 -25 -26 26 -28 -29 -30
leaf_value=0 0 0.00054621794300107999 -0.00013153770126709692 -4.1951588217891386e-05 0.00014536933967045681 0 0 0.00028136546549072621 0.00024982692778748798 0 0 0 0 0 0 0 0 0 -0.0002005777445179839 0 -0.00069141733670061579 0 0.00020879686205158371 -0.00054710958054360293 0 0 -0.00014193940734093336 0 -4.6033722813751979e-06
leaf_weight=0.65841879451181995 3.8586309388629187 31.674105802143458 227.14713577384828 110.23802507558139 100.13433252723189 16.519009869429283 2.0698134617996446 69.367876878299285 43.954951307561714 15.242848902766125 4.1938939517713214 75.344875760027207 7.0366652421653262 6.5682112951763001 146.1067816655268 1.6305785462027511 10.865129537938627 12.04607259709155 12.484918619913511 0.79624307627091084 20.672553525830146 0.19866643083515256 14.462091389636043 17.759434434759893 0.70603031473001543 3.9724082054453929 22.041488450602628 12.023562696354928 27.602859269885812
leaf_count=1313 7695 63165 452926 219812 199671 32940 4128 138333 87632 30391 8363 150240 14034 13096 291369 3252 21662 24023 24894 1588 41220 396 28843 35411 1408 7921 43953 23978 55046
internal_value=0 1.4415e-05 3.83773e-05 1.5341e-05 -1.95678e-05 -0.00029521 0.00021813 0.000109851 2.1768e-05 0.000335935 -0.000448532 -9.0117e-05 0.000454717 -0.000158339 5.49144e-05 -0.000532967 0.00024174 -0.000253048 0 -0.000614418 -0.000644112 -0.000436284 0.000137338 -0.000528962 -0.000162457 -5.61454e-05 -0.000100967 0 -2.25282e-06
internal_weight=1017.38 969.707 866.836 783.159 548.733 47.6709 83.6765 234.426 154.193 53.9536 31.1519 302.492 38.7108 102.871 246.241 27.2933 80.233 62.5863 29.7229 23.0994 22.3031 24.5263 16.5319 17.9581 13.1909 38.06 26.0139 40.2848 28.2613
internal_count=2028703 1933645 1728508 1561645 1094206 95058 166863 467439 307444 107590 62118 603166 77199 205137 491040 54423 159995 124800 59273 46060 44472 48903 32971 35807 26302 75897 51874 80337 56359
is_linear=0
shrinkage=0.03


Tree=116
num_leaves=25
num_cat=0
split_feature=25 29 47 1 21 29 11 14 17 7 17 8 46 8 38 28 49 33 17 33 49 45 5 45
split_gain=0.00407446 0.00371731 0.00408942 0.00471932 0.00429249 0.00329633 0.00237248 0.00232424 0.00231645 0.00371573 0.00251355 0.00173001 0.00151414 0.0013007 0.00120602 0.00119589 0.00115146 0.00098034 0.000735983 0.000378879 0.000393067 0.000123021 5.0068e-05 2.46298e-06
threshold=2.2719467945307339 -0.5110257681538074 1.3268914522886197 0.93455752965831151 0.82520479179506823 -0.25421188502039344 -0.60419793283688883 -0.89229885435687317 -2.4275634617601831 -0.239270657992457 0.31087675870293879 -1.2230148984785962 -0.5215251784879803 0.067804728712811013 0.10866714356149505 -0.73992661522178704 1.0000000180025095e-35 -1.7649913730743825 -1.4530943769625513 -0.7726831486475142 -1.8183749531259725 1.1719898385821093 -1.5153038793997504 -0.12129245669071199
decision_type=2 2 2 2 2 2 2 2 2 2 2 2 2 2 2 2 2 2 2 2 2 2 2 2
left_child=1 13 3 8 7 14 -7 -4 9 -3 -10 -9 18 16 -5 -6 19 -17 21 -1 -21 22 -2 -24
right_child=12 2 4 5 15 6 -8 11 10 -11 -12 -13 -14 -15 -16 17 -18 -19 -20 20 -22 -23 23 -25
leaf_value=0 0 0.001096515506735461 0 0.00016134431464944786 0 0 -0.00039164545766607603 0 -5.7675163833282497e-05 0 5.3852320274993374e-05 0.00042254976888677482 0 0 -0.00010412859680056473 0 0 -0.0004779478942929343 0 0 0.00064925125189582906 0 0 -0.00083388989320138122
leaf_weight=0.37941550684627934 0.1213794793584374 4.5909134219400585 6.8314850463648318 22.109685667150188 1.6920835920027446 18.023477048089262 61.849634039914235 4.3190274991211473 319.5361323558609 4.3095608581206744 413.88389622769319 59.315793197369203 7.6687439804081796 2.8515045978710978 47.023195181216579 0.81097365921595965 4.7402162513462818 10.204036995535715 3.5260760611272426 0.55447128979722649 15.147072689316694 0.052659343346022847 0.14297202415764054 8.2152082433458418
leaf_count=757 242 9161 13622 44102 3374 35934 123316 8613 637117 8593 825348 118284 15292 5688 93772 1617 9452 20347 7032 1106 30206 105 285 16381
internal_value=3.70186e-07 1.17425e-05 0 -1.60452e-05 0.000203695 -0.000171546 -0.000303383 0.000313869 1.11271e-05 0.000494417 1.17165e-06 0.000376778 -0.000422987 0.000383589 0 -0.000171178 0.000472773 -0.000362651 -0.000636959 0.000594848 0.000619767 -0.000806857 -0.000817385 -0.000826567
internal_weight=1017.9 998.173 974.5 891.326 83.1734 149.006 79.8731 70.4663 742.321 8.90047 733.42 63.6348 19.727 23.6727 69.1329 12.7071 20.8212 11.015 12.0583 16.081 15.7015 8.53222 8.47956 8.35818
internal_count=2029746 1990409 1943200 1777343 165857 297124 159250 140519 1480219 17754 1462465 126897 39337 47209 137874 25338 41521 21964 24045 32069 31312 17013 16908 16666
is_linear=0
shrinkage=0.03


Tree=117
num_leaves=31
num_cat=0
split_feature=39 11 14 47 21 16 7 49 17 36 26 41 23 9 34 28 20 42 20 33 47 21 1 16 47 21 28 3 18 28
split_gain=0.00435687 0.0034933 0.00319151 0.00239702 0.00442249 0.00329872 0.00392968 0.00239316 0.00262983 0.00215407 0.00207378 0.00181648 0.00169553 0.00140722 0.00137502 0.000977143 0.000894408 0.00067576 0.000551603 0.000612524 0.000529803 0.000635729 0.000497135 0.000461544 0.000694223 0.000515557 0.000441683 0.000364671 0.000209204 0.000204732
threshold=-0.87198655172382689 -0.1329559073082848 -0.89229885435687317 0.98079998045907424 0.66796259642124711 3.1603330758399069 0.44545395514315123 -0.65610618118974851 -1.7843450938467487 0.13894253329283021 -0.45381488916243762 -0.29247707142108592 0.18869902153137272 1.3084832636253341 -1.0112885558355775 -0.77928392177974237 1.5132650356567874 0.61201343617819959 1.598206864596954 -1.6904751907113884 -0.8269251163317427 -0.79608175548667004 -1.6760577919144175 0.33927483728392666 -0.0092217304384592854 -0.25475485191505925 0.70322704126054159 0.16486222946934145 0.6896001942656812 -0.43621649176094618
decision_type=2 2 2 2 2 2 2 2 2 2 2 2 2 2 2 2 2 2 2 2 2 2 2 2 2 2 2 2 2 2
left_child=1 23 15 5 10 7 12 9 -9 -4 -5 13 -7 16 -12 -2 17 -3 19 -6 -17 -22 -23 24 29 26 -26 -25 -29 -1
right_child=2 11 3 4 18 6 -8 8 -10 -11 14 -13 -14 -15 -16 20 -18 -19 -20 -21 21 22 -24 27 25 -27 -28 28 -30 -31
leaf_value=0 0 -0.00040648682210524278 0 0 0 0.0013489180498487564 0 0.00038171612766717646 -3.4941646061611933e-05 0.00020255539390827011 0 0 0 0 0.00042890473766379569 0 0 0 0 -0.00031133765458185467 0 0 -0.00030538690855112213 0 0.00027561004697368408 0 0 -0.00027430435518695169 0 -8.8873416164357967e-05
leaf_weight=17.685967065335717 19.825570650515147 64.385481934878044 81.406595829408616 9.5994418212212604 1.5346491626114591 4.6139138173894008 3.6680929492576979 13.355457441706674 441.25081388652325 100.39715747139417 3.9948739623068823 20.695936538046226 0.87995677581056941 4.8954456563224076 57.528815503057558 14.36372170189861 1.580493080371524 6.6205817177542476 1.223765535163692 13.346342556586023 9.8242496539023687 1.8528458999935526 41.748265015135985 2.6367903941427384 20.419047378003601 13.048550899140535 7.7860781437484539 11.524403778021222 3.7583734435029319 23.330355607846286
leaf_count=35268 39538 128377 162321 19141 3060 9196 7312 26634 879902 200183 7967 41264 1754 9760 114724 28642 3151 13201 2440 26613 19594 3694 83248 5258 40721 26019 15529 22978 7494 46522
internal_value=0 -0.000126614 3.00559e-05 5.34792e-05 0.000207198 2.80621e-05 0.00060312 1.50695e-05 -1.61019e-05 0.000109516 0.000324278 -0.000253799 0.0011182 -0.000320498 0.000389743 -0.000131613 -0.000356503 -0.000375846 -0.000123582 -0.000223359 -0.000188045 -0.000231933 -0.000281134 0 2.80538e-05 0.000129284 0.000202233 -0.000139884 -0.000210758 -6.21052e-07
internal_weight=1018.78 198.368 820.415 732.8 87.2279 645.572 9.16196 636.41 454.606 181.804 71.1231 98.1779 5.49387 77.482 61.5237 87.6147 72.5866 71.0061 16.1048 14.881 67.7891 53.4254 43.6011 100.19 82.27 41.2537 28.2051 17.9196 15.2828 41.0163
internal_count=2031505 395542 1635963 1461247 173945 1287302 18262 1269040 906536 362504 141832 195753 10950 154489 122691 174716 144729 141578 32113 29673 135178 106536 86942 199789 164059 82269 56250 35730 30472 81790
is_linear=0
shrinkage=0.03


Tree=118
num_leaves=31
num_cat=0
split_feature=6 16 5 29 16 7 44 38 8 21 28 44 45 27 49 47 21 21 8 33 0 47 47 34 2 49 45 46 1 1
split_gain=0.00389093 0.00427642 0.004031 0.00428767 0.00304467 0.00599427 0.00289757 0.00286679 0.00225136 0.00273001 0.00213086 0.00209106 0.00242878 0.00179668 0.00174695 0.00218884 0.00129196 0.00109885 0.000966892 0.000853575 0.000833239 0.000763296 0.000638018 0.000563951 0.000541261 0.000478178 0.000465362 0.000308443 0.000280935 0.000213689
threshold=-1.0406238054033932 -0.82148976284215214 0.36684827642178758 0.024481331518658736 2.9064995363230959 0.34763615951348786 1.0000000180025095e-35 -0.51088444258132237 0.16709854192101581 -0.90923170871044279 -0.51863763111503702 -0.57046227347892997 -0.089487609864683057 -0.15177806832536386 -1.0929924433148603 0.43771262645468451 -0.16013205402404027 0.6511745508348793 -1.1733679863260191 0.97952675229707586 -1.578257770839522 -0.10173225234084964 -0.17305317289299246 -1.0379756430781188 -0.46215315349502345 0.68701224080669865 -0.12607548890518708 0.22900724481865523 -1.8190162718309264 -1.2633467595990466
decision_type=2 2 2 2 2 2 2 2 2 2 2 2 2 2 2 2 2 2 2 2 2 2 2 2 2 2 2 2 2 2
left_child=10 8 4 11 14 17 7 -5 9 20 -1 19 -13 22 16 -16 -3 -6 -11 -4 -2 -12 -10 -22 -20 29 -23 28 -28 -15
right_child=1 2 3 6 5 -7 -8 -9 13 18 21 12 -14 25 15 -17 -18 -19 24 -21 23 26 -24 -25 -26 -27 27 -29 -30 -31
leaf_value=0 0 0 0.00015004363995484735 0 0 0 0 -0.00042305218653972322 0 0 0 -0.00015851856905524532 4.9719404203532667e-05 0 -3.1896924616923513e-05 0.00015050945297548723 0.00028801539909028954 0.001448842608037744 0 0 0 0 0.00025023575146005712 0.00072364871021763776 0.00023600872663919292 0 0 0 -0.0007134467689921864 -0.00031311151696687966
leaf_weight=12.986072921485173 0.95751394482795404 22.463584081677254 66.324165213794913 9.5701361831743252 2.0135909905075078 4.6951102393795736 29.104326136177406 66.545630511536729 2.6203207391081405 17.73448692652164 7.512150474474768 129.72924530337332 53.860343526001088 2.9671825008699733 327.72289776074467 72.243117106438149 36.008322045090608 4.6277806899161078 7.1419661964755496 25.76379539759364 0.27580237586517142 0.72075980127556505 21.278253397846129 16.605405342183076 39.45294656988699 2.4999756260076529 0.1981879812665327 6.2149694866384371 13.716887227899857 15.111434824881142
leaf_count=25896 1909 44794 132249 19085 4012 9360 58031 132664 5226 35366 14978 258695 107406 5914 653517 144069 71795 9225 14243 51373 550 1437 42437 33118 78667 4985 395 12393 27350 30134
internal_value=-3.92948e-07 8.70272e-06 -1.22471e-05 -8.74535e-05 4.23449e-05 0.000542026 -0.000252754 -0.000350105 0.00017311 0.000266172 -0.000287929 -1.34795e-05 -8.10862e-05 0 2.34445e-05 0 0.000176631 0.00114621 0.000114284 8.8726e-05 0.000645733 -0.000434139 0.000178115 0.000696452 0.000191593 -0.000204289 -0.000537892 -0.000566121 -0.000695404 -0.000267039
internal_weight=1018.67 977.317 850.672 380.898 469.774 11.3365 105.22 76.1158 126.645 82.1681 41.349 275.678 183.59 44.4772 458.438 399.966 58.4719 6.64137 64.3294 92.088 17.8387 28.363 23.8986 16.8812 46.5949 20.5786 20.8508 20.13 13.9151 18.0786
internal_count=2031273 1948824 1696275 759503 936772 22597 209780 151749 252549 163853 82449 549723 366101 88696 914175 797586 116589 13237 128276 183622 35577 56553 47663 33668 92910 41033 41575 40138 27745 36048
is_linear=0
shrinkage=0.03


Tree=119
num_leaves=31
num_cat=0
split_feature=6 16 39 20 28 4 21 8 21 9 29 8 21 17 8 47 47 17 27 47 47 1 49 1 45 46 28 8 8 30
split_gain=0.00381858 0.00440188 0.00327258 0.00296957 0.00248747 0.00213464 0.00539071 0.00211146 0.00235365 0.00219302 0.00203175 0.00193447 0.00191268 0.00184873 0.0017532 0.00174788 0.00154596 0.00165579 0.0012623 0.000973519 0.000476269 0.000306676 0.000298811 0.00043773 0.000282431 0.000367511 0.000223119 0.00106409 0.000215937 0.000125713
threshold=-1.0406238054033932 -0.84545204599831258 -0.86571236089413672 -0.25024251491087818 -0.2145121847755094 -0.22906736123891661 1.5788998553941169 0.1174516353169134 0.028435016084425332 0.87151947467444313 -0.28800356645620168 -0.77619270575082766 0.075237188453735601 0.59350085141418485 -1.2230148984785962 0.10632481104258482 1.5888271703251629 0.31866538286056795 -0.15695085680498458 -0.092603159146326705 -0.17305317289299246 -1.8986029185770907 0.89293575236379019 -1.1935791705884491 -0.12607548890518708 0.25679710477762069 0.19814771476442386 0.96144913636224649 -1.1237210741734425 -0.61157755873181785
decision_type=2 2 2 2 2 2 2 2 2 2 2 2 2 2 2 2 2 2 2 2 2 2 2 2 2 2 2 2 2 2
left_child=4 7 10 12 -1 6 -5 8 9 14 26 -7 15 -14 -2 -4 17 -12 20 -6 -9 -21 23 -20 -23 -26 28 -28 -3 -22
right_child=1 2 3 5 19 11 -8 18 -10 -11 16 -13 13 -15 -16 -17 -18 -19 22 21 29 24 -24 -25 25 -27 27 -29 -30 -31
leaf_value=0 0 0 -6.0851282647002019e-05 -6.4836603104553576e-05 0 0 0.000454914822656444 0 0 0 -0.0003929379847078741 0.00018359781666818289 -0.00026361589652336783 0 0.0005843490324420914 0.0001315409907736429 0 -7.7571719169311175e-07 0 0 0 0 0 -0.0002798575923519308 -0.000782803069155612 0 -0.00022023349690690892 0 8.7026853463576399e-05 0.00026713890296000596
leaf_weight=18.653885017964058 9.6673341642599535 11.126858956296926 137.86701509926934 160.09247739810962 5.2642657511169118 55.154088827548549 20.191801564476918 2.2608401086181429 17.958002490689978 9.4088470865972322 49.344505663379095 167.73397809884045 60.554623053525575 29.18075509154005 33.671619098749943 61.410403481218964 15.790513923624529 32.63431149139069 3.3046895463485315 0.20569530571811512 2.0816695609828519 0.54920116777066752 1.4096115037682455 14.726792928820942 11.980831860448228 4.7973494153702623 23.002637298544869 10.373413797293322 31.31102492014179 16.637887198652603
leaf_count=37198 19279 22188 274932 319239 10496 109965 40250 4509 35804 18765 98384 334483 120743 58181 67148 122465 31486 65063 6587 410 4151 1095 2811 29367 23888 9566 45870 20691 62439 33183
internal_value=-4.65157e-07 8.53518e-06 -1.10345e-05 1.43265e-05 -0.000284953 7.02876e-05 0 0.000187994 0.000287093 0.000388126 -0.000129447 0.000132498 -5.33589e-05 -0.000168384 0.000478422 0 -0.000220121 -0.00027342 0 -0.000495823 0.000175411 -0.000607968 -0.000158843 -0.000205227 -0.000624453 -0.000646418 0 -6.88058e-05 3.17561e-05 0.000239548
internal_weight=1018.35 976.896 865.768 692.185 41.4512 403.172 180.284 111.127 70.7058 52.7478 173.583 222.888 289.013 89.7354 43.339 199.277 97.7693 81.9788 40.4215 22.7973 20.9804 17.5331 19.4411 18.0315 17.3274 16.7782 75.8139 33.3761 42.4379 18.7196
internal_count=2030636 1947983 1726379 1380258 82653 803937 359489 221604 140996 105192 346121 444448 576321 178924 86427 397397 194933 163447 80608 45455 41843 34959 38765 35954 34549 33454 151188 66561 84627 37334
is_linear=0
shrinkage=0.03


Tree=120
num_leaves=31
num_cat=0
split_feature=25 34 16 7 12 47 21 28 45 9 41 30 4 36 46 8 21 38 18 8 38 33 47 16 18 29 38 33 40 17
split_gain=0.00408132 0.00313595 0.00390211 0.00367921 0.00329538 0.00356276 0.00430618 0.0019925 0.00181694 0.00168395 0.00139812 0.00139146 0.00197716 0.0013371 0.00123943 0.000927212 0.00131001 0.000867438 0.000795969 0.000767656 0.0004247 0.000390321 0.000301711 0.000246214 0.000157423 0.000137786 0.00011492 0.000245561 6.06253e-05 5.82011e-05
threshold=2.2719467945307339 -0.90192080896680171 2.3979719878737176 0.24981836388382453 1.0000000180025095e-35 -0.056348053631383579 0.39338552921973058 -1.0272120091744943 -0.09091721974710458 0.43455551208971505 -0.35876116360760707 0.87794216830243399 0.023101852508001026 1.712037405444073 -0.48358996979402419 0.16709854192101581 0.28171842931142338 -0.54714474794814405 1.513605764334615 1.3586243891950658 -0.54714474794814405 0.65603871541017422 1.1266861369992904 -1.0010661497652973 0.58494000642736144 -0.31501330094023011 -0.98779063060853411 -2.0934024513970457 2.4925669564053252 -0.51534869728694399
decision_type=2 2 2 2 2 2 2 2 2 2 2 2 2 2 2 2 2 2 2 2 2 2 2 2 2 2 2 2 2 2
left_child=1 11 4 9 5 7 -7 -3 10 -4 -6 12 15 -11 20 16 -1 -14 -19 -10 -2 -17 26 -24 28 -25 -13 -28 -22 -5
right_child=14 2 3 29 8 6 -8 -9 19 13 -12 22 17 -15 -16 21 -18 18 -20 -21 24 -23 23 25 -26 -27 27 -29 -30 -31
leaf_value=0 0 0.00018707779356373999 0 0.00013214886917489301 -0.00020635542896205682 0.00023238909183274711 -7.5851393384517604e-05 -2.6675610328931493e-05 0 0.0010938561340946647 0 0 0 0 0 -0.00022854143728395589 0.0003564332853264521 -0.00037633975918383218 0 0.00018527313501943645 -0.00076362782022254593 0 0 0 0 0.00028834706881904453 0 -0.00013716713774035392 0 0
leaf_weight=22.497854237852152 3.0201760110794575 45.439652167726308 0.99520669964840891 2.9994855156401163 91.974490517866798 167.18906660022913 36.681763150612824 285.21057318663225 104.27216468227562 8.4502390959532914 78.432174870744348 5.5018817311502088 9.8720994610921462 1.0081053379690263 7.4697377274860619 20.68645631388063 10.109133441292213 46.539532611495815 1.1410938688786689 20.300872845109552 9.1524343781638855 3.3266073482227503 0.48744690243620326 0.77451202768133853 0.07173446560045782 7.4225289535825132 1.9109665489522765 17.243478403019253 0.087751442973968419 8.133031551144084
leaf_count=44863 6023 90614 1984 5981 183396 333409 73140 568727 207918 16841 156396 10973 19688 2010 14895 41250 20155 92796 2274 40482 18250 6633 972 1545 143 14802 3810 34387 175 16214
internal_value=-9.61634e-09 5.49139e-06 3.04634e-05 0.000434789 1.6325e-05 6.35394e-05 0.000162213 0 -5.90601e-05 0.000840906 -0.000124897 -0.000118249 -0.000170395 0.000970444 -0.000428925 0 5.68279e-05 -0.000297518 -0.000351024 6.91718e-06 -0.000621183 -0.000174259 0 0.000176825 -0.000743011 0.000245275 0 -7.34825e-05 -0.000756098 0
internal_weight=1018.4 998.6 851.087 21.5861 829.501 534.521 203.871 330.65 294.98 10.4536 170.407 147.514 114.173 9.45834 19.8018 56.6201 32.607 57.5527 47.6806 124.573 12.3321 24.0131 33.3408 8.68449 9.31192 8.19704 24.6563 19.1544 9.24019 11.1325
internal_count=2030746 1991260 1697112 43030 1654082 1065890 406549 659341 588192 20835 339792 294148 227659 18851 39486 112901 65018 114758 95070 248400 24591 47883 66489 17319 18568 16347 49170 38197 18425 22195
is_linear=0
shrinkage=0.03


Tree=121
num_leaves=28
num_cat=0
split_feature=1 29 8 14 16 18 47 7 21 9 4 38 28 8 49 21 49 48 33 29 30 11 11 11 4 4 4
split_gain=0.00420722 0.00384981 0.0027934 0.00270422 0.00314967 0.00286782 0.00233569 0.00208452 0.00137007 0.00196002 0.00132092 0.00117876 0.00117709 0.00109025 0.00100733 0.000901792 0.000834531 0.00081629 0.00042659 0.00041728 0.000371251 1.88688e-05 7.50597e-06 7.29265e-06 5.87922e-06 1.41327e-05 2.38885e-06
threshold=1.3595263048772528 -0.5110257681538074 1.3586243891950658 -0.88476182995522312 -0.87594500807750697 1.010965023747356 1.3268914522886197 0.15200056825416117 0.028435016084425332 0.87151947467444313 0.23255484072028421 -0.63587574131166613 -0.45130371633071525 0.067804728712811013 1.0000000180025095e-35 -0.8857660783988065 1.9214095103389446 0.13468883063156042 -0.79211002736510372 -0.47608489893450373 1.1101622745974351 -0.5978089538580309 3.4067771070955373 -1.2871584730717645 1.2889950090527618 -0.8067216168392527 1.143712704230371
decision_type=2 2 2 2 2 2 2 2 2 2 2 2 2 2 2 2 2 2 2 2 2 2 2 2 2 2 2
left_child=1 13 10 12 8 6 -6 -7 9 -5 -2 -12 21 14 18 -13 -17 19 -1 -14 -20 23 -23 -3 25 -4 -27
right_child=2 3 24 4 5 7 -8 -9 -10 -11 11 15 17 -15 -16 16 -18 -19 20 -21 -22 22 -24 -25 -26 26 -28
leaf_value=0 0 0 0 0.00034109914522738777 -3.7757381209967657e-05 0.00033816500694902743 0.00014474733465417772 0 0 0 0 0 0 0 0 -0.00066325154493125573 0 0 0.00064718200688661763 -0.00030503036229080334 0 -3.1815399237016072e-05 0 2.1313842125071425e-05 0 4.7704719537240353e-05 0
leaf_weight=0.37140842183726341 4.0250997102702959 0.53857474593678745 0.34150582941947405 53.066686248173937 633.79957950749667 37.359534881892614 66.027779381081928 23.451708144915756 19.273039581195917 11.34856229322031 1.2644651063601475 3.5529680908657637 4.222220151918008 2.8304448403650886 4.7282233174191779 22.676507760712418 0.87497510842513193 13.419141793448942 14.822242461552376 45.795110767998267 0.79906413657590825 22.920483704830989 0.26626520743593474 15.629446908656972 3.5356972827576092 8.858972823887596 2.5326706637279122
leaf_count=741 8027 1074 681 105825 1263817 74493 131667 46758 38426 22634 2522 7085 8421 5646 9428 45216 1745 26759 29558 91315 1594 45706 531 31171 7050 17666 5050
internal_value=0 1.19022e-05 -0.000276692 0 2.01393e-05 0 -1.62515e-05 0.000198504 0.000194844 0.000261659 -0.00043618 -0.000509071 -0.000142638 0.000391097 0.000470324 -0.00055712 -0.000625834 -0.000222862 0.000585911 -0.000278713 0.000613213 0 -2.66317e-05 5.76182e-06 0 2.12361e-05 3.97624e-05
internal_weight=1018.33 970.67 47.6629 947.118 844.327 760.639 699.827 60.8112 83.6883 64.4152 32.394 28.3689 102.791 23.5514 20.7209 27.1045 23.5515 63.4365 15.9927 50.0173 15.6213 39.3548 23.1867 16.168 15.2688 11.7331 11.3916
internal_count=2030606 1935564 95042 1888597 1683620 1516735 1395484 121251 166885 128459 64595 56568 204977 46967 41321 54046 46961 126495 31893 99736 31152 78482 46237 32245 30447 23397 22716
is_linear=0
shrinkage=0.03


Tree=122
num_leaves=31
num_cat=0
split_feature=25 37 34 16 45 45 47 21 16 30 17 13 11 29 9 46 38 47 29 9 45 44 20 35 28 28 17 25 47 45
split_gain=0.0040158 0.00346479 0.00207402 0.00330477 0.00242029 0.00454541 0.00194511 0.00250434 0.00226898 0.00166853 0.00157707 0.00128123 0.00103443 0.000967453 0.000703782 0.000646251 0.00084723 0.000550282 0.000517159 0.000496933 0.000478474 0.000564626 0.000470227 0.000435337 0.000404969 0.00029003 0.000206168 0.00119828 0.000622479 0.000168249
threshold=2.1163602680412557 0.66679797367072757 -0.93339895977807352 3.1603330758399069 -0.09091721974710458 -0.090917831414596154 -0.77506210832800571 0.16696635645058958 -0.33091108790165663 -0.72817195513361954 -0.77731289446623497 -0.23014487445648366 -0.72691084245884341 -0.46376350299705976 -0.87633600669256528 0.7433964740272041 -0.54714474794814405 1.54910486221848 0.74614962975029664 0.58021016628462441 -0.11222987739346638 2.2761727891021271 -1.0342237624029307 0.046119521740958611 1.9607741092835471 -0.93791887687338826 0.076930946112121729 -0.0061303749491829406 1.1807524285731466 -0.1089487578034687
decision_type=2 2 2 2 2 2 2 2 2 2 2 2 2 2 2 2 2 2 2 2 2 2 2 2 2 2 2 2 2 2
left_child=1 2 12 4 5 -4 7 25 26 -6 15 23 -1 -13 -5 16 -2 24 -16 -9 -18 -22 -21 -10 -14 -3 28 -28 -8 -27
right_child=10 6 3 14 9 -7 8 19 11 -11 -12 13 17 -15 18 -17 20 -19 -20 22 21 -23 -24 -25 -26 29 27 -29 -30 -31
leaf_value=0 0 0 5.703238211025402e-05 0 0 -0.0001899730321466442 -0.00013937938320923767 0 -0.0001185360746932909 0.00015928004735707617 0 0 -0.00025100343310050649 -0.00035306492613765191 0.00096374898395179044 0 0 0 0 0 -0.00078575493787250009 0 0.00049175499851975013 0 0 0 0 0.00030221167977312433 0 -0.000155597834203379
leaf_weight=13.905083468183873 3.2738891691551606 6.4782036981778246 297.44507284276187 1.0732723665423689 82.458021040365566 86.544662726519164 32.240505526249763 3.6831941424752594 39.6324183496763 215.35595310298959 5.1674475756008169 3.1672753066522992 39.272691736870911 58.271851608122233 5.3536909202812231 1.380655130080412 1.1463692060788222 5.6676071149995542 0.31109411345096294 1.2432618031743921 11.687794088385992 1.1268667906988419 13.153487022034822 24.75681454356527 2.0610131288995026 4.0481737577938501 18.100369702151514 13.115986414719371 8.4606560833053646 19.088151056726929
leaf_count=27729 6529 12920 593121 2140 164409 172582 64289 7341 79025 429441 10305 6316 78309 116190 10671 2753 2286 11302 620 2479 23305 2247 26227 49369 4110 8073 36097 26159 16872 38067
internal_value=0 1.00426e-05 4.47387e-05 6.24243e-05 5.11479e-05 0 -8.36784e-05 4.71765e-05 -0.00013041 0.00011534 -0.000384379 -0.000207259 -0.00010594 -0.000322578 0.000758223 -0.000514788 -0.00056567 -0.000185341 0.000891987 0.000357472 -0.000670549 -0.000723508 0.000437657 -5.06314e-05 -0.000225928 -4.09603e-05 0 6.18611e-05 -4.02972e-05 -0.000115886
internal_weight=1018.67 994.889 749.448 688.542 681.804 383.99 245.44 47.6945 197.746 297.814 23.783 125.828 60.9064 61.4391 6.73806 18.6156 17.2349 47.0013 5.66479 18.0799 13.961 12.8147 14.3967 64.3892 41.3337 29.6145 71.9175 31.2164 40.7012 23.1363
internal_count=2031283 1983858 1494434 1372984 1359553 765703 489424 95107 394317 593850 47425 250900 121450 122506 13431 37120 34367 93721 11291 36047 27838 25552 28706 128394 82419 59060 143417 62256 81161 46140
is_linear=0
shrinkage=0.03


Tree=123
num_leaves=31
num_cat=0
split_feature=15 44 34 47 19 38 29 44 4 16 7 16 25 30 21 16 47 9 0 16 25 33 21 15 3 21 7 48 6 44
split_gain=0.00357378 0.00313864 0.00274487 0.00253753 0.00368512 0.00293301 0.00292441 0.00272257 0.00334258 0.00233651 0.00200087 0.00197507 0.00193675 0.00206698 0.00166454 0.00156264 0.00194251 0.00137581 0.00110736 0.000892081 0.000838184 0.00104572 0.00189586 0.000974705 0.000699506 0.00108503 0.000600292 0.000591443 0.000554008 0.000506423
threshold=-1.2632122444228695 -0.35960041699144435 -0.87505837400411501 0.93687471305047998 -0.46251637256345773 0.19952093069051938 -0.46376350299705976 -0.14873856050395873 -0.62552377626345501 -0.56913766277858169 1.0000000180025095e-35 -0.14651385009109227 0.569568229710676 0.79621206058013316 0.94300491305065914 0.31275213293941612 -0.8162555532170247 0.14324637733373335 -0.11905313310388414 3.5100194515799923 0.076937233667596708 0.62496366879470155 0.29385981469896111 0.04729517010335299 -0.91954587540985078 0.61590967808799757 0.64108954640247795 0.75246335445017787 -1.0211277148820794 -0.78132412996641565
decision_type=2 2 2 2 2 2 2 2 2 2 2 2 2 2 2 2 2 2 2 2 2 2 2 2 2 2 2 2 2 2
left_child=1 24 15 5 11 6 18 10 -9 -8 -7 28 -3 19 17 20 -17 -6 -4 -14 21 22 -2 -22 25 -1 -27 -18 -5 -25
right_child=2 12 3 4 14 7 9 8 -10 -11 -12 -13 13 -15 -16 16 27 -19 -20 -21 23 -23 -24 29 -26 26 -28 -29 -30 -31
leaf_value=0 -0.00028107438742106406 0 0 0 0.00050430310475423664 0.00014863061181113598 1.6499424118768363e-05 0 0.00061988059935122063 -0.00011893855791434185 -4.4447872843658411e-05 -0.00028294804289025015 -0.00070870994239483347 -1.3402515649324724e-05 0 0 -0.00033413121805735623 0 0.00023485017687936233 0 0 1.7202004111049363e-06 0 0 -1.0019460884959549e-05 0.00075668392188010542 0 0 0.00019889209310243984 0.00026762421873617143
leaf_weight=3.5207771071582092 39.630032709566876 22.20857009710744 42.261123876669444 1.3133295078296239 37.446013631066307 92.50087610038463 159.58428298763465 9.732450922951104 20.330004450574052 234.30305670056259 67.407725267170463 14.779196569172198 20.299844522553034 18.526520489773247 4.5636394564644425 8.9622305972152372 44.822799494781066 4.1044611374963997 45.304117683728691 0.4098755749873807 16.274283877864946 9.4001668315613625 8.7410671518300642 4.9077836270444122 27.940648360701744 3.7437105881981552 0.32292392756789912 5.3346490630647159 27.629070185183082 22.393696050334256
leaf_count=7019 79026 44276 84288 2619 74676 184431 318220 19401 40528 467245 134390 29469 40477 36941 9100 17872 89372 8186 90362 817 32452 18745 17427 9787 55708 7463 644 10637 55098 44662
internal_value=0 -0.000174957 1.64057e-05 4.29029e-05 0.000196547 1.78775e-05 -1.61301e-05 0.000119856 0.000399731 -5.64492e-05 4.84798e-05 0 -0.000307053 -0.00043826 0.000383639 -9.06026e-05 -0.000214638 0.000446541 0.000130974 -0.00067347 0 -9.14819e-05 -0.000171615 7.88438e-05 0 0.000287409 0.000627894 -0.000298592 0.000143302 0.000205069
internal_weight=1018.7 96.9729 921.726 761.259 89.8357 671.424 481.453 189.971 30.0625 393.887 159.909 43.7216 61.4448 39.2362 46.1141 160.467 59.1197 41.5505 87.5652 20.7097 101.347 57.7713 48.3711 43.5758 35.5281 7.58741 4.06663 50.1574 28.9424 27.3015
internal_count=2031338 193345 1837993 1518013 179148 1338865 960115 378750 59929 785465 318821 87186 122511 78235 91962 319980 117881 82862 174650 41294 202099 115198 96453 86901 70834 15126 8107 100009 57717 54449
is_linear=0
shrinkage=0.03


Tree=124
num_leaves=31
num_cat=0
split_feature=25 47 1 29 21 33 11 8 8 21 8 11 51 34 7 20 38 28 44 11 45 33 49 16 17 21 17 30 38 46
split_gain=0.00356111 0.003342 0.00480655 0.00459479 0.00438543 0.00260677 0.00254001 0.00245874 0.00232642 0.00436903 0.00211451 0.00195754 0.00175032 0.00136047 0.00132685 0.00122623 0.00116037 0.00114978 0.00111891 0.00105927 0.000902694 0.00097125 0.000860451 0.000423124 0.000400339 0.00030422 0.000298498 0.00027869 0.000295234 0.00026475
threshold=2.2719467945307339 1.3619506873266054 0.91591857034188451 -0.24789886239868308 0.78257790072010258 0.48477987898018304 -0.62182311075630625 -0.97478034326418628 0.16709854192101581 0.96918619688801144 -0.57760505714052013 0.078313799900001355 0.00044729053736507446 -0.95846339205091391 -0.53272404488144698 1.4985520913617061 0.097632939185800946 -0.65714229977704719 -0.46503134523518719 2.8722586592760608 -0.055427626652399704 -1.7649913730743825 -0.46105717277886932 -0.80982836527939628 -1.4530943769625513 -0.26973196949017941 -0.19255266826775272 1.2560232940198732 -3.0638626692897408 0.86491508531118877
decision_type=2 2 2 2 2 2 2 2 2 2 2 2 2 2 2 2 2 2 2 2 2 2 2 2 2 2 2 2 2 2
left_child=1 2 5 16 10 8 -5 14 9 -1 25 -9 -10 -12 -7 -8 22 -6 -2 -15 21 -19 -4 -18 27 -3 -27 28 -20 -30
right_child=18 4 3 6 17 7 15 11 12 -11 13 -13 -14 19 -16 -17 23 20 24 -21 -22 -23 -24 -25 -26 26 -28 -29 29 -31
leaf_value=-1.22724779842455e-05 0 9.1908741381719947e-05 0 0 0 4.0670941947533104e-05 -0.00042892134779774055 0.0001954400401942997 0 0.00034128193673975572 0 0 -0.00019331141821511891 0.00049509957590704822 -0.00016650361721763171 0 0 0 0 0 0 -0.00062471451034976761 0.00029893034755086855 -0.00011713299348122417 0 -0.0002996541355352047 0 0 -0.0008068622576702599 0
leaf_weight=225.78945944504812 2.2537048531230566 6.57948112860322 4.7368235755129744 17.708496372739319 1.975941062089986 49.472582788846921 63.410234481852967 164.63864437822485 72.807143952930346 34.680333070224151 8.3908282123738882 70.233063522726297 101.24669093231205 42.911670559842605 41.566138010181021 1.9768073013983656 7.7339207594050086 0.56023031153017555 0.12835117516806605 2.7837472091778173 2.1916146824951275 8.1328507403377426 17.572936325334013 45.86264263704652 5.9888038141070838 5.4221405958523974 0.51206631615059262 3.0818222524249004 8.1625973751069942 0.24517523590475399
leaf_count=450242 4494 13121 9447 35306 3940 98645 126428 328318 145191 69137 16733 140031 201894 85573 82882 3941 15424 1117 256 5550 4370 16217 35054 91457 11943 10811 1021 6145 16276 489
internal_value=-1.14773e-06 3.79692e-06 -9.24595e-06 -0.000161378 0.00019247 1.86188e-05 -0.000315592 8.4988e-05 -2.42567e-05 2.3284e-05 0.000310909 0.00013883 -0.000112637 0.000392702 -2.09671e-05 -0.000401912 0 -0.000187606 -0.000400897 0.000457524 -0.000369668 -0.000514357 0.000188878 -6.80822e-05 -0.00048835 0 -0.000191763 -0.000626445 -0.000750665 -0.000776983
internal_weight=1018.76 998.896 919.436 159.002 79.4606 760.434 83.0955 325.91 434.524 260.47 66.5999 234.872 174.054 54.0862 91.0387 65.387 75.9063 12.8606 19.8605 45.6954 10.8847 8.69308 22.3098 53.5966 17.6067 12.5137 5.93421 11.6179 8.53612 8.40777
internal_count=2031453 1991850 1833397 317057 158453 1516340 165675 649876 866464 519379 132809 468349 347085 107856 181527 130369 151382 25644 39603 91123 21704 17334 44501 106881 35109 24953 11832 23166 17021 16765
is_linear=0
shrinkage=0.03


Tree=125
num_leaves=31
num_cat=0
split_feature=14 14 18 47 21 20 21 7 0 38 28 16 28 9 28 19 51 46 48 22 21 30 21 28 9 29 21 45 8 38
split_gain=0.00335233 0.0034386 0.00406339 0.00316167 0.00301052 0.00255745 0.00269486 0.00218431 0.00214353 0.00212905 0.00184972 0.00157466 0.00141791 0.00122225 0.0011698 0.000945361 0.000884523 0.00107501 0.000857976 0.000840384 0.00163677 0.00119792 0.000762016 0.00138596 0.000956731 0.000751043 0.000816011 0.000322345 0.000167288 0.000190578
threshold=-0.89229885435687317 -0.28472001713327161 0.98934584376395307 0.28469134046079375 0.065269699480319771 0.74954776139478974 0.05552191162563249 0.24981836388382453 -0.86798596500710323 0.20663911262352133 0.86697582665637796 -0.34460823017974007 -0.8852800316906636 -0.43937215262898549 -0.44359170185429625 -0.99243809778567726 0.00074061254591750096 0.22900724481865523 0.072692422921506392 0.28366682767098145 0.046196688410059444 0.27316765691834416 0.05552191162563249 -0.2145121847755094 -0.14806293105608534 -0.20958340742162199 0.094446081896587708 -0.12824705926799732 0.61392074574573352 0.068669452582163296
decision_type=2 2 2 2 2 2 2 2 2 2 2 2 2 2 2 2 2 2 2 2 2 2 2 2 2 2 2 2 2 2
left_child=14 3 5 12 10 6 11 9 -8 -4 15 -3 25 -11 -1 -5 -16 18 27 21 -21 -7 23 -14 -24 26 -2 -18 29 -6
right_child=1 2 7 4 28 19 8 -9 -10 13 -12 -13 22 -15 16 -17 17 -19 -20 20 -22 -23 24 -25 -26 -27 -28 -29 -30 -31
leaf_value=0 0.00028921773915423324 3.5715589501000741e-05 0 0 0 -7.5202768203014875e-05 0 0 -0.00028146088302147677 0 0 -0.00011754126831623187 1.6282167994950156e-05 0.00075368201786838948 0 0.00048468719834555328 0 0 0 0 0.00048689746197951386 0.0001090650869189513 0 -0.00013331448071838848 0.00015766046894303499 0 0 -0.00064828455754634173 1.4679218304364384e-05 -0.00020483684133212435
leaf_weight=40.655579465208575 34.622307049285155 105.59752211917657 8.9558002871926892 6.582851043494883 4.548804879945239 72.663682660961058 20.842972665443085 13.662663016759323 102.20025798119605 1.5439856735174515 17.01279525202699 102.51780614920426 82.898109358677175 13.077618094917852 27.182142544304952 45.537028783757705 0.27938815380912707 19.026311749941669 4.5686216913163653 5.4681475568795568 9.9586698103230429 56.087992150743958 22.13054390437901 85.601508107793052 50.323519948229659 17.450713261903729 11.784366100095211 15.844393300591037 12.211301700677721 7.6135094252531417
leaf_count=81076 69051 210581 17860 13127 9072 144878 41562 27240 203770 3078 33929 204430 165322 26072 54204 90815 557 37940 9110 10905 19849 111839 44116 170709 100338 34796 23496 31592 24350 15179
internal_value=0 1.61239e-05 -3.1072e-05 8.43898e-05 0.000241923 -5.98982e-05 -0.000108182 0.000256312 -0.000223879 0.000432603 0.000344025 -2.53638e-05 2.62217e-05 0.000657892 -0.000160778 0.000434656 -0.000239364 -0.000341393 -0.000520068 3.01955e-05 0.000239894 0 0 -4.1912e-05 7.33506e-05 0.000152532 0.000215825 -0.000628488 0 -0.000110285
internal_weight=1018.45 910.894 512.577 398.317 93.5063 475.337 331.159 37.2401 123.043 23.5774 69.1327 208.115 304.811 14.6216 107.556 52.1199 66.9009 39.7187 20.6924 144.178 15.4268 128.752 240.954 168.5 72.4541 63.8574 46.4067 16.1238 24.3736 12.1623
internal_count=2030843 1816364 1022064 794300 186472 947814 660343 74250 245332 47010 137871 415011 607828 29150 214479 103942 133403 79199 41259 287471 30754 256717 480485 336031 144454 127343 92547 32149 48601 24251
is_linear=0
shrinkage=0.03


Tree=126
num_leaves=31
num_cat=0
split_feature=14 14 20 47 1 16 7 21 21 28 16 33 9 47 17 19 28 30 17 30 18 11 21 29 48 21 49 33 38 8
split_gain=0.00363727 0.0030728 0.00375903 0.00239409 0.00228411 0.00182572 0.00170378 0.0100906 0.00369559 0.00166532 0.00159147 0.00151551 0.00132558 0.00124232 0.00152578 0.0012081 0.00118776 0.00119964 0.00168309 0.0009866 0.000950776 0.000841602 0.00066919 0.000532512 0.000490316 0.00056976 0.000435542 0.000321498 0.000417547 0.000406438
threshold=-0.89229885435687317 -0.29095764279501862 0.74954776139478974 0.40927857446964294 1.0033499714245715 -0.39749685319329325 0.24981836388382453 0.80253702732771559 0.66796259642124711 -0.77928392177974237 0.41105181332629254 -2.0159841908779974 -1.0219906174790152 1.3268914522886197 0.54438548250740848 -0.47956883927966443 -0.66478460959409291 -0.80090400865645017 0.076930946112121729 -1.9854934787733853 0.95211943319519265 2.3296276738418311 0.065269699480319771 -0.48254725357700429 0.21721008636113018 -0.9013200683399597 -1.4776681556715527 0.47318144229540893 0.20014358904188187 -1.1237210741734425
decision_type=2 2 2 2 2 2 2 2 2 2 2 2 2 2 2 2 2 2 2 2 2 2 2 2 2 2 2 2 2 2
left_child=9 3 4 16 13 -6 7 22 12 -1 15 -10 -8 14 -3 -5 17 -2 -19 -9 -7 -15 -4 -11 25 -25 -17 28 -18 -29
right_child=1 2 6 10 5 20 8 19 11 23 -12 -13 -14 21 -16 26 27 18 -20 -21 -22 -23 -24 24 -26 -27 -28 29 -30 -31
leaf_value=0 0 -0.00011473588055988314 -0.00013429926548897447 0 0 -0.00040972176945574883 0.00021862727063471041 0 0 0 0 -0.00048678711735221218 0 0.00024111364350842436 1.4033891165397765e-05 0 -8.2710990432318082e-05 0 0.00026849814822732564 0.00071172285737636936 0 0 4.2722636379510281e-05 0 0 -0.00032039007461696271 0.00043084421568323565 0 0 7.990346884024424e-05
leaf_weight=22.279841957963072 35.207022819318809 179.37856215448119 30.957933687604964 23.104063041508198 25.828776629990898 39.956381256401073 37.34537289023865 3.1241717208758955 0.8058352143852997 7.5013262135907999 14.40220260422211 17.293849014677107 17.61549259070307 20.846123020804956 86.906770534464158 1.1031170372734767 81.406324270355981 15.340648391109424 56.188247353362385 25.121460900933016 2.8097052440280086 4.3256987087661392 24.20605242572492 8.3454009192064387 11.976047226227818 57.457739341829438 39.961731909017544 19.255195427162107 34.554402598703746 74.245497354480904
leaf_count=44432 70206 357674 61741 46074 51508 79673 74466 6228 1607 14960 28718 34482 35123 41571 173295 2200 162344 30593 112053 50073 5602 8625 48262 16643 23881 114571 79698 38393 68889 148055
internal_value=0 1.83733e-05 -2.54372e-05 8.32951e-05 -8.32388e-05 -0.000247701 8.83966e-05 0.000181776 0 -0.000166055 0.000239487 -0.000388656 0.000103786 -3.42392e-05 -6.14436e-05 0.000304217 3.49956e-05 0.000116804 0.000188289 0.000647368 -0.000369911 0.000134367 -2.23844e-06 -0.000228808 -0.000252119 -0.000286075 0.000413636 0 -3.95207e-05 3.40227e-05
internal_weight=1018.85 911.291 516.522 394.768 360.052 68.5949 156.47 83.4096 73.0605 107.56 78.5711 18.0997 54.9609 291.457 266.285 64.1689 316.197 106.736 71.5289 28.2456 42.7661 25.1718 55.164 85.2805 77.7792 65.8031 41.0648 209.461 115.961 93.5007
internal_count=2031640 1817153 1029930 787223 717948 136783 311982 166304 145678 214487 156690 36089 109589 581165 530969 127972 630533 212852 142646 56301 85275 50196 110003 170055 155095 131214 81898 417681 231233 186448
is_linear=0
shrinkage=0.03


Tree=127
num_leaves=31
num_cat=0
split_feature=29 39 29 12 20 22 21 21 47 21 33 47 16 49 21 17 47 17 17 49 8 41 30 28 21 33 38 17 33 20
split_gain=0.00306948 0.00306047 0.00270865 0.00199096 0.00186516 0.0020972 0.00196616 0.00161929 0.00154023 0.00151477 0.00166957 0.0014725 0.00231903 0.00139084 0.00134797 0.00122265 0.00104897 0.00153663 0.00103154 0.000970273 0.000977313 0.000713748 0.000723045 0.000643243 0.000639686 0.000539303 0.000480738 0.000388661 0.000365148 0.00037312
threshold=-0.5110257681538074 -0.82434351185046029 0.079745469447979805 -0.42506185492317911 -0.10898492359201271 0.37208581417025277 -0.32019484251675839 -0.76062550275686902 2.1399205004845636 0.4747144524261101 -0.047626339092554051 1.0000000180025095e-35 0.27431865539085426 1.1418558825069127 1.9691445767909197 -0.46299390444317007 0.23098994878673915 0.53167414589354156 0.69822881469843134 -1.0000000180025095e-35 0.067804728712811013 -0.54104241712053969 0.010212524468450409 -0.87693173936471203 0.94300491305065914 -0.44094568950712959 0.12026278870541833 -0.51534869728694399 -0.7726831486475142 1.5451482873994067
decision_type=2 2 2 2 2 2 2 2 2 2 2 2 2 2 2 2 2 2 2 2 2 2 2 2 2 2 2 2 2 2
left_child=19 2 9 11 16 14 -7 -4 18 21 -11 23 15 -12 -6 -13 17 -5 -9 20 28 25 -23 26 -25 -2 -3 -18 -1 -30
right_child=1 3 7 4 5 6 -8 8 -10 10 13 12 -14 -15 -16 -17 27 -19 -20 -21 -22 22 -24 24 -26 -27 -28 -29 29 -31
leaf_value=0 0 0 0 -0.00022605818561321423 -1.9763025122113998e-05 0 0.00049459581387882254 -0.00047502310388730976 0 0 -0.00047915274019003106 0 0 0 0.00028045772868018446 0.00032854839771718461 -5.9065727457270642e-05 0 0 0 0 0 0.00016514222417732884 -3.743681356178955e-05 0.00013939162453051085 -0.00010884695497294556 0.00017364096525392006 9.1377082226758703e-05 0.00058146840833456454 0
leaf_weight=0.38693353411509512 16.046373096236493 12.794238435104488 5.313423960178624 79.549420029448811 216.15904775331728 4.3459507211810005 15.561083917971699 38.958268332411535 4.6993966031586742 7.6789625489036579 18.56653089722386 27.257594770693686 20.618733100942336 2.6408034382038741 14.3503363460768 57.545156261476222 30.361193449760322 65.951253726845607 6.4099036550614974 5.3240709026576942 2.2997204305720507 23.939957391761709 40.485218244080897 145.70094651880208 19.120701349340379 56.92049021134153 34.598538401594851 29.207075753482059 14.967124565038828 0.798071601137054
leaf_count=772 32001 25515 10593 158626 431034 8668 31023 77673 9370 15310 37014 54353 41113 5268 28611 114759 60545 131517 12779 10617 4587 47738 80733 290539 38113 113507 68993 58244 29848 1591
internal_value=0 -1.09524e-05 -0.000110898 1.38223e-05 -2.14248e-05 2.44424e-05 0.00031989 -0.000301038 -0.000359652 -2.95273e-05 -0.000228504 7.38109e-05 0.00016937 -0.000376794 0 0.000245505 -9.2064e-05 -0.000135773 -0.000416296 0.000333424 0.000436548 0 8.38878e-05 1.22035e-05 0 -5.08945e-05 0.0001135 0 0.000521693 0.000547439
internal_weight=1018.56 994.781 221.659 773.121 455.485 250.416 19.907 55.381 50.0676 166.278 28.8863 317.636 105.421 21.2073 230.509 84.8028 205.069 145.501 45.3682 23.7759 18.4519 137.392 64.4252 212.214 164.822 72.9669 47.3928 59.5683 16.1521 15.7652
internal_count=2031054 1983639 441986 1541653 908268 499336 39691 110415 99822 331571 57592 633385 210225 42282 459645 169112 408932 290143 90452 47415 36798 273979 128471 423160 328652 145508 94508 118789 32211 31439
is_linear=0
shrinkage=0.03


Tree=128
num_leaves=31
num_cat=0
split_feature=37 3 46 33 47 17 11 0 21 11 17 44 49 51 9 16 33 51 8 32 51 48 38 0 24 49 21 47 47 34
split_gain=0.00385777 0.00237997 0.00231967 0.00303829 0.00235269 0.00516338 0.00298926 0.00201051 0.00199651 0.00179416 0.0017841 0.00196138 0.00144926 0.00124771 0.0011675 0.000967929 0.000964732 0.000944447 0.000713564 0.000710275 0.000869554 0.000635944 0.000591388 0.000420642 0.000750271 0.000506139 0.000410206 0.00134557 0.000993508 0.000584529
threshold=0.62195757168524157 0.19735166337379398 -1.0232129532820839 -0.49708892921367942 0.78021709781341486 -1.5527133683645598 1.797637630157302 -0.52944878292600006 0.66796259642124711 0.45361838125162024 0.31087675870293879 -0.35960041699144435 -0.61248329263408696 0.00080565544264863342 1.017174042052434 -0.33091108790165663 -0.95900572100518178 0.00072704591755643215 1.3586243891950658 1.156064373099998 0.016629019175398382 0.26570180023567114 0.042509956626828056 0.42961764962731058 -0.20354622785093635 -0.88359735798825045 0.28171842931142338 -0.80635749273169988 -0.1109508803833182 -0.57505139596171495
decision_type=2 2 2 2 2 2 2 2 2 2 2 2 2 2 2 2 2 2 2 2 2 2 2 2 2 2 2 2 2 2
left_child=2 26 3 23 5 7 8 18 16 15 11 -7 -12 -5 19 -3 -6 -17 -4 20 -11 -15 -8 -1 -25 -26 28 -28 29 -2
right_child=1 9 4 13 6 10 22 -9 -10 14 12 -13 -14 21 -16 17 -18 -19 -20 -21 -22 -23 -24 24 25 -27 27 -29 -30 -31
leaf_value=-1.5897870254927894e-06 -0.00022703283674606713 0 0.0013875616467512075 0 0 3.1353230106289013e-05 0 0 0 -0.00048078244080328539 0.00014768598495093458 -0.00014592836860846176 0 -0.00041375906842510644 0 0 0.00039520802700207048 -0.00030172749055236864 0 0 0 0 -0.00027860119643988645 0 0 0.00022402613671340009 0.00031505512348943592 0 2.5074374972589539e-05 0
leaf_weight=35.777514945657458 29.401949760504067 39.746246155758854 3.9819868532358669 13.463961062894667 2.328908772498834 82.962361187615898 4.0780632434179989 6.7858057798584905 8.6482080554706027 34.446464007429313 120.07227908709319 99.581864749954548 199.10032351239352 28.887189853412568 4.4282573821838005 45.68559114751406 61.0256796622416 24.41725674533518 0.24023536697495718 2.0011841137893489 2.9410276617854825 1.9925010957522307 7.1812027973937802 8.838172580522949 2.5840670913457862 30.320515259285457 14.698065991047768 33.970499930263031 41.383168221917003 27.228208110900596
leaf_count=71344 58634 79263 7942 26849 4644 165411 8132 13527 17246 68681 239421 198558 397048 57602 8829 91095 121696 48690 479 3990 5864 3973 14318 17623 5152 60461 29303 67732 82532 54302
internal_value=8.86261e-07 -8.62603e-05 4.15274e-05 -6.58293e-05 6.85128e-05 3.73097e-05 0.000224629 0.000688289 0.00030881 -0.000168768 1.70473e-05 -4.89234e-05 6.41771e-05 -0.000270728 -0.000353961 -6.75874e-05 0.000369788 -0.000139945 0.00128984 -0.000407493 -0.00043822 -0.000376318 -4.7258e-05 1.26784e-05 9.67763e-05 0.000180007 0 7.1371e-05 -3.5176e-05 -0.00013218
internal_weight=1018.2 300.348 717.851 121.864 595.987 512.725 83.2621 11.008 72.0028 153.666 501.717 182.544 319.173 44.3437 43.8169 109.849 63.3546 70.1028 4.22222 39.3887 37.3875 30.8797 11.2593 77.5203 41.7428 32.9046 146.682 48.6686 98.0133 56.6302
internal_count=2030341 598915 1431426 243004 1188422 1022386 166036 21948 143586 306412 1000438 363969 636469 88424 87364 219048 126340 139785 8421 78535 74545 61575 22450 154580 83236 65613 292503 97035 195468 112936
is_linear=0
shrinkage=0.03


Tree=129
num_leaves=31
num_cat=0
split_feature=1 14 8 47 14 21 25 17 17 7 18 44 1 4 16 38 30 28 21 17 29 6 47 40 21 18 11 33 4 4
split_gain=0.00356252 0.00287673 0.00266121 0.00255755 0.0049288 0.00256421 0.0025473 0.00477773 0.00380566 0.00318499 0.00267964 0.00265016 0.0014311 0.00136131 0.0011315 0.000981614 0.00093681 0.000855341 0.000822394 0.000728785 0.000681976 0.000611784 0.000542068 0.000529866 0.000154986 0.000322696 1.50822e-05 1.27773e-05 4.707e-05 4.92281e-05
threshold=1.3595263048772528 -0.86321323569211361 1.3586243891950658 1.2950615548928073 1.437716033528921 1.6319725561638447 0.79191643423149416 -0.25624196804839905 -1.6064688320918559 0.73890734203214137 0.98934584376395307 -0.35960041699144435 -0.24943050921338375 0.23255484072028421 0.21337223628455199 -0.33978073854470481 0.37704421512994385 -0.5036359866615151 -0.99105423940508508 0.81867707353710439 -0.16373644775124926 -1.0531419842794192 -0.10173225234084964 -0.066356189795804058 -0.0091756738175530275 -1.7308059314260913 2.3296276738418311 -0.14513617916357349 1.3446447486902164 -0.8067216168392527
decision_type=2 2 2 2 2 2 2 2 2 2 2 2 2 2 2 2 2 2 2 2 2 2 2 2 2 2 2 2 2 2
left_child=1 17 13 6 5 12 8 11 9 -3 -10 -8 -5 -2 -9 -15 20 -1 -17 -20 -6 22 -19 -24 25 -23 -18 28 29 -4
right_child=2 3 27 4 16 -7 7 14 10 -11 -12 -13 -14 15 -16 18 26 21 19 -21 -22 24 23 -25 -26 -27 -28 -29 -30 -31
leaf_value=0 0 0.00080627997903513641 0 0 0 0 0 0.00023628320513284815 0 0 0.00021650684203667725 -0.00052802762084256294 0.00047989323777206057 0 -1.6598457045688821e-05 0 3.9759859141908498e-05 0 -0.00064564187071853196 0 -0.00050170373427260576 0 -0.0005176486570334667 0 0 -0.00013167210802713129 0 0 0 0.00013861705243242313
leaf_weight=42.594480325293262 4.0642255729762828 10.598620243079496 0.17299529426963989 4.0046316192601799 2.7905071579152718 2.2176324355532406 8.9122094308258948 18.9194347068551 630.89326380961575 6.9111409434117368 56.700598978728522 29.538043618202209 48.015238530177157 2.3320903374114996 15.71082728897454 1.9847937441081764 8.5865328335785289 6.2463946628267903 21.49876321176999 2.5859526981366789 6.2726253470173123 1.0930369527777681 14.652203896315772 2.8856768958503354 18.669207087950781 30.631925780500751 4.262283243413548 9.1541970250545965 0.78910516476025794 5.108998093404808
leaf_count=84943 8105 21125 345 7986 5565 4422 17772 37731 1258030 13781 113055 58905 95752 4651 31329 3958 17122 12454 42868 5156 12507 2179 29215 5754 37223 61091 8498 18254 1573 10188
internal_value=0 1.21868e-05 -0.000253389 3.40594e-05 0.000203324 0.000370918 1.36408e-05 -0.000147629 3.46103e-05 0.000479363 1.89216e-05 -0.000390072 0.000433369 -0.000409986 3.49281e-05 -0.000485056 -7.46033e-05 -0.000122146 -0.000538716 -0.00058725 -0.00032632 -0.000184024 -0.000352865 -0.000443485 -4.48057e-05 -8.70959e-05 0 0 4.35218e-05 0.000100982
internal_weight=1018.8 971.107 47.6911 854.334 76.1495 54.2375 778.184 73.0805 705.104 17.5098 687.594 38.4503 52.0199 32.4658 34.6303 28.4016 21.9119 116.773 26.0695 24.0847 9.06313 74.1784 23.7843 17.5379 50.3942 31.725 12.8488 15.2253 6.0711 5.28199
internal_count=2031537 1936439 95098 1703580 151852 108160 1551728 145737 1405991 34906 1371085 76677 103738 64738 69060 56633 43692 232859 51982 48024 18072 147916 47423 34969 100493 63270 25620 30360 12106 10533
is_linear=0
shrinkage=0.03


Tree=130
num_leaves=31
num_cat=0
split_feature=14 16 20 17 21 9 47 8 21 4 14 49 21 30 4 21 9 47 21 47 38 29 1 45 36 25 34 49 4 17
split_gain=0.0034187 0.00346597 0.00263614 0.00310362 0.00378757 0.00418071 0.00275779 0.00206908 0.00350451 0.00190932 0.00195908 0.00171402 0.00165661 0.00149439 0.00148811 0.00146334 0.00198154 0.00131517 0.00120157 0.000987907 0.000819756 0.000647804 0.000576486 0.000495943 0.000341472 0.000303034 0.000296413 0.00021914 0.000229232 5.97877e-06
threshold=-0.89229885435687317 -0.89476669633092376 0.74954776139478974 0.51903284282385087 -0.027069683758233039 -0.14806293105608534 -0.092603159146326705 -0.67689889254262281 1.5788998553941169 0.1598549680875245 1.6083136394403115 -0.49005021171356272 0.76256840901569212 -1.3667695232823303 0.33374900910973543 -0.79608175548667004 0.28890094471172417 -0.4946691353297929 -0.76062550275686902 -0.056348053631383579 0.18578536588053651 -0.45924310508409133 -0.50291640680718841 -0.12902300550496473 1.304713789373005 -1.8742426613979477 -1.0419246640171258 -1.8864831602990746 1.162057456283786 -2.1934825489990408
decision_type=2 2 2 2 2 2 2 2 2 2 2 2 2 2 2 2 2 2 2 2 2 2 2 2 2 2 2 2 2 2
left_child=17 15 3 4 6 -6 -3 8 20 12 -11 14 -9 -10 -5 16 24 -1 -19 -13 -4 -20 29 -23 26 -25 -2 -24 -29 -17
right_child=1 2 7 11 5 -7 -8 9 13 10 -12 19 -14 -15 -16 22 -18 18 21 -21 -22 23 27 25 -26 -27 -28 28 -30 -31
leaf_value=0 0 -0.00019796392020879946 -0.0002228367513117931 0.00027664818406272903 -0.00037080283400207502 -5.6537206811287148e-06 5.3730449945539176e-05 -2.6669533304228833e-05 0 0.0003185709027954583 0 -5.9451798121489475e-05 0.00024989938970843998 0.00065529209763250053 0 0 0 0 0 0.00011994436363083848 0 0 0 0 0 -0.00036046283060857214 0.00068420596524842775 0.00017904423874744822 0 -1.8123040837818579e-05
leaf_weight=35.229047784756403 0.19110304838978009 51.770307874190621 36.56469646334881 43.71613553276984 73.774115925596561 74.622161141422112 156.96240903827129 66.200996472442057 2.6420512914774008 69.45042034733342 10.692860392155124 110.67118472786387 23.322461691859644 7.9908738013473322 35.948855937749613 0.77086410392076032 9.4633565945550782 15.069077116495462 6.6274486584588876 34.611766625195742 32.219054380489979 0.80950181430671264 1.1011204114183772 1.478552410728297 1.1960416533402156 48.394383826758713 14.990751319739504 32.893166469526477 2.688446363375987 16.382947290490847
leaf_count=70250 381 103235 72907 87170 147098 148788 313009 132021 5266 138492 21319 220703 46489 15930 71673 1539 18875 30054 13216 69021 64241 1614 2196 2948 2385 96500 29896 65593 5361 32664
internal_value=0 1.97686e-05 0 -3.32905e-05 -9.12626e-05 -0.000207401 0 8.32776e-05 -1.13387e-05 0.000145247 0.0002568 4.54102e-05 1.18708e-05 0.000442967 0.000158703 0.000208847 0.000424667 -0.000159013 -0.000232262 0 -0.000125182 -0.000294957 4.95311e-05 -0.000331481 0.000627244 -0.000347294 0.000666838 0.000133208 0.000154391 0
internal_weight=1018.45 910.838 831.16 582.077 357.129 148.396 208.733 249.083 79.4167 169.667 80.1433 224.948 89.5235 10.6329 79.665 79.6778 25.8413 107.608 72.379 145.283 68.7838 57.3099 53.8365 50.6824 16.3779 49.8729 15.1819 36.6827 35.5816 17.1538
internal_count=2030834 1816252 1657362 1160697 712130 295886 416244 496665 158344 338321 159811 448567 178510 21196 158843 158890 51537 214582 144332 289724 137148 114278 107353 101062 32662 99448 30277 73150 70954 34203
is_linear=0
shrinkage=0.03


Tree=131
num_leaves=31
num_cat=0
split_feature=37 12 51 47 16 20 21 9 9 38 16 6 17 21 9 29 28 47 14 21 33 4 47 7 4 30 15 45 49 1
split_gain=0.00355343 0.00289378 0.00213015 0.00164624 0.00242499 0.00153472 0.00164798 0.00422587 0.00160709 0.00142725 0.00140596 0.00139185 0.00137945 0.00213009 0.00205085 0.00135998 0.00132639 0.00124458 0.00119467 0.00110121 0.00100996 0.000974755 0.000888336 0.000821848 0.0012178 0.000740212 0.000502827 0.000491222 0.00048882 0.000937136
threshold=0.72077390729468849 -0.23833668652629642 0.00035529693022646466 -0.074683887537077595 0.32588756275814595 1.0089530243225606 0.94300491305065914 0.58021016628462441 -1.16764523911758 0.22959596502313137 -0.48462030743835 -1.0211277148820794 0.37029301890523658 0.028435016084425332 1.0000000180025095e-35 -0.40138121152578199 -0.8603833848410658 0.38052418436907737 0.32279666354420883 0.075237188453735601 0.56228339886999323 0.17027368466996637 -1.0448420357318529 0.44545395514315123 -0.62552377626345501 1.2234117938198019 -1.6307657825713378 -0.11870247869186935 -0.49974170556313408 0.56609533815571222
decision_type=2 2 2 2 2 2 2 2 2 2 2 2 2 2 2 2 2 2 2 2 2 2 2 2 2 2 2 2 2 2
left_child=1 3 -2 9 11 12 8 -8 26 16 -4 -5 13 17 -15 -12 19 -3 -13 -1 -18 -10 -17 24 -11 -24 -7 -9 29 -14
right_child=2 5 10 4 -6 6 7 27 21 23 15 18 28 14 -16 22 20 -19 -20 -21 -22 -23 25 -25 -26 -27 -28 -29 -30 -31
leaf_value=0.00021642868272333553 0 -0.00011417008002519597 0 0 0 0 0 0 -0.00021301975862690931 0 0 0.00031516770651625532 0.00020224217118788672 -0.0003634807031752252 0 0 -0.00012126927945411678 7.8436418816927434e-05 2.1810267221789143e-05 0 0 0 -0.00044651078581682503 0 0.00041177352836869969 0 0.00029303004279748372 0.00074808698114831897 -1.521347708421589e-05 0
leaf_weight=39.176145743171219 89.933944350865204 60.397656440909486 34.565368051698897 8.9131952578318288 29.91717793350108 2.1441757019492824 9.453346947149841 1.434751845197751 28.86165584018454 8.2934346849215235 10.170280427089891 90.245081143744756 30.940403362503275 46.164530331909191 37.510801512980834 3.7708994268323286 85.59174513904145 54.10222417768091 42.175863867683802 14.717497480683958 85.631386916211341 17.24124799988931 41.811438020144124 7.8731013840879305 19.249237176962197 3.4113595637609242 17.079202323802747 11.110890522890257 77.074875918740872 9.0970409828005341
leaf_count=78129 179329 120438 68929 17774 59654 4275 18843 2861 57556 16534 20283 179969 61695 92046 74794 7519 170679 107889 84099 29344 170752 34378 83369 15695 38377 6803 34056 22153 153702 18138
internal_value=4.74309e-07 2.96686e-05 -0.000115823 8.52202e-05 0.00016163 -2.24566e-05 7.48673e-05 0.00029945 0 2.34803e-05 -0.000216196 0.000217016 -5.89275e-05 -0.000108578 -0.00022546 -0.000308927 0 0 0.000244389 0.00012514 -4.51971e-05 -9.6844e-05 -0.000374471 0.000200813 0.00028055 -0.000411826 0.000229669 0.000678523 0 0.000102677
internal_weight=1018.06 834.397 183.663 431.784 171.251 402.613 87.3253 21.999 65.3263 260.533 93.7293 141.334 315.288 198.175 83.6753 59.164 225.117 114.5 132.421 53.8936 171.223 46.1029 48.9937 35.4158 27.5427 45.2228 19.2234 12.5456 117.112 40.0374
internal_count=2030062 1663830 366232 861006 341496 802824 174122 43857 130265 519510 186903 281842 628702 395167 166840 117974 448904 228327 264068 107473 341431 91934 97691 70606 54911 90172 38331 25014 233535 79833
is_linear=0
shrinkage=0.03


Tree=132
num_leaves=31
num_cat=0
split_feature=46 33 47 38 17 28 29 37 19 21 21 47 8 33 46 8 49 33 30 44 21 21 21 45 36 8 11 49 21 9
split_gain=0.00311862 0.00472024 0.00316432 0.00354722 0.00278575 0.00258069 0.00198066 0.00181258 0.0017754 0.00169333 0.00153294 0.00152271 0.00143828 0.00134111 0.00130344 0.00104319 0.00348739 0.00225973 0.00185057 0.00101513 0.00119288 0.000830678 0.000811552 0.000803073 0.000789757 0.000679835 0.000677236 0.00067766 0.000474775 0.000702659
threshold=-1.0232129532820839 -0.49708892921367942 1.2950615548928073 0.08526683716567432 -2.4275634617601831 -0.97434701153740011 -0.51347849560961023 0.61013270044065382 -4.0386272738706115 1.5788998553941169 0.046196688410059444 0.55872860361278054 1.0000000180025095e-35 -0.98002846940099875 -1.5113355575059375 1.4082713401869642 0.39976655403038147 -0.85416704480279504 0.522934035576895 -0.57046227347892997 -0.62554343303018534 -1.0826068157044062 -0.5396312121661081 -0.09091721974710458 -0.38420682457434946 0.21674549291291434 -0.29988029190731152 2.6461193218946071 -0.526220508180686 0.72586482047953382
decision_type=2 2 2 2 2 2 2 2 2 2 2 2 2 2 2 2 2 2 2 2 2 2 2 2 2 2 2 2 2 2
left_child=1 15 4 8 11 10 22 -8 -4 13 12 26 -6 -10 28 16 24 21 -17 -20 -21 -18 -7 -16 -1 -26 -2 -28 -3 -30
right_child=2 14 3 -5 5 6 7 -9 9 -11 -12 -13 -14 -15 23 18 17 -19 19 20 -22 -23 -24 -25 25 -27 27 -29 29 -31
leaf_value=-6.3250556286779206e-05 0 0 0 0 0.00033937297881045473 0 0 -0.00011243731767519611 0 0 0 0 0 0.00073561237660718312 -0.0002488904887472653 0 0 0 0 0 0.00052405471406669697 -0.00048325814443397571 0.00047222262182244163 0 0.00017758952662554826 0 0.0011540947993477896 0 -0.00079414173848890094 0
leaf_weight=24.093916954065207 0.44551386416424055 3.0295777416904484 1.9114009519689741 29.039717947714962 41.202737609564792 5.2514222756726658 458.08295512926998 180.25434297893662 1.1178237479180158 0.66989138617645849 34.659695493988693 1.5590785573003811 20.139616745291278 20.162507610395551 26.574728324136231 15.016983699111732 0.93521879595937463 5.221013083762954 0.86821411672281357 6.9548930825549204 15.379197812580967 26.827275083691347 9.4923187065869552 18.481707420025486 39.603211535548326 14.213880984054411 3.8537002414232111 0.1559611823176964 12.347760486474725 1.0126189765869629
leaf_count=48041 889 6043 3811 57904 82166 10476 913419 359438 2229 1336 69110 3110 40165 40212 52991 29944 1865 10413 1731 13871 30667 53501 18926 36854 78964 28342 7690 311 24621 2019
internal_value=0 -0.000102904 2.67244e-05 0.00025311 6.89107e-06 0 -1.96133e-05 -3.18485e-05 0.000525189 0.00061044 0.00014689 0.000650257 0.000237189 0.000675265 -0.00032469 0 -5.76022e-05 -0.000324998 0.000122222 0.000310465 0.000375556 -0.000445806 0.000306641 -0.000143162 1.70939e-05 0.000108809 0.000937235 0.00106208 -0.000640678 -0.000731798
internal_weight=1018.56 210.56 807.999 52.9013 755.097 749.083 653.081 638.337 23.8616 21.9502 96.002 6.01425 61.3424 21.2803 61.4464 149.114 110.895 32.9835 38.2193 23.2023 22.3341 27.7625 14.7437 45.0564 77.911 53.8171 4.45518 4.00966 16.39 13.3604
internal_count=2031059 419867 1611192 105492 1505700 1493700 1302259 1272857 47588 43777 191441 12000 122331 42441 122528 297339 221126 65779 76213 46269 44538 55366 29402 89845 155347 107306 8890 8001 32683 26640
is_linear=0
shrinkage=0.03


Tree=133
num_leaves=31
num_cat=0
split_feature=45 45 3 46 33 42 30 28 49 0 21 47 8 47 29 49 22 38 8 21 27 30 29 16 21 47 1 40 28 2
split_gain=0.00330862 0.00838334 0.0038304 0.0030382 0.00257126 0.00284882 0.00228026 0.00235518 0.00213071 0.00210668 0.00176914 0.00294376 0.00258446 0.00298201 0.00191058 0.00151121 0.00149037 0.00226977 0.00146388 0.00145456 0.00132716 0.000826036 0.000914768 0.000847395 0.000818871 0.00185019 0.000803384 0.000911986 0.000772901 0.000753774
threshold=-0.090051173287198125 -0.090917831414596154 0.082615906033056144 -0.67330877021534596 -0.55306768254419059 0.68153128752061176 -0.72817195513361954 0.57797639587122862 -0.097764981284362104 -0.41698390864526041 0.34330076366471129 0.069338868535957457 0.46498007032122252 -0.092603159146326705 0.10040394519236255 -0.30413267745210665 -0.10488811406909061 0.17624564670715084 0.26639244390481293 2.2875835876756763 0.11495934642708706 0.86807442261556578 -0.073082767024643711 1.7972507586505675 0.05552191162563249 -0.34919920389344467 -0.37109027830845681 -0.85320852674137071 -1.0718700151092466 0.48671297217733595
decision_type=2 2 2 2 2 2 2 2 2 2 2 2 2 2 2 2 2 2 2 2 2 2 2 2 2 2 2 2 2 2
left_child=1 3 -3 8 -4 9 20 16 -1 -6 11 15 13 -12 -13 -5 26 -18 -19 -14 28 22 -9 -24 -22 -26 -8 -28 -2 -23
right_child=6 2 4 10 5 -7 7 21 -10 -11 12 14 19 -15 -16 -17 17 18 -20 -21 24 29 23 -25 25 -27 27 -29 -30 -31
leaf_value=0 0 -4.8487087016396276e-06 0 0.00013764702826383679 0 0 0 0 -0.00019887951569603262 -0.00061631927623327339 0 0.00031920172721591799 0.00030953367203435055 -0.00043510201460122158 0 -5.1055570980703241e-05 -1.7950678287107656e-05 0.00027574061051827614 0 0 0 0 -0.00037012978601500809 0 0.00044427467060290603 0 0 0.00033977354791406685 -0.00016764753093155441 0.00023290499962270387
leaf_weight=57.569993814104237 11.077202163985929 55.163773335400037 11.662244905077385 60.821594825887587 8.0243965958943573 9.0805607427610067 20.477558489132207 33.299052904127166 82.899658578913659 50.071192273695488 30.629179954587016 71.639399435080122 21.37835631752387 22.881122584512923 13.798591619532088 83.088830335706007 75.206206882605329 51.996022867911961 21.703445999592077 2.6499326202902003 22.16095784236677 9.611415081657471 15.791286786668936 2.163571623445022 13.018630527541974 3.8276668519829391 5.870969276467803 69.263931725057773 65.911552370409481 15.602286700275725
leaf_count=114788 22088 110006 23254 121290 16003 18108 40843 66400 165312 99844 61060 142866 42626 45620 27512 165691 149987 103672 43273 5283 44191 19169 31483 4313 25951 7630 11708 138114 131424 31115
internal_value=0 -4.70947e-05 -0.000256253 8.85104e-06 -0.000394111 -0.00046555 6.21585e-05 0.00010606 -9.84432e-05 -0.000542906 6.77378e-05 0.000113207 -2.80633e-05 -0.000175488 0.000255555 7.85047e-06 0.00015306 6.43892e-05 0.000189118 0.000175394 -3.3464e-05 -4.99858e-06 -0.000106139 -0.000279306 6.55219e-05 0.000231707 0.000259779 0.000309032 -0.000122583 8.16142e-05
internal_weight=1018.34 581.359 134.002 447.357 78.8384 67.1761 436.982 320.986 140.47 58.0956 306.887 229.348 77.5386 53.5103 85.438 143.91 244.518 148.906 73.6995 24.0283 115.996 76.4676 51.2539 17.9549 39.0073 16.8463 95.6125 75.1349 76.9888 25.2137
internal_count=2030624 1159263 267215 892048 157209 133955 871361 640077 280100 115847 611948 457359 154589 106680 170378 286981 487597 296932 146945 47909 231284 152480 102196 35796 77772 33581 190665 149822 153512 50284
is_linear=0
shrinkage=0.03


Tree=134
num_leaves=31
num_cat=0
split_feature=12 25 46 37 16 11 47 21 38 36 21 9 17 44 11 20 46 28 10 7 49 30 21 47 28 16 38 24 9 48
split_gain=0.00325228 0.00367261 0.00260673 0.00242271 0.0020424 0.00159022 0.0015273 0.00287865 0.00163955 0.00115349 0.0011504 0.0026788 0.0011396 0.00108732 0.00160475 0.00106151 0.00105937 0.00142473 0.00104021 0.000956301 0.000915116 0.000897326 0.000883616 0.00088891 0.000864873 0.000824076 0.000731417 0.000578535 0.00048942 0.000350378
threshold=0.61444495782722863 0.71158051048596715 0.22900724481865523 0.56732022298205076 2.0563137794373163 1.727602214055562 0.20601405986510501 0.46037967445794825 0.20014358904188187 1.0000000180025095e-35 -0.49344276287148497 -0.2937175418425354 -1.4063318371250106 -0.35960041699144435 -0.89666113147635662 1.4299793607766802 -1.245743325115453 0.70322704126054159 0.92253883253219382 1.0323607289211314 0.91005160989663858 1.3252738197407252 -0.76783760738040874 1.7313662375792733 -0.20667761211628918 3.971396485831368 0.2798855544096443 -0.6768087562897892 -0.14806293105608534 -0.59311685612998166
decision_type=2 2 2 2 2 2 2 2 2 2 2 2 2 2 2 2 2 2 2 2 2 2 2 2 2 2 2 2 2 2
left_child=3 4 15 6 12 -6 8 16 13 18 -10 -12 -2 24 -15 21 -8 -18 22 29 28 25 -5 -24 -1 -3 27 -14 -9 -7
right_child=1 2 -4 9 5 19 7 20 10 -11 11 -13 26 14 -16 -17 17 -19 -20 -21 -22 -23 23 -25 -26 -27 -28 -29 -30 -31
leaf_value=0.00010834162843337977 0.00010560680333050024 -0.00060763076077293191 0 0 0 0 0 -0.00034484286565481713 0 0 0 0.00031752318143106419 0 6.2565735652529299e-05 -0.00013912591583728929 0 0.00031339835435606613 0 0 0 0 0 -0.00023501165830291636 0 -1.7464922204897375e-05 0 0 -0.00017825920632209209 0 0.0013641184467891514
leaf_weight=79.367036512121558 13.276818139594978 28.986643587821167 13.174107225437181 15.524596113187725 6.7900258626905252 0.054162382672075959 29.271720133139752 11.707799482275734 29.231964281294495 149.44207402830943 20.661012118798681 49.443641533143818 21.482450073875953 28.090075686282944 112.74873141443823 3.2985089377616523 80.995458750228863 33.055229829857126 40.061294555547647 0.44586500950390462 9.6850935218972136 3.5130332980188532 74.654599626548588 7.6526287450105874 51.437441269459669 0.60542950907256354 11.38630754011683 82.142209035169799 7.7307634570752297 2.1057541315676644
leaf_count=158268 26473 57801 26272 30964 13537 108 58375 23342 58282 298003 41185 98582 42831 56021 224835 6577 161518 65918 79881 889 19317 7005 148866 15260 102568 1207 22702 163791 15413 4200
internal_value=-1.69836e-06 -0.000117218 -0.000343554 2.07297e-05 -1.39291e-05 0.000373568 6.04201e-05 0.000137429 1.65366e-05 -4.38943e-05 0.000124457 0.000191617 -6.56943e-05 -1.18847e-05 -7.75979e-05 -0.000474541 0.000199767 0.000241886 -0.00010744 0.00102588 -6.6339e-05 -0.000525818 -0.000160747 -0.000200936 3.59346e-05 -0.000580171 -0.000111554 -0.000142 -0.000221276 0.00129157
internal_weight=1018.02 187.261 49.5777 830.761 137.684 9.39581 543.426 172.446 370.98 287.335 99.3366 70.1047 128.288 271.643 140.839 36.4036 143.322 114.051 137.893 2.60578 29.1237 33.1051 97.8318 82.3072 130.804 29.5921 115.011 103.625 19.4386 2.15992
internal_count=2029991 373393 98862 1656598 274531 18734 1083624 343883 739741 572974 198049 139767 255797 541692 280856 72590 285811 227436 274971 5197 58072 66013 195090 164126 260836 59008 229324 206622 38755 4308
is_linear=0
shrinkage=0.03


Tree=135
num_leaves=31
num_cat=0
split_feature=25 45 45 3 30 8 33 11 28 0 8 44 29 47 34 27 44 22 40 17 38 21 33 30 41 7 21 0 49 40
split_gain=0.00337208 0.00259794 0.00544887 0.00349244 0.00253477 0.00242764 0.00237894 0.00229874 0.00226899 0.00215454 0.00191432 0.00165975 0.00158568 0.00132106 0.0013042 0.00117399 0.00107991 0.000976499 0.000969192 0.000910951 0.000837252 0.00154233 0.000763216 0.000627477 0.000606786 0.000199606 0.00102089 0.000234999 0.000177195 0.000176646
threshold=2.4702985837934794 -0.090051173287198125 -0.090917831414596154 0.082615906033056144 -0.25271509717154228 1.3089774382031674 -0.55306768254419059 -0.86651230976643323 0.34356950457924756 -0.43321097060892572 1.0000000180025095e-35 -0.35960041699144435 0.060298009222440663 1.0034898079842438 -0.99553699633501791 0.25818233664752471 -0.35960041699144435 0.12413078612858096 -0.99206482149647068 -0.29597135196016761 0.14755597420950334 -0.39705751891356961 0.060304910011721516 1.0719064863506196 -0.72077428247245279 -0.239270657992457 1.5289570278391638 -1.3292732957358955 0.054551577763130389 2.4925669564053252
decision_type=2 2 2 2 2 2 2 2 2 2 2 2 2 2 2 2 2 2 2 2 2 2 2 2 2 2 2 2 2 2
left_child=1 2 7 25 15 8 -5 17 10 -8 -6 12 -9 -13 -7 22 -2 19 -16 -1 -17 -22 24 -10 -3 26 -4 -27 -24 -18
right_child=16 4 3 6 5 14 9 11 23 -11 -12 13 -14 -15 18 20 29 -19 -20 -21 21 -23 28 -25 -26 27 -28 -29 -30 -31
leaf_value=0 0 0 0 0 0.00020932766943627528 0 0 0.0001323904947395236 -0.00013691426413582202 -0.0004786597302087667 0 -0.00010224452629222546 -4.8053486468297423e-05 4.4863542004745814e-05 0 0 -0.00054878125011881913 0 0.00040166414781216776 0.00034715911209407186 0 0.00039072763297953424 -2.6899601428727754e-05 0 -0.00016998392266826209 0 0.00043320564548473867 -0.000144785367922696 7.1092117236065788e-05 0
leaf_weight=1.4703241230454285 2.1277749725268214 3.855882611591368 26.580395113443959 10.973756910301743 96.773837314511184 6.7644886519410639 10.989875292463692 113.83636855211807 44.149842833867297 54.255246895307209 47.164527439395897 184.67785972770071 40.697715822781902 45.413815285370219 2.1998471649130797 10.054957124695646 13.445163391705133 23.116857138345949 48.330635342805181 32.289391322468873 7.3005749704898362 17.722857981687412 48.761345767939929 12.61266486434033 59.845255863270722 5.765170282043985 5.0573397600091985 17.213753104675561 24.572579056140967 0.23567232169443819
leaf_count=2933 4243 7689 53007 21881 192974 13490 21917 226991 88029 108187 94060 368255 81137 90560 4387 20049 26810 46100 96379 64398 14559 35332 97220 25155 119332 11496 10085 34327 49002 470
internal_value=1.05304e-06 1.08379e-05 -2.73681e-05 -0.000199501 6.86529e-05 0.000129172 -0.000330999 1.68472e-05 6.06535e-05 -0.000401002 0.000132252 -1.89714e-06 6.5456e-05 -6.01711e-05 0.00031683 -4.63476e-06 -0.00042965 0.000196351 0.0003702 0.000301638 0.000126811 0.000229468 -6.01745e-05 -6.80534e-05 -0.000136281 0 3.09448e-05 -8.0619e-05 0 -0.000533247
internal_weight=1018.26 1002.45 572.338 130.836 430.109 257.996 76.2189 441.502 200.701 65.2451 143.938 384.626 154.534 230.092 57.295 172.113 15.8086 56.8766 50.5305 33.7597 35.0784 25.0234 137.035 56.7625 63.7011 54.6167 31.6377 22.9789 73.3339 13.6808
internal_count=2030454 1998931 1141274 260900 857657 514474 151985 880374 400218 130104 287034 766943 308128 458815 114256 343183 31523 113431 100766 67331 69940 49891 273243 113184 127021 108915 63092 45823 146222 27280
is_linear=0
shrinkage=0.03


Tree=136
num_leaves=31
num_cat=0
split_feature=15 39 21 9 38 10 16 17 9 41 20 21 8 26 21 25 38 11 18 7 29 21 28 29 51 51 47 11 18 18
split_gain=0.00321387 0.00422459 0.00254732 0.00283794 0.00237216 0.00230324 0.00266804 0.0018389 0.00158261 0.00157418 0.00146637 0.00328884 0.00444842 0.00188805 0.00141235 0.00122835 0.00270869 0.00174221 0.00141184 0.00170121 0.00139737 0.00135018 0.00170987 0.00118344 0.00115382 0.00104258 0.00102932 0.000491533 0.000699834 0.00084513
threshold=0.04729517010335299 -0.5384561345244181 0.55134214093727629 0.28890094471172417 -0.19884385765859977 -0.94962441046082413 0.29983151184140605 0.19197470144596965 0.58021016628462441 -0.48495587757809888 1.1721848384159146 1.693487540123761 0.66356769673763216 -0.11770993622747808 0.23458312358191663 0.076937233667596708 0.198298331678495 -0.62786495108022533 0.87257427878253624 0.54327175077281464 -0.46839300687481905 -0.095878818709052974 0.61226438215699008 -0.25740099264170474 0.0019702616290480849 0.0028379611679957163 0.46839139321997214 0.019411163354980981 1.0836179778952111 -1.6047523670875798
decision_type=2 2 2 2 2 2 2 2 2 2 2 2 2 2 2 2 2 2 2 2 2 2 2 2 2 2 2 2 2 2
left_child=1 2 9 4 -4 6 8 -6 14 23 27 -12 13 -13 25 16 20 21 -18 -20 -7 22 -17 -1 -25 -2 -22 -3 29 -29
right_child=5 10 3 -5 7 15 -8 -9 -10 -11 11 12 -14 -15 -16 17 18 -19 19 -21 26 -23 -24 24 -26 -27 -28 28 -30 -31
leaf_value=0 0.00033815266998036598 1.7128911009153914e-05 0 0 -0.00084430271462638943 0 -6.3572051262397885e-05 0 0 0 0 0.0016311213611702163 0 0 0 0.00040543115956056429 0 0 0.00038328686398388686 0 -0.0001774473564901861 0 0 -0.00040242798472580086 0 0 0 0 4.3630368763319767e-05 -0.00015087744150140816
leaf_weight=34.400564108102117 80.03960459906375 69.667173259949777 5.3433336691814501 12.742234231322071 18.672683682001665 32.808634023240302 27.174304520711303 4.0182513754698439 37.221201796841342 53.143548825872131 33.639513389382046 3.7392818663502112 1.593520844588056 1.8658093161066052 20.072786126285791 31.498949867323972 79.313668796850834 125.09940237470437 23.178435521491341 5.9950332663138388 135.58164708514232 9.2924722864991036 7.4696079376735716 27.019163128919899 8.8121550800278765 8.0678746413323079 17.323779438389465 16.193183373601642 6.807749717263504 80.986721643886995
leaf_count=68599 159621 138921 10656 25407 37227 65442 54185 8009 74235 105963 67075 7457 3177 3718 40019 62823 158126 249469 46209 11951 270370 18533 14898 53872 17571 16089 34548 32290 13573 161474
internal_value=0 -6.7741e-05 -0.000183535 -0.00041334 -0.000582764 4.24759e-05 0.000136747 -0.000716711 0.000194817 -8.32672e-05 6.89014e-06 0.00017744 0.000767984 0.00121316 0.000253335 1.26455e-06 -2.91897e-05 7.02519e-05 7.4577e-05 0.000253451 -0.00010596 0.000224094 0.000305575 -0.000179868 -0.000305186 0.000305331 -0.000147856 -1.59421e-05 -6.69479e-05 -0.000105565
internal_weight=1018.78 378.645 164.152 40.7765 28.0343 640.137 172.576 22.6909 145.401 123.375 214.493 40.8381 7.19861 5.60509 108.18 467.562 294.201 173.36 108.487 29.1735 185.714 48.261 38.9686 70.2319 35.8313 88.1075 152.905 173.655 103.988 97.1799
internal_count=2031507 754989 327304 81299 55892 1276518 344149 45236 289964 246005 427685 81427 14352 11175 215729 932369 586646 345723 216286 58160 370360 96254 77721 140042 71443 175710 304918 346258 207337 193764
is_linear=0
shrinkage=0.03


Tree=137
num_leaves=28
num_cat=0
split_feature=1 14 16 18 7 15 47 8 20 8 38 8 38 27 20 28 51 46 41 4 21 47 49 47 37 35 4
split_gain=0.00304945 0.00260807 0.00248532 0.0021449 0.00213748 0.00203115 0.00311271 0.00182943 0.00173004 0.0017065 0.00170294 0.0016606 0.00116029 0.00109761 0.00105783 0.000772055 0.000866212 0.0013565 0.000770731 0.000657696 0.0006456 0.000641852 0.000469839 0.000374121 0.000159186 6.9479e-05 2.54609e-06
threshold=1.4104621509822344 -0.85704780279763126 -0.82148976284215214 0.98934584376395307 0.15200056825416117 -0.55027661810665418 0.91518908455795256 0.21674549291291434 1.3917448984612844 1.4082713401869642 0.21499651871177894 -1.1733679863260191 -0.24446976053051664 -0.17974236978197508 0.9504769872872586 -0.8266840261057512 0.00078817260539279131 0.22900724481865523 -0.0043962092258215194 -0.35638376346887063 -0.9347024902071942 -0.25304798722811989 0.89293575236379019 -0.16453707897070666 0.58520038117155226 3.4098953130974605 -0.73171200509764056
decision_type=2 2 2 2 2 2 2 2 2 2 2 2 2 2 2 2 2 2 2 2 2 2 2 2 2 2 2
left_child=1 15 7 5 10 8 -7 11 -4 12 -5 -3 -2 23 -13 -1 24 21 19 -14 -21 -18 -15 -9 26 -26 -17
right_child=9 2 3 4 -6 6 -8 13 -10 -11 -12 14 18 22 -16 16 17 -19 -20 20 -22 -23 -24 -25 25 -27 -28
leaf_value=0 0 0 -0.00017217409403400084 0 0 -7.2071240534520317e-06 0.00019668267602222984 0 9.9358633110718236e-05 0 0.00049401734559088525 0.0004009978237603587 0 -0.00021908697033574094 0 0 0 0 0 0 -0.00064272895144596733 -0.00048911035120651803 0 0.0002248055490263905 -0.00011933076178855561 0 9.1512374882589924e-06
leaf_weight=23.433224091713782 2.9331758961780023 20.583142351068091 106.81360070966184 17.623322438215837 24.677219827543013 486.77325146994554 74.873165309720207 1.7448459527222464 11.353959865809882 10.623574403580276 22.163769307662733 44.426429852377623 0.55312078399584308 19.057120756770022 12.543543626612516 7.435826781904324 4.4166515012620975 23.426888291432988 2.949460484145674 1.7932941962499267 17.156104692257934 20.375504254363477 1.9688152502058063 16.476567758421879 14.452346184873019 0.46340364770731035 27.362543975003064
leaf_count=46732 5850 41047 212967 35146 49202 970662 149310 3480 22636 21184 44188 88591 1103 37999 25012 14828 8806 46716 5881 3576 34209 40628 3926 32861 28819 924 54566
internal_value=0 1.02911e-05 3.14161e-05 6.95355e-06 0.000174046 -4.47829e-06 1.4632e-05 0.000161612 -0.000120697 -0.000270792 0.000312139 0.000246103 -0.000405608 0 0.000329672 -0.00011487 -0.000153126 -0.000252567 -0.000482205 -0.000550686 -0.000585955 -0.000416306 -0.000152949 0.000164983 0 -9.80058e-05 0
internal_weight=1018.45 982.445 861.079 744.278 64.4643 679.814 561.646 116.8 118.168 36.0087 39.7871 77.5531 25.3852 39.2473 56.97 121.366 97.9332 48.219 22.452 19.5025 18.9494 24.7922 21.0259 18.2214 49.7141 14.9157 34.7984
internal_count=2030849 1959046 1717027 1484111 128536 1355575 1119972 232916 235603 71803 79334 154650 50619 78266 113603 242019 195287 96150 44769 38888 37785 49434 41925 36341 99137 29743 69394
is_linear=0
shrinkage=0.03


Tree=138
num_leaves=30
num_cat=0
split_feature=14 16 18 16 47 5 7 11 38 11 10 28 17 9 46 21 49 44 7 29 45 16 47 18 4 18 4 4 4
split_gain=0.00298151 0.00277055 0.00261351 0.00291609 0.00354048 0.00334006 0.00221761 0.00221252 0.00207016 0.00200879 0.00188736 0.00143187 0.00131904 0.00134548 0.000991144 0.00081757 0.000795554 0.000778174 0.000607333 0.000573893 0.000364826 0.000222053 2.27336e-05 7.82267e-05 5.02349e-05 4.86227e-05 1.22314e-05 8.45628e-06 7.00129e-10
threshold=-0.8770888114573594 -0.89476669633092376 0.98934584376395307 0.33927483728392666 1.4678566458142497 0.36684827642178758 0.054182728896532993 -0.046288190696749131 0.1942126860374932 2.0376380560603735 0.92253883253219382 -0.49608370263362184 -0.26873873380351354 0.72586482047953382 1.1529689293231364 -0.1758735837941047 -1.3899838871963859 1.9598800043708982 0.054182728896532993 -0.48921457980660704 -0.12864461133194902 3.971396485831368 0.65690330853641665 -1.7308059314260913 -1.0000000180025095e-35 -3.8508644472442506 0.1271547401354699 1.3446447486902164 1.3611025164057782
decision_type=2 2 2 2 2 2 2 2 2 2 2 2 2 2 2 2 2 2 2 2 2 2 2 2 2 2 2 2 2
left_child=11 12 3 4 7 18 8 -3 -4 -6 -7 -1 22 15 -10 16 -14 19 -5 -13 -21 -22 23 -2 -24 -26 -8 -25 -28
right_child=1 2 6 5 9 10 26 -9 14 -11 -12 17 13 -15 -16 -17 -18 -19 -20 20 21 -23 24 27 25 -27 28 -29 -30
leaf_value=0 0 2.7711148576702885e-05 0 9.580092572833421e-05 0.00037088708102139757 -0.00037825875890414945 -3.019686824585972e-05 -0.00010298507917281795 0.0005945645910528538 0 0 0 0 0 0 0 0.00049518168822749108 0 -6.8203416122882311e-05 0 -0.00030056072314455477 0 0 -7.110223917665454e-05 0 0.00011532949051782667 2.0434267851088121e-07 0 0
leaf_weight=40.400741543911863 1.2366353409015598 385.98215636471286 15.530122020049019 39.357039545953739 36.658178289770149 52.184115461946931 12.072481010691265 161.26463830511784 19.524660991912246 8.272854875889605 36.013116821297444 4.5781329999444997 2.3389841979369512 14.61572920437902 3.3812774980906388 6.4158704864676137 26.772567622130737 6.7243924935464738 39.853746095264796 1.1735440440243099 60.83581782982219 0.73253581777680565 3.1335202295449571 15.431551243702415 0.2261778770480295 8.2274219719693029 15.09045725810574 0.077734670951031926 0.33252152788918543
leaf_count=80568 2467 769710 30972 78476 73104 104048 24072 321542 38926 16495 71804 9130 4664 29149 6742 12792 53392 13409 79468 2340 121309 1460 6249 30767 451 16407 30086 155 663
internal_value=0 1.56492e-05 0 -1.62701e-05 1.03749e-05 -0.000128443 0.000180627 -5.32089e-06 0.000328469 0.000268314 -0.000255729 -0.000146671 0.000185997 0.000278958 0.000512231 0.000379362 0.000448228 -0.000225065 0 -0.000257133 -0.000281379 -0.000293285 0 0 4.20211e-05 8.8139e-05 0 -6.73756e-05 0
internal_weight=1018.44 903.994 825.517 759.586 592.178 167.408 65.9315 547.247 38.4361 44.931 88.1972 114.445 78.4762 50.1432 22.9059 35.5274 29.1116 74.0444 79.2108 67.32 62.7419 61.5684 28.333 16.7459 11.5871 8.4536 27.4955 15.5093 15.423
internal_count=2030817 1802601 1646108 1514647 1180851 333796 131461 1091252 76640 89599 175852 228216 156493 99997 45668 70848 58056 147648 157944 134239 125109 122769 56496 33389 23107 16858 54821 30922 30749
is_linear=0
shrinkage=0.03


Tree=139
num_leaves=31
num_cat=0
split_feature=25 38 17 29 46 44 12 16 10 37 45 46 33 16 8 34 1 21 7 49 4 16 44 21 38 30 19 17 33 30
split_gain=0.0030205 0.00281066 0.00251519 0.00274086 0.00228943 0.00215243 0.00211237 0.00197114 0.00184025 0.00185329 0.0016473 0.00155406 0.00143426 0.00126245 0.00103407 0.00102136 0.000993846 0.000878495 0.00079196 0.000703914 0.00069412 0.000860505 0.000569524 0.000559711 0.000507359 0.000419534 0.000303187 6.01283e-05 2.12274e-05 0.00018371
threshold=1.3330935774757675 0.030896409408491556 -1.9315218286623683 -0.5110257681538074 -1.5113355575059375 -0.35960041699144435 -0.42506185492317911 -1.0466932503922179 0.92253883253219382 0.35353840689928451 -0.061641050042581413 -1.655287641856692 0.46166472585407753 0.24918480053375638 0.067804728712811013 -0.98297583425681456 1.1488356719848405 -0.21701182439803499 -1.119630884251374 -1.0000000180025095e-35 0.31382983074821097 -1.0466932503922179 2.2761727891021271 0.78257790072010258 -0.098635773448142464 1.0593595483003946 -1.7518400971172061 -1.0737196880097015 -0.57153046341734826 0.081773029176859816
decision_type=2 2 2 2 2 2 2 2 2 2 2 2 2 2 2 2 2 2 2 2 2 2 2 2 2 2 2 2 2 2
left_child=2 11 4 14 28 -3 12 -6 9 -8 18 26 24 -14 19 -9 -17 -10 -7 25 -13 -22 -20 -23 -5 -4 27 -2 29 -1
right_child=1 5 3 6 7 10 8 15 17 -11 -12 20 13 -15 -16 16 -18 -19 22 -21 21 23 -24 -25 -26 -27 -28 -29 -30 -31
leaf_value=0 -0.00047482847585929354 0 0.00054371705369630292 8.1922279336191635e-05 0 0 -7.4560635589696154e-06 0 -2.4390790109600147e-05 -0.00016661754490183726 0 0 0.00016648119129082111 0 0 0.00075296827965186863 0 9.2322101958925313e-05 -0.00073364792057786061 0 0 0.00042177925851732647 0 0 -2.7298322562218433e-05 0 0 0 -7.6964982842869892e-05 0.0001577978229924982
leaf_weight=2.2731189643382077 5.4585763946524821 8.0327008767635544 14.976074820850046 50.176392241322901 1.985553089587486 1.2389713839511411 195.94024385616649 1.420422053837689 79.775528050377034 150.08325738593703 4.3658354110666577 4.207435978518336 121.89828372234479 41.939673134533223 2.7998277331935233 14.402801884338258 1.8847815362969402 98.530333930219058 17.874083443195563 4.6257345771882692 2.1379461744218196 13.478761240316084 1.3727021518279787 1.5668733372585837 160.86484410380945 0.95243669103365469 4.0808503687731008 0.36054120014887292 3.2251725203241248 6.6400906650815159
leaf_count=4532 10884 16018 29865 100072 3960 2471 390711 2832 159088 299282 8705 8393 243079 83621 5585 28723 3758 196452 35641 9224 4263 26879 2737 3125 320754 1900 8139 719 6430 13239
internal_value=6.01085e-07 -0.000195223 1.6912e-05 4.54015e-06 0.000281232 -0.000388975 -4.78629e-07 0.000482149 -4.25624e-05 -8.51602e-05 -0.000527405 0 5.03797e-05 0.000116988 0.000326237 0.000598929 0.000668159 2.32788e-05 -0.000640161 0.000407684 0.000152111 0.000255261 -0.00068791 0.00035481 0 0.000504229 -0.000302134 -0.000449659 0 0
internal_weight=1018.57 64.1753 954.395 922.563 31.8319 32.8843 899.209 19.6936 524.329 346.024 24.8516 31.291 374.879 163.838 23.3541 17.708 16.2876 178.306 20.4858 20.5542 21.391 17.1836 19.2468 15.0456 211.041 15.9285 9.89997 5.81912 12.1384 8.91321
internal_count=2031081 127974 1903107 1839633 63474 65572 1793059 39273 1045533 689993 49554 62402 747526 326700 46574 35313 32481 355540 40849 40989 42660 34267 38378 30004 420826 31765 19742 11603 24201 17771
is_linear=0
shrinkage=0.03


Tree=140
num_leaves=31
num_cat=0
split_feature=1 16 12 25 9 8 11 16 47 21 9 46 43 38 11 28 30 36 20 21 10 38 29 32 18 33 4 4 41 41
split_gain=0.00288259 0.00267456 0.00262363 0.00304235 0.00236775 0.00225211 0.00193576 0.00191353 0.00384662 0.00342719 0.00210977 0.00182169 0.00171694 0.00156575 0.00150471 0.00138981 0.00127618 0.000874767 0.000825714 0.00130658 0.000790614 0.000729804 0.000656693 0.000604635 0.0004049 4.40908e-05 8.83382e-05 3.61e-05 2.76521e-05 2.48227e-05
threshold=1.3266971996253469 3.971396485831368 0.6535066592899641 0.71158051048596715 -0.7306813742018855 1.3089774382031674 0.75280424310663974 0.31275213293941612 0.023770443709453408 0.018614043756238898 0.87151947467444313 0.22900724481865523 1.0000000180025095e-35 0.21499651871177894 -0.37517605559801098 -0.2145121847755094 0.85768188996556305 1.712037405444073 1.1721848384159146 0.72328023645424511 0.92253883253219382 -0.26169264109023888 0.97434928515860808 1.1186818591024805 1.2815136814527575 -0.14513617916357349 1.3796635006661608 -0.13728757787331533 -0.81382695034968389 -0.4492644433238186
decision_type=2 2 2 2 2 2 2 2 2 2 2 2 2 2 2 2 2 2 2 2 2 2 2 2 2 2 2 2 2 2
left_child=1 2 7 18 -3 14 -6 8 15 -10 12 16 -9 -12 -2 -1 -5 22 20 -20 -4 -16 -8 24 -23 26 27 -7 -29 -27
right_child=5 4 3 11 6 25 17 10 9 -11 13 -13 -14 -15 21 -17 -18 -19 19 -21 -22 23 -24 -25 -26 29 -28 28 -30 -31
leaf_value=4.4285403985177762e-05 0 0 -0.00013612715569749477 -0.00056031664710081753 0 0 0.0014746495254178804 0 0.00023014489320503622 0 -2.4565105916575535e-05 0 -0.00027400149734749458 0.00020378334831255002 0 -7.4146220948935896e-05 0 0 0 0.00042248743322646824 0 -0.00065521891143423359 0 0 0 -5.2068984189758394e-05 0 0 0.00017553950039347731 0
leaf_weight=234.68818894942524 15.360535181069279 2.0431012994959019 56.816315773990937 22.979854064120449 1.6572321773855927 0.73766495572635893 3.5740101558039901 53.65156360110268 161.53734534967225 63.608252756937873 45.204081319388933 11.51369184599025 49.360271790239494 36.562622335273772 2.2719111664337133 143.79976956901373 7.9508697366109109 0.42382400907808904 11.923546338803137 8.8393614115775545 45.967059970484115 17.270740452397156 0.39642571343574662 1.488926161546259 0.35714428190840308 8.2401319702621549 0.68974976218305517 0.40117432124679897 5.7299415722372968 3.4114785239798922
leaf_count=467994 30630 4073 113292 45823 3303 1471 7124 106976 322150 126832 90142 22961 98419 72900 4531 286744 15854 845 23776 17623 91649 34437 790 2969 712 16432 1375 800 11426 6802
internal_value=0 1.14569e-05 3.67804e-06 -0.000100856 0.000558019 -0.000210008 0.00087673 2.94916e-05 5.77e-05 0.000155893 -4.6424e-05 -0.000322941 -0.000144824 4.08529e-05 -0.000349732 0 -0.000442852 0.00120624 -2.76469e-07 0.000139122 -5.76234e-05 -0.000522942 0.00134485 -0.000583375 -0.000632409 0 7.24564e-05 0.000131726 0.000157286 0
internal_weight=1018.46 962.497 954.403 165.991 8.09459 55.9594 6.05149 788.412 603.634 225.146 184.779 42.4444 103.012 81.7667 36.7493 378.488 30.9307 4.39426 123.546 20.7629 102.783 21.3887 3.97044 19.1168 17.6279 19.2101 7.55853 6.86878 6.13112 11.6516
internal_count=2030855 1919270 1903135 330978 16135 111585 12062 1572157 1203720 448982 368437 84638 205395 163042 73279 754738 61677 8759 246340 41399 204941 42649 7914 38118 35149 38306 15072 13697 12226 23234
is_linear=0
shrinkage=0.03


Tree=141
num_leaves=31
num_cat=0
split_feature=14 14 47 7 21 20 21 47 33 8 21 20 16 33 8 1 28 28 20 21 42 22 8 49 12 20 47 44 45 23
split_gain=0.0026934 0.00317785 0.0035016 0.00298981 0.00553599 0.00400578 0.00686306 0.00335652 0.00303153 0.00203752 0.00194873 0.00173502 0.00146698 0.00133482 0.00117311 0.00206178 0.00109937 0.00099162 0.000931703 0.000869677 0.00127031 0.000780247 0.000632132 0.000762717 0.000616259 0.000474669 0.00044594 0.000385664 0.000318865 0.000291373
threshold=-0.89229885435687317 -0.13960145772348867 0.67320347272162429 0.054182728896532993 0.50451493371779821 -0.57418975267870476 1.2378104345841594 1.3268914522886197 -1.5668387544037801 -0.18042980430770095 0.58348009443400517 0.51749138759542201 0.15437267552638292 0.48477987898018304 -1.0244272609652376 0.94351733656503634 -0.84340259473435253 1.0976425765271125 0.97386236757386879 0.018614043756238898 0.75141745935334392 -0.011660207471685861 0.16709854192101581 0.98707096631016522 1.7705402058340873 1.295755672235571 -1.2946992212286477 2.0653109326146413 -0.12642877641665995 -0.14149753040654814
decision_type=2 2 2 2 2 2 2 2 2 2 2 2 2 2 2 2 2 2 2 2 2 2 2 2 2 2 2 2 2 2
left_child=16 2 13 5 7 19 21 18 -6 -10 17 -8 -9 22 -15 -16 -1 24 -5 -3 -21 -7 25 -24 -4 -2 -18 28 -28 -30
right_child=1 3 10 4 8 6 11 12 9 -11 -12 -13 -14 14 15 -17 26 -19 -20 20 -22 -23 23 -25 -26 -27 27 -29 29 -31
leaf_value=0 4.9279780723374574e-05 0 0.00044354482987808057 -0.00014975131695016622 0 -4.1587164009201457e-05 0 0.00030719995648360952 -0.00091784700118670585 -0.00022433531871251342 0 0.00074362231284713144 0 0 0.00019588637547676384 -6.2786422160843709e-05 0 0 0 -0.00034756459285501478 0 0.00010329215048914668 -0.00013387219574499253 0 0 -8.5169713046616785e-05 0 0 0 -0.00028952074959248935
leaf_weight=19.000007037306204 128.38244879269041 40.771286312316079 42.170630713284481 108.49673419614555 5.8527361180749713 55.675787377054803 7.5732996896258582 29.812778544670437 13.139323261973912 33.587390235275961 8.9507545122178254 18.502807563520037 12.792887271905782 48.092732900287956 112.87274207407609 16.124639883113559 6.721079616167116 14.78215462277876 20.986084984033369 26.50932958960766 5.8108129077008916 57.071559123985935 70.007631490065251 12.801999840419738 1.7638533291756164 18.72345477133058 2.6449479202856301 7.3920267102075732 17.037310766929295 54.504057811980601
leaf_count=37891 256001 81303 84100 216346 11670 111022 15099 59451 26196 66972 17848 36881 25509 95895 225086 32156 13401 29479 41844 52856 11586 113791 139609 25530 3517 37337 5274 14741 33974 108686
internal_value=-1.17335e-06 1.25665e-05 6.878e-05 -4.16799e-05 -0.000120861 2.81098e-05 0.000134096 -1.97156e-05 -0.000394846 -0.000483551 0.000274409 0.00057662 0.000187209 2.7222e-05 9.15188e-05 0.000140296 -0.00014582 0.000341539 -0.000110972 -0.000132146 -0.000252406 5.14111e-06 -9.25375e-06 -8.28354e-05 0.000419773 1.17737e-05 -0.000192469 -0.00021217 -0.000232767 -0.000245346
internal_weight=1018.56 911.256 474.673 436.583 224.668 211.915 138.823 172.088 52.5794 46.7267 67.6674 26.0761 42.6057 407.006 177.09 128.997 107.299 58.7166 129.483 73.0914 32.3201 112.747 229.916 82.8096 43.9345 147.106 88.2994 81.5783 74.1863 71.5414
internal_count=2031051 1817084 946558 870526 447988 422538 276793 343150 104838 93168 134944 51980 84960 811614 353137 257242 213967 117096 258190 145745 64442 224813 458477 165139 87617 293338 176076 162675 147934 142660
is_linear=0
shrinkage=0.03


Tree=142
num_leaves=26
num_cat=0
split_feature=29 1 8 6 47 21 17 17 19 46 8 7 38 4 38 20 41 40 33 49 45 30 4 4 4
split_gain=0.00252158 0.00222012 0.00208015 0.00178467 0.00214408 0.00544216 0.00233668 0.00239206 0.0022661 0.0021452 0.00126857 0.00124073 0.00111457 0.00109736 0.00103059 0.00100575 0.000732422 0.00068559 0.000601004 0.000571308 0.000441208 0.000343692 3.74007e-08 5.06975e-06 2.56938e-07
threshold=-0.49830639389782988 1.3595263048772528 1.3089774382031674 -1.0406238054033932 1.0507751402685774 0.66796259642124711 -2.4275634617601831 0.34813659097184446 -0.46251637256345773 -1.5318744092272485 -0.08113599109949618 0.73890734203214137 -0.18511275793477588 0.23255484072028421 -0.33978073854470481 0.9267570677848439 0.52715122234685663 0.03943908239855784 -0.81231870234796277 0.76267657950530376 -0.11806871067883147 1.5428466899444906 1.3026322796167837 -0.8067216168392527 1.1533022866606861
decision_type=2 2 2 2 2 2 2 2 2 2 2 2 2 2 2 2 2 2 2 2 2 2 2 2 2
left_child=10 3 13 11 6 8 9 -8 -6 -5 15 -2 -7 -3 -15 18 -16 20 -1 21 -13 -20 23 -4 -25
right_child=1 2 22 4 5 12 7 -9 -10 -11 -12 17 -14 14 16 -17 -18 -19 19 -21 -22 -23 -24 24 -26
leaf_value=0 0 0 0 0 4.3598092532833302e-05 0 -7.573720674089011e-05 2.7852125862225502e-05 0.00044265329093927586 0.00083100660720406548 0 0 -0.00037442166144486199 0 -0.00052692556794030061 0 0 0 0.00047037357965714054 0 -0.00062465309622545097 0 0 2.2288484587172463e-05 0
leaf_weight=0.97996123088523646 24.403640416276176 3.811972341907679 0.37912452907767402 2.2999686148832552 49.013794676982798 6.0428726454847519 350.28668118576752 419.72889031434897 39.16162878787145 5.6223045686492688 8.478138219797982 0.89224575425032426 15.144904731889254 2.2288377319928321 23.652784397883806 11.122001945623195 1.0361504946486082 2.4703914478304787 25.121108973689854 0.92412311810767178 9.4478924158611317 0.45110984175698732 3.455987174587789 9.7180072217597608 2.8752094102674155
leaf_count=1955 48660 7602 756 4585 97736 12051 698439 836993 78099 11217 16912 1779 30198 4445 47163 22176 2066 4926 50099 1843 18839 900 6891 19379 5733
internal_value=0 -1.12342e-05 -0.000212063 0 7.54355e-06 0.000133504 -6.3077e-06 -1.53755e-05 0.000254855 0.000496372 0.000213547 -0.000204461 -0.000229922 -0.000360465 -0.000430147 0.000291887 -0.000489182 -0.000456735 0.000390677 0.000422715 -0.000564021 0.000453048 0 1.61084e-06 1.91048e-05
internal_weight=1018.75 971.673 47.1581 924.515 887.301 109.363 777.938 770.016 88.1754 7.92227 47.0764 37.2142 21.1878 30.7297 26.9178 38.5983 24.6889 12.8105 27.4763 26.4963 10.3401 25.5722 16.4283 12.9723 12.5932
internal_count=2031442 1937557 94035 1843522 1769318 218084 1551234 1535432 175835 15802 93885 74204 42249 61276 53674 76973 49229 25544 54797 52842 20618 50999 32759 25868 25112
is_linear=0
shrinkage=0.03


Tree=143
num_leaves=31
num_cat=0
split_feature=46 33 47 38 17 21 4 29 16 38 21 37 15 33 20 49 30 33 3 8 36 44 51 21 1 21 8 44 25 30
split_gain=0.00272181 0.00485686 0.00242724 0.00359651 0.00265789 0.00366463 0.00274238 0.00268754 0.00203819 0.00265213 0.00191134 0.00159362 0.00130315 0.00136552 0.00117704 0.0010972 0.00247399 0.00180531 0.000950198 0.000904918 0.00090485 0.000846333 0.000859405 0.000692957 0.000978472 0.000662487 0.000647159 0.000719068 0.00062048 0.000356373
threshold=-1.0029215081283482 -0.49708892921367942 1.3268914522886197 0.082638712490348723 -1.6633614012447999 1.693487540123761 0.070352481293664851 -0.51347849560961023 -0.80982836527939628 0.19952093069051938 -0.79608175548667004 -2.7417976573406801 -4.1052396781948195 -0.9385985501396622 1.3195510069051848 0.56633549396548155 0.23544475229086495 -0.85416704480279504 1.152137699535918 0.46498007032122252 -0.43952306513774464 -0.78132412996641565 0.00052054426379826086 0.16696635645058958 0.56609533815571222 -0.63217822219299891 1.3089774382031674 -0.67589320172267275 0.017636909167148159 1.1231696459271374
decision_type=2 2 2 2 2 2 2 2 2 2 2 2 2 2 2 2 2 2 2 2 2 2 2 2 2 2 2 2 2 2
left_child=1 15 4 11 5 -2 19 25 10 -10 -9 -4 -13 -14 21 20 17 18 -17 -7 -1 -3 -23 28 -25 -6 -18 -28 -22 -27
right_child=2 14 3 -5 7 6 -8 8 9 -11 -12 12 13 -15 -16 16 26 -19 -20 -21 23 22 -24 24 -26 29 27 -29 -30 -31
leaf_value=-5.3008406687270133e-06 0 0 0 0 0 0.0018495048628841193 0 0.00029094346029372024 -8.2005250145315958e-05 4.2407503285046026e-05 0 0 0 0.00073346552211230238 0 -0.00060709497771714669 -0.00011204525829836364 0 0 0 -1.3697993667086277e-05 0 -0.0004535236278809844 0.00041573096815380892 0 0.00050581795794840982 0 0.00023446376557162749 0.00016337430476426131 0
leaf_weight=31.187319116317667 12.654329356446398 4.2671755137271239 2.0495373829035115 27.741304790310096 5.7547929104184758 2.6371629129862413 0.6876593162305652 34.416776404133998 402.94644734141184 214.85346567811212 65.996041717065964 1.0386498659499981 1.0220157153089591 18.095341377309516 6.6954941586591294 14.589433756715154 12.405909508524926 3.4394466026569708 1.0365440970635962 0.2890424511861055 28.363964258518536 9.7215759183745813 43.221394045220222 15.244009696471041 3.7894847023417233 12.772211385483384 0.6640693714725775 19.534202014736369 20.72257791768061 0.58108843315858472
leaf_count=62187 25229 8508 4087 55315 11481 5264 1371 68637 803560 428355 131595 2071 2038 36089 13351 29094 24744 6859 2067 576 56561 19386 86187 30387 7555 25466 1324 38954 41323 1159
internal_value=0 -9.46305e-05 2.55699e-05 0.000230855 7.98296e-06 0.00038729 0.0012601 0 -9.72811e-06 -3.3882e-05 0.000109005 0.000515404 0.000603167 0.000667028 -0.000313865 0 -0.000113924 -0.000389821 -0.000537948 0.00167465 5.64882e-05 -0.000358549 -0.000391543 0.000128817 0.00030357 0.000350753 0 0.000145346 0 0.000469786
internal_weight=1018.42 214.883 803.536 49.9468 753.589 16.2682 3.61386 737.321 718.213 617.8 100.413 22.2055 20.156 19.1174 63.9056 150.977 51.6696 19.0654 15.626 2.92621 99.3074 57.2101 52.943 68.12 19.0335 19.1081 32.6042 20.1983 49.0865 13.3533
internal_count=2030780 428487 1602293 99600 1502693 32440 7211 1470253 1432147 1231915 200232 44285 40198 38127 127432 301055 103042 38020 31161 5840 198013 114081 105573 135826 37942 38106 65022 40278 97884 26625
is_linear=0
shrinkage=0.03


Tree=144
num_leaves=26
num_cat=0
split_feature=1 16 9 12 25 11 47 30 8 36 49 44 6 29 30 4 44 29 46 36 20 21 18 38 41
split_gain=0.00266075 0.0024247 0.00281663 0.00252111 0.00281411 0.00246874 0.00198947 0.00280781 0.00180283 0.00164257 0.00333302 0.00160448 0.0015706 0.00146928 0.00107342 0.00100029 0.00109506 0.000786432 0.000772577 0.000659018 0.000475381 0.000693501 0.00053871 0.000464713 0.000469422
threshold=1.3595263048772528 3.971396485831368 -0.7306813742018855 0.90661983340877406 0.74215269019035646 0.95986627347661702 1.1535078284975413 0.34878857653980894 1.3089774382031674 0.20923211802969252 -0.51942387262461487 -0.35960041699144435 -0.99864333291393137 -0.40960119531878852 0.64346250442154873 0.24264843838569244 0.69470886544598398 1.5569285943661646 -0.71162811961498917 1.712037405444073 1.1831922677177551 1.0496623843572623 0.57813528450956697 -0.24446976053051664 -0.0043962092258215194
decision_type=2 2 2 2 2 2 2 2 2 2 2 2 2 2 2 2 2 2 2 2 2 2 2 2 2
left_child=1 3 -3 6 20 -4 9 18 15 13 -11 -6 -9 -1 -13 -2 23 19 -8 -7 22 -22 -5 -17 -25
right_child=8 2 5 4 11 17 7 12 -10 10 -12 14 -14 -15 -16 16 -18 -19 -20 -21 21 -23 -24 24 -26
leaf_value=4.4287550742955504e-05 0 0 0 -0.00011285865956234475 0 0.0015546369248864609 -0.00020762317673866438 0 0 0.00017429662699294229 -2.4291682944714699e-06 -0.0006362818328921058 0.00036235525805718285 -7.2203281736528014e-05 0 0 0 0 6.4033740403984178e-05 0 0 0.00039060183967651259 0 -0.00060862458774068185 0
leaf_weight=116.3244787712465 3.9253390215453718 2.0817069930490106 2.0016035735025053 57.728078749205451 7.6962634414085178 3.4571401403518398 14.796792627603283 4.2311588920420027 16.541531040566042 136.27774179395055 221.65293965896126 16.453964395623192 47.707453990471549 281.01308255380718 9.9104009164730069 1.9240190738928564 4.9042290248326017 0.21877620369195927 14.015611213748342 0.36511062399949867 10.396069553797131 5.2536360148806116 19.325847961765248 17.848343825899075 2.5258680211845705
leaf_count=231998 7828 4150 3989 115103 15347 6891 29506 8437 32985 271731 442006 32811 95138 560321 19761 3837 9780 436 27950 728 20730 10475 38534 35589 5036
internal_value=0 1.16736e-05 0.000531818 4.16849e-06 -0.000116438 0.000894304 2.60443e-05 0.000169627 -0.000217852 6.72076e-06 5.64755e-05 -0.000353295 0.000305597 -3.05492e-05 -0.000464786 -0.000353278 -0.000419416 0.00132127 0 0.00142508 0 0.000106468 -5.70114e-05 -0.000508722 -0.000551149
internal_weight=1018.58 970.908 8.12434 962.784 126.764 6.04263 836.019 80.751 47.6693 755.268 357.931 34.0606 51.9386 397.338 26.3644 31.1278 27.2025 4.04103 28.8124 3.82225 92.7036 15.6497 77.0539 22.2982 20.3742
internal_count=2031097 1936042 16194 1919848 252761 12044 1667087 161031 95055 1506056 713737 67919 103575 792319 52572 62070 54242 8055 57456 7619 184842 31205 153637 44462 40625
is_linear=0
shrinkage=0.03


Tree=145
num_leaves=31
num_cat=0
split_feature=37 4 34 21 34 16 1 28 17 41 19 30 29 44 8 21 7 30 44 46 36 29 16 9 0 24 51 29 31 49
split_gain=0.00267189 0.00193874 0.00190953 0.00208361 0.00162971 0.00188707 0.0015986 0.00194106 0.00136176 0.00119122 0.00115166 0.00117113 0.00114119 0.000765856 0.000651942 0.000857724 0.000795826 0.000666846 0.000648849 0.000864699 0.000640213 0.000711353 0.000601755 0.00100224 0.000699178 0.000708899 0.000641135 0.000586342 0.000761561 0.000520362
threshold=0.69674716221403965 0.63775176457769633 2.0280878055124245 -0.7062858834855118 -0.70517377080258858 2.7154444627030947 -0.47257428737150114 0.039148301935201357 -1.2437571597348958 -0.049010502043672445 0.61014955676268579 0.97453853879636598 -0.36650536388879795 2.0653109326146413 0.1174516353169134 0.99512156317061884 -0.14145286236279367 0.76637820020133285 0.062123295983526894 0.98639097458835512 1.6423862601877046 0.57376026348317455 0.32588756275814595 0.58021016628462441 0.3346666460537901 -0.21875860333591621 0.00024019750335131198 0.78480798729134038 1.4514213856060916 -0.32265929522853026
decision_type=2 2 2 2 2 2 2 2 2 2 2 2 2 2 2 2 2 2 2 2 2 2 2 2 2 2 2 2 2 2
left_child=2 14 4 -4 22 6 8 -8 -6 18 11 12 -3 -14 15 -2 -17 27 19 -5 21 -7 24 26 29 -26 -24 -16 -29 -1
right_child=1 10 3 9 5 20 7 -9 -10 -11 -12 -13 13 -15 17 16 -18 -19 -20 -21 -22 -23 23 -25 25 -27 -28 28 -30 -31
leaf_value=0 0 0 3.7598322703191326e-05 -0.00053770272613054559 0.0003121293523808693 0.00083145551080649101 0.000154110301941654 0 -3.9963488326814955e-05 0 0 0 -0.00046461015118880931 0 -7.8694812069638856e-07 0.00039661879549047634 0 0 0 0 0 0 0 0 0 0.00015344856274936218 -0.00027007933944838189 -0.00047758150331131334 0 -0.00012276439929882285
leaf_weight=27.081064350844827 68.790277938533109 7.6890337005024767 14.22181819815887 18.13356668280904 9.9271909130620752 5.5251174257718949 209.52587795699947 160.0465676409658 162.36606400110759 13.345098036166744 16.01322121405974 11.454608006286433 34.279378743376583 2.5873261879896736 36.842900677409489 9.7594286965322663 2.2061744790989897 14.685610721469855 5.3794822955969712 5.0673761707730582 1.1420394455199128 0.49810063745826472 10.52328124042833 22.308638315764256 19.751112367259338 46.620866189419758 28.886415494605899 10.342401833389884 1.3942105212481681 42.32199887232855
leaf_count=54000 137179 15335 28363 36157 19790 11013 417821 319148 323754 26609 31927 22842 68350 5159 73467 19456 4399 29289 10727 10104 2277 993 20983 44484 39385 92965 57595 20622 2780 84401
internal_value=0 -9.26338e-05 2.6196e-05 -0.00013031 4.19857e-05 7.00782e-05 5.74981e-05 9.34766e-05 -2.26443e-06 -0.000258823 -0.000223346 -0.00028749 -0.000357148 -0.000426634 -6.43555e-06 2.41315e-05 0.000261619 -9.28729e-05 -0.000368484 -0.000438672 0.000602752 0.000726538 -2.09211e-05 -0.000100874 0 8.32276e-05 -0.000197038 -0.000153581 -0.000377612 -4.9421e-05
internal_weight=1018.72 216.045 802.672 56.1473 746.524 549.031 541.866 369.572 172.293 41.9255 72.0236 56.0103 44.5557 36.8667 144.021 80.7559 11.9656 63.2651 28.5804 23.2009 7.16526 6.02322 197.493 61.7183 135.775 66.372 39.4097 48.5795 11.7366 69.4031
internal_count=2031374 430805 1600569 111960 1488609 1094796 1080513 736969 343544 83597 143613 111686 88844 73509 287192 161034 23855 126158 56988 46261 14283 12006 393813 123062 270751 132350 78578 96869 23402 138401
is_linear=0
shrinkage=0.03


Tree=146
num_leaves=31
num_cat=0
split_feature=37 17 5 37 45 45 5 30 22 42 29 45 3 34 33 38 33 29 8 29 8 41 28 44 13 38 25 16 30 48
split_gain=0.00305384 0.00227579 0.00213873 0.00184381 0.00166002 0.00278071 0.00211853 0.00178188 0.00179125 0.00151437 0.00137352 0.00130569 0.00117742 0.00115401 0.000970339 0.000929652 0.000735214 0.000694539 0.000632949 0.000614691 0.000585129 0.000564685 0.00050003 0.000723134 0.000677435 0.000636353 0.000399084 0.000740626 0.000298172 0.000196519
threshold=0.62943910068476716 -0.21788146674478223 -0.90375648370797812 -3.3002451730540385 -0.09091721974710458 -0.090917831414596154 0.18115106990087784 -0.72817195513361954 -0.025357764517125628 0.61201343617819959 -0.44122808836361821 -0.081704267223299223 -0.91954587540985078 -0.97502278584244306 1.0874493081803143 0.190545439834479 -0.6922830571750912 -0.39792863289405328 -0.82583961235493009 -0.50641105851077961 0.067804728712811013 -0.47985710125605918 -0.49608370263362184 -0.14873856050395873 -0.420164594697434 -0.51088444258132237 -0.061710750151690585 0.29983151184140605 -1.6584432325526512 0.23201166243469354
decision_type=2 2 2 2 2 2 2 2 2 2 2 2 2 2 2 2 2 2 2 2 2 2 2 2 2 2 2 2 2 2
left_child=3 2 -2 16 5 10 -7 18 13 -8 14 12 -4 -9 -5 -10 -1 -14 19 -6 -20 -12 26 24 -24 -26 -3 28 -28 -18
right_child=1 22 11 4 7 6 9 8 15 -11 21 -13 17 -15 -16 -17 29 -19 20 -21 -22 -23 23 -25 25 -27 27 -29 -30 -31
leaf_value=0 0 0 0 0.00022845938978648637 0 0 -0.00036263428961179312 0 -3.3082229245379921e-05 0 -3.9805946139428369e-05 0 0 0.00024170687472443482 0 0.0001382736606184976 -0.00047568243223705962 -0.00044081152925997709 0.00014050721419619572 -0.00021304432694855519 0 4.9663506577798842e-05 0 0 0 -0.00020210354431698284 0 0 0.00025719895921211256 0
leaf_weight=14.961259906471243 11.23497333267005 40.323879732051864 4.3802237751078783 50.77895119949244 2.5401409920887117 42.757629168045241 39.781305531098042 7.388585115375462 57.687294274626765 5.3739466504193834 108.60231623688014 21.836927470110822 7.2523977229720904 117.5843242770643 10.310280556499491 40.7375130878645 8.487948168185536 46.308523632120341 28.445743413991295 23.969131199701224 28.762085313675925 136.28211825340986 29.542129961540923 35.549607211549301 4.4098372853477477 55.957695360819343 1.8287060480797688 14.295916493283583 20.129699230310507 0.99451712251175273
leaf_count=29834 22401 80411 8730 101275 5064 85269 79324 14734 115043 10716 216550 43540 14462 234480 20562 81219 16924 92337 56714 47790 57351 271740 58907 70895 8795 111581 3647 28508 40148 1983
internal_value=-2.41993e-06 -8.67501e-05 -0.000215169 2.75107e-05 4.0086e-05 0 -0.000149382 9.23714e-05 0.000137509 -0.000292694 4.20439e-05 -0.00027739 -0.000355283 0.000216004 0.000170556 7.36096e-06 -0.000210396 -0.00039539 0 -0.00014202 2.47233e-05 0 -1.40518e-05 -6.00502e-05 -0.000110772 -0.000168448 2.21324e-05 0.000104603 0.000220048 -0.000428824
internal_weight=1018.5 293.051 91.013 725.445 701.001 393.887 87.9129 307.115 223.398 45.1553 305.974 79.7781 57.9411 124.973 61.0892 98.4248 24.4437 53.5609 83.7171 26.5093 57.2078 244.884 202.037 125.459 89.9097 60.3675 76.5782 36.2543 21.9584 9.48247
internal_count=2030934 584362 181470 1446572 1397831 785436 175309 612395 445476 90040 610127 159069 115529 249214 121837 196262 48741 106799 166919 52854 114065 488290 402892 250178 179283 120376 152714 72303 43795 18907
is_linear=0
shrinkage=0.03


Tree=147
num_leaves=31
num_cat=0
split_feature=39 15 30 27 20 21 8 49 38 21 9 9 49 11 27 28 21 8 16 16 8 27 29 16 25 44 47 20 47 28
split_gain=0.00259026 0.00216083 0.00151575 0.00179661 0.00167441 0.00191973 0.00227116 0.00302633 0.0018893 0.00188344 0.0114528 0.00316911 0.00189745 0.0015774 0.00152623 0.00129625 0.000973096 0.000993964 0.000956585 0.000921795 0.000890429 0.00081279 0.000791164 0.000749029 0.000711769 0.000628674 0.000576661 0.00056994 0.000506637 0.000429383
threshold=-0.86571236089413672 -0.084521028610152607 -1.1099989265069816 0.10992574516059841 -0.092953703680106761 0.028435016084425332 0.31603930612111913 0.1664307526237945 0.19349424950153113 1.7538241875961369 0.14324637733373335 -1.16764523911758 -1.9681556557034314 1.1122704446065426 0.075094925667311227 -1.122916636186593 0.028435016084425332 -0.67689889254262281 0.29983151184140605 -0.52730551621771127 -1.0244272609652376 -0.17647744267294332 -0.50025015184359145 3.5100194515799923 -1.3747950792886237 1.6435872196396695 -0.16453707897070666 1.5451482873994067 -0.4946691353297929 2.3352401846352415
decision_type=2 2 2 2 2 2 2 2 2 2 2 2 2 2 2 2 2 2 2 2 2 2 2 2 2 2 2 2 2 2
left_child=1 19 3 15 5 6 7 -4 20 11 -11 13 -12 -6 -13 -2 -5 -18 -3 -1 -7 -8 -17 24 -21 -24 -19 -26 -20 -30
right_child=2 18 4 16 9 8 21 -9 -10 10 12 14 -14 -15 -16 22 17 26 28 23 -22 -23 25 -25 27 -27 -28 -29 29 -31
leaf_value=-9.3735719435373915e-06 0 2.4597747254435753e-05 0.0002104037951022506 0 0.00026950373518822013 0 0 -4.9746481785162202e-05 0 -0.00018449404269516115 0 -5.2102779971120748e-05 0.0011151826990013596 0 0.00011540844624011299 0 0 0.00047114797988693369 0 0 -0.00029730430181213298 -0.00014268679589200432 -0.00025767072327530677 0 -0.00043648689929383475 0 0 0 -0.00022520854886508279 0
leaf_weight=32.796087940863799 8.7248478271649201 87.932201251911465 104.95117727544857 24.421809992403723 72.134313779824879 18.039993090438657 35.772116143605672 39.787539025826845 42.265047317545395 9.1444458690239134 1.0146192429237988 163.99759218387771 11.973377410089595 13.385976315010337 69.704901220509782 4.5365047185914582 6.515965987811799 10.67024745780509 5.6848040400072923 1.4598310301662412 44.263339510129299 52.680983120226301 69.379581322544254 0.958496208419091 35.347683399741072 9.8558214005897735 3.1825887040467906 0.795954437518957 32.614425947889686 4.4122623818111597
leaf_count=65393 17397 175349 209288 48699 143848 35973 71342 79347 84266 18229 2023 327035 23872 26690 138990 9045 12988 21272 11335 2910 88261 105062 138341 1911 70478 19652 6344 1587 65028 8798
internal_value=-4.52589e-06 -0.000102911 1.61429e-05 -6.74294e-05 3.7455e-05 -1.58409e-06 3.69241e-05 0.000118164 -0.000116148 8.48715e-05 0.00037944 5.50506e-05 0.00100747 0.000211337 0 -0.000152882 4.20602e-05 0.000216533 -5.55158e-06 -0.000239118 -0.000223459 -6.20943e-05 -0.000199333 -0.000356714 -0.000385247 -0.00022582 0.0003654 -0.000414889 -0.00013786 -0.000185035
internal_weight=1018.4 202.002 816.403 137.287 679.115 337.76 233.192 144.739 104.568 341.355 22.1324 319.223 12.988 85.5203 233.702 92.4968 44.7906 20.3688 130.644 71.3581 62.3033 88.4531 83.7719 38.562 37.6035 79.2354 13.8528 36.1436 42.7115 37.0267
internal_count=2030753 402789 1627964 273738 1354226 673539 465039 288635 208500 680687 44124 636563 25895 170538 466025 184435 89303 40604 260510 142279 124234 176404 167038 76886 74975 157993 27616 72065 85161 73826
is_linear=0
shrinkage=0.03


Tree=148
num_leaves=31
num_cat=0
split_feature=25 34 45 45 0 8 21 46 21 9 21 9 27 17 36 34 44 7 11 47 21 17 33 45 32 8 20 24 49 49
split_gain=0.0024056 0.00232042 0.00264848 0.00646391 0.0026661 0.00238868 0.00191909 0.00195045 0.00191073 0.00190352 0.00162499 0.00515562 0.00140439 0.00138338 0.00126543 0.00108627 0.000917901 0.000711361 0.000628443 0.000734311 0.000387465 0.000334493 0.000301293 0.000188681 0.000132873 8.53897e-05 0.000327531 0.000299086 0.000256491 0.000100476
threshold=2.2719467945307339 -0.95846339205091391 -0.090613308115153654 -0.090917831414596154 -1.0886276145212168 1.4082713401869642 0.34330076366471129 -0.44718772964556908 -0.8621336967842832 -0.2937175418425354 1.0496623843572623 0.58021016628462441 -0.13726264407232505 -3.1658516208549945 0.47199717650555684 -0.39345775423501356 -0.35960041699144435 -1.119630884251374 -0.79802162218560391 2.2353761470732656 0.18860185798093801 -1.4530943769625513 -1.8388219852345196 -0.11161658611954446 1.7509287389040897 0.21674549291291434 1.4040731206437049 0.013500356898385633 -0.44224344758583312 -1.4171593353206571
decision_type=2 2 2 2 2 2 2 2 2 2 2 2 2 2 2 2 2 2 2 2 2 2 2 2 2 2 2 2 2 2
left_child=1 14 3 6 20 10 7 -3 -6 -8 15 -12 13 -7 17 -4 -2 -1 -19 -20 -5 22 -18 -24 -25 27 28 29 -27 -16
right_child=16 2 5 4 8 12 9 -9 -10 -11 11 -13 -14 -15 25 -17 21 18 19 -21 -22 -23 23 24 -26 26 -28 -29 -30 -31
leaf_value=0 0 -9.3254651311486892e-07 -3.6288923536819613e-05 -2.0618408640048467e-05 0 0 -0.00022183885259653626 0.00013643464737795628 -0.00033363954105736422 5.813133007241619e-06 0 0.00057604525620994342 0 0.00045143609984672506 0 7.0164223078387401e-05 0 0 -0.00035403668597439514 0 0.00017293628188325383 0 0 -0.00060933797391716929 0 0 0 0 -0.00017922045411008732 0.00018672698409084214
leaf_weight=6.3035417085629879 2.8378858751384568 98.554287164763082 129.56347627169453 13.154249049082866 6.7329754567472255 2.4601316188345654 42.091582264169119 197.80470839352347 85.115914103225805 57.883430294517893 16.415275591716636 20.663117631396744 9.0350722642033343 33.018399313616101 0.8155760292429467 179.76973412540974 0.37107843672857121 4.6098511845339081 36.29591781354975 1.7191472399863403 11.473134881351141 5.5610643340041834 0.67105935880681755 10.18322185793658 0.12490699643967751 2.6476749711437213 2.486872748238965 11.419197074661495 18.348402917734347 10.689911375869999
leaf_count=12570 5659 196534 258364 26236 13430 4905 83916 394457 169725 115400 32724 41194 18017 65844 1626 358471 740 9194 72375 3428 22877 11090 1338 20305 249 5279 4959 22769 36589 21315
internal_value=0 8.47762e-06 2.61156e-05 -1.38091e-05 -0.000214429 8.61623e-05 3.75805e-05 8.06303e-05 -0.000290573 -6.00256e-05 4.90091e-05 0.000244499 0.000307899 0.000393154 -0.000127253 1.58783e-05 -0.000325563 -0.000234156 -0.000279208 -0.000319826 0 -0.000415484 -0.000532662 -0.000563929 -0.00059598 0 -5.20954e-05 2.39227e-05 -0.000130671 0.000156639
internal_weight=1018.82 999.072 903.735 512.81 116.476 390.925 396.334 296.359 91.8489 99.975 346.412 37.0784 44.5136 35.4785 95.3361 309.333 19.7492 48.9285 42.6249 38.0151 24.6274 16.9113 11.3503 10.9792 10.3081 46.4076 23.483 22.9247 20.9961 11.5055
internal_count=2031579 1992198 1802094 1022575 232268 779519 790307 590991 183155 199316 690753 73918 88766 70749 190104 616835 39381 97567 84997 75803 49113 33722 22632 21892 20554 92537 46827 45710 41868 22941
is_linear=0
shrinkage=0.03


Tree=149
num_leaves=31
num_cat=0
split_feature=34 16 7 11 47 21 28 38 36 1 16 35 36 11 48 11 47 47 2 18 9 5 25 21 49 49 24 1 21 30
split_gain=0.00228916 0.00283381 0.00324984 0.00262875 0.00345657 0.00290441 0.00204097 0.00197896 0.00167917 0.00161481 0.00160321 0.00137942 0.00113956 0.000962191 0.00095698 0.0007524 0.000812246 0.000707332 0.000612716 0.000588987 0.000427679 0.000423106 8.92211e-05 0.000636282 0.000542297 0.000125873 0.000108798 8.62875e-05 5.54731e-05 9.26359e-08
threshold=-0.95846339205091391 3.1603330758399069 0.15200056825416117 2.3296276738418311 0.98079998045907424 0.66796259642124711 -1.0373495080044537 0.20586328929797174 -1.5871515480272047 -0.50291640680718841 1.1129516536071158 -0.31278379876056933 0.49966908803338078 0.60831911526041205 0.062252438815324815 -0.71430551898482253 -1.2612771223786214 2.2353761470732656 0.016052247489462761 1.4396340741056319 -0.7306813742018855 0.81061158915863951 0.10681679246419117 0.28171842931142338 0.42276314178050661 1.5683968220959741 -0.3680104398728708 0.88675935064588318 -1.3237103958480889 0.65257184381857192
decision_type=2 2 2 2 2 2 2 2 2 2 2 2 2 2 2 2 2 2 2 2 2 2 2 2 2 2 2 2 2 2
left_child=12 3 13 4 6 8 9 -8 -6 -2 11 -5 15 -3 -13 -1 -17 19 -7 -18 -15 -22 23 25 27 26 -14 28 -24 -26
right_child=1 2 -4 10 5 18 7 -9 -10 -11 -12 14 22 20 -16 16 17 -19 -20 -21 21 -23 24 -25 29 -27 -28 -29 -30 -31
leaf_value=0 0 0 0 0 0 0 -5.2022014684067836e-05 6.2580815862528334e-05 0.00030573415933712016 0.00027719247313891623 0 -0.000750624744922709 0 0 0 0 -0.00037877633669503323 0 -0.00023828222223424263 0 0.0013616821488331848 0 0 0 -3.4331495512121979e-06 0 -0.0002596105554025876 0 0.00026485918812640404 0
leaf_weight=8.0289179818937537 40.921248757687863 1.3035464221611599 7.0795911530149169 12.114354859630115 14.317606615892144 3.9509959861752568 524.87198661989532 164.66132623684825 79.625933546281885 39.121680704469327 5.8363005481660357 10.002222492475992 6.3358042539330262 0.11086774489376683 2.4192617302178414 1.899079778115264 37.884264855762012 2.1178053090698077 11.521058750688097 1.2061471175402392 3.9363965843804181 0.22180458088405419 0.055656313663347556 5.3558181750704525 7.0735352732590382 0.29583087016362597 12.800193478120493 1.2588380071683776 8.7968985571642424 3.5668011354864575
leaf_count=16013 81605 2598 14113 24154 28552 7879 1046677 328288 158787 78011 11637 19943 12633 221 4824 3787 75542 4223 22973 2404 7846 442 111 10678 14106 590 25523 2510 17541 7113
internal_value=0 1.56354e-05 0.000465554 6.07651e-06 1.87636e-05 0.000176806 0 -2.0304e-05 0.000251278 0.000139274 -0.000262321 -0.000379458 -0.000137766 0.00100844 -0.000619969 -0.000236512 -0.00028647 -0.000321849 -8.14739e-05 -0.000354237 0.00123706 0.00128984 0 -5.63987e-05 8.37104e-06 -0.000183105 -0.000199914 0.000220029 0.00025312 0
internal_weight=1018.69 922.016 12.6522 909.364 878.992 109.416 769.576 689.533 93.9435 80.0429 30.3721 24.5358 96.6756 5.57262 12.4215 51.1362 43.1073 41.2082 15.4721 39.0904 4.26907 4.1582 45.5394 24.7876 20.7517 19.4318 19.136 10.1114 8.85255 10.6403
internal_count=2031324 1838550 25220 1813330 1752772 218191 1534581 1374965 187339 159616 60558 48921 192774 11107 24767 101969 85956 82169 30852 77946 8509 8288 90805 49424 41381 38746 38156 20162 17652 21219
is_linear=0
shrinkage=0.03


Tree=150
num_leaves=31
num_cat=0
split_feature=25 47 21 3 29 49 8 36 20 21 7 47 4 49 14 14 33 29 21 46 1 4 38 5 17 38 38 5 40 28
split_gain=0.0023261 0.00216408 0.00277799 0.00239846 0.00268789 0.00227592 0.00225059 0.00197255 0.00193798 0.00187238 0.00714647 0.00301116 0.00179584 0.00167894 0.00161875 0.00108686 0.000853822 0.000835282 0.000747341 0.000647458 0.000600557 0.000649536 0.000498223 0.000475694 0.00033696 0.000310126 0.00028529 0.000148161 0.00014566 8.84031e-05
threshold=2.2719467945307339 1.3619506873266054 1.2378104345841594 0.77139023833381637 -0.40797521011895882 -0.65610618118974851 -0.57760505714052013 0.13894253329283021 1.4040731206437049 1.5289570278391638 -0.63054186237509269 -0.092603159146326705 0.74886475705971089 0.91005160989663858 -0.79286264550041319 2.9536930346142198 -2.065661051571249 0.54524387309203426 -0.26973196949017941 -0.65451242791934161 1.3266971996253469 0.40118610114996262 -0.63587574131166613 -1.3136486423086631 -0.20477973037401873 0.1988811130547776 -0.021906063700667326 -1.5435348899901755 1.7255512329962011 -0.79505653289526357
decision_type=2 2 2 2 2 2 2 2 2 2 2 2 2 2 2 2 2 2 2 2 2 2 2 2 2 2 2 2 2 2
left_child=1 3 6 5 20 7 18 25 -9 11 -11 -7 26 -14 -8 -16 -4 -18 -3 22 21 -5 -2 -19 -20 -1 -6 -24 29 -29
right_child=19 2 16 4 12 9 14 8 -10 10 -12 -13 13 -15 15 -17 17 23 24 -21 -22 -23 27 -25 -26 -27 -28 28 -30 -31
leaf_value=-4.0213800270428764e-05 0 4.4378525286529281e-05 0 0 2.0461383076800715e-05 -0.00010814706419937732 0 0.00024258968030427857 0 0.00073926915296890965 -6.9181486504598218e-05 3.7680827997420083e-05 -0.00032791040812963306 0 0.00042519853587058088 0 0 0 -0.00039526616471121675 0 0 0.00021493926023560017 0 -0.00082850894047178871 0 8.4190154844675472e-05 -6.6187672976635663e-05 0 0 -0.00064144106797178963
leaf_weight=58.732631626189686 2.5879152358975253 6.4887049838434905 0.30494525266112749 17.280772522441112 18.565362333669327 235.22782207460841 7.7214056398952371 98.985675159667153 15.272852741240056 14.079408839461395 15.754184302932115 239.01374285912607 67.310905370395631 22.764822230150457 47.293048363353591 4.1104872045689254 2.91928596101934 0.30695965507766265 6.1643689677584916 8.3416673269239237 4.0946030784398308 28.306565271515865 0.13994861789978941 3.4137283364543691 0.54668459028471073 25.978341866051778 57.357715303602163 0.051137863949404117 0.30991344811627719 8.3199241366819496
leaf_count=117116 5161 12940 608 34462 37026 469071 15397 197369 30453 28073 31412 476640 134203 45395 94310 8196 5822 612 12291 16634 8166 56451 279 6806 1090 51794 114352 102 618 16590
internal_value=0 6.74472e-06 0.000158223 -3.05975e-06 -9.32672e-05 2.0347e-05 0.000237795 0.000107651 0.000188992 -8.16225e-06 0.000211794 -2.83251e-05 -0.000157401 -0.000252141 0.000321604 0.000383806 -0.000238474 -0.000418582 0 -0.000322022 6.06329e-05 0.000125948 -0.000480201 -0.000717447 -0.00031356 0 -5.48582e-06 -0.000590829 -0.000608332 -0.000632004
internal_weight=1017.75 997.995 79.2696 918.725 215.681 703.045 72.3247 198.97 114.259 504.075 29.8336 474.242 165.999 90.0757 59.1249 51.4035 6.94492 6.63997 13.1998 19.7505 49.6819 45.5873 11.4088 3.72069 6.71105 84.711 75.9231 8.82092 8.68098 8.37106
internal_count=2029439 1990055 158072 1831983 430055 1401928 144224 396732 227822 1005196 59485 945711 330976 179598 117903 102506 13848 13240 26321 39384 99079 90913 22750 7418 13381 168910 151378 17589 17310 16692
is_linear=0
shrinkage=0.03


Tree=151
num_leaves=30
num_cat=0
split_feature=14 16 18 7 37 38 36 8 17 20 17 25 11 46 8 49 28 48 27 45 1 21 49 47 28 47 49 49 32
split_gain=0.00241357 0.00228231 0.00209195 0.00228367 0.0021219 0.00176229 0.00170459 0.00164788 0.00161384 0.00177053 0.00145657 0.00259797 0.0012493 0.00111667 0.000977051 0.00071066 0.000681616 0.00048853 0.000332966 0.000315326 0.00030381 0.000324677 0.00027065 0.000129695 0.000114502 6.91499e-05 6.32055e-05 3.09883e-05 3.92696e-05
threshold=-0.86321323569211361 -0.88204730409197885 0.98934584376395307 0.24981836388382453 0.49296401234849258 0.21499651871177894 -1.0000000180025095e-35 0.16709854192101581 -0.29597135196016761 0.97386236757386879 -1.5527133683645598 1.6177215195923322 -0.0090434281511889043 1.1529689293231364 1.3586243891950658 -1.3899838871963859 -0.77928392177974237 0.24802160780352414 -0.15876385023324918 -0.11966487400879879 -1.6436308882866426 -1.1428325602675213 0.80908749802923052 -0.16453707897070666 -0.14718029164483507 1.679958099981318 2.2467639572092541 0.82536724526269045 1.2720289718982731
decision_type=2 2 2 2 2 2 2 2 2 2 2 2 2 2 2 2 2 2 2 2 2 2 2 2 2 2 2 2 2
left_child=16 7 4 5 10 -4 14 8 -2 15 11 -3 -12 -7 -6 -10 -1 19 23 -18 -21 -22 25 -9 -8 -20 -25 28 -5
right_child=1 2 3 27 6 13 24 18 9 -11 12 -13 -14 -15 -16 -17 17 -19 22 20 21 -23 -24 26 -26 -27 -28 -29 -30
leaf_value=0 0 0.00041457192577919573 0 -7.0342766209047542e-05 -0.00017882786461199468 0.00056582388922333778 1.9045579010688843e-05 0 0 0 4.7296143794867983e-05 0 -6.392001249882123e-05 0 0 0.00053473911147536074 0 0 -0.00020384494779459347 0 0 -0.00023690999953556783 0 0.00014137861998440905 -3.3616076792340578e-05 0 0 0 0
leaf_weight=25.643271678069141 17.183927093399689 23.027819493436258 18.585256875201594 12.779062593297569 128.43029623432085 20.087412070715803 93.484246029576752 1.6576502590323805 3.4407877771882367 7.9598928098566821 269.0039279149496 8.5961275950539839 129.22951418417506 3.455524798075202 34.021409757144284 26.298883182869758 8.1030897307209653 12.655224806687327 12.207613031903744 5.7074107952648765 2.5078231550869523 67.30212366435444 1.2968021983979259 13.600181089364922 61.185332997818477 0.27533026336459521 0.40105023811338547 8.8630705166724493 1.6313976292149153
leaf_count=51139 34265 45913 37064 25479 256096 40047 186417 3306 6861 15874 536424 17141 257666 6890 67842 52445 16158 25235 24341 11378 5001 134208 2586 27124 122007 549 800 17672 3253
internal_value=0 1.82102e-05 0 0.000165194 -1.14542e-05 0.000301913 -7.308e-05 0.000166992 0.000264323 0.000374486 2.70304e-05 0.000226307 3.67246e-06 0.000480081 -0.000140958 0.000480995 -0.000124008 -0.000160766 0 -0.000187124 -0.000206229 -0.000223437 -0.000120907 7.92025e-05 0 -0.000188814 0.000123905 0 -4.39928e-05
internal_weight=1018.62 896.703 812.38 65.4017 746.979 42.1282 317.121 84.3221 54.8835 37.6996 429.857 31.6239 398.233 23.5429 162.452 29.7397 121.919 96.2757 29.4386 83.6204 75.5174 69.8099 13.7797 15.6589 154.67 12.4829 14.0012 23.2735 14.4105
internal_count=2031181 1788062 1619911 130405 1489506 84001 632362 168151 109445 75180 857144 63054 794090 46937 323938 59306 243119 191980 58706 166745 150587 139209 27476 31230 308424 24890 27924 46404 28732
is_linear=0
shrinkage=0.03


Tree=152
num_leaves=31
num_cat=0
split_feature=45 45 36 42 0 46 30 28 21 47 33 29 25 51 34 49 49 38 27 47 30 16 38 22 21 47 25 28 19 29
split_gain=0.00224996 0.00696926 0.00323291 0.00279642 0.00262681 0.0024219 0.00238888 0.00214466 0.0017065 0.00209067 0.00168209 0.00167467 0.00165422 0.00206324 0.00134773 0.00134646 0.00132987 0.00249409 0.00126929 0.00112148 0.0011661 0.00107773 0.00104796 0.00100837 0.000840004 0.00157501 0.0010843 0.00069997 0.000668038 0.000592761
threshold=-0.090613308115153654 -0.090917831414596154 0.20923211802969252 0.59537708123094035 -0.56208980951887899 -0.67330877021534596 -0.38619636699310494 0.34356950457924756 0.34330076366471129 0.069338868535957457 -0.63157879057950195 0.090308103179682561 0.40517656828564652 0.0019702616290480849 -0.95429728058842611 -0.38625522049969735 0.45700929284508313 0.19767876133064438 0.063133080061062163 0.38052418436907737 0.54150846774427952 0.54060492804502669 -0.36259554278277034 0.30608023912820354 -0.45262377199402976 -0.38508019043125569 -0.1132341446247378 -1.1667246292043096 -4.0386272738706115 -0.47608489893450373
decision_type=2 2 2 2 2 2 2 2 2 2 2 2 2 2 2 2 2 2 2 2 2 2 2 2 2 2 2 2 2 2
left_child=1 5 3 4 -3 12 18 14 9 15 -6 -11 -1 22 -8 -7 17 -10 27 21 -21 29 -14 -16 -20 26 -26 -2 -22 -9
right_child=6 2 -4 -5 10 8 7 19 16 11 -12 -13 13 -15 23 -17 -18 -19 24 20 28 -23 -24 -25 25 -27 -28 -29 -30 -31
leaf_value=0 0 0 0 0 0 0.00014492738058687353 0 0 -0.00029622893103778452 0.00029194681674727502 -0.00056922058784131539 0 0 0 0.00021378962648208223 -3.1363637618947256e-05 0.00010771728405837274 2.0037640390157869e-05 -8.6118146033343239e-06 0 0 0 -0.00048065011197602741 0 0.00038706706509220468 0 0 -0.00014142446339148753 0.000266131143359346 -0.00025936398153707588
leaf_weight=91.249376175401267 9.3513608895009366 13.301385452097746 48.360797252797056 9.0756557401618903 5.7157686990103675 55.145889376522973 21.073776964272838 2.8251455990830427 37.191993390559219 71.123376645264216 50.575031179527286 14.083469894423613 4.7615336961462189 21.648389449808747 158.32204870315036 88.810502018663101 20.919863360293675 19.46592061733827 18.381014491256792 18.891873110318556 1.4495188876171621 8.9403691755142045 22.834695937752258 14.716997836192602 21.98674738133559 11.027057387749663 8.5236322805285472 87.735412143811118 28.201237253029831 32.20068185753189
leaf_count=181949 18647 26525 96438 18099 11397 109971 42024 5635 74142 141837 100850 28080 9497 43169 315718 177102 41720 38805 36655 37669 2890 17824 45533 29346 43833 21984 16993 174945 56239 64210
internal_value=0 -3.87178e-05 -0.000236126 -0.000356394 -0.000423965 1.06443e-05 5.12256e-05 0.000105424 6.36799e-05 0.000108687 -0.000514021 0.000231207 -8.37954e-05 -0.0002242 0.000162341 1.53291e-05 -3.05998e-05 -0.00013462 -2.86092e-05 0 8.45049e-05 -0.000122771 -0.000396214 0.000191243 4.9372e-05 0.000147255 0.000275646 -0.000107637 0.000216993 -0.000215899
internal_weight=1017.89 574.264 127.029 78.6678 69.5922 447.235 443.627 286.622 306.741 229.163 56.2908 85.2068 140.494 49.2446 194.113 143.956 77.5778 56.6579 157.005 92.5088 48.5426 43.9662 27.5962 173.039 59.9185 41.5374 30.5104 97.0868 29.6508 35.0258
internal_count=2029726 1145114 253309 156871 138772 891805 884612 571555 611657 456990 112247 169917 280148 98199 387088 287073 154667 112947 313057 184467 96798 87669 55030 345064 119465 82810 60826 193592 59129 69845
is_linear=0
shrinkage=0.03


Tree=153
num_leaves=31
num_cat=0
split_feature=39 29 44 38 9 14 16 7 47 14 34 17 7 11 30 4 8 28 41 38 46 21 36 28 29 47 1 21 21 29
split_gain=0.00235454 0.0023385 0.00218298 0.00184944 0.00177362 0.00152023 0.00153931 0.00422295 0.00183308 0.00267161 0.00157444 0.00153424 0.00263862 0.00154794 0.0013261 0.000949371 0.00078998 0.000993201 0.000776048 0.00075307 0.00124834 0.0013688 0.000657099 0.000581498 0.00041405 0.000326404 0.000259081 0.000265707 0.000190824 0.000166913
threshold=-0.82434351185046029 -0.25101430054779267 1.0000000180025095e-35 -0.18511275793477588 1.017174042052434 -0.89229885435687317 2.3979719878737176 0.15200056825416117 0.98079998045907424 2.0631951031850781 -0.94170605075353542 -1.7843450938467487 -0.14145286236279367 -0.90387064666546268 -0.35789683464567562 0.1046371919697268 0.31603930612111913 0.63022015458783909 -0.4492644433238186 0.15115219633174529 -1.0029215081283482 -0.526220508180686 1.712037405444073 -0.8266840261057512 -0.50641105851077961 -0.83776675353709151 -1.4127423719683543 -1.1428325602675213 -0.26973196949017941 -0.42253211087853387
decision_type=2 2 2 2 2 2 2 2 2 2 2 2 2 2 2 2 2 2 2 2 2 2 2 2 2 2 2 2 2 2
left_child=1 16 3 -3 15 23 8 10 11 14 -8 12 -7 -13 -10 -5 17 29 24 20 -18 -22 -12 -2 -19 -25 -27 -28 -11 -1
right_child=5 2 -4 4 -6 6 7 -9 9 28 22 13 -14 -15 -16 -17 19 18 -20 -21 21 -23 -24 25 -26 26 27 -29 -30 -31
leaf_value=6.3310556261568493e-05 0 0 0 0 0 0.00071621513611150561 0 0 0 0 0.0010365457668428998 0.00012179578520147954 0 -2.2632558585275341e-05 0.00030313406012719314 -0.00046958645096390416 0 0 0 0 0 0.00073373615244219452 0 0 -0.00039951583823914766 0 0 -0.00020375648633897317 -0.00018813784294653742 -3.2802211889020708e-05
leaf_weight=28.897933032247238 17.336965838097967 15.024883698904885 31.163664738356601 13.026428477896841 7.7758215743815517 7.333105462428648 1.1482735480531108 11.158763575775081 6.6328641820582552 3.4663509751553638 7.2367187060881424 76.032184058509301 6.4855830096057598 517.87106164492434 60.67325520463055 45.143309516541194 5.1780745395226413 0.55763410875806663 4.0084488965803748 15.954080406459978 7.4495037249289444 6.6551859556930149 0.88470914046047244 14.74247546144761 13.320958386408165 3.6479108416242516 1.730397434090263 47.267624298168812 8.5193518028827366 31.963244476239197
leaf_count=57629 34575 29963 62138 25969 15503 14623 2289 22246 13227 6912 14424 151628 12931 1032657 120994 90000 10329 1112 7993 31815 14861 13274 1764 29397 26563 7273 3451 94258 16987 63730
internal_value=-3.69442e-07 -8.8477e-05 -0.000185889 -0.000268548 -0.000337327 2.09932e-05 3.84218e-05 0.000310246 2.59723e-05 0.000163017 0.000788751 3.15506e-06 0.000316799 0 0.000255152 -0.000395527 0 -4.5248e-05 -0.000242873 0.000124907 0.000252307 0.000408269 0.000940514 -8.91236e-05 -0.000355457 -0.000133239 -0.000168238 -0.000187537 -0.000104068 0
internal_weight=1018.29 226.119 112.134 80.9704 65.9456 792.168 707.442 20.4285 687.014 79.2918 9.2697 607.722 13.8187 593.903 67.3061 58.1697 113.985 78.7482 17.887 35.2368 19.2828 14.1047 8.12143 84.7254 13.8786 67.3884 52.6459 48.998 11.9857 60.8612
internal_count=2030515 450879 223573 161435 131472 1579636 1410682 40723 1369959 158120 18477 1211839 27554 1184285 134221 115969 227306 157027 35668 70279 38464 28135 16188 168954 27675 134379 104982 97709 23899 121359
is_linear=0
shrinkage=0.03


Tree=154
num_leaves=29
num_cat=0
split_feature=25 38 16 44 29 47 21 17 17 46 9 19 11 46 45 28 8 4 7 29 21 19 49 44 21 30 19 17
split_gain=0.00245079 0.0022961 0.00224873 0.00222442 0.0019195 0.00201453 0.00246464 0.00235147 0.00226885 0.0019981 0.00178626 0.00157146 0.00155466 0.00133614 0.00127519 0.00091228 0.000892488 0.000862988 0.000811039 0.00066034 0.000613271 0.000578814 0.000552665 0.000335023 0.00033293 0.000280608 0.000149283 0.000112747
threshold=1.3330935774757675 0.030896409408491556 3.971396485831368 -0.35960041699144435 -0.5110257681538074 1.0507751402685774 0.7039565076367299 -2.4275634617601831 0.21700747160860931 -1.5318744092272485 -0.87633600669256528 -1.3341556651449857 0.95986627347661702 -1.655287641856692 -0.061641050042581413 -0.69427734631583571 0.1174516353169134 0.24264843838569244 -1.0218130776897196 1.5569285943661646 0.63341590632298217 -4.0386272738706115 0.51670597712444544 2.2761727891021271 -0.34106091011230594 1.1367160559333365 -0.82419124069151095 -0.5697001911774412
decision_type=2 2 2 2 2 2 2 2 2 2 2 2 2 2 2 2 2 2 2 2 2 2 2 2 2 2 2 2
left_child=2 13 4 -3 16 7 11 9 -9 -6 -4 -7 -12 26 18 -8 22 -15 -5 24 21 -19 25 -20 -14 -1 27 -2
right_child=1 3 10 14 5 6 15 8 -10 -11 12 -13 19 17 -16 -17 -18 20 23 -21 -22 -23 -24 -25 -26 -27 -28 -29
leaf_value=0.00042179894890072398 -0.0003726640759698858 0 0 0 0 0 0 -9.1341561701150495e-05 6.9946946660172795e-06 0.00082844245417171844 0 0.00027985720902347128 0 0 0 -0.00027591440289534538 0 0 -0.00068775975330618937 0 0 0.00041192313466683098 0 0 0.0013781836127122631 0 0 0
leaf_weight=18.498545699985709 7.5145841566263698 8.0598319873097335 1.3944518496282396 1.5568447859841423 1.8821531197754664 17.424106384627521 2.7762756536249098 312.4241068707197 507.60576136334566 5.2619383628480128 1.9208355984301295 63.38743322173832 0.077813689480536019 3.9416774030542028 4.3532742199604426 13.344572830537798 2.5165823121787971 2.0323867179686266 17.652600017259832 0.19721095490967844 2.300475505529902 13.226662804372603 1.3147542160586443 1.3150270844344039 3.1681422190740709 1.0336202349863004 1.9542578666587376 0.3860730833839624
leaf_count=36889 14984 16072 2780 3105 3752 34743 5536 622929 1012237 10499 3828 126408 155 7863 8680 26608 5020 4052 35199 393 4588 26377 2622 2622 6315 2062 3898 770
internal_value=0 -0.000180828 1.04089e-05 -0.000355763 3.32478e-06 -2.40328e-07 0.000125507 -1.86028e-05 -2.68121e-05 0.000503772 0.000559645 0.000209599 0.000833266 0 -0.000498041 -0.000109941 0.000272742 0.000135496 -0.000597137 0.00121986 0.000258287 0.000336067 0.00034914 -0.000651401 0.00132723 0.000394423 -0.0002863 -0.000345324
internal_weight=1018.52 64.2937 954.228 32.9376 947.47 924.106 96.9324 827.174 820.03 7.14409 6.75845 80.8115 5.364 31.3561 24.8777 16.1208 23.3635 21.5012 20.5245 3.44317 17.5595 15.259 20.8469 18.9676 3.24596 19.5322 9.85492 7.90066
internal_count=2030986 128210 1902776 65678 1889305 1842712 193295 1649417 1635166 14251 13471 161151 10691 62532 49606 32144 46593 42880 40926 6863 35017 30429 41573 37821 6470 38951 19652 15754
is_linear=0
shrinkage=0.03


Tree=155
num_leaves=31
num_cat=0
split_feature=39 41 29 38 4 44 7 47 21 21 9 29 48 11 20 25 44 38 47 38 21 17 26 9 34 1 24 49 0 34
split_gain=0.00214099 0.00192447 0.00174306 0.00147837 0.00219915 0.00369614 0.00252998 0.00199485 0.00392214 0.00195202 0.00168266 0.00147674 0.00137562 0.00132063 0.00152159 0.0014164 0.00125894 0.00138444 0.00127868 0.00120847 0.00108892 0.00104515 0.000947552 0.000940602 0.000859276 0.000751444 0.000698512 0.000657419 0.000787834 0.000562384
threshold=-0.86571236089413672 -0.47985710125605918 -0.26973290847858028 0.19952093069051938 -0.5757191453475432 -0.14873856050395873 -1.0218130776897196 0.36650062586019522 -0.027069683758233039 -0.22407283373118198 0.28890094471172417 -0.46376350299705976 0.072692422921506392 -0.90387064666546268 -0.092953703680106761 -0.087338853801067665 0.48384700895849825 -1.0000000180025095e-35 -0.16453707897070666 0.046294346660361578 0.78257790072010258 -0.39875874037139208 -0.34520070169274653 -0.2937175418425354 -0.99553699633501791 -0.28937452725686758 -0.28631198913499761 -0.23198759032543048 -0.74000474586209197 -0.75478552895849738
decision_type=2 2 2 2 2 2 2 2 2 2 2 2 2 2 2 2 2 2 2 2 2 2 2 2 2 2 2 2 2 2
left_child=1 2 -1 7 20 6 9 11 10 -6 12 27 -9 15 -15 -13 17 -4 -19 -10 25 -21 -7 -22 -24 26 -5 28 -2 -8
right_child=3 -3 16 4 5 22 29 8 19 -11 -12 13 -14 14 -16 -17 -18 18 -20 21 23 -23 24 -25 -26 -27 -28 -29 -30 -31
leaf_value=0 0 0 0 0 0 0 -0.00010281908523862823 0.00031575917727374775 0 0.00051797022106701016 0 -9.4765191236494124e-06 0 -0.0001697635277798657 -1.0809284100471336e-05 0.00025566636358252101 0 0 -0.00052956636541654867 -0.00034280765797066091 0 0 0 0.00030799745233790472 0.00061973305953765998 0 -0.00030126845253614255 0 0.00024128052246446391 4.6438295857430275e-05
leaf_weight=56.79098803474335 15.430814262595957 81.936618478735909 15.15943140699528 9.4851171156624314 7.838574209483343 1.2690032959799307 32.908850743842777 72.396686565945856 33.748736055509653 17.035226725798566 20.274207698123064 33.717386170756072 13.861323554243425 139.46706800319953 163.69545669457875 20.497043033770751 13.174778765998779 5.2362587183015377 29.748417025839448 19.803393811220307 5.4202834044117507 9.4868825371377152 1.9908310822793307 10.804055377026087 21.103974083554931 12.516460728656964 23.598924613907002 29.434141224657651 28.201060547726229 73.378279506869148
leaf_count=113252 30773 163379 30231 18909 15630 2530 65608 144377 67303 33968 40438 67236 27644 278125 326411 40878 26270 10440 59306 39486 10805 18915 3969 21541 42072 24958 47051 58708 56247 146295
internal_value=0 -8.65078e-05 -0.000164344 2.25289e-05 8.9612e-05 0.000154019 6.39644e-05 0 8.53349e-05 0.000336327 0.000204742 -3.60865e-05 0.000263304 -6.58268e-05 -9.38304e-05 3.54312e-05 -0.000275697 -0.000344348 -0.0004534 -6.88672e-05 -2.38849e-05 -0.000217577 0.000515691 0.000104848 0.00056345 -0.000135476 -0.000213867 6.83188e-05 0.000146208 0
internal_weight=1019.41 202.046 120.11 817.364 217.35 155.525 131.161 600.014 169.571 24.8738 106.532 430.443 86.258 357.377 303.163 54.2144 63.3189 50.1441 34.9847 63.039 61.8248 29.2903 24.3638 16.2243 23.0948 45.6005 33.084 73.066 43.6319 106.287
internal_count=2032755 402878 239499 1629877 433336 310072 261501 1196541 338163 49598 212459 858378 172021 712650 604536 108114 126247 99977 69746 125704 123264 58401 48571 32346 46041 90918 65960 145728 87020 211903
is_linear=0
shrinkage=0.03


Tree=156
num_leaves=31
num_cat=0
split_feature=37 37 36 12 10 49 20 9 21 27 15 33 30 4 16 11 18 8 21 33 47 21 7 9 27 14 39 17 16 8
split_gain=0.0021342 0.00165859 0.00162096 0.00151511 0.00151114 0.00112109 0.00112656 0.00103727 0.00345527 0.00104727 0.000918151 0.000899345 0.000837439 0.000828242 0.000793547 0.000624805 0.000840085 0.000575865 0.000933368 0.00121666 0.00112751 0.000732877 0.001124 0.000726758 0.00092022 0.000575471 0.000544067 0.00035104 0.000274147 0.000307628
threshold=0.56732022298205076 -3.3002451730540385 -0.38420682457434946 -0.42506185492317911 0.92253883253219382 0.82536724526269045 -0.33097234511569446 -0.58502676341543547 0.037254151311209543 0.083418463705776574 -2.0157010145226266 -0.49708892921367942 -1.2326866746960239 1.0216024622743218 0.6303134941359877 -0.53564616879612414 -2.0671355723822917 0.16709854192101581 1.6319725561638447 -2.065661051571249 -0.57865952654309394 0.66796259642124711 0.054182728896532993 -1.0219906174790152 -0.14998314936516624 -0.76779418552692447 1.063223068520738 -1.9315218286623683 -0.65560558006557967 -1.1237210741734425
decision_type=2 2 2 2 2 2 2 2 2 2 2 2 2 2 2 2 2 2 2 2 2 2 2 2 2 2 2 2 2 2
left_child=1 11 4 12 15 7 -7 8 -5 -9 -8 -1 -3 14 -14 -2 -17 21 23 -20 -21 28 25 24 -19 -23 -18 -25 29 -4
right_child=2 3 17 5 -6 6 10 9 -10 -11 -12 -13 13 -15 -16 16 26 18 19 20 -22 22 -24 27 -26 -27 -28 -29 -30 -31
leaf_value=0 0 0 0 0 0 0 0 -2.7471617713504908e-05 -0.00035650813310621508 0.00010690405386532022 0.00024527768960918217 -0.00046055870406366134 0.00017013926941268769 0 0 0 -0.00031918253809109864 0.00024056371725137608 0 0 -0.00075524629857970577 0 0 0 0 0.00038367272780958094 0 -0.00011834153395090595 -3.3524165384861106e-05 0.00015668383945076445
leaf_weight=16.291185419308025 21.514473666320555 37.717967671516817 8.1625723417964782 64.428504708572291 40.473499261483084 20.414661838032771 5.5847722840844645 144.41989775025286 32.765798404347152 73.234954937186558 45.288823596027214 8.1375674515729752 162.49395934544737 31.013818250736222 23.823270706401672 8.2553918304620293 58.863906703365501 17.145430755917918 0.53757758962456126 0.75638995878398407 5.8833155459142281 2.3257099660113516 4.1791138970293096 3.4265975604648693 11.76878027198836 15.627009720017666 3.8016268248902625 57.621876292396337 74.496557799866423 17.917546993412543
leaf_count=32486 42908 75202 16278 128474 80701 40716 11139 287976 65324 146023 90323 16225 324037 61841 47498 16461 117376 34192 1072 1508 11729 4637 8332 6832 23469 31154 7580 114910 148554 35731
internal_value=0 2.87671e-05 -6.23182e-05 4.19223e-05 -0.00014589 0 0.000111382 -1.98927e-05 -0.000104171 3.95886e-06 0.000193168 -0.000193713 9.88163e-05 0.000122177 0.000146331 -0.000212877 -0.000258829 0 -6.47309e-05 -0.00041667 -0.00059379 3.01105e-05 0.000186627 -3.30589e-06 7.53177e-05 0.000315096 -0.000296451 -8.96854e-05 0 7.90586e-05
internal_weight=1018.37 665.615 352.757 641.186 132.909 386.137 71.2883 314.849 97.1943 217.655 50.8736 24.4288 255.049 217.331 186.317 92.4354 70.9209 219.848 97.14 7.17728 6.63971 122.709 22.1318 89.9627 28.9142 17.9527 62.6655 61.0485 100.577 26.0801
internal_count=2030688 1327264 703424 1278553 265026 769975 142178 627797 193798 433999 101462 48711 508578 433376 371535 184325 141417 438398 193712 14309 13237 244686 44123 179403 57661 35791 124956 121742 200563 52009
is_linear=0
shrinkage=0.03


Tree=157
num_leaves=31
num_cat=0
split_feature=37 3 34 33 21 8 1 37 1 27 8 44 29 38 17 47 21 25 46 27 41 38 47 11 49 9 27 36 20 31
split_gain=0.00216039 0.00204982 0.00166917 0.00191409 0.0016532 0.001274 0.00190514 0.00159962 0.00114389 0.00116008 0.00156929 0.00106288 0.00101719 0.00135684 0.00102222 0.00122535 0.000936324 0.00118662 0.000775329 0.000705869 0.000664662 0.00043046 0.000326154 0.000753325 0.000429331 0.00101055 0.000499021 0.000456853 0.000433667 0.000363517
threshold=0.56732022298205076 0.65289171956910619 2.0280878055124245 0.47318144229540893 -0.8321739229503774 -0.97478034326418628 0.95381728481421379 -1.2013373145673645 -0.34451042426311546 -0.10058032701018406 -0.18042980430770095 0.16755422422726973 -0.40481451735508817 -0.38653551534908409 0.64686939222720319 1.679958099981318 0.16696635645058958 0.029159475199104081 -1.8066490006853961 -0.10840904196277514 0.33977119251188387 0.20586328929797174 -1.211207619140213 0.19711997905796258 -0.37754173213270309 -1.0219906174790152 -0.0029024032921165358 0.28012615137348168 1.4299793607766802 1.8152881760226964
decision_type=2 2 2 2 2 2 2 2 2 2 2 2 2 2 2 2 2 2 2 2 2 2 2 2 2 2 2 2 2 2
left_child=2 22 3 8 -4 -5 7 -7 16 18 -11 20 -3 -14 15 -15 17 -1 -10 -8 21 -6 23 -2 27 -26 -27 -24 -29 -25
right_child=1 12 4 5 11 6 19 -9 9 10 -12 -13 13 14 -16 -17 -18 -19 -20 -21 -22 -23 24 29 25 26 -28 28 -30 -31
leaf_value=-0.00023359712633038118 0 0 5.0022764223046496e-05 0 -0.00041300516965396859 0 3.7376736718638334e-05 0.00022399530483208611 0 6.4982607817027553e-05 -0.00016257121681296092 0 0 -0.00036737427512362832 0 0 0 0 0.00013866055399795851 -0.00020881424716337601 0 0 -8.9126602684514996e-06 0.00041968554084700118 8.303606407860951e-06 -0.00016261265118895304 0 0.00015117676593917218 0 0
leaf_weight=46.724732728558592 22.589932205330118 19.283080185821746 8.4864759166375716 75.037795643496793 24.102559404098436 16.67545946262544 22.600991463870741 150.2690574832377 12.523303082678465 52.729001921776216 45.360727784573101 7.9213723652064791 15.319189021771306 53.588151502364781 19.296224190562498 9.0931730133015645 43.37779977225 28.556284753605723 110.42948756820988 13.845442835823631 4.9349222487653597 2.0836632538121185 31.226465624116827 6.8491183028672813 42.716875829675701 69.118808625324164 25.023857022984885 35.252417487441562 2.4465176154626525 0.93389261321863148
leaf_count=93173 45049 38456 16925 149619 48059 33250 45068 299644 24974 105141 90461 15795 30551 106846 38472 18131 86481 56948 220210 27609 9840 4154 62266 13655 85186 137842 49896 70294 4878 1862
internal_value=0 -5.90072e-05 3.28007e-05 4.95236e-05 -0.000121567 0.000107852 0.000146836 0.000191151 0 4.20308e-05 -9.6634e-06 -0.000235704 -0.000162357 -0.000202467 -0.000252091 -0.000312715 -7.33844e-05 -0.000140293 0.000107671 0 -0.000316914 -0.000377102 0 8.13935e-05 -2.11808e-05 -5.87284e-05 -0.00012101 9.84907e-06 0.000104967 0.000336103
internal_weight=1018.4 352.738 665.659 618.13 47.529 278.429 203.391 166.945 339.701 221.043 98.0897 39.0425 116.58 97.2967 81.9775 62.6813 118.659 75.281 122.953 36.4464 31.1211 26.1862 236.158 30.3729 205.785 136.86 94.1427 68.9254 37.6989 7.78301
internal_count=2030735 703384 1327351 1232578 94773 555190 405571 332894 677388 440786 195602 77848 232456 194000 163449 124977 236602 150121 245184 72677 62053 52213 470928 60566 410362 272924 187738 137438 75172 15517
is_linear=0
shrinkage=0.03


Tree=158
num_leaves=31
num_cat=0
split_feature=15 39 21 7 38 47 21 17 16 17 21 9 27 7 28 21 30 11 25 20 41 51 7 16 7 11 17 25 4 4
split_gain=0.00199597 0.00282325 0.00203029 0.00303381 0.0020329 0.00175691 0.0029691 0.0015388 0.00160815 0.00127329 0.00116661 0.00299316 0.00220423 0.00192104 0.00145624 0.00238372 0.0016486 0.00181929 0.00136073 0.00127419 0.00105514 0.0010146 0.000942717 0.00093937 0.00178392 0.00104119 0.000778001 0.00295807 0.000874583 0.000736981
threshold=0.04729517010335299 -0.5384561345244181 0.55134214093727629 -0.239270657992457 -0.19884385765859977 0.20601405986510501 0.53480850555394033 -0.49761083963008196 0.31275213293941612 0.37029301890523658 0.78257790072010258 0.58021016628462441 -0.090473707407203299 0.34763615951348786 -0.2145121847755094 -0.15212319129295007 -0.98003612004367435 -0.85942879685391638 0.089121255969478827 0.98557719936367449 -0.48495587757809888 0.001309891032247292 -0.82617747549840181 1.9622929900045485 0.44545395514315123 1.6638268051523364 -1.5527133683645598 0.74215269019035646 1.1168390326463924 0.31382983074821097
decision_type=2 2 2 2 2 2 2 2 2 2 2 2 2 2 2 2 2 2 2 2 2 2 2 2 2 2 2 2 2 2
left_child=1 2 20 -4 -5 10 7 -7 22 -6 14 -12 -13 -14 16 18 19 -18 -16 -2 21 -1 -9 26 25 -25 27 28 -3 -28
right_child=5 23 3 4 9 6 -8 8 -10 -11 11 12 13 -15 15 -17 17 -19 -20 -21 -22 -23 -24 24 -26 -27 29 -29 -30 -31
leaf_value=-0.00021355978060101158 0 0.00057724440953391197 0 0 -0.00085348557958387261 0 -0.00010568080770257502 0 0 0 -1.5585856286800476e-05 0 0.00058981535396468107 0 -0.00024923601395796446 2.7639365126843481e-05 0.00023942045578706253 0 0 -0.00026084458170720778 0 0 0.00034017846103305186 0 0 0.0011442971555424464 -8.732151109542267e-05 0 0 1.2857281216668778e-05
leaf_weight=49.711797001073137 36.560586685955059 11.902863313443959 18.895565049431752 4.8481960710487355 14.777841764793267 41.62159771489678 29.522723376168869 14.190930012962779 22.962306013097987 2.2543458546861066 28.652075880614575 11.302729573217219 21.081339810916692 1.6281085262889963 74.826057568076067 55.9002534361789 47.26590926310746 124.71194739593193 33.850907251297031 24.457207364903297 53.099940930202138 20.476941436470952 71.731672218011227 3.6424756284104642 4.3244519017753191 2.5911308150389232 109.57746015710291 14.188413134252185 0.72218114987481463 67.553621826809831
leaf_count=99124 72905 23734 37670 9669 29465 83002 58866 28300 45787 4494 57113 22534 42030 3246 149223 111459 94267 248704 67509 48771 105876 40832 143058 7260 8622 5168 218488 28293 1440 134698
internal_value=0 -5.39012e-05 -0.000148868 -0.000352224 -0.000596648 3.29823e-05 0.000112481 0.000175207 0.000234843 -0.000751492 0 0.000122099 0.000326289 0.000496798 -1.70626e-05 -8.95841e-05 2.12874e-05 7.89525e-05 -0.000177485 -9.20751e-05 -5.7278e-05 -0.000138897 0.000294507 4.74936e-06 0.000283783 0.000627664 0 0.000138828 0.000501801 -3.21791e-05
internal_weight=1018.83 378.567 164.065 40.7759 21.8804 640.266 180.029 150.507 108.885 17.0322 460.237 62.6643 34.0122 22.7094 397.573 164.577 232.996 171.978 108.677 61.0178 123.289 70.1887 85.9226 214.503 10.5581 6.23361 203.945 26.8135 12.625 177.131
internal_count=2031607 754833 327130 81298 43628 1276774 359013 300147 217145 33959 917761 124923 67810 45276 792838 328191 464647 342971 216732 121676 245832 139956 171358 427703 21050 12428 406653 53467 25174 353186
is_linear=0
shrinkage=0.03


Tree=159
num_leaves=31
num_cat=0
split_feature=37 3 37 33 1 4 29 47 34 48 46 12 8 4 38 27 38 44 11 22 4 8 21 45 33 41 4 17 33 17
split_gain=0.00203657 0.00210663 0.00189281 0.00149024 0.00144728 0.00137111 0.00154079 0.00199409 0.0013146 0.00121371 0.00120958 0.00114856 0.00109688 0.00106569 0.000861131 0.000736074 0.000697404 0.00140404 0.00106945 0.00133765 0.00084904 0.000809768 0.000873599 0.000786326 0.000669511 0.000631044 0.000599212 0.00043698 0.000435017 0.00034368
threshold=0.36006271018512054 0.80398068094621011 -3.3002451730540385 1.0874493081803143 -0.48790187114832423 0.72265943256448151 -0.32469808567411179 1.5888271703251629 -0.63351375823664591 0.26570180023567114 0.8564011539770624 1.0583109332467169 -0.97478034326418628 -2.2332864287934808 0.13667179672875188 0.28648235063495547 0.18290117894643612 -0.14873856050395873 -0.8520617146631283 -0.062087285675390395 -0.64269163867935708 0.26639244390481293 0.68562139692893531 -0.090917831414596154 -0.49708892921367942 -0.2491374726837455 -1.9646326302219406 -0.3102874997884531 -1.7142988626938165 -0.15510458980563605
decision_type=2 2 2 2 2 2 2 2 2 2 2 2 2 2 2 2 2 2 2 2 2 2 2 2 2 2 2 2 2 2
left_child=2 16 24 4 12 -3 -7 9 -6 -8 14 -10 13 -4 -5 -14 18 21 29 27 -19 22 -18 -23 -1 -16 -21 -20 -22 -2
right_child=1 5 3 10 8 6 7 -9 11 -11 -12 -13 15 -15 25 -17 17 20 19 26 28 23 -24 -25 -26 -27 -28 -29 -30 -31
leaf_value=0 0 0 0 0 0 0 -0.00046619231015012865 0 0.00018331677852404261 0 0 0 0 -0.00023064610262197143 -0.00045297018945485395 0.00021299528777196975 0 0 -7.8528614014185068e-05 0 0 0 0.00022628381031332322 -0.0001908720506307906 -0.00042073580908658814 0 -0.00019654341101984935 5.1100525706325194e-05 0.00038203340751167777 0.0001271831805989008
leaf_weight=16.311713635863274 2.4061972682247861 50.757625381753314 4.5636793334269887 3.0242722929688197 79.757670239021536 23.320003617554903 38.144903551030438 12.28573612362379 192.57235528761521 6.3410712481709188 25.500651815615129 24.300935464096256 76.352273844066076 31.436737964453641 12.774321377917662 20.64088050549617 65.154522273165639 14.954846821376121 41.250868076167535 3.8800647848984218 3.2380845845909816 19.098760194203351 19.677279766066931 33.354084573453292 8.2036305345827696 11.159903421532359 75.206173806916922 53.19206456001848 18.298413690994494 30.053527411539108
leaf_count=32527 4799 101209 9104 6032 159045 46506 76053 24497 384015 12642 50848 48454 152240 62681 25470 41151 129921 29818 82263 7734 6456 38078 39232 66504 16357 22250 149974 106088 36484 59945
internal_value=0 -4.1668e-05 4.32214e-05 6.11093e-05 8.28923e-05 -0.000145825 -0.000223939 -0.000308503 0.000119762 -0.000402245 -6.00992e-05 0.000158345 0 -0.000140755 -0.000217738 5.31451e-05 0 3.80323e-05 -4.27413e-05 -8.18304e-05 0.000203756 0 5.10781e-05 -9.83602e-05 -0.000186165 -0.000292885 -0.00017296 0 0.00032531 7.38064e-05
internal_weight=1017.21 510.614 506.599 482.084 429.625 130.849 80.0917 56.7717 296.631 44.486 52.4591 216.873 132.994 36.0004 26.9585 96.9932 379.765 173.776 205.989 173.529 36.4913 137.285 84.8318 52.4528 24.5153 23.9342 79.0862 94.4429 21.5365 32.4597
internal_count=2028377 1018203 1010174 961290 856690 260907 159698 113192 591514 88695 104600 432469 265176 71785 53752 193391 757296 346493 410803 346059 72758 273735 169153 104582 48884 47720 157708 188351 42940 64744
is_linear=0
shrinkage=0.03


Tree=160
num_leaves=29
num_cat=0
split_feature=1 14 8 47 30 11 11 25 38 7 22 41 16 17 4 38 29 29 31 8 9 33 21 48 45 33 4 9
split_gain=0.00191595 0.00170711 0.00168901 0.00148038 0.00268367 0.00192131 0.00160249 0.00250317 0.00192517 0.00306399 0.00202379 0.00142139 0.00133649 0.0011865 0.00094438 0.000666179 0.000611258 0.000571786 0.000504484 0.000445103 0.000399484 0.000362737 0.000315927 0.000563597 0.000378611 7.09407e-05 5.69705e-05 3.36029e-06
threshold=1.3266971996253469 -0.8770888114573594 1.3089774382031674 1.2950615548928073 0.33936003920268626 2.8722586592760608 -0.90387064666546268 -0.12668765582150079 0.19418347519346232 0.34763615951348786 -0.062087285675390395 -0.80108000954458403 -0.75848414289584598 0.91288907797527441 0.13781099619687745 -0.38653551534908409 -0.0081338711578894957 -0.40960119531878852 -1.4946113654336608 -0.6272519859385205 0.14324637733373335 0.98521451844186669 -0.78907343749746006 0.22445757311421316 -0.1253604808487028 -0.14513617916357349 1.4327008069292713 -0.2937175418425354
decision_type=2 2 2 2 2 2 2 2 2 2 2 2 2 2 2 2 2 2 2 2 2 2 2 2 2 2 2 2
left_child=1 17 12 6 16 11 7 20 10 -10 -8 -6 -2 -9 -14 -16 19 -1 -17 -5 -3 -18 -19 24 -24 26 27 -4
right_child=2 3 25 4 5 -7 8 13 9 -11 -12 -13 14 -15 15 18 21 22 -20 -21 -22 -23 23 -25 -26 -27 -28 -29
leaf_value=0 0 8.935419363657803e-05 0.00013835489822134752 0 0 0 6.7579282585907631e-06 0.00040894445046395239 0.00014129554348535478 -6.7228286444458716e-05 -0.00011098497635500334 0.00042575499512938127 0 0 0 0 -0.0002606893297297301 0 -0.00052269164319869042 0.00019600342457779424 -7.3188854897035519e-05 0 0 0 -0.00023781051005640055 0 0 0
leaf_weight=33.814033671922516 7.0600072846864341 25.790372841060162 6.171970923023764 2.4824785278760837 3.2465045026037833 4.1172667889622963 230.03043853875715 28.847257688816171 164.79071997298161 80.838922979368363 215.05118733044947 39.970389512600377 2.9956808783463229 5.4174963586847289 1.8016445075045364 1.9800566846388452 12.811319559114052 13.360429276712237 22.999634673527904 10.582298485271167 28.678689871157985 1.4083008809830051 2.3732358611305235 11.840661648602689 47.686053069832269 11.581313113216309 0.30804985651047889 1.0784801322734008
leaf_count=67439 14079 51428 12307 4951 6474 8209 458726 57533 328567 161169 428822 79708 5974 10804 3593 3948 25545 26641 45860 21104 57195 2808 4732 23611 95084 23094 614 2151
internal_value=0 8.35261e-06 -0.000172059 2.54618e-05 0.000156244 0.000299183 9.09278e-06 0.000130173 -2.11867e-06 6.0455e-05 -4.33919e-05 0.00037155 -0.000293687 0.000331104 -0.000383532 -0.000441913 0 -9.81099e-05 -0.000483088 2.13432e-05 0 -0.000195626 -0.00014418 -0.000172824 -0.000216947 0 9.19075e-05 0.000126007
internal_weight=1019.11 963.138 55.9768 854.064 74.6186 47.3342 779.445 88.7338 690.711 245.63 445.082 43.2169 36.837 34.2648 29.777 26.7813 27.2844 109.074 24.9797 13.0648 54.4691 14.2196 75.2604 61.9 50.0593 19.1398 7.5585 7.25045
internal_count=2032170 1920550 111620 1703043 148799 94391 1554244 176960 1377284 489736 887548 86182 73454 68337 59375 53401 54408 217507 49808 26055 108623 28353 150068 123427 99816 38166 15072 14458
is_linear=0
shrinkage=0.03


Tree=161
num_leaves=29
num_cat=0
split_feature=1 14 16 16 9 11 8 15 39 47 21 21 20 20 28 27 38 17 29 51 47 21 47 49 41 4 47 41
split_gain=0.00192585 0.00175609 0.00173853 0.0016059 0.0022038 0.00176496 0.00147242 0.00139398 0.00201293 0.00176091 0.00136488 0.00115734 0.00138122 0.00114641 0.000905366 0.000781454 0.000724186 0.000588298 0.000525369 0.000515495 0.000351845 0.000377271 0.000298761 0.00017936 7.17438e-05 0.000110138 4.64659e-05 5.3305e-05
threshold=1.4296200044452638 -0.89229885435687317 -0.84545204599831258 3.5100194515799923 -0.7306813742018855 1.5472742960412342 0.16709854192101581 0.17265875389040419 -0.53118910270697028 0.72489510021203352 -0.1758735837941047 0.028435016084425332 0.96248782874559413 1.4567073590939326 -0.44359170185429625 -0.12986809993712883 -0.33978073854470481 -2.9240948329754279 -0.48424634709277825 0.00074469218508287332 -1.1803381811209681 -0.9013200683399597 -0.1556629289866153 0.89293575236379019 -0.53084486447645973 0.73202615557122186 2.3460034367318587 -0.82020042075223409
decision_type=2 2 2 2 2 2 2 2 2 2 2 2 2 2 2 2 2 2 2 2 2 2 2 2 2 2 2 2
left_child=1 14 6 7 -5 -6 11 8 -4 -9 24 12 -3 16 -1 22 -12 -18 -19 -16 -21 -22 -8 -17 25 -2 27 -27
right_child=10 2 3 4 5 -7 15 9 -10 -11 13 -13 -14 -15 19 23 17 18 -20 20 21 -23 -24 -25 -26 26 -28 -29
leaf_value=0 0 0.00035994822554690669 -0.00014293206571920346 0 0 0.0012162973056163992 0 0 0 0.00017495095991099506 0 0 0 0 0 -0.00021421659335463443 0 0 -0.00080760390792470574 0 0 -0.00031792055845709618 0.00015895320796062602 0 0 0 0 -0.00017761715766891742
leaf_weight=40.462904119631276 2.6242086904239832 43.233615826640744 129.57204873894807 2.8651341864024289 4.1725116397137736 3.39471764722839 2.7522991339792524 397.71669095061952 172.1443697810173 65.471328548796009 1.2114092824049283 17.832710631715599 8.5366910579614323 0.70930489117745388 26.527182219026145 14.296996086195575 0.34611573879373914 0.20463690033647886 8.613010109285824 2.1507005345192729 4.3307941406965247 30.804870869382285 18.90065472072456 1.0089870890951704 8.6779203632613662 0.52600740478373609 1.2265390392858524 8.0350219079409744
leaf_count=80692 5234 86217 258353 5712 8315 6768 5489 793096 343240 130563 2416 35554 17025 1414 52898 28507 690 408 17173 4288 8637 61424 37695 2012 17304 1049 2446 16023
internal_value=0 5.50403e-06 2.21271e-05 2.5097e-06 0.00037284 0.000673608 0.000136709 0 -5.26217e-05 3.00808e-05 -0.000230093 0.000218295 0.000290149 -0.00051429 -0.000106313 0 -0.000618079 -0.000709682 -0.000763848 -0.000176743 -0.000256719 -0.000280983 9.81662e-05 -0.00017977 0 -7.21267e-05 -0.000129324 -0.000154938
internal_weight=1018.35 986.175 881.899 775.337 10.4324 7.56723 106.562 764.904 301.716 463.188 32.1742 69.603 51.7703 11.0845 104.276 36.9589 10.3752 9.16376 8.81765 63.8135 37.2864 35.1357 21.653 15.306 21.0897 12.4118 9.78757 8.56103
internal_count=2030642 1966485 1758546 1546047 20795 15083 212499 1525252 601593 923659 64157 138796 103242 22101 207939 73703 20687 18271 17581 127247 74349 70061 43184 30519 42056 24752 19518 17072
is_linear=0
shrinkage=0.03


Tree=162
num_leaves=31
num_cat=0
split_feature=12 51 29 16 47 17 9 38 7 22 14 21 49 20 25 17 28 30 21 17 22 20 21 9 27 46 47 42 29 47
split_gain=0.00228554 0.00220967 0.00169956 0.00153461 0.00366854 0.00263269 0.00242429 0.00148024 0.00153174 0.00141235 0.00159417 0.00126784 0.0012273 0.00112784 0.000940561 0.000912423 0.000893205 0.00158187 0.00150814 0.001462 0.00108799 0.00105899 0.000888861 0.00157971 0.00162382 0.0014813 0.000710921 0.000669458 0.000682173 0.000508685
threshold=-0.040376600606793024 0.00075230682248553877 -0.42410741204445573 0.31275213293941612 -0.065409816458536399 -0.3102874997884531 0.72586482047953382 0.21604734126899078 0.54327175077281464 0.16350254882480955 0.61484962260563802 -0.46653155437614507 0.96823890484665076 1.5618045593135692 -0.35544297446938206 0.24132053534918377 -0.2145121847755094 -0.59538742853822046 -0.15212319129295007 0.295645207882337 -0.064277842629596904 0.96248782874559413 0.16696635645058958 0.28890094471172417 -0.13726264407232505 1.1156721001857728 0.11846214932719115 0.9578093451015649 -0.47608489893450373 1.2668872276109007
decision_type=2 2 2 2 2 2 2 2 2 2 2 2 2 2 2 2 2 2 2 2 2 2 2 2 2 2 2 2 2 2
left_child=3 22 -3 4 16 29 12 -8 11 10 -7 -9 27 14 -4 -16 17 21 20 -19 -18 -1 26 -24 -25 -26 -2 28 -5 -6
right_child=1 2 13 6 5 9 7 8 -10 -11 -12 -13 -14 -15 15 -17 18 19 -20 -21 -22 -23 23 24 25 -27 -28 -29 -30 -31
leaf_value=0 -0.00010127926451912898 0 0 0 -3.6385085428860781e-05 0.00034005825267151849 0 0 0 0 0 0.00044350414326326735 0 0 -0.00026719147198553178 0 0 0 1.1470413487398984e-05 0.00019952497735435608 -0.00024655673023407345 -0.00019143168882616502 0 0 0.00053256035983238064 0 3.373589394665312e-05 0 -0.00032271839581220901 0.00011589423801534436
leaf_weight=40.522522540821228 66.947038748359773 46.979776416672394 34.373735236353241 2.5982437205966553 47.693554542900529 88.090247086365707 36.226829130086116 3.5924036783399123 4.0230415368569075 16.953877772320993 17.390331488335505 20.935496489924844 25.671108090784401 6.0409501034882842 106.07100914191687 33.651408788573463 19.925253505411092 33.243056358594913 39.474428781191818 69.335746377008036 48.475044720049482 30.581957941001747 36.569028987025376 10.045084643934386 17.440450892318044 5.1941864584805435 29.493255428387783 8.222437000134958 43.045840697654057 29.384421446826309
leaf_count=80804 133504 93686 68535 5180 95103 175678 72240 7163 8020 33808 34677 41740 51190 12045 211502 67104 39736 66292 78700 138275 96672 60975 72911 20031 34771 10358 58813 16394 85823 58597
internal_value=0 -5.9317e-05 -0.000121635 3.28508e-05 6.13346e-05 0.000160061 -4.13112e-05 6.40916e-05 0.000236603 0.000247186 0.000288049 0.000348377 -0.000164872 -0.000164757 -0.000184166 -0.000219818 0 3.29354e-05 -7.5535e-05 0.000118666 -0.000169606 -4.85521e-05 7.99824e-06 0.000102682 0.000256607 0.000399545 -2.88818e-05 -0.000246258 -0.000291149 0
internal_weight=1018.19 392.806 227.117 625.386 481.07 199.512 144.315 64.7778 28.5509 122.434 105.481 24.5279 79.5376 180.137 174.096 139.722 281.558 173.683 107.875 102.579 68.4003 71.1045 165.689 69.2488 32.6797 22.6346 96.4403 53.8665 45.6441 77.078
internal_count=2030327 783260 452872 1247067 959317 397863 287750 129163 56923 244163 210355 48903 158587 359186 347141 278606 561454 346346 215108 204567 136408 141779 330388 138071 65160 45129 192317 107397 91003 153700
is_linear=0
shrinkage=0.03


Tree=163
num_leaves=31
num_cat=0
split_feature=45 45 36 43 0 46 30 40 21 34 16 38 8 30 17 29 49 3 47 14 26 9 21 20 21 49 49 47 25 24
split_gain=0.00215987 0.00691186 0.00295029 0.00292064 0.00302819 0.00227747 0.00225736 0.00184431 0.00172069 0.00154629 0.00128354 0.0020191 0.00245023 0.00169535 0.00145462 0.0012097 0.00108675 0.00107356 0.000988743 0.00118366 0.00106224 0.000882505 0.00300464 0.00157092 0.000957336 0.0011323 0.000877798 0.000532509 0.000515179 0.000513794
threshold=-0.09091721974710458 -0.090917831414596154 0.20923211802969252 1.0000000180025095e-35 -0.32351599745711207 -1.4082257594559227 0.35818069348757492 -0.82014750418063265 -0.8621336967842832 -0.82255844900504405 -0.42913546178299333 0.1988811130547776 0.46498007032122252 -0.59538742853822046 0.029577343029406965 0.10040394519236255 -0.097764981284362104 -0.47883229058358889 -0.092603159146326705 -0.8770888114573594 -0.47554385992043086 0.58021016628462441 -0.21701182439803499 -0.68784595790269309 0.037254151311209543 1.0960773283633565 -0.053300060483753263 1.9769981774797363 0.023263663722751089 -0.33967238015377904
decision_type=2 2 2 2 2 2 2 2 2 2 2 2 2 2 2 2 2 2 2 2 2 2 2 2 2 2 2 2 2 2
left_child=1 5 3 -3 -5 16 9 -8 -6 29 13 12 -12 -7 -15 -13 -1 -18 -9 -20 -21 24 26 -24 28 -26 -23 -19 -11 -2
right_child=6 2 -4 4 8 10 7 18 -10 21 11 15 -14 14 -16 -17 17 27 19 20 -22 22 23 -25 25 -27 -28 -29 -30 -31
leaf_value=0 0 0 0 0 0 -2.4192728399135904e-06 0 0 -0.00060754569747959949 0 -0.00018558815763606578 0.00018434588033892875 4.0316616860348288e-05 5.7049978519459261e-06 0.00027982985304148803 0 0 -0.00036992520755772281 0 0 0.00030113812340038941 -0.00013762873341835821 0 0.00030456954252227556 -0.00025328207943986036 0 6.0435521839313162e-05 0 0.00013169321777486826 -0.00020946229639715267
leaf_weight=24.859534305869602 18.70524797559483 11.275638718856497 47.116645242494997 17.049296858604066 2.6746229239506638 38.479645941522904 33.294245109718759 41.24823014967842 45.471111448132433 30.192945469927508 85.045181969238911 61.632255143136717 53.799197135318536 60.029870566155296 58.868464862520341 24.569520598743111 7.4546130009111939 28.266852614935488 10.090320374409201 4.1893985369242719 82.982856337155681 40.520512485294603 10.5278822305263 54.087448709527962 29.371690345986281 8.7573045140597952 17.281074004946277 4.4671665429486884 28.046068674710114 38.338904193253256
leaf_count=49566 37298 22485 93957 34000 5335 76723 66396 82258 90670 60204 169589 122874 107299 119705 117406 48977 14864 56368 20121 8354 165478 80810 20991 107839 58548 17466 34467 8908 55923 76450
internal_value=-8.21666e-07 -4.23048e-05 -0.000241805 -0.000359469 -0.000438047 6.09079e-06 4.53976e-05 0.000131129 -0.000562531 0 4.03198e-05 0 -7.6448e-05 0.000106257 0.00016666 0.000108015 -0.000149025 -0.000245527 0.000182515 0.000237883 0.000274516 2.80369e-05 8.76241e-05 0.000236152 -1.65264e-05 -0.000150635 -2.65113e-05 -0.000321759 1.97623e-05 -0.000146224
internal_weight=1018.69 571.06 123.587 76.4707 65.195 447.472 447.634 171.805 48.1457 275.829 382.424 225.046 138.844 157.378 118.898 86.2018 65.0482 40.1886 138.511 97.2626 87.1723 218.785 122.417 64.6153 96.368 38.129 57.8016 32.734 58.239 57.0442
internal_count=2031329 1138726 246447 152490 130005 892279 892603 342607 96005 549996 762573 448739 276888 313834 237111 171851 129706 80140 276211 193953 173832 436248 244107 128830 192141 76014 115277 65276 116127 113748
is_linear=0
shrinkage=0.03


Tree=164
num_leaves=31
num_cat=0
split_feature=14 47 14 21 1 29 8 44 38 17 7 21 49 1 36 25 11 33 28 27 6 44 18 38 38 30 48 30 18 21
split_gain=0.00204955 0.00195005 0.00387617 0.00215107 0.00215049 0.00295186 0.00148173 0.00135152 0.00152433 0.00120016 0.00406829 0.00236735 0.00143719 0.00199827 0.00145262 0.000979007 0.000900902 0.0008143 0.000787293 0.000601005 0.000530777 0.000922054 0.000718286 0.000388927 0.000339342 0.000299066 0.0002938 0.000217967 0.000145319 0.00021072
threshold=-0.86321323569211361 1.3268914522886197 1.8900695675972019 1.6319725561638447 0.91591857034188451 -0.2349073464292134 -1.2230148984785962 0.37841608071475541 -0.54714474794814405 -1.6633614012447999 0.15200056825416117 0.59930714147986375 -0.66688759637402562 -0.35711332144096181 0.13894253329283021 2.7258575736869086 1.797637630157302 0.92508882181876795 -0.8266840261057512 -0.1043244269865601 -1.0406238054033932 -0.57046227347892997 -0.70072707257347788 0.1126168836641543 -0.58733806812292833 0.69010749546784689 0.13468883063156042 1.6151740434003814 -1.7308059314260913 -0.0091756738175530275
decision_type=2 2 2 2 2 2 2 2 2 2 2 2 2 2 2 2 2 2 2 2 2 2 2 2 2 2 2 2 2 2
left_child=18 4 3 6 9 17 -3 8 -7 10 11 -2 14 -14 -11 -8 -4 19 -1 -6 21 -20 26 -9 -18 -19 -23 -26 -22 -30
right_child=1 2 16 -5 5 7 15 23 -10 12 -12 -13 13 -15 -16 -17 24 25 20 -21 28 22 -24 -25 27 -27 -28 -29 29 -31
leaf_value=0 0 0 0 0 0.00019428938861719143 0 0.00040257896762614946 -0.00013424586172229686 -0.00037251455467790496 0 0 0.00098191403603426213 -9.6011837138599394e-05 2.8011006147435212e-05 0.00015705546680535684 0 0 0 0 0 0 -0.00067731240514274564 0 0.00014590454786037664 -0.00045230360202124447 -0.0001993631128589226 0 0 -0.00010465292095285802 0
leaf_weight=22.727210866694804 4.0342179654398951 4.1614505316247223 8.5107875015237386 2.5341212729108511 26.77171801548684 4.7069877514732061 56.609046750876587 10.600148550001906 49.696749313618056 87.897196023666766 10.321536311879752 7.3750113110872917 183.13620058487868 273.81389223289443 103.05149177461863 3.1854076145682475 1.3469099572976109 8.3163080911617744 12.678178288741035 21.120793817273807 2.1000913559691972 9.8490763049921934 10.416502262232827 7.4689104911522 8.1687456420040654 13.393812829803208 1.1559882907313284 0.56072811235208142 39.685403071111068 23.031748400710057
leaf_count=45324 8040 8299 16971 5053 53392 9387 112888 21141 99078 175263 20581 14706 365169 546032 205475 6352 2686 16584 25280 42123 4187 19638 20770 14889 16287 26711 2305 1118 79147 45921
internal_value=-2.28739e-07 1.24564e-05 0.000149213 0.000274882 0 -0.00010781 0.000329885 -0.00024381 -0.00031866 2.05982e-05 0.000246329 0.000660676 8.39678e-06 -1.51295e-05 8.04075e-05 0.000372425 -0.00013893 0 -0.000118408 9.90305e-05 -0.000156221 -0.000285401 -0.000410367 0 -0.000340691 -0.000110103 -0.000621721 -0.000411054 -4.19764e-05 -6.25009e-05
internal_weight=1018.43 896.782 85.0772 66.49 811.705 142.075 63.9559 72.4728 54.4037 669.63 21.7308 11.4092 647.899 456.95 190.949 59.7945 18.5872 69.6026 121.644 47.8925 98.917 34.0997 21.4216 18.0691 10.0764 21.7101 11.0051 8.72947 64.8172 62.7172
internal_count=2030797 1788225 169654 132592 1618571 283305 127539 144495 108465 1335266 43327 22746 1291939 911201 380738 119240 37062 138810 242572 95515 197248 67993 42713 36030 20091 43295 21943 17405 129255 125068
is_linear=0
shrinkage=0.03


Tree=165
num_leaves=30
num_cat=0
split_feature=1 9 16 9 12 25 10 21 9 46 9 11 21 20 4 4 38 29 47 20 22 3 17 16 49 4 4 38 38
split_gain=0.00203382 0.00179887 0.00172732 0.00215136 0.00168678 0.00192304 0.00186958 0.00221211 0.00247992 0.0015892 0.0015365 0.00131929 0.0011882 0.000933872 0.00239319 0.00112523 0.000720545 0.000673899 0.000669925 0.000500696 0.000478661 0.000393185 0.000161751 0.000394777 0.000171158 3.43438e-06 1.39557e-05 2.44422e-05 2.57438e-06
threshold=1.3266971996253469 -1.16764523911758 3.971396485831368 -0.7306813742018855 1.0228431466348289 0.55816288988663176 -0.94962441046082413 -0.027069683758233039 0.43455551208971505 0.015401314135984253 -0.2937175418425354 0.60831911526041205 -0.76062550275686902 -0.50954662493387015 -0.26932357938116785 0.84040765596194134 -0.54714474794814405 0.74614962975029664 2.4728513487910164 1.5287731270621612 -0.34264277235249913 0.059558134725363275 -0.64708527072484134 0.18901243354177213 -0.76987141265051517 0.88013227115345638 -1.404591753600428 0.2798855544096443 -0.36259554278277034
decision_type=2 2 2 2 2 2 2 2 2 2 2 2 2 2 2 2 2 2 2 2 2 2 2 2 2 2 2 2 2
left_child=2 25 4 -4 6 22 7 8 -1 16 -9 -5 -3 15 -15 -8 -7 20 19 21 -13 -14 24 -24 -6 26 -2 -28 -27
right_child=1 12 3 11 5 9 13 10 -10 -11 -12 17 18 14 -16 -17 -18 -19 -20 -21 -22 -23 23 -25 -26 28 27 -29 -30
leaf_value=0.00024688072690526427 0 0 0 0 0 0 0 -0.00017125986277458872 0 0 7.7365295910663745e-05 0 0 -5.7314681216932886e-05 8.8851200446511989e-05 -0.0001783533541083716 -0.00049545985677659169 0 0 0 0.0012437708205317827 -0.00052547906592036858 -0.00012489568316617465 0 0.0001238493754818314 0 5.7431039670491528e-05 0 -1.5273810370967393e-05
leaf_weight=102.46053776936606 0.210132230306045 7.5848329063155679 2.0295197139494121 1.3942823293618838 1.7168962786672661 4.4734738449915339 169.6412287389976 37.168888389773201 44.639595861663111 14.203104542859363 48.900358751590829 0.29893563879886587 2.1225242092623473 161.71252365870168 225.12979543756228 53.542176145478152 20.329626257764176 0.54747721657622594 1.3289101528353047 0.36158917361171816 3.7471727820811798 21.141917768109124 27.11024087696569 27.813135096454062 15.126916415058075 1.2295753190992389 11.414624263707081 0.58998866350157264 9.9316106410697085
leaf_count=204325 419 15126 4046 2779 3422 8921 338289 74108 89034 28323 97501 596 4233 322451 448922 106764 40536 1091 2650 721 7469 42158 54055 55458 30161 2452 22762 1176 19801
internal_value=0 -0.00017651 9.58295e-06 0.000451707 2.72247e-06 -0.000103255 2.02029e-05 9.31261e-05 0.00016517 -0.000273219 0 0.000772369 -0.00032139 -2.75256e-06 1.99941e-05 -5.5621e-05 -0.000418402 0.00101789 -0.000421353 -0.000461567 0.00115161 -0.000485515 0 -3.50807e-05 6.80429e-05 0 1.59075e-05 3.61076e-05 0
internal_weight=1017.9 55.9157 961.986 8.01739 953.968 110.773 843.195 233.169 147.1 39.0062 86.0692 5.98787 32.5398 610.026 386.842 223.183 24.8031 4.59359 24.9549 23.626 4.04611 23.2644 71.7672 54.9234 16.8438 23.3759 12.2147 12.0046 11.1612
internal_count=2029749 111498 1918251 15981 1902270 220876 1681394 464968 293359 77780 171609 11935 64888 1216426 771373 445053 49457 9156 49762 47112 8065 46391 143096 109513 33583 46610 24357 23938 22253
is_linear=0
shrinkage=0.03


Tree=166
num_leaves=31
num_cat=0
split_feature=25 18 6 44 38 30 36 49 47 21 20 21 4 10 21 9 29 9 45 49 27 46 48 7 33 34 19 9 21 20
split_gain=0.00192327 0.00205795 0.00203229 0.00196767 0.00194675 0.00164557 0.00153341 0.00168709 0.00205905 0.00215799 0.00170404 0.00307996 0.00183792 0.0015741 0.00253804 0.00326658 0.00146457 0.0014034 0.00137122 0.000786244 0.000855974 0.000642131 0.00063089 0.000662672 0.000564597 0.00081608 0.000255705 0.000189029 0.000462881 0.000151639
threshold=1.3330935774757675 -1.8846819840301274 -1.0531419842794192 -0.35960041699144435 0.030896409408491556 0.031057224715744344 0.013935738222381098 -0.47126507411375768 -0.092603159146326705 1.0775082272588639 0.93858152897982883 0.065269699480319771 0.60240943489788268 0.92253883253219382 -0.22407283373118198 0.58021016628462441 0.82844645947773932 -0.87633600669256528 -0.061641050042581413 -0.74582067182219614 -0.31164065857471379 -1.655287641856692 -0.39859373203494253 -1.2174486853470332 1.0421286478376401 -0.83250201765264997 -0.90435092419138263 -1.0000000180025095e-35 0.7039565076367299 -1.4694598865969695
decision_type=2 2 2 2 2 2 2 2 2 2 2 2 2 2 2 2 2 2 2 2 2 2 2 2 2 2 2 2 2 2
left_child=1 2 -1 -2 21 -4 13 10 9 -9 12 -12 -8 14 17 -16 -10 -3 22 -7 -21 26 -6 -24 25 -15 29 28 -23 -5
right_child=3 6 5 4 18 19 7 8 16 -11 11 -13 -14 24 15 -17 -18 -19 -20 20 -22 27 23 -25 -26 -27 -28 -29 -30 -31
leaf_value=0 0 0.00013869933122974285 0 0 0 0 0.00024313280602562793 -0.00013629023965811788 0.0001223301849860236 0.0002126950662715605 -0.00026110165621569075 0.00018566082819137668 0 0 -0.00025464568648999518 0 -8.8936349479075552e-05 -5.0806390639062033e-05 0 0 0.00064845650277480654 0.00022870013644052677 0 -0.00065207752445789187 -4.8524366913219579e-05 0.00012798335110794819 0 0 0 -0.00036361057595694392
leaf_weight=3.5792346473899697 12.685691391816361 50.358763563388493 4.3107923374627743 0.17552747338777397 1.7736003484460585 1.1552815389586708 91.297506935428828 133.09695056988858 128.11357025982579 12.212590822367927 26.479982884367928 28.045051074994262 33.447261737659574 23.500396033632569 110.38263615133474 55.763698592083529 21.682933961856179 114.00791294820374 4.3667835901724166 1.3082424054737298 15.932115737756233 11.33682825631695 0.84784970083274913 17.857393419544671 15.108674744842572 84.218755933688954 1.9332020748406629 4.1676784965675351 2.01298544142628 7.0968145247898065
leaf_count=7137 25297 100425 8597 350 3536 2303 182045 265411 255486 24348 52809 55907 66687 46858 220074 111192 43232 227374 8707 2609 31770 22608 1691 35608 30127 167931 3856 8312 4015 14151
internal_value=0 7.87509e-06 0.000269654 -0.000161301 -0.000258378 0.000405867 0 3.81599e-05 0 -8.63141e-05 0.000111009 0 0.000173215 -3.89934e-05 -7.6486e-05 -0.00015933 7.17223e-05 0 -0.000457254 0.000532765 0.000586432 0 -0.000560291 -0.000611594 3.74697e-05 7.73814e-05 -0.000249202 1.88726e-05 0.00011494 -0.000332047
internal_weight=1018.26 954.002 26.2857 64.2544 51.5687 22.7064 927.717 474.376 295.106 145.31 179.27 54.525 124.745 453.341 330.513 166.146 149.797 164.367 24.8456 18.3956 17.2404 26.723 20.4788 18.7052 122.828 107.719 9.20554 17.5175 13.3498 7.27234
internal_count=2030453 1902322 52416 128131 102834 45279 1849906 945925 588477 289759 357448 108716 248732 903981 659065 331266 298718 327799 49542 36682 34379 53292 40835 37299 244916 214789 18357 34935 26623 14501
is_linear=0
shrinkage=0.03


Tree=167
num_leaves=31
num_cat=0
split_feature=29 37 51 16 2 49 20 29 44 29 36 30 8 33 44 8 49 49 46 22 20 30 49 36 33 49 21 18 16 48
split_gain=0.00201116 0.00168602 0.00155694 0.00146568 0.00157179 0.00142334 0.00213239 0.00185295 0.00259602 0.00115957 0.00114327 0.00099762 0.00116055 0.000985416 0.000804845 0.000738003 0.000777908 0.000637084 0.000608797 0.000584544 0.00049446 0.000496595 0.000377165 0.000326089 0.000305753 0.000315571 0.000284255 0.000212588 0.000522612 0.000199358
threshold=-0.5110257681538074 0.62588749804627397 0.00044729053736507446 -0.46618626250853101 -0.48016189489936179 0.82536724526269045 -1.0477100029718773 0.016260140074898254 -0.35960041699144435 -0.40797521011895882 -0.56308759382914964 -1.2326866746960239 0.21674549291291434 1.0461178973164496 0.16755422422726973 0.067804728712811013 1.0000000180025095e-35 -0.68884389770864052 -0.67330877021534596 -0.18363155926543004 0.69929238856603726 -1.087889535735987 1.0731045705181463 -0.78356421712419355 -0.75215949545830896 -1.8183749531259725 0.76256840901569212 1.0349034734057774 0.040154928214440382 -0.2080783737266689
decision_type=2 2 2 2 2 2 2 2 2 2 2 2 2 2 2 2 2 2 2 2 2 2 2 2 2 2 2 2 2 2
left_child=15 5 20 -4 -5 10 19 8 -8 -6 13 17 -13 18 -15 16 24 -12 -2 22 27 -22 -7 -23 -1 -26 -9 28 -3 -27
right_child=1 2 3 4 9 6 7 26 -10 -11 11 12 -14 14 -16 -17 -18 -19 -20 -21 21 23 -24 -25 25 29 -28 -29 -30 -31
leaf_value=0 -0.00010620225390785803 0 0 0 0 0 0.00062011347105211609 7.0508021561201714e-05 7.139183426844947e-05 -0.00033738048576706858 0 9.7808734828299239e-05 0 -0.00040329390569692668 0 0 0 -0.00013780963942678541 0 0 0 0 -0.00048911545486835851 0.00022335852319367415 0 0 -9.6117134565759416e-05 0 -0.00013718919273226853 0.0005126129299513366
leaf_weight=0.39246520487359582 54.716649482317735 31.976613441482186 67.118955645128153 33.00041460461216 10.967102337803224 2.5421249701175865 18.393059733614791 29.135721066268161 43.417137670738157 56.599710650451016 31.529618141823448 216.08844437729567 106.34686996473465 13.8023449635366 2.8311788170831269 2.8515408375533289 4.7922932778601526 40.784877354919445 115.58287419122644 11.079390682105439 9.7748603154323046 7.3036853428930071 4.3321045961347409 22.765202612848952 0.55899796326412499 0.2934534078813219 12.013290821923873 15.148320268257519 37.797202997724526 14.866203931858749
leaf_count=783 109106 63768 133846 65808 21871 5070 36688 58097 86600 112856 62869 430862 212070 27521 5645 5688 9556 81315 230469 22095 19491 14563 8642 45395 1115 585 23956 30203 75368 29646
internal_value=8.39734e-07 -2.70323e-06 -6.57401e-05 -0.00012607 -0.000199043 1.92657e-05 0.000112921 0.00017876 0.000283212 -0.000282674 0 2.87398e-05 5.63193e-05 -6.13197e-05 -0.000302347 0.000275537 0.000343587 -5.27461e-05 -2.0162e-05 -9.75504e-05 0 9.96078e-05 -0.000318409 0.000167364 0.000443421 0.000468015 0 -2.41908e-05 -5.8774e-05 0.000495833
internal_weight=1018.8 995.048 292.452 167.686 100.567 702.596 120.913 102.959 61.8102 67.5668 581.683 394.75 322.435 186.933 16.6335 23.755 20.9034 72.3145 170.3 17.9536 124.766 39.8437 6.87423 30.0689 16.1111 15.7187 41.149 84.9221 69.7738 15.1597
internal_count=2031547 1984174 583169 334381 200535 1401005 241148 205341 123288 134727 1159857 787116 642932 372741 33166 47373 41685 144184 339575 35807 248788 79449 13712 59958 32129 31346 82053 169339 139136 30231
is_linear=0
shrinkage=0.03


Tree=168
num_leaves=31
num_cat=0
split_feature=25 47 21 1 29 17 16 33 8 21 25 38 25 19 33 7 28 45 34 9 16 6 38 27 44 30 18 32 21 40
split_gain=0.00171161 0.00169129 0.00381851 0.0020387 0.00265605 0.00166596 0.00157489 0.00148422 0.00196101 0.00175449 0.00419691 0.00172777 0.00127445 0.00123416 0.00112093 0.000995103 0.000899721 0.00103396 0.000896535 0.000863528 0.000674071 0.000966983 0.000535823 0.000583039 0.000392121 0.000299502 0.000294935 0.000184134 0.000115734 0.000132693
threshold=2.7258575736869086 1.1535078284975413 0.74317083108263782 0.91591857034188451 -0.24463280599925466 0.59350085141418485 -0.67277052519712288 0.47318144229540893 -0.97478034326418628 -0.3337253297675849 0.017636909167148159 0.046294346660361578 -0.26197719628906646 -0.60217950097652961 -1.7649913730743825 -0.53272404488144698 -0.73992661522178704 -0.055427626652399704 -0.99553699633501791 0.14324637733373335 -0.39749685319329325 -0.98411935757306557 0.097632939185800946 -0.04881362353468207 -0.35960041699144435 0.33036155042913223 -1.9693418880443401 1.6574497935071484 2.2875835876756763 2.4264449112838489
decision_type=2 2 2 2 2 2 2 2 2 2 2 2 2 2 2 2 2 2 2 2 2 2 2 2 2 2 2 2 2 2
left_child=1 3 13 7 22 6 -6 9 15 10 -1 -10 -11 20 -4 -9 -16 -18 -15 -20 21 -3 23 -5 -2 -24 -22 28 29 -26
right_child=24 2 14 4 5 -7 -8 8 11 12 -12 -13 -14 18 16 -17 17 -19 19 -21 26 -23 25 -25 27 -27 -28 -29 -30 -31
leaf_value=-0.00022667624910130275 0 0 0 0.00025397150258232517 0 0 -0.00040839200354413438 6.457336872495853e-06 -0.0001070975102335366 0.00011812403330541497 3.9832476193639073e-05 0.0001395794800866363 -1.4585009778872465e-05 0 0 -0.00015576160670959077 -0.00053638401544116787 0 0.00043936263777831361 0 0 0.00024615650934495004 0 0 -0.0004771615172766791 -8.6159994355559182e-05 -0.00015059197451839257 0 0 0
leaf_weight=103.80456208303804 1.5024821948609304 5.3613291596411754 1.6559573744307297 14.91557694290532 12.932803942996541 20.311043706431519 42.628086703945883 49.660043953743298 14.94867415120825 87.504468968894798 77.43102802633075 217.85382203297922 154.44401229429059 5.8568794668535693 1.8485609045601492 41.165089446643833 12.239660558348989 2.6680295984842752 35.30447425309103 3.4877822565613306 6.5166934151784544 25.060640992829576 9.1465490435948578 5.8680021400214164 9.9576723695499751 42.358501524257008 11.705689947935751 0.22519255732186216 0.17050344619201574 0.12984097545268092
leaf_count=207013 2996 10690 3302 29752 25787 40492 84993 99019 29817 174464 154422 434405 307953 11680 3686 82082 24406 5320 70405 6956 12993 49974 18239 11705 19856 84471 23341 449 340 259
internal_value=0 3.91963e-06 0.000115786 -6.69085e-06 -0.000110298 -0.000235081 -0.00032008 9.84685e-06 6.09209e-05 -2.21226e-05 -9.62601e-05 0.000110853 2.1012e-05 0.000211213 -0.000204805 -3.40354e-05 -0.000326032 -0.000416888 0.000342287 0.000394524 2.92331e-05 0.000145971 0 0.000145061 -0.000356698 -2.9525e-05 -1.02578e-06 -0.000423241 -0.000446341 -0.000461426
internal_weight=1018.66 1006.68 111.706 894.972 148.161 75.8719 55.5609 746.812 323.628 423.184 181.236 232.802 241.948 93.2935 18.4122 90.8251 16.7563 14.9077 44.6491 38.7923 48.6444 30.422 72.2886 20.7836 11.9857 51.5051 18.2224 10.4832 10.258 10.0875
internal_count=2031267 2007367 222753 1784614 295439 151272 110780 1489175 645323 843852 361435 464222 482417 186039 36714 181101 33412 29726 89041 77361 96998 60664 144167 41457 23900 102710 36334 20904 20455 20115
is_linear=0
shrinkage=0.03


Tree=169
num_leaves=24
num_cat=0
split_feature=1 16 9 11 16 47 30 4 11 9 29 12 29 21 29 49 21 44 7 22 47 38 9
split_gain=0.00171057 0.0015888 0.00212064 0.00155221 0.00220988 0.0018244 0.00312976 0.00146054 0.00143709 0.00131644 0.00126056 0.00129499 0.00115371 0.000991406 0.000928345 0.000721689 0.000704282 0.000543262 0.000529646 0.000527113 0.000499584 0.000490505 4.09324e-07
threshold=1.3266971996253469 3.971396485831368 -0.7306813742018855 2.8722586592760608 1.219372091263504 0.98079998045907424 0.22643478036158157 0.73202615557122186 1.0789553986836669 0.28890094471172417 -0.51347849560961023 -0.42506185492317911 -0.06661523173543045 -0.8857660783988065 0.97434928515860808 1.5293318738049189 -0.63217822219299891 0.80013979368972676 -1.0218130776897196 -0.34264277235249913 2.3460034367318587 -0.63587574131166613 -0.87633600669256528
decision_type=2 2 2 2 2 2 2 2 2 2 2 2 2 2 2 2 2 2 2 2 2 2 2
left_child=1 3 -3 5 18 10 12 22 -4 -8 16 -12 -7 -9 19 17 -1 20 -5 -10 -15 -20 -2
right_child=7 2 8 4 -6 6 9 13 14 -11 11 -13 -14 15 -16 -17 -18 -19 21 -21 -22 -23 -24
leaf_value=0 5.3873982897219875e-06 0 0 0 0 0 0.00028542708810320793 0 0 0 2.3980366117566135e-05 -4.976152265066362e-05 -0.00024243268586379761 -0.00049931652588246841 0 0 0.00034754430365116832 0 0 0.0013617275919649413 0 -0.00066526197026210666 0
leaf_weight=5.6594871631823507 12.692627840559 2.0566196865402162 2.2118860669434053 1.3852600471582288 3.9690710585564366 17.771949237561785 68.346591497771442 5.2811103549902318 0.2738505989545964 10.541087638353927 336.47401079890551 466.94893118849723 19.110080486279912 21.31420511670877 0.33268930931808416 4.9651109476690172 13.351836415589785 4.8296510659274636 1.4638362263212901 3.2165559902787209 1.4734659440582607 9.6390505470335466 5.2893294756067908
leaf_count=11291 25310 4100 4408 2762 7914 35443 136290 10531 546 21024 670945 931117 38105 42498 663 9901 26622 9631 2919 6412 2938 19218 10549
internal_value=-1.51022e-06 4.85323e-06 0.000423696 0 -0.000287359 6.36664e-06 0.000119432 -0.000164933 0.00074629 0.00023572 -5.90129e-06 -1.51444e-05 -4.79574e-05 -0.000273566 0.0011034 -0.000338162 0.000226912 -0.000398034 -0.000517767 0.00125415 -0.000462023 -0.00058691 0
internal_weight=1018.6 962.753 8.0916 954.661 16.4572 938.204 115.77 55.8455 6.03498 78.8877 822.434 803.423 36.882 37.8635 3.8231 32.5824 19.0113 27.6173 12.4881 3.49041 22.7877 11.1029 17.982
internal_count=2031137 1919779 16129 1903650 32813 1870837 230862 111358 12029 157314 1639975 1602062 73548 75499 7621 64968 37913 55067 24899 6958 45436 22137 35859
is_linear=0
shrinkage=0.03


Tree=170
num_leaves=31
num_cat=0
split_feature=16 9 11 47 16 19 25 38 38 44 44 38 44 44 45 48 11 4 29 36 9 22 5 22 8 38 46 2 45 46
split_gain=0.0018636 0.00234249 0.00213738 0.00288907 0.0024597 0.00293774 0.00242041 0.00297279 0.002057 0.0033811 0.0026869 0.0021351 0.00190123 0.00169144 0.00179325 0.00151052 0.00121483 0.00102173 0.000878338 0.00083204 0.000769879 0.000894099 0.000808391 0.000762483 0.000746905 0.000766523 0.00065115 0.00063482 0.000721945 0.000442816
threshold=3.971396485831368 -0.7306813742018855 0.95986627347661702 0.46839139321997214 0.27431865539085426 -0.36980166500007111 0.79191643423149416 0.030896409408491556 0.10005511906475333 1.0000000180025095e-35 -0.14873856050395873 0.17111538789978262 -0.35960041699144435 -0.67589320172267275 -0.081704267223299223 0.058398027576689486 0.95986627347661702 -1.7423634912893078 0.97434928515860808 1.712037405444073 -0.2937175418425354 -0.18363155926543004 0.96251543471886059 -0.041063071466538918 -0.18042980430770095 -0.075071335492689864 -0.80707136679794689 -0.079186093241554165 -0.086969401277690539 -1.5113355575059375
decision_type=2 2 2 2 2 2 2 2 2 2 2 2 2 2 2 2 2 2 2 2 2 2 2 2 2 2 2 2 2 2
left_child=2 -2 3 8 5 26 20 29 9 23 12 -12 -10 -9 -15 -7 -3 -11 19 -18 24 -22 -23 -1 25 -4 -5 -6 -29 -8
right_child=1 16 6 4 27 15 7 13 10 17 11 -13 -14 14 -16 -17 18 -19 -20 -21 21 22 -24 -25 -26 -27 -28 28 -30 -31
leaf_value=8.6965914604946498e-05 0 0 0 -6.08599556384038e-05 0 0.00036414613990032936 -0.00016157974833694468 0 1.111345344788018e-05 0 0 0.00023755387145173881 -0.00012900703300369076 -0.00070230161937001405 0 0 0.0013812776116259627 -0.0002985122671340869 0 0 0 0.00030413462202846201 0 -7.3125011648364797e-05 0 -0.00046400548738324691 0.00011153013013918309 -0.00024313528599704184 0 6.5885713647839103e-05
leaf_weight=50.933693577768281 2.115776727325283 2.0522004978265596 1.5250770603888666 32.858189084858168 11.936537181434685 65.345020011242013 12.393241363228301 7.0130687564378595 275.74135722586652 6.9408564686309537 41.32244471902959 74.60350724629825 111.51094293140341 19.985617628728505 7.7068946774234091 16.588438812061213 3.3536943441722546 66.658258054521866 0.35778051306260739 0.35861706559080619 13.966645072214304 20.365835057513326 3.3817150376853524 56.29402112524258 19.012372747529298 7.9118112217402103 37.328707157634199 21.55644862470217 9.8562923866556975 17.270826400897931
leaf_count=101581 4218 4090 3040 65523 23803 130318 24712 13984 549809 13842 82406 148743 222354 39850 15366 33082 6685 132950 713 715 27850 40600 6742 112264 37910 15771 74440 42982 19653 34441
internal_value=0 0.000448577 -4.40115e-06 9.28665e-06 0.000113113 0.000175052 -0.000119606 -0.000250702 -1.59981e-05 -0.000104571 9.87003e-06 0.0001405 -2.14879e-05 -0.000440073 -0.000545601 0.000298602 0.000784293 -0.000261174 0.00109266 0.00123365 0 9.65483e-05 0.000220656 0 -0.000109536 -0.000327724 0 -3.50372e-05 -0.000141004 0
internal_weight=1018.25 8.23807 1010.01 879.475 195.47 152.12 130.533 64.3696 684.005 180.827 503.178 115.926 387.252 34.7056 27.6925 81.9335 6.12229 73.5991 4.07009 3.71231 66.1635 37.7142 23.7476 107.228 28.4493 9.43689 70.1869 43.3493 31.4127 29.6641
internal_count=2030437 16421 2014016 1753750 389801 303363 260266 128353 1363949 360637 1003312 231149 772163 69200 55216 163400 12203 146792 8113 7400 131913 75192 47342 213845 56721 18811 139963 86438 62635 59153
is_linear=0
shrinkage=0.03


Tree=171
num_leaves=31
num_cat=0
split_feature=14 16 51 37 21 0 8 17 1 16 46 37 25 30 49 47 16 2 47 21 51 46 28 27 22 49 47 49 7 47
split_gain=0.00183442 0.00186152 0.00173445 0.00173271 0.0016556 0.00133175 0.00132979 0.0014072 0.0011903 0.00185537 0.00107877 0.00111878 0.000940401 0.00084972 0.000751505 0.00073771 0.00118171 0.00101296 0.00063674 0.000548813 0.00059624 0.000703191 0.000492952 0.000279577 0.000270653 0.000256103 0.000152255 5.72387e-05 4.8408e-05 3.98754e-05
threshold=-0.85704780279763126 -0.88204730409197885 0.00074864848753912407 0.64483250671566505 -0.53312672976766318 0.50013823442063432 0.21674549291291434 0.019650957353096844 0.32700044638234088 -0.42913546178299333 1.1554110062792582 0.78899329168243371 0.0058547383708805441 -1.5521751548981599 -1.3899838871963859 1.4314453162488727 0.13274489404195353 -1.0011282145292109 -0.4946691353297929 -0.69310241322860311 0.00079134027264932767 0.22900724481865523 -0.80288545035575865 -0.15876385023324918 0.059370696892034343 0.68701224080669865 -0.43950961488885282 -1.2715293954194211 -0.53272404488144698 3.7284105447786602
decision_type=2 2 2 2 2 2 2 2 2 2 2 2 2 2 2 2 2 2 2 2 2 2 2 2 2 2 2 2 2 2
left_child=18 6 4 15 5 12 7 -2 28 -10 11 -6 -3 -9 -15 17 -17 -4 -1 -20 -21 22 -22 26 -7 27 -8 -25 -5 -28
right_child=1 2 3 8 10 24 23 13 9 -11 -12 -13 -14 14 -16 16 -18 -19 19 20 21 -23 -24 25 -26 -27 29 -29 -30 -31
leaf_value=0 0 -0.00025212080018445265 6.1150115992057128e-05 0 0.00015563113900009384 0.00012614607534494995 0 0 0 -0.00040658629028594959 0 0 0 0 0.00052388628085795082 0.00023170896643541017 0 -5.1522732920949753e-05 0 0 0 0 -0.00048034999303601917 0 0 0 0.00012922847119447748 -0.00021561828941871048 -4.0953272867273257e-05 0
leaf_weight=41.607649743033107 27.366429067915305 31.396114069328178 76.491046705050394 23.78863269923022 179.71439944778103 23.81174503458897 0.788242101378274 4.0588276257622082 19.854727890749928 29.583033465605695 21.124134148296434 18.900241787428968 20.780539906758349 3.2015508040785816 20.949090120382607 29.500432095373981 10.840597969770895 289.78590408770833 21.479064143088181 29.217795445700176 2.2804344108444665 12.713106635026632 18.034737221198156 1.1805034691933531 7.5969428106909609 1.6804861043347035 14.179853350738993 10.103842462587634 25.976607064774726 0.16398860851768482
leaf_count=82970 54571 62617 152527 47436 358340 47485 1572 8093 39594 58991 42122 37685 41446 6384 41778 58828 21617 577824 42838 58262 4548 25351 35959 2354 15151 3351 28280 20146 51800 327
internal_value=0 1.3793e-05 0 -3.41499e-05 5.65823e-05 -3.20902e-05 0.000148502 0.000233959 -0.000147194 -0.000255235 0.000103965 0.000129794 -0.000148417 0.000390811 0.000458331 0 0.000113568 -1.98023e-05 -0.000108708 -0.000156636 -0.000202327 -0.000305609 -0.000427781 0 6.56391e-05 -0.000120333 6.49763e-05 -0.000192516 0 0.000118352
internal_weight=1018.15 892.818 809.145 505.821 303.324 83.5853 83.6728 55.5759 99.203 49.4378 219.739 198.615 52.1767 28.2095 24.1506 406.618 40.341 366.277 125.333 83.7251 62.2461 33.0283 20.3152 28.0969 31.4087 12.9648 15.1321 11.2843 49.7652 14.3438
internal_count=2030247 1780319 1613463 1008617 604846 166699 166856 110826 197821 98585 438147 396025 104063 56255 48162 810796 80445 730351 249928 166958 124120 65858 40507 56030 62636 25851 30179 22500 99236 28607
is_linear=0
shrinkage=0.03


Tree=172
num_leaves=31
num_cat=0
split_feature=45 45 36 42 0 30 28 46 21 20 38 4 33 49 27 21 8 38 9 29 21 25 21 47 9 49 33 30 29 13
split_gain=0.00187246 0.00526442 0.00293679 0.00248221 0.00211256 0.00186986 0.00200148 0.00180811 0.00155384 0.00143682 0.00146918 0.00197741 0.00143404 0.00127608 0.00125663 0.00110323 0.00243041 0.0025748 0.00179902 0.00266839 0.00139295 0.000966123 0.000817493 0.00160174 0.000973288 0.000802924 0.00153118 0.000728218 0.00097625 0.00115261
threshold=-0.090613308115153654 -0.090917831414596154 0.20923211802969252 0.59537708123094035 -0.56208980951887899 -0.45595092279686544 0.34356950457924756 -0.67330877021534596 -0.8621336967842832 1.4040731206437049 0.097632939185800946 0.011821135402701093 -0.44094568950712959 -0.60171404316077404 -0.020043028956747033 0.34330076366471129 0.46498007032122252 0.19706414848032355 0.43455551208971505 0.090308103179682561 2.1648651153251874 0.017636909167148159 -0.38986195649191058 -0.38508019043125569 0.28890094471172417 -0.11591220205290058 -1.1095402705186319 0.85768188996556305 -0.06661523173543045 -0.75444492788865403
decision_type=2 2 2 2 2 2 2 2 2 2 2 2 2 2 2 2 2 2 2 2 2 2 2 2 2 2 2 2 2 2
left_child=1 7 3 4 -3 14 9 12 -6 10 -7 -12 25 -11 -2 18 17 -17 19 -9 -18 -14 -16 24 -24 -1 -27 28 -8 -30
right_child=5 2 -4 -5 8 6 27 15 -10 13 11 -13 21 -15 22 16 20 -19 -20 -21 -22 -23 23 -25 -26 26 -28 -29 29 -31
leaf_value=9.5095193726739278e-05 -0.00013246022912156419 0 0 0 0 0 0 0.00020717130710923385 -0.00051426261648479759 0 0 0.00027662532012558757 0 0.00058029992786160964 -4.9264002209847581e-05 -0.00032578625130557314 0.00030539512135233207 0 0 -7.5009849718391203e-05 0 -0.000324548430854943 0 0 0.00031652418054270692 -0.00022480507635470754 1.7989660050792977e-05 7.2249326073233239e-05 0 -0.0003878089623555516
leaf_weight=37.254432765883394 73.250937965291087 13.232702433771918 48.322811918507796 9.0680923826294002 3.4802656940883017 67.128649793681689 39.940133617725223 128.08682068198686 52.833032077294774 3.7145447104703662 54.682895202713553 61.377593565557618 21.245013224193826 14.243522022559771 26.898466205457225 36.335049941437319 20.931215533346407 17.034983429592103 79.973749684460927 21.421307641256135 3.0271599544212213 29.741359926527366 5.0727250031195572 13.031588836456647 30.116505942656659 34.787375820626039 17.739022709603887 33.38442221150035 4.9326295601786141 15.938633125275372
leaf_count=74281 146067 26388 96362 18084 6942 133882 79642 255421 105350 7407 109044 122376 42361 28406 53639 72440 41735 33960 159496 42708 6035 59308 10107 25980 60046 69369 35374 66578 9834 31776
internal_value=-4.59704e-06 -4.29074e-05 -0.000213677 -0.000327635 -0.000391744 3.82456e-05 8.52877e-05 0 -0.000472534 0.000140127 9.33041e-05 0.000158536 -8.31203e-05 0.000450711 -3.51758e-05 4.61955e-05 -2.55079e-05 -0.000169822 8.34303e-05 0.000146675 0.00017075 -0.000210685 1.97525e-05 0.000120465 0.000246682 0 -8.56952e-05 0 -8.89486e-05 -0.000255244
internal_weight=1018.23 574.514 126.937 78.6141 69.546 443.713 295.343 447.577 56.3133 201.147 183.189 116.06 140.767 17.9581 148.37 306.81 77.3284 53.37 229.482 149.508 23.9584 50.9864 75.1193 48.2208 35.1892 89.7808 52.5264 94.1958 60.8114 20.8713
internal_count=2030398 1145614 253126 156764 138680 884784 588945 892488 112292 401115 365302 231420 280693 35813 295839 611795 154170 106400 457625 298129 47770 101669 149772 96133 70153 179024 104743 187830 121252 41610
is_linear=0
shrinkage=0.03


Tree=173
num_leaves=31
num_cat=0
split_feature=37 51 37 49 8 21 9 33 29 12 21 9 21 17 7 30 10 8 29 44 51 29 48 36 30 28 20 29 29 18
split_gain=0.00177584 0.0017849 0.00165182 0.0020421 0.00327287 0.00539886 0.00266894 0.00235094 0.00251726 0.00156607 0.0012049 0.00118162 0.00528095 0.00158903 0.000970336 0.00138755 0.000968495 0.00110803 0.000940555 0.000765615 0.000439844 0.000316126 0.000325218 0.000292374 0.000170374 0.000139016 7.47561e-05 0.00015934 0.00018133 8.21663e-05
threshold=0.72077390729468849 0.00042770734352238739 -3.3002451730540385 0.84193618198780762 0.067804728712811013 1.5289570278391638 -0.7306813742018855 -0.7726831486475142 0.016260140074898254 -0.43013113974457179 -0.61258357789512885 -0.58502676341543547 -0.13595592137180321 -1.0737196880097015 -0.82617747549840181 1.1231696459271374 -0.94962441046082413 1.0000000180025095e-35 -0.34953671227138705 2.2761727891021271 0.0083245366157822954 2.0321350780314185 0.40901876132413278 -0.1515124019639276 0.47830211694492702 -1.1824828923591046 0.1513815744811696 0.079745469447979805 2.0321350780314185 -2.7896290816258142
decision_type=2 2 2 2 2 2 2 2 2 2 2 2 2 2 2 2 2 2 2 2 2 2 2 2 2 2 2 2 2 2
left_child=2 26 20 9 5 10 -7 24 -9 16 -5 12 -11 -13 -3 18 17 -4 -16 -20 21 22 25 -18 -6 -1 27 -2 29 -29
right_child=1 14 3 4 7 6 -8 8 -10 11 -12 13 -14 -15 15 -17 23 -19 19 -21 -22 -23 -24 -25 -26 -27 -28 28 -30 -31
leaf_value=0 0 0 0.00023920821406328731 0 -0.00012341926206153655 0 0.0014884897611864901 0.00042575886344192401 0 1.5724248161349062e-05 -0.00044998563582330435 0.00023009870301552313 -0.00035004372413522782 -2.4578247553757588e-05 0 0 -1.5497615900691051e-05 0 -0.00039794052658036335 0 0 0 0 4.439403076493118e-05 0 -0.0004315512333331717 3.0891677314475495e-05 0 0 -0.00016154802846217564
leaf_weight=0.21812917472561544 28.72400695097167 23.422703561373055 47.827865781087894 8.1738519095815771 10.066540875937791 0.4253935859887864 2.2367990455240934 51.76921510725515 34.171294062049128 70.731091872788966 17.804373398830649 24.207185435632709 51.664410730474629 245.77129739808151 12.43231892341282 9.6537071883794834 81.558250018046238 26.221847142325714 42.572711577289738 2.9813045281334771 9.6167345201829431 1.1143687606672745 1.1283513377420593 128.62613167153904 8.8489454523660225 12.241171661065895 44.45578725123778 0.18657508463366212 3.854683826386462 15.534255109319927
leaf_count=435 57282 46707 95370 16303 20075 849 4470 103245 68138 141044 35519 48250 103003 490086 24795 19252 162628 52287 84887 5945 19177 2222 2250 256480 17647 24408 88644 372 7685 30973
internal_value=-3.01468e-06 -8.96575e-05 1.24769e-05 2.31716e-05 0.000130482 -8.67588e-05 0.000979432 0.00021843 0.000287807 0 -0.000311501 -3.68098e-05 -0.00011416 0 -0.00018403 -0.000241879 5.5573e-05 0.000153268 -0.000299636 -0.000364509 -0.000220424 -0.000327557 -0.000370178 6.88098e-06 0 -0.000415853 0 -2.26855e-05 -9.27123e-05 -0.000145204
internal_weight=1018.24 183.818 834.423 810.104 133.496 28.6404 2.66219 104.856 85.9405 676.608 25.9782 392.374 122.396 269.978 91.0627 67.64 284.234 74.0497 57.9863 45.554 24.3188 14.702 13.5877 210.184 18.9155 12.4593 92.7553 48.2995 19.5755 15.7208
internal_count=2030428 366542 1663886 1615394 266246 57141 5319 209105 171383 1349148 51822 782383 244047 538336 181586 134879 566765 147657 115627 90832 48492 29315 27093 419108 37722 24843 184956 96312 39030 31345
is_linear=0
shrinkage=0.03


Tree=174
num_leaves=31
num_cat=0
split_feature=14 14 47 1 29 47 21 7 21 9 4 21 28 11 51 4 28 21 28 38 28 28 38 27 19 48 20 25 24 29
split_gain=0.00191455 0.00156501 0.00171603 0.00161079 0.00189192 0.00179284 0.00154084 0.0014187 0.00318724 0.00346559 0.00279038 0.00135049 0.00108726 0.00105694 0.00100365 0.000973324 0.000787286 0.000658035 0.000903437 0.000593609 0.000532024 0.00049015 0.000440264 0.00049295 0.000429862 0.00042226 0.000383919 0.000308697 0.00028598 0.000272147
threshold=-0.86321323569211361 -0.29667431903149949 -0.056348053631383579 0.99332279456544403 -0.24789886239868308 1.7313662375792733 0.065269699480319771 -0.43490624925178362 1.3112242834361834 0.43455551208971505 -0.16280494334227844 0.39338552921973058 0.70322704126054159 -0.44678739834035225 0.0023981130893368156 0.28374827808381614 -1.048440325033795 0.26975863889899615 -0.2145121847755094 0.11835783272278778 -0.8266840261057512 -0.37693356169753206 0.1126168836641543 -0.058577089081365823 0.76737743695157767 0.21721008636113018 1.0673673113367632 -1.4700249247205706 -1.4092271127632114 -0.5110257681538074
decision_type=2 2 2 2 2 2 2 2 2 2 2 2 2 2 2 2 2 2 2 2 2 2 2 2 2 2 2 2 2 2
left_child=20 2 16 7 22 15 12 8 26 -10 13 -12 14 -9 -4 -6 19 18 -18 -2 -1 -19 23 -5 -21 27 -3 -22 -29 -30
right_child=1 3 6 4 5 -7 -8 10 9 -11 11 -13 -14 -15 -16 -17 17 21 -20 24 25 -23 -24 -25 -26 -27 -28 28 29 -31
leaf_value=0 0 4.2580299332196639e-05 0.00031015041075338923 0.00024382878743027067 0 0 0 0 0 0.00063452982906094381 8.1710610359182442e-05 -9.9292075040285655e-05 0 -0.00026427147166985698 0 -0.00039148612727673957 0 0 -0.00012702107940942224 0.00028147025349989612 0 0.00015633453449751046 -4.4154509305932075e-05 0 0 0 -5.8089989832507943e-05 0 0 -0.00021192511140446157
leaf_weight=22.642320796730928 8.5108629628666659 117.38906139991013 64.562193199468311 13.293764597154224 9.1168310065404494 11.157842956192324 33.794405668915715 17.01039291365305 10.89414709567791 17.149303769227117 117.73582773387898 46.127456289774273 23.696243179496378 54.386269802693278 8.8458206352079269 37.776826096640434 90.107227358268574 22.591829294629861 73.511378984432667 20.455063702829651 4.922711676277685 27.412012998887803 25.412820583384018 2.728122445754706 3.4162742798798709 14.581327825144397 39.322378667013254 5.7620366527698925 2.0635840158793135 71.772274500166532
leaf_count=45155 16973 234071 128755 26515 18178 22247 67385 33924 21714 34190 234770 91969 47258 108445 17641 75318 179697 45042 146596 40789 9816 54649 50676 5442 6813 29076 78412 11490 4115 143120
internal_value=0 1.24363e-05 6.09006e-05 -1.69503e-05 -0.000126716 -0.000238431 0.000149915 1.90656e-06 7.04604e-05 0.000367418 -3.91784e-05 1.24505e-05 0.000211133 -0.000199691 0.000268881 -0.000323705 1.34139e-06 -6.69005e-06 -4.77439e-05 0.000146968 -0.000114082 6.76477e-05 0 0.000147101 0.000227334 -0.000144291 0 -0.000170023 -0.000184895 -0.000200848
internal_weight=1018.15 896.404 376.903 519.501 99.4862 58.0515 130.899 420.015 184.755 28.0435 235.26 163.863 97.1043 71.3967 73.408 46.8937 246.005 213.622 163.619 32.3822 121.744 50.0038 41.4347 16.0219 23.8713 99.1019 156.711 84.5206 79.5979 73.8359
internal_count=2030241 1787469 751598 1035871 198376 115743 261039 837495 368387 55904 469108 326739 193654 142369 146396 93496 490559 425984 326293 64575 242772 99691 82633 31957 47602 197617 312483 168541 158725 147235
is_linear=0
shrinkage=0.03


Tree=175
num_leaves=31
num_cat=0
split_feature=12 16 47 21 9 29 45 25 28 17 25 38 44 29 38 21 0 8 9 33 17 20 7 5 33 7 49 22 20 46
split_gain=0.00172659 0.0019643 0.00152859 0.00283099 0.00252063 0.00149564 0.00146807 0.00147707 0.00116684 0.00131862 0.00211971 0.00122641 0.00318662 0.00116662 0.0011403 0.00112585 0.00109747 0.00102795 0.000874971 0.000835578 0.000802593 0.000838148 0.000794222 0.000693384 0.000838046 0.000690362 0.000685647 0.000678059 0.000581221 0.000534431
threshold=0.7363849679775395 2.2742273503445629 0.68982161271370457 0.66796259642124711 -1.0219906174790152 0.033072284499962745 -0.083837549477015064 -0.14590117041383574 -1.0373495080044537 -1.6064688320918559 0.55816288988663176 0.19952093069051938 -0.14873856050395873 -0.46997018958596354 0.11835783272278778 0.41905740185809476 0.67856718811312089 -1.2726618078569361 -1.0219906174790152 -1.4943115280480701 0.51217154226180195 1.4040731206437049 -0.82617747549840181 -0.11711521303772093 -1.7406293867820903 0.054182728896532993 -0.062355432566077999 -0.33736125653292542 0.19568413225596679 -0.08123744121295097
decision_type=2 2 2 2 2 2 2 2 2 2 2 2 2 2 2 2 2 2 2 2 2 2 2 2 2 2 2 2 2 2
left_child=2 6 8 4 17 18 7 -2 14 10 16 13 -13 -11 -1 19 -10 -4 -3 -16 21 -9 -19 -5 -25 -26 28 -20 -6 -29
right_child=1 5 3 23 26 -7 -8 20 9 11 -12 12 -14 -15 15 -17 -18 22 27 -21 -22 -23 -24 24 25 -27 -28 29 -30 -31
leaf_value=0 0 0 0 0 0.00023942421931815279 0 0 -0.000345840864982831 0.00082717949834420178 3.3641449676933743e-05 0 -1.2597953904974668e-05 0.0003141167985582463 -8.2230687137650941e-05 0 0 0 0 0 0.00030933490641226163 0 0 0.00038500355573745413 0 0 -0.00045694468846925744 0 0 0 0.00091102893495245815
leaf_weight=22.299135608715005 28.35730384598719 0.77879260072950263 3.230631520797032 5.5297169217374202 20.233889437338807 4.6753461789921857 53.01917634968413 56.840233863855246 5.5075988213648071 57.969382851326372 5.8569949428201653 145.43164863501443 30.059840679226909 367.83916243998101 3.1430451008491209 12.58175486983964 2.0402350384392776 2.6731446371413758 0.32996938773430873 37.991255641798489 10.475062397250438 4.2091026245616368 50.607178623555228 1.3341540744295404 5.077255278825759 11.978619716071988 58.01195735798683 0.85048535000532854 5.1522456176462574 4.439809463976415
leaf_count=44471 56539 1553 6442 11027 40348 9321 105720 113338 10975 115622 11680 289954 59924 733526 6267 25085 4066 5330 658 75761 20890 8392 100918 2660 10123 23886 115692 1696 10273 8854
internal_value=0 -9.11844e-05 1.49324e-05 9.77746e-05 0.000160689 0.000203836 -0.000132173 -0.000199928 -3.73314e-07 -1.83283e-05 0.000255194 -2.94152e-05 2.627e-05 -5.94105e-05 0.000105356 0.000186583 0.00060697 0.000322059 0.000531283 0.000264754 -0.000272772 -0.000314648 0.000356897 -0.000144797 -0.000247395 -0.000331985 1.53713e-05 0.000679329 0.00015838 0.000778219
internal_weight=1018.52 163.975 854.549 163.829 139.909 11.0744 152.901 99.8817 690.72 614.705 13.4048 601.3 175.491 425.809 76.0152 53.7161 7.54783 56.511 6.39906 41.1343 71.5244 61.0493 53.2803 23.9197 18.39 17.0559 83.3981 5.62026 25.3861 5.29029
internal_count=2030991 326961 1704030 326699 279003 22082 304879 199159 1377331 1225747 26721 1199026 349878 849148 151584 107113 15041 112690 12761 82028 142620 121730 106248 47696 36669 34009 166313 11208 50621 10550
is_linear=0
shrinkage=0.03


Tree=176
num_leaves=31
num_cat=0
split_feature=39 29 30 30 20 49 12 27 34 32 27 21 34 28 1 8 10 10 47 9 23 11 20 29 49 44 18 21 44 51
split_gain=0.00187332 0.00235488 0.00183268 0.0011419 0.00136299 0.00247681 0.00146752 0.00139566 0.00108625 0.00121407 0.00106587 0.000978676 0.000932036 0.000891323 0.000850023 0.000794057 0.000766245 0.00106592 0.000765201 0.000911117 0.000746414 0.000723669 0.000664561 0.000662264 0.000510395 0.000429169 0.000818761 0.000907953 0.000428505 0.000409678
threshold=-0.78774080812713765 0.079745469447979805 0.86807442261556578 -1.1328643012330175 1.3917448984612844 -0.21422240751194802 -0.23833668652629642 -0.31164065857471379 -0.54033899575065325 0.43917684378202387 0.11495934642708706 0.15593632640279845 1.4782644294061005 -1.122916636186593 -1.1050728574872755 -0.72654579914672535 0.92253883253219382 -0.94962441046082413 2.2353761470732656 1.017174042052434 0.26800066795976457 -0.12494147329904602 -0.60707682755965664 -0.49450099288621746 0.59077771863422968 -0.35960041699144435 0.30833401993140486 0.4747144524261101 0.16755422422726973 0.00076517232369371858
decision_type=2 2 2 2 2 2 2 2 2 2 2 2 2 2 2 2 2 2 2 2 2 2 2 2 2 2 2 2 2 2
left_child=1 12 14 10 6 -6 8 -7 -5 -10 13 -12 25 -2 -3 -13 17 -8 19 -16 -9 -14 -17 -15 -25 26 27 -1 -23 -27
right_child=3 2 -4 4 5 7 16 20 9 -11 11 15 21 23 18 22 -18 -19 -20 -21 -22 28 -24 24 -26 29 -28 -29 -30 -31
leaf_value=0.00027274597656019314 0 0 0 0 0 0 0 0.00052615402201257853 0.0001713213367238413 0 -1.6827018902843795e-06 0 0 0 -0.00044754798572909223 0 2.8889429725335069e-05 -0.00012382798077164043 0 0 0 -0.00035885596409861463 0.00045943477665507672 -0.00022499148274727273 0 1.6379649236265975e-05 0 0 0 -7.5954434889986082e-05
leaf_weight=25.90966053417651 8.2089769931626488 2.4482153147109775 15.396590527438091 118.08520552533446 20.142397229385097 2.2845366604742621 76.07568914804142 21.928353846713438 119.22051861468935 68.18087407265557 24.846411996521056 4.9463095208629992 9.3323019527597371 5.5306079824222243 37.223893042944837 1.0537651673075767 94.098491296172142 110.93363720434718 2.9885304006165816 5.2053227773285462 1.4261004899162788 14.606464658572806 10.465073776314961 62.663124536396936 10.662243267695883 40.176602789550088 30.157415646128356 6.6479987591155796 3.095332372118718 64.631096738390625
leaf_count=51667 16368 4880 30697 235476 40161 4556 151708 43734 237737 135966 49545 9859 18611 11027 74215 2101 187631 221211 5959 10378 2844 29125 20861 124946 21263 80119 60132 13255 6172 128881
internal_value=-1.80855e-06 -7.42315e-05 -0.000236312 1.87922e-05 3.82598e-05 0.000204447 2.01752e-05 0.00040197 6.83933e-05 0.000113322 -5.37356e-05 1.9355e-05 -6.10929e-06 -0.000122873 -0.000329037 0.000233304 -2.15524e-05 -6.29755e-05 -0.000361863 -0.000395474 0.000480801 -0.000176694 0.00037396 -0.000163837 -0.000192343 3.51099e-06 7.71602e-05 0.000184666 -0.000290643 -1.19356e-05
internal_weight=1018.57 257.819 63.2626 760.752 632.376 45.7814 586.594 25.639 305.487 187.401 128.377 41.3116 194.557 87.065 47.866 16.4651 281.108 187.009 45.4177 42.4292 23.3545 27.0341 11.5188 78.856 73.3254 167.523 62.7151 32.5577 17.7018 104.808
internal_count=2031085 514091 126129 1516994 1261024 91295 1169729 51134 609179 373703 255970 82366 387962 173604 95432 32821 560550 372919 90552 84593 46578 53908 22962 157236 146209 334054 125054 64922 35297 209000
is_linear=0
shrinkage=0.03


Tree=177
num_leaves=31
num_cat=0
split_feature=42 21 49 4 44 29 34 30 27 21 10 10 16 20 46 28 11 47 41 8 30 33 19 41 7 28 1 16 33 17
split_gain=0.00173774 0.00162323 0.00162977 0.00163851 0.0017274 0.00161369 0.00137465 0.00178468 0.00238812 0.0021419 0.00164209 0.00184385 0.00125646 0.00122533 0.00120174 0.000990277 0.000859553 0.000785736 0.000703559 0.000683237 0.000932715 0.000583297 0.000457752 0.000370022 0.000681745 0.000196942 0.000181781 0.000181629 0.000131028 8.66394e-05
threshold=-1.1056859125163008 -0.41842771749634422 1.4590308194529957 -0.098447041083238693 0.80013979368972676 -0.44122808836361821 -0.95846339205091391 -0.62808797089830815 0.25818233664752471 0.046196688410059444 -0.94962441046082413 0.92253883253219382 -0.0094461337457972614 1.1481402432617978 1.0637449691173926 -1.0836460799465792 2.8722586592760608 -0.10173225234084964 -0.74754285816316302 1.0000000180025095e-35 0.86807442261556578 0.92508882181876795 1.2744313712083233 -0.64046855540032155 1.0000000180025095e-35 0.07826725797078439 1.5016399476912146 1.341345174113159 -0.55306768254419059 -1.172962187025288
decision_type=2 2 2 2 2 2 2 2 2 2 2 2 2 2 2 2 2 2 2 2 2 2 2 2 2 2 2 2 2 2
left_child=1 23 3 -3 5 -5 19 8 15 -10 12 13 16 -12 -13 -8 -9 -11 -17 -2 21 22 -21 25 -25 -1 27 -26 -27 -4
right_child=6 2 29 4 -6 -7 7 10 9 17 11 14 -14 -15 -16 18 -18 -19 -20 20 -22 -23 -24 24 26 28 -28 -29 -30 -31
leaf_value=0 0 0 0 0 0 -0.0004708911166547472 0 0.00020889968318091795 0 0.0004634641214772128 -5.7153263954704529e-05 0.00015631560013087869 0 0.0001253141290855282 0 0 0 0 -0.00014834135802724527 -0.00031982361300310038 0 0 0 0 0.00026685872452560935 0 0 0 -0.00017582024585954454 0.00011220888895023907
leaf_weight=9.4026583154336567 35.473155862069689 20.54509277199395 4.1852103006676771 5.9050983778433865 8.5127951610484143 39.401518832368311 20.917257625551429 122.46742291905684 23.286963301943615 16.134786042326599 217.22928316891193 114.92796764831292 35.463393041281961 32.367458663531579 54.359563250327483 9.2346613316331041 2.8724681406747541 4.7473531936993814 140.41671478300123 30.10987416369608 10.047475537983699 6.0073119450826189 1.5499379523680534 13.202690653037282 17.016167780966505 3.5955125065520415 1.1089305169880379 0.28592973778722708 11.550229180953462 6.1930337868980114
leaf_count=18751 70733 40958 8347 11774 16974 78555 41709 244231 46439 32164 433183 229171 70714 64545 108398 18413 5727 9464 279986 60040 20038 11979 3090 26327 33932 7170 2211 570 23034 12350
internal_value=0 -9.7063e-05 -0.000181396 -0.000239209 -0.000326289 -0.000400977 1.64148e-05 3.14367e-05 -3.39143e-05 0.000137153 6.08204e-05 2.08591e-05 0.000146261 -2.14717e-05 0.000100993 -9.58007e-05 0.000190963 0.000363458 -0.000128125 -9.09785e-05 -0.000165281 -0.000238518 -0.000290288 0 9.26108e-05 -5.02057e-05 0.000219211 0.000246148 -0.000125651 0
internal_weight=1018.52 140.905 84.7427 74.3645 53.8194 45.3066 877.613 794.425 214.738 44.1691 579.688 418.884 160.803 249.597 169.288 170.569 125.34 20.8821 149.651 83.1878 47.7146 37.6671 31.6598 56.1621 31.6137 24.5484 18.411 17.3021 15.1457 10.3782
internal_count=2030977 280953 168958 148261 107303 90329 1750024 1584144 428175 88067 1155969 835297 320672 497728 337569 340108 249958 41628 298399 165880 95147 75109 63130 111995 63040 48955 36713 34502 30204 20697
is_linear=0
shrinkage=0.03


Tree=178
num_leaves=31
num_cat=0
split_feature=37 36 51 44 30 37 45 49 20 27 33 33 33 38 46 8 9 29 46 49 30 9 24 8 49 2 17 21 49 47
split_gain=0.00185029 0.00162465 0.0018993 0.00124572 0.00130952 0.00122499 0.00114375 0.00107921 0.00155196 0.000990087 0.00123407 0.000882463 0.00100719 0.0011044 0.000747628 0.000740647 0.000977359 0.000600852 0.000594824 0.000756019 0.00066361 0.000549105 0.000548156 0.000531473 0.000505167 0.000475047 0.00050843 0.000446552 0.000427583 0.000408108
threshold=0.36006271018512054 -1.0000000180025095e-35 0.00074864848753912407 -0.35960041699144435 1.1658777504536602 -3.3002451730540385 -0.070520285027282387 0.82536724526269045 -0.9193081803967188 -0.058577089081365823 -0.85416704480279504 1.0874493081803143 0.47318144229540893 0.092859369821916199 0.8564011539770624 0.26639244390481293 -1.0219906174790152 0.079745469447979805 0.77408696335231308 0.65800143407935374 -1.8938078671924354 0.14324637733373335 0.13238249458553034 0.66356769673763216 1.5683968220959741 -1.6169326762714793 -2.095607939208 -0.952631615402313 0.74658126090387456 -1.071841590390652
decision_type=2 2 2 2 2 2 2 2 2 2 2 2 2 2 2 2 2 2 2 2 2 2 2 2 2 2 2 2 2 2
left_child=5 2 17 22 6 -1 -5 11 -9 10 -10 12 -7 -14 27 18 -17 23 19 20 -3 24 29 -2 -19 -18 -27 -13 -25 -4
right_child=1 15 3 4 -6 7 -8 8 9 -11 -12 14 13 -15 -16 16 25 21 -20 -21 -22 -23 -24 28 -26 26 -28 -29 -30 -31
leaf_value=-0.00013530986855241195 0 0 0 -0.00035347982277787434 0 0 0 0 0 0 0.0003364816671679922 0 0 0.00014069468525691704 0 2.2630874060044921e-05 0 -0.00029393027870809726 0 0 0.00017633154079386328 0 5.7930193837604648e-05 0 0 0 -0.00018939054629734373 -0.00026075796202480847 0.0002768912157757977 -0.00017061550710143698
leaf_weight=24.394171503023244 55.814360290241893 6.0854489737539543 3.3820850191987146 58.792218267684802 14.439923736965282 200.30870604462689 12.145469269540625 13.740520557330454 7.594283116166479 6.8329786491813129 49.102743940195069 2.2416920539690208 23.644990546978079 137.28153155877953 22.335108521918301 33.829801116487943 10.590491572569588 15.892135318717921 71.706834841519594 7.7859383774921289 72.074456854548771 11.026760503067633 20.16243540297728 12.834384958958255 6.0650041807675725 3.1576773398555806 55.376012452936266 19.675962192297447 12.779147326946257 27.240937101771124
leaf_count=48642 111298 12134 6744 117238 28798 399417 24219 27404 15146 13626 97933 4471 47158 273719 44534 67463 21120 31683 142987 15532 143711 21985 40205 25596 12092 6296 110428 39228 25484 54320
internal_value=0 -4.06714e-05 -9.59629e-05 -0.000171757 -0.000245316 4.02025e-05 -0.000298403 5.52855e-05 0.000167229 0.000236643 0.000280116 2.6555e-05 4.75587e-05 0.000103489 -7.71063e-05 9.80093e-07 -4.81654e-05 0 5.21034e-05 0.000105871 0.000145019 -0.0001134 0 3.78427e-05 -0.000204511 -0.000126214 -0.000161605 -0.000206649 0.000152405 -0.000117901
internal_weight=1018.33 511.182 250.575 136.163 85.3776 507.153 70.9377 482.759 77.2705 63.53 56.697 405.488 361.235 160.927 44.2528 260.607 102.954 114.412 157.653 85.9458 78.1599 32.9839 50.7855 81.4279 21.9571 69.1242 58.5337 21.9177 25.6135 30.623
internal_count=2030611 1019333 499662 271524 170255 1011278 141457 962636 154109 126705 113079 808527 720294 320877 88233 519671 205307 228138 314364 171377 155845 65760 101269 162378 43775 137844 116724 43699 51080 61064
is_linear=0
shrinkage=0.03


Tree=179
num_leaves=29
num_cat=0
split_feature=29 1 8 30 27 20 16 8 2 4 21 9 21 21 9 44 28 41 8 49 38 20 30 33 18 33 4 4
split_gain=0.00190587 0.00160568 0.00151299 0.00142805 0.0022205 0.00206029 0.00171594 0.00253453 0.00184834 0.00137075 0.00136325 0.00135603 0.00308763 0.00192358 0.0012048 0.000957312 0.000946413 0.000897615 0.000771819 0.000531233 0.00045054 0.000337032 0.000307813 0.000258359 0.000134877 1.63536e-05 3.92796e-05 2.47704e-05
threshold=-0.5110257681538074 1.3266971996253469 1.3586243891950658 -0.87563820530007241 0.11495934642708706 0.74954776139478974 -0.40376457661337706 -0.13078289770359855 -0.21119349333873108 0.23255484072028421 0.15593632640279845 -1.16764523911758 1.3922045649681032 0.55134214093727629 0.14324637733373335 0.80013979368972676 -1.2574379926670303 -0.70547795350633247 0.1174516353169134 1.0000000180025095e-35 -0.33978073854470481 1.5451482873994067 1.0593595483003946 -0.7726831486475142 0.10424977006279314 -0.14513617916357349 1.3611025164057782 -1.2098616954029282
decision_type=2 2 2 2 2 2 2 2 2 2 2 2 2 2 2 2 2 2 2 2 2 2 2 2 2 2 2 2
left_child=18 3 9 4 16 6 7 -5 -8 -3 24 13 -13 -7 -12 20 -2 -18 19 21 -11 22 23 -1 -6 26 27 -4
right_child=1 2 25 5 10 11 8 -9 -10 15 14 12 -14 -15 -16 -17 17 -19 -20 -21 -22 -23 -24 -25 -26 -27 -28 -29
leaf_value=0 0 0 0 0.00014779010304770889 0 0.00034223444439045457 1.1532194110982585e-05 -3.316683484246055e-05 -0.00011720854109617068 0 0 -6.3931587018364349e-06 0.0004051301276319808 0 0.00036718470692337498 0 0 -0.00019728988299302504 0 0 -0.00045945884224182754 0 0 0.00050866637032011318 -6.6294564603388279e-05 0 0 0.00010857412348828307
leaf_weight=0.35639971622732147 6.2017632726929142 4.9171828323742366 0.085771089943591394 132.64745407132432 7.4207727139000772 43.74106432357803 146.69729812891455 104.07976688689087 178.89862225152319 1.8768977202707926 5.7760472596273784 110.20584553485969 17.442926360585261 15.723554320749825 18.235636176366825 5.9508325897040768 11.285395674698519 112.85228796722367 2.5747928322525686 4.7972738835378541 25.227072410751134 0.8502034315606587 1.0065776318660944 14.224689708615186 27.620057525869925 10.643117606872691 0.76848627941217262 6.1385416719713275
leaf_count=711 12366 9806 171 264512 14796 87225 292524 207567 356720 3743 11508 219765 34773 31352 36356 11867 22502 225026 5136 9566 50301 1695 2008 28367 55076 21223 1532 12241
internal_value=0 -4.52919e-06 -0.000162205 1.61464e-06 -6.82374e-05 2.32701e-05 -2.21795e-07 5.55576e-05 -4.99905e-05 -0.000272746 4.99552e-05 0.000109902 2.63386e-05 0.000238833 0.000239237 -0.000350398 -0.000144803 -0.000169932 0.000266803 0.00033545 -0.000426056 0.000417676 0.00045103 0.000486282 0 0 4.58778e-05 8.96897e-05
internal_weight=1018.25 994.436 55.6079 938.828 189.392 749.437 562.323 236.727 325.596 37.972 59.0525 187.113 127.649 59.4646 24.0117 33.0548 130.339 124.138 23.8099 21.2351 27.104 16.4379 15.5877 14.5811 35.0408 17.6359 6.9928 6.22431
internal_count=2030435 1982952 110884 1872068 377630 1494438 1121323 472079 649244 75717 117736 373115 254538 118577 47864 65911 259894 247528 47483 42347 54044 32781 31086 29078 69872 35167 13944 12412
is_linear=0
shrinkage=0.03


Tree=180
num_leaves=28
num_cat=0
split_feature=25 34 16 11 9 10 21 9 38 4 9 3 49 17 46 30 7 29 46 32 33 5 22 1 8 39 21
split_gain=0.00183294 0.00143825 0.00157637 0.00221463 0.00233078 0.00174318 0.00273091 0.00238402 0.00178763 0.00212357 0.00172711 0.00163179 0.00127195 0.000849863 0.00075796 0.000724674 0.000662386 0.000557975 0.000184375 0.000119523 0.000105774 9.54722e-05 9.17602e-05 0.000125614 8.931e-05 8.71698e-05 8.42734e-05
threshold=2.7258575736869086 -0.95846339205091391 2.9064995363230959 1.5472742960412342 -0.43937215262898549 -0.94962441046082413 -0.018027007258712244 -0.14806293105608534 0.22801584197207977 -0.6779720308551257 0.43455551208971505 0.82011649894798933 -0.071226288729767925 0.59350085141418485 -0.5215251784879803 0.90840088609486047 -1.119630884251374 0.97434928515860808 -1.8496558984375582 1.4025328765427929 -1.8142908228289587 -1.6513831766343465 -0.055900696520801672 -1.2404429085632114 -0.08113599109949618 -1.028795702476768 -1.1260524903856319
decision_type=2 2 2 2 2 2 2 2 2 2 2 2 2 2 2 2 2 2 2 2 2 2 2 2 2 2 2
left_child=1 12 5 -4 -5 6 10 -8 11 -10 -3 -7 18 15 19 16 -14 -6 24 20 -2 -22 -20 -24 26 -23 -1
right_child=14 2 3 4 17 8 7 -9 9 -11 -12 -13 13 -15 -16 -17 -18 -19 22 -21 21 25 23 -25 -26 -27 -28
leaf_value=0 0 0.00022266080697798382 0 0 0.0011810096550823046 -8.2910353567418626e-06 -0.0002080302635845704 7.8584577844482826e-05 -7.9392099077605009e-05 0.00017952643084065181 0 -0.00014320829032964252 0 0 0 0 -0.00035834456717233516 0 0 0 0 0 0 -0.00011465797359526807 0 -0.00063744803146426369 0.00025913700466772481
leaf_weight=0.16950257000280533 0.39366289268946264 107.07818967639469 9.1410341240116377 1.537242363381665 4.4016982197645111 427.06187332468107 44.574742083146702 46.910508290748112 25.875590639538132 78.590134349477012 43.938399037753697 120.72253442328656 2.1392623300780533 12.987545615993438 4.5049003140884434 12.175838849565478 33.575694673752878 0.29152406990760926 8.1152765186852793 0.1614968959474935 0.062700038193724938 0.29441982676507805 3.5415692827082266 14.881309468648395 3.5273278870154154 6.674785142415204 4.7975175921455957
leaf_count=338 785 213531 18220 3065 8775 851625 88874 93537 51591 156683 87636 240719 4266 25899 8983 24282 66951 581 16181 322 125 587 7061 29673 7033 13310 9566
internal_value=-3.61154e-06 0 1.24438e-05 0.000317174 0.000753725 3.85576e-06 7.51521e-05 -2.82718e-05 -1.80522e-05 8.66762e-05 0.000157671 -4.35012e-05 -0.000109666 -0.000194298 -0.000370841 -0.000252905 -0.000322533 0.00109597 0 -0.000555959 -0.000574716 -0.000601937 0 -6.69529e-05 0.000139768 -0.000614749 0.000222689
internal_weight=1018.13 1006.03 910.123 15.3715 6.23046 894.752 242.502 91.4853 652.25 104.466 151.017 547.784 95.9108 60.8783 12.092 47.8908 35.715 4.69322 35.0325 7.58706 7.42557 7.03191 26.5382 18.4229 8.49435 6.9692 4.96702
internal_count=2030199 2006087 1814837 30641 12421 1784196 483578 182411 1300618 208274 301167 1092344 191250 121398 24112 95499 71217 9356 69852 15129 14807 14022 52915 36734 16937 13897 9904
is_linear=0
shrinkage=0.03


Tree=181
num_leaves=30
num_cat=0
split_feature=1 8 14 47 30 11 14 7 21 11 41 25 17 38 29 19 46 41 4 49 33 33 45 25 19 44 47 12 39
split_gain=0.00156034 0.00167623 0.00141985 0.00142445 0.0026544 0.00225726 0.00144974 0.00215713 0.00268845 0.00137818 0.00115693 0.00108516 0.00259421 0.000812193 0.000732299 0.000631361 0.000899786 0.000625795 0.000590931 0.000556871 0.000507772 0.000377386 0.000290442 0.000349209 0.000198182 0.000262767 0.000408471 4.68935e-06 8.47779e-05
threshold=1.4104621509822344 1.3586243891950658 -0.85704780279763126 1.3268914522886197 0.11161570308505696 2.5548141620279003 -0.30862959561584763 0.054182728896532993 0.80253702732771559 -0.36884954617961524 -0.80108000954458403 0.029159475199104081 -0.085568730815790431 -0.38653551534908409 -0.015978029811590785 -0.39908352347849302 0.31512391592046868 0.52715122234685663 -0.16280494334227844 1.9214095103389446 0.50751513186650821 0.98521451844186669 -0.12679601516539676 -0.93376811053455089 0.35790895842753712 -1.0000000180025095e-35 -1.3665782219190727 -0.23156709878809259 -0.74708463086941568
decision_type=2 2 2 2 2 2 2 2 2 2 2 2 2 2 2 2 2 2 2 2 2 2 2 2 2 2 2 2 2
left_child=2 13 15 6 14 10 11 8 -8 -9 -6 20 -13 -2 -5 16 22 18 -15 -20 -4 -16 -1 -24 27 26 -26 28 -17
right_child=1 -3 3 4 5 -7 7 9 -10 -11 -12 12 -14 17 21 24 -18 -19 19 -21 -22 -23 23 -25 25 -27 -28 -29 -30
leaf_value=0 0 0 -2.7806445440665599e-05 0 0 0 -1.6501377419905655e-05 0 0.00020400005369775129 -0.00015449715511022094 0.00039308520082521588 -2.8366771030727169e-05 0.00021048966122703852 0 -0.00033268906874625272 0 0 0 -0.00051471574789254966 0 6.3888654554889791e-05 0 0 -0.00039127671144424919 0 0 -0.00014529529850153502 0 7.887989510193745e-05
leaf_weight=0.6355491463909918 1.9720464670681419 11.697735868336165 115.33531562896678 8.3864273373619671 3.9164067040546788 6.4764447667985214 192.78301093913615 53.80275352060562 60.475016317970585 137.69540552888066 46.148880198074039 36.723241096420679 98.691788773692679 1.0469810460344948 9.3462996928719786 4.5256027786526856 6.378900524810887 0.99895874632056703 19.604397490271371 0.70349643391091277 90.112481689255219 1.0105743990279723 1.24980158888503 18.302099530643311 5.2499681830522595 16.08917017938802 37.661836971179582 18.478911678423174 12.941178186272735
leaf_count=1267 3933 23326 229986 16725 7810 12913 384421 107296 120557 274550 92029 73227 196827 2088 18636 9025 12720 1992 39091 1403 179688 2015 2492 36493 10469 32086 75101 36850 25808
internal_value=0 -0.00019416 6.86372e-06 2.31975e-05 0.000150479 0.000267898 7.18159e-06 -2.39232e-05 2.43061e-05 -0.000103373 0.000348757 5.65682e-05 0.00012356 -0.000343282 -4.36737e-05 -8.41704e-05 -0.000230911 -0.000401172 -0.000441409 -0.000480703 0 -0.000259013 -0.000332088 -0.000356702 -1.15153e-05 -5.68899e-05 -9.98048e-05 0 1.55443e-05
internal_weight=1018.44 36.0236 982.417 860.904 75.285 56.5417 785.619 444.756 253.258 191.498 50.0653 340.863 135.415 24.3259 18.7433 121.513 26.5664 22.3538 21.3549 20.3079 205.448 10.3569 20.1875 19.5519 94.9467 59.001 42.9118 35.9457 17.4668
internal_count=2030824 71833 1958991 1716680 150128 112752 1566552 886824 504978 381846 99839 679728 270054 48507 37376 242311 52972 44574 42582 40494 409674 20651 40252 38985 189339 117656 85570 71683 34833
is_linear=0
shrinkage=0.03


Tree=182
num_leaves=31
num_cat=0
split_feature=1 9 21 30 27 21 34 20 8 31 36 4 21 28 38 47 33 49 11 47 51 20 27 21 20 49 3 38 28 21
split_gain=0.00163627 0.00246994 0.00193643 0.00168402 0.00213166 0.00237574 0.001787 0.00118892 0.0011885 0.00110716 0.00108535 0.00112764 0.00157765 0.000983062 0.000916784 0.000828032 0.000817977 0.000773277 0.00112291 0.000669264 0.000638396 0.000636898 0.000569455 0.000491515 0.000466877 0.000907945 0.00102257 0.000697563 0.000446443 0.000509612
threshold=0.95381728481421379 -1.0219906174790152 -0.72628112231062325 -0.62808797089830815 0.21692253012893489 0.065269699480319771 -0.60137487778461829 -0.092953703680106761 -1.1733679863260191 -1.4760290160079981 -0.72810023370523524 -0.51047724174772335 1.2378104345841594 -1.216838227246835 0.12399475779284956 2.6343620080381913 0.47318144229540893 1.2690317334869305 0.019411163354980981 -0.056348053631383579 0.0032061729255404539 1.1831922677177551 -0.086004741475913818 -0.76783760738040874 1.1135780064107974 -0.22294997272527212 0.96545156899703821 -0.18511275793477588 2.2213741563593365 1.4344038696640979
decision_type=2 2 2 2 2 2 2 2 2 2 2 2 2 2 2 2 2 2 2 2 2 2 2 2 2 2 2 2 2 2
left_child=3 17 -3 4 13 -6 24 -7 -4 -10 -8 -12 -13 -1 -9 -11 20 18 22 -19 -15 23 -2 -20 25 27 -27 -5 29 -21
right_child=1 2 8 6 5 7 10 14 9 15 11 12 -14 16 -16 -17 -18 19 21 28 -22 -23 -24 -25 -26 26 -28 -29 -30 -31
leaf_value=3.240125628613722e-05 0.0001625619609574927 0 0 0.00021048409586500052 0 0 0 0 0 -0.00037184623587562248 0 0.00019261333966667614 0 -0.00021301425710256832 0.00051055651712151782 0 -2.022585024323721e-06 0 0 0.00039366189634034674 0 0 0 -0.00032583557066415749 7.7236162166772636e-05 -0.0001414074820966628 0 0 0 0
leaf_weight=12.453448164102154 22.77890353940893 25.225354315829463 13.389250548207199 14.76455512474058 30.249339221045375 4.3679599314928081 112.9430650366703 3.890996425237975 5.7076921684201798 57.419228749407921 65.257210596057121 173.41168942506192 14.108632955409119 86.740693584026303 17.606754027714487 2.1374293892295091 78.245511615066789 3.3487794692046036 2.3123558841180119 13.993739051569719 17.893342745373957 3.7062231794698155 17.085770331788808 18.242084362893365 29.732277471688576 98.264490290894173 20.316134840308223 50.111765725130681 1.716493691317736 0.86157850705785755
leaf_count=24832 45423 50307 26698 29445 60322 8709 225219 7756 11382 114500 130144 345801 28127 172961 35096 4262 156015 6678 4610 27904 35678 7388 34068 36370 59291 195957 40509 99917 3423 1718
internal_value=0 -7.89767e-05 -0.000180522 1.90234e-05 -3.94586e-05 9.956e-05 4.96071e-05 0.000322751 -0.000255338 -0.00030816 9.09016e-05 0.000125775 0.000163514 -9.47542e-05 0.000418458 -0.000347555 -0.000119817 1.08361e-05 0 0.000188233 -0.000179233 -0.000194858 4.73705e-05 -0.000269636 -7.16064e-06 -3.71912e-05 -9.38568e-05 2.01402e-05 0.00028096 0.000339275
internal_weight=1018.28 187.925 103.879 830.358 251.448 56.115 578.91 25.8657 78.6536 65.2644 365.721 252.778 187.52 195.333 21.4978 59.5567 182.88 84.0459 64.1253 19.9206 104.634 24.2607 39.8647 20.5544 213.189 183.457 118.581 64.8763 16.5718 14.8553
internal_count=2030510 374731 207149 1655779 501369 111883 1154410 51561 156842 130144 729291 504072 373928 389486 42852 118762 364654 167582 127859 39723 208639 48368 79491 40980 425119 365828 236466 129362 33045 29622
is_linear=0
shrinkage=0.03


Tree=183
num_leaves=31
num_cat=0
split_feature=39 41 29 38 4 44 7 21 30 10 21 9 21 26 25 21 4 7 49 30 47 8 30 18 8 21 33 33 46 45
split_gain=0.00167367 0.00256766 0.00181398 0.00132599 0.00197787 0.00271418 0.00140374 0.00167238 0.00116423 0.000963463 0.00114064 0.00147419 0.000938696 0.000899292 0.000794413 0.00177742 0.000766065 0.000764809 0.000999517 0.000679904 0.000630843 0.000604247 0.000577658 0.00121792 0.000839248 0.000569443 0.000708395 0.000561103 0.000853094 0.000582502
threshold=-0.78774080812713765 -0.47985710125605918 -0.25101430054779267 0.19952093069051938 -0.5757191453475432 -0.14873856050395873 -1.0218130776897196 -0.20092468076724798 1.2393233601958682 -0.94962441046082413 -0.78907343749746006 0.43455551208971505 0.82520479179506823 -0.3094115842046381 -0.4626283275505399 -0.4116455993480303 -1.0607688879283976 -0.7283596798687384 1.5293318738049189 0.23544475229086495 -0.30539142108119699 0.26639244390481293 0.15754907873890359 -1.8846819840301274 0.1174516353169134 0.567755328413168 -0.14513617916357349 0.86283066318150226 0.83159770982069248 -0.11313515718676459
decision_type=2 2 2 2 2 2 2 2 2 2 2 2 2 2 2 2 2 2 2 2 2 2 2 2 2 2 2 2 2 2
left_child=1 2 27 9 12 6 7 -6 17 10 11 -2 20 -7 15 16 -11 -4 -19 -3 -5 -14 24 -24 -12 26 -21 -1 29 -29
right_child=3 19 8 4 5 13 -8 -9 -10 14 22 -13 21 -15 -16 -17 -18 18 -20 25 -22 -23 23 -25 -26 -27 -28 28 -30 -31
leaf_value=1.2479066549282673e-05 0.00036071103087513469 -9.7456790502445187e-06 0 -0.0002094378501022427 0 0 0 0.00046111152745334169 0 0 0 0 0.00027121868155778893 0.00053934994224997255 0 0 -0.00030944848901063253 -0.00042934579894497379 0 0 0 0 0.00032967257924869804 0 -0.0001909033120016939 0 0.00025400148958272788 0 0 -0.00037048265625900254
leaf_weight=47.373377750162035 22.783662082336377 54.471985714859329 12.45228644745657 28.574488390935581 7.6243323522503514 1.7445700737298491 98.259965723380446 15.600406044279223 7.6753272579517207 6.3012848548823959 37.069999412749894 10.299226072849704 9.7464513850281929 20.959026628697757 297.8432176860515 55.269595305027906 34.045332916721236 41.191040349891409 12.315847835096063 18.919122883817181 15.948151321383195 5.3002184171928084 13.80144162365468 55.538869730313309 23.909025153843686 8.2649160407017899 28.137933921883814 3.7199357785866622 9.7904357503866759 13.038845395087266
leaf_count=94473 45439 108615 24827 56972 15203 3478 195900 31107 15305 12568 73917 20543 19431 41784 593973 110194 67900 82124 24559 37725 31797 10567 27521 110759 47674 16478 56108 7418 19523 26002
internal_value=0 -6.45559e-05 -0.000150108 2.38814e-05 8.93638e-05 0.000153408 6.7194e-05 0.000279312 -0.000259469 0 6.11541e-05 0.00022249 -1.52947e-05 0.000482593 -2.55086e-05 -0.000100772 -0.000252417 -0.000301735 -0.000353689 2.30976e-05 -0.000124096 0.000107265 0 7.63184e-05 -4.3619e-05 0.000109664 0.000158207 -5.90541e-07 -0.000136909 -0.000274788
internal_weight=1017.97 257.351 147.557 760.619 203.758 144.188 121.485 23.2247 73.6345 556.862 163.402 33.0829 59.5693 22.7036 393.459 95.6162 40.3466 65.9592 53.5069 109.794 44.5226 15.0467 130.319 69.3403 60.979 55.322 47.0571 73.9226 26.5492 16.7588
internal_count=2029884 513157 294231 1516727 406239 287472 242210 46310 146815 1110488 325853 65982 118767 45262 784635 190662 80468 131510 106683 218926 88769 29998 259871 138280 121591 110311 93833 147416 52943 33420
is_linear=0
shrinkage=0.03


Tree=184
num_leaves=30
num_cat=0
split_feature=14 16 18 37 38 7 20 11 8 21 20 17 25 47 21 28 49 48 13 35 24 33 27 16 49 29 47 47 22
split_gain=0.00169114 0.00157058 0.0014632 0.00164416 0.00148773 0.00222485 0.00126118 0.00151563 0.00104794 0.00107823 0.00125137 0.00091379 0.00132712 0.00092795 0.000754294 0.000598504 0.000587857 0.000459555 0.000582255 0.000469617 0.000384231 0.000330735 0.000207193 0.000205184 0.00017485 0.000136107 0.000135917 5.30658e-05 4.45495e-05
threshold=-0.85704780279763126 -0.89476669633092376 1.010965023747356 0.36006271018512054 0.1942126860374932 0.44545395514315123 0.73712213651685865 -0.43417551262963966 0.21674549291291434 -0.1758735837941047 0.66080106260214289 -1.3621580549629735 0.97533036884985336 -0.065409816458536399 -0.59868975299585048 -0.93791887687338826 0.92854101883831464 0.0683703030268034 -0.10754208916817319 -1.5079285783531946 -1.1660772969535087 -1.3997494866969571 -0.17470499405101744 -0.019039688738405319 0.7020746983620717 -0.5110257681538074 -0.43950961488885282 -1.329404683586427 -0.37168701935815313
decision_type=2 2 2 2 2 2 2 2 2 2 2 2 2 2 2 2 2 2 2 2 2 2 2 2 2 2 2 2 2
left_child=15 8 3 11 -4 14 7 -5 9 10 16 12 -3 -13 -6 -1 -2 18 23 -20 -21 -8 26 -17 27 -25 -10 -24 -28
right_child=1 2 4 6 5 -7 21 -9 22 -11 -12 13 -14 -15 -16 17 -18 -19 19 20 -22 -23 24 25 -26 -27 28 -29 -30
leaf_value=0 0.00045260913294105956 0.00035075952370339821 0 0 0 0 0.00011097624645947279 -0.0001559243498159324 0 0 0 -2.9769441405685107e-05 0 7.014420466703134e-05 0.00046264440803167064 0 0 0 0 0 -0.00037209922808093714 0 0 0 0 -0.00012136343924731927 0 -0.00017505972033534826 0.00013652008558078272
leaf_weight=17.167381465318613 24.773798948444895 18.553200345369987 23.358132410270628 114.23848469741642 2.0117879464523893 11.907921305100897 24.169632049684878 158.26821937656496 0.6132022315287039 16.664330664731096 8.2883145086816494 192.6522714071325 15.417841960210351 135.3995185700478 24.296649241936393 21.889031514467206 0.93679240945493703 32.562634767382406 1.6516819575917931 2.6915863003232579 26.384399886941534 95.237459348747507 0.17951734870439295 0.59237833821680652 1.6579405629308883 22.392242439789698 0.3946261337841851 10.906684113782829 11.791837625321932
leaf_count=34236 49405 36987 46583 227820 4011 23740 48195 315587 1223 33226 16530 384147 30744 270001 48439 43653 1869 64934 3293 5367 52610 189903 358 1181 3306 44651 787 21747 23518
internal_value=-1.28065e-06 1.01936e-05 0 -1.3461e-05 0.000138449 0.000256749 -5.8664e-05 -9.54709e-05 0.000140586 0.000219876 0.000317149 2.71875e-05 0.000178981 2.32384e-06 0.00041457 -0.000106855 0.000420491 -0.000134945 -0.000177551 -0.000306396 -0.000337265 2.11052e-07 0 -2.24693e-05 -0.000100657 -9.49735e-05 6.69389e-05 -0.000160753 0.000121425
internal_weight=1017.05 891.718 815.511 753.937 61.5745 38.2164 391.914 272.507 76.207 50.6632 33.9989 362.023 33.971 328.052 26.3084 125.331 25.7106 108.164 75.6013 30.7277 29.076 119.407 25.5438 44.8737 12.7441 22.9846 12.7997 11.0862 12.1865
internal_count=2028051 1778126 1626157 1503384 122773 76190 781505 543407 151969 101030 67804 721879 67731 654148 52450 249925 51274 215689 150755 61270 57977 238098 50939 89485 25411 45832 25528 22105 24305
is_linear=0
shrinkage=0.03


Tree=185
num_leaves=31
num_cat=0
split_feature=42 21 9 49 4 34 30 27 21 16 10 11 21 8 9 38 28 29 8 17 29 47 33 48 24 4 41 7 49 47
split_gain=0.00158852 0.00131762 0.0021028 0.00233161 0.00132618 0.00130714 0.0014637 0.00144412 0.00160856 0.00135226 0.00169932 0.00149618 0.00134127 0.00127408 0.00127164 0.00110938 0.000910915 0.000854149 0.000809209 0.000681332 0.000668181 0.000623665 0.000482541 0.000314832 0.000264304 0.000291244 0.000262271 0.000745132 0.000411464 0.000297695
threshold=-0.99310895683393052 -0.46653155437614507 0.43455551208971505 1.2690317334869305 0.1271547401354699 -0.95846339205091391 -0.98003612004367435 0.059330675348986207 0.05552191162563249 2.3979719878737176 -0.94962441046082413 -0.27823891515093119 -0.027069683758233039 1.0000000180025095e-35 -0.7306813742018855 0.19952093069051938 -1.122916636186593 -0.46839300687481905 -0.77619270575082766 0.31087675870293879 -0.50025015184359145 2.1399205004845636 1.075328945642839 0.070475510523957965 0.019976607276514766 0.53093898800637795 -0.63536977907828129 -0.14145286236279367 1.1668073462239856 -0.19137388219169557
decision_type=2 2 2 2 2 2 2 2 2 2 2 2 2 2 2 2 2 2 2 2 2 2 2 2 2 2 2 2 2 2
left_child=1 26 3 4 -3 13 7 16 -9 10 12 -11 -8 24 -13 -12 -7 -6 -10 21 -18 22 -15 -4 25 -2 -1 -28 29 -29
right_child=5 2 23 -5 17 6 9 8 18 11 15 14 -14 19 -16 -17 20 -19 -20 -21 -22 -23 -24 -25 -26 -27 27 28 -30 -31
leaf_value=-3.4027764342834655e-05 0.00019385546916224301 0 0 0 0 0 0.00019335986607916841 -2.6257874077335921e-05 0 0 -2.0226482311841391e-05 0 0 -0.00039648578899877975 0.0006239222343424304 8.4481087578411394e-05 0 -0.00044090989751926617 0.00035521363308883039 0 -0.0001950129578825468 0 0 0.00013941691791188524 -3.0007821056476032e-06 0 0 0 0 0.00029233563591793795
leaf_weight=29.84614373720251 13.300672859535554 24.078626472561155 21.088551997381728 16.389213754097 3.1626676038140422 8.6489886945346353 100.7887107123388 32.659267576469574 7.4190041100955595 1.1342828762717569 299.85433937370544 4.4111054319655567 58.854767736163922 21.523258374829318 11.67412152769975 123.31358765455661 4.6273266258067443 42.768006553174928 17.812863223429304 17.655089616368059 75.588854987174273 3.461390064272563 2.0335062072845167 14.577759749838149 17.156247308186721 2.8307597441016688 16.755034973146394 3.4877849761396709 3.9166428261087267 17.673123569577001
leaf_count=59521 26522 48003 42050 32683 6306 17246 201004 65126 14788 2261 597991 8795 117354 42918 23270 245858 9226 85267 35510 35207 150724 6902 4055 29065 34210 5644 33411 6955 7811 35241
internal_value=0 -7.78779e-05 -0.000139073 -0.000221879 -0.000301212 1.75706e-05 3.27919e-05 -4.10956e-05 4.03154e-05 5.58631e-05 4.21632e-05 0.000345329 0.000126661 -8.97531e-05 0.000459755 3.19653e-06 -0.00012789 -0.000405313 0.000245383 -0.000199314 -0.000168343 -0.000297289 -0.000353829 0 0 0.000121394 0 6.94008e-05 0.000186484 0.000242308
internal_weight=1018.49 193.744 122.065 86.3985 70.0093 824.748 746.787 146.756 57.8911 600.031 582.811 17.2195 159.643 77.9609 16.0852 423.168 88.8652 45.9307 25.2319 44.6732 80.2162 27.0182 23.5568 35.6663 33.2877 16.1314 71.6787 41.8326 25.0776 21.1609
internal_count=2030924 386313 243374 172259 139576 1644611 1489153 292620 115424 1196533 1162207 34326 318358 155458 32065 843849 177196 91573 50298 89082 159950 53875 46973 71115 66376 32166 142939 83418 50007 42196
is_linear=0
shrinkage=0.03


Tree=186
num_leaves=31
num_cat=0
split_feature=14 37 10 16 7 51 7 21 1 27 47 21 24 8 21 46 30 21 20 28 48 8 4 39 25 28 33 13 35 51
split_gain=0.00196186 0.00120488 0.00120798 0.001905 0.00173365 0.00136047 0.000954539 0.000938088 0.00092742 0.0011045 0.00127006 0.00109891 0.00080178 0.000935863 0.00110606 0.00075227 0.000807231 0.000707501 0.000642125 0.000621445 0.000554324 0.000548322 0.000472311 0.000453245 0.000411134 0.000339309 0.000289545 0.000286208 0.000363704 0.000333689
threshold=-0.85704780279763126 0.36006271018512054 0.92253883253219382 -0.4165642134893725 0.054182728896532993 -0.00055338874783601591 1.1301785245507949 -0.73349071606423477 -0.31663729443596217 -0.11847453371206021 -0.092603159146326705 1.0496623843572623 -0.11282243626351952 -0.92513342556313483 -0.40377601604884672 1.0531872221544558 -1.2326866746960239 1.4344038696640979 -0.60707682755965664 -0.77928392177974237 0.070475510523957965 0.067804728712811013 -0.16280494334227844 1.8449774513671604 0.38850306978045518 -0.79505653289526357 0.97952675229707586 -0.28686520139567712 -2.7391396184481613 0.00080612658823293567
decision_type=2 2 2 2 2 2 2 2 2 2 2 2 2 2 2 2 2 2 2 2 2 2 2 2 2 2 2 2 2 2
left_child=19 8 3 6 18 -6 21 24 12 10 -10 -12 13 -2 -15 16 -9 23 -5 -1 27 -3 -8 -14 26 -11 -4 -21 -29 -30
right_child=1 2 7 4 5 -7 22 15 9 25 11 -13 17 14 -16 -17 -18 -19 -20 20 -22 -23 -24 -25 -26 -27 -28 28 29 -31
leaf_value=0 -3.2802990693436204e-05 2.6040221995424316e-06 -0.00020912478357387759 -0.00013868910692518382 0 -0.00027604011579171402 0 0 0 0.00011287107603834097 0.00020823702792674501 0 -0.00016389950697280993 0 0.00023321156440498947 0 0.00017833905761265354 0 4.3375109558262247e-05 -2.7177912295703582e-05 0 -0.00010877719794687683 0.00023754386845696547 0 0 -3.933379586592966e-06 0 0 0 -0.00040483210664381638
leaf_weight=26.425904995878227 19.308682320115622 70.581751219870057 17.650638341554448 25.361972956452519 18.091427755542099 72.383479894138873 7.2998708414379534 11.692317476321476 24.242245749104768 23.83831738732988 114.79262763052247 9.0700434804311936 57.465694038954098 20.49249165749643 37.499802270438522 42.990868990949821 73.543129502737429 8.5725869146408495 47.881225486227777 37.298081257729791 29.350891533016693 43.423262533557136 22.415051270101685 6.5442796363495281 5.0543787759961551 108.62988872663118 4.1411881093517868 0.67561982636107032 9.6240972069790605 21.910835771239363
leaf_count=52700 38496 140748 35201 50574 36076 144335 14558 23314 48342 47534 228910 18085 114588 40866 74759 85723 146638 17092 95474 74377 58529 86598 44699 13049 10080 216617 8259 1347 19192 43689
internal_value=-2.20814e-06 1.03454e-05 -1.87759e-05 -5.75356e-05 -0.00012915 -0.00021778 3.17008e-06 3.87211e-05 4.86046e-05 8.12362e-05 0.000138613 0.000179451 0 5.36588e-05 0.000134177 8.54137e-05 0.000137544 -8.29179e-05 0 -0.000115629 -0.000150338 -1.35052e-05 0.000168106 -0.000133206 -7.25506e-05 0 -0.00015318 -0.000198299 -0.000303311 -0.00032303
internal_weight=1018.25 892.967 462.511 307.438 163.718 90.4749 143.72 155.073 430.457 280.573 148.105 123.863 149.884 77.301 57.9923 128.226 85.2354 72.5826 73.2432 125.285 98.8595 114.005 29.7149 64.01 26.8462 132.468 21.7918 69.5086 32.2106 31.5349
internal_count=2030449 1780615 922277 613062 326459 180411 286603 309215 858338 559488 295337 246995 298850 154121 115625 255675 169952 144729 146048 249834 197134 227346 59257 127637 53540 264151 43460 138605 64228 62881
is_linear=0
shrinkage=0.03


Tree=187
num_leaves=30
num_cat=0
split_feature=1 34 21 34 41 46 47 44 34 38 33 4 30 8 21 34 22 41 8 44 9 37 49 38 38 26 27 16 33
split_gain=0.00152565 0.00121037 0.0019577 0.00145421 0.00181625 0.00197792 0.00235871 0.00120227 0.00107529 0.0010625 0.00103386 0.00097501 0.000740583 0.00125902 0.00128322 0.00109183 0.000742447 0.000732697 0.000659828 0.000634328 0.000602048 0.000492804 0.000486986 0.000480424 0.000298621 0.000286416 0.000212418 0.00016485 6.94178e-06
threshold=1.3266971996253469 2.0280878055124245 -0.8321739229503774 -0.58805095541173547 0.25819077135924245 -0.84668576594371747 0.93687471305047998 1.0000000180025095e-35 0.063970141300560016 -0.33978073854470481 0.86984779465928574 0.26337440330845979 0.87794216830243399 0.21674549291291434 1.0775082272588639 -0.8797409612459387 -0.064277842629596904 0.87131862408456195 1.4579182024032706 1.8544490761271553 0.14324637733373335 0.78310778193063835 1.8037310955638757 -0.10789564438975674 0.19005706790610424 0.014524526740609525 -0.32021154870062923 0.21337223628455199 -1.6151267222177099
decision_type=2 2 2 2 2 2 2 2 2 2 2 2 2 2 2 2 2 2 2 2 2 2 2 2 2 2 2 2 2
left_child=1 3 24 12 5 8 -7 17 -5 -2 23 -11 13 14 -1 -15 20 21 19 22 -14 -4 -13 -6 26 -12 -3 -28 -18
right_child=9 2 7 4 10 6 -8 -9 -10 11 25 18 16 15 -16 -17 28 -19 -20 -21 -22 -23 -24 -25 -26 -27 27 -29 -30
leaf_value=-1.7897589263825822e-05 0 0 -0.00036105083861158238 1.7471260328263614e-05 0 8.1761336150302925e-05 0.00038948390799140189 0 -0.00018320031003308236 0 0.00014436439305863459 -0.00040791155391947317 0.00023542335035832288 -0.00020403078561389987 0.00023940017784892934 0 0 0 0 0 0 0 0 -0.00011995759806163505 0 0 0.00032182137716995046 0 -1.6334277403121764e-05
leaf_weight=134.4447510187747 6.7593390778638414 0.50543525378452603 35.086848345119506 42.351522267854307 7.9288172720698631 306.6820863696048 32.972010306839366 10.670414828695355 29.629021739994641 6.3972734493436283 21.031356923282146 28.215775743767157 25.287876041606069 65.204673956148326 19.399473234487232 72.690634621598292 8.9048481574864109 2.7169981996994457 9.8052600649534707 2.8870060702902256 8.6744399608578515 0.79181884351419185 1.7576060153660353 88.020688132266514 2.7033844679826871 16.273705171595793 7.0742492191493493 0.26070565672125656 23.416031481814571
leaf_count=268082 13481 1008 69962 84452 15814 611535 65751 21277 59080 12757 41937 56260 50427 130020 38676 144952 17758 5418 19551 5757 17302 1579 3505 175518 5391 32449 14110 520 46699
internal_value=0 1.09291e-05 -0.000112077 2.23998e-05 5.48317e-05 8.80118e-05 0.000120466 -0.000220201 -2.34523e-05 -0.000150125 -2.51509e-05 -0.000212444 -1.85804e-05 -4.52976e-05 0 -0.000112064 5.37525e-05 -0.000299883 -0.000269197 -0.000334906 0.000159103 -0.000339292 -0.000376845 -9.32436e-05 0.000108609 6.95673e-05 0.000223924 0.000282242 0
internal_weight=1018.54 962.722 59.8099 902.912 544.889 411.635 339.654 49.2661 71.9805 55.8223 133.255 49.0629 358.023 291.74 153.844 137.895 66.2832 38.5957 42.6656 32.8604 33.9623 35.8787 29.9734 95.9495 10.5438 37.3051 7.84039 7.33495 32.3209
internal_count=2031028 1919717 119265 1800452 1086536 820818 677286 98236 143532 111311 265718 97830 713916 581730 306758 274972 132186 76959 85073 65522 67729 71541 59765 191332 21029 74386 15638 14630 64457
is_linear=0
shrinkage=0.03


Tree=188
num_leaves=31
num_cat=0
split_feature=29 39 17 38 4 44 7 47 19 17 25 11 16 47 7 30 48 21 47 49 8 26 16 27 8 20 28 24 33 20
split_gain=0.00160757 0.00147275 0.00136136 0.00129054 0.00216493 0.00221616 0.00184129 0.00168357 0.00222069 0.00160295 0.00322554 0.00170828 0.0014165 0.00128527 0.00157371 0.00131556 0.00121767 0.000998856 0.000977719 0.000793082 0.00080632 0.000690053 0.000677795 0.000779242 0.000469031 0.000458647 0.000477561 0.000421163 0.000350318 0.000356282
threshold=-0.5110257681538074 -0.83861217784061182 -0.15510458980563605 0.19952093069051938 -0.5757191453475432 -0.14873856050395873 -1.0218130776897196 0.91518908455795256 -0.43022382933406028 -1.5527133683645598 0.45901833885747123 -0.8520617146631283 -0.18518806155080567 2.0554700041477676 -0.53272404488144698 1.1794605844947341 0.058398027576689486 0.82520479179506823 -0.30539142108119699 0.027412443778501442 0.067804728712811013 -0.31822452500572268 0.66932473307131313 -0.1241751718416589 0.26639244390481293 0.6478495864630055 0.98850159263421189 -0.34906865167014156 -0.79211002736510372 1.5287731270621612
decision_type=2 2 2 2 2 2 2 2 2 2 2 2 2 2 2 2 2 2 2 2 2 2 2 2 2 2 2 2 2 2
left_child=19 2 13 7 17 6 -6 9 12 10 -3 -11 -9 14 -2 -16 -10 18 -5 20 28 -7 23 27 -19 26 -24 -4 -1 -30
right_child=1 3 22 4 5 21 -8 8 16 11 -12 -13 -14 -15 15 -17 -18 24 -20 -21 -22 -23 25 -25 -26 -27 -28 -29 29 -31
leaf_value=0 0 0.0006021441643648995 0 -0.00025736993085659457 0.00030187053053029562 0 0 7.4621178403824363e-05 0.0003846561554056458 4.4610867921524433e-05 0 -8.4907311093265655e-05 -0.00026466192172890535 0 -0.00036539370428613868 0 0 0.00022141146554985452 0 0 0 0.00047922289507690367 -0.0003057042775069423 -3.6448154386131046e-06 0 0 0 0.00019198120367264795 0.00047834181449321514 0
leaf_weight=0.38392321503489313 20.211932398320641 10.129971830523575 7.5766814719536333 27.922940120799463 23.344102011062205 1.7902272251667479 102.6777829589555 42.219708212767728 26.931551505636889 87.537060226604808 9.3448079525842314 379.21746940648882 14.843875914812086 13.751097896194549 47.377477458911017 8.1238018837175314 5.7502568723866707 9.6323380849207734 16.263221767032523 5.0723596714087753 2.3162681875401168 22.234832141315565 15.029797975439584 57.030435609689448 5.4747552848421028 6.2337465453892937 4.0840071336133397 30.594070556049701 15.121169115358498 0.89790212281514037
leaf_count=766 40297 20194 15111 55672 46548 3569 204707 84190 53713 174584 18637 756217 29598 27421 94471 16200 11468 19204 32425 10115 4620 44327 29966 113717 10915 12429 8143 61008 30155 1790
internal_value=0 -7.91313e-06 -7.99732e-05 7.53743e-06 7.35727e-05 0.000140473 6.10753e-05 -1.12548e-05 9.95993e-05 -3.78855e-05 0.000198831 -5.41896e-05 0 -0.000169437 -0.000221812 -0.000304364 0.000297312 -4.51286e-05 -0.000148137 0.000241231 0.0003348 0.000432079 0 2.24523e-05 5.75751e-05 -0.000148905 -0.000225832 0.000140038 0.000414922 0.000442683
internal_weight=1019.12 995.328 210.013 785.315 209.34 150.047 126.022 575.975 89.7454 486.229 19.4748 466.755 57.0636 89.4643 75.7132 55.5013 32.6818 59.2933 44.1862 23.7916 18.7193 24.0251 120.549 95.2012 15.1071 25.3476 19.1138 38.1708 16.403 16.0191
internal_count=2032177 1984731 418763 1565968 417367 299151 251255 1148601 178969 969632 38831 930801 113788 178389 150968 110671 65181 118216 88097 47446 37331 47896 240374 189836 30119 50538 38109 76119 32711 31945
is_linear=0
shrinkage=0.03


Tree=189
num_leaves=31
num_cat=0
split_feature=46 33 49 44 33 8 17 29 38 8 0 27 16 21 20 29 30 21 27 33 33 32 49 8 51 33 30 11 46 48
split_gain=0.00131868 0.00441531 0.00203152 0.0042833 0.00391731 0.00259602 0.00218433 0.00194578 0.0014506 0.00144104 0.00317695 0.00500515 0.00224423 0.00283373 0.00225154 0.00202414 0.00156395 0.00137475 0.00131809 0.0012722 0.00120653 0.00108517 0.000953526 0.00319823 0.000835677 0.000831976 0.000742291 0.000741796 0.000634816 0.000604666
threshold=-1.46927353317328 -0.53405972212999797 0.96823890484665076 -0.35960041699144435 -0.73223676273915284 1.0000000180025095e-35 -2.4275634617601831 0.92391192921651177 0.097632939185800946 0.1174516353169134 -1.1296874843525921 -0.17470499405101744 -0.78108103268926998 -0.12830936240154742 0.67315682056768222 -0.49830639389782988 0.99816317106565722 -0.53312672976766318 0.02803741897753384 1.0902520172591814 -0.12765745371140796 0.20639502252954559 0.39976655403038147 1.4082713401869642 0.00030338109901339728 -0.85416704480279504 0.53257147172248476 -0.92716303084872742 0.90325839521643836 0.14282060084806381
decision_type=2 2 2 2 2 2 2 2 2 2 2 2 2 2 2 2 2 2 2 2 2 2 2 2 2 2 2 2 2 2
left_child=1 22 9 4 -4 6 -5 18 17 12 20 28 13 14 -2 21 -13 -7 -6 -17 -11 -14 -1 25 -3 -24 -25 -8 -12 -26
right_child=2 24 3 5 7 8 27 -9 -10 10 11 16 15 -15 -16 19 -18 -19 -20 -21 -22 -23 23 26 29 -27 -28 -29 -30 -31
leaf_value=6.8042999181861487e-05 0.00037987743263381601 0 0 0 0.00065198014356378253 0 0 0 0 0 0 -0.00026335662937112267 0.00041005983425231881 0 0 0 0 0.0003780533041349833 0 -0.00018367636483320647 0.00023744864178259982 0 -0.00046072790421930509 0 -0.00064182568187124041 0 0.00022856484654030124 -0.0005978474814345052 0.00022166086792257557 0
leaf_weight=56.471180022053886 47.602693717635702 3.0774812106392373 7.6929601449519387 1.685071425337809 28.819297066249423 8.5936645237961802 0.81650017021456633 3.9985135032329699 35.901405192969833 21.203921758511569 64.186915369820781 127.73191561142448 15.045739632041661 30.507326164457481 15.660824966616927 326.62780997087248 19.473815110803116 20.621363529120572 2.2134516153600989 41.896072075353004 33.11482211278053 15.426239905587861 19.835939355136365 9.8064060288015771 15.403367155871821 2.151082250638864 13.042997460404875 12.773269743367562 14.942435364297124 1.7235657878918562
leaf_count=112599 94928 6137 15341 3366 57479 17141 1628 7972 71589 42284 128001 254706 30003 60822 31232 651256 38839 41130 4414 83534 66033 30762 39558 19554 30715 4290 26010 25484 29800 3437
internal_value=0 -9.40656e-05 1.11586e-05 0.000125284 0.000368048 0 -0.000355637 0.000515604 7.88147e-05 -3.12938e-06 -6.06292e-05 -0.000117215 2.35314e-05 0.000156364 0.000276682 -1.67597e-07 -0.000224988 0.000241935 0.000597103 -2.69905e-05 0.000119924 0.000225774 0 -0.000115364 -0.000499894 -0.000396797 2.41525e-05 -0.000535556 4.53641e-05 -0.000581988
internal_weight=1018.05 121.512 896.536 123.115 42.7242 80.3913 15.2748 35.0313 65.1164 773.421 280.654 226.335 492.767 93.7708 63.2635 398.996 147.206 29.215 31.0327 368.524 54.3187 30.472 101.308 44.8364 20.2044 21.987 22.8494 13.5898 79.1294 17.1269
internal_count=2030044 242300 1787744 245544 85206 160338 30478 69865 129860 1542200 559663 451346 982537 186982 126160 795555 293545 58271 61893 734790 108317 60765 202011 89412 40289 43848 45564 27112 157801 34152
is_linear=0
shrinkage=0.03


Tree=190
num_leaves=31
num_cat=0
split_feature=45 45 43 3 47 33 30 28 46 20 33 44 11 47 49 29 29 49 30 16 34 3 22 47 22 0 29 16 24 20
split_gain=0.00142708 0.00528795 0.00283816 0.0033008 0.00181062 0.00190405 0.00166658 0.00168342 0.00151657 0.00115245 0.00141476 0.00113635 0.00134402 0.00130917 0.0011695 0.00129132 0.00123943 0.00106003 0.000839868 0.00101336 0.000806284 0.000794374 0.000707804 0.000705612 0.000630391 0.000621611 0.000604573 0.000538723 0.00103838 0.000674168
threshold=-0.09091721974710458 -0.090917831414596154 1.0000000180025095e-35 0.094626385561919837 -0.78581944061693265 -0.57153046341734826 -0.2033572693056703 0.42559562266993606 -1.4276365549619265 1.355555687260694 0.86984779465928574 -0.35960041699144435 -0.89666113147635662 0.069338868535957457 0.9472760484625562 -0.43051937017169856 0.97434928515860808 -0.19647316060030368 0.83816705192267871 0.89844662797519947 -0.82255844900504405 -1.0536961951126222 0.30608023912820354 1.9769981774797363 0.30608023912820354 0.60528598428992086 -0.46527135351881549 -0.08779946642767196 -0.21875860333591621 -1.0477100029718773
decision_type=2 2 2 2 2 2 2 2 2 2 2 2 2 2 2 2 2 2 2 2 2 2 2 2 2 2 2 2 2 2
left_child=1 8 -3 -4 -5 -6 20 9 17 10 -8 14 -13 -14 15 -10 -16 -1 19 26 -2 -19 -12 -23 -11 -20 -9 -22 29 -29
right_child=6 2 3 4 5 -7 7 18 11 24 22 12 13 -15 16 -17 -18 21 25 -21 27 23 -24 -25 -26 -27 -28 28 -30 -31
leaf_value=0 -0.00014453287453839353 0 -2.9058109049777258e-06 0 0 -0.0005457115743179691 1.5130107079518008e-05 0 0.0001912788072707716 0.00047287131681497972 0.00029973336904055191 0.00019690984298139828 -0.00011902538860772565 2.0861024864778997e-05 0.00041467107937087275 0 0 0 0 0 -2.7361127504876802e-05 -0.00030538441348057293 0 0 0 0.00019670695407889366 -0.00023086065499468286 0 0 0.00030405135475248071
leaf_weight=20.998538079147693 36.830019521526992 20.161755213397555 44.075136836618185 5.9342090969439587 5.8890141971060066 47.375113379268441 124.27604584820801 3.101780441182199 38.213798533310182 17.527274598367516 36.588159954932053 25.526536915043835 95.814025058876723 93.556590235733893 20.655652921239383 106.98124585812911 3.8412191144889212 4.1495328161981879 10.852530151547397 9.2982349455705826 88.687299781478941 33.523297359410208 3.6245625570300026 4.6201069249655111 1.0589817338041019 21.347353911667597 36.502618051192258 3.3131305093411383 33.30618626717478 21.198590394691564
leaf_count=41867 73440 40206 87893 11835 11742 94468 247822 6186 76209 34954 72961 50910 191057 186562 41193 213301 7658 8273 21644 18538 176836 66850 7228 9213 2112 42572 72784 6606 66413 42265
internal_value=0 -3.0623e-05 -0.000206047 -0.000274731 -0.000426438 -0.000482393 4.09001e-05 9.13563e-05 1.10253e-05 0.000142545 9.24282e-05 3.93992e-05 0 -3.4074e-05 9.76987e-05 4.03132e-05 0.000315362 -0.000113988 0 -0.00010003 -1.54415e-05 -0.000204944 0.000256712 -0.000255567 0.000424666 9.09845e-05 -0.000188106 0 8.50734e-05 0.000234943
internal_weight=1018.83 571.316 123.435 103.273 59.1983 53.2641 447.513 264.178 447.881 183.075 164.489 384.589 214.897 189.371 169.692 145.195 24.4969 63.2915 81.1025 48.9026 183.335 42.2929 40.2127 38.1434 18.5863 32.1999 39.6044 146.505 57.8179 24.5117
internal_count=2031598 1139237 246144 205938 118045 106210 892361 526801 893093 365077 328011 766890 428529 377619 338361 289510 48851 126203 161724 97508 365560 84336 80189 76063 37066 64216 78970 292120 115284 48871
is_linear=0
shrinkage=0.03


Tree=191
num_leaves=31
num_cat=0
split_feature=14 14 51 47 51 44 44 20 24 7 16 28 17 30 21 47 8 46 28 48 27 41 33 28 24 44 33 20 29 21
split_gain=0.00146499 0.00154242 0.00190817 0.00160533 0.00131268 0.00234072 0.00285127 0.00100593 0.000815551 0.000964452 0.000769667 0.000639601 0.00111877 0.00161132 0.00091331 0.00102587 0.000631719 0.000614284 0.000581998 0.000547761 0.000560216 0.000397374 0.000354135 0.00042666 0.00031348 0.000281635 0.000281005 0.000251065 0.000212326 0.000372668
threshold=-0.86321323569211361 -0.27858526146912338 0.00074864848753912407 0.68982161271370457 0.00095886301882742097 -0.35960041699144435 -0.14873856050395873 0.73712213651685865 0.50884000971093435 -0.63054186237509269 0.6303134941359877 -0.2145121847755094 0.067724763549679504 -0.80090400865645017 -0.20914556430905065 -0.074683887537077595 -1.1733679863260191 -1.6760016889141245 -0.8266840261057512 -0.010659494660764679 -0.22354672538499695 -0.81000286810815403 -1.0658542895549534 0.2207204769521621 -1.1660772969535087 1.9598800043708982 -1.1311428412662685 1.2165825898588454 -0.47608489893450373 -0.68624441511407286
decision_type=2 2 2 2 2 2 2 2 2 2 2 2 2 2 2 2 2 2 2 2 2 2 2 2 2 2 2 2 2 2
left_child=18 3 7 11 5 -4 -7 22 9 -6 16 12 27 -14 15 -13 -5 -10 -1 -9 -21 -18 -3 -24 -20 28 -16 -2 -26 -30
right_child=1 2 4 10 8 6 -8 19 17 -11 -12 14 13 -15 26 -17 21 -19 24 20 -22 -23 23 -25 25 -27 -28 -29 29 -31
leaf_value=0 -8.1941735622429785e-05 -7.9227956623581828e-05 0 0 1.0421363801553067e-05 -0.00032910032038823149 0 0 0 -0.00013159659237018916 0 -0.00016702321691273509 0 0.00017707796192614295 0 0 0 0.0001402617862265736 0 0 0.00034847481913690521 0.0003408396750301319 0 0.00013326113698925143 0 0 9.5361479821327023e-05 0 0 -0.00022370727450324811
leaf_weight=22.767961115285289 36.907779470493551 27.532015269913245 78.59136235533515 5.5585451325750901 36.139642925874796 65.330337436113041 43.380521301936824 22.675475209776778 15.910780443577094 65.535320996597875 8.1519629490794596 55.351334022183437 48.528350862965453 103.29839657538105 7.798673397221136 26.942870219470933 1.7083708543796081 51.644154761976097 9.8127717474708316 4.8894086688524139 20.808173661353067 36.711853641318157 47.356930058216676 29.83888769033365 8.8574900329112989 8.4793102003750374 50.31203021039255 6.0080743327853261 17.251415703038212 54.574084612715531
leaf_count=45405 73596 54898 156703 11086 72057 130266 86502 45214 31727 130682 16255 110385 96772 206003 15550 53732 3407 102980 19567 9750 41489 73214 94430 59496 17665 16909 100311 11976 34404 108819
internal_value=0 1.38974e-05 -1.58786e-05 6.08272e-05 -5.85332e-05 -0.000113266 -0.000203672 6.3858e-05 0 -5.16115e-05 0.000225293 2.6294e-05 6.42483e-05 0.000108547 -4.98223e-06 -8.68571e-05 0.000275529 8.28012e-05 -9.69907e-05 0.000177826 0.000280552 0.0003189 0 4.34743e-05 -0.000129859 -0.000147931 5.93403e-05 -2.25676e-05 -0.000165303 -0.000182634
internal_weight=1018.65 896.911 509.633 387.278 356.532 187.302 108.711 153.101 169.23 101.675 52.1307 335.148 194.743 151.827 140.405 82.2942 43.9788 67.5549 121.743 48.3731 25.6976 38.4202 104.728 77.1958 98.9751 89.1623 58.1107 42.9159 80.683 71.8255
internal_count=2031250 1788481 1016194 772287 710917 373471 216768 305277 337446 202739 103962 668325 388347 302775 279978 164117 87707 134707 242769 96453 51239 76621 208824 153926 197364 177797 115861 85572 160888 143223
is_linear=0
shrinkage=0.03


Tree=192
num_leaves=29
num_cat=0
split_feature=16 11 16 47 21 9 9 11 36 49 33 25 20 29 35 44 8 45 38 28 29 38 49 37 21 9 46 46
split_gain=0.00137139 0.00192805 0.00201536 0.00180402 0.00192176 0.00162803 0.00161708 0.00155132 0.00136583 0.0016596 0.00162463 0.0015637 0.00154128 0.00150808 0.00133233 0.00134661 0.000952809 0.000933932 0.000767964 0.000775426 0.000511758 0.000453746 0.00035632 0.00033289 0.000198335 2.23435e-05 2.92075e-05 2.79955e-05
threshold=3.971396485831368 2.3296276738418311 1.5454517293162067 1.1535078284975413 0.7039565076367299 -0.7306813742018855 -0.87633600669256528 0.95986627347661702 0.16651157043293571 -0.65610618118974851 1.0816135626955941 0.059236184259930567 1.4040731206437049 -0.40797521011895882 -0.57807526765169637 -0.78132412996641565 -1.0740741675693399 -0.083422243363447945 -0.19884385765859977 -0.74757029642291839 1.6871438453150864 -0.58733806812292833 0.10110610431491536 0.79091562126569614 -0.35481132002920762 -0.2937175418425354 1.1680692025988546 -1.5318744092272485
decision_type=2 2 2 2 2 2 2 2 2 2 2 2 2 2 2 2 2 2 2 2 2 2 2 2 2 2 2 2
left_child=1 3 14 8 6 -2 16 -7 10 12 13 -11 -10 -1 -3 -16 -5 -12 -6 -20 23 -17 -8 24 -9 -4 27 -27
right_child=5 2 25 4 18 7 22 20 9 11 17 -13 -14 -15 15 21 -18 -19 19 -21 -22 -23 -24 -25 -26 26 -28 -29
leaf_value=5.9143355422544768e-05 0 0 0 0 0 0 0.00015827142296960959 0 0.00016690579800138829 -7.518667850387557e-05 -0.00034138206554658237 6.2295237798952051e-05 -4.4653266352199039e-05 -6.2142635910799715e-05 0 0 0.00037100984000522597 0 0 -0.00039244631100519552 0 -0.00066896439250478852 0 0 0.0011760112114890487 0 0 0.00016261771922874933
leaf_weight=110.44960180739872 2.1168441073969007 8.8862177343107778 2.5492583204759285 4.221705431060399 4.3088254840695308 2.0332022837828827 12.801997408154419 0.1019069207832225 111.61350215238053 163.28847738530021 26.77037649898557 126.51837853522738 15.58201482525328 309.3807077446836 3.6590902846073758 0.91218682931503536 40.002386341569945 9.5377311363117752 1.2042342808563251 9.5625752254854852 0.20220382284605865 14.250194288091729 30.669134165043943 0.1449757054215296 3.6325213545933366 0.24534396448871199 0.11027058516629029 2.7072458645561701
leaf_count=220279 4220 17717 5083 8418 8593 4052 25528 203 222547 325606 53384 252302 31070 616883 7296 1819 79769 19019 2401 19067 403 28413 61163 289 7241 489 220 5398
internal_value=0 -3.23489e-06 -0.000228776 1.39155e-06 0.00012271 0.00038556 0.000190825 0.000663127 -9.45207e-06 2.52697e-05 -4.77717e-05 -4.81571e-06 0.000117403 -2.30888e-05 -0.000358333 -0.000502727 0.000324219 -0.000250554 -7.4521e-05 -0.000268272 0.00100043 -0.000627421 0 0.00108247 0.00113906 0 8.10277e-05 0.000125354
internal_weight=1017.46 1009.23 33.3198 975.912 102.771 8.23165 87.6952 6.11481 873.141 417.002 456.138 289.807 127.196 419.83 27.7077 18.8215 44.2241 36.3081 15.0756 10.7668 4.08161 15.1624 43.4711 3.8794 3.73443 5.61212 3.06286 2.95259
internal_count=2028872 2012464 66435 1946029 204939 16408 174878 12188 1741090 831525 909565 577908 253617 837162 55245 37528 88187 72403 30061 21468 8136 30232 86691 7733 7444 11190 6107 5887
is_linear=0
shrinkage=0.03


Tree=193
num_leaves=31
num_cat=0
split_feature=14 16 51 37 46 33 8 47 16 1 4 13 21 20 19 44 14 49 28 19 21 38 44 47 39 18 20 29 27 47
split_gain=0.00167159 0.00163721 0.00115972 0.00139592 0.00131044 0.00114898 0.000986261 0.000919476 0.00128313 0.0011484 0.000919348 0.00187665 0.000888733 0.000965015 0.000635819 0.00109708 0.000604483 0.000594714 0.000347701 0.000335775 0.000318582 0.000289428 0.000279583 0.000484669 0.000278146 0.000280315 0.000243773 0.000309993 0.000182978 0.000147932
threshold=-0.85704780279763126 -0.89476669633092376 0.00074469218508287332 0.72618143420862735 1.0531872221544558 -1.3548351385317303 0.21674549291291434 1.3268914522886197 -0.10407307882151567 0.91591857034188451 0.32358933192990286 -0.23714215548851367 -0.018027007258712244 0.96248782874559413 -0.47956883927966443 -0.57046227347892997 -0.41735376111200628 0.89293575236379019 -0.8266840261057512 0.30609706159392219 0.16696635645058958 -0.075071335492689864 1.0000000180025095e-35 -1.3665782219190727 -1.0287957024767551 -0.24246573764179449 -0.23422521700872093 -0.42253211087853387 -0.18311164702455818 -0.16453707897070666
decision_type=2 2 2 2 2 2 2 2 2 2 2 2 2 2 2 2 2 2 2 2 2 2 2 2 2 2 2 2 2 2
left_child=14 6 4 7 10 -5 12 9 -9 -4 20 -12 13 17 15 -1 -7 -2 -17 -16 -3 -21 23 -23 -20 -26 27 -6 29 -8
right_child=1 2 3 5 26 16 28 8 -10 -11 11 -13 -14 -15 19 18 -18 -19 24 21 -22 22 -24 -25 25 -27 -28 -29 -30 -31
leaf_value=0 0.00039842821160883141 0 0 0 0 0 0 0.00023301044994466241 0 -0.00012884480990378157 0.00026926931662940481 0 0 0 0 0 -0.00031894435690568951 0 0 0 7.640933081567823e-05 0 0 -0.0001866388686096982 -0.00047580489858820566 0 0 -0.0001577073192155461 -8.0851724271767508e-05 0.00013803510906873622
leaf_weight=6.971038238611075 30.003353186824828 78.880306723818649 335.45715172041673 16.350806196627673 5.5689847971079898 7.12396446726052 1.1035656047170057 32.71743634773884 19.07825630006846 74.704316590796225 59.390142931079026 45.38748214620864 13.552752828341907 6.1111676843720479 33.515529718017206 1.8035764449159675 30.968458500341512 1.2030188956414338 0.40781321469694987 7.1339318927493869 50.286294471879955 5.4461462706676675 14.736126985633744 38.435319258715026 15.871261779451752 1.0486902722040969 36.765770670375787 24.464847124996595 13.358792447368613 11.047334751870949
leaf_count=13900 59833 157314 668898 32603 11107 14208 2201 65244 38043 148963 118422 90501 27021 12188 66837 3597 61754 2400 813 14230 100260 10860 29386 76641 31646 2091 73313 48783 26637 22033
internal_value=0 1.48914e-05 0 -2.47545e-05 4.91766e-05 -0.000169933 0.000147938 -1.15069e-06 0.000109544 -2.24435e-05 8.76336e-05 0.000158045 0.000224298 0.000300025 -0.000102076 -0.000261884 -0.00026157 0.000368067 -0.000381029 -2.98331e-05 7.29143e-06 -7.70696e-05 -0.000105387 -0.000143424 -0.00042232 -0.000444352 -4.05963e-05 -0.00010474 0 7.97878e-05
internal_weight=1018.89 893.524 817.144 516.4 300.744 54.4432 76.38 461.957 51.7957 410.161 233.944 104.778 50.8703 37.3175 125.369 26.1024 38.0924 31.2064 19.1313 99.2671 129.167 65.7515 58.6176 43.8815 17.3278 16.92 66.7996 30.0338 25.5097 12.1509
internal_count=2031727 1781726 1629413 1029713 599700 108565 152313 921148 103287 817861 466497 208923 101442 74421 250001 52047 75962 62233 38147 197954 257574 131117 116887 87501 34550 33737 133203 59890 50871 24234
is_linear=0
shrinkage=0.03


Tree=194
num_leaves=31
num_cat=0
split_feature=45 45 7 43 33 30 40 0 46 25 38 21 8 38 9 29 29 1 21 21 9 8 45 32 41 8 24 9 36 32
split_gain=0.00133608 0.00506218 0.00277824 0.0022795 0.00291321 0.00147562 0.00184747 0.00145104 0.00133983 0.00139872 0.00161107 0.00126742 0.00225199 0.00209881 0.00136887 0.00173929 0.00100329 0.000923766 0.000993839 0.000916956 0.000911537 0.000868918 0.000859095 0.000825056 0.000678893 0.000644686 0.00109705 0.000879285 0.00062112 0.000567112
threshold=-0.090613308115153654 -0.090917831414596154 1.0000000180025095e-35 1.0000000180025095e-35 -0.63157879057950195 0.34878857653980894 -0.83337191320492787 -1.7777374869655136 -0.44718772964556908 0.40517656828564652 0.013666868776330285 0.34330076366471129 0.46498007032122252 0.198298331678495 0.58021016628462441 0.090308103179682561 -0.36217876682363365 -0.58022803121937916 1.3922045649681032 2.2875835876756763 -0.7306813742018855 -0.72654579914672535 -0.12607548890518708 -1.0032632404385271 0.31555200498219355 0.16709854192101581 -0.090939622687459545 -1.16764523911758 0.20923211802969252 -1.4547178392377347
decision_type=2 2 2 2 2 2 2 2 2 2 2 2 2 2 2 2 2 2 2 2 2 2 2 2 2 2 2 2 2 2
left_child=1 8 17 -4 -5 16 -7 -6 9 -1 -11 14 13 -13 15 -10 24 18 -3 -14 -20 -18 -12 -8 -2 26 -23 -27 29 -19
right_child=5 2 3 4 7 6 23 -9 11 10 22 12 19 -15 -16 -17 21 28 20 -21 -22 25 -24 -25 -26 27 -28 -29 -30 -31
leaf_value=0 0.00012206431590173511 0 0 0 0 -2.5738765436608831e-05 0 -0.00057673409506117255 0.00019743679721192066 0 0 -0.00031260486584000458 0.00027357870231186374 0 0 0 -0.00017310700308353325 0 0 0 0.0006182352655677765 0.0002469336396237535 -0.00041462834783142713 0.00019602589528503763 0 1.5419401385209144e-05 0 -0.00013214876193051861 0 -0.00027319114507031497
leaf_weight=107.93041003122926 72.916541487269569 21.552387728996113 12.429903246636966 6.1108590320218346 2.0461487160064271 33.342399089364335 23.211045385687612 40.479945562081411 123.2820263208705 32.545220602536574 1.9491246463148879 33.843460155010689 19.637329440738544 15.6825850091991 67.859929609170649 19.986642328905873 40.364261600596365 1.7067175132106083 0.58744310098700214 2.4708719539339645 4.732941568363457 21.14497918979032 22.368988463829737 114.84749403741444 38.706054171256255 20.063058481202461 18.179247526568361 60.973851167364046 13.207424010848625 24.345301789813675
leaf_count=215210 145406 42978 24786 12185 4080 66492 46282 80720 245842 64905 3886 67473 39155 31264 135337 39848 80480 3403 1171 4926 9439 42156 44601 229026 77187 40009 36243 121574 26338 48549
internal_value=0 -2.95116e-05 -0.000198166 -0.000350105 -0.000442809 3.97713e-05 0.000108827 -0.000534705 1.17183e-05 -4.69725e-05 -0.000168916 5.65328e-05 -2.24247e-05 -0.000169227 9.75318e-05 0.00015039 0 -1.25014e-05 5.91944e-05 0.00017074 0.000431065 -5.15753e-05 -0.000355447 0.000163056 6.52631e-05 0 8.7634e-05 -5.85938e-05 -0.000137991 -0.000223947
internal_weight=1018.5 574.756 127.199 61.0669 48.637 443.749 171.401 42.5261 447.557 164.794 56.8633 282.763 71.6342 49.526 211.129 143.269 272.348 66.1322 26.8728 22.1082 5.32038 160.725 24.3181 138.059 111.623 120.361 39.3242 81.0369 39.2594 26.052
internal_count=2030951 1146096 253649 121771 96985 884855 341800 84800 892447 328602 113392 563845 142818 98737 421027 285690 543055 131878 53588 44081 10610 320462 48487 275308 222593 239982 78399 161583 78290 51952
is_linear=0
shrinkage=0.03


Tree=195
num_leaves=31
num_cat=0
split_feature=46 33 49 44 33 8 17 29 21 3 21 47 18 42 44 38 20 8 0 1 8 27 17 21 16 33 21 20 51 24
split_gain=0.00161532 0.00274019 0.00150762 0.00297726 0.00360761 0.00291695 0.00230295 0.00175639 0.00194305 0.00155321 0.00235329 0.00208517 0.00171503 0.00145204 0.0012816 0.00126491 0.0015064 0.00125173 0.00232488 0.00218237 0.00255227 0.00201743 0.00117468 0.0011543 0.00108771 0.000881785 0.000793377 0.00078368 0.000758378 0.000598355
threshold=-1.6760016889141245 -1.6396288414340183 0.96823890484665076 -0.35960041699144435 -0.73223676273915284 -0.08113599109949618 -2.730817151803421 0.97434928515860808 -0.59222544451625858 0.90911734610460082 0.13542340527775851 -0.4946691353297929 -0.082575001941369172 -0.21068449754139459 0.80013979368972676 0.082638712490348723 -0.655592283092574 0.21674549291291434 -1.1296874843525921 -0.38526341269487879 -0.97478034326418628 -0.17470499405101744 0.49911500484508114 0.25775830532213795 0.27431865539085426 -0.11182782321662728 -0.73349071606423477 0.3542456001195895 -0.0028340942649999145 0.0068642062085010362
decision_type=2 2 2 2 2 2 2 2 2 2 2 2 2 2 2 2 2 2 2 2 2 2 2 2 2 2 2 2 2 2
left_child=1 23 9 4 -4 6 -5 8 -6 17 12 -12 13 -11 -13 16 -7 19 25 20 -2 -20 -8 -1 -21 -19 -3 -25 -28 -14
right_child=2 26 3 5 7 15 22 -9 -10 10 11 14 29 -15 -16 -17 -18 18 21 24 -22 -23 -24 27 -26 -27 28 -29 -30 -31
leaf_value=-6.4891165158271783e-05 -0.00016499458927805036 0 0 0 0 0 -0.00064762306741681936 0 0.00065541578760045644 0 0 -0.00044405762348262385 -0.00023875726136140564 0.00036024268462208232 0 0 0.00032709249860075001 0 2.0060451635887044e-06 0.00014092076086846947 5.0399431278224867e-05 -0.00017688779149801389 0 0 0 0.00022497645252507874 0 0.00047015950642602936 -0.00042722405125259828 0
leaf_weight=32.052883110882249 74.610032826312818 3.8443447119789189 8.5610502424533461 1.3571635517291749 6.6056416647625147 3.8496880245511411 12.439189103781244 3.8270616418449199 24.91367588064168 40.954119808739051 6.4441563055734141 32.578401354141533 27.13959500612691 14.192243464814963 4.9087408469640641 40.594164573587477 28.340190855553374 20.003032676002476 52.361127290292643 192.78509607037995 123.56456071534194 113.63883148500463 2.5678297572885631 5.5478132392745447 52.161899569677189 28.923795967653859 4.3534489952726281 7.2798457377357408 28.621795173676219 19.426231833582278
leaf_count=63919 148760 7668 17072 2711 13173 7679 24818 7630 49690 81662 12848 64949 54118 28298 9787 80946 56525 39889 104423 384430 246374 226611 5122 11061 104000 57675 8681 14514 57070 38735
internal_value=0 -0.000129083 9.9356e-06 0.000104258 0.000306539 0 -0.000357148 0.000456709 0.000532974 -1.94723e-06 -9.36006e-05 -0.00027795 0 9.84918e-05 -0.000374964 8.59696e-05 0.000228203 1.37792e-05 -3.8475e-05 4.58941e-05 -1.55553e-05 -0.000102387 -0.0005265 0 0.000107857 0.000117052 -0.000322416 0.000265452 -0.000371113 -0.00014717
internal_weight=1018.45 81.7001 936.748 133.056 43.9074 89.1482 16.3642 35.3464 31.5193 803.692 145.643 43.9313 101.712 55.1464 37.4871 72.784 32.1899 658.048 214.927 443.122 198.175 166 15.007 44.8805 244.947 48.9268 36.8196 12.8277 32.9752 46.5658
internal_count=2030838 162913 1867925 265366 87565 177801 32651 70493 62863 1602559 290397 87584 202813 109960 74736 145150 64204 1312162 428598 883564 395134 331034 29940 89494 488430 97564 73419 25575 65751 92853
is_linear=0
shrinkage=0.03


Tree=196
num_leaves=30
num_cat=0
split_feature=25 18 30 6 3 8 21 47 33 8 14 17 1 21 34 11 27 21 46 27 18 30 38 51 46 26 40 5 0
split_gain=0.00141344 0.00204548 0.00248479 0.00139131 0.00132635 0.00166942 0.00242876 0.00180401 0.00116321 0.00192349 0.00147356 0.00135247 0.00106587 0.00180955 0.00093633 0.000909358 0.00063692 0.000636455 0.000583368 0.000520443 0.000438386 0.000250904 0.000374898 0.000144091 0.000140674 0.000160642 0.000128635 0.000117826 0.000105645
threshold=2.2719467945307339 -1.8846819840301274 0.031057224715744344 -1.0531419842794192 0.90911734610460082 0.86215532315404164 -0.58567344021196421 -0.4946691353297929 0.48477987898018304 -0.97478034326418628 -0.13238175457183418 0.24912356356909029 -0.35711332144096181 0.16696635645058958 -0.96265028448429268 3.0970134329410022 -0.1063782880183471 -0.38315749068858596 -0.5215251784879803 -0.33070242336273753 0.0076397771077776058 1.2393233601958682 -0.63587574131166613 0.00075908148118200363 -0.1152723860988465 -0.42050202076963189 2.4925669564053252 -1.5435348899901755 -1.9100369874293672
decision_type=2 2 2 2 2 2 2 2 2 2 2 2 2 2 2 2 2 2 2 2 2 2 2 2 2 2 2 2 2
left_child=1 2 24 -4 8 6 20 -8 12 11 -11 -10 13 -3 -14 19 17 -7 21 -5 -6 22 -2 -18 25 -1 27 -24 -27
right_child=18 4 3 15 5 16 7 -9 9 10 -12 -13 14 -15 -16 -17 23 -19 -20 -21 -22 -23 26 -25 -26 28 -28 -29 -30
leaf_value=0 0 -0.00015035416064413854 0 0 0.0001463079433317901 0 0 -0.00029972619486756083 -0.00019568350949695175 0.00016542758154337249 0 7.0919212307337033e-06 -0.00011220594375236562 1.2920841519970582e-05 4.5219970767664986e-05 0 0 0.00022349899414372403 0 0.00054711630397254619 -7.886676977366645e-06 0 0 -0.00016914486787834645 0 0 0 -0.00060369116378517125 -0.00027469289241127318
leaf_weight=0.83464356145123009 1.744445845892187 115.24673051183345 3.9175800071097937 1.1472904211259507 18.387777786352672 23.357071192469448 12.229305866057983 71.099352096149232 35.201188593462575 145.99095570627833 94.853184606239665 56.057558861852158 33.066429117228836 67.868860162678175 238.31178110133624 2.7770673065097062 6.1568924795137701 21.307700003031641 7.5941140194772734 22.152138289471623 15.091026707494164 3.1107121353852554 0.13243960303952906 7.5945989461615682 1.6686294502578665 0.095779456314629807 0.10130669584032137 7.0401825818116794 4.8540042939130226
leaf_count=1664 3479 229821 7811 2288 36668 46579 24383 141752 70193 291135 189132 111772 65938 135308 475235 5537 12277 42489 15143 44172 30094 6203 264 15144 3329 191 202 14038 9679
internal_value=0 4.05306e-06 0.000222605 0.000369357 -1.33688e-06 -7.85526e-05 -0.000148555 -0.000239096 1.20499e-05 5.67991e-05 0.000105271 -3.8251e-05 -1.40479e-05 -7.34558e-05 1.49835e-05 0.000452703 1.00666e-05 0.000104906 -0.000252319 0.000514289 0 -0.000383162 -0.000471691 -7.98133e-05 0 -0.000147944 -0.000567659 -0.000585602 -0.000234066
internal_weight=1018.99 999.268 37.4471 29.9941 961.82 175.224 116.807 83.3287 786.597 332.103 240.844 91.2587 454.494 183.116 271.378 26.0765 58.4163 44.6648 19.7232 23.2994 33.4788 12.1291 9.01837 13.7515 7.45306 5.78443 7.27393 7.17262 4.94978
internal_count=2031920 1992591 74671 59808 1917920 349386 232897 166135 1568534 662232 480267 181965 906302 365129 541173 51997 116489 89068 39329 46460 66762 24186 17983 27421 14863 11534 14504 14302 9870
is_linear=0
shrinkage=0.03


Tree=197
num_leaves=31
num_cat=0
split_feature=37 51 33 37 17 11 38 9 22 47 9 11 0 49 21 47 33 38 16 47 4 1 21 46 47 29 41 47 32 16
split_gain=0.00116114 0.00150208 0.00114011 0.00112218 0.00122294 0.00193613 0.00115386 0.00185176 0.00178933 0.0015036 0.00187406 0.00149882 0.000881335 0.000828931 0.00065845 0.00106041 0.000585642 0.000495152 0.000150531 0.000126219 0.000174783 0.000123228 0.000646016 0.000277379 0.00035138 0.000214518 0.00036786 0.000195649 0.000121706 0.000115204
threshold=0.72077390729468849 0.00042770734352238739 -1.3548351385317303 -3.3002451730540385 -1.9315218286623683 2.6982189037551034 0.22959596502313137 -0.2937175418425354 -0.045325054042150405 0.78021709781341486 -0.87633600669256528 -0.90387064666546268 1.2119918615428293 2.2467639572092541 -0.16783451677475908 -0.33075114508538112 -0.49708892921367942 -0.58733806812292833 0.75009775019348024 0.45265055442714991 -0.97130474844458525 0.52838831786302665 0.1776611115138336 1.1575287188479657 0.33894644387438172 0.079745469447979805 0.14091891595232067 2.3460034367318587 -1.6150013322368995 1.6613089362897349
decision_type=2 2 2 2 2 2 2 2 2 2 2 2 2 2 2 2 2 2 2 2 2 2 2 2 2 2 2 2 2 2
left_child=3 21 -3 16 5 12 9 18 -9 11 -11 -6 13 -5 19 -16 -1 -17 -8 20 -4 22 -2 24 -24 -23 27 -27 -18 -30
right_child=1 2 14 4 6 -7 7 8 -10 10 -12 -13 -14 -15 15 17 28 -19 -20 -21 -22 25 23 -25 -26 26 -28 -29 29 -31
leaf_value=0 0 0 0 0.00047521652046992349 8.13613424856077e-05 0 0 0 0.00033129210468589495 0.00022520077890381666 0 -4.6857159962019029e-05 0 0 0 0 0 -0.00044412714180439852 -8.743191415585572e-05 0 -0.00012313295079200687 0 0.00026656923502774832 0 0 -0.00024781237700668176 0 0 -0.00044541060332937618 0
leaf_weight=16.20191201497801 34.993766372383106 21.398700369638391 3.991059516498356 20.873329798283528 85.934823077812325 6.8060033419751553 21.441241642402019 19.865480339387432 40.198723587789573 54.380098468973301 52.843427310930565 483.72854255972197 3.5028690060717045 2.6703171572880811 9.2954687105375324 1.4319037493551174 0.39474288991186757 26.666973233222961 17.722663426364306 10.604622025624847 17.886404863325879 17.477738667745143 17.414110981684651 2.7727876924909642 5.1136421867413437 11.740495224250477 2.6712506409385233 0.47347800910938609 7.4478453787160088 0.29193592153023917
leaf_count=32308 69785 42669 7959 41624 171379 13571 42742 39606 80147 108442 105383 964581 6984 5326 18534 2856 787 53170 35334 21149 35673 34855 34718 5529 10196 23407 5326 944 14850 582
internal_value=0 -6.95506e-05 -0.000156713 1.36429e-05 2.29864e-05 0.000205679 1.11524e-05 0.00010695 0.000215971 0 9.99541e-05 -2.22489e-05 0.000342601 0.000410524 -0.00021625 -0.000321286 -0.000174056 -0.00041393 0 -2.97071e-06 -7.21494e-05 0 3.8664e-05 0.00016292 0.000202216 -2.5334e-05 -0.000119857 -0.00021122 -0.000394248 -0.000421321
internal_weight=1018.24 183.932 91.2751 834.304 809.968 33.8525 776.115 99.2281 60.0642 676.887 107.224 569.663 27.0465 23.5436 69.8764 37.3943 24.3364 28.0989 39.1639 32.4821 21.8775 92.6573 60.2943 25.3005 22.5278 32.363 14.8852 12.214 8.13452 7.73978
internal_count=2030416 366770 182010 1663646 1615119 67505 1547614 197829 119753 1349785 213825 1135960 53934 46950 139341 74560 48527 56026 78076 64781 43632 184760 120228 50443 44914 64532 29677 24351 16219 15432
is_linear=0
shrinkage=0.03


Tree=198
num_leaves=31
num_cat=0
split_feature=12 25 44 17 8 10 16 16 32 5 49 23 13 24 21 9 25 9 21 8 21 8 38 7 49 28 4 46 17 6
split_gain=0.00129152 0.00132093 0.00209816 0.00172366 0.0016216 0.00129934 0.00158552 0.000999736 0.000987327 0.000808544 0.000798829 0.000786879 0.000756041 0.000590882 0.000590417 0.0038463 0.00381233 0.00177033 0.00173448 0.00172634 0.00160087 0.00112847 0.00105649 0.000950685 0.000871344 0.000737276 0.000570642 0.000546888 0.000525347 0.00043198
threshold=0.057724547740094015 0.66854139677825775 -0.35960041699144435 -1.5527133683645598 1.4579182024032706 -0.94962441046082413 0.26155235090255674 2.3979719878737176 1.0650107783385379 0.15628787858612617 -1.4776681556715527 -0.13787166785855057 0.74506253906530973 -0.92068470520640511 -0.53312672976766318 0.14324637733373335 -0.12002270325242965 0.87151947467444313 0.72328023645424511 -0.32937052412000817 0.91818437301622879 -1.2726618078569361 -0.17183647939846844 0.54327175077281464 1.0085839508511487 -1.1997459947931246 -0.22906736123891661 1.0690936709316319 0.23362429586685077 2.3788542411013882
decision_type=2 2 2 2 2 2 2 2 2 2 2 2 2 2 2 2 2 2 2 2 2 2 2 2 2 2 2 2 2 2
left_child=5 3 -3 -2 28 6 8 11 10 27 -1 -5 -12 -13 15 19 25 18 24 21 26 -7 -20 -22 -16 -17 -19 -9 -4 -8
right_child=1 2 4 7 -6 14 29 9 -10 -11 12 13 -14 -15 17 16 -18 20 22 -21 23 -23 -24 -25 -26 -27 -28 -29 -30 -31
leaf_value=0 0.00027048137474956335 0 -0.00046041687048516366 0 0 0 -0.00016800397362532016 0.00063411811738284761 0 0 0.00022778888331230479 0 0 -0.00011616070269497035 -4.3292860939409008e-06 0 0 -6.5794631453468463e-06 0 0 0.00039926821528913189 0.00030145376356517059 -0.00027937790266546644 0 0.00018798172447060315 -0.00044433622757535172 9.8152955332135304e-05 0 0 0
leaf_weight=7.5365953553118734 17.309452941466589 19.901945449353661 27.251397484273184 71.257029512198642 28.412003816338256 9.0102871842682344 17.567920809378851 4.118680138315538 27.184519352973439 3.8908740973565727 99.629504664218985 25.009787695656996 26.958964459889103 147.56126113870414 116.10868181177648 3.2593661565333596 42.343842597620096 40.672319255652837 4.8535392354242495 52.861457920807879 24.372504514292817 32.436644822941162 33.486734668840654 1.4801708612358186 22.223845773027278 38.182560678687878 60.394715944596101 1.1824444535886867 5.6558000064687795 5.7422363435616708
leaf_count=15030 34513 39687 54344 142084 56654 17969 35029 8211 54210 7757 198682 49865 53753 294239 231500 6500 84460 81112 9679 105418 48589 64681 66753 2951 44319 76151 120431 2358 11280 11451
internal_value=0 -4.68032e-05 -0.000155195 -3.1389e-06 -0.000250396 2.42641e-05 9.19725e-05 -3.37144e-05 0.000133655 0.000217854 0.000167658 -5.5502e-05 0.000188314 -9.19576e-05 0 -4.49961e-05 -0.000202741 2.37189e-05 -2.43934e-05 6.33375e-05 0.000114329 0.000215904 -0.000208258 0.000342333 4.87961e-06 -0.000407302 2.63223e-05 0.000468579 -0.000401474 -6.77765e-05
internal_weight=1017.86 351.551 81.2211 270.33 61.3192 666.306 184.62 253.02 161.31 9.192 134.125 243.828 126.588 172.571 481.687 178.094 83.7858 303.593 176.673 94.3084 126.92 41.4469 38.3403 25.8527 138.333 41.4419 101.067 5.30112 32.9072 23.3102
internal_count=2029660 700992 161965 539027 122278 1328668 368155 504514 321675 18326 267465 486188 252435 344104 960513 355179 167111 605334 352251 188068 253083 82650 76432 51540 275819 82651 201543 10569 65624 46480
is_linear=0
shrinkage=0.03


Tree=199
num_leaves=31
num_cat=0
split_feature=26 47 30 1 29 44 38 14 33 8 21 25 7 11 30 11 41 38 27 29 44 35 38 33 32 33 3 16 41 9
split_gain=0.00133569 0.00165335 0.00249945 0.00133562 0.00293311 0.00163864 0.00142822 0.00122196 0.00103014 0.00218283 0.00136617 0.00386313 0.00126698 0.00115528 0.00104499 0.000981217 0.000947855 0.000940622 0.000938046 0.000590669 0.000568464 0.000520207 0.000495022 0.000362735 0.000334237 0.000328376 0.000247805 0.00024157 0.000181295 4.00491e-05
threshold=-0.47554385992043086 1.4678566458142497 0.32138927708843318 0.93455752965831151 -0.2349073464292134 0.48384700895849825 -0.41514004240935926 -0.78771118568382259 0.48477987898018304 -0.97478034326418628 -0.55945146551195002 -0.10012585108401749 -0.7283596798687384 -0.081986758299791754 -0.30463317887676816 3.0970134329410022 -0.80108000954458403 0.12026278870541833 -0.051324823844628907 -0.11364614347728531 -0.35960041699144435 -0.75091227788521275 0.1126168836641543 0.91262544200738527 -1.7499458959069252 -1.9659357122410055 1.2638080296438035 3.971396485831368 3.0822755067291916 -0.7306813742018855
decision_type=2 2 2 2 2 2 2 2 2 2 2 2 2 2 2 2 2 2 2 2 2 2 2 2 2 2 2 2 2 2
left_child=20 3 19 8 17 6 -6 -4 10 12 11 -2 -10 -11 -12 16 -9 18 -5 29 -1 -22 -7 -19 -23 -21 -27 28 -26 -3
right_child=1 2 7 4 5 22 -8 15 9 13 14 -13 -14 -15 -16 -17 -18 23 -20 25 21 24 -24 -25 27 26 -28 -29 -30 -31
leaf_value=0 -0.0002731577671619035 8.6539019673583298e-05 0 0.00029320960876323118 0 -9.1800628117781402e-05 -0.00034319128726654439 0 1.4248367921250747e-05 0.00015823941736698148 -3.5309096528456456e-05 1.9705307236377238e-05 -0.00016679937343207335 0 6.8917295848508361e-05 0 0.00043379387780963897 0 0 0 0 0 0.00021554866285262517 -0.00012395437491157391 -0.00045458119394610773 -0.00029917013473644978 0 0 0 0
leaf_weight=3.1134641048265648 62.701814227795694 4.8129537791828625 6.4190620084409593 19.800006640143696 6.8641999219544223 10.863505359331613 54.846153210615739 2.9661590908654025 43.193944561935496 150.66692436882295 133.30338523810497 69.686394179123454 48.534286021196749 88.020589920866769 176.53870742407162 2.6055816805455825 35.191828601062298 28.210480731446296 7.2085342699429011 0.858995421673172 2.4070958287920847 0.47146663640160547 7.6185856186202718 21.73077701573493 13.617579057696263 11.737967321299942 0.94943882874213237 0.31496949068969193 0.13492987054633054 3.0892541995854144
leaf_count=6208 125046 9599 12800 39494 13689 21666 109344 5915 86127 300460 265795 138979 96775 175499 352015 5195 70178 56254 14379 1713 4799 940 15187 43335 27153 23405 1893 628 269 6161
internal_value=0 7.02893e-06 0.000149663 -2.72907e-07 -8.28519e-05 -0.000214789 -0.000289568 0.000283283 1.26394e-05 5.46594e-05 -1.19724e-05 -9.63401e-05 -4.88404e-05 0.000107003 1.43936e-05 0.000346216 0.000388836 1.56585e-05 0.000178235 -4.4041e-06 -0.000239727 -0.000313398 0 -1.21934e-05 -0.000382991 -0.000198176 -0.000255395 -0.000415911 -0.000439036 0
internal_weight=1018.48 998.42 68.6312 929.788 157.142 80.1924 61.7104 47.1826 772.646 330.416 442.23 132.388 91.7282 238.688 309.842 40.7636 38.158 76.9498 27.0085 21.4486 20.0595 16.946 18.4821 49.9413 14.5389 13.5464 12.6874 14.0675 13.7525 7.90221
internal_count=2030900 1990903 136859 1854044 313348 159886 123033 94088 1540696 658861 881835 264025 182902 475959 617810 81288 76093 153462 53873 42771 39997 33789 36853 99589 28990 27011 25298 28050 27422 15760
is_linear=0
shrinkage=0.03


end of trees

feature_importances:
alpha158_STD60=568
ta_trend_adx_pos=368
alpha158_KLEN=329
alpha158_RSQR30=316
amount_mean_20=310
alpha158_MAX5=279
corr_ret_amount_20=232
alpha158_MIN10=230
alpha158_IMAX60=206
alpha158_IMIN20=203
kunquant_alpha101_alpha005=188
kunquant_alpha101_alpha024=186
ta_trend_mass_index=172
alpha158_IMAX30=164
kunquant_alpha101_alpha072=164
amount_cv_20=155
kunquant_alpha101_alpha071=154
kunquant_alpha101_alpha013=140
alpha158_VSUMD60=139
kunquant_alpha101_alpha094=132
alpha158_CORD20=118
kunquant_alpha101_alpha011=112
alpha158_CORR20=109
alpha158_CORR10=90
alpha158_VMA60=78
kunquant_alpha101_alpha020=62
alpha158_KUP=60
alpha158_QTLD10=59
alpha158_KLOW=58
alpha360_VOLUME38=58
kunquant_alpha101_alpha050=55
alpha158_CORD10=54
ta_volume_em=42
kunquant_alpha101_alpha026=40
alpha158_QTLD5=33
alpha158_CORR5=32
ta_trend_dpo=31
kunquant_alpha101_alpha003=28
alpha158_VSUMD20=26
alpha158_IMIN5=25
alpha158_HIGH0=24
alpha158_LOW0=20
alpha360_VOLUME12=15
kunquant_alpha101_alpha055=15
kunquant_alpha101_alpha043=13
alpha158_CORD5=10
alpha158_VSTD5=10
kunquant_alpha101_alpha012=10
alpha158_KMID=9
kunquant_alpha101_alpha002=7
kunquant_alpha101_alpha062=4

parameters:
[boosting: gbdt]
[objective: regression]
[metric: l2]
[tree_learner: serial]
[device_type: cpu]
[data_sample_strategy: bagging]
[data: ]
[valid: ]
[num_iterations: 200]
[learning_rate: 0.03]
[num_leaves: 31]
[num_threads: 1]
[seed: 20260725]
[deterministic: 1]
[force_col_wise: 1]
[force_row_wise: 0]
[histogram_pool_size: -1]
[max_depth: 6]
[min_data_in_leaf: 100]
[min_sum_hessian_in_leaf: 0.001]
[bagging_fraction: 0.8]
[pos_bagging_fraction: 1]
[neg_bagging_fraction: 1]
[bagging_freq: 1]
[bagging_seed: 20260725]
[bagging_by_query: 0]
[feature_fraction: 1]
[feature_fraction_bynode: 1]
[feature_fraction_seed: 20260725]
[extra_trees: 0]
[extra_seed: 28444]
[early_stopping_round: 0]
[early_stopping_min_delta: 0]
[first_metric_only: 0]
[max_delta_step: 0]
[lambda_l1: 0.1]
[lambda_l2: 0]
[linear_lambda: 0]
[min_gain_to_split: 0]
[drop_rate: 0.1]
[max_drop: 50]
[skip_drop: 0.5]
[xgboost_dart_mode: 0]
[uniform_drop: 0]
[drop_seed: 12683]
[top_rate: 0.2]
[other_rate: 0.1]
[min_data_per_group: 100]
[max_cat_threshold: 32]
[cat_l2: 10]
[cat_smooth: 10]
[max_cat_to_onehot: 4]
[top_k: 20]
[monotone_constraints: ]
[monotone_constraints_method: basic]
[monotone_penalty: 0]
[feature_contri: ]
[forcedsplits_filename: ]
[refit_decay_rate: 0.9]
[cegb_tradeoff: 1]
[cegb_penalty_split: 0]
[cegb_penalty_feature_lazy: ]
[cegb_penalty_feature_coupled: ]
[path_smooth: 0]
[interaction_constraints: ]
[verbosity: -1]
[saved_feature_importance_type: 0]
[use_quantized_grad: 0]
[num_grad_quant_bins: 4]
[quant_train_renew_leaf: 0]
[stochastic_rounding: 1]
[linear_tree: 0]
[max_bin: 255]
[max_bin_by_feature: ]
[min_data_in_bin: 3]
[bin_construct_sample_cnt: 200000]
[data_random_seed: 20260725]
[is_enable_sparse: 1]
[enable_bundle: 1]
[use_missing: 1]
[zero_as_missing: 0]
[feature_pre_filter: 0]
[pre_partition: 0]
[two_round: 0]
[header: 0]
[label_column: ]
[weight_column: ]
[group_column: ]
[ignore_column: ]
[categorical_feature: ]
[forcedbins_filename: ]
[precise_float_parser: 0]
[parser_config_file: ]
[objective_seed: 26564]
[num_class: 1]
[is_unbalance: 0]
[scale_pos_weight: 1]
[sigmoid: 1]
[boost_from_average: 1]
[reg_sqrt: 0]
[alpha: 0.9]
[fair_c: 1]
[poisson_max_delta_step: 0.7]
[tweedie_variance_power: 1.5]
[lambdarank_truncation_level: 30]
[lambdarank_norm: 1]
[label_gain: ]
[lambdarank_position_bias_regularization: 0]
[eval_at: ]
[multi_error_top_k: 1]
[auc_mu_weights: ]
[num_machines: 1]
[local_listen_port: 12400]
[time_out: 120]
[machine_list_filename: ]
[machines: ]
[gpu_platform_id: -1]
[gpu_device_id: -1]
[gpu_use_dp: 0]
[num_gpu: 1]

end of parameters

pandas_categorical:null
