factor,canonical_factor_id,source,economic_family,primary_family,analysis_direction,direction_origin,rule_id,agreement,pass_count,backend_available_count,alphalens_candidate_status,jqfactor_candidate_status,qlib_candidate_status,alphalens_reasons,jqfactor_reasons,qlib_reasons,qlib_ic__mean,qlib_ic__valid_dates,annual_direction_agreement,alphalens_quantile_monotonicity_raw,alphalens_q5_minus_q1__mean,jqfactor_returns__mean,jqfactor_return_annual_direction_agreement,qlib_pearson__mean,qlib_long_short__mean,fdr_bh_q_value,fdr_by_q_value,ic_sample_coverage,direction_instability,regime_concentrated,warnings
alpha158_BETA10,70156355e3335f136d17f59dd547a1059c1748dcdb001ab9605363898e8c374b,alpha158,VolatilityRisk,RiskLottery,-1.0,development_data_derived_not_economic_prior,26559c272310fd361fcb0c8de4b658b77946058241e4bf26ede281a71d64950b,2/3,2,3,fail,pass,pass,directional_quantile_monotonicity_080,all_conditions_pass,all_conditions_pass,-0.033228874524806704,3361,1.0,-0.39999999999999997,-0.006391753466951,-0.002886959944459097,0.7142857142857143,-0.023164760779669412,-0.003195586568713486,0.0012528455151405,0.0090427193914192,0.946829862652892,False,False,raw_universe_no_tradability_cost_test;correlated_native_profiles;development_derived_direction;recent_diagnostic_not_run
alpha158_BETA20,0c44a08c3d282b27388e6828d175a7ec64ccfdcc402ca6112839fdb12d178453,alpha158,VolatilityRisk,RiskLottery,-1.0,development_data_derived_not_economic_prior,26559c272310fd361fcb0c8de4b658b77946058241e4bf26ede281a71d64950b,3/3,3,3,pass,pass,pass,all_conditions_pass,all_conditions_pass,all_conditions_pass,-0.053233792991443395,3361,1.0,-0.8999999999999998,-0.010047006569851857,-0.003992938512869148,0.7857142857142857,-0.03201354257713136,-0.00502731454120361,0.0012528455151405,0.0090427193914192,0.9470399068894813,False,False,raw_universe_no_tradability_cost_test;correlated_native_profiles;development_derived_direction;recent_diagnostic_not_run
alpha158_BETA30,8d41e6bf2259e65bd6b6a51f02b2f6a81d33d391162b050ec948f6201acdfefb,alpha158,VolatilityRisk,RiskLottery,-1.0,development_data_derived_not_economic_prior,26559c272310fd361fcb0c8de4b658b77946058241e4bf26ede281a71d64950b,3/3,3,3,pass,pass,pass,all_conditions_pass,all_conditions_pass,all_conditions_pass,-0.060921736518085044,3361,1.0,-0.9999999999999999,-0.01103123100378338,-0.004217146842325662,0.7857142857142857,-0.03474937621845679,-0.005523043036017171,0.0012528455151405,0.0090427193914192,0.9471200752885836,False,False,raw_universe_no_tradability_cost_test;correlated_native_profiles;development_derived_direction;recent_diagnostic_not_run
alpha158_BETA5,0e8a43f6ba7c61cca27c0bd17140ecd84b6634744065e132e2a14fb110a75e01,alpha158,VolatilityRisk,RiskLottery,-1.0,development_data_derived_not_economic_prior,26559c272310fd361fcb0c8de4b658b77946058241e4bf26ede281a71d64950b,2/3,2,3,fail,pass,pass,directional_quantile_monotonicity_080,all_conditions_pass,all_conditions_pass,-0.0249176791804356,3361,1.0,-0.3,-0.005478320558261337,-0.0027949422569998024,0.8571428571428571,-0.021816585140898234,-0.002738926290243279,0.0012528455151405,0.0090427193914192,0.946425383527743,False,False,raw_universe_no_tradability_cost_test;correlated_native_profiles;development_derived_direction;recent_diagnostic_not_run
alpha158_BETA60,49ff2236c58d111191e420492ee738c9377090b59c07b1745cb673f1f8bf4f2b,alpha158,VolatilityRisk,RiskLottery,-1.0,development_data_derived_not_economic_prior,26559c272310fd361fcb0c8de4b658b77946058241e4bf26ede281a71d64950b,3/3,3,3,pass,pass,pass,all_conditions_pass,all_conditions_pass,all_conditions_pass,-0.05052028213060663,3361,0.7857142857142857,-0.9999999999999999,-0.007308815440665603,-0.0030271613038632197,0.7857142857142857,-0.027976203995149607,-0.0036553407925274243,0.0012528455151405,0.0090427193914192,0.9472413129431805,False,False,raw_universe_no_tradability_cost_test;correlated_native_profiles;development_derived_direction;recent_diagnostic_not_run
alpha158_CNTD30,020133026444b84cbba943b319e5522d2f26282181b875ad4c653199f68872fc,alpha158,MomentumTrend,ReturnDynamics,-1.0,development_data_derived_not_economic_prior,26559c272310fd361fcb0c8de4b658b77946058241e4bf26ede281a71d64950b,2/3,2,3,pass,fail,pass,all_conditions_pass,weighted_return_annual_agreement_060,all_conditions_pass,-0.020186969529958926,3361,0.7857142857142857,-0.9999999999999999,-0.0029980009140853797,-0.0011801526322413134,0.5714285714285714,-0.009919571059685238,-0.0012904750667035356,0.0046885629707715,0.0338408517102194,0.9506877963692354,False,False,raw_universe_no_tradability_cost_test;correlated_native_profiles;development_derived_direction;recent_diagnostic_not_run
alpha158_CNTP30,93c99fb1d6b0e6fbfbaf910f794f50c8daeba847a00a44d045c5ff5b880bbf73,alpha158,MomentumTrend,ReturnDynamics,-1.0,development_data_derived_not_economic_prior,26559c272310fd361fcb0c8de4b658b77946058241e4bf26ede281a71d64950b,3/3,3,3,pass,pass,pass,all_conditions_pass,all_conditions_pass,all_conditions_pass,-0.022784548646228555,3361,0.8571428571428571,-0.8999999999999998,-0.0034529650246430668,-0.0012701067562326182,0.6428571428571429,-0.010625876783716869,-0.0014700723137194213,0.0035545849499337,0.0256560875756547,0.9506877963692354,False,False,raw_universe_no_tradability_cost_test;correlated_native_profiles;development_derived_direction;recent_diagnostic_not_run
alpha158_CNTP60,a60083a85c212e775c4043be909b3c5bec09769a4fc6c0b99c470fe68efde364,alpha158,MomentumTrend,ReturnDynamics,-1.0,development_data_derived_not_economic_prior,26559c272310fd361fcb0c8de4b658b77946058241e4bf26ede281a71d64950b,1/3,1,3,fail,fail,pass,directional_quantile_monotonicity_080,weighted_return_annual_agreement_060,all_conditions_pass,-0.021388235792372895,3361,0.7142857142857143,-0.6,-0.002404559545980094,-0.0010529377001412311,0.5714285714285714,-0.009392153108498058,-0.001099424791423186,0.0080445869919554,0.0580637771449027,0.9506877963692354,False,False,by_sensitivity_not_significant;raw_universe_no_tradability_cost_test;correlated_native_profiles;development_derived_direction;recent_diagnostic_not_run
alpha158_CORD10,5b023d0c79f95bcb4732b9163ab689253941e572c7f509a2374f5bc15558fd73,alpha158,Liquidity,LiquidityTrading,-1.0,development_data_derived_not_economic_prior,26559c272310fd361fcb0c8de4b658b77946058241e4bf26ede281a71d64950b,3/3,3,3,pass,pass,pass,all_conditions_pass,all_conditions_pass,all_conditions_pass,-0.05033321003668078,3361,1.0,-0.9999999999999999,-0.009199220253820015,-0.0036397494481130582,0.7857142857142857,-0.03236771511385133,-0.00460301427689522,0.0012528455151405,0.0090427193914192,0.9491391368788276,False,False,raw_universe_no_tradability_cost_test;correlated_native_profiles;development_derived_direction;recent_diagnostic_not_run
alpha158_CORD20,08953816b92d282762e97a949fbbc4916e1c42a9875b9f7d0bc762e55e881159,alpha158,Liquidity,LiquidityTrading,-1.0,development_data_derived_not_economic_prior,26559c272310fd361fcb0c8de4b658b77946058241e4bf26ede281a71d64950b,3/3,3,3,pass,pass,pass,all_conditions_pass,all_conditions_pass,all_conditions_pass,-0.06611569932981258,3361,1.0,-0.9999999999999999,-0.012316331282354325,-0.005078178571777838,0.8571428571428571,-0.04397318768127596,-0.006158801235847676,0.0012528455151405,0.0090427193914192,0.9498132182383866,False,False,raw_universe_no_tradability_cost_test;correlated_native_profiles;development_derived_direction;recent_diagnostic_not_run
alpha158_CORD30,07d453998b361de87d974ca7a94aca57a5420f2cd5f4d784e66bded3f11a0e13,alpha158,Liquidity,LiquidityTrading,-1.0,development_data_derived_not_economic_prior,26559c272310fd361fcb0c8de4b658b77946058241e4bf26ede281a71d64950b,3/3,3,3,pass,pass,pass,all_conditions_pass,all_conditions_pass,all_conditions_pass,-0.0695706748918209,3361,1.0,-0.9999999999999999,-0.012998110545095079,-0.005396429744049042,0.8571428571428571,-0.04639189419666579,-0.006502726560360485,0.0012528455151405,0.0090427193914192,0.95006524101288,False,False,raw_universe_no_tradability_cost_test;correlated_native_profiles;development_derived_direction;recent_diagnostic_not_run
alpha158_CORD5,028f139553b94a97791c76646338c5a9144e2a6edd8a1751f04b6b8f094ae6fc,alpha158,Liquidity,LiquidityTrading,-1.0,development_data_derived_not_economic_prior,26559c272310fd361fcb0c8de4b658b77946058241e4bf26ede281a71d64950b,3/3,3,3,pass,pass,pass,all_conditions_pass,all_conditions_pass,all_conditions_pass,-0.03538409549401249,3361,1.0,-0.9999999999999999,-0.006429868305639338,-0.002476779593789024,0.8571428571428571,-0.022841372718248733,-0.0032153291868205424,0.0012528455151405,0.0090427193914192,0.9477280821263873,False,False,raw_universe_no_tradability_cost_test;correlated_native_profiles;development_derived_direction;recent_diagnostic_not_run
alpha158_CORD60,bdfc5c45623fbcfc0cf0ab734949f405e12cfa69f845c4c00d4f8ceeaae24930,alpha158,Liquidity,LiquidityTrading,-1.0,development_data_derived_not_economic_prior,26559c272310fd361fcb0c8de4b658b77946058241e4bf26ede281a71d64950b,3/3,3,3,pass,pass,pass,all_conditions_pass,all_conditions_pass,all_conditions_pass,-0.06334867538045524,3361,1.0,-0.9999999999999999,-0.011029743913869043,-0.004625143927890163,0.9285714285714286,-0.041095194696046375,-0.005519893041294022,0.0012528455151405,0.0090427193914192,0.9504365313300831,False,False,raw_universe_no_tradability_cost_test;correlated_native_profiles;development_derived_direction;recent_diagnostic_not_run
alpha158_CORR10,a6b42d2e3c3f29bce636474d96409265f0b32615886c4901695c8fc808b948e9,alpha158,Liquidity,LiquidityTrading,-1.0,development_data_derived_not_economic_prior,26559c272310fd361fcb0c8de4b658b77946058241e4bf26ede281a71d64950b,3/3,3,3,pass,pass,pass,all_conditions_pass,all_conditions_pass,all_conditions_pass,-0.0630580874687597,3361,1.0,-0.9999999999999999,-0.012560534308705512,-0.005078638877256772,0.7857142857142857,-0.043284858498404535,-0.0062868983258325545,0.0012528455151405,0.0090427193914192,0.9496944053368815,False,False,raw_universe_no_tradability_cost_test;correlated_native_profiles;development_derived_direction;recent_diagnostic_not_run
alpha158_CORR20,25ea27d85b01f77a6f9a60159977a52458003fae89fce6a292e6a05a3d351122,alpha158,Liquidity,LiquidityTrading,-1.0,development_data_derived_not_economic_prior,26559c272310fd361fcb0c8de4b658b77946058241e4bf26ede281a71d64950b,3/3,3,3,pass,pass,pass,all_conditions_pass,all_conditions_pass,all_conditions_pass,-0.0642413522979644,3361,1.0,-0.9999999999999999,-0.012955989118969113,-0.005219185931216037,0.7857142857142857,-0.04447735729374628,-0.006478435244025951,0.0012528455151405,0.0090427193914192,0.9501179793926297,False,False,raw_universe_no_tradability_cost_test;correlated_native_profiles;development_derived_direction;recent_diagnostic_not_run
alpha158_CORR30,7314578ef909655732442d51c4d786793dc48e21a0a67068d17dae69e888529c,alpha158,Liquidity,LiquidityTrading,-1.0,development_data_derived_not_economic_prior,26559c272310fd361fcb0c8de4b658b77946058241e4bf26ede281a71d64950b,3/3,3,3,pass,pass,pass,all_conditions_pass,all_conditions_pass,all_conditions_pass,-0.05788062766137623,3361,0.9285714285714286,-0.9999999999999999,-0.011448939703197858,-0.0046441689843226,0.7857142857142857,-0.03971115711274125,-0.0057341062265924584,0.0012528455151405,0.0090427193914192,0.9502796801144483,False,False,raw_universe_no_tradability_cost_test;correlated_native_profiles;development_derived_direction;recent_diagnostic_not_run
alpha158_CORR5,739e37e0e8f4af319ed8f9448d2bcf66e7cec07e48c74dd72ceb37fcb94f4d7e,alpha158,Liquidity,LiquidityTrading,-1.0,development_data_derived_not_economic_prior,26559c272310fd361fcb0c8de4b658b77946058241e4bf26ede281a71d64950b,3/3,3,3,pass,pass,pass,all_conditions_pass,all_conditions_pass,all_conditions_pass,-0.04788816997077663,3361,1.0,-0.9999999999999999,-0.009428976715622093,-0.003787316050498364,0.8571428571428571,-0.03299238234247065,-0.004714680128137254,0.0012528455151405,0.0090427193914192,0.9488528644669104,False,False,raw_universe_no_tradability_cost_test;correlated_native_profiles;development_derived_direction;recent_diagnostic_not_run
alpha158_CORR60,26fc550be58a30c0a0c33382c6501a4574dc5a4deced9e27bcfff897653ddb35,alpha158,Liquidity,LiquidityTrading,-1.0,development_data_derived_not_economic_prior,26559c272310fd361fcb0c8de4b658b77946058241e4bf26ede281a71d64950b,3/3,3,3,pass,pass,pass,all_conditions_pass,all_conditions_pass,all_conditions_pass,-0.035270359344438416,3361,0.7857142857142857,-0.9999999999999999,-0.007012244071694373,-0.002827013628325736,0.7857142857142857,-0.023962326179800958,-0.003508436541501915,0.0012528455151405,0.0090427193914192,0.9505241255355295,False,False,raw_universe_no_tradability_cost_test;correlated_native_profiles;development_derived_direction;recent_diagnostic_not_run
alpha158_HIGH0,a53222ac9f82e11710201f1de79085ec3dec2577c9f4dcc3250418e1458c4cd9,alpha158,Liquidity,LiquidityTrading,-1.0,development_data_derived_not_economic_prior,26559c272310fd361fcb0c8de4b658b77946058241e4bf26ede281a71d64950b,1/3,1,3,fail,pass,fail,positive_directional_quantile_spread;directional_quantile_monotonicity_080,all_conditions_pass,positive_directional_long_short,-0.022581204962835496,3361,0.9285714285714286,0.3,0.0005380691194597883,-0.0013500526993460973,0.7857142857142857,-0.012431788184838055,0.00020356997706600264,0.0012528455151405,0.0090427193914192,0.9473208751540098,False,False,raw_universe_no_tradability_cost_test;correlated_native_profiles;development_derived_direction;recent_diagnostic_not_run
alpha158_IMAX20,4ea9cbbe3de7fa37fb94fd35c6d1add3f232509c504e2bfbd363eb4f5b5b00a2,alpha158,VolatilityRisk,RiskLottery,-1.0,development_data_derived_not_economic_prior,26559c272310fd361fcb0c8de4b658b77946058241e4bf26ede281a71d64950b,3/3,3,3,pass,pass,pass,all_conditions_pass,all_conditions_pass,all_conditions_pass,-0.03366720408104273,3361,1.0,-0.8999999999999998,-0.007451294029933329,-0.002748803735879604,0.8571428571428571,-0.023248056490609924,-0.0029440299191887944,0.0012528455151405,0.0090427193914192,0.950411222969686,False,False,raw_universe_no_tradability_cost_test;correlated_native_profiles;development_derived_direction;recent_diagnostic_not_run
alpha158_IMAX30,d016c6991d066fe9214dffbaf133fe1aa8e1050e5ba114668c2acc8b0dc506be,alpha158,VolatilityRisk,RiskLottery,-1.0,development_data_derived_not_economic_prior,26559c272310fd361fcb0c8de4b658b77946058241e4bf26ede281a71d64950b,3/3,3,3,pass,pass,pass,all_conditions_pass,all_conditions_pass,all_conditions_pass,-0.040153826343523685,3361,1.0,-0.9999999999999999,-0.007922368465463233,-0.003288273336683828,0.8571428571428571,-0.027787061785122323,-0.00354578609014957,0.0012528455151405,0.0090427193914192,0.9504885119744916,False,False,raw_universe_no_tradability_cost_test;correlated_native_profiles;development_derived_direction;recent_diagnostic_not_run
alpha158_IMAX60,2f7b70ce7daddb26216d5e26efb36117cc77f66bc117c2fb917664a1febb9ee9,alpha158,VolatilityRisk,RiskLottery,-1.0,development_data_derived_not_economic_prior,26559c272310fd361fcb0c8de4b658b77946058241e4bf26ede281a71d64950b,2/3,2,3,fail,pass,pass,directional_quantile_monotonicity_080,all_conditions_pass,all_conditions_pass,-0.031208654181578383,3361,0.8571428571428571,-0.6,-0.004848861502063137,-0.0021271059930689697,0.7857142857142857,-0.019091706092248147,-0.0022620716522246454,0.0012528455151405,0.0090427193914192,0.9506086887996108,False,False,raw_universe_no_tradability_cost_test;correlated_native_profiles;development_derived_direction;recent_diagnostic_not_run
alpha158_IMIN20,941aef624dc215c9b48b466c6219e4f89dbb7b03322de5cd802be05ef0443596,alpha158,VolatilityRisk,RiskLottery,1.0,development_data_derived_not_economic_prior,26559c272310fd361fcb0c8de4b658b77946058241e4bf26ede281a71d64950b,2/3,2,3,fail,pass,pass,minimum_1260_quantile_dates;directional_quantile_monotonicity_080,all_conditions_pass,all_conditions_pass,0.032860021567712734,3361,0.9285714285714286,0.39999999999999997,0.0010045467389772267,0.002704489978583747,0.7857142857142857,0.020667361283551962,0.0030003759647605406,0.0012528455151405,0.0090427193914192,0.950411222969686,False,False,raw_universe_no_tradability_cost_test;correlated_native_profiles;development_derived_direction;recent_diagnostic_not_run
alpha158_IMIN30,f4b10f7d27e5b3dcbbdcc0363c4d501a5bdab5cfd4dd518bca8812fc333f2deb,alpha158,VolatilityRisk,RiskLottery,1.0,development_data_derived_not_economic_prior,26559c272310fd361fcb0c8de4b658b77946058241e4bf26ede281a71d64950b,3/3,3,3,pass,pass,pass,all_conditions_pass,all_conditions_pass,all_conditions_pass,0.03601749392413308,3361,0.8571428571428571,0.8999999999999998,0.002799032920115314,0.003022268167946192,0.7142857142857143,0.023653792750532348,0.003082158754886837,0.0012528455151405,0.0090427193914192,0.9504885119744916,False,False,raw_universe_no_tradability_cost_test;correlated_native_profiles;development_derived_direction;recent_diagnostic_not_run
alpha158_IMIN60,52191f95e978d5b3cbeaf421422cd1313e8e123a57e182af14d4090b71dacdf4,alpha158,VolatilityRisk,RiskLottery,1.0,development_data_derived_not_economic_prior,26559c272310fd361fcb0c8de4b658b77946058241e4bf26ede281a71d64950b,3/3,3,3,pass,pass,pass,all_conditions_pass,all_conditions_pass,all_conditions_pass,0.028980225629225528,3361,0.8571428571428571,0.8999999999999998,0.005041561931681035,0.0020002842902325933,0.7857142857142857,0.01777382757610599,0.0019637417972947634,0.0012528455151405,0.0090427193914192,0.9506086887996108,False,False,raw_universe_no_tradability_cost_test;correlated_native_profiles;development_derived_direction;recent_diagnostic_not_run
alpha158_IMXD20,ed87b1efc4dfe8fe4897b40f7c8a74ca733663ee8ecd40d7337bfd16dad8ffaa,alpha158,VolatilityRisk,RiskLottery,-1.0,development_data_derived_not_economic_prior,26559c272310fd361fcb0c8de4b658b77946058241e4bf26ede281a71d64950b,3/3,3,3,pass,pass,pass,all_conditions_pass,all_conditions_pass,all_conditions_pass,-0.040186407614739246,3361,1.0,-0.9999999999999999,-0.008164067474896626,-0.0033164126040016793,0.7857142857142857,-0.027242503910853467,-0.003681067897777566,0.0012528455151405,0.0090427193914192,0.950411222969686,False,False,raw_universe_no_tradability_cost_test;correlated_native_profiles;development_derived_direction;recent_diagnostic_not_run
alpha158_IMXD30,4604294f336e2ba31773b4092be51a07c4bb640f770a35baf3aa982f4688ca24,alpha158,VolatilityRisk,RiskLottery,-1.0,development_data_derived_not_economic_prior,26559c272310fd361fcb0c8de4b658b77946058241e4bf26ede281a71d64950b,3/3,3,3,pass,pass,pass,all_conditions_pass,all_conditions_pass,all_conditions_pass,-0.04842011505522426,3361,1.0,-0.9999999999999999,-0.009979552397804832,-0.003879159813019019,0.7142857142857143,-0.032125641758111265,-0.004444487542808051,0.0012528455151405,0.0090427193914192,0.9504885119744916,False,False,raw_universe_no_tradability_cost_test;correlated_native_profiles;development_derived_direction;recent_diagnostic_not_run
alpha158_IMXD60,5a28c7cbf637ff0a9fd27a991305a2ed01d6eb0a8d77fcaaa2f98902cb3d04ac,alpha158,VolatilityRisk,RiskLottery,-1.0,development_data_derived_not_economic_prior,26559c272310fd361fcb0c8de4b658b77946058241e4bf26ede281a71d64950b,3/3,3,3,pass,pass,pass,all_conditions_pass,all_conditions_pass,all_conditions_pass,-0.03838556343482851,3361,0.8571428571428571,-0.9999999999999999,-0.007536465825476584,-0.0025945124814397893,0.7142857142857143,-0.023123426352364557,-0.0033409067409060312,0.0012528455151405,0.0090427193914192,0.9506086887996108,False,False,raw_universe_no_tradability_cost_test;correlated_native_profiles;development_derived_direction;recent_diagnostic_not_run
alpha158_KLEN,786e4af6f66313ad0fdb1c94a5cefdd6e1a72f6cede4d6a569375c7cc82ff0de,alpha158,TradingBehavior,TradingBehavior,-1.0,development_data_derived_not_economic_prior,26559c272310fd361fcb0c8de4b658b77946058241e4bf26ede281a71d64950b,2/3,2,3,fail,pass,pass,directional_quantile_monotonicity_080,all_conditions_pass,all_conditions_pass,-0.05500647075809815,3361,1.0,-0.3,-0.004678782988732952,-0.003964784434758942,0.9285714285714286,-0.034105943201546904,-0.0023840099389942767,0.0012528455151405,0.0090427193914192,0.9473208751540098,False,False,raw_universe_no_tradability_cost_test;correlated_native_profiles;development_derived_direction;recent_diagnostic_not_run
alpha158_KLOW,205cca5a5a3dbc8184f2ec0dff21b36bfa13e62b9fd2259b5e4af2d22624c2e7,alpha158,TradingBehavior,TradingBehavior,-1.0,development_data_derived_not_economic_prior,26559c272310fd361fcb0c8de4b658b77946058241e4bf26ede281a71d64950b,2/3,2,3,fail,pass,pass,directional_quantile_monotonicity_080,all_conditions_pass,all_conditions_pass,-0.03505179794015457,3361,1.0,-0.7,-0.004731588171786885,-0.0036446953224136135,1.0,-0.02805352348953995,-0.0027816666767310266,0.0012528455151405,0.0090427193914192,0.9473208751540098,False,False,raw_universe_no_tradability_cost_test;correlated_native_profiles;development_derived_direction;recent_diagnostic_not_run
alpha158_KUP,802928ee6eebb39a9f2629c201d296538224fbcb1f7fd43f864fd22f84f639c4,alpha158,TradingBehavior,TradingBehavior,-1.0,development_data_derived_not_economic_prior,26559c272310fd361fcb0c8de4b658b77946058241e4bf26ede281a71d64950b,2/3,2,3,fail,pass,pass,directional_quantile_monotonicity_080,all_conditions_pass,all_conditions_pass,-0.02591259077828761,3361,1.0,-0.09999999999999999,-0.0010559342641141747,-0.002504435783193106,0.9285714285714286,-0.02081320282999988,-0.0006266963493962807,0.0012528455151405,0.0090427193914192,0.9473208751540098,False,False,raw_universe_no_tradability_cost_test;correlated_native_profiles;development_derived_direction;recent_diagnostic_not_run
alpha158_LOW0,608ee3d8351bf133ab8ed276c6626efee106e59c2d8fcbb2cd5357375046f26b,alpha158,Liquidity,LiquidityTrading,1.0,development_data_derived_not_economic_prior,26559c272310fd361fcb0c8de4b658b77946058241e4bf26ede281a71d64950b,2/3,2,3,fail,pass,pass,directional_quantile_monotonicity_080,all_conditions_pass,all_conditions_pass,0.040051236358124576,3361,1.0,0.09999999999999999,0.005030665997976635,0.005039964394514216,1.0,0.03672837951572809,0.0027466402173696625,0.0012528455151405,0.0090427193914192,0.9473208751540098,False,False,raw_universe_no_tradability_cost_test;correlated_native_profiles;development_derived_direction;recent_diagnostic_not_run
alpha158_MA10,ffe8ab656d6e10db83273e6b34d9f328dd2301aa4cbfc77b69fbe43690de9a87,alpha158,VolatilityRisk,RiskLottery,1.0,development_data_derived_not_economic_prior,26559c272310fd361fcb0c8de4b658b77946058241e4bf26ede281a71d64950b,2/3,2,3,fail,pass,pass,directional_quantile_monotonicity_080,all_conditions_pass,all_conditions_pass,0.032392520392391225,3361,0.9285714285714286,0.3,0.00663980174846159,0.003783762324974083,0.8571428571428571,0.029179798011721114,0.003325636407483834,0.0012528455151405,0.0090427193914192,0.9473208751540098,False,False,raw_universe_no_tradability_cost_test;correlated_native_profiles;development_derived_direction;recent_diagnostic_not_run
alpha158_MA20,8da92b6680ac706890b11d3efdf1edb8514a0ac4253a08cb6ffeb76c162b42dc,alpha158,VolatilityRisk,RiskLottery,1.0,development_data_derived_not_economic_prior,26559c272310fd361fcb0c8de4b658b77946058241e4bf26ede281a71d64950b,2/3,2,3,fail,pass,pass,directional_quantile_monotonicity_080,all_conditions_pass,all_conditions_pass,0.0510977985056154,3361,1.0,0.7,0.010056478922564784,0.005256403314018392,0.9285714285714286,0.040630119644223785,0.005038479141539214,0.0012528455151405,0.0090427193914192,0.9473208751540098,False,False,raw_universe_no_tradability_cost_test;correlated_native_profiles;development_derived_direction;recent_diagnostic_not_run
alpha158_MA30,302071e9ab47aa601fa44cfe4d1b199d1b48f7f5cae8ec77c20e5298f1b25cc4,alpha158,VolatilityRisk,RiskLottery,1.0,development_data_derived_not_economic_prior,26559c272310fd361fcb0c8de4b658b77946058241e4bf26ede281a71d64950b,3/3,3,3,pass,pass,pass,all_conditions_pass,all_conditions_pass,all_conditions_pass,0.06226877714016755,3361,1.0,0.8999999999999998,0.011988013120359258,0.006023843919202754,0.8571428571428571,0.04737742366227364,0.005996938513331519,0.0012528455151405,0.0090427193914192,0.9473208751540098,False,False,raw_universe_no_tradability_cost_test;correlated_native_profiles;development_derived_direction;recent_diagnostic_not_run
alpha158_MA5,928799c7cda19dda668df0f0a147d1e0232d9aad23a79b32e8519bd3dd46d952,alpha158,VolatilityRisk,RiskLottery,1.0,development_data_derived_not_economic_prior,26559c272310fd361fcb0c8de4b658b77946058241e4bf26ede281a71d64950b,2/3,2,3,fail,pass,pass,directional_quantile_monotonicity_080,all_conditions_pass,all_conditions_pass,0.022209798450331737,3361,0.9285714285714286,0.3,0.004975648232814845,0.003014137874531048,0.8571428571428571,0.022970259591773425,0.002493548768170704,0.0012528455151405,0.0090427193914192,0.9473208751540098,False,False,raw_universe_no_tradability_cost_test;correlated_native_profiles;development_derived_direction;recent_diagnostic_not_run
alpha158_MA60,5dbcc4f3e43e5695423ba26936e4bf8d8728758fa3736588c2f637c54dc40fea,alpha158,VolatilityRisk,RiskLottery,1.0,development_data_derived_not_economic_prior,26559c272310fd361fcb0c8de4b658b77946058241e4bf26ede281a71d64950b,3/3,3,3,pass,pass,pass,all_conditions_pass,all_conditions_pass,all_conditions_pass,0.07177663785860647,3361,0.9285714285714286,0.9999999999999999,0.01295497678095199,0.0062431601561242995,0.7857142857142857,0.050727366202456596,0.006484797031753377,0.0012528455151405,0.0090427193914192,0.9473208751540098,False,False,raw_universe_no_tradability_cost_test;correlated_native_profiles;development_derived_direction;recent_diagnostic_not_run
alpha158_MAX5,9bb678101164f27038ab041927dfaa645c38e0bd12f17616ee5720943fad35ee,alpha158,VolatilityRisk,RiskLottery,-1.0,development_data_derived_not_economic_prior,26559c272310fd361fcb0c8de4b658b77946058241e4bf26ede281a71d64950b,2/3,2,3,fail,pass,pass,directional_quantile_monotonicity_080,all_conditions_pass,all_conditions_pass,-0.02310791539641168,3361,0.7857142857142857,-0.09999999999999999,-0.0005589671903158959,-0.0017816718409675034,0.7857142857142857,-0.01507866316308555,-0.0002994988292352279,0.0012528455151405,0.0090427193914192,0.9473208751540098,False,False,raw_universe_no_tradability_cost_test;correlated_native_profiles;development_derived_direction;recent_diagnostic_not_run
alpha158_MIN10,9b7b834ef366a9e0f8006ee53dba43983fdce01e36c9aa115fd8497ef9cbfd95,alpha158,VolatilityRisk,RiskLottery,1.0,development_data_derived_not_economic_prior,26559c272310fd361fcb0c8de4b658b77946058241e4bf26ede281a71d64950b,2/3,2,3,fail,pass,pass,directional_quantile_monotonicity_080,all_conditions_pass,all_conditions_pass,0.04529461395316144,3361,1.0,0.09999999999999999,0.004481835479171067,0.004337005523655013,0.8571428571428571,0.034958079212466374,0.0023824052874189356,0.0012528455151405,0.0090427193914192,0.9473208751540098,False,False,raw_universe_no_tradability_cost_test;correlated_native_profiles;development_derived_direction;recent_diagnostic_not_run
alpha158_MIN20,39c8a7b533f0cbd19e5a455ded06c55bb463cb87dbab7c23d341c6cf32d4b666,alpha158,VolatilityRisk,RiskLottery,1.0,development_data_derived_not_economic_prior,26559c272310fd361fcb0c8de4b658b77946058241e4bf26ede281a71d64950b,2/3,2,3,fail,pass,pass,directional_quantile_monotonicity_080,all_conditions_pass,all_conditions_pass,0.05154778589736596,3361,1.0,0.3,0.005093101620162553,0.004373070872948543,0.8571428571428571,0.036483868858150754,0.0027017594636425148,0.0012528455151405,0.0090427193914192,0.9473208751540098,False,False,raw_universe_no_tradability_cost_test;correlated_native_profiles;development_derived_direction;recent_diagnostic_not_run
alpha158_MIN30,b9bb624f22820fc5b2099b425ff529b1f17d95a215797038797f451d4e9309a1,alpha158,VolatilityRisk,RiskLottery,1.0,development_data_derived_not_economic_prior,26559c272310fd361fcb0c8de4b658b77946058241e4bf26ede281a71d64950b,2/3,2,3,fail,pass,pass,directional_quantile_monotonicity_080,all_conditions_pass,all_conditions_pass,0.05589968498815847,3361,1.0,0.3,0.005286910354676195,0.004307345760396097,0.8571428571428571,0.037223727022480925,0.002801076455307721,0.0012528455151405,0.0090427193914192,0.9473208751540098,False,False,raw_universe_no_tradability_cost_test;correlated_native_profiles;development_derived_direction;recent_diagnostic_not_run
alpha158_MIN5,c91347c77022aaa2617ae451e2916246ba357df550113fcb0db515bd03135590,alpha158,VolatilityRisk,RiskLottery,1.0,development_data_derived_not_economic_prior,26559c272310fd361fcb0c8de4b658b77946058241e4bf26ede281a71d64950b,2/3,2,3,fail,pass,pass,directional_quantile_monotonicity_080,all_conditions_pass,all_conditions_pass,0.04349485054777034,3361,1.0,0.09999999999999999,0.004751546511456311,0.004641209314904077,0.8571428571428571,0.03619459992331282,0.0025562336384992988,0.0012528455151405,0.0090427193914192,0.9473208751540098,False,False,raw_universe_no_tradability_cost_test;correlated_native_profiles;development_derived_direction;recent_diagnostic_not_run
alpha158_MIN60,96805e66d17abf52f9b401fd48a45ee8ee4172186592f2319adb5ef14b6f9b35,alpha158,VolatilityRisk,RiskLottery,1.0,development_data_derived_not_economic_prior,26559c272310fd361fcb0c8de4b658b77946058241e4bf26ede281a71d64950b,2/3,2,3,fail,pass,pass,directional_quantile_monotonicity_080,all_conditions_pass,all_conditions_pass,0.06151499849914756,3361,0.9285714285714286,0.3,0.0058045654712389014,0.004307899957126019,0.8571428571428571,0.03868069254307399,0.0030177146714034965,0.0012528455151405,0.0090427193914192,0.9473208751540098,False,False,raw_universe_no_tradability_cost_test;correlated_native_profiles;development_derived_direction;recent_diagnostic_not_run
alpha158_QTLD10,e063c3f500dccca5928dd4cc91d305f9a5c910fb303f6815c9caf42a4d169f42,alpha158,VolatilityRisk,RiskLottery,1.0,development_data_derived_not_economic_prior,26559c272310fd361fcb0c8de4b658b77946058241e4bf26ede281a71d64950b,2/3,2,3,fail,pass,pass,directional_quantile_monotonicity_080,all_conditions_pass,all_conditions_pass,0.03881953935289091,3361,1.0,0.3,0.006361982654817351,0.004714958044905045,0.9285714285714286,0.03521726310434411,0.003188378346432134,0.0012528455151405,0.0090427193914192,0.9473208751540098,False,False,raw_universe_no_tradability_cost_test;correlated_native_profiles;development_derived_direction;recent_diagnostic_not_run
alpha158_QTLD20,1964cbcc43dff079a7e33f6fd6365801bb37564f53655a7aa559d283021033c4,alpha158,VolatilityRisk,RiskLottery,1.0,development_data_derived_not_economic_prior,26559c272310fd361fcb0c8de4b658b77946058241e4bf26ede281a71d64950b,2/3,2,3,fail,pass,pass,directional_quantile_monotonicity_080,all_conditions_pass,all_conditions_pass,0.0533979623888495,3361,1.0,0.6,0.008641157292635671,0.0054161783724098935,0.9285714285714286,0.04182031600522899,0.004331412263682892,0.0012528455151405,0.0090427193914192,0.9473208751540098,False,False,raw_universe_no_tradability_cost_test;correlated_native_profiles;development_derived_direction;recent_diagnostic_not_run
alpha158_QTLD30,94f708d9987339e7f76d9f0ac08742b1b47036e0f69e199b48eeee4377ded38d,alpha158,VolatilityRisk,RiskLottery,1.0,development_data_derived_not_economic_prior,26559c272310fd361fcb0c8de4b658b77946058241e4bf26ede281a71d64950b,2/3,2,3,fail,pass,pass,directional_quantile_monotonicity_080,all_conditions_pass,all_conditions_pass,0.06277429904951619,3361,1.0,0.7,0.01003088473395816,0.005869799114720459,0.8571428571428571,0.046474921976493055,0.005019511076973355,0.0012528455151405,0.0090427193914192,0.9473208751540098,False,False,raw_universe_no_tradability_cost_test;correlated_native_profiles;development_derived_direction;recent_diagnostic_not_run
alpha158_QTLD5,433b32e3dce7ef95b77ebc30e0521c924b0a95c4a4434383d52c2fe4f83e2a57,alpha158,VolatilityRisk,RiskLottery,1.0,development_data_derived_not_economic_prior,26559c272310fd361fcb0c8de4b658b77946058241e4bf26ede281a71d64950b,2/3,2,3,fail,pass,pass,directional_quantile_monotonicity_080,all_conditions_pass,all_conditions_pass,0.02941540466907685,3361,1.0,0.09999999999999999,0.005090229232345043,0.004435365689274462,0.9285714285714286,0.03161833114205002,0.002558787858555569,0.0012528455151405,0.0090427193914192,0.9473208751540098,False,False,raw_universe_no_tradability_cost_test;correlated_native_profiles;development_derived_direction;recent_diagnostic_not_run
alpha158_QTLD60,3e8484780115661b43a43ed507e2a8822d1fa0ddeaf84c954bf118e1c5d642ad,alpha158,VolatilityRisk,RiskLottery,1.0,development_data_derived_not_economic_prior,26559c272310fd361fcb0c8de4b658b77946058241e4bf26ede281a71d64950b,3/3,3,3,pass,pass,pass,all_conditions_pass,all_conditions_pass,all_conditions_pass,0.07286408648058111,3361,1.0,0.8999999999999998,0.01104277994358845,0.005983952080638222,0.8571428571428571,0.04912109111264304,0.00552683872512145,0.0012528455151405,0.0090427193914192,0.9473208751540098,False,False,raw_universe_no_tradability_cost_test;correlated_native_profiles;development_derived_direction;recent_diagnostic_not_run
alpha158_QTLU20,31a8751aaea1853a59125c1aed3a73d075eca4c5f6db19b6b1697513c0c27972,alpha158,VolatilityRisk,RiskLottery,1.0,development_data_derived_not_economic_prior,26559c272310fd361fcb0c8de4b658b77946058241e4bf26ede281a71d64950b,2/3,2,3,fail,pass,pass,directional_quantile_monotonicity_080,all_conditions_pass,all_conditions_pass,0.038532405847560035,3361,0.9285714285714286,0.7,0.009462293734112096,0.004284973914070234,0.7142857142857143,0.03281339747524843,0.004741311801365898,0.0012528455151405,0.0090427193914192,0.9473208751540098,False,False,raw_universe_no_tradability_cost_test;correlated_native_profiles;development_derived_direction;recent_diagnostic_not_run
alpha158_QTLU30,8268a3db37ea004658c474b3a0fc82a1ed96398627e88e447d30a67218b9aae2,alpha158,VolatilityRisk,RiskLottery,1.0,development_data_derived_not_economic_prior,26559c272310fd361fcb0c8de4b658b77946058241e4bf26ede281a71d64950b,3/3,3,3,pass,pass,pass,all_conditions_pass,all_conditions_pass,all_conditions_pass,0.05062418103666363,3361,0.8571428571428571,0.9999999999999999,0.011673817573265566,0.005283754102056693,0.7857142857142857,0.04070406145278337,0.005845370280994623,0.0012528455151405,0.0090427193914192,0.9473208751540098,False,False,raw_universe_no_tradability_cost_test;correlated_native_profiles;development_derived_direction;recent_diagnostic_not_run
alpha158_QTLU60,3c59bd7833cd81c43a5f39b4f955896698272a19dffff499439abd8d785a7a48,alpha158,VolatilityRisk,RiskLottery,1.0,development_data_derived_not_economic_prior,26559c272310fd361fcb0c8de4b658b77946058241e4bf26ede281a71d64950b,3/3,3,3,pass,pass,pass,all_conditions_pass,all_conditions_pass,all_conditions_pass,0.060726557827153874,3361,0.8571428571428571,0.9999999999999999,0.012851366973299276,0.005681927443914398,0.7857142857142857,0.04499441702890125,0.006430978899622661,0.0012528455151405,0.0090427193914192,0.9473208751540098,False,False,raw_universe_no_tradability_cost_test;correlated_native_profiles;development_derived_direction;recent_diagnostic_not_run
alpha158_RANK10,16e8a2839bb68ea2179409f53a7286b0c8b658600b8566ae895ab93a2ce446fa,alpha158,VolatilityRisk,RiskLottery,-1.0,development_data_derived_not_economic_prior,26559c272310fd361fcb0c8de4b658b77946058241e4bf26ede281a71d64950b,2/3,2,3,fail,pass,pass,directional_quantile_monotonicity_080,all_conditions_pass,all_conditions_pass,-0.021149373852541523,3361,0.8571428571428571,-0.39999999999999997,-0.0038919102890329466,-0.0019608708387237935,0.7142857142857143,-0.013940719464791217,-0.0013560882640884435,0.0012528455151405,0.0090427193914192,0.9473208751540098,False,False,raw_universe_no_tradability_cost_test;correlated_native_profiles;development_derived_direction;recent_diagnostic_not_run
alpha158_RANK20,36c233f73df57361205d57c0eb26fecda695e6d90c6f55bb42afc8f13e7c4566,alpha158,VolatilityRisk,RiskLottery,-1.0,development_data_derived_not_economic_prior,26559c272310fd361fcb0c8de4b658b77946058241e4bf26ede281a71d64950b,2/3,2,3,fail,pass,pass,directional_quantile_monotonicity_080,all_conditions_pass,all_conditions_pass,-0.03397897045496079,3361,0.9285714285714286,-0.3,-0.004800198180164238,-0.0029409099901905847,0.7142857142857143,-0.022065346940891246,-0.002624151419025304,0.0012528455151405,0.0090427193914192,0.9473208751540098,False,False,raw_universe_no_tradability_cost_test;correlated_native_profiles;development_derived_direction;recent_diagnostic_not_run
alpha158_RANK30,91f4349d48710dfe124ffcbb0fb0566488389b56e25eb751674e99b644b4100c,alpha158,VolatilityRisk,RiskLottery,-1.0,development_data_derived_not_economic_prior,26559c272310fd361fcb0c8de4b658b77946058241e4bf26ede281a71d64950b,2/3,2,3,fail,pass,pass,directional_quantile_monotonicity_080,all_conditions_pass,all_conditions_pass,-0.041978136598779456,3361,1.0,-0.3,-0.005629892151764678,-0.0034887574598245126,0.7142857142857143,-0.02691441946971848,-0.0032029887237805675,0.0012528455151405,0.0090427193914192,0.9473208751540098,False,False,raw_universe_no_tradability_cost_test;correlated_native_profiles;development_derived_direction;recent_diagnostic_not_run
alpha158_RANK60,f11ec19c9ef197bc0737677f869a3a2787cb057bee2193df320eb7b72692651e,alpha158,VolatilityRisk,RiskLottery,-1.0,development_data_derived_not_economic_prior,26559c272310fd361fcb0c8de4b658b77946058241e4bf26ede281a71d64950b,2/3,2,3,fail,pass,pass,directional_quantile_monotonicity_080,all_conditions_pass,all_conditions_pass,-0.05093443860180316,3361,0.9285714285714286,-0.7,-0.0063944978087675025,-0.003957994281112214,0.7142857142857143,-0.03065032504680596,-0.003636116542209982,0.0012528455151405,0.0090427193914192,0.9473208751540098,False,False,raw_universe_no_tradability_cost_test;correlated_native_profiles;development_derived_direction;recent_diagnostic_not_run
alpha158_RESI60,287d7904e3f6c481ce2d140003baa90fce7eb758606ff65f0bb12fc946312961,alpha158,VolatilityRisk,RiskLottery,-1.0,development_data_derived_not_economic_prior,26559c272310fd361fcb0c8de4b658b77946058241e4bf26ede281a71d64950b,2/3,2,3,fail,pass,pass,directional_quantile_monotonicity_080,all_conditions_pass,all_conditions_pass,-0.031281681326082875,3361,0.8571428571428571,-0.3,-0.007177179051961115,-0.003581899028610422,0.8571428571428571,-0.02522122637449506,-0.003597787976542047,0.0012528455151405,0.0090427193914192,0.9472413129431805,False,False,raw_universe_no_tradability_cost_test;correlated_native_profiles;development_derived_direction;recent_diagnostic_not_run
alpha158_ROC10,db99dc2e778f290a65bb1a52ffe657e14cf22fc2b6e86569de1f3bde0f33374f,alpha158,VolatilityRisk,RiskLottery,1.0,development_data_derived_not_economic_prior,26559c272310fd361fcb0c8de4b658b77946058241e4bf26ede281a71d64950b,2/3,2,3,fail,pass,pass,directional_quantile_monotonicity_080,all_conditions_pass,all_conditions_pass,0.041740150431890374,3361,1.0,0.7,0.008353281702819952,0.004258718090950738,0.7857142857142857,0.03289847256278483,0.004177747870588374,0.0012528455151405,0.0090427193914192,0.9377682572541793,False,False,raw_universe_no_tradability_cost_test;correlated_native_profiles;development_derived_direction;recent_diagnostic_not_run
alpha158_ROC20,371bd92c3dd5b3701e1f37bc80b950f55d55bb03af4ac47662a3da3f3f8231bc,alpha158,VolatilityRisk,RiskLottery,1.0,development_data_derived_not_economic_prior,26559c272310fd361fcb0c8de4b658b77946058241e4bf26ede281a71d64950b,3/3,3,3,pass,pass,pass,all_conditions_pass,all_conditions_pass,all_conditions_pass,0.0631637626962849,3361,1.0,0.9999999999999999,0.012084283389298562,0.0058420166426411315,0.8571428571428571,0.046161455184791395,0.006048092586561051,0.0012528455151405,0.0090427193914192,0.9351075453769809,False,False,raw_universe_no_tradability_cost_test;correlated_native_profiles;development_derived_direction;recent_diagnostic_not_run
alpha158_ROC30,0fe5c7540a1e6c23c984be516772876571826c90bb2ec6e81add89e10bf82e4d,alpha158,VolatilityRisk,RiskLottery,1.0,development_data_derived_not_economic_prior,26559c272310fd361fcb0c8de4b658b77946058241e4bf26ede281a71d64950b,3/3,3,3,pass,pass,pass,all_conditions_pass,all_conditions_pass,all_conditions_pass,0.06866374680373998,3361,1.0,0.9999999999999999,0.012618845954982794,0.005932133272349288,0.7857142857142857,0.047999332287187176,0.006320325462385734,0.0012528455151405,0.0090427193914192,0.9332027502761945,False,False,raw_universe_no_tradability_cost_test;correlated_native_profiles;development_derived_direction;recent_diagnostic_not_run
alpha158_ROC5,7241e0adb99cdfbb7ddeb2c0ffd69971d220264b5dac14b2f04194f9c2b610c6,alpha158,VolatilityRisk,RiskLottery,1.0,development_data_derived_not_economic_prior,26559c272310fd361fcb0c8de4b658b77946058241e4bf26ede281a71d64950b,2/3,2,3,fail,pass,pass,directional_quantile_monotonicity_080,all_conditions_pass,all_conditions_pass,0.028581224876945848,3361,1.0,0.3,0.006113084430891596,0.0033191050628574572,0.8571428571428571,0.025578667778589654,0.003059157147649439,0.0012528455151405,0.0090427193914192,0.9402118021825808,False,False,raw_universe_no_tradability_cost_test;correlated_native_profiles;development_derived_direction;recent_diagnostic_not_run
alpha158_ROC60,8cc401a6187875cb70fe26b00c6107bb8a6ad1342874b9e5e39f0eb661f77620,alpha158,VolatilityRisk,RiskLottery,1.0,development_data_derived_not_economic_prior,26559c272310fd361fcb0c8de4b658b77946058241e4bf26ede281a71d64950b,3/3,3,3,pass,pass,pass,all_conditions_pass,all_conditions_pass,all_conditions_pass,0.06061833038253814,3361,0.9285714285714286,0.9999999999999999,0.009837705652062545,0.004698979795359658,0.7857142857142857,0.04046711658411907,0.004928089884995865,0.0012528455151405,0.0090427193914192,0.9300407206972378,False,False,raw_universe_no_tradability_cost_test;correlated_native_profiles;development_derived_direction;recent_diagnostic_not_run
alpha158_RSV20,f1db2cb0e8fe56d00c3ff10c6f14584813d4c9afd5a275bd5a5fdfaa3b9db142,alpha158,VolatilityRisk,RiskLottery,-1.0,development_data_derived_not_economic_prior,26559c272310fd361fcb0c8de4b658b77946058241e4bf26ede281a71d64950b,2/3,2,3,fail,pass,pass,directional_quantile_monotonicity_080,all_conditions_pass,all_conditions_pass,-0.025305439462916742,3361,0.8571428571428571,-0.3,-0.0032323042205837397,-0.002119190092316258,0.6428571428571429,-0.015824868042626238,-0.0017927546463785496,0.0012528455151405,0.0090427193914192,0.9473208751540098,False,False,raw_universe_no_tradability_cost_test;correlated_native_profiles;development_derived_direction;recent_diagnostic_not_run
alpha158_RSV30,f4d967a25f64fa29da03455a71090c09dd88926efa9ed7780c3977eb47c75f39,alpha158,VolatilityRisk,RiskLottery,-1.0,development_data_derived_not_economic_prior,26559c272310fd361fcb0c8de4b658b77946058241e4bf26ede281a71d64950b,2/3,2,3,fail,pass,pass,directional_quantile_monotonicity_080,all_conditions_pass,all_conditions_pass,-0.03398237537968191,3361,0.9285714285714286,-0.3,-0.004525965489791708,-0.002659051705456757,0.7142857142857143,-0.020420367998603337,-0.0024451539581841386,0.0012528455151405,0.0090427193914192,0.9473208751540098,False,False,raw_universe_no_tradability_cost_test;correlated_native_profiles;development_derived_direction;recent_diagnostic_not_run
alpha158_RSV60,79c9801f9b119ea58f9df3ffb392f509dcfe92dbc90001414062215423a3cbcf,alpha158,VolatilityRisk,RiskLottery,-1.0,development_data_derived_not_economic_prior,26559c272310fd361fcb0c8de4b658b77946058241e4bf26ede281a71d64950b,2/3,2,3,fail,pass,pass,directional_quantile_monotonicity_080,all_conditions_pass,all_conditions_pass,-0.042093137479883795,3361,0.7857142857142857,-0.7,-0.004932466220616418,-0.002803553431541139,0.7857142857142857,-0.02223191703881003,-0.0026005525931880845,0.0012528455151405,0.0090427193914192,0.9473208751540098,False,False,raw_universe_no_tradability_cost_test;correlated_native_profiles;development_derived_direction;recent_diagnostic_not_run
alpha158_STD10,0e20a814137c84a522a3edc358bfa75b84b7a1f9fe7558d00f3d000c835303fc,alpha158,VolatilityRisk,RiskLottery,-1.0,development_data_derived_not_economic_prior,26559c272310fd361fcb0c8de4b658b77946058241e4bf26ede281a71d64950b,2/3,2,3,fail,pass,pass,directional_quantile_monotonicity_080,all_conditions_pass,all_conditions_pass,-0.035885469897231265,3361,0.8571428571428571,-0.09999999999999999,-0.00022771187799119663,-0.001756466293132899,0.7142857142857143,-0.017565408537381692,-0.00011245533852664828,0.0012528455151405,0.0090427193914192,0.946829862652892,False,False,raw_universe_no_tradability_cost_test;correlated_native_profiles;development_derived_direction;recent_diagnostic_not_run
alpha158_STD5,59a30f50e3950bdf928f54dcc5245e675b1a99f604b4be4a3649efafb4331f30,alpha158,VolatilityRisk,RiskLottery,-1.0,development_data_derived_not_economic_prior,26559c272310fd361fcb0c8de4b658b77946058241e4bf26ede281a71d64950b,2/3,2,3,fail,pass,pass,directional_quantile_monotonicity_080,all_conditions_pass,all_conditions_pass,-0.03742174080011114,3361,0.9285714285714286,-0.09999999999999999,-0.0014499430816848219,-0.002429727466588981,0.7857142857142857,-0.021966740460026012,-0.0007233662122564423,0.0012528455151405,0.0090427193914192,0.946425383527743,False,False,raw_universe_no_tradability_cost_test;correlated_native_profiles;development_derived_direction;recent_diagnostic_not_run
alpha158_SUMD10,e5b484969f14d4d6760afe4285c0a3534fd0334350df032c3ae7e29629247b7e,alpha158,MomentumTrend,ReturnDynamics,-1.0,development_data_derived_not_economic_prior,26559c272310fd361fcb0c8de4b658b77946058241e4bf26ede281a71d64950b,2/3,2,3,fail,pass,pass,directional_quantile_monotonicity_080,all_conditions_pass,all_conditions_pass,-0.025641935725462257,3361,0.8571428571428571,-0.3,-0.003533987391522288,-0.001604657008686668,0.6428571428571429,-0.012765094535159196,-0.0017665484805233784,0.0012528455151405,0.0090427193914192,0.949726684862418,False,False,raw_universe_no_tradability_cost_test;correlated_native_profiles;development_derived_direction;recent_diagnostic_not_run
alpha158_SUMD20,aca0a1d1ae4fee21c031059afa7077252631f25e01c7cf437c3b9cf611740f8c,alpha158,MomentumTrend,ReturnDynamics,-1.0,development_data_derived_not_economic_prior,26559c272310fd361fcb0c8de4b658b77946058241e4bf26ede281a71d64950b,2/3,2,3,fail,pass,pass,directional_quantile_monotonicity_080,all_conditions_pass,all_conditions_pass,-0.04600049204452458,3361,1.0,-0.7,-0.007359239849051806,-0.0031866373402917097,0.7142857142857143,-0.026042127485127034,-0.0036792550937823306,0.0012528455151405,0.0090427193914192,0.9501279814991339,False,False,raw_universe_no_tradability_cost_test;correlated_native_profiles;development_derived_direction;recent_diagnostic_not_run
alpha158_SUMD30,07c611239236412987384f63a2a7d47ff5b0f584f9483b1849db30aa6774d00d,alpha158,MomentumTrend,ReturnDynamics,-1.0,development_data_derived_not_economic_prior,26559c272310fd361fcb0c8de4b658b77946058241e4bf26ede281a71d64950b,3/3,3,3,pass,pass,pass,all_conditions_pass,all_conditions_pass,all_conditions_pass,-0.0533454843894492,3361,1.0,-0.9999999999999999,-0.008605242358682631,-0.003585273161805543,0.7142857142857143,-0.029906973144940594,-0.004309724990853,0.0012528455151405,0.0090427193914192,0.9502863481854512,False,False,raw_universe_no_tradability_cost_test;correlated_native_profiles;development_derived_direction;recent_diagnostic_not_run
alpha158_SUMD60,1da044acdcf268e8571e1296fb5a1783c3110acdc2e84e4a684f99de1f74db7a,alpha158,MomentumTrend,ReturnDynamics,-1.0,development_data_derived_not_economic_prior,26559c272310fd361fcb0c8de4b658b77946058241e4bf26ede281a71d64950b,3/3,3,3,pass,pass,pass,all_conditions_pass,all_conditions_pass,all_conditions_pass,-0.04941089068268757,3361,0.8571428571428571,-0.9999999999999999,-0.006775538170637402,-0.0027931875587223318,0.6428571428571429,-0.025392003868348424,-0.0033873150267600552,0.0012528455151405,0.0090427193914192,0.9505286719475768,False,False,raw_universe_no_tradability_cost_test;correlated_native_profiles;development_derived_direction;recent_diagnostic_not_run
alpha158_SUMN10,acaccbda8f45097267fee70892bc8a7b7920208c92a19afc706900899c876261,alpha158,MomentumTrend,ReturnDynamics,1.0,development_data_derived_not_economic_prior,26559c272310fd361fcb0c8de4b658b77946058241e4bf26ede281a71d64950b,2/3,2,3,fail,pass,pass,directional_quantile_monotonicity_080,all_conditions_pass,all_conditions_pass,0.025638783597038424,3361,0.8571428571428571,0.3,0.003523315520993802,0.0016041987714967476,0.6428571428571429,0.012760416076381688,0.0017658410446728873,0.0012528455151405,0.0090427193914192,0.949726684862418,False,False,raw_universe_no_tradability_cost_test;correlated_native_profiles;development_derived_direction;recent_diagnostic_not_run
alpha158_SUMN20,e892270f8c5b2a2b34f7d3a6bcb1b19a53f4a9a2744a42464bff561135a7e805,alpha158,MomentumTrend,ReturnDynamics,1.0,development_data_derived_not_economic_prior,26559c272310fd361fcb0c8de4b658b77946058241e4bf26ede281a71d64950b,2/3,2,3,fail,pass,pass,directional_quantile_monotonicity_080,all_conditions_pass,all_conditions_pass,0.04600098038573145,3361,1.0,0.7,0.007359039447414782,0.0031866183813517926,0.7142857142857143,0.026041746037059183,0.0036796478356381627,0.0012528455151405,0.0090427193914192,0.9501279814991339,False,False,raw_universe_no_tradability_cost_test;correlated_native_profiles;development_derived_direction;recent_diagnostic_not_run
alpha158_SUMN30,f750b0d12dc9f4073955c2760f315da6dd3a51e8233947c1774faac1d747540a,alpha158,MomentumTrend,ReturnDynamics,1.0,development_data_derived_not_economic_prior,26559c272310fd361fcb0c8de4b658b77946058241e4bf26ede281a71d64950b,3/3,3,3,pass,pass,pass,all_conditions_pass,all_conditions_pass,all_conditions_pass,0.05334586789754838,3361,1.0,0.9999999999999999,0.00860238215225702,0.003585049911346395,0.7142857142857143,0.029906148201036976,0.004309492200268659,0.0012528455151405,0.0090427193914192,0.9502863481854512,False,False,raw_universe_no_tradability_cost_test;correlated_native_profiles;development_derived_direction;recent_diagnostic_not_run
alpha158_SUMN60,fa7510718fe4c636d626a533edb38df34e49cd1f3e682b558d14a6d40d351444,alpha158,MomentumTrend,ReturnDynamics,1.0,development_data_derived_not_economic_prior,26559c272310fd361fcb0c8de4b658b77946058241e4bf26ede281a71d64950b,3/3,3,3,pass,pass,pass,all_conditions_pass,all_conditions_pass,all_conditions_pass,0.049410895415354934,3361,0.8571428571428571,0.9999999999999999,0.006771994592106629,0.002793364124538073,0.6428571428571429,0.025392827758775743,0.0033873606138252015,0.0012528455151405,0.0090427193914192,0.9505286719475768,False,False,raw_universe_no_tradability_cost_test;correlated_native_profiles;development_derived_direction;recent_diagnostic_not_run
alpha158_SUMP10,56be1898b0c0873c9cde45c080c0dda4bd882895b60a6791e75005407bf3db4f,alpha158,MomentumTrend,ReturnDynamics,-1.0,development_data_derived_not_economic_prior,26559c272310fd361fcb0c8de4b658b77946058241e4bf26ede281a71d64950b,2/3,2,3,fail,pass,pass,directional_quantile_monotonicity_080,all_conditions_pass,all_conditions_pass,-0.025642435402161805,3361,0.8571428571428571,-0.3,-0.0035338363160081613,-0.0016052554492530324,0.6428571428571429,-0.01277137714285603,-0.0017663605543788885,0.0012528455151405,0.0090427193914192,0.949726684862418,False,False,raw_universe_no_tradability_cost_test;correlated_native_profiles;development_derived_direction;recent_diagnostic_not_run
alpha158_SUMP20,839ff83a1a0ae4eb57aee1c4ecba61aa9202d472b9b3cf43bc4ab1862c635b69,alpha158,MomentumTrend,ReturnDynamics,-1.0,development_data_derived_not_economic_prior,26559c272310fd361fcb0c8de4b658b77946058241e4bf26ede281a71d64950b,2/3,2,3,fail,pass,pass,directional_quantile_monotonicity_080,all_conditions_pass,all_conditions_pass,-0.046000544593818325,3361,1.0,-0.7,-0.007359605132108172,-0.003186717697896593,0.7142857142857143,-0.02604264091138262,-0.0036795375350107346,0.0012528455151405,0.0090427193914192,0.9501279814991339,False,False,raw_universe_no_tradability_cost_test;correlated_native_profiles;development_derived_direction;recent_diagnostic_not_run
alpha158_SUMP30,0451ed8f091a057b08c37d61c5c857b73c8faa61534b584c66c63b13e19254a4,alpha158,MomentumTrend,ReturnDynamics,-1.0,development_data_derived_not_economic_prior,26559c272310fd361fcb0c8de4b658b77946058241e4bf26ede281a71d64950b,3/3,3,3,pass,pass,pass,all_conditions_pass,all_conditions_pass,all_conditions_pass,-0.053345964907181555,3361,1.0,-0.9999999999999999,-0.008605818395580188,-0.003585570165563636,0.7142857142857143,-0.02990866058143127,-0.0043097529900081024,0.0012528455151405,0.0090427193914192,0.9502863481854512,False,False,raw_universe_no_tradability_cost_test;correlated_native_profiles;development_derived_direction;recent_diagnostic_not_run
alpha158_SUMP60,48970c911e6e64e6fd7316beceffadd4bcf4d9c1700e870827d375c549b148c4,alpha158,MomentumTrend,ReturnDynamics,-1.0,development_data_derived_not_economic_prior,26559c272310fd361fcb0c8de4b658b77946058241e4bf26ede281a71d64950b,3/3,3,3,pass,pass,pass,all_conditions_pass,all_conditions_pass,all_conditions_pass,-0.04941064540806548,3361,0.8571428571428571,-0.9999999999999999,-0.006775217895836099,-0.0027929879385998847,0.6428571428571429,-0.025390442611333025,-0.0033873023591128645,0.0012528455151405,0.0090427193914192,0.9505286719475768,False,False,raw_universe_no_tradability_cost_test;correlated_native_profiles;development_derived_direction;recent_diagnostic_not_run
alpha158_VMA60,cd92bfaee2d484cb9fec41b16c55589ac74073d6bcd3605b4ab062d828d578e2,alpha158,Liquidity,LiquidityTrading,1.0,development_data_derived_not_economic_prior,26559c272310fd361fcb0c8de4b658b77946058241e4bf26ede281a71d64950b,1/3,1,3,fail,fail,pass,directional_quantile_monotonicity_080,positive_directional_weighted_return;weighted_return_annual_agreement_060,all_conditions_pass,0.03604924691573956,3361,0.9285714285714286,0.3,0.005772201631011777,-0.003529474849851239,0.42857142857142855,0.007729294847106739,0.0028919038509032003,0.0012528455151405,0.0090427193914192,0.9473208751540098,False,False,raw_universe_no_tradability_cost_test;correlated_native_profiles;development_derived_direction;recent_diagnostic_not_run
alpha158_VSTD60,50a311bb3f8a2339cadae868c6db6ac4a5b25829b6070718c888ab12e178ba05,alpha158,Liquidity,LiquidityTrading,1.0,development_data_derived_not_economic_prior,26559c272310fd361fcb0c8de4b658b77946058241e4bf26ede281a71d64950b,1/3,1,3,fail,fail,pass,directional_quantile_monotonicity_080,positive_directional_weighted_return;weighted_return_annual_agreement_060,all_conditions_pass,0.020106958454402277,3361,0.8571428571428571,0.09999999999999999,0.0029371685499773605,-0.004589106399543619,0.5714285714285714,0.0010057062910478571,0.0014734931732090074,0.0024146469644099,0.0174283059360687,0.9472413129431805,True,False,direction_instability;raw_universe_no_tradability_cost_test;correlated_native_profiles;development_derived_direction;recent_diagnostic_not_run
alpha158_VSUMD20,73d4564b0a998843ded70096ce3337be9c4469911676fe74965572d1495421f5,alpha158,Liquidity,LiquidityTrading,-1.0,development_data_derived_not_economic_prior,26559c272310fd361fcb0c8de4b658b77946058241e4bf26ede281a71d64950b,2/3,2,3,fail,pass,pass,directional_quantile_monotonicity_080,all_conditions_pass,all_conditions_pass,-0.0266871828052448,3361,0.9285714285714286,-0.09999999999999999,-0.005262742610606377,-0.0029835331268148178,0.8571428571428571,-0.020995327889622696,-0.002633701392412354,0.0012528455151405,0.0090427193914192,0.9501279814991339,False,False,raw_universe_no_tradability_cost_test;correlated_native_profiles;development_derived_direction;recent_diagnostic_not_run
alpha158_VSUMD30,266ca8f74d75672bb972f71cfa1e3ed3c6551f105c3e8c65997ad0686e8f77b0,alpha158,Liquidity,LiquidityTrading,-1.0,development_data_derived_not_economic_prior,26559c272310fd361fcb0c8de4b658b77946058241e4bf26ede281a71d64950b,3/3,3,3,pass,pass,pass,all_conditions_pass,all_conditions_pass,all_conditions_pass,-0.03546074685712269,3361,1.0,-0.8999999999999998,-0.006926952814626609,-0.003922187105526625,0.9285714285714286,-0.027035644980296963,-0.003470568296112831,0.0012528455151405,0.0090427193914192,0.9502863481854512,False,False,raw_universe_no_tradability_cost_test;correlated_native_profiles;development_derived_direction;recent_diagnostic_not_run
alpha158_VSUMD60,ecdeadfc069be51e817f4dd4760d6501ddb9b6a8d37f83c76281473571d9391b,alpha158,Liquidity,LiquidityTrading,-1.0,development_data_derived_not_economic_prior,26559c272310fd361fcb0c8de4b658b77946058241e4bf26ede281a71d64950b,2/3,2,3,fail,pass,pass,directional_quantile_monotonicity_080,all_conditions_pass,all_conditions_pass,-0.04556282108885197,3361,1.0,-0.7,-0.007929429434707832,-0.004669433543719606,1.0,-0.03282310164738251,-0.003970567921106393,0.0012528455151405,0.0090427193914192,0.9505286719475768,False,False,raw_universe_no_tradability_cost_test;correlated_native_profiles;development_derived_direction;recent_diagnostic_not_run
alpha158_VSUMN20,a88561a5b587bec3dd681fb7e9b4d5ab4aa7673512217301342bc1146f8def8b,alpha158,Liquidity,LiquidityTrading,1.0,development_data_derived_not_economic_prior,26559c272310fd361fcb0c8de4b658b77946058241e4bf26ede281a71d64950b,2/3,2,3,fail,pass,pass,directional_quantile_monotonicity_080,all_conditions_pass,all_conditions_pass,0.026687196573053993,3361,0.9285714285714286,0.09999999999999999,0.0052633800958145245,0.0029835339224370335,0.8571428571428571,0.02099532797123551,0.002633701392412354,0.0012528455151405,0.0090427193914192,0.9501279814991339,False,False,raw_universe_no_tradability_cost_test;correlated_native_profiles;development_derived_direction;recent_diagnostic_not_run
alpha158_VSUMN30,b83163453d0027d2ec51445c0662f5c0ed3129fe5227f44c78e5e4af265d5be9,alpha158,Liquidity,LiquidityTrading,1.0,development_data_derived_not_economic_prior,26559c272310fd361fcb0c8de4b658b77946058241e4bf26ede281a71d64950b,3/3,3,3,pass,pass,pass,all_conditions_pass,all_conditions_pass,all_conditions_pass,0.035460759704273336,3361,1.0,0.8999999999999998,0.006921443435327783,0.003922186939364204,0.9285714285714286,0.027035645108003797,0.003470542708621426,0.0012528455151405,0.0090427193914192,0.9502863481854512,False,False,raw_universe_no_tradability_cost_test;correlated_native_profiles;development_derived_direction;recent_diagnostic_not_run
alpha158_VSUMN60,6b975d40c93107b239398ddc0b27fcea103ab8aaca182f157aadcc3abdb5924f,alpha158,Liquidity,LiquidityTrading,1.0,development_data_derived_not_economic_prior,26559c272310fd361fcb0c8de4b658b77946058241e4bf26ede281a71d64950b,2/3,2,3,fail,pass,pass,directional_quantile_monotonicity_080,all_conditions_pass,all_conditions_pass,0.0455628189582387,3361,1.0,0.7,0.007926226560793975,0.004669433696742984,1.0,0.032823101692457404,0.003970694214693493,0.0012528455151405,0.0090427193914192,0.9505286719475768,False,False,raw_universe_no_tradability_cost_test;correlated_native_profiles;development_derived_direction;recent_diagnostic_not_run
alpha158_VSUMP20,ed7193322c129b9fb567d9cb0172e7025d59656632f3b1f246936499f617614f,alpha158,Liquidity,LiquidityTrading,-1.0,development_data_derived_not_economic_prior,26559c272310fd361fcb0c8de4b658b77946058241e4bf26ede281a71d64950b,2/3,2,3,fail,pass,pass,directional_quantile_monotonicity_080,all_conditions_pass,all_conditions_pass,-0.026687191078699525,3361,0.9285714285714286,-0.09999999999999999,-0.005262871226780297,-0.002983533356487346,0.8571428571428571,-0.02099532781736847,-0.002633701392412354,0.0012528455151405,0.0090427193914192,0.9501279814991339,False,False,raw_universe_no_tradability_cost_test;correlated_native_profiles;development_derived_direction;recent_diagnostic_not_run
alpha158_VSUMP30,cda8b57a922503e5fbdd8721c494fc8bf9fc9e3ad3e5fc8dc1ab71b36d1e4f7a,alpha158,Liquidity,LiquidityTrading,-1.0,development_data_derived_not_economic_prior,26559c272310fd361fcb0c8de4b658b77946058241e4bf26ede281a71d64950b,3/3,3,3,pass,pass,pass,all_conditions_pass,all_conditions_pass,all_conditions_pass,-0.0354607346931484,3361,1.0,-0.8999999999999998,-0.006927040287746395,-0.003922188259258587,0.9285714285714286,-0.027035645010266493,-0.003470601471155678,0.0012528455151405,0.0090427193914192,0.9502863481854512,False,False,raw_universe_no_tradability_cost_test;correlated_native_profiles;development_derived_direction;recent_diagnostic_not_run
alpha158_VSUMP60,2ebd6bb5c4c5b9b5fe97728059e28389e1fb615c5c5910db2cc2d5d863d7819d,alpha158,Liquidity,LiquidityTrading,-1.0,development_data_derived_not_economic_prior,26559c272310fd361fcb0c8de4b658b77946058241e4bf26ede281a71d64950b,2/3,2,3,fail,pass,pass,directional_quantile_monotonicity_080,all_conditions_pass,all_conditions_pass,-0.0455628186242732,3361,1.0,-0.7,-0.007929438590253492,-0.004669432289550461,1.0,-0.03282310182107429,-0.003970567921106393,0.0012528455151405,0.0090427193914192,0.9505286719475768,False,False,raw_universe_no_tradability_cost_test;correlated_native_profiles;development_derived_direction;recent_diagnostic_not_run
alpha360_CLOSE10,218839b7a54180a58028c203ffc90cdd4bf7ac7c8466c87264aefff723356fe8,alpha360,PriceTrend,TechnicalPriceVolume,1.0,development_data_derived_not_economic_prior,26559c272310fd361fcb0c8de4b658b77946058241e4bf26ede281a71d64950b,2/3,2,3,fail,pass,pass,directional_quantile_monotonicity_080,all_conditions_pass,all_conditions_pass,0.041740150431890374,3361,1.0,0.7,0.008353281702819952,0.004258718090950738,0.7857142857142857,0.03289847256278483,0.004177747870588374,0.0012528455151405,0.0090427193914192,0.9377682572541793,False,False,raw_universe_no_tradability_cost_test;correlated_native_profiles;development_derived_direction;recent_diagnostic_not_run
alpha360_CLOSE11,1ea3668866cf1b4786c0d39f8e12befeb57c7cc5d796458d0026c262abfc8f67,alpha360,PriceTrend,TechnicalPriceVolume,1.0,development_data_derived_not_economic_prior,26559c272310fd361fcb0c8de4b658b77946058241e4bf26ede281a71d64950b,2/3,2,3,fail,pass,pass,directional_quantile_monotonicity_080,all_conditions_pass,all_conditions_pass,0.044619972951830324,3361,1.0,0.7,0.0089304612615891,0.004495180439593425,0.7857142857142857,0.03459869688358408,0.0044713365660928595,0.0012528455151405,0.0090427193914192,0.937478196165556,False,False,raw_universe_no_tradability_cost_test;correlated_native_profiles;development_derived_direction;recent_diagnostic_not_run
alpha360_CLOSE12,17797e643cd3b9bd39adbc927053b3a025e8615247cafea216ef7cf5c3ed35e5,alpha360,PriceTrend,TechnicalPriceVolume,1.0,development_data_derived_not_economic_prior,26559c272310fd361fcb0c8de4b658b77946058241e4bf26ede281a71d64950b,2/3,2,3,fail,pass,pass,directional_quantile_monotonicity_080,all_conditions_pass,all_conditions_pass,0.047427464068416664,3361,1.0,0.7,0.009459570777211683,0.00473475603512326,0.7857142857142857,0.03637872811853776,0.0047363917089807885,0.0012528455151405,0.0090427193914192,0.9371907113770931,False,False,raw_universe_no_tradability_cost_test;correlated_native_profiles;development_derived_direction;recent_diagnostic_not_run
alpha360_CLOSE13,1ed9fe4747e085f02efc7f1db692e7a7078d9bdd21b6d741503388ff546d20fd,alpha360,PriceTrend,TechnicalPriceVolume,1.0,development_data_derived_not_economic_prior,26559c272310fd361fcb0c8de4b658b77946058241e4bf26ede281a71d64950b,2/3,2,3,fail,pass,pass,directional_quantile_monotonicity_080,all_conditions_pass,all_conditions_pass,0.050038168403414386,3361,1.0,0.7,0.010078545824444429,0.00494548906465401,0.7857142857142857,0.03803022553204533,0.005044408638679629,0.0012528455151405,0.0090427193914192,0.9369035296827665,False,False,raw_universe_no_tradability_cost_test;correlated_native_profiles;development_derived_direction;recent_diagnostic_not_run
alpha360_CLOSE14,b56ca5dab4cb8dc7abcb9d178795881c3f36dd5597d4b609aa3ad5dfd1a2c476,alpha360,PriceTrend,TechnicalPriceVolume,1.0,development_data_derived_not_economic_prior,26559c272310fd361fcb0c8de4b658b77946058241e4bf26ede281a71d64950b,2/3,2,3,fail,pass,pass,directional_quantile_monotonicity_080,all_conditions_pass,all_conditions_pass,0.05254824149177141,3361,1.0,0.7,0.010567613177073002,0.005149558191245789,0.8571428571428571,0.0396158785216675,0.0052941897765468576,0.0012528455151405,0.0090427193914192,0.9366210459475556,False,False,raw_universe_no_tradability_cost_test;correlated_native_profiles;development_derived_direction;recent_diagnostic_not_run
alpha360_CLOSE15,d22919d968624e8f8cd46effaee857fb6c8bbaf48f239ad165788105e966b9d5,alpha360,PriceTrend,TechnicalPriceVolume,1.0,development_data_derived_not_economic_prior,26559c272310fd361fcb0c8de4b658b77946058241e4bf26ede281a71d64950b,3/3,3,3,pass,pass,pass,all_conditions_pass,all_conditions_pass,all_conditions_pass,0.054682628146742136,3361,1.0,0.8999999999999998,0.01100666614738554,0.005312102856728688,0.8571428571428571,0.040994417068398216,0.005511042953698109,0.0012528455151405,0.0090427193914192,0.936344927189211,False,False,raw_universe_no_tradability_cost_test;correlated_native_profiles;development_derived_direction;recent_diagnostic_not_run
alpha360_CLOSE16,b81d25a83149e36ac66d2c50d42d3c363a84c8465dc899d8551a5d9c4ef703a0,alpha360,PriceTrend,TechnicalPriceVolume,1.0,development_data_derived_not_economic_prior,26559c272310fd361fcb0c8de4b658b77946058241e4bf26ede281a71d64950b,3/3,3,3,pass,pass,pass,all_conditions_pass,all_conditions_pass,all_conditions_pass,0.05659163060362263,3361,1.0,0.8999999999999998,0.011282550868934134,0.005435571412254789,0.9285714285714286,0.04218340606711664,0.0056506374567727655,0.0012528455151405,0.0090427193914192,0.936081993025804,False,False,raw_universe_no_tradability_cost_test;correlated_native_profiles;development_derived_direction;recent_diagnostic_not_run
alpha360_CLOSE17,b4dfacf5c22d315f94beb018a4f1c60b6e1a205a82cbc9a8c8ee0e0d8493dc89,alpha360,PriceTrend,TechnicalPriceVolume,1.0,development_data_derived_not_economic_prior,26559c272310fd361fcb0c8de4b658b77946058241e4bf26ede281a71d64950b,3/3,3,3,pass,pass,pass,all_conditions_pass,all_conditions_pass,all_conditions_pass,0.05841086557801735,3361,1.0,0.8999999999999998,0.011514999457921069,0.005551457425715449,0.9285714285714286,0.0433650859688752,0.005760509053682414,0.0012528455151405,0.0090427193914192,0.9358242114627171,False,False,raw_universe_no_tradability_cost_test;correlated_native_profiles;development_derived_direction;recent_diagnostic_not_run
alpha360_CLOSE18,341e3a3cd8ea87bdfda2e0f32e5e9a2ea17ca2ade350b0a0bfe507150ff653cc,alpha360,PriceTrend,TechnicalPriceVolume,1.0,development_data_derived_not_economic_prior,26559c272310fd361fcb0c8de4b658b77946058241e4bf26ede281a71d64950b,3/3,3,3,pass,pass,pass,all_conditions_pass,all_conditions_pass,all_conditions_pass,0.06020186560261145,3361,1.0,0.9999999999999999,0.011770028536539509,0.005660273888944106,0.9285714285714286,0.04442091209760231,0.005895039899755528,0.0012528455151405,0.0090427193914192,0.9355744618942474,False,False,raw_universe_no_tradability_cost_test;correlated_native_profiles;development_derived_direction;recent_diagnostic_not_run
alpha360_CLOSE19,5f6d6769dd798765530eca133c1d8d9aa0e8bd96919c208f277ce99841124562,alpha360,PriceTrend,TechnicalPriceVolume,1.0,development_data_derived_not_economic_prior,26559c272310fd361fcb0c8de4b658b77946058241e4bf26ede281a71d64950b,3/3,3,3,pass,pass,pass,all_conditions_pass,all_conditions_pass,all_conditions_pass,0.06180565978126022,3361,1.0,0.9999999999999999,0.011905217657165571,0.005765780605451999,0.9285714285714286,0.0453809519421987,0.005963233805793221,0.0012528455151405,0.0090427193914192,0.9353401701267389,False,False,raw_universe_no_tradability_cost_test;correlated_native_profiles;development_derived_direction;recent_diagnostic_not_run
alpha360_CLOSE20,243106de019000f22b75ec9bb42e3dbe5c7e7351e85a3b40de7018c1233d6d2b,alpha360,PriceTrend,TechnicalPriceVolume,1.0,development_data_derived_not_economic_prior,26559c272310fd361fcb0c8de4b658b77946058241e4bf26ede281a71d64950b,3/3,3,3,pass,pass,pass,all_conditions_pass,all_conditions_pass,all_conditions_pass,0.0631637626962849,3361,1.0,0.9999999999999999,0.012084283389298562,0.0058420166426411315,0.8571428571428571,0.046161455184791395,0.006048092586561051,0.0012528455151405,0.0090427193914192,0.9351075453769809,False,False,raw_universe_no_tradability_cost_test;correlated_native_profiles;development_derived_direction;recent_diagnostic_not_run
alpha360_CLOSE21,81e57adc1546a890b4751b4e3fd4dc7e01f5c41940c6a642f1ebe27555a545d6,alpha360,PriceTrend,TechnicalPriceVolume,1.0,development_data_derived_not_economic_prior,26559c272310fd361fcb0c8de4b658b77946058241e4bf26ede281a71d64950b,3/3,3,3,pass,pass,pass,all_conditions_pass,all_conditions_pass,all_conditions_pass,0.06415381840800066,3361,1.0,0.9999999999999999,0.012234946612743275,0.005884425299746112,0.8571428571428571,0.04668250039807737,0.00612309298848419,0.0012528455151405,0.0090427193914192,0.9348914392576618,False,False,raw_universe_no_tradability_cost_test;correlated_native_profiles;development_derived_direction;recent_diagnostic_not_run
alpha360_CLOSE22,e2631cadc2f636fdeb8f4adcd8d714d4ec089340b77956f0445d375139521c72,alpha360,PriceTrend,TechnicalPriceVolume,1.0,development_data_derived_not_economic_prior,26559c272310fd361fcb0c8de4b658b77946058241e4bf26ede281a71d64950b,3/3,3,3,pass,pass,pass,all_conditions_pass,all_conditions_pass,all_conditions_pass,0.06512715523254,3361,1.0,0.9999999999999999,0.012356596504236832,0.005925196235232663,0.8571428571428571,0.0471459328199861,0.006183962986733572,0.0012528455151405,0.0090427193914192,0.934684122868301,False,False,raw_universe_no_tradability_cost_test;correlated_native_profiles;development_derived_direction;recent_diagnostic_not_run
alpha360_CLOSE23,c88db50596d4e994a76b5c8b9920c35a8dec987344a49ca4c12cd979cb38a160,alpha360,PriceTrend,TechnicalPriceVolume,1.0,development_data_derived_not_economic_prior,26559c272310fd361fcb0c8de4b658b77946058241e4bf26ede281a71d64950b,3/3,3,3,pass,pass,pass,all_conditions_pass,all_conditions_pass,all_conditions_pass,0.06588993980838101,3361,1.0,0.9999999999999999,0.012470074117555885,0.005954670421284157,0.8571428571428571,0.04752123134113555,0.006241078919003968,0.0012528455151405,0.0090427193914192,0.9344725631610293,False,False,raw_universe_no_tradability_cost_test;correlated_native_profiles;development_derived_direction;recent_diagnostic_not_run
alpha360_CLOSE24,3c0c1e7189e44f56e27d60f2aff1805ccf71a84efa7d0c3f86a47fb9e9d8bf34,alpha360,PriceTrend,TechnicalPriceVolume,1.0,development_data_derived_not_economic_prior,26559c272310fd361fcb0c8de4b658b77946058241e4bf26ede281a71d64950b,3/3,3,3,pass,pass,pass,all_conditions_pass,all_conditions_pass,all_conditions_pass,0.06645424323163888,3361,1.0,0.9999999999999999,0.012557901673760216,0.005965032960658362,0.7857142857142857,0.047704260467694944,0.006284938027736985,0.0012528455151405,0.0090427193914192,0.9342723694838762,False,False,raw_universe_no_tradability_cost_test;correlated_native_profiles;development_derived_direction;recent_diagnostic_not_run
alpha360_CLOSE25,4adb98d42072a06b5c8ae0fb796c8b2deb5e70d43cfb5aa5f3b26697bece50cc,alpha360,PriceTrend,TechnicalPriceVolume,1.0,development_data_derived_not_economic_prior,26559c272310fd361fcb0c8de4b658b77946058241e4bf26ede281a71d64950b,3/3,3,3,pass,pass,pass,all_conditions_pass,all_conditions_pass,all_conditions_pass,0.06712622598641123,3361,1.0,0.9999999999999999,0.012701120622866616,0.0059903936362967905,0.7857142857142857,0.0479335178143827,0.006361603937400335,0.0012528455151405,0.0090427193914192,0.934078389236521,False,False,raw_universe_no_tradability_cost_test;correlated_native_profiles;development_derived_direction;recent_diagnostic_not_run
alpha360_CLOSE26,0f8972916f6f21d27ee1bb641deba0deaf99bc4d405a548aff933450053b4e16,alpha360,PriceTrend,TechnicalPriceVolume,1.0,development_data_derived_not_economic_prior,26559c272310fd361fcb0c8de4b658b77946058241e4bf26ede281a71d64950b,3/3,3,3,pass,pass,pass,all_conditions_pass,all_conditions_pass,all_conditions_pass,0.06762503149542924,3361,1.0,0.9999999999999999,0.012668861085737015,0.0060006062572074735,0.7857142857142857,0.04807956879654854,0.00633830315023991,0.0012528455151405,0.0090427193914192,0.933896835848762,False,False,raw_universe_no_tradability_cost_test;correlated_native_profiles;development_derived_direction;recent_diagnostic_not_run
alpha360_CLOSE27,e7927488fc95c41edf63d840b86aff9a93572c7d041ae184a0808511fcdbf281,alpha360,PriceTrend,TechnicalPriceVolume,1.0,development_data_derived_not_economic_prior,26559c272310fd361fcb0c8de4b658b77946058241e4bf26ede281a71d64950b,3/3,3,3,pass,pass,pass,all_conditions_pass,all_conditions_pass,all_conditions_pass,0.06798134929639457,3361,1.0,0.9999999999999999,0.012571611432591988,0.005991791548880085,0.7857142857142857,0.04814768514616085,0.006289428837664957,0.0012528455151405,0.0090427193914192,0.9337119484255018,False,False,raw_universe_no_tradability_cost_test;correlated_native_profiles;development_derived_direction;recent_diagnostic_not_run
alpha360_CLOSE28,da8e48e92beae9ca82c3c24e24fcca9254b14945c9a24a5c5b0e6cc2d0888256,alpha360,PriceTrend,TechnicalPriceVolume,1.0,development_data_derived_not_economic_prior,26559c272310fd361fcb0c8de4b658b77946058241e4bf26ede281a71d64950b,3/3,3,3,pass,pass,pass,all_conditions_pass,all_conditions_pass,all_conditions_pass,0.06830319660128241,3361,1.0,0.9999999999999999,0.012678644154647815,0.005972815674798835,0.7857142857142857,0.04813849223638511,0.00634748761952528,0.0012528455151405,0.0090427193914192,0.9335390332206328,False,False,raw_universe_no_tradability_cost_test;correlated_native_profiles;development_derived_direction;recent_diagnostic_not_run
alpha360_CLOSE29,50e4c6b88b0589390032b90f72ae2c584abddeaa458d5ffef05c3d0316683737,alpha360,PriceTrend,TechnicalPriceVolume,1.0,development_data_derived_not_economic_prior,26559c272310fd361fcb0c8de4b658b77946058241e4bf26ede281a71d64950b,3/3,3,3,pass,pass,pass,all_conditions_pass,all_conditions_pass,all_conditions_pass,0.06847193548760336,3361,1.0,0.9999999999999999,0.012673361723347458,0.005952405621600694,0.7857142857142857,0.048063912198675084,0.006338578885498719,0.0012528455151405,0.0090427193914192,0.9333697551454019,False,False,raw_universe_no_tradability_cost_test;correlated_native_profiles;development_derived_direction;recent_diagnostic_not_run
alpha360_CLOSE3,87040cc1af5287e4057562df2f9523b141387c2913ce25abf11d0d618a3c1a1f,alpha360,PriceTrend,TechnicalPriceVolume,1.0,development_data_derived_not_economic_prior,26559c272310fd361fcb0c8de4b658b77946058241e4bf26ede281a71d64950b,2/3,2,3,fail,pass,pass,directional_quantile_monotonicity_080,all_conditions_pass,all_conditions_pass,0.022364489351590303,3361,0.9285714285714286,0.3,0.004927296141313761,0.0028594312622688403,0.8571428571428571,0.021887447752296875,0.0024690275076776165,0.0012528455151405,0.0090427193914192,0.9418565425142568,False,False,raw_universe_no_tradability_cost_test;correlated_native_profiles;development_derived_direction;recent_diagnostic_not_run
alpha360_CLOSE30,38f4c6dd5b56a77e4c04dde3ccff53d2aa6df1df68c804e2c1d860d54543e021,alpha360,PriceTrend,TechnicalPriceVolume,1.0,development_data_derived_not_economic_prior,26559c272310fd361fcb0c8de4b658b77946058241e4bf26ede281a71d64950b,3/3,3,3,pass,pass,pass,all_conditions_pass,all_conditions_pass,all_conditions_pass,0.06866374680373998,3361,1.0,0.9999999999999999,0.012618845954982794,0.005932133272349288,0.7857142857142857,0.047999332287187176,0.006320325462385734,0.0012528455151405,0.0090427193914192,0.9332027502761945,False,False,raw_universe_no_tradability_cost_test;correlated_native_profiles;development_derived_direction;recent_diagnostic_not_run
alpha360_CLOSE31,3233c7972702160db28fd0efb422b8117f92df0a7b98f4fd699d061edf0c2034,alpha360,PriceTrend,TechnicalPriceVolume,1.0,development_data_derived_not_economic_prior,26559c272310fd361fcb0c8de4b658b77946058241e4bf26ede281a71d64950b,3/3,3,3,pass,pass,pass,all_conditions_pass,all_conditions_pass,all_conditions_pass,0.06866306467956203,3361,1.0,0.9999999999999999,0.012478781364271866,0.005890001289376051,0.7857142857142857,0.0478094585198444,0.006247176136847711,0.0012528455151405,0.0090427193914192,0.9330405949131712,False,False,raw_universe_no_tradability_cost_test;correlated_native_profiles;development_derived_direction;recent_diagnostic_not_run
alpha360_CLOSE32,5301efda7505b6940c62fdcb7da65bcf75cac17f82cab32c203fef6a46062798,alpha360,PriceTrend,TechnicalPriceVolume,1.0,development_data_derived_not_economic_prior,26559c272310fd361fcb0c8de4b658b77946058241e4bf26ede281a71d64950b,3/3,3,3,pass,pass,pass,all_conditions_pass,all_conditions_pass,all_conditions_pass,0.0687386750664063,3361,1.0,0.9999999999999999,0.012521619534623123,0.005850169918334115,0.7857142857142857,0.04760968538020764,0.006260533845589212,0.0012528455151405,0.0090427193914192,0.9328823797739221,False,False,raw_universe_no_tradability_cost_test;correlated_native_profiles;development_derived_direction;recent_diagnostic_not_run
alpha360_CLOSE33,db9a95df81ce6c5aa727ef7c7df1f1dd8dcead136344522bca08235989093b83,alpha360,PriceTrend,TechnicalPriceVolume,1.0,development_data_derived_not_economic_prior,26559c272310fd361fcb0c8de4b658b77946058241e4bf26ede281a71d64950b,3/3,3,3,pass,pass,pass,all_conditions_pass,all_conditions_pass,all_conditions_pass,0.0686882057374914,3361,1.0,0.9999999999999999,0.012497222972697243,0.005804804462071659,0.7857142857142857,0.04739779841159012,0.006248398277835339,0.0012528455151405,0.0090427193914192,0.9327347729294503,False,False,raw_universe_no_tradability_cost_test;correlated_native_profiles;development_derived_direction;recent_diagnostic_not_run
alpha360_CLOSE34,5987b5dfd5b11cb9add5d88b26038459d72002bab85f41f180298ac15decb625,alpha360,PriceTrend,TechnicalPriceVolume,1.0,development_data_derived_not_economic_prior,26559c272310fd361fcb0c8de4b658b77946058241e4bf26ede281a71d64950b,3/3,3,3,pass,pass,pass,all_conditions_pass,all_conditions_pass,all_conditions_pass,0.0684739283460283,3361,1.0,0.9999999999999999,0.012381253164974808,0.005749687074777118,0.7857142857142857,0.04705890021650386,0.006199834627226859,0.0012528455151405,0.0090427193914192,0.9325938341559813,False,False,raw_universe_no_tradability_cost_test;correlated_native_profiles;development_derived_direction;recent_diagnostic_not_run
alpha360_CLOSE35,3e441fe221428f720b8104c9f4a4c4bee3242d207a9d5e620a46254ae3495f00,alpha360,PriceTrend,TechnicalPriceVolume,1.0,development_data_derived_not_economic_prior,26559c272310fd361fcb0c8de4b658b77946058241e4bf26ede281a71d64950b,3/3,3,3,pass,pass,pass,all_conditions_pass,all_conditions_pass,all_conditions_pass,0.06833847268166482,3361,1.0,0.9999999999999999,0.01231849463052502,0.005705713628780939,0.7857142857142857,0.04680000073581923,0.006167390764894048,0.0012528455151405,0.0090427193914192,0.9324469850468508,False,False,raw_universe_no_tradability_cost_test;correlated_native_profiles;development_derived_direction;recent_diagnostic_not_run
alpha360_CLOSE36,29c85e80bd3a12e86ad5a76589ccb1e4f76889e1709b9c307fc68d826c5df498,alpha360,PriceTrend,TechnicalPriceVolume,1.0,development_data_derived_not_economic_prior,26559c272310fd361fcb0c8de4b658b77946058241e4bf26ede281a71d64950b,3/3,3,3,pass,pass,pass,all_conditions_pass,all_conditions_pass,all_conditions_pass,0.06816081858394601,3361,1.0,0.9999999999999999,0.01221059924550711,0.0056545898021052015,0.7857142857142857,0.04649749228264826,0.006108780829270701,0.0012528455151405,0.0090427193914192,0.9323077132911325,False,False,raw_universe_no_tradability_cost_test;correlated_native_profiles;development_derived_direction;recent_diagnostic_not_run
alpha360_CLOSE37,b5b97992d1a3250d643bab7c56ee5ee2afdb5cf20c84d8469a72eeb6fb6bfb33,alpha360,PriceTrend,TechnicalPriceVolume,1.0,development_data_derived_not_economic_prior,26559c272310fd361fcb0c8de4b658b77946058241e4bf26ede281a71d64950b,3/3,3,3,pass,pass,pass,all_conditions_pass,all_conditions_pass,all_conditions_pass,0.0679759689009104,3361,1.0,0.9999999999999999,0.012064211595649355,0.005608900956638637,0.7857142857142857,0.046230164070838554,0.0060402702091095425,0.0012528455151405,0.0090427193914192,0.9321696539119603,False,False,raw_universe_no_tradability_cost_test;correlated_native_profiles;development_derived_direction;recent_diagnostic_not_run
alpha360_CLOSE38,a9f49668cb6e12113d5bd555c4457fef6babafab8f5e4c28365eeccdbdcb7ac4,alpha360,PriceTrend,TechnicalPriceVolume,1.0,development_data_derived_not_economic_prior,26559c272310fd361fcb0c8de4b658b77946058241e4bf26ede281a71d64950b,3/3,3,3,pass,pass,pass,all_conditions_pass,all_conditions_pass,all_conditions_pass,0.06773242079038118,3361,1.0,0.9999999999999999,0.011986320220132796,0.005558077594317356,0.7857142857142857,0.04592327078155785,0.006002569763809893,0.0012528455151405,0.0090427193914192,0.9320353832094941,False,False,raw_universe_no_tradability_cost_test;correlated_native_profiles;development_derived_direction;recent_diagnostic_not_run
alpha360_CLOSE39,6930db543ec325d933df0a8ef0225ad6cbe06375a4a27b10048a520a467d7c79,alpha360,PriceTrend,TechnicalPriceVolume,1.0,development_data_derived_not_economic_prior,26559c272310fd361fcb0c8de4b658b77946058241e4bf26ede281a71d64950b,3/3,3,3,pass,pass,pass,all_conditions_pass,all_conditions_pass,all_conditions_pass,0.06742394031278892,3361,1.0,0.9999999999999999,0.011828138268165804,0.005508937757014978,0.7857142857142857,0.04563915115705689,0.005919557939966101,0.0012528455151405,0.0090427193914192,0.9319089929545767,False,False,raw_universe_no_tradability_cost_test;correlated_native_profiles;development_derived_direction;recent_diagnostic_not_run
alpha360_CLOSE4,015fca65898d8c909fe07ea51c6c9681a83f5e38af88ea18a91f43d48e3a7b62,alpha360,PriceTrend,TechnicalPriceVolume,1.0,development_data_derived_not_economic_prior,26559c272310fd361fcb0c8de4b658b77946058241e4bf26ede281a71d64950b,2/3,2,3,fail,pass,pass,directional_quantile_monotonicity_080,all_conditions_pass,all_conditions_pass,0.027075122205603982,3361,1.0,0.3,0.006004420490996675,0.0032653919829485996,0.8571428571428571,0.025016143619732933,0.0030070996938370157,0.0012528455151405,0.0090427193914192,0.9409798427244526,False,False,raw_universe_no_tradability_cost_test;correlated_native_profiles;development_derived_direction;recent_diagnostic_not_run
alpha360_CLOSE40,7c6e1b5fc18f72edd2bc9b333aa732ce4b244b04e4b8c2bfad25c214c575c00e,alpha360,PriceTrend,TechnicalPriceVolume,1.0,development_data_derived_not_economic_prior,26559c272310fd361fcb0c8de4b658b77946058241e4bf26ede281a71d64950b,3/3,3,3,pass,pass,pass,all_conditions_pass,all_conditions_pass,all_conditions_pass,0.0671606636102923,3361,0.9285714285714286,0.9999999999999999,0.011772265237445626,0.005482121810566163,0.7857142857142857,0.045457173653343085,0.00589478499095736,0.0012528455151405,0.0090427193914192,0.9317882099411846,False,False,raw_universe_no_tradability_cost_test;correlated_native_profiles;development_derived_direction;recent_diagnostic_not_run
alpha360_CLOSE41,459a3884c237b272d37b31873fad2d796d4bb1c6425d08f54f4201e6f5964b67,alpha360,PriceTrend,TechnicalPriceVolume,1.0,development_data_derived_not_economic_prior,26559c272310fd361fcb0c8de4b658b77946058241e4bf26ede281a71d64950b,3/3,3,3,pass,pass,pass,all_conditions_pass,all_conditions_pass,all_conditions_pass,0.06689418186144455,3361,0.9285714285714286,0.9999999999999999,0.011706648590109139,0.005447517672272747,0.7857142857142857,0.04523825588359408,0.005852331240048853,0.0012528455151405,0.0090427193914192,0.9316766712989554,False,False,raw_universe_no_tradability_cost_test;correlated_native_profiles;development_derived_direction;recent_diagnostic_not_run
alpha360_CLOSE42,0f75ffd29bd09176f9e14c867827253c0738914c62ea2d230116a1584e6df2c0,alpha360,PriceTrend,TechnicalPriceVolume,1.0,development_data_derived_not_economic_prior,26559c272310fd361fcb0c8de4b658b77946058241e4bf26ede281a71d64950b,3/3,3,3,pass,pass,pass,all_conditions_pass,all_conditions_pass,all_conditions_pass,0.06656355783278317,3361,0.9285714285714286,0.9999999999999999,0.01150341029760137,0.005404435639497395,0.7857142857142857,0.04498618773718918,0.005758850668455461,0.0012528455151405,0.0090427193914192,0.9315701337099783,False,False,raw_universe_no_tradability_cost_test;correlated_native_profiles;development_derived_direction;recent_diagnostic_not_run
alpha360_CLOSE43,0444a02f76b6034eecdfc3c7321b339afee05a356dd71c3e7b5fbd3b72c0c811,alpha360,PriceTrend,TechnicalPriceVolume,1.0,development_data_derived_not_economic_prior,26559c272310fd361fcb0c8de4b658b77946058241e4bf26ede281a71d64950b,3/3,3,3,pass,pass,pass,all_conditions_pass,all_conditions_pass,all_conditions_pass,0.06610416536613968,3361,0.9285714285714286,0.9999999999999999,0.011318912071259093,0.005340935739804618,0.7857142857142857,0.04460610154738825,0.005665963418142056,0.0012528455151405,0.0090427193914192,0.9314654146858202,False,False,raw_universe_no_tradability_cost_test;correlated_native_profiles;development_derived_direction;recent_diagnostic_not_run
alpha360_CLOSE44,ee31e5ea8f9943986ed862531b3d450dd4526d337151e9276fe36063d3cf0fcb,alpha360,PriceTrend,TechnicalPriceVolume,1.0,development_data_derived_not_economic_prior,26559c272310fd361fcb0c8de4b658b77946058241e4bf26ede281a71d64950b,3/3,3,3,pass,pass,pass,all_conditions_pass,all_conditions_pass,all_conditions_pass,0.06583252227627483,3361,0.9285714285714286,0.9999999999999999,0.011199375833561107,0.005290484492141055,0.7857142857142857,0.04430747217897561,0.00560677033822265,0.0012528455151405,0.0090427193914192,0.9313588770968432,False,False,raw_universe_no_tradability_cost_test;correlated_native_profiles;development_derived_direction;recent_diagnostic_not_run
alpha360_CLOSE45,c4dab5414cd42437a6cdbbf7d46da8929ad1b82ba1fdf853ff544ba9bbf02d51,alpha360,PriceTrend,TechnicalPriceVolume,1.0,development_data_derived_not_economic_prior,26559c272310fd361fcb0c8de4b658b77946058241e4bf26ede281a71d64950b,3/3,3,3,pass,pass,pass,all_conditions_pass,all_conditions_pass,all_conditions_pass,0.06549572653307172,3361,0.9285714285714286,0.9999999999999999,0.011087866077333952,0.005228668528630156,0.7857142857142857,0.043986681727415156,0.005550933398906026,0.0012528455151405,0.0090427193914192,0.9312487023782281,False,False,raw_universe_no_tradability_cost_test;correlated_native_profiles;development_derived_direction;recent_diagnostic_not_run
alpha360_CLOSE46,cf59d6792ba7a41accf7de92456c2bea1264e69061f9f2fae5ab63f7ce9e1dca,alpha360,PriceTrend,TechnicalPriceVolume,1.0,development_data_derived_not_economic_prior,26559c272310fd361fcb0c8de4b658b77946058241e4bf26ede281a71d64950b,3/3,3,3,pass,pass,pass,all_conditions_pass,all_conditions_pass,all_conditions_pass,0.06519946929025915,3361,0.9285714285714286,0.9999999999999999,0.010936991274546044,0.00518476477619001,0.7857142857142857,0.043775893985530924,0.00547245492988783,0.0012528455151405,0.0090427193914192,0.9311479235778444,False,False,raw_universe_no_tradability_cost_test;correlated_native_profiles;development_derived_direction;recent_diagnostic_not_run
alpha360_CLOSE47,a08e27001f5940020f668a7ef3fd4a37cd136a6a918dbf0940981253047955ad,alpha360,PriceTrend,TechnicalPriceVolume,1.0,development_data_derived_not_economic_prior,26559c272310fd361fcb0c8de4b658b77946058241e4bf26ede281a71d64950b,3/3,3,3,pass,pass,pass,all_conditions_pass,all_conditions_pass,all_conditions_pass,0.06471640096002085,3361,0.9285714285714286,0.9999999999999999,0.010855920782454984,0.005132333932263498,0.7857142857142857,0.043489397750868006,0.005434765651119051,0.0012528455151405,0.0090427193914192,0.931046690136256,False,False,raw_universe_no_tradability_cost_test;correlated_native_profiles;development_derived_direction;recent_diagnostic_not_run
alpha360_CLOSE48,89707eecc31dd8e25f848d98edce0d677564a1eeb71430f79a99e99810f807cf,alpha360,PriceTrend,TechnicalPriceVolume,1.0,development_data_derived_not_economic_prior,26559c272310fd361fcb0c8de4b658b77946058241e4bf26ede281a71d64950b,3/3,3,3,pass,pass,pass,all_conditions_pass,all_conditions_pass,all_conditions_pass,0.0643856779930438,3361,0.9285714285714286,0.9999999999999999,0.010686205597077104,0.005091555344704329,0.7857142857142857,0.043270527914856444,0.005348753772666391,0.0012528455151405,0.0090427193914192,0.9309553072541035,False,False,raw_universe_no_tradability_cost_test;correlated_native_profiles;development_derived_direction;recent_diagnostic_not_run
alpha360_CLOSE49,818f503d48b26e169b48d61579f99ff69200ce756685f4c5054cf5988778507f,alpha360,PriceTrend,TechnicalPriceVolume,1.0,development_data_derived_not_economic_prior,26559c272310fd361fcb0c8de4b658b77946058241e4bf26ede281a71d64950b,3/3,3,3,pass,pass,pass,all_conditions_pass,all_conditions_pass,all_conditions_pass,0.06414029553494816,3361,0.9285714285714286,0.9999999999999999,0.010622577066465832,0.005067348494258475,0.7857142857142857,0.04314836769726048,0.00531681206951794,0.0012528455151405,0.0090427193914192,0.9308681676898619,False,False,raw_universe_no_tradability_cost_test;correlated_native_profiles;development_derived_direction;recent_diagnostic_not_run
alpha360_CLOSE5,d92375d39f301d3b6a5f7de89ba0aeb0825d46413a6302272538ae8e1b0173f1,alpha360,PriceTrend,TechnicalPriceVolume,1.0,development_data_derived_not_economic_prior,26559c272310fd361fcb0c8de4b658b77946058241e4bf26ede281a71d64950b,2/3,2,3,fail,pass,pass,directional_quantile_monotonicity_080,all_conditions_pass,all_conditions_pass,0.028581224876945848,3361,1.0,0.3,0.006113084430891596,0.0033191050628574572,0.8571428571428571,0.025578667778589654,0.003059157147649439,0.0012528455151405,0.0090427193914192,0.9402118021825808,False,False,raw_universe_no_tradability_cost_test;correlated_native_profiles;development_derived_direction;recent_diagnostic_not_run
alpha360_CLOSE50,5834fbc18fc87b036b460abaf48d31e665026b2b469581c294ee06aaed07feee,alpha360,PriceTrend,TechnicalPriceVolume,1.0,development_data_derived_not_economic_prior,26559c272310fd361fcb0c8de4b658b77946058241e4bf26ede281a71d64950b,3/3,3,3,pass,pass,pass,all_conditions_pass,all_conditions_pass,all_conditions_pass,0.06393471382299307,3361,0.9285714285714286,0.9999999999999999,0.010601464383370528,0.00504421652258045,0.7857142857142857,0.043035966305525405,0.005307187734366033,0.0012528455151405,0.0090427193914192,0.9307837559728488,False,False,raw_universe_no_tradability_cost_test;correlated_native_profiles;development_derived_direction;recent_diagnostic_not_run
alpha360_CLOSE51,1ed6794d865f625775a8d8f3cc96ae3d91aee16e8c9fbbe5caec567667e9bd31,alpha360,PriceTrend,TechnicalPriceVolume,1.0,development_data_derived_not_economic_prior,26559c272310fd361fcb0c8de4b658b77946058241e4bf26ede281a71d64950b,3/3,3,3,pass,pass,pass,all_conditions_pass,all_conditions_pass,all_conditions_pass,0.06367637545387732,3361,0.9285714285714286,0.9999999999999999,0.01054987387253191,0.005008112278408669,0.7857142857142857,0.04283243233422601,0.005277472513643443,0.0012528455151405,0.0090427193914192,0.9306943432025836,False,False,raw_universe_no_tradability_cost_test;correlated_native_profiles;development_derived_direction;recent_diagnostic_not_run
alpha360_CLOSE52,d9c14ca753bf3827b7d21f94bf5e6f9f396058f5fae1285a2c8bf09901e7222e,alpha360,PriceTrend,TechnicalPriceVolume,1.0,development_data_derived_not_economic_prior,26559c272310fd361fcb0c8de4b658b77946058241e4bf26ede281a71d64950b,3/3,3,3,pass,pass,pass,all_conditions_pass,all_conditions_pass,all_conditions_pass,0.06339238422568509,3361,0.9285714285714286,0.9999999999999999,0.010507610902532613,0.00496950793417864,0.7857142857142857,0.04256977755363363,0.005260139976095377,0.0012528455151405,0.0090427193914192,0.9306049304323183,False,False,raw_universe_no_tradability_cost_test;correlated_native_profiles;development_derived_direction;recent_diagnostic_not_run
alpha360_CLOSE53,a702e8e257c048b871d1b03c1e2b8e8b18cb854b8224b48b6c8c14b4d0e9a6a7,alpha360,PriceTrend,TechnicalPriceVolume,1.0,development_data_derived_not_economic_prior,26559c272310fd361fcb0c8de4b658b77946058241e4bf26ede281a71d64950b,3/3,3,3,pass,pass,pass,all_conditions_pass,all_conditions_pass,all_conditions_pass,0.06301703835542086,3361,0.9285714285714286,0.9999999999999999,0.010360733483287114,0.004925583292531107,0.7857142857142857,0.04223879495845021,0.005183464539728875,0.0012528455151405,0.0090427193914192,0.9305073341203678,False,False,raw_universe_no_tradability_cost_test;correlated_native_profiles;development_derived_direction;recent_diagnostic_not_run
alpha360_CLOSE54,cf6b265e2ea2e65e847c5e1eaf86377cacc7f863e58434ea2dc2edd021fdaa25,alpha360,PriceTrend,TechnicalPriceVolume,1.0,development_data_derived_not_economic_prior,26559c272310fd361fcb0c8de4b658b77946058241e4bf26ede281a71d64950b,3/3,3,3,pass,pass,pass,all_conditions_pass,all_conditions_pass,all_conditions_pass,0.06259778190065167,3361,0.9285714285714286,0.9999999999999999,0.010245568194451774,0.004881324092972279,0.7857142857142857,0.04190287681673334,0.005131017808390062,0.0012528455151405,0.0090427193914192,0.9304253471564465,False,False,raw_universe_no_tradability_cost_test;correlated_native_profiles;development_derived_direction;recent_diagnostic_not_run
alpha360_CLOSE55,765fc81e627a77e974bf04d07c5c3e342a3cf385ad35d9a10ee4ec059d03f264,alpha360,PriceTrend,TechnicalPriceVolume,1.0,development_data_derived_not_economic_prior,26559c272310fd361fcb0c8de4b658b77946058241e4bf26ede281a71d64950b,3/3,3,3,pass,pass,pass,all_conditions_pass,all_conditions_pass,all_conditions_pass,0.06224975183494953,3361,0.9285714285714286,0.9999999999999999,0.01014338536602899,0.004845984870092971,0.7857142857142857,0.04165185943772596,0.005077426207825763,0.0012528455151405,0.0090427193914192,0.9303513921871425,False,False,raw_universe_no_tradability_cost_test;correlated_native_profiles;development_derived_direction;recent_diagnostic_not_run
alpha360_CLOSE56,695b0bc10c3214c1900a1bda89482c807bc7bbb8b40fa1d2e1fa5564323aaa7d,alpha360,PriceTrend,TechnicalPriceVolume,1.0,development_data_derived_not_economic_prior,26559c272310fd361fcb0c8de4b658b77946058241e4bf26ede281a71d64950b,3/3,3,3,pass,pass,pass,all_conditions_pass,all_conditions_pass,all_conditions_pass,0.06190948892193275,3361,0.9285714285714286,0.9999999999999999,0.010067902864600502,0.004816040418022866,0.7857142857142857,0.04140069059845353,0.005042259554991945,0.0012528455151405,0.0090427193914192,0.9302892578891615,False,False,raw_universe_no_tradability_cost_test;correlated_native_profiles;development_derived_direction;recent_diagnostic_not_run
alpha360_CLOSE57,7b619fccd54b65ac1d3e797e893de79a204deedfeec234e79b0b08382461bf02,alpha360,PriceTrend,TechnicalPriceVolume,1.0,development_data_derived_not_economic_prior,26559c272310fd361fcb0c8de4b658b77946058241e4bf26ede281a71d64950b,3/3,3,3,pass,pass,pass,all_conditions_pass,all_conditions_pass,all_conditions_pass,0.06159479394311474,3361,0.9285714285714286,0.9999999999999999,0.010019305825460182,0.00479626328517148,0.7857142857142857,0.041203570468517234,0.005012498964271533,0.0012528455151405,0.0090427193914192,0.9302256081204981,False,False,raw_universe_no_tradability_cost_test;correlated_native_profiles;development_derived_direction;recent_diagnostic_not_run
alpha360_CLOSE58,c964ca3a359aea01d65c73ecc158e5c1c21d5cd8b32b9caa28b0e40edc685046,alpha360,PriceTrend,TechnicalPriceVolume,1.0,development_data_derived_not_economic_prior,26559c272310fd361fcb0c8de4b658b77946058241e4bf26ede281a71d64950b,3/3,3,3,pass,pass,pass,all_conditions_pass,all_conditions_pass,all_conditions_pass,0.06127581602448109,3361,0.9285714285714286,0.9999999999999999,0.009953409493492018,0.004764344256125654,0.7857142857142857,0.04094868922228861,0.00497789675809149,0.0012528455151405,0.0090427193914192,0.9301539263572176,False,False,raw_universe_no_tradability_cost_test;correlated_native_profiles;development_derived_direction;recent_diagnostic_not_run
alpha360_CLOSE59,d8d2ac255fbb7ce0148779a7b2ac29d9eac57368aaf92c129f22d662bfe6e633,alpha360,PriceTrend,TechnicalPriceVolume,1.0,development_data_derived_not_economic_prior,26559c272310fd361fcb0c8de4b658b77946058241e4bf26ede281a71d64950b,3/3,3,3,pass,pass,pass,all_conditions_pass,all_conditions_pass,all_conditions_pass,0.060948331175503155,3361,0.9285714285714286,0.9999999999999999,0.009897196646218926,0.004732566737687388,0.7857142857142857,0.040698070742717495,0.004954797852594691,0.0012528455151405,0.0090427193914192,0.9300972477536936,False,False,raw_universe_no_tradability_cost_test;correlated_native_profiles;development_derived_direction;recent_diagnostic_not_run
alpha360_CLOSE6,bdedf0dd1dcc6b39005fea5e706f13cd183436d3576225a15ec61f057a2e2aa3,alpha360,PriceTrend,TechnicalPriceVolume,1.0,development_data_derived_not_economic_prior,26559c272310fd361fcb0c8de4b658b77946058241e4bf26ede281a71d64950b,2/3,2,3,fail,pass,pass,directional_quantile_monotonicity_080,all_conditions_pass,all_conditions_pass,0.030546876264373184,3361,1.0,0.3,0.00630579729473821,0.0033982885376784844,0.8571428571428571,0.026365446323911215,0.003162593784369421,0.0012528455151405,0.0090427193914192,0.939619707786943,False,False,raw_universe_no_tradability_cost_test;correlated_native_profiles;development_derived_direction;recent_diagnostic_not_run
alpha360_CLOSE7,02adefb2590a3f17f7d408c1b229c8b932cdfa1524d7f0136bb5b754148ab958,alpha360,PriceTrend,TechnicalPriceVolume,1.0,development_data_derived_not_economic_prior,26559c272310fd361fcb0c8de4b658b77946058241e4bf26ede281a71d64950b,2/3,2,3,fail,pass,pass,directional_quantile_monotonicity_080,all_conditions_pass,all_conditions_pass,0.03337224245804157,3361,1.0,0.3,0.0067360323298174575,0.0035837215530298474,0.7857142857142857,0.027773440092824963,0.003371924125457872,0.0012528455151405,0.0090427193914192,0.9391056601314519,False,False,raw_universe_no_tradability_cost_test;correlated_native_profiles;development_derived_direction;recent_diagnostic_not_run
alpha360_CLOSE8,da35a0ba4cb424e5991ff50d48967736abee4ed107f00e474c986f77e9147e27,alpha360,PriceTrend,TechnicalPriceVolume,1.0,development_data_derived_not_economic_prior,26559c272310fd361fcb0c8de4b658b77946058241e4bf26ede281a71d64950b,2/3,2,3,fail,pass,pass,directional_quantile_monotonicity_080,all_conditions_pass,all_conditions_pass,0.036038968547776114,3361,1.0,0.3,0.007237368284004336,0.0037891995334606984,0.7857142857142857,0.029340244881189154,0.0036183769369961304,0.0012528455151405,0.0090427193914192,0.9386269229428622,False,False,raw_universe_no_tradability_cost_test;correlated_native_profiles;development_derived_direction;recent_diagnostic_not_run
alpha360_CLOSE9,92a119e5d797d2a9838f9f76fd9a983c662e255c05e2e0cda7b9cbe068cd6902,alpha360,PriceTrend,TechnicalPriceVolume,1.0,development_data_derived_not_economic_prior,26559c272310fd361fcb0c8de4b658b77946058241e4bf26ede281a71d64950b,2/3,2,3,fail,pass,pass,directional_quantile_monotonicity_080,all_conditions_pass,all_conditions_pass,0.03912340629053834,3361,1.0,0.3,0.00791722555626472,0.0040572596530839555,0.7857142857142857,0.03135028824944701,0.003968592180537054,0.0012528455151405,0.0090427193914192,0.9381801621856725,False,False,raw_universe_no_tradability_cost_test;correlated_native_profiles;development_derived_direction;recent_diagnostic_not_run
alpha360_HIGH0,527c255da879042e19a945f252047b0ef20774dba4696bbc7b37339a71a2b65d,alpha360,PriceTrend,TechnicalPriceVolume,-1.0,development_data_derived_not_economic_prior,26559c272310fd361fcb0c8de4b658b77946058241e4bf26ede281a71d64950b,1/3,1,3,fail,pass,fail,positive_directional_quantile_spread;directional_quantile_monotonicity_080,all_conditions_pass,positive_directional_long_short,-0.022581204962835496,3361,0.9285714285714286,0.3,0.0005380691194597883,-0.0013500526993460973,0.7857142857142857,-0.012431788184838055,0.00020356997706600264,0.0012528455151405,0.0090427193914192,0.9473208751540098,False,False,raw_universe_no_tradability_cost_test;correlated_native_profiles;development_derived_direction;recent_diagnostic_not_run
alpha360_HIGH10,0af2d4715e6526ce0388a7a074976b5f60445ec92c7fa13050e4767c7b977b92,alpha360,PriceTrend,TechnicalPriceVolume,1.0,development_data_derived_not_economic_prior,26559c272310fd361fcb0c8de4b658b77946058241e4bf26ede281a71d64950b,2/3,2,3,fail,pass,pass,directional_quantile_monotonicity_080,all_conditions_pass,all_conditions_pass,0.03647888558208926,3361,1.0,0.7,0.008046681973019247,0.0039672525269035305,0.7142857142857143,0.03001240822788169,0.00402677929651496,0.0012528455151405,0.0090427193914192,0.9377682572541793,False,False,raw_universe_no_tradability_cost_test;correlated_native_profiles;development_derived_direction;recent_diagnostic_not_run
alpha360_HIGH11,4ce99e086eba3a890eafdab7f5f7d601c2cbd34fc2d9e37b045dff000fa86d9b,alpha360,PriceTrend,TechnicalPriceVolume,1.0,development_data_derived_not_economic_prior,26559c272310fd361fcb0c8de4b658b77946058241e4bf26ede281a71d64950b,2/3,2,3,fail,pass,pass,directional_quantile_monotonicity_080,all_conditions_pass,all_conditions_pass,0.03968971831884513,3361,1.0,0.7,0.008735896129977288,0.004235086429921329,0.7142857142857143,0.03198134288312575,0.004371089154303396,0.0012528455151405,0.0090427193914192,0.937478196165556,False,False,raw_universe_no_tradability_cost_test;correlated_native_profiles;development_derived_direction;recent_diagnostic_not_run
alpha360_HIGH12,753c14387b6a025118aaa6efcbb339816ca89da1f172b9d5b1d4e8a3d3c455c1,alpha360,PriceTrend,TechnicalPriceVolume,1.0,development_data_derived_not_economic_prior,26559c272310fd361fcb0c8de4b658b77946058241e4bf26ede281a71d64950b,2/3,2,3,fail,pass,pass,directional_quantile_monotonicity_080,all_conditions_pass,all_conditions_pass,0.04255042933420842,3361,1.0,0.7,0.00933153835174994,0.004469960099801214,0.7142857142857143,0.033812195839164665,0.0046706448799787425,0.0012528455151405,0.0090427193914192,0.9371907113770931,False,False,raw_universe_no_tradability_cost_test;correlated_native_profiles;development_derived_direction;recent_diagnostic_not_run
alpha360_HIGH13,5de7163d7873fb9560742d84410d16ab5246c489e381558e8e7e5fcffd401a7c,alpha360,PriceTrend,TechnicalPriceVolume,1.0,development_data_derived_not_economic_prior,26559c272310fd361fcb0c8de4b658b77946058241e4bf26ede281a71d64950b,2/3,2,3,fail,pass,pass,directional_quantile_monotonicity_080,all_conditions_pass,all_conditions_pass,0.045253539811198604,3361,1.0,0.7,0.009794036566075673,0.004686782972377078,0.7142857142857143,0.03554177744304525,0.004899961331531727,0.0012528455151405,0.0090427193914192,0.9369035296827665,False,False,raw_universe_no_tradability_cost_test;correlated_native_profiles;development_derived_direction;recent_diagnostic_not_run
alpha360_HIGH14,393fd731575ee85875f564083cdae771b155ed225ca5c61fed5bb5d361e52d45,alpha360,PriceTrend,TechnicalPriceVolume,1.0,development_data_derived_not_economic_prior,26559c272310fd361fcb0c8de4b658b77946058241e4bf26ede281a71d64950b,2/3,2,3,fail,pass,pass,directional_quantile_monotonicity_080,all_conditions_pass,all_conditions_pass,0.04789285612395632,3361,1.0,0.7,0.010180794187238372,0.004889588859290509,0.7142857142857143,0.03716732281313378,0.005097039198016175,0.0012528455151405,0.0090427193914192,0.9366210459475556,False,False,raw_universe_no_tradability_cost_test;correlated_native_profiles;development_derived_direction;recent_diagnostic_not_run
alpha360_HIGH15,ada7891273ca389e2230b9fe82d190128c14553b536155205a6622a8a17bd37f,alpha360,PriceTrend,TechnicalPriceVolume,1.0,development_data_derived_not_economic_prior,26559c272310fd361fcb0c8de4b658b77946058241e4bf26ede281a71d64950b,3/3,3,3,pass,pass,pass,all_conditions_pass,all_conditions_pass,all_conditions_pass,0.0501609621322689,3361,1.0,0.8999999999999998,0.010643978420429927,0.005055941968604568,0.7142857142857143,0.038621208072164466,0.005330323640793114,0.0012528455151405,0.0090427193914192,0.936344927189211,False,False,raw_universe_no_tradability_cost_test;correlated_native_profiles;development_derived_direction;recent_diagnostic_not_run
alpha360_HIGH16,66b19a5a485b696c82ab2b63850ce6fb18465e6e1ecdc3dc5c93f6e442937d62,alpha360,PriceTrend,TechnicalPriceVolume,1.0,development_data_derived_not_economic_prior,26559c272310fd361fcb0c8de4b658b77946058241e4bf26ede281a71d64950b,3/3,3,3,pass,pass,pass,all_conditions_pass,all_conditions_pass,all_conditions_pass,0.052194329643304074,3361,1.0,0.8999999999999998,0.010959346897292025,0.005180993061545763,0.7142857142857143,0.03987073457215893,0.005483936128912401,0.0012528455151405,0.0090427193914192,0.936081993025804,False,False,raw_universe_no_tradability_cost_test;correlated_native_profiles;development_derived_direction;recent_diagnostic_not_run
alpha360_HIGH17,143330f6b21cee295d471181022f4376a7f87657848c1d4f0cf39be54a63ca6a,alpha360,PriceTrend,TechnicalPriceVolume,1.0,development_data_derived_not_economic_prior,26559c272310fd361fcb0c8de4b658b77946058241e4bf26ede281a71d64950b,3/3,3,3,pass,pass,pass,all_conditions_pass,all_conditions_pass,all_conditions_pass,0.054163447350557795,3361,1.0,0.8999999999999998,0.011146846840709428,0.005306958983186212,0.8571428571428571,0.041126799988115574,0.005584486467520495,0.0012528455151405,0.0090427193914192,0.9358242114627171,False,False,raw_universe_no_tradability_cost_test;correlated_native_profiles;development_derived_direction;recent_diagnostic_not_run
alpha360_HIGH18,297b0bb8914a2731254f844af4bedb8e123c903f58959fa5a3086702eee6c3dd,alpha360,PriceTrend,TechnicalPriceVolume,1.0,development_data_derived_not_economic_prior,26559c272310fd361fcb0c8de4b658b77946058241e4bf26ede281a71d64950b,3/3,3,3,pass,pass,pass,all_conditions_pass,all_conditions_pass,all_conditions_pass,0.056027975827287226,3361,1.0,0.9999999999999999,0.011374697851222394,0.005419989019230897,0.8571428571428571,0.042228129624148986,0.005698737734236113,0.0012528455151405,0.0090427193914192,0.9355744618942474,False,False,raw_universe_no_tradability_cost_test;correlated_native_profiles;development_derived_direction;recent_diagnostic_not_run
alpha360_HIGH19,60dd14044abf3379137cd1730e5a6211336b1c85532ec5ecedb8dd80c3166314,alpha360,PriceTrend,TechnicalPriceVolume,1.0,development_data_derived_not_economic_prior,26559c272310fd361fcb0c8de4b658b77946058241e4bf26ede281a71d64950b,3/3,3,3,pass,pass,pass,all_conditions_pass,all_conditions_pass,all_conditions_pass,0.05776353711576393,3361,1.0,0.9999999999999999,0.011573253129738498,0.005534605924110182,0.8571428571428571,0.04327593660782063,0.005792137109864831,0.0012528455151405,0.0090427193914192,0.9353401701267389,False,False,raw_universe_no_tradability_cost_test;correlated_native_profiles;development_derived_direction;recent_diagnostic_not_run
alpha360_HIGH20,cb8fb9d72940c2be94f5d961b6f1d58a553a3758ef6fed6bfeb7a9154b45754a,alpha360,PriceTrend,TechnicalPriceVolume,1.0,development_data_derived_not_economic_prior,26559c272310fd361fcb0c8de4b658b77946058241e4bf26ede281a71d64950b,3/3,3,3,pass,pass,pass,all_conditions_pass,all_conditions_pass,all_conditions_pass,0.059047165262746476,3361,1.0,0.9999999999999999,0.011719710136340624,0.005594295792354861,0.8571428571428571,0.04398464982831669,0.005867794000044347,0.0012528455151405,0.0090427193914192,0.9351075453769809,False,False,raw_universe_no_tradability_cost_test;correlated_native_profiles;development_derived_direction;recent_diagnostic_not_run
alpha360_HIGH21,c10a90a0b30730723c504164a56a7504bb846d20619c8bcc3fe608ac345a64c5,alpha360,PriceTrend,TechnicalPriceVolume,1.0,development_data_derived_not_economic_prior,26559c272310fd361fcb0c8de4b658b77946058241e4bf26ede281a71d64950b,3/3,3,3,pass,pass,pass,all_conditions_pass,all_conditions_pass,all_conditions_pass,0.06018496908609058,3361,1.0,0.9999999999999999,0.011907403449620326,0.005652024634539283,0.8571428571428571,0.04458441664256014,0.005957774977707579,0.0012528455151405,0.0090427193914192,0.9348914392576618,False,False,raw_universe_no_tradability_cost_test;correlated_native_profiles;development_derived_direction;recent_diagnostic_not_run
alpha360_HIGH22,7551e13d6cdb91efd07ed2e24eafe9f960b3b62ff617ba80f0d67715d4c9cfb1,alpha360,PriceTrend,TechnicalPriceVolume,1.0,development_data_derived_not_economic_prior,26559c272310fd361fcb0c8de4b658b77946058241e4bf26ede281a71d64950b,3/3,3,3,pass,pass,pass,all_conditions_pass,all_conditions_pass,all_conditions_pass,0.06122972875229929,3361,1.0,0.9999999999999999,0.012067972107595604,0.005700068822442945,0.8571428571428571,0.04512883889604324,0.006042573783448431,0.0012528455151405,0.0090427193914192,0.934684122868301,False,False,raw_universe_no_tradability_cost_test;correlated_native_profiles;development_derived_direction;recent_diagnostic_not_run
alpha360_HIGH23,2829a5cf2d572c39e9da4763e582a109349ad4c016aa80d4f8e0d7886a695416,alpha360,PriceTrend,TechnicalPriceVolume,1.0,development_data_derived_not_economic_prior,26559c272310fd361fcb0c8de4b658b77946058241e4bf26ede281a71d64950b,3/3,3,3,pass,pass,pass,all_conditions_pass,all_conditions_pass,all_conditions_pass,0.06203139458044294,3361,1.0,0.9999999999999999,0.012159147269968534,0.005727267158324425,0.8571428571428571,0.04549385524416353,0.006083931655519992,0.0012528455151405,0.0090427193914192,0.9344725631610293,False,False,raw_universe_no_tradability_cost_test;correlated_native_profiles;development_derived_direction;recent_diagnostic_not_run
alpha360_HIGH24,5b49dc01667fe23744db9e6ab4b2deaede12b1990b34fda3abd04da77a8a8cd4,alpha360,PriceTrend,TechnicalPriceVolume,1.0,development_data_derived_not_economic_prior,26559c272310fd361fcb0c8de4b658b77946058241e4bf26ede281a71d64950b,3/3,3,3,pass,pass,pass,all_conditions_pass,all_conditions_pass,all_conditions_pass,0.06266752697671923,3361,1.0,0.9999999999999999,0.012197170914193861,0.005740046156402989,0.8571428571428571,0.04568647146327426,0.0061076472140159325,0.0012528455151405,0.0090427193914192,0.9342723694838762,False,False,raw_universe_no_tradability_cost_test;correlated_native_profiles;development_derived_direction;recent_diagnostic_not_run
alpha360_HIGH25,14a903429cf0bed8215bce2d613fbb1e8b6bd655a0188a4775ee18b74ecc63c8,alpha360,PriceTrend,TechnicalPriceVolume,1.0,development_data_derived_not_economic_prior,26559c272310fd361fcb0c8de4b658b77946058241e4bf26ede281a71d64950b,3/3,3,3,pass,pass,pass,all_conditions_pass,all_conditions_pass,all_conditions_pass,0.06334594771211148,3361,1.0,0.9999999999999999,0.012289158459050943,0.005762552092329906,0.7857142857142857,0.045914278958731555,0.006149322541278242,0.0012528455151405,0.0090427193914192,0.934078389236521,False,False,raw_universe_no_tradability_cost_test;correlated_native_profiles;development_derived_direction;recent_diagnostic_not_run
alpha360_HIGH26,a58716694ae7d78f50752813a62d5b158c57ef494c1f4bd814de5cd4ee4ebefa,alpha360,PriceTrend,TechnicalPriceVolume,1.0,development_data_derived_not_economic_prior,26559c272310fd361fcb0c8de4b658b77946058241e4bf26ede281a71d64950b,3/3,3,3,pass,pass,pass,all_conditions_pass,all_conditions_pass,all_conditions_pass,0.06385584747217664,3361,1.0,0.9999999999999999,0.01227204615341257,0.005764252414175669,0.7857142857142857,0.046039124854403354,0.006141557071464943,0.0012528455151405,0.0090427193914192,0.933896835848762,False,False,raw_universe_no_tradability_cost_test;correlated_native_profiles;development_derived_direction;recent_diagnostic_not_run
alpha360_HIGH27,db9f0905912dbf14588dba5f2708cb9c8cc453d745a7fb57d4ad189f8829874a,alpha360,PriceTrend,TechnicalPriceVolume,1.0,development_data_derived_not_economic_prior,26559c272310fd361fcb0c8de4b658b77946058241e4bf26ede281a71d64950b,3/3,3,3,pass,pass,pass,all_conditions_pass,all_conditions_pass,all_conditions_pass,0.06417717635033067,3361,1.0,0.9999999999999999,0.012153588414805287,0.0057504113744538485,0.7857142857142857,0.04605929964447945,0.006085301346716397,0.0012528455151405,0.0090427193914192,0.9337119484255018,False,False,raw_universe_no_tradability_cost_test;correlated_native_profiles;development_derived_direction;recent_diagnostic_not_run
alpha360_HIGH28,28c930dd6bbd27bf611d912fa9bee4e6168913c41bdbd86725a19438afefd4ae,alpha360,PriceTrend,TechnicalPriceVolume,1.0,development_data_derived_not_economic_prior,26559c272310fd361fcb0c8de4b658b77946058241e4bf26ede281a71d64950b,3/3,3,3,pass,pass,pass,all_conditions_pass,all_conditions_pass,all_conditions_pass,0.06452470634211414,3361,1.0,0.9999999999999999,0.012223525151076081,0.005736044309944758,0.7857142857142857,0.04607447102548715,0.00612107163796059,0.0012528455151405,0.0090427193914192,0.9335390332206328,False,False,raw_universe_no_tradability_cost_test;correlated_native_profiles;development_derived_direction;recent_diagnostic_not_run
alpha360_HIGH29,2e45c971e53cee628c84f6c37aa8e89d56276914a542e505e309266f0831eb2e,alpha360,PriceTrend,TechnicalPriceVolume,1.0,development_data_derived_not_economic_prior,26559c272310fd361fcb0c8de4b658b77946058241e4bf26ede281a71d64950b,3/3,3,3,pass,pass,pass,all_conditions_pass,all_conditions_pass,all_conditions_pass,0.06477004616302563,3361,1.0,0.9999999999999999,0.012256340180754699,0.005717809059675133,0.7857142857142857,0.04602347792714462,0.006131200382425456,0.0012528455151405,0.0090427193914192,0.9333697551454019,False,False,raw_universe_no_tradability_cost_test;correlated_native_profiles;development_derived_direction;recent_diagnostic_not_run
alpha360_HIGH30,ef77fb965da1f197bc50566b57ad2de9c70f49a822d0169f4d6436184035d1e4,alpha360,PriceTrend,TechnicalPriceVolume,1.0,development_data_derived_not_economic_prior,26559c272310fd361fcb0c8de4b658b77946058241e4bf26ede281a71d64950b,3/3,3,3,pass,pass,pass,all_conditions_pass,all_conditions_pass,all_conditions_pass,0.06498792116992026,3361,0.9285714285714286,0.9999999999999999,0.012148275426703697,0.005696476821790045,0.7857142857142857,0.04597202956342204,0.006084664824024984,0.0012528455151405,0.0090427193914192,0.9332027502761945,False,False,raw_universe_no_tradability_cost_test;correlated_native_profiles;development_derived_direction;recent_diagnostic_not_run
alpha360_HIGH31,2d1b5e8671304c6cd2a58fead1cd79dd7a84ea3e2a4da3a07a7e8f37eb0c31eb,alpha360,PriceTrend,TechnicalPriceVolume,1.0,development_data_derived_not_economic_prior,26559c272310fd361fcb0c8de4b658b77946058241e4bf26ede281a71d64950b,3/3,3,3,pass,pass,pass,all_conditions_pass,all_conditions_pass,all_conditions_pass,0.06515847911128725,3361,0.9285714285714286,0.9999999999999999,0.012090822984186143,0.005668219443581215,0.7857142857142857,0.04587108950646243,0.006055473159538613,0.0012528455151405,0.0090427193914192,0.9330405949131712,False,False,raw_universe_no_tradability_cost_test;correlated_native_profiles;development_derived_direction;recent_diagnostic_not_run
alpha360_HIGH32,ef5ef2db9636020fa62c214700c59c6ec2219294b227c132568ef95ab82ed6cc,alpha360,PriceTrend,TechnicalPriceVolume,1.0,development_data_derived_not_economic_prior,26559c272310fd361fcb0c8de4b658b77946058241e4bf26ede281a71d64950b,3/3,3,3,pass,pass,pass,all_conditions_pass,all_conditions_pass,all_conditions_pass,0.06522415014913678,3361,0.9285714285714286,0.9999999999999999,0.012055838595593131,0.005624104977498028,0.7857142857142857,0.04566453497095799,0.0060380480006031745,0.0012528455151405,0.0090427193914192,0.9328823797739221,False,False,raw_universe_no_tradability_cost_test;correlated_native_profiles;development_derived_direction;recent_diagnostic_not_run
alpha360_HIGH33,cdab4c1a20196a98d19e8f088ca4c82dd066c0650eb845253ccd5a93d0f9222b,alpha360,PriceTrend,TechnicalPriceVolume,1.0,development_data_derived_not_economic_prior,26559c272310fd361fcb0c8de4b658b77946058241e4bf26ede281a71d64950b,3/3,3,3,pass,pass,pass,all_conditions_pass,all_conditions_pass,all_conditions_pass,0.06518123312080869,3361,0.9285714285714286,0.9999999999999999,0.0120292587239449,0.005580257813167718,0.7857142857142857,0.04544423807318605,0.006018159323356808,0.0012528455151405,0.0090427193914192,0.9327347729294503,False,False,raw_universe_no_tradability_cost_test;correlated_native_profiles;development_derived_direction;recent_diagnostic_not_run
alpha360_HIGH34,53ac97ea847cc718993ee8dcbfad87be51c165991549e47aaa6b44593eada5c5,alpha360,PriceTrend,TechnicalPriceVolume,1.0,development_data_derived_not_economic_prior,26559c272310fd361fcb0c8de4b658b77946058241e4bf26ede281a71d64950b,3/3,3,3,pass,pass,pass,all_conditions_pass,all_conditions_pass,all_conditions_pass,0.06503290690364813,3361,0.9285714285714286,0.9999999999999999,0.011946378686410209,0.00552841961749588,0.7857142857142857,0.045143822112281226,0.005973576119032401,0.0012528455151405,0.0090427193914192,0.9325938341559813,False,False,raw_universe_no_tradability_cost_test;correlated_native_profiles;development_derived_direction;recent_diagnostic_not_run
alpha360_HIGH35,247b378c3edb1aa9bbae38bd0f810e3d26548c88c8b93c76f20e9cf33da96423,alpha360,PriceTrend,TechnicalPriceVolume,1.0,development_data_derived_not_economic_prior,26559c272310fd361fcb0c8de4b658b77946058241e4bf26ede281a71d64950b,3/3,3,3,pass,pass,pass,all_conditions_pass,all_conditions_pass,all_conditions_pass,0.06492599610129503,3361,0.8571428571428571,0.9999999999999999,0.011929719471395706,0.005484029512252124,0.7857142857142857,0.0448980120153732,0.00597192734276411,0.0012528455151405,0.0090427193914192,0.9324469850468508,False,False,raw_universe_no_tradability_cost_test;correlated_native_profiles;development_derived_direction;recent_diagnostic_not_run
alpha360_HIGH36,13f34ca9a397381f55f420ef09674f7d549cfae0a13950773a938fd918587b56,alpha360,PriceTrend,TechnicalPriceVolume,1.0,development_data_derived_not_economic_prior,26559c272310fd361fcb0c8de4b658b77946058241e4bf26ede281a71d64950b,3/3,3,3,pass,pass,pass,all_conditions_pass,all_conditions_pass,all_conditions_pass,0.06483604043407776,3361,0.8571428571428571,0.9999999999999999,0.011760762463768556,0.005439458575538284,0.7857142857142857,0.04463696338629518,0.005885825102277719,0.0012528455151405,0.0090427193914192,0.9323077132911325,False,False,raw_universe_no_tradability_cost_test;correlated_native_profiles;development_derived_direction;recent_diagnostic_not_run
alpha360_HIGH37,22f8289f8c32292359ca006855368b7cc6f8f11bda78727646b12cb82b63db2b,alpha360,PriceTrend,TechnicalPriceVolume,1.0,development_data_derived_not_economic_prior,26559c272310fd361fcb0c8de4b658b77946058241e4bf26ede281a71d64950b,3/3,3,3,pass,pass,pass,all_conditions_pass,all_conditions_pass,all_conditions_pass,0.06469681573300952,3361,0.8571428571428571,0.9999999999999999,0.011651457321251633,0.005395049882180069,0.7857142857142857,0.044377089767988286,0.0058292038555868095,0.0012528455151405,0.0090427193914192,0.9321696539119603,False,False,raw_universe_no_tradability_cost_test;correlated_native_profiles;development_derived_direction;recent_diagnostic_not_run
alpha360_HIGH38,a2fe1e9f88a0698513d3bc27380419efaa3aa056c33199b1a217c93135de81aa,alpha360,PriceTrend,TechnicalPriceVolume,1.0,development_data_derived_not_economic_prior,26559c272310fd361fcb0c8de4b658b77946058241e4bf26ede281a71d64950b,3/3,3,3,pass,pass,pass,all_conditions_pass,all_conditions_pass,all_conditions_pass,0.06448094784307605,3361,0.9285714285714286,0.9999999999999999,0.01160185674765383,0.00534633149874285,0.7857142857142857,0.04410372295636238,0.005809516711635137,0.0012528455151405,0.0090427193914192,0.9320353832094941,False,False,raw_universe_no_tradability_cost_test;correlated_native_profiles;development_derived_direction;recent_diagnostic_not_run
alpha360_HIGH39,b68ac0641dc234069c956d41f82d04a6c32c81516154d1e31b5bd3d93c5c8111,alpha360,PriceTrend,TechnicalPriceVolume,1.0,development_data_derived_not_economic_prior,26559c272310fd361fcb0c8de4b658b77946058241e4bf26ede281a71d64950b,3/3,3,3,pass,pass,pass,all_conditions_pass,all_conditions_pass,all_conditions_pass,0.0642768128412182,3361,0.9285714285714286,0.9999999999999999,0.011408213730757238,0.005309258612346137,0.7857142857142857,0.04389300404127553,0.005709998628127736,0.0012528455151405,0.0090427193914192,0.9319089929545767,False,False,raw_universe_no_tradability_cost_test;correlated_native_profiles;development_derived_direction;recent_diagnostic_not_run
alpha360_HIGH40,7a3f91c6c679770abe3004b5c8e31fbba956fe564f21cc175bb2208fcf8dc974,alpha360,PriceTrend,TechnicalPriceVolume,1.0,development_data_derived_not_economic_prior,26559c272310fd361fcb0c8de4b658b77946058241e4bf26ede281a71d64950b,3/3,3,3,pass,pass,pass,all_conditions_pass,all_conditions_pass,all_conditions_pass,0.06410124744340918,3361,0.8571428571428571,0.9999999999999999,0.011414550924767732,0.00528882596982377,0.7857142857142857,0.04374821441497712,0.005711845719966146,0.0012528455151405,0.0090427193914192,0.9317882099411846,False,False,raw_universe_no_tradability_cost_test;correlated_native_profiles;development_derived_direction;recent_diagnostic_not_run
alpha360_HIGH41,cb4e5c05c8d9a41629995c524f65720ae9559a4dc07c5b1c002ba3ed3a110662,alpha360,PriceTrend,TechnicalPriceVolume,1.0,development_data_derived_not_economic_prior,26559c272310fd361fcb0c8de4b658b77946058241e4bf26ede281a71d64950b,3/3,3,3,pass,pass,pass,all_conditions_pass,all_conditions_pass,all_conditions_pass,0.06383354875309134,3361,0.8571428571428571,0.9999999999999999,0.011287807409411897,0.005251829804539495,0.7857142857142857,0.0435166060121232,0.005651547207128091,0.0012528455151405,0.0090427193914192,0.9316766712989554,False,False,raw_universe_no_tradability_cost_test;correlated_native_profiles;development_derived_direction;recent_diagnostic_not_run
alpha360_HIGH42,30c42fabca595a157ca3d3e800837878e27dda65d7c6975303b61aef20196500,alpha360,PriceTrend,TechnicalPriceVolume,1.0,development_data_derived_not_economic_prior,26559c272310fd361fcb0c8de4b658b77946058241e4bf26ede281a71d64950b,3/3,3,3,pass,pass,pass,all_conditions_pass,all_conditions_pass,all_conditions_pass,0.06352127441071481,3361,0.8571428571428571,0.9999999999999999,0.011094932784822532,0.005203160547529973,0.7857142857142857,0.04324097844044646,0.005552654163260383,0.0012528455151405,0.0090427193914192,0.9315701337099783,False,False,raw_universe_no_tradability_cost_test;correlated_native_profiles;development_derived_direction;recent_diagnostic_not_run
alpha360_HIGH43,e84784ae5ea8b722402ace20f8614e9ac1b2d985406ec7d9f830e231ecb5f9c2,alpha360,PriceTrend,TechnicalPriceVolume,1.0,development_data_derived_not_economic_prior,26559c272310fd361fcb0c8de4b658b77946058241e4bf26ede281a71d64950b,3/3,3,3,pass,pass,pass,all_conditions_pass,all_conditions_pass,all_conditions_pass,0.06319522859002015,3361,0.8571428571428571,0.9999999999999999,0.010949662566709558,0.005151976189458159,0.7857142857142857,0.042938816466257794,0.005485678783868354,0.0012528455151405,0.0090427193914192,0.9314654146858202,False,False,raw_universe_no_tradability_cost_test;correlated_native_profiles;development_derived_direction;recent_diagnostic_not_run
alpha360_HIGH44,949c2d944d2d2c2558cd6362ff9e00235b7a08c38cb84f90016af4bda08930f1,alpha360,PriceTrend,TechnicalPriceVolume,1.0,development_data_derived_not_economic_prior,26559c272310fd361fcb0c8de4b658b77946058241e4bf26ede281a71d64950b,3/3,3,3,pass,pass,pass,all_conditions_pass,all_conditions_pass,all_conditions_pass,0.06297066173642601,3361,0.8571428571428571,0.9999999999999999,0.010849761493698916,0.005100267899634342,0.7857142857142857,0.0426845610464016,0.00541883304117426,0.0012528455151405,0.0090427193914192,0.9313588770968432,False,False,raw_universe_no_tradability_cost_test;correlated_native_profiles;development_derived_direction;recent_diagnostic_not_run
alpha360_HIGH45,6da33434713b4e42c387cef2a721c4a46677e15a5eda813eacf264bf60f75134,alpha360,PriceTrend,TechnicalPriceVolume,1.0,development_data_derived_not_economic_prior,26559c272310fd361fcb0c8de4b658b77946058241e4bf26ede281a71d64950b,3/3,3,3,pass,pass,pass,all_conditions_pass,all_conditions_pass,all_conditions_pass,0.06271086822680964,3361,0.8571428571428571,0.9999999999999999,0.010748513963429584,0.005046713148426574,0.7857142857142857,0.042420487625973585,0.0053809809859892595,0.0012528455151405,0.0090427193914192,0.9312487023782281,False,False,raw_universe_no_tradability_cost_test;correlated_native_profiles;development_derived_direction;recent_diagnostic_not_run
alpha360_HIGH46,746c353043d79d8bc5fbe9e1761b26a582a6e43c7d84e2770d22c18c5eee1a2e,alpha360,PriceTrend,TechnicalPriceVolume,1.0,development_data_derived_not_economic_prior,26559c272310fd361fcb0c8de4b658b77946058241e4bf26ede281a71d64950b,3/3,3,3,pass,pass,pass,all_conditions_pass,all_conditions_pass,all_conditions_pass,0.06237734607828808,3361,0.8571428571428571,0.9999999999999999,0.010659207034181146,0.005000179810048354,0.7857142857142857,0.04220379264345107,0.005329413757449875,0.0012528455151405,0.0090427193914192,0.9311479235778444,False,False,raw_universe_no_tradability_cost_test;correlated_native_profiles;development_derived_direction;recent_diagnostic_not_run
alpha360_HIGH47,c9b15bff452aa05c8bba3812f597f1d0ba45b664bffe22c9dc674b74b8fdb1c5,alpha360,PriceTrend,TechnicalPriceVolume,1.0,development_data_derived_not_economic_prior,26559c272310fd361fcb0c8de4b658b77946058241e4bf26ede281a71d64950b,3/3,3,3,pass,pass,pass,all_conditions_pass,all_conditions_pass,all_conditions_pass,0.062046492702305917,3361,0.8571428571428571,0.9999999999999999,0.010548508401542268,0.004962100172039699,0.7857142857142857,0.042036208482961704,0.005277522839907503,0.0012528455151405,0.0090427193914192,0.931046690136256,False,False,raw_universe_no_tradability_cost_test;correlated_native_profiles;development_derived_direction;recent_diagnostic_not_run
alpha360_HIGH48,d14e997e4803e9d9cd1649e24b2c4343075afa7fda3578f23d2e7fb13be1ae07,alpha360,PriceTrend,TechnicalPriceVolume,1.0,development_data_derived_not_economic_prior,26559c272310fd361fcb0c8de4b658b77946058241e4bf26ede281a71d64950b,3/3,3,3,pass,pass,pass,all_conditions_pass,all_conditions_pass,all_conditions_pass,0.06181762262928885,3361,0.8571428571428571,0.9999999999999999,0.010435425081211596,0.004933317437943511,0.7857142857142857,0.041872741646239144,0.0052242201548344976,0.0012528455151405,0.0090427193914192,0.9309553072541035,False,False,raw_universe_no_tradability_cost_test;correlated_native_profiles;development_derived_direction;recent_diagnostic_not_run
alpha360_HIGH49,188e431e7cdd82367f841ebd33f3aa8de62022779f3325fa49d0e62068b58e52,alpha360,PriceTrend,TechnicalPriceVolume,1.0,development_data_derived_not_economic_prior,26559c272310fd361fcb0c8de4b658b77946058241e4bf26ede281a71d64950b,3/3,3,3,pass,pass,pass,all_conditions_pass,all_conditions_pass,all_conditions_pass,0.06164997237377416,3361,0.8571428571428571,0.9999999999999999,0.010405012039865599,0.004910967517487268,0.7857142857142857,0.041786184869680526,0.0052136453630937,0.0012528455151405,0.0090427193914192,0.9308681676898619,False,False,raw_universe_no_tradability_cost_test;correlated_native_profiles;development_derived_direction;recent_diagnostic_not_run
alpha360_HIGH5,3181fc1f9c58017522c5fcdf74b2a8f4cedbb88ec1435a663d6c5019cbbc2eed,alpha360,PriceTrend,TechnicalPriceVolume,1.0,development_data_derived_not_economic_prior,26559c272310fd361fcb0c8de4b658b77946058241e4bf26ede281a71d64950b,2/3,2,3,fail,pass,pass,directional_quantile_monotonicity_080,all_conditions_pass,all_conditions_pass,0.020549962413825826,3361,0.7857142857142857,0.3,0.005464362936696627,0.002769210570750217,0.7142857142857143,0.0207110526078552,0.002741202030718154,0.0012528455151405,0.0090427193914192,0.9402118021825808,False,False,raw_universe_no_tradability_cost_test;correlated_native_profiles;development_derived_direction;recent_diagnostic_not_run
alpha360_HIGH50,3b75bbf67a648961a8019a72ffdcdbe06583512f891bad45cdd9e7576985c5bb,alpha360,PriceTrend,TechnicalPriceVolume,1.0,development_data_derived_not_economic_prior,26559c272310fd361fcb0c8de4b658b77946058241e4bf26ede281a71d64950b,3/3,3,3,pass,pass,pass,all_conditions_pass,all_conditions_pass,all_conditions_pass,0.06141483902112153,3361,0.8571428571428571,0.9999999999999999,0.010349628094943166,0.004881228817026772,0.7857142857142857,0.04162144078992433,0.005176678097479703,0.0012528455151405,0.0090427193914192,0.9307837559728488,False,False,raw_universe_no_tradability_cost_test;correlated_native_profiles;development_derived_direction;recent_diagnostic_not_run
alpha360_HIGH51,fe7d10e5e999bb805c50c1fb2f7a040ee4e5cbd83731f7b383fadeec6d0210f1,alpha360,PriceTrend,TechnicalPriceVolume,1.0,development_data_derived_not_economic_prior,26559c272310fd361fcb0c8de4b658b77946058241e4bf26ede281a71d64950b,3/3,3,3,pass,pass,pass,all_conditions_pass,all_conditions_pass,all_conditions_pass,0.0611821282326148,3361,0.8571428571428571,0.9999999999999999,0.010261636236279535,0.004848838306638338,0.7857142857142857,0.04143066043876148,0.005126537385439575,0.0012528455151405,0.0090427193914192,0.9306943432025836,False,False,raw_universe_no_tradability_cost_test;correlated_native_profiles;development_derived_direction;recent_diagnostic_not_run
alpha360_HIGH52,333aa203da70f6cd8ad5938b564704a8cef1050bc2ae99d40e8abc4286369bae,alpha360,PriceTrend,TechnicalPriceVolume,1.0,development_data_derived_not_economic_prior,26559c272310fd361fcb0c8de4b658b77946058241e4bf26ede281a71d64950b,3/3,3,3,pass,pass,pass,all_conditions_pass,all_conditions_pass,all_conditions_pass,0.06090703011006598,3361,0.8571428571428571,0.9999999999999999,0.010165544775213762,0.004810663114672629,0.7857142857142857,0.041153141842689395,0.005086364789929788,0.0012528455151405,0.0090427193914192,0.9306049304323183,False,False,raw_universe_no_tradability_cost_test;correlated_native_profiles;development_derived_direction;recent_diagnostic_not_run
alpha360_HIGH53,9e8698c18d5db5ebbbbfe72725eaa45674044ef11e90c516b5c9182efc523e82,alpha360,PriceTrend,TechnicalPriceVolume,1.0,development_data_derived_not_economic_prior,26559c272310fd361fcb0c8de4b658b77946058241e4bf26ede281a71d64950b,3/3,3,3,pass,pass,pass,all_conditions_pass,all_conditions_pass,all_conditions_pass,0.06054476470875837,3361,0.8571428571428571,0.9999999999999999,0.01005318008810801,0.0047706994786654985,0.7857142857142857,0.040841168905793666,0.0050342495932436965,0.0012528455151405,0.0090427193914192,0.9305073341203678,False,False,raw_universe_no_tradability_cost_test;correlated_native_profiles;development_derived_direction;recent_diagnostic_not_run
alpha360_HIGH54,e6096a05af4ab2255d3c01899215c9d0a75f5b382ae6906b56585be2d961aef9,alpha360,PriceTrend,TechnicalPriceVolume,1.0,development_data_derived_not_economic_prior,26559c272310fd361fcb0c8de4b658b77946058241e4bf26ede281a71d64950b,3/3,3,3,pass,pass,pass,all_conditions_pass,all_conditions_pass,all_conditions_pass,0.06024417366560681,3361,0.8571428571428571,0.9999999999999999,0.009984541857054783,0.004735895155541321,0.7857142857142857,0.04059184973817447,0.0049983019327569786,0.0012528455151405,0.0090427193914192,0.9304253471564465,False,False,raw_universe_no_tradability_cost_test;correlated_native_profiles;development_derived_direction;recent_diagnostic_not_run
alpha360_HIGH55,9e938fbcdd966697d135bb452d9ef606a45d31c2e2e1cb96e61847aaa2adaf05,alpha360,PriceTrend,TechnicalPriceVolume,1.0,development_data_derived_not_economic_prior,26559c272310fd361fcb0c8de4b658b77946058241e4bf26ede281a71d64950b,3/3,3,3,pass,pass,pass,all_conditions_pass,all_conditions_pass,all_conditions_pass,0.059969411559556145,3361,0.8571428571428571,0.9999999999999999,0.009948431038451725,0.004711564322462789,0.7857142857142857,0.040400757020403424,0.004977570880756641,0.0012528455151405,0.0090427193914192,0.9303513921871425,False,False,raw_universe_no_tradability_cost_test;correlated_native_profiles;development_derived_direction;recent_diagnostic_not_run
alpha360_HIGH56,689e6a1c4963d6917eb86f2a5f9606325d8fab109a2d6c879e0d2488cfd17655,alpha360,PriceTrend,TechnicalPriceVolume,1.0,development_data_derived_not_economic_prior,26559c272310fd361fcb0c8de4b658b77946058241e4bf26ede281a71d64950b,3/3,3,3,pass,pass,pass,all_conditions_pass,all_conditions_pass,all_conditions_pass,0.05975542776284169,3361,0.8571428571428571,0.9999999999999999,0.009899139996770029,0.004695494883092869,0.7857142857142857,0.040249249749625356,0.0049564688315745405,0.0012528455151405,0.0090427193914192,0.9302892578891615,False,False,raw_universe_no_tradability_cost_test;correlated_native_profiles;development_derived_direction;recent_diagnostic_not_run
alpha360_HIGH57,693351fedc39bdc15c13fe21576370bfd287d9c90b3ab49a19ad6b24fa5d5202,alpha360,PriceTrend,TechnicalPriceVolume,1.0,development_data_derived_not_economic_prior,26559c272310fd361fcb0c8de4b658b77946058241e4bf26ede281a71d64950b,3/3,3,3,pass,pass,pass,all_conditions_pass,all_conditions_pass,all_conditions_pass,0.05945752037432248,3361,0.8571428571428571,0.9999999999999999,0.009787510667069472,0.004673432804773199,0.7857142857142857,0.040062211592175975,0.004897133327527217,0.0012528455151405,0.0090427193914192,0.9302256081204981,False,False,raw_universe_no_tradability_cost_test;correlated_native_profiles;development_derived_direction;recent_diagnostic_not_run
alpha360_HIGH58,dab03c20a976e0700a63333f66a1c9e056271fd6667208add44d8c8bb6d6b936,alpha360,PriceTrend,TechnicalPriceVolume,1.0,development_data_derived_not_economic_prior,26559c272310fd361fcb0c8de4b658b77946058241e4bf26ede281a71d64950b,3/3,3,3,pass,pass,pass,all_conditions_pass,all_conditions_pass,all_conditions_pass,0.05916064625069466,3361,0.8571428571428571,0.9999999999999999,0.009770874161656746,0.004646232976679896,0.7857142857142857,0.0398426053679587,0.004882837912235371,0.0012528455151405,0.0090427193914192,0.9301539263572176,False,False,raw_universe_no_tradability_cost_test;correlated_native_profiles;development_derived_direction;recent_diagnostic_not_run
alpha360_HIGH59,7a5e43b26848800e9422dc703383db0bd74aeff62dd9998ffa35d0ef5a08aea9,alpha360,PriceTrend,TechnicalPriceVolume,1.0,development_data_derived_not_economic_prior,26559c272310fd361fcb0c8de4b658b77946058241e4bf26ede281a71d64950b,3/3,3,3,pass,pass,pass,all_conditions_pass,all_conditions_pass,all_conditions_pass,0.05888803322724584,3361,0.8571428571428571,0.9999999999999999,0.009692765506644198,0.004617757587266252,0.7857142857142857,0.0396284568179018,0.0048491363441444425,0.0012528455151405,0.0090427193914192,0.9300972477536936,False,False,raw_universe_no_tradability_cost_test;correlated_native_profiles;development_derived_direction;recent_diagnostic_not_run
alpha360_HIGH6,4265615f6ece62f9f5596741e4509d0aaff70366fcd1a282b7809848defdb731,alpha360,PriceTrend,TechnicalPriceVolume,1.0,development_data_derived_not_economic_prior,26559c272310fd361fcb0c8de4b658b77946058241e4bf26ede281a71d64950b,2/3,2,3,fail,pass,pass,directional_quantile_monotonicity_080,all_conditions_pass,all_conditions_pass,0.023617720476186297,3361,0.9285714285714286,0.3,0.0057898805902611445,0.0029488080318961405,0.7142857142857143,0.022181021608433316,0.002896411449816059,0.0012528455151405,0.0090427193914192,0.939619707786943,False,False,raw_universe_no_tradability_cost_test;correlated_native_profiles;development_derived_direction;recent_diagnostic_not_run
alpha360_HIGH7,729d6a0803bf73cd23d8ebbc7dd056254c2cfb8d6c91cad89888002e11cc9319,alpha360,PriceTrend,TechnicalPriceVolume,1.0,development_data_derived_not_economic_prior,26559c272310fd361fcb0c8de4b658b77946058241e4bf26ede281a71d64950b,2/3,2,3,fail,pass,pass,directional_quantile_monotonicity_080,all_conditions_pass,all_conditions_pass,0.026842087206884937,3361,0.9285714285714286,0.39999999999999997,0.006304716725757516,0.0031781281051562553,0.7142857142857143,0.023969760847764435,0.003156682298171943,0.0012528455151405,0.0090427193914192,0.9391056601314519,False,False,raw_universe_no_tradability_cost_test;correlated_native_profiles;development_derived_direction;recent_diagnostic_not_run
alpha360_HIGH8,805b4ce37e58d61903ee32a0184949799d1fe2499b9d09bbdaed6b0d5609cf57,alpha360,PriceTrend,TechnicalPriceVolume,1.0,development_data_derived_not_economic_prior,26559c272310fd361fcb0c8de4b658b77946058241e4bf26ede281a71d64950b,2/3,2,3,fail,pass,pass,directional_quantile_monotonicity_080,all_conditions_pass,all_conditions_pass,0.03016000126407913,3361,0.9285714285714286,0.39999999999999997,0.00695583833183726,0.0034462462151648617,0.7142857142857143,0.026015776792933428,0.003480853206722169,0.0012528455151405,0.0090427193914192,0.9386269229428622,False,False,raw_universe_no_tradability_cost_test;correlated_native_profiles;development_derived_direction;recent_diagnostic_not_run
alpha360_HIGH9,5f1ecb133833a7f23aa9ceb8bb3c9c3bfee04b2cfb03a7df4bca0e4e59d725f7,alpha360,PriceTrend,TechnicalPriceVolume,1.0,development_data_derived_not_economic_prior,26559c272310fd361fcb0c8de4b658b77946058241e4bf26ede281a71d64950b,2/3,2,3,fail,pass,pass,directional_quantile_monotonicity_080,all_conditions_pass,all_conditions_pass,0.033455503248725454,3361,1.0,0.39999999999999997,0.007573895845649821,0.003722630440421864,0.7142857142857143,0.028159128442392236,0.0037906202536627806,0.0012528455151405,0.0090427193914192,0.9381801621856725,False,False,raw_universe_no_tradability_cost_test;correlated_native_profiles;development_derived_direction;recent_diagnostic_not_run
alpha360_LOW0,88c278d330da607821c85d0c236f4327fcc5468557cfe164f2944ac600ad09de,alpha360,PriceTrend,TechnicalPriceVolume,1.0,development_data_derived_not_economic_prior,26559c272310fd361fcb0c8de4b658b77946058241e4bf26ede281a71d64950b,2/3,2,3,fail,pass,pass,directional_quantile_monotonicity_080,all_conditions_pass,all_conditions_pass,0.040051236358124576,3361,1.0,0.09999999999999999,0.005030665997976635,0.005039964394514216,1.0,0.03672837951572809,0.0027466402173696625,0.0012528455151405,0.0090427193914192,0.9473208751540098,False,False,raw_universe_no_tradability_cost_test;correlated_native_profiles;development_derived_direction;recent_diagnostic_not_run
alpha360_LOW1,fd149a19320ff484e72c47848e8146bb725893c71e2f34a583a635c25b463c44,alpha360,PriceTrend,TechnicalPriceVolume,1.0,development_data_derived_not_economic_prior,26559c272310fd361fcb0c8de4b658b77946058241e4bf26ede281a71d64950b,2/3,2,3,fail,pass,pass,directional_quantile_monotonicity_080,all_conditions_pass,all_conditions_pass,0.03297566574772662,3361,1.0,0.3,0.005179722115024449,0.003824976641805595,0.9285714285714286,0.029971178204682494,0.0025950643356287243,0.0012528455151405,0.0090427193914192,0.9439672900807897,False,False,raw_universe_no_tradability_cost_test;correlated_native_profiles;development_derived_direction;recent_diagnostic_not_run
alpha360_LOW10,22c49fcc798002bd9de36518484f2d65ec9bb9b597cf156cb857fe22f721ba41,alpha360,PriceTrend,TechnicalPriceVolume,1.0,development_data_derived_not_economic_prior,26559c272310fd361fcb0c8de4b658b77946058241e4bf26ede281a71d64950b,2/3,2,3,fail,pass,pass,directional_quantile_monotonicity_080,all_conditions_pass,all_conditions_pass,0.049973762177216115,3361,1.0,0.7,0.009410301985730037,0.004871598953539427,0.9285714285714286,0.03804848201484395,0.004708415337406156,0.0012528455151405,0.0090427193914192,0.9377682572541793,False,False,raw_universe_no_tradability_cost_test;correlated_native_profiles;development_derived_direction;recent_diagnostic_not_run
alpha360_LOW11,b2cdad59dbe8e20baa462cb3068d272d619b6c3f91bf3e0b74fdae7f37207d13,alpha360,PriceTrend,TechnicalPriceVolume,1.0,development_data_derived_not_economic_prior,26559c272310fd361fcb0c8de4b658b77946058241e4bf26ede281a71d64950b,2/3,2,3,fail,pass,pass,directional_quantile_monotonicity_080,all_conditions_pass,all_conditions_pass,0.05255403487286279,3361,1.0,0.7,0.009917267038043225,0.005080501362138977,0.9285714285714286,0.03955542111968499,0.004961113925429962,0.0012528455151405,0.0090427193914192,0.937478196165556,False,False,raw_universe_no_tradability_cost_test;correlated_native_profiles;development_derived_direction;recent_diagnostic_not_run
alpha360_LOW12,2f0cb63f38259c84c7e41f342d7703b61f035f773995264f3778d1a4ff489ccc,alpha360,PriceTrend,TechnicalPriceVolume,1.0,development_data_derived_not_economic_prior,26559c272310fd361fcb0c8de4b658b77946058241e4bf26ede281a71d64950b,2/3,2,3,fail,pass,pass,directional_quantile_monotonicity_080,all_conditions_pass,all_conditions_pass,0.05493922288001548,3361,1.0,0.7,0.010459690778730412,0.005278977871385661,0.9285714285714286,0.041060791613017546,0.005237868927999276,0.0012528455151405,0.0090427193914192,0.9371907113770931,False,False,raw_universe_no_tradability_cost_test;correlated_native_profiles;development_derived_direction;recent_diagnostic_not_run
alpha360_LOW13,ec40b48b213e0393c4f8445449888e5f1abe93aeafb17e7f2227c118e08d22c6,alpha360,PriceTrend,TechnicalPriceVolume,1.0,development_data_derived_not_economic_prior,26559c272310fd361fcb0c8de4b658b77946058241e4bf26ede281a71d64950b,2/3,2,3,fail,pass,pass,directional_quantile_monotonicity_080,all_conditions_pass,all_conditions_pass,0.05723584800388767,3361,1.0,0.7,0.010941100784842273,0.005460455428026159,0.9285714285714286,0.04249373288241531,0.005477966547095554,0.0012528455151405,0.0090427193914192,0.9369035296827665,False,False,raw_universe_no_tradability_cost_test;correlated_native_profiles;development_derived_direction;recent_diagnostic_not_run
alpha360_LOW14,594b01c884846fec1f275a9582d7241f442f4a1b85552c3d8b1c1640511e4cbf,alpha360,PriceTrend,TechnicalPriceVolume,1.0,development_data_derived_not_economic_prior,26559c272310fd361fcb0c8de4b658b77946058241e4bf26ede281a71d64950b,2/3,2,3,fail,pass,pass,directional_quantile_monotonicity_080,all_conditions_pass,all_conditions_pass,0.05938128657577405,3361,1.0,0.7,0.011346482874117748,0.0056316407989553665,0.9285714285714286,0.04387095113090966,0.005674514471201324,0.0012528455151405,0.0090427193914192,0.9366210459475556,False,False,raw_universe_no_tradability_cost_test;correlated_native_profiles;development_derived_direction;recent_diagnostic_not_run
alpha360_LOW15,aaaf05a92f1c32b9c1c609858223c084cce1a63528d75f8a42ad6b2dcd8ac777,alpha360,PriceTrend,TechnicalPriceVolume,1.0,development_data_derived_not_economic_prior,26559c272310fd361fcb0c8de4b658b77946058241e4bf26ede281a71d64950b,3/3,3,3,pass,pass,pass,all_conditions_pass,all_conditions_pass,all_conditions_pass,0.06104934441233742,3361,1.0,0.8999999999999998,0.011744844304260253,0.005742312292589227,0.9285714285714286,0.04491783122241143,0.005876918553164848,0.0012528455151405,0.0090427193914192,0.936344927189211,False,False,raw_universe_no_tradability_cost_test;correlated_native_profiles;development_derived_direction;recent_diagnostic_not_run
alpha360_LOW16,82aab8917435df009b9248075e0eab7eba83c87b2621ec85e5216dffbd551700,alpha360,PriceTrend,TechnicalPriceVolume,1.0,development_data_derived_not_economic_prior,26559c272310fd361fcb0c8de4b658b77946058241e4bf26ede281a71d64950b,3/3,3,3,pass,pass,pass,all_conditions_pass,all_conditions_pass,all_conditions_pass,0.06258195193076084,3361,1.0,0.8999999999999998,0.011890540368016365,0.005831884905083711,0.9285714285714286,0.04586388121726944,0.005948640831807471,0.0012528455151405,0.0090427193914192,0.936081993025804,False,False,raw_universe_no_tradability_cost_test;correlated_native_profiles;development_derived_direction;recent_diagnostic_not_run
alpha360_LOW17,36c47c3addc1f0c828453e1e62ac094efa2656267a91e77ad94d3a0fe337d63f,alpha360,PriceTrend,TechnicalPriceVolume,1.0,development_data_derived_not_economic_prior,26559c272310fd361fcb0c8de4b658b77946058241e4bf26ede281a71d64950b,3/3,3,3,pass,pass,pass,all_conditions_pass,all_conditions_pass,all_conditions_pass,0.06422966751189997,3361,1.0,0.8999999999999998,0.01213020390209028,0.005935722174089823,0.9285714285714286,0.046918081732220285,0.006068983302414332,0.0012528455151405,0.0090427193914192,0.9358242114627171,False,False,raw_universe_no_tradability_cost_test;correlated_native_profiles;development_derived_direction;recent_diagnostic_not_run
alpha360_LOW18,254a3df97b4d20a5f37d80d236a825f7bbf7cdd3f8b290d6d1e28f35c6126a32,alpha360,PriceTrend,TechnicalPriceVolume,1.0,development_data_derived_not_economic_prior,26559c272310fd361fcb0c8de4b658b77946058241e4bf26ede281a71d64950b,3/3,3,3,pass,pass,pass,all_conditions_pass,all_conditions_pass,all_conditions_pass,0.06568111241738037,3361,1.0,0.9999999999999999,0.012353046790190536,0.00602515382085173,0.9285714285714286,0.047776071553763254,0.006176563064351838,0.0012528455151405,0.0090427193914192,0.9355744618942474,False,False,raw_universe_no_tradability_cost_test;correlated_native_profiles;development_derived_direction;recent_diagnostic_not_run
alpha360_LOW19,2832d35ca6da491c64f325d026dfc37dc9ef14d93a29406a240473446a97ebe6,alpha360,PriceTrend,TechnicalPriceVolume,1.0,development_data_derived_not_economic_prior,26559c272310fd361fcb0c8de4b658b77946058241e4bf26ede281a71d64950b,3/3,3,3,pass,pass,pass,all_conditions_pass,all_conditions_pass,all_conditions_pass,0.06700730638057266,3361,1.0,0.9999999999999999,0.012532631978129472,0.006109433791654187,0.9285714285714286,0.048550344166883294,0.006277177966065493,0.0012528455151405,0.0090427193914192,0.9353401701267389,False,False,raw_universe_no_tradability_cost_test;correlated_native_profiles;development_derived_direction;recent_diagnostic_not_run
alpha360_LOW2,b05e971f2ef78cfb51c9c7180eb213a2c6811eb06465d7ed1a912f418fbf37f7,alpha360,PriceTrend,TechnicalPriceVolume,1.0,development_data_derived_not_economic_prior,26559c272310fd361fcb0c8de4b658b77946058241e4bf26ede281a71d64950b,2/3,2,3,fail,pass,pass,directional_quantile_monotonicity_080,all_conditions_pass,all_conditions_pass,0.0343063999493021,3361,1.0,0.3,0.00607275805090517,0.00383371607904953,0.9285714285714286,0.029996104528915195,0.003036158788849462,0.0012528455151405,0.0090427193914192,0.9428362943104684,False,False,raw_universe_no_tradability_cost_test;correlated_native_profiles;development_derived_direction;recent_diagnostic_not_run
alpha360_LOW20,e8a4b5122f7ebcd24fe32e5e2148e8132f9652862a0e744bdcf62d4bf3e8df8e,alpha360,PriceTrend,TechnicalPriceVolume,1.0,development_data_derived_not_economic_prior,26559c272310fd361fcb0c8de4b658b77946058241e4bf26ede281a71d64950b,3/3,3,3,pass,pass,pass,all_conditions_pass,all_conditions_pass,all_conditions_pass,0.06812600304172424,3361,1.0,0.9999999999999999,0.012621529117290002,0.006158441956005599,0.9285714285714286,0.04911852378554621,0.006317079174642391,0.0012528455151405,0.0090427193914192,0.9351075453769809,False,False,raw_universe_no_tradability_cost_test;correlated_native_profiles;development_derived_direction;recent_diagnostic_not_run
alpha360_LOW21,a7127cc12855566180fd824c399c89226ca47bf28fcc410ae0df47ba7bb5c272,alpha360,PriceTrend,TechnicalPriceVolume,1.0,development_data_derived_not_economic_prior,26559c272310fd361fcb0c8de4b658b77946058241e4bf26ede281a71d64950b,3/3,3,3,pass,pass,pass,all_conditions_pass,all_conditions_pass,all_conditions_pass,0.06900702753274585,3361,1.0,0.9999999999999999,0.01276054492111043,0.006191991173210423,0.9285714285714286,0.04950992673093063,0.006388025167322985,0.0012528455151405,0.0090427193914192,0.9348914392576618,False,False,raw_universe_no_tradability_cost_test;correlated_native_profiles;development_derived_direction;recent_diagnostic_not_run
alpha360_LOW22,3e0e8474f6b5bfc97fc7188b15d6a38a9b9b764ea0fccda6300a6d167ea8cf6c,alpha360,PriceTrend,TechnicalPriceVolume,1.0,development_data_derived_not_economic_prior,26559c272310fd361fcb0c8de4b658b77946058241e4bf26ede281a71d64950b,3/3,3,3,pass,pass,pass,all_conditions_pass,all_conditions_pass,all_conditions_pass,0.06975767339183049,3361,1.0,0.9999999999999999,0.012970032403433588,0.006213562176854387,0.8571428571428571,0.04980712709644936,0.006491944931152585,0.0012528455151405,0.0090427193914192,0.934684122868301,False,False,raw_universe_no_tradability_cost_test;correlated_native_profiles;development_derived_direction;recent_diagnostic_not_run
alpha360_LOW23,102a17279da5de26c1591ad42901500e90c36e3b2b082482560f0a87bdeedf25,alpha360,PriceTrend,TechnicalPriceVolume,1.0,development_data_derived_not_economic_prior,26559c272310fd361fcb0c8de4b658b77946058241e4bf26ede281a71d64950b,3/3,3,3,pass,pass,pass,all_conditions_pass,all_conditions_pass,all_conditions_pass,0.07031495261815371,3361,1.0,0.9999999999999999,0.01304101899325732,0.006226110006888186,0.7857142857142857,0.05004180323549186,0.0065274360496751505,0.0012528455151405,0.0090427193914192,0.9344725631610293,False,False,raw_universe_no_tradability_cost_test;correlated_native_profiles;development_derived_direction;recent_diagnostic_not_run
alpha360_LOW24,4107fdff3012ac6b8fb0c859ebe5b20a1c478aa4dcd551f93b613605ccddf69b,alpha360,PriceTrend,TechnicalPriceVolume,1.0,development_data_derived_not_economic_prior,26559c272310fd361fcb0c8de4b658b77946058241e4bf26ede281a71d64950b,3/3,3,3,pass,pass,pass,all_conditions_pass,all_conditions_pass,all_conditions_pass,0.07081391102204478,3361,1.0,0.9999999999999999,0.013101606851251174,0.00622962575587989,0.7857142857142857,0.050139922399688445,0.0065577471620782285,0.0012528455151405,0.0090427193914192,0.9342723694838762,False,False,raw_universe_no_tradability_cost_test;correlated_native_profiles;development_derived_direction;recent_diagnostic_not_run
alpha360_LOW25,7b71878139b485ec71808ebceb7781f707218e239f4730bab677a32461731c91,alpha360,PriceTrend,TechnicalPriceVolume,1.0,development_data_derived_not_economic_prior,26559c272310fd361fcb0c8de4b658b77946058241e4bf26ede281a71d64950b,3/3,3,3,pass,pass,pass,all_conditions_pass,all_conditions_pass,all_conditions_pass,0.07133271552648308,3361,1.0,0.9999999999999999,0.013118450588694573,0.00624787645269641,0.7857142857142857,0.05029180674146172,0.00656888920639916,0.0012528455151405,0.0090427193914192,0.934078389236521,False,False,raw_universe_no_tradability_cost_test;correlated_native_profiles;development_derived_direction;recent_diagnostic_not_run
alpha360_LOW26,5cf1908f2e91bc626fa805d5ea59a434a6d6c5650815fe9a66d3409c8f0d0475,alpha360,PriceTrend,TechnicalPriceVolume,1.0,development_data_derived_not_economic_prior,26559c272310fd361fcb0c8de4b658b77946058241e4bf26ede281a71d64950b,3/3,3,3,pass,pass,pass,all_conditions_pass,all_conditions_pass,all_conditions_pass,0.0716865197841771,3361,1.0,0.9999999999999999,0.01309560927456318,0.006241252836950067,0.7857142857142857,0.05035834043089545,0.006554816609630206,0.0012528455151405,0.0090427193914192,0.933896835848762,False,False,raw_universe_no_tradability_cost_test;correlated_native_profiles;development_derived_direction;recent_diagnostic_not_run
alpha360_LOW27,cb1a11fdb098962fea7e25747cb569c8ae1078656a348bc2658409f48a8d2c89,alpha360,PriceTrend,TechnicalPriceVolume,1.0,development_data_derived_not_economic_prior,26559c272310fd361fcb0c8de4b658b77946058241e4bf26ede281a71d64950b,3/3,3,3,pass,pass,pass,all_conditions_pass,all_conditions_pass,all_conditions_pass,0.07198903774945581,3361,1.0,0.9999999999999999,0.013028440985548034,0.006225855264807079,0.7857142857142857,0.050379139275105275,0.006512553115642062,0.0012528455151405,0.0090427193914192,0.9337119484255018,False,False,raw_universe_no_tradability_cost_test;correlated_native_profiles;development_derived_direction;recent_diagnostic_not_run
alpha360_LOW28,63554ee84bdae8a3cb8e68d24c0074c4916310595bdd06858968a86f4d57bc91,alpha360,PriceTrend,TechnicalPriceVolume,1.0,development_data_derived_not_economic_prior,26559c272310fd361fcb0c8de4b658b77946058241e4bf26ede281a71d64950b,3/3,3,3,pass,pass,pass,all_conditions_pass,all_conditions_pass,all_conditions_pass,0.07215650439239957,3361,1.0,0.9999999999999999,0.013085657167295262,0.0062046060103962625,0.7857142857142857,0.050305039910455325,0.006552133881971868,0.0012528455151405,0.0090427193914192,0.9335390332206328,False,False,raw_universe_no_tradability_cost_test;correlated_native_profiles;development_derived_direction;recent_diagnostic_not_run
alpha360_LOW29,a78c67241fc31d0ef78a57308edcc6abe99125011318f2149b920e225526308e,alpha360,PriceTrend,TechnicalPriceVolume,1.0,development_data_derived_not_economic_prior,26559c272310fd361fcb0c8de4b658b77946058241e4bf26ede281a71d64950b,3/3,3,3,pass,pass,pass,all_conditions_pass,all_conditions_pass,all_conditions_pass,0.07226708743655318,3361,1.0,0.9999999999999999,0.013107921976857591,0.006182628697347622,0.7857142857142857,0.05019317581253603,0.006560177460317024,0.0012528455151405,0.0090427193914192,0.9333697551454019,False,False,raw_universe_no_tradability_cost_test;correlated_native_profiles;development_derived_direction;recent_diagnostic_not_run
alpha360_LOW3,9ae8d0a713f8c478c7db9bb5fc7910d054947390e7b04162f0ea7ad252ff27f7,alpha360,PriceTrend,TechnicalPriceVolume,1.0,development_data_derived_not_economic_prior,26559c272310fd361fcb0c8de4b658b77946058241e4bf26ede281a71d64950b,2/3,2,3,fail,pass,pass,directional_quantile_monotonicity_080,all_conditions_pass,all_conditions_pass,0.036847320532849344,3361,1.0,0.3,0.006755061755961475,0.0040341377250738475,0.9285714285714286,0.03156289924684398,0.0033832185294672685,0.0012528455151405,0.0090427193914192,0.9418565425142568,False,False,raw_universe_no_tradability_cost_test;correlated_native_profiles;development_derived_direction;recent_diagnostic_not_run
alpha360_LOW30,bfe1f96728a370225827936d4a20ac9675dccfbcbbb19aa2c1f1db67271bb10c,alpha360,PriceTrend,TechnicalPriceVolume,1.0,development_data_derived_not_economic_prior,26559c272310fd361fcb0c8de4b658b77946058241e4bf26ede281a71d64950b,3/3,3,3,pass,pass,pass,all_conditions_pass,all_conditions_pass,all_conditions_pass,0.07221841872594895,3361,1.0,0.9999999999999999,0.013048105650190845,0.006143441963836586,0.7857142857142857,0.04998575985837275,0.006523217045753354,0.0012528455151405,0.0090427193914192,0.9332027502761945,False,False,raw_universe_no_tradability_cost_test;correlated_native_profiles;development_derived_direction;recent_diagnostic_not_run
alpha360_LOW31,18a54f39f1e8fa656bb1c61ca947429c80a926a95ae27c842cf2793da92e4eb1,alpha360,PriceTrend,TechnicalPriceVolume,1.0,development_data_derived_not_economic_prior,26559c272310fd361fcb0c8de4b658b77946058241e4bf26ede281a71d64950b,3/3,3,3,pass,pass,pass,all_conditions_pass,all_conditions_pass,all_conditions_pass,0.07223889133760354,3361,1.0,0.9999999999999999,0.012942698284492543,0.006108726613638794,0.7857142857142857,0.049829942656041355,0.006476601653953362,0.0012528455151405,0.0090427193914192,0.9330405949131712,False,False,raw_universe_no_tradability_cost_test;correlated_native_profiles;development_derived_direction;recent_diagnostic_not_run
alpha360_LOW32,850dee43f2bc91ced96132d4761a1b823b82557b1d720317b5e0e94f105d7599,alpha360,PriceTrend,TechnicalPriceVolume,1.0,development_data_derived_not_economic_prior,26559c272310fd361fcb0c8de4b658b77946058241e4bf26ede281a71d64950b,3/3,3,3,pass,pass,pass,all_conditions_pass,all_conditions_pass,all_conditions_pass,0.07220095615020845,3361,1.0,0.9999999999999999,0.012940567346027134,0.006060776963816992,0.7857142857142857,0.049578978772134644,0.00647622874959184,0.0012528455151405,0.0090427193914192,0.9328823797739221,False,False,raw_universe_no_tradability_cost_test;correlated_native_profiles;development_derived_direction;recent_diagnostic_not_run
alpha360_LOW33,b8645de36d3092063ce6d425f6922a385f15b3579355269009b1632e29e700fb,alpha360,PriceTrend,TechnicalPriceVolume,1.0,development_data_derived_not_economic_prior,26559c272310fd361fcb0c8de4b658b77946058241e4bf26ede281a71d64950b,3/3,3,3,pass,pass,pass,all_conditions_pass,all_conditions_pass,all_conditions_pass,0.07198205581927244,3361,1.0,0.9999999999999999,0.01289779911076864,0.006003976988621563,0.7857142857142857,0.049251904046343956,0.006452662359992874,0.0012528455151405,0.0090427193914192,0.9327347729294503,False,False,raw_universe_no_tradability_cost_test;correlated_native_profiles;development_derived_direction;recent_diagnostic_not_run
alpha360_LOW34,45de24f776f0c244db8e96f17507c0e3cd532cc5d0c24baadc626673631f0c80,alpha360,PriceTrend,TechnicalPriceVolume,1.0,development_data_derived_not_economic_prior,26559c272310fd361fcb0c8de4b658b77946058241e4bf26ede281a71d64950b,3/3,3,3,pass,pass,pass,all_conditions_pass,all_conditions_pass,all_conditions_pass,0.07168261241663057,3361,1.0,0.9999999999999999,0.012790020708062868,0.005948404493193566,0.7857142857142857,0.048882101687953886,0.006397756232542595,0.0012528455151405,0.0090427193914192,0.9325938341559813,False,False,raw_universe_no_tradability_cost_test;correlated_native_profiles;development_derived_direction;recent_diagnostic_not_run
alpha360_LOW35,f2d25c682a1f50033d28385b654a0188ff8e46754a1851e09e459b43faea615a,alpha360,PriceTrend,TechnicalPriceVolume,1.0,development_data_derived_not_economic_prior,26559c272310fd361fcb0c8de4b658b77946058241e4bf26ede281a71d64950b,3/3,3,3,pass,pass,pass,all_conditions_pass,all_conditions_pass,all_conditions_pass,0.07151625937917289,3361,1.0,0.9999999999999999,0.012691550176257093,0.005906237921150219,0.7857142857142857,0.04863190074253744,0.006349671756762239,0.0012528455151405,0.0090427193914192,0.9324469850468508,False,False,raw_universe_no_tradability_cost_test;correlated_native_profiles;development_derived_direction;recent_diagnostic_not_run
alpha360_LOW36,a7b907fb55870adc7cd7ae5a4481995e44ae56fb63687e33b94d476812a47d95,alpha360,PriceTrend,TechnicalPriceVolume,1.0,development_data_derived_not_economic_prior,26559c272310fd361fcb0c8de4b658b77946058241e4bf26ede281a71d64950b,3/3,3,3,pass,pass,pass,all_conditions_pass,all_conditions_pass,all_conditions_pass,0.07130237003016777,3361,1.0,0.9999999999999999,0.012528868265680258,0.005857924926749522,0.7857142857142857,0.04832497206270494,0.00627171531117833,0.0012528455151405,0.0090427193914192,0.9323077132911325,False,False,raw_universe_no_tradability_cost_test;correlated_native_profiles;development_derived_direction;recent_diagnostic_not_run
alpha360_LOW37,421edd064f81a53ed406a50aab339de28c94fc92ca87170075130ce7eca02ffd,alpha360,PriceTrend,TechnicalPriceVolume,1.0,development_data_derived_not_economic_prior,26559c272310fd361fcb0c8de4b658b77946058241e4bf26ede281a71d64950b,3/3,3,3,pass,pass,pass,all_conditions_pass,all_conditions_pass,all_conditions_pass,0.07101934358631493,3361,1.0,0.9999999999999999,0.012439740712944692,0.005803707993199019,0.7857142857142857,0.047986777979110495,0.006222884588521282,0.0012528455151405,0.0090427193914192,0.9321696539119603,False,False,raw_universe_no_tradability_cost_test;correlated_native_profiles;development_derived_direction;recent_diagnostic_not_run
alpha360_LOW38,34ee9689ea9427599c19be3f5550fcadbd54c015b6987cf10b4c9b844910aaab,alpha360,PriceTrend,TechnicalPriceVolume,1.0,development_data_derived_not_economic_prior,26559c272310fd361fcb0c8de4b658b77946058241e4bf26ede281a71d64950b,3/3,3,3,pass,pass,pass,all_conditions_pass,all_conditions_pass,all_conditions_pass,0.0707593965418622,3361,1.0,0.9999999999999999,0.012309745960990546,0.00575490485940559,0.7857142857142857,0.04771153867026156,0.006154440710463331,0.0012528455151405,0.0090427193914192,0.9320353832094941,False,False,raw_universe_no_tradability_cost_test;correlated_native_profiles;development_derived_direction;recent_diagnostic_not_run
alpha360_LOW39,872634b92cab1bcb21638d60b3589ff900667bbeacecc64ce61ea5b97803be53,alpha360,PriceTrend,TechnicalPriceVolume,1.0,development_data_derived_not_economic_prior,26559c272310fd361fcb0c8de4b658b77946058241e4bf26ede281a71d64950b,3/3,3,3,pass,pass,pass,all_conditions_pass,all_conditions_pass,all_conditions_pass,0.07037703169489654,3361,1.0,0.9999999999999999,0.012162663939180435,0.005703385580219282,0.7857142857142857,0.047398700075098256,0.006085987829644362,0.0012528455151405,0.0090427193914192,0.9319089929545767,False,False,raw_universe_no_tradability_cost_test;correlated_native_profiles;development_derived_direction;recent_diagnostic_not_run
alpha360_LOW4,2e9cda343d28ee31bfe284a75c8da786352f75a5d09f70c20aa5ffa7d3ed3296,alpha360,PriceTrend,TechnicalPriceVolume,1.0,development_data_derived_not_economic_prior,26559c272310fd361fcb0c8de4b658b77946058241e4bf26ede281a71d64950b,2/3,2,3,fail,pass,pass,directional_quantile_monotonicity_080,all_conditions_pass,all_conditions_pass,0.038350894030598784,3361,1.0,0.3,0.007181451005934267,0.004103528449980187,0.9285714285714286,0.03222869200065451,0.003595857896562487,0.0012528455151405,0.0090427193914192,0.9409798427244526,False,False,raw_universe_no_tradability_cost_test;correlated_native_profiles;development_derived_direction;recent_diagnostic_not_run
alpha360_LOW40,a8cbcb75ee8e937ee3f35259760028e8aa29aea2a5c0c9d0dc117d41ae258d0d,alpha360,PriceTrend,TechnicalPriceVolume,1.0,development_data_derived_not_economic_prior,26559c272310fd361fcb0c8de4b658b77946058241e4bf26ede281a71d64950b,3/3,3,3,pass,pass,pass,all_conditions_pass,all_conditions_pass,all_conditions_pass,0.07005934069801016,3361,1.0,0.9999999999999999,0.012135634761935953,0.005669796975639682,0.7857142857142857,0.04715471805243384,0.006074619281275425,0.0012528455151405,0.0090427193914192,0.9317882099411846,False,False,raw_universe_no_tradability_cost_test;correlated_native_profiles;development_derived_direction;recent_diagnostic_not_run
alpha360_LOW41,26901b50c2a3baa907b0f2f553c37194b31f45c6054973b94a99b10e5730aacc,alpha360,PriceTrend,TechnicalPriceVolume,1.0,development_data_derived_not_economic_prior,26559c272310fd361fcb0c8de4b658b77946058241e4bf26ede281a71d64950b,3/3,3,3,pass,pass,pass,all_conditions_pass,all_conditions_pass,all_conditions_pass,0.06974948263200069,3361,1.0,0.9999999999999999,0.011968980820233366,0.005635271923194717,0.7857142857142857,0.04692672050124073,0.005986414541825608,0.0012528455151405,0.0090427193914192,0.9316766712989554,False,False,raw_universe_no_tradability_cost_test;correlated_native_profiles;development_derived_direction;recent_diagnostic_not_run
alpha360_LOW42,8960e0bc9c466683e883c0d9cd1e040117181134c259293a638d7168089249a8,alpha360,PriceTrend,TechnicalPriceVolume,1.0,development_data_derived_not_economic_prior,26559c272310fd361fcb0c8de4b658b77946058241e4bf26ede281a71d64950b,3/3,3,3,pass,pass,pass,all_conditions_pass,all_conditions_pass,all_conditions_pass,0.06938449650072098,3361,0.9285714285714286,0.9999999999999999,0.011797444239863931,0.0055845561689868385,0.7857142857142857,0.04663073330781173,0.005903790940614735,0.0012528455151405,0.0090427193914192,0.9315701337099783,False,False,raw_universe_no_tradability_cost_test;correlated_native_profiles;development_derived_direction;recent_diagnostic_not_run
alpha360_LOW43,93b9f55dd229111e71c2f09f8fe0c1127517f85e0682adea7550d5242cf85bb7,alpha360,PriceTrend,TechnicalPriceVolume,1.0,development_data_derived_not_economic_prior,26559c272310fd361fcb0c8de4b658b77946058241e4bf26ede281a71d64950b,3/3,3,3,pass,pass,pass,all_conditions_pass,all_conditions_pass,all_conditions_pass,0.06894213008103586,3361,0.9285714285714286,0.9999999999999999,0.011642134736019546,0.005525989074433006,0.7857142857142857,0.04625146327762418,0.005825114460429882,0.0012528455151405,0.0090427193914192,0.9314654146858202,False,False,raw_universe_no_tradability_cost_test;correlated_native_profiles;development_derived_direction;recent_diagnostic_not_run
alpha360_LOW44,48f4759e8075059346b5bdefe57a66c6e83de89faa19fc8dabb629f8cecadc64,alpha360,PriceTrend,TechnicalPriceVolume,1.0,development_data_derived_not_economic_prior,26559c272310fd361fcb0c8de4b658b77946058241e4bf26ede281a71d64950b,3/3,3,3,pass,pass,pass,all_conditions_pass,all_conditions_pass,all_conditions_pass,0.06857775693557987,3361,0.9285714285714286,0.9999999999999999,0.011509611406190336,0.005464242776796047,0.7857142857142857,0.045900563985109596,0.005761030824491008,0.0012528455151405,0.0090427193914192,0.9313588770968432,False,False,raw_universe_no_tradability_cost_test;correlated_native_profiles;development_derived_direction;recent_diagnostic_not_run
alpha360_LOW45,799b04608e06f8f1d8e427929ac9a75e7f651162bd006d781d0810605d262108,alpha360,PriceTrend,TechnicalPriceVolume,1.0,development_data_derived_not_economic_prior,26559c272310fd361fcb0c8de4b658b77946058241e4bf26ede281a71d64950b,3/3,3,3,pass,pass,pass,all_conditions_pass,all_conditions_pass,all_conditions_pass,0.06824935367559637,3361,0.9285714285714286,0.9999999999999999,0.011393103910661983,0.005407592980660448,0.7857142857142857,0.045611994862155725,0.005706125793214833,0.0012528455151405,0.0090427193914192,0.9312487023782281,False,False,raw_universe_no_tradability_cost_test;correlated_native_profiles;development_derived_direction;recent_diagnostic_not_run
alpha360_LOW46,e7fc8a2e465419e70b84ebb8c48fd1a027c7912a97365a265f1ad58ac26e4b65,alpha360,PriceTrend,TechnicalPriceVolume,1.0,development_data_derived_not_economic_prior,26559c272310fd361fcb0c8de4b658b77946058241e4bf26ede281a71d64950b,3/3,3,3,pass,pass,pass,all_conditions_pass,all_conditions_pass,all_conditions_pass,0.06778462166283941,3361,0.9285714285714286,0.9999999999999999,0.011224472049668522,0.0053550258387091276,0.7857142857142857,0.045309822884615804,0.0056207136942172005,0.0012528455151405,0.0090427193914192,0.9311479235778444,False,False,raw_universe_no_tradability_cost_test;correlated_native_profiles;development_derived_direction;recent_diagnostic_not_run
alpha360_LOW47,3dcfc8a419d048aea53420a9f3cf114e798f72402cbd1a2b1487c8ed4731f008,alpha360,PriceTrend,TechnicalPriceVolume,1.0,development_data_derived_not_economic_prior,26559c272310fd361fcb0c8de4b658b77946058241e4bf26ede281a71d64950b,3/3,3,3,pass,pass,pass,all_conditions_pass,all_conditions_pass,all_conditions_pass,0.0673024362761698,3361,0.9285714285714286,0.9999999999999999,0.011110965567155606,0.005300689655201582,0.7857142857142857,0.045000157221769754,0.005565525779349862,0.0012528455151405,0.0090427193914192,0.931046690136256,False,False,raw_universe_no_tradability_cost_test;correlated_native_profiles;development_derived_direction;recent_diagnostic_not_run
alpha360_LOW48,a71225b7f033fba83b9293d2acfa85db1c650ad6c8eb06b1a16fc1f65a182ce3,alpha360,PriceTrend,TechnicalPriceVolume,1.0,development_data_derived_not_economic_prior,26559c272310fd361fcb0c8de4b658b77946058241e4bf26ede281a71d64950b,3/3,3,3,pass,pass,pass,all_conditions_pass,all_conditions_pass,all_conditions_pass,0.0669226357956784,3361,0.9285714285714286,0.9999999999999999,0.011047608870804125,0.0052608122443160085,0.7857142857142857,0.04476329886670243,0.005527990813263455,0.0012528455151405,0.0090427193914192,0.9309553072541035,False,False,raw_universe_no_tradability_cost_test;correlated_native_profiles;development_derived_direction;recent_diagnostic_not_run
alpha360_LOW49,8d02e2fe132e7716457c789bf811ee3c1ecf9a760bb36f21878496cac1552505,alpha360,PriceTrend,TechnicalPriceVolume,1.0,development_data_derived_not_economic_prior,26559c272310fd361fcb0c8de4b658b77946058241e4bf26ede281a71d64950b,3/3,3,3,pass,pass,pass,all_conditions_pass,all_conditions_pass,all_conditions_pass,0.06667172604478067,3361,0.9285714285714286,0.9999999999999999,0.01091309353589678,0.00523702371338444,0.7857142857142857,0.044647271522222726,0.005463672020959854,0.0012528455151405,0.0090427193914192,0.9308681676898619,False,False,raw_universe_no_tradability_cost_test;correlated_native_profiles;development_derived_direction;recent_diagnostic_not_run
alpha360_LOW5,54d1a6fa5343464b792aa1645d6044f1e09d7a08bb3e0dcb0ea31fed6470c446,alpha360,PriceTrend,TechnicalPriceVolume,1.0,development_data_derived_not_economic_prior,26559c272310fd361fcb0c8de4b658b77946058241e4bf26ede281a71d64950b,2/3,2,3,fail,pass,pass,directional_quantile_monotonicity_080,all_conditions_pass,all_conditions_pass,0.039217074959109414,3361,1.0,0.3,0.007272710976998645,0.004101269974245335,0.9285714285714286,0.0322809962945127,0.0036489048600412033,0.0012528455151405,0.0090427193914192,0.9402118021825808,False,False,raw_universe_no_tradability_cost_test;correlated_native_profiles;development_derived_direction;recent_diagnostic_not_run
alpha360_LOW50,ff9896bc605d51d8a199613d725612e0378269c34d4fb483a7c13e9ddfcb2eb9,alpha360,PriceTrend,TechnicalPriceVolume,1.0,development_data_derived_not_economic_prior,26559c272310fd361fcb0c8de4b658b77946058241e4bf26ede281a71d64950b,3/3,3,3,pass,pass,pass,all_conditions_pass,all_conditions_pass,all_conditions_pass,0.06641558785940284,3361,0.9285714285714286,0.9999999999999999,0.010852521980545708,0.005207667858109478,0.7857142857142857,0.04449753928822624,0.0054331357126996774,0.0012528455151405,0.0090427193914192,0.9307837559728488,False,False,raw_universe_no_tradability_cost_test;correlated_native_profiles;development_derived_direction;recent_diagnostic_not_run
alpha360_LOW51,d1362aa85fcb4af17b42b0d5ca82a9afb97b3e1c7cfc322ab89414c02ff654ae,alpha360,PriceTrend,TechnicalPriceVolume,1.0,development_data_derived_not_economic_prior,26559c272310fd361fcb0c8de4b658b77946058241e4bf26ede281a71d64950b,3/3,3,3,pass,pass,pass,all_conditions_pass,all_conditions_pass,all_conditions_pass,0.06609780709110143,3361,0.9285714285714286,0.9999999999999999,0.01079833457812758,0.0051665447258758615,0.7857142857142857,0.044247069772950946,0.005406055734971613,0.0012528455151405,0.0090427193914192,0.9306943432025836,False,False,raw_universe_no_tradability_cost_test;correlated_native_profiles;development_derived_direction;recent_diagnostic_not_run
alpha360_LOW52,5499d2d41e48578a0f2ed5403d27dfe650836765201cf95a79126d1b50c0075b,alpha360,PriceTrend,TechnicalPriceVolume,1.0,development_data_derived_not_economic_prior,26559c272310fd361fcb0c8de4b658b77946058241e4bf26ede281a71d64950b,3/3,3,3,pass,pass,pass,all_conditions_pass,all_conditions_pass,all_conditions_pass,0.06573980087665969,3361,0.9285714285714286,0.9999999999999999,0.0107121598971463,0.005123752540221182,0.7857142857142857,0.043937071910572716,0.005365383536795547,0.0012528455151405,0.0090427193914192,0.9306049304323183,False,False,raw_universe_no_tradability_cost_test;correlated_native_profiles;development_derived_direction;recent_diagnostic_not_run
alpha360_LOW53,bfe3dd2a1283a6a9ba382bdeb17ab2cc3511307e6b5995347dd0fabc5a3be7af,alpha360,PriceTrend,TechnicalPriceVolume,1.0,development_data_derived_not_economic_prior,26559c272310fd361fcb0c8de4b658b77946058241e4bf26ede281a71d64950b,3/3,3,3,pass,pass,pass,all_conditions_pass,all_conditions_pass,all_conditions_pass,0.06526855473657708,3361,0.9285714285714286,0.9999999999999999,0.010618328573086606,0.005073786100327107,0.7857142857142857,0.04354675177808915,0.00531344536366417,0.0012528455151405,0.0090427193914192,0.9305073341203678,False,False,raw_universe_no_tradability_cost_test;correlated_native_profiles;development_derived_direction;recent_diagnostic_not_run
alpha360_LOW54,9c70ebbddb19f6f62f67a062fcbacad089995b2a31d34b6c2337106c3efbe79e,alpha360,PriceTrend,TechnicalPriceVolume,1.0,development_data_derived_not_economic_prior,26559c272310fd361fcb0c8de4b658b77946058241e4bf26ede281a71d64950b,3/3,3,3,pass,pass,pass,all_conditions_pass,all_conditions_pass,all_conditions_pass,0.06482816990324675,3361,0.9285714285714286,0.9999999999999999,0.010525392418884713,0.0050293787678854455,0.7857142857142857,0.04322003095480462,0.005270627736123437,0.0012528455151405,0.0090427193914192,0.9304253471564465,False,False,raw_universe_no_tradability_cost_test;correlated_native_profiles;development_derived_direction;recent_diagnostic_not_run
alpha360_LOW55,624ea66279a2918f2ec31711a5e057dfa3048a57a79176b6f413d67398cc3573,alpha360,PriceTrend,TechnicalPriceVolume,1.0,development_data_derived_not_economic_prior,26559c272310fd361fcb0c8de4b658b77946058241e4bf26ede281a71d64950b,3/3,3,3,pass,pass,pass,all_conditions_pass,all_conditions_pass,all_conditions_pass,0.06444153187746746,3361,0.9285714285714286,0.9999999999999999,0.010468477040524839,0.004995841118366852,0.7857142857142857,0.042950104094147665,0.005240499932472678,0.0012528455151405,0.0090427193914192,0.9303513921871425,False,False,raw_universe_no_tradability_cost_test;correlated_native_profiles;development_derived_direction;recent_diagnostic_not_run
alpha360_LOW56,9a69428426ce9fe3f7105b841e4b92acb28a61101f689b6fbc80d68db2acf9dc,alpha360,PriceTrend,TechnicalPriceVolume,1.0,development_data_derived_not_economic_prior,26559c272310fd361fcb0c8de4b658b77946058241e4bf26ede281a71d64950b,3/3,3,3,pass,pass,pass,all_conditions_pass,all_conditions_pass,all_conditions_pass,0.06406186778918166,3361,0.9285714285714286,0.9999999999999999,0.01034198504973661,0.004961421681074549,0.7857142857142857,0.04265643197795237,0.0051830939090424955,0.0012528455151405,0.0090427193914192,0.9302892578891615,False,False,raw_universe_no_tradability_cost_test;correlated_native_profiles;development_derived_direction;recent_diagnostic_not_run
alpha360_LOW57,9f55168d63694488f6b958904056455b0545c6c70e771c66ec3c90b3ff97a6ff,alpha360,PriceTrend,TechnicalPriceVolume,1.0,development_data_derived_not_economic_prior,26559c272310fd361fcb0c8de4b658b77946058241e4bf26ede281a71d64950b,3/3,3,3,pass,pass,pass,all_conditions_pass,all_conditions_pass,all_conditions_pass,0.06370516829324642,3361,0.9285714285714286,0.9999999999999999,0.01030690351863149,0.004930836402415942,0.7857142857142857,0.042400527911610204,0.005158664077558056,0.0012528455151405,0.0090427193914192,0.9302256081204981,False,False,raw_universe_no_tradability_cost_test;correlated_native_profiles;development_derived_direction;recent_diagnostic_not_run
alpha360_LOW58,ae901c7d4cd878a4d6251cc163e8181c2635ee9f9635b5df30aec970b60d90e8,alpha360,PriceTrend,TechnicalPriceVolume,1.0,development_data_derived_not_economic_prior,26559c272310fd361fcb0c8de4b658b77946058241e4bf26ede281a71d64950b,3/3,3,3,pass,pass,pass,all_conditions_pass,all_conditions_pass,all_conditions_pass,0.06329930431626245,3361,0.9285714285714286,0.9999999999999999,0.010251082084623659,0.004894414924628648,0.7857142857142857,0.04209556110780533,0.005125543124201615,0.0012528455151405,0.0090427193914192,0.9301539263572176,False,False,raw_universe_no_tradability_cost_test;correlated_native_profiles;development_derived_direction;recent_diagnostic_not_run
alpha360_LOW59,689997333e41e608933e58717af239b06fd3a2ef842737a9eb86a91b5ff5fb76,alpha360,PriceTrend,TechnicalPriceVolume,1.0,development_data_derived_not_economic_prior,26559c272310fd361fcb0c8de4b658b77946058241e4bf26ede281a71d64950b,3/3,3,3,pass,pass,pass,all_conditions_pass,all_conditions_pass,all_conditions_pass,0.06292864247395026,3361,0.9285714285714286,0.9999999999999999,0.010119274783781919,0.004854659197027367,0.7857142857142857,0.04179418134638448,0.005063583493554712,0.0012528455151405,0.0090427193914192,0.9300972477536936,False,False,raw_universe_no_tradability_cost_test;correlated_native_profiles;development_derived_direction;recent_diagnostic_not_run
alpha360_LOW6,65a08b20bdf0a45aa297caa3d2d650428c31b84e3f5587ce288c5fcdf07feb94,alpha360,PriceTrend,TechnicalPriceVolume,1.0,development_data_derived_not_economic_prior,26559c272310fd361fcb0c8de4b658b77946058241e4bf26ede281a71d64950b,2/3,2,3,fail,pass,pass,directional_quantile_monotonicity_080,all_conditions_pass,all_conditions_pass,0.04086750014623337,3361,1.0,0.3,0.007484550889010417,0.004178536851766543,0.9285714285714286,0.032925302095660185,0.003750779601112652,0.0012528455151405,0.0090427193914192,0.939619707786943,False,False,raw_universe_no_tradability_cost_test;correlated_native_profiles;development_derived_direction;recent_diagnostic_not_run
alpha360_LOW7,f757446de7f458abdea4355853f19046338e1056de5b5a281f5e006e5049a7ad,alpha360,PriceTrend,TechnicalPriceVolume,1.0,development_data_derived_not_economic_prior,26559c272310fd361fcb0c8de4b658b77946058241e4bf26ede281a71d64950b,2/3,2,3,fail,pass,pass,directional_quantile_monotonicity_080,all_conditions_pass,all_conditions_pass,0.04290894005759551,3361,1.0,0.3,0.007854238214740105,0.004320893134523984,0.9285714285714286,0.03393471447286149,0.003934974955025708,0.0012528455151405,0.0090427193914192,0.9391056601314519,False,False,raw_universe_no_tradability_cost_test;correlated_native_profiles;development_derived_direction;recent_diagnostic_not_run
alpha360_LOW8,edd1e91c2e08c5c3537b0892678999633cc6f0e27d6c969c8167308c79efe65d,alpha360,PriceTrend,TechnicalPriceVolume,1.0,development_data_derived_not_economic_prior,26559c272310fd361fcb0c8de4b658b77946058241e4bf26ede281a71d64950b,2/3,2,3,fail,pass,pass,directional_quantile_monotonicity_080,all_conditions_pass,all_conditions_pass,0.04517547428226556,3361,1.0,0.3,0.008385472084109212,0.0045019793505580875,0.9285714285714286,0.035273553845508794,0.0042019928696043615,0.0012528455151405,0.0090427193914192,0.9386269229428622,False,False,raw_universe_no_tradability_cost_test;correlated_native_profiles;development_derived_direction;recent_diagnostic_not_run
alpha360_LOW9,d91f836cb5cf879d0cb556f9ff6d9dff2318a80ef4c635e08b58811e84215d95,alpha360,PriceTrend,TechnicalPriceVolume,1.0,development_data_derived_not_economic_prior,26559c272310fd361fcb0c8de4b658b77946058241e4bf26ede281a71d64950b,2/3,2,3,fail,pass,pass,directional_quantile_monotonicity_080,all_conditions_pass,all_conditions_pass,0.04748828230633161,3361,1.0,0.7,0.008819726499510008,0.0046805237329575235,0.9285714285714286,0.03664199249654299,0.004417908357258405,0.0012528455151405,0.0090427193914192,0.9381801621856725,False,False,raw_universe_no_tradability_cost_test;correlated_native_profiles;development_derived_direction;recent_diagnostic_not_run
alpha360_OPEN10,ab562cf29546057f2b93a0e6d50d5c2fe0366e0f7d2c69aac6bd8b46204d045b,alpha360,PriceTrend,TechnicalPriceVolume,1.0,development_data_derived_not_economic_prior,26559c272310fd361fcb0c8de4b658b77946058241e4bf26ede281a71d64950b,2/3,2,3,fail,pass,pass,directional_quantile_monotonicity_080,all_conditions_pass,all_conditions_pass,0.04536052319499666,3361,1.0,0.7,0.009091197672154262,0.004567691524308719,0.7857142857142857,0.035174795359641506,0.0045505034066498865,0.0012528455151405,0.0090427193914192,0.9377682572541793,False,False,raw_universe_no_tradability_cost_test;correlated_native_profiles;development_derived_direction;recent_diagnostic_not_run
alpha360_OPEN11,c1ab8d769251bf8ed3baacd3bb7fa6a5203c0e83e782c8a46b412cc65ed7b996,alpha360,PriceTrend,TechnicalPriceVolume,1.0,development_data_derived_not_economic_prior,26559c272310fd361fcb0c8de4b658b77946058241e4bf26ede281a71d64950b,2/3,2,3,fail,pass,pass,directional_quantile_monotonicity_080,all_conditions_pass,all_conditions_pass,0.04812479885285188,3361,1.0,0.7,0.009612279563420296,0.0047988764293692455,0.7857142857142857,0.0368980170591032,0.004811377107000189,0.0012528455151405,0.0090427193914192,0.937478196165556,False,False,raw_universe_no_tradability_cost_test;correlated_native_profiles;development_derived_direction;recent_diagnostic_not_run
alpha360_OPEN12,3bfe186ba51f5b69febccb88f09865a70819d5b5a3d6235bdfc2351ff0da84d9,alpha360,PriceTrend,TechnicalPriceVolume,1.0,development_data_derived_not_economic_prior,26559c272310fd361fcb0c8de4b658b77946058241e4bf26ede281a71d64950b,2/3,2,3,fail,pass,pass,directional_quantile_monotonicity_080,all_conditions_pass,all_conditions_pass,0.05072825174467664,3361,1.0,0.7,0.010139386372306592,0.005008162437822215,0.7857142857142857,0.0385394544502141,0.0050765968440892335,0.0012528455151405,0.0090427193914192,0.9371907113770931,False,False,raw_universe_no_tradability_cost_test;correlated_native_profiles;development_derived_direction;recent_diagnostic_not_run
alpha360_OPEN13,95349d51cf28f111489bfdfd741b88ba6b21b7fa3b5877f31e2b695c1076c987,alpha360,PriceTrend,TechnicalPriceVolume,1.0,development_data_derived_not_economic_prior,26559c272310fd361fcb0c8de4b658b77946058241e4bf26ede281a71d64950b,2/3,2,3,fail,pass,pass,directional_quantile_monotonicity_080,all_conditions_pass,all_conditions_pass,0.053295559337603333,3361,1.0,0.7,0.010706850162998119,0.005211268642112023,0.8571428571428571,0.04014402621946526,0.005362352299445565,0.0012528455151405,0.0090427193914192,0.9369035296827665,False,False,raw_universe_no_tradability_cost_test;correlated_native_profiles;development_derived_direction;recent_diagnostic_not_run
alpha360_OPEN14,93d274c201a88dc116d798cde79c13bd92c4eba81a363e556acc08fd8be61b65,alpha360,PriceTrend,TechnicalPriceVolume,1.0,development_data_derived_not_economic_prior,26559c272310fd361fcb0c8de4b658b77946058241e4bf26ede281a71d64950b,3/3,3,3,pass,pass,pass,all_conditions_pass,all_conditions_pass,all_conditions_pass,0.05545118874073184,3361,1.0,0.8999999999999998,0.011091371501598585,0.005377730913641052,0.8571428571428571,0.04154026956286716,0.005552771062872376,0.0012528455151405,0.0090427193914192,0.9366210459475556,False,False,raw_universe_no_tradability_cost_test;correlated_native_profiles;development_derived_direction;recent_diagnostic_not_run
alpha360_OPEN15,41774f102a99b9c00af89e9c32fd872fd891d966dfd83bdc3cd5b705ca1da54e,alpha360,PriceTrend,TechnicalPriceVolume,1.0,development_data_derived_not_economic_prior,26559c272310fd361fcb0c8de4b658b77946058241e4bf26ede281a71d64950b,3/3,3,3,pass,pass,pass,all_conditions_pass,all_conditions_pass,all_conditions_pass,0.05732000374014032,3361,1.0,0.8999999999999998,0.01143011370169548,0.0055044610248841525,0.9285714285714286,0.042758696830372304,0.005720337073608399,0.0012528455151405,0.0090427193914192,0.936344927189211,False,False,raw_universe_no_tradability_cost_test;correlated_native_profiles;development_derived_direction;recent_diagnostic_not_run
alpha360_OPEN16,2693090e96c5e22f7a8a1f362a93707a0f9770a5e48f2a61ee0e286856c99174,alpha360,PriceTrend,TechnicalPriceVolume,1.0,development_data_derived_not_economic_prior,26559c272310fd361fcb0c8de4b658b77946058241e4bf26ede281a71d64950b,3/3,3,3,pass,pass,pass,all_conditions_pass,all_conditions_pass,all_conditions_pass,0.05905413528663348,3361,1.0,0.8999999999999998,0.01164348236399866,0.005605966111126925,0.9285714285714286,0.043828872753199424,0.005826895687232875,0.0012528455151405,0.0090427193914192,0.936081993025804,False,False,raw_universe_no_tradability_cost_test;correlated_native_profiles;development_derived_direction;recent_diagnostic_not_run
alpha360_OPEN17,7280bf5c136f083cf5c68e390f212d593c126901e155bce8a82bdfbfdcc045ad,alpha360,PriceTrend,TechnicalPriceVolume,1.0,development_data_derived_not_economic_prior,26559c272310fd361fcb0c8de4b658b77946058241e4bf26ede281a71d64950b,3/3,3,3,pass,pass,pass,all_conditions_pass,all_conditions_pass,all_conditions_pass,0.06088906109320708,3361,1.0,0.9999999999999999,0.011904226168939169,0.005727731079837691,0.9285714285714286,0.044997500123160374,0.005955207120920383,0.0012528455151405,0.0090427193914192,0.9358242114627171,False,False,raw_universe_no_tradability_cost_test;correlated_native_profiles;development_derived_direction;recent_diagnostic_not_run
alpha360_OPEN18,5535eba88d403221d65f7117896dc198935f1a00d3c04fa2e70bfa479a4acfe9,alpha360,PriceTrend,TechnicalPriceVolume,1.0,development_data_derived_not_economic_prior,26559c272310fd361fcb0c8de4b658b77946058241e4bf26ede281a71d64950b,3/3,3,3,pass,pass,pass,all_conditions_pass,all_conditions_pass,all_conditions_pass,0.06248065921302064,3361,1.0,0.9999999999999999,0.01207244580571313,0.00583419997705886,0.9285714285714286,0.04597817836474571,0.006044583722743945,0.0012528455151405,0.0090427193914192,0.9355744618942474,False,False,raw_universe_no_tradability_cost_test;correlated_native_profiles;development_derived_direction;recent_diagnostic_not_run
alpha360_OPEN19,b5c85408c93c025b9b936ca7137b40cf34b5224f40305e12b86a1aeb88841c6b,alpha360,PriceTrend,TechnicalPriceVolume,1.0,development_data_derived_not_economic_prior,26559c272310fd361fcb0c8de4b658b77946058241e4bf26ede281a71d64950b,3/3,3,3,pass,pass,pass,all_conditions_pass,all_conditions_pass,all_conditions_pass,0.06383286876762984,3361,1.0,0.9999999999999999,0.012326267569030836,0.005916130536100444,0.9285714285714286,0.04678185179432277,0.006168740834302189,0.0012528455151405,0.0090427193914192,0.9353401701267389,False,False,raw_universe_no_tradability_cost_test;correlated_native_profiles;development_derived_direction;recent_diagnostic_not_run
alpha360_OPEN2,eb95ba22f13f16838f9ce46b455a91e3b266bddcc32a8fa3a08eafb475eaae58,alpha360,PriceTrend,TechnicalPriceVolume,1.0,development_data_derived_not_economic_prior,26559c272310fd361fcb0c8de4b658b77946058241e4bf26ede281a71d64950b,2/3,2,3,fail,pass,pass,directional_quantile_monotonicity_080,all_conditions_pass,all_conditions_pass,0.024415157477904233,3361,1.0,0.3,0.005277800456981594,0.003034334565691219,0.9285714285714286,0.02323554634638551,0.002642998810935457,0.0012528455151405,0.0090427193914192,0.9428362943104684,False,False,raw_universe_no_tradability_cost_test;correlated_native_profiles;development_derived_direction;recent_diagnostic_not_run
alpha360_OPEN20,81b491065074aee4b54c9274bd2624d56b96389e908484ada1a8d515de816134,alpha360,PriceTrend,TechnicalPriceVolume,1.0,development_data_derived_not_economic_prior,26559c272310fd361fcb0c8de4b658b77946058241e4bf26ede281a71d64950b,3/3,3,3,pass,pass,pass,all_conditions_pass,all_conditions_pass,all_conditions_pass,0.0648592914777328,3361,1.0,0.9999999999999999,0.01238500740643375,0.005959601028847417,0.8571428571428571,0.047324623066393484,0.006198509660330721,0.0012528455151405,0.0090427193914192,0.9351075453769809,False,False,raw_universe_no_tradability_cost_test;correlated_native_profiles;development_derived_direction;recent_diagnostic_not_run
alpha360_OPEN21,59a72c89f0fd2f6f4b409e92d62d7906634203db32f64ae6fb90d14e6ef76b7d,alpha360,PriceTrend,TechnicalPriceVolume,1.0,development_data_derived_not_economic_prior,26559c272310fd361fcb0c8de4b658b77946058241e4bf26ede281a71d64950b,3/3,3,3,pass,pass,pass,all_conditions_pass,all_conditions_pass,all_conditions_pass,0.06583599604027024,3361,1.0,0.9999999999999999,0.012505467186188366,0.006002585256754939,0.8571428571428571,0.04779412556502468,0.00625797328677477,0.0012528455151405,0.0090427193914192,0.9348914392576618,False,False,raw_universe_no_tradability_cost_test;correlated_native_profiles;development_derived_direction;recent_diagnostic_not_run
alpha360_OPEN22,d9008a8cae24853ad4c7d96e29a9e9ef17e31ff040a62fdb6b4e22c7d0e5e9e5,alpha360,PriceTrend,TechnicalPriceVolume,1.0,development_data_derived_not_economic_prior,26559c272310fd361fcb0c8de4b658b77946058241e4bf26ede281a71d64950b,3/3,3,3,pass,pass,pass,all_conditions_pass,all_conditions_pass,all_conditions_pass,0.06665094922121023,3361,1.0,0.9999999999999999,0.012618453824360384,0.006032595364007068,0.8571428571428571,0.04819156605893285,0.006312886216361954,0.0012528455151405,0.0090427193914192,0.934684122868301,False,False,raw_universe_no_tradability_cost_test;correlated_native_profiles;development_derived_direction;recent_diagnostic_not_run
alpha360_OPEN23,37f1d6ea7094e9484d4dd34445de549f0af7e0b5dea0902bb523ecc88281e80b,alpha360,PriceTrend,TechnicalPriceVolume,1.0,development_data_derived_not_economic_prior,26559c272310fd361fcb0c8de4b658b77946058241e4bf26ede281a71d64950b,3/3,3,3,pass,pass,pass,all_conditions_pass,all_conditions_pass,all_conditions_pass,0.06721455328121592,3361,1.0,0.9999999999999999,0.012660431789830348,0.006041724685274804,0.7857142857142857,0.048369730837335284,0.006331813039558899,0.0012528455151405,0.0090427193914192,0.9344725631610293,False,False,raw_universe_no_tradability_cost_test;correlated_native_profiles;development_derived_direction;recent_diagnostic_not_run
alpha360_OPEN24,a2ddbcabb492b50ac388afa7614162d370eae054c8f56f71af741ebdaafc2bd0,alpha360,PriceTrend,TechnicalPriceVolume,1.0,development_data_derived_not_economic_prior,26559c272310fd361fcb0c8de4b658b77946058241e4bf26ede281a71d64950b,3/3,3,3,pass,pass,pass,all_conditions_pass,all_conditions_pass,all_conditions_pass,0.06785779997027196,3361,1.0,0.9999999999999999,0.012817862045984483,0.006061355981836119,0.7857142857142857,0.04856141622254463,0.006415849177423477,0.0012528455151405,0.0090427193914192,0.9342723694838762,False,False,raw_universe_no_tradability_cost_test;correlated_native_profiles;development_derived_direction;recent_diagnostic_not_run
alpha360_OPEN25,3d867a14623c403ea279d309b9ba8617c7e868acf3bdcd2aabb060fe0ced2966,alpha360,PriceTrend,TechnicalPriceVolume,1.0,development_data_derived_not_economic_prior,26559c272310fd361fcb0c8de4b658b77946058241e4bf26ede281a71d64950b,3/3,3,3,pass,pass,pass,all_conditions_pass,all_conditions_pass,all_conditions_pass,0.06838847949732926,3361,1.0,0.9999999999999999,0.012832386865441905,0.006079476945070532,0.7857142857142857,0.04874198414382387,0.006419468347252038,0.0012528455151405,0.0090427193914192,0.934078389236521,False,False,raw_universe_no_tradability_cost_test;correlated_native_profiles;development_derived_direction;recent_diagnostic_not_run
alpha360_OPEN26,d3d1f3938a5dda55d9e7d7e8b8d01d45db9223265e6d3284a17a02dba5b97469,alpha360,PriceTrend,TechnicalPriceVolume,1.0,development_data_derived_not_economic_prior,26559c272310fd361fcb0c8de4b658b77946058241e4bf26ede281a71d64950b,3/3,3,3,pass,pass,pass,all_conditions_pass,all_conditions_pass,all_conditions_pass,0.06881404436242593,3361,1.0,0.9999999999999999,0.012774597595740114,0.006075391963715454,0.7857142857142857,0.048839651820874554,0.006391905953222454,0.0012528455151405,0.0090427193914192,0.933896835848762,False,False,raw_universe_no_tradability_cost_test;correlated_native_profiles;development_derived_direction;recent_diagnostic_not_run
alpha360_OPEN27,e0910b056d56d2242c9512d3546cfbf7899bf2d35942e4168d841629148d051d,alpha360,PriceTrend,TechnicalPriceVolume,1.0,development_data_derived_not_economic_prior,26559c272310fd361fcb0c8de4b658b77946058241e4bf26ede281a71d64950b,3/3,3,3,pass,pass,pass,all_conditions_pass,all_conditions_pass,all_conditions_pass,0.0691042566530228,3361,1.0,0.9999999999999999,0.012800488149349499,0.0060559268326486415,0.7857142857142857,0.04880136813598549,0.006406506042878294,0.0012528455151405,0.0090427193914192,0.9337119484255018,False,False,raw_universe_no_tradability_cost_test;correlated_native_profiles;development_derived_direction;recent_diagnostic_not_run
alpha360_OPEN28,22afea388b0ab173cdc0e66517df2d779e940ebac0a9bee3ad98fe8728e7cdff,alpha360,PriceTrend,TechnicalPriceVolume,1.0,development_data_derived_not_economic_prior,26559c272310fd361fcb0c8de4b658b77946058241e4bf26ede281a71d64950b,3/3,3,3,pass,pass,pass,all_conditions_pass,all_conditions_pass,all_conditions_pass,0.06932508869577658,3361,1.0,0.9999999999999999,0.012863169960800698,0.00603946203749632,0.7857142857142857,0.0487483042404519,0.006434841335668594,0.0012528455151405,0.0090427193914192,0.9335390332206328,False,False,raw_universe_no_tradability_cost_test;correlated_native_profiles;development_derived_direction;recent_diagnostic_not_run
alpha360_OPEN29,89c6f796ea468c0d63fefbacab945160b4a2ed8904ba6506cbdda08c72363beb,alpha360,PriceTrend,TechnicalPriceVolume,1.0,development_data_derived_not_economic_prior,26559c272310fd361fcb0c8de4b658b77946058241e4bf26ede281a71d64950b,3/3,3,3,pass,pass,pass,all_conditions_pass,all_conditions_pass,all_conditions_pass,0.06947347827803604,3361,1.0,0.9999999999999999,0.012759706785107886,0.006014726964614112,0.7857142857142857,0.04864535154410322,0.006390888150624738,0.0012528455151405,0.0090427193914192,0.9333697551454019,False,False,raw_universe_no_tradability_cost_test;correlated_native_profiles;development_derived_direction;recent_diagnostic_not_run
alpha360_OPEN3,2f9ef741cd03bd555ce728fb58e65bd4e273c7006436d2c524b94b53f62a2704,alpha360,PriceTrend,TechnicalPriceVolume,1.0,development_data_derived_not_economic_prior,26559c272310fd361fcb0c8de4b658b77946058241e4bf26ede281a71d64950b,2/3,2,3,fail,pass,pass,directional_quantile_monotonicity_080,all_conditions_pass,all_conditions_pass,0.028660854577678873,3361,1.0,0.3,0.006167606282563007,0.003406375880142908,0.9285714285714286,0.02610767074787002,0.0030959709690020916,0.0012528455151405,0.0090427193914192,0.9418565425142568,False,False,raw_universe_no_tradability_cost_test;correlated_native_profiles;development_derived_direction;recent_diagnostic_not_run
alpha360_OPEN30,ea74e8e12cf630627b123f403245a7f295b8e60ddd481259c14d79db7ce00234,alpha360,PriceTrend,TechnicalPriceVolume,1.0,development_data_derived_not_economic_prior,26559c272310fd361fcb0c8de4b658b77946058241e4bf26ede281a71d64950b,3/3,3,3,pass,pass,pass,all_conditions_pass,all_conditions_pass,all_conditions_pass,0.06951682103963198,3361,1.0,0.9999999999999999,0.012696991784470443,0.005984178026492346,0.7857142857142857,0.04851990072199166,0.006354462756127226,0.0012528455151405,0.0090427193914192,0.9332027502761945,False,False,raw_universe_no_tradability_cost_test;correlated_native_profiles;development_derived_direction;recent_diagnostic_not_run
alpha360_OPEN31,165c3e93afb3dafcf53bfb04518e759feca41d4d012328ae3df1371fa303982e,alpha360,PriceTrend,TechnicalPriceVolume,1.0,development_data_derived_not_economic_prior,26559c272310fd361fcb0c8de4b658b77946058241e4bf26ede281a71d64950b,3/3,3,3,pass,pass,pass,all_conditions_pass,all_conditions_pass,all_conditions_pass,0.06960940169509984,3361,1.0,0.9999999999999999,0.012693659125932358,0.005956214646940441,0.7857142857142857,0.04839560987334474,0.006354921710789276,0.0012528455151405,0.0090427193914192,0.9330405949131712,False,False,raw_universe_no_tradability_cost_test;correlated_native_profiles;development_derived_direction;recent_diagnostic_not_run
alpha360_OPEN32,a8cbdc5f511c951f78c6c3d69650727e92fd2477869f1bb13bb46b9404d78c9f,alpha360,PriceTrend,TechnicalPriceVolume,1.0,development_data_derived_not_economic_prior,26559c272310fd361fcb0c8de4b658b77946058241e4bf26ede281a71d64950b,3/3,3,3,pass,pass,pass,all_conditions_pass,all_conditions_pass,all_conditions_pass,0.06953542142222091,3361,1.0,0.9999999999999999,0.01261795800039093,0.005900242065440503,0.7857142857142857,0.04811925250601667,0.006311235945178671,0.0012528455151405,0.0090427193914192,0.9328823797739221,False,False,raw_universe_no_tradability_cost_test;correlated_native_profiles;development_derived_direction;recent_diagnostic_not_run
alpha360_OPEN33,08a471fec538d3b9d319a73ef836858589b5942a2f66e3869c3e1792587630ad,alpha360,PriceTrend,TechnicalPriceVolume,1.0,development_data_derived_not_economic_prior,26559c272310fd361fcb0c8de4b658b77946058241e4bf26ede281a71d64950b,3/3,3,3,pass,pass,pass,all_conditions_pass,all_conditions_pass,all_conditions_pass,0.0692847169396088,3361,1.0,0.9999999999999999,0.012598219602832689,0.005841190099541506,0.7857142857142857,0.047764789649738834,0.006297535904737982,0.0012528455151405,0.0090427193914192,0.9327347729294503,False,False,raw_universe_no_tradability_cost_test;correlated_native_profiles;development_derived_direction;recent_diagnostic_not_run
alpha360_OPEN34,a2eb05d772833892d3f7361f24fc79cebdf25a9475004b7464571acc693b48ca,alpha360,PriceTrend,TechnicalPriceVolume,1.0,development_data_derived_not_economic_prior,26559c272310fd361fcb0c8de4b658b77946058241e4bf26ede281a71d64950b,3/3,3,3,pass,pass,pass,all_conditions_pass,all_conditions_pass,all_conditions_pass,0.06912175322199714,3361,1.0,0.9999999999999999,0.012514008679290827,0.005796076034013647,0.7857142857142857,0.04747384063666354,0.00626413005897001,0.0012528455151405,0.0090427193914192,0.9325938341559813,False,False,raw_universe_no_tradability_cost_test;correlated_native_profiles;development_derived_direction;recent_diagnostic_not_run
alpha360_OPEN35,5704048e5d529d8cba171df00b8992dc2d35fedb2a97fe87cf6a9aae5c1594dc,alpha360,PriceTrend,TechnicalPriceVolume,1.0,development_data_derived_not_economic_prior,26559c272310fd361fcb0c8de4b658b77946058241e4bf26ede281a71d64950b,3/3,3,3,pass,pass,pass,all_conditions_pass,all_conditions_pass,all_conditions_pass,0.06895360384275849,3361,1.0,0.9999999999999999,0.012368188159735557,0.005748314131563819,0.7857142857142857,0.047197578666928204,0.00619037184088695,0.0012528455151405,0.0090427193914192,0.9324469850468508,False,False,raw_universe_no_tradability_cost_test;correlated_native_profiles;development_derived_direction;recent_diagnostic_not_run
alpha360_OPEN36,2a71c4e1fa678ceda945c47c76505f78277b95220dbae666d79bd96a371e78fd,alpha360,PriceTrend,TechnicalPriceVolume,1.0,development_data_derived_not_economic_prior,26559c272310fd361fcb0c8de4b658b77946058241e4bf26ede281a71d64950b,3/3,3,3,pass,pass,pass,all_conditions_pass,all_conditions_pass,all_conditions_pass,0.06880625484317622,3361,1.0,0.9999999999999999,0.012277312042726465,0.00570588081157029,0.7857142857142857,0.046931305747653654,0.006140187263736125,0.0012528455151405,0.0090427193914192,0.9323077132911325,False,False,raw_universe_no_tradability_cost_test;correlated_native_profiles;development_derived_direction;recent_diagnostic_not_run
alpha360_OPEN37,494fc37220ab161e23f934a31820234d32d5f0d0f3b35ec77551f69c1481cd0f,alpha360,PriceTrend,TechnicalPriceVolume,1.0,development_data_derived_not_economic_prior,26559c272310fd361fcb0c8de4b658b77946058241e4bf26ede281a71d64950b,3/3,3,3,pass,pass,pass,all_conditions_pass,all_conditions_pass,all_conditions_pass,0.06853409938261275,3361,1.0,0.9999999999999999,0.01214876061543616,0.005648899897335934,0.7857142857142857,0.046586496494882154,0.006081173373846156,0.0012528455151405,0.0090427193914192,0.9321696539119603,False,False,raw_universe_no_tradability_cost_test;correlated_native_profiles;development_derived_direction;recent_diagnostic_not_run
alpha360_OPEN38,e6d2d666398bdb9fc868bdc5ef6a5eb5263a9f9876c28c0928fb3a6debda4a99,alpha360,PriceTrend,TechnicalPriceVolume,1.0,development_data_derived_not_economic_prior,26559c272310fd361fcb0c8de4b658b77946058241e4bf26ede281a71d64950b,3/3,3,3,pass,pass,pass,all_conditions_pass,all_conditions_pass,all_conditions_pass,0.06821344492799643,3361,1.0,0.9999999999999999,0.011923090442984391,0.005594959584310744,0.7857142857142857,0.0462895210423228,0.005971505087474843,0.0012528455151405,0.0090427193914192,0.9320353832094941,False,False,raw_universe_no_tradability_cost_test;correlated_native_profiles;development_derived_direction;recent_diagnostic_not_run
alpha360_OPEN39,8f97defc90ddfc47a6d7796b3f189173744649594827061e94bacbf64fa46b46,alpha360,PriceTrend,TechnicalPriceVolume,1.0,development_data_derived_not_economic_prior,26559c272310fd361fcb0c8de4b658b77946058241e4bf26ede281a71d64950b,3/3,3,3,pass,pass,pass,all_conditions_pass,all_conditions_pass,all_conditions_pass,0.06790942950403724,3361,1.0,0.9999999999999999,0.011863263395947425,0.0055524451287225435,0.7857142857142857,0.04603474566779932,0.005934054645964371,0.0012528455151405,0.0090427193914192,0.9319089929545767,False,False,raw_universe_no_tradability_cost_test;correlated_native_profiles;development_derived_direction;recent_diagnostic_not_run
alpha360_OPEN4,8c14abdf4eed60e6c3925d57ce4da7404be060f0a2fb0eba5975d154be047f19,alpha360,PriceTrend,TechnicalPriceVolume,1.0,development_data_derived_not_economic_prior,26559c272310fd361fcb0c8de4b658b77946058241e4bf26ede281a71d64950b,2/3,2,3,fail,pass,pass,directional_quantile_monotonicity_080,all_conditions_pass,all_conditions_pass,0.030277025184080014,3361,1.0,0.3,0.0063413979140473165,0.00347380596288363,0.8571428571428571,0.026815247773815144,0.0031738377038318015,0.0012528455151405,0.0090427193914192,0.9409798427244526,False,False,raw_universe_no_tradability_cost_test;correlated_native_profiles;development_derived_direction;recent_diagnostic_not_run
alpha360_OPEN40,b961a2de0242c23abc9963e4e76c1d471b03c54b20f53894c4d2bb819d15a835,alpha360,PriceTrend,TechnicalPriceVolume,1.0,development_data_derived_not_economic_prior,26559c272310fd361fcb0c8de4b658b77946058241e4bf26ede281a71d64950b,3/3,3,3,pass,pass,pass,all_conditions_pass,all_conditions_pass,all_conditions_pass,0.0676274549917269,3361,0.9285714285714286,0.9999999999999999,0.01185529930879656,0.005512215593789623,0.7857142857142857,0.04577124146746704,0.0059363877258900985,0.0012528455151405,0.0090427193914192,0.9317882099411846,False,False,raw_universe_no_tradability_cost_test;correlated_native_profiles;development_derived_direction;recent_diagnostic_not_run
alpha360_OPEN41,f7c5fbd5051906e8f9284137f48efd3674425eae98891680b9833577a9d2c9cd,alpha360,PriceTrend,TechnicalPriceVolume,1.0,development_data_derived_not_economic_prior,26559c272310fd361fcb0c8de4b658b77946058241e4bf26ede281a71d64950b,3/3,3,3,pass,pass,pass,all_conditions_pass,all_conditions_pass,all_conditions_pass,0.06730864224558024,3361,0.9285714285714286,0.9999999999999999,0.011683907731324503,0.005475746265330647,0.7857142857142857,0.045532058172020294,0.005846549475750547,0.0012528455151405,0.0090427193914192,0.9316766712989554,False,False,raw_universe_no_tradability_cost_test;correlated_native_profiles;development_derived_direction;recent_diagnostic_not_run
alpha360_OPEN42,3cbde888de4a8a15d87117fadd25a8dd674c4aa8447dd327546fe05d7e0e98d2,alpha360,PriceTrend,TechnicalPriceVolume,1.0,development_data_derived_not_economic_prior,26559c272310fd361fcb0c8de4b658b77946058241e4bf26ede281a71d64950b,3/3,3,3,pass,pass,pass,all_conditions_pass,all_conditions_pass,all_conditions_pass,0.06688066443772304,3361,0.9285714285714286,0.9999999999999999,0.011464311257257798,0.005413381400832981,0.7857142857142857,0.045167731365301146,0.005733919979491673,0.0012528455151405,0.0090427193914192,0.9315701337099783,False,False,raw_universe_no_tradability_cost_test;correlated_native_profiles;development_derived_direction;recent_diagnostic_not_run
alpha360_OPEN43,eb842120ada79b65d702955be00cc3bb3bc851f49bb43b21328349f29cc3f473,alpha360,PriceTrend,TechnicalPriceVolume,1.0,development_data_derived_not_economic_prior,26559c272310fd361fcb0c8de4b658b77946058241e4bf26ede281a71d64950b,3/3,3,3,pass,pass,pass,all_conditions_pass,all_conditions_pass,all_conditions_pass,0.06660092582805816,3361,0.9285714285714286,0.9999999999999999,0.011320927220818457,0.0053680693187875455,0.7857142857142857,0.04488762294417567,0.005667307389033148,0.0012528455151405,0.0090427193914192,0.9314654146858202,False,False,raw_universe_no_tradability_cost_test;correlated_native_profiles;development_derived_direction;recent_diagnostic_not_run
alpha360_OPEN44,1cff4bca2e56a57f4c7a4f909ebf49c230b1d0fa79cafe458aa0322bc2208d4b,alpha360,PriceTrend,TechnicalPriceVolume,1.0,development_data_derived_not_economic_prior,26559c272310fd361fcb0c8de4b658b77946058241e4bf26ede281a71d64950b,3/3,3,3,pass,pass,pass,all_conditions_pass,all_conditions_pass,all_conditions_pass,0.06625280367373522,3361,0.9285714285714286,0.9999999999999999,0.011198717321946413,0.005304600583108379,0.7857142857142857,0.044564564484275294,0.0056075999917586244,0.0012528455151405,0.0090427193914192,0.9313588770968432,False,False,raw_universe_no_tradability_cost_test;correlated_native_profiles;development_derived_direction;recent_diagnostic_not_run
alpha360_OPEN45,92c8e49f083ffb8913bc7176c7bbc7e041c41cdc8f895039399d17fe2df29aab,alpha360,PriceTrend,TechnicalPriceVolume,1.0,development_data_derived_not_economic_prior,26559c272310fd361fcb0c8de4b658b77946058241e4bf26ede281a71d64950b,3/3,3,3,pass,pass,pass,all_conditions_pass,all_conditions_pass,all_conditions_pass,0.06597208068267092,3361,0.9285714285714286,0.9999999999999999,0.011089643514416247,0.005255045993136074,0.7857142857142857,0.04432386006180746,0.005555921857933908,0.0012528455151405,0.0090427193914192,0.9312487023782281,False,False,raw_universe_no_tradability_cost_test;correlated_native_profiles;development_derived_direction;recent_diagnostic_not_run
alpha360_OPEN46,f705a4b1ca68a0e33156c1ebf1d3c6381e238806cbdede2a1bed7991e333a028,alpha360,PriceTrend,TechnicalPriceVolume,1.0,development_data_derived_not_economic_prior,26559c272310fd361fcb0c8de4b658b77946058241e4bf26ede281a71d64950b,3/3,3,3,pass,pass,pass,all_conditions_pass,all_conditions_pass,all_conditions_pass,0.06547484006136854,3361,0.9285714285714286,0.9999999999999999,0.010987756055201796,0.005200058011817657,0.7857142857142857,0.04400813976341928,0.005498728070234434,0.0012528455151405,0.0090427193914192,0.9311479235778444,False,False,raw_universe_no_tradability_cost_test;correlated_native_profiles;development_derived_direction;recent_diagnostic_not_run
alpha360_OPEN47,13909eff558de94138d524f870d8aa568a0158306aec494229cd0fae152f2b5b,alpha360,PriceTrend,TechnicalPriceVolume,1.0,development_data_derived_not_economic_prior,26559c272310fd361fcb0c8de4b658b77946058241e4bf26ede281a71d64950b,3/3,3,3,pass,pass,pass,all_conditions_pass,all_conditions_pass,all_conditions_pass,0.06509735491468122,3361,0.9285714285714286,0.9999999999999999,0.010796638674471615,0.005155750335685229,0.7857142857142857,0.04378730682214139,0.005411945038642599,0.0012528455151405,0.0090427193914192,0.931046690136256,False,False,raw_universe_no_tradability_cost_test;correlated_native_profiles;development_derived_direction;recent_diagnostic_not_run
alpha360_OPEN48,1919c69f3674495033c90676b98d289207bc8b48a394fad819edbe3cdd7589cf,alpha360,PriceTrend,TechnicalPriceVolume,1.0,development_data_derived_not_economic_prior,26559c272310fd361fcb0c8de4b658b77946058241e4bf26ede281a71d64950b,3/3,3,3,pass,pass,pass,all_conditions_pass,all_conditions_pass,all_conditions_pass,0.06477016740036676,3361,0.9285714285714286,0.9999999999999999,0.010765452738727936,0.005119455965889862,0.7857142857142857,0.043575176114628696,0.005391777776922802,0.0012528455151405,0.0090427193914192,0.9309553072541035,False,False,raw_universe_no_tradability_cost_test;correlated_native_profiles;development_derived_direction;recent_diagnostic_not_run
alpha360_OPEN49,a03bc1a07a472f6872b7e86269920e054a3e4efa6402a28bf59d5515bfdf46d5,alpha360,PriceTrend,TechnicalPriceVolume,1.0,development_data_derived_not_economic_prior,26559c272310fd361fcb0c8de4b658b77946058241e4bf26ede281a71d64950b,3/3,3,3,pass,pass,pass,all_conditions_pass,all_conditions_pass,all_conditions_pass,0.06454896845611897,3361,0.9285714285714286,0.9999999999999999,0.010707845924534531,0.005093652432211431,0.7857142857142857,0.04345815334784971,0.005358819608029615,0.0012528455151405,0.0090427193914192,0.9308681676898619,False,False,raw_universe_no_tradability_cost_test;correlated_native_profiles;development_derived_direction;recent_diagnostic_not_run
alpha360_OPEN5,2abedb4853cc26e97a1c464d8ee0faacd9e454b7b1c56342cd4a1b0ede845efa,alpha360,PriceTrend,TechnicalPriceVolume,1.0,development_data_derived_not_economic_prior,26559c272310fd361fcb0c8de4b658b77946058241e4bf26ede281a71d64950b,2/3,2,3,fail,pass,pass,directional_quantile_monotonicity_080,all_conditions_pass,all_conditions_pass,0.03195744266503688,3361,1.0,0.3,0.006534424603643714,0.0035353545244349964,0.8571428571428571,0.027438287623760372,0.003274414134289681,0.0012528455151405,0.0090427193914192,0.9402118021825808,False,False,raw_universe_no_tradability_cost_test;correlated_native_profiles;development_derived_direction;recent_diagnostic_not_run
alpha360_OPEN50,5ee09b9c84a0334bbc97d949d9f8de651dc0feb26db4b0db7cda9febabdcfa0f,alpha360,PriceTrend,TechnicalPriceVolume,1.0,development_data_derived_not_economic_prior,26559c272310fd361fcb0c8de4b658b77946058241e4bf26ede281a71d64950b,3/3,3,3,pass,pass,pass,all_conditions_pass,all_conditions_pass,all_conditions_pass,0.06430474090671238,3361,0.9285714285714286,0.9999999999999999,0.010694584194779906,0.005062926917260836,0.7857142857142857,0.043279385037475866,0.005350637673632426,0.0012528455151405,0.0090427193914192,0.9307837559728488,False,False,raw_universe_no_tradability_cost_test;correlated_native_profiles;development_derived_direction;recent_diagnostic_not_run
alpha360_OPEN51,e5953a9313beff9e434f4deb6f4c15d644f31b31fb8e6775ee9c685cd48f8865,alpha360,PriceTrend,TechnicalPriceVolume,1.0,development_data_derived_not_economic_prior,26559c272310fd361fcb0c8de4b658b77946058241e4bf26ede281a71d64950b,3/3,3,3,pass,pass,pass,all_conditions_pass,all_conditions_pass,all_conditions_pass,0.06400314486092064,3361,0.9285714285714286,0.9999999999999999,0.010570767879723685,0.005023413054072591,0.7857142857142857,0.04303696393634545,0.005296817683111325,0.0012528455151405,0.0090427193914192,0.9306943432025836,False,False,raw_universe_no_tradability_cost_test;correlated_native_profiles;development_derived_direction;recent_diagnostic_not_run
alpha360_OPEN52,bc5c6e8c6da044490a74374400daf16322cbaf7d8e1e678219b1745a6c82d834,alpha360,PriceTrend,TechnicalPriceVolume,1.0,development_data_derived_not_economic_prior,26559c272310fd361fcb0c8de4b658b77946058241e4bf26ede281a71d64950b,3/3,3,3,pass,pass,pass,all_conditions_pass,all_conditions_pass,all_conditions_pass,0.06363173752596857,3361,0.9285714285714286,0.9999999999999999,0.010463256689139519,0.004977866236584895,0.7857142857142857,0.042696366416522774,0.005233568771192212,0.0012528455151405,0.0090427193914192,0.9306049304323183,False,False,raw_universe_no_tradability_cost_test;correlated_native_profiles;development_derived_direction;recent_diagnostic_not_run
alpha360_OPEN53,b717016dfca9cdc708c805bb0cd5feaea83863ea8fe94e9bba7e27cad27caeeb,alpha360,PriceTrend,TechnicalPriceVolume,1.0,development_data_derived_not_economic_prior,26559c272310fd361fcb0c8de4b658b77946058241e4bf26ede281a71d64950b,3/3,3,3,pass,pass,pass,all_conditions_pass,all_conditions_pass,all_conditions_pass,0.06319266171240276,3361,0.9285714285714286,0.9999999999999999,0.010404471259494685,0.004932804383707265,0.7857142857142857,0.042346140321422795,0.005206905819655307,0.0012528455151405,0.0090427193914192,0.9305073341203678,False,False,raw_universe_no_tradability_cost_test;correlated_native_profiles;development_derived_direction;recent_diagnostic_not_run
alpha360_OPEN54,b53de890d2b179bc337a0e4c6c4bac9bf18ae80be853fd9d03fc97d14fa6634e,alpha360,PriceTrend,TechnicalPriceVolume,1.0,development_data_derived_not_economic_prior,26559c272310fd361fcb0c8de4b658b77946058241e4bf26ede281a71d64950b,3/3,3,3,pass,pass,pass,all_conditions_pass,all_conditions_pass,all_conditions_pass,0.06283389571853629,3361,0.9285714285714286,0.9999999999999999,0.010283490614706604,0.004896428680428759,0.7857142857142857,0.04209120672475865,0.0051455847219876345,0.0012528455151405,0.0090427193914192,0.9304253471564465,False,False,raw_universe_no_tradability_cost_test;correlated_native_profiles;development_derived_direction;recent_diagnostic_not_run
alpha360_OPEN55,e68c32497f5b727cd216d1327e4652951ad214dc6be309e313c9123044db4762,alpha360,PriceTrend,TechnicalPriceVolume,1.0,development_data_derived_not_economic_prior,26559c272310fd361fcb0c8de4b658b77946058241e4bf26ede281a71d64950b,3/3,3,3,pass,pass,pass,all_conditions_pass,all_conditions_pass,all_conditions_pass,0.06248553267211366,3361,0.9285714285714286,0.9999999999999999,0.010186092107661106,0.004868024949301688,0.7857142857142857,0.041858331652208,0.00509934257496185,0.0012528455151405,0.0090427193914192,0.9303513921871425,False,False,raw_universe_no_tradability_cost_test;correlated_native_profiles;development_derived_direction;recent_diagnostic_not_run
alpha360_OPEN56,c9b43c7e7a193962c130f656914b22cb79ac70d9cbd82f4df2b8677fd68de770,alpha360,PriceTrend,TechnicalPriceVolume,1.0,development_data_derived_not_economic_prior,26559c272310fd361fcb0c8de4b658b77946058241e4bf26ede281a71d64950b,3/3,3,3,pass,pass,pass,all_conditions_pass,all_conditions_pass,all_conditions_pass,0.062181163393357955,3361,0.9285714285714286,0.9999999999999999,0.010111144949622217,0.004847522347277287,0.7857142857142857,0.04163391955733137,0.005059722557991702,0.0012528455151405,0.0090427193914192,0.9302892578891615,False,False,raw_universe_no_tradability_cost_test;correlated_native_profiles;development_derived_direction;recent_diagnostic_not_run
alpha360_OPEN57,d00319340c97f6bfecbb7073a2c66f736f10076a9e6e50eb9c62a6a0d2d2af38,alpha360,PriceTrend,TechnicalPriceVolume,1.0,development_data_derived_not_economic_prior,26559c272310fd361fcb0c8de4b658b77946058241e4bf26ede281a71d64950b,3/3,3,3,pass,pass,pass,all_conditions_pass,all_conditions_pass,all_conditions_pass,0.06183447367339299,3361,0.9285714285714286,0.9999999999999999,0.010036897980693937,0.004812134708214525,0.7857142857142857,0.04134896031490565,0.005025579075847726,0.0012528455151405,0.0090427193914192,0.9302256081204981,False,False,raw_universe_no_tradability_cost_test;correlated_native_profiles;development_derived_direction;recent_diagnostic_not_run
alpha360_OPEN58,00ec5b4c03168be510b3240f765b111f2dbf0feeeded6bb01a31866e7adced2f,alpha360,PriceTrend,TechnicalPriceVolume,1.0,development_data_derived_not_economic_prior,26559c272310fd361fcb0c8de4b658b77946058241e4bf26ede281a71d64950b,3/3,3,3,pass,pass,pass,all_conditions_pass,all_conditions_pass,all_conditions_pass,0.06147748651237731,3361,0.9285714285714286,0.9999999999999999,0.01002564820137627,0.004779925699585161,0.7857142857142857,0.041082031481727864,0.005015561849065974,0.0012528455151405,0.0090427193914192,0.9301539263572176,False,False,raw_universe_no_tradability_cost_test;correlated_native_profiles;development_derived_direction;recent_diagnostic_not_run
alpha360_OPEN59,24e2aa7750fae5fff39e58f37723342229e81f2db5340b3ce727a070578ee0e6,alpha360,PriceTrend,TechnicalPriceVolume,1.0,development_data_derived_not_economic_prior,26559c272310fd361fcb0c8de4b658b77946058241e4bf26ede281a71d64950b,3/3,3,3,pass,pass,pass,all_conditions_pass,all_conditions_pass,all_conditions_pass,0.061149045565888696,3361,0.9285714285714286,0.9999999999999999,0.0099360854155374,0.004746441502126025,0.7857142857142857,0.04083229037846275,0.004971447137555358,0.0012528455151405,0.0090427193914192,0.9300972477536936,False,False,raw_universe_no_tradability_cost_test;correlated_native_profiles;development_derived_direction;recent_diagnostic_not_run
alpha360_OPEN6,88871a768c2af0dbc9a29f66ef4a1a501f8c25ddfb98f03b86ed91c65c430c20,alpha360,PriceTrend,TechnicalPriceVolume,1.0,development_data_derived_not_economic_prior,26559c272310fd361fcb0c8de4b658b77946058241e4bf26ede281a71d64950b,2/3,2,3,fail,pass,pass,directional_quantile_monotonicity_080,all_conditions_pass,all_conditions_pass,0.03459209082339261,3361,1.0,0.3,0.006888597406427332,0.003700345968351519,0.7857142857142857,0.028715777222063314,0.003448594931117771,0.0012528455151405,0.0090427193914192,0.939619707786943,False,False,raw_universe_no_tradability_cost_test;correlated_native_profiles;development_derived_direction;recent_diagnostic_not_run
alpha360_OPEN7,0da0ebbd17e216cc05256595f8e59226071bdbf5080f850a4e67e0060967e07e,alpha360,PriceTrend,TechnicalPriceVolume,1.0,development_data_derived_not_economic_prior,26559c272310fd361fcb0c8de4b658b77946058241e4bf26ede281a71d64950b,2/3,2,3,fail,pass,pass,directional_quantile_monotonicity_080,all_conditions_pass,all_conditions_pass,0.03710898553505732,3361,1.0,0.3,0.007396242440980364,0.0038950737683775805,0.7857142857142857,0.03017144473493294,0.0036996669899818,0.0012528455151405,0.0090427193914192,0.9391056601314519,False,False,raw_universe_no_tradability_cost_test;correlated_native_profiles;development_derived_direction;recent_diagnostic_not_run
alpha360_OPEN8,6741e30be75bc7b8ac76a179d5dd0589fe0031aec8692ce07c1aa9150be3f99d,alpha360,PriceTrend,TechnicalPriceVolume,1.0,development_data_derived_not_economic_prior,26559c272310fd361fcb0c8de4b658b77946058241e4bf26ede281a71d64950b,2/3,2,3,fail,pass,pass,directional_quantile_monotonicity_080,all_conditions_pass,all_conditions_pass,0.039985555924106374,3361,1.0,0.3,0.00803691556276602,0.004134754167831188,0.7857142857142857,0.03197571801827291,0.004025378488732054,0.0012528455151405,0.0090427193914192,0.9386269229428622,False,False,raw_universe_no_tradability_cost_test;correlated_native_profiles;development_derived_direction;recent_diagnostic_not_run
alpha360_OPEN9,e3e0ef01f3e32282713ef04969da33c167ffcf5123790cbba3249e609fad42b5,alpha360,PriceTrend,TechnicalPriceVolume,1.0,development_data_derived_not_economic_prior,26559c272310fd361fcb0c8de4b658b77946058241e4bf26ede281a71d64950b,2/3,2,3,fail,pass,pass,directional_quantile_monotonicity_080,all_conditions_pass,all_conditions_pass,0.042595052091592346,3361,1.0,0.7,0.008463441333385531,0.004345798193880401,0.7857142857142857,0.03358462631519528,0.0042362188326166665,0.0012528455151405,0.0090427193914192,0.9381801621856725,False,False,raw_universe_no_tradability_cost_test;correlated_native_profiles;development_derived_direction;recent_diagnostic_not_run
alpha360_VOLUME22,6059d411528c2ef9ca8c8effd88a6e879992c91d37decf9cadcae2feea1f83b5,alpha360,Liquidity,LiquidityTrading,1.0,development_data_derived_not_economic_prior,26559c272310fd361fcb0c8de4b658b77946058241e4bf26ede281a71d64950b,1/3,1,3,fail,fail,pass,directional_quantile_monotonicity_080,positive_directional_weighted_return;weighted_return_annual_agreement_060,all_conditions_pass,0.028967979897592012,3361,0.9285714285714286,0.09999999999999999,0.005263387883252399,-0.0031502714944932203,0.42857142857142855,0.0002548031924501347,0.0026347680497469665,0.0012528455151405,0.0090427193914192,0.934684122868301,False,False,raw_universe_no_tradability_cost_test;correlated_native_profiles;development_derived_direction;recent_diagnostic_not_run
alpha360_VOLUME23,5153f525a5b647961b6ed21a31180bc101499426c851b6da7861e34e928723c0,alpha360,Liquidity,LiquidityTrading,1.0,development_data_derived_not_economic_prior,26559c272310fd361fcb0c8de4b658b77946058241e4bf26ede281a71d64950b,1/3,1,3,fail,fail,pass,directional_quantile_monotonicity_080,positive_directional_weighted_return;weighted_return_annual_agreement_060,all_conditions_pass,0.029988177106738678,3361,0.9285714285714286,0.3,0.005344873756918533,-0.003319505390956592,0.42857142857142855,0.0009064940892020907,0.002677780094502767,0.0012528455151405,0.0090427193914192,0.9344725631610293,False,False,raw_universe_no_tradability_cost_test;correlated_native_profiles;development_derived_direction;recent_diagnostic_not_run
alpha360_VOLUME24,d23979c2be173f4e1cf5b1a049750c73e71b359a4bd7d9ae75ddfdd87a29bf71,alpha360,Liquidity,LiquidityTrading,1.0,development_data_derived_not_economic_prior,26559c272310fd361fcb0c8de4b658b77946058241e4bf26ede281a71d64950b,1/3,1,3,fail,fail,pass,directional_quantile_monotonicity_080,positive_directional_weighted_return;weighted_return_annual_agreement_060,all_conditions_pass,0.03077382393293587,3361,0.9285714285714286,0.09999999999999999,0.005560573654944327,-0.0034926194107250197,0.42857142857142855,0.0011036534539370924,0.002783188815514828,0.0012528455151405,0.0090427193914192,0.9342723694838762,False,False,raw_universe_no_tradability_cost_test;correlated_native_profiles;development_derived_direction;recent_diagnostic_not_run
alpha360_VOLUME25,94da340d84f08cd938a88f3e049fc41ce04c9afb233eab4fac6d9c262585cf50,alpha360,Liquidity,LiquidityTrading,1.0,development_data_derived_not_economic_prior,26559c272310fd361fcb0c8de4b658b77946058241e4bf26ede281a71d64950b,1/3,1,3,fail,fail,pass,directional_quantile_monotonicity_080,positive_directional_weighted_return;weighted_return_annual_agreement_060,all_conditions_pass,0.03158715375176481,3361,0.9285714285714286,0.3,0.0055474600926922754,-0.0034968912148972443,0.42857142857142855,0.0012004278811841792,0.002778975963129558,0.0012528455151405,0.0090427193914192,0.934078389236521,False,False,raw_universe_no_tradability_cost_test;correlated_native_profiles;development_derived_direction;recent_diagnostic_not_run
alpha360_VOLUME26,d7e27994bfa5435afed0df367c1763ee591ac0e3eaf2d70a1e928334015bb0d8,alpha360,Liquidity,LiquidityTrading,1.0,development_data_derived_not_economic_prior,26559c272310fd361fcb0c8de4b658b77946058241e4bf26ede281a71d64950b,1/3,1,3,fail,fail,pass,directional_quantile_monotonicity_080,positive_directional_weighted_return;weighted_return_annual_agreement_060,all_conditions_pass,0.03232442536778923,3361,0.9285714285714286,0.3,0.005809435995678741,-0.003572608426309665,0.42857142857142855,0.0011209250932991154,0.002910418143232201,0.0012528455151405,0.0090427193914192,0.933896835848762,False,False,raw_universe_no_tradability_cost_test;correlated_native_profiles;development_derived_direction;recent_diagnostic_not_run
alpha360_VOLUME27,3e0e27610deecf5bb101d3c830e1a3f373a36999ddcbaf0bd977cc3d7f1cc5f8,alpha360,Liquidity,LiquidityTrading,1.0,development_data_derived_not_economic_prior,26559c272310fd361fcb0c8de4b658b77946058241e4bf26ede281a71d64950b,1/3,1,3,fail,fail,pass,directional_quantile_monotonicity_080,positive_directional_weighted_return;weighted_return_annual_agreement_060,all_conditions_pass,0.032837693334999404,3361,0.9285714285714286,0.3,0.00581115603855839,-0.0035140689472474224,0.42857142857142855,0.0015093098783030387,0.002910377954937878,0.0012528455151405,0.0090427193914192,0.9337119484255018,False,False,raw_universe_no_tradability_cost_test;correlated_native_profiles;development_derived_direction;recent_diagnostic_not_run
alpha360_VOLUME28,5bbf47404ffba9e9cb0de98490c3300bc0416a580defc565d8ae0514c16a200b,alpha360,Liquidity,LiquidityTrading,1.0,development_data_derived_not_economic_prior,26559c272310fd361fcb0c8de4b658b77946058241e4bf26ede281a71d64950b,1/3,1,3,fail,fail,pass,directional_quantile_monotonicity_080,positive_directional_weighted_return;weighted_return_annual_agreement_060,all_conditions_pass,0.03362172603788054,3361,0.9285714285714286,0.3,0.005995875298471063,-0.003419772314449372,0.42857142857142855,0.0019281362009569666,0.003003405526567445,0.0012528455151405,0.0090427193914192,0.9335390332206328,False,False,raw_universe_no_tradability_cost_test;correlated_native_profiles;development_derived_direction;recent_diagnostic_not_run
alpha360_VOLUME29,7827c765e35f4df131788daef06d7d14c3c27ddbf34aa9d124f2952e707cdc01,alpha360,Liquidity,LiquidityTrading,1.0,development_data_derived_not_economic_prior,26559c272310fd361fcb0c8de4b658b77946058241e4bf26ede281a71d64950b,1/3,1,3,fail,fail,pass,directional_quantile_monotonicity_080,positive_directional_weighted_return;weighted_return_annual_agreement_060,all_conditions_pass,0.03424292730763402,3361,0.9285714285714286,0.3,0.00610148910932396,-0.0033178839029029063,0.42857142857142855,0.0023779685507345225,0.0030521401393945173,0.0012528455151405,0.0090427193914192,0.9333697551454019,False,False,raw_universe_no_tradability_cost_test;correlated_native_profiles;development_derived_direction;recent_diagnostic_not_run
alpha360_VOLUME30,40b6437b5b28db1118cb326c8850ba2a192913261488f8feef5db67977c5e4f4,alpha360,Liquidity,LiquidityTrading,1.0,development_data_derived_not_economic_prior,26559c272310fd361fcb0c8de4b658b77946058241e4bf26ede281a71d64950b,1/3,1,3,fail,fail,pass,directional_quantile_monotonicity_080,positive_directional_weighted_return;weighted_return_annual_agreement_060,all_conditions_pass,0.03498920759836181,3361,0.9285714285714286,0.3,0.006355177261045807,-0.003150001702701511,0.42857142857142855,0.0028317321307707016,0.0031787586045008086,0.0012528455151405,0.0090427193914192,0.9332027502761945,False,False,raw_universe_no_tradability_cost_test;correlated_native_profiles;development_derived_direction;recent_diagnostic_not_run
alpha360_VOLUME31,22f5266f93b98418c7fdd298cf0d64d141e94e103818de7ebe7a4bf98eec58c1,alpha360,Liquidity,LiquidityTrading,1.0,development_data_derived_not_economic_prior,26559c272310fd361fcb0c8de4b658b77946058241e4bf26ede281a71d64950b,1/3,1,3,fail,fail,pass,directional_quantile_monotonicity_080,positive_directional_weighted_return;weighted_return_annual_agreement_060,all_conditions_pass,0.035567274307084465,3361,1.0,0.39999999999999997,0.006251092100564267,-0.002985121862926942,0.42857142857142855,0.0031641008931600043,0.003128657798702134,0.0012528455151405,0.0090427193914192,0.9330405949131712,False,False,raw_universe_no_tradability_cost_test;correlated_native_profiles;development_derived_direction;recent_diagnostic_not_run
alpha360_VOLUME32,2957138efba357ee395447ace16fb135bb313aac0dcc075a78f35e82cebecae4,alpha360,Liquidity,LiquidityTrading,1.0,development_data_derived_not_economic_prior,26559c272310fd361fcb0c8de4b658b77946058241e4bf26ede281a71d64950b,1/3,1,3,fail,fail,pass,directional_quantile_monotonicity_080,positive_directional_weighted_return;weighted_return_annual_agreement_060,all_conditions_pass,0.03619612027041945,3361,1.0,0.3,0.00637085125620138,-0.002860077813940554,0.42857142857142855,0.0037111837045273916,0.0031950910972851046,0.0012528455151405,0.0090427193914192,0.9328823797739221,False,False,raw_universe_no_tradability_cost_test;correlated_native_profiles;development_derived_direction;recent_diagnostic_not_run
alpha360_VOLUME33,0b0de909aa50cdefd2ff514b5bbd6ecb9d57909fb48157c567727cd57bef1c27,alpha360,Liquidity,LiquidityTrading,1.0,development_data_derived_not_economic_prior,26559c272310fd361fcb0c8de4b658b77946058241e4bf26ede281a71d64950b,1/3,1,3,fail,fail,pass,directional_quantile_monotonicity_080,positive_directional_weighted_return;weighted_return_annual_agreement_060,all_conditions_pass,0.03691868914142551,3361,1.0,0.39999999999999997,0.0065505471663944515,-0.0028468843907497945,0.5,0.004017568080778485,0.0032773055288521594,0.0012528455151405,0.0090427193914192,0.9327347729294503,False,False,raw_universe_no_tradability_cost_test;correlated_native_profiles;development_derived_direction;recent_diagnostic_not_run
alpha360_VOLUME34,c777ed61a018f7d802c133ab56e175cdffc05436d251aec3cd9f37c23e831efc,alpha360,Liquidity,LiquidityTrading,1.0,development_data_derived_not_economic_prior,26559c272310fd361fcb0c8de4b658b77946058241e4bf26ede281a71d64950b,1/3,1,3,fail,fail,pass,directional_quantile_monotonicity_080,positive_directional_weighted_return;weighted_return_annual_agreement_060,all_conditions_pass,0.03734232577731424,3361,1.0,0.3,0.006592353029039148,-0.0028112244707976007,0.5714285714285714,0.004330724342456042,0.0033087917691762034,0.0012528455151405,0.0090427193914192,0.9325938341559813,False,False,raw_universe_no_tradability_cost_test;correlated_native_profiles;development_derived_direction;recent_diagnostic_not_run
alpha360_VOLUME35,0c6e1010da2630db748517ee2cc06dd945e86066a8ace7888be26553cd40027f,alpha360,Liquidity,LiquidityTrading,1.0,development_data_derived_not_economic_prior,26559c272310fd361fcb0c8de4b658b77946058241e4bf26ede281a71d64950b,1/3,1,3,fail,fail,pass,directional_quantile_monotonicity_080,positive_directional_weighted_return;weighted_return_annual_agreement_060,all_conditions_pass,0.037542014039586985,3361,1.0,0.3,0.006535500128693119,-0.002824188376770169,0.5,0.0044444239616110714,0.003278266137306388,0.0012528455151405,0.0090427193914192,0.9324469850468508,False,False,raw_universe_no_tradability_cost_test;correlated_native_profiles;development_derived_direction;recent_diagnostic_not_run
alpha360_VOLUME36,a415bae34381f996befc21a8cdabe011d1769671993a120e6d8d37f9601c337a,alpha360,Liquidity,LiquidityTrading,1.0,development_data_derived_not_economic_prior,26559c272310fd361fcb0c8de4b658b77946058241e4bf26ede281a71d64950b,1/3,1,3,fail,fail,pass,directional_quantile_monotonicity_080,positive_directional_weighted_return;weighted_return_annual_agreement_060,all_conditions_pass,0.03791703126746632,3361,1.0,0.3,0.006639897708428309,-0.0027495841070274813,0.5714285714285714,0.004984299560493074,0.0033251797430031665,0.0012528455151405,0.0090427193914192,0.9323077132911325,False,False,raw_universe_no_tradability_cost_test;correlated_native_profiles;development_derived_direction;recent_diagnostic_not_run
alpha360_VOLUME37,5e94f5d538c51b80f8a069b70ef75adda05e8b49200303219faca688809c6282,alpha360,Liquidity,LiquidityTrading,1.0,development_data_derived_not_economic_prior,26559c272310fd361fcb0c8de4b658b77946058241e4bf26ede281a71d64950b,1/3,1,3,fail,fail,pass,directional_quantile_monotonicity_080,positive_directional_weighted_return;weighted_return_annual_agreement_060,all_conditions_pass,0.038674688182204736,3361,1.0,0.39999999999999997,0.006746509393161621,-0.00253001226503045,0.5714285714285714,0.005739953350014743,0.0033794690885253988,0.0012528455151405,0.0090427193914192,0.9321696539119603,False,False,raw_universe_no_tradability_cost_test;correlated_native_profiles;development_derived_direction;recent_diagnostic_not_run
alpha360_VOLUME38,32df7a89e0e349b8dd74cdcf756806ddc54d96564672238b5057b78eb58f083a,alpha360,Liquidity,LiquidityTrading,1.0,development_data_derived_not_economic_prior,26559c272310fd361fcb0c8de4b658b77946058241e4bf26ede281a71d64950b,1/3,1,3,fail,fail,pass,directional_quantile_monotonicity_080,positive_directional_weighted_return;weighted_return_annual_agreement_060,all_conditions_pass,0.03931265424745043,3361,1.0,0.39999999999999997,0.006868723007001995,-0.0025121084542125685,0.5714285714285714,0.0062783170804013464,0.003444959076083785,0.0012528455151405,0.0090427193914192,0.9320353832094941,False,False,raw_universe_no_tradability_cost_test;correlated_native_profiles;development_derived_direction;recent_diagnostic_not_run
alpha360_VOLUME39,08dfcff15d0aac963b6af03f72b5a3a13f794e36a44610ee767435ac9937a1a3,alpha360,Liquidity,LiquidityTrading,1.0,development_data_derived_not_economic_prior,26559c272310fd361fcb0c8de4b658b77946058241e4bf26ede281a71d64950b,1/3,1,3,fail,fail,pass,directional_quantile_monotonicity_080,positive_directional_weighted_return;weighted_return_annual_agreement_060,all_conditions_pass,0.03986892013491148,3361,1.0,0.39999999999999997,0.00692030530177265,-0.0026419957100444536,0.5,0.0065544359826527196,0.0034648197353911855,0.0012528455151405,0.0090427193914192,0.9319089929545767,False,False,raw_universe_no_tradability_cost_test;correlated_native_profiles;development_derived_direction;recent_diagnostic_not_run
alpha360_VOLUME40,6c16170bf0834f7733d01168a9a77be64e4ad6d74689d43f9386c6cdaecedbed,alpha360,Liquidity,LiquidityTrading,1.0,development_data_derived_not_economic_prior,26559c272310fd361fcb0c8de4b658b77946058241e4bf26ede281a71d64950b,1/3,1,3,fail,fail,pass,directional_quantile_monotonicity_080,positive_directional_weighted_return;weighted_return_annual_agreement_060,all_conditions_pass,0.04029073283323712,3361,1.0,0.3,0.006899926525812706,-0.002602818463128828,0.5,0.006964761636246793,0.0034541959031344875,0.0012528455151405,0.0090427193914192,0.9317882099411846,False,False,raw_universe_no_tradability_cost_test;correlated_native_profiles;development_derived_direction;recent_diagnostic_not_run
alpha360_VOLUME41,60fe5e37baebd7da47d1fc9b135fdfe31674b085a7124ada73c12392fef9b6d1,alpha360,Liquidity,LiquidityTrading,1.0,development_data_derived_not_economic_prior,26559c272310fd361fcb0c8de4b658b77946058241e4bf26ede281a71d64950b,1/3,1,3,fail,fail,pass,directional_quantile_monotonicity_080,positive_directional_weighted_return;weighted_return_annual_agreement_060,all_conditions_pass,0.04027734884622014,3361,1.0,0.3,0.006883728831453064,-0.002540926484358184,0.5,0.006972311342190106,0.0034482572193000544,0.0012528455151405,0.0090427193914192,0.9316766712989554,False,False,raw_universe_no_tradability_cost_test;correlated_native_profiles;development_derived_direction;recent_diagnostic_not_run
alpha360_VOLUME42,56419ba05bc43177cc82939aca7564c024f8c5fcd2c6a24b0514cc6bc29854a5,alpha360,Liquidity,LiquidityTrading,1.0,development_data_derived_not_economic_prior,26559c272310fd361fcb0c8de4b658b77946058241e4bf26ede281a71d64950b,1/3,1,3,fail,fail,pass,directional_quantile_monotonicity_080,positive_directional_weighted_return;weighted_return_annual_agreement_060,all_conditions_pass,0.04050495714111594,3361,1.0,0.3,0.006925651163306007,-0.0025139402076905684,0.5,0.006793706786632315,0.0034696939215346574,0.0012528455151405,0.0090427193914192,0.9315701337099783,False,False,raw_universe_no_tradability_cost_test;correlated_native_profiles;development_derived_direction;recent_diagnostic_not_run
alpha360_VOLUME43,5829ba5d55d2afc70b2d57afab6fe7780594f4c6dad9fe625ca7610c096aa0b1,alpha360,Liquidity,LiquidityTrading,1.0,development_data_derived_not_economic_prior,26559c272310fd361fcb0c8de4b658b77946058241e4bf26ede281a71d64950b,1/3,1,3,fail,fail,pass,directional_quantile_monotonicity_080,positive_directional_weighted_return;weighted_return_annual_agreement_060,all_conditions_pass,0.04067649847654839,3361,1.0,0.3,0.006850050386578062,-0.0026455348296992942,0.5,0.006809913266997284,0.0034322824059006434,0.0012528455151405,0.0090427193914192,0.9314654146858202,False,False,raw_universe_no_tradability_cost_test;correlated_native_profiles;development_derived_direction;recent_diagnostic_not_run
alpha360_VOLUME44,99693770d06ab562cbffeb5cfe74313ee586c1081dae7b327ef4b9f741a5d7a2,alpha360,Liquidity,LiquidityTrading,1.0,development_data_derived_not_economic_prior,26559c272310fd361fcb0c8de4b658b77946058241e4bf26ede281a71d64950b,1/3,1,3,fail,fail,pass,directional_quantile_monotonicity_080,positive_directional_weighted_return;weighted_return_annual_agreement_060,all_conditions_pass,0.04120622769594748,3361,0.9285714285714286,0.3,0.006847357654879917,-0.0026651703586971017,0.5,0.007121943240747523,0.0034265385181742806,0.0012528455151405,0.0090427193914192,0.9313588770968432,False,False,raw_universe_no_tradability_cost_test;correlated_native_profiles;development_derived_direction;recent_diagnostic_not_run
alpha360_VOLUME45,b5fb2fb61cbd9cce1cd26b88b7250dd990b4ab7eca911f0489e16277e497c0c4,alpha360,Liquidity,LiquidityTrading,1.0,development_data_derived_not_economic_prior,26559c272310fd361fcb0c8de4b658b77946058241e4bf26ede281a71d64950b,1/3,1,3,fail,fail,pass,directional_quantile_monotonicity_080,positive_directional_weighted_return;weighted_return_annual_agreement_060,all_conditions_pass,0.04153721939994309,3361,0.9285714285714286,0.39999999999999997,0.006918891285519384,-0.002625627720380308,0.5,0.007203112539569105,0.003461924599648725,0.0012528455151405,0.0090427193914192,0.9312487023782281,False,False,raw_universe_no_tradability_cost_test;correlated_native_profiles;development_derived_direction;recent_diagnostic_not_run
alpha360_VOLUME46,89af86653f22da528d154caf875427ad00bbd93b6281be28ffd2127ae78aba9c,alpha360,Liquidity,LiquidityTrading,1.0,development_data_derived_not_economic_prior,26559c272310fd361fcb0c8de4b658b77946058241e4bf26ede281a71d64950b,1/3,1,3,fail,fail,pass,directional_quantile_monotonicity_080,positive_directional_weighted_return;weighted_return_annual_agreement_060,all_conditions_pass,0.04186150818231581,3361,0.9285714285714286,0.39999999999999997,0.006975149470981601,-0.002723800052890526,0.5,0.007275980500389784,0.003492694446968379,0.0012528455151405,0.0090427193914192,0.9311479235778444,False,False,raw_universe_no_tradability_cost_test;correlated_native_profiles;development_derived_direction;recent_diagnostic_not_run
alpha360_VOLUME47,42786bab3ceb0378f22cbe5aed49fd7ad3173daf081b97d352061be523e92ff0,alpha360,Liquidity,LiquidityTrading,1.0,development_data_derived_not_economic_prior,26559c272310fd361fcb0c8de4b658b77946058241e4bf26ede281a71d64950b,1/3,1,3,fail,fail,pass,directional_quantile_monotonicity_080,positive_directional_weighted_return;weighted_return_annual_agreement_060,all_conditions_pass,0.042282136896406086,3361,0.9285714285714286,0.3,0.0069727979175625695,-0.0027854608175961713,0.5714285714285714,0.007817256396695227,0.003490305069432876,0.0012528455151405,0.0090427193914192,0.931046690136256,False,False,raw_universe_no_tradability_cost_test;correlated_native_profiles;development_derived_direction;recent_diagnostic_not_run
alpha360_VOLUME48,f841f1242fba10d70b5d81c0bd128aa7745041f84db89095e5a7c839b6aa73e4,alpha360,Liquidity,LiquidityTrading,1.0,development_data_derived_not_economic_prior,26559c272310fd361fcb0c8de4b658b77946058241e4bf26ede281a71d64950b,1/3,1,3,fail,fail,pass,directional_quantile_monotonicity_080,positive_directional_weighted_return;weighted_return_annual_agreement_060,all_conditions_pass,0.04253119684207289,3361,0.9285714285714286,0.3,0.006929797788703087,-0.002724541942834345,0.5714285714285714,0.008011280815499124,0.0034727647195266285,0.0012528455151405,0.0090427193914192,0.9309553072541035,False,False,raw_universe_no_tradability_cost_test;correlated_native_profiles;development_derived_direction;recent_diagnostic_not_run
alpha360_VOLUME49,40916e79b6193d3d283fcfc7f229e9368b3e093920260a1c97d7bc8c587946c9,alpha360,Liquidity,LiquidityTrading,1.0,development_data_derived_not_economic_prior,26559c272310fd361fcb0c8de4b658b77946058241e4bf26ede281a71d64950b,1/3,1,3,fail,fail,pass,directional_quantile_monotonicity_080,positive_directional_weighted_return;weighted_return_annual_agreement_060,all_conditions_pass,0.042903148144988086,3361,1.0,0.3,0.007052789036387102,-0.002480223259215364,0.5714285714285714,0.00825435951705626,0.003535335669583764,0.0012528455151405,0.0090427193914192,0.9308681676898619,False,False,raw_universe_no_tradability_cost_test;correlated_native_profiles;development_derived_direction;recent_diagnostic_not_run
alpha360_VOLUME50,c072fe3a7d3f216dff8ea49f5eecc4de85f4da2f0b0ab10f6dfc2385fcdb6a38,alpha360,Liquidity,LiquidityTrading,1.0,development_data_derived_not_economic_prior,26559c272310fd361fcb0c8de4b658b77946058241e4bf26ede281a71d64950b,1/3,1,3,fail,fail,pass,directional_quantile_monotonicity_080,positive_directional_weighted_return;weighted_return_annual_agreement_060,all_conditions_pass,0.043117231298017956,3361,1.0,0.3,0.006996163912223,-0.0023392738221072796,0.5714285714285714,0.008234532054549949,0.0035036769607367352,0.0012528455151405,0.0090427193914192,0.9307837559728488,False,False,raw_universe_no_tradability_cost_test;correlated_native_profiles;development_derived_direction;recent_diagnostic_not_run
alpha360_VOLUME51,f9cc3689c076136c9a77393ee7b64afb0e69d46cc8e13c5c493dc97651ca6461,alpha360,Liquidity,LiquidityTrading,1.0,development_data_derived_not_economic_prior,26559c272310fd361fcb0c8de4b658b77946058241e4bf26ede281a71d64950b,1/3,1,3,fail,fail,pass,directional_quantile_monotonicity_080,positive_directional_weighted_return,all_conditions_pass,0.04357285235696018,3361,1.0,0.3,0.007053054402547799,-0.0021553065565166644,0.6428571428571429,0.008563130527867273,0.0035287005769638795,0.0012528455151405,0.0090427193914192,0.9306943432025836,False,False,raw_universe_no_tradability_cost_test;correlated_native_profiles;development_derived_direction;recent_diagnostic_not_run
alpha360_VOLUME52,03649d6ed56c08b8c15c4b3a7bbac794522903bdd22f98b040db9295e935df35,alpha360,Liquidity,LiquidityTrading,1.0,development_data_derived_not_economic_prior,26559c272310fd361fcb0c8de4b658b77946058241e4bf26ede281a71d64950b,1/3,1,3,fail,fail,pass,directional_quantile_monotonicity_080,positive_directional_weighted_return,all_conditions_pass,0.04370551433459419,3361,1.0,0.3,0.007043126477231465,-0.002041076425453352,0.6428571428571429,0.008625491731129264,0.003525675072831124,0.0012528455151405,0.0090427193914192,0.9306049304323183,False,False,raw_universe_no_tradability_cost_test;correlated_native_profiles;development_derived_direction;recent_diagnostic_not_run
alpha360_VOLUME53,d2eef773f2edbbe7b54948dc698ab38ea4a62112e99ec0bbca68e3648d079a6a,alpha360,Liquidity,LiquidityTrading,1.0,development_data_derived_not_economic_prior,26559c272310fd361fcb0c8de4b658b77946058241e4bf26ede281a71d64950b,1/3,1,3,fail,fail,pass,directional_quantile_monotonicity_080,positive_directional_weighted_return,all_conditions_pass,0.043783310777230744,3361,1.0,0.3,0.006909039585799336,-0.0020402725334982184,0.6428571428571429,0.008539305097463736,0.003457680170794269,0.0012528455151405,0.0090427193914192,0.9305073341203678,False,False,raw_universe_no_tradability_cost_test;correlated_native_profiles;development_derived_direction;recent_diagnostic_not_run
alpha360_VOLUME54,2bc38c8e1f8bbb0314f16f6791d8eb2a64fdf39c063bc3324869a1625e0559bf,alpha360,Liquidity,LiquidityTrading,1.0,development_data_derived_not_economic_prior,26559c272310fd361fcb0c8de4b658b77946058241e4bf26ede281a71d64950b,1/3,1,3,fail,fail,pass,directional_quantile_monotonicity_080,positive_directional_weighted_return,all_conditions_pass,0.04399328883982235,3361,1.0,0.3,0.006935919808087601,-0.0018592843424669958,0.6428571428571429,0.00868941721265033,0.0034801368457416733,0.0012528455151405,0.0090427193914192,0.9304253471564465,False,False,raw_universe_no_tradability_cost_test;correlated_native_profiles;development_derived_direction;recent_diagnostic_not_run
alpha360_VOLUME55,943e353532925535cd62fa683300c263e6eaf30da69a46549de4f472a999e809,alpha360,Liquidity,LiquidityTrading,1.0,development_data_derived_not_economic_prior,26559c272310fd361fcb0c8de4b658b77946058241e4bf26ede281a71d64950b,1/3,1,3,fail,fail,pass,directional_quantile_monotonicity_080,positive_directional_weighted_return,all_conditions_pass,0.04441231120748626,3361,1.0,0.3,0.0068173682552737,-0.0017991044173303707,0.6428571428571429,0.008972266871608866,0.003415427940264914,0.0012528455151405,0.0090427193914192,0.9303513921871425,False,False,raw_universe_no_tradability_cost_test;correlated_native_profiles;development_derived_direction;recent_diagnostic_not_run
alpha360_VOLUME56,c77a08f1922196b7d7a63cb84b3e675bcd69f095d108a34ca64b92d7a6680a32,alpha360,Liquidity,LiquidityTrading,1.0,development_data_derived_not_economic_prior,26559c272310fd361fcb0c8de4b658b77946058241e4bf26ede281a71d64950b,1/3,1,3,fail,fail,pass,directional_quantile_monotonicity_080,positive_directional_weighted_return,all_conditions_pass,0.044605320378852446,3361,1.0,0.3,0.006873966114030569,-0.001835633697445112,0.6428571428571429,0.009125540935792407,0.003450329970162918,0.0012528455151405,0.0090427193914192,0.9302892578891615,False,False,raw_universe_no_tradability_cost_test;correlated_native_profiles;development_derived_direction;recent_diagnostic_not_run
alpha360_VOLUME57,d496dfa3660800dc8a8eafe9828000f80e6a464f4b279058fde27c023bed5756,alpha360,Liquidity,LiquidityTrading,1.0,development_data_derived_not_economic_prior,26559c272310fd361fcb0c8de4b658b77946058241e4bf26ede281a71d64950b,1/3,1,3,fail,fail,pass,directional_quantile_monotonicity_080,positive_directional_weighted_return,all_conditions_pass,0.044882698121444645,3361,1.0,0.3,0.006915198633812157,-0.0018127399734726376,0.6428571428571429,0.009273346435589202,0.0034667874676833623,0.0012528455151405,0.0090427193914192,0.9302256081204981,False,False,raw_universe_no_tradability_cost_test;correlated_native_profiles;development_derived_direction;recent_diagnostic_not_run
alpha360_VOLUME58,cef0068c9445eae8b92ff0fdae48d283e07298f4f151fce55e0eb8bb3694e911,alpha360,Liquidity,LiquidityTrading,1.0,development_data_derived_not_economic_prior,26559c272310fd361fcb0c8de4b658b77946058241e4bf26ede281a71d64950b,1/3,1,3,fail,fail,pass,directional_quantile_monotonicity_080,positive_directional_weighted_return,all_conditions_pass,0.04504035635536649,3361,1.0,0.3,0.006823759912657087,-0.001795009309518484,0.6428571428571429,0.009513746474009755,0.003418822723116637,0.0012528455151405,0.0090427193914192,0.9301539263572176,False,False,raw_universe_no_tradability_cost_test;correlated_native_profiles;development_derived_direction;recent_diagnostic_not_run
alpha360_VOLUME59,eec36e9b5d4f3e86c083bbefa17dd5d903395c056d1dd1aed4978b93450af5d5,alpha360,Liquidity,LiquidityTrading,1.0,development_data_derived_not_economic_prior,26559c272310fd361fcb0c8de4b658b77946058241e4bf26ede281a71d64950b,1/3,1,3,fail,fail,pass,directional_quantile_monotonicity_080,positive_directional_weighted_return;weighted_return_annual_agreement_060,all_conditions_pass,0.04548072844992464,3361,1.0,0.3,0.006906621147975045,-0.0016689669672551673,0.5714285714285714,0.009962918078859892,0.0034564200817453913,0.0012528455151405,0.0090427193914192,0.9300972477536936,False,False,raw_universe_no_tradability_cost_test;correlated_native_profiles;development_derived_direction;recent_diagnostic_not_run
alpha360_VWAP10,40be06f4ae9f67ab412b3b4d4c964837427a8939d1130e23aeeb0cf148fa877b,alpha360,PriceTrend,TechnicalPriceVolume,1.0,development_data_derived_not_economic_prior,26559c272310fd361fcb0c8de4b658b77946058241e4bf26ede281a71d64950b,2/3,2,3,fail,pass,pass,directional_quantile_monotonicity_080,all_conditions_pass,all_conditions_pass,0.04274082154214178,3361,1.0,0.7,0.008621270225468575,0.004343428048696757,0.7142857142857143,0.02642600520695099,0.004317513955261532,0.0012528455151405,0.0090427193914192,0.9377682572541793,False,False,raw_universe_no_tradability_cost_test;correlated_native_profiles;development_derived_direction;recent_diagnostic_not_run
alpha360_VWAP11,0ab0f96a7c0ca87737ba13ce261dc36cd870f2cb0bc211fd8253c35cfc1d331f,alpha360,PriceTrend,TechnicalPriceVolume,1.0,development_data_derived_not_economic_prior,26559c272310fd361fcb0c8de4b658b77946058241e4bf26ede281a71d64950b,2/3,2,3,fail,pass,pass,directional_quantile_monotonicity_080,all_conditions_pass,all_conditions_pass,0.04567892286645228,3361,1.0,0.7,0.009202194046013381,0.004577630794329723,0.7142857142857143,0.02795582828652736,0.004606054187113885,0.0012528455151405,0.0090427193914192,0.937478196165556,False,False,raw_universe_no_tradability_cost_test;correlated_native_profiles;development_derived_direction;recent_diagnostic_not_run
alpha360_VWAP12,4ee581b487c99abd3fa2d77abca37fe411bb72f6497869156458e173e55f9178,alpha360,PriceTrend,TechnicalPriceVolume,1.0,development_data_derived_not_economic_prior,26559c272310fd361fcb0c8de4b658b77946058241e4bf26ede281a71d64950b,2/3,2,3,fail,pass,pass,directional_quantile_monotonicity_080,all_conditions_pass,all_conditions_pass,0.04831278515063116,3361,1.0,0.7,0.009867714049982332,0.004791207507489052,0.7142857142857143,0.029454199621140716,0.004934638532069584,0.0012528455151405,0.0090427193914192,0.9371907113770931,False,False,raw_universe_no_tradability_cost_test;correlated_native_profiles;development_derived_direction;recent_diagnostic_not_run
alpha360_VWAP13,5da4b03e4e976520c9ad70b53847df53f4de39d928aa137fd72955b06ad5837b,alpha360,PriceTrend,TechnicalPriceVolume,1.0,development_data_derived_not_economic_prior,26559c272310fd361fcb0c8de4b658b77946058241e4bf26ede281a71d64950b,2/3,2,3,fail,pass,pass,directional_quantile_monotonicity_080,all_conditions_pass,all_conditions_pass,0.05081356563840512,3361,1.0,0.7,0.01031671737146503,0.004986242033206944,0.7142857142857143,0.030858128681320176,0.005163842630346957,0.0012528455151405,0.0090427193914192,0.9369035296827665,False,False,raw_universe_no_tradability_cost_test;correlated_native_profiles;development_derived_direction;recent_diagnostic_not_run
alpha360_VWAP14,fc424b292e025c91a832b986a7e396316e67db377dc295e693d73eacd3b7d266,alpha360,PriceTrend,TechnicalPriceVolume,1.0,development_data_derived_not_economic_prior,26559c272310fd361fcb0c8de4b658b77946058241e4bf26ede281a71d64950b,2/3,2,3,fail,pass,pass,directional_quantile_monotonicity_080,all_conditions_pass,all_conditions_pass,0.05328544919160531,3361,1.0,0.7,0.010814658624283638,0.005176150414925125,0.7857142857142857,0.03218180917869239,0.005413007997531141,0.0012528455151405,0.0090427193914192,0.9366210459475556,False,False,raw_universe_no_tradability_cost_test;correlated_native_profiles;development_derived_direction;recent_diagnostic_not_run
alpha360_VWAP15,93affd2d3d846c507c4015920b3173b89b3ced5263c4f8d55773f719e818cb39,alpha360,PriceTrend,TechnicalPriceVolume,1.0,development_data_derived_not_economic_prior,26559c272310fd361fcb0c8de4b658b77946058241e4bf26ede281a71d64950b,3/3,3,3,pass,pass,pass,all_conditions_pass,all_conditions_pass,all_conditions_pass,0.05527091691919054,3361,1.0,0.8999999999999998,0.011166714196096304,0.005314190909307541,0.7857142857142857,0.03327217297379546,0.005587815381901871,0.0012528455151405,0.0090427193914192,0.936344927189211,False,False,raw_universe_no_tradability_cost_test;correlated_native_profiles;development_derived_direction;recent_diagnostic_not_run
alpha360_VWAP16,0b1fb5ec44292a369a84de022ca8d4faa46f469bea0f79486be6742ed3dd1057,alpha360,PriceTrend,TechnicalPriceVolume,1.0,development_data_derived_not_economic_prior,26559c272310fd361fcb0c8de4b658b77946058241e4bf26ede281a71d64950b,3/3,3,3,pass,pass,pass,all_conditions_pass,all_conditions_pass,all_conditions_pass,0.05708399938289001,3361,1.0,0.8999999999999998,0.011356490637090271,0.005419306668753895,0.7857142857142857,0.034207285115211865,0.005685733710812081,0.0012528455151405,0.0090427193914192,0.936081993025804,False,False,raw_universe_no_tradability_cost_test;correlated_native_profiles;development_derived_direction;recent_diagnostic_not_run
alpha360_VWAP17,868dee47b331b36abd9126b5f4b52b582a1f7a1e2328c0a0b49e6d272204c984,alpha360,PriceTrend,TechnicalPriceVolume,1.0,development_data_derived_not_economic_prior,26559c272310fd361fcb0c8de4b658b77946058241e4bf26ede281a71d64950b,3/3,3,3,pass,pass,pass,all_conditions_pass,all_conditions_pass,all_conditions_pass,0.05887835916593247,3361,1.0,0.8999999999999998,0.011570090024282394,0.005525102581066854,0.7857142857142857,0.035113393515873066,0.005791096421507893,0.0012528455151405,0.0090427193914192,0.9358242114627171,False,False,raw_universe_no_tradability_cost_test;correlated_native_profiles;development_derived_direction;recent_diagnostic_not_run
alpha360_VWAP18,ba57c54fecea08f4f22efed74b80a74f7bec4ddda35147c55db3492f53eba39c,alpha360,PriceTrend,TechnicalPriceVolume,1.0,development_data_derived_not_economic_prior,26559c272310fd361fcb0c8de4b658b77946058241e4bf26ede281a71d64950b,3/3,3,3,pass,pass,pass,all_conditions_pass,all_conditions_pass,all_conditions_pass,0.06057955330391696,3361,1.0,0.8999999999999998,0.011819626262917984,0.005628014812011482,0.7857142857142857,0.03596248136423169,0.005919684177285278,0.0012528455151405,0.0090427193914192,0.9355744618942474,False,False,raw_universe_no_tradability_cost_test;correlated_native_profiles;development_derived_direction;recent_diagnostic_not_run
alpha360_VWAP19,19a2d6fdf4c137f8a53ea7ebd64011a4067a9d9456d58d5cae0bf79ce47295d3,alpha360,PriceTrend,TechnicalPriceVolume,1.0,development_data_derived_not_economic_prior,26559c272310fd361fcb0c8de4b658b77946058241e4bf26ede281a71d64950b,3/3,3,3,pass,pass,pass,all_conditions_pass,all_conditions_pass,all_conditions_pass,0.06211800287599506,3361,1.0,0.9999999999999999,0.011992407276992157,0.005727862356753122,0.8571428571428571,0.0368563273780673,0.006004113462115997,0.0012528455151405,0.0090427193914192,0.9353401701267389,False,False,raw_universe_no_tradability_cost_test;correlated_native_profiles;development_derived_direction;recent_diagnostic_not_run
alpha360_VWAP20,cbfc398b70ffcf3c4f734fc2a378ae821cefea2ed1c42f199ae676442dbc701f,alpha360,PriceTrend,TechnicalPriceVolume,1.0,development_data_derived_not_economic_prior,26559c272310fd361fcb0c8de4b658b77946058241e4bf26ede281a71d64950b,3/3,3,3,pass,pass,pass,all_conditions_pass,all_conditions_pass,all_conditions_pass,0.06335727524867214,3361,1.0,0.9999999999999999,0.012144222464797868,0.0057851869132767905,0.8571428571428571,0.03753580754666869,0.006074778614863831,0.0012528455151405,0.0090427193914192,0.9351075453769809,False,False,raw_universe_no_tradability_cost_test;correlated_native_profiles;development_derived_direction;recent_diagnostic_not_run
alpha360_VWAP21,eedd4e0ef6eff88e266b19cc8c23ccf6815525f61d1ccab3710c3a7cfb083e1c,alpha360,PriceTrend,TechnicalPriceVolume,1.0,development_data_derived_not_economic_prior,26559c272310fd361fcb0c8de4b658b77946058241e4bf26ede281a71d64950b,3/3,3,3,pass,pass,pass,all_conditions_pass,all_conditions_pass,all_conditions_pass,0.0643862862085615,3361,1.0,0.9999999999999999,0.012287918383876465,0.005831487081997353,0.8571428571428571,0.03805363113334128,0.00614919144422955,0.0012528455151405,0.0090427193914192,0.9348914392576618,False,False,raw_universe_no_tradability_cost_test;correlated_native_profiles;development_derived_direction;recent_diagnostic_not_run
alpha360_VWAP22,24366fd844e53d719d1dd8bb8e2eb0c48bc2f0a154e9c949235644866e75614b,alpha360,PriceTrend,TechnicalPriceVolume,1.0,development_data_derived_not_economic_prior,26559c272310fd361fcb0c8de4b658b77946058241e4bf26ede281a71d64950b,3/3,3,3,pass,pass,pass,all_conditions_pass,all_conditions_pass,all_conditions_pass,0.06531055924790417,3361,1.0,0.9999999999999999,0.012507169523087646,0.005867232127036517,0.8571428571428571,0.03854684301996689,0.006257278183265954,0.0012528455151405,0.0090427193914192,0.934684122868301,False,False,raw_universe_no_tradability_cost_test;correlated_native_profiles;development_derived_direction;recent_diagnostic_not_run
alpha360_VWAP23,c2f5bb0e9d473ff1cd9705cbea69908832e10a684d462e4fe889abd42376b03c,alpha360,PriceTrend,TechnicalPriceVolume,1.0,development_data_derived_not_economic_prior,26559c272310fd361fcb0c8de4b658b77946058241e4bf26ede281a71d64950b,3/3,3,3,pass,pass,pass,all_conditions_pass,all_conditions_pass,all_conditions_pass,0.06599779567324891,3361,1.0,0.9999999999999999,0.012542386402613367,0.005886329242963862,0.8571428571428571,0.03894793821582555,0.006279280507433089,0.0012528455151405,0.0090427193914192,0.9344725631610293,False,False,raw_universe_no_tradability_cost_test;correlated_native_profiles;development_derived_direction;recent_diagnostic_not_run
alpha360_VWAP24,0c705dd68fbc0a37ce88e8c5b470cc75eea6989c38f0d174aaeb121d3e9307bb,alpha360,PriceTrend,TechnicalPriceVolume,1.0,development_data_derived_not_economic_prior,26559c272310fd361fcb0c8de4b658b77946058241e4bf26ede281a71d64950b,3/3,3,3,pass,pass,pass,all_conditions_pass,all_conditions_pass,all_conditions_pass,0.0665395830267282,3361,1.0,0.9999999999999999,0.012599557351373797,0.005889250141659833,0.8571428571428571,0.039176588661500956,0.006309348795678,0.0012528455151405,0.0090427193914192,0.9342723694838762,False,False,raw_universe_no_tradability_cost_test;correlated_native_profiles;development_derived_direction;recent_diagnostic_not_run
alpha360_VWAP25,191b1ba67fbe6cad3a81b9c3cc6525e75baa4e12e753ab8fee3128c56a22fdf2,alpha360,PriceTrend,TechnicalPriceVolume,1.0,development_data_derived_not_economic_prior,26559c272310fd361fcb0c8de4b658b77946058241e4bf26ede281a71d64950b,3/3,3,3,pass,pass,pass,all_conditions_pass,all_conditions_pass,all_conditions_pass,0.06717940105969483,3361,1.0,0.9999999999999999,0.012679147428862057,0.005910787946659136,0.8571428571428571,0.03942485516069423,0.006346882886933603,0.0012528455151405,0.0090427193914192,0.934078389236521,False,False,raw_universe_no_tradability_cost_test;correlated_native_profiles;development_derived_direction;recent_diagnostic_not_run
alpha360_VWAP26,37ba00936b50919a90f10af798c15cfc8920afc3c4b2c395c80087061a357d4b,alpha360,PriceTrend,TechnicalPriceVolume,1.0,development_data_derived_not_economic_prior,26559c272310fd361fcb0c8de4b658b77946058241e4bf26ede281a71d64950b,3/3,3,3,pass,pass,pass,all_conditions_pass,all_conditions_pass,all_conditions_pass,0.067640870793809,3361,1.0,0.9999999999999999,0.01266909054520944,0.00591243931274789,0.8571428571428571,0.03962177687198106,0.006337005499677876,0.0012528455151405,0.0090427193914192,0.933896835848762,False,False,raw_universe_no_tradability_cost_test;correlated_native_profiles;development_derived_direction;recent_diagnostic_not_run
alpha360_VWAP27,404ff8b7d5818cf22e8e4d8480626050c8ed55f7f32a844d4ce1a229c9f198f1,alpha360,PriceTrend,TechnicalPriceVolume,1.0,development_data_derived_not_economic_prior,26559c272310fd361fcb0c8de4b658b77946058241e4bf26ede281a71d64950b,3/3,3,3,pass,pass,pass,all_conditions_pass,all_conditions_pass,all_conditions_pass,0.06795682089073646,3361,1.0,0.9999999999999999,0.012602126813941732,0.005900196218317929,0.8571428571428571,0.039765052444344626,0.006311231929297977,0.0012528455151405,0.0090427193914192,0.9337119484255018,False,False,raw_universe_no_tradability_cost_test;correlated_native_profiles;development_derived_direction;recent_diagnostic_not_run
alpha360_VWAP28,bef390162c72d748d9dc8cd17d6a3bde500909db8d3a64d415323f6c8184414e,alpha360,PriceTrend,TechnicalPriceVolume,1.0,development_data_derived_not_economic_prior,26559c272310fd361fcb0c8de4b658b77946058241e4bf26ede281a71d64950b,3/3,3,3,pass,pass,pass,all_conditions_pass,all_conditions_pass,all_conditions_pass,0.06822085380153207,3361,1.0,0.9999999999999999,0.012640210868830097,0.005882309245543475,0.7857142857142857,0.039855159206577555,0.006329829203891875,0.0012528455151405,0.0090427193914192,0.9335390332206328,False,False,raw_universe_no_tradability_cost_test;correlated_native_profiles;development_derived_direction;recent_diagnostic_not_run
alpha360_VWAP29,9c82ca65e1c475f1560a469f40b7755698250e2841d5fcbe1bd84ad6b761b2ca,alpha360,PriceTrend,TechnicalPriceVolume,1.0,development_data_derived_not_economic_prior,26559c272310fd361fcb0c8de4b658b77946058241e4bf26ede281a71d64950b,3/3,3,3,pass,pass,pass,all_conditions_pass,all_conditions_pass,all_conditions_pass,0.06842066493158012,3361,1.0,0.9999999999999999,0.012672631314856762,0.005864331355370043,0.7857142857142857,0.039866552787959815,0.00634174946154901,0.0012528455151405,0.0090427193914192,0.9333697551454019,False,False,raw_universe_no_tradability_cost_test;correlated_native_profiles;development_derived_direction;recent_diagnostic_not_run
alpha360_VWAP3,e538f8c6e43745dc47ce5959bf3fcc18c0f1b68ba162173048edb511df7eb82e,alpha360,PriceTrend,TechnicalPriceVolume,1.0,development_data_derived_not_economic_prior,26559c272310fd361fcb0c8de4b658b77946058241e4bf26ede281a71d64950b,2/3,2,3,fail,pass,pass,directional_quantile_monotonicity_080,all_conditions_pass,all_conditions_pass,0.024605943836510977,3361,0.9285714285714286,0.3,0.005716337720437784,0.0030973950888164956,0.7857142857142857,0.01714960830112338,0.0028647428214140847,0.0012528455151405,0.0090427193914192,0.9418565425142568,False,False,raw_universe_no_tradability_cost_test;correlated_native_profiles;development_derived_direction;recent_diagnostic_not_run
alpha360_VWAP30,92dd2706ca96d4646f9f2b90aa056c51065d61ed5a832f5c099c2c1785cc2bad,alpha360,PriceTrend,TechnicalPriceVolume,1.0,development_data_derived_not_economic_prior,26559c272310fd361fcb0c8de4b658b77946058241e4bf26ede281a71d64950b,3/3,3,3,pass,pass,pass,all_conditions_pass,all_conditions_pass,all_conditions_pass,0.068535491023869,3361,1.0,0.9999999999999999,0.012621196080473056,0.005839099567007318,0.7857142857142857,0.03983528058492923,0.006313969955710189,0.0012528455151405,0.0090427193914192,0.9332027502761945,False,False,raw_universe_no_tradability_cost_test;correlated_native_profiles;development_derived_direction;recent_diagnostic_not_run
alpha360_VWAP31,20b33c71c9d19c0c1e5b2078227e96b5179d8dd087476651985e7f4497db1dcc,alpha360,PriceTrend,TechnicalPriceVolume,1.0,development_data_derived_not_economic_prior,26559c272310fd361fcb0c8de4b658b77946058241e4bf26ede281a71d64950b,3/3,3,3,pass,pass,pass,all_conditions_pass,all_conditions_pass,all_conditions_pass,0.06863248815194456,3361,1.0,0.9999999999999999,0.012525311168818765,0.005809039525115313,0.7857142857142857,0.03977795924269865,0.00626444356678399,0.0012528455151405,0.0090427193914192,0.9330405949131712,False,False,raw_universe_no_tradability_cost_test;correlated_native_profiles;development_derived_direction;recent_diagnostic_not_run
alpha360_VWAP32,0921d0f591529395dbe497b7e92798862fd7453f378a5995976f247bf7f07ec4,alpha360,PriceTrend,TechnicalPriceVolume,1.0,development_data_derived_not_economic_prior,26559c272310fd361fcb0c8de4b658b77946058241e4bf26ede281a71d64950b,3/3,3,3,pass,pass,pass,all_conditions_pass,all_conditions_pass,all_conditions_pass,0.0686929116996872,3361,1.0,0.9999999999999999,0.012470203202759895,0.005769453266181027,0.7857142857142857,0.03966667798506013,0.006240347905844507,0.0012528455151405,0.0090427193914192,0.9328823797739221,False,False,raw_universe_no_tradability_cost_test;correlated_native_profiles;development_derived_direction;recent_diagnostic_not_run
alpha360_VWAP33,e994b2e82f53f7bec10c257b3049daab96d5584e45ac8edac8114739ec042239,alpha360,PriceTrend,TechnicalPriceVolume,1.0,development_data_derived_not_economic_prior,26559c272310fd361fcb0c8de4b658b77946058241e4bf26ede281a71d64950b,3/3,3,3,pass,pass,pass,all_conditions_pass,all_conditions_pass,all_conditions_pass,0.0685929986814773,3361,1.0,0.9999999999999999,0.012475120588370699,0.005723771968159747,0.7857142857142857,0.039536093197130424,0.006247307607450887,0.0012528455151405,0.0090427193914192,0.9327347729294503,False,False,raw_universe_no_tradability_cost_test;correlated_native_profiles;development_derived_direction;recent_diagnostic_not_run
alpha360_VWAP34,3ec567fdc77731f9bb138b07413c85c64a2d9cdcd400cd0d11d276ca6c50be2c,alpha360,PriceTrend,TechnicalPriceVolume,1.0,development_data_derived_not_economic_prior,26559c272310fd361fcb0c8de4b658b77946058241e4bf26ede281a71d64950b,3/3,3,3,pass,pass,pass,all_conditions_pass,all_conditions_pass,all_conditions_pass,0.06837606385046208,3361,1.0,0.9999999999999999,0.012387711973952208,0.005671961198428642,0.7857142857142857,0.03936084712101973,0.006201104683034001,0.0012528455151405,0.0090427193914192,0.9325938341559813,False,False,raw_universe_no_tradability_cost_test;correlated_native_profiles;development_derived_direction;recent_diagnostic_not_run
alpha360_VWAP35,ae5791c99226a7c5a46ef15572cde59de2d6c0c49f5fd5272c996c30049e3312,alpha360,PriceTrend,TechnicalPriceVolume,1.0,development_data_derived_not_economic_prior,26559c272310fd361fcb0c8de4b658b77946058241e4bf26ede281a71d64950b,3/3,3,3,pass,pass,pass,all_conditions_pass,all_conditions_pass,all_conditions_pass,0.06825076521302455,3361,1.0,0.9999999999999999,0.012330947465651587,0.005632954057326389,0.7857142857142857,0.03926615045730626,0.006171854694901373,0.0012528455151405,0.0090427193914192,0.9324469850468508,False,False,raw_universe_no_tradability_cost_test;correlated_native_profiles;development_derived_direction;recent_diagnostic_not_run
alpha360_VWAP36,20e48d26bf187204cd01c7206c650aba01d18a2dca4eecf3c1a903e96bacb267,alpha360,PriceTrend,TechnicalPriceVolume,1.0,development_data_derived_not_economic_prior,26559c272310fd361fcb0c8de4b658b77946058241e4bf26ede281a71d64950b,3/3,3,3,pass,pass,pass,all_conditions_pass,all_conditions_pass,all_conditions_pass,0.06808349564117051,3361,1.0,0.9999999999999999,0.012168818294800045,0.005588384221684219,0.7857142857142857,0.039115518044043084,0.006094534087332983,0.0012528455151405,0.0090427193914192,0.9323077132911325,False,False,raw_universe_no_tradability_cost_test;correlated_native_profiles;development_derived_direction;recent_diagnostic_not_run
alpha360_VWAP37,55651874338488a2bc86eb1e9b4a1c20675f21ed15f14acc4d364acdd75b9949,alpha360,PriceTrend,TechnicalPriceVolume,1.0,development_data_derived_not_economic_prior,26559c272310fd361fcb0c8de4b658b77946058241e4bf26ede281a71d64950b,3/3,3,3,pass,pass,pass,all_conditions_pass,all_conditions_pass,all_conditions_pass,0.06786393087769632,3361,1.0,0.9999999999999999,0.01207203797363548,0.005542045974684509,0.7857142857142857,0.038956381560663216,0.006043237625665334,0.0012528455151405,0.0090427193914192,0.9321696539119603,False,False,raw_universe_no_tradability_cost_test;correlated_native_profiles;development_derived_direction;recent_diagnostic_not_run
alpha360_VWAP38,fee106d590b99814c666c6a73a733c191b54dc7475fd6658b2e815cc2c3b4ccf,alpha360,PriceTrend,TechnicalPriceVolume,1.0,development_data_derived_not_economic_prior,26559c272310fd361fcb0c8de4b658b77946058241e4bf26ede281a71d64950b,3/3,3,3,pass,pass,pass,all_conditions_pass,all_conditions_pass,all_conditions_pass,0.06761008525799385,3361,1.0,0.9999999999999999,0.011967813056266681,0.005495977236477802,0.7857142857142857,0.03879272008898757,0.005993075873453939,0.0012528455151405,0.0090427193914192,0.9320353832094941,False,False,raw_universe_no_tradability_cost_test;correlated_native_profiles;development_derived_direction;recent_diagnostic_not_run
alpha360_VWAP39,e67bcc9b80be1f20afb6766c3fd5b4444f05069b6818e741999e57a53e25f34a,alpha360,PriceTrend,TechnicalPriceVolume,1.0,development_data_derived_not_economic_prior,26559c272310fd361fcb0c8de4b658b77946058241e4bf26ede281a71d64950b,3/3,3,3,pass,pass,pass,all_conditions_pass,all_conditions_pass,all_conditions_pass,0.06732000883644966,3361,0.9285714285714286,0.9999999999999999,0.011780038048092856,0.005452528634166736,0.7857142857142857,0.03859657683189687,0.005895359073844209,0.0012528455151405,0.0090427193914192,0.9319089929545767,False,False,raw_universe_no_tradability_cost_test;correlated_native_profiles;development_derived_direction;recent_diagnostic_not_run
alpha360_VWAP4,e2a6b9389edce7dc6de5d64a0dba8f6659c0917dc8f53178afcb184205593c23,alpha360,PriceTrend,TechnicalPriceVolume,1.0,development_data_derived_not_economic_prior,26559c272310fd361fcb0c8de4b658b77946058241e4bf26ede281a71d64950b,2/3,2,3,fail,pass,pass,directional_quantile_monotonicity_080,all_conditions_pass,all_conditions_pass,0.02811387139273838,3361,1.0,0.3,0.006332330034803956,0.003359584698877812,0.7142857142857143,0.018751200865703564,0.003169900202318253,0.0012528455151405,0.0090427193914192,0.9409798427244526,False,False,raw_universe_no_tradability_cost_test;correlated_native_profiles;development_derived_direction;recent_diagnostic_not_run
alpha360_VWAP40,c4745a5f86c1d94b69015820f9b1bdd1547e2a615ce9b2e706dc240085b325a7,alpha360,PriceTrend,TechnicalPriceVolume,1.0,development_data_derived_not_economic_prior,26559c272310fd361fcb0c8de4b658b77946058241e4bf26ede281a71d64950b,3/3,3,3,pass,pass,pass,all_conditions_pass,all_conditions_pass,all_conditions_pass,0.06708209217777153,3361,0.9285714285714286,0.9999999999999999,0.011799502528354499,0.0054281943349627345,0.7857142857142857,0.03845617333290459,0.0059035873466512685,0.0012528455151405,0.0090427193914192,0.9317882099411846,False,False,raw_universe_no_tradability_cost_test;correlated_native_profiles;development_derived_direction;recent_diagnostic_not_run
alpha360_VWAP41,34d50bd4b74eba92a9fbb09f6c6d34b0beba72a3e83af8e113e33848a8b1baae,alpha360,PriceTrend,TechnicalPriceVolume,1.0,development_data_derived_not_economic_prior,26559c272310fd361fcb0c8de4b658b77946058241e4bf26ede281a71d64950b,3/3,3,3,pass,pass,pass,all_conditions_pass,all_conditions_pass,all_conditions_pass,0.06678452535329185,3361,0.9285714285714286,0.9999999999999999,0.011642996699432475,0.005391944014942793,0.7857142857142857,0.03830172266975947,0.0058283782183732626,0.0012528455151405,0.0090427193914192,0.9316766712989554,False,False,raw_universe_no_tradability_cost_test;correlated_native_profiles;development_derived_direction;recent_diagnostic_not_run
alpha360_VWAP42,c01d17f7c2aeeaf6590d447f706283e6e1ab954c679ecbffc005770611af9eec,alpha360,PriceTrend,TechnicalPriceVolume,1.0,development_data_derived_not_economic_prior,26559c272310fd361fcb0c8de4b658b77946058241e4bf26ede281a71d64950b,3/3,3,3,pass,pass,pass,all_conditions_pass,all_conditions_pass,all_conditions_pass,0.06645151525599739,3361,0.9285714285714286,0.9999999999999999,0.01139930430594523,0.005345764136177789,0.7857142857142857,0.03806235851763745,0.0057088595395614,0.0012528455151405,0.0090427193914192,0.9315701337099783,False,False,raw_universe_no_tradability_cost_test;correlated_native_profiles;development_derived_direction;recent_diagnostic_not_run
alpha360_VWAP43,81b4a6b7d461f2c67a02918dfbcc07c61bbc3a654612c75cac6997b3d023bc7d,alpha360,PriceTrend,TechnicalPriceVolume,1.0,development_data_derived_not_economic_prior,26559c272310fd361fcb0c8de4b658b77946058241e4bf26ede281a71d64950b,3/3,3,3,pass,pass,pass,all_conditions_pass,all_conditions_pass,all_conditions_pass,0.06603563752014961,3361,0.9285714285714286,0.9999999999999999,0.011257037939436599,0.005289186048274399,0.7857142857142857,0.037749659439447615,0.005629792272609121,0.0012528455151405,0.0090427193914192,0.9314654146858202,False,False,raw_universe_no_tradability_cost_test;correlated_native_profiles;development_derived_direction;recent_diagnostic_not_run
alpha360_VWAP44,5b4098aa876e2d5f8159098a8b21cc7efa8d5570ebc13bd7ce0b60ad0f6e24bb,alpha360,PriceTrend,TechnicalPriceVolume,1.0,development_data_derived_not_economic_prior,26559c272310fd361fcb0c8de4b658b77946058241e4bf26ede281a71d64950b,3/3,3,3,pass,pass,pass,all_conditions_pass,all_conditions_pass,all_conditions_pass,0.06574493745771877,3361,0.9285714285714286,0.9999999999999999,0.01115104036881756,0.005237821071634526,0.7857142857142857,0.03749211845089009,0.005582013569970376,0.0012528455151405,0.0090427193914192,0.9313588770968432,False,False,raw_universe_no_tradability_cost_test;correlated_native_profiles;development_derived_direction;recent_diagnostic_not_run
alpha360_VWAP45,b0b616538c679fd537818a43e2c391ff0e46596e83ac7576952ef74c27b97b7f,alpha360,PriceTrend,TechnicalPriceVolume,1.0,development_data_derived_not_economic_prior,26559c272310fd361fcb0c8de4b658b77946058241e4bf26ede281a71d64950b,3/3,3,3,pass,pass,pass,all_conditions_pass,all_conditions_pass,all_conditions_pass,0.06543811847858692,3361,0.9285714285714286,0.9999999999999999,0.011081884855312073,0.005181385618346913,0.7857142857142857,0.03724962770041266,0.005547075134561835,0.0012528455151405,0.0090427193914192,0.9312487023782281,False,False,raw_universe_no_tradability_cost_test;correlated_native_profiles;development_derived_direction;recent_diagnostic_not_run
alpha360_VWAP46,c61c74b9ee53a6f498183a775239d6503088a45be3c90e44049a9e8d9828d601,alpha360,PriceTrend,TechnicalPriceVolume,1.0,development_data_derived_not_economic_prior,26559c272310fd361fcb0c8de4b658b77946058241e4bf26ede281a71d64950b,3/3,3,3,pass,pass,pass,all_conditions_pass,all_conditions_pass,all_conditions_pass,0.06506732205330389,3361,0.9285714285714286,0.9999999999999999,0.01099403762567942,0.005131764812160954,0.7857142857142857,0.037020322652495,0.005500546318456948,0.0012528455151405,0.0090427193914192,0.9311479235778444,False,False,raw_universe_no_tradability_cost_test;correlated_native_profiles;development_derived_direction;recent_diagnostic_not_run
alpha360_VWAP47,de4ada6100644e14afd3359420c0e8b540b67a20ac9d1ac156b1cd541a28ed00,alpha360,PriceTrend,TechnicalPriceVolume,1.0,development_data_derived_not_economic_prior,26559c272310fd361fcb0c8de4b658b77946058241e4bf26ede281a71d64950b,3/3,3,3,pass,pass,pass,all_conditions_pass,all_conditions_pass,all_conditions_pass,0.06464888276914413,3361,0.9285714285714286,0.9999999999999999,0.010865173257204933,0.005085931197294384,0.7857142857142857,0.036828273267164605,0.005438955212286131,0.0012528455151405,0.0090427193914192,0.931046690136256,False,False,raw_universe_no_tradability_cost_test;correlated_native_profiles;development_derived_direction;recent_diagnostic_not_run
alpha360_VWAP48,de95e6486edb912f7dda1c87c8fa10845a2198b69c6873aff8fbfce1766ad1c1,alpha360,PriceTrend,TechnicalPriceVolume,1.0,development_data_derived_not_economic_prior,26559c272310fd361fcb0c8de4b658b77946058241e4bf26ede281a71d64950b,3/3,3,3,pass,pass,pass,all_conditions_pass,all_conditions_pass,all_conditions_pass,0.06433545219512188,3361,0.9285714285714286,0.9999999999999999,0.010766727893058404,0.005051336511239093,0.7857142857142857,0.03668503765910337,0.005386142936921955,0.0012528455151405,0.0090427193914192,0.9309553072541035,False,False,raw_universe_no_tradability_cost_test;correlated_native_profiles;development_derived_direction;recent_diagnostic_not_run
alpha360_VWAP49,3b68e69898fd3b7eda9547dd91ba27171dc621a41e97b7dba75ef39649c24441,alpha360,PriceTrend,TechnicalPriceVolume,1.0,development_data_derived_not_economic_prior,26559c272310fd361fcb0c8de4b658b77946058241e4bf26ede281a71d64950b,3/3,3,3,pass,pass,pass,all_conditions_pass,all_conditions_pass,all_conditions_pass,0.06410951331131345,3361,0.9285714285714286,0.9999999999999999,0.010654234541297132,0.005028131824027076,0.7857142857142857,0.03658754275867525,0.005335107043996902,0.0012528455151405,0.0090427193914192,0.9308681676898619,False,False,raw_universe_no_tradability_cost_test;correlated_native_profiles;development_derived_direction;recent_diagnostic_not_run
alpha360_VWAP5,52d06ca792b157e2080bc5529d99836059f54a55696203f5e9e24d21ae7b2068,alpha360,PriceTrend,TechnicalPriceVolume,1.0,development_data_derived_not_economic_prior,26559c272310fd361fcb0c8de4b658b77946058241e4bf26ede281a71d64950b,2/3,2,3,fail,pass,pass,directional_quantile_monotonicity_080,all_conditions_pass,all_conditions_pass,0.029569797405141193,3361,1.0,0.3,0.006366034481967003,0.00340308892862989,0.7142857142857143,0.01938933637371859,0.0031868337870427192,0.0012528455151405,0.0090427193914192,0.9402118021825808,False,False,raw_universe_no_tradability_cost_test;correlated_native_profiles;development_derived_direction;recent_diagnostic_not_run
alpha360_VWAP50,2903d70718b80a7ba846e81d031bd3751759a51bc2f02e97d91e09bfa59a2b6d,alpha360,PriceTrend,TechnicalPriceVolume,1.0,development_data_derived_not_economic_prior,26559c272310fd361fcb0c8de4b658b77946058241e4bf26ede281a71d64950b,3/3,3,3,pass,pass,pass,all_conditions_pass,all_conditions_pass,all_conditions_pass,0.06385838624559528,3361,0.9285714285714286,0.9999999999999999,0.010600550072329278,0.004999759439222436,0.7857142857142857,0.03643973513881986,0.00531235968186469,0.0012528455151405,0.0090427193914192,0.9307837559728488,False,False,raw_universe_no_tradability_cost_test;correlated_native_profiles;development_derived_direction;recent_diagnostic_not_run
alpha360_VWAP51,ec0b202d7518b0fda2d2504dbcc923a2e023140b8d9893124f97e3cc1bc786e0,alpha360,PriceTrend,TechnicalPriceVolume,1.0,development_data_derived_not_economic_prior,26559c272310fd361fcb0c8de4b658b77946058241e4bf26ede281a71d64950b,3/3,3,3,pass,pass,pass,all_conditions_pass,all_conditions_pass,all_conditions_pass,0.06358481242271045,3361,0.9285714285714286,0.9999999999999999,0.01052768826274211,0.004962265714650108,0.7857142857142857,0.036245902985239754,0.005269934615780859,0.0012528455151405,0.0090427193914192,0.9306943432025836,False,False,raw_universe_no_tradability_cost_test;correlated_native_profiles;development_derived_direction;recent_diagnostic_not_run
alpha360_VWAP52,0c287881079cfd230295372561324444669621b484b2cb77cebe06c47b2bb21a,alpha360,PriceTrend,TechnicalPriceVolume,1.0,development_data_derived_not_economic_prior,26559c272310fd361fcb0c8de4b658b77946058241e4bf26ede281a71d64950b,3/3,3,3,pass,pass,pass,all_conditions_pass,all_conditions_pass,all_conditions_pass,0.06327497237912848,3361,0.9285714285714286,0.9999999999999999,0.010440111808697815,0.00492095315507861,0.7857142857142857,0.03594236873337605,0.005226459701152326,0.0012528455151405,0.0090427193914192,0.9306049304323183,False,False,raw_universe_no_tradability_cost_test;correlated_native_profiles;development_derived_direction;recent_diagnostic_not_run
alpha360_VWAP53,d312c3c287a6a9f57d3306630fc712fac8b242347db0c4d399cde6c9df3d871d,alpha360,PriceTrend,TechnicalPriceVolume,1.0,development_data_derived_not_economic_prior,26559c272310fd361fcb0c8de4b658b77946058241e4bf26ede281a71d64950b,3/3,3,3,pass,pass,pass,all_conditions_pass,all_conditions_pass,all_conditions_pass,0.06287059139486442,3361,0.9285714285714286,0.9999999999999999,0.010338663721578314,0.004873609157449093,0.7857142857142857,0.035561939203659985,0.005180940199195363,0.0012528455151405,0.0090427193914192,0.9305073341203678,False,False,raw_universe_no_tradability_cost_test;correlated_native_profiles;development_derived_direction;recent_diagnostic_not_run
alpha360_VWAP54,a4b1dc97d11f526e7bb6ade2950e68eb36eebc531b475115160c775999064687,alpha360,PriceTrend,TechnicalPriceVolume,1.0,development_data_derived_not_economic_prior,26559c272310fd361fcb0c8de4b658b77946058241e4bf26ede281a71d64950b,3/3,3,3,pass,pass,pass,all_conditions_pass,all_conditions_pass,all_conditions_pass,0.06246815809143693,3361,0.9285714285714286,0.9999999999999999,0.010269478855941969,0.004829939370876145,0.7857142857142857,0.03522593578075393,0.0051437111726873085,0.0012528455151405,0.0090427193914192,0.9304253471564465,False,False,raw_universe_no_tradability_cost_test;correlated_native_profiles;development_derived_direction;recent_diagnostic_not_run
alpha360_VWAP55,86c923ab0402f5fcbcc2a9d8b7e15e247921afcbd09717e026aaae523cdacbce,alpha360,PriceTrend,TechnicalPriceVolume,1.0,development_data_derived_not_economic_prior,26559c272310fd361fcb0c8de4b658b77946058241e4bf26ede281a71d64950b,3/3,3,3,pass,pass,pass,all_conditions_pass,all_conditions_pass,all_conditions_pass,0.062143617757683484,3361,0.9285714285714286,0.9999999999999999,0.01017933714169279,0.004798916853412399,0.7857142857142857,0.0349436066431469,0.005094220302005189,0.0012528455151405,0.0090427193914192,0.9303513921871425,False,False,raw_universe_no_tradability_cost_test;correlated_native_profiles;development_derived_direction;recent_diagnostic_not_run
alpha360_VWAP56,5ad4e2cf12ab264e828401e16ad60e4b92627da377a292403053cf77c17a60d6,alpha360,PriceTrend,TechnicalPriceVolume,1.0,development_data_derived_not_economic_prior,26559c272310fd361fcb0c8de4b658b77946058241e4bf26ede281a71d64950b,3/3,3,3,pass,pass,pass,all_conditions_pass,all_conditions_pass,all_conditions_pass,0.06183789590797164,3361,0.9285714285714286,0.9999999999999999,0.01013352024010444,0.004770325570456061,0.7857142857142857,0.034679223383810055,0.005071537832921164,0.0012528455151405,0.0090427193914192,0.9302892578891615,False,False,raw_universe_no_tradability_cost_test;correlated_native_profiles;development_derived_direction;recent_diagnostic_not_run
alpha360_VWAP57,ad6204301be47b9a1f48de4988af01d185f259d69a95c076cca157cbcef5d45c,alpha360,PriceTrend,TechnicalPriceVolume,1.0,development_data_derived_not_economic_prior,26559c272310fd361fcb0c8de4b658b77946058241e4bf26ede281a71d64950b,3/3,3,3,pass,pass,pass,all_conditions_pass,all_conditions_pass,all_conditions_pass,0.06151333056290644,3361,0.9285714285714286,0.9999999999999999,0.010034280019396857,0.00474376531554049,0.7857142857142857,0.03443380215070623,0.005020847441814391,0.0012528455151405,0.0090427193914192,0.9302256081204981,False,False,raw_universe_no_tradability_cost_test;correlated_native_profiles;development_derived_direction;recent_diagnostic_not_run
alpha360_VWAP58,acc8ef0e881e5ca8f6fee70708cf4b7b7549e4ac520dddfca27e2a2257d48f7d,alpha360,PriceTrend,TechnicalPriceVolume,1.0,development_data_derived_not_economic_prior,26559c272310fd361fcb0c8de4b658b77946058241e4bf26ede281a71d64950b,3/3,3,3,pass,pass,pass,all_conditions_pass,all_conditions_pass,all_conditions_pass,0.06116710221463684,3361,0.9285714285714286,0.9999999999999999,0.009941591000465653,0.004709897633896274,0.7857142857142857,0.034135517452181796,0.004975095105622466,0.0012528455151405,0.0090427193914192,0.9301539263572176,False,False,raw_universe_no_tradability_cost_test;correlated_native_profiles;development_derived_direction;recent_diagnostic_not_run
alpha360_VWAP59,fa94bb2ab7743340b43453773e1a6c61ab7612c2ef5e62c96084081fc7386cc5,alpha360,PriceTrend,TechnicalPriceVolume,1.0,development_data_derived_not_economic_prior,26559c272310fd361fcb0c8de4b658b77946058241e4bf26ede281a71d64950b,3/3,3,3,pass,pass,pass,all_conditions_pass,all_conditions_pass,all_conditions_pass,0.06086132467091859,3361,0.9285714285714286,0.9999999999999999,0.009915254971779393,0.004678850316365628,0.7857142857142857,0.03389002138340186,0.004964533785589008,0.0012528455151405,0.0090427193914192,0.9300972477536936,False,False,raw_universe_no_tradability_cost_test;correlated_native_profiles;development_derived_direction;recent_diagnostic_not_run
alpha360_VWAP6,5743b1528fe4f3555e81d8a1035e117647866799627347f9db307fa32d58c5ca,alpha360,PriceTrend,TechnicalPriceVolume,1.0,development_data_derived_not_economic_prior,26559c272310fd361fcb0c8de4b658b77946058241e4bf26ede281a71d64950b,2/3,2,3,fail,pass,pass,directional_quantile_monotonicity_080,all_conditions_pass,all_conditions_pass,0.031793843004568584,3361,1.0,0.3,0.006601058118658377,0.003514947373993388,0.7142857142857143,0.02047301909223602,0.003302767006583188,0.0012528455151405,0.0090427193914192,0.939619707786943,False,False,raw_universe_no_tradability_cost_test;correlated_native_profiles;development_derived_direction;recent_diagnostic_not_run
alpha360_VWAP7,91c85c0d2a8cd3769d432910e8632b0943e9be7fa0b36250acf2fea958711b01,alpha360,PriceTrend,TechnicalPriceVolume,1.0,development_data_derived_not_economic_prior,26559c272310fd361fcb0c8de4b658b77946058241e4bf26ede281a71d64950b,2/3,2,3,fail,pass,pass,directional_quantile_monotonicity_080,all_conditions_pass,all_conditions_pass,0.03440230564924673,3361,1.0,0.3,0.007053083453534009,0.003692181011196237,0.7142857142857143,0.021884775589211796,0.0035312349754497083,0.0012528455151405,0.0090427193914192,0.9391056601314519,False,False,raw_universe_no_tradability_cost_test;correlated_native_profiles;development_derived_direction;recent_diagnostic_not_run
alpha360_VWAP8,e334cf9c98ac7cbfdfcbfdbc47e96fc27562be727c8b20c7a8ce72767d3b6d57,alpha360,PriceTrend,TechnicalPriceVolume,1.0,development_data_derived_not_economic_prior,26559c272310fd361fcb0c8de4b658b77946058241e4bf26ede281a71d64950b,2/3,2,3,fail,pass,pass,directional_quantile_monotonicity_080,all_conditions_pass,all_conditions_pass,0.037130416071873604,3361,1.0,0.3,0.007586736628980902,0.0039063447546544335,0.7142857142857143,0.02338554532609999,0.0037996077265668162,0.0012528455151405,0.0090427193914192,0.9386269229428622,False,False,raw_universe_no_tradability_cost_test;correlated_native_profiles;development_derived_direction;recent_diagnostic_not_run
alpha360_VWAP9,5c5b0c2f0897a7177b453fab69e07d3abdf9626d304e8f1b32badf580491f8ae,alpha360,PriceTrend,TechnicalPriceVolume,1.0,development_data_derived_not_economic_prior,26559c272310fd361fcb0c8de4b658b77946058241e4bf26ede281a71d64950b,2/3,2,3,fail,pass,pass,directional_quantile_monotonicity_080,all_conditions_pass,all_conditions_pass,0.03999967824782677,3361,1.0,0.39999999999999997,0.008099662683589174,0.004132667056923807,0.7142857142857143,0.024970170271248912,0.004056476947652642,0.0012528455151405,0.0090427193914192,0.9381801621856725,False,False,raw_universe_no_tradability_cost_test;correlated_native_profiles;development_derived_direction;recent_diagnostic_not_run
amount_cv_20,79151ff25fcc88bd15d1f2911c5190f3babf6499cdbf30d7ffa027edc9d5f80b,project_basic,Liquidity,LiquidityTrading,-1.0,development_data_derived_not_economic_prior,26559c272310fd361fcb0c8de4b658b77946058241e4bf26ede281a71d64950b,3/3,3,3,pass,pass,pass,all_conditions_pass,all_conditions_pass,all_conditions_pass,-0.04966368075524711,3361,1.0,-0.9999999999999999,-0.009504479144307411,-0.005165603006237503,0.8571428571428571,-0.039946391336149446,-0.004757735516920174,0.0012528455151405,0.0090427193914192,0.8707696014766746,False,False,raw_universe_no_tradability_cost_test;correlated_native_profiles;development_derived_direction;recent_diagnostic_not_run
amount_mean_20,bbfc5193891a58e280f6e657bca0e5fff446e3c323d69684bc48acd58ec4006e,project_basic,Liquidity,LiquidityTrading,-1.0,development_data_derived_not_economic_prior,26559c272310fd361fcb0c8de4b658b77946058241e4bf26ede281a71d64950b,3/3,3,3,pass,pass,pass,all_conditions_pass,all_conditions_pass,all_conditions_pass,-0.08914600843722979,3361,0.8571428571428571,-0.9999999999999999,-0.017669031388100564,-0.0069916592801981415,0.7857142857142857,-0.026591904695530886,-0.008840276934978058,0.0012528455151405,0.0090427193914192,0.8707696014766746,False,False,raw_universe_no_tradability_cost_test;correlated_native_profiles;development_derived_direction;recent_diagnostic_not_run
amount_std_20,a0425bd43df588ca71b002598c099444a4d2e6579efd64568a464469ab2f9fb4,project_basic,Liquidity,LiquidityTrading,-1.0,development_data_derived_not_economic_prior,26559c272310fd361fcb0c8de4b658b77946058241e4bf26ede281a71d64950b,3/3,3,3,pass,pass,pass,all_conditions_pass,all_conditions_pass,all_conditions_pass,-0.1010069474357297,3361,1.0,-0.9999999999999999,-0.019765318127083185,-0.008170224732642737,0.9285714285714286,-0.034269171074560935,-0.009889204421903715,0.0012528455151405,0.0090427193914192,0.8707696014766746,False,False,raw_universe_no_tradability_cost_test;correlated_native_profiles;development_derived_direction;recent_diagnostic_not_run
amplitude_20,d28a7bbc93ac17397f7b09b36a82fdd7f2e85703cc0b838f74ed895da369ab4c,project_basic,VolatilityRisk,RiskLottery,-1.0,development_data_derived_not_economic_prior,26559c272310fd361fcb0c8de4b658b77946058241e4bf26ede281a71d64950b,2/3,2,3,fail,pass,pass,directional_quantile_monotonicity_080,all_conditions_pass,all_conditions_pass,-0.07676839829736234,3361,0.9285714285714286,-0.3,-0.006441211646184272,-0.0038166775945450847,0.8571428571428571,-0.04083638252205794,-0.0032253415158643812,0.0012528455151405,0.0090427193914192,0.8707696014766746,False,False,raw_universe_no_tradability_cost_test;correlated_native_profiles;development_derived_direction;recent_diagnostic_not_run
corr_ret_amount_20,74e3ce83a3bbf0bc650be870dd093549a0f47a041dcb46d1d42c506e2cf85ad0,project_basic,Liquidity,LiquidityTrading,-1.0,development_data_derived_not_economic_prior,26559c272310fd361fcb0c8de4b658b77946058241e4bf26ede281a71d64950b,3/3,3,3,pass,pass,pass,all_conditions_pass,all_conditions_pass,all_conditions_pass,-0.03905799625516553,3361,1.0,-0.9999999999999999,-0.006021328360381648,-0.002652870990609895,0.8571428571428571,-0.024231325144897075,-0.0030057283250379736,0.0012528455151405,0.0090427193914192,0.867067155052352,False,False,raw_universe_no_tradability_cost_test;correlated_native_profiles;development_derived_direction;recent_diagnostic_not_run
corr_ret_volume_20,75d77c100f3bab682a4b5bfadec7c155a8d218b30f2635f129078d8d5e3a17b2,project_basic,Liquidity,LiquidityTrading,-1.0,development_data_derived_not_economic_prior,26559c272310fd361fcb0c8de4b658b77946058241e4bf26ede281a71d64950b,3/3,3,3,pass,pass,pass,all_conditions_pass,all_conditions_pass,all_conditions_pass,-0.041831546941767876,3361,1.0,-0.9999999999999999,-0.006511140122476246,-0.002909490492154639,0.8571428571428571,-0.026180809215751586,-0.0032583276330570878,0.0012528455151405,0.0090427193914192,0.867067155052352,False,False,raw_universe_no_tradability_cost_test;correlated_native_profiles;development_derived_direction;recent_diagnostic_not_run
kunquant_alpha101_alpha003,6b200218b9fe081051c569fafb4dec4f88e862fa18bf1704c1b8fe6bf3220e3e,alpha101,Multi,OpaqueMultiInput,1.0,development_data_derived_not_economic_prior,26559c272310fd361fcb0c8de4b658b77946058241e4bf26ede281a71d64950b,3/3,3,3,pass,pass,pass,all_conditions_pass,all_conditions_pass,all_conditions_pass,0.039883255971506534,3361,0.9285714285714286,0.9999999999999999,0.00851159019576017,0.0035633007221958324,0.9285714285714286,0.029974203678841432,0.004299115858541333,0.0012528455151405,0.0090427193914192,0.9506877963692354,False,False,raw_universe_no_tradability_cost_test;correlated_native_profiles;development_derived_direction;recent_diagnostic_not_run
kunquant_alpha101_alpha004,a2a0621b3b850724841d133a4a68e79924fdf5b815db1a7ef443f41f99b831c1,alpha101,Multi,OpaqueMultiInput,1.0,development_data_derived_not_economic_prior,26559c272310fd361fcb0c8de4b658b77946058241e4bf26ede281a71d64950b,3/3,3,3,pass,pass,pass,all_conditions_pass,all_conditions_pass,all_conditions_pass,0.031001754120918244,3361,1.0,0.8999999999999998,0.004043357286631973,0.0022677862070013413,0.7857142857142857,0.020293034948090642,0.0024716051208029345,0.0012528455151405,0.0090427193914192,0.9110139862789285,False,False,raw_universe_no_tradability_cost_test;correlated_native_profiles;development_derived_direction;recent_diagnostic_not_run
kunquant_alpha101_alpha005,701f72673453c8de8a5a962243ba7a6fde82caeac38b4f201ebb4dce51c62b71,alpha101,Multi,OpaqueMultiInput,1.0,development_data_derived_not_economic_prior,26559c272310fd361fcb0c8de4b658b77946058241e4bf26ede281a71d64950b,3/3,3,3,pass,pass,pass,all_conditions_pass,all_conditions_pass,all_conditions_pass,0.02676199478084796,3361,0.7857142857142857,0.9999999999999999,0.006228638834869489,0.0027516756911411615,0.7857142857142857,0.022110103022803525,0.0031173145837391815,0.0012528455151405,0.0090427193914192,0.9065956315042107,True,False,direction_instability;raw_universe_no_tradability_cost_test;correlated_native_profiles;development_derived_direction;recent_diagnostic_not_run
kunquant_alpha101_alpha006,1fb962de27252875ce69b933a01d315954a8a432d0bfbceab8da5452b10c453f,alpha101,Multi,OpaqueMultiInput,1.0,development_data_derived_not_economic_prior,26559c272310fd361fcb0c8de4b658b77946058241e4bf26ede281a71d64950b,3/3,3,3,pass,pass,pass,all_conditions_pass,all_conditions_pass,all_conditions_pass,0.03134972986301284,3361,0.8571428571428571,0.9999999999999999,0.007092827771500558,0.0029533667200238017,0.7857142857142857,0.025462221215733806,0.003524030830282742,0.0012528455151405,0.0090427193914192,0.9506877963692354,False,False,raw_universe_no_tradability_cost_test;correlated_native_profiles;development_derived_direction;recent_diagnostic_not_run
kunquant_alpha101_alpha007,36a7fe1c49153d021f4deab1b5325ad6429502e422948e48a6d4a4661e68ad4e,alpha101,Multi,OpaqueMultiInput,1.0,development_data_derived_not_economic_prior,26559c272310fd361fcb0c8de4b658b77946058241e4bf26ede281a71d64950b,2/3,2,3,fail,pass,pass,minimum_1260_quantile_dates;positive_directional_quantile_spread;directional_quantile_monotonicity_080,all_conditions_pass,all_conditions_pass,0.028110549093355485,3361,1.0,-0.3,-0.0011892958664582664,0.0036715689640742064,0.7857142857142857,0.019655663798348596,0.0022476579293254396,0.0012528455151405,0.0090427193914192,0.8044797313373574,False,False,raw_universe_no_tradability_cost_test;correlated_native_profiles;development_derived_direction;recent_diagnostic_not_run
kunquant_alpha101_alpha011,75dc4e82af1f9843ca697d98f68b8438c50e1e9701ff1107994aa6099a6a445d,alpha101,Multi,OpaqueMultiInput,1.0,development_data_derived_not_economic_prior,26559c272310fd361fcb0c8de4b658b77946058241e4bf26ede281a71d64950b,2/3,2,3,fail,pass,pass,directional_quantile_monotonicity_080,all_conditions_pass,all_conditions_pass,0.025523006330821975,3361,0.7857142857142857,0.7,0.0062992093617988704,0.0015947160397020792,0.7857142857142857,0.012212371798699917,0.003154365308716707,0.0012528455151405,0.0090427193914192,0.9335062990538917,True,False,direction_instability;raw_universe_no_tradability_cost_test;correlated_native_profiles;development_derived_direction;recent_diagnostic_not_run
kunquant_alpha101_alpha011_canonical_vwap_v2,7844ae8da70a14eeecafd66c32e01a364fcc750cd3b38821fec6162c16e9f2af,alpha101,TradingBehavior,TradingBehavior,1.0,development_data_derived_not_economic_prior,26559c272310fd361fcb0c8de4b658b77946058241e4bf26ede281a71d64950b,2/3,2,3,fail,pass,pass,directional_quantile_monotonicity_080,all_conditions_pass,all_conditions_pass,0.0222752893261258,3361,1.0,0.3,0.0051942220227424426,0.0017361529543528733,0.8571428571428571,0.013875677658705093,0.0026041532084796885,0.0012528455151405,0.0090427193914192,0.9335062990538917,False,False,raw_universe_no_tradability_cost_test;correlated_native_profiles;development_derived_direction;recent_diagnostic_not_run
kunquant_alpha101_alpha012,a78ae1ce3d496e6c7ac2c097b48fb23df1768aa5684c30a075b6f12305317019,alpha101,Multi,OpaqueMultiInput,1.0,development_data_derived_not_economic_prior,26559c272310fd361fcb0c8de4b658b77946058241e4bf26ede281a71d64950b,2/3,2,3,fail,pass,pass,directional_quantile_monotonicity_080,all_conditions_pass,all_conditions_pass,0.03068922455606461,3361,1.0,0.7,0.005867612643941438,0.0031647647429613244,0.9285714285714286,0.01589126244129368,0.0029343575722835954,0.0012528455151405,0.0090427193914192,0.9426889905601331,False,False,raw_universe_no_tradability_cost_test;correlated_native_profiles;development_derived_direction;recent_diagnostic_not_run
kunquant_alpha101_alpha013,06cc60ea52a17f7a7017471bf17abc93c32d2586f20d5410d403ae13e586519d,alpha101,Multi,OpaqueMultiInput,1.0,development_data_derived_not_economic_prior,26559c272310fd361fcb0c8de4b658b77946058241e4bf26ede281a71d64950b,3/3,3,3,pass,pass,pass,all_conditions_pass,all_conditions_pass,all_conditions_pass,0.05103763278252893,3361,1.0,0.9999999999999999,0.008985335459718078,0.003552203575563478,0.9285714285714286,0.0331658178335937,0.0044947593465585675,0.0012528455151405,0.0090427193914192,0.9289486725234557,False,False,raw_universe_no_tradability_cost_test;correlated_native_profiles;development_derived_direction;recent_diagnostic_not_run
kunquant_alpha101_alpha014,78a36daad7339ec5c694578d26832c6d878dc611526c9bcf2afbeaa859d11670,alpha101,Multi,OpaqueMultiInput,1.0,development_data_derived_not_economic_prior,26559c272310fd361fcb0c8de4b658b77946058241e4bf26ede281a71d64950b,3/3,3,3,pass,pass,pass,all_conditions_pass,all_conditions_pass,all_conditions_pass,0.023956843000880926,3361,0.8571428571428571,0.8999999999999998,0.00618632533666258,0.002839524644716833,0.8571428571428571,0.022542359624296165,0.00304800514461406,0.0012528455151405,0.0090427193914192,0.9311309503062009,False,False,raw_universe_no_tradability_cost_test;correlated_native_profiles;development_derived_direction;recent_diagnostic_not_run
kunquant_alpha101_alpha015,d7d2868696b6f792a384e6da6c6ffbb7049028da119cc25a27482dd292ec1895,alpha101,Multi,OpaqueMultiInput,1.0,development_data_derived_not_economic_prior,26559c272310fd361fcb0c8de4b658b77946058241e4bf26ede281a71d64950b,3/3,3,3,pass,pass,pass,all_conditions_pass,all_conditions_pass,all_conditions_pass,0.038265512423164845,3361,1.0,0.9999999999999999,0.006838179089522548,0.0029327594628168123,0.9285714285714286,0.025874076215758535,0.0034230723437648925,0.0012528455151405,0.0090427193914192,0.9380642286784641,False,False,raw_universe_no_tradability_cost_test;correlated_native_profiles;development_derived_direction;recent_diagnostic_not_run
kunquant_alpha101_alpha016,2799af628cd3867e8058fb7a64f2ba6155dcab84f85985a362d398cde821b16f,alpha101,Multi,OpaqueMultiInput,1.0,development_data_derived_not_economic_prior,26559c272310fd361fcb0c8de4b658b77946058241e4bf26ede281a71d64950b,3/3,3,3,pass,pass,pass,all_conditions_pass,all_conditions_pass,all_conditions_pass,0.04910821314724099,3361,1.0,0.9999999999999999,0.00840729984099007,0.0032131066905872,0.9285714285714286,0.03042823283722503,0.004208283872177174,0.0012528455151405,0.0090427193914192,0.9289486725234557,False,False,raw_universe_no_tradability_cost_test;correlated_native_profiles;development_derived_direction;recent_diagnostic_not_run
kunquant_alpha101_alpha024,bec74c39fdd85e2b8fb7109635737f50d625bc074ac35c5ce754558e905ea434,alpha101,Multi,OpaqueMultiInput,1.0,development_data_derived_not_economic_prior,26559c272310fd361fcb0c8de4b658b77946058241e4bf26ede281a71d64950b,2/3,2,3,fail,pass,pass,directional_quantile_monotonicity_080,all_conditions_pass,all_conditions_pass,0.022845684130608362,3361,0.9285714285714286,0.7,0.00557536115809298,0.0035998389613603704,0.8571428571428571,0.015741749431107278,0.0028593013393808406,0.0012528455151405,0.0090427193914192,0.9380324037941324,False,False,raw_universe_no_tradability_cost_test;correlated_native_profiles;development_derived_direction;recent_diagnostic_not_run
kunquant_alpha101_alpha026,9fd09882f67c6255f632e3ed4e9a1af29fab3b32c4babaaa8344f87954dd073a,alpha101,Multi,OpaqueMultiInput,1.0,development_data_derived_not_economic_prior,26559c272310fd361fcb0c8de4b658b77946058241e4bf26ede281a71d64950b,3/3,3,3,pass,pass,pass,all_conditions_pass,all_conditions_pass,all_conditions_pass,0.0339360976740849,3361,1.0,0.9999999999999999,0.006881758243838892,0.0025089589695496298,0.7857142857142857,0.021300664833536744,0.003335607939259294,0.0012528455151405,0.0090427193914192,0.9506877963692354,False,False,raw_universe_no_tradability_cost_test;correlated_native_profiles;development_derived_direction;recent_diagnostic_not_run
kunquant_alpha101_alpha035,7803f072519ff2fd85228b641fb3bf9ac5a29a7c12ff1600c827d0f092c19eed,alpha101,Multi,OpaqueMultiInput,-1.0,development_data_derived_not_economic_prior,26559c272310fd361fcb0c8de4b658b77946058241e4bf26ede281a71d64950b,2/3,2,3,fail,pass,pass,positive_directional_quantile_spread;directional_quantile_monotonicity_080,all_conditions_pass,all_conditions_pass,-0.02496112553627125,3361,0.9285714285714286,0.3,2.240667638832076e-05,-0.004400476276283405,0.8571428571428571,-0.025750594404181485,-0.0016482936498005186,0.0012528455151405,0.0090427193914192,0.814749621511197,False,False,raw_universe_no_tradability_cost_test;correlated_native_profiles;development_derived_direction;recent_diagnostic_not_run
kunquant_alpha101_alpha040,a338d5cc89fa0fda4a6eef94e5be1acb1e690a84d1c3956a492ec589eaaad97a,alpha101,Multi,OpaqueMultiInput,1.0,development_data_derived_not_economic_prior,26559c272310fd361fcb0c8de4b658b77946058241e4bf26ede281a71d64950b,3/3,3,3,pass,pass,pass,all_conditions_pass,all_conditions_pass,all_conditions_pass,0.07382566152845518,3361,1.0,0.9999999999999999,0.013903384721210383,0.006209333412327674,1.0,0.05310486931074118,0.006958031347793817,0.0012528455151405,0.0090427193914192,0.9065956315042107,False,False,raw_universe_no_tradability_cost_test;correlated_native_profiles;development_derived_direction;recent_diagnostic_not_run
kunquant_alpha101_alpha041,15513fab4d38a29a78e17a4204ae2fe1f61c3298ab4896e998f062d047b5e513,alpha101,Multi,OpaqueMultiInput,-1.0,development_data_derived_not_economic_prior,26559c272310fd361fcb0c8de4b658b77946058241e4bf26ede281a71d64950b,3/3,3,3,pass,pass,pass,all_conditions_pass,all_conditions_pass,all_conditions_pass,-0.026721679837764918,3361,0.7857142857142857,-0.9999999999999999,-0.006286659120187397,-0.002445548051583529,0.7857142857142857,-0.010759629277693087,-0.0031450778562869606,0.0012528455151405,0.0090427193914192,0.9473208751540098,True,False,direction_instability;raw_universe_no_tradability_cost_test;correlated_native_profiles;development_derived_direction;recent_diagnostic_not_run
kunquant_alpha101_alpha042,29f08fcd3df2e038244946a6bf07a827b12c9c55000bbd201df71e4abff3cabb,alpha101,Multi,OpaqueMultiInput,1.0,development_data_derived_not_economic_prior,26559c272310fd361fcb0c8de4b658b77946058241e4bf26ede281a71d64950b,3/3,3,3,pass,pass,pass,all_conditions_pass,all_conditions_pass,all_conditions_pass,0.02715974880688928,3361,0.7857142857142857,0.9999999999999999,0.0063737028079776,0.0029739176991788363,0.7142857142857143,0.006016033681593035,0.003190186965056615,0.0012528455151405,0.0090427193914192,0.9473208751540098,True,False,direction_instability;raw_universe_no_tradability_cost_test;correlated_native_profiles;development_derived_direction;recent_diagnostic_not_run
kunquant_alpha101_alpha042_canonical_vwap_v2,114c08f32a394da0416962969c3a0a05da8720181aeef564a179cf3ae7b45e70,alpha101,TradingBehavior,TradingBehavior,1.0,development_data_derived_not_economic_prior,26559c272310fd361fcb0c8de4b658b77946058241e4bf26ede281a71d64950b,3/3,3,3,pass,pass,pass,all_conditions_pass,all_conditions_pass,all_conditions_pass,0.03594670500522746,3361,0.7857142857142857,0.9999999999999999,0.009379136711465398,0.0035495464881513086,0.7142857142857143,0.007520759907739879,0.004696030456644178,0.0012528455151405,0.0090427193914192,0.9473208751540098,True,False,direction_instability;raw_universe_no_tradability_cost_test;correlated_native_profiles;development_derived_direction;recent_diagnostic_not_run
kunquant_alpha101_alpha044,d26ed8fe2b4039a1be727d0a9e5066af34f557b30bdb33bf4a3946254b0e1572,alpha101,Multi,OpaqueMultiInput,1.0,development_data_derived_not_economic_prior,26559c272310fd361fcb0c8de4b658b77946058241e4bf26ede281a71d64950b,3/3,3,3,pass,pass,pass,all_conditions_pass,all_conditions_pass,all_conditions_pass,0.04877548223524857,3361,1.0,0.9999999999999999,0.010378133872092094,0.004039034353103334,0.9285714285714286,0.03439762719193306,0.005170349740971443,0.0012528455151405,0.0090427193914192,0.9506877963692354,False,False,raw_universe_no_tradability_cost_test;correlated_native_profiles;development_derived_direction;recent_diagnostic_not_run
kunquant_alpha101_alpha045,ada5bb43a08d24f20a96bca751fda748e3733ed39435da23bf5acf4b8495c3cf,alpha101,Multi,OpaqueMultiInput,1.0,development_data_derived_not_economic_prior,26559c272310fd361fcb0c8de4b658b77946058241e4bf26ede281a71d64950b,2/3,2,3,fail,pass,pass,directional_quantile_monotonicity_080,all_conditions_pass,all_conditions_pass,0.020425080695708493,3361,1.0,0.7,0.0034404828344075837,0.0015606882851988847,0.9285714285714286,0.012333794999299662,0.0017174570134993088,0.0012528455151405,0.0090427193914192,0.8355518813810787,False,False,raw_universe_no_tradability_cost_test;correlated_native_profiles;development_derived_direction;recent_diagnostic_not_run
kunquant_alpha101_alpha050,b8727b251e25c62c9ac179b43e532ad1154a76a6e09d578a3afee02361ba9631,alpha101,Multi,OpaqueMultiInput,1.0,development_data_derived_not_economic_prior,26559c272310fd361fcb0c8de4b658b77946058241e4bf26ede281a71d64950b,3/3,3,3,pass,pass,pass,all_conditions_pass,all_conditions_pass,all_conditions_pass,0.04529285828309944,3361,1.0,0.9999999999999999,0.008035619811333118,0.0032781451719127966,0.8571428571428571,0.02891955005918734,0.004021780122888766,0.0012528455151405,0.0090427193914192,0.9289086640974387,False,False,raw_universe_no_tradability_cost_test;correlated_native_profiles;development_derived_direction;recent_diagnostic_not_run
kunquant_alpha101_alpha050_canonical_vwap_v2,c78461fa1b19999a3b0849ca01db3640c3d69f02a70c1095cdd756f4833837f4,alpha101,TradingBehavior,TradingBehavior,1.0,development_data_derived_not_economic_prior,26559c272310fd361fcb0c8de4b658b77946058241e4bf26ede281a71d64950b,3/3,3,3,pass,pass,pass,all_conditions_pass,all_conditions_pass,all_conditions_pass,0.04529171513009858,3361,1.0,0.9999999999999999,0.008036772129534055,0.0032780801743377175,0.8571428571428571,0.02891910152019319,0.004021750719550597,0.0012528455151405,0.0090427193914192,0.9289086640974387,False,False,raw_universe_no_tradability_cost_test;correlated_native_profiles;development_derived_direction;recent_diagnostic_not_run
kunquant_alpha101_alpha055,25ed6e2dc9e6de151b3de6a51cd2c2f2014a5b3ef3e2d0a48c7e4cd26ebe92e5,alpha101,Multi,OpaqueMultiInput,1.0,development_data_derived_not_economic_prior,26559c272310fd361fcb0c8de4b658b77946058241e4bf26ede281a71d64950b,3/3,3,3,pass,pass,pass,all_conditions_pass,all_conditions_pass,all_conditions_pass,0.037571886162281874,3361,1.0,0.9999999999999999,0.0079647230009348,0.003038902990455033,1.0,0.026304500355460655,0.003966322761284755,0.0012528455151405,0.0090427193914192,0.9506877963692354,False,False,raw_universe_no_tradability_cost_test;correlated_native_profiles;development_derived_direction;recent_diagnostic_not_run
kunquant_alpha101_alpha071,879ef14c0c8c6c25aa675c0feaf36821879f5ea66e7e03a4db2dc79d34efef51,alpha101,Multi,OpaqueMultiInput,-1.0,development_data_derived_not_economic_prior,26559c272310fd361fcb0c8de4b658b77946058241e4bf26ede281a71d64950b,incomplete,2,2,unavailable,pass,pass,unavailable:positive_directional_quantile_spread;unavailable:directional_quantile_monotonicity_080;minimum_1260_quantile_dates,all_conditions_pass,all_conditions_pass,-0.022051083960419018,3361,0.7142857142857143,,,-0.000699676673731016,0.6428571428571429,-0.005470576255146281,-0.0012010628704878055,0.0012528455151405,0.0090427193914192,0.8684538107268046,True,False,direction_instability;raw_universe_no_tradability_cost_test;correlated_native_profiles;development_derived_direction;recent_diagnostic_not_run
kunquant_alpha101_alpha077,9cf7fa7cc0b7d007f2a7ca68a498e1e8e90ae818205e8d941a1ac2041d1cb83f,alpha101,Multi,OpaqueMultiInput,-1.0,development_data_derived_not_economic_prior,26559c272310fd361fcb0c8de4b658b77946058241e4bf26ede281a71d64950b,3/3,3,3,pass,pass,pass,all_conditions_pass,all_conditions_pass,all_conditions_pass,-0.026118673855586756,3361,0.8571428571428571,-0.9999999999999999,-0.00440750474447046,-0.0020262070260160295,0.9285714285714286,-0.01809763684206192,-0.002218897208930688,0.0012528455151405,0.0090427193914192,0.9473182988538495,False,False,raw_universe_no_tradability_cost_test;correlated_native_profiles;development_derived_direction;recent_diagnostic_not_run
kunquant_alpha101_alpha083,fbda8632786ec8465bc31b24dc939c5f04556e6e4498e4cc392258b5089853c5,alpha101,Multi,OpaqueMultiInput,1.0,development_data_derived_not_economic_prior,26559c272310fd361fcb0c8de4b658b77946058241e4bf26ede281a71d64950b,3/3,3,3,pass,pass,pass,all_conditions_pass,all_conditions_pass,all_conditions_pass,0.06816337445742433,3361,0.9285714285714286,0.8999999999999998,0.010828843481057967,0.005697192672416812,0.7857142857142857,0.03228758378861498,0.005415066967348575,0.0012528455151405,0.0090427193914192,0.9189065575931901,False,False,raw_universe_no_tradability_cost_test;correlated_native_profiles;development_derived_direction;recent_diagnostic_not_run
kunquant_alpha101_alpha084,70dde1530ff31b673f7ddcd00d1b31014ee5ee656843d2a9fd1c56a62addb65d,alpha101,Multi,OpaqueMultiInput,-1.0,development_data_derived_not_economic_prior,26559c272310fd361fcb0c8de4b658b77946058241e4bf26ede281a71d64950b,2/3,2,3,fail,pass,pass,directional_quantile_monotonicity_080,all_conditions_pass,all_conditions_pass,-0.027988879941858117,3361,1.0,-0.3,-0.0052540063096293155,-0.004076415263226974,0.7142857142857143,-0.005737796006704209,-0.0027964241138818714,0.0012528455151405,0.0090427193914192,0.8085401319368776,False,False,raw_universe_no_tradability_cost_test;correlated_native_profiles;development_derived_direction;recent_diagnostic_not_run
kunquant_alpha101_alpha084_canonical_vwap_v2,54cac56b33bd48f4e0998cc129943b40f7363d3c9395a0531c2f0816a7655171,alpha101,TradingBehavior,TradingBehavior,-1.0,development_data_derived_not_economic_prior,26559c272310fd361fcb0c8de4b658b77946058241e4bf26ede281a71d64950b,2/3,2,3,fail,pass,pass,directional_quantile_monotonicity_080,all_conditions_pass,all_conditions_pass,-0.02839889912794387,3361,1.0,-0.3,-0.005378742230628267,-0.004290135681047317,0.7142857142857143,-0.005865575152741018,-0.002882557797929894,0.0012528455151405,0.0090427193914192,0.8415919413330989,False,False,raw_universe_no_tradability_cost_test;correlated_native_profiles;development_derived_direction;recent_diagnostic_not_run
kunquant_alpha101_alpha088,4a2f42e215d9398834a16345da5946f89776957ba0925f536d912f0717445b7a,alpha101,Multi,OpaqueMultiInput,1.0,development_data_derived_not_economic_prior,26559c272310fd361fcb0c8de4b658b77946058241e4bf26ede281a71d64950b,2/3,2,3,fail,pass,pass,directional_quantile_monotonicity_080,all_conditions_pass,all_conditions_pass,0.07072282566695472,3361,1.0,0.39999999999999997,0.008729017618967775,0.003323516037879003,0.8571428571428571,0.03451966829272786,0.004373631034374748,0.0012528455151405,0.0090427193914192,0.9154602257142035,False,False,raw_universe_no_tradability_cost_test;correlated_native_profiles;development_derived_direction;recent_diagnostic_not_run
kunquant_alpha101_alpha094,18ca76c116de1738adf8b78c615970e9794e213fc2ed36cd56eca0498e7e173f,alpha101,Multi,OpaqueMultiInput,1.0,development_data_derived_not_economic_prior,26559c272310fd361fcb0c8de4b658b77946058241e4bf26ede281a71d64950b,2/3,2,3,fail,pass,pass,directional_quantile_monotonicity_080,all_conditions_pass,all_conditions_pass,0.043911050558529285,3361,0.9285714285714286,0.7,0.005948165790823231,0.003574305092387273,0.8571428571428571,0.03210940036047129,0.0034219372070119812,0.0012528455151405,0.0090427193914192,0.8978647018084112,False,False,raw_universe_no_tradability_cost_test;correlated_native_profiles;development_derived_direction;recent_diagnostic_not_run
kunquant_alpha101_alpha094_canonical_vwap_v2,4e9751786417f4db2e8d4beb5264a0eaa8bd10009c2ce0b4f4565a46bb8793d4,alpha101,TradingBehavior,TradingBehavior,1.0,development_data_derived_not_economic_prior,26559c272310fd361fcb0c8de4b658b77946058241e4bf26ede281a71d64950b,2/3,2,3,fail,pass,pass,directional_quantile_monotonicity_080,all_conditions_pass,all_conditions_pass,0.0443971747902632,3361,0.9285714285714286,0.7,0.0059826387824089,0.0035532002587063665,0.8571428571428571,0.032072688097709176,0.003429092757377928,0.0012528455151405,0.0090427193914192,0.9115265184637371,False,False,raw_universe_no_tradability_cost_test;correlated_native_profiles;development_derived_direction;recent_diagnostic_not_run
mature_amihud_illiquidity_20,ec70f531955d5956a978c7656fd22292da406b430deb309a0444dad793ded046,mature_public,Liquidity,LiquidityTrading,1.0,development_data_derived_not_economic_prior,26559c272310fd361fcb0c8de4b658b77946058241e4bf26ede281a71d64950b,3/3,3,3,pass,pass,pass,all_conditions_pass,all_conditions_pass,all_conditions_pass,0.057596926975237224,3361,0.7857142857142857,0.9999999999999999,0.014368925238434587,0.004251436332799279,0.7142857142857143,0.03490475456791922,0.007190383354787665,0.0012528455151405,0.0090427193914192,0.9329710348088461,True,False,direction_instability;raw_universe_no_tradability_cost_test;correlated_native_profiles;development_derived_direction;recent_diagnostic_not_run
mature_book_to_market_pit,2c66d0cf11bed44d2c2540a5e16a7a5e041513291d66f0fadb88775c589415a7,mature_public,Value,Valuation,1.0,development_data_derived_not_economic_prior,26559c272310fd361fcb0c8de4b658b77946058241e4bf26ede281a71d64950b,3/3,3,3,pass,pass,pass,all_conditions_pass,all_conditions_pass,all_conditions_pass,0.04148418546458807,3361,0.7142857142857143,0.8999999999999998,0.0043359193330009035,0.001512885320731962,0.6428571428571429,0.01556244409751233,0.0021708964217998644,0.0012528455151405,0.0090427193914192,0.9464197762862179,False,False,raw_universe_no_tradability_cost_test;correlated_native_profiles;development_derived_direction;recent_diagnostic_not_run
mature_book_to_price,d6a0d60dccbf5985afa33b6090faec36b068d936964743e1deadccd756c9681b,mature_public,Value,Valuation,1.0,development_data_derived_not_economic_prior,26559c272310fd361fcb0c8de4b658b77946058241e4bf26ede281a71d64950b,3/3,3,3,pass,pass,pass,all_conditions_pass,all_conditions_pass,all_conditions_pass,0.0421998231877065,3361,0.7142857142857143,0.8999999999999998,0.004491849208590541,0.0015930382231685064,0.6428571428571429,0.016660916147463952,0.002247563307547862,0.0012528455151405,0.0090427193914192,0.9426858080717,False,False,raw_universe_no_tradability_cost_test;correlated_native_profiles;development_derived_direction;recent_diagnostic_not_run
mature_dividend_yield_ttm,01f8f414c035d94bf407fcdc5a92c132a4efd64a233fd578526ce6a637814925,mature_public,Value,Valuation,1.0,development_data_derived_not_economic_prior,26559c272310fd361fcb0c8de4b658b77946058241e4bf26ede281a71d64950b,2/3,2,3,pass,fail,pass,all_conditions_pass,weighted_return_annual_agreement_060,all_conditions_pass,0.03671100954456034,3361,0.7857142857142857,0.8999999999999998,0.002833901837601201,0.001105035895604982,0.5714285714285714,0.013233649999739146,0.0014156636898492098,0.0012528455151405,0.0090427193914192,0.6837018705454634,False,False,low_sample_coverage;raw_universe_no_tradability_cost_test;correlated_native_profiles;development_derived_direction;recent_diagnostic_not_run
mature_downside_volatility_60,4d368aad6555bad4bd5c0e422e03d20095a43f5eb4dde30a917c4181964d4d28,mature_public,VolatilityRisk,RiskLottery,-1.0,development_data_derived_not_economic_prior,26559c272310fd361fcb0c8de4b658b77946058241e4bf26ede281a71d64950b,2/3,2,3,fail,pass,pass,directional_quantile_monotonicity_080,all_conditions_pass,all_conditions_pass,-0.04004475332260453,3361,0.7857142857142857,-0.6,-0.0026685505938886505,-0.0014043969694210578,0.7142857142857143,-0.01664448624885881,-0.001333831452732961,0.0012528455151405,0.0090427193914192,0.907857715488565,False,False,raw_universe_no_tradability_cost_test;correlated_native_profiles;development_derived_direction;recent_diagnostic_not_run
mature_earnings_to_price_pit,f28a25b4a4db9d81eb0cdaf352359befca73963e619589afbb16b3d86dee0f13,mature_public,Value,Valuation,1.0,development_data_derived_not_economic_prior,26559c272310fd361fcb0c8de4b658b77946058241e4bf26ede281a71d64950b,3/3,3,3,pass,pass,pass,all_conditions_pass,all_conditions_pass,all_conditions_pass,0.03725152421537985,3361,0.9285714285714286,0.8999999999999998,0.0033719474432812794,0.002501751996316328,0.7857142857142857,0.01534413570318305,0.0016846588956837068,0.0012528455151405,0.0090427193914192,0.9464197762862179,False,False,raw_universe_no_tradability_cost_test;correlated_native_profiles;development_derived_direction;recent_diagnostic_not_run
mature_earnings_yield_ttm,0d27befa5d0ec4566cdea0f29badfe0abe55d860fe41fe9fc7c4d109b0c4c1cc,mature_public,Value,Valuation,1.0,development_data_derived_not_economic_prior,26559c272310fd361fcb0c8de4b658b77946058241e4bf26ede281a71d64950b,2/3,2,3,fail,pass,pass,directional_quantile_monotonicity_080,all_conditions_pass,all_conditions_pass,0.03746212928808973,3361,0.8571428571428571,0.39999999999999997,0.0024535716205779197,0.0009881652981298301,0.6428571428571429,0.012135904316095722,0.0012213706041913925,0.0035545849499337,0.0256560875756547,0.835802540231958,False,False,raw_universe_no_tradability_cost_test;correlated_native_profiles;development_derived_direction;recent_diagnostic_not_run
mature_idiosyncratic_volatility_60,db1021d19ea04d8872fbdc625225e818d370a0fd8abf33627c6a82e8be76e631,mature_public,VolatilityRisk,RiskLottery,-1.0,development_data_derived_not_economic_prior,26559c272310fd361fcb0c8de4b658b77946058241e4bf26ede281a71d64950b,3/3,3,3,pass,pass,pass,all_conditions_pass,all_conditions_pass,all_conditions_pass,-0.08970630246105861,3361,1.0,-0.9999999999999999,-0.012331638299647178,-0.006349724195543575,0.9285714285714286,-0.05459000254565521,-0.006164707906419096,0.0012528455151405,0.0090427193914192,0.8424454544214615,False,False,raw_universe_no_tradability_cost_test;correlated_native_profiles;development_derived_direction;recent_diagnostic_not_run
mature_intraday_return_20,ca70352677b72e6a1992c84be7186b0b1aa79f9b576358a197beab0f81158f3e,mature_public,TradingBehavior,TradingBehavior,-1.0,development_data_derived_not_economic_prior,26559c272310fd361fcb0c8de4b658b77946058241e4bf26ede281a71d64950b,3/3,3,3,pass,pass,pass,all_conditions_pass,all_conditions_pass,all_conditions_pass,-0.06761251600915101,3361,1.0,-0.9999999999999999,-0.012226839470079295,-0.0066528136851705935,0.9285714285714286,-0.052820210077877496,-0.00611722244700745,0.0012528455151405,0.0090427193914192,0.9355224812498389,False,False,raw_universe_no_tradability_cost_test;correlated_native_profiles;development_derived_direction;recent_diagnostic_not_run
mature_log_total_market_cap,df84ec182bcc7f81178f053702933d1b2396c98773685106a3d530a8071d9e78,mature_public,Size,SizeStructure,-1.0,development_data_derived_not_economic_prior,26559c272310fd361fcb0c8de4b658b77946058241e4bf26ede281a71d64950b,3/3,3,3,pass,pass,pass,all_conditions_pass,all_conditions_pass,all_conditions_pass,-0.025915944186092926,3361,0.7142857142857143,-0.9999999999999999,-0.01033173072098376,-0.0037456686246880155,0.7142857142857143,-0.02263594812966212,-0.005170871846023272,0.0398731703079529,0.2877943736747355,0.9471565981320308,True,False,direction_instability;by_sensitivity_not_significant;raw_universe_no_tradability_cost_test;correlated_native_profiles;development_derived_direction;recent_diagnostic_not_run
mature_max_daily_return_21,0746a59c6bb4df3064bb11cba67254cf74dedece535790fdff66ce073f6577ea,mature_public,VolatilityRisk,RiskLottery,-1.0,development_data_derived_not_economic_prior,26559c272310fd361fcb0c8de4b658b77946058241e4bf26ede281a71d64950b,2/3,2,3,fail,pass,pass,directional_quantile_monotonicity_080,all_conditions_pass,all_conditions_pass,-0.07641407086388965,3361,1.0,-0.7,-0.00972523361292926,-0.005035838970345191,0.9285714285714286,-0.048419860109128715,-0.00486606956937818,0.0012528455151405,0.0090427193914192,0.9312590075788689,False,False,raw_universe_no_tradability_cost_test;correlated_native_profiles;development_derived_direction;recent_diagnostic_not_run
mature_parkinson_volatility_20,e167709fb176e791aaf8e939530c97375f9ef63ec6a74b98df0ce6c0b49ff284,mature_public,VolatilityRisk,RiskLottery,-1.0,development_data_derived_not_economic_prior,26559c272310fd361fcb0c8de4b658b77946058241e4bf26ede281a71d64950b,2/3,2,3,fail,pass,pass,directional_quantile_monotonicity_080,all_conditions_pass,all_conditions_pass,-0.08038272430994425,3361,0.9285714285714286,-0.6,-0.007874544986006388,-0.0044034612018148695,0.8571428571428571,-0.04454741157334631,-0.003942504870475046,0.0012528455151405,0.0090427193914192,0.9355224812498389,False,False,raw_universe_no_tradability_cost_test;correlated_native_profiles;development_derived_direction;recent_diagnostic_not_run
mature_realized_volatility_60,a0d273638bee5425306393cd4471ec766de5685e9c203c4208bf32afee688ad3,mature_public,VolatilityRisk,RiskLottery,-1.0,development_data_derived_not_economic_prior,26559c272310fd361fcb0c8de4b658b77946058241e4bf26ede281a71d64950b,2/3,2,3,fail,pass,pass,directional_quantile_monotonicity_080,all_conditions_pass,all_conditions_pass,-0.07209374424299993,3361,0.9285714285714286,-0.7,-0.0065688962767081055,-0.003720750010129991,0.7857142857142857,-0.037812729042666596,-0.0032810251718984225,0.0012528455151405,0.0090427193914192,0.9098717760255569,False,False,raw_universe_no_tradability_cost_test;correlated_native_profiles;development_derived_direction;recent_diagnostic_not_run
mature_return_skewness_60,a39e752c430b9f3b93b5e074a86b5cb8ef39ed1ebe8198fe2cf0aa6da83ea963,mature_public,VolatilityRisk,RiskLottery,-1.0,development_data_derived_not_economic_prior,26559c272310fd361fcb0c8de4b658b77946058241e4bf26ede281a71d64950b,3/3,3,3,pass,pass,pass,all_conditions_pass,all_conditions_pass,all_conditions_pass,-0.04311962464450741,3361,1.0,-0.9999999999999999,-0.007013958456190638,-0.003109425078005703,1.0,-0.02686402588665334,-0.0035124878628082262,0.0012528455151405,0.0090427193914192,0.9098717760255569,False,False,raw_universe_no_tradability_cost_test;correlated_native_profiles;development_derived_direction;recent_diagnostic_not_run
mature_reversal_1m,bb369075142d3928f6200811aac56377fac39b2c98f0bdf56fe00ad474caae4c,mature_public,Reversal,ReturnDynamics,1.0,development_data_derived_not_economic_prior,26559c272310fd361fcb0c8de4b658b77946058241e4bf26ede281a71d64950b,3/3,3,3,pass,pass,pass,all_conditions_pass,all_conditions_pass,all_conditions_pass,0.0634326785247225,3361,1.0,0.9999999999999999,0.012000124063217278,0.006583024832841774,0.9285714285714286,0.050326425354859004,0.006008915619725756,0.0012528455151405,0.0090427193914192,0.9086589448383826,False,False,raw_universe_no_tradability_cost_test;correlated_native_profiles;development_derived_direction;recent_diagnostic_not_run
mature_sales_to_price_pit,b0dc766a7ee51f0e6fc70160a92550a1e63f0b73a3d2450883ee117a03039fa0,mature_public,Value,Valuation,1.0,development_data_derived_not_economic_prior,26559c272310fd361fcb0c8de4b658b77946058241e4bf26ede281a71d64950b,2/3,2,3,pass,fail,pass,all_conditions_pass,weighted_return_annual_agreement_060,all_conditions_pass,0.029042420908978073,3361,0.7142857142857143,0.9999999999999999,0.0035844968387838067,0.0015721296033985627,0.5714285714285714,0.009331851336212041,0.0017928554518665543,0.0024146469644099,0.0174283059360687,0.9459566484456575,False,False,raw_universe_no_tradability_cost_test;correlated_native_profiles;development_derived_direction;recent_diagnostic_not_run
mature_sales_to_price_ttm,cf8b26659f02b11b5edc5d852fa44d83987d42cd766df72a7a081ed00cc495e4,mature_public,Value,Valuation,1.0,development_data_derived_not_economic_prior,26559c272310fd361fcb0c8de4b658b77946058241e4bf26ede281a71d64950b,2/3,2,3,pass,fail,pass,all_conditions_pass,weighted_return_annual_agreement_060,all_conditions_pass,0.02813963653816651,3361,0.7142857142857143,0.9999999999999999,0.003203499724279692,0.0014463831339184116,0.5714285714285714,0.008914458194000332,0.001605145330410385,0.0069370871186302,0.0500701255258616,0.9466049668036147,False,False,by_sensitivity_not_significant;raw_universe_no_tradability_cost_test;correlated_native_profiles;development_derived_direction;recent_diagnostic_not_run
mature_turnover_mean_20,5d91038dd8ee594243877e41f62b7b43389a94b44a3312436c847efc2cb694cf,mature_public,Liquidity,LiquidityTrading,-1.0,development_data_derived_not_economic_prior,26559c272310fd361fcb0c8de4b658b77946058241e4bf26ede281a71d64950b,2/3,2,3,fail,pass,pass,directional_quantile_monotonicity_080,all_conditions_pass,all_conditions_pass,-0.09242751302095145,3361,1.0,-0.7,-0.01330083749531285,-0.01032138406313482,1.0,-0.07179125275194298,-0.006653354519793264,0.0012528455151405,0.0090427193914192,0.9471456867431172,False,False,raw_universe_no_tradability_cost_test;correlated_native_profiles;development_derived_direction;recent_diagnostic_not_run
mature_turnover_rate_free_float,a999c8138dd6b92d8db2273bcf17de7f7e4d747c93395b75d971858732b838bf,mature_public,Liquidity,LiquidityTrading,-1.0,development_data_derived_not_economic_prior,26559c272310fd361fcb0c8de4b658b77946058241e4bf26ede281a71d64950b,2/3,2,3,fail,pass,pass,directional_quantile_monotonicity_080,all_conditions_pass,all_conditions_pass,-0.08994894664417881,3361,1.0,-0.3,-0.012934891321726545,-0.012195676114027158,1.0,-0.07708594012478126,-0.006481559418703398,0.0012528455151405,0.0090427193914192,0.9471549311142802,False,False,raw_universe_no_tradability_cost_test;correlated_native_profiles;development_derived_direction;recent_diagnostic_not_run
mature_turnover_volatility_20,69d224bc335bd6d5b7ab1193c3d715de24cc28573463cb5f6acc4a825fb73100,mature_public,Liquidity,LiquidityTrading,-1.0,development_data_derived_not_economic_prior,26559c272310fd361fcb0c8de4b658b77946058241e4bf26ede281a71d64950b,2/3,2,3,fail,pass,pass,directional_quantile_monotonicity_080,all_conditions_pass,all_conditions_pass,-0.09802112542498369,3361,1.0,-0.7,-0.01496206561786657,-0.010947973482079447,1.0,-0.07323567688898408,-0.00748078135041205,0.0012528455151405,0.0090427193914192,0.9471456867431172,False,False,raw_universe_no_tradability_cost_test;correlated_native_profiles;development_derived_direction;recent_diagnostic_not_run
mature_vwap_deviation_20,b6c1e71dcd022727e3e8a9b815a67d39d9f8b86fdf47be1f1bd118642bfe0402,mature_public,TradingBehavior,TradingBehavior,-1.0,development_data_derived_not_economic_prior,26559c272310fd361fcb0c8de4b658b77946058241e4bf26ede281a71d64950b,3/3,3,3,pass,pass,pass,all_conditions_pass,all_conditions_pass,all_conditions_pass,-0.04070564233675794,3361,1.0,-0.9999999999999999,-0.011300384969640706,-0.005520843835396542,0.8571428571428571,-0.03151335312683103,-0.005654979754134175,0.0012528455151405,0.0090427193914192,0.9355224812498389,False,False,raw_universe_no_tradability_cost_test;correlated_native_profiles;development_derived_direction;recent_diagnostic_not_run
ret_10,10e3a1a8783251a28f6ac3d70f24a5b8862d816967ee6273dee666edb03bf8a3,project_basic,MomentumTrend,ReturnDynamics,-1.0,development_data_derived_not_economic_prior,26559c272310fd361fcb0c8de4b658b77946058241e4bf26ede281a71d64950b,2/3,2,3,fail,pass,pass,directional_quantile_monotonicity_080,all_conditions_pass,all_conditions_pass,-0.041671085324543715,3361,1.0,-0.7,-0.008303988465247629,-0.0051370949061463845,0.9285714285714286,-0.03790494677834096,-0.004150933453692499,0.0012528455151405,0.0090427193914192,0.9285006993897199,False,False,raw_universe_no_tradability_cost_test;correlated_native_profiles;development_derived_direction;recent_diagnostic_not_run
ret_20,75b40893370f4397a933c8b9cfab5ca6383f504484e67db024c1035d4381d877,project_basic,MomentumTrend,ReturnDynamics,-1.0,development_data_derived_not_economic_prior,26559c272310fd361fcb0c8de4b658b77946058241e4bf26ede281a71d64950b,3/3,3,3,pass,pass,pass,all_conditions_pass,all_conditions_pass,all_conditions_pass,-0.06290325494289574,3361,1.0,-0.9999999999999999,-0.011972383226887885,-0.006643501190067253,0.9285714285714286,-0.05039389716825432,-0.005992009362094792,0.0012528455151405,0.0090427193914192,0.9167241282633767,False,False,raw_universe_no_tradability_cost_test;correlated_native_profiles;development_derived_direction;recent_diagnostic_not_run
ret_5,f8fa982aad7356a5ba0c99069f88006eada183734f5e182585baa1a8b65525aa,project_basic,MomentumTrend,ReturnDynamics,-1.0,development_data_derived_not_economic_prior,26559c272310fd361fcb0c8de4b658b77946058241e4bf26ede281a71d64950b,2/3,2,3,fail,pass,pass,directional_quantile_monotonicity_080,all_conditions_pass,all_conditions_pass,-0.028624974577488763,3361,1.0,-0.3,-0.006108769597574043,-0.004041549132873643,0.9285714285714286,-0.029895877778603697,-0.0030543491284605938,0.0012528455151405,0.0090427193914192,0.9355488504397138,False,False,raw_universe_no_tradability_cost_test;correlated_native_profiles;development_derived_direction;recent_diagnostic_not_run
rev_20_exclude_5,cb89b1b59d067bd4b0299ba15257dacaa9b79c9f61b2e881ed925ca60f4cd893,project_basic,Reversal,ReturnDynamics,1.0,development_data_derived_not_economic_prior,26559c272310fd361fcb0c8de4b658b77946058241e4bf26ede281a71d64950b,3/3,3,3,pass,pass,pass,all_conditions_pass,all_conditions_pass,all_conditions_pass,0.047332129214988895,3361,1.0,0.8999999999999998,0.008852528815749461,0.0047995529953029645,0.7857142857142857,0.03730455479532588,0.0044331530549651995,0.0012528455151405,0.0090427193914192,0.9138510989435654,False,False,raw_universe_no_tradability_cost_test;correlated_native_profiles;development_derived_direction;recent_diagnostic_not_run
rev_5,271b78e4effe9bd388a3d2d8f133c70a9fb826b590a1f20d1343c2558840dab8,project_basic,Reversal,ReturnDynamics,1.0,development_data_derived_not_economic_prior,26559c272310fd361fcb0c8de4b658b77946058241e4bf26ede281a71d64950b,2/3,2,3,fail,pass,pass,directional_quantile_monotonicity_080,all_conditions_pass,all_conditions_pass,0.028624974577488763,3361,1.0,0.3,0.006101114977911533,0.004041549132873643,0.9285714285714286,0.029895877778603697,0.0030543491284605938,0.0012528455151405,0.0090427193914192,0.9355488504397138,False,False,raw_universe_no_tradability_cost_test;correlated_native_profiles;development_derived_direction;recent_diagnostic_not_run
std_20,10ce63bd195a901832571ac18d7d7e669980ea873523700c697bc18d07dba25b,project_basic,VolatilityRisk,RiskLottery,-1.0,development_data_derived_not_economic_prior,26559c272310fd361fcb0c8de4b658b77946058241e4bf26ede281a71d64950b,2/3,2,3,fail,pass,pass,directional_quantile_monotonicity_080,all_conditions_pass,all_conditions_pass,-0.06953683973735549,3361,0.9285714285714286,-0.3,-0.006102196855685652,-0.003574658437022716,0.8571428571428571,-0.03831846918107525,-0.0030509613207733263,0.0012528455151405,0.0090427193914192,0.867067155052352,False,False,raw_universe_no_tradability_cost_test;correlated_native_profiles;development_derived_direction;recent_diagnostic_not_run
ta_momentum_ao,26aafde5bd0ed0323a67578dc89b36eafefaddfe1221f2b9f3d1862b3f0c6706,ta,MomentumTrend,ReturnDynamics,-1.0,development_data_derived_not_economic_prior,26559c272310fd361fcb0c8de4b658b77946058241e4bf26ede281a71d64950b,2/3,2,3,fail,pass,pass,directional_quantile_monotonicity_080,all_conditions_pass,all_conditions_pass,-0.049418148085784784,3361,1.0,-0.7,-0.008399261841465819,-0.003940161341269539,0.7857142857142857,-0.02025615187933214,-0.004200210790420119,0.0012528455151405,0.0090427193914192,0.821714118579519,False,False,raw_universe_no_tradability_cost_test;correlated_native_profiles;development_derived_direction;recent_diagnostic_not_run
ta_momentum_kama,5ee923391ceb9eb40dd0369c6a3c0a0a2be754f5ec90dac520c7f056b0f85640,ta,MomentumTrend,ReturnDynamics,-1.0,development_data_derived_not_economic_prior,26559c272310fd361fcb0c8de4b658b77946058241e4bf26ede281a71d64950b,3/3,3,3,pass,pass,pass,all_conditions_pass,all_conditions_pass,all_conditions_pass,-0.023721363917702857,3361,0.7857142857142857,-0.9999999999999999,-0.005584680480279239,-0.002221503287850518,0.7857142857142857,-0.00949704632051755,-0.002794168397223183,0.0012528455151405,0.0090427193914192,0.9146562685171574,True,False,direction_instability;raw_universe_no_tradability_cost_test;correlated_native_profiles;development_derived_direction;recent_diagnostic_not_run
ta_momentum_ppo,a60bed965b3ac1d0f9f832152be83e1d10f8d981d217ad4f4575c1a1e45e2c5c,ta,MomentumTrend,ReturnDynamics,-1.0,development_data_derived_not_economic_prior,26559c272310fd361fcb0c8de4b658b77946058241e4bf26ede281a71d64950b,3/3,3,3,pass,pass,pass,all_conditions_pass,all_conditions_pass,all_conditions_pass,-0.06646285358652415,3361,0.9285714285714286,-0.9999999999999999,-0.011868775839205904,-0.005977759355358203,0.7857142857142857,-0.04772797358481103,-0.005936411121704266,0.0012528455151405,0.0090427193914192,0.9389072850191177,False,False,raw_universe_no_tradability_cost_test;correlated_native_profiles;development_derived_direction;recent_diagnostic_not_run
ta_momentum_ppo_hist,8e340686676d4d6f1762931fe7f4106113f8dd7b1840d6d2373d15022347a627,ta,MomentumTrend,ReturnDynamics,-1.0,development_data_derived_not_economic_prior,26559c272310fd361fcb0c8de4b658b77946058241e4bf26ede281a71d64950b,2/3,2,3,fail,pass,pass,directional_quantile_monotonicity_080,all_conditions_pass,all_conditions_pass,-0.02242137029986613,3361,0.8571428571428571,-0.3,-0.005514702462603233,-0.0028725826082572677,0.8571428571428571,-0.019686780314211845,-0.0027559955163018153,0.0024146469644099,0.0174283059360687,0.9350437440612492,False,False,raw_universe_no_tradability_cost_test;correlated_native_profiles;development_derived_direction;recent_diagnostic_not_run
ta_momentum_ppo_signal,e3ba3db30be9c54744f482900c1e48a57348d4141eca6e0362d8e12228889bbd,ta,MomentumTrend,ReturnDynamics,-1.0,development_data_derived_not_economic_prior,26559c272310fd361fcb0c8de4b658b77946058241e4bf26ede281a71d64950b,3/3,3,3,pass,pass,pass,all_conditions_pass,all_conditions_pass,all_conditions_pass,-0.0626053029912545,3361,0.9285714285714286,-0.9999999999999999,-0.010748179823868016,-0.0053139925023045955,0.7857142857142857,-0.04352106992485126,-0.0053754849712955,0.0012528455151405,0.0090427193914192,0.9350437440612492,False,False,raw_universe_no_tradability_cost_test;correlated_native_profiles;development_derived_direction;recent_diagnostic_not_run
ta_momentum_pvo,c499ceb81035bc5bb5421ba2b693c2ff5bb25a5eab6b51d621df114c2a2a9140,ta,MomentumTrend,ReturnDynamics,-1.0,development_data_derived_not_economic_prior,26559c272310fd361fcb0c8de4b658b77946058241e4bf26ede281a71d64950b,2/3,2,3,fail,pass,pass,directional_quantile_monotonicity_080,all_conditions_pass,all_conditions_pass,-0.038539941455214166,3361,0.9285714285714286,-0.3,-0.006506692865986315,-0.004136995926360308,0.8571428571428571,-0.032887780223904726,-0.003258750526700015,0.0012528455151405,0.0090427193914192,0.9389072850191177,False,False,raw_universe_no_tradability_cost_test;correlated_native_profiles;development_derived_direction;recent_diagnostic_not_run
ta_momentum_pvo_signal,daa1994d7892fe64b12de437effa5e532bcd4e1ab706bc5c249b8e37be0148ee,ta,MomentumTrend,ReturnDynamics,-1.0,development_data_derived_not_economic_prior,26559c272310fd361fcb0c8de4b658b77946058241e4bf26ede281a71d64950b,2/3,2,3,fail,pass,pass,directional_quantile_monotonicity_080,all_conditions_pass,all_conditions_pass,-0.043281804771619574,3361,0.9285714285714286,-0.7,-0.00731679882297805,-0.0040224509962090895,0.8571428571428571,-0.03327467248469961,-0.0036598827544266554,0.0012528455151405,0.0090427193914192,0.9350437440612492,False,False,raw_universe_no_tradability_cost_test;correlated_native_profiles;development_derived_direction;recent_diagnostic_not_run
ta_momentum_roc,8fc9352076aac750c0fdb4a90e656526c30cc042b18acded1fee453649372890,ta,MomentumTrend,ReturnDynamics,-1.0,development_data_derived_not_economic_prior,26559c272310fd361fcb0c8de4b658b77946058241e4bf26ede281a71d64950b,2/3,2,3,fail,pass,pass,directional_quantile_monotonicity_080,all_conditions_pass,all_conditions_pass,-0.04734229950440375,3361,1.0,-0.7,-0.0094041853437894,-0.005623660258940359,0.9285714285714286,-0.04136996268729014,-0.004704031560616229,0.0012528455151405,0.0090427193914192,0.9260727638093478,False,False,raw_universe_no_tradability_cost_test;correlated_native_profiles;development_derived_direction;recent_diagnostic_not_run
ta_momentum_rsi,f8a9f5457c944a5210921d24d8d1fb1efc6e50b70cfc50ddff5b69dac62f38db,ta,MomentumTrend,ReturnDynamics,-1.0,development_data_derived_not_economic_prior,26559c272310fd361fcb0c8de4b658b77946058241e4bf26ede281a71d64950b,2/3,2,3,fail,pass,pass,directional_quantile_monotonicity_080,all_conditions_pass,all_conditions_pass,-0.047636178886781226,3361,0.9285714285714286,-0.7,-0.007333578083715868,-0.003346097248799904,0.7142857142857143,-0.02678676551437032,-0.003670959823277117,0.0012528455151405,0.0090427193914192,0.9506877963692354,False,False,raw_universe_no_tradability_cost_test;correlated_native_profiles;development_derived_direction;recent_diagnostic_not_run
ta_momentum_tsi,1e36c9bbbc15f0b2419fe699759e6ff250a1b5c984391c44211362fa9be1b0c3,ta,MomentumTrend,ReturnDynamics,-1.0,development_data_derived_not_economic_prior,26559c272310fd361fcb0c8de4b658b77946058241e4bf26ede281a71d64950b,3/3,3,3,pass,pass,pass,all_conditions_pass,all_conditions_pass,all_conditions_pass,-0.052301595601575615,3361,0.8571428571428571,-0.9999999999999999,-0.007936651579527417,-0.003515061205933906,0.7857142857142857,-0.028884410103064223,-0.003964076305802532,0.0012528455151405,0.0090427193914192,0.9330287742418479,False,False,raw_universe_no_tradability_cost_test;correlated_native_profiles;development_derived_direction;recent_diagnostic_not_run
ta_momentum_uo,826595d7239c6de591c446faa3379fd9692cff0f878413d4963946c939fa7d20,ta,MomentumTrend,ReturnDynamics,-1.0,development_data_derived_not_economic_prior,26559c272310fd361fcb0c8de4b658b77946058241e4bf26ede281a71d64950b,2/3,2,3,fail,pass,pass,directional_quantile_monotonicity_080,all_conditions_pass,all_conditions_pass,-0.027704493259326654,3361,0.8571428571428571,-0.7,-0.006566787951983518,-0.0033805788456538984,0.7857142857142857,-0.02543814176047,-0.003286012665634579,0.0012528455151405,0.0090427193914192,0.8386316209019778,False,False,raw_universe_no_tradability_cost_test;correlated_native_profiles;development_derived_direction;recent_diagnostic_not_run
ta_trend_adx_neg,28dd9dc52d3973cf5219b3b879e22cb8b270b5f7d68d9e59ecca4f5e0589f734,ta,MomentumTrend,ReturnDynamics,1.0,development_data_derived_not_economic_prior,26559c272310fd361fcb0c8de4b658b77946058241e4bf26ede281a71d64950b,3/3,3,3,pass,pass,pass,all_conditions_pass,all_conditions_pass,all_conditions_pass,0.049794168707317454,2413,0.8,0.8999999999999998,0.009040807787589726,0.003970043733831203,0.6,0.03099059555226573,0.004537027653702574,0.0012528455151405,0.0090427193914192,0.3525866811343601,False,False,low_sample_coverage;raw_universe_no_tradability_cost_test;correlated_native_profiles;development_derived_direction;recent_diagnostic_not_run
ta_trend_adx_pos,cd6c1da400b3c6fc90dfa795e2c4fde56b7fe5d3cefe78e2b16ff743aaa9c65a,ta,MomentumTrend,ReturnDynamics,-1.0,development_data_derived_not_economic_prior,26559c272310fd361fcb0c8de4b658b77946058241e4bf26ede281a71d64950b,3/3,3,3,pass,pass,pass,all_conditions_pass,all_conditions_pass,all_conditions_pass,-0.04820690982307734,2413,1.0,-0.8999999999999998,-0.006699550249774141,-0.003644245601723609,0.7,-0.03149574138290591,-0.0033620203448622536,0.0012528455151405,0.0090427193914192,0.3525866811343601,False,False,low_sample_coverage;raw_universe_no_tradability_cost_test;correlated_native_profiles;development_derived_direction;recent_diagnostic_not_run
ta_trend_aroon_down,b64653ace38cf3120203f8078ec14a1ffcdf342799f4e67295f351c8b7e038bc,ta,MomentumTrend,ReturnDynamics,1.0,development_data_derived_not_economic_prior,26559c272310fd361fcb0c8de4b658b77946058241e4bf26ede281a71d64950b,2/3,2,3,fail,pass,pass,minimum_1260_quantile_dates;directional_quantile_monotonicity_080,all_conditions_pass,all_conditions_pass,0.04037398917719603,3361,0.9285714285714286,0.7,0.0006633494804423088,0.003907998197901623,0.7142857142857143,0.029227060573527832,0.0035317456695212438,0.0012528455151405,0.0090427193914192,0.849087762422692,False,False,raw_universe_no_tradability_cost_test;correlated_native_profiles;development_derived_direction;recent_diagnostic_not_run
ta_trend_aroon_ind,60e9b81814ac6f6b77ab88b4b5531d2bb6fe76ef2176ce1ba12c134a867581a0,ta,MomentumTrend,ReturnDynamics,-1.0,development_data_derived_not_economic_prior,26559c272310fd361fcb0c8de4b658b77946058241e4bf26ede281a71d64950b,3/3,3,3,pass,pass,pass,all_conditions_pass,all_conditions_pass,all_conditions_pass,-0.05002599075565616,3361,1.0,-0.9999999999999999,-0.009177851939697853,-0.004280611129208544,0.7142857142857143,-0.03445845638983778,-0.004572233204605117,0.0012528455151405,0.0090427193914192,0.849087762422692,False,False,raw_universe_no_tradability_cost_test;correlated_native_profiles;development_derived_direction;recent_diagnostic_not_run
ta_trend_aroon_up,64c9d4d43229e51466612d54fdfb09d1f069073fdaa9d0cc4fe6601048897b61,ta,MomentumTrend,ReturnDynamics,-1.0,development_data_derived_not_economic_prior,26559c272310fd361fcb0c8de4b658b77946058241e4bf26ede281a71d64950b,3/3,3,3,pass,pass,pass,all_conditions_pass,all_conditions_pass,all_conditions_pass,-0.04263861525161787,3361,1.0,-0.9999999999999999,-0.008136474710158248,-0.00356794702537922,0.7142857142857143,-0.030227086584017362,-0.0037676826366784127,0.0012528455151405,0.0090427193914192,0.849087762422692,False,False,raw_universe_no_tradability_cost_test;correlated_native_profiles;development_derived_direction;recent_diagnostic_not_run
ta_trend_cci,a36047575de6dbc037d0bf5bb2539a39535a2e1319b9f06b6515cac842570c43,ta,MomentumTrend,ReturnDynamics,-1.0,development_data_derived_not_economic_prior,26559c272310fd361fcb0c8de4b658b77946058241e4bf26ede281a71d64950b,2/3,2,3,fail,pass,pass,directional_quantile_monotonicity_080,all_conditions_pass,all_conditions_pass,-0.038715011879646134,3361,1.0,-0.3,-0.006898215086931248,-0.0037500774859562493,0.7857142857142857,-0.02866827326185623,-0.00344951169935475,0.0012528455151405,0.0090427193914192,0.8707696014766746,False,False,raw_universe_no_tradability_cost_test;correlated_native_profiles;development_derived_direction;recent_diagnostic_not_run
ta_trend_ema_fast,ba73f7460ca6eaf010c77998172986c3c5e80766b30dc2031a1eaa7e9d4a0938,ta,MomentumTrend,ReturnDynamics,-1.0,development_data_derived_not_economic_prior,26559c272310fd361fcb0c8de4b658b77946058241e4bf26ede281a71d64950b,3/3,3,3,pass,pass,pass,all_conditions_pass,all_conditions_pass,all_conditions_pass,-0.024310012283575766,3361,0.7857142857142857,-0.9999999999999999,-0.005855629075741182,-0.002269941674712648,0.7857142857142857,-0.00979805778411304,-0.002934413386933203,0.0012528455151405,0.0090427193914192,0.9455777807750421,True,False,direction_instability;raw_universe_no_tradability_cost_test;correlated_native_profiles;development_derived_direction;recent_diagnostic_not_run
ta_trend_ema_slow,704e261cc5f37abaed846745101898e5a24dc918f4348e5aabe552eea1213366,ta,MomentumTrend,ReturnDynamics,-1.0,development_data_derived_not_economic_prior,26559c272310fd361fcb0c8de4b658b77946058241e4bf26ede281a71d64950b,3/3,3,3,pass,pass,pass,all_conditions_pass,all_conditions_pass,all_conditions_pass,-0.022035191011931708,3361,0.7857142857142857,-0.9999999999999999,-0.005362832744106314,-0.00211105298521172,0.7857142857142857,-0.008978078831074408,-0.00268422376040309,0.0024146469644099,0.0174283059360687,0.9389072850191177,True,False,direction_instability;raw_universe_no_tradability_cost_test;correlated_native_profiles;development_derived_direction;recent_diagnostic_not_run
ta_trend_ichimoku_a,7369a6a195156d5c88e46f891b340807d3fbb53dfc5b5e7174ba589136c3e26a,ta,MomentumTrend,ReturnDynamics,-1.0,development_data_derived_not_economic_prior,26559c272310fd361fcb0c8de4b658b77946058241e4bf26ede281a71d64950b,3/3,3,3,pass,pass,pass,all_conditions_pass,all_conditions_pass,all_conditions_pass,-0.023583640364575508,3361,0.7857142857142857,-0.9999999999999999,-0.005535672025554828,-0.002211343571239472,0.7857142857142857,-0.009442853793254906,-0.002775370088311908,0.0012528455151405,0.0090427193914192,0.849087762422692,True,False,direction_instability;raw_universe_no_tradability_cost_test;correlated_native_profiles;development_derived_direction;recent_diagnostic_not_run
ta_trend_ichimoku_b,ad6dd55cbeedf118d9d500893d8eff72df9b9c67fba246c338146066a38392e9,ta,MomentumTrend,ReturnDynamics,-1.0,development_data_derived_not_economic_prior,26559c272310fd361fcb0c8de4b658b77946058241e4bf26ede281a71d64950b,3/3,3,3,pass,pass,pass,all_conditions_pass,all_conditions_pass,all_conditions_pass,-0.02032261295321672,3361,0.7857142857142857,-0.9999999999999999,-0.0051433645120071494,-0.0019901748118684695,0.7857142857142857,-0.008372646608451549,-0.0025758379954959145,0.0035545849499337,0.0256560875756547,0.9505654978851606,True,False,direction_instability;raw_universe_no_tradability_cost_test;correlated_native_profiles;development_derived_direction;recent_diagnostic_not_run
ta_trend_ichimoku_base,3007b36690c71cdaa1d28b22bf7d4adcac429813da73a18a178787eaf5330c09,ta,MomentumTrend,ReturnDynamics,-1.0,development_data_derived_not_economic_prior,26559c272310fd361fcb0c8de4b658b77946058241e4bf26ede281a71d64950b,3/3,3,3,pass,pass,pass,all_conditions_pass,all_conditions_pass,all_conditions_pass,-0.022162811386533216,3361,0.7857142857142857,-0.9999999999999999,-0.005251463616818915,-0.002091583759316565,0.7857142857142857,-0.00885009420695678,-0.0026342460298698625,0.0024146469644099,0.0174283059360687,0.849087762422692,True,False,direction_instability;raw_universe_no_tradability_cost_test;correlated_native_profiles;development_derived_direction;recent_diagnostic_not_run
ta_trend_ichimoku_conv,a5e2a4bd11a0388524d4fcdf69c30fa519e18e82bb6fadb11518a0b50ea42811,ta,MomentumTrend,ReturnDynamics,-1.0,development_data_derived_not_economic_prior,26559c272310fd361fcb0c8de4b658b77946058241e4bf26ede281a71d64950b,3/3,3,3,pass,pass,pass,all_conditions_pass,all_conditions_pass,all_conditions_pass,-0.025096780650499587,3361,0.7857142857142857,-0.9999999999999999,-0.005828437648075027,-0.0022943564510487257,0.7857142857142857,-0.009963345913439624,-0.002914508135350831,0.0012528455151405,0.0090427193914192,0.9137086446994139,True,False,direction_instability;raw_universe_no_tradability_cost_test;correlated_native_profiles;development_derived_direction;recent_diagnostic_not_run
ta_trend_kst,fd6fb20c12528434302a5b14d90086ae2744f888cff43a7f2cfe2cf629b0706d,ta,MomentumTrend,ReturnDynamics,-1.0,development_data_derived_not_economic_prior,26559c272310fd361fcb0c8de4b658b77946058241e4bf26ede281a71d64950b,3/3,3,3,pass,pass,pass,all_conditions_pass,all_conditions_pass,all_conditions_pass,-0.06487522933519506,3361,1.0,-0.9999999999999999,-0.01120084326626935,-0.005615483682975309,0.7857142857142857,-0.04648170741566218,-0.0056074957442891855,0.0012528455151405,0.0090427193914192,0.7868931487085916,False,False,low_sample_coverage;raw_universe_no_tradability_cost_test;correlated_native_profiles;development_derived_direction;recent_diagnostic_not_run
ta_trend_kst_diff,2db05a3401a464f6b1a45b647596aa01562bc729b4426329e0f2360fea016110,ta,MomentumTrend,ReturnDynamics,-1.0,development_data_derived_not_economic_prior,26559c272310fd361fcb0c8de4b658b77946058241e4bf26ede281a71d64950b,2/3,2,3,fail,pass,pass,directional_quantile_monotonicity_080,all_conditions_pass,all_conditions_pass,-0.027221437781571704,3361,0.8571428571428571,-0.39999999999999997,-0.006720159529646547,-0.0036242080711152455,0.8571428571428571,-0.024303792699811873,-0.003340992394305677,0.0012528455151405,0.0090427193914192,0.7868931487085916,False,False,low_sample_coverage;raw_universe_no_tradability_cost_test;correlated_native_profiles;development_derived_direction;recent_diagnostic_not_run
ta_trend_kst_sig,bf426c0ca139b3a0b94822376a1c0d279eb1b796191b04f4a85305bd198affaf,ta,MomentumTrend,ReturnDynamics,-1.0,development_data_derived_not_economic_prior,26559c272310fd361fcb0c8de4b658b77946058241e4bf26ede281a71d64950b,3/3,3,3,pass,pass,pass,all_conditions_pass,all_conditions_pass,all_conditions_pass,-0.05582295914802845,3361,0.7857142857142857,-0.9999999999999999,-0.008777907860980066,-0.004339281920052829,0.7857142857142857,-0.03825080828875708,-0.00440009823348147,0.0012528455151405,0.0090427193914192,0.799840572484205,False,False,low_sample_coverage;raw_universe_no_tradability_cost_test;correlated_native_profiles;development_derived_direction;recent_diagnostic_not_run
ta_trend_macd,ca5d47f1af4dff515d7f334d2b71d59f8ab887c358012eb0743eb370d0920f6a,ta,MomentumTrend,ReturnDynamics,-1.0,development_data_derived_not_economic_prior,26559c272310fd361fcb0c8de4b658b77946058241e4bf26ede281a71d64950b,2/3,2,3,fail,pass,pass,directional_quantile_monotonicity_080,all_conditions_pass,all_conditions_pass,-0.05214885518851683,3361,1.0,-0.7,-0.008584592540886156,-0.003946823825854632,0.7857142857142857,-0.02013482580374194,-0.004296716949741922,0.0012528455151405,0.0090427193914192,0.9389072850191177,False,False,raw_universe_no_tradability_cost_test;correlated_native_profiles;development_derived_direction;recent_diagnostic_not_run
ta_trend_macd_diff,765b28e20a38e02dc2593e7401a3858fde360a83e2b124c02b99db4bbe013750,ta,MomentumTrend,ReturnDynamics,-1.0,development_data_derived_not_economic_prior,26559c272310fd361fcb0c8de4b658b77946058241e4bf26ede281a71d64950b,2/3,2,3,fail,pass,pass,directional_quantile_monotonicity_080,all_conditions_pass,all_conditions_pass,-0.021116311597475807,3361,0.8571428571428571,-0.3,-0.004498370368714547,-0.0017808372850633722,0.7857142857142857,-0.00969495314613718,-0.002246485763350493,0.0012528455151405,0.0090427193914192,0.9350437440612492,False,False,raw_universe_no_tradability_cost_test;correlated_native_profiles;development_derived_direction;recent_diagnostic_not_run
ta_trend_macd_signal,51b929178d8237a64d8549b3e5e301c2e88f8050c810f8a511ac5e410f8ef82f,ta,MomentumTrend,ReturnDynamics,-1.0,development_data_derived_not_economic_prior,26559c272310fd361fcb0c8de4b658b77946058241e4bf26ede281a71d64950b,2/3,2,3,fail,pass,pass,directional_quantile_monotonicity_080,all_conditions_pass,all_conditions_pass,-0.04928236895599,3361,1.0,-0.7,-0.007934570789305614,-0.0035112246181153656,0.7142857142857143,-0.017842879137056022,-0.00396387873589046,0.0012528455151405,0.0090427193914192,0.9350437440612492,False,False,raw_universe_no_tradability_cost_test;correlated_native_profiles;development_derived_direction;recent_diagnostic_not_run
ta_trend_mass_index,f2b0ee9786af031d508699f9d5821795cbbe2db4114d9eda49e6730ccf08c604,ta,MomentumTrend,ReturnDynamics,-1.0,development_data_derived_not_economic_prior,26559c272310fd361fcb0c8de4b658b77946058241e4bf26ede281a71d64950b,3/3,3,3,pass,pass,pass,all_conditions_pass,all_conditions_pass,all_conditions_pass,-0.04226235408532639,3361,1.0,-0.8999999999999998,-0.006410489499885499,-0.0031018063793636233,0.8571428571428571,-0.026683664850641605,-0.0032061678709052765,0.0012528455151405,0.0090427193914192,0.9324098560151305,False,False,raw_universe_no_tradability_cost_test;correlated_native_profiles;development_derived_direction;recent_diagnostic_not_run
ta_trend_psar_down,063d51c0faff805517f96e1ec95d0136cd5621039808ac1abfd9b44eb31db76f,ta,MomentumTrend,ReturnDynamics,-1.0,development_data_derived_not_economic_prior,26559c272310fd361fcb0c8de4b658b77946058241e4bf26ede281a71d64950b,3/3,3,3,pass,pass,pass,all_conditions_pass,all_conditions_pass,all_conditions_pass,-0.025438397545296147,3343,0.7857142857142857,-0.9999999999999999,-0.005754807446931679,-0.002160808251059936,0.7142857142857143,-0.010145146761944179,-0.0028996053573322406,0.0024146469644099,0.0174283059360687,0.38278379840602794,True,False,direction_instability;low_sample_coverage;raw_universe_no_tradability_cost_test;correlated_native_profiles;development_derived_direction;recent_diagnostic_not_run
ta_trend_sma_fast,effad2c5f2fe8cfc3f4fb0c0aa8eadd48a69f0b5e11aa719a47f8cb07e8a4bca,ta,MomentumTrend,ReturnDynamics,-1.0,development_data_derived_not_economic_prior,26559c272310fd361fcb0c8de4b658b77946058241e4bf26ede281a71d64950b,3/3,3,3,pass,pass,pass,all_conditions_pass,all_conditions_pass,all_conditions_pass,-0.0235853946033929,3361,0.7857142857142857,-0.9999999999999999,-0.005547192551078109,-0.0021831276222194747,0.7857142857142857,-0.009338453926183089,-0.0027776781786425847,0.0012528455151405,0.0090427193914192,0.9015688152504846,True,False,direction_instability;raw_universe_no_tradability_cost_test;correlated_native_profiles;development_derived_direction;recent_diagnostic_not_run
ta_trend_sma_slow,08aa19a90b09e48f941d07a70c5c929b4329cc4ae52c6aa2160d3ae81d83b405,ta,MomentumTrend,ReturnDynamics,-1.0,development_data_derived_not_economic_prior,26559c272310fd361fcb0c8de4b658b77946058241e4bf26ede281a71d64950b,3/3,3,3,pass,pass,pass,all_conditions_pass,all_conditions_pass,all_conditions_pass,-0.020568202286778043,3361,0.7857142857142857,-0.9999999999999999,-0.004968370885612028,-0.001974169011236282,0.7857142857142857,-0.008267869318423741,-0.0024843357748358702,0.0035545849499337,0.0256560875756547,0.849087762422692,True,False,direction_instability;raw_universe_no_tradability_cost_test;correlated_native_profiles;development_derived_direction;recent_diagnostic_not_run
ta_trend_stc,b9130af2b85e5337f05132c96e056eeef64189422c9d3bfe56b6fde8ae70b2e0,ta,MomentumTrend,ReturnDynamics,-1.0,development_data_derived_not_economic_prior,26559c272310fd361fcb0c8de4b658b77946058241e4bf26ede281a71d64950b,2/3,2,3,fail,pass,pass,directional_quantile_monotonicity_080,all_conditions_pass,all_conditions_pass,-0.025079883552054913,3361,0.8571428571428571,-0.6,-0.005072860508038394,-0.0017336621695051143,0.8571428571428571,-0.01266810302061572,-0.002527390240878714,0.0012528455151405,0.0090427193914192,0.9143469609508669,False,False,raw_universe_no_tradability_cost_test;correlated_native_profiles;development_derived_direction;recent_diagnostic_not_run
ta_trend_trix,e9b956e5ab0acbb49ca68e9ed620e14020333cf39b7b7d3fa7a79af857e8325c,ta,MomentumTrend,ReturnDynamics,-1.0,development_data_derived_not_economic_prior,26559c272310fd361fcb0c8de4b658b77946058241e4bf26ede281a71d64950b,3/3,3,3,pass,pass,pass,all_conditions_pass,all_conditions_pass,all_conditions_pass,-0.062221132222329355,3361,0.9285714285714286,-0.9999999999999999,-0.01080755785193851,-0.00538669438003636,0.7857142857142857,-0.0427770847428325,-0.0054073667045289615,0.0012528455151405,0.0090427193914192,0.9307355640051466,False,False,raw_universe_no_tradability_cost_test;correlated_native_profiles;development_derived_direction;recent_diagnostic_not_run
ta_trend_vortex_ind_diff,0fdadcd786ac1c218927359078e8f48a7e6b62d8fba6323e915c7fb7078d2ee7,ta,MomentumTrend,ReturnDynamics,-1.0,development_data_derived_not_economic_prior,26559c272310fd361fcb0c8de4b658b77946058241e4bf26ede281a71d64950b,2/3,2,3,fail,pass,pass,directional_quantile_monotonicity_080,all_conditions_pass,all_conditions_pass,-0.03604361561336154,3361,0.9285714285714286,-0.7,-0.005927165618845126,-0.002638816782176157,0.6428571428571429,-0.021105895585359632,-0.0029581973677281687,0.0012528455151405,0.0090427193914192,0.8897682996873584,False,False,raw_universe_no_tradability_cost_test;correlated_native_profiles;development_derived_direction;recent_diagnostic_not_run
ta_trend_vortex_ind_neg,496fd746db9dc43f84a5439f01f9477d1cef99f279f508bc29d74fee5db3d54a,ta,MomentumTrend,ReturnDynamics,1.0,development_data_derived_not_economic_prior,26559c272310fd361fcb0c8de4b658b77946058241e4bf26ede281a71d64950b,2/3,2,3,fail,pass,pass,directional_quantile_monotonicity_080,all_conditions_pass,all_conditions_pass,0.04022220660560867,3361,0.9285714285714286,0.7,0.007051930351720312,0.0031502883907416185,0.6428571428571429,0.025005624624812307,0.003534027856112512,0.0012528455151405,0.0090427193914192,0.8897682996873584,False,False,raw_universe_no_tradability_cost_test;correlated_native_profiles;development_derived_direction;recent_diagnostic_not_run
ta_trend_vortex_ind_pos,e0e87fcab75a281557e57ea104e6f3e00768cfadc0c184336ff457e517285da0,ta,MomentumTrend,ReturnDynamics,-1.0,development_data_derived_not_economic_prior,26559c272310fd361fcb0c8de4b658b77946058241e4bf26ede281a71d64950b,2/3,2,3,fail,pass,pass,directional_quantile_monotonicity_080,all_conditions_pass,all_conditions_pass,-0.029818799563061084,3361,0.8571428571428571,-0.7,-0.004581670737717514,-0.00199676255690314,0.6428571428571429,-0.01613383027492936,-0.002285933698682754,0.0012528455151405,0.0090427193914192,0.8897682996873584,False,False,raw_universe_no_tradability_cost_test;correlated_native_profiles;development_derived_direction;recent_diagnostic_not_run
ta_volatility_atr,f4a1a20347a0bd06c3aeee87866660d08dd23c67e360643a0ded17274754afe6,ta,VolatilityRisk,RiskLottery,-1.0,development_data_derived_not_economic_prior,26559c272310fd361fcb0c8de4b658b77946058241e4bf26ede281a71d64950b,3/3,3,3,pass,pass,pass,all_conditions_pass,all_conditions_pass,all_conditions_pass,-0.040612911230469895,2413,0.7,-0.8999999999999998,-0.005672256945739106,-0.002725926124229706,0.7,-0.014820932655465085,-0.00281157781406051,0.0012528455151405,0.0090427193914192,0.348494910291713,True,False,direction_instability;low_sample_coverage;raw_universe_no_tradability_cost_test;correlated_native_profiles;development_derived_direction;recent_diagnostic_not_run
ta_volatility_bbh,c1eb8d1985d0a716cae81a005ce02e74361888760e1529dce79333edd323d800,ta,VolatilityRisk,RiskLottery,-1.0,development_data_derived_not_economic_prior,26559c272310fd361fcb0c8de4b658b77946058241e4bf26ede281a71d64950b,3/3,3,3,pass,pass,pass,all_conditions_pass,all_conditions_pass,all_conditions_pass,-0.023253429770298942,3361,0.7857142857142857,-0.9999999999999999,-0.005099522286699998,-0.002039612625221543,0.7857142857142857,-0.008893408756742875,-0.002558161145107155,0.0012528455151405,0.0090427193914192,0.8707696014766746,True,False,direction_instability;raw_universe_no_tradability_cost_test;correlated_native_profiles;development_derived_direction;recent_diagnostic_not_run
ta_volatility_bbhi,1de04a2144841559106d8dcc5d964c1c94887a391930eaa18e5350994e01aad6,ta,VolatilityRisk,RiskLottery,-1.0,development_data_derived_not_economic_prior,26559c272310fd361fcb0c8de4b658b77946058241e4bf26ede281a71d64950b,incomplete,2,2,unavailable,pass,pass,unavailable:positive_directional_quantile_spread;unavailable:directional_quantile_monotonicity_080;minimum_1260_quantile_dates,all_conditions_pass,all_conditions_pass,-0.02885731678616225,3335,1.0,,,-0.007619745827530279,1.0,-0.020795112152506765,-0.001066984568683652,0.0012528455151405,0.0090427193914192,0.9441987024540017,False,False,raw_universe_no_tradability_cost_test;correlated_native_profiles;development_derived_direction;recent_diagnostic_not_run
ta_volatility_bbm,7b0d4366dad0d7af6bf694beed163ff230aa42a4e6c738f75d08940fdf131caf,ta,VolatilityRisk,RiskLottery,-1.0,development_data_derived_not_economic_prior,26559c272310fd361fcb0c8de4b658b77946058241e4bf26ede281a71d64950b,3/3,3,3,pass,pass,pass,all_conditions_pass,all_conditions_pass,all_conditions_pass,-0.021707657679864406,3361,0.7857142857142857,-0.9999999999999999,-0.005187236122172127,-0.0020399648094916643,0.7857142857142857,-0.008632839614617553,-0.0025969308938140275,0.0024146469644099,0.0174283059360687,0.8707696014766746,True,False,direction_instability;raw_universe_no_tradability_cost_test;correlated_native_profiles;development_derived_direction;recent_diagnostic_not_run
ta_volatility_bbp,1561ae4614925eddca93db48e826755288cdd1b1d3844250c44b6e7f332007c8,ta,VolatilityRisk,RiskLottery,-1.0,development_data_derived_not_economic_prior,26559c272310fd361fcb0c8de4b658b77946058241e4bf26ede281a71d64950b,2/3,2,3,fail,pass,pass,directional_quantile_monotonicity_080,all_conditions_pass,all_conditions_pass,-0.03849987303582251,3361,1.0,-0.3,-0.006784745443467427,-0.003681873241091178,0.7857142857142857,-0.02815367055400223,-0.003395739486130781,0.0012528455151405,0.0090427193914192,0.8707696014766746,False,False,raw_universe_no_tradability_cost_test;correlated_native_profiles;development_derived_direction;recent_diagnostic_not_run
ta_volatility_dch,069cec277281276be6fb14324531d3942d7e0f29e3065b78963fb03183f08260,ta,VolatilityRisk,RiskLottery,-1.0,development_data_derived_not_economic_prior,26559c272310fd361fcb0c8de4b658b77946058241e4bf26ede281a71d64950b,3/3,3,3,pass,pass,pass,all_conditions_pass,all_conditions_pass,all_conditions_pass,-0.02491962980535046,3361,0.7857142857142857,-0.9999999999999999,-0.005446182214784619,-0.002169618579832069,0.7857142857142857,-0.009559043670903935,-0.002726022548523066,0.0012528455151405,0.0090427193914192,0.8707696014766746,True,False,direction_instability;raw_universe_no_tradability_cost_test;correlated_native_profiles;development_derived_direction;recent_diagnostic_not_run
ta_volatility_dcl,fcaabd17de0a1e6d836850fe383adaa321cb1f1a18e4a75c177c5879089d12db,ta,VolatilityRisk,RiskLottery,-1.0,development_data_derived_not_economic_prior,26559c272310fd361fcb0c8de4b658b77946058241e4bf26ede281a71d64950b,3/3,3,3,pass,pass,pass,all_conditions_pass,all_conditions_pass,all_conditions_pass,-0.020512308914558675,3361,0.7857142857142857,-0.9999999999999999,-0.005406671199815949,-0.002106839686589586,0.7857142857142857,-0.008571348195264285,-0.002710424355410215,0.0024146469644099,0.0174283059360687,0.8707696014766746,True,False,direction_instability;raw_universe_no_tradability_cost_test;correlated_native_profiles;development_derived_direction;recent_diagnostic_not_run
ta_volatility_dcm,8e453ce9452ae815609ea85f6a286f79d74fbeab5ef44da81b68f595189607d7,ta,VolatilityRisk,RiskLottery,-1.0,development_data_derived_not_economic_prior,26559c272310fd361fcb0c8de4b658b77946058241e4bf26ede281a71d64950b,3/3,3,3,pass,pass,pass,all_conditions_pass,all_conditions_pass,all_conditions_pass,-0.023000341539529,3361,0.7857142857142857,-0.9999999999999999,-0.005388108342988092,-0.0021299285577410423,0.7857142857142857,-0.009083614559813694,-0.00268966220376897,0.0012528455151405,0.0090427193914192,0.8707696014766746,True,False,direction_instability;raw_universe_no_tradability_cost_test;correlated_native_profiles;development_derived_direction;recent_diagnostic_not_run
ta_volatility_dcp,604dcdb5a9f04a240743b82602aa5fa6dc30672ff0635157b3c09aca53061b09,ta,VolatilityRisk,RiskLottery,-1.0,development_data_derived_not_economic_prior,26559c272310fd361fcb0c8de4b658b77946058241e4bf26ede281a71d64950b,2/3,2,3,fail,pass,pass,directional_quantile_monotonicity_080,all_conditions_pass,all_conditions_pass,-0.027356488475611063,3361,0.8571428571428571,-0.3,-0.003932761990304349,-0.002375709511105013,0.6428571428571429,-0.01781220922289213,-0.0021522307264121967,0.0012528455151405,0.0090427193914192,0.8707696014766746,False,False,raw_universe_no_tradability_cost_test;correlated_native_profiles;development_derived_direction;recent_diagnostic_not_run
ta_volatility_dcw,01ba624e465113b83b8d671689fa141f8e6bf76a0b1181bb5d8e38e3450bd0e2,ta,VolatilityRisk,RiskLottery,-1.0,development_data_derived_not_economic_prior,26559c272310fd361fcb0c8de4b658b77946058241e4bf26ede281a71d64950b,2/3,2,3,fail,pass,pass,directional_quantile_monotonicity_080,all_conditions_pass,all_conditions_pass,-0.0442642952215497,3361,0.9285714285714286,-0.09999999999999999,-0.0012831777564975516,-0.0016151797923254002,0.6428571428571429,-0.01745477007258552,-0.0006406910518750531,0.0012528455151405,0.0090427193914192,0.8707696014766746,False,False,raw_universe_no_tradability_cost_test;correlated_native_profiles;development_derived_direction;recent_diagnostic_not_run
ta_volatility_kcc,4795e5e651732b4d707aa38241bb4df1354ca447f5596bb04f4abcff1b07f0fa,ta,VolatilityRisk,RiskLottery,-1.0,development_data_derived_not_economic_prior,26559c272310fd361fcb0c8de4b658b77946058241e4bf26ede281a71d64950b,3/3,3,3,pass,pass,pass,all_conditions_pass,all_conditions_pass,all_conditions_pass,-0.02398468873370924,3361,0.7857142857142857,-0.9999999999999999,-0.005612446904598893,-0.002215020908405851,0.7857142857142857,-0.00953420074913856,-0.002815065726787909,0.0012528455151405,0.0090427193914192,0.9096268759632711,True,False,direction_instability;raw_universe_no_tradability_cost_test;correlated_native_profiles;development_derived_direction;recent_diagnostic_not_run
ta_volatility_kch,aeb8280efa2f8a852d594ed32a237d3e208d941e257b784facec2a713362158f,ta,VolatilityRisk,RiskLottery,-1.0,development_data_derived_not_economic_prior,26559c272310fd361fcb0c8de4b658b77946058241e4bf26ede281a71d64950b,3/3,3,3,pass,pass,pass,all_conditions_pass,all_conditions_pass,all_conditions_pass,-0.025640661588031036,3361,0.7857142857142857,-0.9999999999999999,-0.005886542244819481,-0.002322225546964339,0.7857142857142857,-0.010243868662324714,-0.0029446622210471556,0.0012528455151405,0.0090427193914192,0.9502158787987167,True,False,direction_instability;raw_universe_no_tradability_cost_test;correlated_native_profiles;development_derived_direction;recent_diagnostic_not_run
ta_volatility_kchi,2545996f595c5563cbc752ec38704a10cfc4877be796d9a1feb25accf46627e2,ta,VolatilityRisk,RiskLottery,-1.0,development_data_derived_not_economic_prior,26559c272310fd361fcb0c8de4b658b77946058241e4bf26ede281a71d64950b,incomplete,2,2,unavailable,pass,pass,unavailable:positive_directional_quantile_spread;unavailable:directional_quantile_monotonicity_080;minimum_1260_quantile_dates,all_conditions_pass,all_conditions_pass,-0.02897294478709654,3360,1.0,,,-0.0042239106501750275,0.7857142857142857,-0.01756772069227166,-0.0013804664942674257,0.0012528455151405,0.0090427193914192,0.9504601726727295,False,False,raw_universe_no_tradability_cost_test;correlated_native_profiles;development_derived_direction;recent_diagnostic_not_run
ta_volatility_kcl,8ccfee7bcbaf5af6ec8ae5ea42e89888f3f2f045fa37f4dcff8f1e374a6be09f,ta,VolatilityRisk,RiskLottery,-1.0,development_data_derived_not_economic_prior,26559c272310fd361fcb0c8de4b658b77946058241e4bf26ede281a71d64950b,3/3,3,3,pass,pass,pass,all_conditions_pass,all_conditions_pass,all_conditions_pass,-0.022938816932957965,3361,0.7857142857142857,-0.9999999999999999,-0.005668555739227807,-0.0022023664184535035,0.7857142857142857,-0.009395941352694299,-0.0028379643526227263,0.0012528455151405,0.0090427193914192,0.9502158787987167,True,False,direction_instability;raw_universe_no_tradability_cost_test;correlated_native_profiles;development_derived_direction;recent_diagnostic_not_run
ta_volatility_kcw,8385ac376cf0d869b52189293facc4b478babd6c5f1400c2736b6f05b2c4b31b,ta,VolatilityRisk,RiskLottery,-1.0,development_data_derived_not_economic_prior,26559c272310fd361fcb0c8de4b658b77946058241e4bf26ede281a71d64950b,2/3,2,3,fail,pass,pass,directional_quantile_monotonicity_080,all_conditions_pass,all_conditions_pass,-0.0775518489045317,3361,1.0,-0.39999999999999997,-0.007115094370582383,-0.004466921667670535,0.9285714285714286,-0.04436130930728389,-0.0035640998634764802,0.0012528455151405,0.0090427193914192,0.9096268759632711,False,False,raw_universe_no_tradability_cost_test;correlated_native_profiles;development_derived_direction;recent_diagnostic_not_run
ta_volume_cmf,fb1be475b1d631f0bbc3df1a0ad0f4c42dc44b5046e3efbcbc88b5ac9d178f8e,ta,Liquidity,LiquidityTrading,-1.0,development_data_derived_not_economic_prior,26559c272310fd361fcb0c8de4b658b77946058241e4bf26ede281a71d64950b,3/3,3,3,pass,pass,pass,all_conditions_pass,all_conditions_pass,all_conditions_pass,-0.02973751795741056,3361,0.8571428571428571,-0.8999999999999998,-0.007177521429525709,-0.0035495870296578655,0.7857142857142857,-0.026879850370352877,-0.0035925839639201823,0.0012528455151405,0.0090427193914192,0.8707696014766746,False,False,raw_universe_no_tradability_cost_test;correlated_native_profiles;development_derived_direction;recent_diagnostic_not_run
ta_volume_fi,940a0c88ed1bd421673f5fdf5df54986bb0c212efb71a351988e29c128a61e3b,ta,Liquidity,LiquidityTrading,-1.0,development_data_derived_not_economic_prior,26559c272310fd361fcb0c8de4b658b77946058241e4bf26ede281a71d64950b,2/3,2,3,fail,pass,pass,directional_quantile_monotonicity_080,all_conditions_pass,all_conditions_pass,-0.06956811182490069,3361,1.0,-0.7,-0.013326740683830092,-0.009314834811306566,0.9285714285714286,-0.03951399706891029,-0.006666429392092877,0.0012528455151405,0.0090427193914192,0.9446004537319224,False,False,raw_universe_no_tradability_cost_test;correlated_native_profiles;development_derived_direction;recent_diagnostic_not_run
ta_volume_mfi,41f23f973aa9dfa0b7379ee4dfe54deeadd576038db0adf0c3498778511876b9,ta,Liquidity,LiquidityTrading,-1.0,development_data_derived_not_economic_prior,26559c272310fd361fcb0c8de4b658b77946058241e4bf26ede281a71d64950b,2/3,2,3,fail,pass,pass,directional_quantile_monotonicity_080,all_conditions_pass,all_conditions_pass,-0.029923746728835347,3361,0.9285714285714286,-0.7,-0.004171412985882657,-0.0018756205575511595,0.7857142857142857,-0.015874544687471383,-0.0020844420513375047,0.0012528455151405,0.0090427193914192,0.8936668480179917,False,False,raw_universe_no_tradability_cost_test;correlated_native_profiles;development_derived_direction;recent_diagnostic_not_run
ta_volume_vwap,83dbf9e9edbf4afd47f25fb6be4965e638e1942acc22cc14665772532072da37,ta,Liquidity,LiquidityTrading,-1.0,development_data_derived_not_economic_prior,26559c272310fd361fcb0c8de4b658b77946058241e4bf26ede281a71d64950b,3/3,3,3,pass,pass,pass,all_conditions_pass,all_conditions_pass,all_conditions_pass,-0.02389081713219087,3361,0.7857142857142857,-0.9999999999999999,-0.005561969865517835,-0.0021925056163959,0.7857142857142857,-0.009420313226097056,-0.0027830785069492226,0.0012528455151405,0.0090427193914192,0.8936668480179917,True,False,direction_instability;raw_universe_no_tradability_cost_test;correlated_native_profiles;development_derived_direction;recent_diagnostic_not_run
