datetime,factor,count,ic,rank_ic
2017-01-10,ret_5,1862,0.1282664536264835,0.12464790506707778
2017-01-11,ret_5,1856,0.1829651306907121,0.21432402985021512
2017-01-12,ret_5,1859,0.12140948473342647,0.11970047878557578
2017-01-13,ret_5,1854,-0.13046756788725467,-0.20605461595671137
2017-01-16,ret_5,1853,-0.06640377221245995,-0.0029691187943285883
2017-01-17,ret_5,1855,-0.24120135294700798,-0.2463743783743781
2017-01-18,ret_5,1855,-0.2447427977416485,-0.3043164030920459
2017-01-19,ret_5,1856,-0.12924283399378603,-0.15266423115833716
2017-01-20,ret_5,1853,-0.0632354171367546,-0.15229673674279193
2017-01-23,ret_5,1851,0.05527961397027767,0.06254836867030665
2017-01-24,ret_5,1855,0.03636309029631011,-0.08419801843234469
2017-01-25,ret_5,1860,-0.04936742768840173,-0.09807054806203798
2017-01-26,ret_5,1856,-0.055594464144400974,-0.036480876449242555
2017-02-03,ret_5,1853,-0.11035798207546409,-0.12316387242449522
2017-02-06,ret_5,1862,-0.12170939734635564,-0.14475898240762114
2017-02-07,ret_5,1860,-0.12547575684769677,-0.1917794980912761
2017-02-08,ret_5,1862,-0.03257845988979261,-0.09844538007719691
2017-02-09,ret_5,1859,-0.030965242788751998,-0.10302316821927017
2017-02-10,ret_5,1847,0.11308303993373836,0.07080804223701945
2017-02-13,ret_5,1848,0.014814266671224603,0.056450784861974176
2017-02-14,ret_5,1849,0.17426693330859136,0.16071203803618336
2017-02-15,ret_5,1851,-0.0743170976621773,-0.13094218090211798
2017-02-16,ret_5,1849,-0.17332195270196676,-0.20299592169615702
2017-02-17,ret_5,1846,-0.2822743086767621,-0.34480447490745914
2017-02-20,ret_5,1839,-0.23711957075805956,-0.2793628830883699
2017-02-21,ret_5,1842,-0.13830974124071924,-0.1836988324474402
2017-02-22,ret_5,1845,-0.1699142248627307,-0.16024610563582978
2017-02-23,ret_5,1848,0.015698984301345982,0.05197012198732887
2017-02-24,ret_5,1850,0.10678825598080285,0.17347180969655832
2017-02-27,ret_5,1844,0.08011066717153516,0.1816288469392173
2017-02-28,ret_5,1845,-0.008992287171141769,0.07383808152762049
2017-03-01,ret_5,1847,-0.011411306636619538,0.06412309596530232
2017-03-02,ret_5,1853,-0.05534059284058622,-0.04682743825860587
2017-03-03,ret_5,1849,0.07306142417028863,0.03528584775039714
2017-03-06,ret_5,1852,0.13793057031299213,0.07210522061667299
2017-03-07,ret_5,1849,0.17242636266720401,0.11549040119265537
2017-03-08,ret_5,1853,0.07145736592750342,-0.008607119063646348
2017-03-09,ret_5,1857,-0.03048585999495839,-0.06732522952954019
2017-03-10,ret_5,1846,-0.033141575581387334,-0.0506063193213827
2017-03-13,ret_5,1849,0.0218935989991792,0.029226931389752343
2017-03-14,ret_5,1851,0.031180154048055415,0.04444304641537358
2017-03-15,ret_5,1850,0.014359356171866414,0.0720724719654969
2017-03-16,ret_5,1850,0.068421588225208,0.11305222068534922
2017-03-17,ret_5,1846,-0.02454724272373891,-0.019907271560424815
2017-03-20,ret_5,1841,-0.0032033376883287236,-0.06562252908261383
2017-03-21,ret_5,1844,-0.08650640141692667,-0.13298469421342604
2017-03-22,ret_5,1845,-0.030963077811617116,-0.05197024472481395
2017-03-23,ret_5,1844,-0.08153295510514398,-0.08138552381031063
2017-03-24,ret_5,1839,0.04401932093954784,0.0583033872242557
2017-03-27,ret_5,1836,0.11244774418767099,0.15069724550821592
2017-03-28,ret_5,1838,0.005836531996163353,0.06307943471342953
2017-03-29,ret_5,1838,0.042772086259875275,0.08333800860813037
2017-03-30,ret_5,1835,0.0802628670391822,0.09820865794033234
2017-03-31,ret_5,1841,0.07840681678494694,0.1411465506100592
2017-04-05,ret_5,1831,0.21724265815532143,0.20440233345663852
2017-04-06,ret_5,1824,0.2520193653331374,0.2011575930606131
2017-04-07,ret_5,1834,0.16038795455529586,0.08390537712125246
2017-04-10,ret_5,1834,0.015462666109671366,0.02171831342313786
2017-04-11,ret_5,1833,0.06581733469380124,0.014306837433463847
2017-04-12,ret_5,1821,-0.11120378401721291,-0.01624615835482939
2017-04-13,ret_5,1814,-0.1172855886123656,-0.02173925395056852
2017-04-14,ret_5,1812,-0.061637581677760955,0.0011647446400080517
2017-04-17,ret_5,1819,-0.015034280658887412,0.062201020722999156
2017-04-18,ret_5,1819,0.1759356425209911,0.22830145280152317
2017-04-19,ret_5,1818,0.09592977732370606,0.13814225605291494
2017-04-20,ret_5,1806,-0.006103792334009468,0.02310403379340391
2017-04-21,ret_5,1799,-0.2334414661599326,-0.2777097547619885
2017-04-24,ret_5,1821,-0.28715541619118135,-0.3314399439502482
2017-04-25,ret_5,1824,-0.23362840868500734,-0.2543958416785726
2017-04-26,ret_5,1824,-0.13334315994293644,-0.12560467615882018
2017-04-27,ret_5,1818,0.03341598657120371,0.07487711424783552
2017-04-28,ret_5,1811,-0.03762588229348185,0.04038030439725936
2017-05-02,ret_5,1817,-0.08865016752649693,-0.08377827213326745
2017-05-03,ret_5,1827,-0.03344200448391651,-0.04801312018885215
2017-05-04,ret_5,1822,0.012894839414166935,-0.037619454911205885
2017-05-05,ret_5,1819,0.025372504412364445,-0.03659107996286983
2017-05-08,ret_5,1810,0.07896643910195926,0.052450371531468136
2017-05-09,ret_5,1815,-0.1592703148805549,-0.13218619559886546
2017-05-10,ret_5,1824,-0.09009484435522488,-0.10104146148377445
2017-05-11,ret_5,1823,-0.18156785661573482,-0.20401969997286987
2017-05-12,ret_5,1821,-0.069350471944058,-0.027691335896228773
2017-05-15,ret_5,1817,0.05157155568341904,0.14138088077222852
2017-05-16,ret_5,1819,0.14573292603001148,0.21252246354391507
2017-05-17,ret_5,1820,0.09073414144032936,0.11696203332265245
2017-05-18,ret_5,1822,0.07543736438558767,0.0774136605195863
2017-05-19,ret_5,1823,-0.005556671651978682,0.0010318935857856015
2017-05-22,ret_5,1817,0.05152529900167404,0.08987713113651194
2017-05-23,ret_5,1810,0.1129891875306588,0.19183638612195072
2017-05-24,ret_5,1810,0.04201704620042811,0.08913071054693797
2017-05-25,ret_5,1812,0.033192500494446504,0.08290597717458635
2017-05-26,ret_5,1820,-0.043720310284452515,-0.06501986669715909
2017-05-31,ret_5,1821,-0.24049210772915042,-0.33756793712832556
2017-06-01,ret_5,1818,-0.273518238411926,-0.3212782872652994
2017-06-02,ret_5,1816,-0.048902007080393266,-0.039281902762959724
2017-06-05,ret_5,1821,-0.0954452834493108,-0.12088599464838733
2017-06-06,ret_5,1820,-0.03715670613021931,-0.058578620427300616
2017-06-07,ret_5,1820,-0.053157435742922726,-0.006025022707126608
2017-06-08,ret_5,1818,0.07553965572181738,0.14292248188925583
2017-06-09,ret_5,1811,0.0524607855526808,0.10134794322254964
2017-06-12,ret_5,1814,-0.24301102027570973,-0.27163330107768635
2017-06-13,ret_5,1819,-0.18161975227472052,-0.1405559345501895
2017-06-14,ret_5,1815,-0.10823344665561618,-0.04851820696013702
2017-06-15,ret_5,1818,-0.086503352130323,-0.09895913948173864
2017-06-16,ret_5,1818,-0.08536601723320768,-0.08745880519260706
2017-06-19,ret_5,1822,-0.11802205069498961,-0.13454330849103585
2017-06-20,ret_5,1821,-0.04643975712326569,-0.09770314034642301
2017-06-21,ret_5,1823,-0.00985968066180379,0.03251529472889935
2017-06-22,ret_5,1821,-0.06414597826373844,-0.03977658918449113
2017-06-23,ret_5,1822,-0.11527203808177089,-0.11464223214890132
2017-06-26,ret_5,1825,-0.0687170040245776,-0.07374886032430633
2017-06-27,ret_5,1829,-0.11476571456674893,-0.1575251080063077
2017-06-28,ret_5,1831,-0.06270573918474147,-0.09527629879481467
2017-06-29,ret_5,1833,0.03302987283895146,-0.015513429107955194
2017-06-30,ret_5,1829,0.04141285002726119,0.014420526566208134
2017-07-03,ret_5,1830,0.07172532606210837,0.05514903109633807
2017-07-04,ret_5,1824,0.08224779670355238,0.08476706199775365
2017-07-05,ret_5,1822,0.03006845578401602,0.015005096089405177
2017-07-06,ret_5,1823,-0.01201815095056978,-0.0443251792619824
2017-07-07,ret_5,1817,-0.0484366172597411,-0.11962215071767869
2017-07-10,ret_5,1810,0.23709862405700097,0.19784151987757476
2017-07-11,ret_5,1813,0.3007499444960975,0.3261345410335277
2017-07-12,ret_5,1812,0.3220033457284118,0.32908568430691887
2017-07-13,ret_5,1815,0.3445703632366111,0.3845842344216461
2017-07-14,ret_5,1815,0.174669086635773,0.17537503660647158
2017-07-17,ret_5,1811,0.006484479241970513,0.021104419853622037
2017-07-18,ret_5,1813,-0.027280297215720218,-0.06394641815208979
2017-07-19,ret_5,1813,-0.27215197443523664,-0.3366787564563607
2017-07-20,ret_5,1813,-0.21396743713902708,-0.3115223015690538
2017-07-21,ret_5,1814,0.0012685101500613596,-0.10652783917529432
2017-07-24,ret_5,1816,-0.028727059640361336,-0.034679354130642145
2017-07-25,ret_5,1817,-0.11185406604705413,-0.1283159496493373
2017-07-26,ret_5,1818,-0.06767116100804446,-0.08268337862382612
2017-07-27,ret_5,1812,-0.12896888090780312,-0.060546841497977226
2017-07-28,ret_5,1811,-0.07904414669894937,-0.030359447018523052
2017-07-31,ret_5,1813,0.07857055384679142,0.09834065201768144
2017-08-01,ret_5,1816,0.024620137858504604,-0.008377606507376857
2017-08-02,ret_5,1819,-0.042486440820884416,-0.16614732265260224
2017-08-03,ret_5,1823,-0.08324266012661219,-0.15809164692299896
2017-08-04,ret_5,1821,-0.17326222850297657,-0.17787232590470312
2017-08-07,ret_5,1817,-0.11681330673007845,-0.10624192667804806
2017-08-08,ret_5,1828,-0.15965990663032673,-0.07347066158032421
2017-08-09,ret_5,1832,-0.15380245585149652,-0.08616314135828827
2017-08-10,ret_5,1836,-0.22964183663112603,-0.22654107179499994
2017-08-11,ret_5,1835,-0.26232229123420936,-0.24620050768935178
2017-08-14,ret_5,1834,-0.16435065580690275,-0.14765505127262205
2017-08-15,ret_5,1835,-0.14943268767336865,-0.1456065477331545
2017-08-16,ret_5,1835,-0.03822181844131002,-0.08500507334862477
2017-08-17,ret_5,1840,-0.09053977062818805,-0.07940124579507585
2017-08-18,ret_5,1841,-0.0529328202392677,-0.030511554694008517
2017-08-21,ret_5,1844,0.02468386041366709,0.037580704044956705
2017-08-22,ret_5,1843,0.027534672063930045,-0.01001416139087834
2017-08-23,ret_5,1844,-0.09239285157602689,-0.11047712623976727
2017-08-24,ret_5,1850,-0.13273749913970165,-0.20148772023349176
2017-08-25,ret_5,1850,0.012904678642838856,-0.018581436724824648
2017-08-28,ret_5,1854,0.016556686396330768,-0.022984827169490612
2017-08-29,ret_5,1851,-0.022813896871059794,-0.06059982921293631
2017-08-30,ret_5,1839,-0.065513129238504,-0.10529673540420266
2017-08-31,ret_5,1836,-0.05795428803465833,-0.07249730257689717
2017-09-01,ret_5,1843,0.03383025132340958,-0.04394061503314453
2017-09-04,ret_5,1845,0.08611464415438204,0.059941104285895684
2017-09-05,ret_5,1847,0.05440994826844142,-0.013134810234882773
2017-09-06,ret_5,1838,0.05618801881275323,0.0009493419978494249
2017-09-07,ret_5,1836,-0.02969108760406352,-0.07533530218857287
2017-09-08,ret_5,1841,-0.013241615596789873,-0.009817460935880007
2017-09-11,ret_5,1849,0.08150106983196706,0.06748170125351455
2017-09-12,ret_5,1849,0.020300502920981338,-0.039154390982279234
2017-09-13,ret_5,1846,-0.1384783516415474,-0.10283504441154093
2017-09-14,ret_5,1839,-0.06994911248245485,-0.1058974658852696
2017-09-15,ret_5,1833,-0.15199237904247048,-0.13786553411810962
2017-09-18,ret_5,1837,-0.06535578738230893,-0.036150463906117355
2017-09-19,ret_5,1841,-0.10305335867484199,-0.053503456506702386
2017-09-20,ret_5,1840,0.010566521984094124,-0.024144460706059495
2017-09-21,ret_5,1843,0.08324610479147138,-0.007238757001369763
2017-09-22,ret_5,1841,0.16821401832699154,0.00540017666531472
2017-09-25,ret_5,1840,0.06254597841099592,0.04813346046670121
2017-09-26,ret_5,1842,-0.007236373068478397,-0.02250573460283907
2017-09-27,ret_5,1839,0.014183113974908021,-0.016329739103525098
2017-09-28,ret_5,1846,-0.10729364038056105,-0.10318957765227621
2017-09-29,ret_5,1845,-0.10287632264217052,-0.05851409802714247
2017-10-09,ret_5,1848,-0.17360968006962324,-0.14369491868197062
2017-10-10,ret_5,1850,-0.10388047370946166,-0.041558409105358324
2017-10-11,ret_5,1849,0.003368138129844693,0.08638084127798051
2017-10-12,ret_5,1853,-0.011385248116609433,0.016277319932559167
2017-10-13,ret_5,1854,0.1617631433243709,0.1783287948019952
2017-10-16,ret_5,1858,0.11456381445650927,0.14875393410782742
2017-10-17,ret_5,1859,0.013195235509623517,0.004676166605110601
2017-10-18,ret_5,1855,-0.08150504081475214,-0.12955777520519093
2017-10-19,ret_5,1857,0.10825305023838384,0.11283556433762765
2017-10-20,ret_5,1860,0.19414042495335176,0.2773125585220913
2017-10-23,ret_5,1863,0.10826824736704875,0.19062001800619202
2017-10-24,ret_5,1861,0.09104200759731662,0.14836641802687328
2017-10-25,ret_5,1862,0.10482240969676206,0.13807084759905774
2017-10-26,ret_5,1858,0.07124247018405801,0.06392781918506332
2017-10-27,ret_5,1855,0.06532401359404849,0.046265850575940425
2017-10-30,ret_5,1860,0.11079581588838493,0.10598163492729291
2017-10-31,ret_5,1859,0.006106374689717057,-0.006350984507190959
2017-11-01,ret_5,1863,0.02004785043338537,-0.06187304935501252
2017-11-02,ret_5,1861,0.019624573333895903,-0.05058180652013961
2017-11-03,ret_5,1859,0.11017248830630144,0.04274186496849689
2017-11-06,ret_5,1864,0.050817141313774544,0.011223484927711648
2017-11-07,ret_5,1871,0.08673328726442867,0.08195334890802138
2017-11-08,ret_5,1868,0.054298115355494676,0.036715931683814595
2017-11-09,ret_5,1871,-0.020864672376276282,-0.05260334383643079
2017-11-10,ret_5,1861,0.05003632740632735,-0.0068497684206203025
2017-11-13,ret_5,1861,0.16930533207729132,0.13294674849281363
2017-11-14,ret_5,1860,0.25779165673921106,0.15701781459031278
2017-11-15,ret_5,1859,0.10154026876255012,0.0679403190068418
2017-11-16,ret_5,1859,-0.00600795144293313,-0.09658334243648965
2017-11-17,ret_5,1854,0.026406844049501714,-0.001505209838787282
2017-11-20,ret_5,1848,-0.08938742198588454,-0.1781830397284261
2017-11-21,ret_5,1850,-0.11641973482273066,-0.19239309361900703
2017-11-22,ret_5,1847,-0.06764564251406471,-0.1750228092252178
2017-11-23,ret_5,1843,-0.0004946946065562656,-0.1728197007370471
2017-11-24,ret_5,1845,0.1386032535097692,0.03588327479153275
2017-11-27,ret_5,1842,0.07016924643998655,0.059880098914551545
2017-11-28,ret_5,1834,-0.06865730193072217,-0.0840373890558789
2017-11-29,ret_5,1830,-0.14778483603138087,-0.13004814161210945
2017-11-30,ret_5,1829,-0.12242991212981784,-0.10998292112742557
2017-12-01,ret_5,1827,-0.02088813101579989,-0.01794027473009904
2017-12-04,ret_5,1832,0.061313183856061056,0.07179759248638527
2017-12-05,ret_5,1828,-0.1831504614935039,-0.20168932469102452
2017-12-06,ret_5,1829,-0.06402849491018733,-0.09886633943371083
2017-12-07,ret_5,1831,-0.03419079739593966,-0.0722949550767403
2017-12-08,ret_5,1824,-0.01768280214436396,-0.04503240840244829
2017-12-11,ret_5,1824,0.03174575966226159,0.011612823417709233
2017-12-12,ret_5,1827,0.0014911394050570158,-0.020292994379586097
2017-12-13,ret_5,1823,0.09814733090320613,0.05750584227391434
2017-12-14,ret_5,1827,0.10979274683529612,0.08658237883369521
2017-12-15,ret_5,1827,0.08968060221161557,0.05563509709075843
2017-12-18,ret_5,1822,0.0681294756803197,0.06018654285381904
2017-12-19,ret_5,1822,0.011030766138844876,-0.02367338021225034
2017-12-20,ret_5,1817,0.05370291839256584,0.03774470341708392
2017-12-21,ret_5,1822,0.0021253290502970703,0.0001737700294855411
2017-12-22,ret_5,1823,-0.045493921869632095,-0.07208590286974274
2017-12-25,ret_5,1828,-0.15550034263820034,-0.2172801046590377
2017-12-26,ret_5,1829,-0.07280500916684281,-0.113814197713669
2017-12-27,ret_5,1836,-0.034874670998148,-0.12020359888150785
2017-12-28,ret_5,1836,0.10014686519367325,0.03694901275106931
2017-12-29,ret_5,1836,0.013835868594799539,-0.025666849307154238
2018-01-02,ret_5,1838,0.10094604783625423,0.050981415847617756
2018-01-03,ret_5,1846,-0.002731622615655878,-0.007747833061258618
2018-01-04,ret_5,1846,0.013132138772208568,0.002355397211013461
2018-01-05,ret_5,1850,0.02274125774765478,0.002688460909269863
2018-01-08,ret_5,1851,0.14649608253690108,0.11219597422441696
2018-01-09,ret_5,1847,0.07675856540275078,0.07106956024660893
2018-01-10,ret_5,1844,0.13133181251645354,0.19785281540951147
2018-01-11,ret_5,1844,-0.012516997271552898,0.06804296633742636
2018-01-12,ret_5,1843,-0.13111503524465185,-0.03923654520746663
2018-01-15,ret_5,1847,-0.2164714046184394,-0.19913000597720973
2018-01-16,ret_5,1847,-0.06654517852693108,-0.11075767205079987
2018-01-17,ret_5,1845,-0.11225468879946322,-0.1392417149544109
2018-01-18,ret_5,1846,-0.0736421483195834,-0.11207944485408193
2018-01-19,ret_5,1843,0.009331656043196902,0.020073435653955342
2018-01-22,ret_5,1846,0.03867345757652357,0.022402342447680978
2018-01-23,ret_5,1849,0.1163672188314335,0.06765525174825378
2018-01-24,ret_5,1837,0.19550010635900797,0.14383695211639366
2018-01-25,ret_5,1811,0.18702222307135852,0.1560990433846906
2018-01-26,ret_5,1784,0.13388543144640763,0.13149473676595178
2018-01-29,ret_5,1770,0.1521062501879631,0.15578473289785955
2018-01-30,ret_5,1767,0.12866557507158344,0.09467806209647023
2018-01-31,ret_5,1764,0.010113416018664098,0.06065201312789572
2018-02-01,ret_5,1765,-0.17229103632639167,-0.10675011105690646
2018-02-02,ret_5,1763,-0.26568956493185053,-0.19380282467833482
2018-02-05,ret_5,1761,-0.3645392445016992,-0.36899451498916863
2018-02-06,ret_5,1763,-0.3353910724145916,-0.3425153811491202
2018-02-07,ret_5,1766,-0.19927725571182187,-0.2453045424621061
2018-02-08,ret_5,1772,-0.13643693876596386,-0.21078133381691003
2018-02-09,ret_5,1773,-0.30795121272556714,-0.41650889678359504
2018-02-12,ret_5,1774,-0.08497590498667076,-0.1024172397268649
2018-02-13,ret_5,1770,0.11043056693378928,0.11818169445380856
2018-02-14,ret_5,1770,0.10080486016210333,0.14015625552772842
2018-02-22,ret_5,1773,0.09058482215329858,0.13129752690779456
2018-02-23,ret_5,1774,-0.09504688594657924,-0.10160444999673758
2018-02-26,ret_5,1779,0.03176111970784639,0.05996319288868199
2018-02-27,ret_5,1780,0.03643785486492964,0.04274570796742322
2018-02-28,ret_5,1784,-0.08117505393918274,-0.13502691651475357
2018-03-01,ret_5,1793,0.17457419361457752,0.2207294871757889
2018-03-02,ret_5,1798,0.12077946829052041,0.1359599698552945
2018-03-05,ret_5,1807,0.16331213300512695,0.22493340709165138
2018-03-06,ret_5,1814,-0.01780491642779997,0.015193196798924849
2018-03-07,ret_5,1810,-0.03184574951431016,-0.059581155577564035
2018-03-08,ret_5,1813,-0.004476883316918624,-0.10152606106064713
2018-03-09,ret_5,1813,0.0024556199887428272,0.0007413426826421133
2018-03-12,ret_5,1805,0.047925120334434274,0.09627191862005455
2018-03-13,ret_5,1809,0.0261827327055292,0.03283896665772274
2018-03-14,ret_5,1809,-0.04030010023477638,-0.04678206243762465
2018-03-15,ret_5,1813,-0.14234244924062792,-0.1656297616400816
2018-03-16,ret_5,1813,-0.10353521337809309,-0.07375138528162335
2018-03-19,ret_5,1811,-0.02239156535120031,0.06612266341442907
2018-03-20,ret_5,1805,-0.02135000331648033,0.10933297905743054
2018-03-21,ret_5,1809,-0.04279384006140079,0.0788154898299124
2018-03-22,ret_5,1816,-0.09839656621965868,-0.01624280436461352
2018-03-23,ret_5,1816,-0.2953011914111297,-0.3165100375266628
2018-03-26,ret_5,1817,-0.21068595633369275,-0.14697947108469028
2018-03-27,ret_5,1813,-0.06358921434645552,-0.03798851644340493
2018-03-28,ret_5,1811,0.13251595336445623,0.1571276046503231
2018-03-29,ret_5,1815,-0.03890738919789327,-0.03684628335708731
2018-03-30,ret_5,1817,-0.21081371446740443,-0.21144089371906222
2018-04-02,ret_5,1824,-0.19450874498254303,-0.20195949198382587
2018-04-03,ret_5,1823,-0.049346818429964225,-0.0284550635593457
2018-04-04,ret_5,1815,-0.04292708015334764,-0.029653786230006907
2018-04-09,ret_5,1815,0.17940046913386068,0.14563790869378254
2018-04-10,ret_5,1813,-0.022488814830056582,-0.016605764427269465
2018-04-11,ret_5,1815,-0.12064118575380486,-0.08785820439239542
2018-04-12,ret_5,1821,-0.08970247688053347,-0.05938273948102941
2018-04-13,ret_5,1825,-0.030455205876641474,-0.0004173626243469597
2018-04-16,ret_5,1827,0.005358788518141303,-0.007500495637269552
2018-04-17,ret_5,1830,-0.1531020920219579,-0.1488483250654661
2018-04-18,ret_5,1824,0.06121716536026471,0.10577848987941998
2018-04-19,ret_5,1828,-0.07916159723633127,-0.0678404280818612
2018-04-20,ret_5,1818,-0.02715857374787496,-0.04483119250172749
2018-04-23,ret_5,1825,-0.05642458928001243,-0.06626145748752828
2018-04-24,ret_5,1824,-0.07506641226800036,-0.057660396900621684
2018-04-25,ret_5,1819,0.02623967258075335,0.031090810162862317
2018-04-26,ret_5,1815,-0.05271428740744621,-0.056621286917607885
2018-04-27,ret_5,1815,-0.016562284232995987,-0.05201558425011376
2018-05-02,ret_5,1825,0.05003740910447209,0.013896261965229736
2018-05-03,ret_5,1832,-0.058520169076902,-0.09873755207326194
2018-05-04,ret_5,1832,0.059934542806700054,0.0636320122223585
2018-05-07,ret_5,1825,0.14703591387667245,0.18849385778607927
2018-05-08,ret_5,1827,0.13738318444823444,0.20037547608809816
2018-05-09,ret_5,1835,0.014075314898698805,0.04190939802469928
2018-05-10,ret_5,1847,0.15968808379881783,0.19817533468540188
2018-05-11,ret_5,1846,0.07874173216240588,-0.005856525028718462
2018-05-14,ret_5,1853,0.027797896256939462,-0.016931863799974117
2018-05-15,ret_5,1850,0.000996844061188388,-0.04365149342824218
2018-05-16,ret_5,1846,-0.0462297765543679,-0.04162153884067835
2018-05-17,ret_5,1849,-0.038843367006466,-0.00021862989967986828
2018-05-18,ret_5,1854,0.12711594853132882,0.14240962641880978
2018-05-21,ret_5,1852,-0.012598127346743737,0.011909129707705515
2018-05-22,ret_5,1847,0.0333679593033555,0.025087820890963407
2018-05-23,ret_5,1843,-0.06490281021824114,-0.09642636586631347
2018-05-24,ret_5,1834,-0.09996869769571626,-0.10467086342470423
2018-05-25,ret_5,1837,-0.09732451779935719,-0.08660284773361512
2018-05-28,ret_5,1833,0.11830895022753872,0.08707844700124363
2018-05-29,ret_5,1833,0.018670261245376612,-0.012127517574111995
2018-05-30,ret_5,1830,-0.05264372104938529,-0.08983781345153223
2018-05-31,ret_5,1831,0.07437379754055962,0.04346688264389891
2018-06-01,ret_5,1829,0.013263624508415069,-0.02188386461008303
2018-06-04,ret_5,1837,0.10623205318463122,0.09584011304822676
2018-06-05,ret_5,1831,0.18622419530816556,0.20050448380859895
2018-06-06,ret_5,1825,0.09296604010575642,0.09573380014097119
2018-06-07,ret_5,1820,0.12138738844342828,0.13817540558052344
2018-06-08,ret_5,1809,0.08547368395719532,0.1270419486419244
2018-06-11,ret_5,1819,0.059413537811184414,0.07890288564417955
2018-06-12,ret_5,1822,0.10857093995029851,0.14351491975903702
2018-06-13,ret_5,1822,0.13415493547567509,0.1742865099889142
2018-06-14,ret_5,1825,0.047064189961847684,0.04192257025921834
2018-06-15,ret_5,1828,-0.1298158135071619,-0.21610835203618398
2018-06-19,ret_5,1834,-0.21197337463534624,-0.2557810944476527
2018-06-20,ret_5,1837,-0.21645490037563386,-0.3187650116422346
2018-06-21,ret_5,1840,-0.21834991301894888,-0.381231385770119
2018-06-22,ret_5,1844,-0.17757204603020207,-0.3005152246576046
2018-06-25,ret_5,1846,-0.13328268004405103,-0.27447986004496433
2018-06-26,ret_5,1848,0.11803903026949741,0.06973077281272291
2018-06-27,ret_5,1852,0.08888545032097564,0.06341729612374702
2018-06-28,ret_5,1851,0.03496329613501291,0.07556585109752174
2018-06-29,ret_5,1852,0.02172085309910319,0.09298535833026411
2018-07-02,ret_5,1855,-0.10931577635709067,-0.07953276185743723
2018-07-03,ret_5,1857,-0.01305014856064964,-0.040697872346141285
2018-07-04,ret_5,1859,-0.04083284273807923,-0.02110437547012823
2018-07-05,ret_5,1865,-0.1398168613742434,-0.15103549265567373
2018-07-06,ret_5,1870,-0.12449070479533468,-0.12083812216340534
2018-07-09,ret_5,1880,0.03373426666895795,0.016327581209665997
2018-07-10,ret_5,1887,-0.07109356038238578,-0.16154498958724736
2018-07-11,ret_5,1886,-0.0021647316957795443,-0.03091782232161938
2018-07-12,ret_5,1888,0.02436905167806962,-0.039685339205052114
2018-07-13,ret_5,1891,-0.02700413540320889,-0.09014965453265045
2018-07-16,ret_5,1896,-0.06187039731918086,-0.14063583075007796
2018-07-17,ret_5,1897,-0.04060117114093354,-0.1693404352893528
2018-07-18,ret_5,1897,-0.061236795921867364,-0.11484124320614615
2018-07-19,ret_5,1895,-0.06096722281851092,-0.08743162695253322
2018-07-20,ret_5,1894,-0.04035743186099161,-0.04609899201975826
2018-07-23,ret_5,1900,0.05989673930225744,0.06408600265622771
2018-07-24,ret_5,1902,0.17235964699978107,0.2011158415175805
2018-07-25,ret_5,1904,0.13072083096960943,0.158541690196047
2018-07-26,ret_5,1904,0.01737291783816467,0.12841053907741204
2018-07-27,ret_5,1907,0.11319951880952228,0.18218970340350532
2018-07-30,ret_5,1907,0.2152546427352204,0.25583837196953024
2018-07-31,ret_5,1908,0.21621304259180998,0.30848944314458865
2018-08-01,ret_5,1911,0.028740413632268876,0.10516707149547981
2018-08-02,ret_5,1910,-0.07658578678514187,-0.08027177956868121
2018-08-03,ret_5,1905,-0.19503950694647876,-0.24132543055797578
2018-08-06,ret_5,1909,-0.24861413177076938,-0.2797298480299097
2018-08-07,ret_5,1911,-0.26687794520215996,-0.2885842097746029
2018-08-08,ret_5,1912,-0.23000077271583808,-0.23226034678258087
2018-08-09,ret_5,1913,0.042804853277043045,0.053439392913086366
2018-08-10,ret_5,1913,0.11535074817242935,0.10524879784419745
2018-08-13,ret_5,1915,0.16134017746727547,0.17412567821699723
2018-08-14,ret_5,1920,0.12847622921356702,0.10930451303105329
2018-08-15,ret_5,1918,0.08258557072428496,0.07489997630440073
2018-08-16,ret_5,1919,-0.05433541018955675,-0.004445127092860673
2018-08-17,ret_5,1920,-0.1715576984613693,-0.18564562377374835
2018-08-20,ret_5,1918,-0.15702967259292044,-0.14496676823674448
2018-08-21,ret_5,1921,-0.1113203499602718,-0.065502408818336
2018-08-22,ret_5,1918,-0.03576632652615391,-0.025533898292789806
2018-08-23,ret_5,1918,0.011584794751562348,0.03133724384154791
2018-08-24,ret_5,1923,0.055981667696564374,0.08266519345375416
2018-08-27,ret_5,1925,0.117554425379267,0.18752399898948013
2018-08-28,ret_5,1928,0.08893515054826699,0.12895246789910653
2018-08-29,ret_5,1927,0.0754181499037435,0.097008625413052
2018-08-30,ret_5,1927,-0.023757187762133123,0.020358957161403173
2018-08-31,ret_5,1923,-0.09575658635134489,-0.04146353684477931
2018-09-03,ret_5,1926,-0.008178608208270696,0.07954375073077237
2018-09-04,ret_5,1927,0.058320394958433455,0.10234952009407142
2018-09-05,ret_5,1925,0.05953566551253243,0.11085094886662072
2018-09-06,ret_5,1929,0.013035655691485775,0.054128716517600484
2018-09-07,ret_5,1928,0.043602587069723656,0.06751847362521042
2018-09-10,ret_5,1929,0.02537963297151915,0.013981948493839273
2018-09-11,ret_5,1926,0.015496368585536047,-0.04010155363191377
2018-09-12,ret_5,1928,0.013811418563956113,-0.00674664440175908
2018-09-13,ret_5,1931,0.008482196244513513,-0.004864931452543563
2018-09-14,ret_5,1931,-0.20647753702095017,-0.20927130481234313
2018-09-17,ret_5,1933,-0.23540386740576597,-0.20041769421818775
2018-09-18,ret_5,1930,-0.15361969034190262,-0.04097956725573426
2018-09-19,ret_5,1931,-0.11464140870874022,0.02075970641316231
2018-09-20,ret_5,1934,-0.016496731724106584,0.0671095856181663
2018-09-21,ret_5,1938,0.06283183061617491,0.0797030976588535
2018-09-25,ret_5,1940,0.043597798039213376,0.03170543015896205
2018-09-26,ret_5,1934,0.05827498834175132,0.0875275523772356
2018-09-27,ret_5,1936,0.19551547995760288,0.29175775128854375
2018-09-28,ret_5,1933,0.17722402259653747,0.27110519693540913
2018-10-08,ret_5,1935,0.19483780754989663,0.263370499408556
2018-10-09,ret_5,1941,0.12193295743628112,0.16181895351918552
2018-10-10,ret_5,1939,-0.05031854667669591,-0.034696046496100676
2018-10-11,ret_5,1933,-0.2465567211030492,-0.21052615371114125
2018-10-12,ret_5,1931,-0.249945833146159,-0.23613757571922334
2018-10-15,ret_5,1931,-0.16938744371789116,-0.18013935276156057
2018-10-16,ret_5,1939,-0.14295881665768723,-0.16202768933744635
2018-10-17,ret_5,1937,-0.11778839083060413,-0.18727168681986417
2018-10-18,ret_5,1934,-0.15253416891043262,-0.26740068343651263
2018-10-19,ret_5,1935,-0.02979184832536679,-0.06045300097951678
2018-10-22,ret_5,1933,0.0029894148272778163,-0.03163883125248259
2018-10-23,ret_5,1931,0.012642764621690174,-0.01257495862619786
2018-10-24,ret_5,1930,-0.050956075323464134,-0.049530606145986054
2018-10-25,ret_5,1929,-0.04145214586228623,-0.02710781920805568
2018-10-26,ret_5,1932,-0.015674109246402453,-0.011267867472920136
2018-10-29,ret_5,1930,-0.19285250854418673,-0.23091390243083706
2018-10-30,ret_5,1930,-0.16499429601300333,-0.23083106725636954
2018-10-31,ret_5,1930,-0.01666982152156569,-0.00227365153707285
2018-11-01,ret_5,1928,0.059563545724830455,0.09674091897056411
2018-11-02,ret_5,1932,-0.007800119707870368,0.040902820038731115
2018-11-05,ret_5,1935,0.14720195212856535,0.12138763662444373
2018-11-06,ret_5,1936,0.08472036267197512,0.006744401369356796
2018-11-07,ret_5,1938,0.1795229186955344,0.1328470280830486
2018-11-08,ret_5,1942,0.31096979523870044,0.24879737709883382
2018-11-09,ret_5,1943,0.2479183125718893,0.11453489561525611
2018-11-12,ret_5,1947,0.08843715697904705,-0.07938063907342227
2018-11-13,ret_5,1946,0.004212946830293529,-0.04599729628169377
2018-11-14,ret_5,1949,0.07510546881977961,0.05833332645548386
2018-11-15,ret_5,1954,-0.17633940888636848,-0.25656795764094137
2018-11-16,ret_5,1955,-0.1523916058096671,-0.16209127426732214
2018-11-19,ret_5,1959,-0.14720961802753393,-0.04717540822195526
2018-11-20,ret_5,1961,-0.24098556730599424,-0.07347191182926342
2018-11-21,ret_5,1961,-0.17928614762634518,-0.06520160108870077
2018-11-22,ret_5,1967,-0.2175416860894472,-0.14932451788816342
2018-11-23,ret_5,1964,-0.20174739189561816,-0.20163132711955106
2018-11-26,ret_5,1968,-0.20394935114546675,-0.1777823744599653
2018-11-27,ret_5,1968,-0.11464549711622138,-0.0907732710491508
2018-11-28,ret_5,1969,-0.08795535014600357,-0.12166187731652854
2018-11-29,ret_5,1973,-0.065208064561525,-0.10967082679280088
2018-11-30,ret_5,1971,-0.03824075238860491,0.0026021596084975338
2018-12-03,ret_5,1970,0.04867773304111356,0.08374931270637209
2018-12-04,ret_5,1974,-0.05961580569910004,-0.021497353096717162
2018-12-05,ret_5,1977,-0.01717280813899135,0.035610633440432915
2018-12-06,ret_5,1979,-0.03545776055769765,-0.025670271991440178
2018-12-07,ret_5,1977,0.016610201466917815,0.019393037767104097
2018-12-10,ret_5,1975,-0.010635546840825964,0.04324681982614892
2018-12-11,ret_5,1977,0.019721161885305784,0.0431993950487402
2018-12-12,ret_5,1979,0.07370774607952524,0.08926729885160123
2018-12-13,ret_5,1982,-0.04679812378161537,-0.08155442314648816
2018-12-14,ret_5,1982,-0.08578242471765259,-0.15050524090792883
2018-12-17,ret_5,1979,0.034004533735679784,-0.07437520767913242
2018-12-18,ret_5,1975,-0.06301929261635766,-0.09090319356048944
2018-12-19,ret_5,1978,-0.022011397001414877,0.0421812557405361
2018-12-20,ret_5,1981,-0.03927588928099233,0.02137747322397508
2018-12-21,ret_5,1984,0.10158850215184113,0.10539480304727859
2018-12-24,ret_5,1980,-0.012599858038663387,-0.011602717495310636
2018-12-25,ret_5,1978,-0.10561521101029743,-0.1532653256085704
2018-12-26,ret_5,1977,-0.08048094460413543,-0.146303083094559
2018-12-27,ret_5,1980,-0.14111208105528217,-0.2683014085115043
2018-12-28,ret_5,1982,-0.14186761400343198,-0.30035891363809475
2019-01-02,ret_5,1982,-0.05040125537324811,-0.1424037036820854
2019-01-03,ret_5,1980,-0.071565639436883,-0.12355092272120304
2019-01-04,ret_5,1980,-0.058290677551531646,-0.058114201879975645
2019-01-07,ret_5,1981,-0.03857514909269077,0.028452427417490867
2019-01-08,ret_5,1983,-0.0363723331076145,0.018426042000282077
2019-01-09,ret_5,1988,-0.05598370635145197,-0.04298763121315712
2019-01-10,ret_5,1987,-0.15408305131211514,-0.12253156652931538
2019-01-11,ret_5,1986,-0.1720761504131287,-0.11683474399580152
2019-01-14,ret_5,1985,-0.043873198833593544,-0.0033890669933322763
2019-01-15,ret_5,1982,0.04814023822834458,0.06750941440250938
2019-01-16,ret_5,1984,0.0071160986096841005,0.07611049763410785
2019-01-17,ret_5,1985,0.03660795802569954,0.038987618345218286
2019-01-18,ret_5,1985,0.09519782406340116,0.1545337838015021
2019-01-21,ret_5,1984,0.2034689175968143,0.24048810218415856
2019-01-22,ret_5,1982,0.052882292816954425,0.20956455220451137
2019-01-23,ret_5,1981,0.04902353936747951,0.23765178039632337
2019-01-24,ret_5,1982,-0.03169000171820565,0.12801872222779745
2019-01-25,ret_5,1984,-0.016915759025139993,0.11218690120970398
2019-01-28,ret_5,1985,-0.09513490964402191,-0.053876548300051195
2019-01-29,ret_5,1984,-0.13684452523568205,-0.1621038027722732
2019-01-30,ret_5,1983,-0.3379782430982007,-0.438006608313917
2019-01-31,ret_5,1983,-0.3789716179811557,-0.5503780237295826
2019-02-01,ret_5,1984,-0.3221817873263881,-0.4454060147284424
2019-02-11,ret_5,1987,-0.23318574030616768,-0.3115635349035015
2019-02-12,ret_5,1982,-0.05829675225896675,-0.06991210535463382
2019-02-13,ret_5,1985,0.08323994373983762,0.0996224669975924
2019-02-14,ret_5,1985,0.23691725474048875,0.31399587212585306
2019-02-15,ret_5,1982,0.17787613574239602,0.20758557157755622
2019-02-18,ret_5,1985,0.05780016617678037,0.08376779847297942
2019-02-19,ret_5,1981,0.09651971577686745,0.09641258900015506
2019-02-20,ret_5,1981,-0.02480785034420382,0.009898133467143612
2019-02-21,ret_5,1985,-0.07920886896802844,-0.1371315736786459
2019-02-22,ret_5,1983,-0.03123572380831726,-0.20640776610927927
2019-02-25,ret_5,1982,0.09968579196403828,0.036977335763354754
2019-02-26,ret_5,1978,0.1467457034574718,0.06121316492586737
2019-02-27,ret_5,1976,0.2816496978615658,0.24430288131234254
2019-02-28,ret_5,1983,0.0919471243465513,0.07165002942696982
2019-03-01,ret_5,1980,-0.0716598097297753,-0.13357691803666183
2019-03-04,ret_5,1978,-0.011902118195344029,-0.11396305115428991
2019-03-05,ret_5,1975,0.01842334424287612,0.05646330793780114
2019-03-06,ret_5,1975,-0.19752146085449596,-0.17396748421887287
2019-03-07,ret_5,1979,-0.35068729733937615,-0.32279185268073857
2019-03-08,ret_5,1981,-0.4349263520650273,-0.5278463727654451
2019-03-11,ret_5,1979,-0.45027800997227724,-0.5132520546353501
2019-03-12,ret_5,1977,-0.34673578986045156,-0.4180269472009496
2019-03-13,ret_5,1974,-0.08523387982255877,-0.12047909016252241
2019-03-14,ret_5,1976,-0.13102343143813766,-0.22775526272504734
2019-03-15,ret_5,1969,-0.033031475617353576,-0.09313115461556909
2019-03-18,ret_5,1969,-0.003584952887629942,0.006503080165636291
2019-03-19,ret_5,1966,0.062125441338055615,0.09246920115547909
2019-03-20,ret_5,1966,-0.006418412012556813,0.06293435983379639
2019-03-21,ret_5,1966,-0.16290921933287036,-0.09101575492865843
2019-03-22,ret_5,1961,-0.1458216720620566,-0.1301330866695618
2019-03-25,ret_5,1962,-0.1148810573199164,-0.16275417132525627
2019-03-26,ret_5,1959,-0.13986030936456834,-0.13853294651710346
2019-03-27,ret_5,1960,-0.08372061857827272,-0.1013801565188314
2019-03-28,ret_5,1964,0.040528120779454946,-0.03042944514226334
2019-03-29,ret_5,1957,0.02378229303319068,-0.05197547941560037
2019-04-01,ret_5,1958,0.015183984743071408,-0.012210910516925938
2019-04-02,ret_5,1959,-0.02895643478950521,-0.09561176419430921
2019-04-03,ret_5,1955,-0.06613939561565386,-0.10000957784981757
2019-04-04,ret_5,1959,-0.12078002522850813,-0.17436693114591498
2019-04-08,ret_5,1958,-0.014857051671437192,-0.03308763483092591
2019-04-09,ret_5,1964,0.019691340163097384,-0.03711942424898398
2019-04-10,ret_5,1970,0.004574959574160024,-0.04334792231642542
2019-04-11,ret_5,1964,0.05888577251441908,0.01411338348467736
2019-04-12,ret_5,1966,0.013296075067158209,-0.0512417972860874
2019-04-15,ret_5,1966,-0.034940864114856154,-0.027894057121259218
2019-04-16,ret_5,1971,-0.10246312193967397,-0.03535620319048289
2019-04-17,ret_5,1970,-0.09359409392135276,-0.1041035422967587
2019-04-18,ret_5,1972,-0.1009355540655344,-0.11995994860504576
2019-04-19,ret_5,1960,-0.23231634237642912,-0.18800563077960855
2019-04-22,ret_5,1946,-0.21385654730730705,-0.2194730510787522
2019-04-23,ret_5,1961,-0.0817329213600395,-0.041929159190044446
2019-04-24,ret_5,1960,-0.09087431689293052,-0.09803782220794013
2019-04-25,ret_5,1961,-0.08615688234118776,0.0038973504914172506
2019-04-26,ret_5,1959,-0.1449286845033775,-0.10596687128915266
2019-04-29,ret_5,1944,-0.08328066272561847,-0.1067726644888123
2019-04-30,ret_5,1951,-0.09621030241611107,-0.17288307624860072
2019-05-06,ret_5,1972,-0.13908473454100734,-0.207374467126244
2019-05-07,ret_5,1963,-0.009943488505872984,-0.12584008585606143
2019-05-08,ret_5,1969,0.10270049772602785,-0.02687127630825234
2019-05-09,ret_5,1964,0.22322647367851184,0.17446899231257834
2019-05-10,ret_5,1949,0.11773377810764617,0.1387060824719377
2019-05-13,ret_5,1971,0.16201695357030307,0.101188085101858
2019-05-14,ret_5,1971,0.16544346696513595,0.15088201138145352
2019-05-15,ret_5,1970,0.13943336258816802,0.10868234042220284
2019-05-16,ret_5,1974,0.016751859614020044,-0.02449545137370871
2019-05-17,ret_5,1971,-0.06453516230391663,-0.1267366980101151
2019-05-20,ret_5,1969,0.06554796647945996,0.023882811768184475
2019-05-21,ret_5,1974,0.19711975576093646,0.04878285416954788
2019-05-22,ret_5,1972,0.08176014795466524,-0.008762146340356823
2019-05-23,ret_5,1973,0.16340363930721577,0.08258786597898087
2019-05-24,ret_5,1971,-0.04234261114337038,0.015048054384051091
2019-05-27,ret_5,1970,0.011096990684151486,0.027470070569381
2019-05-28,ret_5,1974,0.04485930986079797,0.1496334363552926
2019-05-29,ret_5,1976,0.06175772604808378,0.10451802651767539
2019-05-30,ret_5,1973,0.08065185263022982,0.09408298372579542
2019-05-31,ret_5,1975,0.01723885492885592,-0.026783632129172223
2019-06-03,ret_5,1976,0.1699376853668513,0.07029575655905358
2019-06-04,ret_5,1977,-0.033600317215546856,-0.15074544095400422
2019-06-05,ret_5,1979,0.00976904160697542,-0.09224089095482689
2019-06-06,ret_5,1976,-0.04881702693031197,-0.12580925556783576
2019-06-10,ret_5,1975,-0.00022815524060129866,-0.014278540062488115
2019-06-11,ret_5,1976,-0.027042385974157656,-0.053659808232537305
2019-06-12,ret_5,1975,-0.01224569967423407,0.012400221582797395
2019-06-13,ret_5,1975,-0.022784225319130918,-0.04694705443234358
2019-06-14,ret_5,1974,-0.006498329664982485,-0.06433644697859678
2019-06-17,ret_5,1974,0.004459667062599672,-0.04247597246560373
2019-06-18,ret_5,1973,-0.05698166941487327,-0.0587753498805179
2019-06-19,ret_5,1973,-0.02554301411046293,0.04137878694078232
2019-06-20,ret_5,1975,-0.032062448285286184,0.16820790250267734
2019-06-21,ret_5,1972,-0.05954249794021167,0.08909231263636815
2019-06-24,ret_5,1975,-0.1404745235099729,0.024156825449087004
2019-06-25,ret_5,1975,-0.07275452008752499,0.04362323362858668
2019-06-26,ret_5,1972,-0.006744664584613056,0.04595110452966453
2019-06-27,ret_5,1974,-0.04923814549781228,-0.018598335717795948
2019-06-28,ret_5,1973,0.08493045415046668,0.16189752175634484
2019-07-01,ret_5,1972,0.009771105246582203,0.06723209206893697
2019-07-02,ret_5,1976,0.10224122708262642,0.13658602100540262
2019-07-03,ret_5,1973,0.0536979739583011,0.10128447446810375
2019-07-04,ret_5,1975,0.06784581109915687,0.13687531080055276
2019-07-05,ret_5,1980,-0.021074016846499323,-0.008278238885237769
2019-07-08,ret_5,1978,-0.074607632662331,-0.08225837165813142
2019-07-09,ret_5,1980,0.006134138702701082,-0.045461000800657014
2019-07-10,ret_5,1980,0.040659131974496034,0.019484728018090616
2019-07-11,ret_5,1977,-0.04707543198710038,-0.05049841461129655
2019-07-12,ret_5,1981,0.056938104025069804,0.17582212320654594
2019-07-15,ret_5,1980,0.032429212626625924,0.08693940672555452
2019-07-16,ret_5,1977,0.04732860204105802,0.1186551943628817
2019-07-17,ret_5,1980,-0.00854356190037366,0.03227395035722828
2019-07-18,ret_5,1978,-0.00625752574169202,0.00034612633206129755
2019-07-19,ret_5,1981,-0.07007659115997227,-0.08260372853586007
2019-07-22,ret_5,1979,-0.16366558938554318,-0.1450574247244104
2019-07-23,ret_5,1977,-0.06979646460181653,-0.0005692205878113587
2019-07-24,ret_5,1976,0.0551249767701695,0.09161931614350587
2019-07-25,ret_5,1976,0.06326587464593501,0.0640368963727092
2019-07-26,ret_5,1976,-0.026370392237687234,0.019518749753184208
2019-07-29,ret_5,1979,0.15988714672524065,0.11188176616762217
2019-07-30,ret_5,1978,0.03635628885593417,0.01501865728237865
2019-07-31,ret_5,1975,0.05261721419982264,0.08433084564523773
2019-08-01,ret_5,1976,-0.05062395979938307,-0.031161096338715635
2019-08-02,ret_5,1975,0.04341390803117391,0.017333943875963983
2019-08-05,ret_5,1975,-0.07871550128672342,-0.09945695447955012
2019-08-06,ret_5,1973,-0.05306529131551406,-0.050242514848498995
2019-08-07,ret_5,1975,-0.061647385834503965,-0.06629583394672856
2019-08-08,ret_5,1975,-0.011372719568000891,-0.059038256255945255
2019-08-09,ret_5,1971,-0.032294110621071126,-0.09356843190002663
2019-08-12,ret_5,1973,-0.03532964443891962,-0.03424942024625817
2019-08-13,ret_5,1975,-0.05871958544709415,-0.04618815818283119
2019-08-14,ret_5,1974,-0.04099024234465134,-0.025197229422868696
2019-08-15,ret_5,1976,-0.012600846919760647,-0.01190000998308737
2019-08-16,ret_5,1973,-0.024600731080976383,0.005436662661291317
2019-08-19,ret_5,1973,0.02551131683549527,0.06060114574082704
2019-08-20,ret_5,1976,-0.035963472033753344,-0.02251523003659543
2019-08-21,ret_5,1975,-0.05072476249427592,-0.04591949123377201
2019-08-22,ret_5,1978,-0.08479317757228787,-0.08720830535320376
2019-08-23,ret_5,1977,-0.08290164506953848,-0.0603632991835506
2019-08-26,ret_5,1977,-0.09228521243249069,-0.09935884543090169
2019-08-27,ret_5,1978,-0.03627704221486437,-0.07975714813887241
2019-08-28,ret_5,1979,-0.13360053930341712,-0.16294030780301477
2019-08-29,ret_5,1978,-0.09325092892881319,-0.1314315171023621
2019-08-30,ret_5,1978,-0.12277566250726785,-0.23652339592433508
2019-09-02,ret_5,1976,-0.0545373049631853,-0.10114602780137534
2019-09-03,ret_5,1978,-0.029475103545225183,-0.1487910462299635
2019-09-04,ret_5,1978,-0.018475253761732865,-0.03534052059853187
2019-09-05,ret_5,1978,0.03461203819629579,0.022089712756788147
2019-09-06,ret_5,1979,-0.0857416307946785,-0.1694426334208325
2019-09-09,ret_5,1977,-0.04589061497880793,-0.045368302582021076
2019-09-10,ret_5,1976,-0.01270523218393106,-0.02362056717775712
2019-09-11,ret_5,1977,-0.09410315435782349,-0.11678663886492614
2019-09-12,ret_5,1978,-0.07620636185813444,-0.10283448702744973
2019-09-16,ret_5,1977,-0.08713336345405388,-0.08093484515961699
2019-09-17,ret_5,1980,-0.10188803315044193,-0.08116233437285986
2019-09-18,ret_5,1974,0.049508042103751815,0.14189036034673977
2019-09-19,ret_5,1975,0.0069457318311608824,0.03549607072058055
2019-09-20,ret_5,1978,-0.10433636763661318,-0.037413839346929274
2019-09-23,ret_5,1975,-0.08928823117518116,0.002798276824417947
2019-09-24,ret_5,1973,-0.20891639391458855,-0.19237551687105892
2019-09-25,ret_5,1973,-0.18455001954463712,-0.17883274452579764
2019-09-26,ret_5,1973,-0.03607804302426857,-0.03533090728718157
2019-09-27,ret_5,1976,-0.04945414000620317,-0.13314817811973093
2019-09-30,ret_5,1977,-0.0323095673122633,-0.03662322074862367
2019-10-08,ret_5,1972,0.05575859440519062,0.08772850827981936
2019-10-09,ret_5,1971,0.023714336940186088,0.09345846262589863
2019-10-10,ret_5,1973,-0.017496811224175606,-0.0013623161892888716
2019-10-11,ret_5,1972,0.06255482004448899,0.14371643177528617
2019-10-14,ret_5,1976,0.0037630089034735494,0.011305297881610039
2019-10-15,ret_5,1974,0.0059686947016396414,-0.038169741312142215
2019-10-16,ret_5,1972,0.02008724756220331,0.00580447279522732
2019-10-17,ret_5,1974,-0.09166020875602804,-0.04252750471498718
2019-10-18,ret_5,1974,-0.07398394552226228,-0.09050142192902552
2019-10-21,ret_5,1973,-0.02122590368349081,-0.026954130150421297
2019-10-22,ret_5,1973,0.06387426525612307,0.03268673759555511
2019-10-23,ret_5,1974,0.02312982488345916,-0.018704581777900627
2019-10-24,ret_5,1971,-0.0290210327748764,-0.08006017291258052
2019-10-25,ret_5,1972,0.03507062007312256,-0.02364811383733281
2019-10-28,ret_5,1974,-0.08063130278348901,-0.11589642339559873
2019-10-29,ret_5,1968,-0.155993161087894,-0.10455072570207187
2019-10-30,ret_5,1971,0.06703241752761353,0.06878966486305096
2019-10-31,ret_5,1973,0.02268793407296912,0.11520247506820043
2019-11-01,ret_5,1972,-0.018811052713118784,0.10613840107794276
2019-11-04,ret_5,1975,0.047579729206877516,0.0941204553561083
2019-11-05,ret_5,1970,0.007205046971930636,0.01876969540727197
2019-11-06,ret_5,1970,0.027886922859544267,0.06624488988013282
2019-11-07,ret_5,1973,0.06498266914203688,0.08872871113798672
2019-11-08,ret_5,1974,0.03257628790071977,0.023340668976195467
2019-11-11,ret_5,1974,-0.03417522679963826,-0.045773201954105606
2019-11-12,ret_5,1971,-0.05532079582104348,-0.07070797651800644
2019-11-13,ret_5,1969,-0.10524932798909335,-0.07072725451448143
2019-11-14,ret_5,1972,-0.08661304362916948,-0.0631862989052706
2019-11-15,ret_5,1973,-0.14738811631836404,-0.11701225094299664
2019-11-18,ret_5,1973,-0.126359100124336,-0.09243818889125702
2019-11-19,ret_5,1974,-0.10507830783464435,-0.12032776593203098
2019-11-20,ret_5,1968,-0.08128404154208374,-0.08692978600401711
2019-11-21,ret_5,1972,-0.08701190898198405,-0.04722591406180677
2019-11-22,ret_5,1970,-0.1166311573850339,-0.10280203546543352
2019-11-25,ret_5,1971,-0.16685707597836977,-0.12244105063423487
2019-11-26,ret_5,1969,-0.11845611423474109,-0.09277639981359773
2019-11-27,ret_5,1969,-0.10771292133436706,-0.14251103762191086
2019-11-28,ret_5,1967,-0.14482120548119654,-0.23088771754548426
2019-11-29,ret_5,1968,-0.06553162331100286,-0.1588851235997848
2019-12-02,ret_5,1969,0.19333011275627734,0.033547271652008125
2019-12-03,ret_5,1967,0.13274860418643633,0.020672104905062674
2019-12-04,ret_5,1966,0.06805344566803896,-0.038005625864009185
2019-12-05,ret_5,1969,0.14683680107584887,0.0692079032786232
2019-12-06,ret_5,1968,0.26928990414812337,0.23431158987489273
2019-12-09,ret_5,1968,0.12814335465256801,0.07280477274696567
2019-12-10,ret_5,1967,0.16332360766359658,0.06423140801285294
2019-12-11,ret_5,1965,0.026273561975582532,-0.05441163403337482
2019-12-12,ret_5,1966,-0.013859666014983611,-0.23221008184442912
2019-12-13,ret_5,1968,-0.12277003247663985,-0.21749905258323557
2019-12-16,ret_5,1969,-0.05781221739971994,-0.10671770461413083
2019-12-17,ret_5,1965,0.01444020358175291,0.0027020871375559394
2019-12-18,ret_5,1966,0.10954944200599054,0.03812190399121668
2019-12-19,ret_5,1967,0.007306824597473337,-0.04237528153075166
2019-12-20,ret_5,1970,-0.03951613071335551,-0.052798896503334844
2019-12-23,ret_5,1974,-0.0391169924559547,-0.023260168846440922
2019-12-24,ret_5,1972,-0.008726485302225551,-0.043884955579873985
2019-12-25,ret_5,1969,-0.00903711308778737,-0.09557014771169264
2019-12-26,ret_5,1969,0.030212999870617638,-0.03822333784729482
2019-12-27,ret_5,1968,-0.01628681063077555,-0.1388904992174171
2019-12-30,ret_5,1968,0.00601076080231811,-0.1335422592750419
2019-12-31,ret_5,1970,-0.10397985104606544,-0.25057013363127784
2020-01-02,ret_5,1967,-0.07622340073178856,-0.16094905737156354
2020-01-03,ret_5,1971,-0.085641573672554,-0.10472113361438051
2020-01-06,ret_5,1970,0.02385133784238325,0.0034771869357719015
2020-01-07,ret_5,1970,-0.020076140239129583,-0.04777526268843555
2020-01-08,ret_5,1971,-0.04552533633637794,-0.15010616022953494
2020-01-09,ret_5,1969,0.005372150930826337,-0.0433695522706621
2020-01-10,ret_5,1970,-0.010542759820802054,-0.02940067798859034
2020-01-13,ret_5,1973,0.11177721495248476,0.10518050664524081
2020-01-14,ret_5,1974,0.11641835329292369,0.10134009681609218
2020-01-15,ret_5,1974,0.11281762785204176,0.06273999146307545
2020-01-16,ret_5,1974,0.05798723300443408,0.05770340253483456
2020-01-17,ret_5,1971,0.12888217758513607,0.15092253040844428
2020-01-20,ret_5,1973,0.25814374099204224,0.23040731936052103
2020-01-21,ret_5,1976,0.41387906239134614,0.28827699957859937
2020-01-22,ret_5,1976,0.29614771148032193,0.26355735636617267
2020-01-23,ret_5,1977,0.12601076865774072,0.06379024562611099
2020-02-03,ret_5,1976,-0.20021616990479235,-0.24212314991038
2020-02-04,ret_5,1976,-0.25083918464080923,-0.28218898158920885
2020-02-05,ret_5,1977,-0.33445011506283173,-0.2848543505637148
2020-02-06,ret_5,1981,-0.3885011497223024,-0.3354489044350891
2020-02-07,ret_5,1981,-0.27396639017457547,-0.26356219615725307
2020-02-10,ret_5,1979,0.10701540132865986,0.07111058681429179
2020-02-11,ret_5,1980,0.07757791460021905,0.0926830379963433
2020-02-12,ret_5,1981,0.12163397382798953,0.13846936716356442
2020-02-13,ret_5,1981,0.1260548427432572,0.0896709994104414
2020-02-14,ret_5,1982,0.06244300859510429,0.003710440813991804
2020-02-17,ret_5,1980,0.12374856908842274,0.0838660003153667
2020-02-18,ret_5,1980,0.10640529703274966,0.13708190933610082
2020-02-19,ret_5,1979,-0.014524706550269398,-0.005144285071472712
2020-02-20,ret_5,1980,-0.22949751750647596,-0.26254941992747216
2020-02-21,ret_5,1979,-0.24191353752951006,-0.26902183459054774
2020-02-24,ret_5,1978,-0.3273406310928509,-0.33410115872426366
2020-02-25,ret_5,1975,-0.2649710865945279,-0.2109356790143558
2020-02-26,ret_5,1977,-0.1453572410450424,-0.10387706331268158
2020-02-27,ret_5,1975,-0.08787055402882055,-0.03039847723340564
2020-02-28,ret_5,1975,0.06211687641870126,0.022036905291896836
2020-03-02,ret_5,1975,0.04725055862199238,0.037978471720066034
2020-03-03,ret_5,1972,0.06244135027280137,0.04054603585150152
2020-03-04,ret_5,1974,0.04275536603966571,0.02243845923559206
2020-03-05,ret_5,1972,0.028067116091444872,0.07355523566478668
2020-03-06,ret_5,1971,-0.05651174148042142,-0.013397088273205973
2020-03-09,ret_5,1969,-0.008233186798694071,0.04971555503956722
2020-03-10,ret_5,1969,-0.05980158637427032,-0.00531123981785325
2020-03-11,ret_5,1968,-0.12652796203526742,-0.0876153126125045
2020-03-12,ret_5,1969,-0.20992530176413068,-0.12664771324584237
2020-03-13,ret_5,1969,-0.11389015333968047,-0.0867285918990567
2020-03-16,ret_5,1968,-0.1704316719090934,-0.13146983147491578
2020-03-17,ret_5,1967,-0.21524994323490326,-0.14902368200414734
2020-03-18,ret_5,1966,-0.208557232748569,-0.11517581220546672
2020-03-19,ret_5,1967,-0.26784440728242753,-0.14836132192961557
2020-03-20,ret_5,1968,-0.1691318916303746,-0.11144229265951243
2020-03-23,ret_5,1968,-0.160232248197598,-0.1248604068358477
2020-03-24,ret_5,1968,-0.07748658388300951,-0.008254963317981038
2020-03-25,ret_5,1968,-0.10944116775192497,-0.11475878711798815
2020-03-26,ret_5,1969,0.10055926542585915,0.059595292648009335
2020-03-27,ret_5,1967,-0.014516242912417564,-0.17855144905621526
2020-03-30,ret_5,1970,-0.1546786718891691,-0.3532113043487573
2020-03-31,ret_5,1970,-0.13854252205576686,-0.32265965237722943
2020-04-01,ret_5,1971,0.028590384701458325,-0.0012884618032643605
2020-04-02,ret_5,1970,-0.14111133517537103,-0.11337009259067282
2020-04-03,ret_5,1967,-0.21431828563880975,-0.12843276087331795
2020-04-07,ret_5,1963,-0.16957778596632406,-0.10260436161531385
2020-04-08,ret_5,1968,-0.1026135872227283,-0.09542740113809542
2020-04-09,ret_5,1970,-0.030676066721033374,-0.04047272673038519
2020-04-10,ret_5,1969,-0.044394792978898055,-0.10096533810389957
2020-04-13,ret_5,1967,-0.011814350435451733,-0.045401832307652226
2020-04-14,ret_5,1962,-0.04962557651402069,-0.11281247051103288
2020-04-15,ret_5,1963,-0.018100837791326145,-0.05798713202354646
2020-04-16,ret_5,1967,0.0688878207150173,0.06080872527016662
2020-04-17,ret_5,1969,-0.0301965335662794,-0.01767758420241579
2020-04-20,ret_5,1955,-0.028318172345026295,-0.02062329387721016
2020-04-21,ret_5,1944,-0.05792158381799579,-0.008681798638278839
2020-04-22,ret_5,1937,-0.057305063483383704,-0.015195329510338333
2020-04-23,ret_5,1953,-0.13987818677574418,-0.1032472672967
2020-04-24,ret_5,1958,-0.14469450917104865,-0.12905588866847098
2020-04-27,ret_5,1951,-0.18193533256121414,-0.2329743978859819
2020-04-28,ret_5,1933,-0.1440618633362709,-0.2365942297462412
2020-04-29,ret_5,1926,-0.03427055436275822,-0.10635737297689174
2020-04-30,ret_5,1940,0.021022218907919717,0.0018316134106796484
2020-05-06,ret_5,1958,0.09985036123170345,0.08104576606390362
2020-05-07,ret_5,1962,0.14422527151911352,0.1497614300458899
2020-05-08,ret_5,1951,0.047908421771433715,-0.005509694215863255
2020-05-11,ret_5,1942,0.1170250051031885,0.05117184005045774
2020-05-12,ret_5,1942,0.15242710980845295,0.031441601590528945
2020-05-13,ret_5,1956,0.1280998442837758,0.0228700945078746
2020-05-14,ret_5,1962,0.058337645787692564,0.0073606255944296105
2020-05-15,ret_5,1962,0.048437673600522535,0.016311954588491686
2020-05-18,ret_5,1961,0.05595566101087558,0.045234554528038484
2020-05-19,ret_5,1956,0.04900571539695512,0.04836785149004843
2020-05-20,ret_5,1957,0.04901407463691361,0.0225360838206025
2020-05-21,ret_5,1959,0.08065811847405939,0.02305676150865629
2020-05-22,ret_5,1957,0.028810467425406095,-0.16368364982171757
2020-05-25,ret_5,1957,-0.022218099768216128,-0.08381800491404273
2020-05-26,ret_5,1953,-0.029681560423297667,-0.11695232126022759
2020-05-27,ret_5,1952,-0.0469884082025274,-0.05329194707454908
2020-05-28,ret_5,1952,-0.11061705966011401,-0.16768797786216258
2020-05-29,ret_5,1952,-0.11291483673749945,-0.09886990356529311
2020-06-01,ret_5,1953,0.04641722910366284,0.045793662447936756
2020-06-02,ret_5,1955,-0.041770935321334815,0.027459025426785036
2020-06-03,ret_5,1951,-0.07347584840995042,0.009477965127671023
2020-06-04,ret_5,1953,-0.025786895400461855,-0.045623315709639026
2020-06-05,ret_5,1953,-0.06727429157861411,-0.0705044824835123
2020-06-08,ret_5,1955,0.02043160552399566,-0.07235472269044126
2020-06-09,ret_5,1959,0.07254850508144654,-0.015531660142317494
2020-06-10,ret_5,1958,0.09651222956951098,0.014881704231189594
2020-06-11,ret_5,1958,0.04269133089281974,-0.05669780307145614
2020-06-12,ret_5,1955,-0.005306439930011762,-0.1126854975913336
2020-06-15,ret_5,1958,0.026306767653609935,-0.020633513242072014
2020-06-16,ret_5,1957,-0.021908105249355842,-0.04732098173055173
2020-06-17,ret_5,1957,0.06875021096578926,-0.0004869908963683635
2020-06-18,ret_5,1950,0.114075560526784,0.08641443939575016
2020-06-19,ret_5,1954,0.07648157865934747,0.10189543437836472
2020-06-22,ret_5,1954,0.07068544707848051,0.1200969226875733
2020-06-23,ret_5,1954,0.04129249401336721,0.02031994945016797
2020-06-24,ret_5,1956,0.09230368749123058,0.07372263849665504
2020-06-29,ret_5,1948,-0.02423631741934237,-0.12528145140490884
2020-06-30,ret_5,1949,-0.005553406143486624,-0.0987981149738894
2020-07-01,ret_5,1955,0.027440889288206833,-0.10983591737105658
2020-07-02,ret_5,1955,0.14249783979884126,0.021874423016484682
2020-07-03,ret_5,1953,0.03431170184250063,-0.07371829152692412
2020-07-06,ret_5,1955,0.01842600085263881,-0.009978959089176894
2020-07-07,ret_5,1948,-0.11038133927433749,-0.20377702706684903
2020-07-08,ret_5,1956,-0.14946858932397875,-0.22750041004462443
2020-07-09,ret_5,1958,-0.1691445680043936,-0.23781903817930997
2020-07-10,ret_5,1956,-0.15689366069301705,-0.22749984906448067
2020-07-13,ret_5,1955,-0.12686992180164344,-0.17766084691650677
2020-07-14,ret_5,1955,0.03697739705156638,0.015996253142098533
2020-07-15,ret_5,1956,0.18392434489504766,0.1628526724942344
2020-07-16,ret_5,1955,0.11983621127136189,0.07871117637969452
2020-07-17,ret_5,1955,0.1520151806511231,0.14764856737737958
2020-07-20,ret_5,1954,0.19299935014084177,0.1662015528745877
2020-07-21,ret_5,1957,0.1696806600071742,0.11739503883948542
2020-07-22,ret_5,1957,0.09809592725279632,0.03771467056450995
2020-07-23,ret_5,1956,0.16868659435684424,0.11288928258033407
2017-01-17,ret_10,1846,-0.23135872482885,-0.21522475271614674
2017-01-18,ret_10,1845,-0.20548609363045217,-0.26941619442352616
2017-01-19,ret_10,1844,-0.10800404920092853,-0.12511908953995735
2017-01-20,ret_10,1843,-0.11382592349941273,-0.1568569375301064
2017-01-23,ret_10,1842,-0.15168853717730807,-0.24225091707305824
2017-01-24,ret_10,1845,-0.10825583070013428,-0.2231093014526604
2017-01-25,ret_10,1849,-0.1353305799088493,-0.25506603124543425
2017-01-26,ret_10,1851,-0.058532883588927734,-0.1387644913268487
2017-02-03,ret_10,1845,-0.04062549151154939,-0.07324230087041907
2017-02-06,ret_10,1845,-0.05748138567915229,-0.07212501053285582
2017-02-07,ret_10,1847,-0.10467336506902358,-0.13969569176139754
2017-02-08,ret_10,1846,-0.07281571593353581,-0.11539234971844486
2017-02-09,ret_10,1839,-0.04071818366381549,-0.12099417920948484
2017-02-10,ret_10,1832,0.09219299430467477,0.05687609504415902
2017-02-13,ret_10,1836,0.01729947537211637,0.03487264937110592
2017-02-14,ret_10,1836,0.1289692360148562,0.10463639700316754
2017-02-15,ret_10,1843,-0.09309965065186024,-0.14481336316700577
2017-02-16,ret_10,1844,-0.16673679937853828,-0.17329582231924104
2017-02-17,ret_10,1836,-0.3105750247506211,-0.3907564034072053
2017-02-20,ret_10,1831,-0.2494810767504412,-0.3175716636285157
2017-02-21,ret_10,1834,-0.21917443394498767,-0.26576715229695985
2017-02-22,ret_10,1837,-0.19141045092116463,-0.20773428584297193
2017-02-23,ret_10,1839,-0.08470140880274304,-0.07260434503016489
2017-02-24,ret_10,1842,0.05239593113919708,0.08918217842295074
2017-02-27,ret_10,1839,-0.033948208288821766,0.006406453823182226
2017-02-28,ret_10,1840,-0.04625392254304183,0.008351007391520341
2017-03-01,ret_10,1842,-0.0753326291138061,-0.013472155043644532
2017-03-02,ret_10,1846,-0.033435303951912465,-0.02261947546856993
2017-03-03,ret_10,1842,0.05839818306007313,0.04771828623942928
2017-03-06,ret_10,1840,0.10736017292347201,0.05031695457755764
2017-03-07,ret_10,1841,0.1696041961331498,0.14481094238549638
2017-03-08,ret_10,1841,0.09272787047277269,0.025026053612729346
2017-03-09,ret_10,1846,0.03569995812736653,-0.02548231969789198
2017-03-10,ret_10,1835,-0.0052091395563261195,-0.05425450316304669
2017-03-13,ret_10,1837,0.03995606042710236,0.0442813916634851
2017-03-14,ret_10,1838,0.050605625966223144,0.060462590826201264
2017-03-15,ret_10,1840,0.014761077759988429,0.09223396917900241
2017-03-16,ret_10,1844,0.013526267998024206,0.06698378018735333
2017-03-17,ret_10,1842,-0.04968893492557436,-0.01956080564440957
2017-03-20,ret_10,1841,-0.01567023279490204,-0.03009590886992057
2017-03-21,ret_10,1842,-0.0964654144689359,-0.10205632611956808
2017-03-22,ret_10,1841,-0.05528274876237379,-0.05621849487762579
2017-03-23,ret_10,1840,-0.06672454623273481,-0.04470825487213559
2017-03-24,ret_10,1832,0.034459663717365016,0.06044264230913437
2017-03-27,ret_10,1829,0.06504296080870113,0.08954063764650805
2017-03-28,ret_10,1832,0.006910745625944206,0.02407196942927231
2017-03-29,ret_10,1830,-0.0018452518899783141,0.013174856544202468
2017-03-30,ret_10,1828,0.057006192237573014,0.04479750576634783
2017-03-31,ret_10,1837,0.08763181919667347,0.12440706143751679
2017-04-05,ret_10,1822,0.19016066992925817,0.20420071324230754
2017-04-06,ret_10,1816,0.20202845219249202,0.1962493735049993
2017-04-07,ret_10,1821,0.12978504815983646,0.06679444667107863
2017-04-10,ret_10,1820,0.05675928231736421,0.10397000005191884
2017-04-11,ret_10,1818,0.09682876231049235,0.12265419329649527
2017-04-12,ret_10,1808,-0.02818125799960048,0.08172606999838405
2017-04-13,ret_10,1803,-0.05159384325600977,0.08022000116761979
2017-04-14,ret_10,1806,-0.030170885397694677,0.058405253251531335
2017-04-17,ret_10,1820,-0.07352568325941847,0.0031907563133317745
2017-04-18,ret_10,1822,0.03523432779677421,0.033593552588535025
2017-04-19,ret_10,1814,0.06315734224868458,0.0185424190808819
2017-04-20,ret_10,1808,0.13754303667796436,0.017156553897072015
2017-04-21,ret_10,1804,-0.08553624995265045,-0.24182686552699442
2017-04-24,ret_10,1807,-0.26165645969485807,-0.3368925073073618
2017-04-25,ret_10,1805,-0.2463359993420641,-0.2806419194448674
2017-04-26,ret_10,1815,-0.10967371641365073,-0.1025949241079155
2017-04-27,ret_10,1800,0.09094061590026864,0.1390781941848934
2017-04-28,ret_10,1792,0.05580748660525283,0.10830168571006657
2017-05-02,ret_10,1807,0.09771790187709238,0.14727342555087733
2017-05-03,ret_10,1816,0.1684084852674341,0.20016867041756486
2017-05-04,ret_10,1807,0.12953857499449614,0.12143782118888166
2017-05-05,ret_10,1806,0.08918041886163289,0.0694117120047728
2017-05-08,ret_10,1799,0.17576348768101344,0.15070270650909331
2017-05-09,ret_10,1802,0.12539783613687328,0.044250941807127686
2017-05-10,ret_10,1807,0.013329489265112526,-0.002745985768625062
2017-05-11,ret_10,1814,-0.11790054412681296,-0.12869615502516132
2017-05-12,ret_10,1813,-0.049079137427714366,0.01437216001568395
2017-05-15,ret_10,1808,0.12359255036444239,0.23795428698770787
2017-05-16,ret_10,1809,0.22845799302581174,0.29537331691695035
2017-05-17,ret_10,1818,0.1752317145910826,0.23297265088850552
2017-05-18,ret_10,1813,0.18312254688944143,0.2481088156908171
2017-05-19,ret_10,1813,0.08672491980959522,0.13973034591040093
2017-05-22,ret_10,1808,0.040716091473598746,0.10328466815197306
2017-05-23,ret_10,1807,0.018941123452198033,0.11311364436254118
2017-05-24,ret_10,1804,-0.04970755905948827,0.04942255394863196
2017-05-25,ret_10,1807,-0.09276310849699783,0.0008919127483610275
2017-05-26,ret_10,1811,-0.03530269023898566,-0.05383131931511126
2017-05-31,ret_10,1810,-0.1972888319994329,-0.29820514584510943
2017-06-01,ret_10,1802,-0.31842456083066933,-0.3736995832470294
2017-06-02,ret_10,1801,-0.057438501488241575,-0.014714281511704137
2017-06-05,ret_10,1807,-0.14578507685014305,-0.11542667727630809
2017-06-06,ret_10,1812,-0.15145680345269322,-0.1186126154334322
2017-06-07,ret_10,1811,-0.23778540888081728,-0.23949748333877363
2017-06-08,ret_10,1813,-0.19554506107679684,-0.1747290945612033
2017-06-09,ret_10,1812,-0.2197361853860549,-0.2305994920200556
2017-06-12,ret_10,1814,-0.3211644227244512,-0.4015099426784194
2017-06-13,ret_10,1815,-0.1975385008611716,-0.2125463192958138
2017-06-14,ret_10,1812,-0.1287419435466689,-0.10564471889371327
2017-06-15,ret_10,1811,-0.19814632660058246,-0.2403950200753696
2017-06-16,ret_10,1807,-0.09961949671565354,-0.10537088584965734
2017-06-19,ret_10,1810,0.0011018079090023413,0.004316714900067603
2017-06-20,ret_10,1810,0.01917414255623165,-0.01737585218650397
2017-06-21,ret_10,1813,0.10889599391529721,0.16020779866263146
2017-06-22,ret_10,1809,0.01567263183384578,0.0337895294657921
2017-06-23,ret_10,1812,0.014969067127596948,-0.004586580496176393
2017-06-26,ret_10,1816,0.04413265008329787,0.03167206646207745
2017-06-27,ret_10,1816,0.0027697269362654,0.0063069212349085805
2017-06-28,ret_10,1815,0.019594253398366436,-0.0019989479619089523
2017-06-29,ret_10,1815,0.018772247620400945,-0.03100533776644718
2017-06-30,ret_10,1811,0.08764510595318858,0.05424650140867721
2017-07-03,ret_10,1813,0.17088501949923554,0.13450056953606518
2017-07-04,ret_10,1814,0.14187922619716806,0.1579736686284297
2017-07-05,ret_10,1816,0.15686634190834695,0.17225462195185742
2017-07-06,ret_10,1815,0.06527864326557517,0.04356033774213238
2017-07-07,ret_10,1814,0.03782847077638984,-0.010713823705709094
2017-07-10,ret_10,1806,0.2621982923791702,0.19842926356970292
2017-07-11,ret_10,1806,0.2881205433017785,0.2729455894037545
2017-07-12,ret_10,1803,0.29138039264425336,0.23364350941062018
2017-07-13,ret_10,1806,0.3526265294418475,0.3253704636745186
2017-07-14,ret_10,1805,0.27451616823120556,0.26209099245047185
2017-07-17,ret_10,1805,0.09697686728700283,0.11143142456450122
2017-07-18,ret_10,1807,0.015020912392154235,-0.024610364594317764
2017-07-19,ret_10,1808,-0.3033519053183225,-0.34985258530253743
2017-07-20,ret_10,1805,-0.22376023839399678,-0.32451940883190555
2017-07-21,ret_10,1804,-0.050369736376825874,-0.14928257228840078
2017-07-24,ret_10,1804,-0.1229122541835263,-0.18887075303004688
2017-07-25,ret_10,1808,-0.10484447521797546,-0.1490811094433756
2017-07-26,ret_10,1810,0.1079709687351159,0.09566079863806999
2017-07-27,ret_10,1804,-0.06222391682699916,-0.04581862393909375
2017-07-28,ret_10,1806,-0.1459229555680544,-0.14306760863649623
2017-07-31,ret_10,1805,0.06327781894941452,0.07363561832788094
2017-08-01,ret_10,1806,0.043095284993449445,0.02413401118988544
2017-08-02,ret_10,1808,-0.02385552233596857,-0.13024989163490044
2017-08-03,ret_10,1807,-0.03368095335511621,-0.09450781646791712
2017-08-04,ret_10,1807,-0.07234591709450335,-0.06494650107725249
2017-08-07,ret_10,1808,-0.10280729576461388,-0.0801968388887654
2017-08-08,ret_10,1813,-0.1092958841972695,-0.03629279695127188
2017-08-09,ret_10,1812,-0.09196996317249953,-0.03214954180980202
2017-08-10,ret_10,1820,-0.23682268204644127,-0.2477623702463318
2017-08-11,ret_10,1821,-0.2167868376807428,-0.21706687059076102
2017-08-14,ret_10,1818,-0.16529184366911584,-0.14343111666947
2017-08-15,ret_10,1823,-0.20977439821101973,-0.22662486021968725
2017-08-16,ret_10,1827,-0.206765029677823,-0.22591110512931467
2017-08-17,ret_10,1830,-0.17357096676709433,-0.18400606222090438
2017-08-18,ret_10,1828,-0.1111508272724254,-0.11218117825280216
2017-08-21,ret_10,1832,-0.04879967240292498,-0.02449578023676986
2017-08-22,ret_10,1831,-0.1155482551981311,-0.13631149496696685
2017-08-23,ret_10,1833,-0.21883488413550894,-0.16956915623795288
2017-08-24,ret_10,1842,-0.14358641764953134,-0.13083251692720047
2017-08-25,ret_10,1841,0.09081256485166135,0.08612869355755355
2017-08-28,ret_10,1843,0.07637676826279621,0.04550343711949622
2017-08-29,ret_10,1840,0.06130735651599043,0.024793287138744752
2017-08-30,ret_10,1830,-0.037117928082472516,-0.10264724819130608
2017-08-31,ret_10,1826,-0.042555578235896604,-0.061001957397232034
2017-09-01,ret_10,1834,0.08085256614502057,0.008094090153780915
2017-09-04,ret_10,1839,0.08615151684175383,0.04591571202686557
2017-09-05,ret_10,1839,0.01964838003115429,-0.036803912898061064
2017-09-06,ret_10,1833,0.06358415744702281,0.02504156250434656
2017-09-07,ret_10,1830,-0.07610154842745637,-0.14512502210616338
2017-09-08,ret_10,1828,-0.1369140089226826,-0.15870065626617455
2017-09-11,ret_10,1838,-0.07475313111624703,-0.12579210959488354
2017-09-12,ret_10,1837,-0.03084960891107551,-0.06648110739419269
2017-09-13,ret_10,1832,-0.13060072659145636,-0.10391056545234281
2017-09-14,ret_10,1831,-0.01887419364218917,-0.02797185115910689
2017-09-15,ret_10,1837,-0.1425271908655198,-0.10799062755400472
2017-09-18,ret_10,1837,-0.11261351922006989,-0.07913234759475372
2017-09-19,ret_10,1839,-0.13270078837564905,-0.06971316804965137
2017-09-20,ret_10,1837,-0.013396266914703725,-0.02059050758967833
2017-09-21,ret_10,1829,0.0465287151119933,-0.0012656983934332432
2017-09-22,ret_10,1823,0.19931673120923157,0.056585142272316695
2017-09-25,ret_10,1827,0.11544729872158778,0.051271366294937136
2017-09-26,ret_10,1830,0.09489795951618961,0.05727708904939624
2017-09-27,ret_10,1829,0.04413541309469504,0.01852392880087921
2017-09-28,ret_10,1835,-0.08271480961395024,-0.0570771336308771
2017-09-29,ret_10,1835,-0.16672497327445082,-0.06452535358488673
2017-10-09,ret_10,1834,-0.031009684295337514,0.049894302277815564
2017-10-10,ret_10,1835,-0.0070178395502608695,0.05202494856080919
2017-10-11,ret_10,1833,0.05421897758466659,0.14587259651294532
2017-10-12,ret_10,1838,0.05430750299143264,0.10123911856243982
2017-10-13,ret_10,1837,0.15693563019704637,0.1940192186942343
2017-10-16,ret_10,1841,0.031148162265201763,0.06275804929164393
2017-10-17,ret_10,1843,0.033782659445081666,0.043462251535328775
2017-10-18,ret_10,1839,-0.12949001870890595,-0.1583378964614227
2017-10-19,ret_10,1840,0.016325623778812134,0.06518402042461338
2017-10-20,ret_10,1844,0.09688951727208021,0.16871774862934077
2017-10-23,ret_10,1849,0.1708025679480747,0.21367419261539944
2017-10-24,ret_10,1849,0.15300825435454354,0.19906984360268487
2017-10-25,ret_10,1853,0.19877125813758426,0.2696939270539626
2017-10-26,ret_10,1854,0.17876991477236856,0.23269202133013803
2017-10-27,ret_10,1853,0.03459841890499829,0.015497211017515325
2017-10-30,ret_10,1860,0.05191570057039518,0.05221868219546643
2017-10-31,ret_10,1858,0.004369632271390197,-0.014863307154241763
2017-11-01,ret_10,1857,-0.002096815732631259,-0.05899676791979501
2017-11-02,ret_10,1852,0.04314918582753496,-0.027545713399235595
2017-11-03,ret_10,1847,0.12174845718218842,0.06946735045773313
2017-11-06,ret_10,1852,0.10238290506502723,0.07720092732115054
2017-11-07,ret_10,1850,0.16179087693992225,0.16946757063299367
2017-11-08,ret_10,1850,0.12065216433238331,0.12911746955510825
2017-11-09,ret_10,1848,0.11730047268408218,0.2005191236635796
2017-11-10,ret_10,1839,0.14345639894076476,0.1803969291796965
2017-11-13,ret_10,1839,0.1780330759338953,0.15419106641103408
2017-11-14,ret_10,1843,0.25135964289083496,0.2428455463207715
2017-11-15,ret_10,1840,0.07039300455960366,0.10368373125228791
2017-11-16,ret_10,1842,-0.0797458507566679,-0.041003189996782374
2017-11-17,ret_10,1842,-0.2057237681247549,-0.12707630167602024
2017-11-20,ret_10,1841,-0.24618036971261117,-0.23954467327408083
2017-11-21,ret_10,1846,-0.06569506994462519,-0.2211546367573806
2017-11-22,ret_10,1846,-0.027266808306080262,-0.22477449674049715
2017-11-23,ret_10,1846,0.05540369804969933,-0.2101336671203437
2017-11-24,ret_10,1842,0.18179930815832515,0.020829993147244732
2017-11-27,ret_10,1839,0.20961121189063606,0.23347174080610147
2017-11-28,ret_10,1832,0.09642592504927519,0.14379089303713416
2017-11-29,ret_10,1828,-0.004430591728459252,0.049305899475712706
2017-11-30,ret_10,1824,-0.043533817891133766,0.02712166017422795
2017-12-01,ret_10,1824,-0.0453366839026995,-0.09682955598047523
2017-12-04,ret_10,1822,-0.09493475871826516,-0.13421603137443588
2017-12-05,ret_10,1819,-0.2172676764554326,-0.25191487703684184
2017-12-06,ret_10,1818,-0.13638259220901536,-0.1503909011341557
2017-12-07,ret_10,1819,-0.10126941146958263,-0.11924726851928216
2017-12-08,ret_10,1812,-0.0706225007315281,-0.02064282889294439
2017-12-11,ret_10,1815,-0.0850172618293352,-0.04709421223599733
2017-12-12,ret_10,1814,-0.060668966151717726,-0.028385204391028068
2017-12-13,ret_10,1810,0.06338421059013886,0.07670467361214574
2017-12-14,ret_10,1814,0.06390516637759994,0.0821729860828257
2017-12-15,ret_10,1816,0.13823379086527574,0.14245467278895602
2017-12-18,ret_10,1814,0.05856117928446267,0.057532289009375
2017-12-19,ret_10,1818,-0.055110621249521,-0.08005470038785213
2017-12-20,ret_10,1819,-0.025804578372601177,-0.03675906034121919
2017-12-21,ret_10,1819,-0.046925915728668006,-0.023785325619120536
2017-12-22,ret_10,1816,-0.13263891052480783,-0.12231481416415708
2017-12-25,ret_10,1820,-0.17994423550548747,-0.2193010599041975
2017-12-26,ret_10,1820,-0.109761237876598,-0.10277552867750168
2017-12-27,ret_10,1817,-0.10805905581644751,-0.15740072141576378
2017-12-28,ret_10,1819,0.03989073293205016,0.019968278873320932
2017-12-29,ret_10,1825,0.02957339263805766,0.008367492209957451
2018-01-02,ret_10,1823,0.16942414986426854,0.16501757330730796
2018-01-03,ret_10,1826,-0.05359320217430552,-0.047140543014911766
2018-01-04,ret_10,1831,-0.019975085500268004,-0.02198803192270449
2018-01-05,ret_10,1830,0.0025578977916077376,-0.029156015184448516
2018-01-08,ret_10,1831,0.12155433173346046,0.09668287824862186
2018-01-09,ret_10,1832,0.022498966642464202,0.022954054195203938
2018-01-10,ret_10,1833,0.11024121324297848,0.146213305758926
2018-01-11,ret_10,1832,0.020341625670727715,0.07227735416604611
2018-01-12,ret_10,1829,-0.05974946525024438,0.03824119419377414
2018-01-15,ret_10,1833,-0.13833302320145185,-0.12548953201873198
2018-01-16,ret_10,1834,-0.02541160619537667,-0.09802926208375824
2018-01-17,ret_10,1832,-0.11158613671143255,-0.15597017926875897
2018-01-18,ret_10,1833,-0.0032159558977541127,-0.03653507446783912
2018-01-19,ret_10,1835,0.047736240057570656,0.016084733239052566
2018-01-22,ret_10,1835,-0.03346144420301082,-0.0222875503764109
2018-01-23,ret_10,1834,0.12518865470950086,0.1221049739550347
2018-01-24,ret_10,1827,0.21012622396148695,0.2090943872396507
2018-01-25,ret_10,1803,0.2648224538738839,0.29930799391371804
2018-01-26,ret_10,1769,0.23533431883382938,0.2929751308090348
2018-01-29,ret_10,1759,0.1920548016626923,0.19040264238505147
2018-01-30,ret_10,1760,0.13998003676876253,0.13879517030079852
2018-01-31,ret_10,1755,-0.018745407447803234,0.016741421977003405
2018-02-01,ret_10,1757,-0.2086640211379213,-0.1502255217258864
2018-02-02,ret_10,1762,-0.25981835983239143,-0.2185716176397806
2018-02-05,ret_10,1759,-0.39201089208516193,-0.4038511667387548
2018-02-06,ret_10,1760,-0.3619698274653534,-0.3850857799315163
2018-02-07,ret_10,1760,-0.21026475006459516,-0.26738076888832707
2018-02-08,ret_10,1759,-0.06619587128161511,-0.15024522188687076
2018-02-09,ret_10,1761,-0.18137859692487632,-0.2517986105365903
2018-02-12,ret_10,1765,-0.19685790361401168,-0.24777487790622485
2018-02-13,ret_10,1766,-0.1753617826356827,-0.2345040826218593
2018-02-14,ret_10,1771,-0.14396478250549224,-0.1915595314787841
2018-02-22,ret_10,1781,-0.0118061356166548,-0.031140572254371984
2018-02-23,ret_10,1774,0.02220689180694719,0.014214852254979881
2018-02-26,ret_10,1774,0.0796551514102523,0.11042821369030176
2018-02-27,ret_10,1766,0.16824213435761837,0.17794656547857343
2018-02-28,ret_10,1760,0.008574065442595683,-0.030139032693407942
2018-03-01,ret_10,1763,0.18093991350565625,0.23646176651402984
2018-03-02,ret_10,1765,0.11804903780514074,0.1558215834033995
2018-03-05,ret_10,1769,0.06574210800607544,0.13580231211178256
2018-03-06,ret_10,1772,0.035649231688447906,0.08855005686206065
2018-03-07,ret_10,1780,0.03566430581718583,0.05698801380261613
2018-03-08,ret_10,1788,-0.0566575573188928,-0.13195794673523265
2018-03-09,ret_10,1791,-0.010446270782109378,-0.019582712228534242
2018-03-12,ret_10,1796,0.0900642698958317,0.09296222883016568
2018-03-13,ret_10,1803,0.08180170852319164,0.07974168903393081
2018-03-14,ret_10,1795,0.08492692211714052,0.10057281680849982
2018-03-15,ret_10,1802,-0.08085466991539532,-0.09099905063425591
2018-03-16,ret_10,1804,-0.08696693072909613,-0.07836119361062863
2018-03-19,ret_10,1799,-0.03480846635353618,-0.004655761228116879
2018-03-20,ret_10,1798,0.021401772015999417,0.14064747588280696
2018-03-21,ret_10,1806,-0.06630772140426439,0.03791185768423012
2018-03-22,ret_10,1808,-0.024418423434726215,0.07709270655311407
2018-03-23,ret_10,1809,-0.2984960759967887,-0.33978021942542497
2018-03-26,ret_10,1810,-0.22304673892180724,-0.1807487333701135
2018-03-27,ret_10,1803,-0.07765120078306904,-0.047661256733312625
2018-03-28,ret_10,1798,0.0854783608634119,0.12062682264516413
2018-03-29,ret_10,1804,-0.07372928997492142,-0.07942757055469646
2018-03-30,ret_10,1803,-0.1668425627428566,-0.16323121504945576
2018-04-02,ret_10,1809,-0.1765672356556507,-0.19068373118240817
2018-04-03,ret_10,1811,-0.11803356623171966,-0.11848746918718664
2018-04-04,ret_10,1810,0.05596998115575274,0.03754999275933288
2018-04-09,ret_10,1807,0.2530104724612483,0.21380802892568349
2018-04-10,ret_10,1804,0.31372619662155055,0.24742362835561288
2018-04-11,ret_10,1806,0.16730760529272293,0.14210153439753712
2018-04-12,ret_10,1805,0.05369931498980741,0.05910356427668794
2018-04-13,ret_10,1805,-0.07213057157722386,-0.04312239533626146
2018-04-16,ret_10,1810,-0.039402266729696885,-0.021012510433314056
2018-04-17,ret_10,1813,-0.11022311705154898,-0.10637963237943661
2018-04-18,ret_10,1814,0.05625546205035975,0.08009636310827069
2018-04-19,ret_10,1822,-0.010603784569057119,-0.03803429960980824
2018-04-20,ret_10,1812,0.0031904883636869495,-0.031207298228171917
2018-04-23,ret_10,1818,-0.017327668956358278,-0.034644065198804086
2018-04-24,ret_10,1819,-0.08152909962485197,-0.039550503120616795
2018-04-25,ret_10,1811,-0.08937130768960098,-0.09108065696309123
2018-04-26,ret_10,1807,-0.13740252413462667,-0.1551175318798459
2018-04-27,ret_10,1809,-0.11663002594297874,-0.1672208066930797
2018-05-02,ret_10,1818,-0.06603829839448731,-0.080487407196464
2018-05-03,ret_10,1826,-0.0943802652985736,-0.11546125831527858
2018-05-04,ret_10,1822,0.03062173978697483,0.04202896098356659
2018-05-07,ret_10,1818,0.10443706492988768,0.1344185859688581
2018-05-08,ret_10,1818,0.13499628922293605,0.1607903635425892
2018-05-09,ret_10,1821,0.040848541795818705,0.0581939597043903
2018-05-10,ret_10,1825,0.15211089391453478,0.19503654282147703
2018-05-11,ret_10,1825,-0.011385073922435743,-0.031993382259934575
2018-05-14,ret_10,1821,-0.0008996499771666976,0.01771203490496893
2018-05-15,ret_10,1824,-0.041502620047547116,-0.059708583493672286
2018-05-16,ret_10,1828,-0.010698037577166305,0.012201970294640659
2018-05-17,ret_10,1834,0.008503323381672164,0.04349584143225483
2018-05-18,ret_10,1837,0.13675441949913017,0.14815611879896565
2018-05-21,ret_10,1840,0.10007281947847096,0.16109119438113265
2018-05-22,ret_10,1830,0.08728015800420708,0.1454028609283992
2018-05-23,ret_10,1827,0.13322172468357998,0.16274614887465802
2018-05-24,ret_10,1824,0.03519331443600097,0.05951262640416354
2018-05-25,ret_10,1827,-0.05729533622193998,-0.031927366142411776
2018-05-28,ret_10,1829,0.0957380815742609,0.052388307610633386
2018-05-29,ret_10,1826,0.026604767352295573,0.011072100198229342
2018-05-30,ret_10,1823,-0.08664290731994992,-0.11245512913601688
2018-05-31,ret_10,1823,0.03375577783209725,0.047175543669849836
2018-06-01,ret_10,1824,-0.007767335847132482,-0.033611717933437396
2018-06-04,ret_10,1826,0.04588194596828145,0.06533466787784221
2018-06-05,ret_10,1824,0.10966655019410694,0.17447567955826063
2018-06-06,ret_10,1820,0.09251163197643783,0.14214336851468107
2018-06-07,ret_10,1816,0.1196146832690467,0.16119270552101075
2018-06-08,ret_10,1807,0.19170883190678847,0.25594192242178415
2018-06-11,ret_10,1815,0.14968184403464954,0.2187801998040062
2018-06-12,ret_10,1814,0.1407231068569103,0.23731302999438886
2018-06-13,ret_10,1812,0.0825882916282312,0.13468526203867476
2018-06-14,ret_10,1813,0.01159135004063662,0.013398630720848046
2018-06-15,ret_10,1811,-0.13159132183238517,-0.19495334752167426
2018-06-19,ret_10,1820,-0.2622008136400956,-0.3122668151529094
2018-06-20,ret_10,1824,-0.27832241291264703,-0.3487616804069416
2018-06-21,ret_10,1826,-0.3064024908538187,-0.41893748275281945
2018-06-22,ret_10,1827,-0.23401538852001788,-0.33216487097622965
2018-06-25,ret_10,1832,-0.23684911459555993,-0.3523015607916058
2018-06-26,ret_10,1836,-0.07211541192353918,-0.1240871599508552
2018-06-27,ret_10,1840,-0.04731970576244797,-0.010171440278986811
2018-06-28,ret_10,1842,-0.10242393766522088,-0.007505660723326365
2018-06-29,ret_10,1845,-0.06759310066506304,0.012229770989617443
2018-07-02,ret_10,1845,-0.02648683873457375,0.0238856214258207
2018-07-03,ret_10,1845,0.043835106833458704,0.022377743662998766
2018-07-04,ret_10,1849,-0.008524487505403243,0.016942853293900575
2018-07-05,ret_10,1849,-0.13985329341813443,-0.16526681773079477
2018-07-06,ret_10,1852,-0.09948580430114942,-0.10130516425083551
2018-07-09,ret_10,1854,0.022712397821819927,0.03896811690003189
2018-07-10,ret_10,1858,-0.07495221762957364,-0.05520180501292048
2018-07-11,ret_10,1860,-0.041237875448342454,-0.05015463847252841
2018-07-12,ret_10,1865,0.021026139796019378,0.00938379234545145
2018-07-13,ret_10,1869,-0.03637377334641338,-0.049984697100813984
2018-07-16,ret_10,1882,-0.03672190231655107,-0.11372193544409816
2018-07-17,ret_10,1889,-0.060787985025437474,-0.1857779868896198
2018-07-18,ret_10,1889,-0.24562404827362025,-0.3677258474986527
2018-07-19,ret_10,1889,-0.18586179358806404,-0.28737602447571564
2018-07-20,ret_10,1889,-0.12932937554964377,-0.19978606031619464
2018-07-23,ret_10,1894,-0.02873432407698395,-0.07512913948185562
2018-07-24,ret_10,1896,0.07446747227361898,0.08622596784084201
2018-07-25,ret_10,1896,0.12024481753000384,0.09348351718854928
2018-07-26,ret_10,1895,0.08636160603031437,0.180243701281915
2018-07-27,ret_10,1894,0.1389958880723929,0.20735694212308778
2018-07-30,ret_10,1900,0.2504545658423709,0.2835600405459748
2018-07-31,ret_10,1901,0.26265392343483873,0.358960192075463
2018-08-01,ret_10,1904,0.11023110912551143,0.21562856691090435
2018-08-02,ret_10,1904,0.02197694786356788,0.056491592406475354
2018-08-03,ret_10,1905,-0.21670145361722945,-0.24940973730145163
2018-08-06,ret_10,1908,-0.25568123141227445,-0.2981642519863669
2018-08-07,ret_10,1908,-0.2562927053501526,-0.3171275618813423
2018-08-08,ret_10,1909,-0.18338659899368775,-0.19965685847431155
2018-08-09,ret_10,1908,-0.0232432905796156,0.02365081995828542
2018-08-10,ret_10,1903,0.05167489056283387,0.08604758968533145
2018-08-13,ret_10,1904,0.1106986302087698,0.13754041905645814
2018-08-14,ret_10,1909,0.06754169179631338,0.08279608514942016
2018-08-15,ret_10,1909,0.04136479774946338,0.05458900520094703
2018-08-16,ret_10,1911,-0.0787140219795073,-0.008759295027238097
2018-08-17,ret_10,1915,-0.15100664919730972,-0.14102403372597225
2018-08-20,ret_10,1916,-0.09954152976781525,-0.07905452170580791
2018-08-21,ret_10,1919,-0.05357332249391904,-0.0018951360672262905
2018-08-22,ret_10,1915,-0.07545204180437314,-0.04144369858488857
2018-08-23,ret_10,1916,-0.015321175607574889,0.012614550115797561
2018-08-24,ret_10,1916,0.017025442534110126,0.09808484210882756
2018-08-27,ret_10,1915,0.08789473469029087,0.19438637788964255
2018-08-28,ret_10,1918,0.007803927536044741,0.07553481294325576
2018-08-29,ret_10,1918,0.0497973814726746,0.10669119118375844
2018-08-30,ret_10,1918,-0.08826069407701799,-0.002060006824967321
2018-08-31,ret_10,1918,-0.1441822598981281,-0.10209530908848319
2018-09-03,ret_10,1921,-0.05855035038816318,0.01677522028876663
2018-09-04,ret_10,1923,-0.007507637617149632,0.036860198558836106
2018-09-05,ret_10,1921,-0.01378678152876673,0.02622035156591634
2018-09-06,ret_10,1923,-0.02731744890047517,0.030739064515815366
2018-09-07,ret_10,1921,0.040382360810179006,0.0517566514496502
2018-09-10,ret_10,1923,0.008272276031691917,-0.013885382284347948
2018-09-11,ret_10,1922,-0.0018779780174766993,-0.04090946339971961
2018-09-12,ret_10,1923,-0.008050647464547407,-0.031208496623784766
2018-09-13,ret_10,1926,-0.04598363547903986,-0.09763016444747684
2018-09-14,ret_10,1926,-0.15923404322811005,-0.2177831705884077
2018-09-17,ret_10,1927,-0.22811738048146962,-0.24145793996731316
2018-09-18,ret_10,1923,-0.20914153194353846,-0.11023664081953805
2018-09-19,ret_10,1925,-0.2232050362006581,-0.12932335234294395
2018-09-20,ret_10,1925,-0.04293433010504527,0.00609544247875633
2018-09-21,ret_10,1930,0.03256801473251927,0.06148202797967842
2018-09-25,ret_10,1934,0.04372811554156009,0.05227176622244367
2018-09-26,ret_10,1928,0.09663296565901726,0.1426654139734053
2018-09-27,ret_10,1932,0.225770950107188,0.2916827890008417
2018-09-28,ret_10,1930,0.21550093120793645,0.28133139761317266
2018-10-08,ret_10,1930,0.18641517515496295,0.2662249862079839
2018-10-09,ret_10,1935,0.12385087777059249,0.14804288724166997
2018-10-10,ret_10,1933,-0.05225598660154259,-0.03609174512198262
2018-10-11,ret_10,1925,-0.25173599126355084,-0.2265973093548555
2018-10-12,ret_10,1924,-0.22643176435553855,-0.21747495291377061
2018-10-15,ret_10,1926,-0.20311038396961764,-0.24281299025917852
2018-10-16,ret_10,1930,-0.1709214096848729,-0.19810164167717606
2018-10-17,ret_10,1929,-0.11312282198250553,-0.15815113672843417
2018-10-18,ret_10,1927,-0.13513922059836794,-0.21556217188031895
2018-10-19,ret_10,1928,-0.06382480669134152,-0.07961759605227049
2018-10-22,ret_10,1926,-0.13310216464347593,-0.1495524422377215
2018-10-23,ret_10,1928,-0.13869672076065415,-0.16340453974704852
2018-10-24,ret_10,1927,-0.2040143081230454,-0.2191591839469293
2018-10-25,ret_10,1924,-0.12021479020817348,-0.1443763184541885
2018-10-26,ret_10,1932,-0.11394951234927284,-0.15541221686395762
2018-10-29,ret_10,1930,-0.19544768443390165,-0.23691525180412246
2018-10-30,ret_10,1935,-0.10760933332097998,-0.14700960329624255
2018-10-31,ret_10,1935,-0.024712858478309604,-0.040015079620459144
2018-11-01,ret_10,1932,0.09822302828205211,0.12672765328644087
2018-11-02,ret_10,1929,0.13448779677518016,0.1865248674213483
2018-11-05,ret_10,1930,0.27491392757473304,0.24784385016967575
2018-11-06,ret_10,1928,0.23009744554127637,0.20708032359947495
2018-11-07,ret_10,1929,0.22308882396742907,0.20201260111575078
2018-11-08,ret_10,1932,0.321873423371323,0.27878095674871894
2018-11-09,ret_10,1935,0.19742173656323303,0.04771217085430315
2018-11-12,ret_10,1937,0.09064563358957813,-0.11476599360077898
2018-11-13,ret_10,1940,0.07122892235707336,-0.013713854766880881
2018-11-14,ret_10,1937,0.09258976476359455,0.05614880495857687
2018-11-15,ret_10,1942,-0.17383772920652654,-0.24060865317523616
2018-11-16,ret_10,1942,-0.1394586351051659,-0.06452909896474306
2018-11-19,ret_10,1945,-0.07482971221298067,0.06800180547491926
2018-11-20,ret_10,1944,-0.2298041997008002,-0.0822344399394834
2018-11-21,ret_10,1946,-0.2869150780275374,-0.2579316208125038
2018-11-22,ret_10,1952,-0.24194232195019594,-0.17271969966132336
2018-11-23,ret_10,1950,-0.33121986972737366,-0.2917355713677366
2018-11-26,ret_10,1958,-0.3125507769687573,-0.2922349001180591
2018-11-27,ret_10,1961,-0.258619110150579,-0.2301956937115014
2018-11-28,ret_10,1962,-0.18224097090949387,-0.1515932362141728
2018-11-29,ret_10,1965,-0.10013561337050886,-0.10977448884664874
2018-11-30,ret_10,1964,-0.01629871247197368,0.03799846291214001
2018-12-03,ret_10,1965,0.04040362131105765,0.06448585780098665
2018-12-04,ret_10,1967,-0.06502296684547089,-0.044714562241668705
2018-12-05,ret_10,1967,-0.001948750404209327,0.019156147149276343
2018-12-06,ret_10,1974,0.04444472068833642,0.0989280494812542
2018-12-07,ret_10,1972,-0.03986463553232698,-0.05610942212330953
2018-12-10,ret_10,1971,-0.08695341828974228,-0.06644323138434433
2018-12-11,ret_10,1973,-0.05977458022443211,-0.06575030298571803
2018-12-12,ret_10,1979,-0.05024583433980564,-0.03535991557712593
2018-12-13,ret_10,1979,-0.11012283902199266,-0.14092887255958364
2018-12-14,ret_10,1979,-0.13962760954310835,-0.1839027332997323
2018-12-17,ret_10,1973,-0.01506614382946817,-0.09686526448945573
2018-12-18,ret_10,1972,-0.033656863730913686,-0.0827496443283139
2018-12-19,ret_10,1973,0.03785257322376825,0.05810351314351807
2018-12-20,ret_10,1977,0.05862922511249764,0.05728722121592329
2018-12-21,ret_10,1980,0.1244537887959842,0.13734814500603795
2018-12-24,ret_10,1979,-0.037728097434168245,-0.04765427248916165
2018-12-25,ret_10,1977,-0.1455306572185457,-0.16925207435138204
2018-12-26,ret_10,1977,-0.10472044042104733,-0.20782888453661
2018-12-27,ret_10,1979,-0.10765366101221752,-0.23254382019364137
2018-12-28,ret_10,1982,-0.11558925788333677,-0.25005279435132827
2019-01-02,ret_10,1981,-0.027667676973491803,-0.11909147908518446
2019-01-03,ret_10,1981,-0.01811820219786499,-0.11549348678237449
2019-01-04,ret_10,1982,-0.014784737168817393,-0.08840100494024584
2019-01-07,ret_10,1984,0.0024085035477933734,0.01261031558458161
2019-01-08,ret_10,1983,-0.002840768850575738,-0.0023588953607229218
2019-01-09,ret_10,1983,-0.028860117561457878,-0.0733967230854117
2019-01-10,ret_10,1979,-0.17996027856231467,-0.19539051332989918
2019-01-11,ret_10,1976,-0.24722326319235707,-0.24191448493582834
2019-01-14,ret_10,1976,-0.21324664578477037,-0.27797047608562386
2019-01-15,ret_10,1977,-0.08994234904635717,-0.1226951876160687
2019-01-16,ret_10,1983,-0.08302811524307578,-0.011698207677816395
2019-01-17,ret_10,1983,0.007404231457230381,0.0015892401952918628
2019-01-18,ret_10,1984,0.01839063695641802,0.05123129438669601
2019-01-21,ret_10,1983,0.11434360451934553,0.1747070071314806
2019-01-22,ret_10,1981,-0.0027868188859262537,0.12402709546615175
2019-01-23,ret_10,1982,0.03941370116853821,0.18176531902386892
2019-01-24,ret_10,1982,-0.0702870643099943,0.12665595427921456
2019-01-25,ret_10,1985,0.002242801499432848,0.1876640396531136
2019-01-28,ret_10,1986,-0.11396107762650659,-0.03262015313748236
2019-01-29,ret_10,1986,-0.1888345582568392,-0.1934978918900191
2019-01-30,ret_10,1985,-0.3632405761696893,-0.4528545565980935
2019-01-31,ret_10,1983,-0.36392432047662654,-0.49373681978039774
2019-02-01,ret_10,1984,-0.29228203812023595,-0.4264628118690986
2019-02-11,ret_10,1985,-0.2503744925382266,-0.3799262933623531
2019-02-12,ret_10,1979,-0.20897279447154277,-0.37351996746352656
2019-02-13,ret_10,1980,-0.15679398986308066,-0.2971421924642109
2019-02-14,ret_10,1982,-0.09926511548245781,-0.22589582859780763
2019-02-15,ret_10,1980,-0.05823947699532252,-0.16423118032412515
2019-02-18,ret_10,1982,-0.008539958530269426,-0.06370096184994738
2019-02-19,ret_10,1978,0.04523153391078241,0.030372365405215186
2019-02-20,ret_10,1979,-0.02518967296297207,0.001559960510180987
2019-02-21,ret_10,1984,-0.07494368343570532,-0.14859273564511244
2019-02-22,ret_10,1981,-0.04669086389712401,-0.1946305372498963
2019-02-25,ret_10,1981,0.149927522150665,0.12882431707066133
2019-02-26,ret_10,1977,0.2685026097544729,0.21556996398707085
2019-02-27,ret_10,1979,0.4007592053161946,0.3941549235612742
2019-02-28,ret_10,1983,0.22067934679765375,0.19514307407833453
2019-03-01,ret_10,1981,0.061819257678712033,0.031257897683404666
2019-03-04,ret_10,1980,0.07388032212898683,-0.010242556221902408
2019-03-05,ret_10,1977,-0.004339794206675884,-0.025683491549624838
2019-03-06,ret_10,1972,-0.2349827998617973,-0.27035558043608454
2019-03-07,ret_10,1979,-0.2922846189214646,-0.25739986135333226
2019-03-08,ret_10,1978,-0.3535354454334408,-0.4225247702357865
2019-03-11,ret_10,1977,-0.3853853069885262,-0.42323509184923147
2019-03-12,ret_10,1975,-0.31035138741242696,-0.39259542101039263
2019-03-13,ret_10,1974,-0.06764480398545462,-0.07955308464701356
2019-03-14,ret_10,1974,-0.07346937137470262,-0.12688103507955706
2019-03-15,ret_10,1968,0.05458886934110049,0.022287173047704396
2019-03-18,ret_10,1965,0.005338042447793398,-0.04548223932776887
2019-03-19,ret_10,1962,0.018879997540265297,-0.0018290205204933374
2019-03-20,ret_10,1961,-0.061464850211585965,0.0029243204405488147
2019-03-21,ret_10,1963,-0.11778298940908549,-0.009805306593368798
2019-03-22,ret_10,1960,-0.14587874925534186,-0.11495953032305246
2019-03-25,ret_10,1963,-0.0954662996532622,-0.11587496341318726
2019-03-26,ret_10,1957,-0.1727324797429561,-0.1832234343672136
2019-03-27,ret_10,1957,-0.03657814034532956,-0.043509121324300994
2019-03-28,ret_10,1961,0.0662801082461601,-0.005080039450748724
2019-03-29,ret_10,1956,0.047677433745214576,-0.03288428024655934
2019-04-01,ret_10,1958,-0.003896048616357964,-0.09640689807410506
2019-04-02,ret_10,1960,-0.027791091491033964,-0.11692015396525704
2019-04-03,ret_10,1959,-0.09397747584022659,-0.15159928769248587
2019-04-04,ret_10,1959,-0.16223381430350262,-0.1882131537105649
2019-04-08,ret_10,1958,-0.06945256330278829,-0.09079683321775515
2019-04-09,ret_10,1960,-0.028396685010934765,-0.12227184321857167
2019-04-10,ret_10,1964,0.024005042916720478,-0.057966436927559734
2019-04-11,ret_10,1958,0.06431282967721856,-0.012702706657332398
2019-04-12,ret_10,1961,0.033492938296185604,-0.0653955676462778
2019-04-15,ret_10,1958,-0.028107981063629904,-0.07490093742252119
2019-04-16,ret_10,1961,-0.1224695992099398,-0.0929298835898969
2019-04-17,ret_10,1964,-0.11106413516824667,-0.11421447060463387
2019-04-18,ret_10,1964,-0.13736637783750608,-0.16119924600363988
2019-04-19,ret_10,1952,-0.22297441393229842,-0.17176743812559728
2019-04-22,ret_10,1942,-0.18057334025511804,-0.18273782988165602
2019-04-23,ret_10,1960,-0.11367670886249774,-0.1175982295818768
2019-04-24,ret_10,1956,-0.1796988631877997,-0.21624799388230936
2019-04-25,ret_10,1953,-0.17716539577248977,-0.1514307644141854
2019-04-26,ret_10,1955,-0.17901393468045732,-0.1790349071952651
2019-04-29,ret_10,1938,-0.05263668378857299,-0.13817952570622652
2019-04-30,ret_10,1943,-0.07317119977427722,-0.17071261539397234
2019-05-06,ret_10,1969,-0.10694234742906907,-0.19423858648038358
2019-05-07,ret_10,1969,0.08998629325841682,-0.06400129950669202
2019-05-08,ret_10,1968,0.17539050854167912,-0.007989644072188093
2019-05-09,ret_10,1973,0.2733122001008861,0.2610690406471483
2019-05-10,ret_10,1968,0.14396686561677582,0.15930806494922922
2019-05-13,ret_10,1971,0.09453968303772291,0.07654275187766568
2019-05-14,ret_10,1965,0.04252922143623914,0.0641953856001753
2019-05-15,ret_10,1969,0.009740618192231895,0.04685571331763798
2019-05-16,ret_10,1962,-0.10684227019685794,-0.11986463388322677
2019-05-17,ret_10,1947,-0.14421847839164562,-0.16739859455425016
2019-05-20,ret_10,1966,0.08270702817973266,-0.033113146498750655
2019-05-21,ret_10,1970,0.21536180072010622,0.07445452296860458
2019-05-22,ret_10,1969,0.13495863026458527,0.028001155236386077
2019-05-23,ret_10,1971,0.2114851157066451,0.13637061839051443
2019-05-24,ret_10,1970,0.09111040045906309,0.11687574783387158
2019-05-27,ret_10,1970,0.050778577887053526,0.08777480103192324
2019-05-28,ret_10,1972,-0.03482509694134883,0.07247130542566231
2019-05-29,ret_10,1972,0.04126451032497452,0.10146266351193199
2019-05-30,ret_10,1971,0.08444016992843609,0.12088863060699201
2019-05-31,ret_10,1972,0.06345868355022016,-0.018014574921800523
2019-06-03,ret_10,1969,0.07198879772264363,0.03872231406598272
2019-06-04,ret_10,1973,-0.1314355614553963,-0.19082284815943037
2019-06-05,ret_10,1975,-0.08666616542385874,-0.13036500294063813
2019-06-06,ret_10,1972,-0.10898891278308002,-0.1226989349451455
2019-06-10,ret_10,1972,-0.12139243379981578,-0.08249546483651153
2019-06-11,ret_10,1974,-0.09946861060536226,-0.1609700769850319
2019-06-12,ret_10,1972,-0.004820501996550947,-0.013946503274750789
2019-06-13,ret_10,1973,-0.07624509814194425,-0.22946304373350773
2019-06-14,ret_10,1971,-0.08637001072029718,-0.22947380608603504
2019-06-17,ret_10,1972,-0.11204406101611879,-0.22267183723408737
2019-06-18,ret_10,1971,-0.19506872032066255,-0.18236715079899388
2019-06-19,ret_10,1971,-0.18466449225887166,-0.14380004586123632
2019-06-20,ret_10,1974,-0.13649812858788118,-0.0076517498121614754
2019-06-21,ret_10,1971,-0.11665708493649453,-0.018582652929225358
2019-06-24,ret_10,1974,-0.21840520026549537,-0.09726984947833356
2019-06-25,ret_10,1974,-0.12021048887263125,-0.072158952856818
2019-06-26,ret_10,1971,-0.050954244892103547,-0.03647443098716525
2019-06-27,ret_10,1976,-0.06857844770651308,-0.048478489011719174
2019-06-28,ret_10,1975,-0.10581860427913076,-0.04925483837071575
2019-07-01,ret_10,1971,-0.07278728844399084,-0.0515371179357977
2019-07-02,ret_10,1973,-0.04045542873552851,-0.010697955676464487
2019-07-03,ret_10,1971,0.007935798156092617,0.044892928988977426
2019-07-04,ret_10,1970,0.03853559168846422,0.08404048684954472
2019-07-05,ret_10,1972,-0.02210766579660519,-0.02078631823703801
2019-07-08,ret_10,1973,-0.04638164522925271,-0.06716983723988014
2019-07-09,ret_10,1975,-0.04993590959552142,-0.10656453406646675
2019-07-10,ret_10,1975,-0.007493126149978725,-0.06697515333407793
2019-07-11,ret_10,1976,-0.07911125772750079,-0.10409364965137428
2019-07-12,ret_10,1980,0.016692153927291037,0.09029081187878994
2019-07-15,ret_10,1978,0.03893922056099946,0.13635822036502873
2019-07-16,ret_10,1977,-0.015843194209398333,0.10479684725668166
2019-07-17,ret_10,1978,-0.042098989184018186,0.04181408108365779
2019-07-18,ret_10,1974,-0.02862913126986294,0.011231137932983528
2019-07-19,ret_10,1979,-0.10116400867545926,-0.14281603992744013
2019-07-22,ret_10,1977,-0.16855223669462666,-0.13791815382347888
2019-07-23,ret_10,1975,-0.07983297353469523,-0.005834490820557487
2019-07-24,ret_10,1975,-0.014373220209109926,0.028860180853072785
2019-07-25,ret_10,1975,0.049508969632165785,0.05597586642362605
2019-07-26,ret_10,1977,-0.024287911013807825,-0.017220263713413193
2019-07-29,ret_10,1979,0.1338770300525594,0.18098652253356792
2019-07-30,ret_10,1978,0.03490983031502273,0.08554771363868396
2019-07-31,ret_10,1978,0.043859186631707604,0.10355044503654005
2019-08-01,ret_10,1977,-0.05565300402086082,-0.04411540751082537
2019-08-02,ret_10,1976,0.12972014188772665,0.04707974337948012
2019-08-05,ret_10,1975,-0.03219384177264809,-0.09772207340929268
2019-08-06,ret_10,1974,0.03000344209566335,-0.011856871353084454
2019-08-07,ret_10,1972,0.026610643111957592,-0.029738134284890003
2019-08-08,ret_10,1974,0.0455215528685588,-0.03640996518045057
2019-08-09,ret_10,1969,-0.026251680339745193,-0.10206018303889974
2019-08-12,ret_10,1973,-0.09375326217295576,-0.13220079592851908
2019-08-13,ret_10,1972,-0.12560063219554934,-0.16970093779557277
2019-08-14,ret_10,1973,-0.16902979882442107,-0.21557792641367854
2019-08-15,ret_10,1976,-0.14447007427252015,-0.1736296131608969
2019-08-16,ret_10,1974,-0.03248524768340658,-0.02779428321339343
2019-08-19,ret_10,1974,-0.03971507679132482,-0.050548185958025876
2019-08-20,ret_10,1978,-0.06947099671889813,-0.07989652941886209
2019-08-21,ret_10,1977,-0.09145576778446873,-0.07745630191330757
2019-08-22,ret_10,1976,-0.14321737135836507,-0.14383802370902177
2019-08-23,ret_10,1974,-0.12078039903902799,-0.0931520802415706
2019-08-26,ret_10,1976,-0.08140547504727562,-0.09177751996833516
2019-08-27,ret_10,1975,0.03390021809036224,-0.007674142436641807
2019-08-28,ret_10,1975,-0.0492419515621266,-0.07998032117255179
2019-08-29,ret_10,1977,0.04796529884010452,0.01773119444188074
2019-08-30,ret_10,1977,-0.01759708843677504,-0.1172722655990723
2019-09-02,ret_10,1973,-0.07082171802887154,-0.15422954303920655
2019-09-03,ret_10,1975,-0.055682810819951786,-0.1336131641493127
2019-09-04,ret_10,1975,-0.059715089534982065,-0.07578520000114511
2019-09-05,ret_10,1975,0.00429103320321818,-0.05195448949143165
2019-09-06,ret_10,1976,-0.09781972551834527,-0.19896885286619553
2019-09-09,ret_10,1974,-0.10184314486356763,-0.12062257592098453
2019-09-10,ret_10,1974,0.012309968035084674,0.04707764504517653
2019-09-11,ret_10,1976,-0.0328074909176325,-0.03653338556521504
2019-09-12,ret_10,1976,-0.03387129160532988,-0.05183882463154696
2019-09-16,ret_10,1976,0.004326770129986295,0.04894377781754907
2019-09-17,ret_10,1978,-0.04343903925672498,-0.027514403277624506
2019-09-18,ret_10,1976,-0.08339492596893129,-0.08932954630609233
2019-09-19,ret_10,1976,-0.03571371335438483,-0.05387951901346203
2019-09-20,ret_10,1980,-0.1290883665873304,-0.1376665113378402
2019-09-23,ret_10,1975,-0.13813494104767304,-0.16274174435511726
2019-09-24,ret_10,1974,-0.10493435812873873,-0.12726049300456033
2019-09-25,ret_10,1971,-0.08353310412934946,-0.13665040864225309
2019-09-26,ret_10,1971,-0.10412656278830137,-0.05332516030921264
2019-09-27,ret_10,1973,-0.07945560784091439,-0.11613151988634524
2019-09-30,ret_10,1975,-0.047206469226384634,-0.012115706190088477
2019-10-08,ret_10,1972,0.014202623335626805,0.07525958649382126
2019-10-09,ret_10,1971,-0.0228280440946497,0.051668762009434585
2019-10-10,ret_10,1975,0.0057475045395474255,0.11090706382536805
2019-10-11,ret_10,1975,0.019135006200627868,0.1597202678763006
2019-10-14,ret_10,1975,-0.013510653470520832,0.018867834020579195
2019-10-15,ret_10,1975,-0.016369108580819712,-0.02396486682408228
2019-10-16,ret_10,1974,0.010391957503298056,0.050426994197349355
2019-10-17,ret_10,1971,-0.030061443043385937,0.001096201454464378
2019-10-18,ret_10,1970,-0.0750983212246011,-0.12678169290358135
2019-10-21,ret_10,1973,0.021892635264830894,-0.007247776514185495
2019-10-22,ret_10,1969,0.09271452042930502,0.08051996301002766
2019-10-23,ret_10,1969,0.07014407225175374,0.03741801330948976
2019-10-24,ret_10,1970,0.05960177538204039,-0.010112336032792367
2019-10-25,ret_10,1972,0.0909835669393927,0.07483858147997298
2019-10-28,ret_10,1974,-0.04107469885873035,-0.03244966843616717
2019-10-29,ret_10,1969,-0.15759683171007643,-0.0783349125650004
2019-10-30,ret_10,1972,0.024401172537688736,0.03705374231292846
2019-10-31,ret_10,1973,-0.010261634616955359,0.06401033627122965
2019-11-01,ret_10,1972,-0.03698020160649942,0.0585198689868086
2019-11-04,ret_10,1973,0.014243598024481541,0.026043843367937886
2019-11-05,ret_10,1968,0.031014253797389077,0.009391529800841741
2019-11-06,ret_10,1969,0.0006965326597850463,-0.00018192538545459418
2019-11-07,ret_10,1971,0.052318988644294476,0.06496830255693055
2019-11-08,ret_10,1973,0.05271660815729256,0.024318727035300414
2019-11-11,ret_10,1973,-0.02905673874890886,-0.05672704902494501
2019-11-12,ret_10,1969,-0.038043400777752305,-0.06596920912122237
2019-11-13,ret_10,1969,-0.10457531607027362,-0.07857573899017645
2019-11-14,ret_10,1972,-0.14479808719340456,-0.13839965834851278
2019-11-15,ret_10,1971,-0.18880128732106252,-0.13981951872240847
2019-11-18,ret_10,1971,-0.1363048263703692,-0.06168287633022317
2019-11-19,ret_10,1972,-0.14617588514380744,-0.09563323646672768
2019-11-20,ret_10,1966,-0.15515981816590138,-0.13972786595557457
2019-11-21,ret_10,1970,-0.10449274199923969,-0.07420704265354591
2019-11-22,ret_10,1971,-0.0064089152724858475,-0.06847688190629586
2019-11-25,ret_10,1972,-0.07400975125608249,-0.07076159138276564
2019-11-26,ret_10,1970,-0.0662400898110314,-0.04344840030650017
2019-11-27,ret_10,1968,-0.06516284712624287,-0.0833299404085828
2019-11-28,ret_10,1967,-0.10522463141439208,-0.15170700603459064
2019-11-29,ret_10,1965,-0.06138330227076826,-0.09417461398543946
2019-12-02,ret_10,1965,-0.04435947715868937,-0.12440894805496397
2019-12-03,ret_10,1966,-0.11157654342553562,-0.17609584991747926
2019-12-04,ret_10,1963,-0.04769203565592919,-0.1142439174973056
2019-12-05,ret_10,1968,0.05873030996373713,-0.048584280597130755
2019-12-06,ret_10,1969,0.1949456322291723,0.058608779515433806
2019-12-09,ret_10,1969,0.136192244349915,0.04016257989877206
2019-12-10,ret_10,1965,0.20976911710120907,0.108153645656442
2019-12-11,ret_10,1965,0.062376645704803294,0.01614898204867215
2019-12-12,ret_10,1964,0.03484363069187327,-0.13590148692894835
2019-12-13,ret_10,1966,-0.17346082135779517,-0.2653607154601289
2019-12-16,ret_10,1968,-0.1005473745504834,-0.11982380682491524
2019-12-17,ret_10,1965,-0.08860770820552112,-0.05412819935362946
2019-12-18,ret_10,1963,0.033666462168723314,-0.0037179398669900236
2019-12-19,ret_10,1964,0.005727031567119528,-0.02468207084097512
2019-12-20,ret_10,1964,0.003517480725511291,0.05235638432150001
2019-12-23,ret_10,1966,-0.0871695296590187,-0.09441982915419385
2019-12-24,ret_10,1964,-0.04144530090574413,-0.03937756645845303
2019-12-25,ret_10,1963,-0.06888036948043558,-0.12368284294151173
2019-12-26,ret_10,1965,0.04814078021445056,0.03492819174417963
2019-12-27,ret_10,1967,0.07731643413001456,-0.04743731213482978
2019-12-30,ret_10,1969,0.03582570963325986,-0.15539575150691037
2019-12-31,ret_10,1969,-0.030315677704908135,-0.2129571272684955
2020-01-02,ret_10,1967,-0.026494166152901063,-0.13584563667785898
2020-01-03,ret_10,1969,-0.059667676359209575,-0.11485727018214718
2020-01-06,ret_10,1967,0.038468802052434706,-0.006042677332916569
2020-01-07,ret_10,1969,-0.007889251756285272,-0.027703199583836408
2020-01-08,ret_10,1972,-0.037480166692931124,-0.07876443121486522
2020-01-09,ret_10,1966,0.030163687532624474,0.015317140995199957
2020-01-10,ret_10,1968,-0.0044589315570679544,0.009418575022867526
2020-01-13,ret_10,1971,0.09623190486142355,0.09166704771255389
2020-01-14,ret_10,1971,0.09878501823548898,0.025734432693074148
2020-01-15,ret_10,1971,0.04716181900463565,-0.05127716445883852
2020-01-16,ret_10,1972,0.02343211773468741,-0.017032795054276486
2020-01-17,ret_10,1972,0.1524498508995954,0.13431451358066496
2020-01-20,ret_10,1972,0.25979639781969394,0.2168718082784379
2020-01-21,ret_10,1975,0.3851101778494531,0.2876293917272079
2020-01-22,ret_10,1977,0.2981567382160512,0.3119721911897031
2020-01-23,ret_10,1976,0.15866716863022787,0.12656050667522775
2020-02-03,ret_10,1974,-0.16353327664841286,-0.2118139179555794
2020-02-04,ret_10,1975,-0.2200023394219802,-0.24499551146397155
2020-02-05,ret_10,1976,-0.34765211574155136,-0.27564313319325146
2020-02-06,ret_10,1976,-0.33790696427655936,-0.2564835766047112
2020-02-07,ret_10,1977,-0.24653147535649056,-0.22331549426895073
2020-02-10,ret_10,1974,-0.04074651567010449,-0.09745653457668291
2020-02-11,ret_10,1976,-0.221374285299145,-0.33696964496934084
2020-02-12,ret_10,1977,-0.21108513526296854,-0.3351858959509363
2020-02-13,ret_10,1980,-0.16070749168496887,-0.3310075207097435
2020-02-14,ret_10,1981,0.008455499535577789,-0.09423708277052367
2020-02-17,ret_10,1979,0.1220414317019311,0.10414014351885631
2020-02-18,ret_10,1979,0.11074884478665395,0.15752670826737145
2020-02-19,ret_10,1980,0.00832405132882216,0.04435858555017515
2020-02-20,ret_10,1981,-0.25688971752491285,-0.29637013504888626
2020-02-21,ret_10,1979,-0.26831748942826134,-0.28560342696931934
2020-02-24,ret_10,1978,-0.37391906240277983,-0.36565224806347385
2020-02-25,ret_10,1977,-0.30627867333838715,-0.2695249361776442
2020-02-26,ret_10,1976,-0.15050875624037552,-0.13509879545847145
2020-02-27,ret_10,1974,-0.028449814240574134,0.04479240250771053
2020-02-28,ret_10,1975,-0.07237183922113653,-0.1060758649443373
2020-03-02,ret_10,1975,-0.013496672479448026,-0.023132873687054772
2020-03-03,ret_10,1970,0.04550637237562855,-0.014887177650255635
2020-03-04,ret_10,1974,0.09832717609544404,0.04089607228280321
2020-03-05,ret_10,1973,0.062114089416538315,0.0709522295779575
2020-03-06,ret_10,1972,-0.03280568096521146,0.03633427521936027
2020-03-09,ret_10,1971,0.054765623939043696,0.1385164002374122
2020-03-10,ret_10,1971,-0.010972867660468049,0.0910937768833057
2020-03-11,ret_10,1970,-0.11601608381874355,-0.03163637491606698
2020-03-12,ret_10,1968,-0.16553428081407176,-0.08622635511025066
2020-03-13,ret_10,1969,-0.09223828311821891,-0.05413795451029841
2020-03-16,ret_10,1967,-0.16376944613452382,-0.07079714745419848
2020-03-17,ret_10,1966,-0.17610569493123895,-0.09648918574056616
2020-03-18,ret_10,1965,-0.14244256600962735,-0.03519693244718709
2020-03-19,ret_10,1967,-0.2494594539295116,-0.13992831263935546
2020-03-20,ret_10,1968,-0.23674724693776708,-0.17063662761282425
2020-03-23,ret_10,1969,-0.15550553561463146,-0.11908710464773373
2020-03-24,ret_10,1969,-0.03462300110697656,0.039949967096994665
2020-03-25,ret_10,1967,-0.11738688510398784,-0.08692644878301234
2020-03-26,ret_10,1969,0.06250163749905799,0.018548510435042423
2020-03-27,ret_10,1965,-0.050620506778075065,-0.17978358950685044
2020-03-30,ret_10,1965,-0.15311405101686884,-0.34438066523200767
2020-03-31,ret_10,1965,-0.10358309633077703,-0.26650788430952205
2020-04-01,ret_10,1967,0.061392415346891605,0.03625806608891421
2020-04-02,ret_10,1966,-0.03506368106089915,0.011872819542911117
2020-04-03,ret_10,1965,-0.11087755894659013,-0.02015432175524933
2020-04-07,ret_10,1961,-0.0881992992056437,0.05591873168663671
2020-04-08,ret_10,1966,-0.03897034401151428,0.05650586046799181
2020-04-09,ret_10,1967,-0.06651143759965499,-0.025350210944436142
2020-04-10,ret_10,1966,-0.04899768656315255,-0.10392847575442289
2020-04-13,ret_10,1964,-0.030156744288735896,-0.05773119038956198
2020-04-14,ret_10,1963,0.04015564686516053,0.04005939481172511
2020-04-15,ret_10,1962,0.03595580951090676,-0.023479314136544877
2020-04-16,ret_10,1967,0.053284442082877054,0.011105599786996077
2020-04-17,ret_10,1967,-0.033564309477182135,0.011529896322493875
2020-04-20,ret_10,1955,-0.07064281208830599,-0.024280445493542403
2020-04-21,ret_10,1942,-0.05602860741267046,0.053373692277789174
2020-04-22,ret_10,1940,-0.07906403680211072,0.041338755231527774
2020-04-23,ret_10,1952,-0.11652936646506615,-0.021421068297289007
2020-04-24,ret_10,1958,-0.0381043241743506,0.0037838001728704666
2020-04-27,ret_10,1950,-0.044050895124782725,-0.05734935283424638
2020-04-28,ret_10,1932,-0.0450942833009791,-0.14340661338885377
2020-04-29,ret_10,1921,0.08977948602240986,0.012102799335819979
2020-04-30,ret_10,1939,0.14124115197612333,0.08013015025750066
2020-05-06,ret_10,1957,0.20214218603884362,0.13018010242620215
2020-05-07,ret_10,1959,0.2283674094850433,0.16455657483299121
2020-05-08,ret_10,1957,0.2391109484898038,0.19052228870698082
2020-05-11,ret_10,1957,0.2352641940775088,0.16644879397934212
2020-05-12,ret_10,1957,0.2540078343135736,0.18086228957043415
2020-05-13,ret_10,1958,0.19412812294460582,0.10812121582662716
2020-05-14,ret_10,1962,0.07724544647075852,0.009289974392211861
2020-05-15,ret_10,1951,0.01853733559027735,-0.053591874983610115
2020-05-18,ret_10,1942,0.002093289135477248,-0.05735302492743023
2020-05-19,ret_10,1938,0.006760839592766089,-0.010920827485330362
2020-05-20,ret_10,1951,0.03363329593533372,0.026301748489098057
2020-05-21,ret_10,1954,0.09241756752964367,0.05651712409109759
2020-05-22,ret_10,1952,0.07116128043682321,-0.056882326815650565
2020-05-25,ret_10,1953,-0.04905141458688901,-0.09053478001069591
2020-05-26,ret_10,1949,-0.055844641877573424,-0.12238552540901912
2020-05-27,ret_10,1950,-0.07906367933527873,-0.10894051906823651
2020-05-28,ret_10,1953,-0.16331686381051944,-0.2334207504668377
2020-05-29,ret_10,1953,-0.18483374536524308,-0.10965894691000914
2020-06-01,ret_10,1951,-0.028988445350754632,0.045415017345408835
2020-06-02,ret_10,1954,-0.046371259731823725,0.017831131306626873
2020-06-03,ret_10,1952,-0.08023027712330077,-0.07670724275916249
2020-06-04,ret_10,1951,-0.018287252197028838,-0.08568753726735186
2020-06-05,ret_10,1953,0.038527777679686376,-0.0016860494267635958
2020-06-08,ret_10,1957,0.07372478519580014,-0.012930842524548895
2020-06-09,ret_10,1956,0.05897571397158357,-0.029972500149417013
2020-06-10,ret_10,1952,0.08235904787455899,0.01963750186880852
2020-06-11,ret_10,1955,0.05740775903003092,-0.01273730827264432
2020-06-12,ret_10,1953,0.008669665213133958,-0.049526932288824786
2020-06-15,ret_10,1952,0.02327450722078328,-0.06429939922679244
2020-06-16,ret_10,1955,0.00707618963234716,-0.038969418756001774
2020-06-17,ret_10,1954,0.12966807213973333,0.054282343443437915
2020-06-18,ret_10,1948,0.1680775609817505,0.13730409825125878
2020-06-19,ret_10,1951,0.13500497360063937,0.12145491760648532
2020-06-22,ret_10,1953,0.05479414680385369,0.00987603059163103
2020-06-23,ret_10,1952,0.026316035865991235,-0.047826340771124194
2020-06-24,ret_10,1955,-0.005197329648323181,-0.08643878946093868
2020-06-29,ret_10,1948,-0.052777190024471766,-0.15487325372935115
2020-06-30,ret_10,1948,-0.007546438986069853,-0.07977889650603175
2020-07-01,ret_10,1957,0.08223219787347195,-0.0017400169547522426
2020-07-02,ret_10,1958,0.16858378028205204,0.0809746762858497
2020-07-03,ret_10,1955,0.05766158528462363,-0.04220696643813016
2020-07-06,ret_10,1953,0.051030896962933205,0.006105314631112218
2020-07-07,ret_10,1952,-0.050435224460687454,-0.12978398934333982
2020-07-08,ret_10,1950,-0.1612975690679521,-0.21285631137892425
2020-07-09,ret_10,1951,-0.21557813293861874,-0.23388289728469894
2020-07-10,ret_10,1949,-0.1546789133727671,-0.1761234468589359
2020-07-13,ret_10,1951,-0.15949781239192481,-0.1916528580551955
2020-07-14,ret_10,1948,-0.021798552860635756,0.0004176584733748505
2020-07-15,ret_10,1955,0.16010702432272922,0.17099447245167435
2020-07-16,ret_10,1955,0.12625968048347067,0.10334428542831785
2020-07-17,ret_10,1954,0.09853849177452394,0.04715224010333082
2020-07-20,ret_10,1953,0.17869078461709914,0.11662589302944829
2020-07-21,ret_10,1952,0.21156132247767928,0.17017438141867988
2020-07-22,ret_10,1953,0.148814232307241,0.09205011918515306
2020-07-23,ret_10,1953,0.15204516332615042,0.05799920294400979
2017-02-07,ret_20,1838,-0.03407946633343506,0.01720018523691242
2017-02-08,ret_20,1834,0.08342966118750444,0.16245619247027684
2017-02-09,ret_20,1829,0.021096979117762326,0.12003498834222907
2017-02-10,ret_20,1822,0.1565549879056377,0.2461563357287937
2017-02-13,ret_20,1818,0.01262511695261213,0.0785209769660492
2017-02-14,ret_20,1820,0.14365845177507305,0.1245894611098248
2017-02-15,ret_20,1822,-0.10579117291306525,-0.11924701108946315
2017-02-16,ret_20,1827,-0.227404762743986,-0.2376598914438479
2017-02-17,ret_20,1823,-0.33775610677984286,-0.40235688321741486
2017-02-20,ret_20,1815,-0.2199445672698908,-0.25102865496990473
2017-02-21,ret_20,1820,-0.1941239557033727,-0.2511026100179788
2017-02-22,ret_20,1823,-0.1362694865476686,-0.17509086598782808
2017-02-23,ret_20,1823,-0.05662110618007684,-0.04973738556013349
2017-02-24,ret_20,1824,0.0005856699322851322,0.017712873104037675
2017-02-27,ret_20,1827,-0.10779260871964176,-0.06821682627020687
2017-02-28,ret_20,1826,-0.13626669711907485,-0.08625156428274267
2017-03-01,ret_20,1832,-0.17004343995893653,-0.13080638687159152
2017-03-02,ret_20,1835,-0.10681679909773117,-0.14605216006284485
2017-03-03,ret_20,1828,0.006785875695795624,-0.04173423537045222
2017-03-06,ret_20,1833,0.110386657602173,0.0395446430458823
2017-03-07,ret_20,1835,0.16669231226559827,0.135707385232159
2017-03-08,ret_20,1836,0.13403475229509926,0.11866346422570342
2017-03-09,ret_20,1838,0.0329848329526588,-0.029813550733986203
2017-03-10,ret_20,1828,-0.05552294086758499,-0.11293184418609285
2017-03-13,ret_20,1827,-0.01815182300221965,0.00148856881258301
2017-03-14,ret_20,1833,0.016718608891643148,0.03901677928812007
2017-03-15,ret_20,1832,0.0308338886040576,0.09271970498988923
2017-03-16,ret_20,1833,0.024149818818590216,0.0849149474407213
2017-03-17,ret_20,1828,-0.065075187365628,-0.023247227469905537
2017-03-20,ret_20,1821,-0.0806688796642822,-0.11123214266015705
2017-03-21,ret_20,1824,-0.20639488342779774,-0.2358571426972699
2017-03-22,ret_20,1824,-0.16960775969952568,-0.2024487275412016
2017-03-23,ret_20,1827,-0.10531735356851454,-0.15175707850111697
2017-03-24,ret_20,1819,0.012960101003638492,-0.01067916754870407
2017-03-27,ret_20,1822,0.06878216594334968,0.059728874291688265
2017-03-28,ret_20,1823,0.032568375411651626,0.011702821626158127
2017-03-29,ret_20,1822,0.0005802159740187258,-0.012327327337351509
2017-03-30,ret_20,1823,0.009506990526527617,-0.02915463183375735
2017-03-31,ret_20,1830,0.00989526150831607,-1.0372885013846279e-05
2017-04-05,ret_20,1819,0.09258711195976091,0.08283765120580881
2017-04-06,ret_20,1812,0.11867248401395424,0.10585330020701657
2017-04-07,ret_20,1813,0.11017915816398408,0.05804371768651318
2017-04-10,ret_20,1814,0.12537603261501032,0.157271080441749
2017-04-11,ret_20,1813,0.18895975339474608,0.22347580515026044
2017-04-12,ret_20,1798,0.07569858912869072,0.16217766472208894
2017-04-13,ret_20,1794,0.03379594057403872,0.14361791657992054
2017-04-14,ret_20,1792,-0.0027744089209401543,0.08818958489151753
2017-04-17,ret_20,1804,-0.025788212071393986,0.08736704866235964
2017-04-18,ret_20,1810,0.08481662014164969,0.12670950637860234
2017-04-19,ret_20,1798,0.05753129308263742,0.029578575057255543
2017-04-20,ret_20,1794,0.17383852873333416,0.027376770417100984
2017-04-21,ret_20,1792,0.07928580666146236,-0.16061358226163505
2017-04-24,ret_20,1803,-0.11707515351940893,-0.2744567370388523
2017-04-25,ret_20,1803,-0.12834811821510386,-0.24051210602797216
2017-04-26,ret_20,1806,0.014839365125914895,-0.08589424032307443
2017-04-27,ret_20,1795,-0.013509987063294003,0.03839008773900899
2017-04-28,ret_20,1795,-0.1533767905954307,-0.02853328810187908
2017-05-02,ret_20,1802,-0.05518443928873278,0.056297546757294044
2017-05-03,ret_20,1807,0.027981998027332356,0.1096846456211849
2017-05-04,ret_20,1796,0.11092037387264922,0.14439709862533706
2017-05-05,ret_20,1792,0.19809690322268955,0.189776684240769
2017-05-08,ret_20,1785,0.23854954561379751,0.23480581768080547
2017-05-09,ret_20,1781,0.08886382573769923,0.04842876496475376
2017-05-10,ret_20,1781,-0.06494841533785518,-0.06071992068129378
2017-05-11,ret_20,1794,-0.15571808700920167,-0.16516259341934486
2017-05-12,ret_20,1787,-0.03384251645549389,0.02713975567234864
2017-05-15,ret_20,1782,0.22767126505252197,0.33396886834446265
2017-05-16,ret_20,1792,0.2170717395027414,0.3365653129946289
2017-05-17,ret_20,1793,0.1477051595278275,0.23856103087841427
2017-05-18,ret_20,1793,0.1614555147223228,0.24328769282266027
2017-05-19,ret_20,1796,0.06935514535131723,0.11724025457618875
2017-05-22,ret_20,1792,-0.008694197395809481,0.07099801139565122
2017-05-23,ret_20,1792,-0.0860029469193508,-0.013049837703287544
2017-05-24,ret_20,1793,-0.12722128077661357,-0.04259294970384315
2017-05-25,ret_20,1795,-0.14845421353681174,-0.06917404005487991
2017-05-26,ret_20,1797,-0.12291463852078376,-0.12622836991417533
2017-05-31,ret_20,1796,-0.28188247092981444,-0.3550719661648473
2017-06-01,ret_20,1793,-0.30270268180356286,-0.3557651128639613
2017-06-02,ret_20,1798,-0.042315979256628014,-0.017687224756657485
2017-06-05,ret_20,1800,-0.10648838180353604,-0.08655896789611278
2017-06-06,ret_20,1802,-0.194734462414189,-0.1494087250157419
2017-06-07,ret_20,1797,-0.34787852417406795,-0.34927481847206837
2017-06-08,ret_20,1798,-0.38107805417347546,-0.3855866658836605
2017-06-09,ret_20,1798,-0.47918376003171836,-0.5091271569437033
2017-06-12,ret_20,1803,-0.4677229458682014,-0.5290486590817844
2017-06-13,ret_20,1806,-0.2786648067803917,-0.30461174153964027
2017-06-14,ret_20,1799,-0.07985933895070102,-0.03511954929443082
2017-06-15,ret_20,1797,-0.007372141333295095,0.031147581906792805
2017-06-16,ret_20,1800,0.08956681912050948,0.1255385548163411
2017-06-19,ret_20,1803,0.14626337180433943,0.17090234450908773
2017-06-20,ret_20,1805,0.15145746389050957,0.16974824828817744
2017-06-21,ret_20,1808,0.06320629259700836,0.07163419618463493
2017-06-22,ret_20,1805,-0.0389209550925113,-0.02025619876684894
2017-06-23,ret_20,1806,-0.061510109691780675,-0.0937631906696494
2017-06-26,ret_20,1808,-0.052207305948809755,-0.0984776582463903
2017-06-27,ret_20,1805,-0.047773921379039755,-0.08616154520332137
2017-06-28,ret_20,1804,0.03695563235305321,-0.008629030843318286
2017-06-29,ret_20,1800,0.14114126266528484,0.1228675432108228
2017-06-30,ret_20,1791,0.1284318319297965,0.06488260963303279
2017-07-03,ret_20,1796,0.17218915996449627,0.07831992412800155
2017-07-04,ret_20,1793,0.1363806928603289,0.059326286630729495
2017-07-05,ret_20,1793,0.0830253842273433,0.06104267537142167
2017-07-06,ret_20,1794,0.03175675654433852,0.030082449927931233
2017-07-07,ret_20,1792,0.06193458687531283,0.02440604176362313
2017-07-10,ret_20,1786,0.21865378223724435,0.1350390787721881
2017-07-11,ret_20,1787,0.29363388229341875,0.2760835842195932
2017-07-12,ret_20,1785,0.37519946889941713,0.3284885181838015
2017-07-13,ret_20,1789,0.4577499577501407,0.4391273477470311
2017-07-14,ret_20,1793,0.313062021183536,0.3142096920093048
2017-07-17,ret_20,1792,0.1590044113114767,0.14694306719563557
2017-07-18,ret_20,1795,0.03156682437879284,-0.02702567465186759
2017-07-19,ret_20,1798,-0.26609676667799126,-0.3084988534672842
2017-07-20,ret_20,1795,-0.14494776050148386,-0.23496110557014244
2017-07-21,ret_20,1796,0.08178554479811147,-0.0357575935584792
2017-07-24,ret_20,1798,-0.01926392314119477,-0.09425741979127919
2017-07-25,ret_20,1800,-0.056554431850698916,-0.14119643342617186
2017-07-26,ret_20,1802,0.20390367868335468,0.12075806542948207
2017-07-27,ret_20,1798,0.01198239336565379,-0.008318183161882806
2017-07-28,ret_20,1793,-0.10516919368583977,-0.11934379699467168
2017-07-31,ret_20,1794,0.005960791143557388,-0.06481892697450095
2017-08-01,ret_20,1804,0.01516373635411376,-0.0972481160641997
2017-08-02,ret_20,1810,0.03580237842459313,-0.01075150841152356
2017-08-03,ret_20,1809,-0.1895386183558506,-0.2274349592847903
2017-08-04,ret_20,1808,-0.33110672748070175,-0.3461330910019689
2017-08-07,ret_20,1801,-0.283431137464229,-0.33420916962406194
2017-08-08,ret_20,1809,-0.4190256859931716,-0.4045557912604152
2017-08-09,ret_20,1806,-0.4301425490596827,-0.4603615755791581
2017-08-10,ret_20,1808,-0.24778025355022798,-0.3196609841103595
2017-08-11,ret_20,1814,-0.2241641162029076,-0.32177865274976886
2017-08-14,ret_20,1814,-0.17721169950159812,-0.17538867802017086
2017-08-15,ret_20,1806,-0.21417720711871654,-0.23312395609590747
2017-08-16,ret_20,1801,-0.24037455747772235,-0.2759521794571527
2017-08-17,ret_20,1802,-0.1811962727513801,-0.20353184930655857
2017-08-18,ret_20,1805,-0.16783617373066334,-0.18219096592248255
2017-08-21,ret_20,1811,-0.08665021228493136,-0.11475397376967733
2017-08-22,ret_20,1811,0.03742784137926847,-0.03449998553182386
2017-08-23,ret_20,1811,0.050376591226627306,0.0033536462281536306
2017-08-24,ret_20,1821,0.13441906993332892,0.03195657672555116
2017-08-25,ret_20,1819,0.1578311428177514,0.12752850813393593
2017-08-28,ret_20,1819,0.09512455848377115,0.09122642434110598
2017-08-29,ret_20,1820,0.08878259625318825,0.09022649455493352
2017-08-30,ret_20,1814,0.025445470779848437,0.014540776059930767
2017-08-31,ret_20,1813,-0.06133988537526267,-0.030450558091427375
2017-09-01,ret_20,1814,-0.0175900303227614,-0.043712187585989576
2017-09-04,ret_20,1818,-0.02021798461585408,-0.06416363797672764
2017-09-05,ret_20,1818,-0.06016499381699919,-0.10290423993047454
2017-09-06,ret_20,1815,-0.0473934303301372,-0.08859369714154451
2017-09-07,ret_20,1816,-0.06510009422721062,-0.09511142355322327
2017-09-08,ret_20,1812,-0.13560216939386283,-0.15114994038955756
2017-09-11,ret_20,1821,-0.08393285959661066,-0.133221019606332
2017-09-12,ret_20,1819,-0.0329704051174291,-0.07813312070781897
2017-09-13,ret_20,1819,-0.1755042482201071,-0.14205904890603868
2017-09-14,ret_20,1817,-0.05449876675299218,-0.04021996836182483
2017-09-15,ret_20,1817,-0.19879728200647492,-0.1657358671593928
2017-09-18,ret_20,1821,-0.11772785579808083,-0.07563087175007788
2017-09-19,ret_20,1821,-0.14500984600073877,-0.09768791707681666
2017-09-20,ret_20,1821,-0.008285591708165192,-0.023229413916654115
2017-09-21,ret_20,1820,0.06347158968688947,0.03785156880769909
2017-09-22,ret_20,1818,0.24852463847494247,0.1710944185513239
2017-09-25,ret_20,1820,0.08835870072031338,0.08506902337158379
2017-09-26,ret_20,1821,-0.10381081929745233,-0.11383366027891967
2017-09-27,ret_20,1815,-0.14962367004545307,-0.11925045063679605
2017-09-28,ret_20,1818,-0.2267669598237349,-0.19143524492322345
2017-09-29,ret_20,1826,-0.3001021390343945,-0.23352130441576963
2017-10-09,ret_20,1828,-0.19702953002247342,-0.13411508015030846
2017-10-10,ret_20,1828,-0.1473428939513611,-0.09345892943651392
2017-10-11,ret_20,1825,-0.01764616660100712,0.06037003692811306
2017-10-12,ret_20,1818,0.03482316798400328,0.06643883003178132
2017-10-13,ret_20,1813,0.1446893378310294,0.17679939417873564
2017-10-16,ret_20,1819,0.09017224272457057,0.1189939195124665
2017-10-17,ret_20,1822,0.03380427661407517,0.05074556483705721
2017-10-18,ret_20,1819,-0.1330458247775127,-0.16627744207575126
2017-10-19,ret_20,1819,0.04869584676115961,0.060712065588079074
2017-10-20,ret_20,1822,0.1062428491129321,0.14761109690242946
2017-10-23,ret_20,1825,0.14997941726729971,0.18379044509638778
2017-10-24,ret_20,1827,0.10293514817423847,0.13308008382513664
2017-10-25,ret_20,1830,0.17452713494670044,0.20991758421040227
2017-10-26,ret_20,1831,0.15311216550120152,0.1777693784032948
2017-10-27,ret_20,1828,0.07413627380120576,0.05704473540967082
2017-10-30,ret_20,1833,0.06987104959294002,0.0602685957929972
2017-10-31,ret_20,1841,0.03136891831218032,-0.0060903690320060055
2017-11-01,ret_20,1844,0.03222001487215017,-0.05118666666056296
2017-11-02,ret_20,1845,0.0460009777338436,-0.04682298885959386
2017-11-03,ret_20,1844,0.06983421740864135,-0.006159664938823599
2017-11-06,ret_20,1848,0.05144145747792953,0.019153173418449
2017-11-07,ret_20,1848,0.1786385492732799,0.19100579884035657
2017-11-08,ret_20,1845,0.20526085290070334,0.22225870712706203
2017-11-09,ret_20,1843,0.19297863093880677,0.276146898840806
2017-11-10,ret_20,1834,0.23700634744586196,0.29464015672587407
2017-11-13,ret_20,1832,0.32174122089503143,0.32967252236443817
2017-11-14,ret_20,1827,0.31488073698205016,0.31161921551298777
2017-11-15,ret_20,1821,0.06948659647976387,0.11836299698775196
2017-11-16,ret_20,1815,-0.07450177820741155,-0.06640272880694191
2017-11-17,ret_20,1813,-0.2757608095925608,-0.1887366762479072
2017-11-20,ret_20,1810,-0.3654658341983275,-0.32286445922524437
2017-11-21,ret_20,1811,-0.3622375706006451,-0.3187814668233591
2017-11-22,ret_20,1812,-0.2992984372499272,-0.28663764014220067
2017-11-23,ret_20,1810,-0.20816948206932454,-0.26601453356828847
2017-11-24,ret_20,1812,0.10743052926753476,0.013490956755574136
2017-11-27,ret_20,1815,0.07930018406006296,0.13101917127606202
2017-11-28,ret_20,1815,0.08593957656651025,0.12593115491367568
2017-11-29,ret_20,1813,0.02121268542495067,0.08675304480057666
2017-11-30,ret_20,1816,0.009502890596430448,0.09567200902767542
2017-12-01,ret_20,1818,-0.07201260399538062,-0.028371768221366556
2017-12-04,ret_20,1817,-0.14341175425397,-0.20113694106222257
2017-12-05,ret_20,1820,-0.1321297563185074,-0.22890895230512606
2017-12-06,ret_20,1824,-0.08845513271935754,-0.14708818307667848
2017-12-07,ret_20,1827,-0.12615416786628375,-0.18412351900354307
2017-12-08,ret_20,1817,-0.15861236836752168,-0.06692517157550236
2017-12-11,ret_20,1814,-0.130162045920421,-0.10547772580674143
2017-12-12,ret_20,1816,-0.06983398557243695,-0.016886898363289295
2017-12-13,ret_20,1809,0.05198419583176471,0.07754723738124131
2017-12-14,ret_20,1813,0.0987118427439459,0.12422075905474673
2017-12-15,ret_20,1815,0.09334889374724385,0.09194197795112283
2017-12-18,ret_20,1808,0.018739739495324252,0.04548846603296333
2017-12-19,ret_20,1807,-0.026888055679810143,0.00903050165881028
2017-12-20,ret_20,1807,-0.02155364678119156,0.004662053093906219
2017-12-21,ret_20,1809,-0.05337281338277779,-0.03037636457762856
2017-12-22,ret_20,1806,-0.1324376223781081,-0.15238284425652937
2017-12-25,ret_20,1816,-0.20556536566407727,-0.25696391209595293
2017-12-26,ret_20,1818,-0.1303340886458783,-0.1806434190784229
2017-12-27,ret_20,1820,-0.16395187896513594,-0.2306446444299895
2017-12-28,ret_20,1818,-0.08928661059000216,-0.12895888421565688
2017-12-29,ret_20,1821,-0.06246315876876865,-0.11377234293239895
2018-01-02,ret_20,1820,0.08722763332690614,0.0756334986572437
2018-01-03,ret_20,1824,-0.0252926124284562,-0.06575547064726599
2018-01-04,ret_20,1823,-0.0002726525528631305,-0.014714622592838704
2018-01-05,ret_20,1822,0.03493104200520424,0.005183964024583219
2018-01-08,ret_20,1820,0.11761750636398553,0.09961803785911102
2018-01-09,ret_20,1813,0.009122315755607631,0.0025028173567305783
2018-01-10,ret_20,1810,0.1288625380328954,0.14243600495535244
2018-01-11,ret_20,1807,0.01783774257137607,0.03856288553723096
2018-01-12,ret_20,1807,-0.06300086107992502,0.01100988748658287
2018-01-15,ret_20,1815,-0.11063484146327078,-0.09321641698323152
2018-01-16,ret_20,1813,-0.0031057522185252416,-0.055692530133042456
2018-01-17,ret_20,1810,-0.11862979728397764,-0.14310832430878628
2018-01-18,ret_20,1819,0.0023697731512103254,-0.021424792677637968
2018-01-19,ret_20,1815,0.08168986057536193,0.042913270641898545
2018-01-22,ret_20,1817,-0.046469702435396894,-0.020981575566049678
2018-01-23,ret_20,1816,0.1148217634694651,0.11624146450561378
2018-01-24,ret_20,1811,0.21689146147852378,0.2210811454684725
2018-01-25,ret_20,1788,0.23907001721238802,0.2465390420612413
2018-01-26,ret_20,1755,0.21319701332933222,0.24438625032946443
2018-01-29,ret_20,1744,0.25170930816075066,0.2794766468906939
2018-01-30,ret_20,1740,0.10828037571000224,0.15993706412328734
2018-01-31,ret_20,1742,-0.05849616411903799,0.008328160428639526
2018-02-01,ret_20,1748,-0.22435317297458554,-0.1708077422838277
2018-02-02,ret_20,1749,-0.3360808856688509,-0.28294910049838295
2018-02-05,ret_20,1749,-0.43365087116957124,-0.43369939906731964
2018-02-06,ret_20,1749,-0.39969755536235857,-0.4202431241594952
2018-02-07,ret_20,1752,-0.23729928291903876,-0.3020997859900048
2018-02-08,ret_20,1754,-0.05560111401952957,-0.15102544097825427
2018-02-09,ret_20,1755,-0.13508461479673958,-0.22016450088632902
2018-02-12,ret_20,1765,-0.15978079255940003,-0.25145184843441115
2018-02-13,ret_20,1768,-0.11319910166609033,-0.19089704468383775
2018-02-14,ret_20,1768,-0.18250353660143784,-0.26515041211772855
2018-02-22,ret_20,1771,-0.1410301640201903,-0.21416063201383648
2018-02-23,ret_20,1780,-0.14164926953938559,-0.2111852644774188
2018-02-26,ret_20,1790,-0.11043522991388466,-0.1889874287866884
2018-02-27,ret_20,1791,-0.09048250585233221,-0.1296004028330905
2018-02-28,ret_20,1787,-0.14752973775926434,-0.1734619250409887
2018-03-01,ret_20,1788,-0.07452314649168222,-0.12013415960104609
2018-03-02,ret_20,1785,-0.13846073821428448,-0.1954100716395885
2018-03-05,ret_20,1780,-0.1250013186018835,-0.11933727601903928
2018-03-06,ret_20,1784,-0.16881747994996918,-0.1562615963940788
2018-03-07,ret_20,1786,-0.03917125027363422,-0.03323473869213918
2018-03-08,ret_20,1790,-0.09097341157300864,-0.13289674974567844
2018-03-09,ret_20,1777,-0.040905861177886124,-0.04154326692178292
2018-03-12,ret_20,1759,0.03462698187635096,0.030635319683603873
2018-03-13,ret_20,1751,0.06018130301423264,0.03411405984703301
2018-03-14,ret_20,1746,0.03385158902378627,0.0305967682867041
2018-03-15,ret_20,1748,-0.13324847381119623,-0.1960197234727612
2018-03-16,ret_20,1751,-0.05103888041356198,-0.11849668605436021
2018-03-19,ret_20,1755,0.09189799072262209,0.08062277423567178
2018-03-20,ret_20,1755,0.1528325840686942,0.23736191458163713
2018-03-21,ret_20,1765,0.08121549607779978,0.1472546580984048
2018-03-22,ret_20,1777,0.2221281723603958,0.3500094057952121
2018-03-23,ret_20,1780,0.034651799351743666,0.10677150459995374
2018-03-26,ret_20,1789,-0.055694086325973544,0.030200996097748827
2018-03-27,ret_20,1792,-0.0377201736799217,-0.012875131294871577
2018-03-28,ret_20,1781,0.0756166726111045,0.11969341390865691
2018-03-29,ret_20,1785,-0.11685402305518484,-0.16688093503669107
2018-03-30,ret_20,1789,-0.21114612183423384,-0.22040509008223827
2018-04-02,ret_20,1792,-0.18744600221406557,-0.1851492651512939
2018-04-03,ret_20,1798,-0.149953154825664,-0.13460887343756678
2018-04-04,ret_20,1797,0.015848075513420327,0.0039927053827499125
2018-04-09,ret_20,1791,0.12755025116607416,0.1070979761241467
2018-04-10,ret_20,1789,0.12477847432049723,0.11256523670911932
2018-04-11,ret_20,1790,0.06113567278898055,0.03346165889131104
2018-04-12,ret_20,1788,0.07976148214705998,0.0703421312632416
2018-04-13,ret_20,1792,-0.14283304784067494,-0.1454350417719684
2018-04-16,ret_20,1796,-0.053614579228982384,-0.06334442312811166
2018-04-17,ret_20,1795,-0.112702095896467,-0.12092354620641362
2018-04-18,ret_20,1795,0.003890693001460357,0.0399313069851692
2018-04-19,ret_20,1796,-0.05808167569609101,-0.013821061891307256
2018-04-20,ret_20,1789,0.024199043790182288,0.029247627750060616
2018-04-23,ret_20,1798,0.0036153492581279248,0.004367933254133965
2018-04-24,ret_20,1798,-0.10255552604400722,-0.07817094440985621
2018-04-25,ret_20,1797,-0.05658758647412178,-0.041820754992071454
2018-04-26,ret_20,1791,-0.07158603161775606,-0.07582020695617361
2018-04-27,ret_20,1788,-0.03262659121602908,-0.08177561826763291
2018-05-02,ret_20,1798,-0.07889426731130247,-0.10118308926038876
2018-05-03,ret_20,1808,-0.1201289057324352,-0.16594782238868216
2018-05-04,ret_20,1810,-0.06371371529821115,-0.04734542325031775
2018-05-07,ret_20,1812,0.043589970498114305,0.05845170905292384
2018-05-08,ret_20,1813,0.020329308980236476,0.019053887833831717
2018-05-09,ret_20,1810,0.008340492695246891,0.02668795095068312
2018-05-10,ret_20,1817,0.051187391853113814,0.08710768858250491
2018-05-11,ret_20,1812,-0.04779780540003648,-0.05044382072967197
2018-05-14,ret_20,1814,-0.11283477673285072,-0.09001874037093817
2018-05-15,ret_20,1815,-0.1132394026172663,-0.08988232549929442
2018-05-16,ret_20,1810,-0.11155171729826982,-0.07975267867660973
2018-05-17,ret_20,1809,-0.02329919465766816,-0.0021521578365531536
2018-05-18,ret_20,1808,0.2155700116968195,0.205147562024006
2018-05-21,ret_20,1803,0.13591525321694317,0.18216949241311797
2018-05-22,ret_20,1799,0.1601302897352638,0.18528110560617747
2018-05-23,ret_20,1797,0.21020366932596166,0.21214355040030294
2018-05-24,ret_20,1790,0.09902689740701166,0.12634260677344675
2018-05-25,ret_20,1794,0.0030515823645249776,0.060391508337192104
2018-05-28,ret_20,1789,0.15332199598435867,0.13580788100926575
2018-05-29,ret_20,1789,0.0890791736890619,0.11017235279982528
2018-05-30,ret_20,1793,-0.07554641611908983,-0.08788082321403928
2018-05-31,ret_20,1802,0.04693512607009577,0.0447651945398907
2018-06-01,ret_20,1802,0.022180590485666247,-0.0231784433012776
2018-06-04,ret_20,1814,0.017755008923651564,0.0535203788582129
2018-06-05,ret_20,1807,0.06657137608355411,0.11788965956651278
2018-06-06,ret_20,1805,0.017127585663612103,0.06577935173769317
2018-06-07,ret_20,1805,0.006932342077188725,0.06329849084971723
2018-06-08,ret_20,1796,0.10255241798772707,0.16950107575468382
2018-06-11,ret_20,1804,0.08926402485245837,0.17988093782043438
2018-06-12,ret_20,1805,0.09014419645531246,0.1900997078741785
2018-06-13,ret_20,1809,0.08433855835074724,0.18119631706602693
2018-06-14,ret_20,1811,0.07206366591256501,0.12724224851497073
2018-06-15,ret_20,1815,-0.16479707139918737,-0.21920629613220413
2018-06-19,ret_20,1814,-0.32123686967992277,-0.3805475454609685
2018-06-20,ret_20,1819,-0.32255277423212037,-0.4198383954944027
2018-06-21,ret_20,1822,-0.3412136423677393,-0.47476498730989747
2018-06-22,ret_20,1823,-0.3298535877001408,-0.41515959103135075
2018-06-25,ret_20,1826,-0.33609077677184923,-0.4041826660452354
2018-06-26,ret_20,1830,-0.14642589820358892,-0.1547132385857716
2018-06-27,ret_20,1831,-0.10608929131218357,-0.048056937703102355
2018-06-28,ret_20,1831,-0.13322630309261055,-0.07483439789172854
2018-06-29,ret_20,1828,-0.06653720794688489,0.019854766873225904
2018-07-02,ret_20,1828,0.02133880045074793,0.11981558312707027
2018-07-03,ret_20,1835,0.11958445760932984,0.1845572488119722
2018-07-04,ret_20,1837,0.04656250031639759,0.020870459122783423
2018-07-05,ret_20,1838,-0.03563947039542524,-0.04913364273573531
2018-07-06,ret_20,1840,-0.04960831408068204,-0.013150126437938085
2018-07-09,ret_20,1842,-0.04230864816995944,-0.0005978908870212299
2018-07-10,ret_20,1847,-0.14395825550085012,-0.15998531026846935
2018-07-11,ret_20,1849,-0.06506513914204953,-0.04205697747390128
2018-07-12,ret_20,1850,-0.01863592753007383,0.026836729278355478
2018-07-13,ret_20,1851,-0.06357400207050219,-0.05195860435808409
2018-07-16,ret_20,1851,-0.15446115892950021,-0.1942331850774489
2018-07-17,ret_20,1848,-0.13227258725214278,-0.19321147470745662
2018-07-18,ret_20,1853,-0.23468309995892847,-0.298052812951542
2018-07-19,ret_20,1850,-0.23967918513559955,-0.3054498125402376
2018-07-20,ret_20,1851,-0.24904698516086055,-0.3171509951282025
2018-07-23,ret_20,1854,-0.15802255635171145,-0.18183647694930372
2018-07-24,ret_20,1859,-0.009025249050316651,-0.020480411746467468
2018-07-25,ret_20,1862,0.13286299267661283,0.10381579729726675
2018-07-26,ret_20,1866,0.01385077887887308,0.014325641261446838
2018-07-27,ret_20,1869,0.10222373402047032,0.12351962743170032
2018-07-30,ret_20,1880,0.24274483491543083,0.24557556485159168
2018-07-31,ret_20,1888,0.21107010941568688,0.2742951151923439
2018-08-01,ret_20,1888,0.02321749537800162,0.11804634455828542
2018-08-02,ret_20,1889,0.016887182094526006,0.06334915211920039
2018-08-03,ret_20,1888,-0.12862894195069746,-0.1362508829172461
2018-08-06,ret_20,1895,-0.21172472522515706,-0.22701552320578453
2018-08-07,ret_20,1896,-0.20529497254336593,-0.26015955898602733
2018-08-08,ret_20,1894,-0.18073556859204315,-0.19626258786209688
2018-08-09,ret_20,1893,-0.04817532955371452,-0.03347906670455262
2018-08-10,ret_20,1890,0.057116287165501406,0.07116328043493816
2018-08-13,ret_20,1896,0.05144852992958767,0.04963936504421004
2018-08-14,ret_20,1899,-0.012717848032056799,0.020521522706654215
2018-08-15,ret_20,1899,-0.0445221277844101,-0.02980298781898157
2018-08-16,ret_20,1900,-0.1160280785174051,-0.05267663470130922
2018-08-17,ret_20,1905,-0.19668339981175192,-0.18827759117092008
2018-08-20,ret_20,1905,-0.1666595322349434,-0.15971190449050107
2018-08-21,ret_20,1905,-0.14946599934614246,-0.13879002651668199
2018-08-22,ret_20,1903,-0.10041804526604661,-0.07254762152967503
2018-08-23,ret_20,1903,0.011027374950075611,0.02287094189023829
2018-08-24,ret_20,1902,0.06391989866226803,0.10335056531452283
2018-08-27,ret_20,1903,0.06782861862100752,0.10258604123530295
2018-08-28,ret_20,1904,-0.00475138330761233,0.03212394971907039
2018-08-29,ret_20,1905,0.11867372696697696,0.15581503474981367
2018-08-30,ret_20,1908,-0.0419135330631753,0.034085715122234995
2018-08-31,ret_20,1907,-0.1323475508979273,-0.05930242012465074
2018-09-03,ret_20,1910,-0.08197444119327216,-0.04620658334344983
2018-09-04,ret_20,1912,-0.05923851744818398,-0.01719481759008735
2018-09-05,ret_20,1910,-0.09956501432289909,-0.06259556736533409
2018-09-06,ret_20,1913,-0.04739233617272229,-0.004370700812944014
2018-09-07,ret_20,1910,0.025784725573727848,0.059709667759971684
2018-09-10,ret_20,1908,-0.04479524136857459,-0.023270748135886962
2018-09-11,ret_20,1909,-0.05640907783842452,-0.03768888950294916
2018-09-12,ret_20,1911,-0.1265188113672045,-0.09383316649687781
2018-09-13,ret_20,1913,-0.08318048263308193,-0.09717583461110343
2018-09-14,ret_20,1916,-0.14840173143230564,-0.19303609646679545
2018-09-17,ret_20,1918,-0.15364850041012304,-0.18464353490035376
2018-09-18,ret_20,1917,-0.14648890044139992,-0.07068511589989887
2018-09-19,ret_20,1918,-0.18734615423903572,-0.13504161642752094
2018-09-20,ret_20,1916,-0.044402514169840375,-0.012895590259436691
2018-09-21,ret_20,1920,-0.006420134172954365,-0.0016677828491871618
2018-09-25,ret_20,1924,0.07265544688633994,0.08444243165188911
2018-09-26,ret_20,1919,0.10957345686875611,0.11168579988067467
2018-09-27,ret_20,1924,0.1896930853839792,0.22318169147063385
2018-09-28,ret_20,1920,0.14982619398608465,0.1751898072722524
2018-10-08,ret_20,1921,0.146153384563636,0.17557295206663495
2018-10-09,ret_20,1928,0.07137943545014151,0.12089833148082578
2018-10-10,ret_20,1925,-0.0644163299572147,-0.018016747119934725
2018-10-11,ret_20,1920,-0.22364144031594385,-0.19071614284983485
2018-10-12,ret_20,1920,-0.24560855582459495,-0.25558873081460043
2018-10-15,ret_20,1921,-0.22475610168603663,-0.2639639970055465
2018-10-16,ret_20,1924,-0.1520205780289668,-0.18715035724651333
2018-10-17,ret_20,1922,-0.10508865430829323,-0.15619684394929884
2018-10-18,ret_20,1919,-0.17528457818372045,-0.226056394707348
2018-10-19,ret_20,1922,-0.172806722778411,-0.13606061997345054
2018-10-22,ret_20,1921,-0.18783808661045562,-0.1686104935339967
2018-10-23,ret_20,1916,-0.16680983188213153,-0.15918368024016874
2018-10-24,ret_20,1915,-0.23134954931088328,-0.25225725693951934
2018-10-25,ret_20,1913,-0.19225981257671507,-0.23857740249060794
2018-10-26,ret_20,1919,-0.2581047645885577,-0.3544632302760425
2018-10-29,ret_20,1919,-0.26845974671178796,-0.3731773507852095
2018-10-30,ret_20,1923,-0.2167484142364063,-0.3860275862089087
2018-10-31,ret_20,1923,-0.16325342737525836,-0.2896188159723849
2018-11-01,ret_20,1923,-0.07362867237822067,-0.13621449899013033
2018-11-02,ret_20,1925,-0.10843437123276962,-0.1628924251123988
2018-11-05,ret_20,1927,-0.03604898930838699,-0.12021220792875774
2018-11-06,ret_20,1932,-0.04864570736438167,-0.11739956204879054
2018-11-07,ret_20,1934,-0.019167256945989267,-0.09237348991853601
2018-11-08,ret_20,1934,0.17336165945682835,0.10397057482816018
2018-11-09,ret_20,1939,0.1992597822017562,0.12064980461548953
2018-11-12,ret_20,1938,0.1066164108183672,-0.03048542663925111
2018-11-13,ret_20,1942,0.11539919931520183,0.05446371846508567
2018-11-14,ret_20,1944,0.12307566375836579,0.06687822969119057
2018-11-15,ret_20,1945,-0.1554860281130379,-0.2340771384749209
2018-11-16,ret_20,1940,-0.16314439895115382,-0.13797211199695858
2018-11-19,ret_20,1935,-0.08177001571257381,0.020296369796620153
2018-11-20,ret_20,1935,-0.24140359648178225,-0.09570951135359292
2018-11-21,ret_20,1935,-0.30479087722718634,-0.24555155255385566
2018-11-22,ret_20,1937,-0.23935390303710874,-0.13254927638394096
2018-11-23,ret_20,1936,-0.30499225433865057,-0.1950741820771864
2018-11-26,ret_20,1940,-0.2737520844063705,-0.1880201908192459
2018-11-27,ret_20,1944,-0.259040338352998,-0.18799874545599807
2018-11-28,ret_20,1941,-0.24417857815563201,-0.135752637481433
2018-11-29,ret_20,1943,-0.17053625883130186,-0.10157142296841302
2018-11-30,ret_20,1942,-0.1369058159214749,-0.09602438992567391
2018-12-03,ret_20,1946,-0.14363733914363191,-0.07102375880520428
2018-12-04,ret_20,1947,-0.03492872449134329,-0.07591426876230446
2018-12-05,ret_20,1949,-0.023750567644504176,-0.06621088508764553
2018-12-06,ret_20,1955,-0.0720059850957061,-0.11847043924764476
2018-12-07,ret_20,1953,-0.01912878990472509,-0.080794874070243
2018-12-10,ret_20,1958,-0.05584955002383684,-0.08079465351163907
2018-12-11,ret_20,1960,-0.023046098593503744,-0.07434292729469578
2018-12-12,ret_20,1963,-0.035753412468295914,-0.05914245685295155
2018-12-13,ret_20,1967,-0.13441103737013485,-0.1581348528916898
2018-12-14,ret_20,1968,-0.12277254106135475,-0.1671915918838969
2018-12-17,ret_20,1965,0.01607507181536059,-0.033767652211215755
2018-12-18,ret_20,1962,0.026839449759212285,-0.022552723418602275
2018-12-19,ret_20,1964,0.13366294131793746,0.137526709696638
2018-12-20,ret_20,1970,0.1414730318411328,0.1344972813357293
2018-12-21,ret_20,1973,0.17283268638865762,0.07548701798247813
2018-12-24,ret_20,1969,0.03441701731848,-0.015783032744069666
2018-12-25,ret_20,1970,-0.05209846795021255,-0.11168857971512687
2018-12-26,ret_20,1972,-0.11159842074103246,-0.21321814122616004
2018-12-27,ret_20,1972,-0.06992549899548407,-0.19697926449037742
2018-12-28,ret_20,1976,-0.10852036333332338,-0.2734378065901141
2019-01-02,ret_20,1976,-0.05446803925059561,-0.1569885861063556
2019-01-03,ret_20,1979,-0.03174166833669635,-0.1421828657980794
2019-01-04,ret_20,1979,0.02469571787512169,-0.08223172574953494
2019-01-07,ret_20,1981,0.001628878455980547,-0.07073258049966766
2019-01-08,ret_20,1980,-0.018000109037041464,-0.0740898317111168
2019-01-09,ret_20,1983,0.012110211225545701,-0.08533483153797387
2019-01-10,ret_20,1982,-0.13308755837667557,-0.1383201610682439
2019-01-11,ret_20,1981,-0.2884380612073618,-0.2631986220579734
2019-01-14,ret_20,1981,-0.17184714044811913,-0.19902357806102233
2019-01-15,ret_20,1978,-0.12700932811738105,-0.11836972416064835
2019-01-16,ret_20,1978,-0.14969288936097386,-0.05731693937797866
2019-01-17,ret_20,1977,-0.054768573083924736,-0.016949346025340345
2019-01-18,ret_20,1977,0.025009458237843046,0.052935455973808776
2019-01-21,ret_20,1979,0.0315899602636027,0.09729238323317932
2019-01-22,ret_20,1978,-0.05820582445718497,0.045482708235120475
2019-01-23,ret_20,1978,-0.03939951562304504,0.06407671260937094
2019-01-24,ret_20,1974,-0.12498253782197899,0.00022258970281923936
2019-01-25,ret_20,1976,-0.03457839130755862,0.09752707826661373
2019-01-28,ret_20,1978,-0.10668674331017361,-0.010941396511568197
2019-01-29,ret_20,1982,-0.09441656656847632,-0.06454667080026455
2019-01-30,ret_20,1987,-0.2227149438465838,-0.2923913410354248
2019-01-31,ret_20,1984,-0.2326949139635658,-0.38685747164945816
2019-02-01,ret_20,1987,-0.2035108852360146,-0.35541285690458824
2019-02-11,ret_20,1988,-0.21686319114683206,-0.38194273885586966
2019-02-12,ret_20,1983,-0.13085869461382071,-0.34843912122162773
2019-02-13,ret_20,1985,-0.10169523013626984,-0.3202713246343514
2019-02-14,ret_20,1984,-0.05773549251762302,-0.23461631128566093
2019-02-15,ret_20,1983,-0.10605501842016363,-0.28181019101164206
2019-02-18,ret_20,1984,-0.06281079202717967,-0.18423432107236126
2019-02-19,ret_20,1980,-0.09828336264715397,-0.22389914427352536
2019-02-20,ret_20,1978,-0.16416438446551346,-0.19915611119842988
2019-02-21,ret_20,1984,-0.12701194152513567,-0.20075481942492426
2019-02-22,ret_20,1981,-0.08906318593236669,-0.2802817037490663
2019-02-25,ret_20,1978,0.07031913526958143,-0.024379757968185464
2019-02-26,ret_20,1973,0.191502292982307,0.03752571142309784
2019-02-27,ret_20,1974,0.24461574686087978,0.10107201700161689
2019-02-28,ret_20,1981,0.13684192538651027,-0.00716335734395823
2019-03-01,ret_20,1979,0.01175295010396883,-0.054865298472978656
2019-03-04,ret_20,1978,0.053850660790589394,-0.026153378605578242
2019-03-05,ret_20,1975,-0.016966281282587325,0.015093094720146694
2019-03-06,ret_20,1976,-0.2577281623271736,-0.27303972857820674
2019-03-07,ret_20,1980,-0.31282765899681425,-0.29089354967198094
2019-03-08,ret_20,1978,-0.36246235897425666,-0.4719782473664248
2019-03-11,ret_20,1981,-0.42004635523978306,-0.4945195901692079
2019-03-12,ret_20,1979,-0.3086087788034727,-0.4154221328158043
2019-03-13,ret_20,1978,-0.016834730395755095,-0.00410605758287063
2019-03-14,ret_20,1977,-0.035119555325062196,-0.0752627593631039
2019-03-15,ret_20,1967,0.033789449415548865,-0.006861652041025633
2019-03-18,ret_20,1967,-0.019953247335332776,-0.10194689349872275
2019-03-19,ret_20,1966,-0.09048661820344081,-0.16265188182402576
2019-03-20,ret_20,1963,-0.2306038970916618,-0.2849013105194526
2019-03-21,ret_20,1965,-0.21948800581691405,-0.21490787293379116
2019-03-22,ret_20,1960,-0.1747693106270551,-0.18975939204372252
2019-03-25,ret_20,1962,-0.09901342134790299,-0.13163110775586878
2019-03-26,ret_20,1957,-0.13262636961414692,-0.146394424931677
2019-03-27,ret_20,1958,-0.042978273132318584,-0.07276794101811541
2019-03-28,ret_20,1963,0.023074660427404168,-0.09975726839691877
2019-03-29,ret_20,1961,-0.004619781292047631,-0.13812759837233524
2019-04-01,ret_20,1964,-0.03831306669037617,-0.1419046725988976
2019-04-02,ret_20,1962,-0.023904922887930977,-0.12788642363857
2019-04-03,ret_20,1958,-0.08664742207893572,-0.1613744288212238
2019-04-04,ret_20,1962,-0.17013359574613268,-0.21144515038985115
2019-04-08,ret_20,1965,-0.10609547416513712,-0.1797266963492847
2019-04-09,ret_20,1972,-0.05413251416513718,-0.18052799253844443
2019-04-10,ret_20,1975,0.005682684488269341,-0.10937474137506321
2019-04-11,ret_20,1971,0.04108937597548446,-0.07805801784629561
2019-04-12,ret_20,1972,-0.010567592431784902,-0.13897659356044625
2019-04-15,ret_20,1969,-0.06806378776263258,-0.1479273894873825
2019-04-16,ret_20,1967,-0.16424040139294238,-0.16392454286765368
2019-04-17,ret_20,1969,-0.16215092243827073,-0.19944232363054604
2019-04-18,ret_20,1973,-0.14161092934765146,-0.15498929810720666
2019-04-19,ret_20,1958,-0.15417241224701372,-0.07530417300801578
2019-04-22,ret_20,1944,-0.14899718262818196,-0.08365841824869912
2019-04-23,ret_20,1955,-0.12389327054688529,-0.0805756421231126
2019-04-24,ret_20,1949,-0.17429498475892455,-0.16672394973399957
2019-04-25,ret_20,1944,-0.1935477118079645,-0.18816038823416414
2019-04-26,ret_20,1947,-0.21374359334662457,-0.2774664998009322
2019-04-29,ret_20,1930,-0.09862226115585276,-0.2142882516550742
2019-04-30,ret_20,1938,-0.08351324327533957,-0.18324837361799304
2019-05-06,ret_20,1962,-0.11899690954243757,-0.2376787814097044
2019-05-07,ret_20,1955,0.10013318613762692,-0.03280054423419591
2019-05-08,ret_20,1958,0.1572636741517646,0.03078295237770458
2019-05-09,ret_20,1964,0.19272231264911455,0.2174067324185807
2019-05-10,ret_20,1961,0.056721466417848636,0.11117319007195776
2019-05-13,ret_20,1965,0.06410401674342908,0.07660621654391492
2019-05-14,ret_20,1964,0.002105219106039758,0.05876847595940157
2019-05-15,ret_20,1965,-0.0043887360324909525,0.06794094176960389
2019-05-16,ret_20,1968,-0.09400439783402863,-0.09030900749164407
2019-05-17,ret_20,1962,-0.06771479728747838,-0.12776468693930945
2019-05-20,ret_20,1967,0.01619670275342808,0.0019816150624997995
2019-05-21,ret_20,1975,0.09005407313395118,0.0036661632696736897
2019-05-22,ret_20,1971,0.10774512583040449,0.012821287461985256
2019-05-23,ret_20,1973,0.15974000653944703,0.09106960611389774
2019-05-24,ret_20,1970,0.12885297600287923,0.15259504068359667
2019-05-27,ret_20,1973,0.12833196847361666,0.16033718081871012
2019-05-28,ret_20,1968,0.02715122986051331,0.09117242003487326
2019-05-29,ret_20,1974,0.05933207526864102,0.08090258224179708
2019-05-30,ret_20,1962,0.0688078316153758,0.017482681461007968
2019-05-31,ret_20,1951,0.02650419502006415,-0.06321151182615269
2019-06-03,ret_20,1970,0.1879896745414281,0.07830211940937133
2019-06-04,ret_20,1970,-0.02241596587867378,-0.12118141869566165
2019-06-05,ret_20,1971,-0.06063503110205744,-0.10458321535780116
2019-06-06,ret_20,1971,-0.13177554555720625,-0.14388728476289628
2019-06-10,ret_20,1970,-0.17799965409901958,-0.1062095722965979
2019-06-11,ret_20,1969,-0.23798789616835467,-0.21310776226378325
2019-06-12,ret_20,1969,-0.1288951577705173,-0.08605080417638891
2019-06-13,ret_20,1967,-0.2041380279942662,-0.24304207008958992
2019-06-14,ret_20,1967,-0.16665008666271233,-0.2583872813961386
2019-06-17,ret_20,1969,-0.15509345484441794,-0.20611856688684785
2019-06-18,ret_20,1966,-0.25839218294715005,-0.25907075778778876
2019-06-19,ret_20,1968,-0.24586706607894984,-0.23039199470219165
2019-06-20,ret_20,1971,-0.13603916197289267,-0.002814854089190933
2019-06-21,ret_20,1967,-0.21717414369037666,-0.10713587865110709
2019-06-24,ret_20,1974,-0.3383772620839683,-0.1816039918937861
2019-06-25,ret_20,1975,-0.1545657378064431,-0.08576449908766183
2019-06-26,ret_20,1971,-0.16144622720585666,-0.07756078830798503
2019-06-27,ret_20,1978,-0.16948828490718815,-0.15554374794537582
2019-06-28,ret_20,1976,-0.10070607533790622,0.0009450606579786598
2019-07-01,ret_20,1973,-0.04580729242788851,0.023919504416376178
2019-07-02,ret_20,1975,-0.06578424615837526,-0.025973746510764766
2019-07-03,ret_20,1973,-0.0010022323925583951,0.040135419782730886
2019-07-04,ret_20,1975,0.008456139757864776,0.07656572956530902
2019-07-05,ret_20,1978,0.004900186791762441,0.0483851676155309
2019-07-08,ret_20,1975,-0.05686182443044917,-0.051604359938478804
2019-07-09,ret_20,1976,-0.09748310256138179,-0.1293495123925211
2019-07-10,ret_20,1976,-0.14849835376272227,-0.1641649873967049
2019-07-11,ret_20,1976,-0.12619399490867983,-0.13633161086714543
2019-07-12,ret_20,1977,-0.011278666183445514,0.04842097069794986
2019-07-15,ret_20,1975,0.021430516973004736,0.10976337178667872
2019-07-16,ret_20,1971,0.06205038226607239,0.11936109024654755
2019-07-17,ret_20,1974,0.09560464111698583,0.14643150770820212
2019-07-18,ret_20,1970,0.08354725668963275,0.11787070699822443
2019-07-19,ret_20,1971,-0.0006523971163000115,-0.05098573237630055
2019-07-22,ret_20,1972,-0.06549265334258181,-0.07224758995008289
2019-07-23,ret_20,1971,-0.002436799600447303,0.054818934424123805
2019-07-24,ret_20,1970,0.01112683057825754,0.04464815723145142
2019-07-25,ret_20,1971,0.05733661921686512,0.07458127790118835
2019-07-26,ret_20,1975,-0.09968835627779667,-0.04986633187287186
2019-07-29,ret_20,1976,0.14589208946579144,0.23181286096162734
2019-07-30,ret_20,1977,0.05327083978183724,0.12611330214738514
2019-07-31,ret_20,1976,0.03375149505646301,0.11418686449589814
2019-08-01,ret_20,1973,0.011722075348982123,0.04778445955460219
2019-08-02,ret_20,1976,0.15915858518614576,0.1316094082041633
2019-08-05,ret_20,1973,-0.014006460993034127,-0.07846057906870124
2019-08-06,ret_20,1973,0.07083954706935199,-0.00352279339175434
2019-08-07,ret_20,1975,0.05762605386532892,-0.03052545921630368
2019-08-08,ret_20,1976,0.09255583907154746,-0.004280414462682629
2019-08-09,ret_20,1972,-0.00789705836845021,-0.07292336382656145
2019-08-12,ret_20,1974,-0.0732781003773436,-0.11592751846908012
2019-08-13,ret_20,1975,-0.09489636567295075,-0.14018126270766698
2019-08-14,ret_20,1975,-0.1654784462730779,-0.19622770269969478
2019-08-15,ret_20,1978,-0.11998617938593444,-0.14760758441935906
2019-08-16,ret_20,1975,-0.07586623137542868,-0.049976024916410816
2019-08-19,ret_20,1976,-0.09390006237663362,-0.06433245564671422
2019-08-20,ret_20,1977,-0.1416836487169731,-0.13900131488178072
2019-08-21,ret_20,1974,-0.11957333906154581,-0.1064780019082796
2019-08-22,ret_20,1976,-0.14310985152019443,-0.10545708292824525
2019-08-23,ret_20,1974,-0.17366036235206492,-0.20341438464606135
2019-08-26,ret_20,1978,-0.10216277493240056,-0.143589905167131
2019-08-27,ret_20,1977,0.02151841244986669,-0.07828517058164718
2019-08-28,ret_20,1979,-0.04555701189615981,-0.16754354364168614
2019-08-29,ret_20,1978,-0.009692790539021298,-0.10704033740416066
2019-08-30,ret_20,1977,-0.01655956946036883,-0.1456511257887939
2019-09-02,ret_20,1976,-0.02998540662751593,-0.12436807241051105
2019-09-03,ret_20,1978,-0.03796800152749461,-0.09163710691041567
2019-09-04,ret_20,1977,-0.04764859618955509,-0.03573207992655628
2019-09-05,ret_20,1976,-0.015780733216830833,-0.011806166362659937
2019-09-06,ret_20,1976,-0.1308112383312631,-0.233293589091828
2019-09-09,ret_20,1974,-0.13136340886715758,-0.19690230596445252
2019-09-10,ret_20,1971,-0.02372833356098907,-0.0343779725863118
2019-09-11,ret_20,1972,-0.07421133050397202,-0.12033257860304962
2019-09-12,ret_20,1975,-0.06303318559589396,-0.09695768088583276
2019-09-16,ret_20,1975,-0.02785448203059575,0.038712551153199375
2019-09-17,ret_20,1973,-0.07214185284817194,-0.05494727604103483
2019-09-18,ret_20,1972,-0.17021986834174707,-0.20522659769549015
2019-09-19,ret_20,1973,-0.1275501251590912,-0.1244127542055636
2019-09-20,ret_20,1976,-0.23131539557235659,-0.2435272515666802
2019-09-23,ret_20,1972,-0.2657245998022094,-0.3208419921809942
2019-09-24,ret_20,1969,-0.2109489745107018,-0.28843465586418815
2019-09-25,ret_20,1971,-0.01607018812981839,-0.10732814520159142
2019-09-26,ret_20,1971,-0.011764485124933282,-0.08444217954574097
2019-09-27,ret_20,1973,0.08443257954415562,0.03593795118571085
2019-09-30,ret_20,1975,0.029443461092604623,0.07027824646289381
2019-10-08,ret_20,1972,0.015773929843292758,0.06552096247969734
2019-10-09,ret_20,1973,-0.02085310131230513,0.07023410791515607
2019-10-10,ret_20,1976,-0.024067108548536324,0.06669445257202819
2019-10-11,ret_20,1976,-0.034798781133544565,0.07706581021383026
2019-10-14,ret_20,1975,-0.0070932821918866735,0.02239876503832913
2019-10-15,ret_20,1978,-0.04153610780490826,-0.0453995476665652
2019-10-16,ret_20,1974,-0.055732999119894225,-0.0075628853780184534
2019-10-17,ret_20,1973,-0.08760970357792947,-0.08612581456002866
2019-10-18,ret_20,1972,-0.10585417243229082,-0.19450604502046273
2019-10-21,ret_20,1972,-0.029968842753562278,-0.0618013301283124
2019-10-22,ret_20,1972,0.11342519146686583,0.08875994060340914
2019-10-23,ret_20,1972,0.1334483835130817,0.10149851360416186
2019-10-24,ret_20,1971,0.1273198602357107,0.08715624292001273
2019-10-25,ret_20,1973,0.1973209588617843,0.2112605919056482
2019-10-28,ret_20,1975,0.05312316064991596,0.0907847700364692
2019-10-29,ret_20,1968,-0.07321425309190219,0.02252768186361293
2019-10-30,ret_20,1971,0.02635174751111753,0.0455879463429462
2019-10-31,ret_20,1971,-0.004981454624892982,0.02798097892841732
2019-11-01,ret_20,1970,-0.01082804081652586,0.04042793185985246
2019-11-04,ret_20,1975,0.03827434243263395,0.010615766286848986
2019-11-05,ret_20,1967,0.059144610995592865,0.04061413503127112
2019-11-06,ret_20,1967,0.01519816877479697,0.014404422412892543
2019-11-07,ret_20,1970,0.028094755112457168,0.05078804937277861
2019-11-08,ret_20,1973,0.01305243159431901,-0.016688238389358668
2019-11-11,ret_20,1973,-0.0703122494759702,-0.10712681647647855
2019-11-12,ret_20,1970,-0.09409986461256345,-0.13976370788380038
2019-11-13,ret_20,1971,-0.18606411010719212,-0.19298282860853605
2019-11-14,ret_20,1971,-0.2084999993807707,-0.23359433424254936
2019-11-15,ret_20,1971,-0.30832768455521514,-0.2473615745853523
2019-11-18,ret_20,1969,-0.2696067515970705,-0.19118463138572692
2019-11-19,ret_20,1969,-0.21096339123346708,-0.13873107669222018
2019-11-20,ret_20,1967,-0.14093533895456908,-0.11095511935247779
2019-11-21,ret_20,1970,-0.0871326259559436,-0.07564884086168304
2019-11-22,ret_20,1970,0.07471253731664439,-0.028452080486346457
2019-11-25,ret_20,1971,-0.04388644874335031,-0.13438208229006765
2019-11-26,ret_20,1968,-0.08757740481340369,-0.16770364372379967
2019-11-27,ret_20,1968,-0.05034757614341729,-0.1612304049312982
2019-11-28,ret_20,1966,0.030063604746936607,-0.11748988388188564
2019-11-29,ret_20,1965,0.02397899006608869,-0.09297961168598186
2019-12-02,ret_20,1965,0.08027494474215954,-0.025928623908152156
2019-12-03,ret_20,1966,0.0733982571572856,-0.023199949019452763
2019-12-04,ret_20,1960,0.09816822057925358,0.0266899090329231
2019-12-05,ret_20,1966,0.0934733922948067,-0.02460309950019434
2019-12-06,ret_20,1967,0.17117081740946144,0.004482348501031413
2019-12-09,ret_20,1967,0.08289011845311155,-0.05402735424233372
2019-12-10,ret_20,1967,0.1690597339152887,0.02889755381470569
2019-12-11,ret_20,1963,0.0599208284906159,-0.02381012324378655
2019-12-12,ret_20,1966,0.05854564175230236,-0.07166697981063416
2019-12-13,ret_20,1967,-0.03755730332731429,-0.10852011907825765
2019-12-16,ret_20,1971,0.0165895001814508,-0.01851239910402463
2019-12-17,ret_20,1966,0.025689378277663388,0.026058520266776745
2019-12-18,ret_20,1965,0.12435499969422505,0.12795511983479013
2019-12-19,ret_20,1966,0.06644703846381064,0.08357881862183139
2019-12-20,ret_20,1967,-0.01483862584395722,0.09332107433480939
2019-12-23,ret_20,1970,-0.155977059417689,-0.14887461723152595
2019-12-24,ret_20,1969,-0.13125149835940086,-0.15134682726281218
2019-12-25,ret_20,1968,-0.11299852648209077,-0.16687391121708486
2019-12-26,ret_20,1967,0.023770785138045036,0.08464333093617785
2019-12-27,ret_20,1965,0.07621751015150166,0.022508249750306394
2019-12-30,ret_20,1963,0.07482599150137782,-0.016295690077450253
2019-12-31,ret_20,1964,-0.006205465252376815,-0.11184406108853305
2020-01-02,ret_20,1962,0.029609136391443608,-0.057855331661178136
2020-01-03,ret_20,1966,-0.010570289580212298,-0.06723351681112981
2020-01-06,ret_20,1964,0.009329958363930765,-0.04955810194360348
2020-01-07,ret_20,1966,0.012395697490640428,-0.013862460645692968
2020-01-08,ret_20,1965,-0.03238407040024027,-0.06621438663607654
2020-01-09,ret_20,1963,0.06816034160475754,0.05788356940624287
2020-01-10,ret_20,1964,0.021809778657515468,0.047108985045450365
2020-01-13,ret_20,1969,0.025348833390579275,0.03405019149776823
2020-01-14,ret_20,1973,0.04103547746182119,0.012016285036256617
2020-01-15,ret_20,1973,0.07177623492223,0.028364863094675945
2020-01-16,ret_20,1971,0.0590211700371019,0.032884369932699845
2020-01-17,ret_20,1969,0.1652618822713511,0.19871226046634405
2020-01-20,ret_20,1969,0.2576333422709465,0.24097034750573426
2020-01-21,ret_20,1972,0.32107574563469465,0.27615362281481914
2020-01-22,ret_20,1977,0.28932675603186836,0.33751091606954287
2020-01-23,ret_20,1974,0.2543954258438681,0.24634619576150418
2020-02-03,ret_20,1976,-0.09456363224818166,-0.12392012659497073
2020-02-04,ret_20,1975,-0.1268969914375198,-0.13774720821596903
2020-02-05,ret_20,1976,-0.2607859062936317,-0.20062122562863924
2020-02-06,ret_20,1977,-0.2600577911833422,-0.2543445359135905
2020-02-07,ret_20,1978,-0.16708947107052963,-0.16887578852338367
2020-02-10,ret_20,1977,0.028778853202322967,-0.0060171877027539785
2020-02-11,ret_20,1977,-0.14807713344450815,-0.239567267656084
2020-02-12,ret_20,1978,-0.16923123510488255,-0.25099825915902507
2020-02-13,ret_20,1977,-0.08833342454579027,-0.227747275448897
2020-02-14,ret_20,1977,0.027975763377145902,-0.08515751837048369
2020-02-17,ret_20,1973,0.1281027740097635,0.11574700019464129
2020-02-18,ret_20,1975,0.06263660151812678,0.06130317452075549
2020-02-19,ret_20,1975,0.042189190573260905,0.08849225866761576
2020-02-20,ret_20,1975,-0.0104374041749884,0.010599231406889934
2020-02-21,ret_20,1974,-0.15675886731037475,-0.1564933620267432
2020-02-24,ret_20,1972,-0.32129422475152575,-0.36982291586838695
2020-02-25,ret_20,1972,-0.24617123516473072,-0.25375267701180027
2020-02-26,ret_20,1973,-0.17488598967995891,-0.24963930040131377
2020-02-27,ret_20,1974,-0.15155299800923788,-0.15824383168207196
2020-02-28,ret_20,1974,-0.17227007302215083,-0.25944396630251954
2020-03-02,ret_20,1974,-0.15513719417034014,-0.19703074644367538
2020-03-03,ret_20,1971,-0.08427050198198859,-0.14147481629371655
2020-03-04,ret_20,1974,-0.055490707797964056,-0.10512724051512709
2020-03-05,ret_20,1973,0.0395467617588431,0.07231356221888208
2020-03-06,ret_20,1972,-0.020114286520265437,0.021350191030536245
2020-03-09,ret_20,1971,-0.04434861327801498,-0.010985409870945031
2020-03-10,ret_20,1971,-0.04678809271016233,-0.04784102668399024
2020-03-11,ret_20,1969,-0.03898400085625458,-0.007574399322186675
2020-03-12,ret_20,1969,-0.14352394038119407,-0.09414951724387839
2020-03-13,ret_20,1970,-0.10085877924490946,-0.02141612492026637
2020-03-16,ret_20,1970,-0.17768515887667977,-0.07154763232357927
2020-03-17,ret_20,1967,-0.15952116115774836,-0.06359652310334818
2020-03-18,ret_20,1969,-0.12072551886495454,-0.041297699761547076
2020-03-19,ret_20,1970,-0.15241285270433017,-0.05806619870331597
2020-03-20,ret_20,1972,-0.08471607798824886,-0.01656979029079535
2020-03-23,ret_20,1973,0.04523170799330371,0.11325545705547928
2020-03-24,ret_20,1973,0.03888514757348757,0.12256641807639003
2020-03-25,ret_20,1973,-0.10809550692103963,-0.07740594159697452
2020-03-26,ret_20,1972,0.03456354260642239,-0.01772703466470163
2020-03-27,ret_20,1970,-0.08893110858430738,-0.22963271710479655
2020-03-30,ret_20,1969,-0.1954228588088681,-0.371380967863698
2020-03-31,ret_20,1970,-0.09178998315064436,-0.24803622053542007
2020-04-01,ret_20,1970,0.08443164775215194,0.052902045611394916
2020-04-02,ret_20,1970,-0.02563280994591745,-0.001747042362149778
2020-04-03,ret_20,1966,-0.11013566164324046,-0.045861950381358756
2020-04-07,ret_20,1961,-0.09463002169057398,-0.0016296078136408194
2020-04-08,ret_20,1966,-0.016221584636971445,0.045790669314425644
2020-04-09,ret_20,1965,-0.05107328136079841,-0.04924856321690086
2020-04-10,ret_20,1965,-0.044083759610305424,-0.13722790180444977
2020-04-13,ret_20,1961,-0.004950598197914044,-0.0630773805596657
2020-04-14,ret_20,1958,0.07065819326957727,0.04826394017495821
2020-04-15,ret_20,1957,0.15566970681331013,0.15433820433276663
2020-04-16,ret_20,1962,0.17290415065616646,0.17886357657292437
2020-04-17,ret_20,1962,0.08174977203694499,0.16972545205480877
2020-04-20,ret_20,1950,0.07276272833050194,0.1861016090556775
2020-04-21,ret_20,1943,-0.04631493316499466,0.08490829155344785
2020-04-22,ret_20,1940,-0.18112759176946402,-0.0467664064626536
2020-04-23,ret_20,1952,-0.17101008877288873,-0.08030722106204735
2020-04-24,ret_20,1957,-0.09189548202509769,-0.04052122693985647
2020-04-27,ret_20,1951,-0.13279557215875995,-0.13107116760069829
2020-04-28,ret_20,1934,0.0016479285377426934,-0.05969994124627033
2020-04-29,ret_20,1926,0.1344311286412032,0.09194472236257521
2020-04-30,ret_20,1941,0.19651071795128597,0.1272836271314021
2020-05-06,ret_20,1959,0.22191881501712235,0.1300765982113257
2020-05-07,ret_20,1963,0.24159025084296804,0.1418725979947779
2020-05-08,ret_20,1957,0.20235337061426878,0.11807473174417583
2020-05-11,ret_20,1957,0.21359465983748543,0.12096338501017133
2020-05-12,ret_20,1956,0.20299588286774234,0.13424952133827003
2020-05-13,ret_20,1959,0.16784253166071988,0.08128444472671674
2020-05-14,ret_20,1962,0.05752574621230775,-0.002734056973570915
2020-05-15,ret_20,1961,0.06409256975612644,-0.0005729987200647118
2020-05-18,ret_20,1956,0.0014110936357203008,-0.07538490096777481
2020-05-19,ret_20,1955,-0.020870618000859074,-0.07400595262410142
2020-05-20,ret_20,1955,-0.008712981644097872,-0.028343228186416648
2020-05-21,ret_20,1954,0.036632051436557074,-0.00771738180851267
2020-05-22,ret_20,1951,0.031054122194458356,-0.020615499119023967
2020-05-25,ret_20,1954,-0.06178182238085906,-0.07309874428584945
2020-05-26,ret_20,1951,-0.019686868265707473,-0.06353071923451283
2020-05-27,ret_20,1950,-0.07011507963505292,-0.07692662121965803
2020-05-28,ret_20,1951,-0.12417112845176195,-0.12973796679843197
2020-05-29,ret_20,1939,-0.1950860887599904,-0.14327705274928806
2020-06-01,ret_20,1932,-0.08090912535804991,-0.05825832677125532
2020-06-02,ret_20,1938,-0.08162292134188388,-0.013920086282442559
2020-06-03,ret_20,1949,-0.0728076272661153,-0.057501500606151314
2020-06-04,ret_20,1951,0.03685851674215028,-0.05771452182187754
2020-06-05,ret_20,1952,0.06253915540978112,-0.04489811907906933
2020-06-08,ret_20,1954,0.11349685838762025,-0.017129608676555913
2020-06-09,ret_20,1954,0.052402453379498296,-0.06199441036031421
2020-06-10,ret_20,1955,0.016349080110031524,-0.07302148477558272
2020-06-11,ret_20,1957,0.009105098695101064,-0.038450009934643765
2020-06-12,ret_20,1956,-0.05845717705155919,-0.11917084031944096
2020-06-15,ret_20,1953,-0.02224759600604354,-0.029891292572338093
2020-06-16,ret_20,1952,-0.02855371836790094,-0.038725962601968394
2020-06-17,ret_20,1950,0.06054707869012228,0.03268552333832388
2020-06-18,ret_20,1945,0.09308471016270885,0.07970213651426877
2020-06-19,ret_20,1950,0.11939419891277786,0.1053232696143631
2020-06-22,ret_20,1950,0.04419056495624521,0.00612920556213294
2020-06-23,ret_20,1948,0.006106386507034557,-0.06834145292381685
2020-06-24,ret_20,1948,-0.0323298027770952,-0.11257768565636816
2020-06-29,ret_20,1944,-0.03578796409006514,-0.1547535839733556
2020-06-30,ret_20,1945,-0.003163850386373492,-0.07549259514508154
2020-07-01,ret_20,1951,0.03866066818416641,-0.04172060953256292
2020-07-02,ret_20,1955,0.1664762634827609,0.09772975607935272
2020-07-03,ret_20,1952,0.13463882037697786,0.0831188369716
2020-07-06,ret_20,1951,0.03983414514213815,-0.0013020120509623198
2020-07-07,ret_20,1948,-0.037124122044426236,-0.08910334653063001
2020-07-08,ret_20,1952,-0.18034454491691748,-0.2277418764331784
2020-07-09,ret_20,1953,-0.2376390407842917,-0.266771206031638
2020-07-10,ret_20,1952,-0.22951513589398725,-0.27949618947479105
2020-07-13,ret_20,1950,-0.17797841696086128,-0.22835047919117918
2020-07-14,ret_20,1953,-0.04992627311829364,-0.07042491665169591
2020-07-15,ret_20,1953,0.16387965886840236,0.16063921829378544
2020-07-16,ret_20,1953,0.08186755949370794,0.034159863153336495
2020-07-17,ret_20,1951,0.038425206649831914,-0.05944551682224196
2020-07-20,ret_20,1949,0.08771016823785927,-0.004683547872616948
2020-07-21,ret_20,1951,0.1395096183061072,0.04057899238162021
2020-07-22,ret_20,1948,0.05294414760868032,-0.06242197783670664
2020-07-23,ret_20,1948,0.1727454343640219,0.08792028999189778
2017-01-10,rev_5,1862,-0.1282664536264835,-0.12464790506707778
2017-01-11,rev_5,1856,-0.1829651306907121,-0.21432402985021512
2017-01-12,rev_5,1859,-0.12140948473342647,-0.11970047878557578
2017-01-13,rev_5,1854,0.13046756788725467,0.20605461595671137
2017-01-16,rev_5,1853,0.06640377221245995,0.0029691187943285883
2017-01-17,rev_5,1855,0.24120135294700798,0.2463743783743781
2017-01-18,rev_5,1855,0.2447427977416485,0.3043164030920459
2017-01-19,rev_5,1856,0.12924283399378603,0.15266423115833716
2017-01-20,rev_5,1853,0.0632354171367546,0.15229673674279193
2017-01-23,rev_5,1851,-0.05527961397027767,-0.06254836867030665
2017-01-24,rev_5,1855,-0.03636309029631011,0.08419801843234469
2017-01-25,rev_5,1860,0.04936742768840173,0.09807054806203798
2017-01-26,rev_5,1856,0.055594464144400974,0.036480876449242555
2017-02-03,rev_5,1853,0.11035798207546409,0.12316387242449522
2017-02-06,rev_5,1862,0.12170939734635564,0.14475898240762114
2017-02-07,rev_5,1860,0.12547575684769677,0.1917794980912761
2017-02-08,rev_5,1862,0.03257845988979261,0.09844538007719691
2017-02-09,rev_5,1859,0.030965242788751998,0.10302316821927017
2017-02-10,rev_5,1847,-0.11308303993373836,-0.07080804223701945
2017-02-13,rev_5,1848,-0.014814266671224603,-0.056450784861974176
2017-02-14,rev_5,1849,-0.17426693330859136,-0.16071203803618336
2017-02-15,rev_5,1851,0.0743170976621773,0.13094218090211798
2017-02-16,rev_5,1849,0.17332195270196676,0.20299592169615702
2017-02-17,rev_5,1846,0.2822743086767621,0.34480447490745914
2017-02-20,rev_5,1839,0.23711957075805956,0.2793628830883699
2017-02-21,rev_5,1842,0.13830974124071924,0.1836988324474402
2017-02-22,rev_5,1845,0.1699142248627307,0.16024610563582978
2017-02-23,rev_5,1848,-0.015698984301345982,-0.05197012198732887
2017-02-24,rev_5,1850,-0.10678825598080285,-0.17347180969655832
2017-02-27,rev_5,1844,-0.08011066717153516,-0.1816288469392173
2017-02-28,rev_5,1845,0.008992287171141769,-0.07383808152762049
2017-03-01,rev_5,1847,0.011411306636619538,-0.06412309596530232
2017-03-02,rev_5,1853,0.05534059284058622,0.04682743825860587
2017-03-03,rev_5,1849,-0.07306142417028863,-0.03528584775039714
2017-03-06,rev_5,1852,-0.13793057031299213,-0.07210522061667299
2017-03-07,rev_5,1849,-0.17242636266720401,-0.11549040119265537
2017-03-08,rev_5,1853,-0.07145736592750342,0.008607119063646348
2017-03-09,rev_5,1857,0.03048585999495839,0.06732522952954019
2017-03-10,rev_5,1846,0.033141575581387334,0.0506063193213827
2017-03-13,rev_5,1849,-0.0218935989991792,-0.029226931389752343
2017-03-14,rev_5,1851,-0.031180154048055415,-0.04444304641537358
2017-03-15,rev_5,1850,-0.014359356171866414,-0.0720724719654969
2017-03-16,rev_5,1850,-0.068421588225208,-0.11305222068534922
2017-03-17,rev_5,1846,0.02454724272373891,0.019907271560424815
2017-03-20,rev_5,1841,0.0032033376883287236,0.06562252908261383
2017-03-21,rev_5,1844,0.08650640141692667,0.13298469421342604
2017-03-22,rev_5,1845,0.030963077811617116,0.05197024472481395
2017-03-23,rev_5,1844,0.08153295510514398,0.08138552381031063
2017-03-24,rev_5,1839,-0.04401932093954784,-0.0583033872242557
2017-03-27,rev_5,1836,-0.11244774418767099,-0.15069724550821592
2017-03-28,rev_5,1838,-0.005836531996163353,-0.06307943471342953
2017-03-29,rev_5,1838,-0.042772086259875275,-0.08333800860813037
2017-03-30,rev_5,1835,-0.0802628670391822,-0.09820865794033234
2017-03-31,rev_5,1841,-0.07840681678494694,-0.1411465506100592
2017-04-05,rev_5,1831,-0.21724265815532143,-0.20440233345663852
2017-04-06,rev_5,1824,-0.2520193653331374,-0.2011575930606131
2017-04-07,rev_5,1834,-0.16038795455529586,-0.08390537712125246
2017-04-10,rev_5,1834,-0.015462666109671366,-0.02171831342313786
2017-04-11,rev_5,1833,-0.06581733469380124,-0.014306837433463847
2017-04-12,rev_5,1821,0.11120378401721291,0.01624615835482939
2017-04-13,rev_5,1814,0.1172855886123656,0.02173925395056852
2017-04-14,rev_5,1812,0.061637581677760955,-0.0011647446400080517
2017-04-17,rev_5,1819,0.015034280658887412,-0.062201020722999156
2017-04-18,rev_5,1819,-0.1759356425209911,-0.22830145280152317
2017-04-19,rev_5,1818,-0.09592977732370606,-0.13814225605291494
2017-04-20,rev_5,1806,0.006103792334009468,-0.02310403379340391
2017-04-21,rev_5,1799,0.2334414661599326,0.2777097547619885
2017-04-24,rev_5,1821,0.28715541619118135,0.3314399439502482
2017-04-25,rev_5,1824,0.23362840868500734,0.2543958416785726
2017-04-26,rev_5,1824,0.13334315994293644,0.12560467615882018
2017-04-27,rev_5,1818,-0.03341598657120371,-0.07487711424783552
2017-04-28,rev_5,1811,0.03762588229348185,-0.04038030439725936
2017-05-02,rev_5,1817,0.08865016752649693,0.08377827213326745
2017-05-03,rev_5,1827,0.03344200448391651,0.04801312018885215
2017-05-04,rev_5,1822,-0.012894839414166935,0.037619454911205885
2017-05-05,rev_5,1819,-0.025372504412364445,0.03659107996286983
2017-05-08,rev_5,1810,-0.07896643910195926,-0.052450371531468136
2017-05-09,rev_5,1815,0.1592703148805549,0.13218619559886546
2017-05-10,rev_5,1824,0.09009484435522488,0.10104146148377445
2017-05-11,rev_5,1823,0.18156785661573482,0.20401969997286987
2017-05-12,rev_5,1821,0.069350471944058,0.027691335896228773
2017-05-15,rev_5,1817,-0.05157155568341904,-0.14138088077222852
2017-05-16,rev_5,1819,-0.14573292603001148,-0.21252246354391507
2017-05-17,rev_5,1820,-0.09073414144032936,-0.11696203332265245
2017-05-18,rev_5,1822,-0.07543736438558767,-0.0774136605195863
2017-05-19,rev_5,1823,0.005556671651978682,-0.0010318935857856015
2017-05-22,rev_5,1817,-0.05152529900167404,-0.08987713113651194
2017-05-23,rev_5,1810,-0.1129891875306588,-0.19183638612195072
2017-05-24,rev_5,1810,-0.04201704620042811,-0.08913071054693797
2017-05-25,rev_5,1812,-0.033192500494446504,-0.08290597717458635
2017-05-26,rev_5,1820,0.043720310284452515,0.06501986669715909
2017-05-31,rev_5,1821,0.24049210772915042,0.33756793712832556
2017-06-01,rev_5,1818,0.273518238411926,0.3212782872652994
2017-06-02,rev_5,1816,0.048902007080393266,0.039281902762959724
2017-06-05,rev_5,1821,0.0954452834493108,0.12088599464838733
2017-06-06,rev_5,1820,0.03715670613021931,0.058578620427300616
2017-06-07,rev_5,1820,0.053157435742922726,0.006025022707126608
2017-06-08,rev_5,1818,-0.07553965572181738,-0.14292248188925583
2017-06-09,rev_5,1811,-0.0524607855526808,-0.10134794322254964
2017-06-12,rev_5,1814,0.24301102027570973,0.27163330107768635
2017-06-13,rev_5,1819,0.18161975227472052,0.1405559345501895
2017-06-14,rev_5,1815,0.10823344665561618,0.04851820696013702
2017-06-15,rev_5,1818,0.086503352130323,0.09895913948173864
2017-06-16,rev_5,1818,0.08536601723320768,0.08745880519260706
2017-06-19,rev_5,1822,0.11802205069498961,0.13454330849103585
2017-06-20,rev_5,1821,0.04643975712326569,0.09770314034642301
2017-06-21,rev_5,1823,0.00985968066180379,-0.03251529472889935
2017-06-22,rev_5,1821,0.06414597826373844,0.03977658918449113
2017-06-23,rev_5,1822,0.11527203808177089,0.11464223214890132
2017-06-26,rev_5,1825,0.0687170040245776,0.07374886032430633
2017-06-27,rev_5,1829,0.11476571456674893,0.1575251080063077
2017-06-28,rev_5,1831,0.06270573918474147,0.09527629879481467
2017-06-29,rev_5,1833,-0.03302987283895146,0.015513429107955194
2017-06-30,rev_5,1829,-0.04141285002726119,-0.014420526566208134
2017-07-03,rev_5,1830,-0.07172532606210837,-0.05514903109633807
2017-07-04,rev_5,1824,-0.08224779670355238,-0.08476706199775365
2017-07-05,rev_5,1822,-0.03006845578401602,-0.015005096089405177
2017-07-06,rev_5,1823,0.01201815095056978,0.0443251792619824
2017-07-07,rev_5,1817,0.0484366172597411,0.11962215071767869
2017-07-10,rev_5,1810,-0.23709862405700097,-0.19784151987757476
2017-07-11,rev_5,1813,-0.3007499444960975,-0.3261345410335277
2017-07-12,rev_5,1812,-0.3220033457284118,-0.32908568430691887
2017-07-13,rev_5,1815,-0.3445703632366111,-0.3845842344216461
2017-07-14,rev_5,1815,-0.174669086635773,-0.17537503660647158
2017-07-17,rev_5,1811,-0.006484479241970513,-0.021104419853622037
2017-07-18,rev_5,1813,0.027280297215720218,0.06394641815208979
2017-07-19,rev_5,1813,0.27215197443523664,0.3366787564563607
2017-07-20,rev_5,1813,0.21396743713902708,0.3115223015690538
2017-07-21,rev_5,1814,-0.0012685101500613596,0.10652783917529432
2017-07-24,rev_5,1816,0.028727059640361336,0.034679354130642145
2017-07-25,rev_5,1817,0.11185406604705413,0.1283159496493373
2017-07-26,rev_5,1818,0.06767116100804446,0.08268337862382612
2017-07-27,rev_5,1812,0.12896888090780312,0.060546841497977226
2017-07-28,rev_5,1811,0.07904414669894937,0.030359447018523052
2017-07-31,rev_5,1813,-0.07857055384679142,-0.09834065201768144
2017-08-01,rev_5,1816,-0.024620137858504604,0.008377606507376857
2017-08-02,rev_5,1819,0.042486440820884416,0.16614732265260224
2017-08-03,rev_5,1823,0.08324266012661219,0.15809164692299896
2017-08-04,rev_5,1821,0.17326222850297657,0.17787232590470312
2017-08-07,rev_5,1817,0.11681330673007845,0.10624192667804806
2017-08-08,rev_5,1828,0.15965990663032673,0.07347066158032421
2017-08-09,rev_5,1832,0.15380245585149652,0.08616314135828827
2017-08-10,rev_5,1836,0.22964183663112603,0.22654107179499994
2017-08-11,rev_5,1835,0.26232229123420936,0.24620050768935178
2017-08-14,rev_5,1834,0.16435065580690275,0.14765505127262205
2017-08-15,rev_5,1835,0.14943268767336865,0.1456065477331545
2017-08-16,rev_5,1835,0.03822181844131002,0.08500507334862477
2017-08-17,rev_5,1840,0.09053977062818805,0.07940124579507585
2017-08-18,rev_5,1841,0.0529328202392677,0.030511554694008517
2017-08-21,rev_5,1844,-0.02468386041366709,-0.037580704044956705
2017-08-22,rev_5,1843,-0.027534672063930045,0.01001416139087834
2017-08-23,rev_5,1844,0.09239285157602689,0.11047712623976727
2017-08-24,rev_5,1850,0.13273749913970165,0.20148772023349176
2017-08-25,rev_5,1850,-0.012904678642838856,0.018581436724824648
2017-08-28,rev_5,1854,-0.016556686396330768,0.022984827169490612
2017-08-29,rev_5,1851,0.022813896871059794,0.06059982921293631
2017-08-30,rev_5,1839,0.065513129238504,0.10529673540420266
2017-08-31,rev_5,1836,0.05795428803465833,0.07249730257689717
2017-09-01,rev_5,1843,-0.03383025132340958,0.04394061503314453
2017-09-04,rev_5,1845,-0.08611464415438204,-0.059941104285895684
2017-09-05,rev_5,1847,-0.05440994826844142,0.013134810234882773
2017-09-06,rev_5,1838,-0.05618801881275323,-0.0009493419978494249
2017-09-07,rev_5,1836,0.02969108760406352,0.07533530218857287
2017-09-08,rev_5,1841,0.013241615596789873,0.009817460935880007
2017-09-11,rev_5,1849,-0.08150106983196706,-0.06748170125351455
2017-09-12,rev_5,1849,-0.020300502920981338,0.039154390982279234
2017-09-13,rev_5,1846,0.1384783516415474,0.10283504441154093
2017-09-14,rev_5,1839,0.06994911248245485,0.1058974658852696
2017-09-15,rev_5,1833,0.15199237904247048,0.13786553411810962
2017-09-18,rev_5,1837,0.06535578738230893,0.036150463906117355
2017-09-19,rev_5,1841,0.10305335867484199,0.053503456506702386
2017-09-20,rev_5,1840,-0.010566521984094124,0.024144460706059495
2017-09-21,rev_5,1843,-0.08324610479147138,0.007238757001369763
2017-09-22,rev_5,1841,-0.16821401832699154,-0.00540017666531472
2017-09-25,rev_5,1840,-0.06254597841099592,-0.04813346046670121
2017-09-26,rev_5,1842,0.007236373068478397,0.02250573460283907
2017-09-27,rev_5,1839,-0.014183113974908021,0.016329739103525098
2017-09-28,rev_5,1846,0.10729364038056105,0.10318957765227621
2017-09-29,rev_5,1845,0.10287632264217052,0.05851409802714247
2017-10-09,rev_5,1848,0.17360968006962324,0.14369491868197062
2017-10-10,rev_5,1850,0.10388047370946166,0.041558409105358324
2017-10-11,rev_5,1849,-0.003368138129844693,-0.08638084127798051
2017-10-12,rev_5,1853,0.011385248116609433,-0.016277319932559167
2017-10-13,rev_5,1854,-0.1617631433243709,-0.1783287948019952
2017-10-16,rev_5,1858,-0.11456381445650927,-0.14875393410782742
2017-10-17,rev_5,1859,-0.013195235509623517,-0.004676166605110601
2017-10-18,rev_5,1855,0.08150504081475214,0.12955777520519093
2017-10-19,rev_5,1857,-0.10825305023838384,-0.11283556433762765
2017-10-20,rev_5,1860,-0.19414042495335176,-0.2773125585220913
2017-10-23,rev_5,1863,-0.10826824736704875,-0.19062001800619202
2017-10-24,rev_5,1861,-0.09104200759731662,-0.14836641802687328
2017-10-25,rev_5,1862,-0.10482240969676206,-0.13807084759905774
2017-10-26,rev_5,1858,-0.07124247018405801,-0.06392781918506332
2017-10-27,rev_5,1855,-0.06532401359404849,-0.046265850575940425
2017-10-30,rev_5,1860,-0.11079581588838493,-0.10598163492729291
2017-10-31,rev_5,1859,-0.006106374689717057,0.006350984507190959
2017-11-01,rev_5,1863,-0.02004785043338537,0.06187304935501252
2017-11-02,rev_5,1861,-0.019624573333895903,0.05058180652013961
2017-11-03,rev_5,1859,-0.11017248830630144,-0.04274186496849689
2017-11-06,rev_5,1864,-0.050817141313774544,-0.011223484927711648
2017-11-07,rev_5,1871,-0.08673328726442867,-0.08195334890802138
2017-11-08,rev_5,1868,-0.054298115355494676,-0.036715931683814595
2017-11-09,rev_5,1871,0.020864672376276282,0.05260334383643079
2017-11-10,rev_5,1861,-0.05003632740632735,0.0068497684206203025
2017-11-13,rev_5,1861,-0.16930533207729132,-0.13294674849281363
2017-11-14,rev_5,1860,-0.25779165673921106,-0.15701781459031278
2017-11-15,rev_5,1859,-0.10154026876255012,-0.0679403190068418
2017-11-16,rev_5,1859,0.00600795144293313,0.09658334243648965
2017-11-17,rev_5,1854,-0.026406844049501714,0.001505209838787282
2017-11-20,rev_5,1848,0.08938742198588454,0.1781830397284261
2017-11-21,rev_5,1850,0.11641973482273066,0.19239309361900703
2017-11-22,rev_5,1847,0.06764564251406471,0.1750228092252178
2017-11-23,rev_5,1843,0.0004946946065562656,0.1728197007370471
2017-11-24,rev_5,1845,-0.1386032535097692,-0.03588327479153275
2017-11-27,rev_5,1842,-0.07016924643998655,-0.059880098914551545
2017-11-28,rev_5,1834,0.06865730193072217,0.0840373890558789
2017-11-29,rev_5,1830,0.14778483603138087,0.13004814161210945
2017-11-30,rev_5,1829,0.12242991212981784,0.10998292112742557
2017-12-01,rev_5,1827,0.02088813101579989,0.01794027473009904
2017-12-04,rev_5,1832,-0.061313183856061056,-0.07179759248638527
2017-12-05,rev_5,1828,0.1831504614935039,0.20168932469102452
2017-12-06,rev_5,1829,0.06402849491018733,0.09886633943371083
2017-12-07,rev_5,1831,0.03419079739593966,0.0722949550767403
2017-12-08,rev_5,1824,0.01768280214436396,0.04503240840244829
2017-12-11,rev_5,1824,-0.03174575966226159,-0.011612823417709233
2017-12-12,rev_5,1827,-0.0014911394050570158,0.020292994379586097
2017-12-13,rev_5,1823,-0.09814733090320613,-0.05750584227391434
2017-12-14,rev_5,1827,-0.10979274683529612,-0.08658237883369521
2017-12-15,rev_5,1827,-0.08968060221161557,-0.05563509709075843
2017-12-18,rev_5,1822,-0.0681294756803197,-0.06018654285381904
2017-12-19,rev_5,1822,-0.011030766138844876,0.02367338021225034
2017-12-20,rev_5,1817,-0.05370291839256584,-0.03774470341708392
2017-12-21,rev_5,1822,-0.0021253290502970703,-0.0001737700294855411
2017-12-22,rev_5,1823,0.045493921869632095,0.07208590286974274
2017-12-25,rev_5,1828,0.15550034263820034,0.2172801046590377
2017-12-26,rev_5,1829,0.07280500916684281,0.113814197713669
2017-12-27,rev_5,1836,0.034874670998148,0.12020359888150785
2017-12-28,rev_5,1836,-0.10014686519367325,-0.03694901275106931
2017-12-29,rev_5,1836,-0.013835868594799539,0.025666849307154238
2018-01-02,rev_5,1838,-0.10094604783625423,-0.050981415847617756
2018-01-03,rev_5,1846,0.002731622615655878,0.007747833061258618
2018-01-04,rev_5,1846,-0.013132138772208568,-0.002355397211013461
2018-01-05,rev_5,1850,-0.02274125774765478,-0.002688460909269863
2018-01-08,rev_5,1851,-0.14649608253690108,-0.11219597422441696
2018-01-09,rev_5,1847,-0.07675856540275078,-0.07106956024660893
2018-01-10,rev_5,1844,-0.13133181251645354,-0.19785281540951147
2018-01-11,rev_5,1844,0.012516997271552898,-0.06804296633742636
2018-01-12,rev_5,1843,0.13111503524465185,0.03923654520746663
2018-01-15,rev_5,1847,0.2164714046184394,0.19913000597720973
2018-01-16,rev_5,1847,0.06654517852693108,0.11075767205079987
2018-01-17,rev_5,1845,0.11225468879946322,0.1392417149544109
2018-01-18,rev_5,1846,0.0736421483195834,0.11207944485408193
2018-01-19,rev_5,1843,-0.009331656043196902,-0.020073435653955342
2018-01-22,rev_5,1846,-0.03867345757652357,-0.022402342447680978
2018-01-23,rev_5,1849,-0.1163672188314335,-0.06765525174825378
2018-01-24,rev_5,1837,-0.19550010635900797,-0.14383695211639366
2018-01-25,rev_5,1811,-0.18702222307135852,-0.1560990433846906
2018-01-26,rev_5,1784,-0.13388543144640763,-0.13149473676595178
2018-01-29,rev_5,1770,-0.1521062501879631,-0.15578473289785955
2018-01-30,rev_5,1767,-0.12866557507158344,-0.09467806209647023
2018-01-31,rev_5,1764,-0.010113416018664098,-0.06065201312789572
2018-02-01,rev_5,1765,0.17229103632639167,0.10675011105690646
2018-02-02,rev_5,1763,0.26568956493185053,0.19380282467833482
2018-02-05,rev_5,1761,0.3645392445016992,0.36899451498916863
2018-02-06,rev_5,1763,0.3353910724145916,0.3425153811491202
2018-02-07,rev_5,1766,0.19927725571182187,0.2453045424621061
2018-02-08,rev_5,1772,0.13643693876596386,0.21078133381691003
2018-02-09,rev_5,1773,0.30795121272556714,0.41650889678359504
2018-02-12,rev_5,1774,0.08497590498667076,0.1024172397268649
2018-02-13,rev_5,1770,-0.11043056693378928,-0.11818169445380856
2018-02-14,rev_5,1770,-0.10080486016210333,-0.14015625552772842
2018-02-22,rev_5,1773,-0.09058482215329858,-0.13129752690779456
2018-02-23,rev_5,1774,0.09504688594657924,0.10160444999673758
2018-02-26,rev_5,1779,-0.03176111970784639,-0.05996319288868199
2018-02-27,rev_5,1780,-0.03643785486492964,-0.04274570796742322
2018-02-28,rev_5,1784,0.08117505393918274,0.13502691651475357
2018-03-01,rev_5,1793,-0.17457419361457752,-0.2207294871757889
2018-03-02,rev_5,1798,-0.12077946829052041,-0.1359599698552945
2018-03-05,rev_5,1807,-0.16331213300512695,-0.22493340709165138
2018-03-06,rev_5,1814,0.01780491642779997,-0.015193196798924849
2018-03-07,rev_5,1810,0.03184574951431016,0.059581155577564035
2018-03-08,rev_5,1813,0.004476883316918624,0.10152606106064713
2018-03-09,rev_5,1813,-0.0024556199887428272,-0.0007413426826421133
2018-03-12,rev_5,1805,-0.047925120334434274,-0.09627191862005455
2018-03-13,rev_5,1809,-0.0261827327055292,-0.03283896665772274
2018-03-14,rev_5,1809,0.04030010023477638,0.04678206243762465
2018-03-15,rev_5,1813,0.14234244924062792,0.1656297616400816
2018-03-16,rev_5,1813,0.10353521337809309,0.07375138528162335
2018-03-19,rev_5,1811,0.02239156535120031,-0.06612266341442907
2018-03-20,rev_5,1805,0.02135000331648033,-0.10933297905743054
2018-03-21,rev_5,1809,0.04279384006140079,-0.0788154898299124
2018-03-22,rev_5,1816,0.09839656621965868,0.01624280436461352
2018-03-23,rev_5,1816,0.2953011914111297,0.3165100375266628
2018-03-26,rev_5,1817,0.21068595633369275,0.14697947108469028
2018-03-27,rev_5,1813,0.06358921434645552,0.03798851644340493
2018-03-28,rev_5,1811,-0.13251595336445623,-0.1571276046503231
2018-03-29,rev_5,1815,0.03890738919789327,0.03684628335708731
2018-03-30,rev_5,1817,0.21081371446740443,0.21144089371906222
2018-04-02,rev_5,1824,0.19450874498254303,0.20195949198382587
2018-04-03,rev_5,1823,0.049346818429964225,0.0284550635593457
2018-04-04,rev_5,1815,0.04292708015334764,0.029653786230006907
2018-04-09,rev_5,1815,-0.17940046913386068,-0.14563790869378254
2018-04-10,rev_5,1813,0.022488814830056582,0.016605764427269465
2018-04-11,rev_5,1815,0.12064118575380486,0.08785820439239542
2018-04-12,rev_5,1821,0.08970247688053347,0.05938273948102941
2018-04-13,rev_5,1825,0.030455205876641474,0.0004173626243469597
2018-04-16,rev_5,1827,-0.005358788518141303,0.007500495637269552
2018-04-17,rev_5,1830,0.1531020920219579,0.1488483250654661
2018-04-18,rev_5,1824,-0.06121716536026471,-0.10577848987941998
2018-04-19,rev_5,1828,0.07916159723633127,0.0678404280818612
2018-04-20,rev_5,1818,0.02715857374787496,0.04483119250172749
2018-04-23,rev_5,1825,0.05642458928001243,0.06626145748752828
2018-04-24,rev_5,1824,0.07506641226800036,0.057660396900621684
2018-04-25,rev_5,1819,-0.02623967258075335,-0.031090810162862317
2018-04-26,rev_5,1815,0.05271428740744621,0.056621286917607885
2018-04-27,rev_5,1815,0.016562284232995987,0.05201558425011376
2018-05-02,rev_5,1825,-0.05003740910447209,-0.013896261965229736
2018-05-03,rev_5,1832,0.058520169076902,0.09873755207326194
2018-05-04,rev_5,1832,-0.059934542806700054,-0.0636320122223585
2018-05-07,rev_5,1825,-0.14703591387667245,-0.18849385778607927
2018-05-08,rev_5,1827,-0.13738318444823444,-0.20037547608809816
2018-05-09,rev_5,1835,-0.014075314898698805,-0.04190939802469928
2018-05-10,rev_5,1847,-0.15968808379881783,-0.19817533468540188
2018-05-11,rev_5,1846,-0.07874173216240588,0.005856525028718462
2018-05-14,rev_5,1853,-0.027797896256939462,0.016931863799974117
2018-05-15,rev_5,1850,-0.000996844061188388,0.04365149342824218
2018-05-16,rev_5,1846,0.0462297765543679,0.04162153884067835
2018-05-17,rev_5,1849,0.038843367006466,0.00021862989967986828
2018-05-18,rev_5,1854,-0.12711594853132882,-0.14240962641880978
2018-05-21,rev_5,1852,0.012598127346743737,-0.011909129707705515
2018-05-22,rev_5,1847,-0.0333679593033555,-0.025087820890963407
2018-05-23,rev_5,1843,0.06490281021824114,0.09642636586631347
2018-05-24,rev_5,1834,0.09996869769571626,0.10467086342470423
2018-05-25,rev_5,1837,0.09732451779935719,0.08660284773361512
2018-05-28,rev_5,1833,-0.11830895022753872,-0.08707844700124363
2018-05-29,rev_5,1833,-0.018670261245376612,0.012127517574111995
2018-05-30,rev_5,1830,0.05264372104938529,0.08983781345153223
2018-05-31,rev_5,1831,-0.07437379754055962,-0.04346688264389891
2018-06-01,rev_5,1829,-0.013263624508415069,0.02188386461008303
2018-06-04,rev_5,1837,-0.10623205318463122,-0.09584011304822676
2018-06-05,rev_5,1831,-0.18622419530816556,-0.20050448380859895
2018-06-06,rev_5,1825,-0.09296604010575642,-0.09573380014097119
2018-06-07,rev_5,1820,-0.12138738844342828,-0.13817540558052344
2018-06-08,rev_5,1809,-0.08547368395719532,-0.1270419486419244
2018-06-11,rev_5,1819,-0.059413537811184414,-0.07890288564417955
2018-06-12,rev_5,1822,-0.10857093995029851,-0.14351491975903702
2018-06-13,rev_5,1822,-0.13415493547567509,-0.1742865099889142
2018-06-14,rev_5,1825,-0.047064189961847684,-0.04192257025921834
2018-06-15,rev_5,1828,0.1298158135071619,0.21610835203618398
2018-06-19,rev_5,1834,0.21197337463534624,0.2557810944476527
2018-06-20,rev_5,1837,0.21645490037563386,0.3187650116422346
2018-06-21,rev_5,1840,0.21834991301894888,0.381231385770119
2018-06-22,rev_5,1844,0.17757204603020207,0.3005152246576046
2018-06-25,rev_5,1846,0.13328268004405103,0.27447986004496433
2018-06-26,rev_5,1848,-0.11803903026949741,-0.06973077281272291
2018-06-27,rev_5,1852,-0.08888545032097564,-0.06341729612374702
2018-06-28,rev_5,1851,-0.03496329613501291,-0.07556585109752174
2018-06-29,rev_5,1852,-0.02172085309910319,-0.09298535833026411
2018-07-02,rev_5,1855,0.10931577635709067,0.07953276185743723
2018-07-03,rev_5,1857,0.01305014856064964,0.040697872346141285
2018-07-04,rev_5,1859,0.04083284273807923,0.02110437547012823
2018-07-05,rev_5,1865,0.1398168613742434,0.15103549265567373
2018-07-06,rev_5,1870,0.12449070479533468,0.12083812216340534
2018-07-09,rev_5,1880,-0.03373426666895795,-0.016327581209665997
2018-07-10,rev_5,1887,0.07109356038238578,0.16154498958724736
2018-07-11,rev_5,1886,0.0021647316957795443,0.03091782232161938
2018-07-12,rev_5,1888,-0.02436905167806962,0.039685339205052114
2018-07-13,rev_5,1891,0.02700413540320889,0.09014965453265045
2018-07-16,rev_5,1896,0.06187039731918086,0.14063583075007796
2018-07-17,rev_5,1897,0.04060117114093354,0.1693404352893528
2018-07-18,rev_5,1897,0.061236795921867364,0.11484124320614615
2018-07-19,rev_5,1895,0.06096722281851092,0.08743162695253322
2018-07-20,rev_5,1894,0.04035743186099161,0.04609899201975826
2018-07-23,rev_5,1900,-0.05989673930225744,-0.06408600265622771
2018-07-24,rev_5,1902,-0.17235964699978107,-0.2011158415175805
2018-07-25,rev_5,1904,-0.13072083096960943,-0.158541690196047
2018-07-26,rev_5,1904,-0.01737291783816467,-0.12841053907741204
2018-07-27,rev_5,1907,-0.11319951880952228,-0.18218970340350532
2018-07-30,rev_5,1907,-0.2152546427352204,-0.25583837196953024
2018-07-31,rev_5,1908,-0.21621304259180998,-0.30848944314458865
2018-08-01,rev_5,1911,-0.028740413632268876,-0.10516707149547981
2018-08-02,rev_5,1910,0.07658578678514187,0.08027177956868121
2018-08-03,rev_5,1905,0.19503950694647876,0.24132543055797578
2018-08-06,rev_5,1909,0.24861413177076938,0.2797298480299097
2018-08-07,rev_5,1911,0.26687794520215996,0.2885842097746029
2018-08-08,rev_5,1912,0.23000077271583808,0.23226034678258087
2018-08-09,rev_5,1913,-0.042804853277043045,-0.053439392913086366
2018-08-10,rev_5,1913,-0.11535074817242935,-0.10524879784419745
2018-08-13,rev_5,1915,-0.16134017746727547,-0.17412567821699723
2018-08-14,rev_5,1920,-0.12847622921356702,-0.10930451303105329
2018-08-15,rev_5,1918,-0.08258557072428496,-0.07489997630440073
2018-08-16,rev_5,1919,0.05433541018955675,0.004445127092860673
2018-08-17,rev_5,1920,0.1715576984613693,0.18564562377374835
2018-08-20,rev_5,1918,0.15702967259292044,0.14496676823674448
2018-08-21,rev_5,1921,0.1113203499602718,0.065502408818336
2018-08-22,rev_5,1918,0.03576632652615391,0.025533898292789806
2018-08-23,rev_5,1918,-0.011584794751562348,-0.03133724384154791
2018-08-24,rev_5,1923,-0.055981667696564374,-0.08266519345375416
2018-08-27,rev_5,1925,-0.117554425379267,-0.18752399898948013
2018-08-28,rev_5,1928,-0.08893515054826699,-0.12895246789910653
2018-08-29,rev_5,1927,-0.0754181499037435,-0.097008625413052
2018-08-30,rev_5,1927,0.023757187762133123,-0.020358957161403173
2018-08-31,rev_5,1923,0.09575658635134489,0.04146353684477931
2018-09-03,rev_5,1926,0.008178608208270696,-0.07954375073077237
2018-09-04,rev_5,1927,-0.058320394958433455,-0.10234952009407142
2018-09-05,rev_5,1925,-0.05953566551253243,-0.11085094886662072
2018-09-06,rev_5,1929,-0.013035655691485775,-0.054128716517600484
2018-09-07,rev_5,1928,-0.043602587069723656,-0.06751847362521042
2018-09-10,rev_5,1929,-0.02537963297151915,-0.013981948493839273
2018-09-11,rev_5,1926,-0.015496368585536047,0.04010155363191377
2018-09-12,rev_5,1928,-0.013811418563956113,0.00674664440175908
2018-09-13,rev_5,1931,-0.008482196244513513,0.004864931452543563
2018-09-14,rev_5,1931,0.20647753702095017,0.20927130481234313
2018-09-17,rev_5,1933,0.23540386740576597,0.20041769421818775
2018-09-18,rev_5,1930,0.15361969034190262,0.04097956725573426
2018-09-19,rev_5,1931,0.11464140870874022,-0.02075970641316231
2018-09-20,rev_5,1934,0.016496731724106584,-0.0671095856181663
2018-09-21,rev_5,1938,-0.06283183061617491,-0.0797030976588535
2018-09-25,rev_5,1940,-0.043597798039213376,-0.03170543015896205
2018-09-26,rev_5,1934,-0.05827498834175132,-0.0875275523772356
2018-09-27,rev_5,1936,-0.19551547995760288,-0.29175775128854375
2018-09-28,rev_5,1933,-0.17722402259653747,-0.27110519693540913
2018-10-08,rev_5,1935,-0.19483780754989663,-0.263370499408556
2018-10-09,rev_5,1941,-0.12193295743628112,-0.16181895351918552
2018-10-10,rev_5,1939,0.05031854667669591,0.034696046496100676
2018-10-11,rev_5,1933,0.2465567211030492,0.21052615371114125
2018-10-12,rev_5,1931,0.249945833146159,0.23613757571922334
2018-10-15,rev_5,1931,0.16938744371789116,0.18013935276156057
2018-10-16,rev_5,1939,0.14295881665768723,0.16202768933744635
2018-10-17,rev_5,1937,0.11778839083060413,0.18727168681986417
2018-10-18,rev_5,1934,0.15253416891043262,0.26740068343651263
2018-10-19,rev_5,1935,0.02979184832536679,0.06045300097951678
2018-10-22,rev_5,1933,-0.0029894148272778163,0.03163883125248259
2018-10-23,rev_5,1931,-0.012642764621690174,0.01257495862619786
2018-10-24,rev_5,1930,0.050956075323464134,0.049530606145986054
2018-10-25,rev_5,1929,0.04145214586228623,0.02710781920805568
2018-10-26,rev_5,1932,0.015674109246402453,0.011267867472920136
2018-10-29,rev_5,1930,0.19285250854418673,0.23091390243083706
2018-10-30,rev_5,1930,0.16499429601300333,0.23083106725636954
2018-10-31,rev_5,1930,0.01666982152156569,0.00227365153707285
2018-11-01,rev_5,1928,-0.059563545724830455,-0.09674091897056411
2018-11-02,rev_5,1932,0.007800119707870368,-0.040902820038731115
2018-11-05,rev_5,1935,-0.14720195212856535,-0.12138763662444373
2018-11-06,rev_5,1936,-0.08472036267197512,-0.006744401369356796
2018-11-07,rev_5,1938,-0.1795229186955344,-0.1328470280830486
2018-11-08,rev_5,1942,-0.31096979523870044,-0.24879737709883382
2018-11-09,rev_5,1943,-0.2479183125718893,-0.11453489561525611
2018-11-12,rev_5,1947,-0.08843715697904705,0.07938063907342227
2018-11-13,rev_5,1946,-0.004212946830293529,0.04599729628169377
2018-11-14,rev_5,1949,-0.07510546881977961,-0.05833332645548386
2018-11-15,rev_5,1954,0.17633940888636848,0.25656795764094137
2018-11-16,rev_5,1955,0.1523916058096671,0.16209127426732214
2018-11-19,rev_5,1959,0.14720961802753393,0.04717540822195526
2018-11-20,rev_5,1961,0.24098556730599424,0.07347191182926342
2018-11-21,rev_5,1961,0.17928614762634518,0.06520160108870077
2018-11-22,rev_5,1967,0.2175416860894472,0.14932451788816342
2018-11-23,rev_5,1964,0.20174739189561816,0.20163132711955106
2018-11-26,rev_5,1968,0.20394935114546675,0.1777823744599653
2018-11-27,rev_5,1968,0.11464549711622138,0.0907732710491508
2018-11-28,rev_5,1969,0.08795535014600357,0.12166187731652854
2018-11-29,rev_5,1973,0.065208064561525,0.10967082679280088
2018-11-30,rev_5,1971,0.03824075238860491,-0.0026021596084975338
2018-12-03,rev_5,1970,-0.04867773304111356,-0.08374931270637209
2018-12-04,rev_5,1974,0.05961580569910004,0.021497353096717162
2018-12-05,rev_5,1977,0.01717280813899135,-0.035610633440432915
2018-12-06,rev_5,1979,0.03545776055769765,0.025670271991440178
2018-12-07,rev_5,1977,-0.016610201466917815,-0.019393037767104097
2018-12-10,rev_5,1975,0.010635546840825964,-0.04324681982614892
2018-12-11,rev_5,1977,-0.019721161885305784,-0.0431993950487402
2018-12-12,rev_5,1979,-0.07370774607952524,-0.08926729885160123
2018-12-13,rev_5,1982,0.04679812378161537,0.08155442314648816
2018-12-14,rev_5,1982,0.08578242471765259,0.15050524090792883
2018-12-17,rev_5,1979,-0.034004533735679784,0.07437520767913242
2018-12-18,rev_5,1975,0.06301929261635766,0.09090319356048944
2018-12-19,rev_5,1978,0.022011397001414877,-0.0421812557405361
2018-12-20,rev_5,1981,0.03927588928099233,-0.02137747322397508
2018-12-21,rev_5,1984,-0.10158850215184113,-0.10539480304727859
2018-12-24,rev_5,1980,0.012599858038663387,0.011602717495310636
2018-12-25,rev_5,1978,0.10561521101029743,0.1532653256085704
2018-12-26,rev_5,1977,0.08048094460413543,0.146303083094559
2018-12-27,rev_5,1980,0.14111208105528217,0.2683014085115043
2018-12-28,rev_5,1982,0.14186761400343198,0.30035891363809475
2019-01-02,rev_5,1982,0.05040125537324811,0.1424037036820854
2019-01-03,rev_5,1980,0.071565639436883,0.12355092272120304
2019-01-04,rev_5,1980,0.058290677551531646,0.058114201879975645
2019-01-07,rev_5,1981,0.03857514909269077,-0.028452427417490867
2019-01-08,rev_5,1983,0.0363723331076145,-0.018426042000282077
2019-01-09,rev_5,1988,0.05598370635145197,0.04298763121315712
2019-01-10,rev_5,1987,0.15408305131211514,0.12253156652931538
2019-01-11,rev_5,1986,0.1720761504131287,0.11683474399580152
2019-01-14,rev_5,1985,0.043873198833593544,0.0033890669933322763
2019-01-15,rev_5,1982,-0.04814023822834458,-0.06750941440250938
2019-01-16,rev_5,1984,-0.0071160986096841005,-0.07611049763410785
2019-01-17,rev_5,1985,-0.03660795802569954,-0.038987618345218286
2019-01-18,rev_5,1985,-0.09519782406340116,-0.1545337838015021
2019-01-21,rev_5,1984,-0.2034689175968143,-0.24048810218415856
2019-01-22,rev_5,1982,-0.052882292816954425,-0.20956455220451137
2019-01-23,rev_5,1981,-0.04902353936747951,-0.23765178039632337
2019-01-24,rev_5,1982,0.03169000171820565,-0.12801872222779745
2019-01-25,rev_5,1984,0.016915759025139993,-0.11218690120970398
2019-01-28,rev_5,1985,0.09513490964402191,0.053876548300051195
2019-01-29,rev_5,1984,0.13684452523568205,0.1621038027722732
2019-01-30,rev_5,1983,0.3379782430982007,0.438006608313917
2019-01-31,rev_5,1983,0.3789716179811557,0.5503780237295826
2019-02-01,rev_5,1984,0.3221817873263881,0.4454060147284424
2019-02-11,rev_5,1987,0.23318574030616768,0.3115635349035015
2019-02-12,rev_5,1982,0.05829675225896675,0.06991210535463382
2019-02-13,rev_5,1985,-0.08323994373983762,-0.0996224669975924
2019-02-14,rev_5,1985,-0.23691725474048875,-0.31399587212585306
2019-02-15,rev_5,1982,-0.17787613574239602,-0.20758557157755622
2019-02-18,rev_5,1985,-0.05780016617678037,-0.08376779847297942
2019-02-19,rev_5,1981,-0.09651971577686745,-0.09641258900015506
2019-02-20,rev_5,1981,0.02480785034420382,-0.009898133467143612
2019-02-21,rev_5,1985,0.07920886896802844,0.1371315736786459
2019-02-22,rev_5,1983,0.03123572380831726,0.20640776610927927
2019-02-25,rev_5,1982,-0.09968579196403828,-0.036977335763354754
2019-02-26,rev_5,1978,-0.1467457034574718,-0.06121316492586737
2019-02-27,rev_5,1976,-0.2816496978615658,-0.24430288131234254
2019-02-28,rev_5,1983,-0.0919471243465513,-0.07165002942696982
2019-03-01,rev_5,1980,0.0716598097297753,0.13357691803666183
2019-03-04,rev_5,1978,0.011902118195344029,0.11396305115428991
2019-03-05,rev_5,1975,-0.01842334424287612,-0.05646330793780114
2019-03-06,rev_5,1975,0.19752146085449596,0.17396748421887287
2019-03-07,rev_5,1979,0.35068729733937615,0.32279185268073857
2019-03-08,rev_5,1981,0.4349263520650273,0.5278463727654451
2019-03-11,rev_5,1979,0.45027800997227724,0.5132520546353501
2019-03-12,rev_5,1977,0.34673578986045156,0.4180269472009496
2019-03-13,rev_5,1974,0.08523387982255877,0.12047909016252241
2019-03-14,rev_5,1976,0.13102343143813766,0.22775526272504734
2019-03-15,rev_5,1969,0.033031475617353576,0.09313115461556909
2019-03-18,rev_5,1969,0.003584952887629942,-0.006503080165636291
2019-03-19,rev_5,1966,-0.062125441338055615,-0.09246920115547909
2019-03-20,rev_5,1966,0.006418412012556813,-0.06293435983379639
2019-03-21,rev_5,1966,0.16290921933287036,0.09101575492865843
2019-03-22,rev_5,1961,0.1458216720620566,0.1301330866695618
2019-03-25,rev_5,1962,0.1148810573199164,0.16275417132525627
2019-03-26,rev_5,1959,0.13986030936456834,0.13853294651710346
2019-03-27,rev_5,1960,0.08372061857827272,0.1013801565188314
2019-03-28,rev_5,1964,-0.040528120779454946,0.03042944514226334
2019-03-29,rev_5,1957,-0.02378229303319068,0.05197547941560037
2019-04-01,rev_5,1958,-0.015183984743071408,0.012210910516925938
2019-04-02,rev_5,1959,0.02895643478950521,0.09561176419430921
2019-04-03,rev_5,1955,0.06613939561565386,0.10000957784981757
2019-04-04,rev_5,1959,0.12078002522850813,0.17436693114591498
2019-04-08,rev_5,1958,0.014857051671437192,0.03308763483092591
2019-04-09,rev_5,1964,-0.019691340163097384,0.03711942424898398
2019-04-10,rev_5,1970,-0.004574959574160024,0.04334792231642542
2019-04-11,rev_5,1964,-0.05888577251441908,-0.01411338348467736
2019-04-12,rev_5,1966,-0.013296075067158209,0.0512417972860874
2019-04-15,rev_5,1966,0.034940864114856154,0.027894057121259218
2019-04-16,rev_5,1971,0.10246312193967397,0.03535620319048289
2019-04-17,rev_5,1970,0.09359409392135276,0.1041035422967587
2019-04-18,rev_5,1972,0.1009355540655344,0.11995994860504576
2019-04-19,rev_5,1960,0.23231634237642912,0.18800563077960855
2019-04-22,rev_5,1946,0.21385654730730705,0.2194730510787522
2019-04-23,rev_5,1961,0.0817329213600395,0.041929159190044446
2019-04-24,rev_5,1960,0.09087431689293052,0.09803782220794013
2019-04-25,rev_5,1961,0.08615688234118776,-0.0038973504914172506
2019-04-26,rev_5,1959,0.1449286845033775,0.10596687128915266
2019-04-29,rev_5,1944,0.08328066272561847,0.1067726644888123
2019-04-30,rev_5,1951,0.09621030241611107,0.17288307624860072
2019-05-06,rev_5,1972,0.13908473454100734,0.207374467126244
2019-05-07,rev_5,1963,0.009943488505872984,0.12584008585606143
2019-05-08,rev_5,1969,-0.10270049772602785,0.02687127630825234
2019-05-09,rev_5,1964,-0.22322647367851184,-0.17446899231257834
2019-05-10,rev_5,1949,-0.11773377810764617,-0.1387060824719377
2019-05-13,rev_5,1971,-0.16201695357030307,-0.101188085101858
2019-05-14,rev_5,1971,-0.16544346696513595,-0.15088201138145352
2019-05-15,rev_5,1970,-0.13943336258816802,-0.10868234042220284
2019-05-16,rev_5,1974,-0.016751859614020044,0.02449545137370871
2019-05-17,rev_5,1971,0.06453516230391663,0.1267366980101151
2019-05-20,rev_5,1969,-0.06554796647945996,-0.023882811768184475
2019-05-21,rev_5,1974,-0.19711975576093646,-0.04878285416954788
2019-05-22,rev_5,1972,-0.08176014795466524,0.008762146340356823
2019-05-23,rev_5,1973,-0.16340363930721577,-0.08258786597898087
2019-05-24,rev_5,1971,0.04234261114337038,-0.015048054384051091
2019-05-27,rev_5,1970,-0.011096990684151486,-0.027470070569381
2019-05-28,rev_5,1974,-0.04485930986079797,-0.1496334363552926
2019-05-29,rev_5,1976,-0.06175772604808378,-0.10451802651767539
2019-05-30,rev_5,1973,-0.08065185263022982,-0.09408298372579542
2019-05-31,rev_5,1975,-0.01723885492885592,0.026783632129172223
2019-06-03,rev_5,1976,-0.1699376853668513,-0.07029575655905358
2019-06-04,rev_5,1977,0.033600317215546856,0.15074544095400422
2019-06-05,rev_5,1979,-0.00976904160697542,0.09224089095482689
2019-06-06,rev_5,1976,0.04881702693031197,0.12580925556783576
2019-06-10,rev_5,1975,0.00022815524060129866,0.014278540062488115
2019-06-11,rev_5,1976,0.027042385974157656,0.053659808232537305
2019-06-12,rev_5,1975,0.01224569967423407,-0.012400221582797395
2019-06-13,rev_5,1975,0.022784225319130918,0.04694705443234358
2019-06-14,rev_5,1974,0.006498329664982485,0.06433644697859678
2019-06-17,rev_5,1974,-0.004459667062599672,0.04247597246560373
2019-06-18,rev_5,1973,0.05698166941487327,0.0587753498805179
2019-06-19,rev_5,1973,0.02554301411046293,-0.04137878694078232
2019-06-20,rev_5,1975,0.032062448285286184,-0.16820790250267734
2019-06-21,rev_5,1972,0.05954249794021167,-0.08909231263636815
2019-06-24,rev_5,1975,0.1404745235099729,-0.024156825449087004
2019-06-25,rev_5,1975,0.07275452008752499,-0.04362323362858668
2019-06-26,rev_5,1972,0.006744664584613056,-0.04595110452966453
2019-06-27,rev_5,1974,0.04923814549781228,0.018598335717795948
2019-06-28,rev_5,1973,-0.08493045415046668,-0.16189752175634484
2019-07-01,rev_5,1972,-0.009771105246582203,-0.06723209206893697
2019-07-02,rev_5,1976,-0.10224122708262642,-0.13658602100540262
2019-07-03,rev_5,1973,-0.0536979739583011,-0.10128447446810375
2019-07-04,rev_5,1975,-0.06784581109915687,-0.13687531080055276
2019-07-05,rev_5,1980,0.021074016846499323,0.008278238885237769
2019-07-08,rev_5,1978,0.074607632662331,0.08225837165813142
2019-07-09,rev_5,1980,-0.006134138702701082,0.045461000800657014
2019-07-10,rev_5,1980,-0.040659131974496034,-0.019484728018090616
2019-07-11,rev_5,1977,0.04707543198710038,0.05049841461129655
2019-07-12,rev_5,1981,-0.056938104025069804,-0.17582212320654594
2019-07-15,rev_5,1980,-0.032429212626625924,-0.08693940672555452
2019-07-16,rev_5,1977,-0.04732860204105802,-0.1186551943628817
2019-07-17,rev_5,1980,0.00854356190037366,-0.03227395035722828
2019-07-18,rev_5,1978,0.00625752574169202,-0.00034612633206129755
2019-07-19,rev_5,1981,0.07007659115997227,0.08260372853586007
2019-07-22,rev_5,1979,0.16366558938554318,0.1450574247244104
2019-07-23,rev_5,1977,0.06979646460181653,0.0005692205878113587
2019-07-24,rev_5,1976,-0.0551249767701695,-0.09161931614350587
2019-07-25,rev_5,1976,-0.06326587464593501,-0.0640368963727092
2019-07-26,rev_5,1976,0.026370392237687234,-0.019518749753184208
2019-07-29,rev_5,1979,-0.15988714672524065,-0.11188176616762217
2019-07-30,rev_5,1978,-0.03635628885593417,-0.01501865728237865
2019-07-31,rev_5,1975,-0.05261721419982264,-0.08433084564523773
2019-08-01,rev_5,1976,0.05062395979938307,0.031161096338715635
2019-08-02,rev_5,1975,-0.04341390803117391,-0.017333943875963983
2019-08-05,rev_5,1975,0.07871550128672342,0.09945695447955012
2019-08-06,rev_5,1973,0.05306529131551406,0.050242514848498995
2019-08-07,rev_5,1975,0.061647385834503965,0.06629583394672856
2019-08-08,rev_5,1975,0.011372719568000891,0.059038256255945255
2019-08-09,rev_5,1971,0.032294110621071126,0.09356843190002663
2019-08-12,rev_5,1973,0.03532964443891962,0.03424942024625817
2019-08-13,rev_5,1975,0.05871958544709415,0.04618815818283119
2019-08-14,rev_5,1974,0.04099024234465134,0.025197229422868696
2019-08-15,rev_5,1976,0.012600846919760647,0.01190000998308737
2019-08-16,rev_5,1973,0.024600731080976383,-0.005436662661291317
2019-08-19,rev_5,1973,-0.02551131683549527,-0.06060114574082704
2019-08-20,rev_5,1976,0.035963472033753344,0.02251523003659543
2019-08-21,rev_5,1975,0.05072476249427592,0.04591949123377201
2019-08-22,rev_5,1978,0.08479317757228787,0.08720830535320376
2019-08-23,rev_5,1977,0.08290164506953848,0.0603632991835506
2019-08-26,rev_5,1977,0.09228521243249069,0.09935884543090169
2019-08-27,rev_5,1978,0.03627704221486437,0.07975714813887241
2019-08-28,rev_5,1979,0.13360053930341712,0.16294030780301477
2019-08-29,rev_5,1978,0.09325092892881319,0.1314315171023621
2019-08-30,rev_5,1978,0.12277566250726785,0.23652339592433508
2019-09-02,rev_5,1976,0.0545373049631853,0.10114602780137534
2019-09-03,rev_5,1978,0.029475103545225183,0.1487910462299635
2019-09-04,rev_5,1978,0.018475253761732865,0.03534052059853187
2019-09-05,rev_5,1978,-0.03461203819629579,-0.022089712756788147
2019-09-06,rev_5,1979,0.0857416307946785,0.1694426334208325
2019-09-09,rev_5,1977,0.04589061497880793,0.045368302582021076
2019-09-10,rev_5,1976,0.01270523218393106,0.02362056717775712
2019-09-11,rev_5,1977,0.09410315435782349,0.11678663886492614
2019-09-12,rev_5,1978,0.07620636185813444,0.10283448702744973
2019-09-16,rev_5,1977,0.08713336345405388,0.08093484515961699
2019-09-17,rev_5,1980,0.10188803315044193,0.08116233437285986
2019-09-18,rev_5,1974,-0.049508042103751815,-0.14189036034673977
2019-09-19,rev_5,1975,-0.0069457318311608824,-0.03549607072058055
2019-09-20,rev_5,1978,0.10433636763661318,0.037413839346929274
2019-09-23,rev_5,1975,0.08928823117518116,-0.002798276824417947
2019-09-24,rev_5,1973,0.20891639391458855,0.19237551687105892
2019-09-25,rev_5,1973,0.18455001954463712,0.17883274452579764
2019-09-26,rev_5,1973,0.03607804302426857,0.03533090728718157
2019-09-27,rev_5,1976,0.04945414000620317,0.13314817811973093
2019-09-30,rev_5,1977,0.0323095673122633,0.03662322074862367
2019-10-08,rev_5,1972,-0.05575859440519062,-0.08772850827981936
2019-10-09,rev_5,1971,-0.023714336940186088,-0.09345846262589863
2019-10-10,rev_5,1973,0.017496811224175606,0.0013623161892888716
2019-10-11,rev_5,1972,-0.06255482004448899,-0.14371643177528617
2019-10-14,rev_5,1976,-0.0037630089034735494,-0.011305297881610039
2019-10-15,rev_5,1974,-0.0059686947016396414,0.038169741312142215
2019-10-16,rev_5,1972,-0.02008724756220331,-0.00580447279522732
2019-10-17,rev_5,1974,0.09166020875602804,0.04252750471498718
2019-10-18,rev_5,1974,0.07398394552226228,0.09050142192902552
2019-10-21,rev_5,1973,0.02122590368349081,0.026954130150421297
2019-10-22,rev_5,1973,-0.06387426525612307,-0.03268673759555511
2019-10-23,rev_5,1974,-0.02312982488345916,0.018704581777900627
2019-10-24,rev_5,1971,0.0290210327748764,0.08006017291258052
2019-10-25,rev_5,1972,-0.03507062007312256,0.02364811383733281
2019-10-28,rev_5,1974,0.08063130278348901,0.11589642339559873
2019-10-29,rev_5,1968,0.155993161087894,0.10455072570207187
2019-10-30,rev_5,1971,-0.06703241752761353,-0.06878966486305096
2019-10-31,rev_5,1973,-0.02268793407296912,-0.11520247506820043
2019-11-01,rev_5,1972,0.018811052713118784,-0.10613840107794276
2019-11-04,rev_5,1975,-0.047579729206877516,-0.0941204553561083
2019-11-05,rev_5,1970,-0.007205046971930636,-0.01876969540727197
2019-11-06,rev_5,1970,-0.027886922859544267,-0.06624488988013282
2019-11-07,rev_5,1973,-0.06498266914203688,-0.08872871113798672
2019-11-08,rev_5,1974,-0.03257628790071977,-0.023340668976195467
2019-11-11,rev_5,1974,0.03417522679963826,0.045773201954105606
2019-11-12,rev_5,1971,0.05532079582104348,0.07070797651800644
2019-11-13,rev_5,1969,0.10524932798909335,0.07072725451448143
2019-11-14,rev_5,1972,0.08661304362916948,0.0631862989052706
2019-11-15,rev_5,1973,0.14738811631836404,0.11701225094299664
2019-11-18,rev_5,1973,0.126359100124336,0.09243818889125702
2019-11-19,rev_5,1974,0.10507830783464435,0.12032776593203098
2019-11-20,rev_5,1968,0.08128404154208374,0.08692978600401711
2019-11-21,rev_5,1972,0.08701190898198405,0.04722591406180677
2019-11-22,rev_5,1970,0.1166311573850339,0.10280203546543352
2019-11-25,rev_5,1971,0.16685707597836977,0.12244105063423487
2019-11-26,rev_5,1969,0.11845611423474109,0.09277639981359773
2019-11-27,rev_5,1969,0.10771292133436706,0.14251103762191086
2019-11-28,rev_5,1967,0.14482120548119654,0.23088771754548426
2019-11-29,rev_5,1968,0.06553162331100286,0.1588851235997848
2019-12-02,rev_5,1969,-0.19333011275627734,-0.033547271652008125
2019-12-03,rev_5,1967,-0.13274860418643633,-0.020672104905062674
2019-12-04,rev_5,1966,-0.06805344566803896,0.038005625864009185
2019-12-05,rev_5,1969,-0.14683680107584887,-0.0692079032786232
2019-12-06,rev_5,1968,-0.26928990414812337,-0.23431158987489273
2019-12-09,rev_5,1968,-0.12814335465256801,-0.07280477274696567
2019-12-10,rev_5,1967,-0.16332360766359658,-0.06423140801285294
2019-12-11,rev_5,1965,-0.026273561975582532,0.05441163403337482
2019-12-12,rev_5,1966,0.013859666014983611,0.23221008184442912
2019-12-13,rev_5,1968,0.12277003247663985,0.21749905258323557
2019-12-16,rev_5,1969,0.05781221739971994,0.10671770461413083
2019-12-17,rev_5,1965,-0.01444020358175291,-0.0027020871375559394
2019-12-18,rev_5,1966,-0.10954944200599054,-0.03812190399121668
2019-12-19,rev_5,1967,-0.007306824597473337,0.04237528153075166
2019-12-20,rev_5,1970,0.03951613071335551,0.052798896503334844
2019-12-23,rev_5,1974,0.0391169924559547,0.023260168846440922
2019-12-24,rev_5,1972,0.008726485302225551,0.043884955579873985
2019-12-25,rev_5,1969,0.00903711308778737,0.09557014771169264
2019-12-26,rev_5,1969,-0.030212999870617638,0.03822333784729482
2019-12-27,rev_5,1968,0.01628681063077555,0.1388904992174171
2019-12-30,rev_5,1968,-0.00601076080231811,0.1335422592750419
2019-12-31,rev_5,1970,0.10397985104606544,0.25057013363127784
2020-01-02,rev_5,1967,0.07622340073178856,0.16094905737156354
2020-01-03,rev_5,1971,0.085641573672554,0.10472113361438051
2020-01-06,rev_5,1970,-0.02385133784238325,-0.0034771869357719015
2020-01-07,rev_5,1970,0.020076140239129583,0.04777526268843555
2020-01-08,rev_5,1971,0.04552533633637794,0.15010616022953494
2020-01-09,rev_5,1969,-0.005372150930826337,0.0433695522706621
2020-01-10,rev_5,1970,0.010542759820802054,0.02940067798859034
2020-01-13,rev_5,1973,-0.11177721495248476,-0.10518050664524081
2020-01-14,rev_5,1974,-0.11641835329292369,-0.10134009681609218
2020-01-15,rev_5,1974,-0.11281762785204176,-0.06273999146307545
2020-01-16,rev_5,1974,-0.05798723300443408,-0.05770340253483456
2020-01-17,rev_5,1971,-0.12888217758513607,-0.15092253040844428
2020-01-20,rev_5,1973,-0.25814374099204224,-0.23040731936052103
2020-01-21,rev_5,1976,-0.41387906239134614,-0.28827699957859937
2020-01-22,rev_5,1976,-0.29614771148032193,-0.26355735636617267
2020-01-23,rev_5,1977,-0.12601076865774072,-0.06379024562611099
2020-02-03,rev_5,1976,0.20021616990479235,0.24212314991038
2020-02-04,rev_5,1976,0.25083918464080923,0.28218898158920885
2020-02-05,rev_5,1977,0.33445011506283173,0.2848543505637148
2020-02-06,rev_5,1981,0.3885011497223024,0.3354489044350891
2020-02-07,rev_5,1981,0.27396639017457547,0.26356219615725307
2020-02-10,rev_5,1979,-0.10701540132865986,-0.07111058681429179
2020-02-11,rev_5,1980,-0.07757791460021905,-0.0926830379963433
2020-02-12,rev_5,1981,-0.12163397382798953,-0.13846936716356442
2020-02-13,rev_5,1981,-0.1260548427432572,-0.0896709994104414
2020-02-14,rev_5,1982,-0.06244300859510429,-0.003710440813991804
2020-02-17,rev_5,1980,-0.12374856908842274,-0.0838660003153667
2020-02-18,rev_5,1980,-0.10640529703274966,-0.13708190933610082
2020-02-19,rev_5,1979,0.014524706550269398,0.005144285071472712
2020-02-20,rev_5,1980,0.22949751750647596,0.26254941992747216
2020-02-21,rev_5,1979,0.24191353752951006,0.26902183459054774
2020-02-24,rev_5,1978,0.3273406310928509,0.33410115872426366
2020-02-25,rev_5,1975,0.2649710865945279,0.2109356790143558
2020-02-26,rev_5,1977,0.1453572410450424,0.10387706331268158
2020-02-27,rev_5,1975,0.08787055402882055,0.03039847723340564
2020-02-28,rev_5,1975,-0.06211687641870126,-0.022036905291896836
2020-03-02,rev_5,1975,-0.04725055862199238,-0.037978471720066034
2020-03-03,rev_5,1972,-0.06244135027280137,-0.04054603585150152
2020-03-04,rev_5,1974,-0.04275536603966571,-0.02243845923559206
2020-03-05,rev_5,1972,-0.028067116091444872,-0.07355523566478668
2020-03-06,rev_5,1971,0.05651174148042142,0.013397088273205973
2020-03-09,rev_5,1969,0.008233186798694071,-0.04971555503956722
2020-03-10,rev_5,1969,0.05980158637427032,0.00531123981785325
2020-03-11,rev_5,1968,0.12652796203526742,0.0876153126125045
2020-03-12,rev_5,1969,0.20992530176413068,0.12664771324584237
2020-03-13,rev_5,1969,0.11389015333968047,0.0867285918990567
2020-03-16,rev_5,1968,0.1704316719090934,0.13146983147491578
2020-03-17,rev_5,1967,0.21524994323490326,0.14902368200414734
2020-03-18,rev_5,1966,0.208557232748569,0.11517581220546672
2020-03-19,rev_5,1967,0.26784440728242753,0.14836132192961557
2020-03-20,rev_5,1968,0.1691318916303746,0.11144229265951243
2020-03-23,rev_5,1968,0.160232248197598,0.1248604068358477
2020-03-24,rev_5,1968,0.07748658388300951,0.008254963317981038
2020-03-25,rev_5,1968,0.10944116775192497,0.11475878711798815
2020-03-26,rev_5,1969,-0.10055926542585915,-0.059595292648009335
2020-03-27,rev_5,1967,0.014516242912417564,0.17855144905621526
2020-03-30,rev_5,1970,0.1546786718891691,0.3532113043487573
2020-03-31,rev_5,1970,0.13854252205576686,0.32265965237722943
2020-04-01,rev_5,1971,-0.028590384701458325,0.0012884618032643605
2020-04-02,rev_5,1970,0.14111133517537103,0.11337009259067282
2020-04-03,rev_5,1967,0.21431828563880975,0.12843276087331795
2020-04-07,rev_5,1963,0.16957778596632406,0.10260436161531385
2020-04-08,rev_5,1968,0.1026135872227283,0.09542740113809542
2020-04-09,rev_5,1970,0.030676066721033374,0.04047272673038519
2020-04-10,rev_5,1969,0.044394792978898055,0.10096533810389957
2020-04-13,rev_5,1967,0.011814350435451733,0.045401832307652226
2020-04-14,rev_5,1962,0.04962557651402069,0.11281247051103288
2020-04-15,rev_5,1963,0.018100837791326145,0.05798713202354646
2020-04-16,rev_5,1967,-0.0688878207150173,-0.06080872527016662
2020-04-17,rev_5,1969,0.0301965335662794,0.01767758420241579
2020-04-20,rev_5,1955,0.028318172345026295,0.02062329387721016
2020-04-21,rev_5,1944,0.05792158381799579,0.008681798638278839
2020-04-22,rev_5,1937,0.057305063483383704,0.015195329510338333
2020-04-23,rev_5,1953,0.13987818677574418,0.1032472672967
2020-04-24,rev_5,1958,0.14469450917104865,0.12905588866847098
2020-04-27,rev_5,1951,0.18193533256121414,0.2329743978859819
2020-04-28,rev_5,1933,0.1440618633362709,0.2365942297462412
2020-04-29,rev_5,1926,0.03427055436275822,0.10635737297689174
2020-04-30,rev_5,1940,-0.021022218907919717,-0.0018316134106796484
2020-05-06,rev_5,1958,-0.09985036123170345,-0.08104576606390362
2020-05-07,rev_5,1962,-0.14422527151911352,-0.1497614300458899
2020-05-08,rev_5,1951,-0.047908421771433715,0.005509694215863255
2020-05-11,rev_5,1942,-0.1170250051031885,-0.05117184005045774
2020-05-12,rev_5,1942,-0.15242710980845295,-0.031441601590528945
2020-05-13,rev_5,1956,-0.1280998442837758,-0.0228700945078746
2020-05-14,rev_5,1962,-0.058337645787692564,-0.0073606255944296105
2020-05-15,rev_5,1962,-0.048437673600522535,-0.016311954588491686
2020-05-18,rev_5,1961,-0.05595566101087558,-0.045234554528038484
2020-05-19,rev_5,1956,-0.04900571539695512,-0.04836785149004843
2020-05-20,rev_5,1957,-0.04901407463691361,-0.0225360838206025
2020-05-21,rev_5,1959,-0.08065811847405939,-0.02305676150865629
2020-05-22,rev_5,1957,-0.028810467425406095,0.16368364982171757
2020-05-25,rev_5,1957,0.022218099768216128,0.08381800491404273
2020-05-26,rev_5,1953,0.029681560423297667,0.11695232126022759
2020-05-27,rev_5,1952,0.0469884082025274,0.05329194707454908
2020-05-28,rev_5,1952,0.11061705966011401,0.16768797786216258
2020-05-29,rev_5,1952,0.11291483673749945,0.09886990356529311
2020-06-01,rev_5,1953,-0.04641722910366284,-0.045793662447936756
2020-06-02,rev_5,1955,0.041770935321334815,-0.027459025426785036
2020-06-03,rev_5,1951,0.07347584840995042,-0.009477965127671023
2020-06-04,rev_5,1953,0.025786895400461855,0.045623315709639026
2020-06-05,rev_5,1953,0.06727429157861411,0.0705044824835123
2020-06-08,rev_5,1955,-0.02043160552399566,0.07235472269044126
2020-06-09,rev_5,1959,-0.07254850508144654,0.015531660142317494
2020-06-10,rev_5,1958,-0.09651222956951098,-0.014881704231189594
2020-06-11,rev_5,1958,-0.04269133089281974,0.05669780307145614
2020-06-12,rev_5,1955,0.005306439930011762,0.1126854975913336
2020-06-15,rev_5,1958,-0.026306767653609935,0.020633513242072014
2020-06-16,rev_5,1957,0.021908105249355842,0.04732098173055173
2020-06-17,rev_5,1957,-0.06875021096578926,0.0004869908963683635
2020-06-18,rev_5,1950,-0.114075560526784,-0.08641443939575016
2020-06-19,rev_5,1954,-0.07648157865934747,-0.10189543437836472
2020-06-22,rev_5,1954,-0.07068544707848051,-0.1200969226875733
2020-06-23,rev_5,1954,-0.04129249401336721,-0.02031994945016797
2020-06-24,rev_5,1956,-0.09230368749123058,-0.07372263849665504
2020-06-29,rev_5,1948,0.02423631741934237,0.12528145140490884
2020-06-30,rev_5,1949,0.005553406143486624,0.0987981149738894
2020-07-01,rev_5,1955,-0.027440889288206833,0.10983591737105658
2020-07-02,rev_5,1955,-0.14249783979884126,-0.021874423016484682
2020-07-03,rev_5,1953,-0.03431170184250063,0.07371829152692412
2020-07-06,rev_5,1955,-0.01842600085263881,0.009978959089176894
2020-07-07,rev_5,1948,0.11038133927433749,0.20377702706684903
2020-07-08,rev_5,1956,0.14946858932397875,0.22750041004462443
2020-07-09,rev_5,1958,0.1691445680043936,0.23781903817930997
2020-07-10,rev_5,1956,0.15689366069301705,0.22749984906448067
2020-07-13,rev_5,1955,0.12686992180164344,0.17766084691650677
2020-07-14,rev_5,1955,-0.03697739705156638,-0.015996253142098533
2020-07-15,rev_5,1956,-0.18392434489504766,-0.1628526724942344
2020-07-16,rev_5,1955,-0.11983621127136189,-0.07871117637969452
2020-07-17,rev_5,1955,-0.1520151806511231,-0.14764856737737958
2020-07-20,rev_5,1954,-0.19299935014084177,-0.1662015528745877
2020-07-21,rev_5,1957,-0.1696806600071742,-0.11739503883948542
2020-07-22,rev_5,1957,-0.09809592725279632,-0.03771467056450995
2020-07-23,rev_5,1956,-0.16868659435684424,-0.11288928258033407
2017-02-07,std_20,1803,-0.15903880151159422,-0.21788363483945206
2017-02-08,std_20,1800,-0.18619306796574006,-0.26537543218568027
2017-02-09,std_20,1800,-0.14883297461109152,-0.22293233000740814
2017-02-10,std_20,1793,-0.2241376837491741,-0.29548918197476365
2017-02-13,std_20,1793,-0.16079114881535708,-0.20653730056956424
2017-02-14,std_20,1794,-0.060836875249337286,-0.08631978704472798
2017-02-15,std_20,1796,-0.08982153819062848,-0.072415568444885
2017-02-16,std_20,1799,-0.039978756178784214,0.020707475037007633
2017-02-17,std_20,1795,-0.006451253095848641,0.07089343462935048
2017-02-20,std_20,1791,-0.09807118616334823,-0.05084966612777318
2017-02-21,std_20,1793,-0.08390427437164298,-0.0567497413905518
2017-02-22,std_20,1796,-0.11391274076971358,-0.10463670402346337
2017-02-23,std_20,1794,-0.1104809074279423,-0.08698639098320798
2017-02-24,std_20,1793,-0.09702667291970926,-0.033420390395872364
2017-02-27,std_20,1798,-0.15715535319691007,-0.07792551679799788
2017-02-28,std_20,1799,-0.19064916003167726,-0.13665233238610963
2017-03-01,std_20,1806,-0.1460482183675055,-0.12616324813389249
2017-03-02,std_20,1807,-0.0634103988540722,-0.09722193083856222
2017-03-03,std_20,1801,-0.07331587072407646,-0.09033310214703869
2017-03-06,std_20,1802,0.05212479066354308,0.003975359813357573
2017-03-07,std_20,1804,0.041914502486533445,-0.005805010908457662
2017-03-08,std_20,1804,0.09843285648308868,0.07320618164125745
2017-03-09,std_20,1804,0.04579406175506763,-0.01853804879391693
2017-03-10,std_20,1795,0.04152905562215381,-0.07145938552566099
2017-03-13,std_20,1795,-0.03365679242458647,-0.052838652089168325
2017-03-14,std_20,1798,0.0020729409093321813,-0.012886634783717297
2017-03-15,std_20,1799,0.010131370682225407,-0.029403171546907282
2017-03-16,std_20,1801,0.011016507514672045,-0.011324783476685316
2017-03-17,std_20,1798,0.04398638418894825,0.029030468903763065
2017-03-20,std_20,1797,0.031459263022962924,-0.030682994888669785
2017-03-21,std_20,1802,-0.03463685857881768,-0.06240532819265345
2017-03-22,std_20,1801,-0.1372920066742534,-0.1599080090846373
2017-03-23,std_20,1803,-0.12538471302172755,-0.15863315995649474
2017-03-24,std_20,1797,-0.10061072146117311,-0.09382478088649111
2017-03-27,std_20,1794,-0.0836268164721409,-0.07240524428996335
2017-03-28,std_20,1793,-0.12598106152426236,-0.10183634936669078
2017-03-29,std_20,1790,-0.13063184677694265,-0.14632042513635826
2017-03-30,std_20,1790,-0.11902161278007146,-0.16071965861029586
2017-03-31,std_20,1797,-0.18242233258419338,-0.2998378707016091
2017-04-05,std_20,1783,-0.11297148246206079,-0.21505685072340658
2017-04-06,std_20,1774,-0.12710528617674874,-0.2318145046298788
2017-04-07,std_20,1775,-0.14733923405385088,-0.23471846709939317
2017-04-10,std_20,1777,-0.20833084130732388,-0.26618022271259784
2017-04-11,std_20,1775,-0.053292367693778604,-0.11084381155997199
2017-04-12,std_20,1758,-0.1998019891324836,-0.2109478184215237
2017-04-13,std_20,1752,-0.26210035323949454,-0.24450412723443296
2017-04-14,std_20,1749,-0.25667822318996975,-0.2314615442642504
2017-04-17,std_20,1750,-0.24371734184086832,-0.22705988232728075
2017-04-18,std_20,1753,-0.22885786995484975,-0.24858112060847656
2017-04-19,std_20,1743,-0.06795833401753536,-0.11450047790704602
2017-04-20,std_20,1734,0.1441046363080881,0.06470020388263158
2017-04-21,std_20,1730,0.37901451705143896,0.32380647224766607
2017-04-24,std_20,1740,0.2918699964912334,0.28867845344145354
2017-04-25,std_20,1736,0.24687205589149777,0.2388645623619249
2017-04-26,std_20,1742,0.1415294058630003,0.05165677552812901
2017-04-27,std_20,1739,-0.18272876650503952,-0.21759271105745462
2017-04-28,std_20,1738,-0.2713494417413538,-0.25176946364869685
2017-05-02,std_20,1738,-0.3019204402979809,-0.28109438624404204
2017-05-03,std_20,1737,-0.2639910583742977,-0.23562801862534907
2017-05-04,std_20,1729,-0.18726252667224422,-0.173687143614323
2017-05-05,std_20,1728,0.02098680204887228,0.0018019244050485632
2017-05-08,std_20,1725,0.1246061517397432,0.07717508846897349
2017-05-09,std_20,1726,0.3291291795202826,0.2585028239732041
2017-05-10,std_20,1727,0.18190201031696374,0.15649461127255507
2017-05-11,std_20,1735,0.11811056753943121,0.11887660868413762
2017-05-12,std_20,1738,-0.022302347204233075,-0.04531530635136231
2017-05-15,std_20,1739,-0.32177296602907746,-0.3638043445595405
2017-05-16,std_20,1750,-0.29232802927746404,-0.33121305100023496
2017-05-17,std_20,1751,-0.21886763403968504,-0.300203679683262
2017-05-18,std_20,1750,-0.22093317038008806,-0.283891133312809
2017-05-19,std_20,1752,-0.19790754471212788,-0.24737096373726336
2017-05-22,std_20,1751,-0.19675696159168019,-0.2445997627734622
2017-05-23,std_20,1751,-0.20449523421895244,-0.24551190383173052
2017-05-24,std_20,1752,-0.12978026065653497,-0.14207688380360634
2017-05-25,std_20,1754,-0.18634103375581346,-0.14842992674630606
2017-05-26,std_20,1760,0.07101893098064427,0.11926717939881575
2017-05-31,std_20,1765,0.32642071851123333,0.40378252881366455
2017-06-01,std_20,1768,0.184241284667077,0.2561276698108577
2017-06-02,std_20,1773,-0.03907898066989672,-0.08043933079270736
2017-06-05,std_20,1773,0.10795226168437483,0.0744564223270985
2017-06-06,std_20,1773,-0.011036059817076099,-0.04510467335380914
2017-06-07,std_20,1767,0.051366003650249126,0.10698152452044392
2017-06-08,std_20,1768,0.07524115977960842,0.11126419530344818
2017-06-09,std_20,1764,0.169155474391444,0.2518981763930268
2017-06-12,std_20,1765,0.09466607289592537,0.17591700697379273
2017-06-13,std_20,1768,0.03674093649524106,0.08767954069656363
2017-06-14,std_20,1763,-0.2798469040064438,-0.3128670444987791
2017-06-15,std_20,1762,-0.29474824296597074,-0.329538439750943
2017-06-16,std_20,1764,-0.28201102840700504,-0.3293222118096438
2017-06-19,std_20,1767,-0.29283070963447766,-0.3132575675514273
2017-06-20,std_20,1767,-0.2904507966962881,-0.3225598571271986
2017-06-21,std_20,1767,-0.09140862331245812,-0.0836889412834284
2017-06-22,std_20,1764,-0.15248467150923672,-0.1627720615875706
2017-06-23,std_20,1765,-0.06575822817150746,-0.07488425817065783
2017-06-26,std_20,1770,0.005526475948451883,-0.00867819280596576
2017-06-27,std_20,1769,0.09656064056418161,0.10076224387377444
2017-06-28,std_20,1769,0.13034607925146513,0.09732353881775112
2017-06-29,std_20,1768,0.11996027663354342,0.0731796447963639
2017-06-30,std_20,1761,-0.012471253440770687,-0.09681729176655483
2017-07-03,std_20,1766,-0.11283553553269844,-0.20985209385706705
2017-07-04,std_20,1761,-0.09869770411057942,-0.20059680700618118
2017-07-05,std_20,1759,-0.19661458404569543,-0.2578300101207015
2017-07-06,std_20,1762,-0.2099438942675776,-0.2574904994562959
2017-07-07,std_20,1760,-0.2678132571011767,-0.3134109105466249
2017-07-10,std_20,1756,-0.1161668384866243,-0.19180502620689277
2017-07-11,std_20,1758,-0.10449422478025584,-0.176080229119549
2017-07-12,std_20,1759,-0.035431915654577775,-0.11000099759557389
2017-07-13,std_20,1766,0.03105903161850628,-0.049739640807339704
2017-07-14,std_20,1768,0.11766824863438805,0.10581276658041738
2017-07-17,std_20,1767,0.04691053011359761,0.0022642447440062675
2017-07-18,std_20,1771,0.04232835483523554,-0.005554075397779349
2017-07-19,std_20,1774,0.08247061807663722,0.12712340985597823
2017-07-20,std_20,1775,0.13378409900713345,0.13256322158649128
2017-07-21,std_20,1775,0.21380322070169142,0.1821265140518168
2017-07-24,std_20,1774,0.14379876089420515,0.14137251392374187
2017-07-25,std_20,1775,0.049057043390454524,0.002115259934952532
2017-07-26,std_20,1776,0.09786927137868531,-0.01842173059880869
2017-07-27,std_20,1772,-0.0045401085192073535,-0.047764907121334466
2017-07-28,std_20,1769,-0.07041533264354047,-0.08199391000782126
2017-07-31,std_20,1769,0.04725858399870821,0.03931924213599111
2017-08-01,std_20,1772,0.11475603222640661,0.09167082924068172
2017-08-02,std_20,1774,0.026244004313191058,-0.0621767881346575
2017-08-03,std_20,1774,-0.06776476387280418,-0.1323372271832976
2017-08-04,std_20,1773,-0.03414098818410756,-0.048293501953249086
2017-08-07,std_20,1771,-0.06167230045985595,-0.06768515084658945
2017-08-08,std_20,1775,-0.08670355430136488,-0.017084342305829933
2017-08-09,std_20,1773,-0.029631350087654742,0.03934484691682729
2017-08-10,std_20,1775,0.056487040130585364,0.10451559825487775
2017-08-11,std_20,1780,0.017561020877970696,0.02180862898765119
2017-08-14,std_20,1779,-0.07754815841994853,-0.10082669916661528
2017-08-15,std_20,1779,-0.16659759745099176,-0.20351715659378738
2017-08-16,std_20,1775,-0.2714834797670516,-0.3403234792066909
2017-08-17,std_20,1776,-0.11059132778946999,-0.17922229953906735
2017-08-18,std_20,1779,-0.15597288239853396,-0.20270686172328092
2017-08-21,std_20,1783,-0.11877744297138418,-0.16562366063900769
2017-08-22,std_20,1782,0.20228612833711518,0.10097057171206703
2017-08-23,std_20,1782,0.3203893463902005,0.2180740532279504
2017-08-24,std_20,1791,0.36680765223999395,0.25440970574335553
2017-08-25,std_20,1790,0.35467646370267464,0.2722212459831944
2017-08-28,std_20,1790,0.2905152302842699,0.22713078368318926
2017-08-29,std_20,1795,0.20029780442779344,0.1548539843851464
2017-08-30,std_20,1790,0.04329956285047137,-0.010709029892942267
2017-08-31,std_20,1787,-0.06911889586514765,-0.12855143532453522
2017-09-01,std_20,1786,0.017179392120038776,-0.09368661363034994
2017-09-04,std_20,1787,0.08373906900412502,-0.005522305566262851
2017-09-05,std_20,1791,0.06717004405918295,-0.03540526421065421
2017-09-06,std_20,1787,0.08342092812173418,0.010174680522069624
2017-09-07,std_20,1790,-0.08867027958742676,-0.1289064332232475
2017-09-08,std_20,1786,-0.15879817861288142,-0.18891172721873184
2017-09-11,std_20,1790,-0.20896031527226533,-0.23393720417261546
2017-09-12,std_20,1788,-0.13794054833473388,-0.1799599836357061
2017-09-13,std_20,1787,-0.23447991452128253,-0.23999431283686828
2017-09-14,std_20,1789,-0.09936914562257762,-0.14315643507008163
2017-09-15,std_20,1786,-0.24578854052336832,-0.28235966505636095
2017-09-18,std_20,1788,-0.11813405800904876,-0.1401693980812529
2017-09-19,std_20,1787,-0.14198556075799382,-0.16451216218527068
2017-09-20,std_20,1786,-0.026889641458210985,-0.04956725224125157
2017-09-21,std_20,1785,0.03944255615882895,0.045045760979771005
2017-09-22,std_20,1782,0.22957252889548257,0.26556930391617606
2017-09-25,std_20,1784,-0.0002535905159210761,0.03050229435044732
2017-09-26,std_20,1783,-0.24151073688354377,-0.2201985262292683
2017-09-27,std_20,1779,-0.23510138472797248,-0.18870498573118463
2017-09-28,std_20,1781,-0.2752819752279888,-0.23604070158315898
2017-09-29,std_20,1787,-0.4286332551627146,-0.39541083412135325
2017-10-09,std_20,1787,-0.38115943279719056,-0.37686529766833055
2017-10-10,std_20,1787,-0.35888716253127095,-0.3811252781281852
2017-10-11,std_20,1784,-0.280948391154843,-0.31980521464989065
2017-10-12,std_20,1787,-0.21444259751901107,-0.25584070083804306
2017-10-13,std_20,1783,-0.09688826631176113,-0.0994618860844673
2017-10-16,std_20,1789,-0.09601112179444879,-0.12941499198245127
2017-10-17,std_20,1794,0.09283756397826609,0.10472281124467533
2017-10-18,std_20,1792,0.07317639732456568,0.1222597736075594
2017-10-19,std_20,1792,-0.10557498192150187,-0.09441761001585039
2017-10-20,std_20,1796,-0.2278993447202431,-0.28710160632348425
2017-10-23,std_20,1798,-0.08876168696175707,-0.1640978910545164
2017-10-24,std_20,1801,-0.08760086272926447,-0.17411064689920647
2017-10-25,std_20,1804,-0.14047677100342773,-0.20534570591301754
2017-10-26,std_20,1810,-0.08389857289841385,-0.13477290936735323
2017-10-27,std_20,1808,0.11910216755070706,0.12287220556041212
2017-10-30,std_20,1810,0.03376032168923093,0.013731653372795605
2017-10-31,std_20,1814,0.03170593368603513,0.03580831192345379
2017-11-01,std_20,1815,0.10799655193341214,0.1616987095651983
2017-11-02,std_20,1816,0.14470100155670076,0.18922273893607364
2017-11-03,std_20,1817,0.07163930908699326,0.04566547974572593
2017-11-06,std_20,1822,0.03701034759788834,0.025501911035612185
2017-11-07,std_20,1821,-0.035919583185400034,-0.07052313122460706
2017-11-08,std_20,1819,-0.06595352034706586,-0.12778464760329253
2017-11-09,std_20,1822,-0.26905812249425676,-0.3139579509496813
2017-11-10,std_20,1813,-0.1993967532520026,-0.25678540613743434
2017-11-13,std_20,1813,-0.12485167917245216,-0.16380239730069113
2017-11-14,std_20,1808,-0.05345915624917727,-0.08818838034224183
2017-11-15,std_20,1803,-0.1568080257085365,-0.17901316634811143
2017-11-16,std_20,1800,-0.009605237435242421,-0.049312213756809505
2017-11-17,std_20,1795,-0.26279110372546777,-0.2729026743146878
2017-11-20,std_20,1793,-0.14006748665462646,-0.13038126324605367
2017-11-21,std_20,1795,-0.157454159753162,-0.15745082702574623
2017-11-22,std_20,1794,-0.09056519661482296,-0.06333743538977567
2017-11-23,std_20,1792,-0.04120027223924961,-0.011812187350140448
2017-11-24,std_20,1795,0.12251051316158663,0.08647678668047262
2017-11-27,std_20,1795,-0.15086591686284723,-0.18544423416705139
2017-11-28,std_20,1796,0.009311715851290031,-0.07449945780261455
2017-11-29,std_20,1791,0.005629280211868791,-0.057735219303103255
2017-11-30,std_20,1790,0.003511628953537212,-0.040259321083617024
2017-12-01,std_20,1787,0.14647619500960524,0.14038478754720643
2017-12-04,std_20,1789,0.26796622603352144,0.2810178018864195
2017-12-05,std_20,1790,0.1997659894125056,0.21374551937598973
2017-12-06,std_20,1791,0.24489641983072713,0.2353646612640365
2017-12-07,std_20,1792,0.09967047597425285,0.10716371784746338
2017-12-08,std_20,1782,-0.11808310029633026,-0.10349522538558331
2017-12-11,std_20,1781,-0.04376357970489816,0.018756755453944684
2017-12-12,std_20,1781,-0.12740810723201107,-0.10570757690054906
2017-12-13,std_20,1777,-0.05673136636001521,-0.052434518554625185
2017-12-14,std_20,1778,-0.0019656486583949253,-0.027636772649613377
2017-12-15,std_20,1776,0.09008539524556762,0.014631587260879167
2017-12-18,std_20,1773,0.0033450593108306378,-0.04331089928228739
2017-12-19,std_20,1772,-0.08567937819960643,-0.08896805677188688
2017-12-20,std_20,1768,-0.17363982759175933,-0.1721159078602695
2017-12-21,std_20,1769,-0.11817787914682816,-0.09379749716139116
2017-12-22,std_20,1766,-0.03405066444995912,0.005419039961235788
2017-12-25,std_20,1772,0.06629451476632625,0.07974206159879768
2017-12-26,std_20,1771,0.1531534458115089,0.11394368108065323
2017-12-27,std_20,1773,0.03436105757929293,-0.010784394275094476
2017-12-28,std_20,1773,-0.0284102292277521,-0.09616490380235813
2017-12-29,std_20,1775,-0.04411692238774928,-0.10613551066318601
2018-01-02,std_20,1773,-0.03882696715137972,-0.13214236303889387
2018-01-03,std_20,1775,-0.05763043474427097,-0.1280489727564443
2018-01-04,std_20,1778,-0.04974366412571355,-0.0853832775558663
2018-01-05,std_20,1779,-0.12491889881734636,-0.16211004377164825
2018-01-08,std_20,1782,-0.09859126399408136,-0.16507198655982105
2018-01-09,std_20,1776,-0.22475317382927495,-0.2480052472351412
2018-01-10,std_20,1771,-0.17552091142529516,-0.19448452369674854
2018-01-11,std_20,1769,-0.2042893483651117,-0.23069830243894968
2018-01-12,std_20,1771,-0.08758275355805292,-0.05729751375710386
2018-01-15,std_20,1775,-0.124700787250254,-0.09400015746600418
2018-01-16,std_20,1776,0.01951845109721461,0.027932194793911954
2018-01-17,std_20,1775,-0.014211844860620378,0.011622340229873884
2018-01-18,std_20,1783,0.03514255862760559,0.03973760702977484
2018-01-19,std_20,1783,-0.05471538818077528,-0.11836310579494856
2018-01-22,std_20,1785,-0.09014993345848521,-0.14412707601589445
2018-01-23,std_20,1784,-0.11506033219675639,-0.15992901759019573
2018-01-24,std_20,1782,-0.03354612078411947,-0.0568373355143822
2018-01-25,std_20,1758,0.014980108633610144,-0.016993455514381348
2018-01-26,std_20,1730,0.01875741372588066,0.00331623801494264
2018-01-29,std_20,1720,-0.0051846957573005,-0.023806310647938526
2018-01-30,std_20,1717,-0.01689877719201571,-0.053452373175464904
2018-01-31,std_20,1716,-0.03319695094559106,-0.07612103880037853
2018-02-01,std_20,1716,-0.11316934584640578,-0.13810045786787933
2018-02-02,std_20,1717,-0.020348945757633765,-0.005941364265618396
2018-02-05,std_20,1717,0.0822984808529072,0.13082185411643765
2018-02-06,std_20,1719,0.10318427707126217,0.14397033556831093
2018-02-07,std_20,1722,0.16668897310847106,0.19099625703851897
2018-02-08,std_20,1721,0.263620680940725,0.295081073475354
2018-02-09,std_20,1722,0.2892300859447854,0.33120983514354063
2018-02-12,std_20,1726,0.32053662494443413,0.3794339157381385
2018-02-13,std_20,1726,0.3109000176285558,0.33949043170485704
2018-02-14,std_20,1726,0.23562910136553314,0.257072101546277
2018-02-22,std_20,1730,0.17145263748738448,0.20516452510260638
2018-02-23,std_20,1732,0.07758304347922326,0.1212578594067032
2018-02-26,std_20,1731,0.1153648525441989,0.16329190845493635
2018-02-27,std_20,1729,0.07815143252913637,0.060166362696370206
2018-02-28,std_20,1728,-0.027409966370998434,-0.0979728177911365
2018-03-01,std_20,1729,0.14438731176408687,0.15299585161089785
2018-03-02,std_20,1727,0.21204546615557893,0.21369637797408708
2018-03-05,std_20,1725,0.17198689731765643,0.1941452938201609
2018-03-06,std_20,1727,0.14527034977345463,0.17810340054830026
2018-03-07,std_20,1731,0.1379849239976495,0.14694836457023217
2018-03-08,std_20,1736,-0.0012962363087594304,-0.06914391985827857
2018-03-09,std_20,1733,-0.10818893712229041,-0.18300662151146185
2018-03-12,std_20,1727,-0.07720993852025283,-0.13515475994989481
2018-03-13,std_20,1727,-0.1333132960466396,-0.2156113543428319
2018-03-14,std_20,1727,-0.1664953103761217,-0.23670576998269727
2018-03-15,std_20,1728,-0.23056718653570227,-0.32041276966370674
2018-03-16,std_20,1730,-0.12447040557246368,-0.21912248288564753
2018-03-19,std_20,1731,-0.02968197553167289,-0.09323817305136663
2018-03-20,std_20,1733,0.0350541857302892,0.015612236151287194
2018-03-21,std_20,1740,0.09274456781747198,0.0727975571829367
2018-03-22,std_20,1749,0.3163640346423554,0.3562539113456618
2018-03-23,std_20,1753,0.32596447854120547,0.3728127397891892
2018-03-26,std_20,1762,0.11250694587656364,0.13149460956313946
2018-03-27,std_20,1764,0.00048120834716725084,-0.003149652778871101
2018-03-28,std_20,1756,0.014425317791743502,0.010476175050943913
2018-03-29,std_20,1760,-0.21624420896727167,-0.2645064353060922
2018-03-30,std_20,1761,-0.2481172965734906,-0.27545955479782314
2018-04-02,std_20,1763,-0.1853552094869547,-0.21216597164390083
2018-04-03,std_20,1766,-0.05451391133662138,-0.0739385580978112
2018-04-04,std_20,1764,0.03782160128061218,0.015261913997491343
2018-04-09,std_20,1760,-0.052118073530149016,-0.10805181156031039
2018-04-10,std_20,1756,0.08788269575192144,-0.004105296877531137
2018-04-11,std_20,1759,0.10305245369357681,0.03822093071914235
2018-04-12,std_20,1758,0.012942111157050898,-0.07857749679700066
2018-04-13,std_20,1759,-0.17226805490495856,-0.20901595124300118
2018-04-16,std_20,1762,0.027175139630797335,0.054539664748643156
2018-04-17,std_20,1762,-0.039655761199495466,-0.04164060412046467
2018-04-18,std_20,1761,-0.10601349541608734,-0.11893424855836232
2018-04-19,std_20,1763,-0.08736906716268748,-0.07772131968310288
2018-04-20,std_20,1756,-0.10004340131315127,-0.11075839723086706
2018-04-23,std_20,1762,-0.11873052878316252,-0.1476917662867232
2018-04-24,std_20,1760,-0.18205400459519896,-0.19602737673016382
2018-04-25,std_20,1760,-0.036321814489847934,-0.012650209617991735
2018-04-26,std_20,1756,0.06152620050853827,0.08321901090927628
2018-04-27,std_20,1752,0.15185784420255008,0.176484388530256
2018-05-02,std_20,1756,0.01510170005519743,0.02568344649769084
2018-05-03,std_20,1760,-0.026862716509652464,-0.061563812047735963
2018-05-04,std_20,1761,-0.1792161459005728,-0.2044728441771414
2018-05-07,std_20,1763,-0.14070079516937065,-0.1565234737976515
2018-05-08,std_20,1766,-0.16325018834548558,-0.21075044890201336
2018-05-09,std_20,1765,-0.17354493603436041,-0.2128145823295837
2018-05-10,std_20,1769,-0.049865421632190904,-0.09743125318178951
2018-05-11,std_20,1763,0.09767794430621429,0.0397973938422058
2018-05-14,std_20,1765,0.02866810046686854,-0.04760957449293248
2018-05-15,std_20,1769,0.10873735517253265,0.04671999580652904
2018-05-16,std_20,1767,0.1189012909348819,0.0652584282207559
2018-05-17,std_20,1769,0.06462358916416386,-0.014758393837175435
2018-05-18,std_20,1770,-0.0011605417069921516,-0.1072040284156816
2018-05-21,std_20,1767,-0.10728379052950314,-0.2056673740348706
2018-05-22,std_20,1763,-0.10876182336534518,-0.20628570534153343
2018-05-23,std_20,1761,-0.09867280314522145,-0.19220270780872423
2018-05-24,std_20,1756,-0.18361290875632705,-0.2040561624719129
2018-05-25,std_20,1760,-0.1821486154833127,-0.21950920380035993
2018-05-28,std_20,1757,-0.0023760865306449576,0.00438250616539115
2018-05-29,std_20,1761,0.07415141740953735,0.13613784708393145
2018-05-30,std_20,1771,0.00826155149823976,-0.007379210750151198
2018-05-31,std_20,1777,0.15237454884395207,0.1419707214946509
2018-06-01,std_20,1779,0.13614508129209843,0.07216906564889221
2018-06-04,std_20,1786,0.035202415333765266,-0.023606395269840506
2018-06-05,std_20,1782,-0.06796750713078538,-0.13076864445648315
2018-06-06,std_20,1781,-0.07397899590698483,-0.11120731409021857
2018-06-07,std_20,1780,-0.23936465724592493,-0.2775109208333493
2018-06-08,std_20,1770,-0.22100006059606703,-0.2320084030429424
2018-06-11,std_20,1775,-0.1531409011944541,-0.18577616505735048
2018-06-12,std_20,1775,-0.1304372504375401,-0.1619717534127441
2018-06-13,std_20,1778,-0.05463762626635056,-0.09257808325875326
2018-06-14,std_20,1779,0.060250761839134956,0.00020191287227351476
2018-06-15,std_20,1782,0.17439539417456043,0.16994406434591772
2018-06-19,std_20,1783,0.11394555260711775,0.09910978240831884
2018-06-20,std_20,1785,0.12284375048306236,0.16582478219384364
2018-06-21,std_20,1787,0.16290992589293704,0.22156134127579596
2018-06-22,std_20,1790,0.19367619937873787,0.24691704825695576
2018-06-25,std_20,1792,0.17130679315247796,0.21319853641159994
2018-06-26,std_20,1797,0.13883911028891727,0.13092134468117042
2018-06-27,std_20,1798,0.11581816380800156,0.057912930928594536
2018-06-28,std_20,1797,0.0042579981488670765,-0.05738873358235961
2018-06-29,std_20,1799,-0.05179846143672272,-0.02362869543428812
2018-07-02,std_20,1800,-0.13183371261617072,-0.16015443693879255
2018-07-03,std_20,1806,-0.07662437228045821,-0.1327056389268463
2018-07-04,std_20,1811,0.06441935880030919,0.08310616535886858
2018-07-05,std_20,1813,0.0051518280380770136,0.018050368033330228
2018-07-06,std_20,1817,-0.0166697705736748,0.0024516568973873224
2018-07-09,std_20,1819,0.036879172785136395,0.05069934416684074
2018-07-10,std_20,1825,0.058217615798515546,0.09410028950609498
2018-07-11,std_20,1828,-0.08440114966033996,-0.11346939823409999
2018-07-12,std_20,1832,-0.029486678613537196,-0.057204111638389135
2018-07-13,std_20,1837,-0.05501528018296935,-0.08173954841183463
2018-07-16,std_20,1839,-0.13357200724267787,-0.17924548320521913
2018-07-17,std_20,1842,-0.10161306690883837,-0.12103984369374932
2018-07-18,std_20,1846,-0.10518985708508732,-0.1397366368860047
2018-07-19,std_20,1845,-0.19140439881565063,-0.23477718460932215
2018-07-20,std_20,1846,-0.29114669496643286,-0.33759751095756374
2018-07-23,std_20,1849,-0.2900758038730171,-0.3397358506576782
2018-07-24,std_20,1854,-0.31304845032957335,-0.4020076486620653
2018-07-25,std_20,1856,-0.27913599390278,-0.33828849248994974
2018-07-26,std_20,1861,-0.3145834751009619,-0.3921452031208801
2018-07-27,std_20,1864,-0.24236675198227206,-0.32778602410047364
2018-07-30,std_20,1875,-0.1785985785998239,-0.23694835698859515
2018-07-31,std_20,1882,-0.21947058097920544,-0.2399027598835422
2018-08-01,std_20,1882,-0.1551505673883286,-0.1218478076055374
2018-08-02,std_20,1883,0.014050207507171448,0.07265362670884408
2018-08-03,std_20,1882,0.14934124291620765,0.20409336209328846
2018-08-06,std_20,1890,0.1323595528100599,0.15133718109201735
2018-08-07,std_20,1891,0.20086195008966676,0.17432777547167078
2018-08-08,std_20,1890,0.030912738051438442,-0.022662073988305474
2018-08-09,std_20,1889,-0.1630595420877221,-0.25012369060685075
2018-08-10,std_20,1886,-0.1948556867572812,-0.2528274718567587
2018-08-13,std_20,1892,-0.15711671517591688,-0.19499921533003473
2018-08-14,std_20,1893,-0.19274523476984895,-0.2063978996556956
2018-08-15,std_20,1893,-0.081183432288535,-0.08131207060843289
2018-08-16,std_20,1894,-0.005422524623098997,8.005815495850164e-05
2018-08-17,std_20,1898,0.08104748169566374,0.08191337953223712
2018-08-20,std_20,1897,0.030541709459032843,0.028020182820354508
2018-08-21,std_20,1897,0.07855675810924617,0.09111222542488512
2018-08-22,std_20,1895,-0.07373369540964383,-0.09256244260410232
2018-08-23,std_20,1894,-0.09473607636714187,-0.13703694880911088
2018-08-24,std_20,1895,-0.12524491840377522,-0.196482040917617
2018-08-27,std_20,1897,-0.04805231406798668,-0.11749099629437192
2018-08-28,std_20,1899,-0.06082590746690543,-0.14756833768504948
2018-08-29,std_20,1900,-0.009021490740984954,-0.08754142407242775
2018-08-30,std_20,1901,0.0470619798779972,-0.01927499704616569
2018-08-31,std_20,1899,-0.07977880168024198,-0.18757397458884745
2018-09-03,std_20,1901,-0.06777126512800377,-0.16224990040782314
2018-09-04,std_20,1903,-0.10867984501775076,-0.132541088307186
2018-09-05,std_20,1901,-0.09433679741934721,-0.09373960677049688
2018-09-06,std_20,1901,-0.1960435713747839,-0.22342491388981775
2018-09-07,std_20,1899,-0.12409083014872033,-0.16862794976506573
2018-09-10,std_20,1901,-0.09744586830108776,-0.13543320776100054
2018-09-11,std_20,1901,-0.005260873768431612,-0.06833162450894079
2018-09-12,std_20,1904,0.01135374171965936,-0.06566562167086433
2018-09-13,std_20,1905,0.1291665209972132,0.1145463709743834
2018-09-14,std_20,1908,0.17197371396756328,0.1829461148415859
2018-09-17,std_20,1910,0.11213740400963096,0.10483273420405645
2018-09-18,std_20,1909,-0.06370356577238398,-0.09777982508699638
2018-09-19,std_20,1910,-0.12894412132377836,-0.12620036360175824
2018-09-20,std_20,1908,-0.21205508135590492,-0.2788114931544162
2018-09-21,std_20,1911,-0.19330540211312527,-0.26846696883167676
2018-09-25,std_20,1913,-0.19888750503632321,-0.27813556536583023
2018-09-26,std_20,1909,-0.09998089755235963,-0.17597550632880815
2018-09-27,std_20,1911,-0.042473489320669196,-0.13035830078303773
2018-09-28,std_20,1910,0.04745365974906948,-0.0006640948594271395
2018-10-08,std_20,1912,0.01464640975596125,-0.028950744072543954
2018-10-09,std_20,1912,0.04082855544141678,0.011877552226840006
2018-10-10,std_20,1909,-0.016694856397022218,-0.020992684522703434
2018-10-11,std_20,1905,0.012873496006140935,0.03716988974220793
2018-10-12,std_20,1903,0.08704841262827516,0.12428854880424384
2018-10-15,std_20,1904,0.1301787015631627,0.14587586065505434
2018-10-16,std_20,1905,0.0750588554172422,0.07491430661575259
2018-10-17,std_20,1903,0.10982778491980617,0.09765426351846906
2018-10-18,std_20,1901,0.00881935980373063,-0.02182469786638542
2018-10-19,std_20,1904,-0.1347843707702093,-0.1860762953889797
2018-10-22,std_20,1904,-0.12012781235780705,-0.1747050632536731
2018-10-23,std_20,1901,-0.10606773142245321,-0.1270067619436378
2018-10-24,std_20,1900,-0.03327336435227885,-0.029005632128080897
2018-10-25,std_20,1900,0.170730601410751,0.21318770086883002
2018-10-26,std_20,1903,0.31626361830799643,0.3486020702428256
2018-10-29,std_20,1902,0.18613329834172776,0.215168161580096
2018-10-30,std_20,1905,0.1849602544372797,0.21524762718272755
2018-10-31,std_20,1905,0.14358380853818006,0.14852787671034356
2018-11-01,std_20,1905,0.036910529429896,-0.013162154607878486
2018-11-02,std_20,1905,0.022364480313099035,-0.00905610036118959
2018-11-05,std_20,1906,0.15050409797410114,0.09165626760622823
2018-11-06,std_20,1912,0.1463299832714681,0.10926230029271305
2018-11-07,std_20,1913,0.17444672158116553,0.18663109537587544
2018-11-08,std_20,1914,0.12059683898345383,0.07832473080070552
2018-11-09,std_20,1915,0.06294899908832831,-0.03640000009090487
2018-11-12,std_20,1913,0.022896554015429553,-0.10761794096201428
2018-11-13,std_20,1915,0.028223212331465877,-0.10835489368784283
2018-11-14,std_20,1917,0.012153235511631253,-0.13602434036912947
2018-11-15,std_20,1917,-0.1301313266883608,-0.22034959766219378
2018-11-16,std_20,1916,-0.1938033377333685,-0.24144249406336
2018-11-19,std_20,1914,-0.1468546778487998,-0.16609078651056833
2018-11-20,std_20,1913,-0.2716698055027694,-0.22021781561117942
2018-11-21,std_20,1912,-0.33600437362061053,-0.32016244136179506
2018-11-22,std_20,1914,-0.21511743902728805,-0.1673720447072003
2018-11-23,std_20,1914,-0.12657956675270896,-0.014586717651080579
2018-11-26,std_20,1917,-0.10824164276648653,-0.03239481549321028
2018-11-27,std_20,1919,-0.14972395657478604,-0.10490113749022191
2018-11-28,std_20,1920,-0.10412404341411804,-0.004216688220499188
2018-11-29,std_20,1924,-0.07305393329617936,-0.007366694420620602
2018-11-30,std_20,1924,-0.12351130261515382,-0.13946659481282353
2018-12-03,std_20,1927,-0.15737419890587945,-0.15088911308784134
2018-12-04,std_20,1926,-0.025900863153825473,-0.0990335446967602
2018-12-05,std_20,1928,-0.04053840644320416,-0.0865801765089815
2018-12-06,std_20,1932,-0.16058408418144676,-0.29130886640688003
2018-12-07,std_20,1932,-0.04754564370667834,-0.20270604056489944
2018-12-10,std_20,1937,-0.12480378887360694,-0.2806303575174246
2018-12-11,std_20,1940,-0.047061439223766904,-0.23852209923870293
2018-12-12,std_20,1943,0.1467746824057879,-0.048920742774739394
2018-12-13,std_20,1947,0.1945936306824805,0.06338560341896853
2018-12-14,std_20,1947,0.055520288671475355,0.004168609361182977
2018-12-17,std_20,1945,0.0951056655969343,-0.024396351001555655
2018-12-18,std_20,1944,0.10615218454656127,0.036039412539936685
2018-12-19,std_20,1947,-0.14201713106717972,-0.22831289410360509
2018-12-20,std_20,1951,-0.11127368732102524,-0.21956767963412496
2018-12-21,std_20,1954,0.01242829491017275,-0.14961100973601216
2018-12-24,std_20,1954,-0.14743541617188707,-0.24703688423274617
2018-12-25,std_20,1955,-0.12115849094026887,-0.15090697440669631
2018-12-26,std_20,1957,0.045709952539132064,0.07011430824688751
2018-12-27,std_20,1958,0.08802618432646082,0.10040288679456459
2018-12-28,std_20,1959,0.08624091961996856,0.07979880677472596
2019-01-02,std_20,1960,0.1848467134338158,0.16203216619649846
2019-01-03,std_20,1963,0.08816631664402519,0.04180188863522344
2019-01-04,std_20,1964,0.017453868653942266,-0.14107544991465445
2019-01-07,std_20,1967,-0.020649429793275796,-0.09534564520330197
2019-01-08,std_20,1966,-0.1221125507924,-0.1579857935099176
2019-01-09,std_20,1970,-0.1020438160197478,-0.19494864185734004
2019-01-10,std_20,1969,-0.21002434568577277,-0.2702456898825462
2019-01-11,std_20,1968,-0.2248880549199342,-0.20541261353657642
2019-01-14,std_20,1968,-0.18821881849281993,-0.2528018504761101
2019-01-15,std_20,1966,-0.1306094344911152,-0.1502063055049522
2019-01-16,std_20,1968,-0.1558417152541973,-0.08445797902576414
2019-01-17,std_20,1966,-0.11372530155923682,-0.09666761197927895
2019-01-18,std_20,1967,-0.19716393546270605,-0.18935663954660467
2019-01-21,std_20,1968,-0.2805823940953108,-0.26103814624528976
2019-01-22,std_20,1967,-0.3605810078875432,-0.31936380467423797
2019-01-23,std_20,1967,-0.36415963811098895,-0.33146729741723274
2019-01-24,std_20,1964,-0.2654605088639612,-0.2105932722309968
2019-01-25,std_20,1967,-0.12792737799569187,-0.07728023617705275
2019-01-28,std_20,1968,0.060186121880098774,0.10662125733982339
2019-01-29,std_20,1972,0.22072890484120886,0.280050304334832
2019-01-30,std_20,1976,0.3905438288195174,0.46629439650017407
2019-01-31,std_20,1973,0.3647796540977219,0.4360902594439346
2019-02-01,std_20,1975,0.3267966915506462,0.38353235078291126
2019-02-11,std_20,1975,0.33840009850489133,0.372938758000981
2019-02-12,std_20,1970,0.3776442670567546,0.3837684491815315
2019-02-13,std_20,1972,0.3375034205039615,0.3559268977691227
2019-02-14,std_20,1972,0.31555762278421534,0.3387939721802575
2019-02-15,std_20,1970,0.2561342709718161,0.23902886159034362
2019-02-18,std_20,1970,0.1325820648040576,0.09973456401286383
2019-02-19,std_20,1966,0.10895944083394288,0.05572658692140544
2019-02-20,std_20,1966,0.010262220897482587,0.022529364760524532
2019-02-21,std_20,1969,-0.07420473568196645,-0.1037950959901865
2019-02-22,std_20,1967,-0.04100540132480432,-0.10938823951419255
2019-02-25,std_20,1966,0.17661715585593815,0.17924038768092754
2019-02-26,std_20,1962,0.2613927596416122,0.25004721372932387
2019-02-27,std_20,1964,0.36044126538493965,0.3628730928390658
2019-02-28,std_20,1969,0.22230197400687338,0.23421875031299014
2019-03-01,std_20,1966,0.1625312650646232,0.1914707405109819
2019-03-04,std_20,1965,0.11526097363457873,0.12919169861218682
2019-03-05,std_20,1961,0.007144914226692574,-0.006084479355874833
2019-03-06,std_20,1961,-0.20549662340250896,-0.21305923823747294
2019-03-07,std_20,1962,-0.2105451944761694,-0.24587869673206475
2019-03-08,std_20,1960,-0.19952784942558763,-0.2540437150979992
2019-03-11,std_20,1962,-0.24620927169948892,-0.30393749314368096
2019-03-12,std_20,1960,-0.2196714304728964,-0.29209937078399767
2019-03-13,std_20,1959,-0.012221126645264535,-0.03549854085472129
2019-03-14,std_20,1957,-0.006770642128422761,-0.041156227548442996
2019-03-15,std_20,1949,0.037672656142968754,0.0010644054221123356
2019-03-18,std_20,1949,-0.05845580487982538,-0.15361865989384224
2019-03-19,std_20,1945,-0.14144867088563218,-0.24820146220046882
2019-03-20,std_20,1946,-0.26956011397556645,-0.37498204056410583
2019-03-21,std_20,1948,-0.19756089130270246,-0.25877311298614014
2019-03-22,std_20,1943,-0.1010183349347438,-0.15711142844782255
2019-03-25,std_20,1944,-0.05358997621402738,-0.08891373985677074
2019-03-26,std_20,1936,-0.0017689659571497173,-0.007447378352609447
2019-03-27,std_20,1937,0.04315808736137589,0.04051859690705622
2019-03-28,std_20,1939,-0.013185085325742581,-0.08111604398129414
2019-03-29,std_20,1936,-0.04480506185031742,-0.12593894621204307
2019-04-01,std_20,1936,-0.11252119801864843,-0.19869629519937812
2019-04-02,std_20,1933,-0.08591858297293249,-0.17939758902844927
2019-04-03,std_20,1933,-0.07094707293711808,-0.14729451842794644
2019-04-04,std_20,1934,-0.08487988916861626,-0.10846076852502902
2019-04-08,std_20,1931,-0.07947508565223578,-0.14083805696206628
2019-04-09,std_20,1933,0.012401650161425574,-0.028852193111855967
2019-04-10,std_20,1934,0.030918592144088035,-0.02022263306159535
2019-04-11,std_20,1931,0.015413932170629403,-0.07207664189593403
2019-04-12,std_20,1931,0.017239904723467352,-0.07545671697451356
2019-04-15,std_20,1928,-0.022063746609876214,-0.11361849807503975
2019-04-16,std_20,1927,-0.08290599934330306,-0.13001759132422708
2019-04-17,std_20,1924,-0.1356890129618888,-0.20950266168879955
2019-04-18,std_20,1926,-0.12914120436687904,-0.19671127545013356
2019-04-19,std_20,1915,-0.2744274971422445,-0.2950060622074883
2019-04-22,std_20,1901,-0.2740387052691554,-0.2787584607458331
2019-04-23,std_20,1915,-0.36506028169284,-0.3836098566596061
2019-04-24,std_20,1908,-0.3143610474041303,-0.35317155416363843
2019-04-25,std_20,1903,-0.3067984754899927,-0.3739150600567943
2019-04-26,std_20,1900,-0.18906795604331508,-0.2508241344524355
2019-04-29,std_20,1886,-0.04527862268474919,-0.12619920723094372
2019-04-30,std_20,1889,0.07426003314607452,0.07300297125976744
2019-05-06,std_20,1894,0.13380706814442928,0.13744706546945626
2019-05-07,std_20,1891,0.22798095530557477,0.24033369923560655
2019-05-08,std_20,1895,0.22186123484620518,0.22304251672837289
2019-05-09,std_20,1902,-0.022394162396887612,-0.09504980306119502
2019-05-10,std_20,1903,-0.08747491730134105,-0.10031791665354359
2019-05-13,std_20,1906,-0.07545440497535603,-0.07276383532410158
2019-05-14,std_20,1905,-0.1594783731441851,-0.1821683396558872
2019-05-15,std_20,1904,-0.19184079193163475,-0.25283363534121234
2019-05-16,std_20,1906,-0.17580495087027753,-0.17322139312922522
2019-05-17,std_20,1902,-0.024898691561633653,-0.03592059953251332
2019-05-20,std_20,1907,-0.08759903855350855,-0.16052633456706256
2019-05-21,std_20,1912,-0.02491232783227742,-0.08691572063493215
2019-05-22,std_20,1910,0.07352567174645429,-0.013147575224542305
2019-05-23,std_20,1914,0.1375069101282956,0.08959527625618413
2019-05-24,std_20,1913,-0.07548504608727405,-0.1988503219421742
2019-05-27,std_20,1916,-0.1952154414573421,-0.2950198495942008
2019-05-28,std_20,1919,-0.23815679468515932,-0.32405842493609505
2019-05-29,std_20,1926,-0.3076715898801854,-0.35912001315489767
2019-05-30,std_20,1926,-0.21352584818857193,-0.28869873379219035
2019-05-31,std_20,1934,-0.02899811131180849,-0.06781255205970065
2019-06-03,std_20,1953,0.11802932173176142,0.008287907274708354
2019-06-04,std_20,1953,0.16455457693463854,0.09624678181953843
2019-06-05,std_20,1955,0.09872573309160729,0.056388969685717244
2019-06-06,std_20,1955,0.014851372040939531,-0.04248640479928405
2019-06-10,std_20,1954,-0.1563808897979168,-0.23299839891997415
2019-06-11,std_20,1955,-0.175709517256385,-0.1801546324183964
2019-06-12,std_20,1954,-0.26736975760257464,-0.3083638324737788
2019-06-13,std_20,1954,-0.055225828305254465,0.02575494107067457
2019-06-14,std_20,1955,0.018742369213458517,0.0380731239079932
2019-06-17,std_20,1956,0.02440131931340071,0.03604917292627544
2019-06-18,std_20,1956,-0.09108642439694484,-0.053192395540587856
2019-06-19,std_20,1957,0.022484837627145423,0.019835498878004527
2019-06-20,std_20,1960,-0.15817795939242324,-0.21323136006326152
2019-06-21,std_20,1957,-0.12211560833483157,-0.06744772265018137
2019-06-24,std_20,1960,-0.12037357921322944,-0.059605889311813764
2019-06-25,std_20,1962,-0.12957113779547677,-0.12686548035290635
2019-06-26,std_20,1959,-0.2479366010092691,-0.25764020113092895
2019-06-27,std_20,1963,-0.19114333746944162,-0.18068539731032854
2019-06-28,std_20,1960,-0.284227338352506,-0.390815740499095
2019-07-01,std_20,1958,-0.2744652703168872,-0.38871007648470846
2019-07-02,std_20,1960,-0.28235732114590784,-0.3368305740224895
2019-07-03,std_20,1958,-0.1785697540341976,-0.23812447291982686
2019-07-04,std_20,1960,-0.22871681941442107,-0.2888883419139129
2019-07-05,std_20,1960,-0.06498955569030865,-0.0330697593119196
2019-07-08,std_20,1959,-0.07557401400749736,-0.07864249254413352
2019-07-09,std_20,1959,-0.01414944919088995,-0.014176904411813454
2019-07-10,std_20,1959,-0.07597869677787376,-0.10736687838001084
2019-07-11,std_20,1958,-0.018292572049317956,-0.05238176298157702
2019-07-12,std_20,1958,-0.1828518094985786,-0.3004259046983844
2019-07-15,std_20,1958,-0.10655231455214866,-0.20384667258839698
2019-07-16,std_20,1956,-0.06356818336609633,-0.1238012945842887
2019-07-17,std_20,1959,0.030440859407031742,0.04007282074975934
2019-07-18,std_20,1957,0.0025012347114805665,0.0032689139133111017
2019-07-19,std_20,1959,0.12858315374052412,0.16657958158730138
2019-07-22,std_20,1961,0.015145366290297705,0.0664404486497787
2019-07-23,std_20,1961,-0.08962372122997184,-0.08446757262066135
2019-07-24,std_20,1961,-0.06933074735781969,-0.11004041258568584
2019-07-25,std_20,1961,-0.029285454940366284,-0.10078013287808625
2019-07-26,std_20,1964,-0.023045322237033147,-0.08837292770618597
2019-07-29,std_20,1964,0.005841977669314146,-0.09635928047946586
2019-07-30,std_20,1965,-0.013451359424066759,-0.11384610344942152
2019-07-31,std_20,1964,-0.019997701678961782,-0.10515881222848639
2019-08-01,std_20,1963,-0.041737661378293905,-0.1037687385054863
2019-08-02,std_20,1966,-0.0311449420154898,-0.07376757656603078
2019-08-05,std_20,1965,0.035974439598826145,0.021575924654861234
2019-08-06,std_20,1964,0.05455297168091264,0.0607605985331555
2019-08-07,std_20,1966,0.06350258632097258,0.053575784379980694
2019-08-08,std_20,1966,0.09653294479654756,0.12006491404308405
2019-08-09,std_20,1962,0.11590280863129299,0.14652352441118036
2019-08-12,std_20,1963,0.10760529407594582,0.14691263979872166
2019-08-13,std_20,1962,0.10776514005521204,0.15548635673668676
2019-08-14,std_20,1962,0.10789266536822335,0.14489718450021097
2019-08-15,std_20,1962,0.07188769149257515,0.06362507753348051
2019-08-16,std_20,1960,0.03662539916293459,-0.0007854410414114194
2019-08-19,std_20,1961,0.04867295984682974,-0.002934843168071694
2019-08-20,std_20,1961,-0.01120740756716929,-0.059599005800440384
2019-08-21,std_20,1961,-0.03998185302718974,-0.09871452293305967
2019-08-22,std_20,1964,-0.08195074599327823,-0.14480480762426495
2019-08-23,std_20,1964,-0.058545896621466864,-0.0864753454034036
2019-08-26,std_20,1967,-0.021527199378306293,-0.04143766312631715
2019-08-27,std_20,1966,0.0383531290417749,0.01190849582475581
2019-08-28,std_20,1968,0.03175609263333219,0.03743158438953232
2019-08-29,std_20,1967,0.13948025338562814,0.1434224698048782
2019-08-30,std_20,1967,0.20557797443554446,0.18094928011397549
2019-09-02,std_20,1964,0.16327711478322923,0.17327929492673072
2019-09-03,std_20,1965,0.10715113690912367,0.08334581326106925
2019-09-04,std_20,1965,0.058949390431283284,0.02902428284550943
2019-09-05,std_20,1965,0.10794377138912993,0.06431468603838383
2019-09-06,std_20,1966,-0.03466613673928504,-0.1543285352485329
2019-09-09,std_20,1963,-0.09488231660921474,-0.20497888225893726
2019-09-10,std_20,1963,0.01298766789800032,-0.04154274973962787
2019-09-11,std_20,1963,-0.0167543229966222,-0.07057634141646198
2019-09-12,std_20,1966,-0.022826944985405898,-0.07177682791504389
2019-09-16,std_20,1965,-0.007362168623686485,0.016598867642549194
2019-09-17,std_20,1965,-0.08500203612744467,-0.1223822560332148
2019-09-18,std_20,1964,-0.3057856040481594,-0.40041315465201915
2019-09-19,std_20,1964,-0.24973392031383276,-0.3099599592798209
2019-09-20,std_20,1966,-0.39060186253595786,-0.4183291826489658
2019-09-23,std_20,1962,-0.3870649842925217,-0.41093242862882395
2019-09-24,std_20,1960,-0.24592764452892946,-0.3036549183815267
2019-09-25,std_20,1961,0.030127017340498094,0.031094011202065952
2019-09-26,std_20,1960,-0.056324542100778,-0.10918045843784979
2019-09-27,std_20,1960,0.13161942482196634,0.12691975510183887
2019-09-30,std_20,1958,0.008402267780944349,-0.007459973808763773
2019-10-08,std_20,1956,-0.06423868280746689,-0.11393057108518029
2019-10-09,std_20,1955,-0.09701353764909527,-0.14961724371797563
2019-10-10,std_20,1955,-0.10851329725971565,-0.17081676928229744
2019-10-11,std_20,1954,-0.1729563043352712,-0.2439900409080981
2019-10-14,std_20,1954,0.0053600716912102445,-0.04913415396152727
2019-10-15,std_20,1956,-0.022453954951337497,-0.08977333642899873
2019-10-16,std_20,1955,-0.07003248039699347,-0.15939863384415548
2019-10-17,std_20,1956,-0.02707878936707202,-0.07191584583220648
2019-10-18,std_20,1954,0.2017232885502922,0.19114558533969273
2019-10-21,std_20,1954,0.08959505068779987,-0.006848240071204343
2019-10-22,std_20,1953,0.12655338957595838,0.022536972463990883
2019-10-23,std_20,1953,0.06938089020172643,-0.004026181342031174
2019-10-24,std_20,1952,0.06280526318028547,-0.02849725063084576
2019-10-25,std_20,1953,-0.0690829280602055,-0.15070197916581932
2019-10-28,std_20,1954,-0.07331025527008854,-0.10848762300593925
2019-10-29,std_20,1948,-0.16013203971606807,-0.1755916755913207
2019-10-30,std_20,1951,0.017742167993271926,-0.009791431339733312
2019-10-31,std_20,1952,-0.015139694242591449,-0.027929791671318004
2019-11-01,std_20,1953,-0.013758621672159363,-0.10114388048257734
2019-11-04,std_20,1957,0.05739758885833362,-0.056678510036599114
2019-11-05,std_20,1950,0.11804684709321779,0.03581372441627109
2019-11-06,std_20,1953,0.06962845238811177,0.014973398213630935
2019-11-07,std_20,1955,0.07407905495446358,0.005517513913613247
2019-11-08,std_20,1957,0.10704082792010164,0.08518967458119062
2019-11-11,std_20,1956,0.1095288400393465,0.15148468937138
2019-11-12,std_20,1952,0.07720879200967373,0.11213491020775217
2019-11-13,std_20,1953,0.002334577338769287,0.01969130838463688
2019-11-14,std_20,1952,-0.08615683611538949,-0.10404611136747484
2019-11-15,std_20,1953,-0.3342486702236329,-0.34288830656552277
2019-11-18,std_20,1952,-0.3834785223432496,-0.3934692306059994
2019-11-19,std_20,1952,-0.34389780818665683,-0.383160456026288
2019-11-20,std_20,1950,-0.29984834552076683,-0.3650853843076768
2019-11-21,std_20,1950,-0.21349720267647032,-0.2519878754809973
2019-11-22,std_20,1950,0.08728509235083852,0.06272829584977072
2019-11-25,std_20,1951,0.05688185409264447,0.03945814660630192
2019-11-26,std_20,1948,-0.026051259984097977,0.003886779350344237
2019-11-27,std_20,1949,0.037778403832349275,0.08552045190901728
2019-11-28,std_20,1948,0.2025197409380035,0.19012067001035746
2019-11-29,std_20,1947,0.2519262955285826,0.2269149373979706
2019-12-02,std_20,1946,0.3111949149083654,0.23740205241800943
2019-12-03,std_20,1947,0.29743041171417034,0.18839044755439588
2019-12-04,std_20,1945,0.23301053256892082,0.14868703697348917
2019-12-05,std_20,1950,0.1479935184246409,0.0898602093534366
2019-12-06,std_20,1951,0.17811073790916912,0.1462138838812108
2019-12-09,std_20,1950,0.0636663254690185,0.04524077423664263
2019-12-10,std_20,1948,0.13664638934726966,0.0898167878040603
2019-12-11,std_20,1945,0.07399432415873375,0.03744946527112562
2019-12-12,std_20,1946,-0.00855807564458881,-0.046935473544295225
2019-12-13,std_20,1946,-0.1888908019760312,-0.2010163915370746
2019-12-16,std_20,1947,-0.12490132512793405,-0.14362770361593996
2019-12-17,std_20,1944,-0.13749885039776763,-0.0813999082744575
2019-12-18,std_20,1945,-0.07486211349310515,-0.06567855623935928
2019-12-19,std_20,1947,-0.08902321989496124,-0.09062263704789389
2019-12-20,std_20,1947,-0.09386007226601072,-0.08857348733779037
2019-12-23,std_20,1949,-0.1995963417013979,-0.2150099751674416
2019-12-24,std_20,1947,-0.12127155734616622,-0.18772228936410643
2019-12-25,std_20,1946,-0.10698284422512006,-0.17977036058860774
2019-12-26,std_20,1943,0.04146922060720952,0.05772383520866128
2019-12-27,std_20,1942,0.18801066884011414,0.20609509359282538
2019-12-30,std_20,1941,0.16488645592533324,0.16441892710671197
2019-12-31,std_20,1940,0.10949743996911411,0.10909287422512828
2020-01-02,std_20,1939,0.09549631794783495,0.09879333049482741
2020-01-03,std_20,1943,0.07138689937590567,0.0679054351153523
2020-01-06,std_20,1942,0.00981092055490694,-0.051236119034184235
2020-01-07,std_20,1941,0.08630478175002348,0.03262162875689056
2020-01-08,std_20,1944,0.08362146568418177,-0.0078079938122598055
2020-01-09,std_20,1943,0.09741065126361867,0.012643616398145444
2020-01-10,std_20,1946,0.0537846562334702,-0.01985101442585901
2020-01-13,std_20,1950,0.02015817795008377,-0.05341632333551947
2020-01-14,std_20,1952,0.03687472727084472,-0.05324930708421161
2020-01-15,std_20,1951,-0.04078356479334995,-0.1547541956690543
2020-01-16,std_20,1949,-0.0430483850390823,-0.1312741389904322
2020-01-17,std_20,1949,-0.023147740787427203,-0.09432704153932182
2020-01-20,std_20,1949,0.09303575778966962,0.024880889834810557
2020-01-21,std_20,1951,0.1527917477582765,0.10090522685343886
2020-01-22,std_20,1953,0.2424888627978485,0.27335513092368274
2020-01-23,std_20,1953,0.24452664655338616,0.25659537367392216
2020-02-03,std_20,1957,0.2184971973954431,0.29111249837853176
2020-02-04,std_20,1957,0.22356905143379355,0.30675949862984964
2020-02-05,std_20,1958,0.07216206352179531,0.11261626332613063
2020-02-06,std_20,1961,-0.04070667029272001,-0.0555323709912368
2020-02-07,std_20,1963,-0.0052382879757499985,-0.00804052799912353
2020-02-10,std_20,1962,0.21306963264628173,0.2711262895429649
2020-02-11,std_20,1964,-0.014902653567311788,0.011576857730172856
2020-02-12,std_20,1966,-0.020371359853235092,0.013321069285498342
2020-02-13,std_20,1966,0.076244928457593,0.10272128815910656
2020-02-14,std_20,1966,0.1408334132574489,0.19417271853878482
2020-02-17,std_20,1964,0.1641416633748309,0.20786084835934987
2020-02-18,std_20,1966,0.13204979186165935,0.1327529124697204
2020-02-19,std_20,1966,0.1182448043604343,0.08530498749016008
2020-02-20,std_20,1968,-0.007377280697128371,-0.15708921169371035
2020-02-21,std_20,1968,-0.17397711325696166,-0.28873976988215144
2020-02-24,std_20,1967,-0.2945852036212619,-0.3914721632065811
2020-02-25,std_20,1968,-0.23796576020086838,-0.30253758171765044
2020-02-26,std_20,1970,-0.2396892441141278,-0.33835442190958553
2020-02-27,std_20,1971,-0.12549274800195323,-0.1296005694100718
2020-02-28,std_20,1970,-0.17283030214595027,-0.2285128766073996
2020-03-02,std_20,1970,-0.14986505040955245,-0.22496887160416051
2020-03-03,std_20,1967,-0.10539992581541685,-0.1947588584854317
2020-03-04,std_20,1969,-0.07655582960679036,-0.19856797676919638
2020-03-05,std_20,1967,-0.07859407684699429,-0.15380767841915527
2020-03-06,std_20,1965,-0.14957411871309295,-0.19582767220378963
2020-03-09,std_20,1964,-0.198957094166873,-0.29728925377738324
2020-03-10,std_20,1964,-0.12987442526515386,-0.24498351466215942
2020-03-11,std_20,1963,-0.002314734478458755,-0.07464713171984293
2020-03-12,std_20,1962,-0.12067305625823115,-0.1516325422223446
2020-03-13,std_20,1963,-0.10970891099768601,-0.07714732758376701
2020-03-16,std_20,1962,-0.1821847097749693,-0.1732122492570329
2020-03-17,std_20,1961,-0.1363418809479358,-0.0929068420092025
2020-03-18,std_20,1962,-0.30554554681190293,-0.3548254412436706
2020-03-19,std_20,1962,-0.34229028070449796,-0.42130372423792506
2020-03-20,std_20,1962,-0.2259976099560217,-0.28977512666067057
2020-03-23,std_20,1960,-0.21535274000357696,-0.3173479462252161
2020-03-24,std_20,1960,-0.2588739754109079,-0.3653980058193498
2020-03-25,std_20,1959,-0.09130653414301733,-0.16933282212749046
2020-03-26,std_20,1959,-0.023478720135245986,-0.12796110919497938
2020-03-27,std_20,1956,0.15017008626737388,0.19238342634216402
2020-03-30,std_20,1956,0.23102798058208154,0.2709551445329074
2020-03-31,std_20,1956,0.25001305615330194,0.3026760988958886
2020-04-01,std_20,1957,0.0066147574497205834,-0.0315047943145017
2020-04-02,std_20,1957,-0.04894245590371736,-0.10491254452939974
2020-04-03,std_20,1955,-0.11710939599602616,-0.17799688859873622
2020-04-07,std_20,1950,-0.10392269500188422,-0.18307580182715819
2020-04-08,std_20,1952,-0.09260994884451205,-0.17177929285817956
2020-04-09,std_20,1952,0.021036587957080438,-0.02147323148367269
2020-04-10,std_20,1951,0.18647499679587912,0.1617142916606002
2020-04-13,std_20,1949,0.13922160935769118,0.08053400312863532
2020-04-14,std_20,1947,0.18768545115628374,0.18706046285263578
2020-04-15,std_20,1947,0.1290844336933329,0.051629974582735945
2020-04-16,std_20,1947,0.038577483006068204,-0.06524235367182578
2020-04-17,std_20,1947,-0.1356755267452888,-0.2066059079025763
2020-04-20,std_20,1935,-0.23274528297535815,-0.2695771626028512
2020-04-21,std_20,1925,-0.35448335226761657,-0.3701426057910285
2020-04-22,std_20,1919,-0.300188868832897,-0.2791387568366398
2020-04-23,std_20,1930,-0.14671977639042233,-0.11327130976143467
2020-04-24,std_20,1934,-0.06056889353357049,-0.033618266831058424
2020-04-27,std_20,1926,0.0255973191411882,0.12507058417767428
2020-04-28,std_20,1908,0.15811032098429847,0.2157774805947178
2020-04-29,std_20,1892,0.2046104992475468,0.25640446248882603
2020-04-30,std_20,1889,0.1324308949474144,0.13098507878273366
2020-05-06,std_20,1889,0.1324516770075726,0.10249908723843558
2020-05-07,std_20,1889,0.1493649457837195,0.0643718148958196
2020-05-08,std_20,1885,0.0072706404564673805,-0.11259776580235993
2020-05-11,std_20,1885,0.013121321620016791,-0.09882817149027605
2020-05-12,std_20,1885,-0.03323232608820687,-0.16435860335713318
2020-05-13,std_20,1886,-0.1260478983370024,-0.2266369476281736
2020-05-14,std_20,1888,-0.1894520585139815,-0.2795600078631341
2020-05-15,std_20,1888,-0.15483075414522676,-0.21369486629753992
2020-05-18,std_20,1887,-0.11374672600959607,-0.16596724414073977
2020-05-19,std_20,1888,-0.13118310630533062,-0.1738063118253942
2020-05-20,std_20,1890,-0.08841787551188021,-0.14700210888738238
2020-05-21,std_20,1890,-0.016397546646328105,-0.06867560416450577
2020-05-22,std_20,1888,0.1450196610938496,0.1381438816148151
2020-05-25,std_20,1892,0.03482536790274036,0.0055772189856953865
2020-05-26,std_20,1890,0.14699981817985877,0.14775955532775434
2020-05-27,std_20,1891,0.1456470828823597,0.17677205078617567
2020-05-28,std_20,1891,0.13198069820996944,0.10764436530667812
2020-05-29,std_20,1890,-0.05379215307604667,-0.09711887094883413
2020-06-01,std_20,1898,0.02590761358867227,-0.03835349125661987
2020-06-02,std_20,1915,-0.021945211038229558,-0.07107603780473178
2020-06-03,std_20,1930,0.02806036214542579,-0.014636350839479397
2020-06-04,std_20,1931,0.045815837995372775,-0.060097763021398506
2020-06-05,std_20,1932,0.097023957911362,0.0025038887687276043
2020-06-08,std_20,1931,0.11103569810681127,0.06433531893020554
2020-06-09,std_20,1930,0.10116281590162053,0.050808765544133466
2020-06-10,std_20,1929,0.03303000557401574,0.001595793470560188
2020-06-11,std_20,1930,0.024394560788078057,0.024337034021193058
2020-06-12,std_20,1927,0.04830571405956414,0.06492072739747314
2020-06-15,std_20,1925,-0.0053581432729859395,0.01239772623930717
2020-06-16,std_20,1923,-0.051789813386938874,-0.044199394146765755
2020-06-17,std_20,1924,0.01242800238452325,0.011874321811900231
2020-06-18,std_20,1920,0.055115564877816665,0.0809840839814588
2020-06-19,std_20,1924,0.03726949965407613,0.005706168909742082
2020-06-22,std_20,1923,-0.029507025386479337,-0.0701597238414708
2020-06-23,std_20,1920,-0.0362582632481635,-0.11152505173965918
2020-06-24,std_20,1919,-0.09252290182303616,-0.18694206464331922
2020-06-29,std_20,1912,-0.030119468366182962,-0.11375068027564432
2020-06-30,std_20,1912,-0.02603747366881683,-0.0814071297689668
2020-07-01,std_20,1916,0.05647753440202186,0.005543064334435679
2020-07-02,std_20,1920,0.19161697541822884,0.1663521374433702
2020-07-03,std_20,1919,0.22559264960001849,0.22928456442928774
2020-07-06,std_20,1918,0.06592101240027264,0.032308637199698634
2020-07-07,std_20,1917,-0.017020062848337316,-0.0901795320772796
2020-07-08,std_20,1921,-0.19943739821073841,-0.2852814713236649
2020-07-09,std_20,1924,-0.2825115274919101,-0.349658099793305
2020-07-10,std_20,1924,-0.2866348654023617,-0.3269599722498852
2020-07-13,std_20,1923,-0.26549343212343407,-0.3065802439168634
2020-07-14,std_20,1926,-0.14064175606249432,-0.17445460846476843
2020-07-15,std_20,1927,0.0340642073393104,-0.004758742581848979
2020-07-16,std_20,1928,-0.06947332644083888,-0.15754270957809882
2020-07-17,std_20,1926,-0.056236192375904416,-0.15944026779291992
2020-07-20,std_20,1923,-0.047893709747659254,-0.14646357570369967
2020-07-21,std_20,1924,-0.0039267776646834274,-0.09625472663698242
2020-07-22,std_20,1924,-0.06575717728075464,-0.17085200586041338
2020-07-23,std_20,1926,0.1378239035514895,0.11566375279486954
2017-02-06,amplitude_20,1806,-0.0015587907851868483,-0.041172344485434144
2017-02-07,amplitude_20,1805,-0.13848145594759637,-0.19832374310412468
2017-02-08,amplitude_20,1805,-0.16057296589790557,-0.23758417604151408
2017-02-09,amplitude_20,1804,-0.1594713286992239,-0.22836989579214215
2017-02-10,amplitude_20,1795,-0.22499241944569615,-0.2895871038485858
2017-02-13,amplitude_20,1796,-0.19426768816562387,-0.2514461095576346
2017-02-14,amplitude_20,1797,-0.04618525285106725,-0.0968923007680335
2017-02-15,amplitude_20,1802,-0.09247942758902193,-0.10631350093213852
2017-02-16,amplitude_20,1801,-0.05258730850675205,-0.011964583610845366
2017-02-17,amplitude_20,1798,-0.020942191252053738,0.03232631203046321
2017-02-20,amplitude_20,1796,-0.06520359257965824,-0.030761011468586952
2017-02-21,amplitude_20,1797,-0.06629487750937131,-0.04799240137330191
2017-02-22,amplitude_20,1797,-0.08702561323268708,-0.07784295512912692
2017-02-23,amplitude_20,1796,-0.08497360617625913,-0.07992896206387484
2017-02-24,amplitude_20,1802,-0.03959613778626138,-0.0038901765862327862
2017-02-27,amplitude_20,1802,-0.10873443928124867,-0.05968886506406452
2017-02-28,amplitude_20,1807,-0.1381139727659125,-0.11037315516922891
2017-03-01,amplitude_20,1808,-0.08995284458926127,-0.0911934098045076
2017-03-02,amplitude_20,1807,-0.03331277469377296,-0.07996122928355809
2017-03-03,amplitude_20,1803,-0.045959289381884406,-0.09247930874696972
2017-03-06,amplitude_20,1805,0.052649811593532464,-0.021570551528747088
2017-03-07,amplitude_20,1806,0.04537030229195745,-0.0209107975518063
2017-03-08,amplitude_20,1804,0.10718764893778,0.05865223599325457
2017-03-09,amplitude_20,1808,0.05074993997754282,-0.017755831814552394
2017-03-10,amplitude_20,1795,0.027937576658010617,-0.07843894575025841
2017-03-13,amplitude_20,1798,-0.02692284061431724,-0.05230484878646157
2017-03-14,amplitude_20,1802,0.014275966367907792,-0.012394106421478356
2017-03-15,amplitude_20,1803,0.02081376197712104,-0.04075886242726713
2017-03-16,amplitude_20,1806,0.014193859873284823,-0.025642943654601295
2017-03-17,amplitude_20,1799,0.04919852137344652,0.0060069634812141455
2017-03-20,amplitude_20,1802,0.03542897044528764,-0.03806402917404787
2017-03-21,amplitude_20,1805,-0.033475725992407154,-0.07145564525207532
2017-03-22,amplitude_20,1807,-0.13786043272995538,-0.17171079027750363
2017-03-23,amplitude_20,1806,-0.1386587113398316,-0.17837562716346497
2017-03-24,amplitude_20,1799,-0.0897660299808512,-0.10120441970926736
2017-03-27,amplitude_20,1795,-0.06061493892586592,-0.07262912790157677
2017-03-28,amplitude_20,1799,-0.09415409227136398,-0.09890031780873698
2017-03-29,amplitude_20,1794,-0.10398165141220574,-0.1410994173820861
2017-03-30,amplitude_20,1793,-0.08992108042987536,-0.1477505363297327
2017-03-31,amplitude_20,1799,-0.17263562000298827,-0.30564157914058016
2017-04-05,amplitude_20,1783,-0.26182082207459945,-0.3242552185106473
2017-04-06,amplitude_20,1776,-0.2811178508627256,-0.3239994232438945
2017-04-07,amplitude_20,1777,-0.2485832279680311,-0.27395848233353315
2017-04-10,amplitude_20,1779,-0.20425392664230532,-0.23603476195697295
2017-04-11,amplitude_20,1776,-0.048544821610773954,-0.07762054268454922
2017-04-12,amplitude_20,1761,-0.09394752353678226,-0.13750754255027384
2017-04-13,amplitude_20,1754,-0.16120154494852956,-0.180260358356788
2017-04-14,amplitude_20,1751,-0.2031639937345942,-0.17843296172248507
2017-04-17,amplitude_20,1755,-0.209268968033868,-0.18664810717821312
2017-04-18,amplitude_20,1754,-0.20125239224689434,-0.19768212778730912
2017-04-19,amplitude_20,1744,-0.0546987926420489,-0.07584154177077265
2017-04-20,amplitude_20,1738,0.11992190518501038,0.09456941237746878
2017-04-21,amplitude_20,1734,0.38055248096244265,0.34849281666077386
2017-04-24,amplitude_20,1742,0.3152007420166435,0.3084320840054424
2017-04-25,amplitude_20,1744,0.2734665673957354,0.2647837234996848
2017-04-26,amplitude_20,1747,0.13883806909241864,0.07805534518918637
2017-04-27,amplitude_20,1747,-0.16365240042805176,-0.1890884197013047
2017-04-28,amplitude_20,1741,-0.26915944828133637,-0.24574453301023133
2017-05-02,amplitude_20,1741,-0.28980503070877434,-0.25466001335939115
2017-05-03,amplitude_20,1740,-0.23940803645013137,-0.20326130869565887
2017-05-04,amplitude_20,1731,-0.17581131323831564,-0.14631415928620806
2017-05-05,amplitude_20,1732,0.037413956016959994,0.029589134078724592
2017-05-08,amplitude_20,1725,0.14225509520519553,0.10384047621366341
2017-05-09,amplitude_20,1728,0.3419631523261506,0.27607598722643056
2017-05-10,amplitude_20,1736,0.18478677261046417,0.15687218282790022
2017-05-11,amplitude_20,1741,0.1384679241772611,0.1288476782909069
2017-05-12,amplitude_20,1742,0.010228885680438067,-0.034131997431982135
2017-05-15,amplitude_20,1752,-0.3367053517307675,-0.35877162890003533
2017-05-16,amplitude_20,1756,-0.313893101541612,-0.3505477197970054
2017-05-17,amplitude_20,1753,-0.2565455455598851,-0.33553682540920704
2017-05-18,amplitude_20,1756,-0.25197003309439825,-0.31251539012437907
2017-05-19,amplitude_20,1756,-0.21897088487432137,-0.28181140845181074
2017-05-22,amplitude_20,1755,-0.22170941087765397,-0.2751092360622948
2017-05-23,amplitude_20,1758,-0.22521445945581722,-0.27477574641829494
2017-05-24,amplitude_20,1758,-0.1587445474416635,-0.16095923546827098
2017-05-25,amplitude_20,1757,-0.22012596399502293,-0.17280790691435327
2017-05-26,amplitude_20,1765,0.033584981299914475,0.09150878048310862
2017-05-31,amplitude_20,1773,0.3203978807147273,0.39453905718681054
2017-06-01,amplitude_20,1778,0.2037297452819614,0.2637108344965591
2017-06-02,amplitude_20,1774,-0.00865896230746274,-0.060899130716232035
2017-06-05,amplitude_20,1773,0.14645566759269762,0.09150827395502578
2017-06-06,amplitude_20,1774,0.012367626348931678,-0.04093745399341506
2017-06-07,amplitude_20,1771,0.07597710042465375,0.11334214224824296
2017-06-08,amplitude_20,1769,0.1133213409496078,0.13971613252761156
2017-06-09,amplitude_20,1768,0.18169146490188662,0.2551901084186812
2017-06-12,amplitude_20,1769,0.10441743807814191,0.16756462533745106
2017-06-13,amplitude_20,1770,0.049937449936266635,0.09525739151787095
2017-06-14,amplitude_20,1764,-0.26057848735930483,-0.31495247942870064
2017-06-15,amplitude_20,1766,-0.27247606782144934,-0.32877780591004807
2017-06-16,amplitude_20,1769,-0.26612282651536007,-0.32967285010629255
2017-06-19,amplitude_20,1771,-0.29436945751977406,-0.32333045494515317
2017-06-20,amplitude_20,1769,-0.30165329373144034,-0.3373510597984997
2017-06-21,amplitude_20,1771,-0.11333672494768138,-0.11076380159427235
2017-06-22,amplitude_20,1768,-0.17429323056629478,-0.18563730068463294
2017-06-23,amplitude_20,1770,-0.08577860680461089,-0.09849511956931375
2017-06-26,amplitude_20,1771,-0.016692154004472718,-0.03670434661578179
2017-06-27,amplitude_20,1772,0.07980039341834956,0.08180271095138723
2017-06-28,amplitude_20,1769,0.12917435114861836,0.0959945713412823
2017-06-29,amplitude_20,1769,0.13604707519785603,0.09927134554103105
2017-06-30,amplitude_20,1767,-0.005539164745180089,-0.08674632035038371
2017-07-03,amplitude_20,1769,-0.1128941459317788,-0.21222659258999135
2017-07-04,amplitude_20,1763,-0.08849105009133777,-0.196333420848916
2017-07-05,amplitude_20,1763,-0.21088321632597024,-0.2849336034107431
2017-07-06,amplitude_20,1766,-0.2273059268675081,-0.28148490316210734
2017-07-07,amplitude_20,1766,-0.27041782042654605,-0.31004590823909994
2017-07-10,amplitude_20,1761,-0.11380086408945228,-0.18924314224145564
2017-07-11,amplitude_20,1762,-0.11564200419928108,-0.19170864541603322
2017-07-12,amplitude_20,1766,-0.0401785434565057,-0.12199527286484643
2017-07-13,amplitude_20,1771,0.023659383242531036,-0.06422264944083221
2017-07-14,amplitude_20,1771,0.15498309738042848,0.12779393664961386
2017-07-17,amplitude_20,1773,0.11662235417108463,0.05629144480974073
2017-07-18,amplitude_20,1777,0.06123271913680052,-0.023488300084136302
2017-07-19,amplitude_20,1777,-0.00047422872830804916,0.014911556998534121
2017-07-20,amplitude_20,1779,0.0799086827601781,0.04634952888890515
2017-07-21,amplitude_20,1777,0.19608438267868364,0.13577720879626082
2017-07-24,amplitude_20,1775,0.10846052690434202,0.07945589445759635
2017-07-25,amplitude_20,1776,0.05611791913928079,-0.017983401885858123
2017-07-26,amplitude_20,1778,0.16953513255817304,-0.003566510653693648
2017-07-27,amplitude_20,1773,-0.016112605789753407,-0.10517627670964404
2017-07-28,amplitude_20,1773,-0.10006336895828422,-0.1577476433545877
2017-07-31,amplitude_20,1773,-0.00221716571981032,-0.03824672192476364
2017-08-01,amplitude_20,1776,0.0717370245242962,0.022302945319339657
2017-08-02,amplitude_20,1776,0.024534567564880642,-0.04884504620305043
2017-08-03,amplitude_20,1776,-0.09684265601501975,-0.12260571593971759
2017-08-04,amplitude_20,1775,-0.09589946990460438,-0.08369655508234616
2017-08-07,amplitude_20,1774,-0.10324050356912073,-0.08216502008038346
2017-08-08,amplitude_20,1778,-0.207563387897146,-0.08617787075103557
2017-08-09,amplitude_20,1775,-0.18493308732802569,-0.07492725471049463
2017-08-10,amplitude_20,1780,-0.03164425920994283,0.011505899476979484
2017-08-11,amplitude_20,1784,-0.04688725728861552,-0.05690091672086205
2017-08-14,amplitude_20,1780,-0.08422366910470216,-0.09921211361651346
2017-08-15,amplitude_20,1780,-0.1543711048051561,-0.19544466450486964
2017-08-16,amplitude_20,1777,-0.24870161552934722,-0.32209471946259427
2017-08-17,amplitude_20,1779,-0.08756769044612235,-0.17236978214673768
2017-08-18,amplitude_20,1785,-0.13896352678553792,-0.19758525603053992
2017-08-21,amplitude_20,1785,-0.10210948540184517,-0.15300997690365967
2017-08-22,amplitude_20,1785,0.21975287669193141,0.11233087785374136
2017-08-23,amplitude_20,1787,0.32708781174753676,0.21127880304249683
2017-08-24,amplitude_20,1793,0.38740976857943454,0.27976066117438314
2017-08-25,amplitude_20,1792,0.3744482367412419,0.29536470044032714
2017-08-28,amplitude_20,1800,0.3196243283165772,0.2531204793802436
2017-08-29,amplitude_20,1804,0.2239810145237103,0.1897900811024117
2017-08-30,amplitude_20,1792,0.0899790492214031,0.0358097401891764
2017-08-31,amplitude_20,1787,-0.04900133859765769,-0.09918226565935415
2017-09-01,amplitude_20,1789,0.014497172284198011,-0.09637838558507542
2017-09-04,amplitude_20,1791,0.08211320244810456,-0.015650592733764953
2017-09-05,amplitude_20,1795,0.06730802754195034,-0.05142678259609605
2017-09-06,amplitude_20,1793,0.08473245502370949,-0.0018501868742840267
2017-09-07,amplitude_20,1791,-0.09812151409593718,-0.14502481937048506
2017-09-08,amplitude_20,1790,-0.17486452103932248,-0.20014287185304735
2017-09-11,amplitude_20,1793,-0.2268520097011991,-0.23123189868635347
2017-09-12,amplitude_20,1791,-0.14343316522332186,-0.16399147410638903
2017-09-13,amplitude_20,1791,-0.23613358109847615,-0.22300261540456762
2017-09-14,amplitude_20,1792,-0.09295520305336695,-0.11411737745145255
2017-09-15,amplitude_20,1791,-0.2551237902408912,-0.2661835735358942
2017-09-18,amplitude_20,1791,-0.14004908940655889,-0.14842442121495478
2017-09-19,amplitude_20,1789,-0.15397262264048636,-0.16700847156726303
2017-09-20,amplitude_20,1788,-0.023662004990547204,-0.0507101158849484
2017-09-21,amplitude_20,1788,0.037902680846289505,0.048513746564371366
2017-09-22,amplitude_20,1786,0.24333185549926842,0.28331897155529806
2017-09-25,amplitude_20,1786,0.0026307352271896143,0.0429130936682275
2017-09-26,amplitude_20,1784,-0.2450476884388119,-0.21795601930501537
2017-09-27,amplitude_20,1782,-0.2550001282902471,-0.19826149298237147
2017-09-28,amplitude_20,1791,-0.29125262657377665,-0.2488774875393082
2017-09-29,amplitude_20,1789,-0.4259526101521251,-0.4026762407810829
2017-10-09,amplitude_20,1790,-0.35593976964114216,-0.3635695736537041
2017-10-10,amplitude_20,1788,-0.31230665489262727,-0.352288059723539
2017-10-11,amplitude_20,1787,-0.23710400287645375,-0.29290245609376714
2017-10-12,amplitude_20,1787,-0.17633948833646673,-0.23436597626329211
2017-10-13,amplitude_20,1791,-0.07189123024892644,-0.09239414850333014
2017-10-16,amplitude_20,1795,-0.058553254776980035,-0.11187782846949093
2017-10-17,amplitude_20,1797,0.10702938162500614,0.10573944107814244
2017-10-18,amplitude_20,1796,0.097219800412622,0.11848641802124564
2017-10-19,amplitude_20,1796,-0.07067551914211588,-0.08074365947088634
2017-10-20,amplitude_20,1799,-0.16442348835861856,-0.22944020101460325
2017-10-23,amplitude_20,1803,-0.06616447795731262,-0.14355802743471416
2017-10-24,amplitude_20,1804,-0.054421427363081996,-0.14813970683139638
2017-10-25,amplitude_20,1813,-0.1095789126935266,-0.1751105848348193
2017-10-26,amplitude_20,1813,-0.04840125217714758,-0.10759650072387707
2017-10-27,amplitude_20,1811,0.13978853774718283,0.13235881789083323
2017-10-30,amplitude_20,1815,0.07998640716009693,0.04617841706235774
2017-10-31,amplitude_20,1816,0.06846021253741637,0.06377413763462883
2017-11-01,amplitude_20,1820,0.1568227490346354,0.1762863268578995
2017-11-02,amplitude_20,1822,0.21106687339237956,0.22287927060731402
2017-11-03,amplitude_20,1822,0.14435334009241313,0.08952833372823936
2017-11-06,amplitude_20,1824,0.08656692422687011,0.06367175283460824
2017-11-07,amplitude_20,1824,0.017432217245194236,-0.0157542136368481
2017-11-08,amplitude_20,1824,-0.006879581733178488,-0.06435316494554101
2017-11-09,amplitude_20,1825,-0.2123857080493148,-0.24122546827615857
2017-11-10,amplitude_20,1817,-0.15633643702029962,-0.19795272101831837
2017-11-13,amplitude_20,1813,-0.07447542747470819,-0.11560612073496349
2017-11-14,amplitude_20,1809,-0.025718331871116756,-0.06485151606713631
2017-11-15,amplitude_20,1803,-0.1459161255920309,-0.1614884790941526
2017-11-16,amplitude_20,1800,-0.051428595400744716,-0.08537500734579966
2017-11-17,amplitude_20,1800,-0.3264949392974262,-0.3083158722563817
2017-11-20,amplitude_20,1794,-0.21338069381195937,-0.19202113290259018
2017-11-21,amplitude_20,1799,-0.20608148439828614,-0.19235034532320894
2017-11-22,amplitude_20,1796,-0.13581844410821975,-0.10141380637403123
2017-11-23,amplitude_20,1798,-0.03379295387096022,-0.02811130866574985
2017-11-24,amplitude_20,1800,0.16381231169478913,0.10627047508703415
2017-11-27,amplitude_20,1804,-0.09279948226503874,-0.13560426955802665
2017-11-28,amplitude_20,1799,0.037728125050149476,-0.044441252111324166
2017-11-29,amplitude_20,1795,0.03067244407892573,-0.027478966151574
2017-11-30,amplitude_20,1792,0.027578096314648883,-0.00543653420656793
2017-12-01,amplitude_20,1791,0.1441590689070576,0.14596505072517524
2017-12-04,amplitude_20,1793,0.24685275774046114,0.259441210507294
2017-12-05,amplitude_20,1795,0.19308197330843888,0.210327293151631
2017-12-06,amplitude_20,1793,0.2561706552713706,0.24607287394469085
2017-12-07,amplitude_20,1792,0.08882320478791837,0.10760584631709845
2017-12-08,amplitude_20,1783,-0.14009260166229512,-0.10794897745309129
2017-12-11,amplitude_20,1782,-0.08056119374646643,-0.011445283995823655
2017-12-12,amplitude_20,1784,-0.15432454482291863,-0.11077566270058657
2017-12-13,amplitude_20,1778,-0.05805569263505899,-0.042151644258815006
2017-12-14,amplitude_20,1781,0.015649096877329287,-0.006257028828774983
2017-12-15,amplitude_20,1779,0.07800076706852874,0.010586686881217718
2017-12-18,amplitude_20,1774,0.0023783396027445025,-0.04523510804476241
2017-12-19,amplitude_20,1774,-0.08938869080053846,-0.0938392763216896
2017-12-20,amplitude_20,1772,-0.18231158958129612,-0.1859661738936163
2017-12-21,amplitude_20,1771,-0.13947251978911582,-0.12537511205846205
2017-12-22,amplitude_20,1772,-0.046556291436923865,-0.044974961984392346
2017-12-25,amplitude_20,1773,0.05330037373270215,0.03149929500809621
2017-12-26,amplitude_20,1775,0.16014930294317425,0.08176566978311478
2017-12-27,amplitude_20,1777,0.05273737836469426,-0.03459703940200526
2017-12-28,amplitude_20,1777,-0.025864678698308125,-0.1250936051705299
2017-12-29,amplitude_20,1777,-0.06952062738987488,-0.14512762248605426
2018-01-02,amplitude_20,1777,-0.0863491757573444,-0.16691105528987515
2018-01-03,amplitude_20,1780,-0.11712385354191872,-0.17208538140269694
2018-01-04,amplitude_20,1780,-0.0807678439227758,-0.11017734500718256
2018-01-05,amplitude_20,1783,-0.1536165036831051,-0.1730848628011289
2018-01-08,amplitude_20,1784,-0.1398318408644574,-0.17838400446296482
2018-01-09,amplitude_20,1778,-0.247797793647662,-0.2654601619061162
2018-01-10,amplitude_20,1771,-0.18856595272873833,-0.20686581042143906
2018-01-11,amplitude_20,1776,-0.22426402224590525,-0.2616669277223348
2018-01-12,amplitude_20,1777,-0.08928390306912296,-0.09174099851156103
2018-01-15,amplitude_20,1780,-0.11035742563762377,-0.12563202201246612
2018-01-16,amplitude_20,1780,0.03521549421438661,0.009747381480823747
2018-01-17,amplitude_20,1783,0.003899838343343027,-0.014243623616261547
2018-01-18,amplitude_20,1788,0.05901523588831937,0.035100916339305614
2018-01-19,amplitude_20,1787,-0.056963401227083134,-0.11998510641696374
2018-01-22,amplitude_20,1790,-0.11946855295418049,-0.17008406013063562
2018-01-23,amplitude_20,1792,-0.1175178756360727,-0.16047889445713148
2018-01-24,amplitude_20,1784,-0.022671530556676533,-0.06059209265886002
2018-01-25,amplitude_20,1761,0.03203874466178423,-0.00892628210678855
2018-01-26,amplitude_20,1734,0.05224437037185319,0.02276283016813108
2018-01-29,amplitude_20,1723,0.02588386596051853,-0.011043016133498978
2018-01-30,amplitude_20,1721,-0.02132785278495085,-0.05343948940612414
2018-01-31,amplitude_20,1717,-0.0504554810298785,-0.08643264817623839
2018-02-01,amplitude_20,1719,-0.1752258855613154,-0.18608782338761667
2018-02-02,amplitude_20,1720,-0.06806746257096281,-0.0475219744775293
2018-02-05,amplitude_20,1721,0.0549585587307371,0.09348651633366015
2018-02-06,amplitude_20,1724,0.1285396897517486,0.15092497689803747
2018-02-07,amplitude_20,1723,0.2555301652123115,0.255914192437675
2018-02-08,amplitude_20,1723,0.35966516321771175,0.35281059639673673
2018-02-09,amplitude_20,1727,0.36025262315576284,0.37587661126658056
2018-02-12,amplitude_20,1732,0.3348281256728917,0.37716406346323267
2018-02-13,amplitude_20,1727,0.31648762629939864,0.3344489937268891
2018-02-14,amplitude_20,1729,0.22465441005503553,0.24362546317631897
2018-02-22,amplitude_20,1736,0.17205381274602954,0.2130471608716889
2018-02-23,amplitude_20,1733,0.08466837432712625,0.1391146204865243
2018-02-26,amplitude_20,1734,0.0902278686775254,0.13376400817197756
2018-02-27,amplitude_20,1731,0.0479525553726195,0.03061054249786638
2018-02-28,amplitude_20,1730,-0.049798781074157104,-0.12307916127284894
2018-03-01,amplitude_20,1730,0.12662776415518903,0.14422003094291286
2018-03-02,amplitude_20,1729,0.18745973769360472,0.20552719547100803
2018-03-05,amplitude_20,1729,0.14753504604413564,0.18090584242077895
2018-03-06,amplitude_20,1731,0.12427548882892395,0.16520310157039772
2018-03-07,amplitude_20,1737,0.16233843572975934,0.17700597755175948
2018-03-08,amplitude_20,1737,-0.01699176767040886,-0.07252947376000482
2018-03-09,amplitude_20,1735,-0.11049119272107898,-0.1753617725495053
2018-03-12,amplitude_20,1728,-0.0706345162563694,-0.1245332387227291
2018-03-13,amplitude_20,1731,-0.07119563113326752,-0.14589916325349273
2018-03-14,amplitude_20,1730,-0.11918721583638599,-0.18207896969804846
2018-03-15,amplitude_20,1733,-0.17494687550865995,-0.28450771889787574
2018-03-16,amplitude_20,1737,-0.07216644304715744,-0.19899253770225778
2018-03-19,amplitude_20,1737,0.03992058329144129,-0.055866874399866165
2018-03-20,amplitude_20,1739,0.1113935150325641,0.0673264251845892
2018-03-21,amplitude_20,1747,0.14450335509589188,0.10247406563874938
2018-03-22,amplitude_20,1755,0.3864747857730276,0.41054472121351043
2018-03-23,amplitude_20,1765,0.3088240390028975,0.3340515944188369
2018-03-26,amplitude_20,1770,0.128026589241283,0.12579963340951744
2018-03-27,amplitude_20,1764,0.020120221510930847,0.018429431652133496
2018-03-28,amplitude_20,1761,0.05462149222449621,0.041327539367547086
2018-03-29,amplitude_20,1764,-0.22242849940179066,-0.2672136904599385
2018-03-30,amplitude_20,1762,-0.23754228182077325,-0.2642724985281863
2018-04-02,amplitude_20,1768,-0.18071595414755015,-0.21730901807418446
2018-04-03,amplitude_20,1770,-0.06011198465990759,-0.10402816861491967
2018-04-04,amplitude_20,1765,0.06976769760705444,0.02473037800084442
2018-04-09,amplitude_20,1762,0.006468171830462873,-0.06732437800303821
2018-04-10,amplitude_20,1761,0.11706145858862091,0.017074420770507973
2018-04-11,amplitude_20,1761,0.10021117471946807,0.03289853658713314
2018-04-12,amplitude_20,1761,0.034706477959463425,-0.04910086775145574
2018-04-13,amplitude_20,1766,-0.22109708826912067,-0.24569217058998488
2018-04-16,amplitude_20,1764,0.016518055659977614,0.030911139662548902
2018-04-17,amplitude_20,1766,-0.04051382941769077,-0.04180505982806398
2018-04-18,amplitude_20,1763,-0.08840952722471968,-0.10545626236112061
2018-04-19,amplitude_20,1769,-0.08174372535463695,-0.06614400350458514
2018-04-20,amplitude_20,1759,-0.012409683086049842,-0.028049243360755344
2018-04-23,amplitude_20,1765,-0.04938553471378362,-0.07611992740585953
2018-04-24,amplitude_20,1766,-0.15730586747109618,-0.17568934500771607
2018-04-25,amplitude_20,1762,-0.01647865509276151,0.01837071683617568
2018-04-26,amplitude_20,1758,0.06855423543384852,0.10421916331836512
2018-04-27,amplitude_20,1756,0.16221394268652675,0.20073655669270052
2018-05-02,amplitude_20,1760,0.0256437371021999,0.04271563184585565
2018-05-03,amplitude_20,1764,-0.0339222693258627,-0.06351813262335522
2018-05-04,amplitude_20,1768,-0.21744323340128416,-0.22929264136422187
2018-05-07,amplitude_20,1768,-0.16675053634936618,-0.18421401069152074
2018-05-08,amplitude_20,1769,-0.1957150129947173,-0.22959398694646607
2018-05-09,amplitude_20,1769,-0.19397408735141575,-0.24647053017108353
2018-05-10,amplitude_20,1769,-0.09579554784811474,-0.14235429046085105
2018-05-11,amplitude_20,1766,0.07022738353578341,0.024625224395163615
2018-05-14,amplitude_20,1770,-0.004904810184982888,-0.06998906822280365
2018-05-15,amplitude_20,1774,0.08869883587090578,0.03338236493894802
2018-05-16,amplitude_20,1771,0.11896970484275751,0.06449368579486325
2018-05-17,amplitude_20,1771,0.06998671384966315,0.0012341160759599837
2018-05-18,amplitude_20,1773,-0.0012130117014935921,-0.09901832410545557
2018-05-21,amplitude_20,1769,-0.11070593159481994,-0.20191019964045323
2018-05-22,amplitude_20,1768,-0.12239760270418276,-0.20956681823670711
2018-05-23,amplitude_20,1763,-0.09206888705755518,-0.17862563100420537
2018-05-24,amplitude_20,1760,-0.18872025298964257,-0.2169734759158652
2018-05-25,amplitude_20,1762,-0.1982373368147176,-0.22429942498163358
2018-05-28,amplitude_20,1764,0.014790015911721606,0.019287970392162946
2018-05-29,amplitude_20,1776,0.07127595481412648,0.1223125802535856
2018-05-30,amplitude_20,1778,-0.038653020306083544,-0.05997349399652816
2018-05-31,amplitude_20,1780,0.19271583276914137,0.1717661533431972
2018-06-01,amplitude_20,1788,0.15228018033489116,0.07989839136708497
2018-06-04,amplitude_20,1787,0.04170505406502958,-0.018779560056843562
2018-06-05,amplitude_20,1787,-0.049255611313871246,-0.09133561761397213
2018-06-06,amplitude_20,1787,-0.07937479630379224,-0.09182978771747412
2018-06-07,amplitude_20,1783,-0.2517279998367793,-0.26988540325265825
2018-06-08,amplitude_20,1774,-0.1715201841426839,-0.1732479848695536
2018-06-11,amplitude_20,1778,-0.11023575973579289,-0.12746489633761385
2018-06-12,amplitude_20,1778,-0.10417108983031645,-0.1277605566221372
2018-06-13,amplitude_20,1779,-0.030279568708317675,-0.06364926112035887
2018-06-14,amplitude_20,1782,0.08055350527761211,0.03615946654447105
2018-06-15,amplitude_20,1783,0.16879250792010972,0.1678327147901364
2018-06-19,amplitude_20,1786,0.08957623742648994,0.05405302952470946
2018-06-20,amplitude_20,1787,0.11127562100000309,0.10998937242120219
2018-06-21,amplitude_20,1790,0.1699135686129568,0.18678988220016599
2018-06-22,amplitude_20,1792,0.1988882397189443,0.21315713364599811
2018-06-25,amplitude_20,1798,0.14137059212984612,0.1626825327502805
2018-06-26,amplitude_20,1798,0.1131771744994532,0.11046180891824203
2018-06-27,amplitude_20,1799,0.09440227264577056,0.05232442127032
2018-06-28,amplitude_20,1800,-0.03274706997786458,-0.08935205180719125
2018-06-29,amplitude_20,1800,-0.07985601033469356,-0.06204221378401787
2018-07-02,amplitude_20,1808,-0.10921110826463348,-0.13775942033192037
2018-07-03,amplitude_20,1811,-0.026109604873422478,-0.07838868061258317
2018-07-04,amplitude_20,1813,0.11171966830923778,0.12859153780184027
2018-07-05,amplitude_20,1817,0.08652813496485777,0.08577281699194728
2018-07-06,amplitude_20,1820,0.04983851751132816,0.0611303366142997
2018-07-09,amplitude_20,1825,0.06400146481921644,0.060686456719047537
2018-07-10,amplitude_20,1828,0.05631073485446538,0.0790521370401303
2018-07-11,amplitude_20,1832,-0.07497891147586955,-0.11293653339551309
2018-07-12,amplitude_20,1837,-0.0703240487216121,-0.11974056487602609
2018-07-13,amplitude_20,1839,-0.09678513873512551,-0.1510926793903859
2018-07-16,amplitude_20,1842,-0.1693565011037004,-0.24083092367232758
2018-07-17,amplitude_20,1846,-0.1065908724960844,-0.1421865299346268
2018-07-18,amplitude_20,1847,-0.10442331719305759,-0.16196308453811034
2018-07-19,amplitude_20,1847,-0.1663425336257957,-0.23610804325323023
2018-07-20,amplitude_20,1849,-0.2711974857496701,-0.3420182752920437
2018-07-23,amplitude_20,1853,-0.28634890489713505,-0.3542725518247307
2018-07-24,amplitude_20,1856,-0.312642993078218,-0.4147940156645233
2018-07-25,amplitude_20,1862,-0.25624365094563767,-0.33384863391810404
2018-07-26,amplitude_20,1865,-0.30201960492061586,-0.4030722999410972
2018-07-27,amplitude_20,1875,-0.2646935683482223,-0.36414502327984644
2018-07-30,amplitude_20,1882,-0.20697111847822613,-0.2821552585094483
2018-07-31,amplitude_20,1882,-0.23786531589373947,-0.26745067641617987
2018-08-01,amplitude_20,1884,-0.15061892643733854,-0.14526281612052383
2018-08-02,amplitude_20,1886,0.05468370609660343,0.06925276078641383
2018-08-03,amplitude_20,1887,0.19800976899919087,0.20969845850898094
2018-08-06,amplitude_20,1891,0.1753837051846273,0.1753578930133958
2018-08-07,amplitude_20,1891,0.2320697445002859,0.19798029140464934
2018-08-08,amplitude_20,1890,0.038569328353340045,-0.021984651418799375
2018-08-09,amplitude_20,1889,-0.15538847618618815,-0.24341788118281768
2018-08-10,amplitude_20,1892,-0.21375895243773996,-0.27655312877553206
2018-08-13,amplitude_20,1893,-0.15937021134678767,-0.205564232237789
2018-08-14,amplitude_20,1895,-0.2008073138316749,-0.23219261041305414
2018-08-15,amplitude_20,1894,-0.0953472065081248,-0.10918831395787269
2018-08-16,amplitude_20,1898,-0.010649128076955169,-0.012241232348685183
2018-08-17,amplitude_20,1898,0.09026684970036196,0.08608598219999718
2018-08-20,amplitude_20,1897,0.03454744634818739,0.02983065564904836
2018-08-21,amplitude_20,1899,0.09821105108871084,0.0999844850921336
2018-08-22,amplitude_20,1895,-0.06472773815682081,-0.10113763633841122
2018-08-23,amplitude_20,1894,-0.09180698629077183,-0.1496589255168327
2018-08-24,amplitude_20,1897,-0.1352794657753206,-0.21998671440653642
2018-08-27,amplitude_20,1899,-0.06810568988255923,-0.1486230530541313
2018-08-28,amplitude_20,1901,-0.06514331948734979,-0.16082768472149733
2018-08-29,amplitude_20,1902,0.002998686808013386,-0.0715682611976133
2018-08-30,amplitude_20,1903,0.08927829419378787,0.016561692879323898
2018-08-31,amplitude_20,1901,-0.03904168248649141,-0.1500915101231163
2018-09-03,amplitude_20,1904,-0.0434273461442131,-0.1373472558793319
2018-09-04,amplitude_20,1903,-0.0915902788932656,-0.12073890086457693
2018-09-05,amplitude_20,1902,-0.0664028809878782,-0.08694668938830363
2018-09-06,amplitude_20,1901,-0.19813717585152552,-0.2434563282394738
2018-09-07,amplitude_20,1901,-0.1243277123370635,-0.18048007676409078
2018-09-10,amplitude_20,1904,-0.11557566302891648,-0.16806514043062756
2018-09-11,amplitude_20,1903,-0.02153249099245941,-0.09418950466886104
2018-09-12,amplitude_20,1905,-0.009349840782503668,-0.0968758089051198
2018-09-13,amplitude_20,1909,0.1351120221425688,0.09584236802448551
2018-09-14,amplitude_20,1910,0.18043731073070512,0.17681139517498942
2018-09-17,amplitude_20,1913,0.10115278873051112,0.08410728757951995
2018-09-18,amplitude_20,1909,-0.06730368161659096,-0.11425565310832721
2018-09-19,amplitude_20,1911,-0.11298906465421536,-0.1437021888135715
2018-09-20,amplitude_20,1908,-0.20703070760106526,-0.27969483861713584
2018-09-21,amplitude_20,1913,-0.22634723355873285,-0.30454489525727574
2018-09-25,amplitude_20,1915,-0.23261571653543855,-0.3216417116245588
2018-09-26,amplitude_20,1909,-0.12474422571612911,-0.196004611138782
2018-09-27,amplitude_20,1916,-0.0647576523337682,-0.144596222013631
2018-09-28,amplitude_20,1912,0.03228607517099524,-0.006721648793394523
2018-10-08,amplitude_20,1913,0.013584325876948826,-0.032139620289251596
2018-10-09,amplitude_20,1912,0.03505708637486014,0.0006554746521243058
2018-10-10,amplitude_20,1910,-0.03557236745744193,-0.0544352206639589
2018-10-11,amplitude_20,1908,-0.044024464276564,-0.03725764864097986
2018-10-12,amplitude_20,1904,0.008679205286173726,0.021133994709390962
2018-10-15,amplitude_20,1906,0.06903887722833078,0.06490377241872514
2018-10-16,amplitude_20,1905,0.018423830662204994,0.016047795413463357
2018-10-17,amplitude_20,1903,0.04416078356806839,0.03633460134307216
2018-10-18,amplitude_20,1905,-0.07192353086519782,-0.09669552875885273
2018-10-19,amplitude_20,1905,-0.18302359114662645,-0.23613547767067813
2018-10-22,amplitude_20,1906,-0.23070892327137707,-0.2967917064341559
2018-10-23,amplitude_20,1902,-0.17042312952779493,-0.20748834316438555
2018-10-24,amplitude_20,1901,-0.04811232970458694,-0.06343980565567768
2018-10-25,amplitude_20,1902,0.15165351660574045,0.18180202099563503
2018-10-26,amplitude_20,1904,0.2913455718693993,0.3184813094950299
2018-10-29,amplitude_20,1905,0.20564598164053743,0.2275801674198351
2018-10-30,amplitude_20,1906,0.19696823857435491,0.2058603187291138
2018-10-31,amplitude_20,1908,0.12844128403902516,0.12818997632099058
2018-11-01,amplitude_20,1906,0.02801409793707659,-0.016549420869082506
2018-11-02,amplitude_20,1907,0.020784509190597582,-0.00983373941985661
2018-11-05,amplitude_20,1914,0.1006622002219997,0.05706663849904167
2018-11-06,amplitude_20,1913,0.09073878920662715,0.06151652014554696
2018-11-07,amplitude_20,1913,0.13369667126788246,0.16108581701018262
2018-11-08,amplitude_20,1917,0.14185803460980173,0.14393938848401763
2018-11-09,amplitude_20,1915,0.03678599152958566,-0.02131620845269268
2018-11-12,amplitude_20,1916,-0.01001509607798952,-0.1077993648978961
2018-11-13,amplitude_20,1916,0.028402698711266855,-0.06124062258588316
2018-11-14,amplitude_20,1917,0.004314023685685273,-0.11410292548066009
2018-11-15,amplitude_20,1919,-0.17088270978884793,-0.28628440221012186
2018-11-16,amplitude_20,1916,-0.16857058973001796,-0.2415112705478534
2018-11-19,amplitude_20,1914,-0.09385809762173826,-0.13194579651081775
2018-11-20,amplitude_20,1914,-0.2245847127455039,-0.20319733029334858
2018-11-21,amplitude_20,1913,-0.3294527913267416,-0.3383750070442064
2018-11-22,amplitude_20,1918,-0.1810826480135527,-0.1625962496077891
2018-11-23,amplitude_20,1917,-0.0974203241501674,-0.04002942069195773
2018-11-26,amplitude_20,1920,-0.0811851123049249,-0.08003632740154625
2018-11-27,amplitude_20,1920,-0.1292175938794217,-0.15537117655807595
2018-11-28,amplitude_20,1924,-0.041068280513515104,-0.015561345843579887
2018-11-29,amplitude_20,1928,-0.00835059738821159,-0.014727538970137611
2018-11-30,amplitude_20,1929,-0.09902949708557772,-0.1641186961308575
2018-12-03,amplitude_20,1927,-0.1161365829239645,-0.1597567368557299
2018-12-04,amplitude_20,1929,-0.023346965170285457,-0.10086821761484384
2018-12-05,amplitude_20,1932,-0.03790736636705888,-0.10159612822217569
2018-12-06,amplitude_20,1935,-0.18702963181079216,-0.3076880266058177
2018-12-07,amplitude_20,1939,-0.07224123460429824,-0.21903213426571247
2018-12-10,amplitude_20,1940,-0.17763391094658004,-0.3056877257911507
2018-12-11,amplitude_20,1941,-0.10105836210805906,-0.26727753762530676
2018-12-12,amplitude_20,1947,0.0796190970923666,-0.07970169492455802
2018-12-13,amplitude_20,1949,0.14655821341774544,0.060393635888098776
2018-12-14,amplitude_20,1950,0.03892393339796812,0.004239550943284729
2018-12-17,amplitude_20,1947,0.06278086166234133,-0.02734058083910883
2018-12-18,amplitude_20,1946,0.08403393856233382,0.033416157259391704
2018-12-19,amplitude_20,1951,-0.15216647462312768,-0.23478016499050658
2018-12-20,amplitude_20,1952,-0.11337450109025306,-0.20809824843760677
2018-12-21,amplitude_20,1956,0.01033594220147691,-0.14519679501575733
2018-12-24,amplitude_20,1957,-0.12290095748478426,-0.21006929377245853
2018-12-25,amplitude_20,1958,-0.10064126849356278,-0.12045239051505839
2018-12-26,amplitude_20,1958,0.07803466746114424,0.10849446777653399
2018-12-27,amplitude_20,1959,0.12391557423713058,0.13099895430948374
2018-12-28,amplitude_20,1962,0.09190956000728724,0.0778336554795055
2019-01-02,amplitude_20,1963,0.19623740751473237,0.1756267682192338
2019-01-03,amplitude_20,1964,0.11498269872952765,0.058254311922305464
2019-01-04,amplitude_20,1967,0.046110897218648014,-0.13196559332439048
2019-01-07,amplitude_20,1968,0.0033848878331239106,-0.1063946448437854
2019-01-08,amplitude_20,1969,-0.06471222276266277,-0.14849842983126216
2019-01-09,amplitude_20,1970,-0.07249849202458075,-0.19798427622826734
2019-01-10,amplitude_20,1970,-0.20780127275975066,-0.3042004634516225
2019-01-11,amplitude_20,1969,-0.22662109281553675,-0.22237932843247987
2019-01-14,amplitude_20,1969,-0.19385211056677037,-0.26550148988444305
2019-01-15,amplitude_20,1966,-0.1516710977169344,-0.18821928980694994
2019-01-16,amplitude_20,1968,-0.17436699135114883,-0.11204898147754873
2019-01-17,amplitude_20,1967,-0.13636517107630322,-0.11611470318905716
2019-01-18,amplitude_20,1969,-0.22166718026881427,-0.22391359760665003
2019-01-21,amplitude_20,1969,-0.3278563592940604,-0.3023517307398333
2019-01-22,amplitude_20,1967,-0.4046278759580919,-0.37111504903264886
2019-01-23,amplitude_20,1967,-0.4071671690603456,-0.38370735962885033
2019-01-24,amplitude_20,1965,-0.2909726006074911,-0.25570062755228834
2019-01-25,amplitude_20,1968,-0.13996779313652433,-0.10369219579562773
2019-01-28,amplitude_20,1972,0.06257473432080164,0.09276413763924111
2019-01-29,amplitude_20,1976,0.23180045638377292,0.2726411373934041
2019-01-30,amplitude_20,1977,0.4077500386027397,0.47923699950228865
2019-01-31,amplitude_20,1974,0.3624222838230709,0.4218269729749829
2019-02-01,amplitude_20,1975,0.3183378475950321,0.36904281532316285
2019-02-11,amplitude_20,1975,0.324072114920872,0.3536241724437872
2019-02-12,amplitude_20,1970,0.34654051660790886,0.3472142548398616
2019-02-13,amplitude_20,1973,0.32770002204731824,0.3275099168453255
2019-02-14,amplitude_20,1972,0.3381321983450512,0.3380358171929755
2019-02-15,amplitude_20,1970,0.28122097352753195,0.2395892147761652
2019-02-18,amplitude_20,1970,0.1537454696967624,0.09139947812233092
2019-02-19,amplitude_20,1966,0.13184468122196882,0.0546441968681565
2019-02-20,amplitude_20,1968,0.02021094268872863,0.02000172730928305
2019-02-21,amplitude_20,1969,-0.09253106612396314,-0.12176572149488736
2019-02-22,amplitude_20,1968,-0.0620841275119481,-0.12465781824141718
2019-02-25,amplitude_20,1966,0.15104121967444067,0.1865188285607434
2019-02-26,amplitude_20,1963,0.23462530978308768,0.2692546500569602
2019-02-27,amplitude_20,1967,0.3069625274811486,0.3453605900595968
2019-02-28,amplitude_20,1970,0.22305391237874106,0.24341445659783606
2019-03-01,amplitude_20,1967,0.19709971317540714,0.2296982303133341
2019-03-04,amplitude_20,1965,0.14095589409606366,0.16545103839341918
2019-03-05,amplitude_20,1962,0.03398782310195852,0.025465092649376332
2019-03-06,amplitude_20,1962,-0.16809526454083082,-0.1957233243524146
2019-03-07,amplitude_20,1963,-0.13510349529473054,-0.19287714388617033
2019-03-08,amplitude_20,1962,-0.2549534791598277,-0.3462361949033602
2019-03-11,amplitude_20,1962,-0.3058034072295267,-0.4004676602346262
2019-03-12,amplitude_20,1960,-0.24261712766795016,-0.33003348185199416
2019-03-13,amplitude_20,1959,0.005482760946136745,-0.017536935634300095
2019-03-14,amplitude_20,1958,-0.012650511538335189,-0.044704080223361704
2019-03-15,amplitude_20,1950,0.04743406670886587,0.004788880903363924
2019-03-18,amplitude_20,1949,-0.06771556074049566,-0.17207341257963513
2019-03-19,amplitude_20,1945,-0.13427479490582409,-0.24121934040135298
2019-03-20,amplitude_20,1950,-0.2682533561386332,-0.37068355113468704
2019-03-21,amplitude_20,1948,-0.19993771319093395,-0.262064347990638
2019-03-22,amplitude_20,1943,-0.12102353704921673,-0.17984463221398958
2019-03-25,amplitude_20,1944,-0.03357073153141951,-0.06548581726048908
2019-03-26,amplitude_20,1937,0.029742176645415425,0.015677463007211227
2019-03-27,amplitude_20,1939,0.061665143199023865,0.030710032380248015
2019-03-28,amplitude_20,1942,-0.037495683602092406,-0.14018828038146336
2019-03-29,amplitude_20,1936,-0.07202651461332767,-0.19089570945327702
2019-04-01,amplitude_20,1937,-0.1540085567067912,-0.26793504297207377
2019-04-02,amplitude_20,1934,-0.1276505257093561,-0.25772145073732683
2019-04-03,amplitude_20,1937,-0.09883188396053591,-0.1987042297885903
2019-04-04,amplitude_20,1936,-0.06560107626180292,-0.08967248291498033
2019-04-08,amplitude_20,1932,-0.05035121750809317,-0.11179855421288921
2019-04-09,amplitude_20,1933,0.0540635367993122,0.020390108095435296
2019-04-10,amplitude_20,1934,0.047911803602197885,-0.012100357552087113
2019-04-11,amplitude_20,1932,0.035524379687978384,-0.059508556241956403
2019-04-12,amplitude_20,1931,0.05703615541583964,-0.053443660844290364
2019-04-15,amplitude_20,1928,-0.00083874970393238,-0.12489814969910927
2019-04-16,amplitude_20,1930,-0.06303789463223244,-0.1436942594918609
2019-04-17,amplitude_20,1925,-0.12429822645352968,-0.23377295798226325
2019-04-18,amplitude_20,1927,-0.12511884452301525,-0.20750109033358727
2019-04-19,amplitude_20,1915,-0.315605115163217,-0.329375948870319
2019-04-22,amplitude_20,1904,-0.3158035431185121,-0.3109962375775923
2019-04-23,amplitude_20,1918,-0.41607374488129634,-0.4306143659321718
2019-04-24,amplitude_20,1908,-0.3661916576352779,-0.39630654467246756
2019-04-25,amplitude_20,1907,-0.34368917427185786,-0.3986091471675561
2019-04-26,amplitude_20,1901,-0.20028413402592615,-0.25068889113734705
2019-04-29,amplitude_20,1891,-0.06353211795251713,-0.1362910232280094
2019-04-30,amplitude_20,1893,0.08867850660731445,0.083731999951034
2019-05-06,amplitude_20,1894,0.16643190132411426,0.16652651480531885
2019-05-07,amplitude_20,1895,0.2648867071783351,0.28187662688583304
2019-05-08,amplitude_20,1901,0.22798007496574718,0.24815488670389962
2019-05-09,amplitude_20,1908,-0.03679409802855335,-0.10204434005702322
2019-05-10,amplitude_20,1904,-0.09916225380398451,-0.11973337717740434
2019-05-13,amplitude_20,1906,-0.08167187161462092,-0.09308400715066127
2019-05-14,amplitude_20,1906,-0.14127747058321782,-0.18461214334629175
2019-05-15,amplitude_20,1905,-0.16515711113306575,-0.23803924516129896
2019-05-16,amplitude_20,1907,-0.1890909376753569,-0.20311885827870635
2019-05-17,amplitude_20,1908,-0.04012333268201101,-0.06424218583517737
2019-05-20,amplitude_20,1910,-0.09454236862859641,-0.1716938224776079
2019-05-21,amplitude_20,1912,-0.06226138320224449,-0.11840003926341493
2019-05-22,amplitude_20,1914,0.05893917928784533,-0.024966025201827807
2019-05-23,amplitude_20,1917,0.1428896333242041,0.0855384176691533
2019-05-24,amplitude_20,1916,-0.04391341901555214,-0.19273122248954258
2019-05-27,amplitude_20,1919,-0.18833842311705018,-0.2962577074809432
2019-05-28,amplitude_20,1927,-0.23282114497336687,-0.3358666577019185
2019-05-29,amplitude_20,1928,-0.32156835922410276,-0.3746271495331369
2019-05-30,amplitude_20,1935,-0.23920608979112254,-0.31893406780787215
2019-05-31,amplitude_20,1954,-0.03774059600966296,-0.09306025715397631
2019-06-03,amplitude_20,1953,0.09543956746088383,-0.006768936173513363
2019-06-04,amplitude_20,1955,0.13631834318251948,0.06675683022311077
2019-06-05,amplitude_20,1957,0.0980566780995837,0.044385665821488084
2019-06-06,amplitude_20,1956,0.008227838247617771,-0.06483293526890331
2019-06-10,amplitude_20,1954,-0.17051817725745425,-0.2543423302321491
2019-06-11,amplitude_20,1956,-0.180477596754414,-0.18238820322369972
2019-06-12,amplitude_20,1955,-0.2640667293935787,-0.3173623203054557
2019-06-13,amplitude_20,1956,-0.04626412290497127,0.033619925774813965
2019-06-14,amplitude_20,1956,0.02183097934667769,0.06598174379604463
2019-06-17,amplitude_20,1957,0.01396885784677207,0.06157101567571568
2019-06-18,amplitude_20,1959,-0.10309908175046077,-0.05159323138529508
2019-06-19,amplitude_20,1958,0.00573901417538045,0.026221998513347302
2019-06-20,amplitude_20,1960,-0.1636244547728371,-0.2219375018404102
2019-06-21,amplitude_20,1959,-0.12736157094812872,-0.08718233140066056
2019-06-24,amplitude_20,1964,-0.11912408891017746,-0.0846076205800749
2019-06-25,amplitude_20,1963,-0.12234953608131807,-0.15430226813931996
2019-06-26,amplitude_20,1961,-0.2794676118746563,-0.30284159023878415
2019-06-27,amplitude_20,1963,-0.18880464390427731,-0.2088344635431331
2019-06-28,amplitude_20,1961,-0.294118312060843,-0.40038917208236985
2019-07-01,amplitude_20,1959,-0.26855787838219713,-0.38565477449818014
2019-07-02,amplitude_20,1961,-0.26013061351981653,-0.322724652661816
2019-07-03,amplitude_20,1959,-0.15522940011094974,-0.21594080444389546
2019-07-04,amplitude_20,1960,-0.23420902485879005,-0.2891602997809276
2019-07-05,amplitude_20,1960,-0.06885574573625544,-0.04373630246434769
2019-07-08,amplitude_20,1959,-0.08243404368803643,-0.10107618863544822
2019-07-09,amplitude_20,1960,-0.017829895121445685,-0.04137270715228462
2019-07-10,amplitude_20,1959,-0.05758058048434113,-0.12113164224914956
2019-07-11,amplitude_20,1958,-0.012236021809759755,-0.05772870429398644
2019-07-12,amplitude_20,1959,-0.2251662154316508,-0.31608307139358854
2019-07-15,amplitude_20,1959,-0.1461255757081519,-0.21592967796561152
2019-07-16,amplitude_20,1957,-0.11287197397148742,-0.13415624798021197
2019-07-17,amplitude_20,1959,-0.006507526102526937,0.03804303038483476
2019-07-18,amplitude_20,1957,-0.024004652999627226,-0.004097332932232904
2019-07-19,amplitude_20,1963,0.14510163911291032,0.1676344304053196
2019-07-22,amplitude_20,1963,0.03612268111263753,0.07042050357467397
2019-07-23,amplitude_20,1962,-0.06387878543591054,-0.0817013594709907
2019-07-24,amplitude_20,1964,-0.07996104408179246,-0.1263977029694805
2019-07-25,amplitude_20,1964,-0.026093138823529864,-0.09835416950239884
2019-07-26,amplitude_20,1964,-0.01862317198472791,-0.08649999940480961
2019-07-29,amplitude_20,1966,0.0035916231747161777,-0.08129724087116791
2019-07-30,amplitude_20,1965,-0.0032657140443380314,-0.08720784214631794
2019-07-31,amplitude_20,1964,0.004729350558955115,-0.07199311829719904
2019-08-01,amplitude_20,1966,-0.026665239740053262,-0.07528247721727702
2019-08-02,amplitude_20,1966,0.013903686773082837,-0.018104836729102753
2019-08-05,amplitude_20,1966,0.03391363857522665,0.014184536888896688
2019-08-06,amplitude_20,1965,0.0856983904388213,0.08918749039872347
2019-08-07,amplitude_20,1967,0.10115558979601907,0.08999377657284076
2019-08-08,amplitude_20,1966,0.14884196469799232,0.1459648884028394
2019-08-09,amplitude_20,1962,0.1409849953125131,0.1479141939147597
2019-08-12,amplitude_20,1963,0.11466902240235392,0.14152112908899922
2019-08-13,amplitude_20,1962,0.11640778520352003,0.13700158129622425
2019-08-14,amplitude_20,1962,0.09200170224028817,0.1216653730799143
2019-08-15,amplitude_20,1962,0.06602592268692832,0.0543571398070067
2019-08-16,amplitude_20,1961,0.017773168592493907,-0.012736870765573166
2019-08-19,amplitude_20,1961,0.017911394051373614,-0.010889494044915996
2019-08-20,amplitude_20,1961,-0.00859594835378283,-0.02560518931473016
2019-08-21,amplitude_20,1964,-0.010544053057497256,-0.06407371549857437
2019-08-22,amplitude_20,1965,-0.06873716936469433,-0.12793587444344218
2019-08-23,amplitude_20,1966,-0.029396284656012624,-0.056387365570830905
2019-08-26,amplitude_20,1967,0.03172494185014299,-0.0019023536305571261
2019-08-27,amplitude_20,1967,0.075800846849445,0.013739061059686598
2019-08-28,amplitude_20,1968,0.09730409570832417,0.05474591306439056
2019-08-29,amplitude_20,1967,0.17864397157537856,0.16296346815439652
2019-08-30,amplitude_20,1967,0.2500027373698636,0.2089474353308776
2019-09-02,amplitude_20,1966,0.1802374912800184,0.1753225067170653
2019-09-03,amplitude_20,1965,0.12957997174464408,0.11670671281029181
2019-09-04,amplitude_20,1966,0.0706121458858309,0.03679893454776353
2019-09-05,amplitude_20,1965,0.13448729235335602,0.10309681587815665
2019-09-06,amplitude_20,1967,-0.06078747681370595,-0.17387924213872463
2019-09-09,amplitude_20,1965,-0.09014329155546175,-0.20881423107310673
2019-09-10,amplitude_20,1963,0.03461167194062472,-0.02814427052372234
2019-09-11,amplitude_20,1966,0.019024986900259475,-0.055654916699576486
2019-09-12,amplitude_20,1966,0.011780829296398104,-0.056114004773268056
2019-09-16,amplitude_20,1965,0.039637304747828624,0.04165220944269542
2019-09-17,amplitude_20,1967,-0.04548196139180402,-0.09959283089285026
2019-09-18,amplitude_20,1964,-0.31105942743615295,-0.42273608904960414
2019-09-19,amplitude_20,1964,-0.24336019875700482,-0.3146591558826949
2019-09-20,amplitude_20,1966,-0.3926131122565105,-0.43116680450817874
2019-09-23,amplitude_20,1963,-0.39183683014351844,-0.4356787076682572
2019-09-24,amplitude_20,1962,-0.26276149795487425,-0.3265033673308436
2019-09-25,amplitude_20,1961,0.06824586774545903,0.04972045085229379
2019-09-26,amplitude_20,1960,-0.03793862091922249,-0.11617650744729258
2019-09-27,amplitude_20,1960,0.1473883220081261,0.12443469808302915
2019-09-30,amplitude_20,1960,0.02092371931159479,-0.005335770027140654
2019-10-08,amplitude_20,1957,-0.05052045567068754,-0.10458414705323577
2019-10-09,amplitude_20,1955,-0.11315341488419109,-0.15282545825834692
2019-10-10,amplitude_20,1956,-0.12441029085357777,-0.170900134899776
2019-10-11,amplitude_20,1954,-0.18724164515760952,-0.23896862617212425
2019-10-14,amplitude_20,1956,0.017101971369315676,-0.026200655881993138
2019-10-15,amplitude_20,1956,0.000736139077852516,-0.06478382906229783
2019-10-16,amplitude_20,1957,-0.04227847354595376,-0.13768689079972155
2019-10-17,amplitude_20,1956,0.020490286339332305,-0.04607590756986271
2019-10-18,amplitude_20,1955,0.24577802317578756,0.21496890363155996
2019-10-21,amplitude_20,1955,0.12067501724987664,0.008116504884368842
2019-10-22,amplitude_20,1953,0.15840367190108642,0.035822940753068584
2019-10-23,amplitude_20,1954,0.08869812728600054,0.008744867807911132
2019-10-24,amplitude_20,1953,0.08588208746601685,-0.012476022403631007
2019-10-25,amplitude_20,1953,-0.059882792853812594,-0.14112598711222152
2019-10-28,amplitude_20,1954,-0.035078808999022264,-0.08518150370155501
2019-10-29,amplitude_20,1949,-0.14252941708056333,-0.16327355941965302
2019-10-30,amplitude_20,1952,0.029885495576893024,-0.013727027149551175
2019-10-31,amplitude_20,1954,0.009062550365552877,-0.025017034994220356
2019-11-01,amplitude_20,1957,-0.00857690900561224,-0.09772833999436854
2019-11-04,amplitude_20,1957,0.048433679577495746,-0.05622106260478032
2019-11-05,amplitude_20,1952,0.12105852013333199,0.04482158175922717
2019-11-06,amplitude_20,1957,0.08179552953056934,0.026755469840231708
2019-11-07,amplitude_20,1956,0.08371868669360735,0.00837432289464068
2019-11-08,amplitude_20,1957,0.12344342275189175,0.09179192865994337
2019-11-11,amplitude_20,1957,0.14393334989397052,0.16573017338672247
2019-11-12,amplitude_20,1952,0.11642004437389959,0.1354208695095788
2019-11-13,amplitude_20,1953,0.019308535070180162,0.027527885419599166
2019-11-14,amplitude_20,1953,-0.09194912248377154,-0.11112513230547648
2019-11-15,amplitude_20,1954,-0.3651831682047083,-0.382722047975246
2019-11-18,amplitude_20,1953,-0.4043240713087937,-0.4225944516271998
2019-11-19,amplitude_20,1953,-0.3624620930784955,-0.40944066303984145
2019-11-20,amplitude_20,1951,-0.30133490507176625,-0.38117692652209967
2019-11-21,amplitude_20,1951,-0.20316154511374143,-0.2580702263266631
2019-11-22,amplitude_20,1952,0.13530475948484375,0.09631428765506661
2019-11-25,amplitude_20,1951,0.1005738732422152,0.06897704301759564
2019-11-26,amplitude_20,1949,0.010638291541036876,0.0284270171990344
2019-11-27,amplitude_20,1951,0.073757488654337,0.12012308256427685
2019-11-28,amplitude_20,1948,0.22910991011179108,0.2195784048813472
2019-11-29,amplitude_20,1949,0.27166465355095315,0.256441941084788
2019-12-02,amplitude_20,1948,0.3183758618604725,0.2512330254784165
2019-12-03,amplitude_20,1947,0.29813514334344704,0.18085452063806956
2019-12-04,amplitude_20,1948,0.23941325529985794,0.14692495707408224
2019-12-05,amplitude_20,1951,0.14810642198862412,0.07620696358131047
2019-12-06,amplitude_20,1952,0.1785362744006956,0.14563778036774477
2019-12-09,amplitude_20,1951,0.0782147710537464,0.04550447962716412
2019-12-10,amplitude_20,1948,0.1400093644687921,0.11458086132107946
2019-12-11,amplitude_20,1947,0.08364682626957433,0.06815466930638533
2019-12-12,amplitude_20,1946,-0.011660511371898231,-0.033096592330171114
2019-12-13,amplitude_20,1947,-0.19118626432266558,-0.21659775026153966
2019-12-16,amplitude_20,1948,-0.10632531134597527,-0.13043232752994627
2019-12-17,amplitude_20,1945,-0.08894859692622006,-0.06595363539893428
2019-12-18,amplitude_20,1948,-0.07137345428425632,-0.07570369159745895
2019-12-19,amplitude_20,1948,-0.07604521103597248,-0.1070696898069963
2019-12-20,amplitude_20,1949,-0.10125561696224081,-0.11641585017036517
2019-12-23,amplitude_20,1949,-0.21990854443594815,-0.2550038720777015
2019-12-24,amplitude_20,1948,-0.1429485348339454,-0.23152191149191792
2019-12-25,amplitude_20,1946,-0.10374265414579699,-0.19936799319514542
2019-12-26,amplitude_20,1944,0.05816457963510267,0.06186759357357492
2019-12-27,amplitude_20,1944,0.21031276347654285,0.22185976572279562
2019-12-30,amplitude_20,1942,0.19991698224355772,0.20925563716032847
2019-12-31,amplitude_20,1941,0.15391735375496074,0.1638746586819371
2020-01-02,amplitude_20,1941,0.1267611287514864,0.11734903285938388
2020-01-03,amplitude_20,1943,0.10996557674042581,0.08994355905206872
2020-01-06,amplitude_20,1943,0.03464182340426027,-0.032075973781193486
2020-01-07,amplitude_20,1943,0.136676443995718,0.057545302141389275
2020-01-08,amplitude_20,1946,0.09108736903050012,-0.006081605370430978
2020-01-09,amplitude_20,1946,0.08636897288678573,0.010832899981813008
2020-01-10,amplitude_20,1949,0.04857805640703798,-0.024370238836093114
2020-01-13,amplitude_20,1953,-0.0037416272685458028,-0.07074700696085079
2020-01-14,amplitude_20,1952,0.02856699003139714,-0.05238918348003097
2020-01-15,amplitude_20,1951,-0.046513987363660116,-0.16015450880221258
2020-01-16,amplitude_20,1950,-0.048258066827252345,-0.13391552504152265
2020-01-17,amplitude_20,1950,-0.032686121572964556,-0.10145722593381039
2020-01-20,amplitude_20,1951,0.046945835524545856,-0.007940235660084808
2020-01-21,amplitude_20,1953,0.062006587329695634,0.028156458146509793
2020-01-22,amplitude_20,1953,0.1865868020222106,0.2157638180781637
2020-01-23,amplitude_20,1957,0.2680854333396621,0.2685485223487867
2020-02-03,amplitude_20,1958,0.20676830477358948,0.25316279197202907
2020-02-04,amplitude_20,1958,0.19077071974322438,0.2708205622649937
2020-02-05,amplitude_20,1960,0.052525089280628705,0.09028634632534048
2020-02-06,amplitude_20,1963,-0.0046684442421315,-0.03163095599703095
2020-02-07,amplitude_20,1964,0.07545765890569488,0.04217305886258342
2020-02-10,amplitude_20,1963,0.24943586437910115,0.25689064990386573
2020-02-11,amplitude_20,1966,0.030840465905198865,-0.003643099036335686
2020-02-12,amplitude_20,1966,0.023306533211757467,0.01642397950847075
2020-02-13,amplitude_20,1966,0.1083937994765483,0.10003896354871945
2020-02-14,amplitude_20,1966,0.1753309440059075,0.20614178882703374
2020-02-17,amplitude_20,1966,0.16273002731398867,0.2138315314376888
2020-02-18,amplitude_20,1968,0.06136452660438397,0.07545567267099927
2020-02-19,amplitude_20,1967,0.03868762381241499,0.04272074574225487
2020-02-20,amplitude_20,1970,-0.09800177603388308,-0.17398259902645616
2020-02-21,amplitude_20,1968,-0.279777660075785,-0.33639356552580085
2020-02-24,amplitude_20,1969,-0.377436086205513,-0.4373541227561416
2020-02-25,amplitude_20,1970,-0.2684465508379376,-0.3222280215973961
2020-02-26,amplitude_20,1973,-0.27498075489330615,-0.36469807677411525
2020-02-27,amplitude_20,1971,-0.14963383288582915,-0.15733856316985256
2020-02-28,amplitude_20,1970,-0.2021232210127849,-0.24990613733527106
2020-03-02,amplitude_20,1970,-0.1950827982955169,-0.26425214175779743
2020-03-03,amplitude_20,1968,-0.14410098339599242,-0.2255073968567408
2020-03-04,amplitude_20,1969,-0.1082601485754289,-0.22349830712243454
2020-03-05,amplitude_20,1967,-0.1034494007799107,-0.1778173563641403
2020-03-06,amplitude_20,1965,-0.15022769219250068,-0.20341103274635858
2020-03-09,amplitude_20,1964,-0.21483520789784477,-0.31200102934433577
2020-03-10,amplitude_20,1964,-0.13721475460767935,-0.25790711015113194
2020-03-11,amplitude_20,1963,0.0009458396006742896,-0.0830861667691249
2020-03-12,amplitude_20,1963,-0.11373451871459475,-0.16150320009633684
2020-03-13,amplitude_20,1963,-0.07729807162178497,-0.07816630405889842
2020-03-16,amplitude_20,1962,-0.14654357105597296,-0.16040970937988236
2020-03-17,amplitude_20,1963,-0.08216082815147255,-0.07120718294704347
2020-03-18,amplitude_20,1962,-0.2670207508765278,-0.33276847786902464
2020-03-19,amplitude_20,1962,-0.3265672705331769,-0.4088507606229719
2020-03-20,amplitude_20,1962,-0.24111941366142484,-0.2943250813132712
2020-03-23,amplitude_20,1960,-0.2377099480864405,-0.32683434627280405
2020-03-24,amplitude_20,1960,-0.28033954532394273,-0.3780217555415535
2020-03-25,amplitude_20,1959,-0.130363629919033,-0.20691734888733893
2020-03-26,amplitude_20,1960,-0.039421906525467086,-0.12987429523757013
2020-03-27,amplitude_20,1956,0.18009454591751275,0.2295152109163873
2020-03-30,amplitude_20,1956,0.24158160837422923,0.2993562311880442
2020-03-31,amplitude_20,1957,0.30001116236852354,0.3710920556872671
2020-04-01,amplitude_20,1958,0.023174724743440074,-0.003971130980131869
2020-04-02,amplitude_20,1958,-0.031430405032093746,-0.08651934368226603
2020-04-03,amplitude_20,1955,-0.10667781726764969,-0.16919531637611013
2020-04-07,amplitude_20,1950,-0.09139907519113857,-0.17656335999006031
2020-04-08,amplitude_20,1952,-0.09969911566028579,-0.18930146142215631
2020-04-09,amplitude_20,1953,0.03799109775883899,-0.020710256191460982
2020-04-10,amplitude_20,1951,0.1908817983962878,0.1582571579145462
2020-04-13,amplitude_20,1950,0.161885719444536,0.0954150303485458
2020-04-14,amplitude_20,1947,0.19445203360358906,0.19011961397939708
2020-04-15,amplitude_20,1948,0.15160940524304728,0.06726790527045654
2020-04-16,amplitude_20,1948,0.07690422551364715,-0.03688161514334136
2020-04-17,amplitude_20,1949,-0.09462691622958391,-0.1832543326488639
2020-04-20,amplitude_20,1937,-0.19406328421111332,-0.24956028015625115
2020-04-21,amplitude_20,1925,-0.3198329991336285,-0.3574765723109422
2020-04-22,amplitude_20,1920,-0.30737000882164967,-0.2974701739409797
2020-04-23,amplitude_20,1931,-0.14491724269109815,-0.12416560691070672
2020-04-24,amplitude_20,1935,-0.053726263891677846,-0.037223595271418046
2020-04-27,amplitude_20,1927,0.01840031621520642,0.10830050466374455
2020-04-28,amplitude_20,1909,0.16774009391088537,0.22368210010653902
2020-04-29,amplitude_20,1893,0.2430091257190714,0.2879428047693173
2020-04-30,amplitude_20,1889,0.17066149697220695,0.16424094904209363
2020-05-06,amplitude_20,1890,0.1386674708963189,0.09671307618561731
2020-05-07,amplitude_20,1889,0.1629192790067865,0.06113655367681835
2020-05-08,amplitude_20,1887,0.03729748623176817,-0.0947712764909589
2020-05-11,amplitude_20,1886,0.01684471395025796,-0.09596536481793996
2020-05-12,amplitude_20,1887,-0.04357971871990646,-0.1725075657512071
2020-05-13,amplitude_20,1886,-0.1262133940144039,-0.23141194230255455
2020-05-14,amplitude_20,1889,-0.205057772230394,-0.29485686354619806
2020-05-15,amplitude_20,1888,-0.15711041248462826,-0.2260450738845791
2020-05-18,amplitude_20,1892,-0.11501073955646841,-0.1736082082793121
2020-05-19,amplitude_20,1889,-0.13080344126760657,-0.17694994551105425
2020-05-20,amplitude_20,1891,-0.11103802565658097,-0.15767943229877288
2020-05-21,amplitude_20,1893,-0.015511474651702146,-0.06263145950072374
2020-05-22,amplitude_20,1891,0.13594875803100867,0.15374349706197818
2020-05-25,amplitude_20,1894,0.026076074931421403,-0.00037467452066264204
2020-05-26,amplitude_20,1892,0.13765052779175066,0.14586231130235916
2020-05-27,amplitude_20,1893,0.16982109461239545,0.19430858798582581
2020-05-28,amplitude_20,1892,0.1299386442189395,0.10113082837991186
2020-05-29,amplitude_20,1899,-0.05612816157823686,-0.11771450285750291
2020-06-01,amplitude_20,1916,0.029160035206063244,-0.04450448139529391
2020-06-02,amplitude_20,1932,0.001556412290471644,-0.06876339029483913
2020-06-03,amplitude_20,1933,0.04322898667939188,-0.01938051850487676
2020-06-04,amplitude_20,1933,0.09072371684038069,-0.029069259013896617
2020-06-05,amplitude_20,1933,0.1538990636703769,0.046179855838393874
2020-06-08,amplitude_20,1932,0.14947791913815775,0.08786401898091141
2020-06-09,amplitude_20,1932,0.12380859436874041,0.05638615612578222
2020-06-10,amplitude_20,1931,0.03708743856778189,-0.015992710759463274
2020-06-11,amplitude_20,1931,0.01319483418859182,-0.007049908496936322
2020-06-12,amplitude_20,1927,0.015227637191604422,0.019807672775125986
2020-06-15,amplitude_20,1925,-0.003442462804563943,0.002396461056398644
2020-06-16,amplitude_20,1924,-0.058178880681019056,-0.06235417793384247
2020-06-17,amplitude_20,1925,0.026593205430491953,0.014432368703379632
2020-06-18,amplitude_20,1922,0.07419178553902897,0.08470383773356488
2020-06-19,amplitude_20,1925,0.06271746376519687,0.0042832012948061625
2020-06-22,amplitude_20,1923,-0.03853305175312423,-0.09698341259213919
2020-06-23,amplitude_20,1920,-0.05229170719662783,-0.14191128317653295
2020-06-24,amplitude_20,1921,-0.12391849325632891,-0.22320394088182638
2020-06-29,amplitude_20,1913,-0.06570066539195747,-0.15354496853317748
2020-06-30,amplitude_20,1916,-0.06158074039105146,-0.11531365902866259
2020-07-01,amplitude_20,1921,0.04070814459438655,0.010226993443895736
2020-07-02,amplitude_20,1921,0.20266292535359454,0.2057162902067083
2020-07-03,amplitude_20,1920,0.27876044403425376,0.3165378989813119
2020-07-06,amplitude_20,1919,0.1086872549093829,0.0969757162693661
2020-07-07,amplitude_20,1922,0.05070143319230365,0.01100367771847853
2020-07-08,amplitude_20,1923,-0.15519865583815912,-0.23344753761707274
2020-07-09,amplitude_20,1926,-0.26932254546562734,-0.3440045807887162
2020-07-10,amplitude_20,1925,-0.35554264328239576,-0.4142829822592053
2020-07-13,amplitude_20,1925,-0.2797072291935119,-0.3282238151303918
2020-07-14,amplitude_20,1928,-0.16452865017622845,-0.20228759544408426
2020-07-15,amplitude_20,1929,0.03984356833030374,0.023445716486114123
2020-07-16,amplitude_20,1928,-0.10453788327748849,-0.17266946174127057
2020-07-17,amplitude_20,1926,-0.08288699054978721,-0.16631721680996447
2020-07-20,amplitude_20,1924,-0.0853518705144654,-0.17509100620311477
2020-07-21,amplitude_20,1925,-0.026251474047398544,-0.1064549831398888
2020-07-22,amplitude_20,1927,-0.08911863325845122,-0.18081775856995688
2020-07-23,amplitude_20,1929,0.16781291750686142,0.17296756133930835
2017-02-06,amount_mean_20,1806,0.009821781428194905,0.04045867632067749
2017-02-07,amount_mean_20,1805,-0.00752175497033504,0.028777423429113307
2017-02-08,amount_mean_20,1805,0.00814486387719838,0.1021865035716994
2017-02-09,amount_mean_20,1804,0.008311935248718707,0.04133405971164146
2017-02-10,amount_mean_20,1795,0.011264744306747827,0.10324496090958472
2017-02-13,amount_mean_20,1796,-0.01274950554007248,0.0012654330232529337
2017-02-14,amount_mean_20,1797,-0.0011093284729582894,0.048126541415682525
2017-02-15,amount_mean_20,1802,-0.028424631116042234,-0.11019434243675073
2017-02-16,amount_mean_20,1801,-0.057248645246888406,-0.1541108173704855
2017-02-17,amount_mean_20,1798,-0.09140914165887017,-0.2903995293616738
2017-02-20,amount_mean_20,1796,-0.06197587760577961,-0.24927643989569034
2017-02-21,amount_mean_20,1797,-0.052176170394931755,-0.24809410201245577
2017-02-22,amount_mean_20,1797,-0.04965753938225202,-0.20006556509539336
2017-02-23,amount_mean_20,1796,-0.03985673279648565,-0.1842196252788266
2017-02-24,amount_mean_20,1802,-0.02941021375930766,-0.20032789357705577
2017-02-27,amount_mean_20,1802,-0.06313648166560583,-0.28566409714471874
2017-02-28,amount_mean_20,1807,-0.05113690567964742,-0.28513115320150006
2017-03-01,amount_mean_20,1808,-0.04445003272275261,-0.2750983201311211
2017-03-02,amount_mean_20,1807,-0.01463704768693921,-0.22244712795080734
2017-03-03,amount_mean_20,1803,0.0017045460254838704,-0.09847794822410495
2017-03-06,amount_mean_20,1805,0.03746165694874492,0.02144288670616554
2017-03-07,amount_mean_20,1806,0.012133258796025777,0.01530736903105124
2017-03-08,amount_mean_20,1804,0.02124149001385067,0.08955834604357471
2017-03-09,amount_mean_20,1808,-0.0013506452465904322,-0.006926480958379903
2017-03-10,amount_mean_20,1795,0.006183674316688383,-0.11376690915718787
2017-03-13,amount_mean_20,1798,-0.012034878346335588,-0.09733292335624373
2017-03-14,amount_mean_20,1802,-0.0030116445123313995,-0.062240453787730576
2017-03-15,amount_mean_20,1803,-0.002751287174901944,-0.052778070474979955
2017-03-16,amount_mean_20,1806,0.0023770153045612396,0.054489208923473545
2017-03-17,amount_mean_20,1799,0.011251929695763005,0.1619366545493619
2017-03-20,amount_mean_20,1802,0.022161956321281647,0.1421248910794511
2017-03-21,amount_mean_20,1805,0.019197678434833942,0.16935382725699916
2017-03-22,amount_mean_20,1807,0.005637483700465143,0.15042750782910386
2017-03-23,amount_mean_20,1806,0.005622009460985145,0.12150031482899268
2017-03-24,amount_mean_20,1799,0.0021267684800971146,0.11632093513943786
2017-03-27,amount_mean_20,1795,-0.004806685639736852,0.1308874104755614
2017-03-28,amount_mean_20,1799,-0.015249193070475507,0.04398370761049193
2017-03-29,amount_mean_20,1794,-0.006513477007344522,-0.054104902540847925
2017-03-30,amount_mean_20,1793,-0.010280057911724674,-0.049625489225562355
2017-03-31,amount_mean_20,1799,-0.01586588196420968,-0.07927055041431687
2017-04-05,amount_mean_20,1783,-0.020313398082400378,-0.06004249638394135
2017-04-06,amount_mean_20,1776,-0.016094481082630317,-0.0031216485850925325
2017-04-07,amount_mean_20,1777,-0.008120780492742553,0.054054516038667774
2017-04-10,amount_mean_20,1779,-0.0005063798599763478,0.04285742078440545
2017-04-11,amount_mean_20,1776,0.023859793200633358,0.1757729202914429
2017-04-12,amount_mean_20,1761,0.01703791841313498,0.15115948335463145
2017-04-13,amount_mean_20,1754,0.0051792517236712195,0.10541025922599481
2017-04-14,amount_mean_20,1751,-0.0033499139294389433,0.09251608835121854
2017-04-17,amount_mean_20,1755,-0.0005110101837482932,0.08021153552689983
2017-04-18,amount_mean_20,1754,0.002107479728276221,0.05557823726341844
2017-04-19,amount_mean_20,1744,-0.0025192467328193626,0.037780172735153106
2017-04-20,amount_mean_20,1738,0.012209212899579217,0.06643248070959296
2017-04-21,amount_mean_20,1734,0.03215912956248635,0.032711827728757234
2017-04-24,amount_mean_20,1742,0.0091230408617182,-0.014087203008654714
2017-04-25,amount_mean_20,1744,-0.0012317162450208928,-0.08368987174133628
2017-04-26,amount_mean_20,1747,0.015907334893962337,-0.10521454000117571
2017-04-27,amount_mean_20,1747,-0.024422539264917987,-0.1248521132470516
2017-04-28,amount_mean_20,1741,-0.058903306129785095,-0.15003562569270248
2017-05-02,amount_mean_20,1741,-0.038937268311638434,-0.13442485731717935
2017-05-03,amount_mean_20,1740,-0.009508706049068668,0.02640305845317227
2017-05-04,amount_mean_20,1731,0.0038516744999471182,0.12424907273289845
2017-05-05,amount_mean_20,1732,0.04503231158228289,0.21148609109290226
2017-05-08,amount_mean_20,1725,0.06085003318940962,0.25363820841256984
2017-05-09,amount_mean_20,1728,0.08984309430024916,0.28721990899852684
2017-05-10,amount_mean_20,1736,-0.0024068994915297727,0.03385393840818704
2017-05-11,amount_mean_20,1741,-0.0319023161799933,-0.0993025586488084
2017-05-12,amount_mean_20,1742,-0.024839950589202898,0.019986661001446436
2017-05-15,amount_mean_20,1752,-0.033070703768259525,0.10898944380030655
2017-05-16,amount_mean_20,1756,-0.01897991506899375,0.14387769266634315
2017-05-17,amount_mean_20,1753,0.026659945102297015,0.2078510398092835
2017-05-18,amount_mean_20,1756,0.018526235231246208,0.20971267009129987
2017-05-19,amount_mean_20,1756,0.0315661041219201,0.17905527840063287
2017-05-22,amount_mean_20,1755,0.005158398261934473,0.14220105569242425
2017-05-23,amount_mean_20,1758,-0.018501432350253956,0.07712594757153056
2017-05-24,amount_mean_20,1758,-0.04395152076365891,0.009745401380249256
2017-05-25,amount_mean_20,1757,-0.039931566204985176,0.010384488303092555
2017-05-26,amount_mean_20,1765,-0.025787685878651816,0.009673879027436556
2017-05-31,amount_mean_20,1773,-0.0054281164682042716,-0.026666743315436694
2017-06-01,amount_mean_20,1778,-0.0001805209858193268,-0.0202296836205071
2017-06-02,amount_mean_20,1774,0.09408049256477181,0.10324602760864063
2017-06-05,amount_mean_20,1773,0.07984782963521497,0.08837827466374631
2017-06-06,amount_mean_20,1774,-0.05023273216016122,-0.0338048159563097
2017-06-07,amount_mean_20,1771,-0.15062527388663643,-0.204474409392311
2017-06-08,amount_mean_20,1769,-0.14143560856866708,-0.21874177167349995
2017-06-09,amount_mean_20,1768,-0.20627313560847582,-0.26142511819449565
2017-06-12,amount_mean_20,1769,-0.16121770090983195,-0.23698609007607016
2017-06-13,amount_mean_20,1770,0.0404607153007547,-0.061722094830730254
2017-06-14,amount_mean_20,1764,0.11670723486237285,0.12850365492167634
2017-06-15,amount_mean_20,1766,0.10236177738429544,0.1229323458909589
2017-06-16,amount_mean_20,1769,0.1138669263693037,0.15733882257571652
2017-06-19,amount_mean_20,1771,0.07038219645104117,0.1308347237601665
2017-06-20,amount_mean_20,1769,-0.020077193045736453,0.10650616466700895
2017-06-21,amount_mean_20,1771,-0.009531693294542804,0.0699834444019547
2017-06-22,amount_mean_20,1768,-0.09291619422160662,-0.052418792847855396
2017-06-23,amount_mean_20,1770,-0.15919721579828092,-0.1560751449600567
2017-06-26,amount_mean_20,1771,-0.15585945248531718,-0.12711953768389914
2017-06-27,amount_mean_20,1772,-0.09630489078033334,-0.149066261460932
2017-06-28,amount_mean_20,1769,-0.09590255459326306,-0.1485154841078597
2017-06-29,amount_mean_20,1769,-0.07713888067970082,-0.10540924810787694
2017-06-30,amount_mean_20,1767,-0.02237928089397538,-0.052747723589834025
2017-07-03,amount_mean_20,1769,0.061560580537429785,0.02733785824904034
2017-07-04,amount_mean_20,1763,0.06179810631879,0.05613049235609378
2017-07-05,amount_mean_20,1763,0.03774886389468952,0.036641986769948426
2017-07-06,amount_mean_20,1766,0.10253155386242842,0.10509166573662505
2017-07-07,amount_mean_20,1766,0.1901094855308221,0.15916945542712652
2017-07-10,amount_mean_20,1761,0.16410866249813097,0.2141156513705668
2017-07-11,amount_mean_20,1762,0.1741956583464877,0.22873259358192446
2017-07-12,amount_mean_20,1766,0.2317883289438091,0.26330870298112097
2017-07-13,amount_mean_20,1771,0.22132433592332432,0.28670834377247717
2017-07-14,amount_mean_20,1771,0.1084608710321465,0.20660857192488463
2017-07-17,amount_mean_20,1773,0.10552986887287946,0.15281783942161778
2017-07-18,amount_mean_20,1777,0.003306954218724101,-0.029280565085933616
2017-07-19,amount_mean_20,1777,-0.14260888497699983,-0.18036257885526596
2017-07-20,amount_mean_20,1779,-0.06800135899198133,-0.16428049400229186
2017-07-21,amount_mean_20,1777,0.007622641601000639,-0.062077322785735176
2017-07-24,amount_mean_20,1775,0.04627939570168277,-0.010662215683651844
2017-07-25,amount_mean_20,1776,0.11468180271562667,0.031688042393805765
2017-07-26,amount_mean_20,1778,0.19239120040862157,0.12170744612781047
2017-07-27,amount_mean_20,1773,0.03859830225048106,-0.004703748914526027
2017-07-28,amount_mean_20,1773,-0.04079122426571726,-0.0941103375977469
2017-07-31,amount_mean_20,1773,-0.053155685322918825,-0.07175602720544486
2017-08-01,amount_mean_20,1776,-0.07039997056406135,-0.08044148480639922
2017-08-02,amount_mean_20,1776,-0.013858156997462031,-0.0012798255730688687
2017-08-03,amount_mean_20,1776,-0.12050185924245407,-0.1320620330766016
2017-08-04,amount_mean_20,1775,-0.12039325076895789,-0.1635748398811813
2017-08-07,amount_mean_20,1774,-0.11264733337963645,-0.18315178150544775
2017-08-08,amount_mean_20,1778,-0.2215601506041983,-0.2806358629573888
2017-08-09,amount_mean_20,1775,-0.22064310727971545,-0.32388949484878626
2017-08-10,amount_mean_20,1780,-0.07699729790890882,-0.20913335386438564
2017-08-11,amount_mean_20,1784,-0.08619082584711651,-0.22384245277857429
2017-08-14,amount_mean_20,1780,-0.049838350659205465,-0.14145558109988582
2017-08-15,amount_mean_20,1780,-0.05169021872694029,-0.10609100585438404
2017-08-16,amount_mean_20,1777,-0.08029683816702497,-0.19412878918557713
2017-08-17,amount_mean_20,1779,0.06772887494252862,-0.09972416953203236
2017-08-18,amount_mean_20,1785,0.04887797663156815,-0.13696869763163994
2017-08-21,amount_mean_20,1785,0.008159557395766646,-0.12279352750310049
2017-08-22,amount_mean_20,1785,0.21650368239322196,0.13435628253939197
2017-08-23,amount_mean_20,1787,0.2187946672474389,0.13471058113067977
2017-08-24,amount_mean_20,1793,0.20397363782531625,0.13094297480106187
2017-08-25,amount_mean_20,1792,0.1521841584204918,0.10431280050119618
2017-08-28,amount_mean_20,1800,0.11283253626338789,0.07325882882925566
2017-08-29,amount_mean_20,1804,0.008413700432102557,-0.030936695796068482
2017-08-30,amount_mean_20,1792,-0.036755940256312326,-0.10845516034648912
2017-08-31,amount_mean_20,1787,-0.12245968504384708,-0.19198752672131952
2017-09-01,amount_mean_20,1789,-0.07722255663489899,-0.2179221853885886
2017-09-04,amount_mean_20,1791,-0.010209966691181521,-0.08692126563669243
2017-09-05,amount_mean_20,1795,0.007162161750249638,-0.08654329279932794
2017-09-06,amount_mean_20,1793,-0.008076855907834208,-0.01443905895832078
2017-09-07,amount_mean_20,1791,-0.09548879593526477,-0.07540927190662762
2017-09-08,amount_mean_20,1790,-0.14453782556186698,-0.10853256357597395
2017-09-11,amount_mean_20,1793,-0.19004227623838388,-0.21240973600110596
2017-09-12,amount_mean_20,1791,-0.17338642199988846,-0.18540003715783707
2017-09-13,amount_mean_20,1791,-0.19346219323938577,-0.22524905348982557
2017-09-14,amount_mean_20,1792,-0.10259492970011008,-0.14510480693653371
2017-09-15,amount_mean_20,1791,-0.130562398834435,-0.18171612062329784
2017-09-18,amount_mean_20,1791,-0.056721576082109516,-0.010437050022555096
2017-09-19,amount_mean_20,1789,-0.0505614629869533,-0.04466518358410463
2017-09-20,amount_mean_20,1788,0.018347076850961853,0.0580509038590958
2017-09-21,amount_mean_20,1788,0.016639083495771523,0.07324720072503216
2017-09-22,amount_mean_20,1786,0.08918126077681181,0.16233122856707372
2017-09-25,amount_mean_20,1786,-0.10806725303700739,-0.13449989653240538
2017-09-26,amount_mean_20,1784,-0.24197451109976012,-0.27906126520475494
2017-09-27,amount_mean_20,1782,-0.25934024273291856,-0.28408850653146916
2017-09-28,amount_mean_20,1791,-0.2089575113672631,-0.24660878591145277
2017-09-29,amount_mean_20,1789,-0.15135113975930356,-0.19068676692151051
2017-10-09,amount_mean_20,1790,-0.10152477218162408,-0.12926448229102602
2017-10-10,amount_mean_20,1788,-0.024827447591382255,-0.05955082671507408
2017-10-11,amount_mean_20,1787,0.022156704803140827,-0.05189753923286556
2017-10-12,amount_mean_20,1787,0.03724844776494909,-0.04107222474415241
2017-10-13,amount_mean_20,1791,-0.06323973229457103,-0.08884818456002387
2017-10-16,amount_mean_20,1795,0.07039769456430972,0.04565383878175562
2017-10-17,amount_mean_20,1797,0.07846219124283346,0.08246261978635301
2017-10-18,amount_mean_20,1796,0.08472634492297237,0.08561264548694317
2017-10-19,amount_mean_20,1796,0.08589173617022275,0.02763504123400381
2017-10-20,amount_mean_20,1799,0.15425020174981563,0.020500496343209502
2017-10-23,amount_mean_20,1803,0.13320551211770895,-0.044680526682481396
2017-10-24,amount_mean_20,1804,0.13523599871971106,-0.035007844779851395
2017-10-25,amount_mean_20,1813,0.11610273346354998,-0.003258119673237664
2017-10-26,amount_mean_20,1813,0.11707954401457532,0.0142366873415679
2017-10-27,amount_mean_20,1811,0.09406704929094636,0.0762243569920493
2017-10-30,amount_mean_20,1815,0.11265573010129368,0.1300500854912299
2017-10-31,amount_mean_20,1816,0.10641252672246598,0.13388580848587195
2017-11-01,amount_mean_20,1820,0.11056358268095827,0.09799884306478067
2017-11-02,amount_mean_20,1822,0.119205751697096,0.13941220431201876
2017-11-03,amount_mean_20,1822,0.14240520497877696,0.1524814057489795
2017-11-06,amount_mean_20,1824,0.08759109365170575,0.13633022472484607
2017-11-07,amount_mean_20,1824,0.06776257467572308,0.09083467593091014
2017-11-08,amount_mean_20,1824,0.09337498267972721,0.05683684467989569
2017-11-09,amount_mean_20,1825,0.12688842121687682,0.09863301847451389
2017-11-10,amount_mean_20,1817,0.13527013791867112,0.10296205236173542
2017-11-13,amount_mean_20,1813,0.2163040057236904,0.16797479788409478
2017-11-14,amount_mean_20,1809,0.2568811855003315,0.26452553245895133
2017-11-15,amount_mean_20,1803,0.14152037054621205,0.1552949150913786
2017-11-16,amount_mean_20,1800,0.030907206893014547,0.06343315567848097
2017-11-17,amount_mean_20,1800,-0.1506219068081076,-0.11149018899130454
2017-11-20,amount_mean_20,1794,-0.20194933806801024,-0.17477046771661192
2017-11-21,amount_mean_20,1799,-0.20472630366137004,-0.18498286932223645
2017-11-22,amount_mean_20,1796,-0.1872610741784334,-0.12202183131906583
2017-11-23,amount_mean_20,1798,-0.17728291613682598,-0.133465794313476
2017-11-24,amount_mean_20,1800,0.04564597938819145,0.05341753160422972
2017-11-27,amount_mean_20,1804,0.08086429362358388,0.10910047274991895
2017-11-28,amount_mean_20,1799,0.07238913575463375,0.08122506255252568
2017-11-29,amount_mean_20,1795,0.04260841228670185,0.09021934944124564
2017-11-30,amount_mean_20,1792,0.0781828582189252,0.11111789064104066
2017-12-01,amount_mean_20,1791,0.05597359328689996,0.11780610386853255
2017-12-04,amount_mean_20,1793,0.041098434405620256,0.0014640671501660988
2017-12-05,amount_mean_20,1795,0.018162802379257367,0.015494087656505996
2017-12-06,amount_mean_20,1793,-0.02741166547064616,0.05335794545990732
2017-12-07,amount_mean_20,1792,-0.011700652004107302,-0.06692709829967933
2017-12-08,amount_mean_20,1783,-0.10386109631114147,-0.16081561475141615
2017-12-11,amount_mean_20,1782,-0.07234012589472265,-0.1179077710614109
2017-12-12,amount_mean_20,1784,-0.03421615571651104,-0.09746962536514434
2017-12-13,amount_mean_20,1778,0.0894363903924357,0.07574784595961347
2017-12-14,amount_mean_20,1781,0.18120025270919513,0.19519527484852983
2017-12-15,amount_mean_20,1779,0.21908013675110763,0.20931103742668056
2017-12-18,amount_mean_20,1774,0.16783209062934779,0.16931966781525268
2017-12-19,amount_mean_20,1774,0.05629278499321701,0.07275632781506
2017-12-20,amount_mean_20,1772,-0.018075497872672177,-0.045326419309833194
2017-12-21,amount_mean_20,1771,-0.05110240489155298,-0.07481081023279348
2017-12-22,amount_mean_20,1772,-0.04924496885256071,-0.027368186412439845
2017-12-25,amount_mean_20,1773,-0.014467840900761354,0.021108579393603333
2017-12-26,amount_mean_20,1775,0.12357858248969589,0.12919799798807285
2017-12-27,amount_mean_20,1777,0.030452245146141324,-0.00905824018784967
2017-12-28,amount_mean_20,1777,0.06732625354720354,0.0905257834794707
2017-12-29,amount_mean_20,1777,0.0737096314192452,0.046585543066929254
2018-01-02,amount_mean_20,1777,0.10145445203293608,0.08291868746430375
2018-01-03,amount_mean_20,1780,0.029739221009065658,0.010470800314841999
2018-01-04,amount_mean_20,1780,0.08521880301783896,0.06060122875593359
2018-01-05,amount_mean_20,1783,0.09865678557594368,-0.04818895222678741
2018-01-08,amount_mean_20,1784,0.07670067647289787,-0.011866386490339467
2018-01-09,amount_mean_20,1778,0.0018619578843207733,-0.09767641063830369
2018-01-10,amount_mean_20,1771,0.05965550859363577,0.003408099166538423
2018-01-11,amount_mean_20,1776,0.052343916406078675,-0.0069506770730784
2018-01-12,amount_mean_20,1777,0.03298011105599215,0.07541127868030528
2018-01-15,amount_mean_20,1780,0.036653742505568264,0.06717267129823103
2018-01-16,amount_mean_20,1780,0.07535173844890757,0.1572698185901976
2018-01-17,amount_mean_20,1783,0.026751664464374852,0.11540042620126151
2018-01-18,amount_mean_20,1788,0.03717178978017117,0.13686797307953452
2018-01-19,amount_mean_20,1787,-0.02144751800954078,0.03906946844693066
2018-01-22,amount_mean_20,1790,-0.10716711478838377,-0.08731458778350182
2018-01-23,amount_mean_20,1792,0.04540596474814122,0.0322833940831562
2018-01-24,amount_mean_20,1784,0.1717656896147542,0.19795402776182236
2018-01-25,amount_mean_20,1761,0.21246414825692145,0.3046275348665247
2018-01-26,amount_mean_20,1734,0.24558600347394416,0.3454451077451662
2018-01-29,amount_mean_20,1723,0.04902617116593326,0.3407140900874741
2018-01-30,amount_mean_20,1721,0.08306637052885484,0.2590136675083269
2018-01-31,amount_mean_20,1717,0.07851409130236235,0.08704121619051246
2018-02-01,amount_mean_20,1719,0.002347034874388204,-0.22423516350072972
2018-02-02,amount_mean_20,1720,-0.036465913836909856,-0.2233685202182217
2018-02-05,amount_mean_20,1721,0.013073643168249936,-0.24444752045189705
2018-02-06,amount_mean_20,1724,0.033501975695378834,-0.18602993391381817
2018-02-07,amount_mean_20,1723,-0.0010316103726057848,-0.005701167863286567
2018-02-08,amount_mean_20,1723,0.14041580684078192,0.24028489652260673
2018-02-09,amount_mean_20,1727,0.1496999166876594,0.2976998698266388
2018-02-12,amount_mean_20,1732,-0.022826463422700626,0.09113021251664219
2018-02-13,amount_mean_20,1727,-0.08283537959873659,0.054130369630367436
2018-02-14,amount_mean_20,1729,-0.18206645646034794,-0.14133309915632286
2018-02-22,amount_mean_20,1736,-0.2347672902930685,-0.19935513210242914
2018-02-23,amount_mean_20,1733,-0.2310430186038827,-0.24886568823763508
2018-02-26,amount_mean_20,1734,-0.1505284112573977,-0.14881629492051482
2018-02-27,amount_mean_20,1731,-0.12636918672098538,-0.19627733792725444
2018-02-28,amount_mean_20,1730,-0.0917245443398737,-0.15000666937565643
2018-03-01,amount_mean_20,1730,-0.0753824175288595,-0.07062264119158418
2018-03-02,amount_mean_20,1729,-0.0749766931277889,-0.08448526046787362
2018-03-05,amount_mean_20,1729,-0.143773359133655,-0.23560825971337354
2018-03-06,amount_mean_20,1731,-0.0788695590976068,-0.12366203710169826
2018-03-07,amount_mean_20,1737,0.00029807571978916184,-0.014527234964272164
2018-03-08,amount_mean_20,1737,-0.05746044191594542,-0.17574271050841145
2018-03-09,amount_mean_20,1735,-0.05865524209409986,-0.20734771355854006
2018-03-12,amount_mean_20,1728,-0.03601834677225649,-0.13848751504686801
2018-03-13,amount_mean_20,1731,-0.10183824318362934,-0.24710839418052963
2018-03-14,amount_mean_20,1730,-0.21408730019892633,-0.42447001422806163
2018-03-15,amount_mean_20,1733,-0.08472024272743892,-0.2099147431699845
2018-03-16,amount_mean_20,1737,-0.07910210940273481,-0.14575074650579975
2018-03-19,amount_mean_20,1737,-0.0784095918943128,-0.13413859534103786
2018-03-20,amount_mean_20,1739,-0.09355241484893499,-0.11361915488412755
2018-03-21,amount_mean_20,1747,-0.010951381844477416,0.006825891019260606
2018-03-22,amount_mean_20,1755,-0.02384874965273422,0.05023500932534511
2018-03-23,amount_mean_20,1765,-0.08955555710022581,-0.05153195004185054
2018-03-26,amount_mean_20,1770,-0.09960798205402739,-0.08568850546136464
2018-03-27,amount_mean_20,1764,-0.07659172585710883,-0.06309837936401004
2018-03-28,amount_mean_20,1761,-0.0876423944149522,-0.07086658974954767
2018-03-29,amount_mean_20,1764,-0.007585420923320858,-0.056523254000900754
2018-03-30,amount_mean_20,1762,0.007675988479125742,-0.07594577658022687
2018-04-02,amount_mean_20,1768,-0.02403156673642123,-0.10087943437884936
2018-04-03,amount_mean_20,1770,0.0008963761293136679,-0.04917758490433811
2018-04-04,amount_mean_20,1765,0.021589370231187927,0.004866494916317078
2018-04-09,amount_mean_20,1762,-0.0691386233887408,-0.10088776419178438
2018-04-10,amount_mean_20,1761,-0.004564318755771697,-0.022722710161085517
2018-04-11,amount_mean_20,1761,0.05036274536775712,0.07075297691450484
2018-04-12,amount_mean_20,1761,0.0720221555075702,0.06922662137592017
2018-04-13,amount_mean_20,1766,0.028625314292884785,-0.023685862038855882
2018-04-16,amount_mean_20,1764,0.08732940208073649,0.13443215164251374
2018-04-17,amount_mean_20,1766,0.011914873017077717,0.018404294672472957
2018-04-18,amount_mean_20,1763,-0.03442096824854559,-0.04301542364185429
2018-04-19,amount_mean_20,1769,-0.0815846573931249,-0.0653660181287747
2018-04-20,amount_mean_20,1759,-0.03279291811190305,-0.012494630138986927
2018-04-23,amount_mean_20,1765,-0.06365392885642304,-0.06467245174785201
2018-04-24,amount_mean_20,1766,-0.047997292465357576,-0.07110585504094633
2018-04-25,amount_mean_20,1762,-0.006168430465415765,0.00809361093723787
2018-04-26,amount_mean_20,1758,0.040455212307119424,0.029410495516462642
2018-04-27,amount_mean_20,1756,0.006085683171217724,0.0003774693593866373
2018-05-02,amount_mean_20,1760,-0.053053229196688825,-0.10741104345905553
2018-05-03,amount_mean_20,1764,-0.029204868005057942,-0.10154968827722802
2018-05-04,amount_mean_20,1768,-0.01505922390448055,-0.09781299545089867
2018-05-07,amount_mean_20,1768,-0.018013179694215176,-0.09942419218645032
2018-05-08,amount_mean_20,1769,-0.02347539111608085,-0.0693134861010767
2018-05-09,amount_mean_20,1769,-0.014371751045787313,-0.07120139537730269
2018-05-10,amount_mean_20,1769,-0.008214373592408885,-0.07092279646148093
2018-05-11,amount_mean_20,1766,-0.025149472589031913,-0.117025351804141
2018-05-14,amount_mean_20,1770,-0.06950922063020216,-0.1857862564897383
2018-05-15,amount_mean_20,1774,-0.0444096063715133,-0.1467552566555225
2018-05-16,amount_mean_20,1771,-0.040013631916590395,-0.1186329875461861
2018-05-17,amount_mean_20,1771,-0.06948739218726971,-0.11091191614982468
2018-05-18,amount_mean_20,1773,-0.02033107136323379,-0.08935628856975851
2018-05-21,amount_mean_20,1769,-0.030267710185805978,-0.08526546223799204
2018-05-22,amount_mean_20,1768,0.05260921475288421,0.021992668193196802
2018-05-23,amount_mean_20,1763,0.06940568769469496,0.02471960905757687
2018-05-24,amount_mean_20,1760,0.060368893671797076,0.011235554038368664
2018-05-25,amount_mean_20,1762,0.055180090594228154,-0.027442117977724924
2018-05-28,amount_mean_20,1764,0.14957499601080312,0.1528498304148685
2018-05-29,amount_mean_20,1776,0.06830335730782178,0.08830688359606961
2018-05-30,amount_mean_20,1778,0.07171170744421088,0.08500950948620821
2018-05-31,amount_mean_20,1780,0.14416294499051113,0.22327245541179663
2018-06-01,amount_mean_20,1788,0.12435029550833777,0.1683833773007721
2018-06-04,amount_mean_20,1787,0.1117482759966022,0.13049761668199814
2018-06-05,amount_mean_20,1787,0.13981882251085417,0.1402833877182156
2018-06-06,amount_mean_20,1787,0.10600910479374887,0.13046843257887836
2018-06-07,amount_mean_20,1783,0.11074710760444045,0.07901968313911363
2018-06-08,amount_mean_20,1774,0.19921025706405962,0.19839738832506618
2018-06-11,amount_mean_20,1778,0.18100950591428486,0.21376661975947886
2018-06-12,amount_mean_20,1778,0.16996909860873852,0.2018360118852235
2018-06-13,amount_mean_20,1779,0.17726705326683703,0.23489675527196838
2018-06-14,amount_mean_20,1782,0.1287789666986801,0.1915355158349152
2018-06-15,amount_mean_20,1783,-0.02163406319407674,-0.0016849275890602963
2018-06-19,amount_mean_20,1786,-0.12713211813265146,-0.15710157348648401
2018-06-20,amount_mean_20,1787,-0.17011319413783305,-0.21800584782195176
2018-06-21,amount_mean_20,1790,-0.12767880826240302,-0.1704063405961392
2018-06-22,amount_mean_20,1792,-0.14188169695573466,-0.17262015108059023
2018-06-25,amount_mean_20,1798,-0.18571665704066373,-0.19934918222950646
2018-06-26,amount_mean_20,1798,-0.1348529859960628,-0.11427985285786448
2018-06-27,amount_mean_20,1799,-0.044656667974286426,-0.042802827375896364
2018-06-28,amount_mean_20,1800,-0.0630826932065253,-0.12692932332566337
2018-06-29,amount_mean_20,1800,0.031887225876608125,0.028732655940804198
2018-07-02,amount_mean_20,1808,0.11850318142420778,0.12109509492953902
2018-07-03,amount_mean_20,1811,0.16366581490692203,0.15623560487762483
2018-07-04,amount_mean_20,1813,0.11872113662444075,0.18451049172352174
2018-07-05,amount_mean_20,1817,0.11827482406760031,0.17266420706037444
2018-07-06,amount_mean_20,1820,0.0537410616240856,0.11099849214858934
2018-07-09,amount_mean_20,1825,0.011444646584195877,0.018353807022802277
2018-07-10,amount_mean_20,1828,-0.08337539848809654,-0.14104446383008845
2018-07-11,amount_mean_20,1832,-0.03531253683991552,-0.13307655755337555
2018-07-12,amount_mean_20,1837,-0.031258860136135526,-0.11667012718010003
2018-07-13,amount_mean_20,1839,-0.025118269439147307,-0.07475079319120162
2018-07-16,amount_mean_20,1842,-0.03504243366816696,-0.06210092243675263
2018-07-17,amount_mean_20,1846,0.0015879968308530965,0.006848967138043092
2018-07-18,amount_mean_20,1847,-0.14485294613431937,-0.2593687005620941
2018-07-19,amount_mean_20,1847,-0.18395380352088872,-0.3276738400819263
2018-07-20,amount_mean_20,1849,-0.17776441368148949,-0.32309586480092645
2018-07-23,amount_mean_20,1853,-0.19156156614572473,-0.37038541070581976
2018-07-24,amount_mean_20,1856,-0.1863435391917805,-0.41900120760663684
2018-07-25,amount_mean_20,1862,-0.02441756536584725,-0.12414147178127034
2018-07-26,amount_mean_20,1865,-0.0964823256400033,-0.23678157249218418
2018-07-27,amount_mean_20,1875,-0.13974394451270264,-0.30660812282983796
2018-07-30,amount_mean_20,1882,-0.08298224188853284,-0.18401240900583524
2018-07-31,amount_mean_20,1882,-0.13000266175847222,-0.2177109224236437
2018-08-01,amount_mean_20,1884,-0.09044939260084639,-0.16926492597658363
2018-08-02,amount_mean_20,1886,0.04499052239415846,0.01808796860840044
2018-08-03,amount_mean_20,1887,0.12629946747667986,0.15887412869995005
2018-08-06,amount_mean_20,1891,0.05177005696976121,0.020580779360196293
2018-08-07,amount_mean_20,1891,0.07714718163064062,0.03972444927707527
2018-08-08,amount_mean_20,1890,-0.04025192281672341,-0.10571443756525405
2018-08-09,amount_mean_20,1889,-0.08078031485811213,-0.17938161378812467
2018-08-10,amount_mean_20,1892,-0.06518288789052078,-0.16434129274931614
2018-08-13,amount_mean_20,1893,0.025823165972701703,-0.05224064471487101
2018-08-14,amount_mean_20,1895,0.07069502849478211,-0.006384035094095454
2018-08-15,amount_mean_20,1894,0.12110491988048401,0.07404354322172273
2018-08-16,amount_mean_20,1898,0.13866629893316998,0.1059456835669873
2018-08-17,amount_mean_20,1898,0.17099844191732141,0.16184712265314802
2018-08-20,amount_mean_20,1897,0.11128027779396713,0.12081777063229153
2018-08-21,amount_mean_20,1899,0.10629837356249328,0.1155534430575375
2018-08-22,amount_mean_20,1895,0.04678339599641314,0.011039707930735557
2018-08-23,amount_mean_20,1894,0.052239398359505626,0.0062654152029924795
2018-08-24,amount_mean_20,1897,-0.01649064128183925,-0.06625075682570955
2018-08-27,amount_mean_20,1899,-0.0005430192564284185,-0.04333722421701178
2018-08-28,amount_mean_20,1901,-0.04803162773353535,-0.11257216863991683
2018-08-29,amount_mean_20,1902,-0.04918064163225553,-0.08559721697415247
2018-08-30,amount_mean_20,1903,-0.07689288695172442,-0.08823799145037767
2018-08-31,amount_mean_20,1901,-0.13300809477853284,-0.16875367947975498
2018-09-03,amount_mean_20,1904,-0.14530299371909097,-0.18930616809477277
2018-09-04,amount_mean_20,1903,-0.19001189838750812,-0.1677622967900061
2018-09-05,amount_mean_20,1902,-0.1539140431785377,-0.11576261243287922
2018-09-06,amount_mean_20,1901,-0.12840799631041536,-0.18224843007351924
2018-09-07,amount_mean_20,1901,-0.06934676430712648,-0.16008791624148855
2018-09-10,amount_mean_20,1904,-0.034021601547859485,-0.05387647843614164
2018-09-11,amount_mean_20,1903,0.06214235184359392,0.04600901513289714
2018-09-12,amount_mean_20,1905,0.049503842266893736,0.05592334587543779
2018-09-13,amount_mean_20,1909,0.1684757889246354,0.25924461618821454
2018-09-14,amount_mean_20,1910,0.1657907327624945,0.2777862759791362
2018-09-17,amount_mean_20,1913,0.17277680741251014,0.24313135005311876
2018-09-18,amount_mean_20,1909,0.1667773278855194,0.18272912598945262
2018-09-19,amount_mean_20,1911,0.15559028035189676,0.17623199394346764
2018-09-20,amount_mean_20,1908,-0.05475420436543037,-0.06930657910257822
2018-09-21,amount_mean_20,1913,-0.08501272649171565,-0.11152501762833349
2018-09-25,amount_mean_20,1915,-0.15387345858795523,-0.1991772325730498
2018-09-26,amount_mean_20,1909,-0.07017434901504536,-0.07981901997709093
2018-09-27,amount_mean_20,1916,0.036868221837799225,0.026764618747109708
2018-09-28,amount_mean_20,1912,0.12458606596328617,0.10304039373596643
2018-10-08,amount_mean_20,1913,0.1575317927942559,0.10467570519198871
2018-10-09,amount_mean_20,1912,0.18823831318349904,0.1453377423032012
2018-10-10,amount_mean_20,1910,0.12944755163626426,0.07008417378212344
2018-10-11,amount_mean_20,1908,0.07735947790462704,0.035759882894835636
2018-10-12,amount_mean_20,1904,0.1005738227311481,0.10930961456039077
2018-10-15,amount_mean_20,1906,0.0016685706736941247,0.025111810023961963
2018-10-16,amount_mean_20,1905,-0.03716483658362948,-0.052804288304022354
2018-10-17,amount_mean_20,1903,-0.05046272334250817,-0.05225006624841453
2018-10-18,amount_mean_20,1905,-0.18868751736026101,-0.2575071146882861
2018-10-19,amount_mean_20,1905,-0.26573813360180054,-0.35712450930333633
2018-10-22,amount_mean_20,1906,-0.23335845087288604,-0.3451195008073937
2018-10-23,amount_mean_20,1902,-0.2064983877432253,-0.28928948496338835
2018-10-24,amount_mean_20,1901,-0.17358827946759178,-0.2274365127474713
2018-10-25,amount_mean_20,1902,-0.0001260114091289504,0.07392246584335806
2018-10-26,amount_mean_20,1904,0.003915952389435257,0.05473164713571182
2018-10-29,amount_mean_20,1905,0.003095683056578933,0.037888529283703926
2018-10-30,amount_mean_20,1906,-0.011314149639015066,-0.004217297484076195
2018-10-31,amount_mean_20,1908,-0.0738691712858742,-0.19667303862426955
2018-11-01,amount_mean_20,1906,-0.1643990907652317,-0.4078252295449593
2018-11-02,amount_mean_20,1907,-0.17145401137865587,-0.3888025215792081
2018-11-05,amount_mean_20,1914,-0.17977582604246287,-0.3730104678073416
2018-11-06,amount_mean_20,1913,-0.21854764522060594,-0.3978566073755785
2018-11-07,amount_mean_20,1913,-0.2109569037036675,-0.3112133405252791
2018-11-08,amount_mean_20,1917,-0.1843043024134489,-0.28916625555438075
2018-11-09,amount_mean_20,1915,-0.10979144459814912,-0.23735420221938364
2018-11-12,amount_mean_20,1916,-0.05798555300588306,-0.12857389057043736
2018-11-13,amount_mean_20,1916,-0.04575598177430329,-0.16540594842395306
2018-11-14,amount_mean_20,1917,-0.07622333801090232,-0.21478267962787934
2018-11-15,amount_mean_20,1919,0.018333208740512356,-0.05664996625923938
2018-11-16,amount_mean_20,1916,-0.016464526878958274,-0.11355630368315503
2018-11-19,amount_mean_20,1914,-0.05279386071096317,-0.19084583030581312
2018-11-20,amount_mean_20,1914,-0.03495776047288617,-0.11682914959448966
2018-11-21,amount_mean_20,1913,0.009808719984957439,-0.053782015229942165
2018-11-22,amount_mean_20,1918,-0.029503377559193238,-0.07242913219601817
2018-11-23,amount_mean_20,1917,-0.006919793493678881,-0.023769409637280598
2018-11-26,amount_mean_20,1920,0.0074437283134117845,-0.014034453723656469
2018-11-27,amount_mean_20,1920,-0.003036868360712415,-0.052568933737015454
2018-11-28,amount_mean_20,1924,-0.06482528326287729,-0.10096898285111068
2018-11-29,amount_mean_20,1928,-0.1099246535203022,-0.13585029545235816
2018-11-30,amount_mean_20,1929,-0.12011370403073814,-0.15569443622093262
2018-12-03,amount_mean_20,1927,-0.11680244334686198,-0.11773026387243163
2018-12-04,amount_mean_20,1929,-0.06590263227845003,-0.05088515498528895
2018-12-05,amount_mean_20,1932,0.010689869633254887,0.07233265175245472
2018-12-06,amount_mean_20,1935,0.016770764191807147,0.014476291069056832
2018-12-07,amount_mean_20,1939,0.018601141228800275,0.055806170282196914
2018-12-10,amount_mean_20,1940,0.023323936657861116,0.012591124493369292
2018-12-11,amount_mean_20,1941,0.016013033275437693,0.005223968743369979
2018-12-12,amount_mean_20,1947,-0.013691262710621335,-0.02616257936403293
2018-12-13,amount_mean_20,1949,-0.050335803076060316,-0.05269141391794052
2018-12-14,amount_mean_20,1950,-0.0848457365838341,-0.09386443286188356
2018-12-17,amount_mean_20,1947,-0.010973531472239048,-0.0514768508648387
2018-12-18,amount_mean_20,1946,-0.019921190064864612,-0.06143357387050321
2018-12-19,amount_mean_20,1951,-0.015100272721990647,-0.089292205816924
2018-12-20,amount_mean_20,1952,0.04470290571974061,-0.013487862148786823
2018-12-21,amount_mean_20,1956,0.020811414005712316,-0.07581294421074034
2018-12-24,amount_mean_20,1957,-0.09504037875489646,-0.2051311023022535
2018-12-25,amount_mean_20,1958,-0.05818618115054943,-0.13888403513085953
2018-12-26,amount_mean_20,1958,-0.0861935830367163,-0.12461238121953264
2018-12-27,amount_mean_20,1959,-0.09787849284767773,-0.14361465784444477
2018-12-28,amount_mean_20,1962,-0.04219125667429789,-0.0988045183861082
2019-01-02,amount_mean_20,1963,0.0038396484519435535,-0.033890199967057846
2019-01-03,amount_mean_20,1964,-0.034264398308971204,-0.12963861991157846
2019-01-04,amount_mean_20,1967,-0.017091940245118478,-0.16848490772516656
2019-01-07,amount_mean_20,1968,0.017372214135212147,-0.08730399634129749
2019-01-08,amount_mean_20,1969,-0.02123805425692129,-0.1331753218012214
2019-01-09,amount_mean_20,1970,0.03531849200640672,-0.0439517261208536
2019-01-10,amount_mean_20,1970,0.06468632999461839,0.02298923375726217
2019-01-11,amount_mean_20,1969,0.07278137070920368,0.049321962424560134
2019-01-14,amount_mean_20,1969,0.034822405941954064,-0.021109873826253525
2019-01-15,amount_mean_20,1966,-0.008502161793539607,-0.015649066213645643
2019-01-16,amount_mean_20,1968,-0.04828133510639781,-0.035841677983191565
2019-01-17,amount_mean_20,1967,-0.03167157100683192,-0.035134618678969255
2019-01-18,amount_mean_20,1969,-0.013843425779870565,-0.009646455587650093
2019-01-21,amount_mean_20,1969,0.036461314575419894,0.05307561703732859
2019-01-22,amount_mean_20,1967,0.04600686217291567,0.0482118721077114
2019-01-23,amount_mean_20,1967,0.09494863233249674,0.09223277887458979
2019-01-24,amount_mean_20,1965,0.0966484653110167,0.1421602759369004
2019-01-25,amount_mean_20,1968,0.12994082650564326,0.19355972842419014
2019-01-28,amount_mean_20,1972,0.09732328195354341,0.12396721517519538
2019-01-29,amount_mean_20,1976,0.16671689200209097,0.20051071498217127
2019-01-30,amount_mean_20,1977,0.10846110500912205,0.15009852633648801
2019-01-31,amount_mean_20,1974,0.06816544625919585,0.05299676397475524
2019-02-01,amount_mean_20,1975,0.06741253058711623,0.07282824348336321
2019-02-11,amount_mean_20,1975,0.07822687967994174,0.08928345483358378
2019-02-12,amount_mean_20,1970,0.06199674853955755,0.02086272963924022
2019-02-13,amount_mean_20,1973,0.07772860608381273,0.03334977497856902
2019-02-14,amount_mean_20,1972,0.17370139450784453,0.1567104131992251
2019-02-15,amount_mean_20,1970,0.16891349245777107,0.16267600029141088
2019-02-18,amount_mean_20,1970,0.11738908083188372,0.0992751927152193
2019-02-19,amount_mean_20,1966,0.0729288884982853,0.05756394598707914
2019-02-20,amount_mean_20,1968,-0.010004135728363298,-0.0144672694812514
2019-02-21,amount_mean_20,1969,-0.01006640619566001,-0.04100528916664766
2019-02-22,amount_mean_20,1968,-0.05938469196128619,-0.12237483745000573
2019-02-25,amount_mean_20,1966,-0.04416156637546254,-0.03240069713572227
2019-02-26,amount_mean_20,1963,-0.027841803235895385,-0.06821135013132901
2019-02-27,amount_mean_20,1967,-0.04098519253252104,-0.05686008720683044
2019-02-28,amount_mean_20,1970,-0.06198684598149501,-0.08810533247957364
2019-03-01,amount_mean_20,1967,-0.13728340327124725,-0.14266424596482727
2019-03-04,amount_mean_20,1965,-0.13291858616302882,-0.1572546429736456
2019-03-05,amount_mean_20,1962,-0.1423354225736495,-0.17920977392915613
2019-03-06,amount_mean_20,1962,-0.054272554318786165,-0.03160213242748033
2019-03-07,amount_mean_20,1963,-0.10163903072697844,-0.15598202808765677
2019-03-08,amount_mean_20,1962,-0.02750829979587804,-0.09926082005172687
2019-03-11,amount_mean_20,1962,-0.04980991640230658,-0.12714515067670676
2019-03-12,amount_mean_20,1960,-0.03493174107814465,-0.1081644498978574
2019-03-13,amount_mean_20,1959,-0.07874777156361093,-0.1548667000730955
2019-03-14,amount_mean_20,1958,-0.06464651587901812,-0.1312962535286629
2019-03-15,amount_mean_20,1950,-0.12502121988343026,-0.23977440779825449
2019-03-18,amount_mean_20,1949,-0.10556079903241623,-0.2512105773817028
2019-03-19,amount_mean_20,1945,-0.1053324684384559,-0.2115324455109874
2019-03-20,amount_mean_20,1950,-0.07749902864307201,-0.19383998342987646
2019-03-21,amount_mean_20,1948,0.02374479142213706,-0.0227904943441964
2019-03-22,amount_mean_20,1943,0.09201638836049965,0.09705113258146365
2019-03-25,amount_mean_20,1944,0.058290403182106564,0.09288492854606771
2019-03-26,amount_mean_20,1937,0.048201539277112126,0.0488749797071906
2019-03-27,amount_mean_20,1939,0.03771396802986793,0.06176906999153546
2019-03-28,amount_mean_20,1942,-0.04365678331291086,-0.0915128142107883
2019-03-29,amount_mean_20,1936,-0.07726895607397669,-0.15535836635682726
2019-04-01,amount_mean_20,1937,-0.0960916359033108,-0.1874438986821388
2019-04-02,amount_mean_20,1934,-0.10899545429126338,-0.20998088880731933
2019-04-03,amount_mean_20,1937,-0.12465229570910472,-0.253724483162493
2019-04-04,amount_mean_20,1936,-0.11899252632751316,-0.20756150349503763
2019-04-08,amount_mean_20,1932,-0.05673796636245412,-0.10976149440018045
2019-04-09,amount_mean_20,1933,-0.0541011225967661,-0.1038363763814175
2019-04-10,amount_mean_20,1934,-0.004863796157262958,-0.029560012769318134
2019-04-11,amount_mean_20,1932,-0.002028671135451317,-0.047822082700318
2019-04-12,amount_mean_20,1931,-0.001599672252788423,-0.05578859388855755
2019-04-15,amount_mean_20,1928,0.011630574904540615,-0.04240830595874496
2019-04-16,amount_mean_20,1930,0.026291235364208618,0.023818740365488447
2019-04-17,amount_mean_20,1925,0.049367121220094616,0.03432782956983935
2019-04-18,amount_mean_20,1927,0.04517249975985106,0.030353186244083234
2019-04-19,amount_mean_20,1915,0.06525091597338405,0.034433116739137556
2019-04-22,amount_mean_20,1904,-0.00841569769615445,-0.011006783851799838
2019-04-23,amount_mean_20,1918,-0.03215126614075928,-0.09285439378082097
2019-04-24,amount_mean_20,1908,-0.0892186001520926,-0.15459665462129535
2019-04-25,amount_mean_20,1907,-0.1168678794069863,-0.18509876610686923
2019-04-26,amount_mean_20,1901,-0.1787012171900223,-0.28498490161252127
2019-04-29,amount_mean_20,1891,-0.09160300584711781,-0.2001332941059379
2019-04-30,amount_mean_20,1893,-0.11373297933025783,-0.22786630565478005
2019-05-06,amount_mean_20,1894,-0.0555269820527297,-0.15300223430825657
2019-05-07,amount_mean_20,1895,0.020740303528883453,-0.05173815912680398
2019-05-08,amount_mean_20,1901,0.005842440671002967,-0.010177665984596579
2019-05-09,amount_mean_20,1908,-0.09113467255947645,-0.12273553556890196
2019-05-10,amount_mean_20,1904,-0.06208786920556982,-0.052023870487583834
2019-05-13,amount_mean_20,1906,-0.058955347180656564,-0.05998837451208336
2019-05-14,amount_mean_20,1906,-0.06905818998413295,-0.08297502460424887
2019-05-15,amount_mean_20,1905,-0.028032372057723045,-0.049769170099603466
2019-05-16,amount_mean_20,1907,-0.014297835566620577,-0.038217401060012555
2019-05-17,amount_mean_20,1908,0.04081721759753716,0.014325836762799185
2019-05-20,amount_mean_20,1910,0.030301154682694627,0.004852606596360952
2019-05-21,amount_mean_20,1912,-0.01746566156258904,-0.08513369032662413
2019-05-22,amount_mean_20,1914,-0.0014091443159676511,-0.09459541431435606
2019-05-23,amount_mean_20,1917,-0.011043919625849146,-0.06809180293945459
2019-05-24,amount_mean_20,1916,0.010183786851964728,-0.03901332479842336
2019-05-27,amount_mean_20,1919,-0.01809410060538369,-0.07677824447616642
2019-05-28,amount_mean_20,1927,-0.022828852834415343,-0.08156583206223848
2019-05-29,amount_mean_20,1928,0.003949575196270454,-0.02903355181182597
2019-05-30,amount_mean_20,1935,0.040846357063835444,0.022278124369342584
2019-05-31,amount_mean_20,1954,0.06364123867528874,0.1230500145580078
2019-06-03,amount_mean_20,1953,0.05544178053496188,0.0740059394230441
2019-06-04,amount_mean_20,1955,0.05087254143631953,0.04814398470498603
2019-06-05,amount_mean_20,1957,0.017619881871184188,0.008460155868199898
2019-06-06,amount_mean_20,1956,-0.02836976014197909,-0.07180304094491279
2019-06-10,amount_mean_20,1954,-0.09122792751149243,-0.18066634959577693
2019-06-11,amount_mean_20,1956,-0.07299108425114853,-0.12045307963911753
2019-06-12,amount_mean_20,1955,0.0028413180692199863,0.0027914290074892165
2019-06-13,amount_mean_20,1956,-0.04542078330976272,-0.03253912737378539
2019-06-14,amount_mean_20,1956,-0.018013595699487638,-0.00626120288131725
2019-06-17,amount_mean_20,1957,-0.047560128273059395,-0.018993824799032177
2019-06-18,amount_mean_20,1959,-0.11226404121332541,-0.11734789462818591
2019-06-19,amount_mean_20,1958,-0.08500365138677765,-0.10574498114358567
2019-06-20,amount_mean_20,1960,0.019755580809043414,-0.023694708324518324
2019-06-21,amount_mean_20,1959,0.03522817042071217,0.056733007188628164
2019-06-24,amount_mean_20,1964,0.051071458357305276,0.056331618119295566
2019-06-25,amount_mean_20,1963,0.06536157440254363,0.09585226706567013
2019-06-26,amount_mean_20,1961,-0.05596835520005066,-0.08298569560024469
2019-06-27,amount_mean_20,1963,-0.05992064018230468,-0.10278879571928166
2019-06-28,amount_mean_20,1961,-0.04449395744390431,-0.1625394564627077
2019-07-01,amount_mean_20,1959,-0.05700266578481844,-0.1395603815643597
2019-07-02,amount_mean_20,1961,-0.031193535134162828,-0.14530401004815882
2019-07-03,amount_mean_20,1959,0.014585329124629837,-0.08153498434220142
2019-07-04,amount_mean_20,1960,-0.02719297615491809,-0.12054809245467332
2019-07-05,amount_mean_20,1960,-0.014055318153503285,-0.034504215581590475
2019-07-08,amount_mean_20,1959,-0.020280551730068843,-0.08537838120940461
2019-07-09,amount_mean_20,1960,0.00043747987497634453,-0.018749843144552122
2019-07-10,amount_mean_20,1959,0.015548877470037893,-0.008214288091387405
2019-07-11,amount_mean_20,1958,0.04057542550882956,0.05071135368255677
2019-07-12,amount_mean_20,1959,0.04010277342427055,-0.022703264917961517
2019-07-15,amount_mean_20,1959,0.04922717202420458,0.042313860788548915
2019-07-16,amount_mean_20,1957,0.04551083856335779,0.06032823676071587
2019-07-17,amount_mean_20,1959,0.09101638969415383,0.1502390338054793
2019-07-18,amount_mean_20,1957,0.0683096463817524,0.08646152412553676
2019-07-19,amount_mean_20,1963,0.03743974030014057,0.06400279905506867
2019-07-22,amount_mean_20,1963,0.062375463358337865,0.07591591181284577
2019-07-23,amount_mean_20,1962,0.0414486388224606,0.03469167030855443
2019-07-24,amount_mean_20,1964,-0.038345777988868145,-0.08317430330968534
2019-07-25,amount_mean_20,1964,-0.008921902108841442,-0.05125538802002236
2019-07-26,amount_mean_20,1964,-0.03353891286148549,-0.09899365535052776
2019-07-29,amount_mean_20,1966,0.08246403276210328,0.06296372590286638
2019-07-30,amount_mean_20,1965,0.07602442717241067,0.03223148596022731
2019-07-31,amount_mean_20,1964,0.12771910001524056,0.1091568338932925
2019-08-01,amount_mean_20,1966,0.0939722150150213,0.06984207256453112
2019-08-02,amount_mean_20,1966,0.16558579180005523,0.15751320044383432
2019-08-05,amount_mean_20,1966,0.04523527352368149,-0.007252051626258158
2019-08-06,amount_mean_20,1965,0.07666627913959577,0.067138472747255
2019-08-07,amount_mean_20,1967,0.06323355201320419,0.06015016520189788
2019-08-08,amount_mean_20,1966,0.10369162110300664,0.10495665765048505
2019-08-09,amount_mean_20,1962,0.03627316193030696,0.10400771306473217
2019-08-12,amount_mean_20,1963,0.013354543417071362,0.09148098611513418
2019-08-13,amount_mean_20,1962,-0.0030279241138578806,0.0510000053969461
2019-08-14,amount_mean_20,1962,-0.05714230259170503,-0.024974304087703198
2019-08-15,amount_mean_20,1962,-0.052456979355208766,-0.03866326415041969
2019-08-16,amount_mean_20,1961,-0.053663897286604936,-0.07612311864249638
2019-08-19,amount_mean_20,1961,-0.05533616418043615,-0.09999716303102604
2019-08-20,amount_mean_20,1961,-0.05390336058647111,-0.13669779513873367
2019-08-21,amount_mean_20,1964,-0.014395019911590222,-0.1147692983590406
2019-08-22,amount_mean_20,1965,0.020077330606048625,-0.058614513232471396
2019-08-23,amount_mean_20,1966,0.009895272723863882,-0.07736156859831768
2019-08-26,amount_mean_20,1967,0.06025351209548763,8.441621506495507e-05
2019-08-27,amount_mean_20,1967,0.08769805302223503,0.12164772520994377
2019-08-28,amount_mean_20,1968,0.10139666490280716,0.17605364878845423
2019-08-29,amount_mean_20,1967,0.04854018894645639,0.11499234124350254
2019-08-30,amount_mean_20,1967,0.0785523449077286,0.1430617304585694
2019-09-02,amount_mean_20,1966,-0.019002089823986615,0.07632320858827953
2019-09-03,amount_mean_20,1965,-0.05319042923483584,0.009377627176654696
2019-09-04,amount_mean_20,1966,-0.09943256241131362,-0.08145279610192022
2019-09-05,amount_mean_20,1965,-0.08829545010858178,-0.10615606888458569
2019-09-06,amount_mean_20,1967,-0.10200510540192508,-0.18757030244725115
2019-09-09,amount_mean_20,1965,-0.034397191919617875,-0.16036680876424697
2019-09-10,amount_mean_20,1963,0.0397062960647688,-0.08065791491234602
2019-09-11,amount_mean_20,1966,0.04911470930067833,-0.08337167382202132
2019-09-12,amount_mean_20,1966,0.05045804584219758,-0.0840221183964174
2019-09-16,amount_mean_20,1965,0.043936578870873426,-0.05948776922129212
2019-09-17,amount_mean_20,1967,0.024337710198640786,-0.0422170081522115
2019-09-18,amount_mean_20,1964,-0.05878618596131811,-0.17242155319186397
2019-09-19,amount_mean_20,1964,-0.05327851171988008,-0.15673860732251702
2019-09-20,amount_mean_20,1966,-0.11925985562535471,-0.2028183589845667
2019-09-23,amount_mean_20,1963,-0.13638791822326649,-0.19673768319721402
2019-09-24,amount_mean_20,1962,-0.126722245334081,-0.22880509475691044
2019-09-25,amount_mean_20,1961,-0.02963430476628397,-0.11783265586902371
2019-09-26,amount_mean_20,1960,-0.06389015882672615,-0.12803729486697632
2019-09-27,amount_mean_20,1960,0.010728274794373759,-0.009867804456909603
2019-09-30,amount_mean_20,1960,-0.055868451157934394,-0.14061432953120617
2019-10-08,amount_mean_20,1957,-0.053963408499602794,-0.10591644648717001
2019-10-09,amount_mean_20,1955,-0.06746504143550686,-0.10210055167303134
2019-10-10,amount_mean_20,1956,-0.102104681054928,-0.14303022128083198
2019-10-11,amount_mean_20,1954,-0.1079409088541464,-0.16369265246400577
2019-10-14,amount_mean_20,1956,-0.0025425907967156444,-0.023231302040297643
2019-10-15,amount_mean_20,1956,-0.021601309541534823,-0.1237062279834215
2019-10-16,amount_mean_20,1957,-0.05846602940792452,-0.1976694458448391
2019-10-17,amount_mean_20,1956,0.04443731679130881,-0.0832660780466416
2019-10-18,amount_mean_20,1955,0.09719036547418486,0.0578543220922073
2019-10-21,amount_mean_20,1955,0.05477973801155744,-0.03424140199627144
2019-10-22,amount_mean_20,1953,0.1061136507902222,0.06997040077581144
2019-10-23,amount_mean_20,1954,0.11561125632608284,0.14284816137310616
2019-10-24,amount_mean_20,1953,0.10063084520578966,0.15450540496715984
2019-10-25,amount_mean_20,1953,0.10148248576221973,0.10499625800557463
2019-10-28,amount_mean_20,1954,0.1454388713088085,0.21753077051378025
2019-10-29,amount_mean_20,1949,0.07293606717179928,0.15214550698495857
2019-10-30,amount_mean_20,1952,0.1011878747172664,0.19789740297986277
2019-10-31,amount_mean_20,1954,0.056193428606290376,0.1389107372288074
2019-11-01,amount_mean_20,1957,0.040202759604812024,0.05975536796304873
2019-11-04,amount_mean_20,1957,-0.01530564278730018,-0.020374238172335895
2019-11-05,amount_mean_20,1952,0.052632343045918725,0.014249526569842316
2019-11-06,amount_mean_20,1957,0.05365907317440692,-0.003170544068363843
2019-11-07,amount_mean_20,1956,0.08652157160957752,0.042783265441789925
2019-11-08,amount_mean_20,1957,0.05395757444055611,0.07847716676164097
2019-11-11,amount_mean_20,1957,0.060548710924677555,0.10454286808986575
2019-11-12,amount_mean_20,1952,-0.02073733575297468,0.03670746467455252
2019-11-13,amount_mean_20,1953,-0.07539494662130783,-0.05553753795012099
2019-11-14,amount_mean_20,1953,-0.1713417809938525,-0.2023012029317175
2019-11-15,amount_mean_20,1954,-0.2496354360911542,-0.34188595180123094
2019-11-18,amount_mean_20,1953,-0.2124663317192535,-0.32734800646265516
2019-11-19,amount_mean_20,1953,-0.15875246829783163,-0.2877920351828624
2019-11-20,amount_mean_20,1951,-0.12744208095485152,-0.2659377433514888
2019-11-21,amount_mean_20,1951,-0.07746671574616192,-0.18723489441112207
2019-11-22,amount_mean_20,1952,0.08931640229518531,0.023371946103446378
2019-11-25,amount_mean_20,1951,0.017983906690456446,-0.05063351892601366
2019-11-26,amount_mean_20,1949,-0.03796794898418336,-0.1427339422507972
2019-11-27,amount_mean_20,1951,0.009364488826487757,-0.028934511663912015
2019-11-28,amount_mean_20,1948,0.1135781133816699,0.08072207141852508
2019-11-29,amount_mean_20,1949,0.08158814890296348,0.10599443217888696
2019-12-02,amount_mean_20,1948,0.13494664260419947,0.16534651532184774
2019-12-03,amount_mean_20,1947,0.1131592559826505,0.21303497559035964
2019-12-04,amount_mean_20,1948,0.0637503695854857,0.17579027982470893
2019-12-05,amount_mean_20,1951,0.07519725362024404,0.18972590918886423
2019-12-06,amount_mean_20,1952,0.10064815494420949,0.18261715083957902
2019-12-09,amount_mean_20,1951,0.04456643462214925,0.12922400481265137
2019-12-10,amount_mean_20,1948,0.05312532386975932,0.12156358358531401
2019-12-11,amount_mean_20,1947,-0.043791846312997436,-0.024218714146578623
2019-12-12,amount_mean_20,1946,-0.11523348565199941,-0.15252241948322046
2019-12-13,amount_mean_20,1947,-0.1588224970340168,-0.2045703487459606
2019-12-16,amount_mean_20,1948,-0.1624334219957878,-0.25744308013315687
2019-12-17,amount_mean_20,1945,-0.11020143574839786,-0.16969192882993928
2019-12-18,amount_mean_20,1948,-0.028685094800872606,-0.07804436594668908
2019-12-19,amount_mean_20,1948,-0.034817514097814924,-0.06301039638375147
2019-12-20,amount_mean_20,1949,-0.006309336344593656,0.03952666144776503
2019-12-23,amount_mean_20,1949,-0.021929958539669895,0.042488124573045745
2019-12-24,amount_mean_20,1948,-0.014696244945461722,0.03711291132374453
2019-12-25,amount_mean_20,1946,-0.01668974161962419,0.03110595019330163
2019-12-26,amount_mean_20,1944,0.029334876471104922,0.10656348959892488
2019-12-27,amount_mean_20,1944,0.00790799392249474,0.058134625670874886
2019-12-30,amount_mean_20,1942,-0.008339793021989656,0.019389312814702738
2019-12-31,amount_mean_20,1941,-0.028831421983861735,-0.027691535746745925
2020-01-02,amount_mean_20,1941,0.0023694117931468586,0.006314239011899489
2020-01-03,amount_mean_20,1943,0.05699030112590474,0.07999891740568656
2020-01-06,amount_mean_20,1943,0.04161112014763592,0.015814200365022738
2020-01-07,amount_mean_20,1943,0.11633023259509119,0.13165798323835054
2020-01-08,amount_mean_20,1946,0.13215083705283326,0.15331392459878943
2020-01-09,amount_mean_20,1946,0.11410259703906897,0.17883879419726922
2020-01-10,amount_mean_20,1949,0.10008727040094742,0.11946877765662335
2020-01-13,amount_mean_20,1953,0.07318479674222483,0.05966734501600187
2020-01-14,amount_mean_20,1952,0.11545290927952932,0.08930344352563348
2020-01-15,amount_mean_20,1951,0.035118948988574226,-0.026460326076904274
2020-01-16,amount_mean_20,1950,0.009744316528915341,-0.034697792218623826
2020-01-17,amount_mean_20,1950,0.06913676107583538,0.08668542130469195
2020-01-20,amount_mean_20,1951,0.0900606924916734,0.15511456545244132
2020-01-21,amount_mean_20,1953,0.05753156214153319,0.15759511141289095
2020-01-22,amount_mean_20,1953,0.09529497722240775,0.2720304701986302
2020-01-23,amount_mean_20,1957,0.11319988876747937,0.23592680008678743
2020-02-03,amount_mean_20,1958,0.01676583400950672,0.09136554239917964
2020-02-04,amount_mean_20,1958,0.05360766088815209,0.11855083554318581
2020-02-05,amount_mean_20,1960,0.0358126448952577,0.03789520713935323
2020-02-06,amount_mean_20,1963,0.07288611851778254,0.055598569909667064
2020-02-07,amount_mean_20,1964,0.10855653912405275,0.16292539847348636
2020-02-10,amount_mean_20,1963,0.07474239092952777,0.13594734531018035
2020-02-11,amount_mean_20,1966,-0.012959990000473723,-0.018282874907556302
2020-02-12,amount_mean_20,1966,-0.015032190519972203,-0.03035615166967125
2020-02-13,amount_mean_20,1966,0.0063683636546383975,-0.013649987195025711
2020-02-14,amount_mean_20,1966,0.0499851039197074,0.040886128072991024
2020-02-17,amount_mean_20,1966,0.1089748172635451,0.1365319257993753
2020-02-18,amount_mean_20,1968,0.01177704358906153,-0.004846188488004528
2020-02-19,amount_mean_20,1967,-0.03483794658540397,-0.06774528371481912
2020-02-20,amount_mean_20,1970,-0.08451122397148499,-0.14435594327506981
2020-02-21,amount_mean_20,1968,-0.15401810757515222,-0.22737387236263532
2020-02-24,amount_mean_20,1969,-0.23036921379025946,-0.33792291755471443
2020-02-25,amount_mean_20,1970,-0.15575178392101335,-0.2295951641036107
2020-02-26,amount_mean_20,1973,-0.15698719468892539,-0.2658583331731132
2020-02-27,amount_mean_20,1971,-0.19142630969817326,-0.3225307098801602
2020-02-28,amount_mean_20,1970,-0.22206391076775353,-0.3910991383377201
2020-03-02,amount_mean_20,1970,-0.17799416473685617,-0.36758204703518715
2020-03-03,amount_mean_20,1968,-0.16947467873414102,-0.35958575413016863
2020-03-04,amount_mean_20,1969,-0.15329341451770345,-0.34059377705991456
2020-03-05,amount_mean_20,1967,-0.09034514751046334,-0.196976493056579
2020-03-06,amount_mean_20,1965,-0.11986211831247987,-0.24597372267273213
2020-03-09,amount_mean_20,1964,-0.16940411631420013,-0.30770154037780356
2020-03-10,amount_mean_20,1964,-0.09502107640038146,-0.21971615790848883
2020-03-11,amount_mean_20,1963,-0.04191138990859056,-0.14949336892514994
2020-03-12,amount_mean_20,1963,-0.12229441879973198,-0.20703686877955177
2020-03-13,amount_mean_20,1963,-0.0889539348919302,-0.120331556580671
2020-03-16,amount_mean_20,1962,-0.1150330313049659,-0.1741343917628276
2020-03-17,amount_mean_20,1963,-0.07250174178246482,-0.1139588688061734
2020-03-18,amount_mean_20,1962,-0.11597914880191774,-0.18430261693774944
2020-03-19,amount_mean_20,1962,-0.10600860969462919,-0.20725195633800345
2020-03-20,amount_mean_20,1962,-0.029342608196252642,-0.07697488171079639
2020-03-23,amount_mean_20,1960,-0.0320873032443201,-0.10611357275607122
2020-03-24,amount_mean_20,1960,-0.023793633169185,-0.11739897620311429
2020-03-25,amount_mean_20,1959,0.06709019219869651,0.008190826686561903
2020-03-26,amount_mean_20,1960,0.0613565856877048,0.016647388045663788
2020-03-27,amount_mean_20,1956,0.10066668544359676,0.1703174137374368
2020-03-30,amount_mean_20,1956,0.07511921808458573,0.13998222715717887
2020-03-31,amount_mean_20,1957,0.020211494864096166,0.12805313562563544
2020-04-01,amount_mean_20,1958,-0.08215177331993345,-0.06948249948266996
2020-04-02,amount_mean_20,1958,-0.07030278971353222,-0.05208051897493295
2020-04-03,amount_mean_20,1955,-0.05036111392482548,-0.054012710522234546
2020-04-07,amount_mean_20,1950,0.01672278965207592,0.036335411938725734
2020-04-08,amount_mean_20,1952,0.05036844374606809,0.05351370219975584
2020-04-09,amount_mean_20,1953,0.14287272817016475,0.1867086194404657
2020-04-10,amount_mean_20,1951,0.17527220387706333,0.24177532666912369
2020-04-13,amount_mean_20,1950,0.09916329299333398,0.13559201945320395
2020-04-14,amount_mean_20,1947,0.07164669400665885,0.140797038934777
2020-04-15,amount_mean_20,1948,0.022756170856610157,0.038684660795149324
2020-04-16,amount_mean_20,1948,-0.031289772921391054,-0.06736983371100806
2020-04-17,amount_mean_20,1949,-0.05155049837960961,-0.10586613123471793
2020-04-20,amount_mean_20,1937,0.05809001693071745,0.0015780499309375423
2020-04-21,amount_mean_20,1925,0.03571048182416997,-0.03393729852197896
2020-04-22,amount_mean_20,1920,0.0943706490003867,0.06094054285203294
2020-04-23,amount_mean_20,1931,0.16061371913762734,0.17356245154247127
2020-04-24,amount_mean_20,1935,0.1827877297497042,0.196784091910024
2020-04-27,amount_mean_20,1927,0.07507667652473221,0.15652972280289892
2020-04-28,amount_mean_20,1909,0.10574702693481916,0.19373018796197158
2020-04-29,amount_mean_20,1893,0.13730490715715035,0.2258509233356263
2020-04-30,amount_mean_20,1889,0.09554208102332333,0.16264013949977116
2020-05-06,amount_mean_20,1890,0.05728927795723528,0.10373661315830075
2020-05-07,amount_mean_20,1889,0.08611415949302412,0.0634833777816057
2020-05-08,amount_mean_20,1887,0.028248477041603055,-0.03738047928764415
2020-05-11,amount_mean_20,1886,-0.003540145148942881,-0.0454969837743394
2020-05-12,amount_mean_20,1887,-0.03350648094551464,-0.09926189045997058
2020-05-13,amount_mean_20,1886,-0.0799491251684634,-0.17052712114852198
2020-05-14,amount_mean_20,1889,-0.15457616579646974,-0.2531545287303778
2020-05-15,amount_mean_20,1888,-0.14057054073984693,-0.27129628234904274
2020-05-18,amount_mean_20,1892,-0.1481472414624221,-0.2834307630820437
2020-05-19,amount_mean_20,1889,-0.1812183692185125,-0.311802198549501
2020-05-20,amount_mean_20,1891,-0.14143502731121865,-0.22706713253546107
2020-05-21,amount_mean_20,1893,-0.0842730960880893,-0.15270131240164445
2020-05-22,amount_mean_20,1891,0.031860791329882975,0.0559774265740485
2020-05-25,amount_mean_20,1894,-0.021719217966473584,-0.08093192630065081
2020-05-26,amount_mean_20,1892,0.08827777359506295,0.039052056905377226
2020-05-27,amount_mean_20,1893,0.055373053142402255,-0.044796082556632345
2020-05-28,amount_mean_20,1892,0.07227058961615065,-0.02110910537012617
2020-05-29,amount_mean_20,1899,-0.03527114238086335,-0.14592499263116848
2020-06-01,amount_mean_20,1916,0.0034887636087462997,-0.05327059579549538
2020-06-02,amount_mean_20,1932,0.007585629400292063,-0.00043690491125414213
2020-06-03,amount_mean_20,1933,0.0474583916058233,0.13110805781098397
2020-06-04,amount_mean_20,1933,0.05962140251680326,0.07869473797154115
2020-06-05,amount_mean_20,1933,0.030845620943548535,0.02213162103789922
2020-06-08,amount_mean_20,1932,0.046207981531848075,0.11097907853004232
2020-06-09,amount_mean_20,1932,0.01216168357384448,0.0453869792872103
2020-06-10,amount_mean_20,1931,0.0446939314361639,0.055796862018306914
2020-06-11,amount_mean_20,1931,0.08241448078629648,0.14592292414149427
2020-06-12,amount_mean_20,1927,0.16153339158414826,0.2167763282159289
2020-06-15,amount_mean_20,1925,0.14573354681461875,0.19379338957232606
2020-06-16,amount_mean_20,1924,0.1572031401966045,0.18040747131237952
2020-06-17,amount_mean_20,1925,0.13116756357074943,0.18036639362352677
2020-06-18,amount_mean_20,1922,0.12700845406263983,0.2001418899452339
2020-06-19,amount_mean_20,1925,0.11482933267414008,0.17308924796237252
2020-06-22,amount_mean_20,1923,0.09047011355494877,0.13883306954088384
2020-06-23,amount_mean_20,1920,0.06509671749441248,0.08520681665373794
2020-06-24,amount_mean_20,1921,0.0802758438623586,0.08873967483902397
2020-06-29,amount_mean_20,1913,0.11104054020863709,0.1636484294439454
2020-06-30,amount_mean_20,1916,0.0910864234368014,0.150510768249626
2020-07-01,amount_mean_20,1921,0.0943634568206258,0.2079584190228292
2020-07-02,amount_mean_20,1921,0.11598800179643677,0.27660680471533416
2020-07-03,amount_mean_20,1920,0.10528404042274409,0.28166783307426024
2020-07-06,amount_mean_20,1919,-0.023929292473739493,0.030994446190332765
2020-07-07,amount_mean_20,1922,-0.06333041177537814,-0.10179353246528898
2020-07-08,amount_mean_20,1923,-0.18062351926746167,-0.31071796234881655
2020-07-09,amount_mean_20,1926,-0.16886876897491904,-0.30800570205875466
2020-07-10,amount_mean_20,1925,-0.20615952346271177,-0.34569674466558564
2020-07-13,amount_mean_20,1925,-0.17494851087929744,-0.26762491334341204
2020-07-14,amount_mean_20,1928,-0.12953433766567046,-0.17147568537813979
2020-07-15,amount_mean_20,1929,-0.002434223918700389,0.029443745948973275
2020-07-16,amount_mean_20,1928,-0.09615145108675381,-0.17128152358850107
2020-07-17,amount_mean_20,1926,-0.057070472257853576,-0.1671776689513979
2020-07-20,amount_mean_20,1924,-0.045676922454185885,-0.1721847958982184
2020-07-21,amount_mean_20,1925,-0.023209001587022347,-0.13378489852443157
2020-07-22,amount_mean_20,1927,-0.07080706350642867,-0.19945171167063985
2020-07-23,amount_mean_20,1929,0.05798396324299846,0.06977360921331385
2017-02-06,amount_std_20,1806,0.011171726767227608,0.019451726134741092
2017-02-07,amount_std_20,1805,-0.016819810378263855,0.014619733684471746
2017-02-08,amount_std_20,1805,0.0215989670294827,0.09444295199054166
2017-02-09,amount_std_20,1804,0.017613441171373027,0.046702628467010614
2017-02-10,amount_std_20,1795,0.04700395058893385,0.13108980579196355
2017-02-13,amount_std_20,1796,-0.021395880258643935,0.006911965114285347
2017-02-14,amount_std_20,1797,0.02083643141773244,0.03580319408047799
2017-02-15,amount_std_20,1802,-0.08227408392447833,-0.16398250449358936
2017-02-16,amount_std_20,1801,-0.13519877584334458,-0.21574730080892776
2017-02-17,amount_std_20,1798,-0.21907124223528418,-0.3614933161864019
2017-02-20,amount_std_20,1796,-0.14546500412066918,-0.30038551404751174
2017-02-21,amount_std_20,1797,-0.10446953387535805,-0.29762288619495736
2017-02-22,amount_std_20,1797,-0.08991010440039342,-0.2398920961800687
2017-02-23,amount_std_20,1796,-0.0816831856220777,-0.21472660972109087
2017-02-24,amount_std_20,1802,-0.08752907296118449,-0.2407437018904767
2017-02-27,amount_std_20,1802,-0.12536246457819797,-0.3198502301643743
2017-02-28,amount_std_20,1807,-0.11319332511648951,-0.32089296270399914
2017-03-01,amount_std_20,1808,-0.09600090621419174,-0.29797961715439103
2017-03-02,amount_std_20,1807,-0.0462697046843104,-0.23937981875201272
2017-03-03,amount_std_20,1803,-0.017226387646137712,-0.10961526101482535
2017-03-06,amount_std_20,1805,0.046108716647932306,0.031514472678904594
2017-03-07,amount_std_20,1806,0.015577042431975356,0.03402213596261897
2017-03-08,amount_std_20,1804,0.029218648059883962,0.08358080692040532
2017-03-09,amount_std_20,1808,-0.0008312148235299981,-0.022026353710100786
2017-03-10,amount_std_20,1795,0.002346410614237367,-0.1165164678089425
2017-03-13,amount_std_20,1798,-0.02317760613934479,-0.09412674791898515
2017-03-14,amount_std_20,1802,-0.007073717828581013,-0.051467373486986025
2017-03-15,amount_std_20,1803,-0.0044233987609123,-0.04078769540545755
2017-03-16,amount_std_20,1806,0.016270069930118113,0.05994638383884416
2017-03-17,amount_std_20,1799,0.04990843859357009,0.15703980337508933
2017-03-20,amount_std_20,1802,0.04485685098780721,0.12741542820041177
2017-03-21,amount_std_20,1805,0.03705230469088801,0.13654609036908705
2017-03-22,amount_std_20,1807,0.012606383344830257,0.10806636426556013
2017-03-23,amount_std_20,1806,0.014316719638684704,0.08211600386779597
2017-03-24,amount_std_20,1799,0.015487810734486969,0.0864562013916784
2017-03-27,amount_std_20,1795,0.005505476261469528,0.09836354363355251
2017-03-28,amount_std_20,1799,-0.030579785304558453,-0.0045320003427557
2017-03-29,amount_std_20,1794,-0.014529156400530338,-0.08953398649462138
2017-03-30,amount_std_20,1793,-0.00738931352597475,-0.07409952417830054
2017-03-31,amount_std_20,1799,-0.01768978585462642,-0.10840910577222605
2017-04-05,amount_std_20,1783,-0.021894771082090404,-0.0686355323170655
2017-04-06,amount_std_20,1776,-0.003860394999753253,0.0009020350896675801
2017-04-07,amount_std_20,1777,-0.016471770206832676,0.014328250824383394
2017-04-10,amount_std_20,1779,-0.029653493536318347,0.002613748184843517
2017-04-11,amount_std_20,1776,0.04341953319309384,0.16051218469029693
2017-04-12,amount_std_20,1761,-0.020427358412562987,0.09892304782676256
2017-04-13,amount_std_20,1754,-0.0466566491581661,0.05031299834064453
2017-04-14,amount_std_20,1751,-0.0387403420198948,0.04315394085464306
2017-04-17,amount_std_20,1755,-0.03156682960102823,0.02778108905489047
2017-04-18,amount_std_20,1754,-0.0214766305670711,-0.0020750890767663047
2017-04-19,amount_std_20,1744,-0.009732164993824089,-0.012814157422369975
2017-04-20,amount_std_20,1738,0.04209711077696605,0.05213508203327976
2017-04-21,amount_std_20,1734,0.07344387116171146,0.05423075828234794
2017-04-24,amount_std_20,1742,0.01802698753762731,0.001603492240048658
2017-04-25,amount_std_20,1744,0.004275347336579581,-0.05744676067832439
2017-04-26,amount_std_20,1747,0.0314764826967938,-0.07411339262669821
2017-04-27,amount_std_20,1747,-0.047247058636813354,-0.13946292855402365
2017-04-28,amount_std_20,1741,-0.10164252221420982,-0.17506951421298245
2017-05-02,amount_std_20,1741,-0.0913612679745956,-0.16335631541714882
2017-05-03,amount_std_20,1740,-0.04424254797141719,-0.020930557593852143
2017-05-04,amount_std_20,1731,-0.013444667579144155,0.0734915177965008
2017-05-05,amount_std_20,1732,0.05473643373981413,0.1811382930700651
2017-05-08,amount_std_20,1725,0.07022285006273934,0.22571060682257718
2017-05-09,amount_std_20,1728,0.12381322470196858,0.27214869244999806
2017-05-10,amount_std_20,1736,0.02050844857972062,0.044029017103522104
2017-05-11,amount_std_20,1741,-0.018277332602919624,-0.08983857758680876
2017-05-12,amount_std_20,1742,-0.01710693349127825,0.02164137370989025
2017-05-15,amount_std_20,1752,-0.024468184845319534,0.10334910239067172
2017-05-16,amount_std_20,1756,-0.013084354777880506,0.13915649327167254
2017-05-17,amount_std_20,1753,0.03011807312825234,0.20042794678525425
2017-05-18,amount_std_20,1756,0.029827485654829216,0.21579735336875788
2017-05-19,amount_std_20,1756,0.031483749088702565,0.16933172684472078
2017-05-22,amount_std_20,1755,0.000341185864479979,0.14343194498359027
2017-05-23,amount_std_20,1758,-0.02874530618069797,0.06334620142646993
2017-05-24,amount_std_20,1758,-0.0585437494227114,0.0073101070418343335
2017-05-25,amount_std_20,1757,-0.06791012725399156,-0.02014046814182793
2017-05-26,amount_std_20,1765,-0.05307011165782828,-0.015045911690375433
2017-05-31,amount_std_20,1773,-0.019833497599367214,-0.04820418108436627
2017-06-01,amount_std_20,1778,-0.027509099568880188,-0.046378440471676656
2017-06-02,amount_std_20,1774,0.04344774378060959,0.06664872066689966
2017-06-05,amount_std_20,1773,0.041412354787862565,0.0512461320318034
2017-06-06,amount_std_20,1774,-0.09689525266295734,-0.08266940593423056
2017-06-07,amount_std_20,1771,-0.18967004029243026,-0.25588678648597263
2017-06-08,amount_std_20,1769,-0.16218190724647813,-0.2629737526171154
2017-06-09,amount_std_20,1768,-0.2196544085475913,-0.30521959236877466
2017-06-12,amount_std_20,1769,-0.1767551713503525,-0.28955148929148705
2017-06-13,amount_std_20,1770,0.008537815220547704,-0.11892713021469535
2017-06-14,amount_std_20,1764,0.06490471300459863,0.0680516379051538
2017-06-15,amount_std_20,1766,0.026254281116856418,0.05287040887863951
2017-06-16,amount_std_20,1769,0.057947407968391484,0.08710074637005677
2017-06-19,amount_std_20,1771,0.011037626996683585,0.059849531319656986
2017-06-20,amount_std_20,1769,-0.04444348584423098,0.04653266968409127
2017-06-21,amount_std_20,1771,-0.04327102565474898,0.001626063343694615
2017-06-22,amount_std_20,1768,-0.11646795917144594,-0.126062699623166
2017-06-23,amount_std_20,1770,-0.15266035021203844,-0.19002958605104442
2017-06-26,amount_std_20,1771,-0.12962411031711726,-0.14894760802701065
2017-06-27,amount_std_20,1772,-0.09189227840296205,-0.1665824026470851
2017-06-28,amount_std_20,1769,-0.08176851593396911,-0.15297233940849214
2017-06-29,amount_std_20,1769,-0.04438826310965277,-0.09889451111242895
2017-06-30,amount_std_20,1767,-0.015453806660000362,-0.06997007571652147
2017-07-03,amount_std_20,1769,0.022635270650368043,-0.006374649649264624
2017-07-04,amount_std_20,1763,0.043485608321876666,0.025491874447836675
2017-07-05,amount_std_20,1763,0.011489367686399453,-0.002259687817342079
2017-07-06,amount_std_20,1766,0.06133914131863914,0.06456996208408282
2017-07-07,amount_std_20,1766,0.13900961173506463,0.11658944363966701
2017-07-10,amount_std_20,1761,0.17395952191069075,0.19299268175907955
2017-07-11,amount_std_20,1762,0.1819165334120188,0.20115775154985413
2017-07-12,amount_std_20,1766,0.24525656613071112,0.23795233646081212
2017-07-13,amount_std_20,1771,0.2379909182250752,0.2619601815060489
2017-07-14,amount_std_20,1771,0.12856471147843862,0.1891469479200905
2017-07-17,amount_std_20,1773,0.08784816416898336,0.11418480819785055
2017-07-18,amount_std_20,1777,-0.0005593071327287027,-0.05719542309657277
2017-07-19,amount_std_20,1777,-0.1652143135328086,-0.21318480748290888
2017-07-20,amount_std_20,1779,-0.07331550252524702,-0.18486220346213506
2017-07-21,amount_std_20,1777,0.057070190923246195,-0.06011102947334439
2017-07-24,amount_std_20,1775,0.05878171097846973,-0.026315052267907726
2017-07-25,amount_std_20,1776,0.07943790159441529,-0.007521708684466087
2017-07-26,amount_std_20,1778,0.1803786896913528,0.0949965328444106
2017-07-27,amount_std_20,1773,0.026582753583508117,-0.02805959479752219
2017-07-28,amount_std_20,1773,-0.07939264230350503,-0.11032536383521137
2017-07-31,amount_std_20,1773,-0.040560622645295266,-0.0701733748882305
2017-08-01,amount_std_20,1776,-0.057843036973427665,-0.08731752073114192
2017-08-02,amount_std_20,1776,0.00762050270402953,-0.017925714342260663
2017-08-03,amount_std_20,1776,-0.12446513617109879,-0.13807619839118848
2017-08-04,amount_std_20,1775,-0.1517242468071327,-0.17494552820488427
2017-08-07,amount_std_20,1774,-0.15422352000513478,-0.19593368917175383
2017-08-08,amount_std_20,1778,-0.2412978523010872,-0.28672086456772905
2017-08-09,amount_std_20,1775,-0.23572101430498785,-0.329836764391617
2017-08-10,amount_std_20,1780,-0.11161832811927672,-0.23127277265191543
2017-08-11,amount_std_20,1784,-0.116002649020419,-0.24878280276956452
2017-08-14,amount_std_20,1780,-0.0848629212319847,-0.1728748787907846
2017-08-15,amount_std_20,1780,-0.10507972551952746,-0.13726971858263207
2017-08-16,amount_std_20,1777,-0.13978571334716575,-0.22852769711309184
2017-08-17,amount_std_20,1779,0.010069611693308802,-0.1374629364572671
2017-08-18,amount_std_20,1785,-0.008727354431413724,-0.16639765596902978
2017-08-21,amount_std_20,1785,-0.021762394405231193,-0.14686990755430998
2017-08-22,amount_std_20,1785,0.20125631741261024,0.11412018862839483
2017-08-23,amount_std_20,1787,0.21713515958331608,0.1345812958231339
2017-08-24,amount_std_20,1793,0.22798502147827135,0.13839041963682144
2017-08-25,amount_std_20,1792,0.17761139759547162,0.12042227019553645
2017-08-28,amount_std_20,1800,0.11764491985119004,0.07363454534632251
2017-08-29,amount_std_20,1804,0.022953640240698604,-0.03448038433382494
2017-08-30,amount_std_20,1792,-0.05067366904168151,-0.1334313552859538
2017-08-31,amount_std_20,1787,-0.15081711437548223,-0.21702445005075724
2017-09-01,amount_std_20,1789,-0.12288602723369706,-0.2344739620895247
2017-09-04,amount_std_20,1791,-0.041937897073770096,-0.09061013642829592
2017-09-05,amount_std_20,1795,-0.028938069960707816,-0.08322186087813395
2017-09-06,amount_std_20,1793,-0.013019558578188069,-0.004541893157275977
2017-09-07,amount_std_20,1791,-0.08800772192382365,-0.08138346495184204
2017-09-08,amount_std_20,1790,-0.1339808234878281,-0.12456287658107522
2017-09-11,amount_std_20,1793,-0.16471126976424438,-0.2088986529344749
2017-09-12,amount_std_20,1791,-0.13658076430401597,-0.19069184708486359
2017-09-13,amount_std_20,1791,-0.16843486287142567,-0.23253287264961547
2017-09-14,amount_std_20,1792,-0.09162491222083313,-0.15336801108413964
2017-09-15,amount_std_20,1791,-0.14166492623214338,-0.21949187643550014
2017-09-18,amount_std_20,1791,-0.06133900803745278,-0.05332511933513855
2017-09-19,amount_std_20,1789,-0.06905648070839963,-0.08387818462166596
2017-09-20,amount_std_20,1788,0.0076097920470670445,0.014460864857170165
2017-09-21,amount_std_20,1788,0.0012536368308698853,0.040474852359204755
2017-09-22,amount_std_20,1786,0.11279867606152938,0.1611094454086254
2017-09-25,amount_std_20,1786,-0.09858319695952403,-0.12583009631868342
2017-09-26,amount_std_20,1784,-0.25162412780425847,-0.2926722547630569
2017-09-27,amount_std_20,1782,-0.2674518524526976,-0.28827791051053425
2017-09-28,amount_std_20,1791,-0.21943350517112867,-0.26972931612634876
2017-09-29,amount_std_20,1789,-0.20207710768606393,-0.24160011890783842
2017-10-09,amount_std_20,1790,-0.14991827187150347,-0.18983569021164556
2017-10-10,amount_std_20,1788,-0.05965867074127139,-0.12037464545951813
2017-10-11,amount_std_20,1787,-0.0189894604151565,-0.08888014562335823
2017-10-12,amount_std_20,1787,-0.0011334782408351938,-0.07694652007141234
2017-10-13,amount_std_20,1791,-0.07786466505226927,-0.10165735042191786
2017-10-16,amount_std_20,1795,0.03239490520621011,0.012951470025310208
2017-10-17,amount_std_20,1797,0.06762650159417823,0.07519967586849644
2017-10-18,amount_std_20,1796,0.06808179633509022,0.05288966724282071
2017-10-19,amount_std_20,1796,0.03816355027488501,-0.010656655749821926
2017-10-20,amount_std_20,1799,0.08029097601015805,-0.03654968498430429
2017-10-23,amount_std_20,1803,0.08543561313798448,-0.06296171576991774
2017-10-24,amount_std_20,1804,0.07310299028862606,-0.06138775518580175
2017-10-25,amount_std_20,1813,0.05872102371534317,-0.027334339780962984
2017-10-26,amount_std_20,1813,0.08746018152659059,0.012916544423986367
2017-10-27,amount_std_20,1811,0.09502806573621757,0.08633829189719007
2017-10-30,amount_std_20,1815,0.10286595291073666,0.11972493754295561
2017-10-31,amount_std_20,1816,0.09962813658741103,0.11748899048152592
2017-11-01,amount_std_20,1820,0.09456904881464075,0.08938646166627494
2017-11-02,amount_std_20,1822,0.09066693475038483,0.12255288130170261
2017-11-03,amount_std_20,1822,0.12815149877492657,0.1237815762169574
2017-11-06,amount_std_20,1824,0.06718433609622608,0.0982294128566916
2017-11-07,amount_std_20,1824,0.050894901293743,0.06706477522302909
2017-11-08,amount_std_20,1824,0.07118813175924264,0.030274102424506094
2017-11-09,amount_std_20,1825,0.10099279349280628,0.06537329275658664
2017-11-10,amount_std_20,1817,0.10972031981243227,0.08576659313148521
2017-11-13,amount_std_20,1813,0.19842383810386394,0.1675003765887236
2017-11-14,amount_std_20,1809,0.24693154670138842,0.2506587024132116
2017-11-15,amount_std_20,1803,0.13614004950635658,0.14058205264079765
2017-11-16,amount_std_20,1800,0.026486792977157832,0.04648449285741352
2017-11-17,amount_std_20,1800,-0.15220113768910357,-0.12671942223352964
2017-11-20,amount_std_20,1794,-0.19533240420087095,-0.19586888537700828
2017-11-21,amount_std_20,1799,-0.205090573013463,-0.21439868518879335
2017-11-22,amount_std_20,1796,-0.17480525505933847,-0.14697674009820488
2017-11-23,amount_std_20,1798,-0.16775896689078365,-0.15467676516873954
2017-11-24,amount_std_20,1800,0.025068654062137794,0.03155478726666824
2017-11-27,amount_std_20,1804,0.06679604628020934,0.08521051548609765
2017-11-28,amount_std_20,1799,0.05571624205079803,0.07391966217292814
2017-11-29,amount_std_20,1795,0.029375883073828723,0.0675160724305723
2017-11-30,amount_std_20,1792,0.05988424022749432,0.08910782933466585
2017-12-01,amount_std_20,1791,0.04279700628216318,0.09930589747904184
2017-12-04,amount_std_20,1793,0.04235515495461691,-0.00872445497573914
2017-12-05,amount_std_20,1795,0.017811650557728324,-0.0021125905825740104
2017-12-06,amount_std_20,1793,-0.02938764724064951,0.04180307222193764
2017-12-07,amount_std_20,1792,-0.011218024383269371,-0.07759635219894687
2017-12-08,amount_std_20,1783,-0.10188269757310947,-0.16776645845744398
2017-12-11,amount_std_20,1782,-0.07151081493005891,-0.1329952387674437
2017-12-12,amount_std_20,1784,-0.033807299800344845,-0.10051859793288523
2017-12-13,amount_std_20,1778,0.06845511078138529,0.0555606579624174
2017-12-14,amount_std_20,1781,0.15702511553450357,0.17128879404667213
2017-12-15,amount_std_20,1779,0.19229701494471363,0.2088489513130942
2017-12-18,amount_std_20,1774,0.15397243364913438,0.17378286791078515
2017-12-19,amount_std_20,1774,0.058541849177624346,0.06065102043486994
2017-12-20,amount_std_20,1772,-0.007111736907728154,-0.04855579038991071
2017-12-21,amount_std_20,1771,-0.0400271273279136,-0.08396682119013307
2017-12-22,amount_std_20,1772,-0.033847740844541216,-0.05680910231963837
2017-12-25,amount_std_20,1773,-0.00662107071475012,-0.026414198938699753
2017-12-26,amount_std_20,1775,0.12965384708171132,0.07909303270270977
2017-12-27,amount_std_20,1777,0.029422688919043306,-0.05808519064896574
2017-12-28,amount_std_20,1777,0.08751715372092747,0.05860647141172376
2017-12-29,amount_std_20,1777,0.07735166418871826,0.01806331678295113
2018-01-02,amount_std_20,1777,0.1350663551642688,0.0867305886067343
2018-01-03,amount_std_20,1780,0.05020903058979995,0.005919576142299109
2018-01-04,amount_std_20,1780,0.08569725107690737,0.05442009235930715
2018-01-05,amount_std_20,1783,0.06990401774179912,-0.03047743442996272
2018-01-08,amount_std_20,1784,0.09782629423771808,0.011926923779210204
2018-01-09,amount_std_20,1778,0.003478480674997194,-0.09023205347917525
2018-01-10,amount_std_20,1771,0.0790504780974724,0.013935801707063015
2018-01-11,amount_std_20,1776,0.05792930886998871,-0.027115311565651223
2018-01-12,amount_std_20,1777,0.00900620797853555,0.03605447268401392
2018-01-15,amount_std_20,1780,-0.007318258028264269,0.0048379738355965
2018-01-16,amount_std_20,1780,0.054295375520496944,0.10581749096903505
2018-01-17,amount_std_20,1783,0.021113713056323674,0.06622248019120698
2018-01-18,amount_std_20,1788,0.04559229803114214,0.10283999047494402
2018-01-19,amount_std_20,1787,0.02994817574522048,0.02505478517296334
2018-01-22,amount_std_20,1790,-0.08861518471347558,-0.10505308308673003
2018-01-23,amount_std_20,1792,0.03587985498572776,0.012647870665759968
2018-01-24,amount_std_20,1784,0.16798663874197692,0.1830250090747538
2018-01-25,amount_std_20,1761,0.1920430498666516,0.271982123115288
2018-01-26,amount_std_20,1734,0.22317916560496312,0.30304572069350727
2018-01-29,amount_std_20,1723,0.04699337297011129,0.30329650158308713
2018-01-30,amount_std_20,1721,0.08231387270919635,0.2291946428029381
2018-01-31,amount_std_20,1717,0.0788190410210979,0.06733302170559291
2018-02-01,amount_std_20,1719,0.0034489774753943877,-0.22529588545038762
2018-02-02,amount_std_20,1720,-0.03614643967347084,-0.21108338694223644
2018-02-05,amount_std_20,1721,0.013477790933113997,-0.2402559065164322
2018-02-06,amount_std_20,1724,0.033454072878335295,-0.19551603421130012
2018-02-07,amount_std_20,1723,-0.03104570106260107,-0.023215749020590967
2018-02-08,amount_std_20,1723,0.12987750218108476,0.2147335723717452
2018-02-09,amount_std_20,1727,0.1562550235888443,0.26725098998733576
2018-02-12,amount_std_20,1732,-0.0033817513053502374,0.07039880076426058
2018-02-13,amount_std_20,1727,-0.058422530694353075,0.035010453400147655
2018-02-14,amount_std_20,1729,-0.16465162391917942,-0.15099171165395947
2018-02-22,amount_std_20,1736,-0.2250343649047805,-0.21045067822498914
2018-02-23,amount_std_20,1733,-0.2262757210170587,-0.26357710035274806
2018-02-26,amount_std_20,1734,-0.15004859555787106,-0.17165505426535382
2018-02-27,amount_std_20,1731,-0.1211968830978498,-0.20555929462738382
2018-02-28,amount_std_20,1730,-0.09586419081453529,-0.1512913673912133
2018-03-01,amount_std_20,1730,-0.0763277455757342,-0.08171452937120469
2018-03-02,amount_std_20,1729,-0.08287365927089119,-0.09855126937711406
2018-03-05,amount_std_20,1729,-0.13411071135108563,-0.23043620275434185
2018-03-06,amount_std_20,1731,-0.09256425447234291,-0.13282492449613886
2018-03-07,amount_std_20,1737,-0.011837696106566502,-0.028947977291059326
2018-03-08,amount_std_20,1737,-0.054038290049017716,-0.18397744597860516
2018-03-09,amount_std_20,1735,-0.0458786034035596,-0.20951311484727042
2018-03-12,amount_std_20,1728,-0.013192688685872747,-0.1375791430041194
2018-03-13,amount_std_20,1731,-0.07415607119043816,-0.2532130621777492
2018-03-14,amount_std_20,1730,-0.18578573783452032,-0.4169206978091027
2018-03-15,amount_std_20,1733,-0.08236424353689512,-0.2308791811060681
2018-03-16,amount_std_20,1737,-0.09678910622876896,-0.1758053949931059
2018-03-19,amount_std_20,1737,-0.08027682365365173,-0.1487991639846399
2018-03-20,amount_std_20,1739,-0.09111505387179429,-0.11485081578007059
2018-03-21,amount_std_20,1747,-0.02426869375041011,-0.008233542081078401
2018-03-22,amount_std_20,1755,-0.023173048053086082,0.03773382648254653
2018-03-23,amount_std_20,1765,-0.11489326174442843,-0.11555733292695439
2018-03-26,amount_std_20,1770,-0.13126194997364102,-0.15221297571632256
2018-03-27,amount_std_20,1764,-0.07677921533796461,-0.10047934385198036
2018-03-28,amount_std_20,1761,-0.07653961785961381,-0.10803725792801414
2018-03-29,amount_std_20,1764,-0.0057877806010553316,-0.0929814144579017
2018-03-30,amount_std_20,1762,-0.0066031745019533294,-0.11105437749435673
2018-04-02,amount_std_20,1768,-0.04458375084402926,-0.1397080997316627
2018-04-03,amount_std_20,1770,-0.035658392698473124,-0.09957713331895082
2018-04-04,amount_std_20,1765,-0.0035450780475694346,-0.03285060821238209
2018-04-09,amount_std_20,1762,-0.07087152218150217,-0.12614056936222764
2018-04-10,amount_std_20,1761,-0.008137437135212509,-0.054087539790557616
2018-04-11,amount_std_20,1761,0.0589008164914253,0.04338586943617406
2018-04-12,amount_std_20,1761,0.08852556925728049,0.04832685477380956
2018-04-13,amount_std_20,1766,0.0001116975005066057,-0.04083430504636197
2018-04-16,amount_std_20,1764,0.05405103816943446,0.09896054385815285
2018-04-17,amount_std_20,1766,-0.030322226374151495,-0.0030400632372810372
2018-04-18,amount_std_20,1763,-0.07427566527848871,-0.06417851889471637
2018-04-19,amount_std_20,1769,-0.12022229054326616,-0.0866947783945758
2018-04-20,amount_std_20,1759,-0.0732216891477851,-0.035082830189854364
2018-04-23,amount_std_20,1765,-0.09329382381909809,-0.08565423616501155
2018-04-24,amount_std_20,1766,-0.09079216099634034,-0.09869461908559538
2018-04-25,amount_std_20,1762,-0.04284111926541334,-0.011889502523562457
2018-04-26,amount_std_20,1758,0.014271916066791932,0.01758405204522074
2018-04-27,amount_std_20,1756,-9.374804557601337e-05,0.004495929493391089
2018-05-02,amount_std_20,1760,-0.053066731548605396,-0.08575198585319756
2018-05-03,amount_std_20,1764,-0.03948594391625963,-0.10250459838181716
2018-05-04,amount_std_20,1768,-0.03337329731595871,-0.09962279343855004
2018-05-07,amount_std_20,1768,-0.04229273946849328,-0.11023146729110869
2018-05-08,amount_std_20,1769,-0.03401781372803503,-0.09311540827280285
2018-05-09,amount_std_20,1769,-0.026602879771630707,-0.0976954826908683
2018-05-10,amount_std_20,1769,-0.0037806049077626787,-0.08044162878470197
2018-05-11,amount_std_20,1766,0.017657397221050797,-0.1229419160295255
2018-05-14,amount_std_20,1770,-0.02487016703992208,-0.18632476109929327
2018-05-15,amount_std_20,1774,0.011514109195787015,-0.11903962631929449
2018-05-16,amount_std_20,1771,6.0012887343756043e-05,-0.09722933559120978
2018-05-17,amount_std_20,1771,-0.05010145401680362,-0.0871220816839927
2018-05-18,amount_std_20,1773,-0.01857235936055043,-0.08625723544312633
2018-05-21,amount_std_20,1769,-0.03884866334257736,-0.08516849480178222
2018-05-22,amount_std_20,1768,0.035859939381242815,0.008987942985041436
2018-05-23,amount_std_20,1763,0.0533621305161671,0.01750441991805315
2018-05-24,amount_std_20,1760,0.044936249376601727,-0.004258586383772728
2018-05-25,amount_std_20,1762,0.04195677831605572,-0.038402170276830294
2018-05-28,amount_std_20,1764,0.1304429796775485,0.13246637816194431
2018-05-29,amount_std_20,1776,0.06879051824705067,0.07757687130651769
2018-05-30,amount_std_20,1778,0.05674786253228178,0.05010160965822583
2018-05-31,amount_std_20,1780,0.130498103226836,0.20276299729286587
2018-06-01,amount_std_20,1788,0.11963649508688692,0.1431099696240452
2018-06-04,amount_std_20,1787,0.09863666217575864,0.10733490969588208
2018-06-05,amount_std_20,1787,0.11929933317962457,0.11337566890650609
2018-06-06,amount_std_20,1787,0.08146324451951831,0.10307126202159471
2018-06-07,amount_std_20,1783,0.06524094038395815,0.04043500356745839
2018-06-08,amount_std_20,1774,0.14242023560478476,0.15159643296282427
2018-06-11,amount_std_20,1778,0.129629376289762,0.1601876640205676
2018-06-12,amount_std_20,1778,0.12956641454363138,0.14819240419580204
2018-06-13,amount_std_20,1779,0.14906388502106246,0.18230631005695325
2018-06-14,amount_std_20,1782,0.11502080532767422,0.15391927287146803
2018-06-15,amount_std_20,1783,-0.008047854395066058,-0.015855572120072773
2018-06-19,amount_std_20,1786,-0.1263361585544651,-0.17262013177260727
2018-06-20,amount_std_20,1787,-0.17904963355186784,-0.23442538770505078
2018-06-21,amount_std_20,1790,-0.1499593828387009,-0.20452155286989107
2018-06-22,amount_std_20,1792,-0.16372296733515626,-0.20990602282915108
2018-06-25,amount_std_20,1798,-0.2016408125460601,-0.22870253411845934
2018-06-26,amount_std_20,1798,-0.15345244084569587,-0.14589762259165212
2018-06-27,amount_std_20,1799,-0.04759509520755056,-0.053141475088861884
2018-06-28,amount_std_20,1800,-0.06035874440298435,-0.1365560343361131
2018-06-29,amount_std_20,1800,0.01966273608962616,-0.010391923639698453
2018-07-02,amount_std_20,1808,0.09857344935506482,0.09058164139029412
2018-07-03,amount_std_20,1811,0.14118032349871523,0.1335883985117844
2018-07-04,amount_std_20,1813,0.07719916137123954,0.12607607982530178
2018-07-05,amount_std_20,1817,0.07197416196222611,0.1277443784046764
2018-07-06,amount_std_20,1820,0.01144485383292155,0.06822450380276768
2018-07-09,amount_std_20,1825,-0.024585287665933393,-0.01756477714172909
2018-07-10,amount_std_20,1828,-0.116045452979138,-0.18100953876571016
2018-07-11,amount_std_20,1832,-0.00915749579734057,-0.15357781720479144
2018-07-12,amount_std_20,1837,-0.007403027972193731,-0.13136989496762427
2018-07-13,amount_std_20,1839,-0.014987022416461701,-0.10292839774949637
2018-07-16,amount_std_20,1842,-0.03912548460744625,-0.08632503591623261
2018-07-17,amount_std_20,1846,-0.03714179015422932,-0.04497344638793443
2018-07-18,amount_std_20,1847,-0.16180746305303328,-0.28235359141718674
2018-07-19,amount_std_20,1847,-0.19573332600089285,-0.34930996408203174
2018-07-20,amount_std_20,1849,-0.2000901944693604,-0.34196186541487844
2018-07-23,amount_std_20,1853,-0.19735296111034223,-0.35774454834279007
2018-07-24,amount_std_20,1856,-0.1841295250319214,-0.38494225896391066
2018-07-25,amount_std_20,1862,-0.0221703877854832,-0.10828974331600774
2018-07-26,amount_std_20,1865,-0.09972702420862697,-0.20387903512989622
2018-07-27,amount_std_20,1875,-0.13551121801997548,-0.2570143582748965
2018-07-30,amount_std_20,1882,-0.06080624643587843,-0.12431793309917898
2018-07-31,amount_std_20,1882,-0.10552973304777116,-0.15939689711086433
2018-08-01,amount_std_20,1884,-0.09465090032228685,-0.14950576584381287
2018-08-02,amount_std_20,1886,0.04156038984835026,0.01973229849390435
2018-08-03,amount_std_20,1887,0.10445440798689433,0.10810522273545664
2018-08-06,amount_std_20,1891,0.04071877690073434,-0.018208671701716105
2018-08-07,amount_std_20,1891,0.07370053703230421,0.01214532327884598
2018-08-08,amount_std_20,1890,-0.04139200734159404,-0.12722234708406482
2018-08-09,amount_std_20,1889,-0.09219552744447701,-0.20207509679691424
2018-08-10,amount_std_20,1892,-0.08449836376983011,-0.1639361976945384
2018-08-13,amount_std_20,1893,-0.0052752921737434936,-0.07784318210427768
2018-08-14,amount_std_20,1895,0.034180396219401867,-0.04642847837859824
2018-08-15,amount_std_20,1894,0.08685463024541211,0.036141436394155874
2018-08-16,amount_std_20,1898,0.1302146185391375,0.07544677898042615
2018-08-17,amount_std_20,1898,0.16769310727697637,0.1221471354147364
2018-08-20,amount_std_20,1897,0.10392451066756161,0.0838413497576956
2018-08-21,amount_std_20,1899,0.09733798123353334,0.0777138391790724
2018-08-22,amount_std_20,1895,0.022772805703107774,-0.023282732662297172
2018-08-23,amount_std_20,1894,0.03797566383750614,-0.018069980615364474
2018-08-24,amount_std_20,1897,-0.024771174972744198,-0.06579602012028654
2018-08-27,amount_std_20,1899,0.00033567843783917925,-0.04044073860104588
2018-08-28,amount_std_20,1901,-0.038350267557911995,-0.10311202839585903
2018-08-29,amount_std_20,1902,-0.037106650321642884,-0.08121550952914648
2018-08-30,amount_std_20,1903,-0.057587717139682214,-0.08179954666051349
2018-08-31,amount_std_20,1901,-0.11453166545463003,-0.15914605525376443
2018-09-03,amount_std_20,1904,-0.1179239725756773,-0.1615195334294196
2018-09-04,amount_std_20,1903,-0.16858693058494686,-0.13672204576046815
2018-09-05,amount_std_20,1902,-0.1385192965082368,-0.08766933222885286
2018-09-06,amount_std_20,1901,-0.14772324513891513,-0.16909207230260198
2018-09-07,amount_std_20,1901,-0.09464126166977752,-0.15210627511285865
2018-09-10,amount_std_20,1904,-0.059520402976275935,-0.06630309167782623
2018-09-11,amount_std_20,1903,0.0446004497282568,0.025917914710073892
2018-09-12,amount_std_20,1905,0.04550001251259716,0.043572222044153994
2018-09-13,amount_std_20,1909,0.17051410299115746,0.22334851939880423
2018-09-14,amount_std_20,1910,0.160745885152467,0.23255993658155613
2018-09-17,amount_std_20,1913,0.17421588876420807,0.1926810367741878
2018-09-18,amount_std_20,1909,0.13752503497003998,0.1305638455231577
2018-09-19,amount_std_20,1911,0.12457995274037335,0.11069669565867614
2018-09-20,amount_std_20,1908,-0.07912384922240884,-0.09917240437136154
2018-09-21,amount_std_20,1913,-0.08935568199578582,-0.11720292211487307
2018-09-25,amount_std_20,1915,-0.14954602958454055,-0.1946435337010161
2018-09-26,amount_std_20,1909,-0.051149618223810304,-0.06323810571956508
2018-09-27,amount_std_20,1916,0.05255419214209825,0.040198202539396335
2018-09-28,amount_std_20,1912,0.14251897745294098,0.11827984213324122
2018-10-08,amount_std_20,1913,0.16803525164190103,0.11667251435147083
2018-10-09,amount_std_20,1912,0.1987220254413218,0.1491002904497608
2018-10-10,amount_std_20,1910,0.11478605254441318,0.056893248535389074
2018-10-11,amount_std_20,1908,0.049674278894565,0.0015071492788245597
2018-10-12,amount_std_20,1904,0.06323630371980543,0.05521466358732191
2018-10-15,amount_std_20,1906,-0.030426980571031752,-0.020413061813737674
2018-10-16,amount_std_20,1905,-0.06498194925372859,-0.08473137566005036
2018-10-17,amount_std_20,1903,-0.05154988425841515,-0.05905285282976351
2018-10-18,amount_std_20,1905,-0.17200942226851884,-0.24123837540779874
2018-10-19,amount_std_20,1905,-0.24214536145768872,-0.332211267583887
2018-10-22,amount_std_20,1906,-0.19614138879510012,-0.33222948828131027
2018-10-23,amount_std_20,1902,-0.165664274017959,-0.2750571792202274
2018-10-24,amount_std_20,1901,-0.13939449379928648,-0.2257879790478372
2018-10-25,amount_std_20,1902,0.023402179505100852,0.0554198682713846
2018-10-26,amount_std_20,1904,0.020892862134723227,0.05056147107645254
2018-10-29,amount_std_20,1905,-0.007867489183266694,0.008515261234451937
2018-10-30,amount_std_20,1906,-0.01606263301301009,-0.033693731969850586
2018-10-31,amount_std_20,1908,-0.07585804566888003,-0.18825173847793533
2018-11-01,amount_std_20,1906,-0.15698872628566846,-0.39622499369949
2018-11-02,amount_std_20,1907,-0.17051517436051802,-0.40439741015614394
2018-11-05,amount_std_20,1914,-0.15828345761208337,-0.3633444006610997
2018-11-06,amount_std_20,1913,-0.18951050516830778,-0.37129730234518715
2018-11-07,amount_std_20,1913,-0.169600247913074,-0.2879551916669944
2018-11-08,amount_std_20,1917,-0.11615063517296204,-0.23161774628306991
2018-11-09,amount_std_20,1915,-0.042664533094948914,-0.18978316813928095
2018-11-12,amount_std_20,1916,-0.015478660800726003,-0.11030861451709403
2018-11-13,amount_std_20,1916,-0.009094945152001474,-0.15227458166663027
2018-11-14,amount_std_20,1917,-0.05493527766596727,-0.1968904313285561
2018-11-15,amount_std_20,1919,-0.014549385682953105,-0.1029878962254408
2018-11-16,amount_std_20,1916,-0.04358355741619531,-0.1352913276633688
2018-11-19,amount_std_20,1914,-0.0626132251985386,-0.19223676331976974
2018-11-20,amount_std_20,1914,-0.10902739697336933,-0.15384829719753104
2018-11-21,amount_std_20,1913,-0.08482828997122095,-0.12345379957756858
2018-11-22,amount_std_20,1918,-0.09785326948529001,-0.11436640766191893
2018-11-23,amount_std_20,1917,-0.08994101909920554,-0.08986933425559919
2018-11-26,amount_std_20,1920,-0.054288403518458504,-0.08229541964984925
2018-11-27,amount_std_20,1920,-0.07393245190927267,-0.10082702672460545
2018-11-28,amount_std_20,1924,-0.12589942912048818,-0.11813568778526795
2018-11-29,amount_std_20,1928,-0.15974668062182953,-0.13822168816159808
2018-11-30,amount_std_20,1929,-0.16089051791097278,-0.16212491920171526
2018-12-03,amount_std_20,1927,-0.1624345952696141,-0.12174578846802656
2018-12-04,amount_std_20,1929,-0.06289128792034906,-0.04210748628633661
2018-12-05,amount_std_20,1932,-0.0005758974988049979,0.05143721329781512
2018-12-06,amount_std_20,1935,-0.0008306631692764142,-0.013990463013146277
2018-12-07,amount_std_20,1939,0.02789774126890749,0.05480511064100032
2018-12-10,amount_std_20,1940,0.027612278873483716,0.0034590959364228313
2018-12-11,amount_std_20,1941,0.0260945068630625,0.014637273630376669
2018-12-12,amount_std_20,1947,0.029773234866432463,0.01576517289023007
2018-12-13,amount_std_20,1949,-0.0017421558101287156,-0.023627954483786125
2018-12-14,amount_std_20,1950,-0.07669573264941124,-0.10146716647621772
2018-12-17,amount_std_20,1947,-0.011010545968191416,-0.07555728228253752
2018-12-18,amount_std_20,1946,-0.009673967264407553,-0.06943967117996615
2018-12-19,amount_std_20,1951,-0.042166536804344075,-0.12959948174791047
2018-12-20,amount_std_20,1952,0.021629211754898795,-0.05628864719466564
2018-12-21,amount_std_20,1956,0.009955450049980255,-0.09196214008296756
2018-12-24,amount_std_20,1957,-0.11009732622411195,-0.21406434150523296
2018-12-25,amount_std_20,1958,-0.07547598506249145,-0.14627467443627784
2018-12-26,amount_std_20,1958,-0.07274084172597411,-0.09721647362447627
2018-12-27,amount_std_20,1959,-0.08199376467794171,-0.11830821499111525
2018-12-28,amount_std_20,1962,-0.02441048559225608,-0.07039164021548125
2019-01-02,amount_std_20,1963,0.035450961471530464,-0.0008669570745650369
2019-01-03,amount_std_20,1964,-0.013704131484797428,-0.10063758259993821
2019-01-04,amount_std_20,1967,-0.026042937427162297,-0.18340410007122795
2019-01-07,amount_std_20,1968,-0.008204013772534475,-0.09960721325858406
2019-01-08,amount_std_20,1969,-0.06510398857664297,-0.16541808596228652
2019-01-09,amount_std_20,1970,-0.0069458318156403465,-0.10036627053925941
2019-01-10,amount_std_20,1970,-0.010813635299448841,-0.058538106234623674
2019-01-11,amount_std_20,1969,-0.020286529733281378,-0.038856010280905344
2019-01-14,amount_std_20,1969,-0.03506368574689307,-0.09109459711366549
2019-01-15,amount_std_20,1966,-0.048129122101390955,-0.04335268223311376
2019-01-16,amount_std_20,1968,-0.08013792347782693,-0.0681030071526398
2019-01-17,amount_std_20,1967,-0.05966566867890129,-0.06263898682246466
2019-01-18,amount_std_20,1969,-0.061540620117633844,-0.048972061616355894
2019-01-21,amount_std_20,1969,-0.005618551132787454,-0.002589717554426697
2019-01-22,amount_std_20,1967,-0.019177052419508588,-0.02000080247357105
2019-01-23,amount_std_20,1967,0.03217348102324326,0.024472364822835276
2019-01-24,amount_std_20,1965,0.04333534074950288,0.07463013729309342
2019-01-25,amount_std_20,1968,0.08924848403524774,0.13342480256991165
2019-01-28,amount_std_20,1972,0.061450149295534905,0.0897060109213704
2019-01-29,amount_std_20,1976,0.1583205812110117,0.1756826540939637
2019-01-30,amount_std_20,1977,0.1369532881078688,0.16664155621157795
2019-01-31,amount_std_20,1974,0.10397280199155635,0.07557961028309268
2019-02-01,amount_std_20,1975,0.11209530605570228,0.08872425461106143
2019-02-11,amount_std_20,1975,0.13415981166477395,0.106361638683054
2019-02-12,amount_std_20,1970,0.1268980679001796,0.05584308431705549
2019-02-13,amount_std_20,1973,0.11704863981572187,0.04260807057663711
2019-02-14,amount_std_20,1972,0.15788443357615248,0.14001659317636603
2019-02-15,amount_std_20,1970,0.1465695170568462,0.13433147340972876
2019-02-18,amount_std_20,1970,0.10275930414193306,0.06000457134650139
2019-02-19,amount_std_20,1966,0.059539342154244404,0.02375005365648795
2019-02-20,amount_std_20,1968,-0.003820739801939109,-0.03800982299044894
2019-02-21,amount_std_20,1969,-0.0027951264241180603,-0.08212707780864272
2019-02-22,amount_std_20,1968,-0.0560953325984822,-0.17040922926472646
2019-02-25,amount_std_20,1966,-0.03910554287955523,-0.03640142837377821
2019-02-26,amount_std_20,1963,-0.004418849109427086,-0.06622494592138445
2019-02-27,amount_std_20,1967,0.01783459786329382,0.0030343759197470426
2019-02-28,amount_std_20,1970,-0.03240591838831152,-0.06744007428305683
2019-03-01,amount_std_20,1967,-0.11179197060359898,-0.13810833544727702
2019-03-04,amount_std_20,1965,-0.11169666539441023,-0.17083786343071586
2019-03-05,amount_std_20,1962,-0.14620863951525587,-0.20232134776602806
2019-03-06,amount_std_20,1962,-0.1105726035389075,-0.10648455926176606
2019-03-07,amount_std_20,1963,-0.13691300542669144,-0.21263573865789834
2019-03-08,amount_std_20,1962,-0.0837940638763198,-0.1806146643194607
2019-03-11,amount_std_20,1962,-0.1151813144274447,-0.20060786638818395
2019-03-12,amount_std_20,1960,-0.07240462606030583,-0.17184805641610573
2019-03-13,amount_std_20,1959,-0.07369171420784733,-0.17087184292049046
2019-03-14,amount_std_20,1958,-0.05440371696814305,-0.14777832265257962
2019-03-15,amount_std_20,1950,-0.10469875678969306,-0.23873337945151615
2019-03-18,amount_std_20,1949,-0.1030517877788776,-0.25054246377972267
2019-03-19,amount_std_20,1945,-0.11451067194312105,-0.2276308676176019
2019-03-20,amount_std_20,1950,-0.11390204071005908,-0.23004557918058954
2019-03-21,amount_std_20,1948,-0.011473916744642978,-0.058204973600805045
2019-03-22,amount_std_20,1943,0.06285399826148838,0.06748732521372854
2019-03-25,amount_std_20,1944,0.04103362838409423,0.05476631818198893
2019-03-26,amount_std_20,1937,0.033700296798971234,0.015513647685889
2019-03-27,amount_std_20,1939,0.03505320129412574,0.03562632249654274
2019-03-28,amount_std_20,1942,-0.03660696113671658,-0.10101087522003184
2019-03-29,amount_std_20,1936,-0.07580544465068571,-0.17062320311388612
2019-04-01,amount_std_20,1937,-0.10654427425762213,-0.2078476209088646
2019-04-02,amount_std_20,1934,-0.12170145694658054,-0.22002952121501682
2019-04-03,amount_std_20,1937,-0.14640498842661182,-0.2550465943813683
2019-04-04,amount_std_20,1936,-0.1547014294555033,-0.20771417033475756
2019-04-08,amount_std_20,1932,-0.08455707063729836,-0.1175232018947595
2019-04-09,amount_std_20,1933,-0.06608039730558113,-0.08909317928682745
2019-04-10,amount_std_20,1934,-0.008994613296425813,-0.03353238994158851
2019-04-11,amount_std_20,1932,0.0013000260291173176,-0.05872564244785809
2019-04-12,amount_std_20,1931,-0.0037032034246328176,-0.08119931013003197
2019-04-15,amount_std_20,1928,-0.01072064066962789,-0.06609596517526378
2019-04-16,amount_std_20,1930,-0.01177501023654828,-0.016825541139578213
2019-04-17,amount_std_20,1925,0.00013942029188778506,-0.01623564964323922
2019-04-18,amount_std_20,1927,0.011178976059316306,-0.01092302693076281
2019-04-19,amount_std_20,1915,0.006269385144614589,-0.024732944836254964
2019-04-22,amount_std_20,1904,-0.05570281887658358,-0.053019918115434134
2019-04-23,amount_std_20,1918,-0.08874554686754302,-0.1314771584893352
2019-04-24,amount_std_20,1908,-0.12370987791181824,-0.17175139259502434
2019-04-25,amount_std_20,1907,-0.1525514104376372,-0.20661465747017044
2019-04-26,amount_std_20,1901,-0.19302903906450788,-0.273181801797539
2019-04-29,amount_std_20,1891,-0.09531979347030416,-0.1936952449206025
2019-04-30,amount_std_20,1893,-0.09784601486371104,-0.191422813416906
2019-05-06,amount_std_20,1894,-0.05707756255468744,-0.1463976427322684
2019-05-07,amount_std_20,1895,0.024870952243920556,-0.03010751285599212
2019-05-08,amount_std_20,1901,0.03516766785325506,0.02850756893199016
2019-05-09,amount_std_20,1908,-0.08584231240527498,-0.09743481201672383
2019-05-10,amount_std_20,1904,-0.07894374012831815,-0.06511910609559501
2019-05-13,amount_std_20,1906,-0.07243147607704625,-0.0637835372115
2019-05-14,amount_std_20,1906,-0.10620799090206641,-0.11751081926869524
2019-05-15,amount_std_20,1905,-0.07415088164321508,-0.10534957016715543
2019-05-16,amount_std_20,1907,-0.053236905165304875,-0.055054337815705214
2019-05-17,amount_std_20,1908,0.015316623485366016,-0.0042224049622738985
2019-05-20,amount_std_20,1910,-0.008997742734307338,-0.02989674333881258
2019-05-21,amount_std_20,1912,-0.022627731091822242,-0.07840666909378304
2019-05-22,amount_std_20,1914,0.004959020052506634,-0.07365954853365714
2019-05-23,amount_std_20,1917,0.03232148888244225,-0.05487010230498661
2019-05-24,amount_std_20,1916,0.019181335608045882,-0.04804420799854453
2019-05-27,amount_std_20,1919,-0.024183038522319192,-0.08587564370831538
2019-05-28,amount_std_20,1927,-0.05328869321718424,-0.08680246807405713
2019-05-29,amount_std_20,1928,-0.005499546734334248,-0.031668915838015274
2019-05-30,amount_std_20,1935,0.04049565204956198,0.014231858377154185
2019-05-31,amount_std_20,1954,0.0762703676740276,0.09514666595803861
2019-06-03,amount_std_20,1953,0.10277784352725965,0.053633426870107886
2019-06-04,amount_std_20,1955,0.08928843753639276,0.03756915260389517
2019-06-05,amount_std_20,1957,0.02612584490922443,0.0028020362212632962
2019-06-06,amount_std_20,1956,-0.03050234121014745,-0.07333738662184457
2019-06-10,amount_std_20,1954,-0.12667599327084103,-0.18127780083478542
2019-06-11,amount_std_20,1956,-0.12114733563224253,-0.14670227753958565
2019-06-12,amount_std_20,1955,-0.07030763102340289,-0.059349334640165
2019-06-13,amount_std_20,1956,-0.08611973792384742,-0.061298149048783855
2019-06-14,amount_std_20,1956,-0.0504267593680104,-0.043198186447147305
2019-06-17,amount_std_20,1957,-0.05743019036017365,-0.0459881008486676
2019-06-18,amount_std_20,1959,-0.12866368741742923,-0.13089947356988985
2019-06-19,amount_std_20,1958,-0.08465849942738549,-0.12482600966541016
2019-06-20,amount_std_20,1960,-0.00562363695017435,-0.05686826561680096
2019-06-21,amount_std_20,1959,-0.005009730335823303,0.009324922836161938
2019-06-24,amount_std_20,1964,-0.009150630027378032,-0.011139428118367335
2019-06-25,amount_std_20,1963,0.022411887848058448,0.0424929350790326
2019-06-26,amount_std_20,1961,-0.09015888406604436,-0.11898194312134472
2019-06-27,amount_std_20,1963,-0.0991532338811346,-0.15099487571791145
2019-06-28,amount_std_20,1961,-0.07836969603079465,-0.19457197022553255
2019-07-01,amount_std_20,1959,-0.07670589082245485,-0.15772263405864995
2019-07-02,amount_std_20,1961,-0.06253804114125014,-0.15952868831418518
2019-07-03,amount_std_20,1959,-0.0058409767621476535,-0.09473951573387068
2019-07-04,amount_std_20,1960,-0.04018627056707597,-0.12037833374133136
2019-07-05,amount_std_20,1960,-0.013732899008931567,-0.03496460681386449
2019-07-08,amount_std_20,1959,-0.012803999179579632,-0.09585406760318711
2019-07-09,amount_std_20,1960,0.02682827159994829,-0.027130025420156138
2019-07-10,amount_std_20,1959,0.03882375905945288,-0.02597714275011675
2019-07-11,amount_std_20,1958,0.05776362739640564,0.03526320596514832
2019-07-12,amount_std_20,1959,0.035655922819766386,-0.05521991676385797
2019-07-15,amount_std_20,1959,0.028628808059917476,0.020535094381447457
2019-07-16,amount_std_20,1957,0.015605579594359582,0.030560994735198778
2019-07-17,amount_std_20,1959,0.06293775599123085,0.12148869705467348
2019-07-18,amount_std_20,1957,0.04588423910883038,0.06371266711673614
2019-07-19,amount_std_20,1963,0.03596702290461506,0.07524993855208045
2019-07-22,amount_std_20,1963,0.05298904334743053,0.059820292746950415
2019-07-23,amount_std_20,1962,0.0306302284065503,0.007791525597396041
2019-07-24,amount_std_20,1964,-0.041778679271016674,-0.09476890216248914
2019-07-25,amount_std_20,1964,-0.01590419063621393,-0.06708379485385665
2019-07-26,amount_std_20,1964,-0.03801499000701588,-0.10315761993008367
2019-07-29,amount_std_20,1966,0.07741015268005438,0.06063231894640086
2019-07-30,amount_std_20,1965,0.06580685704099655,0.035011465110310544
2019-07-31,amount_std_20,1964,0.10735172084737798,0.10017612946473982
2019-08-01,amount_std_20,1966,0.07656790318523253,0.0654672665725989
2019-08-02,amount_std_20,1966,0.15749203732102535,0.14785784081302547
2019-08-05,amount_std_20,1966,0.04790549289388988,-0.010761204100319818
2019-08-06,amount_std_20,1965,0.06961805677545153,0.05199453475905964
2019-08-07,amount_std_20,1967,0.06614561840140419,0.05084406605007141
2019-08-08,amount_std_20,1966,0.09866920245363758,0.08720897649781874
2019-08-09,amount_std_20,1962,0.02869105988835572,0.07443693751425334
2019-08-12,amount_std_20,1963,-0.002589572679308594,0.053728247997667816
2019-08-13,amount_std_20,1962,-0.01998771583175522,0.025109292778951256
2019-08-14,amount_std_20,1962,-0.05643764047831355,-0.040433879507976486
2019-08-15,amount_std_20,1962,-0.052618971549394246,-0.05352788483862071
2019-08-16,amount_std_20,1961,-0.04021459976290004,-0.08589549527439613
2019-08-19,amount_std_20,1961,-0.05590238408096224,-0.11875765559030536
2019-08-20,amount_std_20,1961,-0.04838542408369185,-0.156580147693634
2019-08-21,amount_std_20,1964,-0.028952863472070534,-0.14919910537966588
2019-08-22,amount_std_20,1965,-0.011914779826032841,-0.09905682465467386
2019-08-23,amount_std_20,1966,-0.027399602079951017,-0.12786652609135105
2019-08-26,amount_std_20,1967,0.030547466669111373,-0.05089589083435172
2019-08-27,amount_std_20,1967,0.07620157907925364,0.0736446314408454
2019-08-28,amount_std_20,1968,0.0880231864645212,0.10902962813209426
2019-08-29,amount_std_20,1967,0.06348268234051736,0.07540872813359843
2019-08-30,amount_std_20,1967,0.09835265820255837,0.09984079794453435
2019-09-02,amount_std_20,1966,-0.0031039337197177027,0.04233973992416731
2019-09-03,amount_std_20,1965,-0.0376639270793585,-0.02445843688908465
2019-09-04,amount_std_20,1966,-0.08279851109070638,-0.09845259272306355
2019-09-05,amount_std_20,1965,-0.0722177303655436,-0.12116773922117222
2019-09-06,amount_std_20,1967,-0.11341062110473542,-0.20441981294666764
2019-09-09,amount_std_20,1965,-0.0841332733075282,-0.18754458649981587
2019-09-10,amount_std_20,1963,-0.005547155239415879,-0.09790316733642868
2019-09-11,amount_std_20,1966,-0.011057434155342738,-0.10388544087036634
2019-09-12,amount_std_20,1966,0.0020258047071877593,-0.08985302527810082
2019-09-16,amount_std_20,1965,0.009880666067793517,-0.06814916521726044
2019-09-17,amount_std_20,1967,0.00081959617047172,-0.05632691574739287
2019-09-18,amount_std_20,1964,-0.09948614284079926,-0.19214234757958956
2019-09-19,amount_std_20,1964,-0.0849330873460455,-0.173161219968987
2019-09-20,amount_std_20,1966,-0.1515622712705944,-0.23142831246381448
2019-09-23,amount_std_20,1963,-0.16795179784176895,-0.2191300606186041
2019-09-24,amount_std_20,1962,-0.15256376982348793,-0.24389442809104925
2019-09-25,amount_std_20,1961,-0.04533957046894836,-0.12946104074722017
2019-09-26,amount_std_20,1960,-0.07493755697165662,-0.13576336103236605
2019-09-27,amount_std_20,1960,0.007938929527573396,-0.008250255461472358
2019-09-30,amount_std_20,1960,-0.0719158074652893,-0.14436562177634285
2019-10-08,amount_std_20,1957,-0.07413339186336239,-0.1155548174410917
2019-10-09,amount_std_20,1955,-0.07987909613501708,-0.10644281907890915
2019-10-10,amount_std_20,1956,-0.11104865224343571,-0.15967301488399757
2019-10-11,amount_std_20,1954,-0.1247429342200711,-0.18662719476756318
2019-10-14,amount_std_20,1956,-0.011922340793618138,-0.04362636191085383
2019-10-15,amount_std_20,1956,-0.0367389513387551,-0.13145066126658944
2019-10-16,amount_std_20,1957,-0.07181354931658342,-0.19986159125629868
2019-10-17,amount_std_20,1956,0.016495454340890423,-0.10214398077252626
2019-10-18,amount_std_20,1955,0.10589711339878488,0.051518806601032835
2019-10-21,amount_std_20,1955,0.053777039731612186,-0.04807222813133905
2019-10-22,amount_std_20,1953,0.11135410184710338,0.06069303369406056
2019-10-23,amount_std_20,1954,0.11833034874389163,0.12650417958899723
2019-10-24,amount_std_20,1953,0.10901991893547922,0.1389111882664194
2019-10-25,amount_std_20,1953,0.08605948999376317,0.07986397259564279
2019-10-28,amount_std_20,1954,0.12742242015989744,0.1751872399983163
2019-10-29,amount_std_20,1949,0.025798821715856447,0.09821032449008195
2019-10-30,amount_std_20,1952,0.08654710271970928,0.1696104659112363
2019-10-31,amount_std_20,1954,0.026537297542660213,0.11153410003037506
2019-11-01,amount_std_20,1957,0.01746019780738768,0.042513667176826274
2019-11-04,amount_std_20,1957,-0.029675956461440063,-0.010762728303136222
2019-11-05,amount_std_20,1952,0.026233528078807113,0.03171836139753938
2019-11-06,amount_std_20,1957,0.02212270931131506,0.008853923534115274
2019-11-07,amount_std_20,1956,0.05660584262610347,0.04405814854107248
2019-11-08,amount_std_20,1957,0.04149049162780676,0.07746996260696529
2019-11-11,amount_std_20,1957,0.04263625717798442,0.08626319817132702
2019-11-12,amount_std_20,1952,-0.016401719211288805,0.019383462039051114
2019-11-13,amount_std_20,1953,-0.06748907356186946,-0.06341989603826982
2019-11-14,amount_std_20,1953,-0.14557450725520213,-0.20181063663364374
2019-11-15,amount_std_20,1954,-0.25725880889747993,-0.35019402609606903
2019-11-18,amount_std_20,1953,-0.23405503469305905,-0.34077598507822227
2019-11-19,amount_std_20,1953,-0.190670083327512,-0.31486091529834287
2019-11-20,amount_std_20,1951,-0.16314515472530183,-0.2946043867865467
2019-11-21,amount_std_20,1951,-0.11580648040293172,-0.21683475895592083
2019-11-22,amount_std_20,1952,0.07045537095738666,0.012971245759346568
2019-11-25,amount_std_20,1951,0.0037246514941163874,-0.06786197714920618
2019-11-26,amount_std_20,1949,-0.05320581769165876,-0.15790645781125687
2019-11-27,amount_std_20,1951,-0.003396347033823274,-0.04581755050973359
2019-11-28,amount_std_20,1948,0.11335877541275831,0.07735220322399415
2019-11-29,amount_std_20,1949,0.0899823289221772,0.10344618969269978
2019-12-02,amount_std_20,1948,0.14428693538342818,0.1748168705043262
2019-12-03,amount_std_20,1947,0.13236307776865786,0.22641659307088308
2019-12-04,amount_std_20,1948,0.08358399799357388,0.18255421830787175
2019-12-05,amount_std_20,1951,0.07686187086874356,0.17156854949395878
2019-12-06,amount_std_20,1952,0.10987846327813443,0.15920051756924242
2019-12-09,amount_std_20,1951,0.038883405832339964,0.08956627950710662
2019-12-10,amount_std_20,1948,0.06560423887536201,0.09000322571993602
2019-12-11,amount_std_20,1947,-0.030528650135624967,-0.041516869171062655
2019-12-12,amount_std_20,1946,-0.09629737629222833,-0.16100721481164054
2019-12-13,amount_std_20,1947,-0.15834541826805582,-0.2081077007090423
2019-12-16,amount_std_20,1948,-0.16513161427858655,-0.25817737801377166
2019-12-17,amount_std_20,1945,-0.11761104816411774,-0.18482821368469288
2019-12-18,amount_std_20,1948,-0.020435647058751925,-0.08754590781994981
2019-12-19,amount_std_20,1948,-0.04439055438459292,-0.0804550129489566
2019-12-20,amount_std_20,1949,0.0010929749479360999,0.031646539279644774
2019-12-23,amount_std_20,1949,-0.024444635225246245,0.0034119968157391295
2019-12-24,amount_std_20,1948,-0.02392615828967801,0.013751924699712035
2019-12-25,amount_std_20,1946,-0.03932109225903032,-0.008349183236570544
2019-12-26,amount_std_20,1944,0.011310314046065972,0.09059917152821305
2019-12-27,amount_std_20,1944,0.009255272385265117,0.046679663441641914
2019-12-30,amount_std_20,1942,-0.005975147199817634,0.01762771733063255
2019-12-31,amount_std_20,1941,-0.031098190992003522,-0.05459290256839309
2020-01-02,amount_std_20,1941,-0.010624740402039107,-0.02010839792028533
2020-01-03,amount_std_20,1943,0.029725264732358127,0.04086517993970892
2020-01-06,amount_std_20,1943,0.014987662965333565,-0.012592423002062165
2020-01-07,amount_std_20,1943,0.060409100423846625,0.07766915832568468
2020-01-08,amount_std_20,1946,0.08865989951137343,0.10876788237701673
2020-01-09,amount_std_20,1946,0.09276867094926966,0.15425046285209826
2020-01-10,amount_std_20,1949,0.06561797572804488,0.09305765433340267
2020-01-13,amount_std_20,1953,0.04267317098151314,0.0282715833461406
2020-01-14,amount_std_20,1952,0.08563532485195018,0.06705905671266332
2020-01-15,amount_std_20,1951,0.009731019396251334,-0.03818117679575501
2020-01-16,amount_std_20,1950,-0.007138331806221522,-0.049814027847417876
2020-01-17,amount_std_20,1950,0.05814382035603023,0.07249342161258988
2020-01-20,amount_std_20,1951,0.08973600642403251,0.15288551810156772
2020-01-21,amount_std_20,1953,0.08961256666867497,0.19401709587103166
2020-01-22,amount_std_20,1953,0.12564006194479424,0.29338438297175295
2020-01-23,amount_std_20,1957,0.12213149718238897,0.22887124221150867
2020-02-03,amount_std_20,1958,0.007869954502521013,0.08192101363590061
2020-02-04,amount_std_20,1958,0.007025716612908488,0.09315376099112781
2020-02-05,amount_std_20,1960,-0.033033892260177056,0.005586475462744034
2020-02-06,amount_std_20,1963,-0.007085874642507747,0.004458960965129093
2020-02-07,amount_std_20,1964,0.012323660050738372,0.09096702430626426
2020-02-10,amount_std_20,1963,0.03097419130282723,0.11413044369771651
2020-02-11,amount_std_20,1966,-0.09047580072240814,-0.05969172086894932
2020-02-12,amount_std_20,1966,-0.10356160518755343,-0.07243861529091701
2020-02-13,amount_std_20,1966,-0.05325416140831829,-0.04759329099687825
2020-02-14,amount_std_20,1966,0.012418389405891336,0.023102056965669488
2020-02-17,amount_std_20,1966,0.08968871347414512,0.12839707852779644
2020-02-18,amount_std_20,1968,0.0245005125388827,0.0006886201802081307
2020-02-19,amount_std_20,1967,-0.01213282281414709,-0.04849411462457638
2020-02-20,amount_std_20,1970,-0.04638538429628552,-0.1240067407352276
2020-02-21,amount_std_20,1968,-0.1329533321605167,-0.2354413205726017
2020-02-24,amount_std_20,1969,-0.23943482380084097,-0.37573055451336734
2020-02-25,amount_std_20,1970,-0.16625076752979254,-0.2765840876748535
2020-02-26,amount_std_20,1973,-0.1398706175558778,-0.2913936828078895
2020-02-27,amount_std_20,1971,-0.16201231014051082,-0.3166907398717778
2020-02-28,amount_std_20,1970,-0.19975976179215468,-0.38478260857723784
2020-03-02,amount_std_20,1970,-0.16081557303401492,-0.36958090513338027
2020-03-03,amount_std_20,1968,-0.14981438284929188,-0.34039179551380705
2020-03-04,amount_std_20,1969,-0.12168765674457663,-0.30887944714340737
2020-03-05,amount_std_20,1967,-0.0735543296002012,-0.18347310743912923
2020-03-06,amount_std_20,1965,-0.10842823555671724,-0.22728901694255688
2020-03-09,amount_std_20,1964,-0.15265527122679373,-0.2828573008481968
2020-03-10,amount_std_20,1964,-0.09170984885508979,-0.20157043653061818
2020-03-11,amount_std_20,1963,-0.04120960036514938,-0.1267971386259424
2020-03-12,amount_std_20,1963,-0.12345044359329445,-0.1927717157741129
2020-03-13,amount_std_20,1963,-0.10708734109430151,-0.12035990605699055
2020-03-16,amount_std_20,1962,-0.15075314001843967,-0.19568758467765385
2020-03-17,amount_std_20,1963,-0.10715930855735023,-0.12957706240296094
2020-03-18,amount_std_20,1962,-0.162127635992424,-0.23633755102731838
2020-03-19,amount_std_20,1962,-0.14954538284417188,-0.26397929644500023
2020-03-20,amount_std_20,1962,-0.05328592123338955,-0.11381557461119636
2020-03-23,amount_std_20,1960,-0.054690627969758814,-0.13950718662724304
2020-03-24,amount_std_20,1960,-0.04485791243513323,-0.14649860093562614
2020-03-25,amount_std_20,1959,0.042308055024072005,-0.012703501810060013
2020-03-26,amount_std_20,1960,0.040292246442274256,-0.011248130260079573
2020-03-27,amount_std_20,1956,0.09112613153215121,0.15020720804370757
2020-03-30,amount_std_20,1956,0.09039646026626674,0.14507537082238925
2020-03-31,amount_std_20,1957,0.053642980013711365,0.13829212422404688
2020-04-01,amount_std_20,1958,-0.053445184818382674,-0.053296513805599584
2020-04-02,amount_std_20,1958,-0.04621346031380981,-0.03378653848230782
2020-04-03,amount_std_20,1955,-0.04142230418883197,-0.06060125004920093
2020-04-07,amount_std_20,1950,0.00028449287687145686,-0.010377900655651291
2020-04-08,amount_std_20,1952,0.01897708816365748,0.0015323804268645282
2020-04-09,amount_std_20,1953,0.09814938323881561,0.12236356302151528
2020-04-10,amount_std_20,1951,0.1501234492975512,0.18943197907920517
2020-04-13,amount_std_20,1950,0.08838323114119452,0.10696833134805181
2020-04-14,amount_std_20,1947,0.08387441243092492,0.1400494285717777
2020-04-15,amount_std_20,1948,0.03846381463709024,0.05231637773008352
2020-04-16,amount_std_20,1948,-0.012505738317363185,-0.03955028141755319
2020-04-17,amount_std_20,1949,-0.06773592500699478,-0.08146768466584511
2020-04-20,amount_std_20,1937,-0.004693278707396837,-0.013213263861580045
2020-04-21,amount_std_20,1925,-0.05535726946492344,-0.07355620484720064
2020-04-22,amount_std_20,1920,-0.006862665749186663,-0.004346217890031791
2020-04-23,amount_std_20,1931,0.07527004764225044,0.09577176958786694
2020-04-24,amount_std_20,1935,0.11235687663174991,0.12014891127921153
2020-04-27,amount_std_20,1927,0.04541737040566316,0.09709339759275737
2020-04-28,amount_std_20,1909,0.113552695533732,0.15421765400103954
2020-04-29,amount_std_20,1893,0.15917251752858558,0.2102795811937012
2020-04-30,amount_std_20,1889,0.12295106615328681,0.1468075504460519
2020-05-06,amount_std_20,1890,0.08271454364951937,0.09272703901529895
2020-05-07,amount_std_20,1889,0.11488813830651776,0.05779283646044808
2020-05-08,amount_std_20,1887,0.035661547309616244,-0.04755440206723276
2020-05-11,amount_std_20,1886,0.009320017650659713,-0.05791138491775601
2020-05-12,amount_std_20,1887,-0.026665572353605848,-0.1127576669051467
2020-05-13,amount_std_20,1886,-0.08575929774975631,-0.17053563843938427
2020-05-14,amount_std_20,1889,-0.17215641238759527,-0.24750806528863803
2020-05-15,amount_std_20,1888,-0.15795245547533773,-0.2549054645159204
2020-05-18,amount_std_20,1892,-0.15990999674047554,-0.26925339698740763
2020-05-19,amount_std_20,1889,-0.19412900986376583,-0.30031495279273124
2020-05-20,amount_std_20,1891,-0.1572932617084564,-0.23060889556827233
2020-05-21,amount_std_20,1893,-0.09415528768655873,-0.1625942689223704
2020-05-22,amount_std_20,1891,0.03544253952751918,0.02947833648197672
2020-05-25,amount_std_20,1894,-0.02709341141342799,-0.09921890063342942
2020-05-26,amount_std_20,1892,0.08979652302746916,0.030130629312091303
2020-05-27,amount_std_20,1893,0.05046461808831621,-0.04500443819799771
2020-05-28,amount_std_20,1892,0.06654461391055728,-0.030609626572324772
2020-05-29,amount_std_20,1899,-0.06045210799398148,-0.15063216241868396
2020-06-01,amount_std_20,1916,-0.027939747340538192,-0.07654893975887599
2020-06-02,amount_std_20,1932,-0.03578333232771374,-0.03332743035248227
2020-06-03,amount_std_20,1933,0.019283464064448082,0.08528532775307539
2020-06-04,amount_std_20,1933,0.04178756755465178,0.03008148817430041
2020-06-05,amount_std_20,1933,0.007024400108526121,-0.017966846879462053
2020-06-08,amount_std_20,1932,0.030658049478646105,0.07329848136441491
2020-06-09,amount_std_20,1932,0.002040044387438614,0.02492432664534452
2020-06-10,amount_std_20,1931,0.023387448140101696,0.023744718803867828
2020-06-11,amount_std_20,1931,0.06020204226442405,0.1098476964955151
2020-06-12,amount_std_20,1927,0.13571996698452707,0.18342669212668736
2020-06-15,amount_std_20,1925,0.09958988260221728,0.1596859338775971
2020-06-16,amount_std_20,1924,0.10320856583191793,0.12768166001406922
2020-06-17,amount_std_20,1925,0.0795147381691284,0.13414407063099093
2020-06-18,amount_std_20,1922,0.08138003513683159,0.15397472122481265
2020-06-19,amount_std_20,1925,0.07511759532099585,0.1333648231773226
2020-06-22,amount_std_20,1923,0.07989537188447225,0.10307041471096826
2020-06-23,amount_std_20,1920,0.08679927626387775,0.05830069666125117
2020-06-24,amount_std_20,1921,0.11419656796160801,0.06130002545734958
2020-06-29,amount_std_20,1913,0.13929847306170276,0.13415714024863593
2020-06-30,amount_std_20,1916,0.13266494021161385,0.12494421704519505
2020-07-01,amount_std_20,1921,0.13904163323626342,0.1898138463652094
2020-07-02,amount_std_20,1921,0.13647993137322975,0.2585722865013048
2020-07-03,amount_std_20,1920,0.0662347538733497,0.2287912610381369
2020-07-06,amount_std_20,1919,-0.05035295998235556,0.006375247574111775
2020-07-07,amount_std_20,1922,-0.10489031476487606,-0.14547526186223192
2020-07-08,amount_std_20,1923,-0.18163781786905925,-0.327116892145383
2020-07-09,amount_std_20,1926,-0.17322141118325574,-0.3125798402394121
2020-07-10,amount_std_20,1925,-0.1548589861117318,-0.3111424576973273
2020-07-13,amount_std_20,1925,-0.15271631599307878,-0.26377051659219786
2020-07-14,amount_std_20,1928,-0.1091263671071709,-0.157571576505936
2020-07-15,amount_std_20,1929,-0.0065578445505903105,0.019615608983796957
2020-07-16,amount_std_20,1928,-0.06673976121355525,-0.15658116902153082
2020-07-17,amount_std_20,1926,-0.05835471170739347,-0.17433837982965383
2020-07-20,amount_std_20,1924,-0.0420003879938177,-0.15988130610085083
2020-07-21,amount_std_20,1925,-0.028885269405810807,-0.12745755303712916
2020-07-22,amount_std_20,1927,-0.07594546041247911,-0.19472942848542016
2020-07-23,amount_std_20,1929,0.03843675651740959,0.04388509077817553
2017-02-06,volume_ratio_5_20,1806,0.02123191906198587,-0.018260603277687516
2017-02-07,volume_ratio_5_20,1805,-0.07744579261087112,-0.08565618646331338
2017-02-08,volume_ratio_5_20,1805,-0.02301977001133963,-0.02818748126990005
2017-02-09,volume_ratio_5_20,1804,0.011853327109386214,-0.014431340130701359
2017-02-10,volume_ratio_5_20,1795,0.12324915532927087,0.11381028524807198
2017-02-13,volume_ratio_5_20,1796,0.04414614842852712,0.06757455097735598
2017-02-14,volume_ratio_5_20,1797,0.17409536274067627,0.15982854151215048
2017-02-15,volume_ratio_5_20,1802,-0.0054742505034265625,-0.054107576163188766
2017-02-16,volume_ratio_5_20,1801,-0.1299038083172852,-0.16302520253791997
2017-02-17,volume_ratio_5_20,1798,-0.24238720086104393,-0.2767111115318669
2017-02-20,volume_ratio_5_20,1796,-0.16462387281796495,-0.19186874037814128
2017-02-21,volume_ratio_5_20,1797,-0.1031135411787512,-0.13789359319232677
2017-02-22,volume_ratio_5_20,1797,-0.06909681221968542,-0.07198190434347068
2017-02-23,volume_ratio_5_20,1796,-0.005189131226948088,-0.0005316168765885211
2017-02-24,volume_ratio_5_20,1802,0.04318688994909013,0.0807057195175245
2017-02-27,volume_ratio_5_20,1802,0.03859393084834844,0.09615815309665598
2017-02-28,volume_ratio_5_20,1807,0.010211128076991462,0.08319205686748771
2017-03-01,volume_ratio_5_20,1808,-0.0015018856951049728,0.07044577711040362
2017-03-02,volume_ratio_5_20,1807,-0.019067706460897525,0.015054651278484283
2017-03-03,volume_ratio_5_20,1803,0.02765131206834323,0.04095816725408677
2017-03-06,volume_ratio_5_20,1805,0.10327625496717793,0.07724887642395481
2017-03-07,volume_ratio_5_20,1806,0.12497733225131803,0.1285583218035727
2017-03-08,volume_ratio_5_20,1804,0.06856141995523983,0.02417701825418372
2017-03-09,volume_ratio_5_20,1808,0.00391901190602557,-0.03380866517179828
2017-03-10,volume_ratio_5_20,1795,-0.04570366780525633,-0.07118851071468077
2017-03-13,volume_ratio_5_20,1798,-0.018663746674288127,-0.01691471404620799
2017-03-14,volume_ratio_5_20,1802,-0.014048937765946581,0.01032304437912726
2017-03-15,volume_ratio_5_20,1803,0.024891525001047774,0.08816282753615726
2017-03-16,volume_ratio_5_20,1806,-0.01452486575599981,0.020439022219537757
2017-03-17,volume_ratio_5_20,1799,-0.06280861241649863,-0.06299651609328916
2017-03-20,volume_ratio_5_20,1802,-0.09318697740571563,-0.10747570069771524
2017-03-21,volume_ratio_5_20,1805,-0.14670287886131161,-0.15994447975385342
2017-03-22,volume_ratio_5_20,1807,-0.07778993573005864,-0.06646181649057097
2017-03-23,volume_ratio_5_20,1806,-0.07093457483822042,-0.06673088254310583
2017-03-24,volume_ratio_5_20,1799,0.01529890513549608,0.0346359192323141
2017-03-27,volume_ratio_5_20,1795,0.05458572271686636,0.08484900453749022
2017-03-28,volume_ratio_5_20,1799,-0.04578328845187736,0.017590525026073035
2017-03-29,volume_ratio_5_20,1794,-0.03426811632019032,-0.008840128938558758
2017-03-30,volume_ratio_5_20,1793,0.07920137624791108,0.07293305482280474
2017-03-31,volume_ratio_5_20,1799,0.08975559254988964,0.12537683373576705
2017-04-05,volume_ratio_5_20,1783,0.12178398615015332,0.1615184336107074
2017-04-06,volume_ratio_5_20,1776,0.20334022410635663,0.1861705047383028
2017-04-07,volume_ratio_5_20,1777,-0.004923089289381129,0.003571770934191267
2017-04-10,volume_ratio_5_20,1779,-0.10317529207186375,-0.03311577717214977
2017-04-11,volume_ratio_5_20,1776,0.10706346487928257,0.05153997341280169
2017-04-12,volume_ratio_5_20,1761,-0.15236738343922815,-0.08007351461703781
2017-04-13,volume_ratio_5_20,1754,-0.19644960313778428,-0.11288043271841736
2017-04-14,volume_ratio_5_20,1751,-0.15407758371586644,-0.13437536388384527
2017-04-17,volume_ratio_5_20,1755,-0.13995399609019502,-0.13200604511443728
2017-04-18,volume_ratio_5_20,1754,-0.1050091153380354,-0.09833834067836845
2017-04-19,volume_ratio_5_20,1744,-0.022865303174411954,-0.03229760273220038
2017-04-20,volume_ratio_5_20,1738,0.07467521153546769,0.02277927925582559
2017-04-21,volume_ratio_5_20,1734,0.055945716265109295,-0.011776128493031593
2017-04-24,volume_ratio_5_20,1742,-0.045090756682385276,-0.06153872792111487
2017-04-25,volume_ratio_5_20,1744,-0.039448961632813875,-0.04394430928677308
2017-04-26,volume_ratio_5_20,1747,-0.027957869099013277,-0.020716964987910223
2017-04-27,volume_ratio_5_20,1747,0.09549054892501777,0.11688682966582328
2017-04-28,volume_ratio_5_20,1741,0.1141448101146202,0.15452401420483422
2017-05-02,volume_ratio_5_20,1741,0.1290411489840953,0.1522106869866196
2017-05-03,volume_ratio_5_20,1740,0.13364788517749804,0.17276739162532426
2017-05-04,volume_ratio_5_20,1731,0.08604653102979692,0.10722716152861521
2017-05-05,volume_ratio_5_20,1732,0.05243904902734995,0.07115575237370168
2017-05-08,volume_ratio_5_20,1725,0.08756580757136197,0.08051935965328216
2017-05-09,volume_ratio_5_20,1728,0.06846260473731208,0.05716792866230734
2017-05-10,volume_ratio_5_20,1736,0.02778108656185412,0.003179281668856991
2017-05-11,volume_ratio_5_20,1741,-0.008560992056281195,-0.013700930907858786
2017-05-12,volume_ratio_5_20,1742,-0.040620604647352045,-0.05068468162377952
2017-05-15,volume_ratio_5_20,1752,-0.049462062427784025,-0.03986334262773566
2017-05-16,volume_ratio_5_20,1756,-0.00666944997097766,-0.004621332122403124
2017-05-17,volume_ratio_5_20,1753,0.006501171707060556,-0.009513254109054443
2017-05-18,volume_ratio_5_20,1756,-0.015104243381642941,-0.06563940561606058
2017-05-19,volume_ratio_5_20,1756,-0.08116943200249997,-0.10323786986501204
2017-05-22,volume_ratio_5_20,1755,-0.10994222466832139,-0.1226494202271248
2017-05-23,volume_ratio_5_20,1758,-0.13439065272803055,-0.10836410759395884
2017-05-24,volume_ratio_5_20,1758,-0.10037231829542358,-0.07982077007934413
2017-05-25,volume_ratio_5_20,1757,-0.11535059086200827,-0.07871922607029028
2017-05-26,volume_ratio_5_20,1765,-0.027361369756488167,-0.0461882835421636
2017-05-31,volume_ratio_5_20,1773,-0.06524749838642135,-0.09791690469702673
2017-06-01,volume_ratio_5_20,1778,-0.10401932804390629,-0.12303499312115486
2017-06-02,volume_ratio_5_20,1774,-0.058301841889872606,-0.018418236631314457
2017-06-05,volume_ratio_5_20,1773,-0.03516332688372531,-0.014390855895816762
2017-06-06,volume_ratio_5_20,1774,-0.04198059541616888,-0.013553790171161357
2017-06-07,volume_ratio_5_20,1771,-0.06559551496271496,-0.032924625793554936
2017-06-08,volume_ratio_5_20,1769,-0.0648333520231189,-0.051804053654777915
2017-06-09,volume_ratio_5_20,1768,-0.09521741138414591,-0.10468824429448405
2017-06-12,volume_ratio_5_20,1769,-0.14793236535347487,-0.15213648995499357
2017-06-13,volume_ratio_5_20,1770,-0.173351870291947,-0.1533226583184022
2017-06-14,volume_ratio_5_20,1764,-0.11536212891380808,-0.05431189706204265
2017-06-15,volume_ratio_5_20,1766,-0.026617627476769563,0.006100597253945656
2017-06-16,volume_ratio_5_20,1769,-0.03435542417631724,-0.004900418513341534
2017-06-19,volume_ratio_5_20,1771,-0.04440943935592127,-0.03009248522720734
2017-06-20,volume_ratio_5_20,1769,-0.017398819414790045,-0.04119507114026961
2017-06-21,volume_ratio_5_20,1771,-0.0016330221085774975,0.039757309459421644
2017-06-22,volume_ratio_5_20,1768,-0.09504000709892937,-0.061274567283118
2017-06-23,volume_ratio_5_20,1770,-0.04773831941930769,-0.04553639050819612
2017-06-26,volume_ratio_5_20,1771,-0.04119405032479885,-0.05271377211848753
2017-06-27,volume_ratio_5_20,1772,-0.05993251565675188,-0.07261715586281098
2017-06-28,volume_ratio_5_20,1769,-0.05413993768677054,-0.04735496345723512
2017-06-29,volume_ratio_5_20,1769,0.018893146603573673,0.0028127805650555882
2017-06-30,volume_ratio_5_20,1767,0.09529944084079832,0.09637706596906401
2017-07-03,volume_ratio_5_20,1769,0.12942766966184688,0.1565497062156786
2017-07-04,volume_ratio_5_20,1763,0.1795252148141492,0.23033237892340236
2017-07-05,volume_ratio_5_20,1763,0.14891690180616546,0.2072814352297534
2017-07-06,volume_ratio_5_20,1766,0.10333073325101827,0.16041882555959766
2017-07-07,volume_ratio_5_20,1766,0.09206971162216465,0.12255435780900929
2017-07-10,volume_ratio_5_20,1761,0.2066236669309041,0.21521012325954253
2017-07-11,volume_ratio_5_20,1762,0.21975402232027605,0.21227541388054672
2017-07-12,volume_ratio_5_20,1766,0.21807625520072563,0.20557559648354645
2017-07-13,volume_ratio_5_20,1771,0.24910425993906277,0.24313040010698403
2017-07-14,volume_ratio_5_20,1771,0.19242786486060418,0.205862384128852
2017-07-17,volume_ratio_5_20,1773,0.02411625508258513,0.05004806909234703
2017-07-18,volume_ratio_5_20,1777,-0.06583078392051879,-0.06022347602014859
2017-07-19,volume_ratio_5_20,1777,-0.1633528147161585,-0.15035787200239348
2017-07-20,volume_ratio_5_20,1779,-0.13283027299097497,-0.15998922442500957
2017-07-21,volume_ratio_5_20,1777,0.012253109988738544,-0.009364684672884847
2017-07-24,volume_ratio_5_20,1775,-0.023671215838267673,-0.05641292691446449
2017-07-25,volume_ratio_5_20,1776,-0.08468161748049029,-0.11292837087248266
2017-07-26,volume_ratio_5_20,1778,0.046884655422044,0.06731238790324053
2017-07-27,volume_ratio_5_20,1773,-0.011182794947817298,0.013544052104441769
2017-07-28,volume_ratio_5_20,1773,-0.05265442602611748,-0.0313368524209431
2017-07-31,volume_ratio_5_20,1773,0.07076061375130402,0.08518259092100205
2017-08-01,volume_ratio_5_20,1776,0.07716032818875951,0.059881336136134895
2017-08-02,volume_ratio_5_20,1776,0.04945559890007659,0.0012063533631591098
2017-08-03,volume_ratio_5_20,1776,0.0001731070164441958,-0.05756683234803823
2017-08-04,volume_ratio_5_20,1775,-0.1049034897884325,-0.11074092123356838
2017-08-07,volume_ratio_5_20,1774,-0.10236021131997905,-0.10397126662005153
2017-08-08,volume_ratio_5_20,1778,-0.12100883793534796,-0.06613619979039764
2017-08-09,volume_ratio_5_20,1775,-0.09961608446588043,-0.06918239932323765
2017-08-10,volume_ratio_5_20,1780,-0.16354928638455452,-0.15111070589220024
2017-08-11,volume_ratio_5_20,1784,-0.1890130888593827,-0.1923215291309656
2017-08-14,volume_ratio_5_20,1780,-0.12483784850132697,-0.14166800479652827
2017-08-15,volume_ratio_5_20,1780,-0.14823416902386163,-0.1664080912373668
2017-08-16,volume_ratio_5_20,1777,-0.1259868440362562,-0.1377795170916311
2017-08-17,volume_ratio_5_20,1779,-0.08592121657399378,-0.07438425322013185
2017-08-18,volume_ratio_5_20,1785,-0.03670633956389747,-0.02682535604956067
2017-08-21,volume_ratio_5_20,1785,-0.04066209048719806,-0.006208360352150891
2017-08-22,volume_ratio_5_20,1785,-0.1059292802144656,-0.13992877015799732
2017-08-23,volume_ratio_5_20,1787,-0.12886412300523292,-0.16817665422806535
2017-08-24,volume_ratio_5_20,1793,-0.08235315844634314,-0.13744070445563633
2017-08-25,volume_ratio_5_20,1792,-0.04962976300494796,-0.07125179839566105
2017-08-28,volume_ratio_5_20,1800,-0.048311378129103,-0.07861427197085367
2017-08-29,volume_ratio_5_20,1804,-0.00595585106608394,-0.0238575170381358
2017-08-30,volume_ratio_5_20,1792,-0.04830170922662719,-0.039217251110578916
2017-08-31,volume_ratio_5_20,1787,-0.02178617474234411,0.012269827050930802
2017-09-01,volume_ratio_5_20,1789,0.0015076749839793074,0.024769295702881614
2017-09-04,volume_ratio_5_20,1791,0.007994578192441846,0.022006380537007573
2017-09-05,volume_ratio_5_20,1795,-0.0006860591359138115,-0.006044058924114288
2017-09-06,volume_ratio_5_20,1793,0.03802852176557892,0.028225712858302766
2017-09-07,volume_ratio_5_20,1791,0.001717322710937858,-0.03531015252643051
2017-09-08,volume_ratio_5_20,1790,0.00893445667773645,-0.01042406144262425
2017-09-11,volume_ratio_5_20,1793,0.09700815309991209,0.0778512232053056
2017-09-12,volume_ratio_5_20,1791,0.09181599893662318,0.06267636183274786
2017-09-13,volume_ratio_5_20,1791,-0.002029523402068062,-0.009954030861926524
2017-09-14,volume_ratio_5_20,1792,-0.012833068779156704,-0.019079239953177982
2017-09-15,volume_ratio_5_20,1791,-0.16150008351160008,-0.14962848308150722
2017-09-18,volume_ratio_5_20,1791,-0.09633324906055472,-0.08480840760226134
2017-09-19,volume_ratio_5_20,1789,-0.08584307402293295,-0.04019471065556072
2017-09-20,volume_ratio_5_20,1788,-0.020557627573153187,-0.005088197367100609
2017-09-21,volume_ratio_5_20,1788,-0.03708216668304815,-0.034768826240911654
2017-09-22,volume_ratio_5_20,1786,0.11342550244102055,0.019142758696327606
2017-09-25,volume_ratio_5_20,1786,0.06547443900798604,0.018554602837419217
2017-09-26,volume_ratio_5_20,1784,0.017899706847310338,0.029314700240072877
2017-09-27,volume_ratio_5_20,1782,0.023386884680542477,0.0547935941370243
2017-09-28,volume_ratio_5_20,1791,-0.048553716583696685,0.03355657879981926
2017-09-29,volume_ratio_5_20,1789,-0.05287006029226651,0.07179671341674622
2017-10-09,volume_ratio_5_20,1790,0.03506666618804288,0.1324216758586828
2017-10-10,volume_ratio_5_20,1788,0.09419427900410013,0.17583080474435914
2017-10-11,volume_ratio_5_20,1787,0.074974359470496,0.1436954949321297
2017-10-12,volume_ratio_5_20,1787,0.08818284599801052,0.1433192478329895
2017-10-13,volume_ratio_5_20,1791,0.17736801611642275,0.19773076649347482
2017-10-16,volume_ratio_5_20,1795,0.04772057204079999,0.07975348453564528
2017-10-17,volume_ratio_5_20,1797,0.023972097630018927,0.04082414372582008
2017-10-18,volume_ratio_5_20,1796,-0.09394747840136022,-0.10069389836632187
2017-10-19,volume_ratio_5_20,1796,-0.0051127338698300565,0.02014832360454833
2017-10-20,volume_ratio_5_20,1799,0.006327608057946075,0.07878514503038206
2017-10-23,volume_ratio_5_20,1803,0.11723968321356627,0.154794491783237
2017-10-24,volume_ratio_5_20,1804,0.0710030812730182,0.11008826239116155
2017-10-25,volume_ratio_5_20,1813,0.129981899698574,0.19911575869024634
2017-10-26,volume_ratio_5_20,1813,0.11042002335447988,0.1680526744980119
2017-10-27,volume_ratio_5_20,1811,-0.0028754806847050202,-0.03503111803367425
2017-10-30,volume_ratio_5_20,1815,-0.06655378624263936,-0.05459888842244725
2017-10-31,volume_ratio_5_20,1816,-0.07663978866494905,-0.08054561138940373
2017-11-01,volume_ratio_5_20,1820,-0.08636502322574059,-0.12303282310402357
2017-11-02,volume_ratio_5_20,1822,-0.05905808787791156,-0.08954740588040963
2017-11-03,volume_ratio_5_20,1822,0.041990115149080805,0.03548437216363248
2017-11-06,volume_ratio_5_20,1824,0.06153097141249091,0.07562788838385026
2017-11-07,volume_ratio_5_20,1824,0.09565449072477897,0.1399281808830122
2017-11-08,volume_ratio_5_20,1824,0.08633507405361078,0.1131423735497061
2017-11-09,volume_ratio_5_20,1825,0.09259779011417636,0.17328773341331075
2017-11-10,volume_ratio_5_20,1817,0.12563101170735239,0.15913314136541667
2017-11-13,volume_ratio_5_20,1813,0.17480006352271826,0.19465724906684867
2017-11-14,volume_ratio_5_20,1809,0.18439216046566168,0.2003414468003909
2017-11-15,volume_ratio_5_20,1803,0.0834328728972127,0.08729794594992277
2017-11-16,volume_ratio_5_20,1800,0.05022092002739667,0.04053046012014484
2017-11-17,volume_ratio_5_20,1800,-0.08489702489774296,-0.08002397973578466
2017-11-20,volume_ratio_5_20,1794,-0.05256361308940157,-0.05835857766021464
2017-11-21,volume_ratio_5_20,1799,-0.06859630648354798,-0.10184449900331549
2017-11-22,volume_ratio_5_20,1796,-0.07531804563611756,-0.13309577440086612
2017-11-23,volume_ratio_5_20,1798,-0.06263479640921858,-0.10254762900240781
2017-11-24,volume_ratio_5_20,1800,0.04709516690145209,-0.005544229302840217
2017-11-27,volume_ratio_5_20,1804,0.0815061387372528,0.10733067527481338
2017-11-28,volume_ratio_5_20,1799,0.06697179651904947,0.07313770498415571
2017-11-29,volume_ratio_5_20,1795,0.008261635005588306,0.017313139835720266
2017-11-30,volume_ratio_5_20,1792,0.015022057553316643,0.03280842606583833
2017-12-01,volume_ratio_5_20,1791,-0.04603108676395855,-0.03867478266040244
2017-12-04,volume_ratio_5_20,1793,-0.041295824086262534,-0.027593824312750658
2017-12-05,volume_ratio_5_20,1795,-0.1328249361289226,-0.13533961767086933
2017-12-06,volume_ratio_5_20,1793,-0.06194108573572945,-0.05845262473639378
2017-12-07,volume_ratio_5_20,1792,-0.032805726448697475,-0.037253101618243654
2017-12-08,volume_ratio_5_20,1783,0.014028745923176331,0.02037141603338402
2017-12-11,volume_ratio_5_20,1782,0.03243349177553709,0.052421190427918415
2017-12-12,volume_ratio_5_20,1784,0.00432231578442324,-0.018077299131343042
2017-12-13,volume_ratio_5_20,1778,-0.023272389450294872,-0.03342101535550733
2017-12-14,volume_ratio_5_20,1781,-0.04238456310487357,-0.04254129734073896
2017-12-15,volume_ratio_5_20,1779,0.015181517718152553,-0.01967166156346314
2017-12-18,volume_ratio_5_20,1774,0.014316436378876163,-0.057459863983128155
2017-12-19,volume_ratio_5_20,1774,-0.06066092595153352,-0.10247209601722486
2017-12-20,volume_ratio_5_20,1772,-0.07990125859225775,-0.10785721229015867
2017-12-21,volume_ratio_5_20,1771,-0.06860140106358685,-0.07105941989947281
2017-12-22,volume_ratio_5_20,1772,-0.11477075203032665,-0.08506539094010827
2017-12-25,volume_ratio_5_20,1773,-0.15999317157704987,-0.11808749158419785
2017-12-26,volume_ratio_5_20,1775,-0.09085172976896456,-0.03619502191867387
2017-12-27,volume_ratio_5_20,1777,-0.05642804124900513,-0.03505391146901942
2017-12-28,volume_ratio_5_20,1777,0.026514710706146003,0.06896806440290848
2017-12-29,volume_ratio_5_20,1777,0.0629504073981889,0.08601038264676089
2018-01-02,volume_ratio_5_20,1777,0.13183009705517423,0.15361742947525386
2018-01-03,volume_ratio_5_20,1780,0.03969677965730597,0.04949456407327
2018-01-04,volume_ratio_5_20,1780,0.037952113363853915,0.04784486203517288
2018-01-05,volume_ratio_5_20,1783,0.031969617143632625,0.018980308938916376
2018-01-08,volume_ratio_5_20,1784,0.14876884804187196,0.11519945958811312
2018-01-09,volume_ratio_5_20,1778,0.09309628899841363,0.08320275704524963
2018-01-10,volume_ratio_5_20,1771,0.12457943863666737,0.15179824701128294
2018-01-11,volume_ratio_5_20,1776,0.004201668845779539,0.0589470353800121
2018-01-12,volume_ratio_5_20,1777,-0.11305999645539999,0.0009672809509408948
2018-01-15,volume_ratio_5_20,1780,-0.20260738538616346,-0.0899875738267764
2018-01-16,volume_ratio_5_20,1780,-0.057954090308295035,-0.0021292665229139013
2018-01-17,volume_ratio_5_20,1783,-0.02631831879844392,-0.0005856776060465529
2018-01-18,volume_ratio_5_20,1788,-0.007928161325369032,-0.0005396578420031964
2018-01-19,volume_ratio_5_20,1787,0.04306934319608408,0.018925503847729012
2018-01-22,volume_ratio_5_20,1790,0.038248023646440324,0.048019876256399856
2018-01-23,volume_ratio_5_20,1792,0.05911120382018531,0.08333951579690464
2018-01-24,volume_ratio_5_20,1784,0.13007201402112806,0.16643724857609177
2018-01-25,volume_ratio_5_20,1761,0.08300770467347765,0.09078323565613365
2018-01-26,volume_ratio_5_20,1734,0.023054203047485563,0.03660240179763309
2018-01-29,volume_ratio_5_20,1723,0.053882857445879104,0.0596793691990594
2018-01-30,volume_ratio_5_20,1721,0.09169205487600893,0.08922226631906427
2018-01-31,volume_ratio_5_20,1717,0.007909724583695875,0.0017274553025261163
2018-02-01,volume_ratio_5_20,1719,0.011649949129425349,0.020481938518120024
2018-02-02,volume_ratio_5_20,1720,0.02365209514255982,0.049033484702300685
2018-02-05,volume_ratio_5_20,1721,-0.03566121813070486,-0.014425683085116778
2018-02-06,volume_ratio_5_20,1724,-0.04768089802057104,-0.024604866702433774
2018-02-07,volume_ratio_5_20,1723,-0.05298249349037072,-0.03511668682244859
2018-02-08,volume_ratio_5_20,1723,-0.0335204350367169,-0.005458115643224079
2018-02-09,volume_ratio_5_20,1727,-0.03959528340362867,-0.024249342208235797
2018-02-12,volume_ratio_5_20,1732,0.003233911579497775,0.004311651934745598
2018-02-13,volume_ratio_5_20,1727,0.07116769300766597,0.06853061985387067
2018-02-14,volume_ratio_5_20,1729,0.12943809121020255,0.11742277193203936
2018-02-22,volume_ratio_5_20,1736,0.09873932467093095,0.10522070416444092
2018-02-23,volume_ratio_5_20,1733,0.07536494807679718,0.13120445648418647
2018-02-26,volume_ratio_5_20,1734,0.07401270511198295,0.13222715276524075
2018-02-27,volume_ratio_5_20,1731,0.06340116752654894,0.07319866058987119
2018-02-28,volume_ratio_5_20,1730,-0.04188759130885782,-0.09537043953201893
2018-03-01,volume_ratio_5_20,1730,0.08247592224252945,0.1288086025500234
2018-03-02,volume_ratio_5_20,1729,0.06160655201817133,0.09599784285445667
2018-03-05,volume_ratio_5_20,1729,0.12244095698339007,0.1838635785944619
2018-03-06,volume_ratio_5_20,1731,0.05001456115742432,0.09677233405197734
2018-03-07,volume_ratio_5_20,1737,0.06262687936267515,0.10019427195716385
2018-03-08,volume_ratio_5_20,1737,0.05519822675824039,-0.006597408397972484
2018-03-09,volume_ratio_5_20,1735,0.03960850963376318,0.05208449023984713
2018-03-12,volume_ratio_5_20,1728,0.09911367249289799,0.10833923015943801
2018-03-13,volume_ratio_5_20,1731,0.07859816840553853,0.11245172083605558
2018-03-14,volume_ratio_5_20,1730,0.07714732831279143,0.1418981565580509
2018-03-15,volume_ratio_5_20,1733,-0.10891023537055748,-0.11386746247474844
2018-03-16,volume_ratio_5_20,1737,-0.1017033514067676,-0.07992899644810517
2018-03-19,volume_ratio_5_20,1737,-0.03933268188945995,0.02151313425276015
2018-03-20,volume_ratio_5_20,1739,-0.08216128393968011,0.03514404905269057
2018-03-21,volume_ratio_5_20,1747,-0.11255757578101248,-0.009425729745126865
2018-03-22,volume_ratio_5_20,1755,-0.10097978142819343,-0.045260826140883656
2018-03-23,volume_ratio_5_20,1765,-0.18473868788158623,-0.15366426224422602
2018-03-26,volume_ratio_5_20,1770,-0.22703421165050133,-0.1647854470970505
2018-03-27,volume_ratio_5_20,1764,-0.07089215227923527,-0.04750479345314396
2018-03-28,volume_ratio_5_20,1761,0.026215358983813865,0.0385923390572942
2018-03-29,volume_ratio_5_20,1764,0.04152130391519895,0.06453009454562925
2018-03-30,volume_ratio_5_20,1762,-0.046780800648580236,-0.02632667596477357
2018-04-02,volume_ratio_5_20,1768,-0.09397340466874914,-0.10820482835063659
2018-04-03,volume_ratio_5_20,1770,-0.05882687796892783,-0.06804459096416551
2018-04-04,volume_ratio_5_20,1765,-0.004125469023491688,-0.002376576917343399
2018-04-09,volume_ratio_5_20,1762,0.10490607105917414,0.102831401862549
2018-04-10,volume_ratio_5_20,1761,0.15603222822334203,0.15113590066403165
2018-04-11,volume_ratio_5_20,1761,0.0766432358958243,0.06968494628585668
2018-04-12,volume_ratio_5_20,1761,0.03252498682737381,0.05062563233644797
2018-04-13,volume_ratio_5_20,1766,-0.07938478757003412,-0.06181789302141276
2018-04-16,volume_ratio_5_20,1764,-0.05114021066700904,-0.041999587196627705
2018-04-17,volume_ratio_5_20,1766,-0.03913510040265908,-0.03790651953457989
2018-04-18,volume_ratio_5_20,1763,-0.01594777697193659,0.031248256838502367
2018-04-19,volume_ratio_5_20,1769,-0.01005518546524396,0.003309453126348278
2018-04-20,volume_ratio_5_20,1759,-0.07252146264766206,-0.06525585248714491
2018-04-23,volume_ratio_5_20,1765,-0.08445195155826606,-0.07305781823972102
2018-04-24,volume_ratio_5_20,1766,-0.12997839408921374,-0.08527875378328978
2018-04-25,volume_ratio_5_20,1762,-0.13894968977901068,-0.11298122614870515
2018-04-26,volume_ratio_5_20,1758,-0.08495700932542592,-0.09667044353232439
2018-04-27,volume_ratio_5_20,1756,-0.05531255928080667,-0.08400656575471357
2018-05-02,volume_ratio_5_20,1760,-0.0737040913714687,-0.10689497613659663
2018-05-03,volume_ratio_5_20,1764,-0.09237186868692132,-0.12261467502611897
2018-05-04,volume_ratio_5_20,1768,-0.027796373673374133,-0.011630690175068637
2018-05-07,volume_ratio_5_20,1768,0.05901061391739238,0.11826375586055442
2018-05-08,volume_ratio_5_20,1769,0.1351663199847323,0.20988220378833
2018-05-09,volume_ratio_5_20,1769,0.08288541257552069,0.16221410880277506
2018-05-10,volume_ratio_5_20,1769,0.13124119107515358,0.1936471423623944
2018-05-11,volume_ratio_5_20,1766,0.056497835357244716,0.048703443452545396
2018-05-14,volume_ratio_5_20,1770,0.04457819762807336,0.04370779874539503
2018-05-15,volume_ratio_5_20,1774,-0.01177669849251525,-0.03818570162923368
2018-05-16,volume_ratio_5_20,1771,-0.04840807103757339,-0.031601454941466094
2018-05-17,volume_ratio_5_20,1771,-0.014049615315495692,0.02032056025411481
2018-05-18,volume_ratio_5_20,1773,0.09411448589925656,0.13067743076552965
2018-05-21,volume_ratio_5_20,1769,0.05622917007966994,0.12324340145909546
2018-05-22,volume_ratio_5_20,1768,0.07189073747110633,0.11589684595185204
2018-05-23,volume_ratio_5_20,1763,0.03474111982425964,0.05176877447347709
2018-05-24,volume_ratio_5_20,1760,-0.030418471206451695,-0.006336957250877571
2018-05-25,volume_ratio_5_20,1762,-0.05479777514890894,-0.035227568916326064
2018-05-28,volume_ratio_5_20,1764,-0.03707497152500938,-0.019772477632202096
2018-05-29,volume_ratio_5_20,1776,-0.03570900076578343,-0.04264593108151423
2018-05-30,volume_ratio_5_20,1778,-0.1564335442367769,-0.1517450797404855
2018-05-31,volume_ratio_5_20,1780,-0.09846356344970987,-0.09072545414401341
2018-06-01,volume_ratio_5_20,1788,-0.05106193941208702,-0.05789853709173098
2018-06-04,volume_ratio_5_20,1787,0.01507941739390276,0.024198158000605253
2018-06-05,volume_ratio_5_20,1787,0.04776318685688771,0.09244525772123956
2018-06-06,volume_ratio_5_20,1787,0.029815503743812696,0.07120380584051232
2018-06-07,volume_ratio_5_20,1783,0.011921386079337024,0.05827243063873922
2018-06-08,volume_ratio_5_20,1774,0.09101695047626564,0.14157370258448354
2018-06-11,volume_ratio_5_20,1778,0.05804132950593812,0.1136234183539196
2018-06-12,volume_ratio_5_20,1778,0.05935181417608608,0.13277611768228542
2018-06-13,volume_ratio_5_20,1779,0.08790171211049262,0.13599463254701297
2018-06-14,volume_ratio_5_20,1782,0.03196447863439634,0.061225026069117575
2018-06-15,volume_ratio_5_20,1783,-0.09000934557116236,-0.11493095294249452
2018-06-19,volume_ratio_5_20,1786,-0.09043676227659586,-0.1107942964144989
2018-06-20,volume_ratio_5_20,1787,-0.061408986785901,-0.05888847876310355
2018-06-21,volume_ratio_5_20,1790,-0.04408444986631414,-0.04239798748920639
2018-06-22,volume_ratio_5_20,1792,-0.010834643336409048,0.009857407984506903
2018-06-25,volume_ratio_5_20,1798,0.023205985901612287,0.02841562994543177
2018-06-26,volume_ratio_5_20,1798,0.00560138211125803,0.033733177311447586
2018-06-27,volume_ratio_5_20,1799,0.02509097895984362,-0.00429127156269307
2018-06-28,volume_ratio_5_20,1800,-0.002147197891874767,-0.007858350992722469
2018-06-29,volume_ratio_5_20,1800,-0.06037260783123075,0.012579240731899727
2018-07-02,volume_ratio_5_20,1808,-0.0769690430968661,-0.02068916669456786
2018-07-03,volume_ratio_5_20,1811,-0.024245748066550898,0.0056857788303677345
2018-07-04,volume_ratio_5_20,1813,-0.03963164404588376,0.027884957622153848
2018-07-05,volume_ratio_5_20,1817,-0.08424710095452088,-0.04651913946502351
2018-07-06,volume_ratio_5_20,1820,-0.07444007703708064,-0.03656888838619922
2018-07-09,volume_ratio_5_20,1825,-0.01594580036423822,-0.004601860926310489
2018-07-10,volume_ratio_5_20,1828,-0.06172376181073817,-0.08252688335884045
2018-07-11,volume_ratio_5_20,1832,-0.06411094191581167,-0.09217895374174778
2018-07-12,volume_ratio_5_20,1837,-0.024520152805864694,-0.014961290865430603
2018-07-13,volume_ratio_5_20,1839,-0.06144152601860269,-0.07039346275183676
2018-07-16,volume_ratio_5_20,1842,-0.14140367134460904,-0.17213454585399615
2018-07-17,volume_ratio_5_20,1846,-0.12674961659740558,-0.1447477510495792
2018-07-18,volume_ratio_5_20,1847,-0.162673235426996,-0.21336595102473951
2018-07-19,volume_ratio_5_20,1847,-0.11574366163472911,-0.1650745129282895
2018-07-20,volume_ratio_5_20,1849,-0.09607409514758293,-0.142306157016278
2018-07-23,volume_ratio_5_20,1853,-0.009223916370643733,-0.05379211227989046
2018-07-24,volume_ratio_5_20,1856,0.07219862183710624,0.09306386168186744
2018-07-25,volume_ratio_5_20,1862,0.09852840920941874,0.14522239628661182
2018-07-26,volume_ratio_5_20,1865,0.0773729809607698,0.19555269741246809
2018-07-27,volume_ratio_5_20,1875,0.1209686190362739,0.19262709047059862
2018-07-30,volume_ratio_5_20,1882,0.19682480905788813,0.22029744820105507
2018-07-31,volume_ratio_5_20,1882,0.14420918187890014,0.22578705472549443
2018-08-01,volume_ratio_5_20,1884,-0.004051397569618372,0.09365891136364835
2018-08-02,volume_ratio_5_20,1886,-0.09501026714445779,-0.04723764767523259
2018-08-03,volume_ratio_5_20,1887,-0.1895809864966317,-0.20476184300469016
2018-08-06,volume_ratio_5_20,1891,-0.180316268744898,-0.22489745228015623
2018-08-07,volume_ratio_5_20,1891,-0.17170180169922397,-0.22203985014106803
2018-08-08,volume_ratio_5_20,1890,-0.19230538373611664,-0.20550725344605633
2018-08-09,volume_ratio_5_20,1889,-0.16602714725560744,-0.15660422583524375
2018-08-10,volume_ratio_5_20,1892,-0.10930464147718298,-0.10540898966935493
2018-08-13,volume_ratio_5_20,1893,-0.03153688621511239,0.0031644643662370325
2018-08-14,volume_ratio_5_20,1895,0.04837410717362769,0.07125785454009222
2018-08-15,volume_ratio_5_20,1894,0.07599337144970261,0.09910343573284447
2018-08-16,volume_ratio_5_20,1898,-0.026029523082376087,-0.001239563047604987
2018-08-17,volume_ratio_5_20,1898,-0.010645666004715877,0.0157102080250095
2018-08-20,volume_ratio_5_20,1897,0.012265582929769685,0.06444994907703366
2018-08-21,volume_ratio_5_20,1899,0.03909084314036325,0.08044027984020259
2018-08-22,volume_ratio_5_20,1895,0.013751393770444426,0.04887974743722695
2018-08-23,volume_ratio_5_20,1894,0.029202024442831088,0.062167094085477735
2018-08-24,volume_ratio_5_20,1897,-0.017841088537584756,0.0055658274711878125
2018-08-27,volume_ratio_5_20,1899,0.010384620522076969,0.04833290118861641
2018-08-28,volume_ratio_5_20,1901,-0.028157724503150457,-0.020264643323308518
2018-08-29,volume_ratio_5_20,1902,0.006027918064355523,0.026063668827680943
2018-08-30,volume_ratio_5_20,1903,-0.03480069904343698,-0.049296068284657026
2018-08-31,volume_ratio_5_20,1901,-0.07184385898092914,-0.08266857628067564
2018-09-03,volume_ratio_5_20,1904,-0.016840267618855702,-0.00804333453159187
2018-09-04,volume_ratio_5_20,1903,0.01210604303360353,0.009687822408564388
2018-09-05,volume_ratio_5_20,1902,0.006905064577184811,0.011001131182737132
2018-09-06,volume_ratio_5_20,1901,-0.04913927922851074,-0.01800398042847071
2018-09-07,volume_ratio_5_20,1901,-0.02496958123129721,-0.037433981865682725
2018-09-10,volume_ratio_5_20,1904,-0.05740907543308074,-0.10632987228700388
2018-09-11,volume_ratio_5_20,1903,-0.041417305860405394,-0.09698424445162719
2018-09-12,volume_ratio_5_20,1905,-0.011556769214662529,-0.07267709961161226
2018-09-13,volume_ratio_5_20,1909,-0.011135818634850778,-0.01766011264728024
2018-09-14,volume_ratio_5_20,1910,-0.0375198795327578,-0.016556690953392704
2018-09-17,volume_ratio_5_20,1913,-0.03667293505474054,0.04017770090584355
2018-09-18,volume_ratio_5_20,1909,-0.10679665613730258,0.0024766300111227226
2018-09-19,volume_ratio_5_20,1911,-0.09671075781509389,-0.012375221463685736
2018-09-20,volume_ratio_5_20,1908,-0.04751938842885103,-0.006121020336741949
2018-09-21,volume_ratio_5_20,1913,0.029442219488273007,0.07690050311635561
2018-09-25,volume_ratio_5_20,1915,0.027602066668873215,0.0875705063138504
2018-09-26,volume_ratio_5_20,1909,0.03315965524845559,0.07117005560112902
2018-09-27,volume_ratio_5_20,1916,0.040864027694909544,0.07203701951870106
2018-09-28,volume_ratio_5_20,1912,0.038791646443929156,0.07217581444670677
2018-10-08,volume_ratio_5_20,1913,0.03324192655836544,0.0651693184792089
2018-10-09,volume_ratio_5_20,1912,0.07080526070631137,0.08009502828758965
2018-10-10,volume_ratio_5_20,1910,-0.05896423370942143,-0.044265042255855216
2018-10-11,volume_ratio_5_20,1908,-0.13848730713051996,-0.1279332861180973
2018-10-12,volume_ratio_5_20,1904,-0.1479472224481384,-0.1104503024776688
2018-10-15,volume_ratio_5_20,1906,-0.08190346843167319,-0.06216231402366281
2018-10-16,volume_ratio_5_20,1905,-0.044673161141668104,-0.007834704930592629
2018-10-17,volume_ratio_5_20,1903,0.007993793226035642,0.0426665435731091
2018-10-18,volume_ratio_5_20,1905,0.02829439435765422,0.04062123916113784
2018-10-19,volume_ratio_5_20,1905,-0.002019594349919942,-0.025547106425403487
2018-10-22,volume_ratio_5_20,1906,-0.006466125821587021,-0.002356941559613563
2018-10-23,volume_ratio_5_20,1902,0.013123035658621385,0.005683313955886655
2018-10-24,volume_ratio_5_20,1901,0.018946736228518536,-0.033039722039898085
2018-10-25,volume_ratio_5_20,1902,0.0957717687330221,0.0480765560920276
2018-10-26,volume_ratio_5_20,1904,0.09315891078705389,0.0423604121063967
2018-10-29,volume_ratio_5_20,1905,-0.05617914530583619,-0.04868403415835504
2018-10-30,volume_ratio_5_20,1906,-0.032419602104318344,-0.05185144608205221
2018-10-31,volume_ratio_5_20,1908,-0.0061443721839576845,-0.02430908645613059
2018-11-01,volume_ratio_5_20,1906,0.009762071399725385,-0.026231027237681826
2018-11-02,volume_ratio_5_20,1907,0.013833863079952793,0.0023328739021625743
2018-11-05,volume_ratio_5_20,1914,0.09814240177597847,0.07591200073631965
2018-11-06,volume_ratio_5_20,1913,0.11574084522191694,0.11880754153343254
2018-11-07,volume_ratio_5_20,1913,0.1878759957769548,0.18878204382873273
2018-11-08,volume_ratio_5_20,1917,0.3326773126121089,0.2772543802422006
2018-11-09,volume_ratio_5_20,1915,0.26192663585503245,0.17473653639074432
2018-11-12,volume_ratio_5_20,1916,0.16370830731445754,0.0402057018091342
2018-11-13,volume_ratio_5_20,1916,0.12309397695733165,0.06221784515574636
2018-11-14,volume_ratio_5_20,1917,0.051911343559806845,0.07793687876075218
2018-11-15,volume_ratio_5_20,1919,-0.18063113712201348,-0.18827925866602235
2018-11-16,volume_ratio_5_20,1916,-0.10146527183093618,-0.08265782697164842
2018-11-19,volume_ratio_5_20,1914,-0.0244097501682965,-0.008224696794716744
2018-11-20,volume_ratio_5_20,1914,-0.1760587840453598,-0.12416347353833046
2018-11-21,volume_ratio_5_20,1913,-0.23794210386054895,-0.20695268416603554
2018-11-22,volume_ratio_5_20,1918,-0.2067171218134922,-0.19638207758756035
2018-11-23,volume_ratio_5_20,1917,-0.2915139028520505,-0.271336671138573
2018-11-26,volume_ratio_5_20,1920,-0.2713311878427605,-0.22981505509247613
2018-11-27,volume_ratio_5_20,1920,-0.21228883286667838,-0.14265218573221003
2018-11-28,volume_ratio_5_20,1924,-0.17646634457862967,-0.09713280692720724
2018-11-29,volume_ratio_5_20,1928,-0.11773979712663445,-0.06350352178752022
2018-11-30,volume_ratio_5_20,1929,-0.10188003823492618,-0.048474917251089
2018-12-03,volume_ratio_5_20,1927,-0.022853135106170975,0.006080696498377867
2018-12-04,volume_ratio_5_20,1929,-0.03581260816954547,-0.059318972260342114
2018-12-05,volume_ratio_5_20,1932,0.012980257909207878,-0.009540241818598742
2018-12-06,volume_ratio_5_20,1935,0.00943575429421917,0.018960643120894953
2018-12-07,volume_ratio_5_20,1939,-0.05840173265239099,-0.0659713500985257
2018-12-10,volume_ratio_5_20,1940,-0.11375816282299424,-0.100275381175327
2018-12-11,volume_ratio_5_20,1941,-0.12681084982282168,-0.1521303397212792
2018-12-12,volume_ratio_5_20,1947,-0.1322358310087555,-0.1794632085142427
2018-12-13,volume_ratio_5_20,1949,-0.16042581386056795,-0.20785282732502564
2018-12-14,volume_ratio_5_20,1950,-0.12528408897916515,-0.1436004691800399
2018-12-17,volume_ratio_5_20,1947,-0.0212713818368357,-0.03383931831166319
2018-12-18,volume_ratio_5_20,1946,-0.07431931126656345,-0.08090785736158718
2018-12-19,volume_ratio_5_20,1951,0.022071491049185016,0.08175556966498757
2018-12-20,volume_ratio_5_20,1952,0.04261562643053817,0.11421263214349438
2018-12-21,volume_ratio_5_20,1956,0.04762052552997865,0.0884523312044945
2018-12-24,volume_ratio_5_20,1957,-0.055076722339849206,-0.01888169220081882
2018-12-25,volume_ratio_5_20,1958,-0.09794271010722569,-0.07226264204839615
2018-12-26,volume_ratio_5_20,1958,-0.1061184657150975,-0.1260723838054261
2018-12-27,volume_ratio_5_20,1959,-0.09290560319324978,-0.13623529157833916
2018-12-28,volume_ratio_5_20,1962,-0.08707301242099458,-0.16619293967282722
2019-01-02,volume_ratio_5_20,1963,-0.010616015450042772,-0.11055286234109904
2019-01-03,volume_ratio_5_20,1964,-0.019671819062936042,-0.11950218352259288
2019-01-04,volume_ratio_5_20,1967,-0.07606016849238176,-0.13565261106969165
2019-01-07,volume_ratio_5_20,1968,-0.023468776434531883,-0.04254159575653297
2019-01-08,volume_ratio_5_20,1969,-0.05425518181281951,-0.036379725630430765
2019-01-09,volume_ratio_5_20,1970,-0.0987017055808272,-0.10534536401655988
2019-01-10,volume_ratio_5_20,1970,-0.16494558626958164,-0.1669899568737115
2019-01-11,volume_ratio_5_20,1969,-0.20718094051750896,-0.23182639048596634
2019-01-14,volume_ratio_5_20,1969,-0.14745938787496954,-0.2018142142128421
2019-01-15,volume_ratio_5_20,1966,0.014867816059219462,-0.0401560185895915
2019-01-16,volume_ratio_5_20,1968,-0.011699918157749433,-0.035926545181757
2019-01-17,volume_ratio_5_20,1967,-0.0025772604416799873,-0.06181247746497921
2019-01-18,volume_ratio_5_20,1969,-0.05598433450283481,-0.039357230973933365
2019-01-21,volume_ratio_5_20,1969,0.017358512269370917,0.059867184861802
2019-01-22,volume_ratio_5_20,1967,-0.06603925077537569,0.04074817806966387
2019-01-23,volume_ratio_5_20,1967,-0.02115188810559447,0.09562773255591736
2019-01-24,volume_ratio_5_20,1965,-0.06353808581471734,0.06648626562097501
2019-01-25,volume_ratio_5_20,1968,-0.08689729205521562,0.01764505169483933
2019-01-28,volume_ratio_5_20,1972,-0.11843134755575183,-0.0544762586236707
2019-01-29,volume_ratio_5_20,1976,-0.0743836114914804,-0.06515425513782976
2019-01-30,volume_ratio_5_20,1977,-0.05688102794065726,-0.09244076649800528
2019-01-31,volume_ratio_5_20,1974,-0.042810534001854264,-0.07978639068344878
2019-02-01,volume_ratio_5_20,1975,-0.07923999567661519,-0.13168518914250943
2019-02-11,volume_ratio_5_20,1975,-0.12893794970681985,-0.19388962441029628
2019-02-12,volume_ratio_5_20,1970,-0.1026976343978306,-0.18494157493091565
2019-02-13,volume_ratio_5_20,1973,-0.11933074219908216,-0.196376230145355
2019-02-14,volume_ratio_5_20,1972,-0.08639424150393468,-0.15723521798852433
2019-02-15,volume_ratio_5_20,1970,-0.06271007911630885,-0.11520453661552499
2019-02-18,volume_ratio_5_20,1970,-0.06489874828898054,-0.07820195900640903
2019-02-19,volume_ratio_5_20,1966,-0.03043569743515167,-0.036634474658379074
2019-02-20,volume_ratio_5_20,1968,-0.030164500673246848,-0.014982903919196315
2019-02-21,volume_ratio_5_20,1969,-0.042076381150014316,-0.08947483453880066
2019-02-22,volume_ratio_5_20,1968,-0.05791476077907555,-0.13271480591268503
2019-02-25,volume_ratio_5_20,1966,0.020950382051488636,-0.02148738881826821
2019-02-26,volume_ratio_5_20,1963,-0.002744349028054446,-0.015311095871483837
2019-02-27,volume_ratio_5_20,1967,0.08856253723645109,0.1578113759713492
2019-02-28,volume_ratio_5_20,1970,-0.00621533322591947,0.013130714325166932
2019-03-01,volume_ratio_5_20,1967,-0.07848373827252812,-0.06851812102350034
2019-03-04,volume_ratio_5_20,1965,-0.08140895079931033,-0.07739908438668251
2019-03-05,volume_ratio_5_20,1962,-0.07827039301403013,-0.03879223707192135
2019-03-06,volume_ratio_5_20,1962,-0.14537045124592637,-0.132401250634969
2019-03-07,volume_ratio_5_20,1963,-0.07915261912220115,-0.10419862458600562
2019-03-08,volume_ratio_5_20,1962,-0.18095698685285583,-0.205216806307736
2019-03-11,volume_ratio_5_20,1962,-0.2443671449313042,-0.2767147665852441
2019-03-12,volume_ratio_5_20,1960,-0.17248582925495304,-0.2335471281699681
2019-03-13,volume_ratio_5_20,1959,-0.04383047065428525,-0.06331898453105529
2019-03-14,volume_ratio_5_20,1958,-0.024129954126138088,-0.0503676111264706
2019-03-15,volume_ratio_5_20,1950,0.040755108365536384,0.04061170923242337
2019-03-18,volume_ratio_5_20,1949,0.004307089777149246,0.00794137559704864
2019-03-19,volume_ratio_5_20,1945,0.03357418273427223,0.06638010164408385
2019-03-20,volume_ratio_5_20,1950,-0.021777842420627958,0.02359714871114516
2019-03-21,volume_ratio_5_20,1948,-0.08227605596430153,-0.05350805352733179
2019-03-22,volume_ratio_5_20,1943,-0.07070592461737182,-0.06709625147950296
2019-03-25,volume_ratio_5_20,1944,-0.09776275233340742,-0.14261551560076138
2019-03-26,volume_ratio_5_20,1937,-0.14273531050773766,-0.14780976121607958
2019-03-27,volume_ratio_5_20,1939,-0.02405004489689345,-0.02365055433037868
2019-03-28,volume_ratio_5_20,1942,0.07948527377922815,0.018404143587357175
2019-03-29,volume_ratio_5_20,1936,0.051019691101982546,-0.03054103549387676
2019-04-01,volume_ratio_5_20,1937,0.04418420316055588,0.011458739182819895
2019-04-02,volume_ratio_5_20,1934,0.008092538817186785,-0.016701997802364955
2019-04-03,volume_ratio_5_20,1937,-0.04630119714903937,-0.07049489885972839
2019-04-04,volume_ratio_5_20,1936,-0.1320332528748055,-0.16499005099361974
2019-04-08,volume_ratio_5_20,1932,-0.015415661582919562,-0.024259516579490537
2019-04-09,volume_ratio_5_20,1933,-0.017361520164520094,-0.04739451660342385
2019-04-10,volume_ratio_5_20,1934,-0.008315343972243023,-0.03317349321614271
2019-04-11,volume_ratio_5_20,1932,0.061848626698430484,0.050221609348592156
2019-04-12,volume_ratio_5_20,1931,0.051381126245032334,0.018998878266315657
2019-04-15,volume_ratio_5_20,1928,0.012492184685815992,0.0043336146147044535
2019-04-16,volume_ratio_5_20,1930,-0.041320534455362934,-0.015305267483809963
2019-04-17,volume_ratio_5_20,1925,-0.049987685236084364,-0.016888456469761247
2019-04-18,volume_ratio_5_20,1927,-0.06501575583180379,-0.07977346536876884
2019-04-19,volume_ratio_5_20,1915,-0.12607033916239938,-0.0725087713255165
2019-04-22,volume_ratio_5_20,1904,-0.1672750604733701,-0.14491038427481442
2019-04-23,volume_ratio_5_20,1918,-0.2073223383244823,-0.19498972357484892
2019-04-24,volume_ratio_5_20,1908,-0.1639581056489367,-0.1954113013134995
2019-04-25,volume_ratio_5_20,1907,-0.15535556107540097,-0.17197188038279465
2019-04-26,volume_ratio_5_20,1901,-0.07508422220299385,-0.0950394928821818
2019-04-29,volume_ratio_5_20,1891,0.018700122032473412,0.013116982545601922
2019-04-30,volume_ratio_5_20,1893,-0.041161385224310294,-0.08515633603252613
2019-05-06,volume_ratio_5_20,1894,-0.08629549596298697,-0.09597390938981076
2019-05-07,volume_ratio_5_20,1895,0.051828172067040074,-0.025849828800272666
2019-05-08,volume_ratio_5_20,1901,0.14574693200564448,-0.039504473994067334
2019-05-09,volume_ratio_5_20,1908,0.1764317614449439,0.06836985193837906
2019-05-10,volume_ratio_5_20,1904,0.03984157946504703,0.0644917658351761
2019-05-13,volume_ratio_5_20,1906,-0.010434319762435045,-0.025077884687999465
2019-05-14,volume_ratio_5_20,1906,-0.039529686854931974,-0.02897559366031366
2019-05-15,volume_ratio_5_20,1905,-0.047053546980253234,-0.0237329997391442
2019-05-16,volume_ratio_5_20,1907,-0.23726812795788768,-0.15048225553795236
2019-05-17,volume_ratio_5_20,1908,-0.1457428470348198,-0.11669843106220773
2019-05-20,volume_ratio_5_20,1910,-0.09096920928999705,-0.10566692528961577
2019-05-21,volume_ratio_5_20,1912,0.03541800109648444,-0.06373322906278926
2019-05-22,volume_ratio_5_20,1914,0.08786608596035438,0.001759967432539064
2019-05-23,volume_ratio_5_20,1917,0.25123884072979813,0.14610008853208148
2019-05-24,volume_ratio_5_20,1916,0.10716678825420584,0.05240699230437383
2019-05-27,volume_ratio_5_20,1919,-0.04087766951235831,-0.026987775563972628
2019-05-28,volume_ratio_5_20,1927,-0.11364217843355383,-0.0420712706486801
2019-05-29,volume_ratio_5_20,1928,-0.07735622550602148,-0.032403969235434975
2019-05-30,volume_ratio_5_20,1935,-0.030092877752533075,0.0036864076076073946
2019-05-31,volume_ratio_5_20,1954,-0.045877638601058396,-0.014814722441885864
2019-06-03,volume_ratio_5_20,1953,0.039340009257998486,0.027289049013708325
2019-06-04,volume_ratio_5_20,1955,0.015658351227294497,-0.033739746474015016
2019-06-05,volume_ratio_5_20,1957,-0.013603829774555138,-0.06570662672074111
2019-06-06,volume_ratio_5_20,1956,-0.054185243278597486,-0.09998412713953651
2019-06-10,volume_ratio_5_20,1954,-0.03160711658219122,-0.055380726831744546
2019-06-11,volume_ratio_5_20,1956,-0.08615125200372388,-0.06055604441942676
2019-06-12,volume_ratio_5_20,1955,-0.029148519696387227,0.03995410797462607
2019-06-13,volume_ratio_5_20,1956,-0.10156128089209614,-0.14109719774453205
2019-06-14,volume_ratio_5_20,1956,-0.11354410614940816,-0.14840210696027564
2019-06-17,volume_ratio_5_20,1957,-0.045707766950320736,-0.10738813797769067
2019-06-18,volume_ratio_5_20,1959,-0.08107442862456084,-0.11195703957626785
2019-06-19,volume_ratio_5_20,1958,-0.06360869649601031,-0.07640275846222908
2019-06-20,volume_ratio_5_20,1960,-0.04527289414286312,-0.005153830029181295
2019-06-21,volume_ratio_5_20,1959,-0.06301323502616864,-0.02568925664026791
2019-06-24,volume_ratio_5_20,1964,-0.14274144151073362,-0.13346185954646728
2019-06-25,volume_ratio_5_20,1963,-0.06695517026113854,-0.0233403431756275
2019-06-26,volume_ratio_5_20,1961,-0.028622343659637325,-0.011012410960523383
2019-06-27,volume_ratio_5_20,1963,-0.08291787987642217,-0.08931522462280748
2019-06-28,volume_ratio_5_20,1961,-0.10008823445152688,-0.06360961142299172
2019-07-01,volume_ratio_5_20,1959,-0.0367730232200115,0.009882599136834747
2019-07-02,volume_ratio_5_20,1961,-0.008568570604553155,0.04385351288850026
2019-07-03,volume_ratio_5_20,1959,0.011270166270021973,0.040950036109905955
2019-07-04,volume_ratio_5_20,1960,0.047639939714346304,0.07155694491130656
2019-07-05,volume_ratio_5_20,1960,-0.034610029709481176,-0.05324025597533001
2019-07-08,volume_ratio_5_20,1959,-0.07931819830469151,-0.1034464824308599
2019-07-09,volume_ratio_5_20,1960,-0.07443776330914248,-0.1299578042146097
2019-07-10,volume_ratio_5_20,1959,-0.05247800905555211,-0.09547785637392386
2019-07-11,volume_ratio_5_20,1958,-0.05161001710670013,-0.09568769210969433
2019-07-12,volume_ratio_5_20,1959,-0.0078092592099913045,0.047944845316985306
2019-07-15,volume_ratio_5_20,1959,-0.002428706502208134,0.05136552999514366
2019-07-16,volume_ratio_5_20,1957,-0.009293135730623136,0.07093147763264795
2019-07-17,volume_ratio_5_20,1959,-0.030074446947944897,0.0649659517349992
2019-07-18,volume_ratio_5_20,1957,-0.0033734278437735875,0.046942088089482595
2019-07-19,volume_ratio_5_20,1963,-0.017991749818517616,-0.034014859306106815
2019-07-22,volume_ratio_5_20,1963,-0.11869048101911167,-0.1273686159418326
2019-07-23,volume_ratio_5_20,1962,-0.08980658197645744,-0.07274520925384612
2019-07-24,volume_ratio_5_20,1964,-0.0279685248571721,-0.04213661453737694
2019-07-25,volume_ratio_5_20,1964,0.018905893403993377,-0.006329662777404609
2019-07-26,volume_ratio_5_20,1964,-0.033241649241509595,-0.0558876323201575
2019-07-29,volume_ratio_5_20,1966,0.06291980844707652,0.05089662701031382
2019-07-30,volume_ratio_5_20,1965,-0.029663348746091854,-0.025397234895380257
2019-07-31,volume_ratio_5_20,1964,-0.05777170515506712,-0.03941373955458512
2019-08-01,volume_ratio_5_20,1966,-0.03033905544519141,-0.029743246796951756
2019-08-02,volume_ratio_5_20,1966,0.04598936527852725,0.03140449574684376
2019-08-05,volume_ratio_5_20,1966,-0.033492648765669576,-0.04829799294215224
2019-08-06,volume_ratio_5_20,1965,-0.0861365965392211,-0.10168148239316296
2019-08-07,volume_ratio_5_20,1967,-0.06682804498187925,-0.08741383744588631
2019-08-08,volume_ratio_5_20,1966,-0.09953854324377108,-0.11980890385130376
2019-08-09,volume_ratio_5_20,1962,-0.05865084677660381,-0.06608411584566298
2019-08-12,volume_ratio_5_20,1963,-0.05851914904579208,-0.06143088242299537
2019-08-13,volume_ratio_5_20,1962,-0.059624549737596684,-0.062392126262742494
2019-08-14,volume_ratio_5_20,1962,-0.05990646236517392,-0.08265735492584232
2019-08-15,volume_ratio_5_20,1962,-0.000928062669872072,-0.05637977052589387
2019-08-16,volume_ratio_5_20,1961,0.008742980647833326,-0.017297862137352647
2019-08-19,volume_ratio_5_20,1961,-0.024665009951213193,-0.023860004610115445
2019-08-20,volume_ratio_5_20,1961,-0.045486915590072466,-0.03882006623040491
2019-08-21,volume_ratio_5_20,1964,-0.05985992547763049,-0.02906366055411667
2019-08-22,volume_ratio_5_20,1965,-0.0906860413305259,-0.07212309174448031
2019-08-23,volume_ratio_5_20,1966,-0.08015178326085769,-0.06993546456964976
2019-08-26,volume_ratio_5_20,1967,-0.06331442024017464,-0.06878472858694133
2019-08-27,volume_ratio_5_20,1967,-0.03514125748283441,-0.08569363768022671
2019-08-28,volume_ratio_5_20,1968,-0.11215069796806594,-0.1445789391979991
2019-08-29,volume_ratio_5_20,1967,-0.06235681646668938,-0.0907379746897041
2019-08-30,volume_ratio_5_20,1967,-0.09465948658735593,-0.13545630081815735
2019-09-02,volume_ratio_5_20,1966,-0.0645583785420083,-0.07857356763740303
2019-09-03,volume_ratio_5_20,1965,-0.05070984839362782,-0.07988027342179059
2019-09-04,volume_ratio_5_20,1966,-0.03696224709465273,-0.02776818585761529
2019-09-05,volume_ratio_5_20,1965,-0.04599510411464496,-0.03090970791231252
2019-09-06,volume_ratio_5_20,1967,-0.08579416555280077,-0.10614060896487011
2019-09-09,volume_ratio_5_20,1965,-0.059421254308182146,-0.056842421209868946
2019-09-10,volume_ratio_5_20,1963,-0.04627339841234094,-0.020440891391608727
2019-09-11,volume_ratio_5_20,1966,-0.07810671277125703,-0.08027375997176872
2019-09-12,volume_ratio_5_20,1966,-0.06953456048895852,-0.07956981336993069
2019-09-16,volume_ratio_5_20,1965,-0.08392574392115958,-0.07431194573379349
2019-09-17,volume_ratio_5_20,1967,-0.08587970052064023,-0.08298793665150753
2019-09-18,volume_ratio_5_20,1964,-0.02936657443117886,0.015170337569798003
2019-09-19,volume_ratio_5_20,1964,0.000990278369432969,0.050903002221697406
2019-09-20,volume_ratio_5_20,1966,-0.0821221306114586,-0.028259852260976607
2019-09-23,volume_ratio_5_20,1963,-0.12215987799964202,-0.07504508822355829
2019-09-24,volume_ratio_5_20,1962,-0.17578663127177763,-0.1667288451755123
2019-09-25,volume_ratio_5_20,1961,-0.16609084313988967,-0.16268665816999675
2019-09-26,volume_ratio_5_20,1960,-0.15820426131268076,-0.1476117229434737
2019-09-27,volume_ratio_5_20,1960,-0.04834814090722075,-0.07140055244432736
2019-09-30,volume_ratio_5_20,1960,-0.0105458944045237,-0.00294188054753102
2019-10-08,volume_ratio_5_20,1957,0.024667587824699123,0.028224256183840273
2019-10-09,volume_ratio_5_20,1955,0.019797436488604707,0.020669685509260113
2019-10-10,volume_ratio_5_20,1956,0.033956481158853795,0.09236168851797993
2019-10-11,volume_ratio_5_20,1954,0.055572569020510026,0.12461898487964525
2019-10-14,volume_ratio_5_20,1956,-0.013539846994237078,0.011566019169423585
2019-10-15,volume_ratio_5_20,1956,-0.03637674221679279,-0.06166012240135005
2019-10-16,volume_ratio_5_20,1957,0.014919284649892957,-0.0040854856225135
2019-10-17,volume_ratio_5_20,1956,-0.07083271285961523,-0.05096828633798638
2019-10-18,volume_ratio_5_20,1955,-0.03381872651609456,-0.0922804405668971
2019-10-21,volume_ratio_5_20,1955,-0.007546584785974667,0.0012272334588912409
2019-10-22,volume_ratio_5_20,1953,0.0009730713675404763,0.0036045777794134607
2019-10-23,volume_ratio_5_20,1954,-0.00037460527324924487,-0.03217357642096152
2019-10-24,volume_ratio_5_20,1953,-0.005563553876133103,-0.04508965540700942
2019-10-25,volume_ratio_5_20,1953,0.01331644490923483,0.03707307122689394
2019-10-28,volume_ratio_5_20,1954,-0.06519876894998382,-0.042689477528971696
2019-10-29,volume_ratio_5_20,1949,-0.14778322286092743,-0.11722500774221535
2019-10-30,volume_ratio_5_20,1952,-0.05433650014570233,-0.08111958490008435
2019-10-31,volume_ratio_5_20,1954,-0.06591245157304165,-0.08451623035914514
2019-11-01,volume_ratio_5_20,1957,-0.06401821792838501,-0.07346928807737968
2019-11-04,volume_ratio_5_20,1957,-0.023166779956392942,-0.04064551987202827
2019-11-05,volume_ratio_5_20,1952,-0.029587414837580574,-0.050309472453188196
2019-11-06,volume_ratio_5_20,1957,-0.03636240214978305,-0.05880418364993029
2019-11-07,volume_ratio_5_20,1956,-0.030200011178323737,0.0016160074769136056
2019-11-08,volume_ratio_5_20,1957,-0.04091660152136657,-0.04849308620267566
2019-11-11,volume_ratio_5_20,1957,-0.07124567295532538,-0.08865975469985965
2019-11-12,volume_ratio_5_20,1952,-0.05206224967974543,-0.06833140809346662
2019-11-13,volume_ratio_5_20,1953,-0.08010759510604368,-0.0673725189360513
2019-11-14,volume_ratio_5_20,1953,-0.011141275009478618,-0.016622723783616053
2019-11-15,volume_ratio_5_20,1954,-0.00011292824200537928,0.044742602244304576
2019-11-18,volume_ratio_5_20,1953,-0.01590378518250811,0.03838440383224083
2019-11-19,volume_ratio_5_20,1953,-0.055671367847450214,0.022162557929513774
2019-11-20,volume_ratio_5_20,1951,-0.044893787719329795,0.003300831562098125
2019-11-21,volume_ratio_5_20,1951,-0.0729997844689393,-0.03588882618028609
2019-11-22,volume_ratio_5_20,1952,-0.05088857095608213,-0.06711536348207997
2019-11-25,volume_ratio_5_20,1951,-0.042168599762988604,-0.05968637629167015
2019-11-26,volume_ratio_5_20,1949,-0.11373878388740122,-0.1132058684546441
2019-11-27,volume_ratio_5_20,1951,-0.09385605136854634,-0.12663564978615324
2019-11-28,volume_ratio_5_20,1948,-0.07350988759792734,-0.12785106655177492
2019-11-29,volume_ratio_5_20,1949,-0.05000792920318639,-0.10426320348648987
2019-12-02,volume_ratio_5_20,1948,-0.002741473637164288,-0.12169378219260801
2019-12-03,volume_ratio_5_20,1947,-0.00345959225158411,-0.1000467284769418
2019-12-04,volume_ratio_5_20,1948,0.023950334603572904,-0.055186958484968046
2019-12-05,volume_ratio_5_20,1951,0.008647480517344675,-0.05932710329128227
2019-12-06,volume_ratio_5_20,1952,0.0737230960507871,0.04257454062525627
2019-12-09,volume_ratio_5_20,1951,0.03014214982295196,0.02645606783547536
2019-12-10,volume_ratio_5_20,1948,0.06628622615182503,0.06958565139501213
2019-12-11,volume_ratio_5_20,1947,-0.008293581890179915,-0.005409901294737185
2019-12-12,volume_ratio_5_20,1946,-0.0024378489623478996,-0.07209105840420063
2019-12-13,volume_ratio_5_20,1947,-0.11596258542251882,-0.13957973616105881
2019-12-16,volume_ratio_5_20,1948,-0.09962560928881273,-0.10460367094581224
2019-12-17,volume_ratio_5_20,1945,-0.07533498139307018,-0.06869569109385151
2019-12-18,volume_ratio_5_20,1948,0.006248962755565706,-0.015155775928630667
2019-12-19,volume_ratio_5_20,1948,-0.036526800710584874,-0.06023016525543699
2019-12-20,volume_ratio_5_20,1949,0.014771022130985828,0.02309116967792317
2019-12-23,volume_ratio_5_20,1949,0.0032823233136835273,-0.03107439856390598
2019-12-24,volume_ratio_5_20,1948,0.027666096938408456,-0.013808824248231965
2019-12-25,volume_ratio_5_20,1946,-0.01878655306080734,-0.052631903549954916
2019-12-26,volume_ratio_5_20,1944,0.005528093365341346,-0.0016313008255682809
2019-12-27,volume_ratio_5_20,1944,-0.016090651134482527,-0.06950791380568298
2019-12-30,volume_ratio_5_20,1942,-0.009761824372065044,-0.09746938618828314
2019-12-31,volume_ratio_5_20,1941,-0.04010192228884584,-0.17323859706999784
2020-01-02,volume_ratio_5_20,1941,-0.079269992560954,-0.17442957436222514
2020-01-03,volume_ratio_5_20,1943,-0.11294363096557707,-0.15437311008080506
2020-01-06,volume_ratio_5_20,1943,-0.04985283693548551,-0.04941258474788932
2020-01-07,volume_ratio_5_20,1943,-0.1251438340063442,-0.10841146872687557
2020-01-08,volume_ratio_5_20,1946,-0.09724953621434791,-0.10845466450774327
2020-01-09,volume_ratio_5_20,1946,-0.032769691972142655,-0.02209864650322682
2020-01-10,volume_ratio_5_20,1949,-0.07323999703764018,-0.06074979261932871
2020-01-13,volume_ratio_5_20,1953,-0.06616762702646063,-0.05495841023750696
2020-01-14,volume_ratio_5_20,1952,-0.013123917622456351,-0.01876730936234203
2020-01-15,volume_ratio_5_20,1951,-0.0122404030171746,-0.016319650959461026
2020-01-16,volume_ratio_5_20,1950,-0.03462079723587019,-0.008179306063527503
2020-01-17,volume_ratio_5_20,1950,0.0338102357596628,0.085551472288073
2020-01-20,volume_ratio_5_20,1951,0.14202347485866412,0.14875746965335054
2020-01-21,volume_ratio_5_20,1953,0.3247534334357665,0.26185439029661634
2020-01-22,volume_ratio_5_20,1953,0.3799875105893707,0.3598057682772163
2020-01-23,volume_ratio_5_20,1957,0.12294825666300005,0.17846367584978579
2020-02-03,volume_ratio_5_20,1958,-0.19418268125826332,-0.20299299107220925
2020-02-04,volume_ratio_5_20,1958,-0.34173629681419654,-0.3063495835647475
2020-02-05,volume_ratio_5_20,1960,-0.4267481631256495,-0.33401638040443127
2020-02-06,volume_ratio_5_20,1963,-0.37076263290504435,-0.30369083789557644
2020-02-07,volume_ratio_5_20,1964,-0.29428863190946875,-0.315657969804725
2020-02-10,volume_ratio_5_20,1963,-0.1648572830382684,-0.2274915695922123
2020-02-11,volume_ratio_5_20,1966,-0.23261428736500658,-0.288681953378541
2020-02-12,volume_ratio_5_20,1966,-0.2516893419842694,-0.30218854690070257
2020-02-13,volume_ratio_5_20,1966,-0.162495864222816,-0.18713135984447907
2020-02-14,volume_ratio_5_20,1966,-0.02372650835765429,-0.025946978465168257
2020-02-17,volume_ratio_5_20,1966,0.0722601749093685,0.05870291244474684
2020-02-18,volume_ratio_5_20,1968,0.09933862018476491,0.10969172502940452
2020-02-19,volume_ratio_5_20,1967,0.060072986371483034,0.03754610715441046
2020-02-20,volume_ratio_5_20,1970,-0.12191577334639164,-0.18421151748324766
2020-02-21,volume_ratio_5_20,1968,-0.14755228506366516,-0.1905021027496549
2020-02-24,volume_ratio_5_20,1969,-0.18938706282319312,-0.20426432297625424
2020-02-25,volume_ratio_5_20,1970,-0.159097114663409,-0.13559781803369425
2020-02-26,volume_ratio_5_20,1973,-0.06058369133741008,-0.04547306018653303
2020-02-27,volume_ratio_5_20,1971,0.061893285924271554,0.1154622514176032
2020-02-28,volume_ratio_5_20,1970,-0.047973542560941426,-0.07646215389461092
2020-03-02,volume_ratio_5_20,1970,0.030726398530699146,0.01824765357634148
2020-03-03,volume_ratio_5_20,1968,0.010418985026400006,-0.015474939599988784
2020-03-04,volume_ratio_5_20,1969,0.047191843099213954,0.05162084962996818
2020-03-05,volume_ratio_5_20,1967,0.07668296802961362,0.1250401693439729
2020-03-06,volume_ratio_5_20,1965,0.061337815720659744,0.101158912356806
2020-03-09,volume_ratio_5_20,1964,0.11239584509386938,0.15200680703909505
2020-03-10,volume_ratio_5_20,1964,0.05168351658555933,0.0800801600652639
2020-03-11,volume_ratio_5_20,1963,0.011367094466980535,-0.005782755878768409
2020-03-12,volume_ratio_5_20,1963,-0.0404098309722823,-0.03872477475299477
2020-03-13,volume_ratio_5_20,1963,-0.09590881210793137,-0.07985462642371903
2020-03-16,volume_ratio_5_20,1962,-0.1495231562536498,-0.10086503679495132
2020-03-17,volume_ratio_5_20,1963,-0.12359591680712494,-0.09333439418529593
2020-03-18,volume_ratio_5_20,1962,-0.0725463440610885,0.0031201614145496158
2020-03-19,volume_ratio_5_20,1962,-0.1199094988102236,-0.03004776369529198
2020-03-20,volume_ratio_5_20,1962,-0.08427155985066666,-0.010422985778954738
2020-03-23,volume_ratio_5_20,1960,-0.02816350056046662,0.025675597541648918
2020-03-24,volume_ratio_5_20,1960,-0.09694252559745246,-0.03473584647748483
2020-03-25,volume_ratio_5_20,1959,-0.08101419878389181,-0.0421207589919304
2020-03-26,volume_ratio_5_20,1960,-0.0008789708818068266,0.024880030135512467
2020-03-27,volume_ratio_5_20,1956,0.05922244071618679,0.03477661040767369
2020-03-30,volume_ratio_5_20,1956,0.009320389937870478,-0.0804367554512881
2020-03-31,volume_ratio_5_20,1957,-0.01594411117476698,-0.09613740219478016
2020-04-01,volume_ratio_5_20,1958,0.05087359073735901,-0.02512079098744176
2020-04-02,volume_ratio_5_20,1958,-0.0998755464929722,-0.1132134096854227
2020-04-03,volume_ratio_5_20,1955,-0.17414730868437528,-0.16105119253292308
2020-04-07,volume_ratio_5_20,1950,-0.1483930283666219,-0.038996496635619514
2020-04-08,volume_ratio_5_20,1952,-0.12202102132584823,-0.04743179680817852
2020-04-09,volume_ratio_5_20,1953,-0.12253036782769973,-0.0876108216584703
2020-04-10,volume_ratio_5_20,1951,-0.06737800821039348,-0.08662587512961213
2020-04-13,volume_ratio_5_20,1950,-0.04938592009020426,-0.09308319700592423
2020-04-14,volume_ratio_5_20,1947,-0.026967668817645292,-0.08077940385966736
2020-04-15,volume_ratio_5_20,1948,-0.014575648054052384,-0.057239010405288115
2020-04-16,volume_ratio_5_20,1948,0.0007759282582269216,-0.045465734760281894
2020-04-17,volume_ratio_5_20,1949,-0.09326575484807964,-0.12023354212991229
2020-04-20,volume_ratio_5_20,1937,-0.11298664198784873,-0.08729929551612259
2020-04-21,volume_ratio_5_20,1925,-0.12372941821367282,-0.06517608792414468
2020-04-22,volume_ratio_5_20,1920,-0.13014087505679203,-0.03856763756017366
2020-04-23,volume_ratio_5_20,1931,-0.11322292611942764,-0.0527972902846238
2020-04-24,volume_ratio_5_20,1935,-0.13939667548039064,-0.09627766983126264
2020-04-27,volume_ratio_5_20,1927,-0.12423046159930921,-0.09915758010019965
2020-04-28,volume_ratio_5_20,1909,-0.08704363866203586,-0.08688666234853208
2020-04-29,volume_ratio_5_20,1893,-0.02222691367117195,-0.045276833183268625
2020-04-30,volume_ratio_5_20,1889,0.007101646812347816,-0.03768570279652845
2020-05-06,volume_ratio_5_20,1890,0.0382145025159769,0.011660938110030349
2020-05-07,volume_ratio_5_20,1889,0.0466769443406463,0.021555237372016707
2020-05-08,volume_ratio_5_20,1887,0.018858436123288115,0.039610993872323065
2020-05-11,volume_ratio_5_20,1886,0.06423901426023176,0.06664444184744747
2020-05-12,volume_ratio_5_20,1887,0.0836530542331368,0.08638324146081264
2020-05-13,volume_ratio_5_20,1886,-0.010743054921168674,0.00917867821908275
2020-05-14,volume_ratio_5_20,1889,-0.026376996491065563,-0.021958503061917933
2020-05-15,volume_ratio_5_20,1888,-0.04740354528415236,-0.05642897213810986
2020-05-18,volume_ratio_5_20,1892,-0.05540680832194091,-0.08574996493082471
2020-05-19,volume_ratio_5_20,1889,-0.025844764751735326,-0.05641504338560718
2020-05-20,volume_ratio_5_20,1891,0.028881575133420646,0.033498515886825384
2020-05-21,volume_ratio_5_20,1893,0.03132504738799068,0.03089993165321644
2020-05-22,volume_ratio_5_20,1891,0.10754480626088112,0.12601721234678295
2020-05-25,volume_ratio_5_20,1894,0.07731300870383927,0.11052078662444494
2020-05-26,volume_ratio_5_20,1892,0.002454979488084105,0.012592982539866831
2020-05-27,volume_ratio_5_20,1893,-0.017070928899419385,0.0152817561627914
2020-05-28,volume_ratio_5_20,1892,-0.08888031950764538,-0.09602154062631538
2020-05-29,volume_ratio_5_20,1899,-0.10768425216218726,-0.06703591140323159
2020-06-01,volume_ratio_5_20,1916,-0.050697691138277656,-0.021152271645457407
2020-06-02,volume_ratio_5_20,1932,-0.03433828914628352,0.010663783283489582
2020-06-03,volume_ratio_5_20,1933,-0.07692712616631285,-0.019764461019695628
2020-06-04,volume_ratio_5_20,1933,-0.021711876930025648,-0.010425583701177424
2020-06-05,volume_ratio_5_20,1933,-0.030641536330409842,-0.024869606995036403
2020-06-08,volume_ratio_5_20,1932,-0.021970547187494742,-0.04591816750458098
2020-06-09,volume_ratio_5_20,1932,-0.00017331485736085626,-0.03269798350663441
2020-06-10,volume_ratio_5_20,1931,0.010707903719396526,-0.015212260750541969
2020-06-11,volume_ratio_5_20,1931,-0.00817270450841601,-0.029068050579209342
2020-06-12,volume_ratio_5_20,1927,-0.013667248800204297,-0.046218034508502724
2020-06-15,volume_ratio_5_20,1925,0.026563369773166055,0.02696414124983283
2020-06-16,volume_ratio_5_20,1924,-0.01777005966486335,-6.472781009826242e-05
2020-06-17,volume_ratio_5_20,1925,0.03760907541816856,0.06299100882040655
2020-06-18,volume_ratio_5_20,1922,0.045012137889603905,0.08132754931015462
2020-06-19,volume_ratio_5_20,1925,0.031606805036586694,0.07237379009191426
2020-06-22,volume_ratio_5_20,1923,0.036238967757655303,0.056541291947864336
2020-06-23,volume_ratio_5_20,1920,0.0722302767180876,0.019530352653399682
2020-06-24,volume_ratio_5_20,1921,0.14606654596634708,0.030155561565067296
2020-06-29,volume_ratio_5_20,1913,0.1458943031341245,0.048178360346529586
2020-06-30,volume_ratio_5_20,1916,0.07815640239058844,0.009664710822067784
2020-07-01,volume_ratio_5_20,1921,0.03511680524230036,-0.010914758685075122
2020-07-02,volume_ratio_5_20,1921,0.053290762611777884,0.008237882581929045
2020-07-03,volume_ratio_5_20,1920,-0.0868492403518163,-0.14497786529769519
2020-07-06,volume_ratio_5_20,1919,-0.06972573232335098,-0.06702953238377804
2020-07-07,volume_ratio_5_20,1922,-0.11599028734060167,-0.11607015691708805
2020-07-08,volume_ratio_5_20,1923,-0.0034833656086697214,0.01717269630780241
2020-07-09,volume_ratio_5_20,1926,0.0402475922524522,0.08266811737253674
2020-07-10,volume_ratio_5_20,1925,0.1805232720712427,0.2369028167234715
2020-07-13,volume_ratio_5_20,1925,0.04342214733969299,0.08688322877474984
2020-07-14,volume_ratio_5_20,1928,0.06645583641007588,0.1072447516937072
2020-07-15,volume_ratio_5_20,1929,0.019551957371236085,0.01649220288248791
2020-07-16,volume_ratio_5_20,1928,0.09409716551581367,0.08164116463204626
2020-07-17,volume_ratio_5_20,1926,0.08418685574159596,0.06668050093255583
2020-07-20,volume_ratio_5_20,1924,0.1437361826517968,0.11512759573856664
2020-07-21,volume_ratio_5_20,1925,0.12493739901048674,0.112282583080509
2020-07-22,volume_ratio_5_20,1927,0.03898183143957079,0.029156786480168357
2020-07-23,volume_ratio_5_20,1929,-0.009513006642377876,-0.020651079354408623
2017-02-07,corr_ret_volume_20,1803,0.018398596763101415,0.015480317565667444
2017-02-08,corr_ret_volume_20,1800,0.07895353709431407,0.07428776597230058
2017-02-09,corr_ret_volume_20,1800,0.042863852009084956,0.061698040997030426
2017-02-10,corr_ret_volume_20,1793,0.13463536708592005,0.14933140870713976
2017-02-13,corr_ret_volume_20,1793,0.023858748625244616,0.016234564887819682
2017-02-14,corr_ret_volume_20,1794,0.08041230858014556,0.047789518615271934
2017-02-15,corr_ret_volume_20,1796,-0.04542679334231944,-0.09276517493228686
2017-02-16,corr_ret_volume_20,1799,-0.1294844460348444,-0.175012362769536
2017-02-17,corr_ret_volume_20,1795,-0.20505045462739693,-0.27441811082528356
2017-02-20,corr_ret_volume_20,1791,-0.09611791666090451,-0.11651739232013363
2017-02-21,corr_ret_volume_20,1793,-0.07401338716352678,-0.10257260334340174
2017-02-22,corr_ret_volume_20,1796,-0.05845224424100267,-0.08722498327230756
2017-02-23,corr_ret_volume_20,1794,-0.014805642801351502,-0.011446249170526382
2017-02-24,corr_ret_volume_20,1793,-0.005463182179645561,-0.018822842582816003
2017-02-27,corr_ret_volume_20,1798,-0.041785437092594545,-0.05671647585709616
2017-02-28,corr_ret_volume_20,1799,-0.08062857900004212,-0.0937567165727001
2017-03-01,corr_ret_volume_20,1806,-0.07808205681405296,-0.08573486594036135
2017-03-02,corr_ret_volume_20,1807,-0.07655723270104049,-0.07071820127663904
2017-03-03,corr_ret_volume_20,1801,-0.0032779866198602526,0.0200514998607677
2017-03-06,corr_ret_volume_20,1802,0.016070046279132447,0.03868556405341229
2017-03-07,corr_ret_volume_20,1804,0.0650321708915217,0.08140784598160151
2017-03-08,corr_ret_volume_20,1804,0.03338873400504244,0.033791796461361864
2017-03-09,corr_ret_volume_20,1804,-0.014146394794138975,-0.056585858818305274
2017-03-10,corr_ret_volume_20,1795,-0.06994513284599292,-0.11628115309116747
2017-03-13,corr_ret_volume_20,1795,-0.04729798894366469,-0.04357332073404718
2017-03-14,corr_ret_volume_20,1798,-0.04468744539263117,-0.03317963036622778
2017-03-15,corr_ret_volume_20,1799,0.02421019778383499,0.02680703789768182
2017-03-16,corr_ret_volume_20,1801,0.04258126339436949,0.04421058090858492
2017-03-17,corr_ret_volume_20,1798,-0.005327172067403993,-0.001363601179087949
2017-03-20,corr_ret_volume_20,1797,-0.0655306570415557,-0.09753327122677784
2017-03-21,corr_ret_volume_20,1802,-0.1518204476930542,-0.18583553042037732
2017-03-22,corr_ret_volume_20,1801,-0.15821999359490496,-0.185039535461133
2017-03-23,corr_ret_volume_20,1803,-0.14182506465337705,-0.17055728446533966
2017-03-24,corr_ret_volume_20,1797,-0.08070117326379164,-0.08561527314726684
2017-03-27,corr_ret_volume_20,1794,-0.008686575116956157,-0.032269209322478586
2017-03-28,corr_ret_volume_20,1793,-0.031042285481012448,-0.06535995051143266
2017-03-29,corr_ret_volume_20,1790,-0.04633020020319077,-0.07227564009148651
2017-03-30,corr_ret_volume_20,1790,-0.043961617677260666,-0.07832763127384593
2017-03-31,corr_ret_volume_20,1797,-0.05930796943146369,-0.0906166055427351
2017-04-05,corr_ret_volume_20,1783,0.06369297485581638,0.02413424956563412
2017-04-06,corr_ret_volume_20,1774,0.037136635086008646,0.02810539659539684
2017-04-07,corr_ret_volume_20,1775,-0.04043187931752594,-0.020041991271816696
2017-04-10,corr_ret_volume_20,1777,0.016010712828137947,0.04194515496711049
2017-04-11,corr_ret_volume_20,1775,0.10422606964960587,0.12761959832366687
2017-04-12,corr_ret_volume_20,1758,0.05371495437840699,0.07885331905714604
2017-04-13,corr_ret_volume_20,1752,0.061847058082629185,0.08847168573179522
2017-04-14,corr_ret_volume_20,1749,0.018466672822137833,0.042617256008851724
2017-04-17,corr_ret_volume_20,1750,-0.014191645994159492,0.0011039667812707211
2017-04-18,corr_ret_volume_20,1753,0.0018786887957699594,0.012229489581297102
2017-04-19,corr_ret_volume_20,1743,-0.0785168369777877,-0.08643385667912859
2017-04-20,corr_ret_volume_20,1734,-0.08657328756080199,-0.0848455441689767
2017-04-21,corr_ret_volume_20,1730,-0.06601409732554082,-0.1040254118189491
2017-04-24,corr_ret_volume_20,1740,-0.09338199131435516,-0.13082953005187622
2017-04-25,corr_ret_volume_20,1736,-0.08414789661947539,-0.12127707501362013
2017-04-26,corr_ret_volume_20,1742,-0.06122943551290267,-0.07466980257725594
2017-04-27,corr_ret_volume_20,1739,-0.0603307510142777,-0.06036748282465448
2017-04-28,corr_ret_volume_20,1738,-0.09578907428490359,-0.09113591439313497
2017-05-02,corr_ret_volume_20,1738,-0.044325882185569085,-0.028981243080627838
2017-05-03,corr_ret_volume_20,1737,0.023543113119130054,0.040400378867908975
2017-05-04,corr_ret_volume_20,1729,0.042936068322742764,0.056037546546342715
2017-05-05,corr_ret_volume_20,1728,0.08531719686684651,0.11065989522356962
2017-05-08,corr_ret_volume_20,1725,0.08572067151485026,0.10400479815970154
2017-05-09,corr_ret_volume_20,1726,0.05446219643066958,0.06866550864843085
2017-05-10,corr_ret_volume_20,1727,-0.004525604248527016,-0.013830932358710413
2017-05-11,corr_ret_volume_20,1735,-0.03798513835422608,-0.060165698076391834
2017-05-12,corr_ret_volume_20,1738,-0.014943375208569077,-0.011558421890213673
2017-05-15,corr_ret_volume_20,1739,0.0420831118053807,0.07136948242665535
2017-05-16,corr_ret_volume_20,1750,0.07068698595362814,0.09059070341950608
2017-05-17,corr_ret_volume_20,1751,0.028339341570135696,0.03135971696069572
2017-05-18,corr_ret_volume_20,1750,0.01823949140036882,0.020357258054618733
2017-05-19,corr_ret_volume_20,1752,-0.038313915973313094,-0.03953993845638082
2017-05-22,corr_ret_volume_20,1751,-0.06264477825770735,-0.06319505832377163
2017-05-23,corr_ret_volume_20,1751,-0.09898945105956476,-0.09822984580533263
2017-05-24,corr_ret_volume_20,1752,-0.1086187885392209,-0.10658789651522785
2017-05-25,corr_ret_volume_20,1754,-0.1001173440145152,-0.09197256485478082
2017-05-26,corr_ret_volume_20,1760,-0.12525158552230498,-0.12933531580004132
2017-05-31,corr_ret_volume_20,1765,-0.13782739218376855,-0.14971254397196904
2017-06-01,corr_ret_volume_20,1768,-0.14832836834242458,-0.15349200056762605
2017-06-02,corr_ret_volume_20,1773,-0.03344911650252661,-0.059116497567558476
2017-06-05,corr_ret_volume_20,1773,-0.034000143842920855,-0.05965137336100447
2017-06-06,corr_ret_volume_20,1773,-0.05134497938610313,-0.0810907288228772
2017-06-07,corr_ret_volume_20,1767,-0.10227616689167723,-0.16067858215042358
2017-06-08,corr_ret_volume_20,1768,-0.13070685287272282,-0.19062797087436706
2017-06-09,corr_ret_volume_20,1764,-0.198899501201692,-0.23301187688616082
2017-06-12,corr_ret_volume_20,1765,-0.19620536082158452,-0.24255396416148164
2017-06-13,corr_ret_volume_20,1768,-0.18517239707025315,-0.21011263123104762
2017-06-14,corr_ret_volume_20,1763,-0.07419791264987134,-0.05280043152607647
2017-06-15,corr_ret_volume_20,1762,-0.039445178413737556,-0.018964415582959172
2017-06-16,corr_ret_volume_20,1764,0.001404452171876615,0.021853837738670372
2017-06-19,corr_ret_volume_20,1767,0.021840928378894172,0.03407222922595784
2017-06-20,corr_ret_volume_20,1767,0.04977504336545187,0.05106240708016879
2017-06-21,corr_ret_volume_20,1767,0.0039635527842995346,0.003328488998989192
2017-06-22,corr_ret_volume_20,1764,-0.057054401310121516,-0.047774894195766374
2017-06-23,corr_ret_volume_20,1765,-0.06684899794982657,-0.08290713388175658
2017-06-26,corr_ret_volume_20,1770,-0.033985141026420106,-0.061735315407612006
2017-06-27,corr_ret_volume_20,1769,-0.03988834527409883,-0.0748417451042577
2017-06-28,corr_ret_volume_20,1769,-0.0010980897981119986,-0.0430313200884536
2017-06-29,corr_ret_volume_20,1768,0.028934028325954292,-0.01636927042665491
2017-06-30,corr_ret_volume_20,1761,0.02094834565011031,-0.03163729002204587
2017-07-03,corr_ret_volume_20,1766,0.055826548230958194,0.028075314159341034
2017-07-04,corr_ret_volume_20,1761,0.05352548773107675,0.0402129421668652
2017-07-05,corr_ret_volume_20,1759,0.08910086645694111,0.08416288732710617
2017-07-06,corr_ret_volume_20,1762,0.06173196583123366,0.06784753204020562
2017-07-07,corr_ret_volume_20,1760,0.06114587826804808,0.08576032128720983
2017-07-10,corr_ret_volume_20,1756,0.127720109236939,0.14631174343630163
2017-07-11,corr_ret_volume_20,1758,0.09666797100881404,0.08790721300848561
2017-07-12,corr_ret_volume_20,1759,0.11094578100679718,0.11345537924997542
2017-07-13,corr_ret_volume_20,1766,0.19869056926721151,0.20306393252409727
2017-07-14,corr_ret_volume_20,1768,0.13573127645826139,0.12636326938607015
2017-07-17,corr_ret_volume_20,1767,0.05306347476361243,0.0322195274372066
2017-07-18,corr_ret_volume_20,1771,-0.019399876290248908,-0.07664980357625711
2017-07-19,corr_ret_volume_20,1774,-0.19987378682287166,-0.2581841484754764
2017-07-20,corr_ret_volume_20,1775,-0.1338730037187078,-0.21251325266757826
2017-07-21,corr_ret_volume_20,1775,0.018513646362064033,-0.04163688361933015
2017-07-24,corr_ret_volume_20,1774,-0.022344511681717454,-0.06155110691017548
2017-07-25,corr_ret_volume_20,1775,-0.07534483103542786,-0.10995518418182604
2017-07-26,corr_ret_volume_20,1776,0.10280548781230853,0.07797717447617783
2017-07-27,corr_ret_volume_20,1772,0.004375508004347456,-0.037666143327835085
2017-07-28,corr_ret_volume_20,1769,-0.050149414972467984,-0.11110748370908441
2017-07-31,corr_ret_volume_20,1769,0.014451425816278446,-0.0464433420918073
2017-08-01,corr_ret_volume_20,1772,-0.007618567536711176,-0.09442828345081873
2017-08-02,corr_ret_volume_20,1774,0.011821020969702306,-0.04455202535307017
2017-08-03,corr_ret_volume_20,1774,-0.11492101473023944,-0.159902968219799
2017-08-04,corr_ret_volume_20,1773,-0.17102997355958835,-0.20742690032147013
2017-08-07,corr_ret_volume_20,1771,-0.21081856050586434,-0.2469186042007017
2017-08-08,corr_ret_volume_20,1775,-0.2341559853628118,-0.25870872668237094
2017-08-09,corr_ret_volume_20,1773,-0.25566692218262194,-0.3117717945720016
2017-08-10,corr_ret_volume_20,1775,-0.17669654354082906,-0.2492754918434373
2017-08-11,corr_ret_volume_20,1780,-0.1650545278372093,-0.246727698132988
2017-08-14,corr_ret_volume_20,1779,-0.004314662644408904,-0.029976931519461746
2017-08-15,corr_ret_volume_20,1779,-0.05454584713069414,-0.08279743640443851
2017-08-16,corr_ret_volume_20,1775,-0.12938407817210956,-0.15075399733827238
2017-08-17,corr_ret_volume_20,1776,-0.10007542578150827,-0.11870160455217987
2017-08-18,corr_ret_volume_20,1779,-0.06668260413581145,-0.07272836266517815
2017-08-21,corr_ret_volume_20,1783,-0.0228733821830807,-0.02383458464737209
2017-08-22,corr_ret_volume_20,1782,-0.04215579177501618,-0.08184287706491122
2017-08-23,corr_ret_volume_20,1782,-0.003412371091681236,-0.036420787023073116
2017-08-24,corr_ret_volume_20,1791,0.024859471983055527,-0.02502737762305873
2017-08-25,corr_ret_volume_20,1790,0.060088848700682075,0.02144211211669609
2017-08-28,corr_ret_volume_20,1790,0.03722891263789527,0.02251486874161033
2017-08-29,corr_ret_volume_20,1795,0.04095073857143435,0.021719560884149725
2017-08-30,corr_ret_volume_20,1790,-0.010993318676054627,-0.024655116435940483
2017-08-31,corr_ret_volume_20,1787,-0.021515728040319603,-0.021819600427215924
2017-09-01,corr_ret_volume_20,1786,-0.05176573084816158,-0.07159645090903782
2017-09-04,corr_ret_volume_20,1787,-0.05614500411555739,-0.06729514537268391
2017-09-05,corr_ret_volume_20,1791,-0.06733577488762606,-0.10568339335477323
2017-09-06,corr_ret_volume_20,1787,-0.037202428656726065,-0.07628704555901732
2017-09-07,corr_ret_volume_20,1790,-0.029962629811965177,-0.04166938926687481
2017-09-08,corr_ret_volume_20,1786,-0.04952391067427416,-0.06052148823994312
2017-09-11,corr_ret_volume_20,1790,0.006474271103358564,-0.01728611998172465
2017-09-12,corr_ret_volume_20,1788,0.022812911049191215,-0.0029422850942686773
2017-09-13,corr_ret_volume_20,1787,-0.018761530274583327,-0.02906140703032358
2017-09-14,corr_ret_volume_20,1789,0.01390652868963854,-0.00863960288824697
2017-09-15,corr_ret_volume_20,1786,-0.04471300307200163,-0.03384119238577286
2017-09-18,corr_ret_volume_20,1788,-0.03041283819895186,-0.018267051563660368
2017-09-19,corr_ret_volume_20,1787,-0.04199029704597696,-0.027879082174833484
2017-09-20,corr_ret_volume_20,1786,-0.021647157842578015,-0.01904190907798752
2017-09-21,corr_ret_volume_20,1785,-0.009464230380783244,-0.0069530762256592455
2017-09-22,corr_ret_volume_20,1782,0.059690305205990696,0.0007801912321590824
2017-09-25,corr_ret_volume_20,1784,0.0392224720473354,0.015504588701418768
2017-09-26,corr_ret_volume_20,1783,0.01723731949280134,0.013656355877770754
2017-09-27,corr_ret_volume_20,1779,0.0032168921609386637,-0.006113007098606502
2017-09-28,corr_ret_volume_20,1781,-0.024588893826549316,-0.03941896253235412
2017-09-29,corr_ret_volume_20,1787,-0.10659672767647747,-0.10282165937644774
2017-10-09,corr_ret_volume_20,1787,-0.06436677859293391,-0.049897697121270804
2017-10-10,corr_ret_volume_20,1787,-0.02545822001060421,-0.02426571732564038
2017-10-11,corr_ret_volume_20,1784,0.0491166213860555,0.057407330304753736
2017-10-12,corr_ret_volume_20,1787,0.05704513222734084,0.05807577549592761
2017-10-13,corr_ret_volume_20,1783,0.10005563595148399,0.092091466738218
2017-10-16,corr_ret_volume_20,1789,0.031050859521046983,0.024626695497303668
2017-10-17,corr_ret_volume_20,1794,-0.0033277318642528286,-0.0069326894419276175
2017-10-18,corr_ret_volume_20,1792,-0.09219058092507437,-0.12191962449947624
2017-10-19,corr_ret_volume_20,1792,0.0029081151353108968,-0.004916302566757193
2017-10-20,corr_ret_volume_20,1796,0.029076106452724612,0.03679261213836607
2017-10-23,corr_ret_volume_20,1798,0.08924066840413926,0.09143923834327218
2017-10-24,corr_ret_volume_20,1801,0.055066272627471914,0.058737935062845935
2017-10-25,corr_ret_volume_20,1804,0.09466876212150901,0.10649768855730293
2017-10-26,corr_ret_volume_20,1810,0.09720795424890946,0.1019055318408194
2017-10-27,corr_ret_volume_20,1808,0.05829114639320949,0.0657103567072883
2017-10-30,corr_ret_volume_20,1810,0.06714645400728689,0.0708408237380355
2017-10-31,corr_ret_volume_20,1814,0.005737237728990058,-0.0027179805266680833
2017-11-01,corr_ret_volume_20,1815,0.008415482363180977,-0.01888519061367078
2017-11-02,corr_ret_volume_20,1816,0.017346617055820343,-0.01915572710402614
2017-11-03,corr_ret_volume_20,1817,0.027298071773441294,-0.029757186724205117
2017-11-06,corr_ret_volume_20,1822,-0.002257087877681479,-0.039766649693258944
2017-11-07,corr_ret_volume_20,1821,0.09226112343081834,0.08167291523969127
2017-11-08,corr_ret_volume_20,1819,0.09757942048886116,0.07716301804634261
2017-11-09,corr_ret_volume_20,1822,0.1359394384701035,0.15607401588727451
2017-11-10,corr_ret_volume_20,1813,0.16209952616149678,0.18062763544313046
2017-11-13,corr_ret_volume_20,1813,0.20110794092032197,0.21392342476563775
2017-11-14,corr_ret_volume_20,1808,0.1820283915820665,0.1869934905166372
2017-11-15,corr_ret_volume_20,1803,0.06880401300578985,0.07056845844664952
2017-11-16,corr_ret_volume_20,1800,-0.03598955873093053,-0.043849767074786244
2017-11-17,corr_ret_volume_20,1795,-0.1298361622552293,-0.11676826107237072
2017-11-20,corr_ret_volume_20,1793,-0.20659879256864802,-0.22144546152092118
2017-11-21,corr_ret_volume_20,1795,-0.2025194537143206,-0.2357166581347791
2017-11-22,corr_ret_volume_20,1794,-0.17465530848170843,-0.20801702827887134
2017-11-23,corr_ret_volume_20,1792,-0.1573283244107826,-0.20337279579170298
2017-11-24,corr_ret_volume_20,1795,0.014605683223415857,-0.025193644258367603
2017-11-27,corr_ret_volume_20,1795,0.0645502196915362,0.08299583271965787
2017-11-28,corr_ret_volume_20,1796,0.06787164803416829,0.08710031106310785
2017-11-29,corr_ret_volume_20,1791,0.03622642299566097,0.06551450976835882
2017-11-30,corr_ret_volume_20,1790,0.0689326849942114,0.10172126345833733
2017-12-01,corr_ret_volume_20,1787,-0.0070089511966974025,0.010686790759450424
2017-12-04,corr_ret_volume_20,1789,-0.11169225879381092,-0.1476303256136261
2017-12-05,corr_ret_volume_20,1790,-0.1554730441355899,-0.18691671548297742
2017-12-06,corr_ret_volume_20,1791,-0.14178283729715238,-0.16593934932529708
2017-12-07,corr_ret_volume_20,1792,-0.17603592033979854,-0.20461985672889899
2017-12-08,corr_ret_volume_20,1782,-0.12096570690588798,-0.12343730162373455
2017-12-11,corr_ret_volume_20,1781,-0.10374545641590456,-0.1316756724523128
2017-12-12,corr_ret_volume_20,1781,-0.04361292321924837,-0.04604241676016666
2017-12-13,corr_ret_volume_20,1777,0.003838742212888956,0.012503161651871564
2017-12-14,corr_ret_volume_20,1778,0.03598608147028716,0.05215631114939389
2017-12-15,corr_ret_volume_20,1776,0.049903226147803,0.05863738593854549
2017-12-18,corr_ret_volume_20,1773,0.022363199616547362,0.018072410188209504
2017-12-19,corr_ret_volume_20,1772,0.0001981215468738831,-0.0040845579777556
2017-12-20,corr_ret_volume_20,1768,0.0060900791016605445,-0.00793518693752972
2017-12-21,corr_ret_volume_20,1769,-0.020831852780084256,-0.04056882536739563
2017-12-22,corr_ret_volume_20,1766,-0.06346662520364568,-0.09266275247438653
2017-12-25,corr_ret_volume_20,1772,-0.0997789418180587,-0.14934377321193407
2017-12-26,corr_ret_volume_20,1771,-0.08245807013835797,-0.13654889942823342
2017-12-27,corr_ret_volume_20,1773,-0.16100013315236536,-0.18831844689258412
2017-12-28,corr_ret_volume_20,1773,-0.07999947784489031,-0.08682978640241854
2017-12-29,corr_ret_volume_20,1775,-0.0911743082475879,-0.11720662402438234
2018-01-02,corr_ret_volume_20,1773,0.0948221039742786,0.09292959392972967
2018-01-03,corr_ret_volume_20,1775,0.01480835667832119,-0.02521356579603147
2018-01-04,corr_ret_volume_20,1778,0.015582234766647494,0.011527323335823635
2018-01-05,corr_ret_volume_20,1779,0.014848132179309768,0.011466944476284975
2018-01-08,corr_ret_volume_20,1782,0.10395970518932851,0.09773379014405947
2018-01-09,corr_ret_volume_20,1776,0.020888779580612943,0.023238065937578597
2018-01-10,corr_ret_volume_20,1771,0.05821273749444739,0.08700260312103947
2018-01-11,corr_ret_volume_20,1769,-0.0005976180309233821,0.007725771642631001
2018-01-12,corr_ret_volume_20,1771,-0.013063636857803434,0.00630457570498321
2018-01-15,corr_ret_volume_20,1775,-0.07464709396367265,-0.07723745411533756
2018-01-16,corr_ret_volume_20,1776,-0.03084828753267563,-0.060417859280392755
2018-01-17,corr_ret_volume_20,1775,-0.07635224353827398,-0.0922052698891958
2018-01-18,corr_ret_volume_20,1783,-0.015794254062524122,-0.009513247395498754
2018-01-19,corr_ret_volume_20,1783,0.026838205434408027,0.02369060663794788
2018-01-22,corr_ret_volume_20,1785,-0.02739541989657007,-0.03767019065135872
2018-01-23,corr_ret_volume_20,1784,0.05155697678312785,0.048541248894334955
2018-01-24,corr_ret_volume_20,1782,0.1235737990768203,0.14570636170718845
2018-01-25,corr_ret_volume_20,1758,0.11335166471689097,0.13041853012109533
2018-01-26,corr_ret_volume_20,1730,0.1080208455166338,0.12631023218809495
2018-01-29,corr_ret_volume_20,1720,0.1019145378234566,0.11735608697922996
2018-01-30,corr_ret_volume_20,1717,0.05124406570166895,0.07164378699763405
2018-01-31,corr_ret_volume_20,1716,-0.037586387957594995,-0.024887504511649592
2018-02-01,corr_ret_volume_20,1716,-0.20420784210978288,-0.21043873984748146
2018-02-02,corr_ret_volume_20,1717,-0.2742378176780061,-0.2813553582167108
2018-02-05,corr_ret_volume_20,1717,-0.2921034354319447,-0.31071278652667894
2018-02-06,corr_ret_volume_20,1719,-0.28420622273731816,-0.30162020789450317
2018-02-07,corr_ret_volume_20,1722,-0.21159626472288112,-0.2330144806968573
2018-02-08,corr_ret_volume_20,1721,-0.06426870776709599,-0.07420251947723967
2018-02-09,corr_ret_volume_20,1722,-0.04134582189912759,-0.03516476848723104
2018-02-12,corr_ret_volume_20,1726,-0.0432377486810111,-0.06054140594102745
2018-02-13,corr_ret_volume_20,1726,0.04509645829582847,0.038657001437191474
2018-02-14,corr_ret_volume_20,1726,0.026237624740968066,0.004221108197994774
2018-02-22,corr_ret_volume_20,1730,0.01380886985327886,-0.006499638669249649
2018-02-23,corr_ret_volume_20,1732,0.0028612273471473287,-0.00948234965551896
2018-02-26,corr_ret_volume_20,1731,-0.026554672404276218,-0.0495565044643884
2018-02-27,corr_ret_volume_20,1729,-0.038093399433889445,-0.06158836177204172
2018-02-28,corr_ret_volume_20,1728,-0.12426335136851535,-0.16855408297174207
2018-03-01,corr_ret_volume_20,1729,0.009461548976299586,-0.005453068184035584
2018-03-02,corr_ret_volume_20,1727,0.006684078586191277,-0.02749475660333537
2018-03-05,corr_ret_volume_20,1725,0.030181320183127292,0.026160612244220678
2018-03-06,corr_ret_volume_20,1727,0.0037410856395607675,-0.004579144157865368
2018-03-07,corr_ret_volume_20,1731,0.06362341004939702,0.050973040027995346
2018-03-08,corr_ret_volume_20,1736,-0.0320290859713801,-0.09446628139612309
2018-03-09,corr_ret_volume_20,1733,-0.012212027980617223,-0.04176551822363417
2018-03-12,corr_ret_volume_20,1727,0.0039454421055582865,-0.013750507603356162
2018-03-13,corr_ret_volume_20,1727,0.06449139385989387,0.02070033877544579
2018-03-14,corr_ret_volume_20,1727,0.05606401123381341,0.01727570148036544
2018-03-15,corr_ret_volume_20,1728,-0.044535707153971274,-0.08507499090940647
2018-03-16,corr_ret_volume_20,1730,0.016374335173246962,0.02770290751064035
2018-03-19,corr_ret_volume_20,1731,0.053936106925068755,0.0706478919138209
2018-03-20,corr_ret_volume_20,1733,0.07678764817096491,0.08112515333295127
2018-03-21,corr_ret_volume_20,1740,0.040070656655961275,0.04722014172090088
2018-03-22,corr_ret_volume_20,1749,0.048724151024445314,0.03341126029924295
2018-03-23,corr_ret_volume_20,1753,0.02309561498338912,0.0053802750667381865
2018-03-26,corr_ret_volume_20,1762,0.027088858552529325,0.01909704839671547
2018-03-27,corr_ret_volume_20,1764,0.043392741847811674,0.03937624652910182
2018-03-28,corr_ret_volume_20,1756,0.11070485823110801,0.10860017877728043
2018-03-29,corr_ret_volume_20,1760,-0.08415520850435754,-0.10267944181804779
2018-03-30,corr_ret_volume_20,1761,-0.12296015731498479,-0.15100798107524846
2018-04-02,corr_ret_volume_20,1763,-0.12140048797288065,-0.16773591547434388
2018-04-03,corr_ret_volume_20,1766,-0.09498675539426571,-0.1401842705562156
2018-04-04,corr_ret_volume_20,1764,0.00827023250800827,-0.013812268078736456
2018-04-09,corr_ret_volume_20,1760,0.10420615025691164,0.08529910929966586
2018-04-10,corr_ret_volume_20,1756,0.11122244854157079,0.07343325278569926
2018-04-11,corr_ret_volume_20,1759,0.07089075141414314,0.039536446090172934
2018-04-12,corr_ret_volume_20,1758,0.09829991329620603,0.06837710003730736
2018-04-13,corr_ret_volume_20,1759,-0.07771742386855719,-0.10434961589057001
2018-04-16,corr_ret_volume_20,1762,0.008952506125743439,-0.026305718876923557
2018-04-17,corr_ret_volume_20,1762,-0.02412148224885783,-0.07128816216767193
2018-04-18,corr_ret_volume_20,1761,0.04616790111148262,0.03373188475651319
2018-04-19,corr_ret_volume_20,1763,-0.03575669393198032,-0.03586612597592706
2018-04-20,corr_ret_volume_20,1756,0.05612522601627826,0.03158566685167819
2018-04-23,corr_ret_volume_20,1762,0.028554259599728026,-0.0055808529346635305
2018-04-24,corr_ret_volume_20,1760,-0.008409219630396933,-0.012978005147576962
2018-04-25,corr_ret_volume_20,1760,-0.03909772243516747,-0.05170976970742738
2018-04-26,corr_ret_volume_20,1756,-0.04583207466310003,-0.05835201859720877
2018-04-27,corr_ret_volume_20,1752,-0.054293492231631726,-0.08830700449237805
2018-05-02,corr_ret_volume_20,1756,-0.026837175385516557,-0.06539278679011398
2018-05-03,corr_ret_volume_20,1760,-0.04502345712313622,-0.1061011213580588
2018-05-04,corr_ret_volume_20,1761,-0.04881987956853771,-0.05812435037712187
2018-05-07,corr_ret_volume_20,1763,0.003053886027607883,-0.0019616298625358313
2018-05-08,corr_ret_volume_20,1766,-0.020367706812854953,-0.012627967143076369
2018-05-09,corr_ret_volume_20,1765,-0.019581990635992072,-0.006481166227270375
2018-05-10,corr_ret_volume_20,1769,0.0007062250112880966,0.002244090755693157
2018-05-11,corr_ret_volume_20,1763,-0.06959826681918704,-0.07516725373883451
2018-05-14,corr_ret_volume_20,1765,-0.06675632903771649,-0.09036187607265225
2018-05-15,corr_ret_volume_20,1769,-0.04814988193214633,-0.05222475750468693
2018-05-16,corr_ret_volume_20,1767,-0.09169762715832866,-0.09724211701306121
2018-05-17,corr_ret_volume_20,1769,-0.057075737329805705,-0.07202636764606354
2018-05-18,corr_ret_volume_20,1770,0.0906868064573947,0.0688333083088564
2018-05-21,corr_ret_volume_20,1767,0.10068874267051452,0.11286015903416367
2018-05-22,corr_ret_volume_20,1763,0.09965759148212881,0.14847275683101396
2018-05-23,corr_ret_volume_20,1761,0.11958696439905565,0.1520507954849495
2018-05-24,corr_ret_volume_20,1756,0.12043512307231842,0.13781950621181052
2018-05-25,corr_ret_volume_20,1760,0.05221014907698077,0.06334818674569082
2018-05-28,corr_ret_volume_20,1757,0.0686235093280087,0.051337275438903374
2018-05-29,corr_ret_volume_20,1761,0.06755321800520342,0.04994076652645949
2018-05-30,corr_ret_volume_20,1771,-0.004065117036807244,-0.004953097064482112
2018-05-31,corr_ret_volume_20,1777,0.052805658660743084,0.039724322503272715
2018-06-01,corr_ret_volume_20,1779,0.04425961974090769,0.014282989493009188
2018-06-04,corr_ret_volume_20,1786,0.025924595829815537,0.0292400790583197
2018-06-05,corr_ret_volume_20,1782,0.04779180296683993,0.05179669010008248
2018-06-06,corr_ret_volume_20,1781,0.026333597965740273,0.0285904565544996
2018-06-07,corr_ret_volume_20,1780,-0.015780314816021504,-0.005773827665255972
2018-06-08,corr_ret_volume_20,1770,0.05126393254351868,0.04604004814939357
2018-06-11,corr_ret_volume_20,1775,0.03160311611991248,0.04002078839165477
2018-06-12,corr_ret_volume_20,1775,0.01835993872601472,0.035607013792469305
2018-06-13,corr_ret_volume_20,1778,-0.013858592990152449,0.010431796051092583
2018-06-14,corr_ret_volume_20,1779,-0.0068212166111203225,0.01004432085055391
2018-06-15,corr_ret_volume_20,1782,-0.13352013046003125,-0.13383279118247274
2018-06-19,corr_ret_volume_20,1783,-0.18120814876240524,-0.22088245674603305
2018-06-20,corr_ret_volume_20,1785,-0.21945882724573054,-0.24175342351233045
2018-06-21,corr_ret_volume_20,1787,-0.2254887857285917,-0.2655508830520393
2018-06-22,corr_ret_volume_20,1790,-0.205818598288477,-0.22971920259734216
2018-06-25,corr_ret_volume_20,1792,-0.20258999304917377,-0.2410291569370801
2018-06-26,corr_ret_volume_20,1797,-0.12115618081369445,-0.14438494703203528
2018-06-27,corr_ret_volume_20,1798,-0.022871090483358558,-0.03370491841962641
2018-06-28,corr_ret_volume_20,1797,-0.09274214005030348,-0.11404240767122305
2018-06-29,corr_ret_volume_20,1799,-0.08195864269880859,-0.07243099030168719
2018-07-02,corr_ret_volume_20,1800,-0.036750046077226824,-0.015490875008489691
2018-07-03,corr_ret_volume_20,1806,0.05529596762681692,0.06070237052005587
2018-07-04,corr_ret_volume_20,1811,0.013447688375003986,-0.010432647984907395
2018-07-05,corr_ret_volume_20,1813,-0.016841458206738658,-0.04989968839242198
2018-07-06,corr_ret_volume_20,1817,-0.01335828832601673,-0.03459661064762775
2018-07-09,corr_ret_volume_20,1819,0.0339725255159717,-0.011030631180781748
2018-07-10,corr_ret_volume_20,1825,-0.051516525284494526,-0.10975772387158385
2018-07-11,corr_ret_volume_20,1828,-0.08596151859921553,-0.11118620440747426
2018-07-12,corr_ret_volume_20,1832,-0.011138875580225588,-0.049585549338212485
2018-07-13,corr_ret_volume_20,1837,-0.05788376958912537,-0.10675870790545279
2018-07-16,corr_ret_volume_20,1839,-0.1633483592564846,-0.23329810737084836
2018-07-17,corr_ret_volume_20,1842,-0.05874006006942901,-0.09809532882263816
2018-07-18,corr_ret_volume_20,1846,-0.128773760827122,-0.16840222169131006
2018-07-19,corr_ret_volume_20,1845,-0.107304453904402,-0.12767746772477326
2018-07-20,corr_ret_volume_20,1846,-0.13027609227150927,-0.15759268074617863
2018-07-23,corr_ret_volume_20,1849,-0.035467723831270226,-0.04529775520548255
2018-07-24,corr_ret_volume_20,1854,0.056455800809395426,0.07766355604649955
2018-07-25,corr_ret_volume_20,1856,0.10918597696739957,0.12595768469028024
2018-07-26,corr_ret_volume_20,1861,0.1120043639443244,0.13112957618525786
2018-07-27,corr_ret_volume_20,1864,0.10785107373272519,0.1126803756522307
2018-07-30,corr_ret_volume_20,1875,0.14147107419310345,0.16614922495404685
2018-07-31,corr_ret_volume_20,1882,0.16607334438671473,0.19804870954294607
2018-08-01,corr_ret_volume_20,1882,0.09351256578010403,0.129731058299395
2018-08-02,corr_ret_volume_20,1883,0.02535507666771777,0.047125124634010154
2018-08-03,corr_ret_volume_20,1882,-0.0268382507510221,-0.05032423507076273
2018-08-06,corr_ret_volume_20,1890,-0.07189169812891513,-0.08793042809914704
2018-08-07,corr_ret_volume_20,1891,-0.11911869232400558,-0.1559323000612392
2018-08-08,corr_ret_volume_20,1890,-0.06163710697400593,-0.09113196100214914
2018-08-09,corr_ret_volume_20,1889,0.03679166275230111,0.03180379960763435
2018-08-10,corr_ret_volume_20,1886,0.10694274485537736,0.10492543761669308
2018-08-13,corr_ret_volume_20,1892,0.07609300123764547,0.07646668360019346
2018-08-14,corr_ret_volume_20,1893,0.06207570417841775,0.06744536409290182
2018-08-15,corr_ret_volume_20,1893,0.03544509257225208,0.036575967859583385
2018-08-16,corr_ret_volume_20,1894,-0.017370523869614827,-0.006623663178542229
2018-08-17,corr_ret_volume_20,1898,-0.11442479259940483,-0.11635660021116737
2018-08-20,corr_ret_volume_20,1897,-0.08936267393825936,-0.11321531463374165
2018-08-21,corr_ret_volume_20,1897,-0.08193597813307861,-0.10558215904030022
2018-08-22,corr_ret_volume_20,1895,-0.0905493478158468,-0.09959914200239446
2018-08-23,corr_ret_volume_20,1894,-0.028091134906886434,-0.04379076560234808
2018-08-24,corr_ret_volume_20,1895,-0.0008930267740988957,-0.012082013633912527
2018-08-27,corr_ret_volume_20,1897,0.01972319906525923,0.004500319227560923
2018-08-28,corr_ret_volume_20,1899,-0.053567171900006566,-0.06065927234726153
2018-08-29,corr_ret_volume_20,1900,0.05832107276815668,0.051233325289558235
2018-08-30,corr_ret_volume_20,1901,-0.01239471841113195,-0.002777459350717843
2018-08-31,corr_ret_volume_20,1899,-0.032841506451468994,-0.019915370831953928
2018-09-03,corr_ret_volume_20,1901,-0.018506129489639526,-0.029131101803828156
2018-09-04,corr_ret_volume_20,1903,0.009818600976544953,0.009485795032071124
2018-09-05,corr_ret_volume_20,1901,-0.04418009221650983,-0.05989068523576243
2018-09-06,corr_ret_volume_20,1901,-0.06224966044079604,-0.05952829030545932
2018-09-07,corr_ret_volume_20,1899,-0.006260781112762283,-0.0064440151289173984
2018-09-10,corr_ret_volume_20,1901,-0.02630986184791831,-0.03175842004027832
2018-09-11,corr_ret_volume_20,1901,-0.029331450582597122,-0.03999798268459603
2018-09-12,corr_ret_volume_20,1904,-0.08388585021172786,-0.07912502187177174
2018-09-13,corr_ret_volume_20,1905,-0.04402349541170246,-0.05972398469479357
2018-09-14,corr_ret_volume_20,1908,-0.10070347689939411,-0.11948994530223199
2018-09-17,corr_ret_volume_20,1910,-0.08661489686986526,-0.10741092481544917
2018-09-18,corr_ret_volume_20,1909,-0.04290897717060134,-0.037130341587854256
2018-09-19,corr_ret_volume_20,1910,-0.038889405057925035,-0.04552089513116339
2018-09-20,corr_ret_volume_20,1908,0.02474249827708885,0.010160875930032344
2018-09-21,corr_ret_volume_20,1911,0.08745211453089492,0.07504837049814377
2018-09-25,corr_ret_volume_20,1913,0.08819031818200077,0.08015225573776769
2018-09-26,corr_ret_volume_20,1909,0.05698256692453242,0.061552283788211766
2018-09-27,corr_ret_volume_20,1911,0.07103387481397345,0.08146997069929068
2018-09-28,corr_ret_volume_20,1910,0.061013588265116415,0.07995388720441024
2018-10-08,corr_ret_volume_20,1912,0.05523895896002033,0.060979296357755355
2018-10-09,corr_ret_volume_20,1912,0.02500776230952618,0.03628435524845056
2018-10-10,corr_ret_volume_20,1909,-0.07465452910420084,-0.060590767915674644
2018-10-11,corr_ret_volume_20,1905,-0.12385375014843474,-0.09506771385285644
2018-10-12,corr_ret_volume_20,1903,-0.16862873561152636,-0.1513823508936465
2018-10-15,corr_ret_volume_20,1904,-0.14261754553398842,-0.15825166209746672
2018-10-16,corr_ret_volume_20,1905,-0.11393800714699405,-0.12643522443182245
2018-10-17,corr_ret_volume_20,1903,-0.07577756868380313,-0.08016766585152944
2018-10-18,corr_ret_volume_20,1901,-0.13780199631335666,-0.1514658604050489
2018-10-19,corr_ret_volume_20,1904,-0.1459890852697901,-0.1716158806980875
2018-10-22,corr_ret_volume_20,1904,-0.12899702609763553,-0.17385613777501305
2018-10-23,corr_ret_volume_20,1901,-0.10037683654695831,-0.15058826554606033
2018-10-24,corr_ret_volume_20,1900,-0.09651592186866982,-0.13877584383221703
2018-10-25,corr_ret_volume_20,1900,-0.009777370373227253,-0.02462290302642918
2018-10-26,corr_ret_volume_20,1903,-0.013447413269405368,-0.0469812149662817
2018-10-29,corr_ret_volume_20,1902,-0.0751832805424273,-0.10910805042958473
2018-10-30,corr_ret_volume_20,1905,-0.05856410279441127,-0.10920544064564422
2018-10-31,corr_ret_volume_20,1905,-0.07301816112219692,-0.12295890860318479
2018-11-01,corr_ret_volume_20,1905,-0.055303646229617434,-0.10514672622293898
2018-11-02,corr_ret_volume_20,1905,-0.04712008139615493,-0.0993452299641104
2018-11-05,corr_ret_volume_20,1906,0.003975961272116851,-0.08547353088246701
2018-11-06,corr_ret_volume_20,1912,0.0014470963201503352,-0.06623056631821639
2018-11-07,corr_ret_volume_20,1913,0.0019199853156261718,-0.016342789288839102
2018-11-08,corr_ret_volume_20,1914,-0.0014012267287855152,-0.009148263371744014
2018-11-09,corr_ret_volume_20,1915,-0.02389382309767009,-0.012700061694097277
2018-11-12,corr_ret_volume_20,1913,-0.06075160283426967,-0.06528680882003665
2018-11-13,corr_ret_volume_20,1915,-0.07486532185306685,-0.05828442031282377
2018-11-14,corr_ret_volume_20,1917,-0.11369787449937824,-0.06360205860771294
2018-11-15,corr_ret_volume_20,1917,-0.06393568699558502,-0.030752652018152412
2018-11-16,corr_ret_volume_20,1916,0.01444691546506642,0.034798655975819125
2018-11-19,corr_ret_volume_20,1914,0.03622612574179149,0.05480303680133068
2018-11-20,corr_ret_volume_20,1913,0.07957784121991326,0.07312985734697058
2018-11-21,corr_ret_volume_20,1912,0.0894661099451436,0.07051262339536883
2018-11-22,corr_ret_volume_20,1914,0.0732766989023049,0.052519783212597614
2018-11-23,corr_ret_volume_20,1914,0.03075755582406369,0.02840267338840172
2018-11-26,corr_ret_volume_20,1917,0.06066842866796185,0.049536724266450984
2018-11-27,corr_ret_volume_20,1919,0.0548099931731928,0.027373191432173514
2018-11-28,corr_ret_volume_20,1920,0.028258007760990432,-0.026367501602604714
2018-11-29,corr_ret_volume_20,1924,0.045127360299844925,-0.0011966275849611412
2018-11-30,corr_ret_volume_20,1924,0.042313439824544906,0.0020894246939130224
2018-12-03,corr_ret_volume_20,1927,0.09064112705024986,0.038528692608516414
2018-12-04,corr_ret_volume_20,1926,0.042752647875002686,0.013490004234959899
2018-12-05,corr_ret_volume_20,1928,0.0788117591325898,0.07534224152953986
2018-12-06,corr_ret_volume_20,1932,0.05780716337330496,0.07817858728226904
2018-12-07,corr_ret_volume_20,1932,0.0733148116100374,0.0807672583300128
2018-12-10,corr_ret_volume_20,1937,0.02638628422647924,0.03245625048021662
2018-12-11,corr_ret_volume_20,1940,-0.001169138278246883,-0.01198567772465342
2018-12-12,corr_ret_volume_20,1943,-0.05097757927200949,-0.07228004557683125
2018-12-13,corr_ret_volume_20,1947,-0.09792941529052637,-0.12753730679030179
2018-12-14,corr_ret_volume_20,1947,-0.1319068264384545,-0.1391606639600017
2018-12-17,corr_ret_volume_20,1945,-0.037215591144566386,-0.041497993294969206
2018-12-18,corr_ret_volume_20,1944,-0.06600373406175909,-0.06783396472337279
2018-12-19,corr_ret_volume_20,1947,0.01354327588437444,0.028407900672210294
2018-12-20,corr_ret_volume_20,1951,0.01319493000616704,0.02988829989203529
2018-12-21,corr_ret_volume_20,1954,0.013302096044601124,0.005356789801393306
2018-12-24,corr_ret_volume_20,1954,0.023599320778900763,-0.019395740553535205
2018-12-25,corr_ret_volume_20,1955,0.01855323827747144,-0.029251924073503507
2018-12-26,corr_ret_volume_20,1957,-0.0149438542651836,-0.06297531997858766
2018-12-27,corr_ret_volume_20,1958,0.039977798850179505,-0.00627234463457547
2018-12-28,corr_ret_volume_20,1959,0.0036455827751403188,-0.04410928682520991
2019-01-02,corr_ret_volume_20,1960,0.02188386570021738,-0.025077963713564147
2019-01-03,corr_ret_volume_20,1963,-0.003387808530253997,-0.050651935339104934
2019-01-04,corr_ret_volume_20,1964,-0.04352146830906636,-0.10739444393706123
2019-01-07,corr_ret_volume_20,1967,-0.019525074102235196,-0.0593507031909711
2019-01-08,corr_ret_volume_20,1966,-0.0522394983711066,-0.08510580345253715
2019-01-09,corr_ret_volume_20,1970,-0.04360764306193315,-0.0674150719581417
2019-01-10,corr_ret_volume_20,1969,-0.08208522565288842,-0.0970896163513512
2019-01-11,corr_ret_volume_20,1968,-0.09734421072902508,-0.12742976886613477
2019-01-14,corr_ret_volume_20,1968,-0.07592142159755229,-0.10727187481210777
2019-01-15,corr_ret_volume_20,1966,0.004878679610100616,-0.031134871078146643
2019-01-16,corr_ret_volume_20,1968,-0.00047724936935599285,-0.0025928657048773836
2019-01-17,corr_ret_volume_20,1966,0.014282436516765432,0.007527218881141223
2019-01-18,corr_ret_volume_20,1967,0.051008635795204794,0.06946340891757077
2019-01-21,corr_ret_volume_20,1968,0.06790256776357693,0.10386771615053626
2019-01-22,corr_ret_volume_20,1967,0.0604501941679829,0.10475035415768272
2019-01-23,corr_ret_volume_20,1967,0.06682084479941129,0.1038084117418184
2019-01-24,corr_ret_volume_20,1964,0.020992893802069895,0.06339312846758524
2019-01-25,corr_ret_volume_20,1967,0.031470687932023955,0.08012691421333205
2019-01-28,corr_ret_volume_20,1968,-0.0297572062113016,-0.020149549058910875
2019-01-29,corr_ret_volume_20,1972,-0.022439181286304684,-0.03608803504896131
2019-01-30,corr_ret_volume_20,1976,-0.063765405604381,-0.09318339995128877
2019-01-31,corr_ret_volume_20,1973,-0.11322866518049894,-0.1684731162219022
2019-02-01,corr_ret_volume_20,1975,-0.11456922526412171,-0.2064133265310253
2019-02-11,corr_ret_volume_20,1975,-0.12211189953002047,-0.21882240365521488
2019-02-12,corr_ret_volume_20,1970,-0.11904107962953595,-0.2268364614652777
2019-02-13,corr_ret_volume_20,1972,-0.11620033429008823,-0.21299708204114431
2019-02-14,corr_ret_volume_20,1972,-0.05159067469633622,-0.13681949955023395
2019-02-15,corr_ret_volume_20,1970,-0.04315219584822078,-0.12341590372259299
2019-02-18,corr_ret_volume_20,1970,0.0009424063134858842,-0.048876764215463116
2019-02-19,corr_ret_volume_20,1966,-0.006136696637425681,-0.06696806371206199
2019-02-20,corr_ret_volume_20,1966,-0.05420102542917099,-0.07723500493064275
2019-02-21,corr_ret_volume_20,1969,-0.05679527917027825,-0.08879843161010331
2019-02-22,corr_ret_volume_20,1967,-0.1012296472555257,-0.16331876524248962
2019-02-25,corr_ret_volume_20,1966,-0.0778882149424165,-0.13276865689923342
2019-02-26,corr_ret_volume_20,1962,-0.09812562313920149,-0.13705214801760673
2019-02-27,corr_ret_volume_20,1964,-0.07819400706070734,-0.11865778353282476
2019-02-28,corr_ret_volume_20,1969,-0.09542689216919996,-0.15333805309283505
2019-03-01,corr_ret_volume_20,1966,-0.1404718457148308,-0.1984335095725839
2019-03-04,corr_ret_volume_20,1965,-0.12506950983021828,-0.18245407130717237
2019-03-05,corr_ret_volume_20,1961,-0.054114946769707815,-0.0972064636517383
2019-03-06,corr_ret_volume_20,1961,0.004967767583412235,0.004739825170821832
2019-03-07,corr_ret_volume_20,1962,-0.05366820534773101,-0.09182360538474768
2019-03-08,corr_ret_volume_20,1960,-0.0748184466031055,-0.10216741289844022
2019-03-11,corr_ret_volume_20,1962,-0.06846096762000936,-0.11605402651732656
2019-03-12,corr_ret_volume_20,1960,-0.07289113225712666,-0.12019457774347728
2019-03-13,corr_ret_volume_20,1959,-0.09269136903716439,-0.13313379952691723
2019-03-14,corr_ret_volume_20,1957,-0.09474151624808125,-0.13263134938837717
2019-03-15,corr_ret_volume_20,1949,-0.06315110750541512,-0.10809182768931287
2019-03-18,corr_ret_volume_20,1949,-0.04783760053524658,-0.0629089050124445
2019-03-19,corr_ret_volume_20,1945,0.019988031595285553,0.011511697261107597
2019-03-20,corr_ret_volume_20,1946,0.06917297486250415,0.06752168603906968
2019-03-21,corr_ret_volume_20,1948,0.06111088404047204,0.07674689441494797
2019-03-22,corr_ret_volume_20,1943,0.05174939666691883,0.06371336024705741
2019-03-25,corr_ret_volume_20,1944,0.05579450822701967,0.033310028033900464
2019-03-26,corr_ret_volume_20,1936,-0.01867797708216415,-0.026682783107355296
2019-03-27,corr_ret_volume_20,1937,-0.017089506431793456,-0.06076567544414545
2019-03-28,corr_ret_volume_20,1939,-0.016683231574516278,-0.06785200734316216
2019-03-29,corr_ret_volume_20,1936,0.014344021134337996,-0.04321497456378095
2019-04-01,corr_ret_volume_20,1936,0.022698335796145136,-0.005024048252752538
2019-04-02,corr_ret_volume_20,1933,-0.003254440118387655,-0.028311894581483078
2019-04-03,corr_ret_volume_20,1933,-0.0678278378223202,-0.08277440964470774
2019-04-04,corr_ret_volume_20,1934,-0.11257412200618656,-0.11770891389334641
2019-04-08,corr_ret_volume_20,1931,-0.04067459979407075,-0.060585257636938714
2019-04-09,corr_ret_volume_20,1933,-0.11851921932952626,-0.1641039440542463
2019-04-10,corr_ret_volume_20,1934,-0.06514101572744746,-0.12261713314268248
2019-04-11,corr_ret_volume_20,1931,-0.03903199937592189,-0.07077070615540554
2019-04-12,corr_ret_volume_20,1931,-0.06226793740551547,-0.08575778918346702
2019-04-15,corr_ret_volume_20,1928,-0.03031704854769537,-0.02134056544511504
2019-04-16,corr_ret_volume_20,1927,0.018477307827817487,0.011015296495047497
2019-04-17,corr_ret_volume_20,1924,0.02172900363181647,0.05072506319606996
2019-04-18,corr_ret_volume_20,1926,0.02329509111325598,0.04511970853562324
2019-04-19,corr_ret_volume_20,1915,0.04953522109135885,0.09401830397761617
2019-04-22,corr_ret_volume_20,1901,0.05089170456611465,0.06805743242839749
2019-04-23,corr_ret_volume_20,1915,0.01589524010860352,0.05271901639725297
2019-04-24,corr_ret_volume_20,1908,-0.023639390797191188,0.01638771704007389
2019-04-25,corr_ret_volume_20,1903,-0.03754775964032591,0.008767224913652089
2019-04-26,corr_ret_volume_20,1900,-0.10227177701508165,-0.0927586275523245
2019-04-29,corr_ret_volume_20,1886,-0.10190476594741835,-0.11393281514497658
2019-04-30,corr_ret_volume_20,1889,-0.11001316905303372,-0.14353733647247602
2019-05-06,corr_ret_volume_20,1894,-0.05746231480700796,-0.06366938168720904
2019-05-07,corr_ret_volume_20,1891,0.029273829317173407,0.030686290929840133
2019-05-08,corr_ret_volume_20,1895,0.09890210152091579,0.08553385923599358
2019-05-09,corr_ret_volume_20,1902,0.044825183531007416,0.024631003073408018
2019-05-10,corr_ret_volume_20,1903,-0.012896590069045224,-0.028654734532294213
2019-05-13,corr_ret_volume_20,1906,0.017917529334975472,-0.0022982041508800384
2019-05-14,corr_ret_volume_20,1905,-0.031188231362219286,-0.07448754676229397
2019-05-15,corr_ret_volume_20,1904,-0.03856112612407288,-0.08482963680002122
2019-05-16,corr_ret_volume_20,1906,-0.10332276323558369,-0.1217274739493242
2019-05-17,corr_ret_volume_20,1902,-0.051065957514550266,-0.06729415447976521
2019-05-20,corr_ret_volume_20,1907,-0.045287697398065006,-0.09348261264275613
2019-05-21,corr_ret_volume_20,1912,0.011047734684359968,-0.06699534511168137
2019-05-22,corr_ret_volume_20,1910,0.029233950225834103,-0.03617204872077861
2019-05-23,corr_ret_volume_20,1914,0.12572616865887118,0.09617302806508332
2019-05-24,corr_ret_volume_20,1913,0.02801802907268194,-0.021817943841524922
2019-05-27,corr_ret_volume_20,1916,-0.025893031037891555,-0.06624420430940886
2019-05-28,corr_ret_volume_20,1919,-0.07285040823398585,-0.12252232463271859
2019-05-29,corr_ret_volume_20,1926,-0.10869585857585437,-0.13147485439178827
2019-05-30,corr_ret_volume_20,1926,-0.12095497317601743,-0.14252133688425697
2019-05-31,corr_ret_volume_20,1934,-0.08066716780137596,-0.09390472370580932
2019-06-03,corr_ret_volume_20,1953,-0.0471636292503413,-0.03126297948238638
2019-06-04,corr_ret_volume_20,1953,-0.04529122103207913,-0.0532473170832297
2019-06-05,corr_ret_volume_20,1955,-0.027864416813269375,-0.04144997893999969
2019-06-06,corr_ret_volume_20,1955,-0.050722560859798364,-0.05716394562001016
2019-06-10,corr_ret_volume_20,1954,-0.08649665273090427,-0.11794036748865654
2019-06-11,corr_ret_volume_20,1955,-0.12147805368112521,-0.15352082989595822
2019-06-12,corr_ret_volume_20,1954,-0.022362184706690488,-0.016582956386537208
2019-06-13,corr_ret_volume_20,1954,-0.1144520853883573,-0.17173447593062932
2019-06-14,corr_ret_volume_20,1955,-0.08122762341334275,-0.1322097779145992
2019-06-17,corr_ret_volume_20,1956,-0.05331308906055287,-0.09423873958012904
2019-06-18,corr_ret_volume_20,1956,-0.09321600013239628,-0.11712820352960615
2019-06-19,corr_ret_volume_20,1957,-0.10344698066942179,-0.15029846812532202
2019-06-20,corr_ret_volume_20,1960,0.028202114926476573,0.039399211985485086
2019-06-21,corr_ret_volume_20,1957,0.006832179646497246,0.0014624639864843695
2019-06-24,corr_ret_volume_20,1960,-0.03880918404436878,-0.044942862120357766
2019-06-25,corr_ret_volume_20,1962,-0.00635409576584463,0.016225478418915827
2019-06-26,corr_ret_volume_20,1959,-0.011510255148218037,0.013776632493992014
2019-06-27,corr_ret_volume_20,1963,-0.04337332333047029,-0.045857685774170716
2019-06-28,corr_ret_volume_20,1960,-0.0038641708537428187,0.03331551314536314
2019-07-01,corr_ret_volume_20,1958,0.05444546409391073,0.10460147093042793
2019-07-02,corr_ret_volume_20,1960,0.050658345645620766,0.08460620863474093
2019-07-03,corr_ret_volume_20,1958,0.009585065930621858,0.025300977753642328
2019-07-04,corr_ret_volume_20,1960,0.029178243185031896,0.060143003455896356
2019-07-05,corr_ret_volume_20,1960,0.00014901697751569957,0.003547555533073276
2019-07-08,corr_ret_volume_20,1959,0.007739192340200416,0.03346220059368061
2019-07-09,corr_ret_volume_20,1959,0.002048162121139097,0.018505441674498257
2019-07-10,corr_ret_volume_20,1959,-0.05536863257245004,-0.042873346331012877
2019-07-11,corr_ret_volume_20,1958,-0.0651471926946068,-0.046191742598019274
2019-07-12,corr_ret_volume_20,1958,-0.020907805208658464,0.003431636108502321
2019-07-15,corr_ret_volume_20,1958,0.01524414024123033,0.04788278521671845
2019-07-16,corr_ret_volume_20,1956,0.025573234629966888,0.07273531996742627
2019-07-17,corr_ret_volume_20,1959,0.08152400865016339,0.11384937116443553
2019-07-18,corr_ret_volume_20,1957,0.08916456321060628,0.1121296866687834
2019-07-19,corr_ret_volume_20,1959,0.06275573289893607,0.05070965694320542
2019-07-22,corr_ret_volume_20,1961,0.04324456138252692,0.04594463389224852
2019-07-23,corr_ret_volume_20,1961,0.04323626709859515,0.024739955826432115
2019-07-24,corr_ret_volume_20,1961,0.01162910308545113,-0.015499740198360054
2019-07-25,corr_ret_volume_20,1961,0.012074661800519727,-0.019239830558758275
2019-07-26,corr_ret_volume_20,1964,-0.06334696579949967,-0.06575840028399459
2019-07-29,corr_ret_volume_20,1964,0.10485285748627175,0.11438144461261246
2019-07-30,corr_ret_volume_20,1965,0.048132932522084095,0.058175879555831325
2019-07-31,corr_ret_volume_20,1964,0.06215004480192777,0.0712365715329312
2019-08-01,corr_ret_volume_20,1963,0.08640691158830299,0.08596272539130727
2019-08-02,corr_ret_volume_20,1966,0.12227957193600159,0.12464038091895777
2019-08-05,corr_ret_volume_20,1965,-0.0051520714355082695,-0.02950100089698225
2019-08-06,corr_ret_volume_20,1964,0.04742269497478518,0.04575890923090905
2019-08-07,corr_ret_volume_20,1966,0.08143756710663817,0.05396959820246293
2019-08-08,corr_ret_volume_20,1966,0.09520429984020841,0.0609660525824876
2019-08-09,corr_ret_volume_20,1962,0.06856672095788208,0.041538419251670414
2019-08-12,corr_ret_volume_20,1963,0.006382940639445048,-0.019024184956343938
2019-08-13,corr_ret_volume_20,1962,-0.010879433467624752,-0.03680165333199606
2019-08-14,corr_ret_volume_20,1962,-0.05465906133170659,-0.0837168950652326
2019-08-15,corr_ret_volume_20,1962,-0.049608530594891675,-0.08615181978013443
2019-08-16,corr_ret_volume_20,1960,-0.003291778866626613,-0.03679412405228718
2019-08-19,corr_ret_volume_20,1961,-0.022198280287166916,-0.04676791171356302
2019-08-20,corr_ret_volume_20,1961,-0.07736618330710957,-0.09477927917083707
2019-08-21,corr_ret_volume_20,1961,-0.06226724144323454,-0.08228643128265387
2019-08-22,corr_ret_volume_20,1964,-0.03870679086013275,-0.06876969595408201
2019-08-23,corr_ret_volume_20,1964,-0.06161138695954253,-0.11243743186524022
2019-08-26,corr_ret_volume_20,1967,-0.007248937166230214,-0.04141705378812102
2019-08-27,corr_ret_volume_20,1966,0.03789047340663321,0.008550666464272024
2019-08-28,corr_ret_volume_20,1968,0.022582977745833985,0.0010975097685590894
2019-08-29,corr_ret_volume_20,1967,0.02045349927328562,-0.005525233125139157
2019-08-30,corr_ret_volume_20,1967,-0.0007061388443479851,-0.04461816835921757
2019-09-02,corr_ret_volume_20,1964,-0.030261955708768627,-0.07194568009432992
2019-09-03,corr_ret_volume_20,1965,-0.050024789183537303,-0.0734869830432166
2019-09-04,corr_ret_volume_20,1965,-0.029726691062071514,-0.035026971281867304
2019-09-05,corr_ret_volume_20,1965,-0.038608174756368706,-0.051372583228849945
2019-09-06,corr_ret_volume_20,1966,-0.06997147178022009,-0.08490269648348477
2019-09-09,corr_ret_volume_20,1963,-0.04423118200474957,-0.047858861964818755
2019-09-10,corr_ret_volume_20,1963,-0.01434475836189442,-0.022846115176229313
2019-09-11,corr_ret_volume_20,1963,-0.06692586952589638,-0.07380354812556245
2019-09-12,corr_ret_volume_20,1966,-0.05453975089564051,-0.0393783779436779
2019-09-16,corr_ret_volume_20,1965,-0.0150335743987933,-0.0199790776071055
2019-09-17,corr_ret_volume_20,1965,0.00382945380129982,0.03945829917681297
2019-09-18,corr_ret_volume_20,1964,-0.010170786589430903,0.011189329475711707
2019-09-19,corr_ret_volume_20,1964,0.03100463884050301,0.048262091279754414
2019-09-20,corr_ret_volume_20,1966,-0.006640281189807163,0.004361977227805147
2019-09-23,corr_ret_volume_20,1962,-0.03058041659948415,-0.015795557311728346
2019-09-24,corr_ret_volume_20,1960,-0.05674613312810007,-0.06708326123843539
2019-09-25,corr_ret_volume_20,1961,-0.05430836821470682,-0.08839105845556934
2019-09-26,corr_ret_volume_20,1960,-0.05095857575036831,-0.04416326325250543
2019-09-27,corr_ret_volume_20,1960,-0.00586700240705323,-0.031115973380120523
2019-09-30,corr_ret_volume_20,1958,0.013823167326488736,0.0017426685765788443
2019-10-08,corr_ret_volume_20,1956,0.04956119111302717,0.05275640469336761
2019-10-09,corr_ret_volume_20,1955,0.0486299012847144,0.05435129763935931
2019-10-10,corr_ret_volume_20,1955,0.016644662343370253,0.011210963113325801
2019-10-11,corr_ret_volume_20,1954,-0.007711334338399361,-0.007804198002813465
2019-10-14,corr_ret_volume_20,1954,-0.00714338413119892,-0.013752721571857024
2019-10-15,corr_ret_volume_20,1956,-0.03312293080228133,-0.07384438451074737
2019-10-16,corr_ret_volume_20,1955,-0.042699854730660444,-0.06667581796174832
2019-10-17,corr_ret_volume_20,1956,-0.07904288307380641,-0.08301938214889584
2019-10-18,corr_ret_volume_20,1954,-0.029194569007521758,-0.0725318225065371
2019-10-21,corr_ret_volume_20,1954,0.03359017620108013,-0.0066944900628249536
2019-10-22,corr_ret_volume_20,1953,0.095567936418293,0.08829973087765164
2019-10-23,corr_ret_volume_20,1953,0.08798840668443862,0.06931555476182395
2019-10-24,corr_ret_volume_20,1952,0.08578503329848014,0.05774454925718128
2019-10-25,corr_ret_volume_20,1953,0.12427711074742001,0.11585594993199212
2019-10-28,corr_ret_volume_20,1954,0.06740449379107206,0.08049928308683794
2019-10-29,corr_ret_volume_20,1948,0.041217012985928864,0.05838121132807404
2019-10-30,corr_ret_volume_20,1951,0.06250234011478967,0.07736883845403361
2019-10-31,corr_ret_volume_20,1952,0.055714663787696836,0.08076835290043743
2019-11-01,corr_ret_volume_20,1953,0.030896643441268305,0.04924701078766609
2019-11-04,corr_ret_volume_20,1957,0.006310273633938335,0.014985352618553941
2019-11-05,corr_ret_volume_20,1950,-0.0008482072380723922,-0.0011012575199504159
2019-11-06,corr_ret_volume_20,1953,-0.01034114148685194,-0.011375180107397733
2019-11-07,corr_ret_volume_20,1955,-0.010858877451485624,0.0024112116750983604
2019-11-08,corr_ret_volume_20,1957,-0.017214674383586617,-0.02126833918513812
2019-11-11,corr_ret_volume_20,1956,-0.014702588055769359,-0.015736018223792572
2019-11-12,corr_ret_volume_20,1952,-0.017535997846151563,-0.04494379374240602
2019-11-13,corr_ret_volume_20,1953,-0.04890364678295805,-0.059547709960399924
2019-11-14,corr_ret_volume_20,1952,-0.08309335917942524,-0.12523179823862723
2019-11-15,corr_ret_volume_20,1953,-0.1387585599465112,-0.1585232394726348
2019-11-18,corr_ret_volume_20,1952,-0.11918898667142383,-0.13614489932468699
2019-11-19,corr_ret_volume_20,1952,-0.07987094347569686,-0.11638289065245845
2019-11-20,corr_ret_volume_20,1950,-0.07459382816424896,-0.10079146224553559
2019-11-21,corr_ret_volume_20,1950,-0.05394855225336437,-0.07097579970764675
2019-11-22,corr_ret_volume_20,1950,0.001118796684630233,-0.022357807991669754
2019-11-25,corr_ret_volume_20,1951,-0.03070915972763961,-0.09561119932495368
2019-11-26,corr_ret_volume_20,1948,-0.06497166796908192,-0.11679847642776342
2019-11-27,corr_ret_volume_20,1949,-0.04392214057339875,-0.09411123466238346
2019-11-28,corr_ret_volume_20,1948,-0.03226823266267783,-0.06293148480420661
2019-11-29,corr_ret_volume_20,1947,0.01834667314380695,0.010906710645143262
2019-12-02,corr_ret_volume_20,1946,0.051947419635598346,0.03302725898949036
2019-12-03,corr_ret_volume_20,1947,0.0529398208798355,0.026018830505853983
2019-12-04,corr_ret_volume_20,1945,0.06849827911772059,0.05585813883591442
2019-12-05,corr_ret_volume_20,1950,0.0505125264571007,0.021630477252325853
2019-12-06,corr_ret_volume_20,1951,0.04950584896909438,-0.011124660965542975
2019-12-09,corr_ret_volume_20,1950,0.011177847454045348,-0.01988451510453736
2019-12-10,corr_ret_volume_20,1948,0.01828463499358941,-0.014831955436054332
2019-12-11,corr_ret_volume_20,1945,-0.0003380888905306264,-0.05200695189291569
2019-12-12,corr_ret_volume_20,1946,0.015589220177979332,-0.026607159219008115
2019-12-13,corr_ret_volume_20,1946,-0.0029990892405081905,-0.002177531499511638
2019-12-16,corr_ret_volume_20,1947,0.02213229744292147,0.016024697523830515
2019-12-17,corr_ret_volume_20,1944,0.05281837969908246,0.046471434267661635
2019-12-18,corr_ret_volume_20,1945,0.11038039554686645,0.13290565392926265
2019-12-19,corr_ret_volume_20,1947,0.1027832324946192,0.11804686972183638
2019-12-20,corr_ret_volume_20,1947,0.1465164963972149,0.18553367136882454
2019-12-23,corr_ret_volume_20,1949,0.030947921036237752,0.015809577055804495
2019-12-24,corr_ret_volume_20,1947,0.059303281056151215,0.05266841496255075
2019-12-25,corr_ret_volume_20,1946,0.030306212973201418,0.01796780011042574
2019-12-26,corr_ret_volume_20,1943,0.06919092216490622,0.03213289047113805
2019-12-27,corr_ret_volume_20,1942,-0.03237193159652132,-0.10029945609800987
2019-12-30,corr_ret_volume_20,1941,-0.05150743177162485,-0.15315486715897414
2019-12-31,corr_ret_volume_20,1940,-0.09089545012337033,-0.18708307134852253
2020-01-02,corr_ret_volume_20,1939,-0.05000380649475591,-0.10391815708800135
2020-01-03,corr_ret_volume_20,1943,-0.045974459815566034,-0.08051196542086311
2020-01-06,corr_ret_volume_20,1942,0.02413658936138127,-0.007796167757978676
2020-01-07,corr_ret_volume_20,1941,-0.014991214937425291,-0.01058005977590204
2020-01-08,corr_ret_volume_20,1944,0.04168110659543014,0.03749229504626888
2020-01-09,corr_ret_volume_20,1943,0.07059438584996522,0.08595263287888687
2020-01-10,corr_ret_volume_20,1946,0.0673920757578538,0.08350148568976443
2020-01-13,corr_ret_volume_20,1950,0.08577645038143325,0.0894790207785281
2020-01-14,corr_ret_volume_20,1952,0.05353597082824898,0.0452672253185315
2020-01-15,corr_ret_volume_20,1951,0.0772004629566722,0.03515975829702337
2020-01-16,corr_ret_volume_20,1949,0.07522875521236917,0.02123516277172651
2020-01-17,corr_ret_volume_20,1949,0.09755664352031808,0.07215564015233002
2020-01-20,corr_ret_volume_20,1949,0.1635183541671619,0.12747903740531077
2020-01-21,corr_ret_volume_20,1951,0.21404875695610573,0.14973138386893456
2020-01-22,corr_ret_volume_20,1953,0.08420883688475732,0.07319021724846193
2020-01-23,corr_ret_volume_20,1953,0.10496550804679197,0.07625938383947137
2020-02-03,corr_ret_volume_20,1957,0.14499717623752909,0.20581589300419506
2020-02-04,corr_ret_volume_20,1957,0.12092526614413476,0.19582716231623412
2020-02-05,corr_ret_volume_20,1958,0.013634097630674922,0.05897098311965968
2020-02-06,corr_ret_volume_20,1961,-0.030899252361876225,-0.03442720202715455
2020-02-07,corr_ret_volume_20,1963,0.08212936148734402,0.07397821924586526
2020-02-10,corr_ret_volume_20,1962,0.27662743687755637,0.3439815655987692
2020-02-11,corr_ret_volume_20,1964,0.16538811173350507,0.21607521339849167
2020-02-12,corr_ret_volume_20,1966,0.1629030617620661,0.1680737079997506
2020-02-13,corr_ret_volume_20,1966,0.17261164197342946,0.19894006133484998
2020-02-14,corr_ret_volume_20,1966,0.19407514521483657,0.2152929186760942
2020-02-17,corr_ret_volume_20,1964,0.1763652110560182,0.17370308972795587
2020-02-18,corr_ret_volume_20,1966,0.13946668236567822,0.1606120446725695
2020-02-19,corr_ret_volume_20,1966,0.0805094184033529,0.08279333596273475
2020-02-20,corr_ret_volume_20,1968,-0.14590647335361517,-0.16219507688974982
2020-02-21,corr_ret_volume_20,1968,-0.18506122201378886,-0.2014528279055931
2020-02-24,corr_ret_volume_20,1967,-0.17437359323395638,-0.2107719131794757
2020-02-25,corr_ret_volume_20,1968,-0.11213628880619214,-0.14626138135752756
2020-02-26,corr_ret_volume_20,1970,-0.05056622250798793,-0.06710276416097724
2020-02-27,corr_ret_volume_20,1971,0.09041368737421386,0.0922414923573931
2020-02-28,corr_ret_volume_20,1970,-0.02782721002539573,-0.06872094666584612
2020-03-02,corr_ret_volume_20,1970,-0.09837054407672036,-0.1483384022609977
2020-03-03,corr_ret_volume_20,1967,-0.07127162796811491,-0.11858396837339244
2020-03-04,corr_ret_volume_20,1969,-0.07650331009710619,-0.10678167721354591
2020-03-05,corr_ret_volume_20,1967,0.0010849641044914258,-0.003149601618565239
2020-03-06,corr_ret_volume_20,1965,-0.0003003487226843856,-0.014266315125895886
2020-03-09,corr_ret_volume_20,1964,-0.002364451448775,-0.024860406690187263
2020-03-10,corr_ret_volume_20,1964,0.012487040613114534,0.006544489210244962
2020-03-11,corr_ret_volume_20,1963,-0.012603334849984021,-0.03157419834918034
2020-03-12,corr_ret_volume_20,1962,-0.010618827913504932,-0.022441876986441785
2020-03-13,corr_ret_volume_20,1963,0.0009536356368345559,0.01380027996916397
2020-03-16,corr_ret_volume_20,1962,0.032709089558320796,0.04226884678976821
2020-03-17,corr_ret_volume_20,1961,0.013477040408286591,0.032999162429690594
2020-03-18,corr_ret_volume_20,1962,0.05507437106378559,0.0728796755721201
2020-03-19,corr_ret_volume_20,1962,0.0573581255134643,0.07867668646385892
2020-03-20,corr_ret_volume_20,1962,0.055490352036095876,0.08147055692625736
2020-03-23,corr_ret_volume_20,1960,0.10163420769240789,0.13006507703430206
2020-03-24,corr_ret_volume_20,1960,0.08195519544629797,0.11405436450533887
2020-03-25,corr_ret_volume_20,1959,-0.02428250070015622,-0.010556263022643196
2020-03-26,corr_ret_volume_20,1959,-0.012458781058644125,-0.04148193153332614
2020-03-27,corr_ret_volume_20,1956,-0.06465608743995478,-0.08781388913763419
2020-03-30,corr_ret_volume_20,1956,-0.05724088498673311,-0.08481180563027065
2020-03-31,corr_ret_volume_20,1956,-0.0466684000326713,-0.07493815939549131
2020-04-01,corr_ret_volume_20,1957,0.031877003581097386,0.023206684888339334
2020-04-02,corr_ret_volume_20,1957,-0.02501912657031168,-0.050524912190361225
2020-04-03,corr_ret_volume_20,1955,-0.11096494886760334,-0.13595383806389305
2020-04-07,corr_ret_volume_20,1950,-0.11539421983570045,-0.1250472465296623
2020-04-08,corr_ret_volume_20,1952,-0.018124353751674007,-0.04126658827488206
2020-04-09,corr_ret_volume_20,1952,-0.017385469499867988,-0.05570611516374487
2020-04-10,corr_ret_volume_20,1951,0.005545911468924854,-0.04655570048495143
2020-04-13,corr_ret_volume_20,1949,0.010662237050063627,-0.04095069777458283
2020-04-14,corr_ret_volume_20,1947,0.04811992415775378,0.016884293723342395
2020-04-15,corr_ret_volume_20,1947,0.06729603240204081,0.06357914551050993
2020-04-16,corr_ret_volume_20,1947,0.04877491542780686,0.04697925068281229
2020-04-17,corr_ret_volume_20,1947,0.059179347152195284,0.10222828257093204
2020-04-20,corr_ret_volume_20,1935,0.1055756671610096,0.1510121377409221
2020-04-21,corr_ret_volume_20,1925,0.18705783622834554,0.21871851764226
2020-04-22,corr_ret_volume_20,1919,0.10322893920373637,0.1266566575018033
2020-04-23,corr_ret_volume_20,1930,0.0392458727932249,0.0397041432697942
2020-04-24,corr_ret_volume_20,1934,0.04590769604431538,0.04811414693177492
2020-04-27,corr_ret_volume_20,1926,-0.02104566363752511,-0.03915215546337585
2020-04-28,corr_ret_volume_20,1908,0.01010605501590526,-0.02096187184684891
2020-04-29,corr_ret_volume_20,1892,0.02746907094360556,0.03214464152311794
2020-04-30,corr_ret_volume_20,1889,0.034810972722656285,0.058415174675071894
2020-05-06,corr_ret_volume_20,1889,-0.011698590231670448,0.01409407462750801
2020-05-07,corr_ret_volume_20,1889,0.007441708106876651,0.03389188587385197
2020-05-08,corr_ret_volume_20,1885,0.03825802322434958,0.06455926005041507
2020-05-11,corr_ret_volume_20,1885,0.019320317238860782,0.03169645870875856
2020-05-12,corr_ret_volume_20,1885,0.052860787029741806,0.07610907745695097
2020-05-13,corr_ret_volume_20,1886,0.01673975672132758,0.038520631651949425
2020-05-14,corr_ret_volume_20,1888,-0.008355381737528504,-0.012415531078481624
2020-05-15,corr_ret_volume_20,1888,-0.018965131937573133,-0.04164666616602662
2020-05-18,corr_ret_volume_20,1887,-0.041723715309728696,-0.08285087254378638
2020-05-19,corr_ret_volume_20,1888,-0.037914117757943205,-0.08241896572836399
2020-05-20,corr_ret_volume_20,1890,0.020446780341757717,-0.01122099355475551
2020-05-21,corr_ret_volume_20,1890,0.01565284125482513,-0.018096030870323677
2020-05-22,corr_ret_volume_20,1888,0.03674021974370365,0.035663626441736644
2020-05-25,corr_ret_volume_20,1892,-0.018926461919898406,-0.0070977312182479305
2020-05-26,corr_ret_volume_20,1890,-0.02372720783358821,-0.023907636792671445
2020-05-27,corr_ret_volume_20,1891,-0.034474131513226945,-0.06747395367230005
2020-05-28,corr_ret_volume_20,1891,-0.022830596325252722,-0.07137489961980488
2020-05-29,corr_ret_volume_20,1890,-0.038757166172483336,-0.08228077508613534
2020-06-01,corr_ret_volume_20,1898,0.015284125106113933,-0.002735403680785732
2020-06-02,corr_ret_volume_20,1915,0.012212264093139255,-0.0020160220649787486
2020-06-03,corr_ret_volume_20,1930,-0.023196284828811246,-0.004639959705073569
2020-06-04,corr_ret_volume_20,1931,-0.027099626793083458,-0.030773536620714227
2020-06-05,corr_ret_volume_20,1932,-0.02008281986796092,-0.043613867586393795
2020-06-08,corr_ret_volume_20,1931,0.003485162149694417,-0.01747177940901143
2020-06-09,corr_ret_volume_20,1930,-0.009277097764671305,-0.03465741014865959
2020-06-10,corr_ret_volume_20,1929,0.006713868554102829,-0.009809808828889176
2020-06-11,corr_ret_volume_20,1930,0.04005428411741235,0.028479177427707426
2020-06-12,corr_ret_volume_20,1927,-0.007633766494948476,-0.027582273990739085
2020-06-15,corr_ret_volume_20,1925,0.04517108918890345,0.029441397108360703
2020-06-16,corr_ret_volume_20,1923,0.023753396972429997,0.010202156621085548
2020-06-17,corr_ret_volume_20,1924,0.018347083472322844,0.013652220978997657
2020-06-18,corr_ret_volume_20,1920,0.039350333707645055,0.032822686161677786
2020-06-19,corr_ret_volume_20,1924,0.030305349917701015,0.023602049457279495
2020-06-22,corr_ret_volume_20,1923,0.04845486446347149,0.03636048068672241
2020-06-23,corr_ret_volume_20,1920,0.05192693946266703,0.057599857679527085
2020-06-24,corr_ret_volume_20,1919,0.0980973093520818,0.09835068769906175
2020-06-29,corr_ret_volume_20,1912,0.04265437446464526,0.03426019467170691
2020-06-30,corr_ret_volume_20,1912,0.07951133957279177,0.08689167962151183
2020-07-01,corr_ret_volume_20,1916,0.07576076912913672,0.08518518619144597
2020-07-02,corr_ret_volume_20,1920,0.04427805631996143,0.05597846921198608
2020-07-03,corr_ret_volume_20,1919,-0.05458855478230556,-0.10001951171170946
2020-07-06,corr_ret_volume_20,1918,-0.028640670332862744,-0.041168265952823274
2020-07-07,corr_ret_volume_20,1917,-0.08669265931983493,-0.116470262574117
2020-07-08,corr_ret_volume_20,1921,-0.061811230386966516,-0.09130641812543115
2020-07-09,corr_ret_volume_20,1924,0.008123892077220966,-0.017187787073554266
2020-07-10,corr_ret_volume_20,1924,0.012152955323928532,-0.03004520931017331
2020-07-13,corr_ret_volume_20,1923,0.02732846543796601,0.006096921385087693
2020-07-14,corr_ret_volume_20,1926,0.05252651406402295,0.017826027802562813
2020-07-15,corr_ret_volume_20,1927,0.03670889191885151,0.04240799247384355
2020-07-16,corr_ret_volume_20,1928,0.01148665255133407,0.015373221897246528
2020-07-17,corr_ret_volume_20,1926,-0.07194355361422593,-0.09351960605717234
2020-07-20,corr_ret_volume_20,1923,-0.04054080040802939,-0.030745249274628853
2020-07-21,corr_ret_volume_20,1924,-0.057893612896697234,-0.07996800970978382
2020-07-22,corr_ret_volume_20,1924,-0.03888733767820014,-0.06162993575173537
2020-07-23,corr_ret_volume_20,1926,-0.07924915536482192,-0.129864625390255
