datetime,factor,top_count,turnover
2017-01-11,ret_5,93,0.32258064516129037
2017-01-12,ret_5,90,0.32258064516129037
2017-01-13,ret_5,93,0.38888888888888884
2017-01-16,ret_5,93,0.4193548387096774
2017-01-17,ret_5,93,0.30107526881720426
2017-01-18,ret_5,93,0.25806451612903225
2017-01-19,ret_5,93,0.24731182795698925
2017-01-20,ret_5,93,0.30107526881720426
2017-01-23,ret_5,93,0.4731182795698925
2017-01-24,ret_5,93,0.32258064516129037
2017-01-25,ret_5,93,0.3870967741935484
2017-01-26,ret_5,93,0.3548387096774194
2017-02-03,ret_5,93,0.29032258064516125
2017-02-06,ret_5,93,0.3978494623655914
2017-02-07,ret_5,93,0.3870967741935484
2017-02-08,ret_5,94,0.3763440860215054
2017-02-09,ret_5,94,0.46808510638297873
2017-02-10,ret_5,93,0.44680851063829785
2017-02-13,ret_5,93,0.3655913978494624
2017-02-14,ret_5,93,0.23655913978494625
2017-02-15,ret_5,94,0.26881720430107525
2017-02-16,ret_5,94,0.2872340425531915
2017-02-17,ret_5,94,0.34042553191489366
2017-02-20,ret_5,92,0.3829787234042553
2017-02-21,ret_5,92,0.2934782608695652
2017-02-22,ret_5,93,0.3913043478260869
2017-02-23,ret_5,93,0.3548387096774194
2017-02-24,ret_5,93,0.26881720430107525
2017-02-27,ret_5,92,0.34408602150537637
2017-02-28,ret_5,93,0.25
2017-03-01,ret_5,93,0.31182795698924726
2017-03-02,ret_5,93,0.3655913978494624
2017-03-03,ret_5,94,0.32258064516129037
2017-03-06,ret_5,94,0.3191489361702128
2017-03-07,ret_5,94,0.2978723404255319
2017-03-08,ret_5,94,0.22340425531914898
2017-03-09,ret_5,94,0.276595744680851
2017-03-10,ret_5,94,0.2872340425531915
2017-03-13,ret_5,94,0.3191489361702128
2017-03-14,ret_5,93,0.3085106382978723
2017-03-15,ret_5,93,0.24731182795698925
2017-03-16,ret_5,93,0.24731182795698925
2017-03-17,ret_5,93,0.3870967741935484
2017-03-20,ret_5,94,0.32258064516129037
2017-03-21,ret_5,94,0.36170212765957444
2017-03-22,ret_5,94,0.2978723404255319
2017-03-23,ret_5,93,0.2872340425531915
2017-03-24,ret_5,94,0.29032258064516125
2017-03-27,ret_5,93,0.23404255319148937
2017-03-28,ret_5,93,0.29032258064516125
2017-03-29,ret_5,93,0.33333333333333337
2017-03-30,ret_5,93,0.32258064516129037
2017-03-31,ret_5,93,0.3548387096774194
2017-04-05,ret_5,93,0.3978494623655914
2017-04-06,ret_5,93,0.30107526881720426
2017-04-07,ret_5,93,0.31182795698924726
2017-04-10,ret_5,92,0.31182795698924726
2017-04-11,ret_5,92,0.2934782608695652
2017-04-12,ret_5,93,0.32608695652173914
2017-04-13,ret_5,92,0.3978494623655914
2017-04-14,ret_5,92,0.3369565217391305
2017-04-17,ret_5,92,0.5652173913043479
2017-04-18,ret_5,92,0.40217391304347827
2017-04-19,ret_5,93,0.34782608695652173
2017-04-20,ret_5,92,0.29032258064516125
2017-04-21,ret_5,92,0.1630434782608695
2017-04-24,ret_5,92,0.3586956521739131
2017-04-25,ret_5,93,0.2065217391304348
2017-04-26,ret_5,92,0.33333333333333337
2017-04-27,ret_5,93,0.3152173913043478
2017-04-28,ret_5,93,0.3548387096774194
2017-05-02,ret_5,93,0.3978494623655914
2017-05-03,ret_5,93,0.33333333333333337
2017-05-04,ret_5,92,0.26881720430107525
2017-05-05,ret_5,93,0.3913043478260869
2017-05-08,ret_5,93,0.3548387096774194
2017-05-09,ret_5,93,0.4086021505376344
2017-05-10,ret_5,93,0.3763440860215054
2017-05-11,ret_5,93,0.3655913978494624
2017-05-12,ret_5,93,0.26881720430107525
2017-05-15,ret_5,92,0.23655913978494625
2017-05-16,ret_5,93,0.3152173913043478
2017-05-17,ret_5,93,0.33333333333333337
2017-05-18,ret_5,93,0.3763440860215054
2017-05-19,ret_5,93,0.3978494623655914
2017-05-22,ret_5,94,0.3548387096774194
2017-05-23,ret_5,94,0.43617021276595747
2017-05-24,ret_5,94,0.21276595744680848
2017-05-25,ret_5,94,0.35106382978723405
2017-05-26,ret_5,94,0.24468085106382975
2017-05-31,ret_5,94,0.2872340425531915
2017-06-01,ret_5,94,0.34042553191489366
2017-06-02,ret_5,94,0.3085106382978723
2017-06-05,ret_5,94,0.34042553191489366
2017-06-06,ret_5,94,0.3936170212765957
2017-06-07,ret_5,94,0.4042553191489362
2017-06-08,ret_5,94,0.36170212765957444
2017-06-09,ret_5,94,0.37234042553191493
2017-06-12,ret_5,95,0.4148936170212766
2017-06-13,ret_5,95,0.28421052631578947
2017-06-14,ret_5,95,0.27368421052631575
2017-06-15,ret_5,94,0.3789473684210526
2017-06-16,ret_5,94,0.32978723404255317
2017-06-19,ret_5,94,0.34042553191489366
2017-06-20,ret_5,94,0.35106382978723405
2017-06-21,ret_5,94,0.32978723404255317
2017-06-22,ret_5,94,0.4787234042553191
2017-06-23,ret_5,94,0.3085106382978723
2017-06-26,ret_5,94,0.34042553191489366
2017-06-27,ret_5,94,0.3085106382978723
2017-06-28,ret_5,94,0.36170212765957444
2017-06-29,ret_5,94,0.3191489361702128
2017-06-30,ret_5,85,0.36170212765957444
2017-07-03,ret_5,85,0.3764705882352941
2017-07-04,ret_5,86,0.2941176470588235
2017-07-05,ret_5,86,0.2674418604651163
2017-07-06,ret_5,86,0.32558139534883723
2017-07-07,ret_5,95,0.2558139534883721
2017-07-10,ret_5,95,0.2947368421052632
2017-07-11,ret_5,95,0.27368421052631575
2017-07-12,ret_5,95,0.2421052631578947
2017-07-13,ret_5,96,0.21052631578947367
2017-07-14,ret_5,96,0.3125
2017-07-17,ret_5,95,0.48958333333333337
2017-07-18,ret_5,95,0.42105263157894735
2017-07-19,ret_5,95,0.2315789473684211
2017-07-20,ret_5,95,0.18947368421052635
2017-07-21,ret_5,94,0.28421052631578947
2017-07-24,ret_5,94,0.3936170212765957
2017-07-25,ret_5,95,0.18085106382978722
2017-07-26,ret_5,95,0.3157894736842105
2017-07-27,ret_5,94,0.42105263157894735
2017-07-28,ret_5,94,0.34042553191489366
2017-07-31,ret_5,94,0.3936170212765957
2017-08-01,ret_5,94,0.32978723404255317
2017-08-02,ret_5,94,0.37234042553191493
2017-08-03,ret_5,94,0.32978723404255317
2017-08-04,ret_5,94,0.3936170212765957
2017-08-07,ret_5,94,0.24468085106382975
2017-08-08,ret_5,94,0.3191489361702128
2017-08-09,ret_5,94,0.36170212765957444
2017-08-10,ret_5,94,0.35106382978723405
2017-08-11,ret_5,94,0.4042553191489362
2017-08-14,ret_5,94,0.276595744680851
2017-08-15,ret_5,94,0.2872340425531915
2017-08-16,ret_5,94,0.3936170212765957
2017-08-17,ret_5,95,0.36170212765957444
2017-08-18,ret_5,95,0.33684210526315794
2017-08-21,ret_5,95,0.28421052631578947
2017-08-22,ret_5,95,0.3894736842105263
2017-08-23,ret_5,95,0.33684210526315794
2017-08-24,ret_5,95,0.3052631578947368
2017-08-25,ret_5,95,0.3157894736842105
2017-08-28,ret_5,95,0.4
2017-08-29,ret_5,95,0.33684210526315794
2017-08-30,ret_5,95,0.4842105263157894
2017-08-31,ret_5,96,0.2421052631578947
2017-09-01,ret_5,96,0.25
2017-09-04,ret_5,96,0.27083333333333337
2017-09-05,ret_5,96,0.29166666666666663
2017-09-06,ret_5,96,0.27083333333333337
2017-09-07,ret_5,95,0.28125
2017-09-08,ret_5,95,0.2947368421052632
2017-09-11,ret_5,96,0.3263157894736842
2017-09-12,ret_5,96,0.33333333333333337
2017-09-13,ret_5,96,0.27083333333333337
2017-09-14,ret_5,95,0.25
2017-09-15,ret_5,95,0.27368421052631575
2017-09-18,ret_5,96,0.2315789473684211
2017-09-19,ret_5,97,0.41666666666666663
2017-09-20,ret_5,96,0.3711340206185567
2017-09-21,ret_5,96,0.41666666666666663
2017-09-22,ret_5,96,0.33333333333333337
2017-09-25,ret_5,96,0.38541666666666663
2017-09-26,ret_5,96,0.29166666666666663
2017-09-27,ret_5,96,0.28125
2017-09-28,ret_5,95,0.33333333333333337
2017-09-29,ret_5,95,0.33684210526315794
2017-10-09,ret_5,95,0.3157894736842105
2017-10-10,ret_5,95,0.368421052631579
2017-10-11,ret_5,95,0.3789473684210526
2017-10-12,ret_5,95,0.2947368421052632
2017-10-13,ret_5,95,0.3263157894736842
2017-10-16,ret_5,95,0.3263157894736842
2017-10-17,ret_5,95,0.368421052631579
2017-10-18,ret_5,95,0.3052631578947368
2017-10-19,ret_5,96,0.3052631578947368
2017-10-20,ret_5,96,0.39583333333333337
2017-10-23,ret_5,96,0.32291666666666663
2017-10-24,ret_5,96,0.33333333333333337
2017-10-25,ret_5,96,0.36458333333333337
2017-10-26,ret_5,96,0.34375
2017-10-27,ret_5,95,0.30208333333333337
2017-10-30,ret_5,96,0.27368421052631575
2017-10-31,ret_5,96,0.23958333333333337
2017-11-01,ret_5,96,0.22916666666666663
2017-11-02,ret_5,96,0.23958333333333337
2017-11-03,ret_5,95,0.19791666666666663
2017-11-06,ret_5,95,0.33684210526315794
2017-11-07,ret_5,95,0.2421052631578947
2017-11-08,ret_5,96,0.35789473684210527
2017-11-09,ret_5,96,0.30208333333333337
2017-11-10,ret_5,96,0.32291666666666663
2017-11-13,ret_5,96,0.32291666666666663
2017-11-14,ret_5,96,0.29166666666666663
2017-11-15,ret_5,96,0.30208333333333337
2017-11-16,ret_5,96,0.32291666666666663
2017-11-17,ret_5,96,0.38541666666666663
2017-11-20,ret_5,96,0.32291666666666663
2017-11-21,ret_5,95,0.27083333333333337
2017-11-22,ret_5,95,0.3263157894736842
2017-11-23,ret_5,94,0.34736842105263155
2017-11-24,ret_5,94,0.4893617021276596
2017-11-27,ret_5,94,0.37234042553191493
2017-11-28,ret_5,93,0.3085106382978723
2017-11-29,ret_5,94,0.27956989247311825
2017-11-30,ret_5,93,0.2872340425531915
2017-12-01,ret_5,93,0.3763440860215054
2017-12-04,ret_5,93,0.3870967741935484
2017-12-05,ret_5,93,0.4086021505376344
2017-12-06,ret_5,93,0.3655913978494624
2017-12-07,ret_5,93,0.26881720430107525
2017-12-08,ret_5,93,0.20430107526881724
2017-12-11,ret_5,93,0.34408602150537637
2017-12-12,ret_5,93,0.3655913978494624
2017-12-13,ret_5,93,0.31182795698924726
2017-12-14,ret_5,94,0.29032258064516125
2017-12-15,ret_5,94,0.2978723404255319
2017-12-18,ret_5,93,0.4042553191489362
2017-12-19,ret_5,93,0.34408602150537637
2017-12-20,ret_5,93,0.32258064516129037
2017-12-21,ret_5,94,0.3655913978494624
2017-12-22,ret_5,94,0.3191489361702128
2017-12-25,ret_5,94,0.35106382978723405
2017-12-26,ret_5,93,0.276595744680851
2017-12-27,ret_5,94,0.3763440860215054
2017-12-28,ret_5,93,0.37234042553191493
2017-12-29,ret_5,84,0.3978494623655914
2018-01-02,ret_5,83,0.4285714285714286
2018-01-03,ret_5,83,0.37349397590361444
2018-01-04,ret_5,84,0.3132530120481928
2018-01-05,ret_5,84,0.38095238095238093
2018-01-08,ret_5,92,0.3214285714285714
2018-01-09,ret_5,92,0.3586956521739131
2018-01-10,ret_5,92,0.34782608695652173
2018-01-11,ret_5,92,0.3586956521739131
2018-01-12,ret_5,92,0.3804347826086957
2018-01-15,ret_5,92,0.3586956521739131
2018-01-16,ret_5,92,0.34782608695652173
2018-01-17,ret_5,93,0.3369565217391305
2018-01-18,ret_5,92,0.31182795698924726
2018-01-19,ret_5,92,0.3152173913043478
2018-01-22,ret_5,92,0.42391304347826086
2018-01-23,ret_5,92,0.30434782608695654
2018-01-24,ret_5,92,0.3913043478260869
2018-01-25,ret_5,92,0.34782608695652173
2018-01-26,ret_5,92,0.3369565217391305
2018-01-29,ret_5,92,0.3695652173913043
2018-01-30,ret_5,92,0.3152173913043478
2018-01-31,ret_5,92,0.3913043478260869
2018-02-01,ret_5,92,0.3152173913043478
2018-02-02,ret_5,91,0.2717391304347826
2018-02-05,ret_5,90,0.25274725274725274
2018-02-06,ret_5,90,0.2222222222222222
2018-02-07,ret_5,90,0.28888888888888886
2018-02-08,ret_5,91,0.28888888888888886
2018-02-09,ret_5,91,0.39560439560439564
2018-02-12,ret_5,91,0.3296703296703297
2018-02-13,ret_5,90,0.37362637362637363
2018-02-14,ret_5,90,0.30000000000000004
2018-02-22,ret_5,91,0.34444444444444444
2018-02-23,ret_5,91,0.39560439560439564
2018-02-26,ret_5,91,0.3076923076923077
2018-02-27,ret_5,91,0.3076923076923077
2018-02-28,ret_5,91,0.2857142857142857
2018-03-01,ret_5,91,0.3076923076923077
2018-03-02,ret_5,91,0.27472527472527475
2018-03-05,ret_5,92,0.2857142857142857
2018-03-06,ret_5,92,0.4347826086956522
2018-03-07,ret_5,92,0.3586956521739131
2018-03-08,ret_5,92,0.4347826086956522
2018-03-09,ret_5,92,0.3369565217391305
2018-03-12,ret_5,92,0.4565217391304348
2018-03-13,ret_5,93,0.4347826086956522
2018-03-14,ret_5,93,0.33333333333333337
2018-03-15,ret_5,93,0.34408602150537637
2018-03-16,ret_5,93,0.4193548387096774
2018-03-19,ret_5,93,0.4301075268817204
2018-03-20,ret_5,93,0.5161290322580645
2018-03-21,ret_5,93,0.33333333333333337
2018-03-22,ret_5,93,0.3763440860215054
2018-03-23,ret_5,93,0.4623655913978495
2018-03-26,ret_5,93,0.30107526881720426
2018-03-27,ret_5,93,0.19354838709677424
2018-03-28,ret_5,93,0.31182795698924726
2018-03-29,ret_5,93,0.24731182795698925
2018-03-30,ret_5,93,0.3763440860215054
2018-04-02,ret_5,93,0.26881720430107525
2018-04-03,ret_5,93,0.33333333333333337
2018-04-04,ret_5,93,0.5268817204301075
2018-04-09,ret_5,93,0.30107526881720426
2018-04-10,ret_5,93,0.30107526881720426
2018-04-11,ret_5,93,0.3870967741935484
2018-04-12,ret_5,93,0.32258064516129037
2018-04-13,ret_5,94,0.32258064516129037
2018-04-16,ret_5,93,0.37234042553191493
2018-04-17,ret_5,94,0.4193548387096774
2018-04-18,ret_5,94,0.3191489361702128
2018-04-19,ret_5,94,0.2978723404255319
2018-04-20,ret_5,94,0.32978723404255317
2018-04-23,ret_5,94,0.37234042553191493
2018-04-24,ret_5,94,0.4148936170212766
2018-04-25,ret_5,94,0.36170212765957444
2018-04-26,ret_5,93,0.35106382978723405
2018-04-27,ret_5,94,0.32258064516129037
2018-05-02,ret_5,93,0.3191489361702128
2018-05-03,ret_5,93,0.24731182795698925
2018-05-04,ret_5,93,0.22580645161290325
2018-05-07,ret_5,93,0.25806451612903225
2018-05-08,ret_5,93,0.26881720430107525
2018-05-09,ret_5,94,0.3655913978494624
2018-05-10,ret_5,94,0.36170212765957444
2018-05-11,ret_5,93,0.3936170212765957
2018-05-14,ret_5,94,0.3978494623655914
2018-05-15,ret_5,94,0.34042553191489366
2018-05-16,ret_5,94,0.34042553191489366
2018-05-17,ret_5,94,0.4148936170212766
2018-05-18,ret_5,93,0.34042553191489366
2018-05-21,ret_5,94,0.3763440860215054
2018-05-22,ret_5,94,0.36170212765957444
2018-05-23,ret_5,94,0.35106382978723405
2018-05-24,ret_5,94,0.34042553191489366
2018-05-25,ret_5,94,0.3829787234042553
2018-05-28,ret_5,94,0.3936170212765957
2018-05-29,ret_5,94,0.37234042553191493
2018-05-30,ret_5,93,0.36170212765957444
2018-05-31,ret_5,93,0.21505376344086025
2018-06-01,ret_5,93,0.24731182795698925
2018-06-04,ret_5,93,0.32258064516129037
2018-06-05,ret_5,93,0.34408602150537637
2018-06-06,ret_5,92,0.4516129032258065
2018-06-07,ret_5,92,0.3913043478260869
2018-06-08,ret_5,92,0.40217391304347827
2018-06-11,ret_5,92,0.3152173913043478
2018-06-12,ret_5,92,0.34782608695652173
2018-06-13,ret_5,92,0.3804347826086957
2018-06-14,ret_5,92,0.28260869565217395
2018-06-15,ret_5,92,0.3695652173913043
2018-06-19,ret_5,91,0.3804347826086957
2018-06-20,ret_5,92,0.20879120879120883
2018-06-21,ret_5,91,0.28260869565217395
2018-06-22,ret_5,92,0.23076923076923073
2018-06-25,ret_5,92,0.2282608695652174
2018-06-26,ret_5,92,0.4565217391304348
2018-06-27,ret_5,92,0.34782608695652173
2018-06-28,ret_5,92,0.44565217391304346
2018-06-29,ret_5,84,0.34782608695652173
2018-07-02,ret_5,84,0.22619047619047616
2018-07-03,ret_5,84,0.26190476190476186
2018-07-04,ret_5,84,0.2857142857142857
2018-07-05,ret_5,84,0.30952380952380953
2018-07-06,ret_5,94,0.38095238095238093
2018-07-09,ret_5,94,0.34042553191489366
2018-07-10,ret_5,94,0.43617021276595747
2018-07-11,ret_5,94,0.35106382978723405
2018-07-12,ret_5,94,0.2978723404255319
2018-07-13,ret_5,94,0.2978723404255319
2018-07-16,ret_5,95,0.276595744680851
2018-07-17,ret_5,94,0.28421052631578947
2018-07-18,ret_5,94,0.43617021276595747
2018-07-19,ret_5,94,0.36170212765957444
2018-07-20,ret_5,94,0.34042553191489366
2018-07-23,ret_5,95,0.35106382978723405
2018-07-24,ret_5,95,0.42105263157894735
2018-07-25,ret_5,95,0.3789473684210526
2018-07-26,ret_5,95,0.34736842105263155
2018-07-27,ret_5,95,0.3157894736842105
2018-07-30,ret_5,95,0.27368421052631575
2018-07-31,ret_5,95,0.4
2018-08-01,ret_5,95,0.4421052631578948
2018-08-02,ret_5,95,0.5157894736842106
2018-08-03,ret_5,95,0.41052631578947374
2018-08-06,ret_5,95,0.35789473684210527
2018-08-07,ret_5,95,0.34736842105263155
2018-08-08,ret_5,95,0.25263157894736843
2018-08-09,ret_5,95,0.3263157894736842
2018-08-10,ret_5,95,0.42105263157894735
2018-08-13,ret_5,95,0.43157894736842106
2018-08-14,ret_5,95,0.3052631578947368
2018-08-15,ret_5,95,0.3263157894736842
2018-08-16,ret_5,95,0.35789473684210527
2018-08-17,ret_5,95,0.3894736842105263
2018-08-20,ret_5,95,0.3052631578947368
2018-08-21,ret_5,96,0.3263157894736842
2018-08-22,ret_5,96,0.38541666666666663
2018-08-23,ret_5,96,0.41666666666666663
2018-08-24,ret_5,96,0.44791666666666663
2018-08-27,ret_5,96,0.40625
2018-08-28,ret_5,96,0.30208333333333337
2018-08-29,ret_5,96,0.26041666666666663
2018-08-30,ret_5,96,0.32291666666666663
2018-08-31,ret_5,96,0.375
2018-09-03,ret_5,93,0.38541666666666663
2018-09-04,ret_5,96,0.30107526881720426
2018-09-05,ret_5,91,0.29166666666666663
2018-09-06,ret_5,96,0.2637362637362637
2018-09-07,ret_5,96,0.32291666666666663
2018-09-10,ret_5,90,0.47916666666666663
2018-09-11,ret_5,96,0.24444444444444446
2018-09-12,ret_5,95,0.35416666666666663
2018-09-13,ret_5,96,0.27368421052631575
2018-09-14,ret_5,96,0.375
2018-09-17,ret_5,96,0.38541666666666663
2018-09-18,ret_5,96,0.39583333333333337
2018-09-19,ret_5,96,0.36458333333333337
2018-09-20,ret_5,97,0.38541666666666663
2018-09-21,ret_5,97,0.3298969072164949
2018-09-25,ret_5,97,0.3711340206185567
2018-09-26,ret_5,97,0.23711340206185572
2018-09-27,ret_5,96,0.35051546391752575
2018-09-28,ret_5,96,0.30208333333333337
2018-10-08,ret_5,96,0.46875
2018-10-09,ret_5,97,0.29166666666666663
2018-10-10,ret_5,97,0.2680412371134021
2018-10-11,ret_5,97,0.31958762886597936
2018-10-12,ret_5,97,0.23711340206185572
2018-10-15,ret_5,97,0.2680412371134021
2018-10-16,ret_5,97,0.28865979381443296
2018-10-17,ret_5,97,0.25773195876288657
2018-10-18,ret_5,97,0.3402061855670103
2018-10-19,ret_5,97,0.3917525773195877
2018-10-22,ret_5,97,0.3402061855670103
2018-10-23,ret_5,97,0.3917525773195877
2018-10-24,ret_5,97,0.3917525773195877
2018-10-25,ret_5,97,0.4020618556701031
2018-10-26,ret_5,97,0.3711340206185567
2018-10-29,ret_5,90,0.3402061855670103
2018-10-30,ret_5,97,0.34444444444444444
2018-10-31,ret_5,97,0.3402061855670103
2018-11-01,ret_5,97,0.38144329896907214
2018-11-02,ret_5,97,0.3917525773195877
2018-11-05,ret_5,98,0.35051546391752575
2018-11-06,ret_5,98,0.3163265306122449
2018-11-07,ret_5,98,0.26530612244897955
2018-11-08,ret_5,98,0.29591836734693877
2018-11-09,ret_5,98,0.30612244897959184
2018-11-12,ret_5,99,0.34693877551020413
2018-11-13,ret_5,99,0.41414141414141414
2018-11-14,ret_5,98,0.2525252525252525
2018-11-15,ret_5,99,0.40816326530612246
2018-11-16,ret_5,99,0.31313131313131315
2018-11-19,ret_5,99,0.3434343434343434
2018-11-20,ret_5,99,0.31313131313131315
2018-11-21,ret_5,99,0.2525252525252525
2018-11-22,ret_5,99,0.33333333333333337
2018-11-23,ret_5,100,0.43434343434343436
2018-11-26,ret_5,100,0.4
2018-11-27,ret_5,100,0.37
2018-11-28,ret_5,100,0.4
2018-11-29,ret_5,100,0.41000000000000003
2018-11-30,ret_5,100,0.41000000000000003
2018-12-03,ret_5,100,0.38
2018-12-04,ret_5,100,0.36
2018-12-05,ret_5,100,0.36
2018-12-06,ret_5,100,0.39
2018-12-07,ret_5,100,0.4
2018-12-10,ret_5,100,0.43999999999999995
2018-12-11,ret_5,100,0.30000000000000004
2018-12-12,ret_5,100,0.31000000000000005
2018-12-13,ret_5,100,0.31999999999999995
2018-12-14,ret_5,100,0.36
2018-12-17,ret_5,100,0.36
2018-12-18,ret_5,100,0.33999999999999997
2018-12-19,ret_5,100,0.37
2018-12-20,ret_5,100,0.33999999999999997
2018-12-21,ret_5,100,0.4
2018-12-24,ret_5,100,0.48
2018-12-25,ret_5,99,0.33999999999999997
2018-12-26,ret_5,99,0.23232323232323238
2018-12-27,ret_5,99,0.303030303030303
2018-12-28,ret_5,91,0.3535353535353535
2019-01-02,ret_5,91,0.39560439560439564
2019-01-03,ret_5,91,0.4065934065934066
2019-01-04,ret_5,91,0.2857142857142857
2019-01-07,ret_5,91,0.2857142857142857
2019-01-08,ret_5,100,0.29670329670329665
2019-01-09,ret_5,100,0.35
2019-01-10,ret_5,100,0.32999999999999996
2019-01-11,ret_5,100,0.26
2019-01-14,ret_5,100,0.36
2019-01-15,ret_5,100,0.33999999999999997
2019-01-16,ret_5,100,0.4
2019-01-17,ret_5,100,0.43000000000000005
2019-01-18,ret_5,100,0.32999999999999996
2019-01-21,ret_5,100,0.33999999999999997
2019-01-22,ret_5,100,0.29000000000000004
2019-01-23,ret_5,100,0.26
2019-01-24,ret_5,100,0.36
2019-01-25,ret_5,100,0.32999999999999996
2019-01-28,ret_5,100,0.35
2019-01-29,ret_5,100,0.31999999999999995
2019-01-30,ret_5,100,0.31000000000000005
2019-01-31,ret_5,100,0.29000000000000004
2019-02-01,ret_5,100,0.32999999999999996
2019-02-11,ret_5,100,0.33999999999999997
2019-02-12,ret_5,100,0.44999999999999996
2019-02-13,ret_5,100,0.41000000000000003
2019-02-14,ret_5,100,0.43000000000000005
2019-02-15,ret_5,100,0.24
2019-02-18,ret_5,100,0.27
2019-02-19,ret_5,100,0.35
2019-02-20,ret_5,100,0.25
2019-02-21,ret_5,100,0.32999999999999996
2019-02-22,ret_5,100,0.35
2019-02-25,ret_5,100,0.26
2019-02-26,ret_5,100,0.37
2019-02-27,ret_5,100,0.26
2019-02-28,ret_5,100,0.32999999999999996
2019-03-01,ret_5,100,0.27
2019-03-04,ret_5,100,0.24
2019-03-05,ret_5,100,0.55
2019-03-06,ret_5,99,0.39
2019-03-07,ret_5,100,0.38383838383838387
2019-03-08,ret_5,100,0.25
2019-03-11,ret_5,100,0.18999999999999995
2019-03-12,ret_5,100,0.24
2019-03-13,ret_5,99,0.37
2019-03-14,ret_5,100,0.4242424242424242
2019-03-15,ret_5,100,0.38
2019-03-18,ret_5,100,0.37
2019-03-19,ret_5,100,0.19999999999999996
2019-03-20,ret_5,100,0.30000000000000004
2019-03-21,ret_5,100,0.43000000000000005
2019-03-22,ret_5,100,0.31999999999999995
2019-03-25,ret_5,99,0.36
2019-03-26,ret_5,99,0.31313131313131315
2019-03-27,ret_5,99,0.2525252525252525
2019-03-28,ret_5,99,0.3232323232323232
2019-03-29,ret_5,99,0.33333333333333337
2019-04-01,ret_5,99,0.303030303030303
2019-04-02,ret_5,100,0.29292929292929293
2019-04-03,ret_5,99,0.36
2019-04-04,ret_5,99,0.2828282828282829
2019-04-08,ret_5,100,0.3232323232323232
2019-04-09,ret_5,100,0.24
2019-04-10,ret_5,100,0.31999999999999995
2019-04-11,ret_5,99,0.33999999999999997
2019-04-12,ret_5,96,0.3434343434343434
2019-04-15,ret_5,100,0.34375
2019-04-16,ret_5,100,0.37
2019-04-17,ret_5,100,0.33999999999999997
2019-04-18,ret_5,100,0.27
2019-04-19,ret_5,100,0.21999999999999997
2019-04-22,ret_5,100,0.31000000000000005
2019-04-23,ret_5,100,0.31999999999999995
2019-04-24,ret_5,100,0.32999999999999996
2019-04-25,ret_5,99,0.32999999999999996
2019-04-26,ret_5,99,0.3434343434343434
2019-04-29,ret_5,99,0.3939393939393939
2019-04-30,ret_5,99,0.303030303030303
2019-05-06,ret_5,100,0.33333333333333337
2019-05-07,ret_5,99,0.21999999999999997
2019-05-08,ret_5,99,0.19191919191919193
2019-05-09,ret_5,99,0.3535353535353535
2019-05-10,ret_5,99,0.3434343434343434
2019-05-13,ret_5,99,0.41414141414141414
2019-05-14,ret_5,99,0.3434343434343434
2019-05-15,ret_5,100,0.3232323232323232
2019-05-16,ret_5,100,0.38
2019-05-17,ret_5,100,0.31000000000000005
2019-05-20,ret_5,99,0.43000000000000005
2019-05-21,ret_5,99,0.26262626262626265
2019-05-22,ret_5,99,0.303030303030303
2019-05-23,ret_5,99,0.31313131313131315
2019-05-24,ret_5,99,0.4040404040404041
2019-05-27,ret_5,99,0.4040404040404041
2019-05-28,ret_5,99,0.38383838383838387
2019-05-29,ret_5,99,0.4545454545454546
2019-05-30,ret_5,99,0.3737373737373737
2019-05-31,ret_5,99,0.3434343434343434
2019-06-03,ret_5,99,0.3737373737373737
2019-06-04,ret_5,99,0.3232323232323232
2019-06-05,ret_5,99,0.24242424242424243
2019-06-06,ret_5,99,0.2828282828282829
2019-06-10,ret_5,99,0.29292929292929293
2019-06-11,ret_5,99,0.4444444444444444
2019-06-12,ret_5,99,0.43434343434343436
2019-06-13,ret_5,100,0.3535353535353535
2019-06-14,ret_5,100,0.31999999999999995
2019-06-17,ret_5,99,0.35
2019-06-18,ret_5,99,0.3434343434343434
2019-06-19,ret_5,100,0.38383838383838387
2019-06-20,ret_5,100,0.43000000000000005
2019-06-21,ret_5,100,0.42000000000000004
2019-06-24,ret_5,100,0.41000000000000003
2019-06-25,ret_5,99,0.24
2019-06-26,ret_5,99,0.31313131313131315
2019-06-27,ret_5,99,0.29292929292929293
2019-06-28,ret_5,92,0.4747474747474747
2019-07-01,ret_5,92,0.3586956521739131
2019-07-02,ret_5,92,0.25
2019-07-03,ret_5,92,0.30434782608695654
2019-07-04,ret_5,92,0.3152173913043478
2019-07-05,ret_5,100,0.25
2019-07-08,ret_5,100,0.30000000000000004
2019-07-09,ret_5,100,0.28
2019-07-10,ret_5,100,0.26
2019-07-11,ret_5,100,0.30000000000000004
2019-07-12,ret_5,100,0.29000000000000004
2019-07-15,ret_5,100,0.4
2019-07-16,ret_5,100,0.31999999999999995
2019-07-17,ret_5,100,0.33999999999999997
2019-07-18,ret_5,100,0.26
2019-07-19,ret_5,100,0.28
2019-07-22,ret_5,100,0.42000000000000004
2019-07-23,ret_5,100,0.31000000000000005
2019-07-24,ret_5,100,0.33999999999999997
2019-07-25,ret_5,100,0.28
2019-07-26,ret_5,100,0.25
2019-07-29,ret_5,100,0.35
2019-07-30,ret_5,100,0.29000000000000004
2019-07-31,ret_5,100,0.30000000000000004
2019-08-01,ret_5,100,0.28
2019-08-02,ret_5,99,0.32999999999999996
2019-08-05,ret_5,100,0.26262626262626265
2019-08-06,ret_5,100,0.26
2019-08-07,ret_5,100,0.28
2019-08-08,ret_5,100,0.19999999999999996
2019-08-09,ret_5,100,0.26
2019-08-12,ret_5,100,0.35
2019-08-13,ret_5,100,0.31000000000000005
2019-08-14,ret_5,100,0.31999999999999995
2019-08-15,ret_5,100,0.22999999999999998
2019-08-16,ret_5,100,0.25
2019-08-19,ret_5,100,0.27
2019-08-20,ret_5,100,0.26
2019-08-21,ret_5,100,0.28
2019-08-22,ret_5,100,0.31000000000000005
2019-08-23,ret_5,100,0.30000000000000004
2019-08-26,ret_5,100,0.31000000000000005
2019-08-27,ret_5,100,0.31999999999999995
2019-08-28,ret_5,100,0.32999999999999996
2019-08-29,ret_5,100,0.25
2019-08-30,ret_5,100,0.31999999999999995
2019-09-02,ret_5,100,0.30000000000000004
2019-09-03,ret_5,100,0.31999999999999995
2019-09-04,ret_5,100,0.22999999999999998
2019-09-05,ret_5,100,0.35
2019-09-06,ret_5,100,0.32999999999999996
2019-09-09,ret_5,100,0.25
2019-09-10,ret_5,100,0.37
2019-09-11,ret_5,100,0.26
2019-09-12,ret_5,100,0.30000000000000004
2019-09-16,ret_5,100,0.33999999999999997
2019-09-17,ret_5,100,0.43999999999999995
2019-09-18,ret_5,100,0.43000000000000005
2019-09-19,ret_5,100,0.28
2019-09-20,ret_5,100,0.33999999999999997
2019-09-23,ret_5,100,0.31999999999999995
2019-09-24,ret_5,100,0.28
2019-09-25,ret_5,100,0.30000000000000004
2019-09-26,ret_5,100,0.35
2019-09-27,ret_5,100,0.30000000000000004
2019-09-30,ret_5,100,0.30000000000000004
2019-10-08,ret_5,100,0.35
2019-10-09,ret_5,100,0.39
2019-10-10,ret_5,99,0.42000000000000004
2019-10-11,ret_5,99,0.3939393939393939
2019-10-14,ret_5,100,0.4040404040404041
2019-10-15,ret_5,100,0.32999999999999996
2019-10-16,ret_5,100,0.31000000000000005
2019-10-17,ret_5,100,0.30000000000000004
2019-10-18,ret_5,100,0.35
2019-10-21,ret_5,100,0.38
2019-10-22,ret_5,100,0.38
2019-10-23,ret_5,100,0.4
2019-10-24,ret_5,100,0.32999999999999996
2019-10-25,ret_5,100,0.37
2019-10-28,ret_5,100,0.47
2019-10-29,ret_5,100,0.39
2019-10-30,ret_5,100,0.36
2019-10-31,ret_5,100,0.24
2019-11-01,ret_5,100,0.20999999999999996
2019-11-04,ret_5,100,0.25
2019-11-05,ret_5,100,0.31999999999999995
2019-11-06,ret_5,100,0.20999999999999996
2019-11-07,ret_5,100,0.25
2019-11-08,ret_5,100,0.29000000000000004
2019-11-11,ret_5,98,0.26
2019-11-12,ret_5,100,0.3163265306122449
2019-11-13,ret_5,100,0.29000000000000004
2019-11-14,ret_5,100,0.30000000000000004
2019-11-15,ret_5,100,0.28
2019-11-18,ret_5,100,0.29000000000000004
2019-11-19,ret_5,100,0.30000000000000004
2019-11-20,ret_5,100,0.28
2019-11-21,ret_5,100,0.32999999999999996
2019-11-22,ret_5,100,0.33999999999999997
2019-11-25,ret_5,100,0.32999999999999996
2019-11-26,ret_5,100,0.26
2019-11-27,ret_5,100,0.31999999999999995
2019-11-28,ret_5,100,0.31000000000000005
2019-11-29,ret_5,100,0.4
2019-12-02,ret_5,100,0.45999999999999996
2019-12-03,ret_5,100,0.29000000000000004
2019-12-04,ret_5,100,0.32999999999999996
2019-12-05,ret_5,100,0.33999999999999997
2019-12-06,ret_5,100,0.29000000000000004
2019-12-09,ret_5,100,0.29000000000000004
2019-12-10,ret_5,100,0.26
2019-12-11,ret_5,100,0.31999999999999995
2019-12-12,ret_5,100,0.27
2019-12-13,ret_5,100,0.31000000000000005
2019-12-16,ret_5,100,0.39
2019-12-17,ret_5,100,0.39
2019-12-18,ret_5,100,0.35
2019-12-19,ret_5,100,0.35
2019-12-20,ret_5,100,0.29000000000000004
2019-12-23,ret_5,100,0.36
2019-12-24,ret_5,100,0.31999999999999995
2019-12-25,ret_5,100,0.31000000000000005
2019-12-26,ret_5,100,0.26
2019-12-27,ret_5,100,0.30000000000000004
2019-12-30,ret_5,100,0.31000000000000005
2019-12-31,ret_5,92,0.44999999999999996
2020-01-02,ret_5,92,0.3369565217391305
2020-01-03,ret_5,92,0.3804347826086957
2020-01-06,ret_5,92,0.3913043478260869
2020-01-07,ret_5,92,0.2717391304347826
2020-01-08,ret_5,100,0.23913043478260865
2020-01-09,ret_5,100,0.20999999999999996
2020-01-10,ret_5,100,0.30000000000000004
2020-01-13,ret_5,100,0.31999999999999995
2020-01-14,ret_5,100,0.36
2020-01-15,ret_5,100,0.33999999999999997
2020-01-16,ret_5,100,0.28
2020-01-17,ret_5,100,0.22999999999999998
2020-01-20,ret_5,100,0.30000000000000004
2020-01-21,ret_5,100,0.30000000000000004
2020-01-22,ret_5,100,0.27
2020-01-23,ret_5,100,0.24
2020-02-03,ret_5,100,0.12
2020-02-04,ret_5,100,0.18999999999999995
2020-02-05,ret_5,100,0.13
2020-02-06,ret_5,100,0.18000000000000005
2020-02-07,ret_5,100,0.18000000000000005
2020-02-10,ret_5,100,0.29000000000000004
2020-02-11,ret_5,100,0.4
2020-02-12,ret_5,100,0.30000000000000004
2020-02-13,ret_5,100,0.32999999999999996
2020-02-14,ret_5,100,0.37
2020-02-17,ret_5,100,0.39
2020-02-18,ret_5,100,0.31999999999999995
2020-02-19,ret_5,100,0.33999999999999997
2020-02-20,ret_5,100,0.31000000000000005
2020-02-21,ret_5,100,0.22999999999999998
2020-02-24,ret_5,100,0.27
2020-02-25,ret_5,100,0.26
2020-02-26,ret_5,100,0.28
2020-02-27,ret_5,100,0.31999999999999995
2020-02-28,ret_5,100,0.33999999999999997
2020-03-02,ret_5,100,0.28
2020-03-03,ret_5,100,0.25
2020-03-04,ret_5,100,0.30000000000000004
2020-03-05,ret_5,100,0.36
2020-03-06,ret_5,100,0.4
2020-03-09,ret_5,100,0.39
2020-03-10,ret_5,100,0.31000000000000005
2020-03-11,ret_5,100,0.31000000000000005
2020-03-12,ret_5,100,0.29000000000000004
2020-03-13,ret_5,100,0.27
2020-03-16,ret_5,100,0.29000000000000004
2020-03-17,ret_5,100,0.31000000000000005
2020-03-18,ret_5,100,0.24
2020-03-19,ret_5,100,0.31000000000000005
2020-03-20,ret_5,100,0.28
2020-03-23,ret_5,100,0.31999999999999995
2020-03-24,ret_5,100,0.28
2020-03-25,ret_5,100,0.21999999999999997
2020-03-26,ret_5,99,0.33999999999999997
2020-03-27,ret_5,100,0.2727272727272727
2020-03-30,ret_5,100,0.26
2020-03-31,ret_5,100,0.22999999999999998
2020-04-01,ret_5,100,0.27
2020-04-02,ret_5,100,0.39
2020-04-03,ret_5,100,0.31000000000000005
2020-04-07,ret_5,100,0.35
2020-04-08,ret_5,100,0.4
2020-04-09,ret_5,100,0.32999999999999996
2020-04-10,ret_5,100,0.33999999999999997
2020-04-13,ret_5,100,0.28
2020-04-14,ret_5,100,0.27
2020-04-15,ret_5,100,0.31000000000000005
2020-04-16,ret_5,100,0.22999999999999998
2020-04-17,ret_5,100,0.36
2020-04-20,ret_5,100,0.30000000000000004
2020-04-21,ret_5,100,0.30000000000000004
2020-04-22,ret_5,100,0.29000000000000004
2020-04-23,ret_5,100,0.33999999999999997
2020-04-24,ret_5,100,0.30000000000000004
2020-04-27,ret_5,100,0.27
2020-04-28,ret_5,100,0.38
2020-04-29,ret_5,100,0.35
2020-04-30,ret_5,100,0.42000000000000004
2020-05-06,ret_5,100,0.26
2020-05-07,ret_5,100,0.21999999999999997
2020-05-08,ret_5,100,0.29000000000000004
2020-05-11,ret_5,100,0.31999999999999995
2020-05-12,ret_5,100,0.36
2020-05-13,ret_5,100,0.31000000000000005
2020-05-14,ret_5,100,0.31000000000000005
2020-05-15,ret_5,100,0.29000000000000004
2020-05-18,ret_5,100,0.30000000000000004
2020-05-19,ret_5,100,0.21999999999999997
2020-05-20,ret_5,100,0.31999999999999995
2020-05-21,ret_5,100,0.31999999999999995
2020-05-22,ret_5,100,0.26
2020-05-25,ret_5,100,0.31000000000000005
2020-05-26,ret_5,100,0.33999999999999997
2020-05-27,ret_5,100,0.30000000000000004
2020-05-28,ret_5,100,0.31000000000000005
2020-05-29,ret_5,100,0.33999999999999997
2020-06-01,ret_5,100,0.38
2020-06-02,ret_5,100,0.29000000000000004
2020-06-03,ret_5,100,0.25
2020-06-04,ret_5,100,0.24
2020-06-05,ret_5,100,0.27
2020-06-08,ret_5,100,0.32999999999999996
2020-06-09,ret_5,100,0.35
2020-06-10,ret_5,100,0.31000000000000005
2020-06-11,ret_5,100,0.31999999999999995
2020-06-12,ret_5,100,0.27
2020-06-15,ret_5,100,0.31999999999999995
2020-06-16,ret_5,100,0.20999999999999996
2020-06-17,ret_5,100,0.30000000000000004
2020-06-18,ret_5,100,0.30000000000000004
2020-06-19,ret_5,100,0.33999999999999997
2020-06-22,ret_5,100,0.37
2020-06-23,ret_5,99,0.29000000000000004
2020-06-24,ret_5,99,0.33333333333333337
2020-06-29,ret_5,100,0.31313131313131315
2020-06-30,ret_5,91,0.41000000000000003
2020-07-01,ret_5,91,0.3516483516483516
2020-07-02,ret_5,91,0.39560439560439564
2020-07-03,ret_5,91,0.3846153846153846
2020-07-06,ret_5,91,0.27472527472527475
2020-07-07,ret_5,100,0.19780219780219777
2020-07-08,ret_5,100,0.20999999999999996
2020-07-09,ret_5,100,0.29000000000000004
2020-07-10,ret_5,100,0.37
2020-07-13,ret_5,100,0.25
2020-07-14,ret_5,100,0.33999999999999997
2020-07-15,ret_5,100,0.45999999999999996
2020-07-16,ret_5,100,0.37
2020-07-17,ret_5,100,0.35
2020-07-20,ret_5,100,0.33999999999999997
2020-07-21,ret_5,100,0.35
2020-07-22,ret_5,100,0.33999999999999997
2020-07-23,ret_5,100,0.31999999999999995
2020-07-24,ret_5,100,0.32999999999999996
2020-07-27,ret_5,100,0.42000000000000004
2020-07-28,ret_5,100,0.26
2020-07-29,ret_5,99,0.26
2020-07-30,ret_5,99,0.3232323232323232
2020-07-31,ret_5,99,0.303030303030303
2017-01-18,ret_10,92,0.19565217391304346
2017-01-19,ret_10,93,0.15217391304347827
2017-01-20,ret_10,93,0.17204301075268813
2017-01-23,ret_10,93,0.21505376344086025
2017-01-24,ret_10,93,0.21505376344086025
2017-01-25,ret_10,92,0.12903225806451613
2017-01-26,ret_10,93,0.21739130434782605
2017-02-03,ret_10,93,0.27956989247311825
2017-02-06,ret_10,92,0.3978494623655914
2017-02-07,ret_10,92,0.28260869565217395
2017-02-08,ret_10,93,0.26086956521739135
2017-02-09,ret_10,93,0.34408602150537637
2017-02-10,ret_10,92,0.27956989247311825
2017-02-13,ret_10,93,0.21739130434782605
2017-02-14,ret_10,93,0.26881720430107525
2017-02-15,ret_10,93,0.26881720430107525
2017-02-16,ret_10,94,0.18279569892473113
2017-02-17,ret_10,93,0.23404255319148937
2017-02-20,ret_10,92,0.23655913978494625
2017-02-21,ret_10,92,0.21739130434782605
2017-02-22,ret_10,92,0.2717391304347826
2017-02-23,ret_10,92,0.26086956521739135
2017-02-24,ret_10,93,0.28260869565217395
2017-02-27,ret_10,93,0.30107526881720426
2017-02-28,ret_10,93,0.22580645161290325
2017-03-01,ret_10,93,0.26881720430107525
2017-03-02,ret_10,94,0.25806451612903225
2017-03-03,ret_10,94,0.25531914893617025
2017-03-06,ret_10,92,0.21276595744680848
2017-03-07,ret_10,93,0.2282608695652174
2017-03-08,ret_10,93,0.21505376344086025
2017-03-09,ret_10,93,0.22580645161290325
2017-03-10,ret_10,93,0.21505376344086025
2017-03-13,ret_10,93,0.20430107526881724
2017-03-14,ret_10,93,0.21505376344086025
2017-03-15,ret_10,93,0.19354838709677424
2017-03-16,ret_10,93,0.19354838709677424
2017-03-17,ret_10,93,0.22580645161290325
2017-03-20,ret_10,93,0.31182795698924726
2017-03-21,ret_10,93,0.26881720430107525
2017-03-22,ret_10,93,0.23655913978494625
2017-03-23,ret_10,93,0.21505376344086025
2017-03-24,ret_10,93,0.20430107526881724
2017-03-27,ret_10,93,0.21505376344086025
2017-03-28,ret_10,93,0.19354838709677424
2017-03-29,ret_10,93,0.20430107526881724
2017-03-30,ret_10,93,0.18279569892473113
2017-03-31,ret_10,93,0.16129032258064513
2017-04-05,ret_10,92,0.31182795698924726
2017-04-06,ret_10,93,0.1630434782608695
2017-04-07,ret_10,93,0.26881720430107525
2017-04-10,ret_10,92,0.17204301075268813
2017-04-11,ret_10,93,0.2065217391304348
2017-04-12,ret_10,93,0.24731182795698925
2017-04-13,ret_10,92,0.25806451612903225
2017-04-14,ret_10,92,0.17391304347826086
2017-04-17,ret_10,92,0.23913043478260865
2017-04-18,ret_10,92,0.18478260869565222
2017-04-19,ret_10,92,0.21739130434782605
2017-04-20,ret_10,93,0.2717391304347826
2017-04-21,ret_10,92,0.20430107526881724
2017-04-24,ret_10,91,0.3152173913043478
2017-04-25,ret_10,92,0.20879120879120883
2017-04-26,ret_10,92,0.18478260869565222
2017-04-27,ret_10,91,0.1630434782608695
2017-04-28,ret_10,91,0.17582417582417587
2017-05-02,ret_10,92,0.21978021978021978
2017-05-03,ret_10,92,0.26086956521739135
2017-05-04,ret_10,92,0.2717391304347826
2017-05-05,ret_10,92,0.23913043478260865
2017-05-08,ret_10,92,0.26086956521739135
2017-05-09,ret_10,92,0.3152173913043478
2017-05-10,ret_10,92,0.26086956521739135
2017-05-11,ret_10,92,0.19565217391304346
2017-05-12,ret_10,92,0.21739130434782605
2017-05-15,ret_10,92,0.2065217391304348
2017-05-16,ret_10,93,0.2282608695652174
2017-05-17,ret_10,93,0.21505376344086025
2017-05-18,ret_10,92,0.21505376344086025
2017-05-19,ret_10,92,0.23913043478260865
2017-05-22,ret_10,92,0.26086956521739135
2017-05-23,ret_10,93,0.2717391304347826
2017-05-24,ret_10,93,0.27956989247311825
2017-05-25,ret_10,93,0.27956989247311825
2017-05-26,ret_10,93,0.12903225806451613
2017-05-31,ret_10,93,0.15053763440860213
2017-06-01,ret_10,93,0.21505376344086025
2017-06-02,ret_10,91,0.19354838709677424
2017-06-05,ret_10,94,0.15384615384615385
2017-06-06,ret_10,94,0.2021276595744681
2017-06-07,ret_10,94,0.3085106382978723
2017-06-08,ret_10,94,0.35106382978723405
2017-06-09,ret_10,94,0.3085106382978723
2017-06-12,ret_10,94,0.32978723404255317
2017-06-13,ret_10,94,0.23404255319148937
2017-06-14,ret_10,94,0.2872340425531915
2017-06-15,ret_10,94,0.4148936170212766
2017-06-16,ret_10,93,0.25531914893617025
2017-06-19,ret_10,94,0.24731182795698925
2017-06-20,ret_10,94,0.2978723404255319
2017-06-21,ret_10,94,0.24468085106382975
2017-06-22,ret_10,93,0.276595744680851
2017-06-23,ret_10,94,0.19354838709677424
2017-06-26,ret_10,94,0.2978723404255319
2017-06-27,ret_10,95,0.2021276595744681
2017-06-28,ret_10,95,0.2315789473684211
2017-06-29,ret_10,94,0.26315789473684215
2017-06-30,ret_10,84,0.3191489361702128
2017-07-03,ret_10,85,0.23809523809523814
2017-07-04,ret_10,85,0.18823529411764706
2017-07-05,ret_10,85,0.17647058823529416
2017-07-06,ret_10,85,0.19999999999999996
2017-07-07,ret_10,85,0.19999999999999996
2017-07-10,ret_10,85,0.19999999999999996
2017-07-11,ret_10,85,0.15294117647058825
2017-07-12,ret_10,85,0.15294117647058825
2017-07-13,ret_10,85,0.16470588235294115
2017-07-14,ret_10,95,0.12941176470588234
2017-07-17,ret_10,94,0.26315789473684215
2017-07-18,ret_10,94,0.17021276595744683
2017-07-19,ret_10,94,0.13829787234042556
2017-07-20,ret_10,94,0.1063829787234043
2017-07-21,ret_10,94,0.17021276595744683
2017-07-24,ret_10,94,0.21276595744680848
2017-07-25,ret_10,94,0.18085106382978722
2017-07-26,ret_10,95,0.18085106382978722
2017-07-27,ret_10,95,0.2421052631578947
2017-07-28,ret_10,94,0.27368421052631575
2017-07-31,ret_10,94,0.2021276595744681
2017-08-01,ret_10,94,0.17021276595744683
2017-08-02,ret_10,94,0.2978723404255319
2017-08-03,ret_10,93,0.276595744680851
2017-08-04,ret_10,93,0.20430107526881724
2017-08-07,ret_10,94,0.18279569892473113
2017-08-08,ret_10,94,0.19148936170212771
2017-08-09,ret_10,94,0.276595744680851
2017-08-10,ret_10,94,0.2021276595744681
2017-08-11,ret_10,94,0.35106382978723405
2017-08-14,ret_10,94,0.2872340425531915
2017-08-15,ret_10,94,0.23404255319148937
2017-08-16,ret_10,95,0.23404255319148937
2017-08-17,ret_10,94,0.19999999999999996
2017-08-18,ret_10,94,0.24468085106382975
2017-08-21,ret_10,94,0.19148936170212771
2017-08-22,ret_10,94,0.26595744680851063
2017-08-23,ret_10,94,0.21276595744680848
2017-08-24,ret_10,94,0.2978723404255319
2017-08-25,ret_10,94,0.22340425531914898
2017-08-28,ret_10,95,0.2021276595744681
2017-08-29,ret_10,95,0.2947368421052632
2017-08-30,ret_10,95,0.3263157894736842
2017-08-31,ret_10,95,0.17894736842105263
2017-09-01,ret_10,96,0.27368421052631575
2017-09-04,ret_10,96,0.27083333333333337
2017-09-05,ret_10,96,0.25
2017-09-06,ret_10,95,0.25
2017-09-07,ret_10,95,0.18947368421052635
2017-09-08,ret_10,95,0.16842105263157892
2017-09-11,ret_10,95,0.25263157894736843
2017-09-12,ret_10,95,0.21052631578947367
2017-09-13,ret_10,95,0.19999999999999996
2017-09-14,ret_10,96,0.21052631578947367
2017-09-15,ret_10,96,0.1875
2017-09-18,ret_10,96,0.21875
2017-09-19,ret_10,96,0.21875
2017-09-20,ret_10,96,0.1875
2017-09-21,ret_10,95,0.21875
2017-09-22,ret_10,95,0.21052631578947367
2017-09-25,ret_10,96,0.3263157894736842
2017-09-26,ret_10,96,0.19791666666666663
2017-09-27,ret_10,96,0.20833333333333337
2017-09-28,ret_10,96,0.20833333333333337
2017-09-29,ret_10,96,0.1875
2017-10-09,ret_10,95,0.25
2017-10-10,ret_10,95,0.2421052631578947
2017-10-11,ret_10,95,0.27368421052631575
2017-10-12,ret_10,95,0.18947368421052635
2017-10-13,ret_10,95,0.19999999999999996
2017-10-16,ret_10,95,0.2210526315789474
2017-10-17,ret_10,95,0.2315789473684211
2017-10-18,ret_10,95,0.2315789473684211
2017-10-19,ret_10,95,0.1578947368421053
2017-10-20,ret_10,95,0.19999999999999996
2017-10-23,ret_10,95,0.16842105263157892
2017-10-24,ret_10,95,0.27368421052631575
2017-10-25,ret_10,95,0.16842105263157892
2017-10-26,ret_10,95,0.26315789473684215
2017-10-27,ret_10,95,0.2947368421052632
2017-10-30,ret_10,95,0.17894736842105263
2017-10-31,ret_10,95,0.19999999999999996
2017-11-01,ret_10,95,0.21052631578947367
2017-11-02,ret_10,95,0.11578947368421055
2017-11-03,ret_10,95,0.1578947368421053
2017-11-06,ret_10,95,0.11578947368421055
2017-11-07,ret_10,95,0.10526315789473684
2017-11-08,ret_10,95,0.16842105263157892
2017-11-09,ret_10,95,0.10526315789473684
2017-11-10,ret_10,95,0.1578947368421053
2017-11-13,ret_10,95,0.19999999999999996
2017-11-14,ret_10,95,0.2210526315789474
2017-11-15,ret_10,95,0.2421052631578947
2017-11-16,ret_10,95,0.2315789473684211
2017-11-17,ret_10,95,0.12631578947368416
2017-11-20,ret_10,95,0.17894736842105263
2017-11-21,ret_10,95,0.16842105263157892
2017-11-22,ret_10,95,0.13684210526315788
2017-11-23,ret_10,94,0.26315789473684215
2017-11-24,ret_10,94,0.24468085106382975
2017-11-27,ret_10,93,0.24468085106382975
2017-11-28,ret_10,93,0.22580645161290325
2017-11-29,ret_10,93,0.29032258064516125
2017-11-30,ret_10,93,0.12903225806451613
2017-12-01,ret_10,93,0.24731182795698925
2017-12-04,ret_10,93,0.22580645161290325
2017-12-05,ret_10,93,0.30107526881720426
2017-12-06,ret_10,93,0.22580645161290325
2017-12-07,ret_10,93,0.27956989247311825
2017-12-08,ret_10,93,0.22580645161290325
2017-12-11,ret_10,93,0.3548387096774194
2017-12-12,ret_10,92,0.23655913978494625
2017-12-13,ret_10,93,0.23913043478260865
2017-12-14,ret_10,93,0.21505376344086025
2017-12-15,ret_10,93,0.23655913978494625
2017-12-18,ret_10,92,0.26881720430107525
2017-12-19,ret_10,92,0.2717391304347826
2017-12-20,ret_10,93,0.26086956521739135
2017-12-21,ret_10,93,0.23655913978494625
2017-12-22,ret_10,93,0.23655913978494625
2017-12-25,ret_10,93,0.24731182795698925
2017-12-26,ret_10,92,0.18279569892473113
2017-12-27,ret_10,92,0.21739130434782605
2017-12-28,ret_10,93,0.2717391304347826
2017-12-29,ret_10,84,0.25806451612903225
2018-01-02,ret_10,83,0.29761904761904767
2018-01-03,ret_10,83,0.20481927710843373
2018-01-04,ret_10,83,0.1807228915662651
2018-01-05,ret_10,83,0.24096385542168675
2018-01-08,ret_10,83,0.1807228915662651
2018-01-09,ret_10,83,0.27710843373493976
2018-01-10,ret_10,83,0.2168674698795181
2018-01-11,ret_10,84,0.2168674698795181
2018-01-12,ret_10,83,0.20238095238095233
2018-01-15,ret_10,93,0.3373493975903614
2018-01-16,ret_10,92,0.21505376344086025
2018-01-17,ret_10,92,0.25
2018-01-18,ret_10,91,0.21739130434782605
2018-01-19,ret_10,92,0.2417582417582418
2018-01-22,ret_10,91,0.25
2018-01-23,ret_10,91,0.23076923076923073
2018-01-24,ret_10,91,0.2857142857142857
2018-01-25,ret_10,91,0.27472527472527475
2018-01-26,ret_10,91,0.27472527472527475
2018-01-29,ret_10,92,0.3296703296703297
2018-01-30,ret_10,92,0.2934782608695652
2018-01-31,ret_10,92,0.3369565217391305
2018-02-01,ret_10,92,0.2717391304347826
2018-02-02,ret_10,91,0.25
2018-02-05,ret_10,90,0.19780219780219777
2018-02-06,ret_10,90,0.1777777777777778
2018-02-07,ret_10,90,0.1333333333333333
2018-02-08,ret_10,89,0.19999999999999996
2018-02-09,ret_10,90,0.2584269662921348
2018-02-12,ret_10,90,0.2666666666666667
2018-02-13,ret_10,90,0.19999999999999996
2018-02-14,ret_10,90,0.16666666666666663
2018-02-22,ret_10,91,0.2222222222222222
2018-02-23,ret_10,91,0.27472527472527475
2018-02-26,ret_10,90,0.2857142857142857
2018-02-27,ret_10,90,0.30000000000000004
2018-02-28,ret_10,90,0.2666666666666667
2018-03-01,ret_10,90,0.23333333333333328
2018-03-02,ret_10,90,0.24444444444444446
2018-03-05,ret_10,90,0.23333333333333328
2018-03-06,ret_10,90,0.19999999999999996
2018-03-07,ret_10,90,0.19999999999999996
2018-03-08,ret_10,91,0.16666666666666663
2018-03-09,ret_10,91,0.21978021978021978
2018-03-12,ret_10,92,0.23076923076923073
2018-03-13,ret_10,92,0.2934782608695652
2018-03-14,ret_10,92,0.28260869565217395
2018-03-15,ret_10,92,0.34782608695652173
2018-03-16,ret_10,92,0.3152173913043478
2018-03-19,ret_10,92,0.2934782608695652
2018-03-20,ret_10,92,0.3152173913043478
2018-03-21,ret_10,92,0.2717391304347826
2018-03-22,ret_10,93,0.32608695652173914
2018-03-23,ret_10,93,0.4408602150537635
2018-03-26,ret_10,92,0.26881720430107525
2018-03-27,ret_10,92,0.26086956521739135
2018-03-28,ret_10,92,0.19565217391304346
2018-03-29,ret_10,92,0.19565217391304346
2018-03-30,ret_10,92,0.21739130434782605
2018-04-02,ret_10,93,0.17391304347826086
2018-04-03,ret_10,93,0.21505376344086025
2018-04-04,ret_10,93,0.21505376344086025
2018-04-09,ret_10,93,0.17204301075268813
2018-04-10,ret_10,93,0.22580645161290325
2018-04-11,ret_10,93,0.25806451612903225
2018-04-12,ret_10,93,0.30107526881720426
2018-04-13,ret_10,93,0.25806451612903225
2018-04-16,ret_10,93,0.23655913978494625
2018-04-17,ret_10,92,0.25806451612903225
2018-04-18,ret_10,93,0.3152173913043478
2018-04-19,ret_10,93,0.22580645161290325
2018-04-20,ret_10,93,0.23655913978494625
2018-04-23,ret_10,93,0.26881720430107525
2018-04-24,ret_10,93,0.21505376344086025
2018-04-25,ret_10,93,0.19354838709677424
2018-04-26,ret_10,93,0.21505376344086025
2018-04-27,ret_10,93,0.19354838709677424
2018-05-02,ret_10,93,0.29032258064516125
2018-05-03,ret_10,93,0.24731182795698925
2018-05-04,ret_10,93,0.22580645161290325
2018-05-07,ret_10,93,0.16129032258064513
2018-05-08,ret_10,93,0.18279569892473113
2018-05-09,ret_10,93,0.21505376344086025
2018-05-10,ret_10,93,0.17204301075268813
2018-05-11,ret_10,93,0.26881720430107525
2018-05-14,ret_10,93,0.27956989247311825
2018-05-15,ret_10,93,0.21505376344086025
2018-05-16,ret_10,93,0.24731182795698925
2018-05-17,ret_10,93,0.20430107526881724
2018-05-18,ret_10,93,0.25806451612903225
2018-05-21,ret_10,93,0.27956989247311825
2018-05-22,ret_10,93,0.22580645161290325
2018-05-23,ret_10,93,0.26881720430107525
2018-05-24,ret_10,93,0.27956989247311825
2018-05-25,ret_10,93,0.23655913978494625
2018-05-28,ret_10,94,0.30107526881720426
2018-05-29,ret_10,94,0.23404255319148937
2018-05-30,ret_10,93,0.26595744680851063
2018-05-31,ret_10,93,0.17204301075268813
2018-06-01,ret_10,93,0.16129032258064513
2018-06-04,ret_10,93,0.19354838709677424
2018-06-05,ret_10,93,0.12903225806451613
2018-06-06,ret_10,92,0.20430107526881724
2018-06-07,ret_10,92,0.15217391304347827
2018-06-08,ret_10,93,0.19565217391304346
2018-06-11,ret_10,93,0.32258064516129037
2018-06-12,ret_10,93,0.26881720430107525
2018-06-13,ret_10,92,0.23655913978494625
2018-06-14,ret_10,92,0.21739130434782605
2018-06-15,ret_10,92,0.26086956521739135
2018-06-19,ret_10,91,0.3152173913043478
2018-06-20,ret_10,91,0.15384615384615385
2018-06-21,ret_10,91,0.18681318681318682
2018-06-22,ret_10,91,0.15384615384615385
2018-06-25,ret_10,91,0.09890109890109888
2018-06-26,ret_10,91,0.18681318681318682
2018-06-27,ret_10,92,0.19780219780219777
2018-06-28,ret_10,92,0.21739130434782605
2018-06-29,ret_10,83,0.2934782608695652
2018-07-02,ret_10,83,0.27710843373493976
2018-07-03,ret_10,83,0.32530120481927716
2018-07-04,ret_10,84,0.20481927710843373
2018-07-05,ret_10,84,0.26190476190476186
2018-07-06,ret_10,84,0.19047619047619047
2018-07-09,ret_10,84,0.20238095238095233
2018-07-10,ret_10,84,0.25
2018-07-11,ret_10,84,0.27380952380952384
2018-07-12,ret_10,84,0.20238095238095233
2018-07-13,ret_10,94,0.2142857142857143
2018-07-16,ret_10,94,0.21276595744680848
2018-07-17,ret_10,94,0.2872340425531915
2018-07-18,ret_10,94,0.21276595744680848
2018-07-19,ret_10,94,0.25531914893617025
2018-07-20,ret_10,94,0.21276595744680848
2018-07-23,ret_10,94,0.2872340425531915
2018-07-24,ret_10,94,0.2872340425531915
2018-07-25,ret_10,95,0.276595744680851
2018-07-26,ret_10,95,0.28421052631578947
2018-07-27,ret_10,95,0.19999999999999996
2018-07-30,ret_10,95,0.2421052631578947
2018-07-31,ret_10,95,0.2421052631578947
2018-08-01,ret_10,95,0.2315789473684211
2018-08-02,ret_10,95,0.19999999999999996
2018-08-03,ret_10,95,0.2210526315789474
2018-08-06,ret_10,95,0.26315789473684215
2018-08-07,ret_10,95,0.17894736842105263
2018-08-08,ret_10,95,0.17894736842105263
2018-08-09,ret_10,95,0.2210526315789474
2018-08-10,ret_10,95,0.19999999999999996
2018-08-13,ret_10,95,0.2421052631578947
2018-08-14,ret_10,95,0.21052631578947367
2018-08-15,ret_10,95,0.2210526315789474
2018-08-16,ret_10,95,0.3263157894736842
2018-08-17,ret_10,95,0.2947368421052632
2018-08-20,ret_10,95,0.27368421052631575
2018-08-21,ret_10,95,0.2315789473684211
2018-08-22,ret_10,95,0.2421052631578947
2018-08-23,ret_10,95,0.25263157894736843
2018-08-24,ret_10,95,0.2315789473684211
2018-08-27,ret_10,95,0.26315789473684215
2018-08-28,ret_10,96,0.19999999999999996
2018-08-29,ret_10,96,0.21875
2018-08-30,ret_10,96,0.26041666666666663
2018-08-31,ret_10,96,0.22916666666666663
2018-09-03,ret_10,96,0.27083333333333337
2018-09-04,ret_10,96,0.23958333333333337
2018-09-05,ret_10,96,0.17708333333333337
2018-09-06,ret_10,96,0.19791666666666663
2018-09-07,ret_10,96,0.20833333333333337
2018-09-10,ret_10,96,0.23958333333333337
2018-09-11,ret_10,96,0.19791666666666663
2018-09-12,ret_10,96,0.1875
2018-09-13,ret_10,96,0.20833333333333337
2018-09-14,ret_10,96,0.25
2018-09-17,ret_10,96,0.25
2018-09-18,ret_10,96,0.23958333333333337
2018-09-19,ret_10,96,0.27083333333333337
2018-09-20,ret_10,96,0.26041666666666663
2018-09-21,ret_10,96,0.27083333333333337
2018-09-25,ret_10,96,0.32291666666666663
2018-09-26,ret_10,96,0.27083333333333337
2018-09-27,ret_10,96,0.28125
2018-09-28,ret_10,96,0.20833333333333337
2018-10-08,ret_10,96,0.30208333333333337
2018-10-09,ret_10,96,0.26041666666666663
2018-10-10,ret_10,96,0.21875
2018-10-11,ret_10,96,0.25
2018-10-12,ret_10,96,0.15625
2018-10-15,ret_10,96,0.13541666666666663
2018-10-16,ret_10,97,0.1875
2018-10-17,ret_10,97,0.14432989690721654
2018-10-18,ret_10,96,0.15463917525773196
2018-10-19,ret_10,96,0.14583333333333337
2018-10-22,ret_10,96,0.28125
2018-10-23,ret_10,96,0.21875
2018-10-24,ret_10,97,0.17708333333333337
2018-10-25,ret_10,97,0.30927835051546393
2018-10-26,ret_10,97,0.2680412371134021
2018-10-29,ret_10,97,0.2680412371134021
2018-10-30,ret_10,98,0.27835051546391754
2018-10-31,ret_10,97,0.30612244897959184
2018-11-01,ret_10,97,0.27835051546391754
2018-11-02,ret_10,97,0.23711340206185572
2018-11-05,ret_10,97,0.25773195876288657
2018-11-06,ret_10,97,0.25773195876288657
2018-11-07,ret_10,97,0.23711340206185572
2018-11-08,ret_10,97,0.22680412371134018
2018-11-09,ret_10,97,0.23711340206185572
2018-11-12,ret_10,98,0.2680412371134021
2018-11-13,ret_10,98,0.26530612244897955
2018-11-14,ret_10,98,0.2551020408163265
2018-11-15,ret_10,98,0.16326530612244894
2018-11-16,ret_10,99,0.26530612244897955
2018-11-19,ret_10,99,0.26262626262626265
2018-11-20,ret_10,99,0.2727272727272727
2018-11-21,ret_10,99,0.26262626262626265
2018-11-22,ret_10,99,0.19191919191919193
2018-11-23,ret_10,99,0.26262626262626265
2018-11-26,ret_10,99,0.26262626262626265
2018-11-27,ret_10,99,0.2222222222222222
2018-11-28,ret_10,99,0.31313131313131315
2018-11-29,ret_10,99,0.33333333333333337
2018-11-30,ret_10,100,0.2525252525252525
2018-12-03,ret_10,100,0.31999999999999995
2018-12-04,ret_10,100,0.26
2018-12-05,ret_10,100,0.30000000000000004
2018-12-06,ret_10,100,0.27
2018-12-07,ret_10,100,0.28
2018-12-10,ret_10,100,0.22999999999999998
2018-12-11,ret_10,100,0.21999999999999997
2018-12-12,ret_10,100,0.18000000000000005
2018-12-13,ret_10,100,0.22999999999999998
2018-12-14,ret_10,100,0.22999999999999998
2018-12-17,ret_10,100,0.27
2018-12-18,ret_10,100,0.25
2018-12-19,ret_10,100,0.18000000000000005
2018-12-20,ret_10,100,0.21999999999999997
2018-12-21,ret_10,100,0.33999999999999997
2018-12-24,ret_10,100,0.30000000000000004
2018-12-25,ret_10,99,0.25
2018-12-26,ret_10,99,0.21212121212121215
2018-12-27,ret_10,99,0.24242424242424243
2018-12-28,ret_10,90,0.2828282828282829
2019-01-02,ret_10,91,0.19999999999999996
2019-01-03,ret_10,91,0.23076923076923073
2019-01-04,ret_10,90,0.25274725274725274
2019-01-07,ret_10,91,0.24444444444444446
2019-01-08,ret_10,91,0.2417582417582418
2019-01-09,ret_10,91,0.23076923076923073
2019-01-10,ret_10,91,0.18681318681318682
2019-01-11,ret_10,91,0.2417582417582418
2019-01-14,ret_10,91,0.18681318681318682
2019-01-15,ret_10,100,0.18681318681318682
2019-01-16,ret_10,100,0.22999999999999998
2019-01-17,ret_10,100,0.25
2019-01-18,ret_10,100,0.25
2019-01-21,ret_10,100,0.20999999999999996
2019-01-22,ret_10,100,0.20999999999999996
2019-01-23,ret_10,100,0.25
2019-01-24,ret_10,100,0.21999999999999997
2019-01-25,ret_10,100,0.22999999999999998
2019-01-28,ret_10,100,0.22999999999999998
2019-01-29,ret_10,100,0.21999999999999997
2019-01-30,ret_10,100,0.18999999999999995
2019-01-31,ret_10,100,0.18000000000000005
2019-02-01,ret_10,100,0.18999999999999995
2019-02-11,ret_10,100,0.18999999999999995
2019-02-12,ret_10,100,0.19999999999999996
2019-02-13,ret_10,100,0.22999999999999998
2019-02-14,ret_10,100,0.27
2019-02-15,ret_10,100,0.25
2019-02-18,ret_10,100,0.25
2019-02-19,ret_10,100,0.31000000000000005
2019-02-20,ret_10,100,0.21999999999999997
2019-02-21,ret_10,100,0.25
2019-02-22,ret_10,100,0.25
2019-02-25,ret_10,100,0.22999999999999998
2019-02-26,ret_10,100,0.26
2019-02-27,ret_10,100,0.20999999999999996
2019-02-28,ret_10,100,0.17000000000000004
2019-03-01,ret_10,100,0.20999999999999996
2019-03-04,ret_10,100,0.17000000000000004
2019-03-05,ret_10,100,0.24
2019-03-06,ret_10,99,0.24
2019-03-07,ret_10,100,0.2222222222222222
2019-03-08,ret_10,100,0.20999999999999996
2019-03-11,ret_10,100,0.16000000000000003
2019-03-12,ret_10,100,0.25
2019-03-13,ret_10,100,0.24
2019-03-14,ret_10,100,0.27
2019-03-15,ret_10,100,0.18000000000000005
2019-03-18,ret_10,100,0.25
2019-03-19,ret_10,100,0.25
2019-03-20,ret_10,99,0.24
2019-03-21,ret_10,100,0.29292929292929293
2019-03-22,ret_10,100,0.25
2019-03-25,ret_10,99,0.22999999999999998
2019-03-26,ret_10,99,0.24242424242424243
2019-03-27,ret_10,99,0.2525252525252525
2019-03-28,ret_10,99,0.21212121212121215
2019-03-29,ret_10,99,0.24242424242424243
2019-04-01,ret_10,100,0.1515151515151515
2019-04-02,ret_10,100,0.20999999999999996
2019-04-03,ret_10,99,0.18999999999999995
2019-04-04,ret_10,99,0.23232323232323238
2019-04-08,ret_10,100,0.29292929292929293
2019-04-09,ret_10,99,0.19999999999999996
2019-04-10,ret_10,99,0.21212121212121215
2019-04-11,ret_10,99,0.26262626262626265
2019-04-12,ret_10,100,0.202020202020202
2019-04-15,ret_10,100,0.20999999999999996
2019-04-16,ret_10,100,0.17000000000000004
2019-04-17,ret_10,100,0.20999999999999996
2019-04-18,ret_10,99,0.21999999999999997
2019-04-19,ret_10,100,0.202020202020202
2019-04-22,ret_10,100,0.28
2019-04-23,ret_10,100,0.27
2019-04-24,ret_10,100,0.21999999999999997
2019-04-25,ret_10,99,0.27
2019-04-26,ret_10,99,0.202020202020202
2019-04-29,ret_10,99,0.4040404040404041
2019-04-30,ret_10,99,0.2828282828282829
2019-05-06,ret_10,100,0.2727272727272727
2019-05-07,ret_10,100,0.13
2019-05-08,ret_10,100,0.18999999999999995
2019-05-09,ret_10,100,0.19999999999999996
2019-05-10,ret_10,99,0.18000000000000005
2019-05-13,ret_10,99,0.2222222222222222
2019-05-14,ret_10,99,0.2222222222222222
2019-05-15,ret_10,99,0.18181818181818177
2019-05-16,ret_10,99,0.31313131313131315
2019-05-17,ret_10,99,0.202020202020202
2019-05-20,ret_10,99,0.3737373737373737
2019-05-21,ret_10,99,0.2222222222222222
2019-05-22,ret_10,99,0.18181818181818177
2019-05-23,ret_10,99,0.202020202020202
2019-05-24,ret_10,99,0.2727272727272727
2019-05-27,ret_10,99,0.26262626262626265
2019-05-28,ret_10,99,0.19191919191919193
2019-05-29,ret_10,99,0.18181818181818177
2019-05-30,ret_10,99,0.23232323232323238
2019-05-31,ret_10,99,0.21212121212121215
2019-06-03,ret_10,99,0.303030303030303
2019-06-04,ret_10,99,0.23232323232323238
2019-06-05,ret_10,99,0.19191919191919193
2019-06-06,ret_10,97,0.23232323232323238
2019-06-10,ret_10,99,0.25773195876288657
2019-06-11,ret_10,99,0.16161616161616166
2019-06-12,ret_10,99,0.18181818181818177
2019-06-13,ret_10,99,0.23232323232323238
2019-06-14,ret_10,99,0.24242424242424243
2019-06-17,ret_10,99,0.2727272727272727
2019-06-18,ret_10,99,0.2727272727272727
2019-06-19,ret_10,99,0.33333333333333337
2019-06-20,ret_10,99,0.33333333333333337
2019-06-21,ret_10,99,0.4040404040404041
2019-06-24,ret_10,100,0.33333333333333337
2019-06-25,ret_10,100,0.22999999999999998
2019-06-26,ret_10,100,0.25
2019-06-27,ret_10,100,0.26
2019-06-28,ret_10,92,0.25
2019-07-01,ret_10,92,0.25
2019-07-02,ret_10,92,0.2282608695652174
2019-07-03,ret_10,92,0.23913043478260865
2019-07-04,ret_10,92,0.25
2019-07-05,ret_10,92,0.25
2019-07-08,ret_10,92,0.1630434782608695
2019-07-09,ret_10,92,0.17391304347826086
2019-07-10,ret_10,92,0.15217391304347827
2019-07-11,ret_10,92,0.18478260869565222
2019-07-12,ret_10,100,0.17391304347826086
2019-07-15,ret_10,100,0.24
2019-07-16,ret_10,100,0.21999999999999997
2019-07-17,ret_10,100,0.22999999999999998
2019-07-18,ret_10,100,0.26
2019-07-19,ret_10,100,0.25
2019-07-22,ret_10,100,0.25
2019-07-23,ret_10,100,0.18999999999999995
2019-07-24,ret_10,100,0.21999999999999997
2019-07-25,ret_10,100,0.22999999999999998
2019-07-26,ret_10,100,0.24
2019-07-29,ret_10,100,0.25
2019-07-30,ret_10,100,0.24
2019-07-31,ret_10,100,0.21999999999999997
2019-08-01,ret_10,100,0.16000000000000003
2019-08-02,ret_10,100,0.24
2019-08-05,ret_10,100,0.24
2019-08-06,ret_10,100,0.16000000000000003
2019-08-07,ret_10,100,0.21999999999999997
2019-08-08,ret_10,100,0.16000000000000003
2019-08-09,ret_10,100,0.17000000000000004
2019-08-12,ret_10,100,0.15000000000000002
2019-08-13,ret_10,100,0.13
2019-08-14,ret_10,100,0.14
2019-08-15,ret_10,100,0.18000000000000005
2019-08-16,ret_10,100,0.21999999999999997
2019-08-19,ret_10,100,0.24
2019-08-20,ret_10,100,0.21999999999999997
2019-08-21,ret_10,100,0.18000000000000005
2019-08-22,ret_10,100,0.16000000000000003
2019-08-23,ret_10,100,0.16000000000000003
2019-08-26,ret_10,100,0.19999999999999996
2019-08-27,ret_10,100,0.24
2019-08-28,ret_10,100,0.21999999999999997
2019-08-29,ret_10,100,0.22999999999999998
2019-08-30,ret_10,100,0.26
2019-09-02,ret_10,100,0.18999999999999995
2019-09-03,ret_10,100,0.15000000000000002
2019-09-04,ret_10,100,0.19999999999999996
2019-09-05,ret_10,100,0.22999999999999998
2019-09-06,ret_10,100,0.18999999999999995
2019-09-09,ret_10,100,0.21999999999999997
2019-09-10,ret_10,100,0.13
2019-09-11,ret_10,100,0.14
2019-09-12,ret_10,100,0.24
2019-09-16,ret_10,100,0.27
2019-09-17,ret_10,100,0.24
2019-09-18,ret_10,100,0.25
2019-09-19,ret_10,100,0.26
2019-09-20,ret_10,100,0.25
2019-09-23,ret_10,100,0.24
2019-09-24,ret_10,100,0.21999999999999997
2019-09-25,ret_10,100,0.19999999999999996
2019-09-26,ret_10,100,0.24
2019-09-27,ret_10,100,0.17000000000000004
2019-09-30,ret_10,100,0.19999999999999996
2019-10-08,ret_10,100,0.25
2019-10-09,ret_10,100,0.25
2019-10-10,ret_10,100,0.20999999999999996
2019-10-11,ret_10,100,0.19999999999999996
2019-10-14,ret_10,100,0.18000000000000005
2019-10-15,ret_10,100,0.21999999999999997
2019-10-16,ret_10,100,0.21999999999999997
2019-10-17,ret_10,99,0.30000000000000004
2019-10-18,ret_10,99,0.2828282828282829
2019-10-21,ret_10,100,0.2525252525252525
2019-10-22,ret_10,100,0.25
2019-10-23,ret_10,100,0.26
2019-10-24,ret_10,100,0.20999999999999996
2019-10-25,ret_10,100,0.18999999999999995
2019-10-28,ret_10,99,0.31000000000000005
2019-10-29,ret_10,99,0.2525252525252525
2019-10-30,ret_10,99,0.2222222222222222
2019-10-31,ret_10,100,0.2727272727272727
2019-11-01,ret_10,100,0.24
2019-11-04,ret_10,100,0.24
2019-11-05,ret_10,100,0.19999999999999996
2019-11-06,ret_10,100,0.15000000000000002
2019-11-07,ret_10,100,0.15000000000000002
2019-11-08,ret_10,100,0.19999999999999996
2019-11-11,ret_10,100,0.18000000000000005
2019-11-12,ret_10,100,0.18000000000000005
2019-11-13,ret_10,100,0.14
2019-11-14,ret_10,100,0.22999999999999998
2019-11-15,ret_10,100,0.18999999999999995
2019-11-18,ret_10,100,0.17000000000000004
2019-11-19,ret_10,100,0.18000000000000005
2019-11-20,ret_10,100,0.18999999999999995
2019-11-21,ret_10,100,0.21999999999999997
2019-11-22,ret_10,100,0.25
2019-11-25,ret_10,100,0.31999999999999995
2019-11-26,ret_10,100,0.29000000000000004
2019-11-27,ret_10,100,0.24
2019-11-28,ret_10,100,0.17000000000000004
2019-11-29,ret_10,100,0.21999999999999997
2019-12-02,ret_10,100,0.26
2019-12-03,ret_10,100,0.24
2019-12-04,ret_10,100,0.25
2019-12-05,ret_10,100,0.25
2019-12-06,ret_10,100,0.24
2019-12-09,ret_10,100,0.24
2019-12-10,ret_10,100,0.15000000000000002
2019-12-11,ret_10,100,0.18999999999999995
2019-12-12,ret_10,100,0.17000000000000004
2019-12-13,ret_10,100,0.18000000000000005
2019-12-16,ret_10,100,0.19999999999999996
2019-12-17,ret_10,100,0.26
2019-12-18,ret_10,100,0.22999999999999998
2019-12-19,ret_10,100,0.15000000000000002
2019-12-20,ret_10,100,0.28
2019-12-23,ret_10,100,0.29000000000000004
2019-12-24,ret_10,100,0.16000000000000003
2019-12-25,ret_10,100,0.17000000000000004
2019-12-26,ret_10,100,0.22999999999999998
2019-12-27,ret_10,100,0.21999999999999997
2019-12-30,ret_10,100,0.21999999999999997
2019-12-31,ret_10,92,0.33999999999999997
2020-01-02,ret_10,92,0.21739130434782605
2020-01-03,ret_10,92,0.25
2020-01-06,ret_10,92,0.2282608695652174
2020-01-07,ret_10,92,0.17391304347826086
2020-01-08,ret_10,92,0.18478260869565222
2020-01-09,ret_10,92,0.15217391304347827
2020-01-10,ret_10,92,0.17391304347826086
2020-01-13,ret_10,92,0.23913043478260865
2020-01-14,ret_10,92,0.18478260869565222
2020-01-15,ret_10,100,0.18478260869565222
2020-01-16,ret_10,100,0.17000000000000004
2020-01-17,ret_10,100,0.17000000000000004
2020-01-20,ret_10,100,0.21999999999999997
2020-01-21,ret_10,100,0.25
2020-01-22,ret_10,100,0.22999999999999998
2020-01-23,ret_10,100,0.14
2020-02-03,ret_10,100,0.14
2020-02-04,ret_10,100,0.15000000000000002
2020-02-05,ret_10,100,0.10999999999999999
2020-02-06,ret_10,100,0.12
2020-02-07,ret_10,100,0.12
2020-02-10,ret_10,100,0.10999999999999999
2020-02-11,ret_10,100,0.13
2020-02-12,ret_10,100,0.17000000000000004
2020-02-13,ret_10,100,0.14
2020-02-14,ret_10,100,0.15000000000000002
2020-02-17,ret_10,100,0.19999999999999996
2020-02-18,ret_10,100,0.44999999999999996
2020-02-19,ret_10,100,0.27
2020-02-20,ret_10,100,0.24
2020-02-21,ret_10,100,0.18000000000000005
2020-02-24,ret_10,100,0.26
2020-02-25,ret_10,100,0.13
2020-02-26,ret_10,100,0.24
2020-02-27,ret_10,100,0.25
2020-02-28,ret_10,100,0.25
2020-03-02,ret_10,100,0.18000000000000005
2020-03-03,ret_10,100,0.17000000000000004
2020-03-04,ret_10,100,0.19999999999999996
2020-03-05,ret_10,100,0.21999999999999997
2020-03-06,ret_10,100,0.19999999999999996
2020-03-09,ret_10,100,0.31999999999999995
2020-03-10,ret_10,100,0.24
2020-03-11,ret_10,100,0.27
2020-03-12,ret_10,100,0.20999999999999996
2020-03-13,ret_10,100,0.24
2020-03-16,ret_10,100,0.22999999999999998
2020-03-17,ret_10,100,0.18999999999999995
2020-03-18,ret_10,100,0.19999999999999996
2020-03-19,ret_10,100,0.26
2020-03-20,ret_10,99,0.19999999999999996
2020-03-23,ret_10,100,0.23232323232323238
2020-03-24,ret_10,100,0.26
2020-03-25,ret_10,100,0.19999999999999996
2020-03-26,ret_10,99,0.22999999999999998
2020-03-27,ret_10,100,0.21212121212121215
2020-03-30,ret_10,100,0.21999999999999997
2020-03-31,ret_10,100,0.19999999999999996
2020-04-01,ret_10,100,0.18000000000000005
2020-04-02,ret_10,100,0.20999999999999996
2020-04-03,ret_10,100,0.21999999999999997
2020-04-07,ret_10,100,0.26
2020-04-08,ret_10,100,0.18999999999999995
2020-04-09,ret_10,100,0.21999999999999997
2020-04-10,ret_10,100,0.28
2020-04-13,ret_10,100,0.27
2020-04-14,ret_10,100,0.29000000000000004
2020-04-15,ret_10,100,0.27
2020-04-16,ret_10,100,0.24
2020-04-17,ret_10,100,0.21999999999999997
2020-04-20,ret_10,100,0.27
2020-04-21,ret_10,100,0.19999999999999996
2020-04-22,ret_10,100,0.21999999999999997
2020-04-23,ret_10,100,0.26
2020-04-24,ret_10,100,0.21999999999999997
2020-04-27,ret_10,100,0.22999999999999998
2020-04-28,ret_10,100,0.21999999999999997
2020-04-29,ret_10,99,0.21999999999999997
2020-04-30,ret_10,100,0.33333333333333337
2020-05-06,ret_10,100,0.21999999999999997
2020-05-07,ret_10,100,0.19999999999999996
2020-05-08,ret_10,100,0.18000000000000005
2020-05-11,ret_10,100,0.20999999999999996
2020-05-12,ret_10,100,0.20999999999999996
2020-05-13,ret_10,100,0.17000000000000004
2020-05-14,ret_10,100,0.17000000000000004
2020-05-15,ret_10,100,0.19999999999999996
2020-05-18,ret_10,100,0.26
2020-05-19,ret_10,100,0.22999999999999998
2020-05-20,ret_10,100,0.21999999999999997
2020-05-21,ret_10,100,0.24
2020-05-22,ret_10,100,0.18000000000000005
2020-05-25,ret_10,100,0.24
2020-05-26,ret_10,100,0.16000000000000003
2020-05-27,ret_10,100,0.25
2020-05-28,ret_10,100,0.20999999999999996
2020-05-29,ret_10,100,0.16000000000000003
2020-06-01,ret_10,100,0.27
2020-06-02,ret_10,100,0.24
2020-06-03,ret_10,100,0.25
2020-06-04,ret_10,100,0.22999999999999998
2020-06-05,ret_10,100,0.18999999999999995
2020-06-08,ret_10,100,0.21999999999999997
2020-06-09,ret_10,100,0.14
2020-06-10,ret_10,99,0.21999999999999997
2020-06-11,ret_10,100,0.21212121212121215
2020-06-12,ret_10,100,0.17000000000000004
2020-06-15,ret_10,100,0.24
2020-06-16,ret_10,100,0.22999999999999998
2020-06-17,ret_10,100,0.19999999999999996
2020-06-18,ret_10,100,0.22999999999999998
2020-06-19,ret_10,100,0.19999999999999996
2020-06-22,ret_10,99,0.25
2020-06-23,ret_10,99,0.14141414141414144
2020-06-24,ret_10,99,0.23232323232323238
2020-06-29,ret_10,100,0.2222222222222222
2020-06-30,ret_10,91,0.29000000000000004
2020-07-01,ret_10,91,0.25274725274725274
2020-07-02,ret_10,91,0.31868131868131866
2020-07-03,ret_10,91,0.2637362637362637
2020-07-06,ret_10,91,0.21978021978021978
2020-07-07,ret_10,91,0.18681318681318682
2020-07-08,ret_10,91,0.2417582417582418
2020-07-09,ret_10,91,0.17582417582417587
2020-07-10,ret_10,91,0.2417582417582418
2020-07-13,ret_10,91,0.20879120879120883
2020-07-14,ret_10,100,0.23076923076923073
2020-07-15,ret_10,100,0.24
2020-07-16,ret_10,100,0.18000000000000005
2020-07-17,ret_10,100,0.30000000000000004
2020-07-20,ret_10,100,0.21999999999999997
2020-07-21,ret_10,100,0.22999999999999998
2020-07-22,ret_10,100,0.28
2020-07-23,ret_10,100,0.18999999999999995
2020-07-24,ret_10,100,0.22999999999999998
2020-07-27,ret_10,100,0.18000000000000005
2020-07-28,ret_10,100,0.22999999999999998
2020-07-29,ret_10,99,0.22999999999999998
2020-07-30,ret_10,99,0.21212121212121215
2020-07-31,ret_10,99,0.2525252525252525
2017-02-08,ret_20,92,0.09782608695652173
2017-02-09,ret_20,92,0.15217391304347827
2017-02-10,ret_20,92,0.13043478260869568
2017-02-13,ret_20,92,0.1630434782608695
2017-02-14,ret_20,92,0.15217391304347827
2017-02-15,ret_20,92,0.2065217391304348
2017-02-16,ret_20,92,0.15217391304347827
2017-02-17,ret_20,92,0.18478260869565222
2017-02-20,ret_20,91,0.26086956521739135
2017-02-21,ret_20,91,0.19780219780219777
2017-02-22,ret_20,91,0.18681318681318682
2017-02-23,ret_20,92,0.18681318681318682
2017-02-24,ret_20,92,0.17391304347826086
2017-02-27,ret_20,92,0.2065217391304348
2017-02-28,ret_20,92,0.2065217391304348
2017-03-01,ret_20,93,0.2065217391304348
2017-03-02,ret_20,93,0.16129032258064513
2017-03-03,ret_20,93,0.16129032258064513
2017-03-06,ret_20,92,0.19354838709677424
2017-03-07,ret_20,92,0.1630434782608695
2017-03-08,ret_20,92,0.11956521739130432
2017-03-09,ret_20,92,0.14130434782608692
2017-03-10,ret_20,93,0.2282608695652174
2017-03-13,ret_20,93,0.13978494623655913
2017-03-14,ret_20,92,0.13978494623655913
2017-03-15,ret_20,93,0.15217391304347827
2017-03-16,ret_20,93,0.10752688172043012
2017-03-17,ret_20,93,0.13978494623655913
2017-03-20,ret_20,92,0.17204301075268813
2017-03-21,ret_20,92,0.17391304347826086
2017-03-22,ret_20,92,0.17391304347826086
2017-03-23,ret_20,93,0.1630434782608695
2017-03-24,ret_20,93,0.17204301075268813
2017-03-27,ret_20,93,0.11827956989247312
2017-03-28,ret_20,93,0.17204301075268813
2017-03-29,ret_20,92,0.13978494623655913
2017-03-30,ret_20,93,0.19565217391304346
2017-03-31,ret_20,92,0.18279569892473113
2017-04-05,ret_20,92,0.15217391304347827
2017-04-06,ret_20,92,0.15217391304347827
2017-04-07,ret_20,92,0.09782608695652173
2017-04-10,ret_20,92,0.1630434782608695
2017-04-11,ret_20,92,0.13043478260869568
2017-04-12,ret_20,92,0.14130434782608692
2017-04-13,ret_20,91,0.2282608695652174
2017-04-14,ret_20,91,0.17582417582417587
2017-04-17,ret_20,92,0.18681318681318682
2017-04-18,ret_20,92,0.14130434782608692
2017-04-19,ret_20,92,0.1630434782608695
2017-04-20,ret_20,92,0.1630434782608695
2017-04-21,ret_20,92,0.15217391304347827
2017-04-24,ret_20,92,0.18478260869565222
2017-04-25,ret_20,92,0.18478260869565222
2017-04-26,ret_20,92,0.17391304347826086
2017-04-27,ret_20,92,0.11956521739130432
2017-04-28,ret_20,92,0.10869565217391308
2017-05-02,ret_20,92,0.13043478260869568
2017-05-03,ret_20,92,0.18478260869565222
2017-05-04,ret_20,91,0.14130434782608692
2017-05-05,ret_20,91,0.08791208791208793
2017-05-08,ret_20,91,0.1648351648351648
2017-05-09,ret_20,91,0.19780219780219777
2017-05-10,ret_20,91,0.18681318681318682
2017-05-11,ret_20,92,0.10989010989010994
2017-05-12,ret_20,90,0.15217391304347827
2017-05-15,ret_20,90,0.1333333333333333
2017-05-16,ret_20,91,0.1777777777777778
2017-05-17,ret_20,91,0.15384615384615385
2017-05-18,ret_20,92,0.13186813186813184
2017-05-19,ret_20,92,0.19565217391304346
2017-05-22,ret_20,92,0.19565217391304346
2017-05-23,ret_20,92,0.1630434782608695
2017-05-24,ret_20,92,0.15217391304347827
2017-05-25,ret_20,91,0.18478260869565222
2017-05-26,ret_20,91,0.19780219780219777
2017-05-31,ret_20,91,0.13186813186813184
2017-06-01,ret_20,92,0.15384615384615385
2017-06-02,ret_20,92,0.17391304347826086
2017-06-05,ret_20,92,0.13043478260869568
2017-06-06,ret_20,92,0.1630434782608695
2017-06-07,ret_20,92,0.2065217391304348
2017-06-08,ret_20,92,0.2282608695652174
2017-06-09,ret_20,93,0.11956521739130432
2017-06-12,ret_20,93,0.17204301075268813
2017-06-13,ret_20,93,0.13978494623655913
2017-06-14,ret_20,94,0.13978494623655913
2017-06-15,ret_20,93,0.14893617021276595
2017-06-16,ret_20,93,0.20430107526881724
2017-06-19,ret_20,94,0.20430107526881724
2017-06-20,ret_20,93,0.22340425531914898
2017-06-21,ret_20,94,0.25806451612903225
2017-06-22,ret_20,93,0.3085106382978723
2017-06-23,ret_20,94,0.29032258064516125
2017-06-26,ret_20,94,0.21276595744680848
2017-06-27,ret_20,94,0.13829787234042556
2017-06-28,ret_20,94,0.17021276595744683
2017-06-29,ret_20,94,0.18085106382978722
2017-06-30,ret_20,85,0.2021276595744681
2017-07-03,ret_20,86,0.12941176470588234
2017-07-04,ret_20,85,0.11627906976744184
2017-07-05,ret_20,85,0.11764705882352944
2017-07-06,ret_20,85,0.17647058823529416
2017-07-07,ret_20,85,0.12941176470588234
2017-07-10,ret_20,85,0.17647058823529416
2017-07-11,ret_20,85,0.15294117647058825
2017-07-12,ret_20,86,0.14117647058823535
2017-07-13,ret_20,85,0.16279069767441856
2017-07-14,ret_20,85,0.16470588235294115
2017-07-17,ret_20,84,0.18823529411764706
2017-07-18,ret_20,84,0.13095238095238093
2017-07-19,ret_20,84,0.09523809523809523
2017-07-20,ret_20,83,0.1071428571428571
2017-07-21,ret_20,84,0.08433734939759041
2017-07-24,ret_20,84,0.11904761904761907
2017-07-25,ret_20,84,0.08333333333333337
2017-07-26,ret_20,84,0.11904761904761907
2017-07-27,ret_20,84,0.0714285714285714
2017-07-28,ret_20,93,0.1071428571428571
2017-07-31,ret_20,93,0.08602150537634412
2017-08-01,ret_20,93,0.09677419354838712
2017-08-02,ret_20,94,0.09677419354838712
2017-08-03,ret_20,94,0.0957446808510638
2017-08-04,ret_20,94,0.14893617021276595
2017-08-07,ret_20,94,0.14893617021276595
2017-08-08,ret_20,94,0.14893617021276595
2017-08-09,ret_20,94,0.1063829787234043
2017-08-10,ret_20,94,0.14893617021276595
2017-08-11,ret_20,94,0.19148936170212771
2017-08-14,ret_20,94,0.19148936170212771
2017-08-15,ret_20,94,0.13829787234042556
2017-08-16,ret_20,94,0.2021276595744681
2017-08-17,ret_20,93,0.11702127659574468
2017-08-18,ret_20,93,0.12903225806451613
2017-08-21,ret_20,94,0.20430107526881724
2017-08-22,ret_20,94,0.18085106382978722
2017-08-23,ret_20,94,0.276595744680851
2017-08-24,ret_20,94,0.26595744680851063
2017-08-25,ret_20,94,0.21276595744680848
2017-08-28,ret_20,93,0.22340425531914898
2017-08-29,ret_20,94,0.22580645161290325
2017-08-30,ret_20,94,0.22340425531914898
2017-08-31,ret_20,94,0.14893617021276595
2017-09-01,ret_20,94,0.15957446808510634
2017-09-04,ret_20,94,0.18085106382978722
2017-09-05,ret_20,94,0.19148936170212771
2017-09-06,ret_20,94,0.18085106382978722
2017-09-07,ret_20,93,0.21276595744680848
2017-09-08,ret_20,93,0.22580645161290325
2017-09-11,ret_20,95,0.20430107526881724
2017-09-12,ret_20,95,0.1578947368421053
2017-09-13,ret_20,95,0.2210526315789474
2017-09-14,ret_20,95,0.17894736842105263
2017-09-15,ret_20,95,0.1578947368421053
2017-09-18,ret_20,95,0.1473684210526316
2017-09-19,ret_20,95,0.16842105263157892
2017-09-20,ret_20,95,0.1578947368421053
2017-09-21,ret_20,95,0.17894736842105263
2017-09-22,ret_20,95,0.13684210526315788
2017-09-25,ret_20,95,0.1473684210526316
2017-09-26,ret_20,95,0.1473684210526316
2017-09-27,ret_20,94,0.16842105263157892
2017-09-28,ret_20,94,0.2021276595744681
2017-09-29,ret_20,95,0.14893617021276595
2017-10-09,ret_20,94,0.18947368421052635
2017-10-10,ret_20,95,0.13829787234042556
2017-10-11,ret_20,95,0.19999999999999996
2017-10-12,ret_20,94,0.1578947368421053
2017-10-13,ret_20,94,0.15957446808510634
2017-10-16,ret_20,95,0.21276595744680848
2017-10-17,ret_20,95,0.1578947368421053
2017-10-18,ret_20,95,0.13684210526315788
2017-10-19,ret_20,95,0.11578947368421055
2017-10-20,ret_20,95,0.1578947368421053
2017-10-23,ret_20,95,0.1578947368421053
2017-10-24,ret_20,95,0.17894736842105263
2017-10-25,ret_20,95,0.08421052631578951
2017-10-26,ret_20,94,0.12631578947368416
2017-10-27,ret_20,94,0.12765957446808507
2017-10-30,ret_20,94,0.13829787234042556
2017-10-31,ret_20,94,0.1063829787234043
2017-11-01,ret_20,94,0.0957446808510638
2017-11-02,ret_20,94,0.11702127659574468
2017-11-03,ret_20,95,0.15957446808510634
2017-11-06,ret_20,95,0.13684210526315788
2017-11-07,ret_20,95,0.11578947368421055
2017-11-08,ret_20,95,0.12631578947368416
2017-11-09,ret_20,95,0.1473684210526316
2017-11-10,ret_20,95,0.1578947368421053
2017-11-13,ret_20,95,0.10526315789473684
2017-11-14,ret_20,95,0.0736842105263158
2017-11-15,ret_20,95,0.09473684210526312
2017-11-16,ret_20,95,0.08421052631578951
2017-11-17,ret_20,94,0.12631578947368416
2017-11-20,ret_20,95,0.1063829787234043
2017-11-21,ret_20,94,0.1473684210526316
2017-11-22,ret_20,94,0.08510638297872342
2017-11-23,ret_20,93,0.11702127659574468
2017-11-24,ret_20,93,0.15053763440860213
2017-11-27,ret_20,92,0.17204301075268813
2017-11-28,ret_20,92,0.14130434782608692
2017-11-29,ret_20,93,0.19565217391304346
2017-11-30,ret_20,93,0.15053763440860213
2017-12-01,ret_20,93,0.13978494623655913
2017-12-04,ret_20,93,0.11827956989247312
2017-12-05,ret_20,93,0.22580645161290325
2017-12-06,ret_20,93,0.12903225806451613
2017-12-07,ret_20,93,0.16129032258064513
2017-12-08,ret_20,94,0.12903225806451613
2017-12-11,ret_20,93,0.18085106382978722
2017-12-12,ret_20,93,0.16129032258064513
2017-12-13,ret_20,93,0.18279569892473113
2017-12-14,ret_20,93,0.20430107526881724
2017-12-15,ret_20,93,0.20430107526881724
2017-12-18,ret_20,93,0.24731182795698925
2017-12-19,ret_20,93,0.21505376344086025
2017-12-20,ret_20,93,0.24731182795698925
2017-12-21,ret_20,92,0.24731182795698925
2017-12-22,ret_20,92,0.1630434782608695
2017-12-25,ret_20,92,0.2065217391304348
2017-12-26,ret_20,91,0.18478260869565222
2017-12-27,ret_20,92,0.17582417582417587
2017-12-28,ret_20,92,0.1630434782608695
2017-12-29,ret_20,82,0.25
2018-01-02,ret_20,82,0.1585365853658537
2018-01-03,ret_20,82,0.14634146341463417
2018-01-04,ret_20,82,0.13414634146341464
2018-01-05,ret_20,82,0.18292682926829273
2018-01-08,ret_20,82,0.19512195121951215
2018-01-09,ret_20,82,0.18292682926829273
2018-01-10,ret_20,82,0.12195121951219512
2018-01-11,ret_20,82,0.14634146341463417
2018-01-12,ret_20,83,0.1707317073170732
2018-01-15,ret_20,83,0.19277108433734935
2018-01-16,ret_20,83,0.19277108433734935
2018-01-17,ret_20,83,0.15662650602409633
2018-01-18,ret_20,83,0.15662650602409633
2018-01-19,ret_20,83,0.1686746987951807
2018-01-22,ret_20,83,0.20481927710843373
2018-01-23,ret_20,82,0.1325301204819277
2018-01-24,ret_20,82,0.19512195121951215
2018-01-25,ret_20,82,0.12195121951219512
2018-01-26,ret_20,82,0.14634146341463417
2018-01-29,ret_20,91,0.2682926829268293
2018-01-30,ret_20,91,0.20879120879120883
2018-01-31,ret_20,91,0.23076923076923073
2018-02-01,ret_20,91,0.19780219780219777
2018-02-02,ret_20,90,0.23076923076923073
2018-02-05,ret_20,89,0.16666666666666663
2018-02-06,ret_20,89,0.1573033707865169
2018-02-07,ret_20,90,0.101123595505618
2018-02-08,ret_20,89,0.1444444444444445
2018-02-09,ret_20,90,0.2247191011235955
2018-02-12,ret_20,90,0.21111111111111114
2018-02-13,ret_20,90,0.16666666666666663
2018-02-14,ret_20,90,0.1444444444444445
2018-02-22,ret_20,90,0.1333333333333333
2018-02-23,ret_20,91,0.09999999999999998
2018-02-26,ret_20,91,0.19780219780219777
2018-02-27,ret_20,91,0.23076923076923073
2018-02-28,ret_20,91,0.1428571428571429
2018-03-01,ret_20,90,0.1648351648351648
2018-03-02,ret_20,90,0.1444444444444445
2018-03-05,ret_20,91,0.18888888888888888
2018-03-06,ret_20,91,0.17582417582417587
2018-03-07,ret_20,91,0.1428571428571429
2018-03-08,ret_20,91,0.20879120879120883
2018-03-09,ret_20,91,0.17582417582417587
2018-03-12,ret_20,90,0.15384615384615385
2018-03-13,ret_20,90,0.2222222222222222
2018-03-14,ret_20,90,0.16666666666666663
2018-03-15,ret_20,90,0.18888888888888888
2018-03-16,ret_20,90,0.2222222222222222
2018-03-19,ret_20,90,0.12222222222222223
2018-03-20,ret_20,90,0.18888888888888888
2018-03-21,ret_20,90,0.1444444444444445
2018-03-22,ret_20,91,0.19999999999999996
2018-03-23,ret_20,91,0.23076923076923073
2018-03-26,ret_20,91,0.25274725274725274
2018-03-27,ret_20,91,0.15384615384615385
2018-03-28,ret_20,90,0.19780219780219777
2018-03-29,ret_20,90,0.1777777777777778
2018-03-30,ret_20,90,0.23333333333333328
2018-04-02,ret_20,91,0.18888888888888888
2018-04-03,ret_20,91,0.18681318681318682
2018-04-04,ret_20,91,0.13186813186813184
2018-04-09,ret_20,91,0.13186813186813184
2018-04-10,ret_20,92,0.1648351648351648
2018-04-11,ret_20,91,0.14130434782608692
2018-04-12,ret_20,92,0.15384615384615385
2018-04-13,ret_20,92,0.1630434782608695
2018-04-16,ret_20,92,0.13043478260869568
2018-04-17,ret_20,92,0.13043478260869568
2018-04-18,ret_20,92,0.14130434782608692
2018-04-19,ret_20,92,0.10869565217391308
2018-04-20,ret_20,92,0.09782608695652173
2018-04-23,ret_20,93,0.1630434782608695
2018-04-24,ret_20,92,0.19354838709677424
2018-04-25,ret_20,92,0.17391304347826086
2018-04-26,ret_20,92,0.17391304347826086
2018-04-27,ret_20,92,0.11956521739130432
2018-05-02,ret_20,92,0.1630434782608695
2018-05-03,ret_20,92,0.17391304347826086
2018-05-04,ret_20,92,0.14130434782608692
2018-05-07,ret_20,92,0.09782608695652173
2018-05-08,ret_20,92,0.15217391304347827
2018-05-09,ret_20,92,0.14130434782608692
2018-05-10,ret_20,93,0.17391304347826086
2018-05-11,ret_20,92,0.19354838709677424
2018-05-14,ret_20,92,0.21739130434782605
2018-05-15,ret_20,93,0.15217391304347827
2018-05-16,ret_20,93,0.18279569892473113
2018-05-17,ret_20,93,0.11827956989247312
2018-05-18,ret_20,93,0.15053763440860213
2018-05-21,ret_20,93,0.10752688172043012
2018-05-22,ret_20,93,0.09677419354838712
2018-05-23,ret_20,93,0.15053763440860213
2018-05-24,ret_20,93,0.15053763440860213
2018-05-25,ret_20,93,0.13978494623655913
2018-05-28,ret_20,92,0.17204301075268813
2018-05-29,ret_20,92,0.13043478260869568
2018-05-30,ret_20,92,0.19565217391304346
2018-05-31,ret_20,92,0.14130434782608692
2018-06-01,ret_20,92,0.13043478260869568
2018-06-04,ret_20,92,0.17391304347826086
2018-06-05,ret_20,92,0.14130434782608692
2018-06-06,ret_20,91,0.11956521739130432
2018-06-07,ret_20,91,0.15384615384615385
2018-06-08,ret_20,91,0.17582417582417587
2018-06-11,ret_20,92,0.2417582417582418
2018-06-12,ret_20,92,0.15217391304347827
2018-06-13,ret_20,92,0.17391304347826086
2018-06-14,ret_20,92,0.15217391304347827
2018-06-15,ret_20,92,0.19565217391304346
2018-06-19,ret_20,91,0.2065217391304348
2018-06-20,ret_20,92,0.09890109890109888
2018-06-21,ret_20,91,0.18478260869565222
2018-06-22,ret_20,91,0.1428571428571429
2018-06-25,ret_20,91,0.13186813186813184
2018-06-26,ret_20,91,0.15384615384615385
2018-06-27,ret_20,92,0.1648351648351648
2018-06-28,ret_20,92,0.11956521739130432
2018-06-29,ret_20,83,0.18478260869565222
2018-07-02,ret_20,83,0.14457831325301207
2018-07-03,ret_20,83,0.1686746987951807
2018-07-04,ret_20,83,0.2168674698795181
2018-07-05,ret_20,82,0.09638554216867468
2018-07-06,ret_20,82,0.18292682926829273
2018-07-09,ret_20,82,0.12195121951219512
2018-07-10,ret_20,83,0.12195121951219512
2018-07-11,ret_20,83,0.15662650602409633
2018-07-12,ret_20,83,0.15662650602409633
2018-07-13,ret_20,83,0.1686746987951807
2018-07-16,ret_20,83,0.15662650602409633
2018-07-17,ret_20,83,0.20481927710843373
2018-07-18,ret_20,83,0.20481927710843373
2018-07-19,ret_20,83,0.24096385542168675
2018-07-20,ret_20,83,0.1325301204819277
2018-07-23,ret_20,83,0.22891566265060237
2018-07-24,ret_20,84,0.24096385542168675
2018-07-25,ret_20,84,0.1785714285714286
2018-07-26,ret_20,84,0.27380952380952384
2018-07-27,ret_20,94,0.26190476190476186
2018-07-30,ret_20,94,0.17021276595744683
2018-07-31,ret_20,94,0.19148936170212771
2018-08-01,ret_20,94,0.15957446808510634
2018-08-02,ret_20,94,0.2021276595744681
2018-08-03,ret_20,94,0.26595744680851063
2018-08-06,ret_20,95,0.14893617021276595
2018-08-07,ret_20,95,0.12631578947368416
2018-08-08,ret_20,95,0.17894736842105263
2018-08-09,ret_20,95,0.12631578947368416
2018-08-10,ret_20,95,0.1473684210526316
2018-08-13,ret_20,95,0.12631578947368416
2018-08-14,ret_20,95,0.1473684210526316
2018-08-15,ret_20,95,0.1578947368421053
2018-08-16,ret_20,95,0.1578947368421053
2018-08-17,ret_20,95,0.12631578947368416
2018-08-20,ret_20,95,0.1578947368421053
2018-08-21,ret_20,95,0.12631578947368416
2018-08-22,ret_20,95,0.13684210526315788
2018-08-23,ret_20,95,0.18947368421052635
2018-08-24,ret_20,95,0.1473684210526316
2018-08-27,ret_20,95,0.17894736842105263
2018-08-28,ret_20,93,0.1578947368421053
2018-08-29,ret_20,95,0.17204301075268813
2018-08-30,ret_20,95,0.21052631578947367
2018-08-31,ret_20,95,0.2210526315789474
2018-09-03,ret_20,95,0.16842105263157892
2018-09-04,ret_20,95,0.1473684210526316
2018-09-05,ret_20,95,0.13684210526315788
2018-09-06,ret_20,95,0.09473684210526312
2018-09-07,ret_20,95,0.1473684210526316
2018-09-10,ret_20,95,0.16842105263157892
2018-09-11,ret_20,95,0.13684210526315788
2018-09-12,ret_20,95,0.1473684210526316
2018-09-13,ret_20,96,0.1578947368421053
2018-09-14,ret_20,96,0.13541666666666663
2018-09-17,ret_20,96,0.15625
2018-09-18,ret_20,96,0.13541666666666663
2018-09-19,ret_20,96,0.15625
2018-09-20,ret_20,96,0.14583333333333337
2018-09-21,ret_20,96,0.17708333333333337
2018-09-25,ret_20,96,0.1875
2018-09-26,ret_20,96,0.14583333333333337
2018-09-27,ret_20,96,0.17708333333333337
2018-09-28,ret_20,96,0.1875
2018-10-08,ret_20,95,0.19791666666666663
2018-10-09,ret_20,96,0.28421052631578947
2018-10-10,ret_20,96,0.19791666666666663
2018-10-11,ret_20,96,0.26041666666666663
2018-10-12,ret_20,96,0.17708333333333337
2018-10-15,ret_20,95,0.13541666666666663
2018-10-16,ret_20,96,0.13684210526315788
2018-10-17,ret_20,96,0.15625
2018-10-18,ret_20,96,0.08333333333333337
2018-10-19,ret_20,96,0.09375
2018-10-22,ret_20,96,0.15625
2018-10-23,ret_20,96,0.1875
2018-10-24,ret_20,96,0.16666666666666663
2018-10-25,ret_20,96,0.11458333333333337
2018-10-26,ret_20,96,0.13541666666666663
2018-10-29,ret_20,96,0.11458333333333337
2018-10-30,ret_20,96,0.14583333333333337
2018-10-31,ret_20,96,0.10416666666666663
2018-11-01,ret_20,96,0.125
2018-11-02,ret_20,96,0.14583333333333337
2018-11-05,ret_20,96,0.20833333333333337
2018-11-06,ret_20,96,0.1875
2018-11-07,ret_20,97,0.15625
2018-11-08,ret_20,97,0.18556701030927836
2018-11-09,ret_20,97,0.22680412371134018
2018-11-12,ret_20,97,0.18556701030927836
2018-11-13,ret_20,98,0.24742268041237114
2018-11-14,ret_20,98,0.173469387755102
2018-11-15,ret_20,98,0.23469387755102045
2018-11-16,ret_20,97,0.19387755102040816
2018-11-19,ret_20,97,0.1649484536082474
2018-11-20,ret_20,97,0.17525773195876293
2018-11-21,ret_20,97,0.19587628865979378
2018-11-22,ret_20,97,0.14432989690721654
2018-11-23,ret_20,98,0.20618556701030932
2018-11-26,ret_20,98,0.18367346938775508
2018-11-27,ret_20,98,0.19387755102040816
2018-11-28,ret_20,98,0.20408163265306123
2018-11-29,ret_20,98,0.18367346938775508
2018-11-30,ret_20,99,0.15306122448979587
2018-12-03,ret_20,99,0.1515151515151515
2018-12-04,ret_20,98,0.23232323232323238
2018-12-05,ret_20,99,0.18367346938775508
2018-12-06,ret_20,99,0.18181818181818177
2018-12-07,ret_20,99,0.18181818181818177
2018-12-10,ret_20,99,0.2525252525252525
2018-12-11,ret_20,99,0.2727272727272727
2018-12-12,ret_20,99,0.1717171717171717
2018-12-13,ret_20,99,0.21212121212121215
2018-12-14,ret_20,99,0.14141414141414144
2018-12-17,ret_20,100,0.13131313131313127
2018-12-18,ret_20,100,0.14
2018-12-19,ret_20,99,0.14
2018-12-20,ret_20,100,0.1515151515151515
2018-12-21,ret_20,100,0.20999999999999996
2018-12-24,ret_20,100,0.21999999999999997
2018-12-25,ret_20,99,0.15000000000000002
2018-12-26,ret_20,99,0.19191919191919193
2018-12-27,ret_20,99,0.1717171717171717
2018-12-28,ret_20,90,0.24242424242424243
2019-01-02,ret_20,90,0.19999999999999996
2019-01-03,ret_20,90,0.1444444444444445
2019-01-04,ret_20,91,0.1777777777777778
2019-01-07,ret_20,91,0.2417582417582418
2019-01-08,ret_20,91,0.10989010989010994
2019-01-09,ret_20,91,0.19780219780219777
2019-01-10,ret_20,91,0.1648351648351648
2019-01-11,ret_20,91,0.18681318681318682
2019-01-14,ret_20,91,0.1648351648351648
2019-01-15,ret_20,91,0.17582417582417587
2019-01-16,ret_20,91,0.19780219780219777
2019-01-17,ret_20,91,0.17582417582417587
2019-01-18,ret_20,91,0.17582417582417587
2019-01-21,ret_20,91,0.1428571428571429
2019-01-22,ret_20,91,0.1648351648351648
2019-01-23,ret_20,91,0.18681318681318682
2019-01-24,ret_20,91,0.15384615384615385
2019-01-25,ret_20,91,0.21978021978021978
2019-01-28,ret_20,91,0.13186813186813184
2019-01-29,ret_20,100,0.19780219780219777
2019-01-30,ret_20,100,0.18000000000000005
2019-01-31,ret_20,100,0.18000000000000005
2019-02-01,ret_20,100,0.10999999999999999
2019-02-11,ret_20,100,0.12
2019-02-12,ret_20,100,0.12
2019-02-13,ret_20,100,0.16000000000000003
2019-02-14,ret_20,100,0.20999999999999996
2019-02-15,ret_20,100,0.18999999999999995
2019-02-18,ret_20,100,0.19999999999999996
2019-02-19,ret_20,100,0.20999999999999996
2019-02-20,ret_20,100,0.10999999999999999
2019-02-21,ret_20,100,0.18999999999999995
2019-02-22,ret_20,100,0.18000000000000005
2019-02-25,ret_20,100,0.19999999999999996
2019-02-26,ret_20,100,0.22999999999999998
2019-02-27,ret_20,100,0.21999999999999997
2019-02-28,ret_20,100,0.21999999999999997
2019-03-01,ret_20,100,0.17000000000000004
2019-03-04,ret_20,100,0.18999999999999995
2019-03-05,ret_20,100,0.19999999999999996
2019-03-06,ret_20,100,0.16000000000000003
2019-03-07,ret_20,100,0.20999999999999996
2019-03-08,ret_20,100,0.15000000000000002
2019-03-11,ret_20,100,0.12
2019-03-12,ret_20,100,0.12
2019-03-13,ret_20,100,0.14
2019-03-14,ret_20,100,0.13
2019-03-15,ret_20,100,0.15000000000000002
2019-03-18,ret_20,100,0.16000000000000003
2019-03-19,ret_20,100,0.17000000000000004
2019-03-20,ret_20,100,0.10999999999999999
2019-03-21,ret_20,100,0.18000000000000005
2019-03-22,ret_20,100,0.20999999999999996
2019-03-25,ret_20,99,0.21999999999999997
2019-03-26,ret_20,100,0.1717171717171717
2019-03-27,ret_20,99,0.17000000000000004
2019-03-28,ret_20,100,0.1515151515151515
2019-03-29,ret_20,100,0.14
2019-04-01,ret_20,100,0.13
2019-04-02,ret_20,100,0.18999999999999995
2019-04-03,ret_20,99,0.18000000000000005
2019-04-04,ret_20,100,0.202020202020202
2019-04-08,ret_20,100,0.20999999999999996
2019-04-09,ret_20,100,0.15000000000000002
2019-04-10,ret_20,100,0.16000000000000003
2019-04-11,ret_20,100,0.18000000000000005
2019-04-12,ret_20,100,0.18999999999999995
2019-04-15,ret_20,100,0.16000000000000003
2019-04-16,ret_20,100,0.17000000000000004
2019-04-17,ret_20,100,0.17000000000000004
2019-04-18,ret_20,100,0.16000000000000003
2019-04-19,ret_20,100,0.13
2019-04-22,ret_20,100,0.18999999999999995
2019-04-23,ret_20,99,0.15000000000000002
2019-04-24,ret_20,99,0.14141414141414144
2019-04-25,ret_20,99,0.202020202020202
2019-04-26,ret_20,99,0.14141414141414144
2019-04-29,ret_20,99,0.23232323232323238
2019-04-30,ret_20,99,0.202020202020202
2019-05-06,ret_20,100,0.24242424242424243
2019-05-07,ret_20,99,0.18999999999999995
2019-05-08,ret_20,99,0.1515151515151515
2019-05-09,ret_20,99,0.19191919191919193
2019-05-10,ret_20,99,0.11111111111111116
2019-05-13,ret_20,99,0.1515151515151515
2019-05-14,ret_20,99,0.1515151515151515
2019-05-15,ret_20,100,0.09090909090909094
2019-05-16,ret_20,100,0.17000000000000004
2019-05-17,ret_20,99,0.16000000000000003
2019-05-20,ret_20,99,0.13131313131313127
2019-05-21,ret_20,100,0.08080808080808077
2019-05-22,ret_20,100,0.06999999999999995
2019-05-23,ret_20,100,0.15000000000000002
2019-05-24,ret_20,99,0.15000000000000002
2019-05-27,ret_20,99,0.12121212121212122
2019-05-28,ret_20,99,0.11111111111111116
2019-05-29,ret_20,99,0.09090909090909094
2019-05-30,ret_20,99,0.24242424242424243
2019-05-31,ret_20,99,0.202020202020202
2019-06-03,ret_20,99,0.2222222222222222
2019-06-04,ret_20,99,0.16161616161616166
2019-06-05,ret_20,99,0.101010101010101
2019-06-06,ret_20,99,0.18181818181818177
2019-06-10,ret_20,99,0.1515151515151515
2019-06-11,ret_20,99,0.16161616161616166
2019-06-12,ret_20,100,0.1515151515151515
2019-06-13,ret_20,100,0.12
2019-06-14,ret_20,100,0.13
2019-06-17,ret_20,99,0.22999999999999998
2019-06-18,ret_20,99,0.2525252525252525
2019-06-19,ret_20,99,0.16161616161616166
2019-06-20,ret_20,99,0.2222222222222222
2019-06-21,ret_20,99,0.2525252525252525
2019-06-24,ret_20,100,0.24242424242424243
2019-06-25,ret_20,99,0.18999999999999995
2019-06-26,ret_20,99,0.1717171717171717
2019-06-27,ret_20,99,0.14141414141414144
2019-06-28,ret_20,92,0.2222222222222222
2019-07-01,ret_20,92,0.19565217391304346
2019-07-02,ret_20,92,0.25
2019-07-03,ret_20,92,0.2282608695652174
2019-07-04,ret_20,92,0.19565217391304346
2019-07-05,ret_20,92,0.17391304347826086
2019-07-08,ret_20,92,0.19565217391304346
2019-07-09,ret_20,92,0.19565217391304346
2019-07-10,ret_20,92,0.15217391304347827
2019-07-11,ret_20,92,0.14130434782608692
2019-07-12,ret_20,92,0.09782608695652173
2019-07-15,ret_20,92,0.19565217391304346
2019-07-16,ret_20,92,0.13043478260869568
2019-07-17,ret_20,92,0.14130434782608692
2019-07-18,ret_20,92,0.18478260869565222
2019-07-19,ret_20,92,0.1630434782608695
2019-07-22,ret_20,92,0.09782608695652173
2019-07-23,ret_20,92,0.14130434782608692
2019-07-24,ret_20,92,0.14130434782608692
2019-07-25,ret_20,92,0.11956521739130432
2019-07-26,ret_20,100,0.14130434782608692
2019-07-29,ret_20,100,0.16000000000000003
2019-07-30,ret_20,100,0.15000000000000002
2019-07-31,ret_20,100,0.18000000000000005
2019-08-01,ret_20,100,0.17000000000000004
2019-08-02,ret_20,100,0.17000000000000004
2019-08-05,ret_20,100,0.18999999999999995
2019-08-06,ret_20,100,0.14
2019-08-07,ret_20,100,0.18000000000000005
2019-08-08,ret_20,100,0.07999999999999996
2019-08-09,ret_20,100,0.08999999999999997
2019-08-12,ret_20,100,0.15000000000000002
2019-08-13,ret_20,100,0.08999999999999997
2019-08-14,ret_20,100,0.14
2019-08-15,ret_20,100,0.12
2019-08-16,ret_20,100,0.07999999999999996
2019-08-19,ret_20,100,0.12
2019-08-20,ret_20,100,0.09999999999999998
2019-08-21,ret_20,100,0.12
2019-08-22,ret_20,100,0.13
2019-08-23,ret_20,100,0.07999999999999996
2019-08-26,ret_20,100,0.16000000000000003
2019-08-27,ret_20,100,0.10999999999999999
2019-08-28,ret_20,100,0.12
2019-08-29,ret_20,100,0.07999999999999996
2019-08-30,ret_20,100,0.12
2019-09-02,ret_20,100,0.13
2019-09-03,ret_20,100,0.15000000000000002
2019-09-04,ret_20,100,0.18000000000000005
2019-09-05,ret_20,100,0.14
2019-09-06,ret_20,100,0.14
2019-09-09,ret_20,100,0.13
2019-09-10,ret_20,100,0.17000000000000004
2019-09-11,ret_20,100,0.10999999999999999
2019-09-12,ret_20,100,0.09999999999999998
2019-09-16,ret_20,100,0.15000000000000002
2019-09-17,ret_20,100,0.16000000000000003
2019-09-18,ret_20,100,0.14
2019-09-19,ret_20,100,0.12
2019-09-20,ret_20,100,0.14
2019-09-23,ret_20,100,0.13
2019-09-24,ret_20,100,0.14
2019-09-25,ret_20,100,0.13
2019-09-26,ret_20,100,0.18000000000000005
2019-09-27,ret_20,100,0.15000000000000002
2019-09-30,ret_20,100,0.18000000000000005
2019-10-08,ret_20,100,0.24
2019-10-09,ret_20,100,0.19999999999999996
2019-10-10,ret_20,100,0.15000000000000002
2019-10-11,ret_20,100,0.18000000000000005
2019-10-14,ret_20,100,0.17000000000000004
2019-10-15,ret_20,100,0.19999999999999996
2019-10-16,ret_20,100,0.16000000000000003
2019-10-17,ret_20,100,0.10999999999999999
2019-10-18,ret_20,100,0.17000000000000004
2019-10-21,ret_20,100,0.13
2019-10-22,ret_20,100,0.14
2019-10-23,ret_20,100,0.19999999999999996
2019-10-24,ret_20,99,0.10999999999999999
2019-10-25,ret_20,100,0.14141414141414144
2019-10-28,ret_20,100,0.15000000000000002
2019-10-29,ret_20,100,0.18999999999999995
2019-10-30,ret_20,99,0.19999999999999996
2019-10-31,ret_20,100,0.21212121212121215
2019-11-01,ret_20,100,0.17000000000000004
2019-11-04,ret_20,100,0.20999999999999996
2019-11-05,ret_20,100,0.17000000000000004
2019-11-06,ret_20,100,0.15000000000000002
2019-11-07,ret_20,100,0.10999999999999999
2019-11-08,ret_20,100,0.17000000000000004
2019-11-11,ret_20,100,0.18000000000000005
2019-11-12,ret_20,100,0.09999999999999998
2019-11-13,ret_20,100,0.06999999999999995
2019-11-14,ret_20,100,0.10999999999999999
2019-11-15,ret_20,100,0.08999999999999997
2019-11-18,ret_20,100,0.12
2019-11-19,ret_20,100,0.08999999999999997
2019-11-20,ret_20,100,0.09999999999999998
2019-11-21,ret_20,100,0.06999999999999995
2019-11-22,ret_20,100,0.14
2019-11-25,ret_20,100,0.25
2019-11-26,ret_20,100,0.20999999999999996
2019-11-27,ret_20,99,0.12
2019-11-28,ret_20,100,0.13131313131313127
2019-11-29,ret_20,100,0.19999999999999996
2019-12-02,ret_20,100,0.15000000000000002
2019-12-03,ret_20,100,0.17000000000000004
2019-12-04,ret_20,100,0.17000000000000004
2019-12-05,ret_20,100,0.16000000000000003
2019-12-06,ret_20,100,0.15000000000000002
2019-12-09,ret_20,100,0.16000000000000003
2019-12-10,ret_20,100,0.13
2019-12-11,ret_20,100,0.10999999999999999
2019-12-12,ret_20,100,0.13
2019-12-13,ret_20,100,0.16000000000000003
2019-12-16,ret_20,100,0.19999999999999996
2019-12-17,ret_20,100,0.19999999999999996
2019-12-18,ret_20,100,0.18000000000000005
2019-12-19,ret_20,100,0.17000000000000004
2019-12-20,ret_20,100,0.17000000000000004
2019-12-23,ret_20,100,0.20999999999999996
2019-12-24,ret_20,100,0.15000000000000002
2019-12-25,ret_20,100,0.14
2019-12-26,ret_20,100,0.15000000000000002
2019-12-27,ret_20,100,0.17000000000000004
2019-12-30,ret_20,100,0.15000000000000002
2019-12-31,ret_20,92,0.29000000000000004
2020-01-02,ret_20,92,0.18478260869565222
2020-01-03,ret_20,92,0.15217391304347827
2020-01-06,ret_20,91,0.21739130434782605
2020-01-07,ret_20,91,0.1208791208791209
2020-01-08,ret_20,91,0.1648351648351648
2020-01-09,ret_20,91,0.13186813186813184
2020-01-10,ret_20,91,0.08791208791208793
2020-01-13,ret_20,92,0.09890109890109888
2020-01-14,ret_20,92,0.09782608695652173
2020-01-15,ret_20,92,0.14130434782608692
2020-01-16,ret_20,92,0.13043478260869568
2020-01-17,ret_20,92,0.15217391304347827
2020-01-20,ret_20,92,0.11956521739130432
2020-01-21,ret_20,92,0.11956521739130432
2020-01-22,ret_20,92,0.08695652173913049
2020-01-23,ret_20,92,0.15217391304347827
2020-02-03,ret_20,92,0.13043478260869568
2020-02-04,ret_20,92,0.08695652173913049
2020-02-05,ret_20,92,0.08695652173913049
2020-02-06,ret_20,100,0.08695652173913049
2020-02-07,ret_20,100,0.14
2020-02-10,ret_20,100,0.09999999999999998
2020-02-11,ret_20,100,0.10999999999999999
2020-02-12,ret_20,100,0.08999999999999997
2020-02-13,ret_20,100,0.08999999999999997
2020-02-14,ret_20,100,0.08999999999999997
2020-02-17,ret_20,100,0.07999999999999996
2020-02-18,ret_20,100,0.06999999999999995
2020-02-19,ret_20,100,0.09999999999999998
2020-02-20,ret_20,100,0.07999999999999996
2020-02-21,ret_20,100,0.10999999999999999
2020-02-24,ret_20,100,0.13
2020-02-25,ret_20,100,0.09999999999999998
2020-02-26,ret_20,100,0.15000000000000002
2020-02-27,ret_20,100,0.18000000000000005
2020-02-28,ret_20,100,0.12
2020-03-02,ret_20,100,0.16000000000000003
2020-03-03,ret_20,100,0.27
2020-03-04,ret_20,100,0.16000000000000003
2020-03-05,ret_20,100,0.18999999999999995
2020-03-06,ret_20,100,0.14
2020-03-09,ret_20,100,0.19999999999999996
2020-03-10,ret_20,100,0.16000000000000003
2020-03-11,ret_20,100,0.18000000000000005
2020-03-12,ret_20,100,0.15000000000000002
2020-03-13,ret_20,100,0.13
2020-03-16,ret_20,100,0.14
2020-03-17,ret_20,100,0.09999999999999998
2020-03-18,ret_20,100,0.16000000000000003
2020-03-19,ret_20,100,0.18000000000000005
2020-03-20,ret_20,100,0.10999999999999999
2020-03-23,ret_20,100,0.18999999999999995
2020-03-24,ret_20,100,0.20999999999999996
2020-03-25,ret_20,100,0.28
2020-03-26,ret_20,100,0.16000000000000003
2020-03-27,ret_20,100,0.14
2020-03-30,ret_20,100,0.18999999999999995
2020-03-31,ret_20,100,0.12
2020-04-01,ret_20,100,0.17000000000000004
2020-04-02,ret_20,100,0.15000000000000002
2020-04-03,ret_20,100,0.13
2020-04-07,ret_20,100,0.25
2020-04-08,ret_20,100,0.15000000000000002
2020-04-09,ret_20,100,0.08999999999999997
2020-04-10,ret_20,100,0.12
2020-04-13,ret_20,100,0.18000000000000005
2020-04-14,ret_20,100,0.18999999999999995
2020-04-15,ret_20,100,0.15000000000000002
2020-04-16,ret_20,100,0.15000000000000002
2020-04-17,ret_20,100,0.10999999999999999
2020-04-20,ret_20,100,0.15000000000000002
2020-04-21,ret_20,100,0.15000000000000002
2020-04-22,ret_20,100,0.15000000000000002
2020-04-23,ret_20,100,0.16000000000000003
2020-04-24,ret_20,100,0.14
2020-04-27,ret_20,100,0.18000000000000005
2020-04-28,ret_20,100,0.18999999999999995
2020-04-29,ret_20,99,0.21999999999999997
2020-04-30,ret_20,100,0.08080808080808077
2020-05-06,ret_20,100,0.14
2020-05-07,ret_20,100,0.14
2020-05-08,ret_20,100,0.13
2020-05-11,ret_20,100,0.15000000000000002
2020-05-12,ret_20,100,0.15000000000000002
2020-05-13,ret_20,100,0.13
2020-05-14,ret_20,100,0.15000000000000002
2020-05-15,ret_20,100,0.12
2020-05-18,ret_20,100,0.18999999999999995
2020-05-19,ret_20,100,0.15000000000000002
2020-05-20,ret_20,100,0.17000000000000004
2020-05-21,ret_20,100,0.17000000000000004
2020-05-22,ret_20,100,0.13
2020-05-25,ret_20,100,0.15000000000000002
2020-05-26,ret_20,100,0.13
2020-05-27,ret_20,100,0.16000000000000003
2020-05-28,ret_20,100,0.14
2020-05-29,ret_20,100,0.19999999999999996
2020-06-01,ret_20,99,0.18000000000000005
2020-06-02,ret_20,100,0.1515151515151515
2020-06-03,ret_20,100,0.18999999999999995
2020-06-04,ret_20,100,0.17000000000000004
2020-06-05,ret_20,100,0.13
2020-06-08,ret_20,100,0.21999999999999997
2020-06-09,ret_20,100,0.18999999999999995
2020-06-10,ret_20,100,0.13
2020-06-11,ret_20,100,0.16000000000000003
2020-06-12,ret_20,100,0.16000000000000003
2020-06-15,ret_20,100,0.22999999999999998
2020-06-16,ret_20,100,0.17000000000000004
2020-06-17,ret_20,100,0.24
2020-06-18,ret_20,100,0.17000000000000004
2020-06-19,ret_20,100,0.15000000000000002
2020-06-22,ret_20,99,0.15000000000000002
2020-06-23,ret_20,99,0.12121212121212122
2020-06-24,ret_20,99,0.11111111111111116
2020-06-29,ret_20,99,0.11111111111111116
2020-06-30,ret_20,91,0.26262626262626265
2020-07-01,ret_20,91,0.19780219780219777
2020-07-02,ret_20,91,0.1428571428571429
2020-07-03,ret_20,91,0.20879120879120883
2020-07-06,ret_20,91,0.19780219780219777
2020-07-07,ret_20,91,0.20879120879120883
2020-07-08,ret_20,91,0.18681318681318682
2020-07-09,ret_20,91,0.1208791208791209
2020-07-10,ret_20,91,0.1428571428571429
2020-07-13,ret_20,91,0.1428571428571429
2020-07-14,ret_20,91,0.1648351648351648
2020-07-15,ret_20,91,0.15384615384615385
2020-07-16,ret_20,91,0.1648351648351648
2020-07-17,ret_20,91,0.09890109890109888
2020-07-20,ret_20,91,0.10989010989010994
2020-07-21,ret_20,91,0.08791208791208793
2020-07-22,ret_20,90,0.10989010989010994
2020-07-23,ret_20,90,0.11111111111111116
2020-07-24,ret_20,90,0.11111111111111116
2020-07-27,ret_20,91,0.11111111111111116
2020-07-28,ret_20,99,0.1208791208791209
2020-07-29,ret_20,100,0.101010101010101
2020-07-30,ret_20,100,0.14
2020-07-31,ret_20,100,0.17000000000000004
2017-01-11,rev_5,93,0.3548387096774194
2017-01-12,rev_5,93,0.34408602150537637
2017-01-13,rev_5,93,0.4193548387096774
2017-01-16,rev_5,93,0.4408602150537635
2017-01-17,rev_5,93,0.20430107526881724
2017-01-18,rev_5,93,0.24731182795698925
2017-01-19,rev_5,93,0.24731182795698925
2017-01-20,rev_5,93,0.25806451612903225
2017-01-23,rev_5,93,0.5698924731182795
2017-01-24,rev_5,93,0.3548387096774194
2017-01-25,rev_5,93,0.4086021505376344
2017-01-26,rev_5,93,0.3870967741935484
2017-02-03,rev_5,93,0.3655913978494624
2017-02-06,rev_5,93,0.4193548387096774
2017-02-07,rev_5,93,0.5161290322580645
2017-02-08,rev_5,94,0.4408602150537635
2017-02-09,rev_5,94,0.3829787234042553
2017-02-10,rev_5,93,0.42553191489361697
2017-02-13,rev_5,93,0.3763440860215054
2017-02-14,rev_5,93,0.3655913978494624
2017-02-15,rev_5,94,0.3763440860215054
2017-02-16,rev_5,94,0.3085106382978723
2017-02-17,rev_5,94,0.5106382978723405
2017-02-20,rev_5,92,0.35106382978723405
2017-02-21,rev_5,92,0.42391304347826086
2017-02-22,rev_5,93,0.44565217391304346
2017-02-23,rev_5,93,0.3870967741935484
2017-02-24,rev_5,93,0.4408602150537635
2017-02-27,rev_5,92,0.4516129032258065
2017-02-28,rev_5,93,0.30434782608695654
2017-03-01,rev_5,93,0.4408602150537635
2017-03-02,rev_5,93,0.3870967741935484
2017-03-03,rev_5,94,0.3978494623655914
2017-03-06,rev_5,94,0.3936170212765957
2017-03-07,rev_5,94,0.42553191489361697
2017-03-08,rev_5,94,0.2872340425531915
2017-03-09,rev_5,94,0.3085106382978723
2017-03-10,rev_5,94,0.32978723404255317
2017-03-13,rev_5,94,0.3191489361702128
2017-03-14,rev_5,93,0.44680851063829785
2017-03-15,rev_5,93,0.3763440860215054
2017-03-16,rev_5,93,0.34408602150537637
2017-03-17,rev_5,93,0.4408602150537635
2017-03-20,rev_5,94,0.4408602150537635
2017-03-21,rev_5,94,0.42553191489361697
2017-03-22,rev_5,94,0.46808510638297873
2017-03-23,rev_5,93,0.2872340425531915
2017-03-24,rev_5,94,0.4086021505376344
2017-03-27,rev_5,93,0.3829787234042553
2017-03-28,rev_5,93,0.4086021505376344
2017-03-29,rev_5,93,0.4193548387096774
2017-03-30,rev_5,93,0.3763440860215054
2017-03-31,rev_5,93,0.3870967741935484
2017-04-05,rev_5,93,0.33333333333333337
2017-04-06,rev_5,93,0.29032258064516125
2017-04-07,rev_5,93,0.26881720430107525
2017-04-10,rev_5,92,0.4193548387096774
2017-04-11,rev_5,92,0.4347826086956522
2017-04-12,rev_5,93,0.3804347826086957
2017-04-13,rev_5,92,0.34408602150537637
2017-04-14,rev_5,92,0.32608695652173914
2017-04-17,rev_5,92,0.5
2017-04-18,rev_5,92,0.4347826086956522
2017-04-19,rev_5,93,0.4565217391304348
2017-04-20,rev_5,92,0.31182795698924726
2017-04-21,rev_5,92,0.30434782608695654
2017-04-24,rev_5,92,0.32608695652173914
2017-04-25,rev_5,93,0.17391304347826086
2017-04-26,rev_5,92,0.32258064516129037
2017-04-27,rev_5,93,0.3804347826086957
2017-04-28,rev_5,93,0.34408602150537637
2017-05-02,rev_5,93,0.3655913978494624
2017-05-03,rev_5,93,0.24731182795698925
2017-05-04,rev_5,92,0.33333333333333337
2017-05-05,rev_5,93,0.42391304347826086
2017-05-08,rev_5,93,0.3655913978494624
2017-05-09,rev_5,93,0.26881720430107525
2017-05-10,rev_5,93,0.26881720430107525
2017-05-11,rev_5,93,0.29032258064516125
2017-05-12,rev_5,93,0.29032258064516125
2017-05-15,rev_5,92,0.4516129032258065
2017-05-16,rev_5,93,0.3913043478260869
2017-05-17,rev_5,93,0.3870967741935484
2017-05-18,rev_5,93,0.4731182795698925
2017-05-19,rev_5,87,0.4193548387096774
2017-05-22,rev_5,94,0.49425287356321834
2017-05-23,rev_5,94,0.4787234042553191
2017-05-24,rev_5,94,0.24468085106382975
2017-05-25,rev_5,94,0.25531914893617025
2017-05-26,rev_5,94,0.26595744680851063
2017-05-31,rev_5,94,0.2978723404255319
2017-06-01,rev_5,94,0.37234042553191493
2017-06-02,rev_5,94,0.21276595744680848
2017-06-05,rev_5,94,0.21276595744680848
2017-06-06,rev_5,94,0.2978723404255319
2017-06-07,rev_5,94,0.3936170212765957
2017-06-08,rev_5,94,0.5531914893617021
2017-06-09,rev_5,94,0.4787234042553191
2017-06-12,rev_5,95,0.42553191489361697
2017-06-13,rev_5,95,0.35789473684210527
2017-06-14,rev_5,95,0.35789473684210527
2017-06-15,rev_5,94,0.43157894736842106
2017-06-16,rev_5,94,0.36170212765957444
2017-06-19,rev_5,94,0.4893617021276596
2017-06-20,rev_5,94,0.3191489361702128
2017-06-21,rev_5,94,0.45744680851063835
2017-06-22,rev_5,94,0.5212765957446808
2017-06-23,rev_5,94,0.3191489361702128
2017-06-26,rev_5,94,0.37234042553191493
2017-06-27,rev_5,94,0.2978723404255319
2017-06-28,rev_5,94,0.26595744680851063
2017-06-29,rev_5,94,0.34042553191489366
2017-06-30,rev_5,85,0.3936170212765957
2017-07-03,rev_5,85,0.4
2017-07-04,rev_5,86,0.43529411764705883
2017-07-05,rev_5,85,0.36046511627906974
2017-07-06,rev_5,86,0.388235294117647
2017-07-07,rev_5,95,0.2441860465116279
2017-07-10,rev_5,95,0.35789473684210527
2017-07-11,rev_5,95,0.3894736842105263
2017-07-12,rev_5,95,0.35789473684210527
2017-07-13,rev_5,96,0.3894736842105263
2017-07-14,rev_5,96,0.36458333333333337
2017-07-17,rev_5,95,0.40625
2017-07-18,rev_5,95,0.25263157894736843
2017-07-19,rev_5,95,0.21052631578947367
2017-07-20,rev_5,95,0.1578947368421053
2017-07-21,rev_5,94,0.2210526315789474
2017-07-24,rev_5,94,0.5319148936170213
2017-07-25,rev_5,95,0.4042553191489362
2017-07-26,rev_5,95,0.3789473684210526
2017-07-27,rev_5,94,0.4421052631578948
2017-07-28,rev_5,94,0.36170212765957444
2017-07-31,rev_5,94,0.45744680851063835
2017-08-01,rev_5,94,0.44680851063829785
2017-08-02,rev_5,94,0.35106382978723405
2017-08-03,rev_5,94,0.35106382978723405
2017-08-04,rev_5,94,0.5
2017-08-07,rev_5,94,0.35106382978723405
2017-08-08,rev_5,94,0.4148936170212766
2017-08-09,rev_5,94,0.37234042553191493
2017-08-10,rev_5,94,0.45744680851063835
2017-08-11,rev_5,94,0.5319148936170213
2017-08-14,rev_5,94,0.26595744680851063
2017-08-15,rev_5,94,0.32978723404255317
2017-08-16,rev_5,94,0.3191489361702128
2017-08-17,rev_5,95,0.2872340425531915
2017-08-18,rev_5,95,0.41052631578947374
2017-08-21,rev_5,95,0.3263157894736842
2017-08-22,rev_5,95,0.3263157894736842
2017-08-23,rev_5,95,0.35789473684210527
2017-08-24,rev_5,95,0.42105263157894735
2017-08-25,rev_5,95,0.43157894736842106
2017-08-28,rev_5,95,0.41052631578947374
2017-08-29,rev_5,95,0.41052631578947374
2017-08-30,rev_5,95,0.43157894736842106
2017-08-31,rev_5,96,0.4
2017-09-01,rev_5,96,0.28125
2017-09-04,rev_5,96,0.39583333333333337
2017-09-05,rev_5,96,0.35416666666666663
2017-09-06,rev_5,96,0.30208333333333337
2017-09-07,rev_5,95,0.41666666666666663
2017-09-08,rev_5,95,0.4526315789473684
2017-09-11,rev_5,96,0.42105263157894735
2017-09-12,rev_5,96,0.36458333333333337
2017-09-13,rev_5,96,0.47916666666666663
2017-09-14,rev_5,95,0.5
2017-09-15,rev_5,95,0.4842105263157894
2017-09-18,rev_5,96,0.368421052631579
2017-09-19,rev_5,97,0.39583333333333337
2017-09-20,rev_5,96,0.31958762886597936
2017-09-21,rev_5,96,0.38541666666666663
2017-09-22,rev_5,96,0.39583333333333337
2017-09-25,rev_5,96,0.375
2017-09-26,rev_5,96,0.48958333333333337
2017-09-27,rev_5,96,0.34375
2017-09-28,rev_5,95,0.35416666666666663
2017-09-29,rev_5,95,0.3263157894736842
2017-10-09,rev_5,95,0.5473684210526315
2017-10-10,rev_5,95,0.49473684210526314
2017-10-11,rev_5,95,0.3263157894736842
2017-10-12,rev_5,95,0.21052631578947367
2017-10-13,rev_5,95,0.2421052631578947
2017-10-16,rev_5,95,0.368421052631579
2017-10-17,rev_5,95,0.3157894736842105
2017-10-18,rev_5,95,0.3052631578947368
2017-10-19,rev_5,96,0.35789473684210527
2017-10-20,rev_5,96,0.23958333333333337
2017-10-23,rev_5,96,0.41666666666666663
2017-10-24,rev_5,96,0.41666666666666663
2017-10-25,rev_5,96,0.38541666666666663
2017-10-26,rev_5,96,0.6145833333333333
2017-10-27,rev_5,95,0.48958333333333337
2017-10-30,rev_5,96,0.4526315789473684
2017-10-31,rev_5,96,0.33333333333333337
2017-11-01,rev_5,96,0.25
2017-11-02,rev_5,96,0.30208333333333337
2017-11-03,rev_5,95,0.34375
2017-11-06,rev_5,95,0.368421052631579
2017-11-07,rev_5,95,0.3263157894736842
2017-11-08,rev_5,96,0.35789473684210527
2017-11-09,rev_5,96,0.375
2017-11-10,rev_5,90,0.42708333333333337
2017-11-13,rev_5,96,0.48888888888888893
2017-11-14,rev_5,96,0.375
2017-11-15,rev_5,96,0.375
2017-11-16,rev_5,96,0.3125
2017-11-17,rev_5,96,0.35416666666666663
2017-11-20,rev_5,96,0.33333333333333337
2017-11-21,rev_5,95,0.35416666666666663
2017-11-22,rev_5,95,0.3052631578947368
2017-11-23,rev_5,94,0.3263157894736842
2017-11-24,rev_5,94,0.36170212765957444
2017-11-27,rev_5,94,0.42553191489361697
2017-11-28,rev_5,93,0.18085106382978722
2017-11-29,rev_5,94,0.23655913978494625
2017-11-30,rev_5,93,0.26595744680851063
2017-12-01,rev_5,93,0.3548387096774194
2017-12-04,rev_5,93,0.4731182795698925
2017-12-05,rev_5,93,0.4408602150537635
2017-12-06,rev_5,93,0.34408602150537637
2017-12-07,rev_5,93,0.32258064516129037
2017-12-08,rev_5,93,0.29032258064516125
2017-12-11,rev_5,93,0.3548387096774194
2017-12-12,rev_5,93,0.4623655913978495
2017-12-13,rev_5,93,0.3763440860215054
2017-12-14,rev_5,94,0.31182795698924726
2017-12-15,rev_5,94,0.3936170212765957
2017-12-18,rev_5,93,0.43617021276595747
2017-12-19,rev_5,93,0.34408602150537637
2017-12-20,rev_5,93,0.32258064516129037
2017-12-21,rev_5,94,0.32258064516129037
2017-12-22,rev_5,94,0.37234042553191493
2017-12-25,rev_5,94,0.37234042553191493
2017-12-26,rev_5,93,0.25531914893617025
2017-12-27,rev_5,94,0.32258064516129037
2017-12-28,rev_5,93,0.32978723404255317
2017-12-29,rev_5,84,0.34408602150537637
2018-01-02,rev_5,83,0.4642857142857143
2018-01-03,rev_5,83,0.40963855421686746
2018-01-04,rev_5,84,0.37349397590361444
2018-01-05,rev_5,84,0.45238095238095233
2018-01-08,rev_5,88,0.44047619047619047
2018-01-09,rev_5,92,0.3295454545454546
2018-01-10,rev_5,92,0.4130434782608695
2018-01-11,rev_5,92,0.3695652173913043
2018-01-12,rev_5,92,0.3586956521739131
2018-01-15,rev_5,92,0.40217391304347827
2018-01-16,rev_5,92,0.2934782608695652
2018-01-17,rev_5,93,0.3804347826086957
2018-01-18,rev_5,92,0.22580645161290325
2018-01-19,rev_5,92,0.23913043478260865
2018-01-22,rev_5,92,0.4130434782608695
2018-01-23,rev_5,92,0.3804347826086957
2018-01-24,rev_5,92,0.4347826086956522
2018-01-25,rev_5,92,0.34782608695652173
2018-01-26,rev_5,92,0.4347826086956522
2018-01-29,rev_5,92,0.4130434782608695
2018-01-30,rev_5,92,0.30434782608695654
2018-01-31,rev_5,92,0.44565217391304346
2018-02-01,rev_5,92,0.3695652173913043
2018-02-02,rev_5,91,0.23913043478260865
2018-02-05,rev_5,90,0.2417582417582418
2018-02-06,rev_5,90,0.2666666666666667
2018-02-07,rev_5,90,0.3111111111111111
2018-02-08,rev_5,91,0.33333333333333337
2018-02-09,rev_5,91,0.48351648351648346
2018-02-12,rev_5,91,0.27472527472527475
2018-02-13,rev_5,90,0.2857142857142857
2018-02-14,rev_5,90,0.21111111111111114
2018-02-22,rev_5,91,0.2777777777777778
2018-02-23,rev_5,91,0.6483516483516483
2018-02-26,rev_5,91,0.3626373626373627
2018-02-27,rev_5,91,0.46153846153846156
2018-02-28,rev_5,91,0.34065934065934067
2018-03-01,rev_5,91,0.3846153846153846
2018-03-02,rev_5,91,0.3296703296703297
2018-03-05,rev_5,92,0.31868131868131866
2018-03-06,rev_5,92,0.40217391304347827
2018-03-07,rev_5,92,0.42391304347826086
2018-03-08,rev_5,92,0.3913043478260869
2018-03-09,rev_5,92,0.5434782608695652
2018-03-12,rev_5,92,0.5108695652173914
2018-03-13,rev_5,93,0.5326086956521738
2018-03-14,rev_5,93,0.5376344086021505
2018-03-15,rev_5,93,0.4516129032258065
2018-03-16,rev_5,93,0.4516129032258065
2018-03-19,rev_5,93,0.4516129032258065
2018-03-20,rev_5,93,0.3548387096774194
2018-03-21,rev_5,93,0.3655913978494624
2018-03-22,rev_5,93,0.34408602150537637
2018-03-23,rev_5,93,0.34408602150537637
2018-03-26,rev_5,93,0.30107526881720426
2018-03-27,rev_5,93,0.3548387096774194
2018-03-28,rev_5,93,0.33333333333333337
2018-03-29,rev_5,93,0.25806451612903225
2018-03-30,rev_5,93,0.6021505376344086
2018-04-02,rev_5,93,0.3870967741935484
2018-04-03,rev_5,93,0.3870967741935484
2018-04-04,rev_5,93,0.4516129032258065
2018-04-09,rev_5,93,0.4193548387096774
2018-04-10,rev_5,93,0.5698924731182795
2018-04-11,rev_5,93,0.34408602150537637
2018-04-12,rev_5,93,0.3548387096774194
2018-04-13,rev_5,94,0.4301075268817204
2018-04-16,rev_5,93,0.46808510638297873
2018-04-17,rev_5,94,0.4516129032258065
2018-04-18,rev_5,94,0.3936170212765957
2018-04-19,rev_5,94,0.42553191489361697
2018-04-20,rev_5,94,0.43617021276595747
2018-04-23,rev_5,94,0.4893617021276596
2018-04-24,rev_5,94,0.276595744680851
2018-04-25,rev_5,94,0.4042553191489362
2018-04-26,rev_5,93,0.4042553191489362
2018-04-27,rev_5,94,0.3655913978494624
2018-05-02,rev_5,93,0.34042553191489366
2018-05-03,rev_5,93,0.22580645161290325
2018-05-04,rev_5,93,0.20430107526881724
2018-05-07,rev_5,93,0.27956989247311825
2018-05-08,rev_5,93,0.3548387096774194
2018-05-09,rev_5,94,0.5053763440860215
2018-05-10,rev_5,94,0.43617021276595747
2018-05-11,rev_5,93,0.4042553191489362
2018-05-14,rev_5,94,0.33333333333333337
2018-05-15,rev_5,94,0.34042553191489366
2018-05-16,rev_5,94,0.34042553191489366
2018-05-17,rev_5,94,0.3191489361702128
2018-05-18,rev_5,93,0.4787234042553191
2018-05-21,rev_5,94,0.4946236559139785
2018-05-22,rev_5,94,0.42553191489361697
2018-05-23,rev_5,94,0.43617021276595747
2018-05-24,rev_5,94,0.45744680851063835
2018-05-25,rev_5,94,0.42553191489361697
2018-05-28,rev_5,94,0.4042553191489362
2018-05-29,rev_5,94,0.4148936170212766
2018-05-30,rev_5,93,0.32978723404255317
2018-05-31,rev_5,93,0.29032258064516125
2018-06-01,rev_5,93,0.30107526881720426
2018-06-04,rev_5,93,0.3763440860215054
2018-06-05,rev_5,93,0.27956989247311825
2018-06-06,rev_5,92,0.4301075268817204
2018-06-07,rev_5,92,0.3913043478260869
2018-06-08,rev_5,92,0.4347826086956522
2018-06-11,rev_5,92,0.40217391304347827
2018-06-12,rev_5,92,0.32608695652173914
2018-06-13,rev_5,92,0.3586956521739131
2018-06-14,rev_5,92,0.3152173913043478
2018-06-15,rev_5,92,0.34782608695652173
2018-06-19,rev_5,91,0.40217391304347827
2018-06-20,rev_5,92,0.25274725274725274
2018-06-21,rev_5,91,0.32608695652173914
2018-06-22,rev_5,92,0.19780219780219777
2018-06-25,rev_5,92,0.21739130434782605
2018-06-26,rev_5,92,0.3695652173913043
2018-06-27,rev_5,92,0.42391304347826086
2018-06-28,rev_5,92,0.3804347826086957
2018-06-29,rev_5,84,0.3695652173913043
2018-07-02,rev_5,84,0.20238095238095233
2018-07-03,rev_5,84,0.26190476190476186
2018-07-04,rev_5,84,0.34523809523809523
2018-07-05,rev_5,84,0.29761904761904767
2018-07-06,rev_5,94,0.30952380952380953
2018-07-09,rev_5,94,0.3191489361702128
2018-07-10,rev_5,94,0.3191489361702128
2018-07-11,rev_5,94,0.36170212765957444
2018-07-12,rev_5,94,0.37234042553191493
2018-07-13,rev_5,94,0.35106382978723405
2018-07-16,rev_5,95,0.35106382978723405
2018-07-17,rev_5,94,0.28421052631578947
2018-07-18,rev_5,85,0.4787234042553191
2018-07-19,rev_5,94,0.47058823529411764
2018-07-20,rev_5,94,0.37234042553191493
2018-07-23,rev_5,95,0.46808510638297873
2018-07-24,rev_5,95,0.3157894736842105
2018-07-25,rev_5,95,0.27368421052631575
2018-07-26,rev_5,95,0.3263157894736842
2018-07-27,rev_5,95,0.35789473684210527
2018-07-30,rev_5,95,0.3789473684210526
2018-07-31,rev_5,95,0.3263157894736842
2018-08-01,rev_5,95,0.3052631578947368
2018-08-02,rev_5,95,0.4
2018-08-03,rev_5,95,0.34736842105263155
2018-08-06,rev_5,95,0.3263157894736842
2018-08-07,rev_5,95,0.3157894736842105
2018-08-08,rev_5,95,0.26315789473684215
2018-08-09,rev_5,95,0.2315789473684211
2018-08-10,rev_5,95,0.42105263157894735
2018-08-13,rev_5,95,0.4736842105263158
2018-08-14,rev_5,95,0.3894736842105263
2018-08-15,rev_5,95,0.42105263157894735
2018-08-16,rev_5,95,0.35789473684210527
2018-08-17,rev_5,95,0.3894736842105263
2018-08-20,rev_5,95,0.35789473684210527
2018-08-21,rev_5,96,0.28421052631578947
2018-08-22,rev_5,96,0.34375
2018-08-23,rev_5,96,0.375
2018-08-24,rev_5,96,0.40625
2018-08-27,rev_5,96,0.42708333333333337
2018-08-28,rev_5,96,0.30208333333333337
2018-08-29,rev_5,96,0.36458333333333337
2018-08-30,rev_5,96,0.39583333333333337
2018-08-31,rev_5,96,0.375
2018-09-03,rev_5,96,0.36458333333333337
2018-09-04,rev_5,96,0.25
2018-09-05,rev_5,96,0.29166666666666663
2018-09-06,rev_5,96,0.35416666666666663
2018-09-07,rev_5,96,0.34375
2018-09-10,rev_5,96,0.41666666666666663
2018-09-11,rev_5,96,0.29166666666666663
2018-09-12,rev_5,96,0.30208333333333337
2018-09-13,rev_5,96,0.30208333333333337
2018-09-14,rev_5,96,0.25
2018-09-17,rev_5,96,0.34375
2018-09-18,rev_5,96,0.375
2018-09-19,rev_5,96,0.33333333333333337
2018-09-20,rev_5,97,0.38541666666666663
2018-09-21,rev_5,97,0.4329896907216495
2018-09-25,rev_5,97,0.45360824742268047
2018-09-26,rev_5,97,0.35051546391752575
2018-09-27,rev_5,96,0.4639175257731959
2018-09-28,rev_5,96,0.34375
2018-10-08,rev_5,96,0.46875
2018-10-09,rev_5,97,0.34375
2018-10-10,rev_5,97,0.19587628865979378
2018-10-11,rev_5,97,0.24742268041237114
2018-10-12,rev_5,97,0.3608247422680413
2018-10-15,rev_5,97,0.28865979381443296
2018-10-16,rev_5,97,0.25773195876288657
2018-10-17,rev_5,97,0.19587628865979378
2018-10-18,rev_5,97,0.25773195876288657
2018-10-19,rev_5,97,0.3711340206185567
2018-10-22,rev_5,97,0.25773195876288657
2018-10-23,rev_5,97,0.3298969072164949
2018-10-24,rev_5,97,0.35051546391752575
2018-10-25,rev_5,97,0.4020618556701031
2018-10-26,rev_5,97,0.28865979381443296
2018-10-29,rev_5,97,0.27835051546391754
2018-10-30,rev_5,97,0.28865979381443296
2018-10-31,rev_5,97,0.25773195876288657
2018-11-01,rev_5,97,0.3711340206185567
2018-11-02,rev_5,97,0.4329896907216495
2018-11-05,rev_5,98,0.3917525773195877
2018-11-06,rev_5,98,0.3877551020408163
2018-11-07,rev_5,98,0.30612244897959184
2018-11-08,rev_5,98,0.4387755102040817
2018-11-09,rev_5,98,0.47959183673469385
2018-11-12,rev_5,99,0.326530612244898
2018-11-13,rev_5,99,0.4040404040404041
2018-11-14,rev_5,98,0.36363636363636365
2018-11-15,rev_5,99,0.326530612244898
2018-11-16,rev_5,99,0.29292929292929293
2018-11-19,rev_5,99,0.4040404040404041
2018-11-20,rev_5,99,0.33333333333333337
2018-11-21,rev_5,99,0.3737373737373737
2018-11-22,rev_5,99,0.31313131313131315
2018-11-23,rev_5,100,0.4949494949494949
2018-11-26,rev_5,100,0.4
2018-11-27,rev_5,100,0.39
2018-11-28,rev_5,100,0.36
2018-11-29,rev_5,100,0.31000000000000005
2018-11-30,rev_5,100,0.39
2018-12-03,rev_5,100,0.39
2018-12-04,rev_5,100,0.37
2018-12-05,rev_5,100,0.49
2018-12-06,rev_5,100,0.45999999999999996
2018-12-07,rev_5,100,0.45999999999999996
2018-12-10,rev_5,100,0.43999999999999995
2018-12-11,rev_5,100,0.31999999999999995
2018-12-12,rev_5,100,0.30000000000000004
2018-12-13,rev_5,100,0.25
2018-12-14,rev_5,100,0.37
2018-12-17,rev_5,100,0.41000000000000003
2018-12-18,rev_5,100,0.36
2018-12-19,rev_5,100,0.24
2018-12-20,rev_5,100,0.26
2018-12-21,rev_5,100,0.33999999999999997
2018-12-24,rev_5,100,0.39
2018-12-25,rev_5,99,0.39
2018-12-26,rev_5,99,0.36363636363636365
2018-12-27,rev_5,99,0.31313131313131315
2018-12-28,rev_5,91,0.41414141414141414
2019-01-02,rev_5,91,0.3626373626373627
2019-01-03,rev_5,91,0.4505494505494505
2019-01-04,rev_5,91,0.21978021978021978
2019-01-07,rev_5,91,0.3076923076923077
2019-01-08,rev_5,100,0.3296703296703297
2019-01-09,rev_5,100,0.35
2019-01-10,rev_5,100,0.39
2019-01-11,rev_5,97,0.37
2019-01-14,rev_5,100,0.4020618556701031
2019-01-15,rev_5,100,0.4
2019-01-16,rev_5,100,0.39
2019-01-17,rev_5,100,0.35
2019-01-18,rev_5,100,0.38
2019-01-21,rev_5,100,0.39
2019-01-22,rev_5,100,0.43000000000000005
2019-01-23,rev_5,100,0.35
2019-01-24,rev_5,100,0.4
2019-01-25,rev_5,100,0.35
2019-01-28,rev_5,100,0.30000000000000004
2019-01-29,rev_5,100,0.29000000000000004
2019-01-30,rev_5,100,0.25
2019-01-31,rev_5,100,0.18999999999999995
2019-02-01,rev_5,100,0.17000000000000004
2019-02-11,rev_5,100,0.28
2019-02-12,rev_5,100,0.43000000000000005
2019-02-13,rev_5,100,0.36
2019-02-14,rev_5,100,0.43000000000000005
2019-02-15,rev_5,100,0.36
2019-02-18,rev_5,100,0.25
2019-02-19,rev_5,100,0.31000000000000005
2019-02-20,rev_5,100,0.31999999999999995
2019-02-21,rev_5,100,0.31000000000000005
2019-02-22,rev_5,100,0.31000000000000005
2019-02-25,rev_5,100,0.29000000000000004
2019-02-26,rev_5,100,0.39
2019-02-27,rev_5,100,0.37
2019-02-28,rev_5,100,0.32999999999999996
2019-03-01,rev_5,100,0.36
2019-03-04,rev_5,100,0.36
2019-03-05,rev_5,100,0.54
2019-03-06,rev_5,99,0.44999999999999996
2019-03-07,rev_5,100,0.43434343434343436
2019-03-08,rev_5,100,0.37
2019-03-11,rev_5,100,0.33999999999999997
2019-03-12,rev_5,100,0.28
2019-03-13,rev_5,99,0.42000000000000004
2019-03-14,rev_5,100,0.5858585858585859
2019-03-15,rev_5,100,0.49
2019-03-18,rev_5,100,0.33999999999999997
2019-03-19,rev_5,100,0.28
2019-03-20,rev_5,100,0.38
2019-03-21,rev_5,100,0.52
2019-03-22,rev_5,100,0.37
2019-03-25,rev_5,99,0.51
2019-03-26,rev_5,99,0.43434343434343436
2019-03-27,rev_5,99,0.3434343434343434
2019-03-28,rev_5,99,0.4040404040404041
2019-03-29,rev_5,99,0.4242424242424242
2019-04-01,rev_5,99,0.43434343434343436
2019-04-02,rev_5,100,0.48484848484848486
2019-04-03,rev_5,99,0.43999999999999995
2019-04-04,rev_5,99,0.36363636363636365
2019-04-08,rev_5,98,0.3232323232323232
2019-04-09,rev_5,100,0.3163265306122449
2019-04-10,rev_5,100,0.41000000000000003
2019-04-11,rev_5,99,0.32999999999999996
2019-04-12,rev_5,100,0.41414141414141414
2019-04-15,rev_5,100,0.61
2019-04-16,rev_5,100,0.42000000000000004
2019-04-17,rev_5,100,0.37
2019-04-18,rev_5,100,0.48
2019-04-19,rev_5,100,0.43999999999999995
2019-04-22,rev_5,100,0.42000000000000004
2019-04-23,rev_5,100,0.45999999999999996
2019-04-24,rev_5,100,0.41000000000000003
2019-04-25,rev_5,99,0.37
2019-04-26,rev_5,99,0.38383838383838387
2019-04-29,rev_5,99,0.43434343434343436
2019-04-30,rev_5,99,0.3737373737373737
2019-05-06,rev_5,100,0.24242424242424243
2019-05-07,rev_5,99,0.26
2019-05-08,rev_5,99,0.29292929292929293
2019-05-09,rev_5,99,0.4444444444444444
2019-05-10,rev_5,99,0.38383838383838387
2019-05-13,rev_5,99,0.4545454545454546
2019-05-14,rev_5,99,0.4040404040404041
2019-05-15,rev_5,100,0.4444444444444444
2019-05-16,rev_5,100,0.44999999999999996
2019-05-17,rev_5,100,0.43000000000000005
2019-05-20,rev_5,99,0.51
2019-05-21,rev_5,99,0.3535353535353535
2019-05-22,rev_5,99,0.33333333333333337
2019-05-23,rev_5,99,0.2828282828282829
2019-05-24,rev_5,99,0.2727272727272727
2019-05-27,rev_5,99,0.38383838383838387
2019-05-28,rev_5,99,0.36363636363636365
2019-05-29,rev_5,99,0.4040404040404041
2019-05-30,rev_5,99,0.3939393939393939
2019-05-31,rev_5,99,0.4040404040404041
2019-06-03,rev_5,99,0.4040404040404041
2019-06-04,rev_5,99,0.31313131313131315
2019-06-05,rev_5,99,0.21212121212121215
2019-06-06,rev_5,99,0.303030303030303
2019-06-10,rev_5,99,0.2727272727272727
2019-06-11,rev_5,99,0.41414141414141414
2019-06-12,rev_5,99,0.41414141414141414
2019-06-13,rev_5,100,0.4040404040404041
2019-06-14,rev_5,94,0.42000000000000004
2019-06-17,rev_5,99,0.3936170212765957
2019-06-18,rev_5,99,0.31313131313131315
2019-06-19,rev_5,100,0.41414141414141414
2019-06-20,rev_5,100,0.36
2019-06-21,rev_5,100,0.44999999999999996
2019-06-24,rev_5,100,0.38
2019-06-25,rev_5,99,0.29000000000000004
2019-06-26,rev_5,98,0.26262626262626265
2019-06-27,rev_5,99,0.326530612244898
2019-06-28,rev_5,92,0.4747474747474747
2019-07-01,rev_5,92,0.46739130434782605
2019-07-02,rev_5,92,0.3586956521739131
2019-07-03,rev_5,92,0.3804347826086957
2019-07-04,rev_5,92,0.3804347826086957
2019-07-05,rev_5,100,0.3586956521739131
2019-07-08,rev_5,100,0.43000000000000005
2019-07-09,rev_5,100,0.26
2019-07-10,rev_5,100,0.31000000000000005
2019-07-11,rev_5,100,0.35
2019-07-12,rev_5,100,0.29000000000000004
2019-07-15,rev_5,100,0.54
2019-07-16,rev_5,100,0.41000000000000003
2019-07-17,rev_5,100,0.31000000000000005
2019-07-18,rev_5,100,0.29000000000000004
2019-07-19,rev_5,100,0.38
2019-07-22,rev_5,100,0.5
2019-07-23,rev_5,100,0.29000000000000004
2019-07-24,rev_5,100,0.26
2019-07-25,rev_5,100,0.39
2019-07-26,rev_5,100,0.31000000000000005
2019-07-29,rev_5,100,0.43000000000000005
2019-07-30,rev_5,100,0.41000000000000003
2019-07-31,rev_5,100,0.32999999999999996
2019-08-01,rev_5,100,0.31000000000000005
2019-08-02,rev_5,100,0.38
2019-08-05,rev_5,100,0.32999999999999996
2019-08-06,rev_5,100,0.42000000000000004
2019-08-07,rev_5,100,0.4
2019-08-08,rev_5,100,0.38
2019-08-09,rev_5,100,0.39
2019-08-12,rev_5,100,0.32999999999999996
2019-08-13,rev_5,100,0.43999999999999995
2019-08-14,rev_5,100,0.37
2019-08-15,rev_5,100,0.27
2019-08-16,rev_5,100,0.31999999999999995
2019-08-19,rev_5,100,0.38
2019-08-20,rev_5,100,0.31999999999999995
2019-08-21,rev_5,100,0.31000000000000005
2019-08-22,rev_5,100,0.32999999999999996
2019-08-23,rev_5,100,0.37
2019-08-26,rev_5,100,0.41000000000000003
2019-08-27,rev_5,100,0.39
2019-08-28,rev_5,100,0.37
2019-08-29,rev_5,100,0.32999999999999996
2019-08-30,rev_5,100,0.38
2019-09-02,rev_5,100,0.36
2019-09-03,rev_5,100,0.35
2019-09-04,rev_5,100,0.44999999999999996
2019-09-05,rev_5,100,0.30000000000000004
2019-09-06,rev_5,100,0.31000000000000005
2019-09-09,rev_5,100,0.35
2019-09-10,rev_5,100,0.37
2019-09-11,rev_5,100,0.33999999999999997
2019-09-12,rev_5,100,0.33999999999999997
2019-09-16,rev_5,100,0.33999999999999997
2019-09-17,rev_5,100,0.45999999999999996
2019-09-18,rev_5,100,0.41000000000000003
2019-09-19,rev_5,100,0.47
2019-09-20,rev_5,100,0.42000000000000004
2019-09-23,rev_5,100,0.38
2019-09-24,rev_5,100,0.39
2019-09-25,rev_5,100,0.47
2019-09-26,rev_5,100,0.41000000000000003
2019-09-27,rev_5,100,0.31999999999999995
2019-09-30,rev_5,100,0.38
2019-10-08,rev_5,100,0.30000000000000004
2019-10-09,rev_5,100,0.29000000000000004
2019-10-10,rev_5,99,0.42000000000000004
2019-10-11,rev_5,99,0.36363636363636365
2019-10-14,rev_5,100,0.38383838383838387
2019-10-15,rev_5,97,0.43999999999999995
2019-10-16,rev_5,100,0.27835051546391754
2019-10-17,rev_5,100,0.30000000000000004
2019-10-18,rev_5,100,0.32999999999999996
2019-10-21,rev_5,100,0.39
2019-10-22,rev_5,100,0.41000000000000003
2019-10-23,rev_5,100,0.36
2019-10-24,rev_5,100,0.36
2019-10-25,rev_5,100,0.38
2019-10-28,rev_5,100,0.43999999999999995
2019-10-29,rev_5,100,0.4
2019-10-30,rev_5,100,0.32999999999999996
2019-10-31,rev_5,100,0.31999999999999995
2019-11-01,rev_5,100,0.33999999999999997
2019-11-04,rev_5,100,0.29000000000000004
2019-11-05,rev_5,100,0.27
2019-11-06,rev_5,100,0.30000000000000004
2019-11-07,rev_5,100,0.36
2019-11-08,rev_5,100,0.32999999999999996
2019-11-11,rev_5,100,0.28
2019-11-12,rev_5,100,0.33999999999999997
2019-11-13,rev_5,100,0.37
2019-11-14,rev_5,100,0.31999999999999995
2019-11-15,rev_5,100,0.38
2019-11-18,rev_5,100,0.37
2019-11-19,rev_5,100,0.31999999999999995
2019-11-20,rev_5,100,0.31000000000000005
2019-11-21,rev_5,100,0.31999999999999995
2019-11-22,rev_5,100,0.4
2019-11-25,rev_5,100,0.35
2019-11-26,rev_5,100,0.25
2019-11-27,rev_5,100,0.28
2019-11-28,rev_5,100,0.20999999999999996
2019-11-29,rev_5,100,0.29000000000000004
2019-12-02,rev_5,100,0.48
2019-12-03,rev_5,100,0.43000000000000005
2019-12-04,rev_5,100,0.31999999999999995
2019-12-05,rev_5,100,0.27
2019-12-06,rev_5,100,0.39
2019-12-09,rev_5,100,0.43999999999999995
2019-12-10,rev_5,100,0.4
2019-12-11,rev_5,100,0.39
2019-12-12,rev_5,100,0.28
2019-12-13,rev_5,100,0.24
2019-12-16,rev_5,100,0.44999999999999996
2019-12-17,rev_5,100,0.41000000000000003
2019-12-18,rev_5,100,0.41000000000000003
2019-12-19,rev_5,100,0.37
2019-12-20,rev_5,100,0.29000000000000004
2019-12-23,rev_5,100,0.37
2019-12-24,rev_5,100,0.31000000000000005
2019-12-25,rev_5,100,0.30000000000000004
2019-12-26,rev_5,100,0.38
2019-12-27,rev_5,100,0.41000000000000003
2019-12-30,rev_5,100,0.41000000000000003
2019-12-31,rev_5,92,0.42000000000000004
2020-01-02,rev_5,92,0.2282608695652174
2020-01-03,rev_5,92,0.30434782608695654
2020-01-06,rev_5,92,0.46739130434782605
2020-01-07,rev_5,92,0.44565217391304346
2020-01-08,rev_5,100,0.3586956521739131
2020-01-09,rev_5,100,0.32999999999999996
2020-01-10,rev_5,100,0.33999999999999997
2020-01-13,rev_5,100,0.49
2020-01-14,rev_5,100,0.51
2020-01-15,rev_5,100,0.49
2020-01-16,rev_5,100,0.37
2020-01-17,rev_5,100,0.32999999999999996
2020-01-20,rev_5,100,0.44999999999999996
2020-01-21,rev_5,100,0.39
2020-01-22,rev_5,100,0.38
2020-01-23,rev_5,100,0.33999999999999997
2020-02-03,rev_5,100,0.21999999999999997
2020-02-04,rev_5,100,0.5
2020-02-05,rev_5,100,0.18000000000000005
2020-02-06,rev_5,100,0.22999999999999998
2020-02-07,rev_5,100,0.33999999999999997
2020-02-10,rev_5,100,0.22999999999999998
2020-02-11,rev_5,100,0.72
2020-02-12,rev_5,100,0.35
2020-02-13,rev_5,100,0.37
2020-02-14,rev_5,100,0.32999999999999996
2020-02-17,rev_5,99,0.31000000000000005
2020-02-18,rev_5,100,0.3737373737373737
2020-02-19,rev_5,100,0.31000000000000005
2020-02-20,rev_5,100,0.25
2020-02-21,rev_5,100,0.33999999999999997
2020-02-24,rev_5,100,0.31000000000000005
2020-02-25,rev_5,100,0.35
2020-02-26,rev_5,100,0.48
2020-02-27,rev_5,100,0.35
2020-02-28,rev_5,100,0.48
2020-03-02,rev_5,100,0.25
2020-03-03,rev_5,100,0.28
2020-03-04,rev_5,100,0.25
2020-03-05,rev_5,100,0.26
2020-03-06,rev_5,100,0.35
2020-03-09,rev_5,100,0.38
2020-03-10,rev_5,100,0.29000000000000004
2020-03-11,rev_5,100,0.28
2020-03-12,rev_5,100,0.33999999999999997
2020-03-13,rev_5,100,0.4
2020-03-16,rev_5,100,0.37
2020-03-17,rev_5,100,0.32999999999999996
2020-03-18,rev_5,100,0.28
2020-03-19,rev_5,100,0.30000000000000004
2020-03-20,rev_5,100,0.33999999999999997
2020-03-23,rev_5,100,0.28
2020-03-24,rev_5,100,0.27
2020-03-25,rev_5,100,0.25
2020-03-26,rev_5,99,0.35
2020-03-27,rev_5,100,0.18181818181818177
2020-03-30,rev_5,100,0.33999999999999997
2020-03-31,rev_5,100,0.28
2020-04-01,rev_5,100,0.18000000000000005
2020-04-02,rev_5,100,0.36
2020-04-03,rev_5,100,0.31999999999999995
2020-04-07,rev_5,100,0.55
2020-04-08,rev_5,100,0.48
2020-04-09,rev_5,100,0.5
2020-04-10,rev_5,100,0.62
2020-04-13,rev_5,100,0.36
2020-04-14,rev_5,100,0.32999999999999996
2020-04-15,rev_5,100,0.37
2020-04-16,rev_5,100,0.29000000000000004
2020-04-17,rev_5,100,0.31999999999999995
2020-04-20,rev_5,100,0.44999999999999996
2020-04-21,rev_5,100,0.4
2020-04-22,rev_5,100,0.42000000000000004
2020-04-23,rev_5,100,0.37
2020-04-24,rev_5,100,0.36
2020-04-27,rev_5,100,0.36
2020-04-28,rev_5,100,0.4
2020-04-29,rev_5,100,0.25
2020-04-30,rev_5,100,0.35
2020-05-06,rev_5,100,0.31000000000000005
2020-05-07,rev_5,100,0.32999999999999996
2020-05-08,rev_5,100,0.38
2020-05-11,rev_5,100,0.36
2020-05-12,rev_5,100,0.43999999999999995
2020-05-13,rev_5,100,0.47
2020-05-14,rev_5,100,0.37
2020-05-15,rev_5,100,0.31000000000000005
2020-05-18,rev_5,100,0.55
2020-05-19,rev_5,100,0.22999999999999998
2020-05-20,rev_5,100,0.35
2020-05-21,rev_5,100,0.33999999999999997
2020-05-22,rev_5,100,0.28
2020-05-25,rev_5,100,0.31999999999999995
2020-05-26,rev_5,100,0.29000000000000004
2020-05-27,rev_5,100,0.30000000000000004
2020-05-28,rev_5,100,0.32999999999999996
2020-05-29,rev_5,100,0.27
2020-06-01,rev_5,100,0.5800000000000001
2020-06-02,rev_5,100,0.48
2020-06-03,rev_5,100,0.42000000000000004
2020-06-04,rev_5,100,0.43999999999999995
2020-06-05,rev_5,100,0.43000000000000005
2020-06-08,rev_5,100,0.33999999999999997
2020-06-09,rev_5,100,0.43000000000000005
2020-06-10,rev_5,100,0.39
2020-06-11,rev_5,100,0.43000000000000005
2020-06-12,rev_5,100,0.32999999999999996
2020-06-15,rev_5,100,0.47
2020-06-16,rev_5,100,0.31000000000000005
2020-06-17,rev_5,100,0.33999999999999997
2020-06-18,rev_5,100,0.4
2020-06-19,rev_5,100,0.37
2020-06-22,rev_5,100,0.48
2020-06-23,rev_5,99,0.36
2020-06-24,rev_5,99,0.48484848484848486
2020-06-29,rev_5,100,0.48484848484848486
2020-06-30,rev_5,91,0.36
2020-07-01,rev_5,91,0.4285714285714286
2020-07-02,rev_5,91,0.4065934065934066
2020-07-03,rev_5,91,0.29670329670329665
2020-07-06,rev_5,91,0.3076923076923077
2020-07-07,rev_5,100,0.27472527472527475
2020-07-08,rev_5,100,0.28
2020-07-09,rev_5,100,0.30000000000000004
2020-07-10,rev_5,100,0.43000000000000005
2020-07-13,rev_5,100,0.51
2020-07-14,rev_5,100,0.52
2020-07-15,rev_5,100,0.5800000000000001
2020-07-16,rev_5,100,0.42000000000000004
2020-07-17,rev_5,100,0.37
2020-07-20,rev_5,100,0.26
2020-07-21,rev_5,100,0.36
2020-07-22,rev_5,100,0.4
2020-07-23,rev_5,98,0.51
2020-07-24,rev_5,100,0.4897959183673469
2020-07-27,rev_5,100,0.38
2020-07-28,rev_5,100,0.36
2020-07-29,rev_5,99,0.31999999999999995
2020-07-30,rev_5,99,0.4444444444444444
2020-07-31,rev_5,99,0.5252525252525253
2017-02-08,std_20,91,0.07692307692307687
2017-02-09,std_20,91,0.07692307692307687
2017-02-10,std_20,91,0.04395604395604391
2017-02-13,std_20,91,0.07692307692307687
2017-02-14,std_20,91,0.06593406593406592
2017-02-15,std_20,91,0.07692307692307687
2017-02-16,std_20,91,0.06593406593406592
2017-02-17,std_20,91,0.10989010989010994
2017-02-20,std_20,90,0.2857142857142857
2017-02-21,std_20,90,0.07777777777777772
2017-02-22,std_20,90,0.0888888888888889
2017-02-23,std_20,90,0.07777777777777772
2017-02-24,std_20,90,0.07777777777777772
2017-02-27,std_20,90,0.06666666666666665
2017-02-28,std_20,90,0.05555555555555558
2017-03-01,std_20,91,0.05555555555555558
2017-03-02,std_20,91,0.05494505494505497
2017-03-03,std_20,91,0.05494505494505497
2017-03-06,std_20,90,0.04395604395604391
2017-03-07,std_20,90,0.07777777777777772
2017-03-08,std_20,91,0.0444444444444444
2017-03-09,std_20,91,0.10989010989010994
2017-03-10,std_20,91,0.08791208791208793
2017-03-13,std_20,91,0.08791208791208793
2017-03-14,std_20,90,0.06593406593406592
2017-03-15,std_20,91,0.05555555555555558
2017-03-16,std_20,91,0.07692307692307687
2017-03-17,std_20,91,0.07692307692307687
2017-03-20,std_20,91,0.10989010989010994
2017-03-21,std_20,91,0.1208791208791209
2017-03-22,std_20,92,0.10989010989010994
2017-03-23,std_20,92,0.05434782608695654
2017-03-24,std_20,92,0.07608695652173914
2017-03-27,std_20,93,0.09782608695652173
2017-03-28,std_20,92,0.09677419354838712
2017-03-29,std_20,92,0.08695652173913049
2017-03-30,std_20,92,0.15217391304347827
2017-03-31,std_20,92,0.08695652173913049
2017-04-05,std_20,91,0.23913043478260865
2017-04-06,std_20,91,0.04395604395604391
2017-04-07,std_20,91,0.06593406593406592
2017-04-10,std_20,91,0.06593406593406592
2017-04-11,std_20,91,0.08791208791208793
2017-04-12,std_20,91,0.09890109890109888
2017-04-13,std_20,89,0.07692307692307687
2017-04-14,std_20,89,0.0561797752808989
2017-04-17,std_20,89,0.0561797752808989
2017-04-18,std_20,89,0.0561797752808989
2017-04-19,std_20,89,0.0674157303370787
2017-04-20,std_20,89,0.0561797752808989
2017-04-21,std_20,88,0.0674157303370787
2017-04-24,std_20,88,0.125
2017-04-25,std_20,88,0.045454545454545414
2017-04-26,std_20,87,0.09090909090909094
2017-04-27,std_20,88,0.03448275862068961
2017-04-28,std_20,87,0.06818181818181823
2017-05-02,std_20,87,0.04597701149425293
2017-05-03,std_20,87,0.08045977011494254
2017-05-04,std_20,87,0.09195402298850575
2017-05-05,std_20,87,0.05747126436781613
2017-05-08,std_20,87,0.06896551724137934
2017-05-09,std_20,87,0.04597701149425293
2017-05-10,std_20,87,0.10344827586206895
2017-05-11,std_20,88,0.11494252873563215
2017-05-12,std_20,87,0.05681818181818177
2017-05-15,std_20,88,0.08045977011494254
2017-05-16,std_20,89,0.1477272727272727
2017-05-17,std_20,89,0.0449438202247191
2017-05-18,std_20,89,0.0337078651685393
2017-05-19,std_20,89,0.0786516853932584
2017-05-22,std_20,89,0.0449438202247191
2017-05-23,std_20,90,0.0786516853932584
2017-05-24,std_20,90,0.033333333333333326
2017-05-25,std_20,89,0.06666666666666665
2017-05-26,std_20,90,0.0561797752808989
2017-05-31,std_20,90,0.0444444444444444
2017-06-01,std_20,90,0.0888888888888889
2017-06-02,std_20,90,0.07777777777777772
2017-06-05,std_20,90,0.0444444444444444
2017-06-06,std_20,90,0.033333333333333326
2017-06-07,std_20,90,0.0888888888888889
2017-06-08,std_20,91,0.0444444444444444
2017-06-09,std_20,91,0.09890109890109888
2017-06-12,std_20,91,0.07692307692307687
2017-06-13,std_20,91,0.05494505494505497
2017-06-14,std_20,91,0.05494505494505497
2017-06-15,std_20,91,0.08791208791208793
2017-06-16,std_20,91,0.04395604395604391
2017-06-19,std_20,91,0.05494505494505497
2017-06-20,std_20,91,0.05494505494505497
2017-06-21,std_20,91,0.05494505494505497
2017-06-22,std_20,90,0.15384615384615385
2017-06-23,std_20,91,0.05555555555555558
2017-06-26,std_20,91,0.09890109890109888
2017-06-27,std_20,91,0.06593406593406592
2017-06-28,std_20,91,0.06593406593406592
2017-06-29,std_20,91,0.13186813186813184
2017-06-30,std_20,82,0.1648351648351648
2017-07-03,std_20,83,0.03658536585365857
2017-07-04,std_20,83,0.06024096385542166
2017-07-05,std_20,83,0.14457831325301207
2017-07-06,std_20,83,0.12048192771084343
2017-07-07,std_20,83,0.08433734939759041
2017-07-10,std_20,83,0.1325301204819277
2017-07-11,std_20,83,0.1325301204819277
2017-07-12,std_20,84,0.08433734939759041
2017-07-13,std_20,84,0.09523809523809523
2017-07-14,std_20,84,0.11904761904761907
2017-07-17,std_20,83,0.26190476190476186
2017-07-18,std_20,83,0.06024096385542166
2017-07-19,std_20,83,0.09638554216867468
2017-07-20,std_20,83,0.08433734939759041
2017-07-21,std_20,83,0.09638554216867468
2017-07-24,std_20,83,0.08433734939759041
2017-07-25,std_20,83,0.06024096385542166
2017-07-26,std_20,83,0.048192771084337394
2017-07-27,std_20,83,0.10843373493975905
2017-07-28,std_20,92,0.02409638554216864
2017-07-31,std_20,92,0.06521739130434778
2017-08-01,std_20,92,0.021739130434782594
2017-08-02,std_20,92,0.06521739130434778
2017-08-03,std_20,92,0.021739130434782594
2017-08-04,std_20,92,0.09782608695652173
2017-08-07,std_20,92,0.05434782608695654
2017-08-08,std_20,92,0.06521739130434778
2017-08-09,std_20,92,0.04347826086956519
2017-08-10,std_20,91,0.07608695652173914
2017-08-11,std_20,91,0.09890109890109888
2017-08-14,std_20,91,0.17582417582417587
2017-08-15,std_20,92,0.02197802197802201
2017-08-16,std_20,92,0.08695652173913049
2017-08-17,std_20,91,0.06521739130434778
2017-08-18,std_20,91,0.04395604395604391
2017-08-21,std_20,92,0.03296703296703296
2017-08-22,std_20,92,0.021739130434782594
2017-08-23,std_20,92,0.04347826086956519
2017-08-24,std_20,91,0.07608695652173914
2017-08-25,std_20,91,0.03296703296703296
2017-08-28,std_20,91,0.05494505494505497
2017-08-29,std_20,92,0.04395604395604391
2017-08-30,std_20,93,0.05434782608695654
2017-08-31,std_20,93,0.032258064516129004
2017-09-01,std_20,93,0.10752688172043012
2017-09-04,std_20,93,0.06451612903225812
2017-09-05,std_20,93,0.053763440860215006
2017-09-06,std_20,93,0.06451612903225812
2017-09-07,std_20,93,0.07526881720430112
2017-09-08,std_20,93,0.15053763440860213
2017-09-11,std_20,93,0.11827956989247312
2017-09-12,std_20,93,0.07526881720430112
2017-09-13,std_20,93,0.043010752688172005
2017-09-14,std_20,94,0.021505376344086002
2017-09-15,std_20,94,0.07446808510638303
2017-09-18,std_20,94,0.03191489361702127
2017-09-19,std_20,94,0.04255319148936165
2017-09-20,std_20,93,0.07446808510638303
2017-09-21,std_20,93,0.07526881720430112
2017-09-22,std_20,93,0.043010752688172005
2017-09-25,std_20,93,0.043010752688172005
2017-09-26,std_20,93,0.043010752688172005
2017-09-27,std_20,93,0.043010752688172005
2017-09-28,std_20,93,0.043010752688172005
2017-09-29,std_20,93,0.053763440860215006
2017-10-09,std_20,93,0.06451612903225812
2017-10-10,std_20,93,0.07526881720430112
2017-10-11,std_20,93,0.053763440860215006
2017-10-12,std_20,93,0.032258064516129004
2017-10-13,std_20,93,0.053763440860215006
2017-10-16,std_20,94,0.13978494623655913
2017-10-17,std_20,94,0.04255319148936165
2017-10-18,std_20,94,0.03191489361702127
2017-10-19,std_20,94,0.021276595744680882
2017-10-20,std_20,94,0.06382978723404253
2017-10-23,std_20,94,0.0957446808510638
2017-10-24,std_20,94,0.06382978723404253
2017-10-25,std_20,94,0.08510638297872342
2017-10-26,std_20,94,0.08510638297872342
2017-10-27,std_20,93,0.05319148936170215
2017-10-30,std_20,93,0.11827956989247312
2017-10-31,std_20,93,0.06451612903225812
2017-11-01,std_20,93,0.021505376344086002
2017-11-02,std_20,93,0.053763440860215006
2017-11-03,std_20,94,0.06451612903225812
2017-11-06,std_20,94,0.14893617021276595
2017-11-07,std_20,94,0.1063829787234043
2017-11-08,std_20,94,0.06382978723404253
2017-11-09,std_20,94,0.0957446808510638
2017-11-10,std_20,94,0.07446808510638303
2017-11-13,std_20,94,0.1063829787234043
2017-11-14,std_20,94,0.06382978723404253
2017-11-15,std_20,94,0.05319148936170215
2017-11-16,std_20,94,0.04255319148936165
2017-11-17,std_20,94,0.0957446808510638
2017-11-20,std_20,94,0.07446808510638303
2017-11-21,std_20,94,0.021276595744680882
2017-11-22,std_20,93,0.08510638297872342
2017-11-23,std_20,93,0.09677419354838712
2017-11-24,std_20,92,0.043010752688172005
2017-11-27,std_20,92,0.08695652173913049
2017-11-28,std_20,92,0.06521739130434778
2017-11-29,std_20,92,0.04347826086956519
2017-11-30,std_20,92,0.04347826086956519
2017-12-01,std_20,92,0.04347826086956519
2017-12-04,std_20,92,0.08695652173913049
2017-12-05,std_20,92,0.08695652173913049
2017-12-06,std_20,92,0.04347826086956519
2017-12-07,std_20,92,0.05434782608695654
2017-12-08,std_20,92,0.07608695652173914
2017-12-11,std_20,92,0.08695652173913049
2017-12-12,std_20,91,0.021739130434782594
2017-12-13,std_20,91,0.06593406593406592
2017-12-14,std_20,91,0.06593406593406592
2017-12-15,std_20,91,0.09890109890109888
2017-12-18,std_20,91,0.08791208791208793
2017-12-19,std_20,90,0.04395604395604391
2017-12-20,std_20,90,0.05555555555555558
2017-12-21,std_20,90,0.0888888888888889
2017-12-22,std_20,90,0.06666666666666665
2017-12-25,std_20,90,0.06666666666666665
2017-12-26,std_20,90,0.0888888888888889
2017-12-27,std_20,90,0.09999999999999998
2017-12-28,std_20,90,0.0444444444444444
2017-12-29,std_20,81,0.1777777777777778
2018-01-02,std_20,80,0.09876543209876543
2018-01-03,std_20,80,0.09999999999999998
2018-01-04,std_20,81,0.07499999999999996
2018-01-05,std_20,81,0.03703703703703709
2018-01-08,std_20,81,0.06172839506172845
2018-01-09,std_20,81,0.09876543209876543
2018-01-10,std_20,81,0.11111111111111116
2018-01-11,std_20,81,0.06172839506172845
2018-01-12,std_20,81,0.04938271604938271
2018-01-15,std_20,81,0.14814814814814814
2018-01-16,std_20,81,0.07407407407407407
2018-01-17,std_20,81,0.06172839506172845
2018-01-18,std_20,81,0.03703703703703709
2018-01-19,std_20,81,0.04938271604938271
2018-01-22,std_20,81,0.07407407407407407
2018-01-23,std_20,81,0.07407407407407407
2018-01-24,std_20,81,0.0864197530864198
2018-01-25,std_20,81,0.06172839506172845
2018-01-26,std_20,81,0.06172839506172845
2018-01-29,std_20,90,0.14814814814814814
2018-01-30,std_20,90,0.0888888888888889
2018-01-31,std_20,90,0.11111111111111116
2018-02-01,std_20,90,0.1444444444444445
2018-02-02,std_20,89,0.09999999999999998
2018-02-05,std_20,88,0.0561797752808989
2018-02-06,std_20,88,0.15909090909090906
2018-02-07,std_20,89,0.06818181818181823
2018-02-08,std_20,88,0.0898876404494382
2018-02-09,std_20,88,0.21590909090909094
2018-02-12,std_20,89,0.1477272727272727
2018-02-13,std_20,89,0.0786516853932584
2018-02-14,std_20,89,0.0786516853932584
2018-02-22,std_20,89,0.0674157303370787
2018-02-23,std_20,89,0.0561797752808989
2018-02-26,std_20,89,0.1685393258426966
2018-02-27,std_20,89,0.0449438202247191
2018-02-28,std_20,89,0.0786516853932584
2018-03-01,std_20,89,0.0561797752808989
2018-03-02,std_20,89,0.0674157303370787
2018-03-05,std_20,89,0.0786516853932584
2018-03-06,std_20,89,0.0898876404494382
2018-03-07,std_20,89,0.0674157303370787
2018-03-08,std_20,90,0.1685393258426966
2018-03-09,std_20,90,0.07777777777777772
2018-03-12,std_20,89,0.0888888888888889
2018-03-13,std_20,89,0.1797752808988764
2018-03-14,std_20,89,0.1348314606741573
2018-03-15,std_20,90,0.022471910112359605
2018-03-16,std_20,90,0.1444444444444445
2018-03-19,std_20,90,0.06666666666666665
2018-03-20,std_20,89,0.09999999999999998
2018-03-21,std_20,90,0.0786516853932584
2018-03-22,std_20,90,0.06666666666666665
2018-03-23,std_20,90,0.1777777777777778
2018-03-26,std_20,91,0.11111111111111116
2018-03-27,std_20,90,0.09890109890109888
2018-03-28,std_20,90,0.0444444444444444
2018-03-29,std_20,90,0.06666666666666665
2018-03-30,std_20,90,0.09999999999999998
2018-04-02,std_20,90,0.05555555555555558
2018-04-03,std_20,90,0.09999999999999998
2018-04-04,std_20,90,0.05555555555555558
2018-04-09,std_20,90,0.0444444444444444
2018-04-10,std_20,90,0.09999999999999998
2018-04-11,std_20,90,0.0888888888888889
2018-04-12,std_20,90,0.0444444444444444
2018-04-13,std_20,90,0.033333333333333326
2018-04-16,std_20,90,0.06666666666666665
2018-04-17,std_20,90,0.07777777777777772
2018-04-18,std_20,91,0.06666666666666665
2018-04-19,std_20,91,0.08791208791208793
2018-04-20,std_20,91,0.06593406593406592
2018-04-23,std_20,91,0.07692307692307687
2018-04-24,std_20,91,0.1648351648351648
2018-04-25,std_20,91,0.10989010989010994
2018-04-26,std_20,90,0.09890109890109888
2018-04-27,std_20,90,0.07777777777777772
2018-05-02,std_20,90,0.12222222222222223
2018-05-03,std_20,90,0.11111111111111116
2018-05-04,std_20,90,0.05555555555555558
2018-05-07,std_20,91,0.05555555555555558
2018-05-08,std_20,91,0.05494505494505497
2018-05-09,std_20,91,0.04395604395604391
2018-05-10,std_20,91,0.07692307692307687
2018-05-11,std_20,91,0.05494505494505497
2018-05-14,std_20,91,0.04395604395604391
2018-05-15,std_20,91,0.04395604395604391
2018-05-16,std_20,91,0.09890109890109888
2018-05-17,std_20,91,0.08791208791208793
2018-05-18,std_20,91,0.1208791208791209
2018-05-21,std_20,91,0.08791208791208793
2018-05-22,std_20,91,0.06593406593406592
2018-05-23,std_20,91,0.13186813186813184
2018-05-24,std_20,91,0.07692307692307687
2018-05-25,std_20,91,0.04395604395604391
2018-05-28,std_20,91,0.08791208791208793
2018-05-29,std_20,92,0.06593406593406592
2018-05-30,std_20,92,0.15217391304347827
2018-05-31,std_20,91,0.1630434782608695
2018-06-01,std_20,91,0.07692307692307687
2018-06-04,std_20,91,0.09890109890109888
2018-06-05,std_20,91,0.09890109890109888
2018-06-06,std_20,91,0.03296703296703296
2018-06-07,std_20,90,0.03296703296703296
2018-06-08,std_20,90,0.06666666666666665
2018-06-11,std_20,91,0.0444444444444444
2018-06-12,std_20,91,0.06593406593406592
2018-06-13,std_20,91,0.03296703296703296
2018-06-14,std_20,91,0.07692307692307687
2018-06-15,std_20,91,0.07692307692307687
2018-06-19,std_20,90,0.25274725274725274
2018-06-20,std_20,90,0.0888888888888889
2018-06-21,std_20,90,0.0888888888888889
2018-06-22,std_20,90,0.12222222222222223
2018-06-25,std_20,90,0.05555555555555558
2018-06-26,std_20,90,0.11111111111111116
2018-06-27,std_20,90,0.033333333333333326
2018-06-28,std_20,90,0.1333333333333333
2018-06-29,std_20,81,0.2222222222222222
2018-07-02,std_20,81,0.07407407407407407
2018-07-03,std_20,81,0.0864197530864198
2018-07-04,std_20,81,0.07407407407407407
2018-07-05,std_20,81,0.03703703703703709
2018-07-06,std_20,82,0.06172839506172845
2018-07-09,std_20,82,0.12195121951219512
2018-07-10,std_20,82,0.07317073170731703
2018-07-11,std_20,82,0.08536585365853655
2018-07-12,std_20,83,0.1097560975609756
2018-07-13,std_20,83,0.03614457831325302
2018-07-16,std_20,83,0.06024096385542166
2018-07-17,std_20,83,0.1686746987951807
2018-07-18,std_20,83,0.03614457831325302
2018-07-19,std_20,83,0.12048192771084343
2018-07-20,std_20,83,0.07228915662650603
2018-07-23,std_20,83,0.03614457831325302
2018-07-24,std_20,84,0.08433734939759041
2018-07-25,std_20,84,0.0714285714285714
2018-07-26,std_20,84,0.09523809523809523
2018-07-27,std_20,93,0.1071428571428571
2018-07-30,std_20,94,0.07526881720430112
2018-07-31,std_20,94,0.1063829787234043
2018-08-01,std_20,94,0.06382978723404253
2018-08-02,std_20,94,0.12765957446808507
2018-08-03,std_20,94,0.0957446808510638
2018-08-06,std_20,94,0.17021276595744683
2018-08-07,std_20,94,0.12765957446808507
2018-08-08,std_20,94,0.07446808510638303
2018-08-09,std_20,94,0.1063829787234043
2018-08-10,std_20,94,0.07446808510638303
2018-08-13,std_20,94,0.03191489361702127
2018-08-14,std_20,94,0.05319148936170215
2018-08-15,std_20,94,0.05319148936170215
2018-08-16,std_20,94,0.03191489361702127
2018-08-17,std_20,94,0.05319148936170215
2018-08-20,std_20,94,0.05319148936170215
2018-08-21,std_20,94,0.1063829787234043
2018-08-22,std_20,95,0.04255319148936165
2018-08-23,std_20,95,0.04210526315789476
2018-08-24,std_20,95,0.03157894736842104
2018-08-27,std_20,95,0.09473684210526312
2018-08-28,std_20,95,0.04210526315789476
2018-08-29,std_20,95,0.04210526315789476
2018-08-30,std_20,95,0.09473684210526312
2018-08-31,std_20,95,0.06315789473684208
2018-09-03,std_20,95,0.10526315789473684
2018-09-04,std_20,95,0.0736842105263158
2018-09-05,std_20,95,0.0736842105263158
2018-09-06,std_20,95,0.09473684210526312
2018-09-07,std_20,95,0.0736842105263158
2018-09-10,std_20,95,0.08421052631578951
2018-09-11,std_20,95,0.08421052631578951
2018-09-12,std_20,95,0.04210526315789476
2018-09-13,std_20,95,0.052631578947368474
2018-09-14,std_20,95,0.06315789473684208
2018-09-17,std_20,95,0.11578947368421055
2018-09-18,std_20,95,0.11578947368421055
2018-09-19,std_20,95,0.0736842105263158
2018-09-20,std_20,95,0.0736842105263158
2018-09-21,std_20,95,0.06315789473684208
2018-09-25,std_20,95,0.08421052631578951
2018-09-26,std_20,95,0.04210526315789476
2018-09-27,std_20,95,0.04210526315789476
2018-09-28,std_20,95,0.0736842105263158
2018-10-08,std_20,95,0.12631578947368416
2018-10-09,std_20,95,0.052631578947368474
2018-10-10,std_20,95,0.0736842105263158
2018-10-11,std_20,95,0.18947368421052635
2018-10-12,std_20,95,0.08421052631578951
2018-10-15,std_20,95,0.11578947368421055
2018-10-16,std_20,95,0.09473684210526312
2018-10-17,std_20,95,0.10526315789473684
2018-10-18,std_20,95,0.10526315789473684
2018-10-19,std_20,95,0.08421052631578951
2018-10-22,std_20,95,0.1578947368421053
2018-10-23,std_20,95,0.06315789473684208
2018-10-24,std_20,95,0.08421052631578951
2018-10-25,std_20,95,0.06315789473684208
2018-10-26,std_20,95,0.052631578947368474
2018-10-29,std_20,95,0.08421052631578951
2018-10-30,std_20,95,0.0736842105263158
2018-10-31,std_20,95,0.0736842105263158
2018-11-01,std_20,95,0.052631578947368474
2018-11-02,std_20,95,0.13684210526315788
2018-11-05,std_20,95,0.09473684210526312
2018-11-06,std_20,95,0.0736842105263158
2018-11-07,std_20,95,0.06315789473684208
2018-11-08,std_20,96,0.1473684210526316
2018-11-09,std_20,96,0.07291666666666663
2018-11-12,std_20,96,0.08333333333333337
2018-11-13,std_20,96,0.10416666666666663
2018-11-14,std_20,96,0.11458333333333337
2018-11-15,std_20,96,0.14583333333333337
2018-11-16,std_20,96,0.09375
2018-11-19,std_20,96,0.125
2018-11-20,std_20,96,0.07291666666666663
2018-11-21,std_20,96,0.04166666666666663
2018-11-22,std_20,96,0.04166666666666663
2018-11-23,std_20,97,0.09375
2018-11-26,std_20,97,0.1030927835051546
2018-11-27,std_20,97,0.07216494845360821
2018-11-28,std_20,97,0.08247422680412375
2018-11-29,std_20,97,0.07216494845360821
2018-11-30,std_20,98,0.07216494845360821
2018-12-03,std_20,98,0.061224489795918324
2018-12-04,std_20,98,0.020408163265306145
2018-12-05,std_20,98,0.030612244897959218
2018-12-06,std_20,98,0.030612244897959218
2018-12-07,std_20,98,0.061224489795918324
2018-12-10,std_20,98,0.030612244897959218
2018-12-11,std_20,99,0.09183673469387754
2018-12-12,std_20,99,0.030303030303030276
2018-12-13,std_20,99,0.09090909090909094
2018-12-14,std_20,99,0.101010101010101
2018-12-17,std_20,99,0.0505050505050505
2018-12-18,std_20,99,0.07070707070707072
2018-12-19,std_20,99,0.0505050505050505
2018-12-20,std_20,99,0.030303030303030276
2018-12-21,std_20,99,0.09090909090909094
2018-12-24,std_20,99,0.08080808080808077
2018-12-25,std_20,99,0.030303030303030276
2018-12-26,std_20,99,0.08080808080808077
2018-12-27,std_20,99,0.08080808080808077
2018-12-28,std_20,90,0.21212121212121215
2019-01-02,std_20,90,0.1333333333333333
2019-01-03,std_20,90,0.06666666666666665
2019-01-04,std_20,90,0.0888888888888889
2019-01-07,std_20,90,0.1333333333333333
2019-01-08,std_20,90,0.12222222222222223
2019-01-09,std_20,90,0.06666666666666665
2019-01-10,std_20,90,0.033333333333333326
2019-01-11,std_20,90,0.07777777777777772
2019-01-14,std_20,90,0.0444444444444444
2019-01-15,std_20,90,0.07777777777777772
2019-01-16,std_20,90,0.033333333333333326
2019-01-17,std_20,90,0.0444444444444444
2019-01-18,std_20,90,0.05555555555555558
2019-01-21,std_20,90,0.0444444444444444
2019-01-22,std_20,91,0.06666666666666665
2019-01-23,std_20,90,0.07692307692307687
2019-01-24,std_20,90,0.06666666666666665
2019-01-25,std_20,90,0.0444444444444444
2019-01-28,std_20,90,0.033333333333333326
2019-01-29,std_20,99,0.06666666666666665
2019-01-30,std_20,100,0.07070707070707072
2019-01-31,std_20,100,0.12
2019-02-01,std_20,99,0.15000000000000002
2019-02-11,std_20,99,0.13131313131313127
2019-02-12,std_20,99,0.06060606060606055
2019-02-13,std_20,99,0.0505050505050505
2019-02-14,std_20,100,0.0505050505050505
2019-02-15,std_20,100,0.040000000000000036
2019-02-18,std_20,100,0.10999999999999999
2019-02-19,std_20,100,0.06999999999999995
2019-02-20,std_20,99,0.06000000000000005
2019-02-21,std_20,99,0.04040404040404044
2019-02-22,std_20,99,0.12121212121212122
2019-02-25,std_20,99,0.14141414141414144
2019-02-26,std_20,99,0.06060606060606055
2019-02-27,std_20,99,0.06060606060606055
2019-02-28,std_20,99,0.04040404040404044
2019-03-01,std_20,99,0.04040404040404044
2019-03-04,std_20,99,0.030303030303030276
2019-03-05,std_20,99,0.09090909090909094
2019-03-06,std_20,99,0.0505050505050505
2019-03-07,std_20,99,0.12121212121212122
2019-03-08,std_20,99,0.1717171717171717
2019-03-11,std_20,99,0.07070707070707072
2019-03-12,std_20,99,0.0505050505050505
2019-03-13,std_20,99,0.13131313131313127
2019-03-14,std_20,99,0.09090909090909094
2019-03-15,std_20,99,0.02020202020202022
2019-03-18,std_20,99,0.06060606060606055
2019-03-19,std_20,99,0.030303030303030276
2019-03-20,std_20,99,0.07070707070707072
2019-03-21,std_20,99,0.030303030303030276
2019-03-22,std_20,99,0.07070707070707072
2019-03-25,std_20,99,0.11111111111111116
2019-03-26,std_20,99,0.08080808080808077
2019-03-27,std_20,98,0.07070707070707072
2019-03-28,std_20,99,0.04081632653061229
2019-03-29,std_20,99,0.0505050505050505
2019-04-01,std_20,99,0.06060606060606055
2019-04-02,std_20,99,0.11111111111111116
2019-04-03,std_20,98,0.07070707070707072
2019-04-04,std_20,98,0.08163265306122447
2019-04-08,std_20,98,0.10204081632653061
2019-04-09,std_20,98,0.13265306122448983
2019-04-10,std_20,98,0.09183673469387754
2019-04-11,std_20,98,0.11224489795918369
2019-04-12,std_20,98,0.0714285714285714
2019-04-15,std_20,98,0.05102040816326525
2019-04-16,std_20,98,0.061224489795918324
2019-04-17,std_20,98,0.061224489795918324
2019-04-18,std_20,98,0.05102040816326525
2019-04-19,std_20,98,0.05102040816326525
2019-04-22,std_20,98,0.12244897959183676
2019-04-23,std_20,98,0.08163265306122447
2019-04-24,std_20,98,0.061224489795918324
2019-04-25,std_20,98,0.10204081632653061
2019-04-26,std_20,98,0.0714285714285714
2019-04-29,std_20,97,0.13265306122448983
2019-04-30,std_20,97,0.09278350515463918
2019-05-06,std_20,97,0.1030927835051546
2019-05-07,std_20,97,0.1030927835051546
2019-05-08,std_20,97,0.061855670103092786
2019-05-09,std_20,98,0.1030927835051546
2019-05-10,std_20,98,0.11224489795918369
2019-05-13,std_20,98,0.0714285714285714
2019-05-14,std_20,98,0.030612244897959218
2019-05-15,std_20,98,0.05102040816326525
2019-05-16,std_20,98,0.061224489795918324
2019-05-17,std_20,98,0.0714285714285714
2019-05-20,std_20,98,0.13265306122448983
2019-05-21,std_20,98,0.061224489795918324
2019-05-22,std_20,98,0.05102040816326525
2019-05-23,std_20,98,0.08163265306122447
2019-05-24,std_20,98,0.04081632653061229
2019-05-27,std_20,98,0.09183673469387754
2019-05-28,std_20,97,0.061224489795918324
2019-05-29,std_20,98,0.061855670103092786
2019-05-30,std_20,98,0.08163265306122447
2019-05-31,std_20,98,0.0714285714285714
2019-06-03,std_20,99,0.0714285714285714
2019-06-04,std_20,99,0.07070707070707072
2019-06-05,std_20,99,0.06060606060606055
2019-06-06,std_20,99,0.0505050505050505
2019-06-10,std_20,99,0.04040404040404044
2019-06-11,std_20,99,0.09090909090909094
2019-06-12,std_20,99,0.0505050505050505
2019-06-13,std_20,99,0.07070707070707072
2019-06-14,std_20,99,0.04040404040404044
2019-06-17,std_20,99,0.0505050505050505
2019-06-18,std_20,99,0.07070707070707072
2019-06-19,std_20,99,0.0505050505050505
2019-06-20,std_20,99,0.06060606060606055
2019-06-21,std_20,99,0.07070707070707072
2019-06-24,std_20,99,0.06060606060606055
2019-06-25,std_20,99,0.08080808080808077
2019-06-26,std_20,99,0.02020202020202022
2019-06-27,std_20,98,0.0505050505050505
2019-06-28,std_20,91,0.23469387755102045
2019-07-01,std_20,91,0.10989010989010994
2019-07-02,std_20,91,0.07692307692307687
2019-07-03,std_20,91,0.06593406593406592
2019-07-04,std_20,91,0.06593406593406592
2019-07-05,std_20,91,0.06593406593406592
2019-07-08,std_20,91,0.09890109890109888
2019-07-09,std_20,91,0.06593406593406592
2019-07-10,std_20,91,0.05494505494505497
2019-07-11,std_20,91,0.03296703296703296
2019-07-12,std_20,91,0.05494505494505497
2019-07-15,std_20,91,0.09890109890109888
2019-07-16,std_20,91,0.06593406593406592
2019-07-17,std_20,91,0.06593406593406592
2019-07-18,std_20,91,0.06593406593406592
2019-07-19,std_20,91,0.06593406593406592
2019-07-22,std_20,92,0.04395604395604391
2019-07-23,std_20,92,0.04347826086956519
2019-07-24,std_20,91,0.07608695652173914
2019-07-25,std_20,92,0.07692307692307687
2019-07-26,std_20,100,0.13043478260869568
2019-07-29,std_20,100,0.09999999999999998
2019-07-30,std_20,100,0.040000000000000036
2019-07-31,std_20,100,0.07999999999999996
2019-08-01,std_20,100,0.040000000000000036
2019-08-02,std_20,100,0.06999999999999995
2019-08-05,std_20,100,0.10999999999999999
2019-08-06,std_20,100,0.10999999999999999
2019-08-07,std_20,100,0.08999999999999997
2019-08-08,std_20,100,0.06999999999999995
2019-08-09,std_20,100,0.07999999999999996
2019-08-12,std_20,100,0.13
2019-08-13,std_20,100,0.06000000000000005
2019-08-14,std_20,99,0.040000000000000036
2019-08-15,std_20,99,0.04040404040404044
2019-08-16,std_20,99,0.07070707070707072
2019-08-19,std_20,99,0.1717171717171717
2019-08-20,std_20,100,0.04040404040404044
2019-08-21,std_20,100,0.06000000000000005
2019-08-22,std_20,100,0.040000000000000036
2019-08-23,std_20,100,0.06999999999999995
2019-08-26,std_20,100,0.09999999999999998
2019-08-27,std_20,100,0.13
2019-08-28,std_20,100,0.06999999999999995
2019-08-29,std_20,100,0.050000000000000044
2019-08-30,std_20,100,0.07999999999999996
2019-09-02,std_20,100,0.09999999999999998
2019-09-03,std_20,100,0.09999999999999998
2019-09-04,std_20,100,0.06000000000000005
2019-09-05,std_20,100,0.040000000000000036
2019-09-06,std_20,100,0.030000000000000027
2019-09-09,std_20,100,0.08999999999999997
2019-09-10,std_20,100,0.030000000000000027
2019-09-11,std_20,100,0.040000000000000036
2019-09-12,std_20,100,0.030000000000000027
2019-09-16,std_20,100,0.030000000000000027
2019-09-17,std_20,100,0.08999999999999997
2019-09-18,std_20,100,0.040000000000000036
2019-09-19,std_20,100,0.050000000000000044
2019-09-20,std_20,100,0.050000000000000044
2019-09-23,std_20,100,0.050000000000000044
2019-09-24,std_20,100,0.050000000000000044
2019-09-25,std_20,100,0.06000000000000005
2019-09-26,std_20,100,0.06999999999999995
2019-09-27,std_20,99,0.07999999999999996
2019-09-30,std_20,99,0.04040404040404044
2019-10-08,std_20,99,0.08080808080808077
2019-10-09,std_20,99,0.04040404040404044
2019-10-10,std_20,99,0.04040404040404044
2019-10-11,std_20,99,0.0505050505050505
2019-10-14,std_20,99,0.04040404040404044
2019-10-15,std_20,99,0.08080808080808077
2019-10-16,std_20,99,0.04040404040404044
2019-10-17,std_20,99,0.04040404040404044
2019-10-18,std_20,99,0.0505050505050505
2019-10-21,std_20,99,0.06060606060606055
2019-10-22,std_20,99,0.0505050505050505
2019-10-23,std_20,99,0.030303030303030276
2019-10-24,std_20,99,0.0505050505050505
2019-10-25,std_20,99,0.04040404040404044
2019-10-28,std_20,99,0.12121212121212122
2019-10-29,std_20,99,0.0505050505050505
2019-10-30,std_20,98,0.07070707070707072
2019-10-31,std_20,99,0.04081632653061229
2019-11-01,std_20,99,0.07070707070707072
2019-11-04,std_20,99,0.0505050505050505
2019-11-05,std_20,99,0.07070707070707072
2019-11-06,std_20,99,0.0505050505050505
2019-11-07,std_20,99,0.07070707070707072
2019-11-08,std_20,99,0.04040404040404044
2019-11-11,std_20,99,0.030303030303030276
2019-11-12,std_20,99,0.06060606060606055
2019-11-13,std_20,99,0.0505050505050505
2019-11-14,std_20,99,0.04040404040404044
2019-11-15,std_20,99,0.07070707070707072
2019-11-18,std_20,99,0.04040404040404044
2019-11-19,std_20,100,0.101010101010101
2019-11-20,std_20,100,0.050000000000000044
2019-11-21,std_20,100,0.050000000000000044
2019-11-22,std_20,100,0.050000000000000044
2019-11-25,std_20,99,0.13
2019-11-26,std_20,99,0.08080808080808077
2019-11-27,std_20,99,0.09090909090909094
2019-11-28,std_20,100,0.06060606060606055
2019-11-29,std_20,100,0.030000000000000027
2019-12-02,std_20,100,0.050000000000000044
2019-12-03,std_20,100,0.040000000000000036
2019-12-04,std_20,100,0.07999999999999996
2019-12-05,std_20,100,0.08999999999999997
2019-12-06,std_20,100,0.06000000000000005
2019-12-09,std_20,100,0.07999999999999996
2019-12-10,std_20,100,0.050000000000000044
2019-12-11,std_20,100,0.06000000000000005
2019-12-12,std_20,100,0.040000000000000036
2019-12-13,std_20,100,0.040000000000000036
2019-12-16,std_20,100,0.06999999999999995
2019-12-17,std_20,100,0.08999999999999997
2019-12-18,std_20,100,0.030000000000000027
2019-12-19,std_20,100,0.06000000000000005
2019-12-20,std_20,100,0.06999999999999995
2019-12-23,std_20,100,0.12
2019-12-24,std_20,100,0.08999999999999997
2019-12-25,std_20,100,0.050000000000000044
2019-12-26,std_20,100,0.06000000000000005
2019-12-27,std_20,100,0.07999999999999996
2019-12-30,std_20,100,0.09999999999999998
2019-12-31,std_20,92,0.18999999999999995
2020-01-02,std_20,92,0.11956521739130432
2020-01-03,std_20,92,0.06521739130434778
2020-01-06,std_20,91,0.06521739130434778
2020-01-07,std_20,91,0.04395604395604391
2020-01-08,std_20,91,0.04395604395604391
2020-01-09,std_20,91,0.05494505494505497
2020-01-10,std_20,91,0.05494505494505497
2020-01-13,std_20,92,0.05494505494505497
2020-01-14,std_20,92,0.05434782608695654
2020-01-15,std_20,92,0.06521739130434778
2020-01-16,std_20,92,0.03260869565217395
2020-01-17,std_20,92,0.021739130434782594
2020-01-20,std_20,92,0.08695652173913049
2020-01-21,std_20,92,0.04347826086956519
2020-01-22,std_20,92,0.07608695652173914
2020-01-23,std_20,92,0.08695652173913049
2020-02-03,std_20,92,0.07608695652173914
2020-02-04,std_20,92,0.10869565217391308
2020-02-05,std_20,92,0.11956521739130432
2020-02-06,std_20,100,0.11956521739130432
2020-02-07,std_20,100,0.09999999999999998
2020-02-10,std_20,100,0.09999999999999998
2020-02-11,std_20,100,0.050000000000000044
2020-02-12,std_20,100,0.050000000000000044
2020-02-13,std_20,100,0.050000000000000044
2020-02-14,std_20,100,0.040000000000000036
2020-02-17,std_20,100,0.050000000000000044
2020-02-18,std_20,100,0.050000000000000044
2020-02-19,std_20,100,0.020000000000000018
2020-02-20,std_20,100,0.020000000000000018
2020-02-21,std_20,100,0.040000000000000036
2020-02-24,std_20,100,0.08999999999999997
2020-02-25,std_20,100,0.06000000000000005
2020-02-26,std_20,100,0.10999999999999999
2020-02-27,std_20,100,0.040000000000000036
2020-02-28,std_20,100,0.09999999999999998
2020-03-02,std_20,100,0.08999999999999997
2020-03-03,std_20,100,0.07999999999999996
2020-03-04,std_20,100,0.09999999999999998
2020-03-05,std_20,100,0.10999999999999999
2020-03-06,std_20,100,0.12
2020-03-09,std_20,100,0.12
2020-03-10,std_20,100,0.050000000000000044
2020-03-11,std_20,100,0.040000000000000036
2020-03-12,std_20,100,0.040000000000000036
2020-03-13,std_20,100,0.030000000000000027
2020-03-16,std_20,100,0.08999999999999997
2020-03-17,std_20,100,0.06999999999999995
2020-03-18,std_20,100,0.030000000000000027
2020-03-19,std_20,99,0.06000000000000005
2020-03-20,std_20,99,0.0505050505050505
2020-03-23,std_20,99,0.08080808080808077
2020-03-24,std_20,99,0.08080808080808077
2020-03-25,std_20,99,0.07070707070707072
2020-03-26,std_20,99,0.0505050505050505
2020-03-27,std_20,99,0.04040404040404044
2020-03-30,std_20,99,0.0505050505050505
2020-03-31,std_20,99,0.0505050505050505
2020-04-01,std_20,99,0.04040404040404044
2020-04-02,std_20,99,0.06060606060606055
2020-04-03,std_20,99,0.030303030303030276
2020-04-07,std_20,99,0.08080808080808077
2020-04-08,std_20,99,0.09090909090909094
2020-04-09,std_20,99,0.04040404040404044
2020-04-10,std_20,99,0.0505050505050505
2020-04-13,std_20,99,0.101010101010101
2020-04-14,std_20,99,0.11111111111111116
2020-04-15,std_20,99,0.04040404040404044
2020-04-16,std_20,99,0.0505050505050505
2020-04-17,std_20,99,0.030303030303030276
2020-04-20,std_20,99,0.0505050505050505
2020-04-21,std_20,99,0.12121212121212122
2020-04-22,std_20,99,0.09090909090909094
2020-04-23,std_20,99,0.07070707070707072
2020-04-24,std_20,99,0.08080808080808077
2020-04-27,std_20,99,0.0505050505050505
2020-04-28,std_20,99,0.09090909090909094
2020-04-29,std_20,99,0.07070707070707072
2020-04-30,std_20,98,0.08080808080808077
2020-05-06,std_20,98,0.09183673469387754
2020-05-07,std_20,98,0.0714285714285714
2020-05-08,std_20,98,0.061224489795918324
2020-05-11,std_20,99,0.04081632653061229
2020-05-12,std_20,99,0.030303030303030276
2020-05-13,std_20,99,0.08080808080808077
2020-05-14,std_20,99,0.08080808080808077
2020-05-15,std_20,99,0.0505050505050505
2020-05-18,std_20,99,0.06060606060606055
2020-05-19,std_20,99,0.08080808080808077
2020-05-20,std_20,99,0.09090909090909094
2020-05-21,std_20,99,0.06060606060606055
2020-05-22,std_20,99,0.02020202020202022
2020-05-25,std_20,99,0.0505050505050505
2020-05-26,std_20,99,0.07070707070707072
2020-05-27,std_20,99,0.06060606060606055
2020-05-28,std_20,99,0.030303030303030276
2020-05-29,std_20,99,0.14141414141414144
2020-06-01,std_20,99,0.12121212121212122
2020-06-02,std_20,99,0.11111111111111116
2020-06-03,std_20,99,0.06060606060606055
2020-06-04,std_20,99,0.0505050505050505
2020-06-05,std_20,99,0.08080808080808077
2020-06-08,std_20,99,0.07070707070707072
2020-06-09,std_20,99,0.030303030303030276
2020-06-10,std_20,99,0.06060606060606055
2020-06-11,std_20,99,0.07070707070707072
2020-06-12,std_20,99,0.030303030303030276
2020-06-15,std_20,99,0.08080808080808077
2020-06-16,std_20,99,0.09090909090909094
2020-06-17,std_20,99,0.07070707070707072
2020-06-18,std_20,99,0.07070707070707072
2020-06-19,std_20,99,0.06060606060606055
2020-06-22,std_20,99,0.08080808080808077
2020-06-23,std_20,98,0.0505050505050505
2020-06-24,std_20,98,0.05102040816326525
2020-06-29,std_20,98,0.0714285714285714
2020-06-30,std_20,90,0.16326530612244894
2020-07-01,std_20,90,0.0888888888888889
2020-07-02,std_20,90,0.0888888888888889
2020-07-03,std_20,90,0.07777777777777772
2020-07-06,std_20,90,0.12222222222222223
2020-07-07,std_20,90,0.07777777777777772
2020-07-08,std_20,90,0.09999999999999998
2020-07-09,std_20,90,0.05555555555555558
2020-07-10,std_20,90,0.07777777777777772
2020-07-13,std_20,90,0.07777777777777772
2020-07-14,std_20,90,0.07777777777777772
2020-07-15,std_20,90,0.11111111111111116
2020-07-16,std_20,90,0.12222222222222223
2020-07-17,std_20,90,0.06666666666666665
2020-07-20,std_20,90,0.09999999999999998
2020-07-21,std_20,90,0.06666666666666665
2020-07-22,std_20,90,0.022222222222222254
2020-07-23,std_20,90,0.06666666666666665
2020-07-24,std_20,90,0.05555555555555558
2020-07-27,std_20,90,0.05555555555555558
2020-07-28,std_20,99,0.0888888888888889
2020-07-29,std_20,99,0.06060606060606055
2020-07-30,std_20,99,0.06060606060606055
2020-07-31,std_20,99,0.07070707070707072
2017-02-07,amplitude_20,91,0.04395604395604391
2017-02-08,amplitude_20,91,0.02197802197802201
2017-02-09,amplitude_20,91,0.05494505494505497
2017-02-10,amplitude_20,91,0.05494505494505497
2017-02-13,amplitude_20,91,0.09890109890109888
2017-02-14,amplitude_20,91,0.03296703296703296
2017-02-15,amplitude_20,91,0.05494505494505497
2017-02-16,amplitude_20,92,0.05494505494505497
2017-02-17,amplitude_20,91,0.05434782608695654
2017-02-20,amplitude_20,90,0.1428571428571429
2017-02-21,amplitude_20,90,0.0888888888888889
2017-02-22,amplitude_20,90,0.06666666666666665
2017-02-23,amplitude_20,90,0.0444444444444444
2017-02-24,amplitude_20,90,0.05555555555555558
2017-02-27,amplitude_20,90,0.06666666666666665
2017-02-28,amplitude_20,91,0.05555555555555558
2017-03-01,amplitude_20,91,0.05494505494505497
2017-03-02,amplitude_20,91,0.06593406593406592
2017-03-03,amplitude_20,91,0.06593406593406592
2017-03-06,amplitude_20,90,0.03296703296703296
2017-03-07,amplitude_20,91,0.05555555555555558
2017-03-08,amplitude_20,91,0.03296703296703296
2017-03-09,amplitude_20,91,0.06593406593406592
2017-03-10,amplitude_20,91,0.08791208791208793
2017-03-13,amplitude_20,91,0.03296703296703296
2017-03-14,amplitude_20,91,0.09890109890109888
2017-03-15,amplitude_20,91,0.03296703296703296
2017-03-16,amplitude_20,91,0.04395604395604391
2017-03-17,amplitude_20,91,0.05494505494505497
2017-03-20,amplitude_20,91,0.07692307692307687
2017-03-21,amplitude_20,92,0.05494505494505497
2017-03-22,amplitude_20,92,0.07608695652173914
2017-03-23,amplitude_20,92,0.06521739130434778
2017-03-24,amplitude_20,93,0.03260869565217395
2017-03-27,amplitude_20,93,0.043010752688172005
2017-03-28,amplitude_20,92,0.06451612903225812
2017-03-29,amplitude_20,92,0.06521739130434778
2017-03-30,amplitude_20,92,0.06521739130434778
2017-03-31,amplitude_20,92,0.04347826086956519
2017-04-05,amplitude_20,91,0.07608695652173914
2017-04-06,amplitude_20,91,0.07692307692307687
2017-04-07,amplitude_20,91,0.04395604395604391
2017-04-10,amplitude_20,91,0.09890109890109888
2017-04-11,amplitude_20,91,0.06593406593406592
2017-04-12,amplitude_20,91,0.06593406593406592
2017-04-13,amplitude_20,89,0.07692307692307687
2017-04-14,amplitude_20,89,0.0561797752808989
2017-04-17,amplitude_20,89,0.0674157303370787
2017-04-18,amplitude_20,89,0.0561797752808989
2017-04-19,amplitude_20,89,0.0449438202247191
2017-04-20,amplitude_20,89,0.0449438202247191
2017-04-21,amplitude_20,88,0.0674157303370787
2017-04-24,amplitude_20,88,0.045454545454545414
2017-04-25,amplitude_20,88,0.045454545454545414
2017-04-26,amplitude_20,88,0.045454545454545414
2017-04-27,amplitude_20,88,0.045454545454545414
2017-04-28,amplitude_20,87,0.045454545454545414
2017-05-02,amplitude_20,87,0.06896551724137934
2017-05-03,amplitude_20,87,0.03448275862068961
2017-05-04,amplitude_20,87,0.02298850574712641
2017-05-05,amplitude_20,87,0.08045977011494254
2017-05-08,amplitude_20,87,0.04597701149425293
2017-05-09,amplitude_20,87,0.08045977011494254
2017-05-10,amplitude_20,88,0.08045977011494254
2017-05-11,amplitude_20,88,0.045454545454545414
2017-05-12,amplitude_20,88,0.03409090909090906
2017-05-15,amplitude_20,89,0.07954545454545459
2017-05-16,amplitude_20,89,0.101123595505618
2017-05-17,amplitude_20,89,0.0449438202247191
2017-05-18,amplitude_20,89,0.0786516853932584
2017-05-19,amplitude_20,89,0.101123595505618
2017-05-22,amplitude_20,90,0.0561797752808989
2017-05-23,amplitude_20,90,0.033333333333333326
2017-05-24,amplitude_20,90,0.0444444444444444
2017-05-25,amplitude_20,90,0.06666666666666665
2017-05-26,amplitude_20,90,0.022222222222222254
2017-05-31,amplitude_20,90,0.05555555555555558
2017-06-01,amplitude_20,90,0.05555555555555558
2017-06-02,amplitude_20,91,0.05555555555555558
2017-06-05,amplitude_20,90,0.05494505494505497
2017-06-06,amplitude_20,90,0.033333333333333326
2017-06-07,amplitude_20,91,0.0444444444444444
2017-06-08,amplitude_20,91,0.08791208791208793
2017-06-09,amplitude_20,91,0.10989010989010994
2017-06-12,amplitude_20,91,0.05494505494505497
2017-06-13,amplitude_20,91,0.05494505494505497
2017-06-14,amplitude_20,92,0.06593406593406592
2017-06-15,amplitude_20,91,0.10869565217391308
2017-06-16,amplitude_20,91,0.05494505494505497
2017-06-19,amplitude_20,91,0.05494505494505497
2017-06-20,amplitude_20,91,0.06593406593406592
2017-06-21,amplitude_20,91,0.07692307692307687
2017-06-22,amplitude_20,91,0.07692307692307687
2017-06-23,amplitude_20,91,0.04395604395604391
2017-06-26,amplitude_20,91,0.05494505494505497
2017-06-27,amplitude_20,91,0.04395604395604391
2017-06-28,amplitude_20,91,0.04395604395604391
2017-06-29,amplitude_20,91,0.07692307692307687
2017-06-30,amplitude_20,83,0.17582417582417587
2017-07-03,amplitude_20,83,0.07228915662650603
2017-07-04,amplitude_20,83,0.07228915662650603
2017-07-05,amplitude_20,83,0.07228915662650603
2017-07-06,amplitude_20,83,0.12048192771084343
2017-07-07,amplitude_20,83,0.07228915662650603
2017-07-10,amplitude_20,84,0.048192771084337394
2017-07-11,amplitude_20,84,0.0357142857142857
2017-07-12,amplitude_20,84,0.04761904761904767
2017-07-13,amplitude_20,84,0.04761904761904767
2017-07-14,amplitude_20,84,0.0714285714285714
2017-07-17,amplitude_20,84,0.09523809523809523
2017-07-18,amplitude_20,83,0.09523809523809523
2017-07-19,amplitude_20,83,0.09638554216867468
2017-07-20,amplitude_20,84,0.07228915662650603
2017-07-21,amplitude_20,83,0.059523809523809534
2017-07-24,amplitude_20,83,0.03614457831325302
2017-07-25,amplitude_20,83,0.048192771084337394
2017-07-26,amplitude_20,83,0.048192771084337394
2017-07-27,amplitude_20,92,0.02409638554216864
2017-07-28,amplitude_20,93,0.04347826086956519
2017-07-31,amplitude_20,92,0.043010752688172005
2017-08-01,amplitude_20,92,0.03260869565217395
2017-08-02,amplitude_20,92,0.03260869565217395
2017-08-03,amplitude_20,92,0.03260869565217395
2017-08-04,amplitude_20,92,0.010869565217391353
2017-08-07,amplitude_20,92,0.05434782608695654
2017-08-08,amplitude_20,92,0.05434782608695654
2017-08-09,amplitude_20,92,0.04347826086956519
2017-08-10,amplitude_20,91,0.04347826086956519
2017-08-11,amplitude_20,91,0.03296703296703296
2017-08-14,amplitude_20,92,0.04395604395604391
2017-08-15,amplitude_20,92,0.021739130434782594
2017-08-16,amplitude_20,92,0.03260869565217395
2017-08-17,amplitude_20,91,0.05434782608695654
2017-08-18,amplitude_20,92,0.03296703296703296
2017-08-21,amplitude_20,92,0.07608695652173914
2017-08-22,amplitude_20,92,0.03260869565217395
2017-08-23,amplitude_20,92,0.06521739130434778
2017-08-24,amplitude_20,91,0.04347826086956519
2017-08-25,amplitude_20,91,0.04395604395604391
2017-08-28,amplitude_20,92,0.03296703296703296
2017-08-29,amplitude_20,93,0.04347826086956519
2017-08-30,amplitude_20,93,0.053763440860215006
2017-08-31,amplitude_20,93,0.06451612903225812
2017-09-01,amplitude_20,93,0.043010752688172005
2017-09-04,amplitude_20,93,0.053763440860215006
2017-09-05,amplitude_20,93,0.07526881720430112
2017-09-06,amplitude_20,94,0.053763440860215006
2017-09-07,amplitude_20,93,0.06382978723404253
2017-09-08,amplitude_20,93,0.08602150537634412
2017-09-11,amplitude_20,93,0.053763440860215006
2017-09-12,amplitude_20,93,0.06451612903225812
2017-09-13,amplitude_20,94,0.032258064516129004
2017-09-14,amplitude_20,94,0.06382978723404253
2017-09-15,amplitude_20,94,0.04255319148936165
2017-09-18,amplitude_20,94,0.03191489361702127
2017-09-19,amplitude_20,94,0.04255319148936165
2017-09-20,amplitude_20,94,0.06382978723404253
2017-09-21,amplitude_20,93,0.05319148936170215
2017-09-22,amplitude_20,93,0.010752688172043001
2017-09-25,amplitude_20,93,0.053763440860215006
2017-09-26,amplitude_20,93,0.043010752688172005
2017-09-27,amplitude_20,93,0.053763440860215006
2017-09-28,amplitude_20,93,0.053763440860215006
2017-09-29,amplitude_20,93,0.053763440860215006
2017-10-09,amplitude_20,93,0.06451612903225812
2017-10-10,amplitude_20,93,0.043010752688172005
2017-10-11,amplitude_20,93,0.053763440860215006
2017-10-12,amplitude_20,93,0.021505376344086002
2017-10-13,amplitude_20,94,0.053763440860215006
2017-10-16,amplitude_20,94,0.06382978723404253
2017-10-17,amplitude_20,94,0.04255319148936165
2017-10-18,amplitude_20,94,0.06382978723404253
2017-10-19,amplitude_20,94,0.07446808510638303
2017-10-20,amplitude_20,94,0.07446808510638303
2017-10-23,amplitude_20,94,0.08510638297872342
2017-10-24,amplitude_20,94,0.07446808510638303
2017-10-25,amplitude_20,94,0.07446808510638303
2017-10-26,amplitude_20,94,0.08510638297872342
2017-10-27,amplitude_20,94,0.08510638297872342
2017-10-30,amplitude_20,93,0.08510638297872342
2017-10-31,amplitude_20,94,0.06451612903225812
2017-11-01,amplitude_20,93,0.03191489361702127
2017-11-02,amplitude_20,94,0.07526881720430112
2017-11-03,amplitude_20,94,0.06382978723404253
2017-11-06,amplitude_20,94,0.06382978723404253
2017-11-07,amplitude_20,94,0.11702127659574468
2017-11-08,amplitude_20,94,0.07446808510638303
2017-11-09,amplitude_20,94,0.07446808510638303
2017-11-10,amplitude_20,94,0.05319148936170215
2017-11-13,amplitude_20,94,0.06382978723404253
2017-11-14,amplitude_20,94,0.05319148936170215
2017-11-15,amplitude_20,94,0.06382978723404253
2017-11-16,amplitude_20,94,0.021276595744680882
2017-11-17,amplitude_20,94,0.06382978723404253
2017-11-20,amplitude_20,94,0.04255319148936165
2017-11-21,amplitude_20,94,0.03191489361702127
2017-11-22,amplitude_20,93,0.07446808510638303
2017-11-23,amplitude_20,93,0.053763440860215006
2017-11-24,amplitude_20,92,0.07526881720430112
2017-11-27,amplitude_20,92,0.03260869565217395
2017-11-28,amplitude_20,92,0.04347826086956519
2017-11-29,amplitude_20,92,0.03260869565217395
2017-11-30,amplitude_20,92,0.03260869565217395
2017-12-01,amplitude_20,92,0.03260869565217395
2017-12-04,amplitude_20,92,0.04347826086956519
2017-12-05,amplitude_20,92,0.04347826086956519
2017-12-06,amplitude_20,92,0.03260869565217395
2017-12-07,amplitude_20,92,0.021739130434782594
2017-12-08,amplitude_20,92,0.010869565217391353
2017-12-11,amplitude_20,92,0.04347826086956519
2017-12-12,amplitude_20,91,0.03260869565217395
2017-12-13,amplitude_20,91,0.02197802197802201
2017-12-14,amplitude_20,91,0.01098901098901095
2017-12-15,amplitude_20,91,0.04395604395604391
2017-12-18,amplitude_20,91,0.05494505494505497
2017-12-19,amplitude_20,90,0.05494505494505497
2017-12-20,amplitude_20,90,0.0444444444444444
2017-12-21,amplitude_20,90,0.0444444444444444
2017-12-22,amplitude_20,90,0.07777777777777772
2017-12-25,amplitude_20,90,0.06666666666666665
2017-12-26,amplitude_20,90,0.0444444444444444
2017-12-27,amplitude_20,90,0.05555555555555558
2017-12-28,amplitude_20,90,0.033333333333333326
2017-12-29,amplitude_20,81,0.1333333333333333
2018-01-02,amplitude_20,80,0.06172839506172845
2018-01-03,amplitude_20,81,0.0625
2018-01-04,amplitude_20,81,0.0864197530864198
2018-01-05,amplitude_20,81,0.07407407407407407
2018-01-08,amplitude_20,81,0.06172839506172845
2018-01-09,amplitude_20,81,0.04938271604938271
2018-01-10,amplitude_20,81,0.024691358024691357
2018-01-11,amplitude_20,82,0.03703703703703709
2018-01-12,amplitude_20,81,0.060975609756097615
2018-01-15,amplitude_20,81,0.04938271604938271
2018-01-16,amplitude_20,81,0.06172839506172845
2018-01-17,amplitude_20,82,0.04938271604938271
2018-01-18,amplitude_20,81,0.07317073170731703
2018-01-19,amplitude_20,81,0.06172839506172845
2018-01-22,amplitude_20,81,0.06172839506172845
2018-01-23,amplitude_20,81,0.06172839506172845
2018-01-24,amplitude_20,81,0.03703703703703709
2018-01-25,amplitude_20,81,0.04938271604938271
2018-01-26,amplitude_20,90,0.07407407407407407
2018-01-29,amplitude_20,90,0.07777777777777772
2018-01-30,amplitude_20,90,0.05555555555555558
2018-01-31,amplitude_20,90,0.0888888888888889
2018-02-01,amplitude_20,90,0.07777777777777772
2018-02-02,amplitude_20,89,0.05555555555555558
2018-02-05,amplitude_20,88,0.0561797752808989
2018-02-06,amplitude_20,89,0.07954545454545459
2018-02-07,amplitude_20,89,0.0674157303370787
2018-02-08,amplitude_20,88,0.0674157303370787
2018-02-09,amplitude_20,89,0.03409090909090906
2018-02-12,amplitude_20,89,0.0786516853932584
2018-02-13,amplitude_20,89,0.0674157303370787
2018-02-14,amplitude_20,89,0.0674157303370787
2018-02-22,amplitude_20,89,0.0337078651685393
2018-02-23,amplitude_20,89,0.0561797752808989
2018-02-26,amplitude_20,89,0.0561797752808989
2018-02-27,amplitude_20,89,0.0674157303370787
2018-02-28,amplitude_20,89,0.0449438202247191
2018-03-01,amplitude_20,89,0.0449438202247191
2018-03-02,amplitude_20,89,0.0337078651685393
2018-03-05,amplitude_20,89,0.0337078651685393
2018-03-06,amplitude_20,89,0.0337078651685393
2018-03-07,amplitude_20,90,0.0449438202247191
2018-03-08,amplitude_20,90,0.07777777777777772
2018-03-09,amplitude_20,90,0.0444444444444444
2018-03-12,amplitude_20,89,0.05555555555555558
2018-03-13,amplitude_20,89,0.0449438202247191
2018-03-14,amplitude_20,90,0.0674157303370787
2018-03-15,amplitude_20,90,0.033333333333333326
2018-03-16,amplitude_20,90,0.05555555555555558
2018-03-19,amplitude_20,90,0.07777777777777772
2018-03-20,amplitude_20,90,0.06666666666666665
2018-03-21,amplitude_20,90,0.0444444444444444
2018-03-22,amplitude_20,90,0.033333333333333326
2018-03-23,amplitude_20,91,0.06666666666666665
2018-03-26,amplitude_20,91,0.05494505494505497
2018-03-27,amplitude_20,90,0.05494505494505497
2018-03-28,amplitude_20,90,0.06666666666666665
2018-03-29,amplitude_20,90,0.06666666666666665
2018-03-30,amplitude_20,90,0.06666666666666665
2018-04-02,amplitude_20,90,0.09999999999999998
2018-04-03,amplitude_20,90,0.07777777777777772
2018-04-04,amplitude_20,90,0.0444444444444444
2018-04-09,amplitude_20,90,0.033333333333333326
2018-04-10,amplitude_20,90,0.06666666666666665
2018-04-11,amplitude_20,90,0.06666666666666665
2018-04-12,amplitude_20,90,0.033333333333333326
2018-04-13,amplitude_20,91,0.033333333333333326
2018-04-16,amplitude_20,90,0.04395604395604391
2018-04-17,amplitude_20,91,0.05555555555555558
2018-04-18,amplitude_20,91,0.02197802197802201
2018-04-19,amplitude_20,91,0.03296703296703296
2018-04-20,amplitude_20,91,0.05494505494505497
2018-04-23,amplitude_20,91,0.07692307692307687
2018-04-24,amplitude_20,91,0.03296703296703296
2018-04-25,amplitude_20,91,0.04395604395604391
2018-04-26,amplitude_20,90,0.07692307692307687
2018-04-27,amplitude_20,91,0.0444444444444444
2018-05-02,amplitude_20,90,0.05494505494505497
2018-05-03,amplitude_20,90,0.033333333333333326
2018-05-04,amplitude_20,91,0.022222222222222254
2018-05-07,amplitude_20,91,0.03296703296703296
2018-05-08,amplitude_20,91,0.02197802197802201
2018-05-09,amplitude_20,91,0.04395604395604391
2018-05-10,amplitude_20,91,0.05494505494505497
2018-05-11,amplitude_20,91,0.05494505494505497
2018-05-14,amplitude_20,91,0.04395604395604391
2018-05-15,amplitude_20,91,0.05494505494505497
2018-05-16,amplitude_20,91,0.02197802197802201
2018-05-17,amplitude_20,92,0.04395604395604391
2018-05-18,amplitude_20,91,0.05434782608695654
2018-05-21,amplitude_20,91,0.07692307692307687
2018-05-22,amplitude_20,91,0.06593406593406592
2018-05-23,amplitude_20,91,0.06593406593406592
2018-05-24,amplitude_20,91,0.02197802197802201
2018-05-25,amplitude_20,92,0.03296703296703296
2018-05-28,amplitude_20,92,0.06521739130434778
2018-05-29,amplitude_20,92,0.06521739130434778
2018-05-30,amplitude_20,92,0.05434782608695654
2018-05-31,amplitude_20,91,0.06521739130434778
2018-06-01,amplitude_20,91,0.04395604395604391
2018-06-04,amplitude_20,91,0.05494505494505497
2018-06-05,amplitude_20,91,0.06593406593406592
2018-06-06,amplitude_20,91,0.05494505494505497
2018-06-07,amplitude_20,90,0.07692307692307687
2018-06-08,amplitude_20,91,0.06666666666666665
2018-06-11,amplitude_20,91,0.04395604395604391
2018-06-12,amplitude_20,91,0.05494505494505497
2018-06-13,amplitude_20,91,0.05494505494505497
2018-06-14,amplitude_20,91,0.06593406593406592
2018-06-15,amplitude_20,91,0.05494505494505497
2018-06-19,amplitude_20,90,0.06593406593406592
2018-06-20,amplitude_20,90,0.05555555555555558
2018-06-21,amplitude_20,90,0.09999999999999998
2018-06-22,amplitude_20,90,0.06666666666666665
2018-06-25,amplitude_20,90,0.05555555555555558
2018-06-26,amplitude_20,90,0.09999999999999998
2018-06-27,amplitude_20,90,0.06666666666666665
2018-06-28,amplitude_20,90,0.06666666666666665
2018-06-29,amplitude_20,81,0.12222222222222223
2018-07-02,amplitude_20,81,0.0864197530864198
2018-07-03,amplitude_20,81,0.04938271604938271
2018-07-04,amplitude_20,81,0.06172839506172845
2018-07-05,amplitude_20,82,0.0864197530864198
2018-07-06,amplitude_20,82,0.060975609756097615
2018-07-09,amplitude_20,82,0.07317073170731703
2018-07-10,amplitude_20,82,0.04878048780487809
2018-07-11,amplitude_20,83,0.060975609756097615
2018-07-12,amplitude_20,83,0.03614457831325302
2018-07-13,amplitude_20,83,0.03614457831325302
2018-07-16,amplitude_20,83,0.048192771084337394
2018-07-17,amplitude_20,83,0.048192771084337394
2018-07-18,amplitude_20,83,0.012048192771084376
2018-07-19,amplitude_20,83,0.06024096385542166
2018-07-20,amplitude_20,83,0.06024096385542166
2018-07-23,amplitude_20,84,0.048192771084337394
2018-07-24,amplitude_20,84,0.0714285714285714
2018-07-25,amplitude_20,84,0.059523809523809534
2018-07-26,amplitude_20,93,0.09523809523809523
2018-07-27,amplitude_20,94,0.053763440860215006
2018-07-30,amplitude_20,94,0.07446808510638303
2018-07-31,amplitude_20,94,0.05319148936170215
2018-08-01,amplitude_20,94,0.06382978723404253
2018-08-02,amplitude_20,94,0.07446808510638303
2018-08-03,amplitude_20,94,0.05319148936170215
2018-08-06,amplitude_20,94,0.06382978723404253
2018-08-07,amplitude_20,94,0.04255319148936165
2018-08-08,amplitude_20,94,0.05319148936170215
2018-08-09,amplitude_20,94,0.0957446808510638
2018-08-10,amplitude_20,95,0.06382978723404253
2018-08-13,amplitude_20,94,0.04210526315789476
2018-08-14,amplitude_20,94,0.04255319148936165
2018-08-15,amplitude_20,94,0.04255319148936165
2018-08-16,amplitude_20,94,0.021276595744680882
2018-08-17,amplitude_20,94,0.04255319148936165
2018-08-20,amplitude_20,94,0.04255319148936165
2018-08-21,amplitude_20,95,0.04255319148936165
2018-08-22,amplitude_20,95,0.04210526315789476
2018-08-23,amplitude_20,95,0.052631578947368474
2018-08-24,amplitude_20,95,0.03157894736842104
2018-08-27,amplitude_20,95,0.0736842105263158
2018-08-28,amplitude_20,95,0.04210526315789476
2018-08-29,amplitude_20,95,0.04210526315789476
2018-08-30,amplitude_20,95,0.04210526315789476
2018-08-31,amplitude_20,95,0.04210526315789476
2018-09-03,amplitude_20,95,0.0736842105263158
2018-09-04,amplitude_20,95,0.052631578947368474
2018-09-05,amplitude_20,95,0.04210526315789476
2018-09-06,amplitude_20,95,0.06315789473684208
2018-09-07,amplitude_20,95,0.0736842105263158
2018-09-10,amplitude_20,95,0.04210526315789476
2018-09-11,amplitude_20,95,0.052631578947368474
2018-09-12,amplitude_20,95,0.04210526315789476
2018-09-13,amplitude_20,95,0.06315789473684208
2018-09-14,amplitude_20,95,0.06315789473684208
2018-09-17,amplitude_20,95,0.0736842105263158
2018-09-18,amplitude_20,95,0.0736842105263158
2018-09-19,amplitude_20,95,0.052631578947368474
2018-09-20,amplitude_20,95,0.04210526315789476
2018-09-21,amplitude_20,95,0.03157894736842104
2018-09-25,amplitude_20,95,0.08421052631578951
2018-09-26,amplitude_20,95,0.03157894736842104
2018-09-27,amplitude_20,95,0.04210526315789476
2018-09-28,amplitude_20,95,0.04210526315789476
2018-10-08,amplitude_20,95,0.0736842105263158
2018-10-09,amplitude_20,95,0.06315789473684208
2018-10-10,amplitude_20,95,0.06315789473684208
2018-10-11,amplitude_20,95,0.03157894736842104
2018-10-12,amplitude_20,95,0.06315789473684208
2018-10-15,amplitude_20,95,0.08421052631578951
2018-10-16,amplitude_20,95,0.0736842105263158
2018-10-17,amplitude_20,95,0.06315789473684208
2018-10-18,amplitude_20,95,0.0736842105263158
2018-10-19,amplitude_20,95,0.0736842105263158
2018-10-22,amplitude_20,95,0.052631578947368474
2018-10-23,amplitude_20,95,0.04210526315789476
2018-10-24,amplitude_20,95,0.052631578947368474
2018-10-25,amplitude_20,95,0.06315789473684208
2018-10-26,amplitude_20,95,0.0736842105263158
2018-10-29,amplitude_20,95,0.052631578947368474
2018-10-30,amplitude_20,95,0.052631578947368474
2018-10-31,amplitude_20,95,0.09473684210526312
2018-11-01,amplitude_20,95,0.04210526315789476
2018-11-02,amplitude_20,95,0.08421052631578951
2018-11-05,amplitude_20,96,0.03157894736842104
2018-11-06,amplitude_20,96,0.0625
2018-11-07,amplitude_20,96,0.07291666666666663
2018-11-08,amplitude_20,96,0.05208333333333337
2018-11-09,amplitude_20,96,0.09375
2018-11-12,amplitude_20,96,0.08333333333333337
2018-11-13,amplitude_20,96,0.14583333333333337
2018-11-14,amplitude_20,96,0.09375
2018-11-15,amplitude_20,96,0.04166666666666663
2018-11-16,amplitude_20,96,0.09375
2018-11-19,amplitude_20,96,0.04166666666666663
2018-11-20,amplitude_20,96,0.04166666666666663
2018-11-21,amplitude_20,96,0.04166666666666663
2018-11-22,amplitude_20,97,0.07291666666666663
2018-11-23,amplitude_20,97,0.07216494845360821
2018-11-26,amplitude_20,97,0.04123711340206182
2018-11-27,amplitude_20,97,0.08247422680412375
2018-11-28,amplitude_20,97,0.061855670103092786
2018-11-29,amplitude_20,98,0.061855670103092786
2018-11-30,amplitude_20,98,0.030612244897959218
2018-12-03,amplitude_20,98,0.061224489795918324
2018-12-04,amplitude_20,98,0.061224489795918324
2018-12-05,amplitude_20,98,0.05102040816326525
2018-12-06,amplitude_20,98,0.030612244897959218
2018-12-07,amplitude_20,98,0.05102040816326525
2018-12-10,amplitude_20,99,0.061224489795918324
2018-12-11,amplitude_20,99,0.06060606060606055
2018-12-12,amplitude_20,99,0.04040404040404044
2018-12-13,amplitude_20,99,0.0505050505050505
2018-12-14,amplitude_20,99,0.0505050505050505
2018-12-17,amplitude_20,99,0.08080808080808077
2018-12-18,amplitude_20,99,0.07070707070707072
2018-12-19,amplitude_20,99,0.07070707070707072
2018-12-20,amplitude_20,99,0.04040404040404044
2018-12-21,amplitude_20,99,0.06060606060606055
2018-12-24,amplitude_20,99,0.030303030303030276
2018-12-25,amplitude_20,99,0.0505050505050505
2018-12-26,amplitude_20,99,0.07070707070707072
2018-12-27,amplitude_20,99,0.04040404040404044
2018-12-28,amplitude_20,90,0.18181818181818177
2019-01-02,amplitude_20,90,0.07777777777777772
2019-01-03,amplitude_20,90,0.0888888888888889
2019-01-04,amplitude_20,90,0.06666666666666665
2019-01-07,amplitude_20,90,0.09999999999999998
2019-01-08,amplitude_20,90,0.07777777777777772
2019-01-09,amplitude_20,90,0.06666666666666665
2019-01-10,amplitude_20,90,0.05555555555555558
2019-01-11,amplitude_20,90,0.0444444444444444
2019-01-14,amplitude_20,90,0.05555555555555558
2019-01-15,amplitude_20,90,0.06666666666666665
2019-01-16,amplitude_20,90,0.033333333333333326
2019-01-17,amplitude_20,90,0.05555555555555558
2019-01-18,amplitude_20,90,0.05555555555555558
2019-01-21,amplitude_20,91,0.07777777777777772
2019-01-22,amplitude_20,91,0.04395604395604391
2019-01-23,amplitude_20,90,0.07692307692307687
2019-01-24,amplitude_20,90,0.0444444444444444
2019-01-25,amplitude_20,90,0.06666666666666665
2019-01-28,amplitude_20,99,0.05555555555555558
2019-01-29,amplitude_20,100,0.04040404040404044
2019-01-30,amplitude_20,100,0.06000000000000005
2019-01-31,amplitude_20,100,0.06999999999999995
2019-02-01,amplitude_20,99,0.06999999999999995
2019-02-11,amplitude_20,99,0.08080808080808077
2019-02-12,amplitude_20,99,0.06060606060606055
2019-02-13,amplitude_20,100,0.06060606060606055
2019-02-14,amplitude_20,100,0.050000000000000044
2019-02-15,amplitude_20,100,0.020000000000000018
2019-02-18,amplitude_20,100,0.020000000000000018
2019-02-19,amplitude_20,100,0.06000000000000005
2019-02-20,amplitude_20,99,0.050000000000000044
2019-02-21,amplitude_20,99,0.04040404040404044
2019-02-22,amplitude_20,99,0.09090909090909094
2019-02-25,amplitude_20,99,0.07070707070707072
2019-02-26,amplitude_20,99,0.07070707070707072
2019-02-27,amplitude_20,99,0.08080808080808077
2019-02-28,amplitude_20,99,0.030303030303030276
2019-03-01,amplitude_20,99,0.04040404040404044
2019-03-04,amplitude_20,99,0.06060606060606055
2019-03-05,amplitude_20,99,0.101010101010101
2019-03-06,amplitude_20,99,0.04040404040404044
2019-03-07,amplitude_20,99,0.08080808080808077
2019-03-08,amplitude_20,99,0.07070707070707072
2019-03-11,amplitude_20,99,0.0505050505050505
2019-03-12,amplitude_20,99,0.04040404040404044
2019-03-13,amplitude_20,99,0.030303030303030276
2019-03-14,amplitude_20,99,0.04040404040404044
2019-03-15,amplitude_20,99,0.04040404040404044
2019-03-18,amplitude_20,99,0.04040404040404044
2019-03-19,amplitude_20,99,0.0505050505050505
2019-03-20,amplitude_20,99,0.030303030303030276
2019-03-21,amplitude_20,99,0.0505050505050505
2019-03-22,amplitude_20,99,0.04040404040404044
2019-03-25,amplitude_20,99,0.06060606060606055
2019-03-26,amplitude_20,99,0.06060606060606055
2019-03-27,amplitude_20,99,0.0505050505050505
2019-03-28,amplitude_20,99,0.07070707070707072
2019-03-29,amplitude_20,99,0.030303030303030276
2019-04-01,amplitude_20,99,0.04040404040404044
2019-04-02,amplitude_20,99,0.06060606060606055
2019-04-03,amplitude_20,99,0.02020202020202022
2019-04-04,amplitude_20,98,0.08080808080808077
2019-04-08,amplitude_20,98,0.04081632653061229
2019-04-09,amplitude_20,98,0.05102040816326525
2019-04-10,amplitude_20,98,0.04081632653061229
2019-04-11,amplitude_20,98,0.030612244897959218
2019-04-12,amplitude_20,98,0.061224489795918324
2019-04-15,amplitude_20,98,0.061224489795918324
2019-04-16,amplitude_20,98,0.0714285714285714
2019-04-17,amplitude_20,98,0.061224489795918324
2019-04-18,amplitude_20,98,0.05102040816326525
2019-04-19,amplitude_20,98,0.10204081632653061
2019-04-22,amplitude_20,98,0.08163265306122447
2019-04-23,amplitude_20,98,0.061224489795918324
2019-04-24,amplitude_20,98,0.05102040816326525
2019-04-25,amplitude_20,98,0.08163265306122447
2019-04-26,amplitude_20,98,0.05102040816326525
2019-04-29,amplitude_20,98,0.061224489795918324
2019-04-30,amplitude_20,97,0.08163265306122447
2019-05-06,amplitude_20,97,0.04123711340206182
2019-05-07,amplitude_20,98,0.030927835051546393
2019-05-08,amplitude_20,98,0.09183673469387754
2019-05-09,amplitude_20,98,0.05102040816326525
2019-05-10,amplitude_20,98,0.030612244897959218
2019-05-13,amplitude_20,98,0.04081632653061229
2019-05-14,amplitude_20,98,0.05102040816326525
2019-05-15,amplitude_20,98,0.030612244897959218
2019-05-16,amplitude_20,98,0.061224489795918324
2019-05-17,amplitude_20,98,0.04081632653061229
2019-05-20,amplitude_20,98,0.05102040816326525
2019-05-21,amplitude_20,98,0.030612244897959218
2019-05-22,amplitude_20,98,0.05102040816326525
2019-05-23,amplitude_20,98,0.05102040816326525
2019-05-24,amplitude_20,98,0.030612244897959218
2019-05-27,amplitude_20,98,0.04081632653061229
2019-05-28,amplitude_20,98,0.020408163265306145
2019-05-29,amplitude_20,98,0.061224489795918324
2019-05-30,amplitude_20,98,0.04081632653061229
2019-05-31,amplitude_20,99,0.05102040816326525
2019-06-03,amplitude_20,99,0.02020202020202022
2019-06-04,amplitude_20,99,0.030303030303030276
2019-06-05,amplitude_20,99,0.02020202020202022
2019-06-06,amplitude_20,99,0.06060606060606055
2019-06-10,amplitude_20,99,0.04040404040404044
2019-06-11,amplitude_20,99,0.030303030303030276
2019-06-12,amplitude_20,99,0.0505050505050505
2019-06-13,amplitude_20,99,0.0505050505050505
2019-06-14,amplitude_20,99,0.030303030303030276
2019-06-17,amplitude_20,99,0.030303030303030276
2019-06-18,amplitude_20,99,0.04040404040404044
2019-06-19,amplitude_20,99,0.030303030303030276
2019-06-20,amplitude_20,99,0.030303030303030276
2019-06-21,amplitude_20,99,0.04040404040404044
2019-06-24,amplitude_20,99,0.04040404040404044
2019-06-25,amplitude_20,99,0.02020202020202022
2019-06-26,amplitude_20,99,0.030303030303030276
2019-06-27,amplitude_20,98,0.07070707070707072
2019-06-28,amplitude_20,91,0.20408163265306123
2019-07-01,amplitude_20,91,0.03296703296703296
2019-07-02,amplitude_20,91,0.04395604395604391
2019-07-03,amplitude_20,91,0.04395604395604391
2019-07-04,amplitude_20,91,0.05494505494505497
2019-07-05,amplitude_20,91,0.05494505494505497
2019-07-08,amplitude_20,91,0.03296703296703296
2019-07-09,amplitude_20,91,0.06593406593406592
2019-07-10,amplitude_20,91,0.04395604395604391
2019-07-11,amplitude_20,91,0.05494505494505497
2019-07-12,amplitude_20,91,0.08791208791208793
2019-07-15,amplitude_20,91,0.07692307692307687
2019-07-16,amplitude_20,91,0.03296703296703296
2019-07-17,amplitude_20,91,0.05494505494505497
2019-07-18,amplitude_20,91,0.04395604395604391
2019-07-19,amplitude_20,92,0.05494505494505497
2019-07-22,amplitude_20,92,0.09782608695652173
2019-07-23,amplitude_20,92,0.06521739130434778
2019-07-24,amplitude_20,92,0.05434782608695654
2019-07-25,amplitude_20,100,0.06521739130434778
2019-07-26,amplitude_20,100,0.06000000000000005
2019-07-29,amplitude_20,100,0.040000000000000036
2019-07-30,amplitude_20,100,0.06000000000000005
2019-07-31,amplitude_20,100,0.06000000000000005
2019-08-01,amplitude_20,100,0.06000000000000005
2019-08-02,amplitude_20,100,0.06000000000000005
2019-08-05,amplitude_20,100,0.07999999999999996
2019-08-06,amplitude_20,100,0.06000000000000005
2019-08-07,amplitude_20,100,0.06999999999999995
2019-08-08,amplitude_20,100,0.06000000000000005
2019-08-09,amplitude_20,100,0.06000000000000005
2019-08-12,amplitude_20,100,0.06000000000000005
2019-08-13,amplitude_20,100,0.06000000000000005
2019-08-14,amplitude_20,99,0.040000000000000036
2019-08-15,amplitude_20,99,0.08080808080808077
2019-08-16,amplitude_20,99,0.030303030303030276
2019-08-19,amplitude_20,100,0.04040404040404044
2019-08-20,amplitude_20,100,0.06000000000000005
2019-08-21,amplitude_20,100,0.06000000000000005
2019-08-22,amplitude_20,100,0.050000000000000044
2019-08-23,amplitude_20,100,0.040000000000000036
2019-08-26,amplitude_20,100,0.06999999999999995
2019-08-27,amplitude_20,100,0.050000000000000044
2019-08-28,amplitude_20,100,0.06999999999999995
2019-08-29,amplitude_20,100,0.020000000000000018
2019-08-30,amplitude_20,100,0.050000000000000044
2019-09-02,amplitude_20,100,0.050000000000000044
2019-09-03,amplitude_20,100,0.030000000000000027
2019-09-04,amplitude_20,100,0.06000000000000005
2019-09-05,amplitude_20,100,0.06000000000000005
2019-09-06,amplitude_20,100,0.010000000000000009
2019-09-09,amplitude_20,100,0.050000000000000044
2019-09-10,amplitude_20,100,0.040000000000000036
2019-09-11,amplitude_20,100,0.050000000000000044
2019-09-12,amplitude_20,100,0.06999999999999995
2019-09-16,amplitude_20,100,0.040000000000000036
2019-09-17,amplitude_20,100,0.040000000000000036
2019-09-18,amplitude_20,100,0.020000000000000018
2019-09-19,amplitude_20,100,0.030000000000000027
2019-09-20,amplitude_20,100,0.040000000000000036
2019-09-23,amplitude_20,100,0.06000000000000005
2019-09-24,amplitude_20,100,0.07999999999999996
2019-09-25,amplitude_20,100,0.050000000000000044
2019-09-26,amplitude_20,100,0.06999999999999995
2019-09-27,amplitude_20,99,0.06000000000000005
2019-09-30,amplitude_20,99,0.04040404040404044
2019-10-08,amplitude_20,99,0.030303030303030276
2019-10-09,amplitude_20,99,0.0505050505050505
2019-10-10,amplitude_20,99,0.08080808080808077
2019-10-11,amplitude_20,99,0.04040404040404044
2019-10-14,amplitude_20,99,0.04040404040404044
2019-10-15,amplitude_20,99,0.0505050505050505
2019-10-16,amplitude_20,99,0.07070707070707072
2019-10-17,amplitude_20,99,0.030303030303030276
2019-10-18,amplitude_20,99,0.030303030303030276
2019-10-21,amplitude_20,99,0.07070707070707072
2019-10-22,amplitude_20,99,0.06060606060606055
2019-10-23,amplitude_20,99,0.030303030303030276
2019-10-24,amplitude_20,99,0.04040404040404044
2019-10-25,amplitude_20,99,0.02020202020202022
2019-10-28,amplitude_20,99,0.030303030303030276
2019-10-29,amplitude_20,99,0.0505050505050505
2019-10-30,amplitude_20,99,0.0505050505050505
2019-10-31,amplitude_20,99,0.101010101010101
2019-11-01,amplitude_20,99,0.0505050505050505
2019-11-04,amplitude_20,99,0.0505050505050505
2019-11-05,amplitude_20,99,0.08080808080808077
2019-11-06,amplitude_20,99,0.06060606060606055
2019-11-07,amplitude_20,99,0.06060606060606055
2019-11-08,amplitude_20,99,0.07070707070707072
2019-11-11,amplitude_20,99,0.0505050505050505
2019-11-12,amplitude_20,99,0.04040404040404044
2019-11-13,amplitude_20,99,0.04040404040404044
2019-11-14,amplitude_20,99,0.0505050505050505
2019-11-15,amplitude_20,99,0.030303030303030276
2019-11-18,amplitude_20,100,0.0505050505050505
2019-11-19,amplitude_20,100,0.07999999999999996
2019-11-20,amplitude_20,100,0.040000000000000036
2019-11-21,amplitude_20,100,0.050000000000000044
2019-11-22,amplitude_20,100,0.050000000000000044
2019-11-25,amplitude_20,99,0.06000000000000005
2019-11-26,amplitude_20,99,0.08080808080808077
2019-11-27,amplitude_20,100,0.06060606060606055
2019-11-28,amplitude_20,100,0.06000000000000005
2019-11-29,amplitude_20,100,0.06000000000000005
2019-12-02,amplitude_20,100,0.040000000000000036
2019-12-03,amplitude_20,100,0.020000000000000018
2019-12-04,amplitude_20,100,0.050000000000000044
2019-12-05,amplitude_20,100,0.050000000000000044
2019-12-06,amplitude_20,100,0.050000000000000044
2019-12-09,amplitude_20,100,0.030000000000000027
2019-12-10,amplitude_20,100,0.06000000000000005
2019-12-11,amplitude_20,100,0.06999999999999995
2019-12-12,amplitude_20,100,0.050000000000000044
2019-12-13,amplitude_20,100,0.020000000000000018
2019-12-16,amplitude_20,100,0.06000000000000005
2019-12-17,amplitude_20,100,0.040000000000000036
2019-12-18,amplitude_20,100,0.050000000000000044
2019-12-19,amplitude_20,100,0.050000000000000044
2019-12-20,amplitude_20,100,0.06999999999999995
2019-12-23,amplitude_20,100,0.050000000000000044
2019-12-24,amplitude_20,100,0.040000000000000036
2019-12-25,amplitude_20,100,0.06999999999999995
2019-12-26,amplitude_20,100,0.040000000000000036
2019-12-27,amplitude_20,100,0.06000000000000005
2019-12-30,amplitude_20,100,0.040000000000000036
2019-12-31,amplitude_20,92,0.16000000000000003
2020-01-02,amplitude_20,92,0.04347826086956519
2020-01-03,amplitude_20,92,0.04347826086956519
2020-01-06,amplitude_20,91,0.06521739130434778
2020-01-07,amplitude_20,91,0.04395604395604391
2020-01-08,amplitude_20,91,0.03296703296703296
2020-01-09,amplitude_20,91,0.02197802197802201
2020-01-10,amplitude_20,92,0.03296703296703296
2020-01-13,amplitude_20,92,0.03260869565217395
2020-01-14,amplitude_20,92,0.03260869565217395
2020-01-15,amplitude_20,92,0.04347826086956519
2020-01-16,amplitude_20,92,0.06521739130434778
2020-01-17,amplitude_20,92,0.05434782608695654
2020-01-20,amplitude_20,92,0.08695652173913049
2020-01-21,amplitude_20,92,0.05434782608695654
2020-01-22,amplitude_20,92,0.05434782608695654
2020-01-23,amplitude_20,92,0.05434782608695654
2020-02-03,amplitude_20,92,0.08695652173913049
2020-02-04,amplitude_20,92,0.07608695652173914
2020-02-05,amplitude_20,100,0.04347826086956519
2020-02-06,amplitude_20,100,0.06999999999999995
2020-02-07,amplitude_20,100,0.07999999999999996
2020-02-10,amplitude_20,100,0.06999999999999995
2020-02-11,amplitude_20,100,0.030000000000000027
2020-02-12,amplitude_20,100,0.06000000000000005
2020-02-13,amplitude_20,100,0.020000000000000018
2020-02-14,amplitude_20,100,0.020000000000000018
2020-02-17,amplitude_20,100,0.050000000000000044
2020-02-18,amplitude_20,100,0.030000000000000027
2020-02-19,amplitude_20,100,0.050000000000000044
2020-02-20,amplitude_20,100,0.040000000000000036
2020-02-21,amplitude_20,100,0.040000000000000036
2020-02-24,amplitude_20,100,0.030000000000000027
2020-02-25,amplitude_20,100,0.040000000000000036
2020-02-26,amplitude_20,100,0.050000000000000044
2020-02-27,amplitude_20,100,0.050000000000000044
2020-02-28,amplitude_20,100,0.040000000000000036
2020-03-02,amplitude_20,100,0.06999999999999995
2020-03-03,amplitude_20,100,0.020000000000000018
2020-03-04,amplitude_20,100,0.050000000000000044
2020-03-05,amplitude_20,100,0.06000000000000005
2020-03-06,amplitude_20,100,0.030000000000000027
2020-03-09,amplitude_20,100,0.050000000000000044
2020-03-10,amplitude_20,100,0.050000000000000044
2020-03-11,amplitude_20,100,0.040000000000000036
2020-03-12,amplitude_20,100,0.030000000000000027
2020-03-13,amplitude_20,100,0.040000000000000036
2020-03-16,amplitude_20,100,0.030000000000000027
2020-03-17,amplitude_20,100,0.040000000000000036
2020-03-18,amplitude_20,100,0.010000000000000009
2020-03-19,amplitude_20,99,0.040000000000000036
2020-03-20,amplitude_20,99,0.0505050505050505
2020-03-23,amplitude_20,99,0.06060606060606055
2020-03-24,amplitude_20,99,0.030303030303030276
2020-03-25,amplitude_20,99,0.06060606060606055
2020-03-26,amplitude_20,99,0.04040404040404044
2020-03-27,amplitude_20,99,0.04040404040404044
2020-03-30,amplitude_20,99,0.04040404040404044
2020-03-31,amplitude_20,99,0.04040404040404044
2020-04-01,amplitude_20,99,0.02020202020202022
2020-04-02,amplitude_20,99,0.0505050505050505
2020-04-03,amplitude_20,99,0.02020202020202022
2020-04-07,amplitude_20,99,0.04040404040404044
2020-04-08,amplitude_20,99,0.06060606060606055
2020-04-09,amplitude_20,99,0.04040404040404044
2020-04-10,amplitude_20,99,0.0505050505050505
2020-04-13,amplitude_20,99,0.07070707070707072
2020-04-14,amplitude_20,99,0.06060606060606055
2020-04-15,amplitude_20,99,0.0505050505050505
2020-04-16,amplitude_20,99,0.04040404040404044
2020-04-17,amplitude_20,99,0.04040404040404044
2020-04-20,amplitude_20,99,0.02020202020202022
2020-04-21,amplitude_20,99,0.0505050505050505
2020-04-22,amplitude_20,99,0.04040404040404044
2020-04-23,amplitude_20,99,0.0505050505050505
2020-04-24,amplitude_20,99,0.04040404040404044
2020-04-27,amplitude_20,99,0.0505050505050505
2020-04-28,amplitude_20,99,0.04040404040404044
2020-04-29,amplitude_20,99,0.04040404040404044
2020-04-30,amplitude_20,98,0.06060606060606055
2020-05-06,amplitude_20,98,0.0714285714285714
2020-05-07,amplitude_20,98,0.020408163265306145
2020-05-08,amplitude_20,99,0.061224489795918324
2020-05-11,amplitude_20,99,0.030303030303030276
2020-05-12,amplitude_20,99,0.04040404040404044
2020-05-13,amplitude_20,99,0.0505050505050505
2020-05-14,amplitude_20,99,0.010101010101010055
2020-05-15,amplitude_20,99,0.04040404040404044
2020-05-18,amplitude_20,99,0.030303030303030276
2020-05-19,amplitude_20,99,0.0505050505050505
2020-05-20,amplitude_20,99,0.06060606060606055
2020-05-21,amplitude_20,99,0.030303030303030276
2020-05-22,amplitude_20,99,0.0505050505050505
2020-05-25,amplitude_20,99,0.030303030303030276
2020-05-26,amplitude_20,99,0.06060606060606055
2020-05-27,amplitude_20,99,0.08080808080808077
2020-05-28,amplitude_20,99,0.0505050505050505
2020-05-29,amplitude_20,99,0.07070707070707072
2020-06-01,amplitude_20,99,0.07070707070707072
2020-06-02,amplitude_20,99,0.09090909090909094
2020-06-03,amplitude_20,99,0.08080808080808077
2020-06-04,amplitude_20,99,0.030303030303030276
2020-06-05,amplitude_20,99,0.07070707070707072
2020-06-08,amplitude_20,99,0.04040404040404044
2020-06-09,amplitude_20,99,0.04040404040404044
2020-06-10,amplitude_20,99,0.06060606060606055
2020-06-11,amplitude_20,99,0.0505050505050505
2020-06-12,amplitude_20,99,0.0505050505050505
2020-06-15,amplitude_20,99,0.0505050505050505
2020-06-16,amplitude_20,99,0.07070707070707072
2020-06-17,amplitude_20,99,0.06060606060606055
2020-06-18,amplitude_20,99,0.07070707070707072
2020-06-19,amplitude_20,99,0.0505050505050505
2020-06-22,amplitude_20,99,0.04040404040404044
2020-06-23,amplitude_20,98,0.08080808080808077
2020-06-24,amplitude_20,98,0.08163265306122447
2020-06-29,amplitude_20,98,0.04081632653061229
2020-06-30,amplitude_20,90,0.15306122448979587
2020-07-01,amplitude_20,90,0.05555555555555558
2020-07-02,amplitude_20,90,0.0444444444444444
2020-07-03,amplitude_20,90,0.05555555555555558
2020-07-06,amplitude_20,90,0.0444444444444444
2020-07-07,amplitude_20,90,0.05555555555555558
2020-07-08,amplitude_20,90,0.05555555555555558
2020-07-09,amplitude_20,90,0.09999999999999998
2020-07-10,amplitude_20,90,0.06666666666666665
2020-07-13,amplitude_20,90,0.033333333333333326
2020-07-14,amplitude_20,90,0.0444444444444444
2020-07-15,amplitude_20,90,0.06666666666666665
2020-07-16,amplitude_20,90,0.033333333333333326
2020-07-17,amplitude_20,90,0.05555555555555558
2020-07-20,amplitude_20,90,0.06666666666666665
2020-07-21,amplitude_20,90,0.06666666666666665
2020-07-22,amplitude_20,90,0.0888888888888889
2020-07-23,amplitude_20,90,0.0444444444444444
2020-07-24,amplitude_20,90,0.022222222222222254
2020-07-27,amplitude_20,99,0.06666666666666665
2020-07-28,amplitude_20,99,0.0505050505050505
2020-07-29,amplitude_20,99,0.0505050505050505
2020-07-30,amplitude_20,99,0.11111111111111116
2020-07-31,amplitude_20,99,0.0505050505050505
2017-02-07,amount_mean_20,91,0.03296703296703296
2017-02-08,amount_mean_20,91,0.02197802197802201
2017-02-09,amount_mean_20,91,0.03296703296703296
2017-02-10,amount_mean_20,91,0.03296703296703296
2017-02-13,amount_mean_20,91,0.05494505494505497
2017-02-14,amount_mean_20,91,0.04395604395604391
2017-02-15,amount_mean_20,91,0.03296703296703296
2017-02-16,amount_mean_20,92,0.01098901098901095
2017-02-17,amount_mean_20,91,0.05434782608695654
2017-02-20,amount_mean_20,90,0.04395604395604391
2017-02-21,amount_mean_20,90,0.033333333333333326
2017-02-22,amount_mean_20,90,0.05555555555555558
2017-02-23,amount_mean_20,90,0.033333333333333326
2017-02-24,amount_mean_20,90,0.0444444444444444
2017-02-27,amount_mean_20,90,0.022222222222222254
2017-02-28,amount_mean_20,91,0.022222222222222254
2017-03-01,amount_mean_20,91,0.03296703296703296
2017-03-02,amount_mean_20,91,0.02197802197802201
2017-03-03,amount_mean_20,91,0.02197802197802201
2017-03-06,amount_mean_20,90,0.04395604395604391
2017-03-07,amount_mean_20,91,0.033333333333333326
2017-03-08,amount_mean_20,91,0.02197802197802201
2017-03-09,amount_mean_20,91,0.04395604395604391
2017-03-10,amount_mean_20,91,0.01098901098901095
2017-03-13,amount_mean_20,91,0.03296703296703296
2017-03-14,amount_mean_20,91,0.06593406593406592
2017-03-15,amount_mean_20,91,0.02197802197802201
2017-03-16,amount_mean_20,91,0.02197802197802201
2017-03-17,amount_mean_20,91,0.03296703296703296
2017-03-20,amount_mean_20,91,0.04395604395604391
2017-03-21,amount_mean_20,92,0.02197802197802201
2017-03-22,amount_mean_20,92,0.04347826086956519
2017-03-23,amount_mean_20,92,0.04347826086956519
2017-03-24,amount_mean_20,93,0.021739130434782594
2017-03-27,amount_mean_20,93,0.032258064516129004
2017-03-28,amount_mean_20,92,0.021505376344086002
2017-03-29,amount_mean_20,92,0.05434782608695654
2017-03-30,amount_mean_20,92,0.04347826086956519
2017-03-31,amount_mean_20,92,0.021739130434782594
2017-04-05,amount_mean_20,91,0.05434782608695654
2017-04-06,amount_mean_20,91,0.03296703296703296
2017-04-07,amount_mean_20,91,0.04395604395604391
2017-04-10,amount_mean_20,91,0.03296703296703296
2017-04-11,amount_mean_20,91,0.02197802197802201
2017-04-12,amount_mean_20,91,0.03296703296703296
2017-04-13,amount_mean_20,89,0.05494505494505497
2017-04-14,amount_mean_20,89,0.022471910112359605
2017-04-17,amount_mean_20,89,0.0449438202247191
2017-04-18,amount_mean_20,89,0.022471910112359605
2017-04-19,amount_mean_20,89,0.022471910112359605
2017-04-20,amount_mean_20,89,0.0337078651685393
2017-04-21,amount_mean_20,88,0.0337078651685393
2017-04-24,amount_mean_20,88,0.022727272727272707
2017-04-25,amount_mean_20,88,0.022727272727272707
2017-04-26,amount_mean_20,88,0.022727272727272707
2017-04-27,amount_mean_20,88,0.011363636363636354
2017-04-28,amount_mean_20,87,0.011363636363636354
2017-05-02,amount_mean_20,87,0.03448275862068961
2017-05-03,amount_mean_20,87,0.03448275862068961
2017-05-04,amount_mean_20,87,0.04597701149425293
2017-05-05,amount_mean_20,87,0.0
2017-05-08,amount_mean_20,87,0.05747126436781613
2017-05-09,amount_mean_20,87,0.011494252873563204
2017-05-10,amount_mean_20,88,0.04597701149425293
2017-05-11,amount_mean_20,88,0.07954545454545459
2017-05-12,amount_mean_20,88,0.022727272727272707
2017-05-15,amount_mean_20,89,0.06818181818181823
2017-05-16,amount_mean_20,89,0.0337078651685393
2017-05-17,amount_mean_20,89,0.022471910112359605
2017-05-18,amount_mean_20,89,0.0561797752808989
2017-05-19,amount_mean_20,89,0.0674157303370787
2017-05-22,amount_mean_20,90,0.0449438202247191
2017-05-23,amount_mean_20,90,0.022222222222222254
2017-05-24,amount_mean_20,90,0.033333333333333326
2017-05-25,amount_mean_20,90,0.033333333333333326
2017-05-26,amount_mean_20,90,0.022222222222222254
2017-05-31,amount_mean_20,90,0.022222222222222254
2017-06-01,amount_mean_20,90,0.011111111111111072
2017-06-02,amount_mean_20,91,0.022222222222222254
2017-06-05,amount_mean_20,90,0.02197802197802201
2017-06-06,amount_mean_20,90,0.033333333333333326
2017-06-07,amount_mean_20,91,0.0
2017-06-08,amount_mean_20,91,0.02197802197802201
2017-06-09,amount_mean_20,91,0.01098901098901095
2017-06-12,amount_mean_20,91,0.02197802197802201
2017-06-13,amount_mean_20,91,0.01098901098901095
2017-06-14,amount_mean_20,92,0.01098901098901095
2017-06-15,amount_mean_20,91,0.021739130434782594
2017-06-16,amount_mean_20,91,0.03296703296703296
2017-06-19,amount_mean_20,91,0.02197802197802201
2017-06-20,amount_mean_20,91,0.02197802197802201
2017-06-21,amount_mean_20,91,0.03296703296703296
2017-06-22,amount_mean_20,91,0.02197802197802201
2017-06-23,amount_mean_20,91,0.03296703296703296
2017-06-26,amount_mean_20,91,0.03296703296703296
2017-06-27,amount_mean_20,91,0.02197802197802201
2017-06-28,amount_mean_20,91,0.03296703296703296
2017-06-29,amount_mean_20,91,0.02197802197802201
2017-06-30,amount_mean_20,83,0.13186813186813184
2017-07-03,amount_mean_20,83,0.02409638554216864
2017-07-04,amount_mean_20,83,0.0
2017-07-05,amount_mean_20,83,0.048192771084337394
2017-07-06,amount_mean_20,83,0.012048192771084376
2017-07-07,amount_mean_20,83,0.06024096385542166
2017-07-10,amount_mean_20,84,0.02409638554216864
2017-07-11,amount_mean_20,84,0.011904761904761862
2017-07-12,amount_mean_20,84,0.011904761904761862
2017-07-13,amount_mean_20,84,0.023809523809523836
2017-07-14,amount_mean_20,84,0.04761904761904767
2017-07-17,amount_mean_20,84,0.023809523809523836
2017-07-18,amount_mean_20,83,0.04761904761904767
2017-07-19,amount_mean_20,83,0.02409638554216864
2017-07-20,amount_mean_20,84,0.03614457831325302
2017-07-21,amount_mean_20,83,0.0357142857142857
2017-07-24,amount_mean_20,83,0.03614457831325302
2017-07-25,amount_mean_20,83,0.02409638554216864
2017-07-26,amount_mean_20,83,0.02409638554216864
2017-07-27,amount_mean_20,92,0.048192771084337394
2017-07-28,amount_mean_20,93,0.021739130434782594
2017-07-31,amount_mean_20,92,0.032258064516129004
2017-08-01,amount_mean_20,92,0.06521739130434778
2017-08-02,amount_mean_20,92,0.021739130434782594
2017-08-03,amount_mean_20,92,0.03260869565217395
2017-08-04,amount_mean_20,92,0.021739130434782594
2017-08-07,amount_mean_20,92,0.03260869565217395
2017-08-08,amount_mean_20,92,0.03260869565217395
2017-08-09,amount_mean_20,92,0.021739130434782594
2017-08-10,amount_mean_20,91,0.03260869565217395
2017-08-11,amount_mean_20,91,0.01098901098901095
2017-08-14,amount_mean_20,92,0.01098901098901095
2017-08-15,amount_mean_20,92,0.03260869565217395
2017-08-16,amount_mean_20,92,0.021739130434782594
2017-08-17,amount_mean_20,91,0.03260869565217395
2017-08-18,amount_mean_20,92,0.01098901098901095
2017-08-21,amount_mean_20,92,0.021739130434782594
2017-08-22,amount_mean_20,92,0.021739130434782594
2017-08-23,amount_mean_20,92,0.010869565217391353
2017-08-24,amount_mean_20,91,0.03260869565217395
2017-08-25,amount_mean_20,91,0.02197802197802201
2017-08-28,amount_mean_20,92,0.03296703296703296
2017-08-29,amount_mean_20,93,0.021739130434782594
2017-08-30,amount_mean_20,93,0.010752688172043001
2017-08-31,amount_mean_20,93,0.032258064516129004
2017-09-01,amount_mean_20,93,0.021505376344086002
2017-09-04,amount_mean_20,93,0.032258064516129004
2017-09-05,amount_mean_20,93,0.053763440860215006
2017-09-06,amount_mean_20,94,0.032258064516129004
2017-09-07,amount_mean_20,93,0.05319148936170215
2017-09-08,amount_mean_20,93,0.043010752688172005
2017-09-11,amount_mean_20,93,0.032258064516129004
2017-09-12,amount_mean_20,93,0.032258064516129004
2017-09-13,amount_mean_20,94,0.021505376344086002
2017-09-14,amount_mean_20,94,0.021276595744680882
2017-09-15,amount_mean_20,94,0.010638297872340385
2017-09-18,amount_mean_20,94,0.010638297872340385
2017-09-19,amount_mean_20,94,0.021276595744680882
2017-09-20,amount_mean_20,94,0.03191489361702127
2017-09-21,amount_mean_20,93,0.05319148936170215
2017-09-22,amount_mean_20,93,0.032258064516129004
2017-09-25,amount_mean_20,93,0.032258064516129004
2017-09-26,amount_mean_20,93,0.010752688172043001
2017-09-27,amount_mean_20,93,0.021505376344086002
2017-09-28,amount_mean_20,93,0.021505376344086002
2017-09-29,amount_mean_20,93,0.010752688172043001
2017-10-09,amount_mean_20,93,0.053763440860215006
2017-10-10,amount_mean_20,93,0.010752688172043001
2017-10-11,amount_mean_20,93,0.021505376344086002
2017-10-12,amount_mean_20,93,0.021505376344086002
2017-10-13,amount_mean_20,94,0.043010752688172005
2017-10-16,amount_mean_20,94,0.021276595744680882
2017-10-17,amount_mean_20,94,0.03191489361702127
2017-10-18,amount_mean_20,94,0.021276595744680882
2017-10-19,amount_mean_20,94,0.021276595744680882
2017-10-20,amount_mean_20,94,0.04255319148936165
2017-10-23,amount_mean_20,94,0.021276595744680882
2017-10-24,amount_mean_20,94,0.03191489361702127
2017-10-25,amount_mean_20,94,0.03191489361702127
2017-10-26,amount_mean_20,94,0.03191489361702127
2017-10-27,amount_mean_20,94,0.03191489361702127
2017-10-30,amount_mean_20,93,0.04255319148936165
2017-10-31,amount_mean_20,94,0.021505376344086002
2017-11-01,amount_mean_20,93,0.03191489361702127
2017-11-02,amount_mean_20,94,0.032258064516129004
2017-11-03,amount_mean_20,94,0.021276595744680882
2017-11-06,amount_mean_20,94,0.07446808510638303
2017-11-07,amount_mean_20,94,0.05319148936170215
2017-11-08,amount_mean_20,94,0.04255319148936165
2017-11-09,amount_mean_20,94,0.03191489361702127
2017-11-10,amount_mean_20,94,0.05319148936170215
2017-11-13,amount_mean_20,94,0.03191489361702127
2017-11-14,amount_mean_20,94,0.021276595744680882
2017-11-15,amount_mean_20,94,0.010638297872340385
2017-11-16,amount_mean_20,94,0.021276595744680882
2017-11-17,amount_mean_20,94,0.021276595744680882
2017-11-20,amount_mean_20,94,0.010638297872340385
2017-11-21,amount_mean_20,94,0.021276595744680882
2017-11-22,amount_mean_20,93,0.03191489361702127
2017-11-23,amount_mean_20,93,0.043010752688172005
2017-11-24,amount_mean_20,92,0.021505376344086002
2017-11-27,amount_mean_20,92,0.021739130434782594
2017-11-28,amount_mean_20,92,0.010869565217391353
2017-11-29,amount_mean_20,92,0.010869565217391353
2017-11-30,amount_mean_20,92,0.021739130434782594
2017-12-01,amount_mean_20,92,0.021739130434782594
2017-12-04,amount_mean_20,92,0.010869565217391353
2017-12-05,amount_mean_20,92,0.0
2017-12-06,amount_mean_20,92,0.04347826086956519
2017-12-07,amount_mean_20,92,0.021739130434782594
2017-12-08,amount_mean_20,92,0.010869565217391353
2017-12-11,amount_mean_20,92,0.021739130434782594
2017-12-12,amount_mean_20,91,0.010869565217391353
2017-12-13,amount_mean_20,91,0.01098901098901095
2017-12-14,amount_mean_20,91,0.02197802197802201
2017-12-15,amount_mean_20,91,0.02197802197802201
2017-12-18,amount_mean_20,91,0.04395604395604391
2017-12-19,amount_mean_20,90,0.02197802197802201
2017-12-20,amount_mean_20,90,0.011111111111111072
2017-12-21,amount_mean_20,90,0.033333333333333326
2017-12-22,amount_mean_20,90,0.033333333333333326
2017-12-25,amount_mean_20,90,0.0444444444444444
2017-12-26,amount_mean_20,90,0.022222222222222254
2017-12-27,amount_mean_20,90,0.022222222222222254
2017-12-28,amount_mean_20,90,0.022222222222222254
2017-12-29,amount_mean_20,81,0.12222222222222223
2018-01-02,amount_mean_20,80,0.024691358024691357
2018-01-03,amount_mean_20,81,0.012499999999999956
2018-01-04,amount_mean_20,81,0.03703703703703709
2018-01-05,amount_mean_20,81,0.03703703703703709
2018-01-08,amount_mean_20,81,0.03703703703703709
2018-01-09,amount_mean_20,81,0.03703703703703709
2018-01-10,amount_mean_20,81,0.03703703703703709
2018-01-11,amount_mean_20,82,0.012345679012345734
2018-01-12,amount_mean_20,81,0.03658536585365857
2018-01-15,amount_mean_20,81,0.012345679012345734
2018-01-16,amount_mean_20,81,0.03703703703703709
2018-01-17,amount_mean_20,82,0.012345679012345734
2018-01-18,amount_mean_20,81,0.024390243902439046
2018-01-19,amount_mean_20,81,0.024691358024691357
2018-01-22,amount_mean_20,81,0.024691358024691357
2018-01-23,amount_mean_20,81,0.024691358024691357
2018-01-24,amount_mean_20,81,0.024691358024691357
2018-01-25,amount_mean_20,81,0.024691358024691357
2018-01-26,amount_mean_20,90,0.03703703703703709
2018-01-29,amount_mean_20,90,0.033333333333333326
2018-01-30,amount_mean_20,90,0.022222222222222254
2018-01-31,amount_mean_20,90,0.033333333333333326
2018-02-01,amount_mean_20,90,0.0
2018-02-02,amount_mean_20,89,0.022222222222222254
2018-02-05,amount_mean_20,88,0.0561797752808989
2018-02-06,amount_mean_20,89,0.022727272727272707
2018-02-07,amount_mean_20,89,0.011235955056179803
2018-02-08,amount_mean_20,88,0.022471910112359605
2018-02-09,amount_mean_20,89,0.05681818181818177
2018-02-12,amount_mean_20,89,0.011235955056179803
2018-02-13,amount_mean_20,89,0.0
2018-02-14,amount_mean_20,89,0.0337078651685393
2018-02-22,amount_mean_20,89,0.022471910112359605
2018-02-23,amount_mean_20,89,0.011235955056179803
2018-02-26,amount_mean_20,89,0.0337078651685393
2018-02-27,amount_mean_20,89,0.022471910112359605
2018-02-28,amount_mean_20,89,0.022471910112359605
2018-03-01,amount_mean_20,89,0.022471910112359605
2018-03-02,amount_mean_20,89,0.022471910112359605
2018-03-05,amount_mean_20,89,0.022471910112359605
2018-03-06,amount_mean_20,89,0.022471910112359605
2018-03-07,amount_mean_20,90,0.022471910112359605
2018-03-08,amount_mean_20,90,0.011111111111111072
2018-03-09,amount_mean_20,90,0.011111111111111072
2018-03-12,amount_mean_20,89,0.033333333333333326
2018-03-13,amount_mean_20,89,0.0337078651685393
2018-03-14,amount_mean_20,90,0.0
2018-03-15,amount_mean_20,90,0.011111111111111072
2018-03-16,amount_mean_20,90,0.022222222222222254
2018-03-19,amount_mean_20,90,0.011111111111111072
2018-03-20,amount_mean_20,90,0.033333333333333326
2018-03-21,amount_mean_20,90,0.033333333333333326
2018-03-22,amount_mean_20,90,0.022222222222222254
2018-03-23,amount_mean_20,91,0.0444444444444444
2018-03-26,amount_mean_20,91,0.01098901098901095
2018-03-27,amount_mean_20,90,0.04395604395604391
2018-03-28,amount_mean_20,90,0.022222222222222254
2018-03-29,amount_mean_20,90,0.011111111111111072
2018-03-30,amount_mean_20,90,0.022222222222222254
2018-04-02,amount_mean_20,90,0.033333333333333326
2018-04-03,amount_mean_20,90,0.022222222222222254
2018-04-04,amount_mean_20,90,0.0444444444444444
2018-04-09,amount_mean_20,90,0.0444444444444444
2018-04-10,amount_mean_20,90,0.011111111111111072
2018-04-11,amount_mean_20,90,0.033333333333333326
2018-04-12,amount_mean_20,90,0.033333333333333326
2018-04-13,amount_mean_20,91,0.011111111111111072
2018-04-16,amount_mean_20,90,0.03296703296703296
2018-04-17,amount_mean_20,91,0.011111111111111072
2018-04-18,amount_mean_20,91,0.02197802197802201
2018-04-19,amount_mean_20,91,0.02197802197802201
2018-04-20,amount_mean_20,91,0.03296703296703296
2018-04-23,amount_mean_20,91,0.01098901098901095
2018-04-24,amount_mean_20,91,0.02197802197802201
2018-04-25,amount_mean_20,91,0.02197802197802201
2018-04-26,amount_mean_20,90,0.04395604395604391
2018-04-27,amount_mean_20,91,0.011111111111111072
2018-05-02,amount_mean_20,90,0.01098901098901095
2018-05-03,amount_mean_20,90,0.011111111111111072
2018-05-04,amount_mean_20,91,0.011111111111111072
2018-05-07,amount_mean_20,91,0.02197802197802201
2018-05-08,amount_mean_20,91,0.02197802197802201
2018-05-09,amount_mean_20,91,0.01098901098901095
2018-05-10,amount_mean_20,91,0.01098901098901095
2018-05-11,amount_mean_20,91,0.02197802197802201
2018-05-14,amount_mean_20,91,0.01098901098901095
2018-05-15,amount_mean_20,91,0.03296703296703296
2018-05-16,amount_mean_20,91,0.03296703296703296
2018-05-17,amount_mean_20,92,0.0
2018-05-18,amount_mean_20,91,0.03260869565217395
2018-05-21,amount_mean_20,91,0.03296703296703296
2018-05-22,amount_mean_20,91,0.02197802197802201
2018-05-23,amount_mean_20,91,0.04395604395604391
2018-05-24,amount_mean_20,91,0.02197802197802201
2018-05-25,amount_mean_20,92,0.01098901098901095
2018-05-28,amount_mean_20,92,0.03260869565217395
2018-05-29,amount_mean_20,92,0.04347826086956519
2018-05-30,amount_mean_20,92,0.010869565217391353
2018-05-31,amount_mean_20,91,0.03260869565217395
2018-06-01,amount_mean_20,91,0.03296703296703296
2018-06-04,amount_mean_20,91,0.04395604395604391
2018-06-05,amount_mean_20,91,0.02197802197802201
2018-06-06,amount_mean_20,91,0.04395604395604391
2018-06-07,amount_mean_20,90,0.04395604395604391
2018-06-08,amount_mean_20,91,0.033333333333333326
2018-06-11,amount_mean_20,91,0.02197802197802201
2018-06-12,amount_mean_20,91,0.02197802197802201
2018-06-13,amount_mean_20,91,0.01098901098901095
2018-06-14,amount_mean_20,91,0.01098901098901095
2018-06-15,amount_mean_20,91,0.02197802197802201
2018-06-19,amount_mean_20,90,0.02197802197802201
2018-06-20,amount_mean_20,90,0.033333333333333326
2018-06-21,amount_mean_20,90,0.022222222222222254
2018-06-22,amount_mean_20,90,0.011111111111111072
2018-06-25,amount_mean_20,90,0.033333333333333326
2018-06-26,amount_mean_20,90,0.011111111111111072
2018-06-27,amount_mean_20,90,0.022222222222222254
2018-06-28,amount_mean_20,90,0.033333333333333326
2018-06-29,amount_mean_20,81,0.1444444444444445
2018-07-02,amount_mean_20,81,0.0
2018-07-03,amount_mean_20,81,0.012345679012345734
2018-07-04,amount_mean_20,81,0.024691358024691357
2018-07-05,amount_mean_20,82,0.03703703703703709
2018-07-06,amount_mean_20,82,0.012195121951219523
2018-07-09,amount_mean_20,82,0.012195121951219523
2018-07-10,amount_mean_20,82,0.012195121951219523
2018-07-11,amount_mean_20,83,0.0
2018-07-12,amount_mean_20,83,0.012048192771084376
2018-07-13,amount_mean_20,83,0.02409638554216864
2018-07-16,amount_mean_20,83,0.012048192771084376
2018-07-17,amount_mean_20,83,0.02409638554216864
2018-07-18,amount_mean_20,83,0.03614457831325302
2018-07-19,amount_mean_20,83,0.012048192771084376
2018-07-20,amount_mean_20,83,0.012048192771084376
2018-07-23,amount_mean_20,84,0.012048192771084376
2018-07-24,amount_mean_20,84,0.0357142857142857
2018-07-25,amount_mean_20,84,0.023809523809523836
2018-07-26,amount_mean_20,93,0.04761904761904767
2018-07-27,amount_mean_20,94,0.021505376344086002
2018-07-30,amount_mean_20,94,0.021276595744680882
2018-07-31,amount_mean_20,94,0.021276595744680882
2018-08-01,amount_mean_20,94,0.021276595744680882
2018-08-02,amount_mean_20,94,0.021276595744680882
2018-08-03,amount_mean_20,94,0.021276595744680882
2018-08-06,amount_mean_20,94,0.010638297872340385
2018-08-07,amount_mean_20,94,0.021276595744680882
2018-08-08,amount_mean_20,94,0.0
2018-08-09,amount_mean_20,94,0.021276595744680882
2018-08-10,amount_mean_20,95,0.010638297872340385
2018-08-13,amount_mean_20,94,0.03157894736842104
2018-08-14,amount_mean_20,94,0.021276595744680882
2018-08-15,amount_mean_20,94,0.0
2018-08-16,amount_mean_20,94,0.021276595744680882
2018-08-17,amount_mean_20,94,0.021276595744680882
2018-08-20,amount_mean_20,94,0.021276595744680882
2018-08-21,amount_mean_20,95,0.010638297872340385
2018-08-22,amount_mean_20,95,0.021052631578947323
2018-08-23,amount_mean_20,95,0.03157894736842104
2018-08-24,amount_mean_20,95,0.010526315789473717
2018-08-27,amount_mean_20,95,0.021052631578947323
2018-08-28,amount_mean_20,95,0.010526315789473717
2018-08-29,amount_mean_20,95,0.03157894736842104
2018-08-30,amount_mean_20,95,0.010526315789473717
2018-08-31,amount_mean_20,95,0.021052631578947323
2018-09-03,amount_mean_20,95,0.021052631578947323
2018-09-04,amount_mean_20,95,0.021052631578947323
2018-09-05,amount_mean_20,95,0.03157894736842104
2018-09-06,amount_mean_20,95,0.03157894736842104
2018-09-07,amount_mean_20,95,0.03157894736842104
2018-09-10,amount_mean_20,95,0.04210526315789476
2018-09-11,amount_mean_20,95,0.010526315789473717
2018-09-12,amount_mean_20,95,0.010526315789473717
2018-09-13,amount_mean_20,95,0.010526315789473717
2018-09-14,amount_mean_20,95,0.010526315789473717
2018-09-17,amount_mean_20,95,0.021052631578947323
2018-09-18,amount_mean_20,95,0.0
2018-09-19,amount_mean_20,95,0.021052631578947323
2018-09-20,amount_mean_20,95,0.021052631578947323
2018-09-21,amount_mean_20,95,0.021052631578947323
2018-09-25,amount_mean_20,95,0.010526315789473717
2018-09-26,amount_mean_20,95,0.021052631578947323
2018-09-27,amount_mean_20,95,0.021052631578947323
2018-09-28,amount_mean_20,95,0.010526315789473717
2018-10-08,amount_mean_20,95,0.0
2018-10-09,amount_mean_20,95,0.021052631578947323
2018-10-10,amount_mean_20,95,0.04210526315789476
2018-10-11,amount_mean_20,95,0.0
2018-10-12,amount_mean_20,95,0.010526315789473717
2018-10-15,amount_mean_20,95,0.04210526315789476
2018-10-16,amount_mean_20,95,0.0
2018-10-17,amount_mean_20,95,0.021052631578947323
2018-10-18,amount_mean_20,95,0.03157894736842104
2018-10-19,amount_mean_20,95,0.052631578947368474
2018-10-22,amount_mean_20,95,0.04210526315789476
2018-10-23,amount_mean_20,95,0.021052631578947323
2018-10-24,amount_mean_20,95,0.021052631578947323
2018-10-25,amount_mean_20,95,0.04210526315789476
2018-10-26,amount_mean_20,95,0.03157894736842104
2018-10-29,amount_mean_20,95,0.04210526315789476
2018-10-30,amount_mean_20,95,0.021052631578947323
2018-10-31,amount_mean_20,95,0.021052631578947323
2018-11-01,amount_mean_20,95,0.010526315789473717
2018-11-02,amount_mean_20,95,0.04210526315789476
2018-11-05,amount_mean_20,96,0.0
2018-11-06,amount_mean_20,96,0.02083333333333337
2018-11-07,amount_mean_20,96,0.0625
2018-11-08,amount_mean_20,96,0.03125
2018-11-09,amount_mean_20,96,0.03125
2018-11-12,amount_mean_20,96,0.02083333333333337
2018-11-13,amount_mean_20,96,0.04166666666666663
2018-11-14,amount_mean_20,96,0.03125
2018-11-15,amount_mean_20,96,0.03125
2018-11-16,amount_mean_20,96,0.02083333333333337
2018-11-19,amount_mean_20,96,0.02083333333333337
2018-11-20,amount_mean_20,96,0.01041666666666663
2018-11-21,amount_mean_20,96,0.01041666666666663
2018-11-22,amount_mean_20,97,0.0625
2018-11-23,amount_mean_20,97,0.04123711340206182
2018-11-26,amount_mean_20,97,0.05154639175257736
2018-11-27,amount_mean_20,97,0.030927835051546393
2018-11-28,amount_mean_20,97,0.010309278350515427
2018-11-29,amount_mean_20,98,0.04123711340206182
2018-11-30,amount_mean_20,98,0.04081632653061229
2018-12-03,amount_mean_20,98,0.020408163265306145
2018-12-04,amount_mean_20,98,0.020408163265306145
2018-12-05,amount_mean_20,98,0.030612244897959218
2018-12-06,amount_mean_20,98,0.030612244897959218
2018-12-07,amount_mean_20,98,0.020408163265306145
2018-12-10,amount_mean_20,99,0.020408163265306145
2018-12-11,amount_mean_20,99,0.030303030303030276
2018-12-12,amount_mean_20,99,0.04040404040404044
2018-12-13,amount_mean_20,99,0.030303030303030276
2018-12-14,amount_mean_20,99,0.04040404040404044
2018-12-17,amount_mean_20,99,0.02020202020202022
2018-12-18,amount_mean_20,99,0.06060606060606055
2018-12-19,amount_mean_20,99,0.02020202020202022
2018-12-20,amount_mean_20,99,0.010101010101010055
2018-12-21,amount_mean_20,99,0.0505050505050505
2018-12-24,amount_mean_20,99,0.02020202020202022
2018-12-25,amount_mean_20,99,0.010101010101010055
2018-12-26,amount_mean_20,99,0.030303030303030276
2018-12-27,amount_mean_20,99,0.04040404040404044
2018-12-28,amount_mean_20,90,0.11111111111111116
2019-01-02,amount_mean_20,90,0.033333333333333326
2019-01-03,amount_mean_20,90,0.022222222222222254
2019-01-04,amount_mean_20,90,0.033333333333333326
2019-01-07,amount_mean_20,90,0.033333333333333326
2019-01-08,amount_mean_20,90,0.033333333333333326
2019-01-09,amount_mean_20,90,0.022222222222222254
2019-01-10,amount_mean_20,90,0.033333333333333326
2019-01-11,amount_mean_20,90,0.022222222222222254
2019-01-14,amount_mean_20,90,0.022222222222222254
2019-01-15,amount_mean_20,90,0.022222222222222254
2019-01-16,amount_mean_20,90,0.0444444444444444
2019-01-17,amount_mean_20,90,0.022222222222222254
2019-01-18,amount_mean_20,90,0.022222222222222254
2019-01-21,amount_mean_20,91,0.011111111111111072
2019-01-22,amount_mean_20,91,0.02197802197802201
2019-01-23,amount_mean_20,90,0.02197802197802201
2019-01-24,amount_mean_20,90,0.033333333333333326
2019-01-25,amount_mean_20,90,0.011111111111111072
2019-01-28,amount_mean_20,99,0.0888888888888889
2019-01-29,amount_mean_20,100,0.010101010101010055
2019-01-30,amount_mean_20,100,0.030000000000000027
2019-01-31,amount_mean_20,100,0.020000000000000018
2019-02-01,amount_mean_20,99,0.030000000000000027
2019-02-11,amount_mean_20,99,0.04040404040404044
2019-02-12,amount_mean_20,99,0.0
2019-02-13,amount_mean_20,100,0.030303030303030276
2019-02-14,amount_mean_20,100,0.040000000000000036
2019-02-15,amount_mean_20,100,0.020000000000000018
2019-02-18,amount_mean_20,100,0.020000000000000018
2019-02-19,amount_mean_20,100,0.040000000000000036
2019-02-20,amount_mean_20,99,0.030000000000000027
2019-02-21,amount_mean_20,99,0.04040404040404044
2019-02-22,amount_mean_20,99,0.02020202020202022
2019-02-25,amount_mean_20,99,0.030303030303030276
2019-02-26,amount_mean_20,99,0.030303030303030276
2019-02-27,amount_mean_20,99,0.0505050505050505
2019-02-28,amount_mean_20,99,0.030303030303030276
2019-03-01,amount_mean_20,99,0.02020202020202022
2019-03-04,amount_mean_20,99,0.02020202020202022
2019-03-05,amount_mean_20,99,0.04040404040404044
2019-03-06,amount_mean_20,99,0.030303030303030276
2019-03-07,amount_mean_20,99,0.030303030303030276
2019-03-08,amount_mean_20,99,0.08080808080808077
2019-03-11,amount_mean_20,99,0.010101010101010055
2019-03-12,amount_mean_20,99,0.02020202020202022
2019-03-13,amount_mean_20,99,0.02020202020202022
2019-03-14,amount_mean_20,99,0.02020202020202022
2019-03-15,amount_mean_20,99,0.010101010101010055
2019-03-18,amount_mean_20,99,0.02020202020202022
2019-03-19,amount_mean_20,99,0.04040404040404044
2019-03-20,amount_mean_20,99,0.02020202020202022
2019-03-21,amount_mean_20,99,0.02020202020202022
2019-03-22,amount_mean_20,99,0.02020202020202022
2019-03-25,amount_mean_20,99,0.030303030303030276
2019-03-26,amount_mean_20,99,0.030303030303030276
2019-03-27,amount_mean_20,99,0.02020202020202022
2019-03-28,amount_mean_20,99,0.04040404040404044
2019-03-29,amount_mean_20,99,0.010101010101010055
2019-04-01,amount_mean_20,99,0.010101010101010055
2019-04-02,amount_mean_20,99,0.02020202020202022
2019-04-03,amount_mean_20,99,0.030303030303030276
2019-04-04,amount_mean_20,98,0.02020202020202022
2019-04-08,amount_mean_20,98,0.030612244897959218
2019-04-09,amount_mean_20,98,0.061224489795918324
2019-04-10,amount_mean_20,98,0.030612244897959218
2019-04-11,amount_mean_20,98,0.04081632653061229
2019-04-12,amount_mean_20,98,0.05102040816326525
2019-04-15,amount_mean_20,98,0.030612244897959218
2019-04-16,amount_mean_20,98,0.04081632653061229
2019-04-17,amount_mean_20,98,0.020408163265306145
2019-04-18,amount_mean_20,98,0.030612244897959218
2019-04-19,amount_mean_20,98,0.020408163265306145
2019-04-22,amount_mean_20,98,0.061224489795918324
2019-04-23,amount_mean_20,98,0.061224489795918324
2019-04-24,amount_mean_20,98,0.010204081632653073
2019-04-25,amount_mean_20,98,0.061224489795918324
2019-04-26,amount_mean_20,98,0.030612244897959218
2019-04-29,amount_mean_20,98,0.030612244897959218
2019-04-30,amount_mean_20,97,0.030612244897959218
2019-05-06,amount_mean_20,97,0.020618556701030966
2019-05-07,amount_mean_20,98,0.05154639175257736
2019-05-08,amount_mean_20,98,0.020408163265306145
2019-05-09,amount_mean_20,98,0.04081632653061229
2019-05-10,amount_mean_20,98,0.04081632653061229
2019-05-13,amount_mean_20,98,0.030612244897959218
2019-05-14,amount_mean_20,98,0.020408163265306145
2019-05-15,amount_mean_20,98,0.030612244897959218
2019-05-16,amount_mean_20,98,0.030612244897959218
2019-05-17,amount_mean_20,98,0.030612244897959218
2019-05-20,amount_mean_20,98,0.030612244897959218
2019-05-21,amount_mean_20,98,0.04081632653061229
2019-05-22,amount_mean_20,98,0.04081632653061229
2019-05-23,amount_mean_20,98,0.061224489795918324
2019-05-24,amount_mean_20,98,0.030612244897959218
2019-05-27,amount_mean_20,98,0.020408163265306145
2019-05-28,amount_mean_20,98,0.04081632653061229
2019-05-29,amount_mean_20,98,0.04081632653061229
2019-05-30,amount_mean_20,98,0.020408163265306145
2019-05-31,amount_mean_20,99,0.010204081632653073
2019-06-03,amount_mean_20,99,0.030303030303030276
2019-06-04,amount_mean_20,99,0.030303030303030276
2019-06-05,amount_mean_20,99,0.02020202020202022
2019-06-06,amount_mean_20,99,0.030303030303030276
2019-06-10,amount_mean_20,99,0.0
2019-06-11,amount_mean_20,99,0.030303030303030276
2019-06-12,amount_mean_20,99,0.02020202020202022
2019-06-13,amount_mean_20,99,0.0
2019-06-14,amount_mean_20,99,0.010101010101010055
2019-06-17,amount_mean_20,99,0.02020202020202022
2019-06-18,amount_mean_20,99,0.02020202020202022
2019-06-19,amount_mean_20,99,0.02020202020202022
2019-06-20,amount_mean_20,99,0.04040404040404044
2019-06-21,amount_mean_20,99,0.010101010101010055
2019-06-24,amount_mean_20,99,0.010101010101010055
2019-06-25,amount_mean_20,99,0.02020202020202022
2019-06-26,amount_mean_20,99,0.02020202020202022
2019-06-27,amount_mean_20,98,0.02020202020202022
2019-06-28,amount_mean_20,91,0.15306122448979587
2019-07-01,amount_mean_20,91,0.02197802197802201
2019-07-02,amount_mean_20,91,0.0
2019-07-03,amount_mean_20,91,0.01098901098901095
2019-07-04,amount_mean_20,91,0.0
2019-07-05,amount_mean_20,91,0.01098901098901095
2019-07-08,amount_mean_20,91,0.02197802197802201
2019-07-09,amount_mean_20,91,0.01098901098901095
2019-07-10,amount_mean_20,91,0.03296703296703296
2019-07-11,amount_mean_20,91,0.02197802197802201
2019-07-12,amount_mean_20,91,0.03296703296703296
2019-07-15,amount_mean_20,91,0.02197802197802201
2019-07-16,amount_mean_20,91,0.02197802197802201
2019-07-17,amount_mean_20,91,0.02197802197802201
2019-07-18,amount_mean_20,91,0.0
2019-07-19,amount_mean_20,92,0.03296703296703296
2019-07-22,amount_mean_20,92,0.03260869565217395
2019-07-23,amount_mean_20,92,0.04347826086956519
2019-07-24,amount_mean_20,92,0.021739130434782594
2019-07-25,amount_mean_20,100,0.03260869565217395
2019-07-26,amount_mean_20,100,0.010000000000000009
2019-07-29,amount_mean_20,100,0.010000000000000009
2019-07-30,amount_mean_20,100,0.020000000000000018
2019-07-31,amount_mean_20,100,0.010000000000000009
2019-08-01,amount_mean_20,100,0.030000000000000027
2019-08-02,amount_mean_20,100,0.010000000000000009
2019-08-05,amount_mean_20,100,0.030000000000000027
2019-08-06,amount_mean_20,100,0.020000000000000018
2019-08-07,amount_mean_20,100,0.020000000000000018
2019-08-08,amount_mean_20,100,0.020000000000000018
2019-08-09,amount_mean_20,100,0.010000000000000009
2019-08-12,amount_mean_20,100,0.020000000000000018
2019-08-13,amount_mean_20,100,0.020000000000000018
2019-08-14,amount_mean_20,99,0.050000000000000044
2019-08-15,amount_mean_20,99,0.02020202020202022
2019-08-16,amount_mean_20,99,0.02020202020202022
2019-08-19,amount_mean_20,100,0.0
2019-08-20,amount_mean_20,100,0.030000000000000027
2019-08-21,amount_mean_20,100,0.020000000000000018
2019-08-22,amount_mean_20,100,0.020000000000000018
2019-08-23,amount_mean_20,100,0.020000000000000018
2019-08-26,amount_mean_20,100,0.020000000000000018
2019-08-27,amount_mean_20,100,0.020000000000000018
2019-08-28,amount_mean_20,100,0.020000000000000018
2019-08-29,amount_mean_20,100,0.010000000000000009
2019-08-30,amount_mean_20,100,0.020000000000000018
2019-09-02,amount_mean_20,100,0.020000000000000018
2019-09-03,amount_mean_20,100,0.030000000000000027
2019-09-04,amount_mean_20,100,0.020000000000000018
2019-09-05,amount_mean_20,100,0.020000000000000018
2019-09-06,amount_mean_20,100,0.020000000000000018
2019-09-09,amount_mean_20,100,0.030000000000000027
2019-09-10,amount_mean_20,100,0.010000000000000009
2019-09-11,amount_mean_20,100,0.030000000000000027
2019-09-12,amount_mean_20,100,0.010000000000000009
2019-09-16,amount_mean_20,100,0.020000000000000018
2019-09-17,amount_mean_20,100,0.020000000000000018
2019-09-18,amount_mean_20,100,0.020000000000000018
2019-09-19,amount_mean_20,100,0.010000000000000009
2019-09-20,amount_mean_20,100,0.040000000000000036
2019-09-23,amount_mean_20,100,0.020000000000000018
2019-09-24,amount_mean_20,100,0.010000000000000009
2019-09-25,amount_mean_20,100,0.020000000000000018
2019-09-26,amount_mean_20,100,0.020000000000000018
2019-09-27,amount_mean_20,99,0.020000000000000018
2019-09-30,amount_mean_20,99,0.02020202020202022
2019-10-08,amount_mean_20,99,0.02020202020202022
2019-10-09,amount_mean_20,99,0.010101010101010055
2019-10-10,amount_mean_20,99,0.02020202020202022
2019-10-11,amount_mean_20,99,0.010101010101010055
2019-10-14,amount_mean_20,99,0.030303030303030276
2019-10-15,amount_mean_20,99,0.02020202020202022
2019-10-16,amount_mean_20,99,0.030303030303030276
2019-10-17,amount_mean_20,99,0.030303030303030276
2019-10-18,amount_mean_20,99,0.030303030303030276
2019-10-21,amount_mean_20,99,0.010101010101010055
2019-10-22,amount_mean_20,99,0.02020202020202022
2019-10-23,amount_mean_20,99,0.02020202020202022
2019-10-24,amount_mean_20,99,0.02020202020202022
2019-10-25,amount_mean_20,99,0.02020202020202022
2019-10-28,amount_mean_20,99,0.02020202020202022
2019-10-29,amount_mean_20,99,0.030303030303030276
2019-10-30,amount_mean_20,99,0.010101010101010055
2019-10-31,amount_mean_20,99,0.02020202020202022
2019-11-01,amount_mean_20,99,0.010101010101010055
2019-11-04,amount_mean_20,99,0.030303030303030276
2019-11-05,amount_mean_20,99,0.010101010101010055
2019-11-06,amount_mean_20,99,0.010101010101010055
2019-11-07,amount_mean_20,99,0.02020202020202022
2019-11-08,amount_mean_20,99,0.02020202020202022
2019-11-11,amount_mean_20,99,0.02020202020202022
2019-11-12,amount_mean_20,99,0.02020202020202022
2019-11-13,amount_mean_20,99,0.02020202020202022
2019-11-14,amount_mean_20,99,0.010101010101010055
2019-11-15,amount_mean_20,99,0.02020202020202022
2019-11-18,amount_mean_20,100,0.010101010101010055
2019-11-19,amount_mean_20,100,0.040000000000000036
2019-11-20,amount_mean_20,100,0.020000000000000018
2019-11-21,amount_mean_20,100,0.030000000000000027
2019-11-22,amount_mean_20,100,0.010000000000000009
2019-11-25,amount_mean_20,99,0.030000000000000027
2019-11-26,amount_mean_20,99,0.04040404040404044
2019-11-27,amount_mean_20,100,0.04040404040404044
2019-11-28,amount_mean_20,100,0.0
2019-11-29,amount_mean_20,100,0.020000000000000018
2019-12-02,amount_mean_20,100,0.040000000000000036
2019-12-03,amount_mean_20,100,0.020000000000000018
2019-12-04,amount_mean_20,100,0.020000000000000018
2019-12-05,amount_mean_20,100,0.020000000000000018
2019-12-06,amount_mean_20,100,0.040000000000000036
2019-12-09,amount_mean_20,100,0.010000000000000009
2019-12-10,amount_mean_20,100,0.020000000000000018
2019-12-11,amount_mean_20,100,0.020000000000000018
2019-12-12,amount_mean_20,100,0.030000000000000027
2019-12-13,amount_mean_20,100,0.020000000000000018
2019-12-16,amount_mean_20,100,0.010000000000000009
2019-12-17,amount_mean_20,100,0.030000000000000027
2019-12-18,amount_mean_20,100,0.020000000000000018
2019-12-19,amount_mean_20,100,0.040000000000000036
2019-12-20,amount_mean_20,100,0.030000000000000027
2019-12-23,amount_mean_20,100,0.030000000000000027
2019-12-24,amount_mean_20,100,0.020000000000000018
2019-12-25,amount_mean_20,100,0.020000000000000018
2019-12-26,amount_mean_20,100,0.020000000000000018
2019-12-27,amount_mean_20,100,0.030000000000000027
2019-12-30,amount_mean_20,100,0.020000000000000018
2019-12-31,amount_mean_20,92,0.13
2020-01-02,amount_mean_20,92,0.021739130434782594
2020-01-03,amount_mean_20,92,0.010869565217391353
2020-01-06,amount_mean_20,91,0.04347826086956519
2020-01-07,amount_mean_20,91,0.01098901098901095
2020-01-08,amount_mean_20,91,0.03296703296703296
2020-01-09,amount_mean_20,91,0.03296703296703296
2020-01-10,amount_mean_20,92,0.02197802197802201
2020-01-13,amount_mean_20,92,0.03260869565217395
2020-01-14,amount_mean_20,92,0.04347826086956519
2020-01-15,amount_mean_20,92,0.03260869565217395
2020-01-16,amount_mean_20,92,0.021739130434782594
2020-01-17,amount_mean_20,92,0.021739130434782594
2020-01-20,amount_mean_20,92,0.010869565217391353
2020-01-21,amount_mean_20,92,0.04347826086956519
2020-01-22,amount_mean_20,92,0.021739130434782594
2020-01-23,amount_mean_20,92,0.021739130434782594
2020-02-03,amount_mean_20,92,0.03260869565217395
2020-02-04,amount_mean_20,92,0.021739130434782594
2020-02-05,amount_mean_20,100,0.010869565217391353
2020-02-06,amount_mean_20,100,0.040000000000000036
2020-02-07,amount_mean_20,100,0.050000000000000044
2020-02-10,amount_mean_20,100,0.050000000000000044
2020-02-11,amount_mean_20,100,0.020000000000000018
2020-02-12,amount_mean_20,100,0.020000000000000018
2020-02-13,amount_mean_20,100,0.030000000000000027
2020-02-14,amount_mean_20,100,0.020000000000000018
2020-02-17,amount_mean_20,100,0.030000000000000027
2020-02-18,amount_mean_20,100,0.010000000000000009
2020-02-19,amount_mean_20,100,0.0
2020-02-20,amount_mean_20,100,0.030000000000000027
2020-02-21,amount_mean_20,100,0.0
2020-02-24,amount_mean_20,100,0.020000000000000018
2020-02-25,amount_mean_20,100,0.030000000000000027
2020-02-26,amount_mean_20,100,0.020000000000000018
2020-02-27,amount_mean_20,100,0.020000000000000018
2020-02-28,amount_mean_20,100,0.010000000000000009
2020-03-02,amount_mean_20,100,0.020000000000000018
2020-03-03,amount_mean_20,100,0.020000000000000018
2020-03-04,amount_mean_20,100,0.030000000000000027
2020-03-05,amount_mean_20,100,0.030000000000000027
2020-03-06,amount_mean_20,100,0.020000000000000018
2020-03-09,amount_mean_20,100,0.020000000000000018
2020-03-10,amount_mean_20,100,0.010000000000000009
2020-03-11,amount_mean_20,100,0.020000000000000018
2020-03-12,amount_mean_20,100,0.010000000000000009
2020-03-13,amount_mean_20,100,0.0
2020-03-16,amount_mean_20,100,0.010000000000000009
2020-03-17,amount_mean_20,100,0.010000000000000009
2020-03-18,amount_mean_20,100,0.020000000000000018
2020-03-19,amount_mean_20,99,0.020000000000000018
2020-03-20,amount_mean_20,99,0.010101010101010055
2020-03-23,amount_mean_20,99,0.030303030303030276
2020-03-24,amount_mean_20,99,0.02020202020202022
2020-03-25,amount_mean_20,99,0.02020202020202022
2020-03-26,amount_mean_20,99,0.04040404040404044
2020-03-27,amount_mean_20,99,0.02020202020202022
2020-03-30,amount_mean_20,99,0.02020202020202022
2020-03-31,amount_mean_20,99,0.010101010101010055
2020-04-01,amount_mean_20,99,0.02020202020202022
2020-04-02,amount_mean_20,99,0.02020202020202022
2020-04-03,amount_mean_20,99,0.02020202020202022
2020-04-07,amount_mean_20,99,0.02020202020202022
2020-04-08,amount_mean_20,99,0.02020202020202022
2020-04-09,amount_mean_20,99,0.030303030303030276
2020-04-10,amount_mean_20,99,0.04040404040404044
2020-04-13,amount_mean_20,99,0.02020202020202022
2020-04-14,amount_mean_20,99,0.02020202020202022
2020-04-15,amount_mean_20,99,0.04040404040404044
2020-04-16,amount_mean_20,99,0.02020202020202022
2020-04-17,amount_mean_20,99,0.02020202020202022
2020-04-20,amount_mean_20,99,0.02020202020202022
2020-04-21,amount_mean_20,99,0.030303030303030276
2020-04-22,amount_mean_20,99,0.010101010101010055
2020-04-23,amount_mean_20,99,0.02020202020202022
2020-04-24,amount_mean_20,99,0.010101010101010055
2020-04-27,amount_mean_20,99,0.010101010101010055
2020-04-28,amount_mean_20,99,0.02020202020202022
2020-04-29,amount_mean_20,99,0.02020202020202022
2020-04-30,amount_mean_20,98,0.04040404040404044
2020-05-06,amount_mean_20,98,0.020408163265306145
2020-05-07,amount_mean_20,98,0.020408163265306145
2020-05-08,amount_mean_20,99,0.020408163265306145
2020-05-11,amount_mean_20,99,0.02020202020202022
2020-05-12,amount_mean_20,99,0.030303030303030276
2020-05-13,amount_mean_20,99,0.02020202020202022
2020-05-14,amount_mean_20,99,0.010101010101010055
2020-05-15,amount_mean_20,99,0.010101010101010055
2020-05-18,amount_mean_20,99,0.02020202020202022
2020-05-19,amount_mean_20,99,0.02020202020202022
2020-05-20,amount_mean_20,99,0.030303030303030276
2020-05-21,amount_mean_20,99,0.02020202020202022
2020-05-22,amount_mean_20,99,0.010101010101010055
2020-05-25,amount_mean_20,99,0.0
2020-05-26,amount_mean_20,99,0.02020202020202022
2020-05-27,amount_mean_20,99,0.010101010101010055
2020-05-28,amount_mean_20,99,0.02020202020202022
2020-05-29,amount_mean_20,99,0.030303030303030276
2020-06-01,amount_mean_20,99,0.010101010101010055
2020-06-02,amount_mean_20,99,0.02020202020202022
2020-06-03,amount_mean_20,99,0.010101010101010055
2020-06-04,amount_mean_20,99,0.0
2020-06-05,amount_mean_20,99,0.02020202020202022
2020-06-08,amount_mean_20,99,0.02020202020202022
2020-06-09,amount_mean_20,99,0.010101010101010055
2020-06-10,amount_mean_20,99,0.010101010101010055
2020-06-11,amount_mean_20,99,0.02020202020202022
2020-06-12,amount_mean_20,99,0.010101010101010055
2020-06-15,amount_mean_20,99,0.030303030303030276
2020-06-16,amount_mean_20,99,0.030303030303030276
2020-06-17,amount_mean_20,99,0.0505050505050505
2020-06-18,amount_mean_20,99,0.030303030303030276
2020-06-19,amount_mean_20,99,0.010101010101010055
2020-06-22,amount_mean_20,99,0.04040404040404044
2020-06-23,amount_mean_20,98,0.030303030303030276
2020-06-24,amount_mean_20,98,0.010204081632653073
2020-06-29,amount_mean_20,98,0.030612244897959218
2020-06-30,amount_mean_20,90,0.15306122448979587
2020-07-01,amount_mean_20,90,0.033333333333333326
2020-07-02,amount_mean_20,90,0.011111111111111072
2020-07-03,amount_mean_20,90,0.05555555555555558
2020-07-06,amount_mean_20,90,0.022222222222222254
2020-07-07,amount_mean_20,90,0.022222222222222254
2020-07-08,amount_mean_20,90,0.033333333333333326
2020-07-09,amount_mean_20,90,0.0444444444444444
2020-07-10,amount_mean_20,90,0.022222222222222254
2020-07-13,amount_mean_20,90,0.022222222222222254
2020-07-14,amount_mean_20,90,0.022222222222222254
2020-07-15,amount_mean_20,90,0.011111111111111072
2020-07-16,amount_mean_20,90,0.033333333333333326
2020-07-17,amount_mean_20,90,0.022222222222222254
2020-07-20,amount_mean_20,90,0.022222222222222254
2020-07-21,amount_mean_20,90,0.011111111111111072
2020-07-22,amount_mean_20,90,0.022222222222222254
2020-07-23,amount_mean_20,90,0.011111111111111072
2020-07-24,amount_mean_20,90,0.033333333333333326
2020-07-27,amount_mean_20,99,0.022222222222222254
2020-07-28,amount_mean_20,99,0.010101010101010055
2020-07-29,amount_mean_20,99,0.02020202020202022
2020-07-30,amount_mean_20,99,0.0
2020-07-31,amount_mean_20,99,0.0
2017-02-07,amount_std_20,91,0.02197802197802201
2017-02-08,amount_std_20,91,0.05494505494505497
2017-02-09,amount_std_20,91,0.09890109890109888
2017-02-10,amount_std_20,91,0.08791208791208793
2017-02-13,amount_std_20,91,0.07692307692307687
2017-02-14,amount_std_20,91,0.08791208791208793
2017-02-15,amount_std_20,91,0.07692307692307687
2017-02-16,amount_std_20,92,0.05494505494505497
2017-02-17,amount_std_20,91,0.05434782608695654
2017-02-20,amount_std_20,90,0.13186813186813184
2017-02-21,amount_std_20,90,0.0444444444444444
2017-02-22,amount_std_20,90,0.06666666666666665
2017-02-23,amount_std_20,90,0.07777777777777772
2017-02-24,amount_std_20,90,0.0444444444444444
2017-02-27,amount_std_20,90,0.0444444444444444
2017-02-28,amount_std_20,91,0.033333333333333326
2017-03-01,amount_std_20,91,0.05494505494505497
2017-03-02,amount_std_20,91,0.04395604395604391
2017-03-03,amount_std_20,91,0.02197802197802201
2017-03-06,amount_std_20,90,0.06593406593406592
2017-03-07,amount_std_20,91,0.05555555555555558
2017-03-08,amount_std_20,91,0.02197802197802201
2017-03-09,amount_std_20,91,0.05494505494505497
2017-03-10,amount_std_20,91,0.05494505494505497
2017-03-13,amount_std_20,91,0.04395604395604391
2017-03-14,amount_std_20,91,0.05494505494505497
2017-03-15,amount_std_20,91,0.06593406593406592
2017-03-16,amount_std_20,91,0.03296703296703296
2017-03-17,amount_std_20,91,0.03296703296703296
2017-03-20,amount_std_20,91,0.05494505494505497
2017-03-21,amount_std_20,92,0.02197802197802201
2017-03-22,amount_std_20,92,0.07608695652173914
2017-03-23,amount_std_20,92,0.08695652173913049
2017-03-24,amount_std_20,93,0.06521739130434778
2017-03-27,amount_std_20,93,0.043010752688172005
2017-03-28,amount_std_20,92,0.053763440860215006
2017-03-29,amount_std_20,92,0.05434782608695654
2017-03-30,amount_std_20,92,0.04347826086956519
2017-03-31,amount_std_20,92,0.05434782608695654
2017-04-05,amount_std_20,91,0.14130434782608692
2017-04-06,amount_std_20,91,0.08791208791208793
2017-04-07,amount_std_20,91,0.05494505494505497
2017-04-10,amount_std_20,91,0.06593406593406592
2017-04-11,amount_std_20,91,0.07692307692307687
2017-04-12,amount_std_20,91,0.09890109890109888
2017-04-13,amount_std_20,89,0.06593406593406592
2017-04-14,amount_std_20,89,0.0449438202247191
2017-04-17,amount_std_20,89,0.0449438202247191
2017-04-18,amount_std_20,89,0.0337078651685393
2017-04-19,amount_std_20,89,0.0449438202247191
2017-04-20,amount_std_20,89,0.0337078651685393
2017-04-21,amount_std_20,88,0.0449438202247191
2017-04-24,amount_std_20,88,0.03409090909090906
2017-04-25,amount_std_20,88,0.045454545454545414
2017-04-26,amount_std_20,88,0.03409090909090906
2017-04-27,amount_std_20,88,0.03409090909090906
2017-04-28,amount_std_20,87,0.045454545454545414
2017-05-02,amount_std_20,87,0.02298850574712641
2017-05-03,amount_std_20,87,0.03448275862068961
2017-05-04,amount_std_20,87,0.08045977011494254
2017-05-05,amount_std_20,87,0.05747126436781613
2017-05-08,amount_std_20,87,0.04597701149425293
2017-05-09,amount_std_20,87,0.04597701149425293
2017-05-10,amount_std_20,88,0.11494252873563215
2017-05-11,amount_std_20,88,0.15909090909090906
2017-05-12,amount_std_20,88,0.125
2017-05-15,amount_std_20,89,0.10227272727272729
2017-05-16,amount_std_20,89,0.0674157303370787
2017-05-17,amount_std_20,89,0.0674157303370787
2017-05-18,amount_std_20,89,0.0674157303370787
2017-05-19,amount_std_20,89,0.0786516853932584
2017-05-22,amount_std_20,90,0.0337078651685393
2017-05-23,amount_std_20,90,0.033333333333333326
2017-05-24,amount_std_20,90,0.0444444444444444
2017-05-25,amount_std_20,90,0.0444444444444444
2017-05-26,amount_std_20,90,0.06666666666666665
2017-05-31,amount_std_20,90,0.0444444444444444
2017-06-01,amount_std_20,90,0.033333333333333326
2017-06-02,amount_std_20,91,0.05555555555555558
2017-06-05,amount_std_20,90,0.07692307692307687
2017-06-06,amount_std_20,90,0.033333333333333326
2017-06-07,amount_std_20,91,0.0444444444444444
2017-06-08,amount_std_20,91,0.03296703296703296
2017-06-09,amount_std_20,91,0.03296703296703296
2017-06-12,amount_std_20,91,0.04395604395604391
2017-06-13,amount_std_20,91,0.06593406593406592
2017-06-14,amount_std_20,92,0.05494505494505497
2017-06-15,amount_std_20,91,0.08695652173913049
2017-06-16,amount_std_20,91,0.07692307692307687
2017-06-19,amount_std_20,91,0.02197802197802201
2017-06-20,amount_std_20,91,0.07692307692307687
2017-06-21,amount_std_20,91,0.02197802197802201
2017-06-22,amount_std_20,91,0.05494505494505497
2017-06-23,amount_std_20,91,0.03296703296703296
2017-06-26,amount_std_20,91,0.09890109890109888
2017-06-27,amount_std_20,91,0.07692307692307687
2017-06-28,amount_std_20,91,0.06593406593406592
2017-06-29,amount_std_20,91,0.04395604395604391
2017-06-30,amount_std_20,83,0.13186813186813184
2017-07-03,amount_std_20,83,0.08433734939759041
2017-07-04,amount_std_20,83,0.06024096385542166
2017-07-05,amount_std_20,83,0.07228915662650603
2017-07-06,amount_std_20,83,0.06024096385542166
2017-07-07,amount_std_20,83,0.07228915662650603
2017-07-10,amount_std_20,84,0.07228915662650603
2017-07-11,amount_std_20,84,0.023809523809523836
2017-07-12,amount_std_20,84,0.059523809523809534
2017-07-13,amount_std_20,84,0.04761904761904767
2017-07-14,amount_std_20,84,0.0357142857142857
2017-07-17,amount_std_20,84,0.059523809523809534
2017-07-18,amount_std_20,83,0.059523809523809534
2017-07-19,amount_std_20,83,0.07228915662650603
2017-07-20,amount_std_20,84,0.06024096385542166
2017-07-21,amount_std_20,83,0.04761904761904767
2017-07-24,amount_std_20,83,0.048192771084337394
2017-07-25,amount_std_20,83,0.06024096385542166
2017-07-26,amount_std_20,83,0.03614457831325302
2017-07-27,amount_std_20,92,0.048192771084337394
2017-07-28,amount_std_20,93,0.03260869565217395
2017-07-31,amount_std_20,92,0.08602150537634412
2017-08-01,amount_std_20,92,0.05434782608695654
2017-08-02,amount_std_20,92,0.06521739130434778
2017-08-03,amount_std_20,92,0.03260869565217395
2017-08-04,amount_std_20,92,0.03260869565217395
2017-08-07,amount_std_20,92,0.03260869565217395
2017-08-08,amount_std_20,92,0.03260869565217395
2017-08-09,amount_std_20,92,0.03260869565217395
2017-08-10,amount_std_20,91,0.03260869565217395
2017-08-11,amount_std_20,91,0.04395604395604391
2017-08-14,amount_std_20,92,0.03296703296703296
2017-08-15,amount_std_20,92,0.03260869565217395
2017-08-16,amount_std_20,92,0.010869565217391353
2017-08-17,amount_std_20,91,0.04347826086956519
2017-08-18,amount_std_20,92,0.02197802197802201
2017-08-21,amount_std_20,92,0.04347826086956519
2017-08-22,amount_std_20,92,0.04347826086956519
2017-08-23,amount_std_20,92,0.04347826086956519
2017-08-24,amount_std_20,91,0.010869565217391353
2017-08-25,amount_std_20,91,0.01098901098901095
2017-08-28,amount_std_20,92,0.05494505494505497
2017-08-29,amount_std_20,93,0.04347826086956519
2017-08-30,amount_std_20,93,0.053763440860215006
2017-08-31,amount_std_20,93,0.043010752688172005
2017-09-01,amount_std_20,93,0.07526881720430112
2017-09-04,amount_std_20,93,0.06451612903225812
2017-09-05,amount_std_20,93,0.08602150537634412
2017-09-06,amount_std_20,94,0.043010752688172005
2017-09-07,amount_std_20,93,0.04255319148936165
2017-09-08,amount_std_20,93,0.06451612903225812
2017-09-11,amount_std_20,93,0.053763440860215006
2017-09-12,amount_std_20,93,0.06451612903225812
2017-09-13,amount_std_20,94,0.010752688172043001
2017-09-14,amount_std_20,94,0.05319148936170215
2017-09-15,amount_std_20,94,0.03191489361702127
2017-09-18,amount_std_20,94,0.021276595744680882
2017-09-19,amount_std_20,94,0.021276595744680882
2017-09-20,amount_std_20,94,0.05319148936170215
2017-09-21,amount_std_20,93,0.03191489361702127
2017-09-22,amount_std_20,93,0.010752688172043001
2017-09-25,amount_std_20,93,0.010752688172043001
2017-09-26,amount_std_20,93,0.010752688172043001
2017-09-27,amount_std_20,93,0.021505376344086002
2017-09-28,amount_std_20,93,0.010752688172043001
2017-09-29,amount_std_20,93,0.043010752688172005
2017-10-09,amount_std_20,93,0.08602150537634412
2017-10-10,amount_std_20,93,0.021505376344086002
2017-10-11,amount_std_20,93,0.06451612903225812
2017-10-12,amount_std_20,93,0.021505376344086002
2017-10-13,amount_std_20,94,0.053763440860215006
2017-10-16,amount_std_20,94,0.04255319148936165
2017-10-17,amount_std_20,94,0.05319148936170215
2017-10-18,amount_std_20,94,0.03191489361702127
2017-10-19,amount_std_20,94,0.06382978723404253
2017-10-20,amount_std_20,94,0.07446808510638303
2017-10-23,amount_std_20,94,0.03191489361702127
2017-10-24,amount_std_20,94,0.04255319148936165
2017-10-25,amount_std_20,94,0.04255319148936165
2017-10-26,amount_std_20,94,0.07446808510638303
2017-10-27,amount_std_20,94,0.04255319148936165
2017-10-30,amount_std_20,93,0.05319148936170215
2017-10-31,amount_std_20,94,0.021505376344086002
2017-11-01,amount_std_20,93,0.05319148936170215
2017-11-02,amount_std_20,94,0.021505376344086002
2017-11-03,amount_std_20,94,0.05319148936170215
2017-11-06,amount_std_20,94,0.07446808510638303
2017-11-07,amount_std_20,94,0.06382978723404253
2017-11-08,amount_std_20,94,0.05319148936170215
2017-11-09,amount_std_20,94,0.06382978723404253
2017-11-10,amount_std_20,94,0.06382978723404253
2017-11-13,amount_std_20,94,0.06382978723404253
2017-11-14,amount_std_20,94,0.04255319148936165
2017-11-15,amount_std_20,94,0.03191489361702127
2017-11-16,amount_std_20,94,0.03191489361702127
2017-11-17,amount_std_20,94,0.010638297872340385
2017-11-20,amount_std_20,94,0.03191489361702127
2017-11-21,amount_std_20,94,0.03191489361702127
2017-11-22,amount_std_20,93,0.021276595744680882
2017-11-23,amount_std_20,93,0.032258064516129004
2017-11-24,amount_std_20,92,0.053763440860215006
2017-11-27,amount_std_20,92,0.03260869565217395
2017-11-28,amount_std_20,92,0.03260869565217395
2017-11-29,amount_std_20,92,0.05434782608695654
2017-11-30,amount_std_20,92,0.021739130434782594
2017-12-01,amount_std_20,92,0.021739130434782594
2017-12-04,amount_std_20,92,0.05434782608695654
2017-12-05,amount_std_20,92,0.03260869565217395
2017-12-06,amount_std_20,92,0.03260869565217395
2017-12-07,amount_std_20,92,0.05434782608695654
2017-12-08,amount_std_20,92,0.05434782608695654
2017-12-11,amount_std_20,92,0.04347826086956519
2017-12-12,amount_std_20,91,0.05434782608695654
2017-12-13,amount_std_20,91,0.04395604395604391
2017-12-14,amount_std_20,91,0.02197802197802201
2017-12-15,amount_std_20,91,0.04395604395604391
2017-12-18,amount_std_20,91,0.02197802197802201
2017-12-19,amount_std_20,90,0.04395604395604391
2017-12-20,amount_std_20,90,0.05555555555555558
2017-12-21,amount_std_20,90,0.05555555555555558
2017-12-22,amount_std_20,90,0.05555555555555558
2017-12-25,amount_std_20,90,0.022222222222222254
2017-12-26,amount_std_20,90,0.05555555555555558
2017-12-27,amount_std_20,90,0.0444444444444444
2017-12-28,amount_std_20,90,0.06666666666666665
2017-12-29,amount_std_20,81,0.12222222222222223
2018-01-02,amount_std_20,80,0.07407407407407407
2018-01-03,amount_std_20,81,0.0625
2018-01-04,amount_std_20,81,0.03703703703703709
2018-01-05,amount_std_20,81,0.09876543209876543
2018-01-08,amount_std_20,81,0.0864197530864198
2018-01-09,amount_std_20,81,0.012345679012345734
2018-01-10,amount_std_20,81,0.06172839506172845
2018-01-11,amount_std_20,82,0.024691358024691357
2018-01-12,amount_std_20,81,0.012195121951219523
2018-01-15,amount_std_20,81,0.04938271604938271
2018-01-16,amount_std_20,81,0.024691358024691357
2018-01-17,amount_std_20,82,0.03703703703703709
2018-01-18,amount_std_20,81,0.04878048780487809
2018-01-19,amount_std_20,81,0.06172839506172845
2018-01-22,amount_std_20,81,0.024691358024691357
2018-01-23,amount_std_20,81,0.03703703703703709
2018-01-24,amount_std_20,81,0.04938271604938271
2018-01-25,amount_std_20,81,0.07407407407407407
2018-01-26,amount_std_20,90,0.0864197530864198
2018-01-29,amount_std_20,90,0.022222222222222254
2018-01-30,amount_std_20,90,0.05555555555555558
2018-01-31,amount_std_20,90,0.033333333333333326
2018-02-01,amount_std_20,90,0.0444444444444444
2018-02-02,amount_std_20,89,0.05555555555555558
2018-02-05,amount_std_20,88,0.0449438202247191
2018-02-06,amount_std_20,89,0.022727272727272707
2018-02-07,amount_std_20,89,0.0337078651685393
2018-02-08,amount_std_20,88,0.011235955056179803
2018-02-09,amount_std_20,89,0.03409090909090906
2018-02-12,amount_std_20,89,0.0449438202247191
2018-02-13,amount_std_20,89,0.0449438202247191
2018-02-14,amount_std_20,89,0.0674157303370787
2018-02-22,amount_std_20,89,0.011235955056179803
2018-02-23,amount_std_20,89,0.0449438202247191
2018-02-26,amount_std_20,89,0.0449438202247191
2018-02-27,amount_std_20,89,0.0449438202247191
2018-02-28,amount_std_20,89,0.0786516853932584
2018-03-01,amount_std_20,89,0.0337078651685393
2018-03-02,amount_std_20,89,0.0561797752808989
2018-03-05,amount_std_20,89,0.0337078651685393
2018-03-06,amount_std_20,89,0.0337078651685393
2018-03-07,amount_std_20,90,0.0449438202247191
2018-03-08,amount_std_20,90,0.05555555555555558
2018-03-09,amount_std_20,90,0.0444444444444444
2018-03-12,amount_std_20,89,0.06666666666666665
2018-03-13,amount_std_20,89,0.0674157303370787
2018-03-14,amount_std_20,90,0.0449438202247191
2018-03-15,amount_std_20,90,0.033333333333333326
2018-03-16,amount_std_20,90,0.0444444444444444
2018-03-19,amount_std_20,90,0.011111111111111072
2018-03-20,amount_std_20,90,0.0444444444444444
2018-03-21,amount_std_20,90,0.05555555555555558
2018-03-22,amount_std_20,90,0.033333333333333326
2018-03-23,amount_std_20,91,0.07777777777777772
2018-03-26,amount_std_20,91,0.07692307692307687
2018-03-27,amount_std_20,90,0.05494505494505497
2018-03-28,amount_std_20,90,0.033333333333333326
2018-03-29,amount_std_20,90,0.0444444444444444
2018-03-30,amount_std_20,90,0.011111111111111072
2018-04-02,amount_std_20,90,0.07777777777777772
2018-04-03,amount_std_20,90,0.0444444444444444
2018-04-04,amount_std_20,90,0.011111111111111072
2018-04-09,amount_std_20,90,0.05555555555555558
2018-04-10,amount_std_20,90,0.05555555555555558
2018-04-11,amount_std_20,90,0.07777777777777772
2018-04-12,amount_std_20,90,0.06666666666666665
2018-04-13,amount_std_20,91,0.033333333333333326
2018-04-16,amount_std_20,90,0.05494505494505497
2018-04-17,amount_std_20,91,0.05555555555555558
2018-04-18,amount_std_20,91,0.02197802197802201
2018-04-19,amount_std_20,91,0.05494505494505497
2018-04-20,amount_std_20,91,0.05494505494505497
2018-04-23,amount_std_20,91,0.04395604395604391
2018-04-24,amount_std_20,91,0.06593406593406592
2018-04-25,amount_std_20,91,0.04395604395604391
2018-04-26,amount_std_20,90,0.09890109890109888
2018-04-27,amount_std_20,91,0.033333333333333326
2018-05-02,amount_std_20,90,0.04395604395604391
2018-05-03,amount_std_20,90,0.0444444444444444
2018-05-04,amount_std_20,91,0.05555555555555558
2018-05-07,amount_std_20,91,0.08791208791208793
2018-05-08,amount_std_20,91,0.02197802197802201
2018-05-09,amount_std_20,91,0.02197802197802201
2018-05-10,amount_std_20,91,0.04395604395604391
2018-05-11,amount_std_20,91,0.03296703296703296
2018-05-14,amount_std_20,91,0.03296703296703296
2018-05-15,amount_std_20,91,0.02197802197802201
2018-05-16,amount_std_20,91,0.06593406593406592
2018-05-17,amount_std_20,92,0.06593406593406592
2018-05-18,amount_std_20,91,0.04347826086956519
2018-05-21,amount_std_20,91,0.04395604395604391
2018-05-22,amount_std_20,91,0.01098901098901095
2018-05-23,amount_std_20,91,0.03296703296703296
2018-05-24,amount_std_20,91,0.05494505494505497
2018-05-25,amount_std_20,92,0.03296703296703296
2018-05-28,amount_std_20,92,0.06521739130434778
2018-05-29,amount_std_20,92,0.03260869565217395
2018-05-30,amount_std_20,92,0.03260869565217395
2018-05-31,amount_std_20,91,0.05434782608695654
2018-06-01,amount_std_20,91,0.02197802197802201
2018-06-04,amount_std_20,91,0.04395604395604391
2018-06-05,amount_std_20,91,0.04395604395604391
2018-06-06,amount_std_20,91,0.03296703296703296
2018-06-07,amount_std_20,90,0.02197802197802201
2018-06-08,amount_std_20,91,0.0444444444444444
2018-06-11,amount_std_20,91,0.03296703296703296
2018-06-12,amount_std_20,91,0.02197802197802201
2018-06-13,amount_std_20,91,0.03296703296703296
2018-06-14,amount_std_20,91,0.04395604395604391
2018-06-15,amount_std_20,91,0.04395604395604391
2018-06-19,amount_std_20,90,0.07692307692307687
2018-06-20,amount_std_20,90,0.0444444444444444
2018-06-21,amount_std_20,90,0.09999999999999998
2018-06-22,amount_std_20,90,0.0444444444444444
2018-06-25,amount_std_20,90,0.033333333333333326
2018-06-26,amount_std_20,90,0.033333333333333326
2018-06-27,amount_std_20,90,0.06666666666666665
2018-06-28,amount_std_20,90,0.0888888888888889
2018-06-29,amount_std_20,81,0.24444444444444446
2018-07-02,amount_std_20,81,0.012345679012345734
2018-07-03,amount_std_20,81,0.04938271604938271
2018-07-04,amount_std_20,81,0.012345679012345734
2018-07-05,amount_std_20,82,0.06172839506172845
2018-07-06,amount_std_20,82,0.07317073170731703
2018-07-09,amount_std_20,82,0.03658536585365857
2018-07-10,amount_std_20,82,0.04878048780487809
2018-07-11,amount_std_20,83,0.04878048780487809
2018-07-12,amount_std_20,83,0.06024096385542166
2018-07-13,amount_std_20,83,0.048192771084337394
2018-07-16,amount_std_20,83,0.03614457831325302
2018-07-17,amount_std_20,83,0.07228915662650603
2018-07-18,amount_std_20,83,0.048192771084337394
2018-07-19,amount_std_20,83,0.06024096385542166
2018-07-20,amount_std_20,83,0.03614457831325302
2018-07-23,amount_std_20,84,0.08433734939759041
2018-07-24,amount_std_20,84,0.0714285714285714
2018-07-25,amount_std_20,84,0.04761904761904767
2018-07-26,amount_std_20,93,0.04761904761904767
2018-07-27,amount_std_20,94,0.043010752688172005
2018-07-30,amount_std_20,94,0.03191489361702127
2018-07-31,amount_std_20,94,0.03191489361702127
2018-08-01,amount_std_20,94,0.021276595744680882
2018-08-02,amount_std_20,94,0.03191489361702127
2018-08-03,amount_std_20,94,0.04255319148936165
2018-08-06,amount_std_20,94,0.010638297872340385
2018-08-07,amount_std_20,94,0.04255319148936165
2018-08-08,amount_std_20,94,0.03191489361702127
2018-08-09,amount_std_20,94,0.010638297872340385
2018-08-10,amount_std_20,95,0.04255319148936165
2018-08-13,amount_std_20,94,0.021052631578947323
2018-08-14,amount_std_20,94,0.03191489361702127
2018-08-15,amount_std_20,94,0.04255319148936165
2018-08-16,amount_std_20,94,0.05319148936170215
2018-08-17,amount_std_20,94,0.010638297872340385
2018-08-20,amount_std_20,94,0.04255319148936165
2018-08-21,amount_std_20,95,0.08510638297872342
2018-08-22,amount_std_20,95,0.052631578947368474
2018-08-23,amount_std_20,95,0.03157894736842104
2018-08-24,amount_std_20,95,0.0736842105263158
2018-08-27,amount_std_20,95,0.04210526315789476
2018-08-28,amount_std_20,95,0.052631578947368474
2018-08-29,amount_std_20,95,0.052631578947368474
2018-08-30,amount_std_20,95,0.08421052631578951
2018-08-31,amount_std_20,95,0.021052631578947323
2018-09-03,amount_std_20,95,0.021052631578947323
2018-09-04,amount_std_20,95,0.06315789473684208
2018-09-05,amount_std_20,95,0.04210526315789476
2018-09-06,amount_std_20,95,0.03157894736842104
2018-09-07,amount_std_20,95,0.021052631578947323
2018-09-10,amount_std_20,95,0.03157894736842104
2018-09-11,amount_std_20,95,0.04210526315789476
2018-09-12,amount_std_20,95,0.021052631578947323
2018-09-13,amount_std_20,95,0.021052631578947323
2018-09-14,amount_std_20,95,0.03157894736842104
2018-09-17,amount_std_20,95,0.03157894736842104
2018-09-18,amount_std_20,95,0.04210526315789476
2018-09-19,amount_std_20,95,0.04210526315789476
2018-09-20,amount_std_20,95,0.03157894736842104
2018-09-21,amount_std_20,95,0.04210526315789476
2018-09-25,amount_std_20,95,0.03157894736842104
2018-09-26,amount_std_20,95,0.06315789473684208
2018-09-27,amount_std_20,95,0.03157894736842104
2018-09-28,amount_std_20,95,0.021052631578947323
2018-10-08,amount_std_20,95,0.06315789473684208
2018-10-09,amount_std_20,95,0.010526315789473717
2018-10-10,amount_std_20,95,0.04210526315789476
2018-10-11,amount_std_20,95,0.03157894736842104
2018-10-12,amount_std_20,95,0.04210526315789476
2018-10-15,amount_std_20,95,0.04210526315789476
2018-10-16,amount_std_20,95,0.010526315789473717
2018-10-17,amount_std_20,95,0.03157894736842104
2018-10-18,amount_std_20,95,0.03157894736842104
2018-10-19,amount_std_20,95,0.052631578947368474
2018-10-22,amount_std_20,95,0.06315789473684208
2018-10-23,amount_std_20,95,0.03157894736842104
2018-10-24,amount_std_20,95,0.052631578947368474
2018-10-25,amount_std_20,95,0.03157894736842104
2018-10-26,amount_std_20,95,0.04210526315789476
2018-10-29,amount_std_20,95,0.021052631578947323
2018-10-30,amount_std_20,95,0.03157894736842104
2018-10-31,amount_std_20,95,0.052631578947368474
2018-11-01,amount_std_20,95,0.06315789473684208
2018-11-02,amount_std_20,95,0.0736842105263158
2018-11-05,amount_std_20,96,0.04210526315789476
2018-11-06,amount_std_20,96,0.05208333333333337
2018-11-07,amount_std_20,96,0.04166666666666663
2018-11-08,amount_std_20,96,0.05208333333333337
2018-11-09,amount_std_20,96,0.03125
2018-11-12,amount_std_20,96,0.04166666666666663
2018-11-13,amount_std_20,96,0.07291666666666663
2018-11-14,amount_std_20,96,0.07291666666666663
2018-11-15,amount_std_20,96,0.0625
2018-11-16,amount_std_20,96,0.05208333333333337
2018-11-19,amount_std_20,96,0.0625
2018-11-20,amount_std_20,96,0.07291666666666663
2018-11-21,amount_std_20,96,0.01041666666666663
2018-11-22,amount_std_20,97,0.03125
2018-11-23,amount_std_20,97,0.030927835051546393
2018-11-26,amount_std_20,97,0.030927835051546393
2018-11-27,amount_std_20,97,0.030927835051546393
2018-11-28,amount_std_20,97,0.030927835051546393
2018-11-29,amount_std_20,98,0.04123711340206182
2018-11-30,amount_std_20,98,0.0714285714285714
2018-12-03,amount_std_20,98,0.030612244897959218
2018-12-04,amount_std_20,98,0.04081632653061229
2018-12-05,amount_std_20,98,0.030612244897959218
2018-12-06,amount_std_20,98,0.020408163265306145
2018-12-07,amount_std_20,98,0.04081632653061229
2018-12-10,amount_std_20,99,0.010204081632653073
2018-12-11,amount_std_20,99,0.0505050505050505
2018-12-12,amount_std_20,99,0.04040404040404044
2018-12-13,amount_std_20,99,0.06060606060606055
2018-12-14,amount_std_20,99,0.09090909090909094
2018-12-17,amount_std_20,99,0.07070707070707072
2018-12-18,amount_std_20,99,0.11111111111111116
2018-12-19,amount_std_20,99,0.0505050505050505
2018-12-20,amount_std_20,99,0.030303030303030276
2018-12-21,amount_std_20,99,0.0505050505050505
2018-12-24,amount_std_20,99,0.030303030303030276
2018-12-25,amount_std_20,99,0.030303030303030276
2018-12-26,amount_std_20,99,0.04040404040404044
2018-12-27,amount_std_20,99,0.0505050505050505
2018-12-28,amount_std_20,90,0.12121212121212122
2019-01-02,amount_std_20,90,0.09999999999999998
2019-01-03,amount_std_20,90,0.06666666666666665
2019-01-04,amount_std_20,90,0.06666666666666665
2019-01-07,amount_std_20,90,0.07777777777777772
2019-01-08,amount_std_20,90,0.06666666666666665
2019-01-09,amount_std_20,90,0.07777777777777772
2019-01-10,amount_std_20,90,0.0444444444444444
2019-01-11,amount_std_20,90,0.033333333333333326
2019-01-14,amount_std_20,90,0.05555555555555558
2019-01-15,amount_std_20,90,0.05555555555555558
2019-01-16,amount_std_20,90,0.05555555555555558
2019-01-17,amount_std_20,90,0.0444444444444444
2019-01-18,amount_std_20,90,0.0888888888888889
2019-01-21,amount_std_20,91,0.033333333333333326
2019-01-22,amount_std_20,91,0.03296703296703296
2019-01-23,amount_std_20,90,0.05494505494505497
2019-01-24,amount_std_20,90,0.0444444444444444
2019-01-25,amount_std_20,90,0.022222222222222254
2019-01-28,amount_std_20,99,0.07777777777777772
2019-01-29,amount_std_20,100,0.02020202020202022
2019-01-30,amount_std_20,100,0.030000000000000027
2019-01-31,amount_std_20,100,0.040000000000000036
2019-02-01,amount_std_20,99,0.040000000000000036
2019-02-11,amount_std_20,99,0.08080808080808077
2019-02-12,amount_std_20,99,0.06060606060606055
2019-02-13,amount_std_20,100,0.07070707070707072
2019-02-14,amount_std_20,100,0.06999999999999995
2019-02-15,amount_std_20,100,0.050000000000000044
2019-02-18,amount_std_20,100,0.06999999999999995
2019-02-19,amount_std_20,100,0.10999999999999999
2019-02-20,amount_std_20,99,0.07999999999999996
2019-02-21,amount_std_20,99,0.06060606060606055
2019-02-22,amount_std_20,99,0.0505050505050505
2019-02-25,amount_std_20,99,0.101010101010101
2019-02-26,amount_std_20,99,0.06060606060606055
2019-02-27,amount_std_20,99,0.0505050505050505
2019-02-28,amount_std_20,99,0.04040404040404044
2019-03-01,amount_std_20,99,0.030303030303030276
2019-03-04,amount_std_20,99,0.04040404040404044
2019-03-05,amount_std_20,99,0.0505050505050505
2019-03-06,amount_std_20,99,0.09090909090909094
2019-03-07,amount_std_20,99,0.04040404040404044
2019-03-08,amount_std_20,99,0.06060606060606055
2019-03-11,amount_std_20,99,0.04040404040404044
2019-03-12,amount_std_20,99,0.0505050505050505
2019-03-13,amount_std_20,99,0.02020202020202022
2019-03-14,amount_std_20,99,0.02020202020202022
2019-03-15,amount_std_20,99,0.02020202020202022
2019-03-18,amount_std_20,99,0.04040404040404044
2019-03-19,amount_std_20,99,0.0505050505050505
2019-03-20,amount_std_20,99,0.02020202020202022
2019-03-21,amount_std_20,99,0.010101010101010055
2019-03-22,amount_std_20,99,0.04040404040404044
2019-03-25,amount_std_20,99,0.0505050505050505
2019-03-26,amount_std_20,99,0.030303030303030276
2019-03-27,amount_std_20,99,0.04040404040404044
2019-03-28,amount_std_20,99,0.030303030303030276
2019-03-29,amount_std_20,99,0.010101010101010055
2019-04-01,amount_std_20,99,0.04040404040404044
2019-04-02,amount_std_20,99,0.04040404040404044
2019-04-03,amount_std_20,99,0.04040404040404044
2019-04-04,amount_std_20,98,0.06060606060606055
2019-04-08,amount_std_20,98,0.11224489795918369
2019-04-09,amount_std_20,98,0.05102040816326525
2019-04-10,amount_std_20,98,0.0714285714285714
2019-04-11,amount_std_20,98,0.05102040816326525
2019-04-12,amount_std_20,98,0.04081632653061229
2019-04-15,amount_std_20,98,0.020408163265306145
2019-04-16,amount_std_20,98,0.020408163265306145
2019-04-17,amount_std_20,98,0.020408163265306145
2019-04-18,amount_std_20,98,0.05102040816326525
2019-04-19,amount_std_20,98,0.05102040816326525
2019-04-22,amount_std_20,98,0.05102040816326525
2019-04-23,amount_std_20,98,0.05102040816326525
2019-04-24,amount_std_20,98,0.030612244897959218
2019-04-25,amount_std_20,98,0.061224489795918324
2019-04-26,amount_std_20,98,0.030612244897959218
2019-04-29,amount_std_20,98,0.030612244897959218
2019-04-30,amount_std_20,97,0.04081632653061229
2019-05-06,amount_std_20,97,0.08247422680412375
2019-05-07,amount_std_20,98,0.04123711340206182
2019-05-08,amount_std_20,98,0.08163265306122447
2019-05-09,amount_std_20,98,0.11224489795918369
2019-05-10,amount_std_20,98,0.05102040816326525
2019-05-13,amount_std_20,98,0.04081632653061229
2019-05-14,amount_std_20,98,0.030612244897959218
2019-05-15,amount_std_20,98,0.030612244897959218
2019-05-16,amount_std_20,98,0.061224489795918324
2019-05-17,amount_std_20,98,0.04081632653061229
2019-05-20,amount_std_20,98,0.0714285714285714
2019-05-21,amount_std_20,98,0.061224489795918324
2019-05-22,amount_std_20,98,0.061224489795918324
2019-05-23,amount_std_20,98,0.061224489795918324
2019-05-24,amount_std_20,98,0.05102040816326525
2019-05-27,amount_std_20,98,0.05102040816326525
2019-05-28,amount_std_20,98,0.08163265306122447
2019-05-29,amount_std_20,98,0.04081632653061229
2019-05-30,amount_std_20,98,0.061224489795918324
2019-05-31,amount_std_20,99,0.030612244897959218
2019-06-03,amount_std_20,99,0.0505050505050505
2019-06-04,amount_std_20,99,0.010101010101010055
2019-06-05,amount_std_20,99,0.030303030303030276
2019-06-06,amount_std_20,99,0.02020202020202022
2019-06-10,amount_std_20,99,0.04040404040404044
2019-06-11,amount_std_20,99,0.030303030303030276
2019-06-12,amount_std_20,99,0.04040404040404044
2019-06-13,amount_std_20,99,0.0505050505050505
2019-06-14,amount_std_20,99,0.06060606060606055
2019-06-17,amount_std_20,99,0.04040404040404044
2019-06-18,amount_std_20,99,0.010101010101010055
2019-06-19,amount_std_20,99,0.030303030303030276
2019-06-20,amount_std_20,99,0.02020202020202022
2019-06-21,amount_std_20,99,0.04040404040404044
2019-06-24,amount_std_20,99,0.030303030303030276
2019-06-25,amount_std_20,99,0.04040404040404044
2019-06-26,amount_std_20,99,0.010101010101010055
2019-06-27,amount_std_20,98,0.030303030303030276
2019-06-28,amount_std_20,91,0.13265306122448983
2019-07-01,amount_std_20,91,0.04395604395604391
2019-07-02,amount_std_20,91,0.04395604395604391
2019-07-03,amount_std_20,91,0.02197802197802201
2019-07-04,amount_std_20,91,0.04395604395604391
2019-07-05,amount_std_20,91,0.03296703296703296
2019-07-08,amount_std_20,91,0.02197802197802201
2019-07-09,amount_std_20,91,0.03296703296703296
2019-07-10,amount_std_20,91,0.02197802197802201
2019-07-11,amount_std_20,91,0.01098901098901095
2019-07-12,amount_std_20,91,0.02197802197802201
2019-07-15,amount_std_20,91,0.02197802197802201
2019-07-16,amount_std_20,91,0.03296703296703296
2019-07-17,amount_std_20,91,0.02197802197802201
2019-07-18,amount_std_20,91,0.02197802197802201
2019-07-19,amount_std_20,92,0.04395604395604391
2019-07-22,amount_std_20,92,0.04347826086956519
2019-07-23,amount_std_20,92,0.06521739130434778
2019-07-24,amount_std_20,92,0.05434782608695654
2019-07-25,amount_std_20,100,0.06521739130434778
2019-07-26,amount_std_20,100,0.050000000000000044
2019-07-29,amount_std_20,100,0.08999999999999997
2019-07-30,amount_std_20,100,0.040000000000000036
2019-07-31,amount_std_20,100,0.06999999999999995
2019-08-01,amount_std_20,100,0.07999999999999996
2019-08-02,amount_std_20,100,0.050000000000000044
2019-08-05,amount_std_20,100,0.020000000000000018
2019-08-06,amount_std_20,100,0.030000000000000027
2019-08-07,amount_std_20,100,0.030000000000000027
2019-08-08,amount_std_20,100,0.030000000000000027
2019-08-09,amount_std_20,100,0.020000000000000018
2019-08-12,amount_std_20,100,0.050000000000000044
2019-08-13,amount_std_20,100,0.040000000000000036
2019-08-14,amount_std_20,99,0.06000000000000005
2019-08-15,amount_std_20,99,0.04040404040404044
2019-08-16,amount_std_20,99,0.04040404040404044
2019-08-19,amount_std_20,100,0.07070707070707072
2019-08-20,amount_std_20,100,0.040000000000000036
2019-08-21,amount_std_20,100,0.020000000000000018
2019-08-22,amount_std_20,100,0.050000000000000044
2019-08-23,amount_std_20,100,0.050000000000000044
2019-08-26,amount_std_20,100,0.06000000000000005
2019-08-27,amount_std_20,100,0.06000000000000005
2019-08-28,amount_std_20,100,0.040000000000000036
2019-08-29,amount_std_20,100,0.040000000000000036
2019-08-30,amount_std_20,100,0.06000000000000005
2019-09-02,amount_std_20,100,0.06000000000000005
2019-09-03,amount_std_20,100,0.040000000000000036
2019-09-04,amount_std_20,100,0.040000000000000036
2019-09-05,amount_std_20,100,0.06999999999999995
2019-09-06,amount_std_20,100,0.020000000000000018
2019-09-09,amount_std_20,100,0.020000000000000018
2019-09-10,amount_std_20,100,0.030000000000000027
2019-09-11,amount_std_20,100,0.040000000000000036
2019-09-12,amount_std_20,100,0.020000000000000018
2019-09-16,amount_std_20,100,0.030000000000000027
2019-09-17,amount_std_20,100,0.030000000000000027
2019-09-18,amount_std_20,100,0.040000000000000036
2019-09-19,amount_std_20,100,0.030000000000000027
2019-09-20,amount_std_20,100,0.030000000000000027
2019-09-23,amount_std_20,100,0.030000000000000027
2019-09-24,amount_std_20,100,0.020000000000000018
2019-09-25,amount_std_20,100,0.030000000000000027
2019-09-26,amount_std_20,100,0.010000000000000009
2019-09-27,amount_std_20,99,0.030000000000000027
2019-09-30,amount_std_20,99,0.02020202020202022
2019-10-08,amount_std_20,99,0.030303030303030276
2019-10-09,amount_std_20,99,0.010101010101010055
2019-10-10,amount_std_20,99,0.04040404040404044
2019-10-11,amount_std_20,99,0.0505050505050505
2019-10-14,amount_std_20,99,0.04040404040404044
2019-10-15,amount_std_20,99,0.030303030303030276
2019-10-16,amount_std_20,99,0.07070707070707072
2019-10-17,amount_std_20,99,0.0505050505050505
2019-10-18,amount_std_20,99,0.04040404040404044
2019-10-21,amount_std_20,99,0.0505050505050505
2019-10-22,amount_std_20,99,0.04040404040404044
2019-10-23,amount_std_20,99,0.030303030303030276
2019-10-24,amount_std_20,99,0.06060606060606055
2019-10-25,amount_std_20,99,0.030303030303030276
2019-10-28,amount_std_20,99,0.08080808080808077
2019-10-29,amount_std_20,99,0.0505050505050505
2019-10-30,amount_std_20,99,0.07070707070707072
2019-10-31,amount_std_20,99,0.04040404040404044
2019-11-01,amount_std_20,99,0.0505050505050505
2019-11-04,amount_std_20,99,0.02020202020202022
2019-11-05,amount_std_20,99,0.0
2019-11-06,amount_std_20,99,0.030303030303030276
2019-11-07,amount_std_20,99,0.02020202020202022
2019-11-08,amount_std_20,99,0.04040404040404044
2019-11-11,amount_std_20,99,0.02020202020202022
2019-11-12,amount_std_20,99,0.030303030303030276
2019-11-13,amount_std_20,99,0.010101010101010055
2019-11-14,amount_std_20,99,0.02020202020202022
2019-11-15,amount_std_20,99,0.010101010101010055
2019-11-18,amount_std_20,100,0.02020202020202022
2019-11-19,amount_std_20,100,0.030000000000000027
2019-11-20,amount_std_20,100,0.020000000000000018
2019-11-21,amount_std_20,100,0.020000000000000018
2019-11-22,amount_std_20,100,0.050000000000000044
2019-11-25,amount_std_20,99,0.06000000000000005
2019-11-26,amount_std_20,99,0.0505050505050505
2019-11-27,amount_std_20,100,0.07070707070707072
2019-11-28,amount_std_20,100,0.050000000000000044
2019-11-29,amount_std_20,100,0.020000000000000018
2019-12-02,amount_std_20,100,0.040000000000000036
2019-12-03,amount_std_20,100,0.020000000000000018
2019-12-04,amount_std_20,100,0.06000000000000005
2019-12-05,amount_std_20,100,0.030000000000000027
2019-12-06,amount_std_20,100,0.040000000000000036
2019-12-09,amount_std_20,100,0.020000000000000018
2019-12-10,amount_std_20,100,0.030000000000000027
2019-12-11,amount_std_20,100,0.030000000000000027
2019-12-12,amount_std_20,100,0.020000000000000018
2019-12-13,amount_std_20,100,0.06999999999999995
2019-12-16,amount_std_20,100,0.050000000000000044
2019-12-17,amount_std_20,100,0.06999999999999995
2019-12-18,amount_std_20,100,0.06999999999999995
2019-12-19,amount_std_20,100,0.050000000000000044
2019-12-20,amount_std_20,100,0.020000000000000018
2019-12-23,amount_std_20,100,0.040000000000000036
2019-12-24,amount_std_20,100,0.040000000000000036
2019-12-25,amount_std_20,100,0.050000000000000044
2019-12-26,amount_std_20,100,0.020000000000000018
2019-12-27,amount_std_20,100,0.06999999999999995
2019-12-30,amount_std_20,100,0.020000000000000018
2019-12-31,amount_std_20,92,0.12
2020-01-02,amount_std_20,92,0.05434782608695654
2020-01-03,amount_std_20,92,0.07608695652173914
2020-01-06,amount_std_20,91,0.11956521739130432
2020-01-07,amount_std_20,91,0.04395604395604391
2020-01-08,amount_std_20,91,0.08791208791208793
2020-01-09,amount_std_20,91,0.02197802197802201
2020-01-10,amount_std_20,92,0.03296703296703296
2020-01-13,amount_std_20,92,0.03260869565217395
2020-01-14,amount_std_20,92,0.05434782608695654
2020-01-15,amount_std_20,92,0.07608695652173914
2020-01-16,amount_std_20,92,0.07608695652173914
2020-01-17,amount_std_20,92,0.010869565217391353
2020-01-20,amount_std_20,92,0.021739130434782594
2020-01-21,amount_std_20,92,0.05434782608695654
2020-01-22,amount_std_20,92,0.05434782608695654
2020-01-23,amount_std_20,92,0.010869565217391353
2020-02-03,amount_std_20,92,0.03260869565217395
2020-02-04,amount_std_20,92,0.07608695652173914
2020-02-05,amount_std_20,100,0.021739130434782594
2020-02-06,amount_std_20,100,0.09999999999999998
2020-02-07,amount_std_20,100,0.040000000000000036
2020-02-10,amount_std_20,100,0.030000000000000027
2020-02-11,amount_std_20,100,0.020000000000000018
2020-02-12,amount_std_20,100,0.020000000000000018
2020-02-13,amount_std_20,100,0.040000000000000036
2020-02-14,amount_std_20,100,0.020000000000000018
2020-02-17,amount_std_20,100,0.040000000000000036
2020-02-18,amount_std_20,100,0.050000000000000044
2020-02-19,amount_std_20,100,0.050000000000000044
2020-02-20,amount_std_20,100,0.050000000000000044
2020-02-21,amount_std_20,100,0.040000000000000036
2020-02-24,amount_std_20,100,0.06000000000000005
2020-02-25,amount_std_20,100,0.06999999999999995
2020-02-26,amount_std_20,100,0.050000000000000044
2020-02-27,amount_std_20,100,0.030000000000000027
2020-02-28,amount_std_20,100,0.010000000000000009
2020-03-02,amount_std_20,100,0.030000000000000027
2020-03-03,amount_std_20,100,0.020000000000000018
2020-03-04,amount_std_20,100,0.040000000000000036
2020-03-05,amount_std_20,100,0.020000000000000018
2020-03-06,amount_std_20,100,0.08999999999999997
2020-03-09,amount_std_20,100,0.040000000000000036
2020-03-10,amount_std_20,100,0.020000000000000018
2020-03-11,amount_std_20,100,0.020000000000000018
2020-03-12,amount_std_20,100,0.020000000000000018
2020-03-13,amount_std_20,100,0.040000000000000036
2020-03-16,amount_std_20,100,0.030000000000000027
2020-03-17,amount_std_20,100,0.040000000000000036
2020-03-18,amount_std_20,100,0.030000000000000027
2020-03-19,amount_std_20,99,0.030000000000000027
2020-03-20,amount_std_20,99,0.02020202020202022
2020-03-23,amount_std_20,99,0.02020202020202022
2020-03-24,amount_std_20,99,0.06060606060606055
2020-03-25,amount_std_20,99,0.07070707070707072
2020-03-26,amount_std_20,99,0.030303030303030276
2020-03-27,amount_std_20,99,0.0505050505050505
2020-03-30,amount_std_20,99,0.02020202020202022
2020-03-31,amount_std_20,99,0.04040404040404044
2020-04-01,amount_std_20,99,0.02020202020202022
2020-04-02,amount_std_20,99,0.04040404040404044
2020-04-03,amount_std_20,99,0.04040404040404044
2020-04-07,amount_std_20,99,0.04040404040404044
2020-04-08,amount_std_20,99,0.030303030303030276
2020-04-09,amount_std_20,99,0.09090909090909094
2020-04-10,amount_std_20,99,0.04040404040404044
2020-04-13,amount_std_20,99,0.04040404040404044
2020-04-14,amount_std_20,99,0.07070707070707072
2020-04-15,amount_std_20,99,0.0505050505050505
2020-04-16,amount_std_20,99,0.030303030303030276
2020-04-17,amount_std_20,99,0.06060606060606055
2020-04-20,amount_std_20,99,0.0505050505050505
2020-04-21,amount_std_20,99,0.02020202020202022
2020-04-22,amount_std_20,99,0.04040404040404044
2020-04-23,amount_std_20,99,0.07070707070707072
2020-04-24,amount_std_20,99,0.030303030303030276
2020-04-27,amount_std_20,99,0.030303030303030276
2020-04-28,amount_std_20,99,0.0505050505050505
2020-04-29,amount_std_20,99,0.04040404040404044
2020-04-30,amount_std_20,98,0.02020202020202022
2020-05-06,amount_std_20,98,0.020408163265306145
2020-05-07,amount_std_20,98,0.020408163265306145
2020-05-08,amount_std_20,99,0.020408163265306145
2020-05-11,amount_std_20,99,0.0505050505050505
2020-05-12,amount_std_20,99,0.02020202020202022
2020-05-13,amount_std_20,99,0.010101010101010055
2020-05-14,amount_std_20,99,0.030303030303030276
2020-05-15,amount_std_20,99,0.030303030303030276
2020-05-18,amount_std_20,99,0.030303030303030276
2020-05-19,amount_std_20,99,0.02020202020202022
2020-05-20,amount_std_20,99,0.0505050505050505
2020-05-21,amount_std_20,99,0.04040404040404044
2020-05-22,amount_std_20,99,0.02020202020202022
2020-05-25,amount_std_20,99,0.04040404040404044
2020-05-26,amount_std_20,99,0.04040404040404044
2020-05-27,amount_std_20,99,0.02020202020202022
2020-05-28,amount_std_20,99,0.02020202020202022
2020-05-29,amount_std_20,99,0.010101010101010055
2020-06-01,amount_std_20,99,0.030303030303030276
2020-06-02,amount_std_20,99,0.06060606060606055
2020-06-03,amount_std_20,99,0.04040404040404044
2020-06-04,amount_std_20,99,0.04040404040404044
2020-06-05,amount_std_20,99,0.030303030303030276
2020-06-08,amount_std_20,99,0.04040404040404044
2020-06-09,amount_std_20,99,0.030303030303030276
2020-06-10,amount_std_20,99,0.030303030303030276
2020-06-11,amount_std_20,99,0.04040404040404044
2020-06-12,amount_std_20,99,0.030303030303030276
2020-06-15,amount_std_20,99,0.0505050505050505
2020-06-16,amount_std_20,99,0.06060606060606055
2020-06-17,amount_std_20,99,0.08080808080808077
2020-06-18,amount_std_20,99,0.08080808080808077
2020-06-19,amount_std_20,99,0.04040404040404044
2020-06-22,amount_std_20,99,0.04040404040404044
2020-06-23,amount_std_20,98,0.030303030303030276
2020-06-24,amount_std_20,98,0.020408163265306145
2020-06-29,amount_std_20,98,0.0714285714285714
2020-06-30,amount_std_20,90,0.1428571428571429
2020-07-01,amount_std_20,90,0.05555555555555558
2020-07-02,amount_std_20,90,0.0888888888888889
2020-07-03,amount_std_20,90,0.05555555555555558
2020-07-06,amount_std_20,90,0.09999999999999998
2020-07-07,amount_std_20,90,0.06666666666666665
2020-07-08,amount_std_20,90,0.022222222222222254
2020-07-09,amount_std_20,90,0.11111111111111116
2020-07-10,amount_std_20,90,0.0888888888888889
2020-07-13,amount_std_20,90,0.0444444444444444
2020-07-14,amount_std_20,90,0.0444444444444444
2020-07-15,amount_std_20,90,0.033333333333333326
2020-07-16,amount_std_20,90,0.0
2020-07-17,amount_std_20,90,0.033333333333333326
2020-07-20,amount_std_20,90,0.05555555555555558
2020-07-21,amount_std_20,90,0.0444444444444444
2020-07-22,amount_std_20,90,0.022222222222222254
2020-07-23,amount_std_20,90,0.0444444444444444
2020-07-24,amount_std_20,90,0.033333333333333326
2020-07-27,amount_std_20,99,0.0444444444444444
2020-07-28,amount_std_20,99,0.02020202020202022
2020-07-29,amount_std_20,99,0.010101010101010055
2020-07-30,amount_std_20,99,0.030303030303030276
2020-07-31,amount_std_20,99,0.010101010101010055
2017-02-07,volume_ratio_5_20,91,0.2417582417582418
2017-02-08,volume_ratio_5_20,91,0.1648351648351648
2017-02-09,volume_ratio_5_20,91,0.2857142857142857
2017-02-10,volume_ratio_5_20,91,0.31868131868131866
2017-02-13,volume_ratio_5_20,91,0.1648351648351648
2017-02-14,volume_ratio_5_20,91,0.15384615384615385
2017-02-15,volume_ratio_5_20,91,0.13186813186813184
2017-02-16,volume_ratio_5_20,92,0.19780219780219777
2017-02-17,volume_ratio_5_20,91,0.18478260869565222
2017-02-20,volume_ratio_5_20,90,0.2637362637362637
2017-02-21,volume_ratio_5_20,90,0.23333333333333328
2017-02-22,volume_ratio_5_20,90,0.25555555555555554
2017-02-23,volume_ratio_5_20,90,0.19999999999999996
2017-02-24,volume_ratio_5_20,90,0.19999999999999996
2017-02-27,volume_ratio_5_20,90,0.19999999999999996
2017-02-28,volume_ratio_5_20,91,0.18888888888888888
2017-03-01,volume_ratio_5_20,91,0.23076923076923073
2017-03-02,volume_ratio_5_20,91,0.2857142857142857
2017-03-03,volume_ratio_5_20,91,0.21978021978021978
2017-03-06,volume_ratio_5_20,90,0.20879120879120883
2017-03-07,volume_ratio_5_20,91,0.16666666666666663
2017-03-08,volume_ratio_5_20,91,0.19780219780219777
2017-03-09,volume_ratio_5_20,91,0.19780219780219777
2017-03-10,volume_ratio_5_20,91,0.17582417582417587
2017-03-13,volume_ratio_5_20,91,0.19780219780219777
2017-03-14,volume_ratio_5_20,91,0.23076923076923073
2017-03-15,volume_ratio_5_20,91,0.2417582417582418
2017-03-16,volume_ratio_5_20,91,0.18681318681318682
2017-03-17,volume_ratio_5_20,91,0.2417582417582418
2017-03-20,volume_ratio_5_20,91,0.21978021978021978
2017-03-21,volume_ratio_5_20,92,0.21978021978021978
2017-03-22,volume_ratio_5_20,92,0.23913043478260865
2017-03-23,volume_ratio_5_20,92,0.21739130434782605
2017-03-24,volume_ratio_5_20,93,0.26086956521739135
2017-03-27,volume_ratio_5_20,93,0.12903225806451613
2017-03-28,volume_ratio_5_20,92,0.15053763440860213
2017-03-29,volume_ratio_5_20,92,0.18478260869565222
2017-03-30,volume_ratio_5_20,92,0.2065217391304348
2017-03-31,volume_ratio_5_20,92,0.18478260869565222
2017-04-05,volume_ratio_5_20,91,0.21739130434782605
2017-04-06,volume_ratio_5_20,91,0.15384615384615385
2017-04-07,volume_ratio_5_20,91,0.21978021978021978
2017-04-10,volume_ratio_5_20,91,0.15384615384615385
2017-04-11,volume_ratio_5_20,91,0.1648351648351648
2017-04-12,volume_ratio_5_20,91,0.15384615384615385
2017-04-13,volume_ratio_5_20,89,0.15384615384615385
2017-04-14,volume_ratio_5_20,89,0.1573033707865169
2017-04-17,volume_ratio_5_20,89,0.1460674157303371
2017-04-18,volume_ratio_5_20,89,0.1797752808988764
2017-04-19,volume_ratio_5_20,89,0.2471910112359551
2017-04-20,volume_ratio_5_20,89,0.2921348314606742
2017-04-21,volume_ratio_5_20,88,0.2471910112359551
2017-04-24,volume_ratio_5_20,88,0.20454545454545459
2017-04-25,volume_ratio_5_20,88,0.18181818181818177
2017-04-26,volume_ratio_5_20,88,0.20454545454545459
2017-04-27,volume_ratio_5_20,88,0.19318181818181823
2017-04-28,volume_ratio_5_20,87,0.13636363636363635
2017-05-02,volume_ratio_5_20,87,0.13793103448275867
2017-05-03,volume_ratio_5_20,87,0.1839080459770115
2017-05-04,volume_ratio_5_20,87,0.2183908045977011
2017-05-05,volume_ratio_5_20,87,0.2183908045977011
2017-05-08,volume_ratio_5_20,87,0.2183908045977011
2017-05-09,volume_ratio_5_20,87,0.16091954022988508
2017-05-10,volume_ratio_5_20,88,0.1724137931034483
2017-05-11,volume_ratio_5_20,88,0.28409090909090906
2017-05-12,volume_ratio_5_20,88,0.25
2017-05-15,volume_ratio_5_20,89,0.25
2017-05-16,volume_ratio_5_20,89,0.2134831460674157
2017-05-17,volume_ratio_5_20,89,0.1910112359550562
2017-05-18,volume_ratio_5_20,89,0.2696629213483146
2017-05-19,volume_ratio_5_20,89,0.2134831460674157
2017-05-22,volume_ratio_5_20,90,0.1685393258426966
2017-05-23,volume_ratio_5_20,90,0.1777777777777778
2017-05-24,volume_ratio_5_20,90,0.18888888888888888
2017-05-25,volume_ratio_5_20,90,0.19999999999999996
2017-05-26,volume_ratio_5_20,90,0.24444444444444446
2017-05-31,volume_ratio_5_20,90,0.18888888888888888
2017-06-01,volume_ratio_5_20,90,0.16666666666666663
2017-06-02,volume_ratio_5_20,91,0.15555555555555556
2017-06-05,volume_ratio_5_20,90,0.17582417582417587
2017-06-06,volume_ratio_5_20,90,0.18888888888888888
2017-06-07,volume_ratio_5_20,91,0.25555555555555554
2017-06-08,volume_ratio_5_20,91,0.27472527472527475
2017-06-09,volume_ratio_5_20,91,0.2417582417582418
2017-06-12,volume_ratio_5_20,91,0.1648351648351648
2017-06-13,volume_ratio_5_20,91,0.21978021978021978
2017-06-14,volume_ratio_5_20,92,0.17582417582417587
2017-06-15,volume_ratio_5_20,91,0.25
2017-06-16,volume_ratio_5_20,91,0.20879120879120883
2017-06-19,volume_ratio_5_20,91,0.2417582417582418
2017-06-20,volume_ratio_5_20,91,0.21978021978021978
2017-06-21,volume_ratio_5_20,91,0.19780219780219777
2017-06-22,volume_ratio_5_20,91,0.25274725274725274
2017-06-23,volume_ratio_5_20,91,0.23076923076923073
2017-06-26,volume_ratio_5_20,91,0.2857142857142857
2017-06-27,volume_ratio_5_20,91,0.21978021978021978
2017-06-28,volume_ratio_5_20,91,0.19780219780219777
2017-06-29,volume_ratio_5_20,91,0.2417582417582418
2017-06-30,volume_ratio_5_20,83,0.19780219780219777
2017-07-03,volume_ratio_5_20,83,0.1807228915662651
2017-07-04,volume_ratio_5_20,83,0.20481927710843373
2017-07-05,volume_ratio_5_20,83,0.20481927710843373
2017-07-06,volume_ratio_5_20,83,0.27710843373493976
2017-07-07,volume_ratio_5_20,83,0.19277108433734935
2017-07-10,volume_ratio_5_20,84,0.19277108433734935
2017-07-11,volume_ratio_5_20,84,0.19047619047619047
2017-07-12,volume_ratio_5_20,84,0.16666666666666663
2017-07-13,volume_ratio_5_20,84,0.19047619047619047
2017-07-14,volume_ratio_5_20,84,0.23809523809523814
2017-07-17,volume_ratio_5_20,84,0.25
2017-07-18,volume_ratio_5_20,83,0.23809523809523814
2017-07-19,volume_ratio_5_20,83,0.2168674698795181
2017-07-20,volume_ratio_5_20,84,0.2530120481927711
2017-07-21,volume_ratio_5_20,83,0.19047619047619047
2017-07-24,volume_ratio_5_20,83,0.22891566265060237
2017-07-25,volume_ratio_5_20,83,0.15662650602409633
2017-07-26,volume_ratio_5_20,83,0.15662650602409633
2017-07-27,volume_ratio_5_20,92,0.15662650602409633
2017-07-28,volume_ratio_5_20,93,0.19565217391304346
2017-07-31,volume_ratio_5_20,92,0.19354838709677424
2017-08-01,volume_ratio_5_20,92,0.10869565217391308
2017-08-02,volume_ratio_5_20,92,0.2065217391304348
2017-08-03,volume_ratio_5_20,92,0.18478260869565222
2017-08-04,volume_ratio_5_20,92,0.23913043478260865
2017-08-07,volume_ratio_5_20,92,0.18478260869565222
2017-08-08,volume_ratio_5_20,92,0.15217391304347827
2017-08-09,volume_ratio_5_20,92,0.17391304347826086
2017-08-10,volume_ratio_5_20,91,0.2282608695652174
2017-08-11,volume_ratio_5_20,91,0.17582417582417587
2017-08-14,volume_ratio_5_20,92,0.2857142857142857
2017-08-15,volume_ratio_5_20,92,0.2065217391304348
2017-08-16,volume_ratio_5_20,92,0.23913043478260865
2017-08-17,volume_ratio_5_20,91,0.23913043478260865
2017-08-18,volume_ratio_5_20,92,0.15384615384615385
2017-08-21,volume_ratio_5_20,92,0.19565217391304346
2017-08-22,volume_ratio_5_20,92,0.18478260869565222
2017-08-23,volume_ratio_5_20,92,0.19565217391304346
2017-08-24,volume_ratio_5_20,91,0.18478260869565222
2017-08-25,volume_ratio_5_20,91,0.19780219780219777
2017-08-28,volume_ratio_5_20,92,0.17582417582417587
2017-08-29,volume_ratio_5_20,93,0.19565217391304346
2017-08-30,volume_ratio_5_20,93,0.23655913978494625
2017-08-31,volume_ratio_5_20,93,0.18279569892473113
2017-09-01,volume_ratio_5_20,93,0.15053763440860213
2017-09-04,volume_ratio_5_20,93,0.27956989247311825
2017-09-05,volume_ratio_5_20,93,0.18279569892473113
2017-09-06,volume_ratio_5_20,94,0.24731182795698925
2017-09-07,volume_ratio_5_20,93,0.22340425531914898
2017-09-08,volume_ratio_5_20,93,0.17204301075268813
2017-09-11,volume_ratio_5_20,93,0.23655913978494625
2017-09-12,volume_ratio_5_20,93,0.23655913978494625
2017-09-13,volume_ratio_5_20,94,0.15053763440860213
2017-09-14,volume_ratio_5_20,94,0.15957446808510634
2017-09-15,volume_ratio_5_20,94,0.12765957446808507
2017-09-18,volume_ratio_5_20,94,0.08510638297872342
2017-09-19,volume_ratio_5_20,94,0.23404255319148937
2017-09-20,volume_ratio_5_20,94,0.17021276595744683
2017-09-21,volume_ratio_5_20,93,0.14893617021276595
2017-09-22,volume_ratio_5_20,93,0.17204301075268813
2017-09-25,volume_ratio_5_20,93,0.15053763440860213
2017-09-26,volume_ratio_5_20,93,0.26881720430107525
2017-09-27,volume_ratio_5_20,93,0.20430107526881724
2017-09-28,volume_ratio_5_20,93,0.22580645161290325
2017-09-29,volume_ratio_5_20,93,0.18279569892473113
2017-10-09,volume_ratio_5_20,93,0.21505376344086025
2017-10-10,volume_ratio_5_20,93,0.23655913978494625
2017-10-11,volume_ratio_5_20,93,0.22580645161290325
2017-10-12,volume_ratio_5_20,93,0.17204301075268813
2017-10-13,volume_ratio_5_20,94,0.13978494623655913
2017-10-16,volume_ratio_5_20,94,0.18085106382978722
2017-10-17,volume_ratio_5_20,94,0.21276595744680848
2017-10-18,volume_ratio_5_20,94,0.22340425531914898
2017-10-19,volume_ratio_5_20,94,0.18085106382978722
2017-10-20,volume_ratio_5_20,94,0.21276595744680848
2017-10-23,volume_ratio_5_20,94,0.22340425531914898
2017-10-24,volume_ratio_5_20,94,0.14893617021276595
2017-10-25,volume_ratio_5_20,94,0.17021276595744683
2017-10-26,volume_ratio_5_20,94,0.2021276595744681
2017-10-27,volume_ratio_5_20,94,0.14893617021276595
2017-10-30,volume_ratio_5_20,93,0.18085106382978722
2017-10-31,volume_ratio_5_20,94,0.15053763440860213
2017-11-01,volume_ratio_5_20,93,0.15957446808510634
2017-11-02,volume_ratio_5_20,94,0.19354838709677424
2017-11-03,volume_ratio_5_20,94,0.17021276595744683
2017-11-06,volume_ratio_5_20,94,0.24468085106382975
2017-11-07,volume_ratio_5_20,94,0.15957446808510634
2017-11-08,volume_ratio_5_20,94,0.17021276595744683
2017-11-09,volume_ratio_5_20,94,0.21276595744680848
2017-11-10,volume_ratio_5_20,94,0.17021276595744683
2017-11-13,volume_ratio_5_20,94,0.14893617021276595
2017-11-14,volume_ratio_5_20,94,0.14893617021276595
2017-11-15,volume_ratio_5_20,94,0.17021276595744683
2017-11-16,volume_ratio_5_20,94,0.19148936170212771
2017-11-17,volume_ratio_5_20,94,0.21276595744680848
2017-11-20,volume_ratio_5_20,94,0.2021276595744681
2017-11-21,volume_ratio_5_20,94,0.14893617021276595
2017-11-22,volume_ratio_5_20,93,0.25531914893617025
2017-11-23,volume_ratio_5_20,93,0.21505376344086025
2017-11-24,volume_ratio_5_20,92,0.20430107526881724
2017-11-27,volume_ratio_5_20,92,0.21739130434782605
2017-11-28,volume_ratio_5_20,92,0.17391304347826086
2017-11-29,volume_ratio_5_20,92,0.2282608695652174
2017-11-30,volume_ratio_5_20,92,0.11956521739130432
2017-12-01,volume_ratio_5_20,92,0.18478260869565222
2017-12-04,volume_ratio_5_20,92,0.15217391304347827
2017-12-05,volume_ratio_5_20,92,0.11956521739130432
2017-12-06,volume_ratio_5_20,92,0.30434782608695654
2017-12-07,volume_ratio_5_20,92,0.2282608695652174
2017-12-08,volume_ratio_5_20,92,0.2282608695652174
2017-12-11,volume_ratio_5_20,92,0.18478260869565222
2017-12-12,volume_ratio_5_20,91,0.1630434782608695
2017-12-13,volume_ratio_5_20,91,0.19780219780219777
2017-12-14,volume_ratio_5_20,91,0.20879120879120883
2017-12-15,volume_ratio_5_20,91,0.13186813186813184
2017-12-18,volume_ratio_5_20,91,0.19780219780219777
2017-12-19,volume_ratio_5_20,90,0.18681318681318682
2017-12-20,volume_ratio_5_20,90,0.1777777777777778
2017-12-21,volume_ratio_5_20,90,0.18888888888888888
2017-12-22,volume_ratio_5_20,90,0.2777777777777778
2017-12-25,volume_ratio_5_20,90,0.19999999999999996
2017-12-26,volume_ratio_5_20,90,0.16666666666666663
2017-12-27,volume_ratio_5_20,90,0.18888888888888888
2017-12-28,volume_ratio_5_20,90,0.2666666666666667
2017-12-29,volume_ratio_5_20,81,0.28888888888888886
2018-01-02,volume_ratio_5_20,80,0.23456790123456794
2018-01-03,volume_ratio_5_20,81,0.1875
2018-01-04,volume_ratio_5_20,81,0.2222222222222222
2018-01-05,volume_ratio_5_20,81,0.28395061728395066
2018-01-08,volume_ratio_5_20,81,0.14814814814814814
2018-01-09,volume_ratio_5_20,81,0.13580246913580252
2018-01-10,volume_ratio_5_20,81,0.16049382716049387
2018-01-11,volume_ratio_5_20,82,0.23456790123456794
2018-01-12,volume_ratio_5_20,81,0.1707317073170732
2018-01-15,volume_ratio_5_20,81,0.2098765432098766
2018-01-16,volume_ratio_5_20,81,0.19753086419753085
2018-01-17,volume_ratio_5_20,82,0.19753086419753085
2018-01-18,volume_ratio_5_20,81,0.2195121951219512
2018-01-19,volume_ratio_5_20,81,0.2098765432098766
2018-01-22,volume_ratio_5_20,81,0.19753086419753085
2018-01-23,volume_ratio_5_20,81,0.2716049382716049
2018-01-24,volume_ratio_5_20,81,0.23456790123456794
2018-01-25,volume_ratio_5_20,81,0.24691358024691357
2018-01-26,volume_ratio_5_20,90,0.23456790123456794
2018-01-29,volume_ratio_5_20,90,0.21111111111111114
2018-01-30,volume_ratio_5_20,90,0.18888888888888888
2018-01-31,volume_ratio_5_20,90,0.15555555555555556
2018-02-01,volume_ratio_5_20,90,0.24444444444444446
2018-02-02,volume_ratio_5_20,89,0.2222222222222222
2018-02-05,volume_ratio_5_20,88,0.202247191011236
2018-02-06,volume_ratio_5_20,89,0.19318181818181823
2018-02-07,volume_ratio_5_20,89,0.1910112359550562
2018-02-08,volume_ratio_5_20,88,0.2359550561797753
2018-02-09,volume_ratio_5_20,89,0.21590909090909094
2018-02-12,volume_ratio_5_20,89,0.2471910112359551
2018-02-13,volume_ratio_5_20,89,0.1910112359550562
2018-02-14,volume_ratio_5_20,89,0.1910112359550562
2018-02-22,volume_ratio_5_20,89,0.202247191011236
2018-02-23,volume_ratio_5_20,89,0.1573033707865169
2018-02-26,volume_ratio_5_20,89,0.202247191011236
2018-02-27,volume_ratio_5_20,89,0.2134831460674157
2018-02-28,volume_ratio_5_20,89,0.1573033707865169
2018-03-01,volume_ratio_5_20,89,0.1348314606741573
2018-03-02,volume_ratio_5_20,89,0.1348314606741573
2018-03-05,volume_ratio_5_20,89,0.1460674157303371
2018-03-06,volume_ratio_5_20,89,0.1235955056179775
2018-03-07,volume_ratio_5_20,90,0.1460674157303371
2018-03-08,volume_ratio_5_20,90,0.23333333333333328
2018-03-09,volume_ratio_5_20,90,0.2222222222222222
2018-03-12,volume_ratio_5_20,89,0.1777777777777778
2018-03-13,volume_ratio_5_20,89,0.2359550561797753
2018-03-14,volume_ratio_5_20,90,0.2247191011235955
2018-03-15,volume_ratio_5_20,90,0.24444444444444446
2018-03-16,volume_ratio_5_20,90,0.21111111111111114
2018-03-19,volume_ratio_5_20,90,0.15555555555555556
2018-03-20,volume_ratio_5_20,90,0.25555555555555554
2018-03-21,volume_ratio_5_20,90,0.21111111111111114
2018-03-22,volume_ratio_5_20,90,0.11111111111111116
2018-03-23,volume_ratio_5_20,91,0.19999999999999996
2018-03-26,volume_ratio_5_20,91,0.1648351648351648
2018-03-27,volume_ratio_5_20,90,0.17582417582417587
2018-03-28,volume_ratio_5_20,90,0.19999999999999996
2018-03-29,volume_ratio_5_20,90,0.19999999999999996
2018-03-30,volume_ratio_5_20,90,0.21111111111111114
2018-04-02,volume_ratio_5_20,90,0.24444444444444446
2018-04-03,volume_ratio_5_20,90,0.15555555555555556
2018-04-04,volume_ratio_5_20,90,0.2222222222222222
2018-04-09,volume_ratio_5_20,90,0.1444444444444445
2018-04-10,volume_ratio_5_20,90,0.15555555555555556
2018-04-11,volume_ratio_5_20,90,0.25555555555555554
2018-04-12,volume_ratio_5_20,90,0.18888888888888888
2018-04-13,volume_ratio_5_20,91,0.23333333333333328
2018-04-16,volume_ratio_5_20,90,0.21978021978021978
2018-04-17,volume_ratio_5_20,91,0.18888888888888888
2018-04-18,volume_ratio_5_20,91,0.2417582417582418
2018-04-19,volume_ratio_5_20,91,0.2637362637362637
2018-04-20,volume_ratio_5_20,91,0.23076923076923073
2018-04-23,volume_ratio_5_20,91,0.1648351648351648
2018-04-24,volume_ratio_5_20,91,0.20879120879120883
2018-04-25,volume_ratio_5_20,91,0.1648351648351648
2018-04-26,volume_ratio_5_20,90,0.2857142857142857
2018-04-27,volume_ratio_5_20,91,0.21111111111111114
2018-05-02,volume_ratio_5_20,90,0.21978021978021978
2018-05-03,volume_ratio_5_20,90,0.24444444444444446
2018-05-04,volume_ratio_5_20,91,0.15555555555555556
2018-05-07,volume_ratio_5_20,91,0.17582417582417587
2018-05-08,volume_ratio_5_20,91,0.17582417582417587
2018-05-09,volume_ratio_5_20,91,0.19780219780219777
2018-05-10,volume_ratio_5_20,91,0.18681318681318682
2018-05-11,volume_ratio_5_20,91,0.17582417582417587
2018-05-14,volume_ratio_5_20,91,0.1648351648351648
2018-05-15,volume_ratio_5_20,91,0.20879120879120883
2018-05-16,volume_ratio_5_20,91,0.20879120879120883
2018-05-17,volume_ratio_5_20,92,0.23076923076923073
2018-05-18,volume_ratio_5_20,91,0.28260869565217395
2018-05-21,volume_ratio_5_20,91,0.20879120879120883
2018-05-22,volume_ratio_5_20,91,0.18681318681318682
2018-05-23,volume_ratio_5_20,91,0.21978021978021978
2018-05-24,volume_ratio_5_20,91,0.1648351648351648
2018-05-25,volume_ratio_5_20,92,0.18681318681318682
2018-05-28,volume_ratio_5_20,92,0.2717391304347826
2018-05-29,volume_ratio_5_20,92,0.25
2018-05-30,volume_ratio_5_20,92,0.23913043478260865
2018-05-31,volume_ratio_5_20,91,0.25
2018-06-01,volume_ratio_5_20,91,0.19780219780219777
2018-06-04,volume_ratio_5_20,91,0.1428571428571429
2018-06-05,volume_ratio_5_20,91,0.18681318681318682
2018-06-06,volume_ratio_5_20,91,0.19780219780219777
2018-06-07,volume_ratio_5_20,90,0.2417582417582418
2018-06-08,volume_ratio_5_20,91,0.24444444444444446
2018-06-11,volume_ratio_5_20,91,0.1648351648351648
2018-06-12,volume_ratio_5_20,91,0.15384615384615385
2018-06-13,volume_ratio_5_20,91,0.20879120879120883
2018-06-14,volume_ratio_5_20,91,0.15384615384615385
2018-06-15,volume_ratio_5_20,91,0.1648351648351648
2018-06-19,volume_ratio_5_20,90,0.2417582417582418
2018-06-20,volume_ratio_5_20,90,0.23333333333333328
2018-06-21,volume_ratio_5_20,90,0.1777777777777778
2018-06-22,volume_ratio_5_20,90,0.15555555555555556
2018-06-25,volume_ratio_5_20,90,0.18888888888888888
2018-06-26,volume_ratio_5_20,90,0.25555555555555554
2018-06-27,volume_ratio_5_20,90,0.2222222222222222
2018-06-28,volume_ratio_5_20,90,0.18888888888888888
2018-06-29,volume_ratio_5_20,81,0.25555555555555554
2018-07-02,volume_ratio_5_20,81,0.13580246913580252
2018-07-03,volume_ratio_5_20,81,0.19753086419753085
2018-07-04,volume_ratio_5_20,81,0.1728395061728395
2018-07-05,volume_ratio_5_20,82,0.16049382716049387
2018-07-06,volume_ratio_5_20,82,0.19512195121951215
2018-07-09,volume_ratio_5_20,82,0.24390243902439024
2018-07-10,volume_ratio_5_20,82,0.1585365853658537
2018-07-11,volume_ratio_5_20,83,0.19512195121951215
2018-07-12,volume_ratio_5_20,83,0.15662650602409633
2018-07-13,volume_ratio_5_20,83,0.15662650602409633
2018-07-16,volume_ratio_5_20,83,0.14457831325301207
2018-07-17,volume_ratio_5_20,83,0.22891566265060237
2018-07-18,volume_ratio_5_20,83,0.1807228915662651
2018-07-19,volume_ratio_5_20,83,0.1325301204819277
2018-07-20,volume_ratio_5_20,83,0.19277108433734935
2018-07-23,volume_ratio_5_20,84,0.19277108433734935
2018-07-24,volume_ratio_5_20,84,0.2857142857142857
2018-07-25,volume_ratio_5_20,84,0.19047619047619047
2018-07-26,volume_ratio_5_20,93,0.19047619047619047
2018-07-27,volume_ratio_5_20,94,0.15053763440860213
2018-07-30,volume_ratio_5_20,94,0.15957446808510634
2018-07-31,volume_ratio_5_20,94,0.17021276595744683
2018-08-01,volume_ratio_5_20,94,0.17021276595744683
2018-08-02,volume_ratio_5_20,94,0.23404255319148937
2018-08-03,volume_ratio_5_20,94,0.24468085106382975
2018-08-06,volume_ratio_5_20,94,0.19148936170212771
2018-08-07,volume_ratio_5_20,94,0.17021276595744683
2018-08-08,volume_ratio_5_20,94,0.18085106382978722
2018-08-09,volume_ratio_5_20,94,0.19148936170212771
2018-08-10,volume_ratio_5_20,95,0.15957446808510634
2018-08-13,volume_ratio_5_20,94,0.18947368421052635
2018-08-14,volume_ratio_5_20,94,0.17021276595744683
2018-08-15,volume_ratio_5_20,94,0.24468085106382975
2018-08-16,volume_ratio_5_20,94,0.18085106382978722
2018-08-17,volume_ratio_5_20,94,0.12765957446808507
2018-08-20,volume_ratio_5_20,94,0.19148936170212771
2018-08-21,volume_ratio_5_20,95,0.19148936170212771
2018-08-22,volume_ratio_5_20,95,0.18947368421052635
2018-08-23,volume_ratio_5_20,95,0.16842105263157892
2018-08-24,volume_ratio_5_20,95,0.19999999999999996
2018-08-27,volume_ratio_5_20,95,0.1578947368421053
2018-08-28,volume_ratio_5_20,95,0.17894736842105263
2018-08-29,volume_ratio_5_20,95,0.13684210526315788
2018-08-30,volume_ratio_5_20,95,0.18947368421052635
2018-08-31,volume_ratio_5_20,95,0.28421052631578947
2018-09-03,volume_ratio_5_20,95,0.18947368421052635
2018-09-04,volume_ratio_5_20,95,0.19999999999999996
2018-09-05,volume_ratio_5_20,95,0.12631578947368416
2018-09-06,volume_ratio_5_20,95,0.17894736842105263
2018-09-07,volume_ratio_5_20,95,0.17894736842105263
2018-09-10,volume_ratio_5_20,95,0.21052631578947367
2018-09-11,volume_ratio_5_20,95,0.2210526315789474
2018-09-12,volume_ratio_5_20,95,0.1473684210526316
2018-09-13,volume_ratio_5_20,95,0.1578947368421053
2018-09-14,volume_ratio_5_20,95,0.16842105263157892
2018-09-17,volume_ratio_5_20,95,0.16842105263157892
2018-09-18,volume_ratio_5_20,95,0.1578947368421053
2018-09-19,volume_ratio_5_20,95,0.18947368421052635
2018-09-20,volume_ratio_5_20,95,0.2315789473684211
2018-09-21,volume_ratio_5_20,95,0.19999999999999996
2018-09-25,volume_ratio_5_20,95,0.2421052631578947
2018-09-26,volume_ratio_5_20,95,0.19999999999999996
2018-09-27,volume_ratio_5_20,95,0.17894736842105263
2018-09-28,volume_ratio_5_20,95,0.2421052631578947
2018-10-08,volume_ratio_5_20,95,0.19999999999999996
2018-10-09,volume_ratio_5_20,95,0.2421052631578947
2018-10-10,volume_ratio_5_20,95,0.2210526315789474
2018-10-11,volume_ratio_5_20,95,0.2210526315789474
2018-10-12,volume_ratio_5_20,95,0.28421052631578947
2018-10-15,volume_ratio_5_20,95,0.17894736842105263
2018-10-16,volume_ratio_5_20,95,0.1578947368421053
2018-10-17,volume_ratio_5_20,95,0.17894736842105263
2018-10-18,volume_ratio_5_20,95,0.21052631578947367
2018-10-19,volume_ratio_5_20,95,0.25263157894736843
2018-10-22,volume_ratio_5_20,95,0.18947368421052635
2018-10-23,volume_ratio_5_20,95,0.21052631578947367
2018-10-24,volume_ratio_5_20,95,0.13684210526315788
2018-10-25,volume_ratio_5_20,95,0.1578947368421053
2018-10-26,volume_ratio_5_20,95,0.2210526315789474
2018-10-29,volume_ratio_5_20,95,0.2315789473684211
2018-10-30,volume_ratio_5_20,95,0.16842105263157892
2018-10-31,volume_ratio_5_20,95,0.16842105263157892
2018-11-01,volume_ratio_5_20,95,0.17894736842105263
2018-11-02,volume_ratio_5_20,95,0.2315789473684211
2018-11-05,volume_ratio_5_20,96,0.2421052631578947
2018-11-06,volume_ratio_5_20,96,0.21875
2018-11-07,volume_ratio_5_20,96,0.17708333333333337
2018-11-08,volume_ratio_5_20,96,0.1875
2018-11-09,volume_ratio_5_20,96,0.23958333333333337
2018-11-12,volume_ratio_5_20,96,0.17708333333333337
2018-11-13,volume_ratio_5_20,96,0.25
2018-11-14,volume_ratio_5_20,96,0.19791666666666663
2018-11-15,volume_ratio_5_20,96,0.17708333333333337
2018-11-16,volume_ratio_5_20,96,0.21875
2018-11-19,volume_ratio_5_20,96,0.16666666666666663
2018-11-20,volume_ratio_5_20,96,0.13541666666666663
2018-11-21,volume_ratio_5_20,96,0.16666666666666663
2018-11-22,volume_ratio_5_20,97,0.19791666666666663
2018-11-23,volume_ratio_5_20,97,0.20618556701030932
2018-11-26,volume_ratio_5_20,97,0.20618556701030932
2018-11-27,volume_ratio_5_20,97,0.1649484536082474
2018-11-28,volume_ratio_5_20,97,0.27835051546391754
2018-11-29,volume_ratio_5_20,98,0.19587628865979378
2018-11-30,volume_ratio_5_20,98,0.173469387755102
2018-12-03,volume_ratio_5_20,98,0.22448979591836737
2018-12-04,volume_ratio_5_20,98,0.18367346938775508
2018-12-05,volume_ratio_5_20,98,0.22448979591836737
2018-12-06,volume_ratio_5_20,98,0.13265306122448983
2018-12-07,volume_ratio_5_20,98,0.18367346938775508
2018-12-10,volume_ratio_5_20,99,0.18367346938775508
2018-12-11,volume_ratio_5_20,99,0.16161616161616166
2018-12-12,volume_ratio_5_20,99,0.1515151515151515
2018-12-13,volume_ratio_5_20,99,0.2222222222222222
2018-12-14,volume_ratio_5_20,99,0.1717171717171717
2018-12-17,volume_ratio_5_20,99,0.2222222222222222
2018-12-18,volume_ratio_5_20,99,0.1515151515151515
2018-12-19,volume_ratio_5_20,99,0.1515151515151515
2018-12-20,volume_ratio_5_20,99,0.19191919191919193
2018-12-21,volume_ratio_5_20,99,0.21212121212121215
2018-12-24,volume_ratio_5_20,99,0.1515151515151515
2018-12-25,volume_ratio_5_20,99,0.1717171717171717
2018-12-26,volume_ratio_5_20,99,0.19191919191919193
2018-12-27,volume_ratio_5_20,99,0.2222222222222222
2018-12-28,volume_ratio_5_20,90,0.303030303030303
2019-01-02,volume_ratio_5_20,90,0.16666666666666663
2019-01-03,volume_ratio_5_20,90,0.16666666666666663
2019-01-04,volume_ratio_5_20,90,0.2666666666666667
2019-01-07,volume_ratio_5_20,90,0.1333333333333333
2019-01-08,volume_ratio_5_20,90,0.23333333333333328
2019-01-09,volume_ratio_5_20,90,0.18888888888888888
2019-01-10,volume_ratio_5_20,90,0.1333333333333333
2019-01-11,volume_ratio_5_20,90,0.12222222222222223
2019-01-14,volume_ratio_5_20,90,0.19999999999999996
2019-01-15,volume_ratio_5_20,90,0.21111111111111114
2019-01-16,volume_ratio_5_20,90,0.18888888888888888
2019-01-17,volume_ratio_5_20,90,0.19999999999999996
2019-01-18,volume_ratio_5_20,90,0.1777777777777778
2019-01-21,volume_ratio_5_20,91,0.21111111111111114
2019-01-22,volume_ratio_5_20,91,0.15384615384615385
2019-01-23,volume_ratio_5_20,90,0.19780219780219777
2019-01-24,volume_ratio_5_20,90,0.15555555555555556
2019-01-25,volume_ratio_5_20,90,0.2777777777777778
2019-01-28,volume_ratio_5_20,99,0.16666666666666663
2019-01-29,volume_ratio_5_20,100,0.18181818181818177
2019-01-30,volume_ratio_5_20,100,0.18000000000000005
2019-01-31,volume_ratio_5_20,100,0.19999999999999996
2019-02-01,volume_ratio_5_20,99,0.19999999999999996
2019-02-11,volume_ratio_5_20,99,0.18181818181818177
2019-02-12,volume_ratio_5_20,99,0.2525252525252525
2019-02-13,volume_ratio_5_20,100,0.2727272727272727
2019-02-14,volume_ratio_5_20,100,0.24
2019-02-15,volume_ratio_5_20,100,0.18999999999999995
2019-02-18,volume_ratio_5_20,100,0.16000000000000003
2019-02-19,volume_ratio_5_20,100,0.24
2019-02-20,volume_ratio_5_20,99,0.16000000000000003
2019-02-21,volume_ratio_5_20,99,0.1515151515151515
2019-02-22,volume_ratio_5_20,99,0.18181818181818177
2019-02-25,volume_ratio_5_20,99,0.18181818181818177
2019-02-26,volume_ratio_5_20,99,0.2525252525252525
2019-02-27,volume_ratio_5_20,99,0.202020202020202
2019-02-28,volume_ratio_5_20,99,0.16161616161616166
2019-03-01,volume_ratio_5_20,99,0.07070707070707072
2019-03-04,volume_ratio_5_20,99,0.21212121212121215
2019-03-05,volume_ratio_5_20,99,0.2727272727272727
2019-03-06,volume_ratio_5_20,99,0.2727272727272727
2019-03-07,volume_ratio_5_20,99,0.202020202020202
2019-03-08,volume_ratio_5_20,99,0.1717171717171717
2019-03-11,volume_ratio_5_20,99,0.19191919191919193
2019-03-12,volume_ratio_5_20,99,0.1717171717171717
2019-03-13,volume_ratio_5_20,99,0.24242424242424243
2019-03-14,volume_ratio_5_20,99,0.13131313131313127
2019-03-15,volume_ratio_5_20,99,0.2525252525252525
2019-03-18,volume_ratio_5_20,99,0.2525252525252525
2019-03-19,volume_ratio_5_20,99,0.2525252525252525
2019-03-20,volume_ratio_5_20,99,0.16161616161616166
2019-03-21,volume_ratio_5_20,99,0.1717171717171717
2019-03-22,volume_ratio_5_20,99,0.24242424242424243
2019-03-25,volume_ratio_5_20,99,0.26262626262626265
2019-03-26,volume_ratio_5_20,99,0.1717171717171717
2019-03-27,volume_ratio_5_20,99,0.1515151515151515
2019-03-28,volume_ratio_5_20,99,0.13131313131313127
2019-03-29,volume_ratio_5_20,99,0.1717171717171717
2019-04-01,volume_ratio_5_20,99,0.202020202020202
2019-04-02,volume_ratio_5_20,99,0.1717171717171717
2019-04-03,volume_ratio_5_20,99,0.2222222222222222
2019-04-04,volume_ratio_5_20,98,0.19191919191919193
2019-04-08,volume_ratio_5_20,98,0.24489795918367352
2019-04-09,volume_ratio_5_20,98,0.12244897959183676
2019-04-10,volume_ratio_5_20,98,0.19387755102040816
2019-04-11,volume_ratio_5_20,98,0.173469387755102
2019-04-12,volume_ratio_5_20,98,0.18367346938775508
2019-04-15,volume_ratio_5_20,98,0.2551020408163265
2019-04-16,volume_ratio_5_20,98,0.20408163265306123
2019-04-17,volume_ratio_5_20,98,0.24489795918367352
2019-04-18,volume_ratio_5_20,98,0.18367346938775508
2019-04-19,volume_ratio_5_20,98,0.16326530612244894
2019-04-22,volume_ratio_5_20,98,0.173469387755102
2019-04-23,volume_ratio_5_20,98,0.13265306122448983
2019-04-24,volume_ratio_5_20,98,0.23469387755102045
2019-04-25,volume_ratio_5_20,98,0.1428571428571429
2019-04-26,volume_ratio_5_20,98,0.2142857142857143
2019-04-29,volume_ratio_5_20,98,0.22448979591836737
2019-04-30,volume_ratio_5_20,97,0.20408163265306123
2019-05-06,volume_ratio_5_20,97,0.21649484536082475
2019-05-07,volume_ratio_5_20,98,0.17525773195876293
2019-05-08,volume_ratio_5_20,98,0.18367346938775508
2019-05-09,volume_ratio_5_20,98,0.173469387755102
2019-05-10,volume_ratio_5_20,98,0.1428571428571429
2019-05-13,volume_ratio_5_20,98,0.173469387755102
2019-05-14,volume_ratio_5_20,98,0.15306122448979587
2019-05-15,volume_ratio_5_20,98,0.13265306122448983
2019-05-16,volume_ratio_5_20,98,0.19387755102040816
2019-05-17,volume_ratio_5_20,98,0.16326530612244894
2019-05-20,volume_ratio_5_20,98,0.15306122448979587
2019-05-21,volume_ratio_5_20,98,0.16326530612244894
2019-05-22,volume_ratio_5_20,98,0.2142857142857143
2019-05-23,volume_ratio_5_20,98,0.13265306122448983
2019-05-24,volume_ratio_5_20,98,0.15306122448979587
2019-05-27,volume_ratio_5_20,98,0.1428571428571429
2019-05-28,volume_ratio_5_20,98,0.2142857142857143
2019-05-29,volume_ratio_5_20,98,0.16326530612244894
2019-05-30,volume_ratio_5_20,98,0.1428571428571429
2019-05-31,volume_ratio_5_20,99,0.20408163265306123
2019-06-03,volume_ratio_5_20,99,0.18181818181818177
2019-06-04,volume_ratio_5_20,99,0.23232323232323238
2019-06-05,volume_ratio_5_20,99,0.16161616161616166
2019-06-06,volume_ratio_5_20,99,0.1717171717171717
2019-06-10,volume_ratio_5_20,99,0.1717171717171717
2019-06-11,volume_ratio_5_20,99,0.21212121212121215
2019-06-12,volume_ratio_5_20,99,0.202020202020202
2019-06-13,volume_ratio_5_20,99,0.26262626262626265
2019-06-14,volume_ratio_5_20,99,0.21212121212121215
2019-06-17,volume_ratio_5_20,99,0.13131313131313127
2019-06-18,volume_ratio_5_20,99,0.2525252525252525
2019-06-19,volume_ratio_5_20,99,0.1717171717171717
2019-06-20,volume_ratio_5_20,99,0.2222222222222222
2019-06-21,volume_ratio_5_20,99,0.24242424242424243
2019-06-24,volume_ratio_5_20,99,0.1717171717171717
2019-06-25,volume_ratio_5_20,99,0.14141414141414144
2019-06-26,volume_ratio_5_20,99,0.16161616161616166
2019-06-27,volume_ratio_5_20,98,0.2222222222222222
2019-06-28,volume_ratio_5_20,91,0.29591836734693877
2019-07-01,volume_ratio_5_20,91,0.21978021978021978
2019-07-02,volume_ratio_5_20,91,0.27472527472527475
2019-07-03,volume_ratio_5_20,91,0.17582417582417587
2019-07-04,volume_ratio_5_20,91,0.21978021978021978
2019-07-05,volume_ratio_5_20,91,0.19780219780219777
2019-07-08,volume_ratio_5_20,91,0.18681318681318682
2019-07-09,volume_ratio_5_20,91,0.1428571428571429
2019-07-10,volume_ratio_5_20,91,0.17582417582417587
2019-07-11,volume_ratio_5_20,91,0.20879120879120883
2019-07-12,volume_ratio_5_20,91,0.1648351648351648
2019-07-15,volume_ratio_5_20,91,0.21978021978021978
2019-07-16,volume_ratio_5_20,91,0.1648351648351648
2019-07-17,volume_ratio_5_20,91,0.17582417582417587
2019-07-18,volume_ratio_5_20,91,0.10989010989010994
2019-07-19,volume_ratio_5_20,92,0.1648351648351648
2019-07-22,volume_ratio_5_20,92,0.17391304347826086
2019-07-23,volume_ratio_5_20,92,0.23913043478260865
2019-07-24,volume_ratio_5_20,92,0.17391304347826086
2019-07-25,volume_ratio_5_20,100,0.2065217391304348
2019-07-26,volume_ratio_5_20,100,0.21999999999999997
2019-07-29,volume_ratio_5_20,100,0.13
2019-07-30,volume_ratio_5_20,100,0.19999999999999996
2019-07-31,volume_ratio_5_20,100,0.18000000000000005
2019-08-01,volume_ratio_5_20,100,0.17000000000000004
2019-08-02,volume_ratio_5_20,100,0.18000000000000005
2019-08-05,volume_ratio_5_20,100,0.18999999999999995
2019-08-06,volume_ratio_5_20,100,0.24
2019-08-07,volume_ratio_5_20,100,0.24
2019-08-08,volume_ratio_5_20,100,0.20999999999999996
2019-08-09,volume_ratio_5_20,100,0.22999999999999998
2019-08-12,volume_ratio_5_20,100,0.16000000000000003
2019-08-13,volume_ratio_5_20,100,0.19999999999999996
2019-08-14,volume_ratio_5_20,99,0.18000000000000005
2019-08-15,volume_ratio_5_20,99,0.202020202020202
2019-08-16,volume_ratio_5_20,99,0.19191919191919193
2019-08-19,volume_ratio_5_20,100,0.202020202020202
2019-08-20,volume_ratio_5_20,100,0.18000000000000005
2019-08-21,volume_ratio_5_20,100,0.17000000000000004
2019-08-22,volume_ratio_5_20,100,0.16000000000000003
2019-08-23,volume_ratio_5_20,100,0.18000000000000005
2019-08-26,volume_ratio_5_20,100,0.16000000000000003
2019-08-27,volume_ratio_5_20,100,0.19999999999999996
2019-08-28,volume_ratio_5_20,100,0.18999999999999995
2019-08-29,volume_ratio_5_20,100,0.15000000000000002
2019-08-30,volume_ratio_5_20,100,0.19999999999999996
2019-09-02,volume_ratio_5_20,100,0.22999999999999998
2019-09-03,volume_ratio_5_20,100,0.21999999999999997
2019-09-04,volume_ratio_5_20,100,0.20999999999999996
2019-09-05,volume_ratio_5_20,100,0.25
2019-09-06,volume_ratio_5_20,100,0.16000000000000003
2019-09-09,volume_ratio_5_20,100,0.18999999999999995
2019-09-10,volume_ratio_5_20,100,0.19999999999999996
2019-09-11,volume_ratio_5_20,100,0.22999999999999998
2019-09-12,volume_ratio_5_20,100,0.20999999999999996
2019-09-16,volume_ratio_5_20,100,0.22999999999999998
2019-09-17,volume_ratio_5_20,100,0.17000000000000004
2019-09-18,volume_ratio_5_20,100,0.21999999999999997
2019-09-19,volume_ratio_5_20,100,0.24
2019-09-20,volume_ratio_5_20,100,0.18000000000000005
2019-09-23,volume_ratio_5_20,100,0.18000000000000005
2019-09-24,volume_ratio_5_20,100,0.26
2019-09-25,volume_ratio_5_20,100,0.17000000000000004
2019-09-26,volume_ratio_5_20,100,0.14
2019-09-27,volume_ratio_5_20,99,0.21999999999999997
2019-09-30,volume_ratio_5_20,99,0.1515151515151515
2019-10-08,volume_ratio_5_20,99,0.1515151515151515
2019-10-09,volume_ratio_5_20,99,0.13131313131313127
2019-10-10,volume_ratio_5_20,99,0.1515151515151515
2019-10-11,volume_ratio_5_20,99,0.18181818181818177
2019-10-14,volume_ratio_5_20,99,0.14141414141414144
2019-10-15,volume_ratio_5_20,99,0.1515151515151515
2019-10-16,volume_ratio_5_20,99,0.1515151515151515
2019-10-17,volume_ratio_5_20,99,0.12121212121212122
2019-10-18,volume_ratio_5_20,99,0.1515151515151515
2019-10-21,volume_ratio_5_20,99,0.18181818181818177
2019-10-22,volume_ratio_5_20,99,0.2222222222222222
2019-10-23,volume_ratio_5_20,99,0.26262626262626265
2019-10-24,volume_ratio_5_20,99,0.1515151515151515
2019-10-25,volume_ratio_5_20,99,0.2222222222222222
2019-10-28,volume_ratio_5_20,99,0.24242424242424243
2019-10-29,volume_ratio_5_20,99,0.21212121212121215
2019-10-30,volume_ratio_5_20,99,0.1717171717171717
2019-10-31,volume_ratio_5_20,99,0.18181818181818177
2019-11-01,volume_ratio_5_20,99,0.16161616161616166
2019-11-04,volume_ratio_5_20,99,0.26262626262626265
2019-11-05,volume_ratio_5_20,99,0.2222222222222222
2019-11-06,volume_ratio_5_20,99,0.21212121212121215
2019-11-07,volume_ratio_5_20,99,0.202020202020202
2019-11-08,volume_ratio_5_20,99,0.18181818181818177
2019-11-11,volume_ratio_5_20,99,0.16161616161616166
2019-11-12,volume_ratio_5_20,99,0.1717171717171717
2019-11-13,volume_ratio_5_20,99,0.2222222222222222
2019-11-14,volume_ratio_5_20,99,0.21212121212121215
2019-11-15,volume_ratio_5_20,99,0.21212121212121215
2019-11-18,volume_ratio_5_20,100,0.19191919191919193
2019-11-19,volume_ratio_5_20,100,0.17000000000000004
2019-11-20,volume_ratio_5_20,100,0.20999999999999996
2019-11-21,volume_ratio_5_20,100,0.18000000000000005
2019-11-22,volume_ratio_5_20,100,0.18000000000000005
2019-11-25,volume_ratio_5_20,99,0.21999999999999997
2019-11-26,volume_ratio_5_20,99,0.1515151515151515
2019-11-27,volume_ratio_5_20,100,0.21212121212121215
2019-11-28,volume_ratio_5_20,100,0.17000000000000004
2019-11-29,volume_ratio_5_20,100,0.14
2019-12-02,volume_ratio_5_20,100,0.21999999999999997
2019-12-03,volume_ratio_5_20,100,0.37
2019-12-04,volume_ratio_5_20,100,0.26
2019-12-05,volume_ratio_5_20,100,0.20999999999999996
2019-12-06,volume_ratio_5_20,100,0.24
2019-12-09,volume_ratio_5_20,100,0.17000000000000004
2019-12-10,volume_ratio_5_20,100,0.17000000000000004
2019-12-11,volume_ratio_5_20,100,0.21999999999999997
2019-12-12,volume_ratio_5_20,100,0.16000000000000003
2019-12-13,volume_ratio_5_20,100,0.27
2019-12-16,volume_ratio_5_20,100,0.22999999999999998
2019-12-17,volume_ratio_5_20,100,0.27
2019-12-18,volume_ratio_5_20,100,0.18000000000000005
2019-12-19,volume_ratio_5_20,100,0.18000000000000005
2019-12-20,volume_ratio_5_20,100,0.21999999999999997
2019-12-23,volume_ratio_5_20,100,0.15000000000000002
2019-12-24,volume_ratio_5_20,100,0.19999999999999996
2019-12-25,volume_ratio_5_20,100,0.25
2019-12-26,volume_ratio_5_20,100,0.21999999999999997
2019-12-27,volume_ratio_5_20,100,0.28
2019-12-30,volume_ratio_5_20,100,0.18000000000000005
2019-12-31,volume_ratio_5_20,92,0.27
2020-01-02,volume_ratio_5_20,92,0.1630434782608695
2020-01-03,volume_ratio_5_20,92,0.19565217391304346
2020-01-06,volume_ratio_5_20,91,0.23913043478260865
2020-01-07,volume_ratio_5_20,91,0.18681318681318682
2020-01-08,volume_ratio_5_20,91,0.20879120879120883
2020-01-09,volume_ratio_5_20,91,0.20879120879120883
2020-01-10,volume_ratio_5_20,92,0.1428571428571429
2020-01-13,volume_ratio_5_20,92,0.18478260869565222
2020-01-14,volume_ratio_5_20,92,0.21739130434782605
2020-01-15,volume_ratio_5_20,92,0.2282608695652174
2020-01-16,volume_ratio_5_20,92,0.2065217391304348
2020-01-17,volume_ratio_5_20,92,0.1630434782608695
2020-01-20,volume_ratio_5_20,92,0.2282608695652174
2020-01-21,volume_ratio_5_20,92,0.2934782608695652
2020-01-22,volume_ratio_5_20,92,0.18478260869565222
2020-01-23,volume_ratio_5_20,92,0.1630434782608695
2020-02-03,volume_ratio_5_20,92,0.21739130434782605
2020-02-04,volume_ratio_5_20,92,0.18478260869565222
2020-02-05,volume_ratio_5_20,100,0.17391304347826086
2020-02-06,volume_ratio_5_20,100,0.18000000000000005
2020-02-07,volume_ratio_5_20,100,0.15000000000000002
2020-02-10,volume_ratio_5_20,100,0.18999999999999995
2020-02-11,volume_ratio_5_20,100,0.15000000000000002
2020-02-12,volume_ratio_5_20,100,0.13
2020-02-13,volume_ratio_5_20,100,0.24
2020-02-14,volume_ratio_5_20,100,0.25
2020-02-17,volume_ratio_5_20,100,0.21999999999999997
2020-02-18,volume_ratio_5_20,100,0.20999999999999996
2020-02-19,volume_ratio_5_20,100,0.21999999999999997
2020-02-20,volume_ratio_5_20,100,0.19999999999999996
2020-02-21,volume_ratio_5_20,100,0.17000000000000004
2020-02-24,volume_ratio_5_20,100,0.16000000000000003
2020-02-25,volume_ratio_5_20,100,0.10999999999999999
2020-02-26,volume_ratio_5_20,100,0.21999999999999997
2020-02-27,volume_ratio_5_20,100,0.18999999999999995
2020-02-28,volume_ratio_5_20,100,0.17000000000000004
2020-03-02,volume_ratio_5_20,100,0.15000000000000002
2020-03-03,volume_ratio_5_20,100,0.26
2020-03-04,volume_ratio_5_20,100,0.22999999999999998
2020-03-05,volume_ratio_5_20,100,0.18999999999999995
2020-03-06,volume_ratio_5_20,100,0.13
2020-03-09,volume_ratio_5_20,100,0.18999999999999995
2020-03-10,volume_ratio_5_20,100,0.18999999999999995
2020-03-11,volume_ratio_5_20,100,0.26
2020-03-12,volume_ratio_5_20,100,0.18000000000000005
2020-03-13,volume_ratio_5_20,100,0.15000000000000002
2020-03-16,volume_ratio_5_20,100,0.17000000000000004
2020-03-17,volume_ratio_5_20,100,0.14
2020-03-18,volume_ratio_5_20,100,0.18000000000000005
2020-03-19,volume_ratio_5_20,99,0.17000000000000004
2020-03-20,volume_ratio_5_20,99,0.1515151515151515
2020-03-23,volume_ratio_5_20,99,0.18181818181818177
2020-03-24,volume_ratio_5_20,99,0.14141414141414144
2020-03-25,volume_ratio_5_20,99,0.19191919191919193
2020-03-26,volume_ratio_5_20,99,0.1717171717171717
2020-03-27,volume_ratio_5_20,99,0.18181818181818177
2020-03-30,volume_ratio_5_20,99,0.09090909090909094
2020-03-31,volume_ratio_5_20,99,0.18181818181818177
2020-04-01,volume_ratio_5_20,99,0.16161616161616166
2020-04-02,volume_ratio_5_20,99,0.19191919191919193
2020-04-03,volume_ratio_5_20,99,0.1717171717171717
2020-04-07,volume_ratio_5_20,99,0.1515151515151515
2020-04-08,volume_ratio_5_20,99,0.21212121212121215
2020-04-09,volume_ratio_5_20,99,0.1717171717171717
2020-04-10,volume_ratio_5_20,99,0.2222222222222222
2020-04-13,volume_ratio_5_20,99,0.1515151515151515
2020-04-14,volume_ratio_5_20,99,0.16161616161616166
2020-04-15,volume_ratio_5_20,99,0.14141414141414144
2020-04-16,volume_ratio_5_20,99,0.24242424242424243
2020-04-17,volume_ratio_5_20,99,0.1717171717171717
2020-04-20,volume_ratio_5_20,99,0.18181818181818177
2020-04-21,volume_ratio_5_20,99,0.18181818181818177
2020-04-22,volume_ratio_5_20,99,0.2222222222222222
2020-04-23,volume_ratio_5_20,99,0.24242424242424243
2020-04-24,volume_ratio_5_20,99,0.19191919191919193
2020-04-27,volume_ratio_5_20,99,0.1717171717171717
2020-04-28,volume_ratio_5_20,99,0.16161616161616166
2020-04-29,volume_ratio_5_20,99,0.202020202020202
2020-04-30,volume_ratio_5_20,98,0.303030303030303
2020-05-06,volume_ratio_5_20,98,0.20408163265306123
2020-05-07,volume_ratio_5_20,98,0.13265306122448983
2020-05-08,volume_ratio_5_20,99,0.1428571428571429
2020-05-11,volume_ratio_5_20,99,0.2222222222222222
2020-05-12,volume_ratio_5_20,99,0.16161616161616166
2020-05-13,volume_ratio_5_20,99,0.202020202020202
2020-05-14,volume_ratio_5_20,99,0.14141414141414144
2020-05-15,volume_ratio_5_20,99,0.18181818181818177
2020-05-18,volume_ratio_5_20,99,0.18181818181818177
2020-05-19,volume_ratio_5_20,99,0.21212121212121215
2020-05-20,volume_ratio_5_20,99,0.202020202020202
2020-05-21,volume_ratio_5_20,99,0.24242424242424243
2020-05-22,volume_ratio_5_20,99,0.12121212121212122
2020-05-25,volume_ratio_5_20,99,0.16161616161616166
2020-05-26,volume_ratio_5_20,99,0.16161616161616166
2020-05-27,volume_ratio_5_20,99,0.21212121212121215
2020-05-28,volume_ratio_5_20,99,0.1717171717171717
2020-05-29,volume_ratio_5_20,99,0.18181818181818177
2020-06-01,volume_ratio_5_20,99,0.19191919191919193
2020-06-02,volume_ratio_5_20,99,0.202020202020202
2020-06-03,volume_ratio_5_20,99,0.202020202020202
2020-06-04,volume_ratio_5_20,99,0.18181818181818177
2020-06-05,volume_ratio_5_20,99,0.202020202020202
2020-06-08,volume_ratio_5_20,99,0.24242424242424243
2020-06-09,volume_ratio_5_20,99,0.21212121212121215
2020-06-10,volume_ratio_5_20,99,0.1515151515151515
2020-06-11,volume_ratio_5_20,99,0.16161616161616166
2020-06-12,volume_ratio_5_20,99,0.2222222222222222
2020-06-15,volume_ratio_5_20,99,0.202020202020202
2020-06-16,volume_ratio_5_20,99,0.23232323232323238
2020-06-17,volume_ratio_5_20,99,0.24242424242424243
2020-06-18,volume_ratio_5_20,99,0.18181818181818177
2020-06-19,volume_ratio_5_20,99,0.16161616161616166
2020-06-22,volume_ratio_5_20,99,0.19191919191919193
2020-06-23,volume_ratio_5_20,98,0.14141414141414144
2020-06-24,volume_ratio_5_20,98,0.24489795918367352
2020-06-29,volume_ratio_5_20,98,0.26530612244897955
2020-06-30,volume_ratio_5_20,90,0.24489795918367352
2020-07-01,volume_ratio_5_20,90,0.2222222222222222
2020-07-02,volume_ratio_5_20,90,0.23333333333333328
2020-07-03,volume_ratio_5_20,90,0.19999999999999996
2020-07-06,volume_ratio_5_20,90,0.23333333333333328
2020-07-07,volume_ratio_5_20,90,0.09999999999999998
2020-07-08,volume_ratio_5_20,90,0.11111111111111116
2020-07-09,volume_ratio_5_20,90,0.16666666666666663
2020-07-10,volume_ratio_5_20,90,0.16666666666666663
2020-07-13,volume_ratio_5_20,90,0.18888888888888888
2020-07-14,volume_ratio_5_20,90,0.21111111111111114
2020-07-15,volume_ratio_5_20,90,0.2222222222222222
2020-07-16,volume_ratio_5_20,90,0.21111111111111114
2020-07-17,volume_ratio_5_20,90,0.21111111111111114
2020-07-20,volume_ratio_5_20,90,0.2666666666666667
2020-07-21,volume_ratio_5_20,90,0.19999999999999996
2020-07-22,volume_ratio_5_20,90,0.16666666666666663
2020-07-23,volume_ratio_5_20,90,0.1777777777777778
2020-07-24,volume_ratio_5_20,90,0.1444444444444445
2020-07-27,volume_ratio_5_20,99,0.1444444444444445
2020-07-28,volume_ratio_5_20,99,0.18181818181818177
2020-07-29,volume_ratio_5_20,99,0.19191919191919193
2020-07-30,volume_ratio_5_20,99,0.202020202020202
2020-07-31,volume_ratio_5_20,99,0.16161616161616166
2017-02-08,corr_ret_volume_20,91,0.17582417582417587
2017-02-09,corr_ret_volume_20,91,0.13186813186813184
2017-02-10,corr_ret_volume_20,91,0.18681318681318682
2017-02-13,corr_ret_volume_20,91,0.19780219780219777
2017-02-14,corr_ret_volume_20,91,0.1428571428571429
2017-02-15,corr_ret_volume_20,91,0.15384615384615385
2017-02-16,corr_ret_volume_20,91,0.15384615384615385
2017-02-17,corr_ret_volume_20,91,0.13186813186813184
2017-02-20,corr_ret_volume_20,90,0.46153846153846156
2017-02-21,corr_ret_volume_20,90,0.21111111111111114
2017-02-22,corr_ret_volume_20,90,0.23333333333333328
2017-02-23,corr_ret_volume_20,90,0.23333333333333328
2017-02-24,corr_ret_volume_20,90,0.15555555555555556
2017-02-27,corr_ret_volume_20,90,0.19999999999999996
2017-02-28,corr_ret_volume_20,90,0.15555555555555556
2017-03-01,corr_ret_volume_20,91,0.1333333333333333
2017-03-02,corr_ret_volume_20,91,0.17582417582417587
2017-03-03,corr_ret_volume_20,91,0.1648351648351648
2017-03-06,corr_ret_volume_20,90,0.17582417582417587
2017-03-07,corr_ret_volume_20,90,0.1333333333333333
2017-03-08,corr_ret_volume_20,91,0.1444444444444445
2017-03-09,corr_ret_volume_20,91,0.19780219780219777
2017-03-10,corr_ret_volume_20,91,0.1648351648351648
2017-03-13,corr_ret_volume_20,91,0.09890109890109888
2017-03-14,corr_ret_volume_20,90,0.08791208791208793
2017-03-15,corr_ret_volume_20,91,0.11111111111111116
2017-03-16,corr_ret_volume_20,91,0.1428571428571429
2017-03-17,corr_ret_volume_20,91,0.21978021978021978
2017-03-20,corr_ret_volume_20,91,0.17582417582417587
2017-03-21,corr_ret_volume_20,91,0.1428571428571429
2017-03-22,corr_ret_volume_20,92,0.20879120879120883
2017-03-23,corr_ret_volume_20,92,0.18478260869565222
2017-03-24,corr_ret_volume_20,92,0.15217391304347827
2017-03-27,corr_ret_volume_20,93,0.17391304347826086
2017-03-28,corr_ret_volume_20,92,0.10752688172043012
2017-03-29,corr_ret_volume_20,92,0.10869565217391308
2017-03-30,corr_ret_volume_20,92,0.2282608695652174
2017-03-31,corr_ret_volume_20,92,0.2282608695652174
2017-04-05,corr_ret_volume_20,91,0.32608695652173914
2017-04-06,corr_ret_volume_20,91,0.15384615384615385
2017-04-07,corr_ret_volume_20,91,0.18681318681318682
2017-04-10,corr_ret_volume_20,91,0.1428571428571429
2017-04-11,corr_ret_volume_20,91,0.19780219780219777
2017-04-12,corr_ret_volume_20,91,0.29670329670329665
2017-04-13,corr_ret_volume_20,89,0.18681318681318682
2017-04-14,corr_ret_volume_20,89,0.1797752808988764
2017-04-17,corr_ret_volume_20,89,0.1685393258426966
2017-04-18,corr_ret_volume_20,89,0.1235955056179775
2017-04-19,corr_ret_volume_20,89,0.1123595505617978
2017-04-20,corr_ret_volume_20,89,0.1573033707865169
2017-04-21,corr_ret_volume_20,88,0.1573033707865169
2017-04-24,corr_ret_volume_20,88,0.18181818181818177
2017-04-25,corr_ret_volume_20,88,0.1477272727272727
2017-04-26,corr_ret_volume_20,87,0.13636363636363635
2017-04-27,corr_ret_volume_20,88,0.12643678160919536
2017-04-28,corr_ret_volume_20,87,0.10227272727272729
2017-05-02,corr_ret_volume_20,87,0.22988505747126442
2017-05-03,corr_ret_volume_20,87,0.14942528735632188
2017-05-04,corr_ret_volume_20,87,0.2183908045977011
2017-05-05,corr_ret_volume_20,87,0.12643678160919536
2017-05-08,corr_ret_volume_20,87,0.12643678160919536
2017-05-09,corr_ret_volume_20,87,0.16091954022988508
2017-05-10,corr_ret_volume_20,87,0.1839080459770115
2017-05-11,corr_ret_volume_20,88,0.2183908045977011
2017-05-12,corr_ret_volume_20,87,0.17045454545454541
2017-05-15,corr_ret_volume_20,88,0.10344827586206895
2017-05-16,corr_ret_volume_20,89,0.18181818181818177
2017-05-17,corr_ret_volume_20,89,0.101123595505618
2017-05-18,corr_ret_volume_20,89,0.1123595505617978
2017-05-19,corr_ret_volume_20,89,0.1235955056179775
2017-05-22,corr_ret_volume_20,89,0.1235955056179775
2017-05-23,corr_ret_volume_20,90,0.2696629213483146
2017-05-24,corr_ret_volume_20,90,0.1333333333333333
2017-05-25,corr_ret_volume_20,89,0.1777777777777778
2017-05-26,corr_ret_volume_20,90,0.1348314606741573
2017-05-31,corr_ret_volume_20,90,0.07777777777777772
2017-06-01,corr_ret_volume_20,90,0.12222222222222223
2017-06-02,corr_ret_volume_20,90,0.11111111111111116
2017-06-05,corr_ret_volume_20,90,0.11111111111111116
2017-06-06,corr_ret_volume_20,90,0.16666666666666663
2017-06-07,corr_ret_volume_20,90,0.1777777777777778
2017-06-08,corr_ret_volume_20,91,0.09999999999999998
2017-06-09,corr_ret_volume_20,91,0.1428571428571429
2017-06-12,corr_ret_volume_20,91,0.20879120879120883
2017-06-13,corr_ret_volume_20,91,0.15384615384615385
2017-06-14,corr_ret_volume_20,91,0.1208791208791209
2017-06-15,corr_ret_volume_20,91,0.18681318681318682
2017-06-16,corr_ret_volume_20,91,0.13186813186813184
2017-06-19,corr_ret_volume_20,91,0.15384615384615385
2017-06-20,corr_ret_volume_20,91,0.15384615384615385
2017-06-21,corr_ret_volume_20,91,0.1428571428571429
2017-06-22,corr_ret_volume_20,90,0.3516483516483516
2017-06-23,corr_ret_volume_20,91,0.12222222222222223
2017-06-26,corr_ret_volume_20,91,0.27472527472527475
2017-06-27,corr_ret_volume_20,91,0.08791208791208793
2017-06-28,corr_ret_volume_20,91,0.1428571428571429
2017-06-29,corr_ret_volume_20,91,0.23076923076923073
2017-06-30,corr_ret_volume_20,82,0.27472527472527475
2017-07-03,corr_ret_volume_20,83,0.1585365853658537
2017-07-04,corr_ret_volume_20,83,0.15662650602409633
2017-07-05,corr_ret_volume_20,83,0.1807228915662651
2017-07-06,corr_ret_volume_20,83,0.1686746987951807
2017-07-07,corr_ret_volume_20,83,0.1807228915662651
2017-07-10,corr_ret_volume_20,83,0.3012048192771084
2017-07-11,corr_ret_volume_20,83,0.3132530120481928
2017-07-12,corr_ret_volume_20,84,0.1325301204819277
2017-07-13,corr_ret_volume_20,84,0.22619047619047616
2017-07-14,corr_ret_volume_20,84,0.1428571428571429
2017-07-17,corr_ret_volume_20,83,0.4642857142857143
2017-07-18,corr_ret_volume_20,83,0.1686746987951807
2017-07-19,corr_ret_volume_20,83,0.22891566265060237
2017-07-20,corr_ret_volume_20,83,0.1325301204819277
2017-07-21,corr_ret_volume_20,83,0.12048192771084343
2017-07-24,corr_ret_volume_20,83,0.22891566265060237
2017-07-25,corr_ret_volume_20,83,0.1325301204819277
2017-07-26,corr_ret_volume_20,83,0.12048192771084343
2017-07-27,corr_ret_volume_20,83,0.1686746987951807
2017-07-28,corr_ret_volume_20,92,0.10843373493975905
2017-07-31,corr_ret_volume_20,92,0.1630434782608695
2017-08-01,corr_ret_volume_20,92,0.14130434782608692
2017-08-02,corr_ret_volume_20,92,0.14130434782608692
2017-08-03,corr_ret_volume_20,92,0.13043478260869568
2017-08-04,corr_ret_volume_20,92,0.17391304347826086
2017-08-07,corr_ret_volume_20,92,0.11956521739130432
2017-08-08,corr_ret_volume_20,92,0.17391304347826086
2017-08-09,corr_ret_volume_20,92,0.19565217391304346
2017-08-10,corr_ret_volume_20,91,0.1630434782608695
2017-08-11,corr_ret_volume_20,91,0.2417582417582418
2017-08-14,corr_ret_volume_20,91,0.5714285714285714
2017-08-15,corr_ret_volume_20,92,0.15384615384615385
2017-08-16,corr_ret_volume_20,92,0.13043478260869568
2017-08-17,corr_ret_volume_20,91,0.14130434782608692
2017-08-18,corr_ret_volume_20,91,0.17582417582417587
2017-08-21,corr_ret_volume_20,92,0.15384615384615385
2017-08-22,corr_ret_volume_20,92,0.17391304347826086
2017-08-23,corr_ret_volume_20,92,0.14130434782608692
2017-08-24,corr_ret_volume_20,91,0.23913043478260865
2017-08-25,corr_ret_volume_20,91,0.1208791208791209
2017-08-28,corr_ret_volume_20,91,0.1208791208791209
2017-08-29,corr_ret_volume_20,92,0.06593406593406592
2017-08-30,corr_ret_volume_20,93,0.15217391304347827
2017-08-31,corr_ret_volume_20,93,0.12903225806451613
2017-09-01,corr_ret_volume_20,93,0.13978494623655913
2017-09-04,corr_ret_volume_20,93,0.16129032258064513
2017-09-05,corr_ret_volume_20,93,0.16129032258064513
2017-09-06,corr_ret_volume_20,93,0.16129032258064513
2017-09-07,corr_ret_volume_20,93,0.19354838709677424
2017-09-08,corr_ret_volume_20,93,0.24731182795698925
2017-09-11,corr_ret_volume_20,93,0.25806451612903225
2017-09-12,corr_ret_volume_20,93,0.26881720430107525
2017-09-13,corr_ret_volume_20,93,0.16129032258064513
2017-09-14,corr_ret_volume_20,94,0.19354838709677424
2017-09-15,corr_ret_volume_20,94,0.26595744680851063
2017-09-18,corr_ret_volume_20,94,0.08510638297872342
2017-09-19,corr_ret_volume_20,94,0.15957446808510634
2017-09-20,corr_ret_volume_20,93,0.18085106382978722
2017-09-21,corr_ret_volume_20,93,0.19354838709677424
2017-09-22,corr_ret_volume_20,93,0.15053763440860213
2017-09-25,corr_ret_volume_20,93,0.24731182795698925
2017-09-26,corr_ret_volume_20,93,0.17204301075268813
2017-09-27,corr_ret_volume_20,93,0.21505376344086025
2017-09-28,corr_ret_volume_20,93,0.17204301075268813
2017-09-29,corr_ret_volume_20,93,0.17204301075268813
2017-10-09,corr_ret_volume_20,93,0.20430107526881724
2017-10-10,corr_ret_volume_20,93,0.20430107526881724
2017-10-11,corr_ret_volume_20,93,0.20430107526881724
2017-10-12,corr_ret_volume_20,93,0.16129032258064513
2017-10-13,corr_ret_volume_20,93,0.16129032258064513
2017-10-16,corr_ret_volume_20,94,0.23655913978494625
2017-10-17,corr_ret_volume_20,94,0.18085106382978722
2017-10-18,corr_ret_volume_20,94,0.15957446808510634
2017-10-19,corr_ret_volume_20,94,0.14893617021276595
2017-10-20,corr_ret_volume_20,94,0.2021276595744681
2017-10-23,corr_ret_volume_20,94,0.08510638297872342
2017-10-24,corr_ret_volume_20,94,0.1063829787234043
2017-10-25,corr_ret_volume_20,94,0.12765957446808507
2017-10-26,corr_ret_volume_20,94,0.2021276595744681
2017-10-27,corr_ret_volume_20,93,0.17021276595744683
2017-10-30,corr_ret_volume_20,93,0.19354838709677424
2017-10-31,corr_ret_volume_20,93,0.12903225806451613
2017-11-01,corr_ret_volume_20,93,0.10752688172043012
2017-11-02,corr_ret_volume_20,93,0.13978494623655913
2017-11-03,corr_ret_volume_20,94,0.12903225806451613
2017-11-06,corr_ret_volume_20,94,0.2021276595744681
2017-11-07,corr_ret_volume_20,94,0.14893617021276595
2017-11-08,corr_ret_volume_20,94,0.15957446808510634
2017-11-09,corr_ret_volume_20,94,0.0957446808510638
2017-11-10,corr_ret_volume_20,94,0.17021276595744683
2017-11-13,corr_ret_volume_20,94,0.15957446808510634
2017-11-14,corr_ret_volume_20,94,0.1063829787234043
2017-11-15,corr_ret_volume_20,94,0.11702127659574468
2017-11-16,corr_ret_volume_20,94,0.1063829787234043
2017-11-17,corr_ret_volume_20,94,0.23404255319148937
2017-11-20,corr_ret_volume_20,94,0.13829787234042556
2017-11-21,corr_ret_volume_20,94,0.05319148936170215
2017-11-22,corr_ret_volume_20,93,0.08510638297872342
2017-11-23,corr_ret_volume_20,93,0.21505376344086025
2017-11-24,corr_ret_volume_20,92,0.16129032258064513
2017-11-27,corr_ret_volume_20,92,0.2065217391304348
2017-11-28,corr_ret_volume_20,92,0.2065217391304348
2017-11-29,corr_ret_volume_20,92,0.14130434782608692
2017-11-30,corr_ret_volume_20,92,0.1630434782608695
2017-12-01,corr_ret_volume_20,92,0.10869565217391308
2017-12-04,corr_ret_volume_20,92,0.13043478260869568
2017-12-05,corr_ret_volume_20,92,0.17391304347826086
2017-12-06,corr_ret_volume_20,92,0.14130434782608692
2017-12-07,corr_ret_volume_20,92,0.10869565217391308
2017-12-08,corr_ret_volume_20,92,0.11956521739130432
2017-12-11,corr_ret_volume_20,92,0.15217391304347827
2017-12-12,corr_ret_volume_20,91,0.1630434782608695
2017-12-13,corr_ret_volume_20,91,0.10989010989010994
2017-12-14,corr_ret_volume_20,91,0.10989010989010994
2017-12-15,corr_ret_volume_20,91,0.3076923076923077
2017-12-18,corr_ret_volume_20,91,0.19780219780219777
2017-12-19,corr_ret_volume_20,90,0.1648351648351648
2017-12-20,corr_ret_volume_20,90,0.1444444444444445
2017-12-21,corr_ret_volume_20,90,0.2222222222222222
2017-12-22,corr_ret_volume_20,90,0.1444444444444445
2017-12-25,corr_ret_volume_20,90,0.1777777777777778
2017-12-26,corr_ret_volume_20,90,0.15555555555555556
2017-12-27,corr_ret_volume_20,90,0.1444444444444445
2017-12-28,corr_ret_volume_20,90,0.19999999999999996
2017-12-29,corr_ret_volume_20,81,0.30000000000000004
2018-01-02,corr_ret_volume_20,80,0.19753086419753085
2018-01-03,corr_ret_volume_20,80,0.38749999999999996
2018-01-04,corr_ret_volume_20,81,0.17500000000000004
2018-01-05,corr_ret_volume_20,81,0.24691358024691357
2018-01-08,corr_ret_volume_20,81,0.19753086419753085
2018-01-09,corr_ret_volume_20,81,0.13580246913580252
2018-01-10,corr_ret_volume_20,81,0.1728395061728395
2018-01-11,corr_ret_volume_20,81,0.1728395061728395
2018-01-12,corr_ret_volume_20,81,0.2098765432098766
2018-01-15,corr_ret_volume_20,81,0.345679012345679
2018-01-16,corr_ret_volume_20,81,0.2098765432098766
2018-01-17,corr_ret_volume_20,81,0.18518518518518523
2018-01-18,corr_ret_volume_20,81,0.11111111111111116
2018-01-19,corr_ret_volume_20,81,0.0864197530864198
2018-01-22,corr_ret_volume_20,81,0.12345679012345678
2018-01-23,corr_ret_volume_20,81,0.11111111111111116
2018-01-24,corr_ret_volume_20,81,0.1728395061728395
2018-01-25,corr_ret_volume_20,81,0.1728395061728395
2018-01-26,corr_ret_volume_20,81,0.13580246913580252
2018-01-29,corr_ret_volume_20,90,0.2222222222222222
2018-01-30,corr_ret_volume_20,90,0.1444444444444445
2018-01-31,corr_ret_volume_20,90,0.18888888888888888
2018-02-01,corr_ret_volume_20,90,0.28888888888888886
2018-02-02,corr_ret_volume_20,89,0.15555555555555556
2018-02-05,corr_ret_volume_20,88,0.1235955056179775
2018-02-06,corr_ret_volume_20,88,0.21590909090909094
2018-02-07,corr_ret_volume_20,89,0.10227272727272729
2018-02-08,corr_ret_volume_20,88,0.1123595505617978
2018-02-09,corr_ret_volume_20,88,0.17045454545454541
2018-02-12,corr_ret_volume_20,89,0.15909090909090906
2018-02-13,corr_ret_volume_20,89,0.1910112359550562
2018-02-14,corr_ret_volume_20,89,0.1235955056179775
2018-02-22,corr_ret_volume_20,89,0.0786516853932584
2018-02-23,corr_ret_volume_20,89,0.0898876404494382
2018-02-26,corr_ret_volume_20,89,0.1573033707865169
2018-02-27,corr_ret_volume_20,89,0.0786516853932584
2018-02-28,corr_ret_volume_20,89,0.0786516853932584
2018-03-01,corr_ret_volume_20,89,0.1348314606741573
2018-03-02,corr_ret_volume_20,89,0.0786516853932584
2018-03-05,corr_ret_volume_20,89,0.1235955056179775
2018-03-06,corr_ret_volume_20,89,0.0786516853932584
2018-03-07,corr_ret_volume_20,89,0.0674157303370787
2018-03-08,corr_ret_volume_20,90,0.1797752808988764
2018-03-09,corr_ret_volume_20,90,0.11111111111111116
2018-03-12,corr_ret_volume_20,89,0.1444444444444445
2018-03-13,corr_ret_volume_20,89,0.4044943820224719
2018-03-14,corr_ret_volume_20,89,0.1460674157303371
2018-03-15,corr_ret_volume_20,90,0.1348314606741573
2018-03-16,corr_ret_volume_20,90,0.37777777777777777
2018-03-19,corr_ret_volume_20,90,0.19999999999999996
2018-03-20,corr_ret_volume_20,89,0.2222222222222222
2018-03-21,corr_ret_volume_20,90,0.2359550561797753
2018-03-22,corr_ret_volume_20,90,0.25555555555555554
2018-03-23,corr_ret_volume_20,90,0.4444444444444444
2018-03-26,corr_ret_volume_20,91,0.2777777777777778
2018-03-27,corr_ret_volume_20,90,0.1648351648351648
2018-03-28,corr_ret_volume_20,90,0.12222222222222223
2018-03-29,corr_ret_volume_20,90,0.11111111111111116
2018-03-30,corr_ret_volume_20,90,0.1333333333333333
2018-04-02,corr_ret_volume_20,90,0.11111111111111116
2018-04-03,corr_ret_volume_20,90,0.15555555555555556
2018-04-04,corr_ret_volume_20,90,0.11111111111111116
2018-04-09,corr_ret_volume_20,90,0.12222222222222223
2018-04-10,corr_ret_volume_20,90,0.1444444444444445
2018-04-11,corr_ret_volume_20,90,0.0888888888888889
2018-04-12,corr_ret_volume_20,90,0.11111111111111116
2018-04-13,corr_ret_volume_20,90,0.07777777777777772
2018-04-16,corr_ret_volume_20,90,0.12222222222222223
2018-04-17,corr_ret_volume_20,90,0.1444444444444445
2018-04-18,corr_ret_volume_20,91,0.1444444444444445
2018-04-19,corr_ret_volume_20,91,0.10989010989010994
2018-04-20,corr_ret_volume_20,91,0.09890109890109888
2018-04-23,corr_ret_volume_20,91,0.1208791208791209
2018-04-24,corr_ret_volume_20,91,0.5384615384615384
2018-04-25,corr_ret_volume_20,91,0.1648351648351648
2018-04-26,corr_ret_volume_20,90,0.2417582417582418
2018-04-27,corr_ret_volume_20,90,0.16666666666666663
2018-05-02,corr_ret_volume_20,90,0.1777777777777778
2018-05-03,corr_ret_volume_20,90,0.12222222222222223
2018-05-04,corr_ret_volume_20,90,0.1333333333333333
2018-05-07,corr_ret_volume_20,91,0.12222222222222223
2018-05-08,corr_ret_volume_20,91,0.1208791208791209
2018-05-09,corr_ret_volume_20,91,0.13186813186813184
2018-05-10,corr_ret_volume_20,91,0.1428571428571429
2018-05-11,corr_ret_volume_20,91,0.1648351648351648
2018-05-14,corr_ret_volume_20,91,0.09890109890109888
2018-05-15,corr_ret_volume_20,91,0.10989010989010994
2018-05-16,corr_ret_volume_20,91,0.17582417582417587
2018-05-17,corr_ret_volume_20,91,0.19780219780219777
2018-05-18,corr_ret_volume_20,91,0.21978021978021978
2018-05-21,corr_ret_volume_20,91,0.17582417582417587
2018-05-22,corr_ret_volume_20,91,0.31868131868131866
2018-05-23,corr_ret_volume_20,91,0.2417582417582418
2018-05-24,corr_ret_volume_20,91,0.23076923076923073
2018-05-25,corr_ret_volume_20,91,0.17582417582417587
2018-05-28,corr_ret_volume_20,91,0.17582417582417587
2018-05-29,corr_ret_volume_20,92,0.19780219780219777
2018-05-30,corr_ret_volume_20,92,0.30434782608695654
2018-05-31,corr_ret_volume_20,91,0.2282608695652174
2018-06-01,corr_ret_volume_20,91,0.18681318681318682
2018-06-04,corr_ret_volume_20,91,0.17582417582417587
2018-06-05,corr_ret_volume_20,91,0.1208791208791209
2018-06-06,corr_ret_volume_20,91,0.06593406593406592
2018-06-07,corr_ret_volume_20,90,0.09890109890109888
2018-06-08,corr_ret_volume_20,90,0.1333333333333333
2018-06-11,corr_ret_volume_20,91,0.11111111111111116
2018-06-12,corr_ret_volume_20,91,0.1428571428571429
2018-06-13,corr_ret_volume_20,91,0.08791208791208793
2018-06-14,corr_ret_volume_20,91,0.10989010989010994
2018-06-15,corr_ret_volume_20,91,0.1648351648351648
2018-06-19,corr_ret_volume_20,90,0.3076923076923077
2018-06-20,corr_ret_volume_20,90,0.0888888888888889
2018-06-21,corr_ret_volume_20,90,0.1333333333333333
2018-06-22,corr_ret_volume_20,90,0.11111111111111116
2018-06-25,corr_ret_volume_20,90,0.06666666666666665
2018-06-26,corr_ret_volume_20,90,0.0888888888888889
2018-06-27,corr_ret_volume_20,90,0.0888888888888889
2018-06-28,corr_ret_volume_20,90,0.12222222222222223
2018-06-29,corr_ret_volume_20,81,0.28888888888888886
2018-07-02,corr_ret_volume_20,81,0.04938271604938271
2018-07-03,corr_ret_volume_20,81,0.13580246913580252
2018-07-04,corr_ret_volume_20,81,0.09876543209876543
2018-07-05,corr_ret_volume_20,81,0.11111111111111116
2018-07-06,corr_ret_volume_20,82,0.0864197530864198
2018-07-09,corr_ret_volume_20,82,0.12195121951219512
2018-07-10,corr_ret_volume_20,82,0.13414634146341464
2018-07-11,corr_ret_volume_20,82,0.060975609756097615
2018-07-12,corr_ret_volume_20,83,0.12195121951219512
2018-07-13,corr_ret_volume_20,83,0.048192771084337394
2018-07-16,corr_ret_volume_20,83,0.07228915662650603
2018-07-17,corr_ret_volume_20,83,0.37349397590361444
2018-07-18,corr_ret_volume_20,83,0.15662650602409633
2018-07-19,corr_ret_volume_20,83,0.24096385542168675
2018-07-20,corr_ret_volume_20,83,0.1807228915662651
2018-07-23,corr_ret_volume_20,83,0.19277108433734935
2018-07-24,corr_ret_volume_20,84,0.20481927710843373
2018-07-25,corr_ret_volume_20,84,0.11904761904761907
2018-07-26,corr_ret_volume_20,84,0.1785714285714286
2018-07-27,corr_ret_volume_20,93,0.27380952380952384
2018-07-30,corr_ret_volume_20,94,0.22580645161290325
2018-07-31,corr_ret_volume_20,94,0.15957446808510634
2018-08-01,corr_ret_volume_20,94,0.14893617021276595
2018-08-02,corr_ret_volume_20,94,0.26595744680851063
2018-08-03,corr_ret_volume_20,94,0.24468085106382975
2018-08-06,corr_ret_volume_20,94,0.2021276595744681
2018-08-07,corr_ret_volume_20,94,0.19148936170212771
2018-08-08,corr_ret_volume_20,94,0.23404255319148937
2018-08-09,corr_ret_volume_20,94,0.22340425531914898
2018-08-10,corr_ret_volume_20,94,0.1063829787234043
2018-08-13,corr_ret_volume_20,94,0.08510638297872342
2018-08-14,corr_ret_volume_20,94,0.06382978723404253
2018-08-15,corr_ret_volume_20,94,0.12765957446808507
2018-08-16,corr_ret_volume_20,94,0.08510638297872342
2018-08-17,corr_ret_volume_20,94,0.15957446808510634
2018-08-20,corr_ret_volume_20,94,0.17021276595744683
2018-08-21,corr_ret_volume_20,94,0.22340425531914898
2018-08-22,corr_ret_volume_20,95,0.13829787234042556
2018-08-23,corr_ret_volume_20,95,0.17894736842105263
2018-08-24,corr_ret_volume_20,95,0.08421052631578951
2018-08-27,corr_ret_volume_20,95,0.10526315789473684
2018-08-28,corr_ret_volume_20,95,0.0736842105263158
2018-08-29,corr_ret_volume_20,95,0.10526315789473684
2018-08-30,corr_ret_volume_20,95,0.3789473684210526
2018-08-31,corr_ret_volume_20,95,0.13684210526315788
2018-09-03,corr_ret_volume_20,95,0.2421052631578947
2018-09-04,corr_ret_volume_20,95,0.27368421052631575
2018-09-05,corr_ret_volume_20,95,0.2210526315789474
2018-09-06,corr_ret_volume_20,95,0.12631578947368416
2018-09-07,corr_ret_volume_20,95,0.17894736842105263
2018-09-10,corr_ret_volume_20,95,0.2210526315789474
2018-09-11,corr_ret_volume_20,95,0.0736842105263158
2018-09-12,corr_ret_volume_20,95,0.16842105263157892
2018-09-13,corr_ret_volume_20,95,0.10526315789473684
2018-09-14,corr_ret_volume_20,95,0.21052631578947367
2018-09-17,corr_ret_volume_20,95,0.11578947368421055
2018-09-18,corr_ret_volume_20,95,0.1473684210526316
2018-09-19,corr_ret_volume_20,95,0.13684210526315788
2018-09-20,corr_ret_volume_20,95,0.13684210526315788
2018-09-21,corr_ret_volume_20,95,0.19999999999999996
2018-09-25,corr_ret_volume_20,95,0.18947368421052635
2018-09-26,corr_ret_volume_20,95,0.13684210526315788
2018-09-27,corr_ret_volume_20,95,0.16842105263157892
2018-09-28,corr_ret_volume_20,95,0.21052631578947367
2018-10-08,corr_ret_volume_20,95,0.25263157894736843
2018-10-09,corr_ret_volume_20,95,0.17894736842105263
2018-10-10,corr_ret_volume_20,95,0.11578947368421055
2018-10-11,corr_ret_volume_20,95,0.41052631578947374
2018-10-12,corr_ret_volume_20,95,0.16842105263157892
2018-10-15,corr_ret_volume_20,95,0.12631578947368416
2018-10-16,corr_ret_volume_20,95,0.12631578947368416
2018-10-17,corr_ret_volume_20,95,0.1473684210526316
2018-10-18,corr_ret_volume_20,95,0.10526315789473684
2018-10-19,corr_ret_volume_20,95,0.1578947368421053
2018-10-22,corr_ret_volume_20,95,0.25263157894736843
2018-10-23,corr_ret_volume_20,95,0.12631578947368416
2018-10-24,corr_ret_volume_20,95,0.09473684210526312
2018-10-25,corr_ret_volume_20,95,0.09473684210526312
2018-10-26,corr_ret_volume_20,95,0.12631578947368416
2018-10-29,corr_ret_volume_20,95,0.12631578947368416
2018-10-30,corr_ret_volume_20,95,0.09473684210526312
2018-10-31,corr_ret_volume_20,95,0.08421052631578951
2018-11-01,corr_ret_volume_20,95,0.08421052631578951
2018-11-02,corr_ret_volume_20,95,0.1578947368421053
2018-11-05,corr_ret_volume_20,95,0.13684210526315788
2018-11-06,corr_ret_volume_20,95,0.12631578947368416
2018-11-07,corr_ret_volume_20,95,0.10526315789473684
2018-11-08,corr_ret_volume_20,96,0.3894736842105263
2018-11-09,corr_ret_volume_20,96,0.26041666666666663
2018-11-12,corr_ret_volume_20,96,0.23958333333333337
2018-11-13,corr_ret_volume_20,96,0.3125
2018-11-14,corr_ret_volume_20,96,0.25
2018-11-15,corr_ret_volume_20,96,0.1875
2018-11-16,corr_ret_volume_20,96,0.21875
2018-11-19,corr_ret_volume_20,96,0.35416666666666663
2018-11-20,corr_ret_volume_20,96,0.38541666666666663
2018-11-21,corr_ret_volume_20,96,0.15625
2018-11-22,corr_ret_volume_20,96,0.19791666666666663
2018-11-23,corr_ret_volume_20,97,0.26041666666666663
2018-11-26,corr_ret_volume_20,97,0.21649484536082475
2018-11-27,corr_ret_volume_20,97,0.20618556701030932
2018-11-28,corr_ret_volume_20,97,0.18556701030927836
2018-11-29,corr_ret_volume_20,97,0.20618556701030932
2018-11-30,corr_ret_volume_20,98,0.30927835051546393
2018-12-03,corr_ret_volume_20,98,0.26530612244897955
2018-12-04,corr_ret_volume_20,98,0.1428571428571429
2018-12-05,corr_ret_volume_20,98,0.13265306122448983
2018-12-06,corr_ret_volume_20,98,0.173469387755102
2018-12-07,corr_ret_volume_20,98,0.1428571428571429
2018-12-10,corr_ret_volume_20,98,0.13265306122448983
2018-12-11,corr_ret_volume_20,99,0.2142857142857143
2018-12-12,corr_ret_volume_20,99,0.12121212121212122
2018-12-13,corr_ret_volume_20,99,0.14141414141414144
2018-12-14,corr_ret_volume_20,99,0.14141414141414144
2018-12-17,corr_ret_volume_20,99,0.11111111111111116
2018-12-18,corr_ret_volume_20,99,0.14141414141414144
2018-12-19,corr_ret_volume_20,99,0.13131313131313127
2018-12-20,corr_ret_volume_20,99,0.11111111111111116
2018-12-21,corr_ret_volume_20,99,0.2727272727272727
2018-12-24,corr_ret_volume_20,99,0.1515151515151515
2018-12-25,corr_ret_volume_20,99,0.11111111111111116
2018-12-26,corr_ret_volume_20,99,0.18181818181818177
2018-12-27,corr_ret_volume_20,99,0.2525252525252525
2018-12-28,corr_ret_volume_20,90,0.2525252525252525
2019-01-02,corr_ret_volume_20,90,0.3111111111111111
2019-01-03,corr_ret_volume_20,90,0.1333333333333333
2019-01-04,corr_ret_volume_20,90,0.23333333333333328
2019-01-07,corr_ret_volume_20,90,0.2222222222222222
2019-01-08,corr_ret_volume_20,90,0.11111111111111116
2019-01-09,corr_ret_volume_20,90,0.15555555555555556
2019-01-10,corr_ret_volume_20,90,0.12222222222222223
2019-01-11,corr_ret_volume_20,90,0.1333333333333333
2019-01-14,corr_ret_volume_20,90,0.1333333333333333
2019-01-15,corr_ret_volume_20,90,0.30000000000000004
2019-01-16,corr_ret_volume_20,90,0.1444444444444445
2019-01-17,corr_ret_volume_20,90,0.1777777777777778
2019-01-18,corr_ret_volume_20,90,0.2777777777777778
2019-01-21,corr_ret_volume_20,90,0.18888888888888888
2019-01-22,corr_ret_volume_20,91,0.18888888888888888
2019-01-23,corr_ret_volume_20,90,0.15384615384615385
2019-01-24,corr_ret_volume_20,90,0.23333333333333328
2019-01-25,corr_ret_volume_20,90,0.1777777777777778
2019-01-28,corr_ret_volume_20,90,0.1444444444444445
2019-01-29,corr_ret_volume_20,99,0.28888888888888886
2019-01-30,corr_ret_volume_20,100,0.1515151515151515
2019-01-31,corr_ret_volume_20,100,0.18999999999999995
2019-02-01,corr_ret_volume_20,99,0.29000000000000004
2019-02-11,corr_ret_volume_20,99,0.21212121212121215
2019-02-12,corr_ret_volume_20,99,0.18181818181818177
2019-02-13,corr_ret_volume_20,99,0.21212121212121215
2019-02-14,corr_ret_volume_20,100,0.14141414141414144
2019-02-15,corr_ret_volume_20,100,0.13
2019-02-18,corr_ret_volume_20,100,0.19999999999999996
2019-02-19,corr_ret_volume_20,100,0.25
2019-02-20,corr_ret_volume_20,99,0.17000000000000004
2019-02-21,corr_ret_volume_20,99,0.21212121212121215
2019-02-22,corr_ret_volume_20,99,0.303030303030303
2019-02-25,corr_ret_volume_20,99,0.43434343434343436
2019-02-26,corr_ret_volume_20,99,0.5252525252525253
2019-02-27,corr_ret_volume_20,99,0.3232323232323232
2019-02-28,corr_ret_volume_20,99,0.14141414141414144
2019-03-01,corr_ret_volume_20,99,0.13131313131313127
2019-03-04,corr_ret_volume_20,99,0.2222222222222222
2019-03-05,corr_ret_volume_20,99,0.2525252525252525
2019-03-06,corr_ret_volume_20,99,0.2828282828282829
2019-03-07,corr_ret_volume_20,99,0.29292929292929293
2019-03-08,corr_ret_volume_20,99,0.4444444444444444
2019-03-11,corr_ret_volume_20,99,0.2222222222222222
2019-03-12,corr_ret_volume_20,99,0.21212121212121215
2019-03-13,corr_ret_volume_20,99,0.2727272727272727
2019-03-14,corr_ret_volume_20,99,0.1717171717171717
2019-03-15,corr_ret_volume_20,99,0.14141414141414144
2019-03-18,corr_ret_volume_20,99,0.19191919191919193
2019-03-19,corr_ret_volume_20,99,0.13131313131313127
2019-03-20,corr_ret_volume_20,99,0.13131313131313127
2019-03-21,corr_ret_volume_20,99,0.101010101010101
2019-03-22,corr_ret_volume_20,99,0.202020202020202
2019-03-25,corr_ret_volume_20,99,0.303030303030303
2019-03-26,corr_ret_volume_20,99,0.26262626262626265
2019-03-27,corr_ret_volume_20,98,0.202020202020202
2019-03-28,corr_ret_volume_20,99,0.15306122448979587
2019-03-29,corr_ret_volume_20,99,0.18181818181818177
2019-04-01,corr_ret_volume_20,99,0.1717171717171717
2019-04-02,corr_ret_volume_20,99,0.1515151515151515
2019-04-03,corr_ret_volume_20,98,0.18181818181818177
2019-04-04,corr_ret_volume_20,98,0.173469387755102
2019-04-08,corr_ret_volume_20,98,0.3877551020408163
2019-04-09,corr_ret_volume_20,98,0.24489795918367352
2019-04-10,corr_ret_volume_20,98,0.15306122448979587
2019-04-11,corr_ret_volume_20,98,0.19387755102040816
2019-04-12,corr_ret_volume_20,98,0.19387755102040816
2019-04-15,corr_ret_volume_20,98,0.18367346938775508
2019-04-16,corr_ret_volume_20,98,0.22448979591836737
2019-04-17,corr_ret_volume_20,98,0.1428571428571429
2019-04-18,corr_ret_volume_20,98,0.12244897959183676
2019-04-19,corr_ret_volume_20,98,0.173469387755102
2019-04-22,corr_ret_volume_20,98,0.1428571428571429
2019-04-23,corr_ret_volume_20,98,0.1428571428571429
2019-04-24,corr_ret_volume_20,98,0.2142857142857143
2019-04-25,corr_ret_volume_20,98,0.173469387755102
2019-04-26,corr_ret_volume_20,98,0.18367346938775508
2019-04-29,corr_ret_volume_20,97,0.2551020408163265
2019-04-30,corr_ret_volume_20,97,0.27835051546391754
2019-05-06,corr_ret_volume_20,97,0.27835051546391754
2019-05-07,corr_ret_volume_20,97,0.21649484536082475
2019-05-08,corr_ret_volume_20,97,0.14432989690721654
2019-05-09,corr_ret_volume_20,98,0.2680412371134021
2019-05-10,corr_ret_volume_20,98,0.173469387755102
2019-05-13,corr_ret_volume_20,98,0.1428571428571429
2019-05-14,corr_ret_volume_20,98,0.11224489795918369
2019-05-15,corr_ret_volume_20,98,0.13265306122448983
2019-05-16,corr_ret_volume_20,98,0.15306122448979587
2019-05-17,corr_ret_volume_20,98,0.19387755102040816
2019-05-20,corr_ret_volume_20,98,0.173469387755102
2019-05-21,corr_ret_volume_20,98,0.0714285714285714
2019-05-22,corr_ret_volume_20,98,0.12244897959183676
2019-05-23,corr_ret_volume_20,98,0.08163265306122447
2019-05-24,corr_ret_volume_20,98,0.10204081632653061
2019-05-27,corr_ret_volume_20,98,0.11224489795918369
2019-05-28,corr_ret_volume_20,97,0.10204081632653061
2019-05-29,corr_ret_volume_20,98,0.061855670103092786
2019-05-30,corr_ret_volume_20,98,0.12244897959183676
2019-05-31,corr_ret_volume_20,98,0.13265306122448983
2019-06-03,corr_ret_volume_20,99,0.4897959183673469
2019-06-04,corr_ret_volume_20,99,0.24242424242424243
2019-06-05,corr_ret_volume_20,99,0.19191919191919193
2019-06-06,corr_ret_volume_20,99,0.18181818181818177
2019-06-10,corr_ret_volume_20,99,0.23232323232323238
2019-06-11,corr_ret_volume_20,99,0.303030303030303
2019-06-12,corr_ret_volume_20,99,0.12121212121212122
2019-06-13,corr_ret_volume_20,99,0.13131313131313127
2019-06-14,corr_ret_volume_20,99,0.1515151515151515
2019-06-17,corr_ret_volume_20,99,0.36363636363636365
2019-06-18,corr_ret_volume_20,99,0.202020202020202
2019-06-19,corr_ret_volume_20,99,0.202020202020202
2019-06-20,corr_ret_volume_20,99,0.2525252525252525
2019-06-21,corr_ret_volume_20,99,0.202020202020202
2019-06-24,corr_ret_volume_20,99,0.1515151515151515
2019-06-25,corr_ret_volume_20,99,0.2222222222222222
2019-06-26,corr_ret_volume_20,99,0.11111111111111116
2019-06-27,corr_ret_volume_20,98,0.09090909090909094
2019-06-28,corr_ret_volume_20,91,0.173469387755102
2019-07-01,corr_ret_volume_20,91,0.18681318681318682
2019-07-02,corr_ret_volume_20,91,0.17582417582417587
2019-07-03,corr_ret_volume_20,91,0.17582417582417587
2019-07-04,corr_ret_volume_20,91,0.19780219780219777
2019-07-05,corr_ret_volume_20,91,0.19780219780219777
2019-07-08,corr_ret_volume_20,91,0.2637362637362637
2019-07-09,corr_ret_volume_20,91,0.25274725274725274
2019-07-10,corr_ret_volume_20,91,0.09890109890109888
2019-07-11,corr_ret_volume_20,91,0.09890109890109888
2019-07-12,corr_ret_volume_20,91,0.1648351648351648
2019-07-15,corr_ret_volume_20,91,0.13186813186813184
2019-07-16,corr_ret_volume_20,91,0.09890109890109888
2019-07-17,corr_ret_volume_20,91,0.10989010989010994
2019-07-18,corr_ret_volume_20,91,0.19780219780219777
2019-07-19,corr_ret_volume_20,91,0.1208791208791209
2019-07-22,corr_ret_volume_20,92,0.1648351648351648
2019-07-23,corr_ret_volume_20,92,0.11956521739130432
2019-07-24,corr_ret_volume_20,91,0.15217391304347827
2019-07-25,corr_ret_volume_20,92,0.15384615384615385
2019-07-26,corr_ret_volume_20,100,0.17391304347826086
2019-07-29,corr_ret_volume_20,100,0.15000000000000002
2019-07-30,corr_ret_volume_20,100,0.17000000000000004
2019-07-31,corr_ret_volume_20,100,0.13
2019-08-01,corr_ret_volume_20,100,0.14
2019-08-02,corr_ret_volume_20,100,0.16000000000000003
2019-08-05,corr_ret_volume_20,100,0.27
2019-08-06,corr_ret_volume_20,100,0.26
2019-08-07,corr_ret_volume_20,100,0.14
2019-08-08,corr_ret_volume_20,100,0.09999999999999998
2019-08-09,corr_ret_volume_20,100,0.15000000000000002
2019-08-12,corr_ret_volume_20,100,0.20999999999999996
2019-08-13,corr_ret_volume_20,100,0.12
2019-08-14,corr_ret_volume_20,99,0.13
2019-08-15,corr_ret_volume_20,99,0.18181818181818177
2019-08-16,corr_ret_volume_20,99,0.13131313131313127
2019-08-19,corr_ret_volume_20,99,0.29292929292929293
2019-08-20,corr_ret_volume_20,100,0.1515151515151515
2019-08-21,corr_ret_volume_20,100,0.15000000000000002
2019-08-22,corr_ret_volume_20,100,0.16000000000000003
2019-08-23,corr_ret_volume_20,100,0.15000000000000002
2019-08-26,corr_ret_volume_20,100,0.16000000000000003
2019-08-27,corr_ret_volume_20,100,0.18999999999999995
2019-08-28,corr_ret_volume_20,100,0.15000000000000002
2019-08-29,corr_ret_volume_20,100,0.10999999999999999
2019-08-30,corr_ret_volume_20,100,0.21999999999999997
2019-09-02,corr_ret_volume_20,100,0.28
2019-09-03,corr_ret_volume_20,100,0.39
2019-09-04,corr_ret_volume_20,100,0.18000000000000005
2019-09-05,corr_ret_volume_20,100,0.27
2019-09-06,corr_ret_volume_20,100,0.17000000000000004
2019-09-09,corr_ret_volume_20,100,0.24
2019-09-10,corr_ret_volume_20,100,0.24
2019-09-11,corr_ret_volume_20,100,0.20999999999999996
2019-09-12,corr_ret_volume_20,100,0.21999999999999997
2019-09-16,corr_ret_volume_20,100,0.20999999999999996
2019-09-17,corr_ret_volume_20,100,0.32999999999999996
2019-09-18,corr_ret_volume_20,100,0.24
2019-09-19,corr_ret_volume_20,100,0.18000000000000005
2019-09-20,corr_ret_volume_20,100,0.13
2019-09-23,corr_ret_volume_20,100,0.17000000000000004
2019-09-24,corr_ret_volume_20,100,0.19999999999999996
2019-09-25,corr_ret_volume_20,100,0.24
2019-09-26,corr_ret_volume_20,100,0.21999999999999997
2019-09-27,corr_ret_volume_20,99,0.19999999999999996
2019-09-30,corr_ret_volume_20,99,0.18181818181818177
2019-10-08,corr_ret_volume_20,99,0.2525252525252525
2019-10-09,corr_ret_volume_20,99,0.21212121212121215
2019-10-10,corr_ret_volume_20,99,0.202020202020202
2019-10-11,corr_ret_volume_20,99,0.14141414141414144
2019-10-14,corr_ret_volume_20,99,0.1515151515151515
2019-10-15,corr_ret_volume_20,99,0.16161616161616166
2019-10-16,corr_ret_volume_20,99,0.14141414141414144
2019-10-17,corr_ret_volume_20,99,0.12121212121212122
2019-10-18,corr_ret_volume_20,99,0.12121212121212122
2019-10-21,corr_ret_volume_20,99,0.1717171717171717
2019-10-22,corr_ret_volume_20,99,0.1717171717171717
2019-10-23,corr_ret_volume_20,99,0.16161616161616166
2019-10-24,corr_ret_volume_20,99,0.18181818181818177
2019-10-25,corr_ret_volume_20,99,0.101010101010101
2019-10-28,corr_ret_volume_20,99,0.2828282828282829
2019-10-29,corr_ret_volume_20,99,0.26262626262626265
2019-10-30,corr_ret_volume_20,98,0.16161616161616166
2019-10-31,corr_ret_volume_20,99,0.18367346938775508
2019-11-01,corr_ret_volume_20,99,0.21212121212121215
2019-11-04,corr_ret_volume_20,99,0.16161616161616166
2019-11-05,corr_ret_volume_20,99,0.18181818181818177
2019-11-06,corr_ret_volume_20,99,0.19191919191919193
2019-11-07,corr_ret_volume_20,99,0.1515151515151515
2019-11-08,corr_ret_volume_20,99,0.14141414141414144
2019-11-11,corr_ret_volume_20,99,0.2222222222222222
2019-11-12,corr_ret_volume_20,99,0.101010101010101
2019-11-13,corr_ret_volume_20,99,0.08080808080808077
2019-11-14,corr_ret_volume_20,99,0.07070707070707072
2019-11-15,corr_ret_volume_20,99,0.13131313131313127
2019-11-18,corr_ret_volume_20,99,0.14141414141414144
2019-11-19,corr_ret_volume_20,100,0.13131313131313127
2019-11-20,corr_ret_volume_20,100,0.13
2019-11-21,corr_ret_volume_20,100,0.13
2019-11-22,corr_ret_volume_20,100,0.14
2019-11-25,corr_ret_volume_20,99,0.29000000000000004
2019-11-26,corr_ret_volume_20,99,0.16161616161616166
2019-11-27,corr_ret_volume_20,99,0.1515151515151515
2019-11-28,corr_ret_volume_20,100,0.12121212121212122
2019-11-29,corr_ret_volume_20,100,0.14
2019-12-02,corr_ret_volume_20,100,0.10999999999999999
2019-12-03,corr_ret_volume_20,100,0.14
2019-12-04,corr_ret_volume_20,100,0.15000000000000002
2019-12-05,corr_ret_volume_20,100,0.14
2019-12-06,corr_ret_volume_20,100,0.13
2019-12-09,corr_ret_volume_20,100,0.27
2019-12-10,corr_ret_volume_20,100,0.14
2019-12-11,corr_ret_volume_20,100,0.17000000000000004
2019-12-12,corr_ret_volume_20,100,0.13
2019-12-13,corr_ret_volume_20,100,0.31999999999999995
2019-12-16,corr_ret_volume_20,100,0.24
2019-12-17,corr_ret_volume_20,100,0.37
2019-12-18,corr_ret_volume_20,100,0.22999999999999998
2019-12-19,corr_ret_volume_20,100,0.19999999999999996
2019-12-20,corr_ret_volume_20,100,0.31999999999999995
2019-12-23,corr_ret_volume_20,100,0.36
2019-12-24,corr_ret_volume_20,100,0.28
2019-12-25,corr_ret_volume_20,100,0.18999999999999995
2019-12-26,corr_ret_volume_20,100,0.09999999999999998
2019-12-27,corr_ret_volume_20,100,0.16000000000000003
2019-12-30,corr_ret_volume_20,100,0.19999999999999996
2019-12-31,corr_ret_volume_20,92,0.26
2020-01-02,corr_ret_volume_20,92,0.23913043478260865
2020-01-03,corr_ret_volume_20,92,0.25
2020-01-06,corr_ret_volume_20,91,0.25
2020-01-07,corr_ret_volume_20,91,0.19780219780219777
2020-01-08,corr_ret_volume_20,91,0.20879120879120883
2020-01-09,corr_ret_volume_20,91,0.19780219780219777
2020-01-10,corr_ret_volume_20,91,0.13186813186813184
2020-01-13,corr_ret_volume_20,92,0.1428571428571429
2020-01-14,corr_ret_volume_20,92,0.17391304347826086
2020-01-15,corr_ret_volume_20,92,0.13043478260869568
2020-01-16,corr_ret_volume_20,92,0.13043478260869568
2020-01-17,corr_ret_volume_20,92,0.17391304347826086
2020-01-20,corr_ret_volume_20,92,0.1630434782608695
2020-01-21,corr_ret_volume_20,92,0.23913043478260865
2020-01-22,corr_ret_volume_20,92,0.30434782608695654
2020-01-23,corr_ret_volume_20,92,0.34782608695652173
2020-02-03,corr_ret_volume_20,92,0.5217391304347826
2020-02-04,corr_ret_volume_20,92,0.3695652173913043
2020-02-05,corr_ret_volume_20,92,0.17391304347826086
2020-02-06,corr_ret_volume_20,100,0.2282608695652174
2020-02-07,corr_ret_volume_20,100,0.19999999999999996
2020-02-10,corr_ret_volume_20,100,0.18999999999999995
2020-02-11,corr_ret_volume_20,100,0.17000000000000004
2020-02-12,corr_ret_volume_20,100,0.12
2020-02-13,corr_ret_volume_20,100,0.18000000000000005
2020-02-14,corr_ret_volume_20,100,0.18999999999999995
2020-02-17,corr_ret_volume_20,100,0.24
2020-02-18,corr_ret_volume_20,100,0.14
2020-02-19,corr_ret_volume_20,100,0.10999999999999999
2020-02-20,corr_ret_volume_20,100,0.14
2020-02-21,corr_ret_volume_20,100,0.17000000000000004
2020-02-24,corr_ret_volume_20,100,0.15000000000000002
2020-02-25,corr_ret_volume_20,100,0.20999999999999996
2020-02-26,corr_ret_volume_20,100,0.38
2020-02-27,corr_ret_volume_20,100,0.18999999999999995
2020-02-28,corr_ret_volume_20,100,0.30000000000000004
2020-03-02,corr_ret_volume_20,100,0.52
2020-03-03,corr_ret_volume_20,100,0.22999999999999998
2020-03-04,corr_ret_volume_20,100,0.17000000000000004
2020-03-05,corr_ret_volume_20,100,0.20999999999999996
2020-03-06,corr_ret_volume_20,100,0.15000000000000002
2020-03-09,corr_ret_volume_20,100,0.18999999999999995
2020-03-10,corr_ret_volume_20,100,0.18999999999999995
2020-03-11,corr_ret_volume_20,100,0.18000000000000005
2020-03-12,corr_ret_volume_20,100,0.12
2020-03-13,corr_ret_volume_20,100,0.16000000000000003
2020-03-16,corr_ret_volume_20,100,0.26
2020-03-17,corr_ret_volume_20,100,0.15000000000000002
2020-03-18,corr_ret_volume_20,100,0.14
2020-03-19,corr_ret_volume_20,99,0.18999999999999995
2020-03-20,corr_ret_volume_20,99,0.14141414141414144
2020-03-23,corr_ret_volume_20,99,0.14141414141414144
2020-03-24,corr_ret_volume_20,99,0.12121212121212122
2020-03-25,corr_ret_volume_20,99,0.1717171717171717
2020-03-26,corr_ret_volume_20,99,0.14141414141414144
2020-03-27,corr_ret_volume_20,99,0.21212121212121215
2020-03-30,corr_ret_volume_20,99,0.26262626262626265
2020-03-31,corr_ret_volume_20,99,0.21212121212121215
2020-04-01,corr_ret_volume_20,99,0.19191919191919193
2020-04-02,corr_ret_volume_20,99,0.1717171717171717
2020-04-03,corr_ret_volume_20,99,0.12121212121212122
2020-04-07,corr_ret_volume_20,99,0.24242424242424243
2020-04-08,corr_ret_volume_20,99,0.1515151515151515
2020-04-09,corr_ret_volume_20,99,0.101010101010101
2020-04-10,corr_ret_volume_20,99,0.13131313131313127
2020-04-13,corr_ret_volume_20,99,0.16161616161616166
2020-04-14,corr_ret_volume_20,99,0.2727272727272727
2020-04-15,corr_ret_volume_20,99,0.202020202020202
2020-04-16,corr_ret_volume_20,99,0.21212121212121215
2020-04-17,corr_ret_volume_20,99,0.202020202020202
2020-04-20,corr_ret_volume_20,99,0.14141414141414144
2020-04-21,corr_ret_volume_20,99,0.4040404040404041
2020-04-22,corr_ret_volume_20,99,0.2525252525252525
2020-04-23,corr_ret_volume_20,99,0.21212121212121215
2020-04-24,corr_ret_volume_20,99,0.23232323232323238
2020-04-27,corr_ret_volume_20,99,0.16161616161616166
2020-04-28,corr_ret_volume_20,99,0.303030303030303
2020-04-29,corr_ret_volume_20,99,0.16161616161616166
2020-04-30,corr_ret_volume_20,98,0.26262626262626265
2020-05-06,corr_ret_volume_20,98,0.18367346938775508
2020-05-07,corr_ret_volume_20,98,0.15306122448979587
2020-05-08,corr_ret_volume_20,98,0.11224489795918369
2020-05-11,corr_ret_volume_20,99,0.12244897959183676
2020-05-12,corr_ret_volume_20,99,0.11111111111111116
2020-05-13,corr_ret_volume_20,99,0.16161616161616166
2020-05-14,corr_ret_volume_20,99,0.12121212121212122
2020-05-15,corr_ret_volume_20,99,0.1515151515151515
2020-05-18,corr_ret_volume_20,99,0.23232323232323238
2020-05-19,corr_ret_volume_20,99,0.12121212121212122
2020-05-20,corr_ret_volume_20,99,0.1515151515151515
2020-05-21,corr_ret_volume_20,99,0.12121212121212122
2020-05-22,corr_ret_volume_20,99,0.1515151515151515
2020-05-25,corr_ret_volume_20,99,0.1515151515151515
2020-05-26,corr_ret_volume_20,99,0.16161616161616166
2020-05-27,corr_ret_volume_20,99,0.202020202020202
2020-05-28,corr_ret_volume_20,99,0.16161616161616166
2020-05-29,corr_ret_volume_20,99,0.23232323232323238
2020-06-01,corr_ret_volume_20,99,0.2727272727272727
2020-06-02,corr_ret_volume_20,99,0.202020202020202
2020-06-03,corr_ret_volume_20,99,0.202020202020202
2020-06-04,corr_ret_volume_20,99,0.1717171717171717
2020-06-05,corr_ret_volume_20,99,0.16161616161616166
2020-06-08,corr_ret_volume_20,99,0.1515151515151515
2020-06-09,corr_ret_volume_20,99,0.11111111111111116
2020-06-10,corr_ret_volume_20,99,0.11111111111111116
2020-06-11,corr_ret_volume_20,99,0.16161616161616166
2020-06-12,corr_ret_volume_20,99,0.14141414141414144
2020-06-15,corr_ret_volume_20,99,0.23232323232323238
2020-06-16,corr_ret_volume_20,99,0.2525252525252525
2020-06-17,corr_ret_volume_20,99,0.16161616161616166
2020-06-18,corr_ret_volume_20,99,0.23232323232323238
2020-06-19,corr_ret_volume_20,99,0.202020202020202
2020-06-22,corr_ret_volume_20,99,0.1515151515151515
2020-06-23,corr_ret_volume_20,98,0.21212121212121215
2020-06-24,corr_ret_volume_20,98,0.2142857142857143
2020-06-29,corr_ret_volume_20,98,0.2142857142857143
2020-06-30,corr_ret_volume_20,90,0.2551020408163265
2020-07-01,corr_ret_volume_20,90,0.25555555555555554
2020-07-02,corr_ret_volume_20,90,0.34444444444444444
2020-07-03,corr_ret_volume_20,90,0.2666666666666667
2020-07-06,corr_ret_volume_20,90,0.2777777777777778
2020-07-07,corr_ret_volume_20,90,0.5444444444444445
2020-07-08,corr_ret_volume_20,90,0.28888888888888886
2020-07-09,corr_ret_volume_20,90,0.33333333333333337
2020-07-10,corr_ret_volume_20,90,0.38888888888888884
2020-07-13,corr_ret_volume_20,90,0.2666666666666667
2020-07-14,corr_ret_volume_20,90,0.3222222222222222
2020-07-15,corr_ret_volume_20,90,0.34444444444444444
2020-07-16,corr_ret_volume_20,90,0.3111111111111111
2020-07-17,corr_ret_volume_20,90,0.15555555555555556
2020-07-20,corr_ret_volume_20,90,0.28888888888888886
2020-07-21,corr_ret_volume_20,90,0.1777777777777778
2020-07-22,corr_ret_volume_20,90,0.16666666666666663
2020-07-23,corr_ret_volume_20,90,0.16666666666666663
2020-07-24,corr_ret_volume_20,90,0.2666666666666667
2020-07-27,corr_ret_volume_20,90,0.11111111111111116
2020-07-28,corr_ret_volume_20,99,0.15555555555555556
2020-07-29,corr_ret_volume_20,99,0.16161616161616166
2020-07-30,corr_ret_volume_20,99,0.14141414141414144
2020-07-31,corr_ret_volume_20,99,0.13131313131313127
