factor,cluster_id_0_7,proposal_role_0_7,proposed_representative_0_7,representation_sign_0_7,cluster_id_0_85,proposal_role_0_85,proposed_representative_0_85,representation_sign_0_85,cluster_id_0_95,proposal_role_0_95,proposed_representative_0_95,representation_sign_0_95,cluster_id_0_995,proposal_role_0_995,proposed_representative_0_995,representation_sign_0_995,user_decision,replacement_authority,canonical_representation_proposal
alpha158_BETA10,b7629c155c3211cfaec5,retain_horizon_or_semantic_variant,alpha158_BETA10,1.0,d7b9777e0f6ceefffbc1,retain_horizon_or_semantic_variant,alpha158_BETA10,1.0,682dd1cdce705d3b4c08,proposed_representative,alpha158_BETA10,1.0,12fcc6d40c570b0c286b,proposed_representative,alpha158_BETA10,1.0,pending,none_proposal_only,
alpha158_BETA20,306dd709e0cf9595b3eb,retain_horizon_or_semantic_variant,alpha158_BETA20,1.0,fb1d02df222563a817aa,retain_horizon_or_semantic_variant,alpha158_BETA20,1.0,a371273fd2074d9a278b,proposed_representative,alpha158_BETA20,1.0,94edb0b08782464e3777,proposed_representative,alpha158_BETA20,1.0,pending,none_proposal_only,
alpha158_BETA30,306dd709e0cf9595b3eb,retain_horizon_or_semantic_variant,alpha158_BETA30,1.0,8b9c10f1738d819a3a5c,retain_horizon_or_semantic_variant,alpha158_BETA30,1.0,1d6828e275dacdfd9dc6,proposed_representative,alpha158_BETA30,1.0,2446ce5e7eb869bcd22d,proposed_representative,alpha158_BETA30,1.0,pending,none_proposal_only,
alpha158_BETA5,fbcfce924ce2b3e665d6,retain_horizon_or_semantic_variant,alpha158_BETA5,1.0,9c8ea301d328a2cd7d32,retain_horizon_or_semantic_variant,alpha158_BETA5,1.0,654e1918dda895fd41b3,retain_horizon_or_semantic_variant,alpha158_BETA5,1.0,2a62888350c0cb56a22f,proposed_representative,alpha158_BETA5,1.0,pending,none_proposal_only,
alpha158_BETA60,e88b0b2e8560b3953d66,retain_horizon_or_semantic_variant,alpha158_BETA60,1.0,65ee45bf83ffe981ce03,retain_horizon_or_semantic_variant,alpha158_BETA60,1.0,939764fb69f9760e9f7b,proposed_representative,alpha158_BETA60,1.0,de0447dfb5648c1dffa8,proposed_representative,alpha158_BETA60,1.0,pending,none_proposal_only,
alpha158_CNTD30,37c60535286cdbb7c959,retain_horizon_or_semantic_variant,alpha158_CNTD30,1.0,35dc446b1a90ac517df3,retain_horizon_or_semantic_variant,alpha158_CNTD30,1.0,be114a5b4fc6a3a3964c,proposed_representative,alpha158_CNTD30,1.0,ae9976767ab8ebdaf3f9,proposed_representative,alpha158_CNTD30,1.0,pending,none_proposal_only,
alpha158_CNTP30,37c60535286cdbb7c959,retain_horizon_or_semantic_variant,alpha158_CNTP30,1.0,35dc446b1a90ac517df3,retain_horizon_or_semantic_variant,alpha158_CNTP30,1.0,952baf86051d8bea6cae,proposed_representative,alpha158_CNTP30,1.0,9a0e3adf7cf0d296d487,proposed_representative,alpha158_CNTP30,1.0,pending,none_proposal_only,
alpha158_CORD10,2783a85af99f4aedfd9e,proposed_representative,alpha158_CORD10,1.0,8e056b8e792abdcbc303,proposed_representative,alpha158_CORD10,1.0,f8bb4c7720f217c4a701,proposed_representative,alpha158_CORD10,1.0,4f07a867832fb1e5f3bf,proposed_representative,alpha158_CORD10,1.0,pending,none_proposal_only,
alpha158_CORD20,a913f2956452b98932ad,retain_horizon_or_semantic_variant,alpha158_CORD20,1.0,ce29dc1c621b9fb31c07,proposed_representative,alpha158_CORD20,1.0,75d7e0dd5742c892bba4,proposed_representative,alpha158_CORD20,1.0,ff9b8d9eac0ea545aaad,proposed_representative,alpha158_CORD20,1.0,pending,none_proposal_only,
alpha158_CORD30,a913f2956452b98932ad,retain_horizon_or_semantic_variant,alpha158_CORD30,1.0,132e383a3c692ba1089e,proposed_representative,alpha158_CORD30,1.0,37a13d1a27ad3aa322d1,proposed_representative,alpha158_CORD30,1.0,92ddb93a2cb7504c23ba,proposed_representative,alpha158_CORD30,1.0,pending,none_proposal_only,
alpha158_CORD5,3d98f2e823046ee142e9,proposed_representative,alpha158_CORD5,1.0,d5a17e2d5b78a507fac1,proposed_representative,alpha158_CORD5,1.0,0d495298578d1efc9d18,proposed_representative,alpha158_CORD5,1.0,8b1b8a3355693cfef9d2,proposed_representative,alpha158_CORD5,1.0,pending,none_proposal_only,
alpha158_CORD60,67a0a5f4dd2913c3a06a,proposed_representative,alpha158_CORD60,1.0,ee1914b04993cbfcfdf0,proposed_representative,alpha158_CORD60,1.0,abcb39d6433b8afd507a,proposed_representative,alpha158_CORD60,1.0,c6e1bdb112c357ea3f27,proposed_representative,alpha158_CORD60,1.0,pending,none_proposal_only,
alpha158_CORR10,d9616667058381ef68dc,proposed_representative,alpha158_CORR10,1.0,1b87df472e386a2274ae,proposed_representative,alpha158_CORR10,1.0,a2d1a924f5fc0e215038,proposed_representative,alpha158_CORR10,1.0,a57fc0dd3ede3a735bc9,proposed_representative,alpha158_CORR10,1.0,pending,none_proposal_only,
alpha158_CORR20,0b4afbeca84160affc0b,retain_horizon_or_semantic_variant,alpha158_CORR20,1.0,ce1953d5155d1b3d4166,proposed_representative,alpha158_CORR20,1.0,dd3a084657f04673ea64,proposed_representative,alpha158_CORR20,1.0,7d8f646bd55a94c7526f,proposed_representative,alpha158_CORR20,1.0,pending,none_proposal_only,
alpha158_CORR30,0b4afbeca84160affc0b,retain_horizon_or_semantic_variant,alpha158_CORR30,1.0,2857a87c99d5e649be37,proposed_representative,alpha158_CORR30,1.0,818eff8fd93ce094e6a2,proposed_representative,alpha158_CORR30,1.0,d2daa33daa1bae7ddcb8,proposed_representative,alpha158_CORR30,1.0,pending,none_proposal_only,
alpha158_CORR5,ab1aa211315bbd8dbd8f,proposed_representative,alpha158_CORR5,1.0,64ff92670d1fc7a450a0,proposed_representative,alpha158_CORR5,1.0,957e44f0d279c7d75a9a,proposed_representative,alpha158_CORR5,1.0,b702894686ea328a34dd,proposed_representative,alpha158_CORR5,1.0,pending,none_proposal_only,
alpha158_CORR60,1f29a4164dbaa92e277d,proposed_representative,alpha158_CORR60,1.0,cfc2852027b8fa833e78,proposed_representative,alpha158_CORR60,1.0,ac219d870aee34fcb105,proposed_representative,alpha158_CORR60,1.0,d592ff8809b35ae23d92,proposed_representative,alpha158_CORR60,1.0,pending,none_proposal_only,
alpha158_IMAX20,88dafc1e34f55dfda573,retain_horizon_or_semantic_variant,alpha158_IMAX20,1.0,d051b694375e548a949d,proposed_representative,alpha158_IMAX20,1.0,6925bc5a09a02bded0f5,proposed_representative,alpha158_IMAX20,1.0,967539051fecb0a01e35,proposed_representative,alpha158_IMAX20,1.0,pending,none_proposal_only,
alpha158_IMAX30,b688a2e44a76ff1046be,retain_horizon_or_semantic_variant,alpha158_IMAX30,1.0,5d0a2536eadffa31c504,proposed_representative,alpha158_IMAX30,1.0,a06b551e0969a2bf0981,proposed_representative,alpha158_IMAX30,1.0,4f8d55f9df820e7c7284,proposed_representative,alpha158_IMAX30,1.0,pending,none_proposal_only,
alpha158_IMAX60,c3d8620de09032791bb7,retain_horizon_or_semantic_variant,alpha158_IMAX60,1.0,0ea703d9c7528e585a4a,proposed_representative,alpha158_IMAX60,1.0,606f3f7b79b6888414b8,proposed_representative,alpha158_IMAX60,1.0,70dc3bf4c1a363dcbd44,proposed_representative,alpha158_IMAX60,1.0,pending,none_proposal_only,
alpha158_IMIN20,ed504586af73b9136812,proposed_representative,alpha158_IMIN20,1.0,4d038426683be578092e,proposed_representative,alpha158_IMIN20,1.0,a7fbb75b889b8efd2021,proposed_representative,alpha158_IMIN20,1.0,41eb086ec42546f58afa,proposed_representative,alpha158_IMIN20,1.0,pending,none_proposal_only,
alpha158_IMIN30,0d32654d4acac8673d96,retain_horizon_or_semantic_variant,alpha158_IMIN30,1.0,6ecdf74759887a6c3d0c,proposed_representative,alpha158_IMIN30,1.0,687536b7e6b2f3329e2c,proposed_representative,alpha158_IMIN30,1.0,ce4411bf34c689130567,proposed_representative,alpha158_IMIN30,1.0,pending,none_proposal_only,
alpha158_IMIN60,496b9558f6b15d4d6131,proposed_representative,alpha158_IMIN60,1.0,ca009d62ffb4e38d4f51,proposed_representative,alpha158_IMIN60,1.0,7c87da6c37f06abd362a,proposed_representative,alpha158_IMIN60,1.0,b067806ca732b09822b3,proposed_representative,alpha158_IMIN60,1.0,pending,none_proposal_only,
alpha158_IMXD20,88dafc1e34f55dfda573,retain_horizon_or_semantic_variant,alpha158_IMXD20,1.0,1c87baddb1ca72c9f1f5,proposed_representative,alpha158_IMXD20,1.0,c9661f47c4971f2f2fbf,proposed_representative,alpha158_IMXD20,1.0,283c0a8bed4026efdb61,proposed_representative,alpha158_IMXD20,1.0,pending,none_proposal_only,
alpha158_IMXD30,b688a2e44a76ff1046be,retain_horizon_or_semantic_variant,alpha158_IMXD30,1.0,3947a64400c86cab4da5,proposed_representative,alpha158_IMXD30,1.0,ad0a840e4f9e0584489f,proposed_representative,alpha158_IMXD30,1.0,5c4871a5af3b1c69b752,proposed_representative,alpha158_IMXD30,1.0,pending,none_proposal_only,
alpha158_IMXD60,c3d8620de09032791bb7,retain_horizon_or_semantic_variant,alpha158_IMXD60,1.0,5bda4ea1edbf84b2c299,proposed_representative,alpha158_IMXD60,1.0,695e482b6e8b4adf0ec3,proposed_representative,alpha158_IMXD60,1.0,1cb5ae70952107981baf,proposed_representative,alpha158_IMXD60,1.0,pending,none_proposal_only,
alpha158_KLEN,ec24da66ac1559d1336f,proposed_representative,alpha158_KLEN,1.0,92de1d9fafb10d19e62d,proposed_representative,alpha158_KLEN,1.0,746cf6d53ce5701f6c91,proposed_representative,alpha158_KLEN,1.0,c60d267958733d9341d3,proposed_representative,alpha158_KLEN,1.0,pending,none_proposal_only,
alpha158_KLOW,9df67f90fa34b907a6a3,proposed_representative,alpha158_KLOW,1.0,85c3918a22d6e0e6b04f,proposed_representative,alpha158_KLOW,1.0,a57b0dd3dd119034bd0c,proposed_representative,alpha158_KLOW,1.0,d01d091f629f220567f7,proposed_representative,alpha158_KLOW,1.0,pending,none_proposal_only,
alpha158_KUP,28f83ec655f723919f67,proposed_representative,alpha158_KUP,1.0,b3733a70b7e7cecb1829,proposed_representative,alpha158_KUP,1.0,26d9a7d152ec948b54ee,proposed_representative,alpha158_KUP,1.0,4b1e4c10cd819ec38598,proposed_representative,alpha158_KUP,1.0,pending,none_proposal_only,
alpha158_LOW0,ad1034067c984367899a,retain_horizon_or_semantic_variant,alpha158_LOW0,1.0,6e8b881c5b29083f2cd9,retain_horizon_or_semantic_variant,alpha158_LOW0,1.0,a2854e4f9bc320479b60,retain_horizon_or_semantic_variant,alpha158_LOW0,1.0,a7d29ec1593b64cb89bb,retain_horizon_or_semantic_variant,alpha158_LOW0,1.0,pending,none_proposal_only,alpha158_LOW0
alpha158_MA10,1e4d503306f15d3a7192,retain_horizon_or_semantic_variant,alpha158_MA10,1.0,b855fce0089e165b279c,retain_horizon_or_semantic_variant,alpha158_MA10,1.0,6b05b7d62e5cb0568aab,proposed_representative,alpha158_MA10,1.0,09b333d1eced136ffe86,proposed_representative,alpha158_MA10,1.0,pending,none_proposal_only,
alpha158_MA20,dc7dc4ccc1bcc1a729c0,retain_horizon_or_semantic_variant,alpha158_MA20,1.0,e7b56d64b308b6a6b331,retain_horizon_or_semantic_variant,alpha158_MA20,1.0,b3cff2ec39c6610409a0,proposed_representative,alpha158_MA20,1.0,c5c2279889353b96306d,proposed_representative,alpha158_MA20,1.0,pending,none_proposal_only,
alpha158_MA30,dc7dc4ccc1bcc1a729c0,retain_horizon_or_semantic_variant,alpha158_MA30,1.0,760344d19d910c88a231,retain_horizon_or_semantic_variant,alpha158_MA30,1.0,9c705929f3daf5f4d669,proposed_representative,alpha158_MA30,1.0,21af19e53c7b130cc690,proposed_representative,alpha158_MA30,1.0,pending,none_proposal_only,
alpha158_MA5,4d67c4edaacfd610ed74,retain_horizon_or_semantic_variant,alpha158_MA5,1.0,2cf2e4c7943d89b5b2db,retain_horizon_or_semantic_variant,alpha158_MA5,1.0,e4b08206906026a54081,proposed_representative,alpha158_MA5,1.0,5a1294d667e1e4495db8,proposed_representative,alpha158_MA5,1.0,pending,none_proposal_only,
alpha158_MA60,084d1953fa6e95c9d420,retain_horizon_or_semantic_variant,alpha158_MA60,1.0,2cd8ec2f71b681c8a2d8,retain_horizon_or_semantic_variant,alpha158_MA60,1.0,f54e5e62df1e43ff212a,proposed_representative,alpha158_MA60,1.0,9226cf5da77330476c1d,proposed_representative,alpha158_MA60,1.0,pending,none_proposal_only,
alpha158_MAX5,d5f57684274e9e6b64f9,proposed_representative,alpha158_MAX5,1.0,f1260a1077021ff345c4,proposed_representative,alpha158_MAX5,1.0,4e31f53de96f4fe76409,proposed_representative,alpha158_MAX5,1.0,6ac3d5e9ccb70d974bcb,proposed_representative,alpha158_MAX5,1.0,pending,none_proposal_only,
alpha158_MIN10,ed238e002c5beff52395,retain_horizon_or_semantic_variant,alpha158_MIN10,1.0,0ea75c2af358cad5a82c,proposed_representative,alpha158_MIN10,1.0,7eddb9d31590178b5e79,proposed_representative,alpha158_MIN10,1.0,82bcce09bc2024dba8bd,proposed_representative,alpha158_MIN10,1.0,pending,none_proposal_only,
alpha158_MIN20,57eec38f5d9f31f5a342,retain_horizon_or_semantic_variant,alpha158_MIN20,1.0,acac013a5a2e88814f49,retain_horizon_or_semantic_variant,alpha158_MIN20,1.0,ff382c63050eae78fd72,proposed_representative,alpha158_MIN20,1.0,2a6ff4627ffc914b3150,proposed_representative,alpha158_MIN20,1.0,pending,none_proposal_only,
alpha158_MIN30,57eec38f5d9f31f5a342,retain_horizon_or_semantic_variant,alpha158_MIN30,1.0,acac013a5a2e88814f49,retain_horizon_or_semantic_variant,alpha158_MIN30,1.0,4bc4fecdde240cfdaf85,proposed_representative,alpha158_MIN30,1.0,c51c9e7c70356696ffeb,proposed_representative,alpha158_MIN30,1.0,pending,none_proposal_only,
alpha158_MIN5,ed238e002c5beff52395,retain_horizon_or_semantic_variant,alpha158_MIN5,1.0,9bd859cd4f410c55cb68,proposed_representative,alpha158_MIN5,1.0,b703bc6e3ba9f1ff132b,proposed_representative,alpha158_MIN5,1.0,001c3dcf6b9a48f57a67,proposed_representative,alpha158_MIN5,1.0,pending,none_proposal_only,
alpha158_MIN60,57eec38f5d9f31f5a342,retain_horizon_or_semantic_variant,alpha158_MIN60,1.0,d19a1d0786470217e2b9,retain_horizon_or_semantic_variant,alpha158_MIN60,1.0,7e3a42ece612bc550b0a,proposed_representative,alpha158_MIN60,1.0,19268328b54e82b3c381,proposed_representative,alpha158_MIN60,1.0,pending,none_proposal_only,
alpha158_QTLD10,1e4d503306f15d3a7192,retain_horizon_or_semantic_variant,alpha158_QTLD10,1.0,b855fce0089e165b279c,retain_horizon_or_semantic_variant,alpha158_QTLD10,1.0,d4bfc5abb71b2854488c,proposed_representative,alpha158_QTLD10,1.0,fb7557c9568196899c11,proposed_representative,alpha158_QTLD10,1.0,pending,none_proposal_only,
alpha158_QTLD20,dc7dc4ccc1bcc1a729c0,retain_horizon_or_semantic_variant,alpha158_QTLD20,1.0,333854b667bd90f28686,retain_horizon_or_semantic_variant,alpha158_QTLD20,1.0,d18607793b10513d7c92,proposed_representative,alpha158_QTLD20,1.0,70d695c0466b6ce16dfe,proposed_representative,alpha158_QTLD20,1.0,pending,none_proposal_only,
alpha158_QTLD30,dc7dc4ccc1bcc1a729c0,retain_horizon_or_semantic_variant,alpha158_QTLD30,1.0,333854b667bd90f28686,retain_horizon_or_semantic_variant,alpha158_QTLD30,1.0,72be48e7eef52752b78b,proposed_representative,alpha158_QTLD30,1.0,441d65ed10f07afea38c,proposed_representative,alpha158_QTLD30,1.0,pending,none_proposal_only,
alpha158_QTLD5,4d67c4edaacfd610ed74,retain_horizon_or_semantic_variant,alpha158_QTLD5,1.0,2cf2e4c7943d89b5b2db,retain_horizon_or_semantic_variant,alpha158_QTLD5,1.0,4f4724d28de02af01da1,proposed_representative,alpha158_QTLD5,1.0,ff47388823cb8e7f9d27,proposed_representative,alpha158_QTLD5,1.0,pending,none_proposal_only,
alpha158_QTLD60,57eec38f5d9f31f5a342,retain_horizon_or_semantic_variant,alpha158_QTLD60,1.0,d19a1d0786470217e2b9,retain_horizon_or_semantic_variant,alpha158_QTLD60,1.0,2ca59647a619fb84db87,proposed_representative,alpha158_QTLD60,1.0,83c3ab7fe46dbc2c850b,proposed_representative,alpha158_QTLD60,1.0,pending,none_proposal_only,
alpha158_QTLU20,dc7dc4ccc1bcc1a729c0,retain_horizon_or_semantic_variant,alpha158_QTLU20,1.0,e7b56d64b308b6a6b331,retain_horizon_or_semantic_variant,alpha158_QTLU20,1.0,ca20cc5e482d281d393b,proposed_representative,alpha158_QTLU20,1.0,268aa2b53f9b2846b8cb,proposed_representative,alpha158_QTLU20,1.0,pending,none_proposal_only,
alpha158_QTLU30,dc7dc4ccc1bcc1a729c0,retain_horizon_or_semantic_variant,alpha158_QTLU30,1.0,760344d19d910c88a231,retain_horizon_or_semantic_variant,alpha158_QTLU30,1.0,f2950e3f45a0089c790b,proposed_representative,alpha158_QTLU30,1.0,7e94364880118cb84fed,proposed_representative,alpha158_QTLU30,1.0,pending,none_proposal_only,
alpha158_QTLU60,084d1953fa6e95c9d420,retain_horizon_or_semantic_variant,alpha158_QTLU60,1.0,2cd8ec2f71b681c8a2d8,retain_horizon_or_semantic_variant,alpha158_QTLU60,1.0,72e4754e1808c9711664,proposed_representative,alpha158_QTLU60,1.0,996c165a7ad99cefa71a,proposed_representative,alpha158_QTLU60,1.0,pending,none_proposal_only,
alpha158_RANK10,1e4d503306f15d3a7192,retain_horizon_or_semantic_variant,alpha158_RANK10,1.0,b855fce0089e165b279c,retain_horizon_or_semantic_variant,alpha158_RANK10,1.0,a0cc06e032968bdc3ccf,proposed_representative,alpha158_RANK10,1.0,fb2a557bc098b77cc95a,proposed_representative,alpha158_RANK10,1.0,pending,none_proposal_only,
alpha158_RANK20,dc7dc4ccc1bcc1a729c0,retain_horizon_or_semantic_variant,alpha158_RANK20,1.0,49c8a41e8afed3ae75e4,retain_horizon_or_semantic_variant,alpha158_RANK20,1.0,7bfbfb8744bb215da763,proposed_representative,alpha158_RANK20,1.0,684d40643479fe56cf83,proposed_representative,alpha158_RANK20,1.0,pending,none_proposal_only,
alpha158_RANK30,dc7dc4ccc1bcc1a729c0,retain_horizon_or_semantic_variant,alpha158_RANK30,1.0,49c8a41e8afed3ae75e4,retain_horizon_or_semantic_variant,alpha158_RANK30,1.0,23809097381c7914fa2e,proposed_representative,alpha158_RANK30,1.0,ede7867065f4a48ecd6e,proposed_representative,alpha158_RANK30,1.0,pending,none_proposal_only,
alpha158_RANK60,084d1953fa6e95c9d420,retain_horizon_or_semantic_variant,alpha158_RANK60,1.0,2cd8ec2f71b681c8a2d8,retain_horizon_or_semantic_variant,alpha158_RANK60,1.0,1d1ccc056dca02694e18,proposed_representative,alpha158_RANK60,1.0,704c8d1b868c8ab5dfcd,proposed_representative,alpha158_RANK60,1.0,pending,none_proposal_only,
alpha158_RESI60,1e206f5b67fa299dde6c,retain_horizon_or_semantic_variant,alpha158_RESI60,1.0,87c29bb2c96acbf308ec,proposed_representative,alpha158_RESI60,1.0,328b3fd312d9efd68c91,proposed_representative,alpha158_RESI60,1.0,5dd31285948d79a0ce96,proposed_representative,alpha158_RESI60,1.0,pending,none_proposal_only,
alpha158_ROC10,b7629c155c3211cfaec5,retain_horizon_or_semantic_variant,alpha158_ROC10,1.0,c398c20da83e349dc94a,retain_horizon_or_semantic_variant,alpha158_ROC10,1.0,68deb3342485271a8235,retain_horizon_or_semantic_variant,alpha158_ROC10,1.0,963aaa8c7e25d871466f,retain_horizon_or_semantic_variant,alpha158_ROC10,1.0,pending,none_proposal_only,alpha158_ROC10
alpha158_ROC20,306dd709e0cf9595b3eb,retain_horizon_or_semantic_variant,alpha158_ROC20,1.0,d644a456a9384bc1a7a8,retain_horizon_or_semantic_variant,alpha158_ROC20,1.0,26c07d46d38336844056,retain_horizon_or_semantic_variant,alpha158_ROC20,1.0,358d75208b12edd6d8c3,retain_horizon_or_semantic_variant,alpha158_ROC20,1.0,pending,none_proposal_only,alpha158_ROC20
alpha158_ROC30,084d1953fa6e95c9d420,retain_horizon_or_semantic_variant,alpha158_ROC30,1.0,7ad7bdd9a681975845d4,retain_horizon_or_semantic_variant,alpha158_ROC30,1.0,bd34cc5be5fc78f5fad8,retain_horizon_or_semantic_variant,alpha158_ROC30,1.0,109daa6c9ef8dfbf4020,retain_horizon_or_semantic_variant,alpha158_ROC30,1.0,pending,none_proposal_only,alpha158_ROC30
alpha158_ROC5,fbcfce924ce2b3e665d6,retain_horizon_or_semantic_variant,alpha158_ROC5,1.0,10ab03ef9cf7699ad71e,retain_horizon_or_semantic_variant,alpha158_ROC5,1.0,97579789a904a6255f78,retain_horizon_or_semantic_variant,alpha158_ROC5,1.0,f6bf23d675dfb9340db4,retain_horizon_or_semantic_variant,alpha158_ROC5,1.0,pending,none_proposal_only,alpha158_ROC5
alpha158_ROC60,e88b0b2e8560b3953d66,retain_horizon_or_semantic_variant,alpha158_ROC60,1.0,5747fe37574b3e22e149,retain_horizon_or_semantic_variant,alpha158_ROC60,1.0,cc4777fa6fc9a5f9feea,retain_horizon_or_semantic_variant,alpha158_ROC60,1.0,4030626c1e875f6499cc,retain_horizon_or_semantic_variant,alpha158_ROC60,1.0,pending,none_proposal_only,
alpha158_RSV20,dc7dc4ccc1bcc1a729c0,retain_horizon_or_semantic_variant,alpha158_RSV20,1.0,9e359c111ed97df2f5b9,retain_horizon_or_semantic_variant,alpha158_RSV20,1.0,899276f28486c25726c5,retain_horizon_or_semantic_variant,alpha158_RSV20,1.0,cc99e622d5c3fa2d5ed9,retain_horizon_or_semantic_variant,alpha158_RSV20,1.0,pending,none_proposal_only,
alpha158_RSV30,dc7dc4ccc1bcc1a729c0,retain_horizon_or_semantic_variant,alpha158_RSV30,1.0,9e359c111ed97df2f5b9,retain_horizon_or_semantic_variant,alpha158_RSV30,1.0,a843ec43f3299d9e2e77,proposed_representative,alpha158_RSV30,1.0,e0dca8a556950403261a,proposed_representative,alpha158_RSV30,1.0,pending,none_proposal_only,
alpha158_RSV60,084d1953fa6e95c9d420,retain_horizon_or_semantic_variant,alpha158_RSV60,1.0,2cd8ec2f71b681c8a2d8,retain_horizon_or_semantic_variant,alpha158_RSV60,1.0,e581876fe1c1bcb55c1a,proposed_representative,alpha158_RSV60,1.0,04d099c0d6f80a9931d2,proposed_representative,alpha158_RSV60,1.0,pending,none_proposal_only,
alpha158_STD10,50ef5790d359c06b271d,proposed_representative,alpha158_STD10,1.0,15ab88f85c5d919cc327,proposed_representative,alpha158_STD10,1.0,7124ee6071f7a02d1193,proposed_representative,alpha158_STD10,1.0,ec581dd8fb2fab0d1f2b,proposed_representative,alpha158_STD10,1.0,pending,none_proposal_only,
alpha158_STD5,1f6e793d220fb2ea30d9,proposed_representative,alpha158_STD5,1.0,b0c74239f353ee5ed5bb,proposed_representative,alpha158_STD5,1.0,a1489f3a2e39d65531c4,proposed_representative,alpha158_STD5,1.0,cf03be3726c9f855cc13,proposed_representative,alpha158_STD5,1.0,pending,none_proposal_only,
alpha158_SUMD10,b7629c155c3211cfaec5,retain_horizon_or_semantic_variant,alpha158_SUMD10,1.0,c398c20da83e349dc94a,retain_horizon_or_semantic_variant,alpha158_SUMD10,1.0,c193906f1e22e8582eda,retain_horizon_or_semantic_variant,alpha158_SUMD10,1.0,458b410f60bc42aa91d7,retain_horizon_or_semantic_variant,alpha158_SUMD10,1.0,pending,none_proposal_only,
alpha158_SUMD20,306dd709e0cf9595b3eb,retain_horizon_or_semantic_variant,alpha158_SUMD20,1.0,d644a456a9384bc1a7a8,retain_horizon_or_semantic_variant,alpha158_SUMD20,1.0,9952d1912045f85c57a9,retain_horizon_or_semantic_variant,alpha158_SUMD20,1.0,97a90b9c5d46f2c944cc,retain_horizon_or_semantic_variant,alpha158_SUMD20,1.0,pending,none_proposal_only,
alpha158_SUMD30,084d1953fa6e95c9d420,retain_horizon_or_semantic_variant,alpha158_SUMD30,1.0,7ad7bdd9a681975845d4,retain_horizon_or_semantic_variant,alpha158_SUMD30,1.0,f5d2dba0f492ddc794d1,retain_horizon_or_semantic_variant,alpha158_SUMD30,1.0,edf76a11fffb3c0f64bb,retain_horizon_or_semantic_variant,alpha158_SUMD30,1.0,pending,none_proposal_only,
alpha158_SUMD60,e88b0b2e8560b3953d66,retain_horizon_or_semantic_variant,alpha158_SUMD60,1.0,5747fe37574b3e22e149,retain_horizon_or_semantic_variant,alpha158_SUMD60,1.0,57e76b2aa396beca8047,retain_horizon_or_semantic_variant,alpha158_SUMD60,1.0,f1604058807fbf7599f7,retain_horizon_or_semantic_variant,alpha158_SUMD60,1.0,pending,none_proposal_only,
alpha158_SUMN10,b7629c155c3211cfaec5,retain_horizon_or_semantic_variant,alpha158_SUMN10,1.0,c398c20da83e349dc94a,retain_horizon_or_semantic_variant,alpha158_SUMN10,1.0,c193906f1e22e8582eda,retain_horizon_or_semantic_variant,alpha158_SUMN10,1.0,458b410f60bc42aa91d7,retain_horizon_or_semantic_variant,alpha158_SUMN10,1.0,pending,none_proposal_only,
alpha158_SUMN20,306dd709e0cf9595b3eb,retain_horizon_or_semantic_variant,alpha158_SUMN20,1.0,d644a456a9384bc1a7a8,retain_horizon_or_semantic_variant,alpha158_SUMN20,1.0,9952d1912045f85c57a9,retain_horizon_or_semantic_variant,alpha158_SUMN20,1.0,97a90b9c5d46f2c944cc,retain_horizon_or_semantic_variant,alpha158_SUMN20,1.0,pending,none_proposal_only,
alpha158_SUMN30,084d1953fa6e95c9d420,retain_horizon_or_semantic_variant,alpha158_SUMN30,1.0,7ad7bdd9a681975845d4,retain_horizon_or_semantic_variant,alpha158_SUMN30,1.0,f5d2dba0f492ddc794d1,retain_horizon_or_semantic_variant,alpha158_SUMN30,1.0,edf76a11fffb3c0f64bb,retain_horizon_or_semantic_variant,alpha158_SUMN30,1.0,pending,none_proposal_only,
alpha158_SUMN60,e88b0b2e8560b3953d66,retain_horizon_or_semantic_variant,alpha158_SUMN60,1.0,5747fe37574b3e22e149,retain_horizon_or_semantic_variant,alpha158_SUMN60,1.0,57e76b2aa396beca8047,retain_horizon_or_semantic_variant,alpha158_SUMN60,1.0,f1604058807fbf7599f7,retain_horizon_or_semantic_variant,alpha158_SUMN60,1.0,pending,none_proposal_only,
alpha158_SUMP10,b7629c155c3211cfaec5,retain_horizon_or_semantic_variant,alpha158_SUMP10,1.0,c398c20da83e349dc94a,retain_horizon_or_semantic_variant,alpha158_SUMP10,1.0,c193906f1e22e8582eda,retain_horizon_or_semantic_variant,alpha158_SUMP10,1.0,458b410f60bc42aa91d7,retain_horizon_or_semantic_variant,alpha158_SUMP10,1.0,pending,none_proposal_only,
alpha158_SUMP20,306dd709e0cf9595b3eb,retain_horizon_or_semantic_variant,alpha158_SUMP20,1.0,d644a456a9384bc1a7a8,retain_horizon_or_semantic_variant,alpha158_SUMP20,1.0,9952d1912045f85c57a9,retain_horizon_or_semantic_variant,alpha158_SUMP20,1.0,97a90b9c5d46f2c944cc,retain_horizon_or_semantic_variant,alpha158_SUMP20,1.0,pending,none_proposal_only,
alpha158_SUMP30,084d1953fa6e95c9d420,retain_horizon_or_semantic_variant,alpha158_SUMP30,1.0,7ad7bdd9a681975845d4,retain_horizon_or_semantic_variant,alpha158_SUMP30,1.0,f5d2dba0f492ddc794d1,retain_horizon_or_semantic_variant,alpha158_SUMP30,1.0,edf76a11fffb3c0f64bb,retain_horizon_or_semantic_variant,alpha158_SUMP30,1.0,pending,none_proposal_only,
alpha158_SUMP60,e88b0b2e8560b3953d66,retain_horizon_or_semantic_variant,alpha158_SUMP60,1.0,5747fe37574b3e22e149,retain_horizon_or_semantic_variant,alpha158_SUMP60,1.0,57e76b2aa396beca8047,retain_horizon_or_semantic_variant,alpha158_SUMP60,1.0,f1604058807fbf7599f7,retain_horizon_or_semantic_variant,alpha158_SUMP60,1.0,pending,none_proposal_only,
alpha158_VSUMD20,e115e0847fcea6d4eb6f,retain_horizon_or_semantic_variant,alpha158_VSUMD20,1.0,68130b84ceb34fcc5b4c,retain_horizon_or_semantic_variant,alpha158_VSUMD20,1.0,3d5fbeca91476ca0ec51,retain_horizon_or_semantic_variant,alpha158_VSUMD20,1.0,26b66b84e2eac97ca67c,retain_horizon_or_semantic_variant,alpha158_VSUMD20,1.0,pending,none_proposal_only,
alpha158_VSUMD30,3db9cdc608d812db8352,retain_horizon_or_semantic_variant,alpha158_VSUMD30,1.0,13d23ecc45a37049b2e6,retain_horizon_or_semantic_variant,alpha158_VSUMD30,1.0,43ba89ad95767f536798,retain_horizon_or_semantic_variant,alpha158_VSUMD30,1.0,2aec0839a35e00bc3892,retain_horizon_or_semantic_variant,alpha158_VSUMD30,1.0,pending,none_proposal_only,
alpha158_VSUMD60,1303cc6a38ccb52763b5,retain_horizon_or_semantic_variant,alpha158_VSUMD60,1.0,53a96f21bf2a26604ddc,retain_horizon_or_semantic_variant,alpha158_VSUMD60,1.0,de8d013823420235cf92,retain_horizon_or_semantic_variant,alpha158_VSUMD60,1.0,d19860acc1a8add3bab6,retain_horizon_or_semantic_variant,alpha158_VSUMD60,1.0,pending,none_proposal_only,
alpha158_VSUMN20,e115e0847fcea6d4eb6f,retain_horizon_or_semantic_variant,alpha158_VSUMN20,1.0,68130b84ceb34fcc5b4c,retain_horizon_or_semantic_variant,alpha158_VSUMN20,1.0,3d5fbeca91476ca0ec51,retain_horizon_or_semantic_variant,alpha158_VSUMN20,1.0,26b66b84e2eac97ca67c,retain_horizon_or_semantic_variant,alpha158_VSUMN20,1.0,pending,none_proposal_only,
alpha158_VSUMN30,3db9cdc608d812db8352,retain_horizon_or_semantic_variant,alpha158_VSUMN30,1.0,13d23ecc45a37049b2e6,retain_horizon_or_semantic_variant,alpha158_VSUMN30,1.0,43ba89ad95767f536798,retain_horizon_or_semantic_variant,alpha158_VSUMN30,1.0,2aec0839a35e00bc3892,retain_horizon_or_semantic_variant,alpha158_VSUMN30,1.0,pending,none_proposal_only,
alpha158_VSUMN60,1303cc6a38ccb52763b5,retain_horizon_or_semantic_variant,alpha158_VSUMN60,1.0,53a96f21bf2a26604ddc,retain_horizon_or_semantic_variant,alpha158_VSUMN60,1.0,de8d013823420235cf92,retain_horizon_or_semantic_variant,alpha158_VSUMN60,1.0,d19860acc1a8add3bab6,retain_horizon_or_semantic_variant,alpha158_VSUMN60,1.0,pending,none_proposal_only,
alpha158_VSUMP20,e115e0847fcea6d4eb6f,retain_horizon_or_semantic_variant,alpha158_VSUMP20,1.0,68130b84ceb34fcc5b4c,retain_horizon_or_semantic_variant,alpha158_VSUMP20,1.0,3d5fbeca91476ca0ec51,retain_horizon_or_semantic_variant,alpha158_VSUMP20,1.0,26b66b84e2eac97ca67c,retain_horizon_or_semantic_variant,alpha158_VSUMP20,1.0,pending,none_proposal_only,
alpha158_VSUMP30,3db9cdc608d812db8352,retain_horizon_or_semantic_variant,alpha158_VSUMP30,1.0,13d23ecc45a37049b2e6,retain_horizon_or_semantic_variant,alpha158_VSUMP30,1.0,43ba89ad95767f536798,retain_horizon_or_semantic_variant,alpha158_VSUMP30,1.0,2aec0839a35e00bc3892,retain_horizon_or_semantic_variant,alpha158_VSUMP30,1.0,pending,none_proposal_only,
alpha158_VSUMP60,1303cc6a38ccb52763b5,retain_horizon_or_semantic_variant,alpha158_VSUMP60,1.0,53a96f21bf2a26604ddc,retain_horizon_or_semantic_variant,alpha158_VSUMP60,1.0,de8d013823420235cf92,retain_horizon_or_semantic_variant,alpha158_VSUMP60,1.0,d19860acc1a8add3bab6,retain_horizon_or_semantic_variant,alpha158_VSUMP60,1.0,pending,none_proposal_only,
alpha360_CLOSE10,b7629c155c3211cfaec5,retain_horizon_or_semantic_variant,alpha360_CLOSE10,1.0,c398c20da83e349dc94a,retain_horizon_or_semantic_variant,alpha360_CLOSE10,1.0,68deb3342485271a8235,retain_horizon_or_semantic_variant,alpha360_CLOSE10,1.0,963aaa8c7e25d871466f,retain_horizon_or_semantic_variant,alpha360_CLOSE10,1.0,pending,none_proposal_only,alpha158_ROC10
alpha360_CLOSE11,dc7dc4ccc1bcc1a729c0,retain_horizon_or_semantic_variant,alpha360_CLOSE11,1.0,fbebd930c9eb3e21e9e7,retain_horizon_or_semantic_variant,alpha360_CLOSE11,1.0,348acb083a97f38304b9,retain_horizon_or_semantic_variant,alpha360_CLOSE11,1.0,b8a53a9e9249b570380c,proposed_representative,alpha360_CLOSE11,1.0,pending,none_proposal_only,
alpha360_CLOSE12,dc7dc4ccc1bcc1a729c0,retain_horizon_or_semantic_variant,alpha360_CLOSE12,1.0,fbebd930c9eb3e21e9e7,retain_horizon_or_semantic_variant,alpha360_CLOSE12,1.0,3feeac74d6a6e78183e9,retain_horizon_or_semantic_variant,alpha360_CLOSE12,1.0,25df1203dd31f63bf6ea,retain_horizon_or_semantic_variant,alpha360_CLOSE12,1.0,pending,none_proposal_only,
alpha360_CLOSE13,dc7dc4ccc1bcc1a729c0,retain_horizon_or_semantic_variant,alpha360_CLOSE13,1.0,99abecbf5573d836c0b3,retain_horizon_or_semantic_variant,alpha360_CLOSE13,1.0,18f6eae7c23d7f5b60a1,retain_horizon_or_semantic_variant,alpha360_CLOSE13,1.0,cde26c63e0b027cd9d11,proposed_representative,alpha360_CLOSE13,1.0,pending,none_proposal_only,
alpha360_CLOSE14,dc7dc4ccc1bcc1a729c0,retain_horizon_or_semantic_variant,alpha360_CLOSE14,1.0,99abecbf5573d836c0b3,retain_horizon_or_semantic_variant,alpha360_CLOSE14,1.0,4cf5546667e57cd70fa6,retain_horizon_or_semantic_variant,alpha360_CLOSE14,1.0,7f985eb448e830e130fa,proposed_representative,alpha360_CLOSE14,1.0,pending,none_proposal_only,
alpha360_CLOSE15,dc7dc4ccc1bcc1a729c0,retain_horizon_or_semantic_variant,alpha360_CLOSE15,1.0,34f23fccb4dbd1fe28cb,retain_horizon_or_semantic_variant,alpha360_CLOSE15,1.0,0d8192eab90b072b7d78,retain_horizon_or_semantic_variant,alpha360_CLOSE15,1.0,644fe6b02ad7526f7335,proposed_representative,alpha360_CLOSE15,1.0,pending,none_proposal_only,
alpha360_CLOSE16,dc7dc4ccc1bcc1a729c0,retain_horizon_or_semantic_variant,alpha360_CLOSE16,1.0,34f23fccb4dbd1fe28cb,retain_horizon_or_semantic_variant,alpha360_CLOSE16,1.0,9c7302c0e5ffb148680a,retain_horizon_or_semantic_variant,alpha360_CLOSE16,1.0,0f31a580edef05f30e7e,proposed_representative,alpha360_CLOSE16,1.0,pending,none_proposal_only,
alpha360_CLOSE17,306dd709e0cf9595b3eb,retain_horizon_or_semantic_variant,alpha360_CLOSE17,1.0,fb1d02df222563a817aa,retain_horizon_or_semantic_variant,alpha360_CLOSE17,1.0,a0c465ad0e1243f6d8bf,retain_horizon_or_semantic_variant,alpha360_CLOSE17,1.0,61bff22d7dffad914ca7,proposed_representative,alpha360_CLOSE17,1.0,pending,none_proposal_only,
alpha360_CLOSE18,306dd709e0cf9595b3eb,retain_horizon_or_semantic_variant,alpha360_CLOSE18,1.0,fb1d02df222563a817aa,retain_horizon_or_semantic_variant,alpha360_CLOSE18,1.0,d3a6be10cb3e2b92a146,retain_horizon_or_semantic_variant,alpha360_CLOSE18,1.0,f2eb5618cea2975fc76d,proposed_representative,alpha360_CLOSE18,1.0,pending,none_proposal_only,
alpha360_CLOSE19,306dd709e0cf9595b3eb,retain_horizon_or_semantic_variant,alpha360_CLOSE19,1.0,fb1d02df222563a817aa,retain_horizon_or_semantic_variant,alpha360_CLOSE19,1.0,4775896fe00baa361f93,retain_horizon_or_semantic_variant,alpha360_CLOSE19,1.0,dd30a1c0e3a21a564d4a,proposed_representative,alpha360_CLOSE19,1.0,pending,none_proposal_only,
alpha360_CLOSE20,306dd709e0cf9595b3eb,retain_horizon_or_semantic_variant,alpha360_CLOSE20,1.0,d644a456a9384bc1a7a8,retain_horizon_or_semantic_variant,alpha360_CLOSE20,1.0,26c07d46d38336844056,retain_horizon_or_semantic_variant,alpha360_CLOSE20,1.0,358d75208b12edd6d8c3,retain_horizon_or_semantic_variant,alpha360_CLOSE20,1.0,pending,none_proposal_only,alpha158_ROC20
alpha360_CLOSE21,306dd709e0cf9595b3eb,retain_horizon_or_semantic_variant,alpha360_CLOSE21,1.0,d644a456a9384bc1a7a8,retain_horizon_or_semantic_variant,alpha360_CLOSE21,1.0,be7d867052c4348015f9,retain_horizon_or_semantic_variant,alpha360_CLOSE21,1.0,9e64cc2e295bfcf4f0c1,retain_horizon_or_semantic_variant,alpha360_CLOSE21,1.0,pending,none_proposal_only,
alpha360_CLOSE22,306dd709e0cf9595b3eb,retain_horizon_or_semantic_variant,alpha360_CLOSE22,1.0,69c1b696c1fed3e685b3,retain_horizon_or_semantic_variant,alpha360_CLOSE22,1.0,b19da01b19441c8adcb2,retain_horizon_or_semantic_variant,alpha360_CLOSE22,1.0,21c094d991d549b915d5,proposed_representative,alpha360_CLOSE22,1.0,pending,none_proposal_only,
alpha360_CLOSE23,306dd709e0cf9595b3eb,retain_horizon_or_semantic_variant,alpha360_CLOSE23,1.0,69c1b696c1fed3e685b3,retain_horizon_or_semantic_variant,alpha360_CLOSE23,1.0,aaba38ad25e361d42b7b,retain_horizon_or_semantic_variant,alpha360_CLOSE23,1.0,d02105cf9ebd98387d4b,proposed_representative,alpha360_CLOSE23,1.0,pending,none_proposal_only,
alpha360_CLOSE24,306dd709e0cf9595b3eb,retain_horizon_or_semantic_variant,alpha360_CLOSE24,1.0,8b9c10f1738d819a3a5c,retain_horizon_or_semantic_variant,alpha360_CLOSE24,1.0,76463d6d3635e26a397f,retain_horizon_or_semantic_variant,alpha360_CLOSE24,1.0,f5b80ddd6e05e6ece026,retain_horizon_or_semantic_variant,alpha360_CLOSE24,1.0,pending,none_proposal_only,
alpha360_CLOSE25,306dd709e0cf9595b3eb,retain_horizon_or_semantic_variant,alpha360_CLOSE25,1.0,8b9c10f1738d819a3a5c,retain_horizon_or_semantic_variant,alpha360_CLOSE25,1.0,610c94e335ea403f8089,retain_horizon_or_semantic_variant,alpha360_CLOSE25,1.0,39078be26c126a16253f,retain_horizon_or_semantic_variant,alpha360_CLOSE25,1.0,pending,none_proposal_only,
alpha360_CLOSE26,306dd709e0cf9595b3eb,retain_horizon_or_semantic_variant,alpha360_CLOSE26,1.0,8b9c10f1738d819a3a5c,retain_horizon_or_semantic_variant,alpha360_CLOSE26,1.0,dafb76234d81cda0f516,retain_horizon_or_semantic_variant,alpha360_CLOSE26,1.0,181131f17bd479b9b42d,retain_horizon_or_semantic_variant,alpha360_CLOSE26,1.0,pending,none_proposal_only,
alpha360_CLOSE27,306dd709e0cf9595b3eb,retain_horizon_or_semantic_variant,alpha360_CLOSE27,1.0,8b9c10f1738d819a3a5c,retain_horizon_or_semantic_variant,alpha360_CLOSE27,1.0,dafb76234d81cda0f516,retain_horizon_or_semantic_variant,alpha360_CLOSE27,1.0,883799231fd35942ddb9,retain_horizon_or_semantic_variant,alpha360_CLOSE27,1.0,pending,none_proposal_only,
alpha360_CLOSE28,084d1953fa6e95c9d420,retain_horizon_or_semantic_variant,alpha360_CLOSE28,1.0,7ad7bdd9a681975845d4,retain_horizon_or_semantic_variant,alpha360_CLOSE28,1.0,e0b93e5b5907a91b96d8,retain_horizon_or_semantic_variant,alpha360_CLOSE28,1.0,dd158e093b1f242a9689,retain_horizon_or_semantic_variant,alpha360_CLOSE28,1.0,pending,none_proposal_only,
alpha360_CLOSE29,084d1953fa6e95c9d420,retain_horizon_or_semantic_variant,alpha360_CLOSE29,1.0,7ad7bdd9a681975845d4,retain_horizon_or_semantic_variant,alpha360_CLOSE29,1.0,e0b93e5b5907a91b96d8,retain_horizon_or_semantic_variant,alpha360_CLOSE29,1.0,af2450b93a401873f3a0,retain_horizon_or_semantic_variant,alpha360_CLOSE29,1.0,pending,none_proposal_only,
alpha360_CLOSE3,4d67c4edaacfd610ed74,retain_horizon_or_semantic_variant,alpha360_CLOSE3,1.0,31131cd63637fe2141e3,retain_horizon_or_semantic_variant,alpha360_CLOSE3,1.0,c3c184d5e017126418cb,retain_horizon_or_semantic_variant,alpha360_CLOSE3,1.0,e3d60641ad8e6c1d41b3,proposed_representative,alpha360_CLOSE3,1.0,pending,none_proposal_only,
alpha360_CLOSE30,084d1953fa6e95c9d420,retain_horizon_or_semantic_variant,alpha360_CLOSE30,1.0,7ad7bdd9a681975845d4,retain_horizon_or_semantic_variant,alpha360_CLOSE30,1.0,bd34cc5be5fc78f5fad8,retain_horizon_or_semantic_variant,alpha360_CLOSE30,1.0,109daa6c9ef8dfbf4020,retain_horizon_or_semantic_variant,alpha360_CLOSE30,1.0,pending,none_proposal_only,alpha158_ROC30
alpha360_CLOSE31,084d1953fa6e95c9d420,retain_horizon_or_semantic_variant,alpha360_CLOSE31,1.0,7ad7bdd9a681975845d4,retain_horizon_or_semantic_variant,alpha360_CLOSE31,1.0,bd34cc5be5fc78f5fad8,retain_horizon_or_semantic_variant,alpha360_CLOSE31,1.0,129217575f32e4ed8122,retain_horizon_or_semantic_variant,alpha360_CLOSE31,1.0,pending,none_proposal_only,
alpha360_CLOSE32,084d1953fa6e95c9d420,retain_horizon_or_semantic_variant,alpha360_CLOSE32,1.0,7ad7bdd9a681975845d4,retain_horizon_or_semantic_variant,alpha360_CLOSE32,1.0,fa2890a2cc225368682d,retain_horizon_or_semantic_variant,alpha360_CLOSE32,1.0,f2cee8df3f93f3e6e6d8,retain_horizon_or_semantic_variant,alpha360_CLOSE32,1.0,pending,none_proposal_only,
alpha360_CLOSE33,084d1953fa6e95c9d420,retain_horizon_or_semantic_variant,alpha360_CLOSE33,1.0,7ad7bdd9a681975845d4,retain_horizon_or_semantic_variant,alpha360_CLOSE33,1.0,fa2890a2cc225368682d,retain_horizon_or_semantic_variant,alpha360_CLOSE33,1.0,0e7baeaf172d53e7c8a5,retain_horizon_or_semantic_variant,alpha360_CLOSE33,1.0,pending,none_proposal_only,
alpha360_CLOSE34,e61e8bbb58b85dba1401,retain_horizon_or_semantic_variant,alpha360_CLOSE34,1.0,4c1c08d3dcfc0ff40558,retain_horizon_or_semantic_variant,alpha360_CLOSE34,1.0,19d76af8d6af6bbd435d,retain_horizon_or_semantic_variant,alpha360_CLOSE34,1.0,a8257c0f2abf5ced2c56,retain_horizon_or_semantic_variant,alpha360_CLOSE34,1.0,pending,none_proposal_only,
alpha360_CLOSE35,e61e8bbb58b85dba1401,retain_horizon_or_semantic_variant,alpha360_CLOSE35,1.0,4c1c08d3dcfc0ff40558,retain_horizon_or_semantic_variant,alpha360_CLOSE35,1.0,19d76af8d6af6bbd435d,retain_horizon_or_semantic_variant,alpha360_CLOSE35,1.0,81bfc98903edd5e52981,retain_horizon_or_semantic_variant,alpha360_CLOSE35,1.0,pending,none_proposal_only,
alpha360_CLOSE36,e61e8bbb58b85dba1401,retain_horizon_or_semantic_variant,alpha360_CLOSE36,1.0,4c1c08d3dcfc0ff40558,retain_horizon_or_semantic_variant,alpha360_CLOSE36,1.0,0119a5d12159986ff7d7,retain_horizon_or_semantic_variant,alpha360_CLOSE36,1.0,4bd5e26e45acc58f5420,retain_horizon_or_semantic_variant,alpha360_CLOSE36,1.0,pending,none_proposal_only,
alpha360_CLOSE37,e61e8bbb58b85dba1401,retain_horizon_or_semantic_variant,alpha360_CLOSE37,1.0,4c1c08d3dcfc0ff40558,retain_horizon_or_semantic_variant,alpha360_CLOSE37,1.0,0119a5d12159986ff7d7,retain_horizon_or_semantic_variant,alpha360_CLOSE37,1.0,19cc2c431527aa1a06d8,retain_horizon_or_semantic_variant,alpha360_CLOSE37,1.0,pending,none_proposal_only,
alpha360_CLOSE38,e61e8bbb58b85dba1401,retain_horizon_or_semantic_variant,alpha360_CLOSE38,1.0,4c1c08d3dcfc0ff40558,retain_horizon_or_semantic_variant,alpha360_CLOSE38,1.0,bded87163fed4a9fb332,retain_horizon_or_semantic_variant,alpha360_CLOSE38,1.0,530384cde46c2129a31a,retain_horizon_or_semantic_variant,alpha360_CLOSE38,1.0,pending,none_proposal_only,
alpha360_CLOSE39,e61e8bbb58b85dba1401,retain_horizon_or_semantic_variant,alpha360_CLOSE39,1.0,4c1c08d3dcfc0ff40558,retain_horizon_or_semantic_variant,alpha360_CLOSE39,1.0,bded87163fed4a9fb332,retain_horizon_or_semantic_variant,alpha360_CLOSE39,1.0,7f98d713a07e53a1b104,retain_horizon_or_semantic_variant,alpha360_CLOSE39,1.0,pending,none_proposal_only,
alpha360_CLOSE4,fbcfce924ce2b3e665d6,retain_horizon_or_semantic_variant,alpha360_CLOSE4,1.0,9c8ea301d328a2cd7d32,retain_horizon_or_semantic_variant,alpha360_CLOSE4,1.0,654e1918dda895fd41b3,retain_horizon_or_semantic_variant,alpha360_CLOSE4,1.0,e0c7e4f14d5cd95a5bf5,proposed_representative,alpha360_CLOSE4,1.0,pending,none_proposal_only,
alpha360_CLOSE40,e61e8bbb58b85dba1401,retain_horizon_or_semantic_variant,alpha360_CLOSE40,1.0,4c1c08d3dcfc0ff40558,retain_horizon_or_semantic_variant,alpha360_CLOSE40,1.0,aa3d8fb03aff0452da6a,retain_horizon_or_semantic_variant,alpha360_CLOSE40,1.0,a49cf24859025c6696e4,retain_horizon_or_semantic_variant,alpha360_CLOSE40,1.0,pending,none_proposal_only,
alpha360_CLOSE41,e61e8bbb58b85dba1401,retain_horizon_or_semantic_variant,alpha360_CLOSE41,1.0,4c1c08d3dcfc0ff40558,retain_horizon_or_semantic_variant,alpha360_CLOSE41,1.0,aa3d8fb03aff0452da6a,retain_horizon_or_semantic_variant,alpha360_CLOSE41,1.0,e4db0944b44de1180856,retain_horizon_or_semantic_variant,alpha360_CLOSE41,1.0,pending,none_proposal_only,
alpha360_CLOSE42,e61e8bbb58b85dba1401,retain_horizon_or_semantic_variant,alpha360_CLOSE42,1.0,0f34420bf6deb7a69f7c,retain_horizon_or_semantic_variant,alpha360_CLOSE42,1.0,2814b13cf3cfa2e3a7c7,retain_horizon_or_semantic_variant,alpha360_CLOSE42,1.0,2d45ac0065c78fe0521c,retain_horizon_or_semantic_variant,alpha360_CLOSE42,1.0,pending,none_proposal_only,
alpha360_CLOSE43,e61e8bbb58b85dba1401,retain_horizon_or_semantic_variant,alpha360_CLOSE43,1.0,0f34420bf6deb7a69f7c,retain_horizon_or_semantic_variant,alpha360_CLOSE43,1.0,2814b13cf3cfa2e3a7c7,retain_horizon_or_semantic_variant,alpha360_CLOSE43,1.0,43305fe4e331fe26c38b,retain_horizon_or_semantic_variant,alpha360_CLOSE43,1.0,pending,none_proposal_only,
alpha360_CLOSE44,e61e8bbb58b85dba1401,retain_horizon_or_semantic_variant,alpha360_CLOSE44,1.0,0f34420bf6deb7a69f7c,retain_horizon_or_semantic_variant,alpha360_CLOSE44,1.0,8249de9fd7d941c9fbe6,retain_horizon_or_semantic_variant,alpha360_CLOSE44,1.0,af1e245f6e56d4709b06,retain_horizon_or_semantic_variant,alpha360_CLOSE44,1.0,pending,none_proposal_only,
alpha360_CLOSE45,e61e8bbb58b85dba1401,retain_horizon_or_semantic_variant,alpha360_CLOSE45,1.0,0f34420bf6deb7a69f7c,retain_horizon_or_semantic_variant,alpha360_CLOSE45,1.0,8249de9fd7d941c9fbe6,retain_horizon_or_semantic_variant,alpha360_CLOSE45,1.0,c50f7f0975b1760a5c91,retain_horizon_or_semantic_variant,alpha360_CLOSE45,1.0,pending,none_proposal_only,
alpha360_CLOSE46,e61e8bbb58b85dba1401,retain_horizon_or_semantic_variant,alpha360_CLOSE46,1.0,0f34420bf6deb7a69f7c,retain_horizon_or_semantic_variant,alpha360_CLOSE46,1.0,f3d8643e4a7562faeef6,retain_horizon_or_semantic_variant,alpha360_CLOSE46,1.0,c127ae9a3551f23ea2c1,retain_horizon_or_semantic_variant,alpha360_CLOSE46,1.0,pending,none_proposal_only,
alpha360_CLOSE47,e61e8bbb58b85dba1401,retain_horizon_or_semantic_variant,alpha360_CLOSE47,1.0,0f34420bf6deb7a69f7c,retain_horizon_or_semantic_variant,alpha360_CLOSE47,1.0,f3d8643e4a7562faeef6,retain_horizon_or_semantic_variant,alpha360_CLOSE47,1.0,270aab90881e94505cc8,retain_horizon_or_semantic_variant,alpha360_CLOSE47,1.0,pending,none_proposal_only,
alpha360_CLOSE48,e61e8bbb58b85dba1401,retain_horizon_or_semantic_variant,alpha360_CLOSE48,1.0,0f34420bf6deb7a69f7c,retain_horizon_or_semantic_variant,alpha360_CLOSE48,1.0,18549a84594ba3a19eaa,retain_horizon_or_semantic_variant,alpha360_CLOSE48,1.0,ee6867eeec2efe315cca,retain_horizon_or_semantic_variant,alpha360_CLOSE48,1.0,pending,none_proposal_only,
alpha360_CLOSE49,e61e8bbb58b85dba1401,retain_horizon_or_semantic_variant,alpha360_CLOSE49,1.0,0f34420bf6deb7a69f7c,retain_horizon_or_semantic_variant,alpha360_CLOSE49,1.0,18549a84594ba3a19eaa,retain_horizon_or_semantic_variant,alpha360_CLOSE49,1.0,d788148bf1ef3da17441,retain_horizon_or_semantic_variant,alpha360_CLOSE49,1.0,pending,none_proposal_only,
alpha360_CLOSE5,fbcfce924ce2b3e665d6,retain_horizon_or_semantic_variant,alpha360_CLOSE5,1.0,10ab03ef9cf7699ad71e,retain_horizon_or_semantic_variant,alpha360_CLOSE5,1.0,97579789a904a6255f78,retain_horizon_or_semantic_variant,alpha360_CLOSE5,1.0,f6bf23d675dfb9340db4,retain_horizon_or_semantic_variant,alpha360_CLOSE5,1.0,pending,none_proposal_only,alpha158_ROC5
alpha360_CLOSE50,e88b0b2e8560b3953d66,retain_horizon_or_semantic_variant,alpha360_CLOSE50,1.0,65ee45bf83ffe981ce03,retain_horizon_or_semantic_variant,alpha360_CLOSE50,1.0,ab871b25367ba7b1a7c7,retain_horizon_or_semantic_variant,alpha360_CLOSE50,1.0,2873c831d867c4625a01,retain_horizon_or_semantic_variant,alpha360_CLOSE50,1.0,pending,none_proposal_only,
alpha360_CLOSE51,e88b0b2e8560b3953d66,retain_horizon_or_semantic_variant,alpha360_CLOSE51,1.0,65ee45bf83ffe981ce03,retain_horizon_or_semantic_variant,alpha360_CLOSE51,1.0,ab871b25367ba7b1a7c7,retain_horizon_or_semantic_variant,alpha360_CLOSE51,1.0,fd24d9fa8c6fdb48d314,retain_horizon_or_semantic_variant,alpha360_CLOSE51,1.0,pending,none_proposal_only,
alpha360_CLOSE52,e88b0b2e8560b3953d66,retain_horizon_or_semantic_variant,alpha360_CLOSE52,1.0,65ee45bf83ffe981ce03,retain_horizon_or_semantic_variant,alpha360_CLOSE52,1.0,139a45fbd384ad1ac167,retain_horizon_or_semantic_variant,alpha360_CLOSE52,1.0,8d3644d99bdfce0ca18c,retain_horizon_or_semantic_variant,alpha360_CLOSE52,1.0,pending,none_proposal_only,
alpha360_CLOSE53,e88b0b2e8560b3953d66,retain_horizon_or_semantic_variant,alpha360_CLOSE53,1.0,65ee45bf83ffe981ce03,retain_horizon_or_semantic_variant,alpha360_CLOSE53,1.0,139a45fbd384ad1ac167,retain_horizon_or_semantic_variant,alpha360_CLOSE53,1.0,ff5ada582a8e125d788a,retain_horizon_or_semantic_variant,alpha360_CLOSE53,1.0,pending,none_proposal_only,
alpha360_CLOSE54,e88b0b2e8560b3953d66,retain_horizon_or_semantic_variant,alpha360_CLOSE54,1.0,65ee45bf83ffe981ce03,retain_horizon_or_semantic_variant,alpha360_CLOSE54,1.0,26125719bd2fa2e774a2,retain_horizon_or_semantic_variant,alpha360_CLOSE54,1.0,cdad79daa48318f8b357,retain_horizon_or_semantic_variant,alpha360_CLOSE54,1.0,pending,none_proposal_only,
alpha360_CLOSE55,e88b0b2e8560b3953d66,retain_horizon_or_semantic_variant,alpha360_CLOSE55,1.0,65ee45bf83ffe981ce03,retain_horizon_or_semantic_variant,alpha360_CLOSE55,1.0,26125719bd2fa2e774a2,retain_horizon_or_semantic_variant,alpha360_CLOSE55,1.0,3590b6e33d625ead7e5a,retain_horizon_or_semantic_variant,alpha360_CLOSE55,1.0,pending,none_proposal_only,
alpha360_CLOSE56,e88b0b2e8560b3953d66,retain_horizon_or_semantic_variant,alpha360_CLOSE56,1.0,65ee45bf83ffe981ce03,retain_horizon_or_semantic_variant,alpha360_CLOSE56,1.0,26125719bd2fa2e774a2,retain_horizon_or_semantic_variant,alpha360_CLOSE56,1.0,2e89265f61e9bec55479,retain_horizon_or_semantic_variant,alpha360_CLOSE56,1.0,pending,none_proposal_only,
alpha360_CLOSE57,e88b0b2e8560b3953d66,retain_horizon_or_semantic_variant,alpha360_CLOSE57,1.0,65ee45bf83ffe981ce03,retain_horizon_or_semantic_variant,alpha360_CLOSE57,1.0,26125719bd2fa2e774a2,retain_horizon_or_semantic_variant,alpha360_CLOSE57,1.0,0a69c31621660d21e772,retain_horizon_or_semantic_variant,alpha360_CLOSE57,1.0,pending,none_proposal_only,
alpha360_CLOSE58,e88b0b2e8560b3953d66,retain_horizon_or_semantic_variant,alpha360_CLOSE58,1.0,5747fe37574b3e22e149,retain_horizon_or_semantic_variant,alpha360_CLOSE58,1.0,cc4777fa6fc9a5f9feea,retain_horizon_or_semantic_variant,alpha360_CLOSE58,1.0,6cd93057366b847f2ac8,retain_horizon_or_semantic_variant,alpha360_CLOSE58,1.0,pending,none_proposal_only,
alpha360_CLOSE59,e88b0b2e8560b3953d66,retain_horizon_or_semantic_variant,alpha360_CLOSE59,1.0,5747fe37574b3e22e149,retain_horizon_or_semantic_variant,alpha360_CLOSE59,1.0,cc4777fa6fc9a5f9feea,retain_horizon_or_semantic_variant,alpha360_CLOSE59,1.0,43823a0576d9f1221e30,retain_horizon_or_semantic_variant,alpha360_CLOSE59,1.0,pending,none_proposal_only,
alpha360_CLOSE6,1e4d503306f15d3a7192,retain_horizon_or_semantic_variant,alpha360_CLOSE6,1.0,51eebe34ff4681e7a9d7,retain_horizon_or_semantic_variant,alpha360_CLOSE6,1.0,41bdbca241aab511b201,retain_horizon_or_semantic_variant,alpha360_CLOSE6,1.0,1020f2d34ce4536fe8b7,proposed_representative,alpha360_CLOSE6,1.0,pending,none_proposal_only,
alpha360_CLOSE7,b7629c155c3211cfaec5,retain_horizon_or_semantic_variant,alpha360_CLOSE7,1.0,802716de7f5d647f7782,retain_horizon_or_semantic_variant,alpha360_CLOSE7,1.0,8b786d0b186bfa60c553,retain_horizon_or_semantic_variant,alpha360_CLOSE7,1.0,9e6e3e2a25a93cf9ffb6,proposed_representative,alpha360_CLOSE7,1.0,pending,none_proposal_only,
alpha360_CLOSE8,b7629c155c3211cfaec5,retain_horizon_or_semantic_variant,alpha360_CLOSE8,1.0,d7b9777e0f6ceefffbc1,retain_horizon_or_semantic_variant,alpha360_CLOSE8,1.0,ecb03b3cc52cd1a6372e,retain_horizon_or_semantic_variant,alpha360_CLOSE8,1.0,5b852bcedbadc5eea352,proposed_representative,alpha360_CLOSE8,1.0,pending,none_proposal_only,
alpha360_CLOSE9,b7629c155c3211cfaec5,retain_horizon_or_semantic_variant,alpha360_CLOSE9,1.0,c398c20da83e349dc94a,retain_horizon_or_semantic_variant,alpha360_CLOSE9,1.0,02852084f330f943e1ef,retain_horizon_or_semantic_variant,alpha360_CLOSE9,1.0,e05fe7adae4fa67e9f70,proposed_representative,alpha360_CLOSE9,1.0,pending,none_proposal_only,
alpha360_HIGH10,b7629c155c3211cfaec5,retain_horizon_or_semantic_variant,alpha360_HIGH10,1.0,c398c20da83e349dc94a,retain_horizon_or_semantic_variant,alpha360_HIGH10,1.0,68deb3342485271a8235,retain_horizon_or_semantic_variant,alpha360_HIGH10,1.0,f8e32e45d2e42b253b99,proposed_representative,alpha360_HIGH10,1.0,pending,none_proposal_only,
alpha360_HIGH11,dc7dc4ccc1bcc1a729c0,retain_horizon_or_semantic_variant,alpha360_HIGH11,1.0,fbebd930c9eb3e21e9e7,retain_horizon_or_semantic_variant,alpha360_HIGH11,1.0,348acb083a97f38304b9,retain_horizon_or_semantic_variant,alpha360_HIGH11,1.0,9e215464f5adef45f703,proposed_representative,alpha360_HIGH11,1.0,pending,none_proposal_only,
alpha360_HIGH12,dc7dc4ccc1bcc1a729c0,retain_horizon_or_semantic_variant,alpha360_HIGH12,1.0,fbebd930c9eb3e21e9e7,retain_horizon_or_semantic_variant,alpha360_HIGH12,1.0,3feeac74d6a6e78183e9,retain_horizon_or_semantic_variant,alpha360_HIGH12,1.0,f81f8c01f99e2bcf6ea2,proposed_representative,alpha360_HIGH12,1.0,pending,none_proposal_only,
alpha360_HIGH13,dc7dc4ccc1bcc1a729c0,retain_horizon_or_semantic_variant,alpha360_HIGH13,1.0,99abecbf5573d836c0b3,retain_horizon_or_semantic_variant,alpha360_HIGH13,1.0,18f6eae7c23d7f5b60a1,retain_horizon_or_semantic_variant,alpha360_HIGH13,1.0,27b46a52df377305dd47,proposed_representative,alpha360_HIGH13,1.0,pending,none_proposal_only,
alpha360_HIGH14,dc7dc4ccc1bcc1a729c0,retain_horizon_or_semantic_variant,alpha360_HIGH14,1.0,99abecbf5573d836c0b3,retain_horizon_or_semantic_variant,alpha360_HIGH14,1.0,4cf5546667e57cd70fa6,retain_horizon_or_semantic_variant,alpha360_HIGH14,1.0,ebb5d681d08c28adf5f2,proposed_representative,alpha360_HIGH14,1.0,pending,none_proposal_only,
alpha360_HIGH15,dc7dc4ccc1bcc1a729c0,retain_horizon_or_semantic_variant,alpha360_HIGH15,1.0,34f23fccb4dbd1fe28cb,retain_horizon_or_semantic_variant,alpha360_HIGH15,1.0,0d8192eab90b072b7d78,retain_horizon_or_semantic_variant,alpha360_HIGH15,1.0,ea8e938315114ae2fb75,proposed_representative,alpha360_HIGH15,1.0,pending,none_proposal_only,
alpha360_HIGH16,dc7dc4ccc1bcc1a729c0,retain_horizon_or_semantic_variant,alpha360_HIGH16,1.0,34f23fccb4dbd1fe28cb,retain_horizon_or_semantic_variant,alpha360_HIGH16,1.0,9c7302c0e5ffb148680a,retain_horizon_or_semantic_variant,alpha360_HIGH16,1.0,e9872021511d1ad38ee7,proposed_representative,alpha360_HIGH16,1.0,pending,none_proposal_only,
alpha360_HIGH17,306dd709e0cf9595b3eb,retain_horizon_or_semantic_variant,alpha360_HIGH17,1.0,fb1d02df222563a817aa,retain_horizon_or_semantic_variant,alpha360_HIGH17,1.0,a0c465ad0e1243f6d8bf,retain_horizon_or_semantic_variant,alpha360_HIGH17,1.0,dc4742514c889238a8c8,proposed_representative,alpha360_HIGH17,1.0,pending,none_proposal_only,
alpha360_HIGH18,306dd709e0cf9595b3eb,retain_horizon_or_semantic_variant,alpha360_HIGH18,1.0,fb1d02df222563a817aa,retain_horizon_or_semantic_variant,alpha360_HIGH18,1.0,d3a6be10cb3e2b92a146,retain_horizon_or_semantic_variant,alpha360_HIGH18,1.0,a61c39df1c3aa23482ed,proposed_representative,alpha360_HIGH18,1.0,pending,none_proposal_only,
alpha360_HIGH19,306dd709e0cf9595b3eb,retain_horizon_or_semantic_variant,alpha360_HIGH19,1.0,fb1d02df222563a817aa,retain_horizon_or_semantic_variant,alpha360_HIGH19,1.0,4775896fe00baa361f93,retain_horizon_or_semantic_variant,alpha360_HIGH19,1.0,36978b099b13f35c9f78,proposed_representative,alpha360_HIGH19,1.0,pending,none_proposal_only,
alpha360_HIGH20,306dd709e0cf9595b3eb,retain_horizon_or_semantic_variant,alpha360_HIGH20,1.0,d644a456a9384bc1a7a8,retain_horizon_or_semantic_variant,alpha360_HIGH20,1.0,26c07d46d38336844056,retain_horizon_or_semantic_variant,alpha360_HIGH20,1.0,a746d7ea32f94efe24d1,proposed_representative,alpha360_HIGH20,1.0,pending,none_proposal_only,
alpha360_HIGH21,306dd709e0cf9595b3eb,retain_horizon_or_semantic_variant,alpha360_HIGH21,1.0,d644a456a9384bc1a7a8,retain_horizon_or_semantic_variant,alpha360_HIGH21,1.0,be7d867052c4348015f9,retain_horizon_or_semantic_variant,alpha360_HIGH21,1.0,487d1e21ff9853417ad0,proposed_representative,alpha360_HIGH21,1.0,pending,none_proposal_only,
alpha360_HIGH22,306dd709e0cf9595b3eb,retain_horizon_or_semantic_variant,alpha360_HIGH22,1.0,69c1b696c1fed3e685b3,retain_horizon_or_semantic_variant,alpha360_HIGH22,1.0,b19da01b19441c8adcb2,retain_horizon_or_semantic_variant,alpha360_HIGH22,1.0,860b4d060e2db9cf0c88,proposed_representative,alpha360_HIGH22,1.0,pending,none_proposal_only,
alpha360_HIGH23,306dd709e0cf9595b3eb,retain_horizon_or_semantic_variant,alpha360_HIGH23,1.0,69c1b696c1fed3e685b3,retain_horizon_or_semantic_variant,alpha360_HIGH23,1.0,aaba38ad25e361d42b7b,retain_horizon_or_semantic_variant,alpha360_HIGH23,1.0,40e6ee1256b835ca4a2f,proposed_representative,alpha360_HIGH23,1.0,pending,none_proposal_only,
alpha360_HIGH24,306dd709e0cf9595b3eb,retain_horizon_or_semantic_variant,alpha360_HIGH24,1.0,8b9c10f1738d819a3a5c,retain_horizon_or_semantic_variant,alpha360_HIGH24,1.0,76463d6d3635e26a397f,retain_horizon_or_semantic_variant,alpha360_HIGH24,1.0,43fe79ec07ee0c58f7ce,proposed_representative,alpha360_HIGH24,1.0,pending,none_proposal_only,
alpha360_HIGH25,306dd709e0cf9595b3eb,retain_horizon_or_semantic_variant,alpha360_HIGH25,1.0,8b9c10f1738d819a3a5c,retain_horizon_or_semantic_variant,alpha360_HIGH25,1.0,610c94e335ea403f8089,retain_horizon_or_semantic_variant,alpha360_HIGH25,1.0,3504209659e6ebf5243e,proposed_representative,alpha360_HIGH25,1.0,pending,none_proposal_only,
alpha360_HIGH26,306dd709e0cf9595b3eb,retain_horizon_or_semantic_variant,alpha360_HIGH26,1.0,8b9c10f1738d819a3a5c,retain_horizon_or_semantic_variant,alpha360_HIGH26,1.0,dafb76234d81cda0f516,retain_horizon_or_semantic_variant,alpha360_HIGH26,1.0,55adf27ee110a274758a,proposed_representative,alpha360_HIGH26,1.0,pending,none_proposal_only,
alpha360_HIGH27,306dd709e0cf9595b3eb,retain_horizon_or_semantic_variant,alpha360_HIGH27,1.0,8b9c10f1738d819a3a5c,retain_horizon_or_semantic_variant,alpha360_HIGH27,1.0,dafb76234d81cda0f516,retain_horizon_or_semantic_variant,alpha360_HIGH27,1.0,d371e3512e5b3b29b3fe,proposed_representative,alpha360_HIGH27,1.0,pending,none_proposal_only,
alpha360_HIGH28,084d1953fa6e95c9d420,retain_horizon_or_semantic_variant,alpha360_HIGH28,1.0,7ad7bdd9a681975845d4,retain_horizon_or_semantic_variant,alpha360_HIGH28,1.0,e0b93e5b5907a91b96d8,retain_horizon_or_semantic_variant,alpha360_HIGH28,1.0,f83cce056b97e3c68cae,proposed_representative,alpha360_HIGH28,1.0,pending,none_proposal_only,
alpha360_HIGH29,084d1953fa6e95c9d420,retain_horizon_or_semantic_variant,alpha360_HIGH29,1.0,7ad7bdd9a681975845d4,retain_horizon_or_semantic_variant,alpha360_HIGH29,1.0,e0b93e5b5907a91b96d8,retain_horizon_or_semantic_variant,alpha360_HIGH29,1.0,e61a509958c7ab3e5ef5,proposed_representative,alpha360_HIGH29,1.0,pending,none_proposal_only,
alpha360_HIGH30,084d1953fa6e95c9d420,retain_horizon_or_semantic_variant,alpha360_HIGH30,1.0,7ad7bdd9a681975845d4,retain_horizon_or_semantic_variant,alpha360_HIGH30,1.0,bd34cc5be5fc78f5fad8,retain_horizon_or_semantic_variant,alpha360_HIGH30,1.0,95626cd700881db07ef8,proposed_representative,alpha360_HIGH30,1.0,pending,none_proposal_only,
alpha360_HIGH31,084d1953fa6e95c9d420,retain_horizon_or_semantic_variant,alpha360_HIGH31,1.0,7ad7bdd9a681975845d4,retain_horizon_or_semantic_variant,alpha360_HIGH31,1.0,bd34cc5be5fc78f5fad8,retain_horizon_or_semantic_variant,alpha360_HIGH31,1.0,4028d26cac60a63a0651,proposed_representative,alpha360_HIGH31,1.0,pending,none_proposal_only,
alpha360_HIGH32,084d1953fa6e95c9d420,retain_horizon_or_semantic_variant,alpha360_HIGH32,1.0,7ad7bdd9a681975845d4,retain_horizon_or_semantic_variant,alpha360_HIGH32,1.0,fa2890a2cc225368682d,retain_horizon_or_semantic_variant,alpha360_HIGH32,1.0,2a1bb7de677b626226ff,proposed_representative,alpha360_HIGH32,1.0,pending,none_proposal_only,
alpha360_HIGH33,084d1953fa6e95c9d420,retain_horizon_or_semantic_variant,alpha360_HIGH33,1.0,7ad7bdd9a681975845d4,retain_horizon_or_semantic_variant,alpha360_HIGH33,1.0,fa2890a2cc225368682d,retain_horizon_or_semantic_variant,alpha360_HIGH33,1.0,46cbb80459d7150dd337,proposed_representative,alpha360_HIGH33,1.0,pending,none_proposal_only,
alpha360_HIGH34,e61e8bbb58b85dba1401,retain_horizon_or_semantic_variant,alpha360_HIGH34,1.0,4c1c08d3dcfc0ff40558,retain_horizon_or_semantic_variant,alpha360_HIGH34,1.0,19d76af8d6af6bbd435d,retain_horizon_or_semantic_variant,alpha360_HIGH34,1.0,e8548fc02cb366880fc4,proposed_representative,alpha360_HIGH34,1.0,pending,none_proposal_only,
alpha360_HIGH35,e61e8bbb58b85dba1401,retain_horizon_or_semantic_variant,alpha360_HIGH35,1.0,4c1c08d3dcfc0ff40558,retain_horizon_or_semantic_variant,alpha360_HIGH35,1.0,19d76af8d6af6bbd435d,retain_horizon_or_semantic_variant,alpha360_HIGH35,1.0,9f292e1b417a9433e07f,proposed_representative,alpha360_HIGH35,1.0,pending,none_proposal_only,
alpha360_HIGH36,e61e8bbb58b85dba1401,retain_horizon_or_semantic_variant,alpha360_HIGH36,1.0,4c1c08d3dcfc0ff40558,retain_horizon_or_semantic_variant,alpha360_HIGH36,1.0,0119a5d12159986ff7d7,retain_horizon_or_semantic_variant,alpha360_HIGH36,1.0,cf32e3c752b81cd24172,proposed_representative,alpha360_HIGH36,1.0,pending,none_proposal_only,
alpha360_HIGH37,e61e8bbb58b85dba1401,retain_horizon_or_semantic_variant,alpha360_HIGH37,1.0,4c1c08d3dcfc0ff40558,retain_horizon_or_semantic_variant,alpha360_HIGH37,1.0,0119a5d12159986ff7d7,retain_horizon_or_semantic_variant,alpha360_HIGH37,1.0,7193e6035babf4afc193,proposed_representative,alpha360_HIGH37,1.0,pending,none_proposal_only,
alpha360_HIGH38,e61e8bbb58b85dba1401,retain_horizon_or_semantic_variant,alpha360_HIGH38,1.0,4c1c08d3dcfc0ff40558,retain_horizon_or_semantic_variant,alpha360_HIGH38,1.0,bded87163fed4a9fb332,retain_horizon_or_semantic_variant,alpha360_HIGH38,1.0,f6054281d17b805d634b,proposed_representative,alpha360_HIGH38,1.0,pending,none_proposal_only,
alpha360_HIGH39,e61e8bbb58b85dba1401,retain_horizon_or_semantic_variant,alpha360_HIGH39,1.0,4c1c08d3dcfc0ff40558,retain_horizon_or_semantic_variant,alpha360_HIGH39,1.0,bded87163fed4a9fb332,retain_horizon_or_semantic_variant,alpha360_HIGH39,1.0,50f4e2b35efc16fca9d4,proposed_representative,alpha360_HIGH39,1.0,pending,none_proposal_only,
alpha360_HIGH40,e61e8bbb58b85dba1401,retain_horizon_or_semantic_variant,alpha360_HIGH40,1.0,4c1c08d3dcfc0ff40558,retain_horizon_or_semantic_variant,alpha360_HIGH40,1.0,aa3d8fb03aff0452da6a,retain_horizon_or_semantic_variant,alpha360_HIGH40,1.0,bd213f69200b47b9f248,proposed_representative,alpha360_HIGH40,1.0,pending,none_proposal_only,
alpha360_HIGH41,e61e8bbb58b85dba1401,retain_horizon_or_semantic_variant,alpha360_HIGH41,1.0,4c1c08d3dcfc0ff40558,retain_horizon_or_semantic_variant,alpha360_HIGH41,1.0,aa3d8fb03aff0452da6a,retain_horizon_or_semantic_variant,alpha360_HIGH41,1.0,69684d8d7d22367f1a5c,proposed_representative,alpha360_HIGH41,1.0,pending,none_proposal_only,
alpha360_HIGH42,e61e8bbb58b85dba1401,retain_horizon_or_semantic_variant,alpha360_HIGH42,1.0,0f34420bf6deb7a69f7c,retain_horizon_or_semantic_variant,alpha360_HIGH42,1.0,2814b13cf3cfa2e3a7c7,retain_horizon_or_semantic_variant,alpha360_HIGH42,1.0,c7a37a0937ce0ce43909,proposed_representative,alpha360_HIGH42,1.0,pending,none_proposal_only,
alpha360_HIGH43,e61e8bbb58b85dba1401,retain_horizon_or_semantic_variant,alpha360_HIGH43,1.0,0f34420bf6deb7a69f7c,retain_horizon_or_semantic_variant,alpha360_HIGH43,1.0,2814b13cf3cfa2e3a7c7,retain_horizon_or_semantic_variant,alpha360_HIGH43,1.0,4b2192a6d9ebea83e86e,proposed_representative,alpha360_HIGH43,1.0,pending,none_proposal_only,
alpha360_HIGH44,e61e8bbb58b85dba1401,retain_horizon_or_semantic_variant,alpha360_HIGH44,1.0,0f34420bf6deb7a69f7c,retain_horizon_or_semantic_variant,alpha360_HIGH44,1.0,8249de9fd7d941c9fbe6,retain_horizon_or_semantic_variant,alpha360_HIGH44,1.0,0346c930b6da9feb2eb5,proposed_representative,alpha360_HIGH44,1.0,pending,none_proposal_only,
alpha360_HIGH45,e61e8bbb58b85dba1401,retain_horizon_or_semantic_variant,alpha360_HIGH45,1.0,0f34420bf6deb7a69f7c,retain_horizon_or_semantic_variant,alpha360_HIGH45,1.0,8249de9fd7d941c9fbe6,retain_horizon_or_semantic_variant,alpha360_HIGH45,1.0,aa147706b6f37c98e718,proposed_representative,alpha360_HIGH45,1.0,pending,none_proposal_only,
alpha360_HIGH46,e61e8bbb58b85dba1401,retain_horizon_or_semantic_variant,alpha360_HIGH46,1.0,0f34420bf6deb7a69f7c,retain_horizon_or_semantic_variant,alpha360_HIGH46,1.0,f3d8643e4a7562faeef6,retain_horizon_or_semantic_variant,alpha360_HIGH46,1.0,9cea1235c4eba854a20e,proposed_representative,alpha360_HIGH46,1.0,pending,none_proposal_only,
alpha360_HIGH47,e61e8bbb58b85dba1401,retain_horizon_or_semantic_variant,alpha360_HIGH47,1.0,0f34420bf6deb7a69f7c,retain_horizon_or_semantic_variant,alpha360_HIGH47,1.0,f3d8643e4a7562faeef6,retain_horizon_or_semantic_variant,alpha360_HIGH47,1.0,270aab90881e94505cc8,retain_horizon_or_semantic_variant,alpha360_HIGH47,1.0,pending,none_proposal_only,
alpha360_HIGH48,e61e8bbb58b85dba1401,retain_horizon_or_semantic_variant,alpha360_HIGH48,1.0,0f34420bf6deb7a69f7c,retain_horizon_or_semantic_variant,alpha360_HIGH48,1.0,18549a84594ba3a19eaa,retain_horizon_or_semantic_variant,alpha360_HIGH48,1.0,ee6867eeec2efe315cca,retain_horizon_or_semantic_variant,alpha360_HIGH48,1.0,pending,none_proposal_only,
alpha360_HIGH49,e61e8bbb58b85dba1401,retain_horizon_or_semantic_variant,alpha360_HIGH49,1.0,0f34420bf6deb7a69f7c,retain_horizon_or_semantic_variant,alpha360_HIGH49,1.0,18549a84594ba3a19eaa,retain_horizon_or_semantic_variant,alpha360_HIGH49,1.0,d788148bf1ef3da17441,retain_horizon_or_semantic_variant,alpha360_HIGH49,1.0,pending,none_proposal_only,
alpha360_HIGH5,fbcfce924ce2b3e665d6,retain_horizon_or_semantic_variant,alpha360_HIGH5,1.0,10ab03ef9cf7699ad71e,retain_horizon_or_semantic_variant,alpha360_HIGH5,1.0,b6e1823bcf0ae915061a,retain_horizon_or_semantic_variant,alpha360_HIGH5,1.0,81c1bd9715c51f9bdc67,proposed_representative,alpha360_HIGH5,1.0,pending,none_proposal_only,
alpha360_HIGH50,e88b0b2e8560b3953d66,retain_horizon_or_semantic_variant,alpha360_HIGH50,1.0,65ee45bf83ffe981ce03,retain_horizon_or_semantic_variant,alpha360_HIGH50,1.0,ab871b25367ba7b1a7c7,retain_horizon_or_semantic_variant,alpha360_HIGH50,1.0,2873c831d867c4625a01,retain_horizon_or_semantic_variant,alpha360_HIGH50,1.0,pending,none_proposal_only,
alpha360_HIGH51,e88b0b2e8560b3953d66,retain_horizon_or_semantic_variant,alpha360_HIGH51,1.0,65ee45bf83ffe981ce03,retain_horizon_or_semantic_variant,alpha360_HIGH51,1.0,ab871b25367ba7b1a7c7,retain_horizon_or_semantic_variant,alpha360_HIGH51,1.0,fd24d9fa8c6fdb48d314,retain_horizon_or_semantic_variant,alpha360_HIGH51,1.0,pending,none_proposal_only,
alpha360_HIGH52,e88b0b2e8560b3953d66,retain_horizon_or_semantic_variant,alpha360_HIGH52,1.0,65ee45bf83ffe981ce03,retain_horizon_or_semantic_variant,alpha360_HIGH52,1.0,139a45fbd384ad1ac167,retain_horizon_or_semantic_variant,alpha360_HIGH52,1.0,8d3644d99bdfce0ca18c,retain_horizon_or_semantic_variant,alpha360_HIGH52,1.0,pending,none_proposal_only,
alpha360_HIGH53,e88b0b2e8560b3953d66,retain_horizon_or_semantic_variant,alpha360_HIGH53,1.0,65ee45bf83ffe981ce03,retain_horizon_or_semantic_variant,alpha360_HIGH53,1.0,139a45fbd384ad1ac167,retain_horizon_or_semantic_variant,alpha360_HIGH53,1.0,ff5ada582a8e125d788a,retain_horizon_or_semantic_variant,alpha360_HIGH53,1.0,pending,none_proposal_only,
alpha360_HIGH54,e88b0b2e8560b3953d66,retain_horizon_or_semantic_variant,alpha360_HIGH54,1.0,65ee45bf83ffe981ce03,retain_horizon_or_semantic_variant,alpha360_HIGH54,1.0,26125719bd2fa2e774a2,retain_horizon_or_semantic_variant,alpha360_HIGH54,1.0,cdad79daa48318f8b357,retain_horizon_or_semantic_variant,alpha360_HIGH54,1.0,pending,none_proposal_only,
alpha360_HIGH55,e88b0b2e8560b3953d66,retain_horizon_or_semantic_variant,alpha360_HIGH55,1.0,65ee45bf83ffe981ce03,retain_horizon_or_semantic_variant,alpha360_HIGH55,1.0,26125719bd2fa2e774a2,retain_horizon_or_semantic_variant,alpha360_HIGH55,1.0,3590b6e33d625ead7e5a,retain_horizon_or_semantic_variant,alpha360_HIGH55,1.0,pending,none_proposal_only,
alpha360_HIGH56,e88b0b2e8560b3953d66,retain_horizon_or_semantic_variant,alpha360_HIGH56,1.0,65ee45bf83ffe981ce03,retain_horizon_or_semantic_variant,alpha360_HIGH56,1.0,26125719bd2fa2e774a2,retain_horizon_or_semantic_variant,alpha360_HIGH56,1.0,2e89265f61e9bec55479,retain_horizon_or_semantic_variant,alpha360_HIGH56,1.0,pending,none_proposal_only,
alpha360_HIGH57,e88b0b2e8560b3953d66,retain_horizon_or_semantic_variant,alpha360_HIGH57,1.0,65ee45bf83ffe981ce03,retain_horizon_or_semantic_variant,alpha360_HIGH57,1.0,26125719bd2fa2e774a2,retain_horizon_or_semantic_variant,alpha360_HIGH57,1.0,0a69c31621660d21e772,retain_horizon_or_semantic_variant,alpha360_HIGH57,1.0,pending,none_proposal_only,
alpha360_HIGH58,e88b0b2e8560b3953d66,retain_horizon_or_semantic_variant,alpha360_HIGH58,1.0,5747fe37574b3e22e149,retain_horizon_or_semantic_variant,alpha360_HIGH58,1.0,cc4777fa6fc9a5f9feea,retain_horizon_or_semantic_variant,alpha360_HIGH58,1.0,2a9d3eb0b5c2356f4e90,retain_horizon_or_semantic_variant,alpha360_HIGH58,1.0,pending,none_proposal_only,
alpha360_HIGH59,e88b0b2e8560b3953d66,retain_horizon_or_semantic_variant,alpha360_HIGH59,1.0,5747fe37574b3e22e149,retain_horizon_or_semantic_variant,alpha360_HIGH59,1.0,cc4777fa6fc9a5f9feea,retain_horizon_or_semantic_variant,alpha360_HIGH59,1.0,43823a0576d9f1221e30,retain_horizon_or_semantic_variant,alpha360_HIGH59,1.0,pending,none_proposal_only,
alpha360_HIGH6,1e4d503306f15d3a7192,retain_horizon_or_semantic_variant,alpha360_HIGH6,1.0,51eebe34ff4681e7a9d7,retain_horizon_or_semantic_variant,alpha360_HIGH6,1.0,15d66f5e3d72aa9d1fe0,retain_horizon_or_semantic_variant,alpha360_HIGH6,1.0,58afb3de956d8bd0822e,proposed_representative,alpha360_HIGH6,1.0,pending,none_proposal_only,
alpha360_HIGH7,b7629c155c3211cfaec5,retain_horizon_or_semantic_variant,alpha360_HIGH7,1.0,802716de7f5d647f7782,retain_horizon_or_semantic_variant,alpha360_HIGH7,1.0,8b786d0b186bfa60c553,retain_horizon_or_semantic_variant,alpha360_HIGH7,1.0,bf9e179f4851012e1aac,proposed_representative,alpha360_HIGH7,1.0,pending,none_proposal_only,
alpha360_HIGH8,b7629c155c3211cfaec5,retain_horizon_or_semantic_variant,alpha360_HIGH8,1.0,d7b9777e0f6ceefffbc1,retain_horizon_or_semantic_variant,alpha360_HIGH8,1.0,ecb03b3cc52cd1a6372e,retain_horizon_or_semantic_variant,alpha360_HIGH8,1.0,4106bed86fd7a6b1eed4,proposed_representative,alpha360_HIGH8,1.0,pending,none_proposal_only,
alpha360_HIGH9,b7629c155c3211cfaec5,retain_horizon_or_semantic_variant,alpha360_HIGH9,1.0,c398c20da83e349dc94a,retain_horizon_or_semantic_variant,alpha360_HIGH9,1.0,02852084f330f943e1ef,retain_horizon_or_semantic_variant,alpha360_HIGH9,1.0,2601402b2ea0651598b4,proposed_representative,alpha360_HIGH9,1.0,pending,none_proposal_only,
alpha360_LOW0,ad1034067c984367899a,retain_horizon_or_semantic_variant,alpha360_LOW0,1.0,6e8b881c5b29083f2cd9,retain_horizon_or_semantic_variant,alpha360_LOW0,1.0,a2854e4f9bc320479b60,retain_horizon_or_semantic_variant,alpha360_LOW0,1.0,a7d29ec1593b64cb89bb,retain_horizon_or_semantic_variant,alpha360_LOW0,1.0,pending,none_proposal_only,alpha158_LOW0
alpha360_LOW1,db5a1111fb1d7e8cd7b7,proposed_representative,alpha360_LOW1,1.0,3d6c4f7613faeb6ae9df,proposed_representative,alpha360_LOW1,1.0,e7019b0c67ff9632f66e,proposed_representative,alpha360_LOW1,1.0,41251dab2d34c0b17b15,proposed_representative,alpha360_LOW1,1.0,pending,none_proposal_only,
alpha360_LOW10,b7629c155c3211cfaec5,retain_horizon_or_semantic_variant,alpha360_LOW10,1.0,c398c20da83e349dc94a,retain_horizon_or_semantic_variant,alpha360_LOW10,1.0,0d78cc8063a80cad4131,retain_horizon_or_semantic_variant,alpha360_LOW10,1.0,caf59ad025dfa8353d55,proposed_representative,alpha360_LOW10,1.0,pending,none_proposal_only,
alpha360_LOW11,dc7dc4ccc1bcc1a729c0,retain_horizon_or_semantic_variant,alpha360_LOW11,1.0,fbebd930c9eb3e21e9e7,retain_horizon_or_semantic_variant,alpha360_LOW11,1.0,b04732aa712d61709ba7,retain_horizon_or_semantic_variant,alpha360_LOW11,1.0,b11e77dd9047ec10282f,proposed_representative,alpha360_LOW11,1.0,pending,none_proposal_only,
alpha360_LOW12,dc7dc4ccc1bcc1a729c0,retain_horizon_or_semantic_variant,alpha360_LOW12,1.0,fbebd930c9eb3e21e9e7,retain_horizon_or_semantic_variant,alpha360_LOW12,1.0,9d11fe2b7e5231c1892e,retain_horizon_or_semantic_variant,alpha360_LOW12,1.0,7bedb07cd4439301ab02,proposed_representative,alpha360_LOW12,1.0,pending,none_proposal_only,
alpha360_LOW13,dc7dc4ccc1bcc1a729c0,retain_horizon_or_semantic_variant,alpha360_LOW13,1.0,99abecbf5573d836c0b3,retain_horizon_or_semantic_variant,alpha360_LOW13,1.0,18f6eae7c23d7f5b60a1,retain_horizon_or_semantic_variant,alpha360_LOW13,1.0,6902e3a26f3a758d6204,proposed_representative,alpha360_LOW13,1.0,pending,none_proposal_only,
alpha360_LOW14,dc7dc4ccc1bcc1a729c0,retain_horizon_or_semantic_variant,alpha360_LOW14,1.0,99abecbf5573d836c0b3,retain_horizon_or_semantic_variant,alpha360_LOW14,1.0,4cf5546667e57cd70fa6,retain_horizon_or_semantic_variant,alpha360_LOW14,1.0,67016bb2c1805286e087,proposed_representative,alpha360_LOW14,1.0,pending,none_proposal_only,
alpha360_LOW15,dc7dc4ccc1bcc1a729c0,retain_horizon_or_semantic_variant,alpha360_LOW15,1.0,34f23fccb4dbd1fe28cb,retain_horizon_or_semantic_variant,alpha360_LOW15,1.0,0d8192eab90b072b7d78,retain_horizon_or_semantic_variant,alpha360_LOW15,1.0,d28d4e8b638681c78f7d,proposed_representative,alpha360_LOW15,1.0,pending,none_proposal_only,
alpha360_LOW16,dc7dc4ccc1bcc1a729c0,retain_horizon_or_semantic_variant,alpha360_LOW16,1.0,34f23fccb4dbd1fe28cb,retain_horizon_or_semantic_variant,alpha360_LOW16,1.0,9c7302c0e5ffb148680a,retain_horizon_or_semantic_variant,alpha360_LOW16,1.0,f2e035016e01d878e878,proposed_representative,alpha360_LOW16,1.0,pending,none_proposal_only,
alpha360_LOW17,306dd709e0cf9595b3eb,retain_horizon_or_semantic_variant,alpha360_LOW17,1.0,fb1d02df222563a817aa,retain_horizon_or_semantic_variant,alpha360_LOW17,1.0,a0c465ad0e1243f6d8bf,retain_horizon_or_semantic_variant,alpha360_LOW17,1.0,aed31557c0b7e01cb60c,proposed_representative,alpha360_LOW17,1.0,pending,none_proposal_only,
alpha360_LOW18,306dd709e0cf9595b3eb,retain_horizon_or_semantic_variant,alpha360_LOW18,1.0,fb1d02df222563a817aa,retain_horizon_or_semantic_variant,alpha360_LOW18,1.0,d3a6be10cb3e2b92a146,retain_horizon_or_semantic_variant,alpha360_LOW18,1.0,a8d89e02400765b4b7c5,proposed_representative,alpha360_LOW18,1.0,pending,none_proposal_only,
alpha360_LOW19,306dd709e0cf9595b3eb,retain_horizon_or_semantic_variant,alpha360_LOW19,1.0,fb1d02df222563a817aa,retain_horizon_or_semantic_variant,alpha360_LOW19,1.0,4775896fe00baa361f93,retain_horizon_or_semantic_variant,alpha360_LOW19,1.0,ce68d97c56fc7ed9626c,proposed_representative,alpha360_LOW19,1.0,pending,none_proposal_only,
alpha360_LOW2,4d67c4edaacfd610ed74,retain_horizon_or_semantic_variant,alpha360_LOW2,1.0,31131cd63637fe2141e3,retain_horizon_or_semantic_variant,alpha360_LOW2,1.0,1ade7e498559a042d3a3,proposed_representative,alpha360_LOW2,1.0,457896c4d0dc7def40d3,proposed_representative,alpha360_LOW2,1.0,pending,none_proposal_only,
alpha360_LOW20,306dd709e0cf9595b3eb,retain_horizon_or_semantic_variant,alpha360_LOW20,1.0,d644a456a9384bc1a7a8,retain_horizon_or_semantic_variant,alpha360_LOW20,1.0,26c07d46d38336844056,retain_horizon_or_semantic_variant,alpha360_LOW20,1.0,15bccdda56f44d6c954e,proposed_representative,alpha360_LOW20,1.0,pending,none_proposal_only,
alpha360_LOW21,306dd709e0cf9595b3eb,retain_horizon_or_semantic_variant,alpha360_LOW21,1.0,d644a456a9384bc1a7a8,retain_horizon_or_semantic_variant,alpha360_LOW21,1.0,be7d867052c4348015f9,retain_horizon_or_semantic_variant,alpha360_LOW21,1.0,57bc08940da95f84d88a,proposed_representative,alpha360_LOW21,1.0,pending,none_proposal_only,
alpha360_LOW22,306dd709e0cf9595b3eb,retain_horizon_or_semantic_variant,alpha360_LOW22,1.0,69c1b696c1fed3e685b3,retain_horizon_or_semantic_variant,alpha360_LOW22,1.0,b19da01b19441c8adcb2,retain_horizon_or_semantic_variant,alpha360_LOW22,1.0,7660a1402f710c1a6ad4,proposed_representative,alpha360_LOW22,1.0,pending,none_proposal_only,
alpha360_LOW23,306dd709e0cf9595b3eb,retain_horizon_or_semantic_variant,alpha360_LOW23,1.0,69c1b696c1fed3e685b3,retain_horizon_or_semantic_variant,alpha360_LOW23,1.0,aaba38ad25e361d42b7b,retain_horizon_or_semantic_variant,alpha360_LOW23,1.0,af978cb0c9447a675683,proposed_representative,alpha360_LOW23,1.0,pending,none_proposal_only,
alpha360_LOW24,306dd709e0cf9595b3eb,retain_horizon_or_semantic_variant,alpha360_LOW24,1.0,8b9c10f1738d819a3a5c,retain_horizon_or_semantic_variant,alpha360_LOW24,1.0,76463d6d3635e26a397f,retain_horizon_or_semantic_variant,alpha360_LOW24,1.0,3d1a6972aefeff2ca797,proposed_representative,alpha360_LOW24,1.0,pending,none_proposal_only,
alpha360_LOW25,306dd709e0cf9595b3eb,retain_horizon_or_semantic_variant,alpha360_LOW25,1.0,8b9c10f1738d819a3a5c,retain_horizon_or_semantic_variant,alpha360_LOW25,1.0,610c94e335ea403f8089,retain_horizon_or_semantic_variant,alpha360_LOW25,1.0,95847fb1c3cfae1841e2,proposed_representative,alpha360_LOW25,1.0,pending,none_proposal_only,
alpha360_LOW26,306dd709e0cf9595b3eb,retain_horizon_or_semantic_variant,alpha360_LOW26,1.0,8b9c10f1738d819a3a5c,retain_horizon_or_semantic_variant,alpha360_LOW26,1.0,dafb76234d81cda0f516,retain_horizon_or_semantic_variant,alpha360_LOW26,1.0,cd3988748d4c9fffb34b,proposed_representative,alpha360_LOW26,1.0,pending,none_proposal_only,
alpha360_LOW27,306dd709e0cf9595b3eb,retain_horizon_or_semantic_variant,alpha360_LOW27,1.0,8b9c10f1738d819a3a5c,retain_horizon_or_semantic_variant,alpha360_LOW27,1.0,dafb76234d81cda0f516,retain_horizon_or_semantic_variant,alpha360_LOW27,1.0,6819f17426b15a6aaddf,proposed_representative,alpha360_LOW27,1.0,pending,none_proposal_only,
alpha360_LOW28,084d1953fa6e95c9d420,retain_horizon_or_semantic_variant,alpha360_LOW28,1.0,7ad7bdd9a681975845d4,retain_horizon_or_semantic_variant,alpha360_LOW28,1.0,e0b93e5b5907a91b96d8,retain_horizon_or_semantic_variant,alpha360_LOW28,1.0,05dfc03e5438877ddcb0,proposed_representative,alpha360_LOW28,1.0,pending,none_proposal_only,
alpha360_LOW29,084d1953fa6e95c9d420,retain_horizon_or_semantic_variant,alpha360_LOW29,1.0,7ad7bdd9a681975845d4,retain_horizon_or_semantic_variant,alpha360_LOW29,1.0,e0b93e5b5907a91b96d8,retain_horizon_or_semantic_variant,alpha360_LOW29,1.0,808219408c7bad9e2471,proposed_representative,alpha360_LOW29,1.0,pending,none_proposal_only,
alpha360_LOW3,4d67c4edaacfd610ed74,retain_horizon_or_semantic_variant,alpha360_LOW3,1.0,2cf2e4c7943d89b5b2db,retain_horizon_or_semantic_variant,alpha360_LOW3,1.0,ddf4b116d0be6091a5b3,proposed_representative,alpha360_LOW3,1.0,1acdb566b64828ed3252,proposed_representative,alpha360_LOW3,1.0,pending,none_proposal_only,
alpha360_LOW30,084d1953fa6e95c9d420,retain_horizon_or_semantic_variant,alpha360_LOW30,1.0,7ad7bdd9a681975845d4,retain_horizon_or_semantic_variant,alpha360_LOW30,1.0,bd34cc5be5fc78f5fad8,retain_horizon_or_semantic_variant,alpha360_LOW30,1.0,52cbcc1e7aa4ed5b78e6,proposed_representative,alpha360_LOW30,1.0,pending,none_proposal_only,
alpha360_LOW31,084d1953fa6e95c9d420,retain_horizon_or_semantic_variant,alpha360_LOW31,1.0,7ad7bdd9a681975845d4,retain_horizon_or_semantic_variant,alpha360_LOW31,1.0,bd34cc5be5fc78f5fad8,retain_horizon_or_semantic_variant,alpha360_LOW31,1.0,5da88ac4bc6131745127,proposed_representative,alpha360_LOW31,1.0,pending,none_proposal_only,
alpha360_LOW32,084d1953fa6e95c9d420,retain_horizon_or_semantic_variant,alpha360_LOW32,1.0,7ad7bdd9a681975845d4,retain_horizon_or_semantic_variant,alpha360_LOW32,1.0,fa2890a2cc225368682d,retain_horizon_or_semantic_variant,alpha360_LOW32,1.0,74bdd8d5509e4291c465,proposed_representative,alpha360_LOW32,1.0,pending,none_proposal_only,
alpha360_LOW33,084d1953fa6e95c9d420,retain_horizon_or_semantic_variant,alpha360_LOW33,1.0,7ad7bdd9a681975845d4,retain_horizon_or_semantic_variant,alpha360_LOW33,1.0,fa2890a2cc225368682d,retain_horizon_or_semantic_variant,alpha360_LOW33,1.0,52b845fdc3901cfabd83,proposed_representative,alpha360_LOW33,1.0,pending,none_proposal_only,
alpha360_LOW34,e61e8bbb58b85dba1401,retain_horizon_or_semantic_variant,alpha360_LOW34,1.0,4c1c08d3dcfc0ff40558,retain_horizon_or_semantic_variant,alpha360_LOW34,1.0,19d76af8d6af6bbd435d,retain_horizon_or_semantic_variant,alpha360_LOW34,1.0,7e540e74e6ee9db83a15,proposed_representative,alpha360_LOW34,1.0,pending,none_proposal_only,
alpha360_LOW35,e61e8bbb58b85dba1401,retain_horizon_or_semantic_variant,alpha360_LOW35,1.0,4c1c08d3dcfc0ff40558,retain_horizon_or_semantic_variant,alpha360_LOW35,1.0,19d76af8d6af6bbd435d,retain_horizon_or_semantic_variant,alpha360_LOW35,1.0,06e4724c13eac8d534a2,proposed_representative,alpha360_LOW35,1.0,pending,none_proposal_only,
alpha360_LOW36,e61e8bbb58b85dba1401,retain_horizon_or_semantic_variant,alpha360_LOW36,1.0,4c1c08d3dcfc0ff40558,retain_horizon_or_semantic_variant,alpha360_LOW36,1.0,0119a5d12159986ff7d7,retain_horizon_or_semantic_variant,alpha360_LOW36,1.0,805969ad8578b1e3472e,proposed_representative,alpha360_LOW36,1.0,pending,none_proposal_only,
alpha360_LOW37,e61e8bbb58b85dba1401,retain_horizon_or_semantic_variant,alpha360_LOW37,1.0,4c1c08d3dcfc0ff40558,retain_horizon_or_semantic_variant,alpha360_LOW37,1.0,0119a5d12159986ff7d7,retain_horizon_or_semantic_variant,alpha360_LOW37,1.0,7f428e3964e0f3d887b4,proposed_representative,alpha360_LOW37,1.0,pending,none_proposal_only,
alpha360_LOW38,e61e8bbb58b85dba1401,retain_horizon_or_semantic_variant,alpha360_LOW38,1.0,4c1c08d3dcfc0ff40558,retain_horizon_or_semantic_variant,alpha360_LOW38,1.0,bded87163fed4a9fb332,retain_horizon_or_semantic_variant,alpha360_LOW38,1.0,1dd74b76ddcdb3a9dc51,proposed_representative,alpha360_LOW38,1.0,pending,none_proposal_only,
alpha360_LOW39,e61e8bbb58b85dba1401,retain_horizon_or_semantic_variant,alpha360_LOW39,1.0,4c1c08d3dcfc0ff40558,retain_horizon_or_semantic_variant,alpha360_LOW39,1.0,bded87163fed4a9fb332,retain_horizon_or_semantic_variant,alpha360_LOW39,1.0,8794e046868fc68d9130,proposed_representative,alpha360_LOW39,1.0,pending,none_proposal_only,
alpha360_LOW4,fbcfce924ce2b3e665d6,retain_horizon_or_semantic_variant,alpha360_LOW4,1.0,9c8ea301d328a2cd7d32,retain_horizon_or_semantic_variant,alpha360_LOW4,1.0,94f242cb9acdb53c1532,retain_horizon_or_semantic_variant,alpha360_LOW4,1.0,7a24f910d284d2000a87,proposed_representative,alpha360_LOW4,1.0,pending,none_proposal_only,
alpha360_LOW40,e61e8bbb58b85dba1401,retain_horizon_or_semantic_variant,alpha360_LOW40,1.0,4c1c08d3dcfc0ff40558,retain_horizon_or_semantic_variant,alpha360_LOW40,1.0,aa3d8fb03aff0452da6a,retain_horizon_or_semantic_variant,alpha360_LOW40,1.0,e739b5450a4f43fc57d5,proposed_representative,alpha360_LOW40,1.0,pending,none_proposal_only,
alpha360_LOW41,e61e8bbb58b85dba1401,retain_horizon_or_semantic_variant,alpha360_LOW41,1.0,4c1c08d3dcfc0ff40558,retain_horizon_or_semantic_variant,alpha360_LOW41,1.0,aa3d8fb03aff0452da6a,retain_horizon_or_semantic_variant,alpha360_LOW41,1.0,708453d85a7ae204b4b2,proposed_representative,alpha360_LOW41,1.0,pending,none_proposal_only,
alpha360_LOW42,e61e8bbb58b85dba1401,retain_horizon_or_semantic_variant,alpha360_LOW42,1.0,0f34420bf6deb7a69f7c,retain_horizon_or_semantic_variant,alpha360_LOW42,1.0,2814b13cf3cfa2e3a7c7,retain_horizon_or_semantic_variant,alpha360_LOW42,1.0,6b3de5bfc866a0cb6b00,proposed_representative,alpha360_LOW42,1.0,pending,none_proposal_only,
alpha360_LOW43,e61e8bbb58b85dba1401,retain_horizon_or_semantic_variant,alpha360_LOW43,1.0,0f34420bf6deb7a69f7c,retain_horizon_or_semantic_variant,alpha360_LOW43,1.0,2814b13cf3cfa2e3a7c7,retain_horizon_or_semantic_variant,alpha360_LOW43,1.0,34a4f2f432a22139e30a,proposed_representative,alpha360_LOW43,1.0,pending,none_proposal_only,
alpha360_LOW44,e61e8bbb58b85dba1401,retain_horizon_or_semantic_variant,alpha360_LOW44,1.0,0f34420bf6deb7a69f7c,retain_horizon_or_semantic_variant,alpha360_LOW44,1.0,8249de9fd7d941c9fbe6,retain_horizon_or_semantic_variant,alpha360_LOW44,1.0,fea3522443f841bf57d0,proposed_representative,alpha360_LOW44,1.0,pending,none_proposal_only,
alpha360_LOW45,e61e8bbb58b85dba1401,retain_horizon_or_semantic_variant,alpha360_LOW45,1.0,0f34420bf6deb7a69f7c,retain_horizon_or_semantic_variant,alpha360_LOW45,1.0,8249de9fd7d941c9fbe6,retain_horizon_or_semantic_variant,alpha360_LOW45,1.0,42d0b6aff9772aedbe12,proposed_representative,alpha360_LOW45,1.0,pending,none_proposal_only,
alpha360_LOW46,e61e8bbb58b85dba1401,retain_horizon_or_semantic_variant,alpha360_LOW46,1.0,0f34420bf6deb7a69f7c,retain_horizon_or_semantic_variant,alpha360_LOW46,1.0,f3d8643e4a7562faeef6,retain_horizon_or_semantic_variant,alpha360_LOW46,1.0,775fca1fbd5138a0dc49,proposed_representative,alpha360_LOW46,1.0,pending,none_proposal_only,
alpha360_LOW47,e61e8bbb58b85dba1401,retain_horizon_or_semantic_variant,alpha360_LOW47,1.0,0f34420bf6deb7a69f7c,retain_horizon_or_semantic_variant,alpha360_LOW47,1.0,f3d8643e4a7562faeef6,retain_horizon_or_semantic_variant,alpha360_LOW47,1.0,5c7f90c4a1ff8337c374,proposed_representative,alpha360_LOW47,1.0,pending,none_proposal_only,
alpha360_LOW48,e61e8bbb58b85dba1401,retain_horizon_or_semantic_variant,alpha360_LOW48,1.0,0f34420bf6deb7a69f7c,retain_horizon_or_semantic_variant,alpha360_LOW48,1.0,18549a84594ba3a19eaa,retain_horizon_or_semantic_variant,alpha360_LOW48,1.0,fe7bfcef6a2746bb747f,proposed_representative,alpha360_LOW48,1.0,pending,none_proposal_only,
alpha360_LOW49,e61e8bbb58b85dba1401,retain_horizon_or_semantic_variant,alpha360_LOW49,1.0,0f34420bf6deb7a69f7c,retain_horizon_or_semantic_variant,alpha360_LOW49,1.0,18549a84594ba3a19eaa,retain_horizon_or_semantic_variant,alpha360_LOW49,1.0,64977f7e393bf818973d,proposed_representative,alpha360_LOW49,1.0,pending,none_proposal_only,
alpha360_LOW5,1e4d503306f15d3a7192,retain_horizon_or_semantic_variant,alpha360_LOW5,1.0,51eebe34ff4681e7a9d7,retain_horizon_or_semantic_variant,alpha360_LOW5,1.0,fc53b630fdef94c9cc74,proposed_representative,alpha360_LOW5,1.0,fb819172ab5b538ff6ec,proposed_representative,alpha360_LOW5,1.0,pending,none_proposal_only,
alpha360_LOW50,e88b0b2e8560b3953d66,retain_horizon_or_semantic_variant,alpha360_LOW50,1.0,65ee45bf83ffe981ce03,retain_horizon_or_semantic_variant,alpha360_LOW50,1.0,ab871b25367ba7b1a7c7,retain_horizon_or_semantic_variant,alpha360_LOW50,1.0,01b40219ad52f369ade9,proposed_representative,alpha360_LOW50,1.0,pending,none_proposal_only,
alpha360_LOW51,e88b0b2e8560b3953d66,retain_horizon_or_semantic_variant,alpha360_LOW51,1.0,65ee45bf83ffe981ce03,retain_horizon_or_semantic_variant,alpha360_LOW51,1.0,ab871b25367ba7b1a7c7,retain_horizon_or_semantic_variant,alpha360_LOW51,1.0,3913794b10f341b31c2b,proposed_representative,alpha360_LOW51,1.0,pending,none_proposal_only,
alpha360_LOW52,e88b0b2e8560b3953d66,retain_horizon_or_semantic_variant,alpha360_LOW52,1.0,65ee45bf83ffe981ce03,retain_horizon_or_semantic_variant,alpha360_LOW52,1.0,139a45fbd384ad1ac167,retain_horizon_or_semantic_variant,alpha360_LOW52,1.0,146ef802bb1424ba5fe1,proposed_representative,alpha360_LOW52,1.0,pending,none_proposal_only,
alpha360_LOW53,e88b0b2e8560b3953d66,retain_horizon_or_semantic_variant,alpha360_LOW53,1.0,65ee45bf83ffe981ce03,retain_horizon_or_semantic_variant,alpha360_LOW53,1.0,139a45fbd384ad1ac167,retain_horizon_or_semantic_variant,alpha360_LOW53,1.0,cdb825b3b03d50254c68,retain_horizon_or_semantic_variant,alpha360_LOW53,1.0,pending,none_proposal_only,
alpha360_LOW54,e88b0b2e8560b3953d66,retain_horizon_or_semantic_variant,alpha360_LOW54,1.0,65ee45bf83ffe981ce03,retain_horizon_or_semantic_variant,alpha360_LOW54,1.0,26125719bd2fa2e774a2,retain_horizon_or_semantic_variant,alpha360_LOW54,1.0,92b16e27b7289d31b2d8,retain_horizon_or_semantic_variant,alpha360_LOW54,1.0,pending,none_proposal_only,
alpha360_LOW55,e88b0b2e8560b3953d66,retain_horizon_or_semantic_variant,alpha360_LOW55,1.0,65ee45bf83ffe981ce03,retain_horizon_or_semantic_variant,alpha360_LOW55,1.0,26125719bd2fa2e774a2,retain_horizon_or_semantic_variant,alpha360_LOW55,1.0,38a53942a7d1a86a3315,retain_horizon_or_semantic_variant,alpha360_LOW55,1.0,pending,none_proposal_only,
alpha360_LOW56,e88b0b2e8560b3953d66,retain_horizon_or_semantic_variant,alpha360_LOW56,1.0,65ee45bf83ffe981ce03,retain_horizon_or_semantic_variant,alpha360_LOW56,1.0,26125719bd2fa2e774a2,retain_horizon_or_semantic_variant,alpha360_LOW56,1.0,39109e47b99eddcb5949,retain_horizon_or_semantic_variant,alpha360_LOW56,1.0,pending,none_proposal_only,
alpha360_LOW57,e88b0b2e8560b3953d66,retain_horizon_or_semantic_variant,alpha360_LOW57,1.0,5747fe37574b3e22e149,retain_horizon_or_semantic_variant,alpha360_LOW57,1.0,cc4777fa6fc9a5f9feea,retain_horizon_or_semantic_variant,alpha360_LOW57,1.0,9beed40886ca039402d5,proposed_representative,alpha360_LOW57,1.0,pending,none_proposal_only,
alpha360_LOW58,e88b0b2e8560b3953d66,retain_horizon_or_semantic_variant,alpha360_LOW58,1.0,5747fe37574b3e22e149,retain_horizon_or_semantic_variant,alpha360_LOW58,1.0,cc4777fa6fc9a5f9feea,retain_horizon_or_semantic_variant,alpha360_LOW58,1.0,836bea986a82cb98f025,retain_horizon_or_semantic_variant,alpha360_LOW58,1.0,pending,none_proposal_only,
alpha360_LOW59,e88b0b2e8560b3953d66,retain_horizon_or_semantic_variant,alpha360_LOW59,1.0,5747fe37574b3e22e149,retain_horizon_or_semantic_variant,alpha360_LOW59,1.0,cc4777fa6fc9a5f9feea,retain_horizon_or_semantic_variant,alpha360_LOW59,1.0,7bbee534468d4839e0d3,proposed_representative,alpha360_LOW59,1.0,pending,none_proposal_only,
alpha360_LOW6,1e4d503306f15d3a7192,retain_horizon_or_semantic_variant,alpha360_LOW6,1.0,51eebe34ff4681e7a9d7,retain_horizon_or_semantic_variant,alpha360_LOW6,1.0,febb61b5c06cca0eaf32,retain_horizon_or_semantic_variant,alpha360_LOW6,1.0,722a91a2464476bd3879,proposed_representative,alpha360_LOW6,1.0,pending,none_proposal_only,
alpha360_LOW7,b7629c155c3211cfaec5,retain_horizon_or_semantic_variant,alpha360_LOW7,1.0,802716de7f5d647f7782,retain_horizon_or_semantic_variant,alpha360_LOW7,1.0,c923747db6f9067be042,retain_horizon_or_semantic_variant,alpha360_LOW7,1.0,a57a964cfcef2780130d,proposed_representative,alpha360_LOW7,1.0,pending,none_proposal_only,
alpha360_LOW8,b7629c155c3211cfaec5,retain_horizon_or_semantic_variant,alpha360_LOW8,1.0,d7b9777e0f6ceefffbc1,retain_horizon_or_semantic_variant,alpha360_LOW8,1.0,33f599c66c9a3959eb2f,retain_horizon_or_semantic_variant,alpha360_LOW8,1.0,75cee712b75bbcbc2ff2,proposed_representative,alpha360_LOW8,1.0,pending,none_proposal_only,
alpha360_LOW9,b7629c155c3211cfaec5,retain_horizon_or_semantic_variant,alpha360_LOW9,1.0,c398c20da83e349dc94a,retain_horizon_or_semantic_variant,alpha360_LOW9,1.0,c1a67f226618d8806abd,retain_horizon_or_semantic_variant,alpha360_LOW9,1.0,18cb3ba6311442251e84,proposed_representative,alpha360_LOW9,1.0,pending,none_proposal_only,
alpha360_OPEN10,b7629c155c3211cfaec5,retain_horizon_or_semantic_variant,alpha360_OPEN10,1.0,c398c20da83e349dc94a,retain_horizon_or_semantic_variant,alpha360_OPEN10,1.0,0d78cc8063a80cad4131,retain_horizon_or_semantic_variant,alpha360_OPEN10,1.0,59228537b3482834928d,proposed_representative,alpha360_OPEN10,1.0,pending,none_proposal_only,
alpha360_OPEN11,dc7dc4ccc1bcc1a729c0,retain_horizon_or_semantic_variant,alpha360_OPEN11,1.0,fbebd930c9eb3e21e9e7,retain_horizon_or_semantic_variant,alpha360_OPEN11,1.0,b04732aa712d61709ba7,retain_horizon_or_semantic_variant,alpha360_OPEN11,1.0,05f31a2908653bfcd522,proposed_representative,alpha360_OPEN11,1.0,pending,none_proposal_only,
alpha360_OPEN12,dc7dc4ccc1bcc1a729c0,retain_horizon_or_semantic_variant,alpha360_OPEN12,1.0,fbebd930c9eb3e21e9e7,retain_horizon_or_semantic_variant,alpha360_OPEN12,1.0,9d11fe2b7e5231c1892e,retain_horizon_or_semantic_variant,alpha360_OPEN12,1.0,cc7a888d934c2457a387,proposed_representative,alpha360_OPEN12,1.0,pending,none_proposal_only,
alpha360_OPEN13,dc7dc4ccc1bcc1a729c0,retain_horizon_or_semantic_variant,alpha360_OPEN13,1.0,99abecbf5573d836c0b3,retain_horizon_or_semantic_variant,alpha360_OPEN13,1.0,18f6eae7c23d7f5b60a1,retain_horizon_or_semantic_variant,alpha360_OPEN13,1.0,bbb5bbab8d8fc500c589,proposed_representative,alpha360_OPEN13,1.0,pending,none_proposal_only,
alpha360_OPEN14,dc7dc4ccc1bcc1a729c0,retain_horizon_or_semantic_variant,alpha360_OPEN14,1.0,99abecbf5573d836c0b3,retain_horizon_or_semantic_variant,alpha360_OPEN14,1.0,4cf5546667e57cd70fa6,retain_horizon_or_semantic_variant,alpha360_OPEN14,1.0,9ac05d83c3191c9b3332,proposed_representative,alpha360_OPEN14,1.0,pending,none_proposal_only,
alpha360_OPEN15,dc7dc4ccc1bcc1a729c0,retain_horizon_or_semantic_variant,alpha360_OPEN15,1.0,34f23fccb4dbd1fe28cb,retain_horizon_or_semantic_variant,alpha360_OPEN15,1.0,0d8192eab90b072b7d78,retain_horizon_or_semantic_variant,alpha360_OPEN15,1.0,7f3c916e92ce16207739,proposed_representative,alpha360_OPEN15,1.0,pending,none_proposal_only,
alpha360_OPEN16,dc7dc4ccc1bcc1a729c0,retain_horizon_or_semantic_variant,alpha360_OPEN16,1.0,34f23fccb4dbd1fe28cb,retain_horizon_or_semantic_variant,alpha360_OPEN16,1.0,9c7302c0e5ffb148680a,retain_horizon_or_semantic_variant,alpha360_OPEN16,1.0,7cca7726802188cf252f,proposed_representative,alpha360_OPEN16,1.0,pending,none_proposal_only,
alpha360_OPEN17,306dd709e0cf9595b3eb,retain_horizon_or_semantic_variant,alpha360_OPEN17,1.0,fb1d02df222563a817aa,retain_horizon_or_semantic_variant,alpha360_OPEN17,1.0,a0c465ad0e1243f6d8bf,retain_horizon_or_semantic_variant,alpha360_OPEN17,1.0,be56df1ab92268009497,proposed_representative,alpha360_OPEN17,1.0,pending,none_proposal_only,
alpha360_OPEN18,306dd709e0cf9595b3eb,retain_horizon_or_semantic_variant,alpha360_OPEN18,1.0,fb1d02df222563a817aa,retain_horizon_or_semantic_variant,alpha360_OPEN18,1.0,d3a6be10cb3e2b92a146,retain_horizon_or_semantic_variant,alpha360_OPEN18,1.0,6c518a1831435b36bd0c,proposed_representative,alpha360_OPEN18,1.0,pending,none_proposal_only,
alpha360_OPEN19,306dd709e0cf9595b3eb,retain_horizon_or_semantic_variant,alpha360_OPEN19,1.0,fb1d02df222563a817aa,retain_horizon_or_semantic_variant,alpha360_OPEN19,1.0,4775896fe00baa361f93,retain_horizon_or_semantic_variant,alpha360_OPEN19,1.0,cded97c992a82adc7401,proposed_representative,alpha360_OPEN19,1.0,pending,none_proposal_only,
alpha360_OPEN2,4d67c4edaacfd610ed74,retain_horizon_or_semantic_variant,alpha360_OPEN2,1.0,31131cd63637fe2141e3,retain_horizon_or_semantic_variant,alpha360_OPEN2,1.0,c3c184d5e017126418cb,retain_horizon_or_semantic_variant,alpha360_OPEN2,1.0,b7806c7a975b4ca6537b,proposed_representative,alpha360_OPEN2,1.0,pending,none_proposal_only,
alpha360_OPEN20,306dd709e0cf9595b3eb,retain_horizon_or_semantic_variant,alpha360_OPEN20,1.0,d644a456a9384bc1a7a8,retain_horizon_or_semantic_variant,alpha360_OPEN20,1.0,26c07d46d38336844056,retain_horizon_or_semantic_variant,alpha360_OPEN20,1.0,ea287b76c19b188a3c9a,proposed_representative,alpha360_OPEN20,1.0,pending,none_proposal_only,
alpha360_OPEN21,306dd709e0cf9595b3eb,retain_horizon_or_semantic_variant,alpha360_OPEN21,1.0,d644a456a9384bc1a7a8,retain_horizon_or_semantic_variant,alpha360_OPEN21,1.0,be7d867052c4348015f9,retain_horizon_or_semantic_variant,alpha360_OPEN21,1.0,dca3495eeb65dbf1322c,proposed_representative,alpha360_OPEN21,1.0,pending,none_proposal_only,
alpha360_OPEN22,306dd709e0cf9595b3eb,retain_horizon_or_semantic_variant,alpha360_OPEN22,1.0,69c1b696c1fed3e685b3,retain_horizon_or_semantic_variant,alpha360_OPEN22,1.0,b19da01b19441c8adcb2,retain_horizon_or_semantic_variant,alpha360_OPEN22,1.0,04c44cc1db242bf454ac,proposed_representative,alpha360_OPEN22,1.0,pending,none_proposal_only,
alpha360_OPEN23,306dd709e0cf9595b3eb,retain_horizon_or_semantic_variant,alpha360_OPEN23,1.0,69c1b696c1fed3e685b3,retain_horizon_or_semantic_variant,alpha360_OPEN23,1.0,aaba38ad25e361d42b7b,retain_horizon_or_semantic_variant,alpha360_OPEN23,1.0,c1080ec8aaea7a367c23,proposed_representative,alpha360_OPEN23,1.0,pending,none_proposal_only,
alpha360_OPEN24,306dd709e0cf9595b3eb,retain_horizon_or_semantic_variant,alpha360_OPEN24,1.0,8b9c10f1738d819a3a5c,retain_horizon_or_semantic_variant,alpha360_OPEN24,1.0,76463d6d3635e26a397f,retain_horizon_or_semantic_variant,alpha360_OPEN24,1.0,5513ccc59f2e87ad6e73,proposed_representative,alpha360_OPEN24,1.0,pending,none_proposal_only,
alpha360_OPEN25,306dd709e0cf9595b3eb,retain_horizon_or_semantic_variant,alpha360_OPEN25,1.0,8b9c10f1738d819a3a5c,retain_horizon_or_semantic_variant,alpha360_OPEN25,1.0,610c94e335ea403f8089,retain_horizon_or_semantic_variant,alpha360_OPEN25,1.0,b1397db4abd68e6ce73b,proposed_representative,alpha360_OPEN25,1.0,pending,none_proposal_only,
alpha360_OPEN26,306dd709e0cf9595b3eb,retain_horizon_or_semantic_variant,alpha360_OPEN26,1.0,8b9c10f1738d819a3a5c,retain_horizon_or_semantic_variant,alpha360_OPEN26,1.0,dafb76234d81cda0f516,retain_horizon_or_semantic_variant,alpha360_OPEN26,1.0,97e4aae8caf1c38e274e,proposed_representative,alpha360_OPEN26,1.0,pending,none_proposal_only,
alpha360_OPEN27,306dd709e0cf9595b3eb,retain_horizon_or_semantic_variant,alpha360_OPEN27,1.0,8b9c10f1738d819a3a5c,retain_horizon_or_semantic_variant,alpha360_OPEN27,1.0,dafb76234d81cda0f516,retain_horizon_or_semantic_variant,alpha360_OPEN27,1.0,b09765b4937b3eb19449,proposed_representative,alpha360_OPEN27,1.0,pending,none_proposal_only,
alpha360_OPEN28,084d1953fa6e95c9d420,retain_horizon_or_semantic_variant,alpha360_OPEN28,1.0,7ad7bdd9a681975845d4,retain_horizon_or_semantic_variant,alpha360_OPEN28,1.0,e0b93e5b5907a91b96d8,retain_horizon_or_semantic_variant,alpha360_OPEN28,1.0,87f9b20220583b84dee3,proposed_representative,alpha360_OPEN28,1.0,pending,none_proposal_only,
alpha360_OPEN29,084d1953fa6e95c9d420,retain_horizon_or_semantic_variant,alpha360_OPEN29,1.0,7ad7bdd9a681975845d4,retain_horizon_or_semantic_variant,alpha360_OPEN29,1.0,e0b93e5b5907a91b96d8,retain_horizon_or_semantic_variant,alpha360_OPEN29,1.0,51258ce4be61a78db270,proposed_representative,alpha360_OPEN29,1.0,pending,none_proposal_only,
alpha360_OPEN3,fbcfce924ce2b3e665d6,retain_horizon_or_semantic_variant,alpha360_OPEN3,1.0,9c8ea301d328a2cd7d32,retain_horizon_or_semantic_variant,alpha360_OPEN3,1.0,654e1918dda895fd41b3,retain_horizon_or_semantic_variant,alpha360_OPEN3,1.0,798fba25053b6a13390e,proposed_representative,alpha360_OPEN3,1.0,pending,none_proposal_only,
alpha360_OPEN30,084d1953fa6e95c9d420,retain_horizon_or_semantic_variant,alpha360_OPEN30,1.0,7ad7bdd9a681975845d4,retain_horizon_or_semantic_variant,alpha360_OPEN30,1.0,bd34cc5be5fc78f5fad8,retain_horizon_or_semantic_variant,alpha360_OPEN30,1.0,118affab4565dc571f1e,proposed_representative,alpha360_OPEN30,1.0,pending,none_proposal_only,
alpha360_OPEN31,084d1953fa6e95c9d420,retain_horizon_or_semantic_variant,alpha360_OPEN31,1.0,7ad7bdd9a681975845d4,retain_horizon_or_semantic_variant,alpha360_OPEN31,1.0,bd34cc5be5fc78f5fad8,retain_horizon_or_semantic_variant,alpha360_OPEN31,1.0,621f894fed12b93ca949,proposed_representative,alpha360_OPEN31,1.0,pending,none_proposal_only,
alpha360_OPEN32,084d1953fa6e95c9d420,retain_horizon_or_semantic_variant,alpha360_OPEN32,1.0,7ad7bdd9a681975845d4,retain_horizon_or_semantic_variant,alpha360_OPEN32,1.0,fa2890a2cc225368682d,retain_horizon_or_semantic_variant,alpha360_OPEN32,1.0,b2ed0017f62f475056cc,proposed_representative,alpha360_OPEN32,1.0,pending,none_proposal_only,
alpha360_OPEN33,084d1953fa6e95c9d420,retain_horizon_or_semantic_variant,alpha360_OPEN33,1.0,7ad7bdd9a681975845d4,retain_horizon_or_semantic_variant,alpha360_OPEN33,1.0,fa2890a2cc225368682d,retain_horizon_or_semantic_variant,alpha360_OPEN33,1.0,ebf24dbc642dbcc18fad,proposed_representative,alpha360_OPEN33,1.0,pending,none_proposal_only,
alpha360_OPEN34,e61e8bbb58b85dba1401,retain_horizon_or_semantic_variant,alpha360_OPEN34,1.0,4c1c08d3dcfc0ff40558,retain_horizon_or_semantic_variant,alpha360_OPEN34,1.0,19d76af8d6af6bbd435d,retain_horizon_or_semantic_variant,alpha360_OPEN34,1.0,5c4e3993b9d2d6fe759d,proposed_representative,alpha360_OPEN34,1.0,pending,none_proposal_only,
alpha360_OPEN35,e61e8bbb58b85dba1401,retain_horizon_or_semantic_variant,alpha360_OPEN35,1.0,4c1c08d3dcfc0ff40558,retain_horizon_or_semantic_variant,alpha360_OPEN35,1.0,19d76af8d6af6bbd435d,retain_horizon_or_semantic_variant,alpha360_OPEN35,1.0,2b3d002537add8ed85bd,proposed_representative,alpha360_OPEN35,1.0,pending,none_proposal_only,
alpha360_OPEN36,e61e8bbb58b85dba1401,retain_horizon_or_semantic_variant,alpha360_OPEN36,1.0,4c1c08d3dcfc0ff40558,retain_horizon_or_semantic_variant,alpha360_OPEN36,1.0,0119a5d12159986ff7d7,retain_horizon_or_semantic_variant,alpha360_OPEN36,1.0,bf7af0682d97e0a2b4b7,proposed_representative,alpha360_OPEN36,1.0,pending,none_proposal_only,
alpha360_OPEN37,e61e8bbb58b85dba1401,retain_horizon_or_semantic_variant,alpha360_OPEN37,1.0,4c1c08d3dcfc0ff40558,retain_horizon_or_semantic_variant,alpha360_OPEN37,1.0,0119a5d12159986ff7d7,retain_horizon_or_semantic_variant,alpha360_OPEN37,1.0,aa0edb60ff93e8cbdb5d,proposed_representative,alpha360_OPEN37,1.0,pending,none_proposal_only,
alpha360_OPEN38,e61e8bbb58b85dba1401,retain_horizon_or_semantic_variant,alpha360_OPEN38,1.0,4c1c08d3dcfc0ff40558,retain_horizon_or_semantic_variant,alpha360_OPEN38,1.0,bded87163fed4a9fb332,retain_horizon_or_semantic_variant,alpha360_OPEN38,1.0,0c76d277d07fd3d6ec5d,proposed_representative,alpha360_OPEN38,1.0,pending,none_proposal_only,
alpha360_OPEN39,e61e8bbb58b85dba1401,retain_horizon_or_semantic_variant,alpha360_OPEN39,1.0,4c1c08d3dcfc0ff40558,retain_horizon_or_semantic_variant,alpha360_OPEN39,1.0,bded87163fed4a9fb332,retain_horizon_or_semantic_variant,alpha360_OPEN39,1.0,d1882d657075ba48a56b,proposed_representative,alpha360_OPEN39,1.0,pending,none_proposal_only,
alpha360_OPEN4,fbcfce924ce2b3e665d6,retain_horizon_or_semantic_variant,alpha360_OPEN4,1.0,10ab03ef9cf7699ad71e,retain_horizon_or_semantic_variant,alpha360_OPEN4,1.0,97579789a904a6255f78,retain_horizon_or_semantic_variant,alpha360_OPEN4,1.0,8de8f28d1ea1c41cfc54,proposed_representative,alpha360_OPEN4,1.0,pending,none_proposal_only,
alpha360_OPEN40,e61e8bbb58b85dba1401,retain_horizon_or_semantic_variant,alpha360_OPEN40,1.0,4c1c08d3dcfc0ff40558,retain_horizon_or_semantic_variant,alpha360_OPEN40,1.0,aa3d8fb03aff0452da6a,retain_horizon_or_semantic_variant,alpha360_OPEN40,1.0,dfaea578e30f18192ae3,proposed_representative,alpha360_OPEN40,1.0,pending,none_proposal_only,
alpha360_OPEN41,e61e8bbb58b85dba1401,retain_horizon_or_semantic_variant,alpha360_OPEN41,1.0,4c1c08d3dcfc0ff40558,retain_horizon_or_semantic_variant,alpha360_OPEN41,1.0,aa3d8fb03aff0452da6a,retain_horizon_or_semantic_variant,alpha360_OPEN41,1.0,41636a749bf9d0000b37,proposed_representative,alpha360_OPEN41,1.0,pending,none_proposal_only,
alpha360_OPEN42,e61e8bbb58b85dba1401,retain_horizon_or_semantic_variant,alpha360_OPEN42,1.0,0f34420bf6deb7a69f7c,retain_horizon_or_semantic_variant,alpha360_OPEN42,1.0,2814b13cf3cfa2e3a7c7,retain_horizon_or_semantic_variant,alpha360_OPEN42,1.0,cb20b2ca5bc3735caf00,proposed_representative,alpha360_OPEN42,1.0,pending,none_proposal_only,
alpha360_OPEN43,e61e8bbb58b85dba1401,retain_horizon_or_semantic_variant,alpha360_OPEN43,1.0,0f34420bf6deb7a69f7c,retain_horizon_or_semantic_variant,alpha360_OPEN43,1.0,2814b13cf3cfa2e3a7c7,retain_horizon_or_semantic_variant,alpha360_OPEN43,1.0,3d00a10a5c56fa277785,proposed_representative,alpha360_OPEN43,1.0,pending,none_proposal_only,
alpha360_OPEN44,e61e8bbb58b85dba1401,retain_horizon_or_semantic_variant,alpha360_OPEN44,1.0,0f34420bf6deb7a69f7c,retain_horizon_or_semantic_variant,alpha360_OPEN44,1.0,8249de9fd7d941c9fbe6,retain_horizon_or_semantic_variant,alpha360_OPEN44,1.0,28000ec70892021d8d79,proposed_representative,alpha360_OPEN44,1.0,pending,none_proposal_only,
alpha360_OPEN45,e61e8bbb58b85dba1401,retain_horizon_or_semantic_variant,alpha360_OPEN45,1.0,0f34420bf6deb7a69f7c,retain_horizon_or_semantic_variant,alpha360_OPEN45,1.0,8249de9fd7d941c9fbe6,retain_horizon_or_semantic_variant,alpha360_OPEN45,1.0,b8f3c9093edca45a8388,proposed_representative,alpha360_OPEN45,1.0,pending,none_proposal_only,
alpha360_OPEN46,e61e8bbb58b85dba1401,retain_horizon_or_semantic_variant,alpha360_OPEN46,1.0,0f34420bf6deb7a69f7c,retain_horizon_or_semantic_variant,alpha360_OPEN46,1.0,f3d8643e4a7562faeef6,retain_horizon_or_semantic_variant,alpha360_OPEN46,1.0,5beb2314b44077cc90db,proposed_representative,alpha360_OPEN46,1.0,pending,none_proposal_only,
alpha360_OPEN47,e61e8bbb58b85dba1401,retain_horizon_or_semantic_variant,alpha360_OPEN47,1.0,0f34420bf6deb7a69f7c,retain_horizon_or_semantic_variant,alpha360_OPEN47,1.0,f3d8643e4a7562faeef6,retain_horizon_or_semantic_variant,alpha360_OPEN47,1.0,1733a3b5823eac999a5c,proposed_representative,alpha360_OPEN47,1.0,pending,none_proposal_only,
alpha360_OPEN48,e61e8bbb58b85dba1401,retain_horizon_or_semantic_variant,alpha360_OPEN48,1.0,0f34420bf6deb7a69f7c,retain_horizon_or_semantic_variant,alpha360_OPEN48,1.0,18549a84594ba3a19eaa,retain_horizon_or_semantic_variant,alpha360_OPEN48,1.0,a0f9321c0296140244ae,proposed_representative,alpha360_OPEN48,1.0,pending,none_proposal_only,
alpha360_OPEN49,e61e8bbb58b85dba1401,retain_horizon_or_semantic_variant,alpha360_OPEN49,1.0,0f34420bf6deb7a69f7c,retain_horizon_or_semantic_variant,alpha360_OPEN49,1.0,18549a84594ba3a19eaa,retain_horizon_or_semantic_variant,alpha360_OPEN49,1.0,164c4496e5931b3dd4f2,proposed_representative,alpha360_OPEN49,1.0,pending,none_proposal_only,
alpha360_OPEN5,1e4d503306f15d3a7192,retain_horizon_or_semantic_variant,alpha360_OPEN5,1.0,51eebe34ff4681e7a9d7,retain_horizon_or_semantic_variant,alpha360_OPEN5,1.0,41bdbca241aab511b201,retain_horizon_or_semantic_variant,alpha360_OPEN5,1.0,612c738bfcc8b8028555,proposed_representative,alpha360_OPEN5,1.0,pending,none_proposal_only,
alpha360_OPEN50,e88b0b2e8560b3953d66,retain_horizon_or_semantic_variant,alpha360_OPEN50,1.0,65ee45bf83ffe981ce03,retain_horizon_or_semantic_variant,alpha360_OPEN50,1.0,ab871b25367ba7b1a7c7,retain_horizon_or_semantic_variant,alpha360_OPEN50,1.0,fa268cead9eff3de4840,proposed_representative,alpha360_OPEN50,1.0,pending,none_proposal_only,
alpha360_OPEN51,e88b0b2e8560b3953d66,retain_horizon_or_semantic_variant,alpha360_OPEN51,1.0,65ee45bf83ffe981ce03,retain_horizon_or_semantic_variant,alpha360_OPEN51,1.0,ab871b25367ba7b1a7c7,retain_horizon_or_semantic_variant,alpha360_OPEN51,1.0,c280d8714b748ca92ed7,proposed_representative,alpha360_OPEN51,1.0,pending,none_proposal_only,
alpha360_OPEN52,e88b0b2e8560b3953d66,retain_horizon_or_semantic_variant,alpha360_OPEN52,1.0,65ee45bf83ffe981ce03,retain_horizon_or_semantic_variant,alpha360_OPEN52,1.0,139a45fbd384ad1ac167,retain_horizon_or_semantic_variant,alpha360_OPEN52,1.0,99981275f78b11604537,proposed_representative,alpha360_OPEN52,1.0,pending,none_proposal_only,
alpha360_OPEN53,e88b0b2e8560b3953d66,retain_horizon_or_semantic_variant,alpha360_OPEN53,1.0,65ee45bf83ffe981ce03,retain_horizon_or_semantic_variant,alpha360_OPEN53,1.0,139a45fbd384ad1ac167,retain_horizon_or_semantic_variant,alpha360_OPEN53,1.0,cdb825b3b03d50254c68,retain_horizon_or_semantic_variant,alpha360_OPEN53,1.0,pending,none_proposal_only,
alpha360_OPEN54,e88b0b2e8560b3953d66,retain_horizon_or_semantic_variant,alpha360_OPEN54,1.0,65ee45bf83ffe981ce03,retain_horizon_or_semantic_variant,alpha360_OPEN54,1.0,26125719bd2fa2e774a2,retain_horizon_or_semantic_variant,alpha360_OPEN54,1.0,92b16e27b7289d31b2d8,retain_horizon_or_semantic_variant,alpha360_OPEN54,1.0,pending,none_proposal_only,
alpha360_OPEN55,e88b0b2e8560b3953d66,retain_horizon_or_semantic_variant,alpha360_OPEN55,1.0,65ee45bf83ffe981ce03,retain_horizon_or_semantic_variant,alpha360_OPEN55,1.0,26125719bd2fa2e774a2,retain_horizon_or_semantic_variant,alpha360_OPEN55,1.0,38a53942a7d1a86a3315,retain_horizon_or_semantic_variant,alpha360_OPEN55,1.0,pending,none_proposal_only,
alpha360_OPEN56,e88b0b2e8560b3953d66,retain_horizon_or_semantic_variant,alpha360_OPEN56,1.0,65ee45bf83ffe981ce03,retain_horizon_or_semantic_variant,alpha360_OPEN56,1.0,26125719bd2fa2e774a2,retain_horizon_or_semantic_variant,alpha360_OPEN56,1.0,39109e47b99eddcb5949,retain_horizon_or_semantic_variant,alpha360_OPEN56,1.0,pending,none_proposal_only,
alpha360_OPEN57,e88b0b2e8560b3953d66,retain_horizon_or_semantic_variant,alpha360_OPEN57,1.0,5747fe37574b3e22e149,retain_horizon_or_semantic_variant,alpha360_OPEN57,1.0,cc4777fa6fc9a5f9feea,retain_horizon_or_semantic_variant,alpha360_OPEN57,1.0,6cd93057366b847f2ac8,retain_horizon_or_semantic_variant,alpha360_OPEN57,1.0,pending,none_proposal_only,
alpha360_OPEN58,e88b0b2e8560b3953d66,retain_horizon_or_semantic_variant,alpha360_OPEN58,1.0,5747fe37574b3e22e149,retain_horizon_or_semantic_variant,alpha360_OPEN58,1.0,cc4777fa6fc9a5f9feea,retain_horizon_or_semantic_variant,alpha360_OPEN58,1.0,836bea986a82cb98f025,retain_horizon_or_semantic_variant,alpha360_OPEN58,1.0,pending,none_proposal_only,
alpha360_OPEN59,e88b0b2e8560b3953d66,retain_horizon_or_semantic_variant,alpha360_OPEN59,1.0,5747fe37574b3e22e149,retain_horizon_or_semantic_variant,alpha360_OPEN59,1.0,cc4777fa6fc9a5f9feea,retain_horizon_or_semantic_variant,alpha360_OPEN59,1.0,4030626c1e875f6499cc,retain_horizon_or_semantic_variant,alpha360_OPEN59,1.0,pending,none_proposal_only,
alpha360_OPEN6,1e4d503306f15d3a7192,retain_horizon_or_semantic_variant,alpha360_OPEN6,1.0,51eebe34ff4681e7a9d7,retain_horizon_or_semantic_variant,alpha360_OPEN6,1.0,febb61b5c06cca0eaf32,retain_horizon_or_semantic_variant,alpha360_OPEN6,1.0,2f45337e1200e80092db,proposed_representative,alpha360_OPEN6,1.0,pending,none_proposal_only,
alpha360_OPEN7,b7629c155c3211cfaec5,retain_horizon_or_semantic_variant,alpha360_OPEN7,1.0,802716de7f5d647f7782,retain_horizon_or_semantic_variant,alpha360_OPEN7,1.0,c923747db6f9067be042,retain_horizon_or_semantic_variant,alpha360_OPEN7,1.0,f0802552698149a58494,proposed_representative,alpha360_OPEN7,1.0,pending,none_proposal_only,
alpha360_OPEN8,b7629c155c3211cfaec5,retain_horizon_or_semantic_variant,alpha360_OPEN8,1.0,d7b9777e0f6ceefffbc1,retain_horizon_or_semantic_variant,alpha360_OPEN8,1.0,33f599c66c9a3959eb2f,retain_horizon_or_semantic_variant,alpha360_OPEN8,1.0,4674117d6926f847877f,proposed_representative,alpha360_OPEN8,1.0,pending,none_proposal_only,
alpha360_OPEN9,b7629c155c3211cfaec5,retain_horizon_or_semantic_variant,alpha360_OPEN9,1.0,c398c20da83e349dc94a,retain_horizon_or_semantic_variant,alpha360_OPEN9,1.0,c1a67f226618d8806abd,retain_horizon_or_semantic_variant,alpha360_OPEN9,1.0,8803e694e320e13c4477,proposed_representative,alpha360_OPEN9,1.0,pending,none_proposal_only,
alpha360_VWAP10,b7629c155c3211cfaec5,retain_horizon_or_semantic_variant,alpha360_VWAP10,1.0,c398c20da83e349dc94a,retain_horizon_or_semantic_variant,alpha360_VWAP10,1.0,68deb3342485271a8235,retain_horizon_or_semantic_variant,alpha360_VWAP10,1.0,9c99f15bdf3176395c77,proposed_representative,alpha360_VWAP10,1.0,pending,none_proposal_only,
alpha360_VWAP11,dc7dc4ccc1bcc1a729c0,retain_horizon_or_semantic_variant,alpha360_VWAP11,1.0,fbebd930c9eb3e21e9e7,retain_horizon_or_semantic_variant,alpha360_VWAP11,1.0,348acb083a97f38304b9,retain_horizon_or_semantic_variant,alpha360_VWAP11,1.0,2afcd506038b98c69f9f,proposed_representative,alpha360_VWAP11,1.0,pending,none_proposal_only,
alpha360_VWAP12,dc7dc4ccc1bcc1a729c0,retain_horizon_or_semantic_variant,alpha360_VWAP12,1.0,fbebd930c9eb3e21e9e7,retain_horizon_or_semantic_variant,alpha360_VWAP12,1.0,3feeac74d6a6e78183e9,retain_horizon_or_semantic_variant,alpha360_VWAP12,1.0,3d12abf43135c5f27ba1,proposed_representative,alpha360_VWAP12,1.0,pending,none_proposal_only,
alpha360_VWAP13,dc7dc4ccc1bcc1a729c0,retain_horizon_or_semantic_variant,alpha360_VWAP13,1.0,99abecbf5573d836c0b3,retain_horizon_or_semantic_variant,alpha360_VWAP13,1.0,18f6eae7c23d7f5b60a1,retain_horizon_or_semantic_variant,alpha360_VWAP13,1.0,25a316b552ab38763c96,proposed_representative,alpha360_VWAP13,1.0,pending,none_proposal_only,
alpha360_VWAP14,dc7dc4ccc1bcc1a729c0,retain_horizon_or_semantic_variant,alpha360_VWAP14,1.0,99abecbf5573d836c0b3,retain_horizon_or_semantic_variant,alpha360_VWAP14,1.0,4cf5546667e57cd70fa6,retain_horizon_or_semantic_variant,alpha360_VWAP14,1.0,bbefefa0fe381565e5ca,proposed_representative,alpha360_VWAP14,1.0,pending,none_proposal_only,
alpha360_VWAP15,dc7dc4ccc1bcc1a729c0,retain_horizon_or_semantic_variant,alpha360_VWAP15,1.0,34f23fccb4dbd1fe28cb,retain_horizon_or_semantic_variant,alpha360_VWAP15,1.0,0d8192eab90b072b7d78,retain_horizon_or_semantic_variant,alpha360_VWAP15,1.0,485b903bd2e2ef697d02,proposed_representative,alpha360_VWAP15,1.0,pending,none_proposal_only,
alpha360_VWAP16,dc7dc4ccc1bcc1a729c0,retain_horizon_or_semantic_variant,alpha360_VWAP16,1.0,34f23fccb4dbd1fe28cb,retain_horizon_or_semantic_variant,alpha360_VWAP16,1.0,9c7302c0e5ffb148680a,retain_horizon_or_semantic_variant,alpha360_VWAP16,1.0,42a4dbef3c0dd43a0de6,proposed_representative,alpha360_VWAP16,1.0,pending,none_proposal_only,
alpha360_VWAP17,306dd709e0cf9595b3eb,retain_horizon_or_semantic_variant,alpha360_VWAP17,1.0,fb1d02df222563a817aa,retain_horizon_or_semantic_variant,alpha360_VWAP17,1.0,a0c465ad0e1243f6d8bf,retain_horizon_or_semantic_variant,alpha360_VWAP17,1.0,3b9f92617f7a6ea88d27,proposed_representative,alpha360_VWAP17,1.0,pending,none_proposal_only,
alpha360_VWAP18,306dd709e0cf9595b3eb,retain_horizon_or_semantic_variant,alpha360_VWAP18,1.0,fb1d02df222563a817aa,retain_horizon_or_semantic_variant,alpha360_VWAP18,1.0,d3a6be10cb3e2b92a146,retain_horizon_or_semantic_variant,alpha360_VWAP18,1.0,0d58d8b65be7711016a7,proposed_representative,alpha360_VWAP18,1.0,pending,none_proposal_only,
alpha360_VWAP19,306dd709e0cf9595b3eb,retain_horizon_or_semantic_variant,alpha360_VWAP19,1.0,fb1d02df222563a817aa,retain_horizon_or_semantic_variant,alpha360_VWAP19,1.0,4775896fe00baa361f93,retain_horizon_or_semantic_variant,alpha360_VWAP19,1.0,2e96f96db9531bd84be2,proposed_representative,alpha360_VWAP19,1.0,pending,none_proposal_only,
alpha360_VWAP20,306dd709e0cf9595b3eb,retain_horizon_or_semantic_variant,alpha360_VWAP20,1.0,d644a456a9384bc1a7a8,retain_horizon_or_semantic_variant,alpha360_VWAP20,1.0,26c07d46d38336844056,retain_horizon_or_semantic_variant,alpha360_VWAP20,1.0,8ae2fbf6f712e7fcc5e6,proposed_representative,alpha360_VWAP20,1.0,pending,none_proposal_only,
alpha360_VWAP21,306dd709e0cf9595b3eb,retain_horizon_or_semantic_variant,alpha360_VWAP21,1.0,d644a456a9384bc1a7a8,retain_horizon_or_semantic_variant,alpha360_VWAP21,1.0,be7d867052c4348015f9,retain_horizon_or_semantic_variant,alpha360_VWAP21,1.0,59ec6277b2c38af0bef2,proposed_representative,alpha360_VWAP21,1.0,pending,none_proposal_only,
alpha360_VWAP22,306dd709e0cf9595b3eb,retain_horizon_or_semantic_variant,alpha360_VWAP22,1.0,69c1b696c1fed3e685b3,retain_horizon_or_semantic_variant,alpha360_VWAP22,1.0,b19da01b19441c8adcb2,retain_horizon_or_semantic_variant,alpha360_VWAP22,1.0,4ab09a58fe75a7272217,proposed_representative,alpha360_VWAP22,1.0,pending,none_proposal_only,
alpha360_VWAP23,306dd709e0cf9595b3eb,retain_horizon_or_semantic_variant,alpha360_VWAP23,1.0,69c1b696c1fed3e685b3,retain_horizon_or_semantic_variant,alpha360_VWAP23,1.0,aaba38ad25e361d42b7b,retain_horizon_or_semantic_variant,alpha360_VWAP23,1.0,c4527ea9c91b055d3616,proposed_representative,alpha360_VWAP23,1.0,pending,none_proposal_only,
alpha360_VWAP24,306dd709e0cf9595b3eb,retain_horizon_or_semantic_variant,alpha360_VWAP24,1.0,8b9c10f1738d819a3a5c,retain_horizon_or_semantic_variant,alpha360_VWAP24,1.0,76463d6d3635e26a397f,retain_horizon_or_semantic_variant,alpha360_VWAP24,1.0,f5b80ddd6e05e6ece026,retain_horizon_or_semantic_variant,alpha360_VWAP24,1.0,pending,none_proposal_only,
alpha360_VWAP25,306dd709e0cf9595b3eb,retain_horizon_or_semantic_variant,alpha360_VWAP25,1.0,8b9c10f1738d819a3a5c,retain_horizon_or_semantic_variant,alpha360_VWAP25,1.0,610c94e335ea403f8089,retain_horizon_or_semantic_variant,alpha360_VWAP25,1.0,39078be26c126a16253f,retain_horizon_or_semantic_variant,alpha360_VWAP25,1.0,pending,none_proposal_only,
alpha360_VWAP26,306dd709e0cf9595b3eb,retain_horizon_or_semantic_variant,alpha360_VWAP26,1.0,8b9c10f1738d819a3a5c,retain_horizon_or_semantic_variant,alpha360_VWAP26,1.0,dafb76234d81cda0f516,retain_horizon_or_semantic_variant,alpha360_VWAP26,1.0,181131f17bd479b9b42d,retain_horizon_or_semantic_variant,alpha360_VWAP26,1.0,pending,none_proposal_only,
alpha360_VWAP27,306dd709e0cf9595b3eb,retain_horizon_or_semantic_variant,alpha360_VWAP27,1.0,8b9c10f1738d819a3a5c,retain_horizon_or_semantic_variant,alpha360_VWAP27,1.0,dafb76234d81cda0f516,retain_horizon_or_semantic_variant,alpha360_VWAP27,1.0,883799231fd35942ddb9,retain_horizon_or_semantic_variant,alpha360_VWAP27,1.0,pending,none_proposal_only,
alpha360_VWAP28,084d1953fa6e95c9d420,retain_horizon_or_semantic_variant,alpha360_VWAP28,1.0,7ad7bdd9a681975845d4,retain_horizon_or_semantic_variant,alpha360_VWAP28,1.0,e0b93e5b5907a91b96d8,retain_horizon_or_semantic_variant,alpha360_VWAP28,1.0,dd158e093b1f242a9689,retain_horizon_or_semantic_variant,alpha360_VWAP28,1.0,pending,none_proposal_only,
alpha360_VWAP29,084d1953fa6e95c9d420,retain_horizon_or_semantic_variant,alpha360_VWAP29,1.0,7ad7bdd9a681975845d4,retain_horizon_or_semantic_variant,alpha360_VWAP29,1.0,e0b93e5b5907a91b96d8,retain_horizon_or_semantic_variant,alpha360_VWAP29,1.0,af2450b93a401873f3a0,retain_horizon_or_semantic_variant,alpha360_VWAP29,1.0,pending,none_proposal_only,
alpha360_VWAP3,4d67c4edaacfd610ed74,retain_horizon_or_semantic_variant,alpha360_VWAP3,1.0,2cf2e4c7943d89b5b2db,retain_horizon_or_semantic_variant,alpha360_VWAP3,1.0,f2146bac13724395f014,proposed_representative,alpha360_VWAP3,1.0,8754630351bc153fc9bd,proposed_representative,alpha360_VWAP3,1.0,pending,none_proposal_only,
alpha360_VWAP30,084d1953fa6e95c9d420,retain_horizon_or_semantic_variant,alpha360_VWAP30,1.0,7ad7bdd9a681975845d4,retain_horizon_or_semantic_variant,alpha360_VWAP30,1.0,bd34cc5be5fc78f5fad8,retain_horizon_or_semantic_variant,alpha360_VWAP30,1.0,109daa6c9ef8dfbf4020,retain_horizon_or_semantic_variant,alpha360_VWAP30,1.0,pending,none_proposal_only,
alpha360_VWAP31,084d1953fa6e95c9d420,retain_horizon_or_semantic_variant,alpha360_VWAP31,1.0,7ad7bdd9a681975845d4,retain_horizon_or_semantic_variant,alpha360_VWAP31,1.0,bd34cc5be5fc78f5fad8,retain_horizon_or_semantic_variant,alpha360_VWAP31,1.0,129217575f32e4ed8122,retain_horizon_or_semantic_variant,alpha360_VWAP31,1.0,pending,none_proposal_only,
alpha360_VWAP32,084d1953fa6e95c9d420,retain_horizon_or_semantic_variant,alpha360_VWAP32,1.0,7ad7bdd9a681975845d4,retain_horizon_or_semantic_variant,alpha360_VWAP32,1.0,fa2890a2cc225368682d,retain_horizon_or_semantic_variant,alpha360_VWAP32,1.0,f2cee8df3f93f3e6e6d8,retain_horizon_or_semantic_variant,alpha360_VWAP32,1.0,pending,none_proposal_only,
alpha360_VWAP33,084d1953fa6e95c9d420,retain_horizon_or_semantic_variant,alpha360_VWAP33,1.0,7ad7bdd9a681975845d4,retain_horizon_or_semantic_variant,alpha360_VWAP33,1.0,fa2890a2cc225368682d,retain_horizon_or_semantic_variant,alpha360_VWAP33,1.0,0e7baeaf172d53e7c8a5,retain_horizon_or_semantic_variant,alpha360_VWAP33,1.0,pending,none_proposal_only,
alpha360_VWAP34,e61e8bbb58b85dba1401,retain_horizon_or_semantic_variant,alpha360_VWAP34,1.0,4c1c08d3dcfc0ff40558,retain_horizon_or_semantic_variant,alpha360_VWAP34,1.0,19d76af8d6af6bbd435d,retain_horizon_or_semantic_variant,alpha360_VWAP34,1.0,a8257c0f2abf5ced2c56,retain_horizon_or_semantic_variant,alpha360_VWAP34,1.0,pending,none_proposal_only,
alpha360_VWAP35,e61e8bbb58b85dba1401,retain_horizon_or_semantic_variant,alpha360_VWAP35,1.0,4c1c08d3dcfc0ff40558,retain_horizon_or_semantic_variant,alpha360_VWAP35,1.0,19d76af8d6af6bbd435d,retain_horizon_or_semantic_variant,alpha360_VWAP35,1.0,81bfc98903edd5e52981,retain_horizon_or_semantic_variant,alpha360_VWAP35,1.0,pending,none_proposal_only,
alpha360_VWAP36,e61e8bbb58b85dba1401,retain_horizon_or_semantic_variant,alpha360_VWAP36,1.0,4c1c08d3dcfc0ff40558,retain_horizon_or_semantic_variant,alpha360_VWAP36,1.0,0119a5d12159986ff7d7,retain_horizon_or_semantic_variant,alpha360_VWAP36,1.0,4bd5e26e45acc58f5420,retain_horizon_or_semantic_variant,alpha360_VWAP36,1.0,pending,none_proposal_only,
alpha360_VWAP37,e61e8bbb58b85dba1401,retain_horizon_or_semantic_variant,alpha360_VWAP37,1.0,4c1c08d3dcfc0ff40558,retain_horizon_or_semantic_variant,alpha360_VWAP37,1.0,0119a5d12159986ff7d7,retain_horizon_or_semantic_variant,alpha360_VWAP37,1.0,19cc2c431527aa1a06d8,retain_horizon_or_semantic_variant,alpha360_VWAP37,1.0,pending,none_proposal_only,
alpha360_VWAP38,e61e8bbb58b85dba1401,retain_horizon_or_semantic_variant,alpha360_VWAP38,1.0,4c1c08d3dcfc0ff40558,retain_horizon_or_semantic_variant,alpha360_VWAP38,1.0,bded87163fed4a9fb332,retain_horizon_or_semantic_variant,alpha360_VWAP38,1.0,530384cde46c2129a31a,retain_horizon_or_semantic_variant,alpha360_VWAP38,1.0,pending,none_proposal_only,
alpha360_VWAP39,e61e8bbb58b85dba1401,retain_horizon_or_semantic_variant,alpha360_VWAP39,1.0,4c1c08d3dcfc0ff40558,retain_horizon_or_semantic_variant,alpha360_VWAP39,1.0,bded87163fed4a9fb332,retain_horizon_or_semantic_variant,alpha360_VWAP39,1.0,7f98d713a07e53a1b104,retain_horizon_or_semantic_variant,alpha360_VWAP39,1.0,pending,none_proposal_only,
alpha360_VWAP4,fbcfce924ce2b3e665d6,retain_horizon_or_semantic_variant,alpha360_VWAP4,1.0,9c8ea301d328a2cd7d32,retain_horizon_or_semantic_variant,alpha360_VWAP4,1.0,94f242cb9acdb53c1532,retain_horizon_or_semantic_variant,alpha360_VWAP4,1.0,eabd55ce6dfad643998b,proposed_representative,alpha360_VWAP4,1.0,pending,none_proposal_only,
alpha360_VWAP40,e61e8bbb58b85dba1401,retain_horizon_or_semantic_variant,alpha360_VWAP40,1.0,4c1c08d3dcfc0ff40558,retain_horizon_or_semantic_variant,alpha360_VWAP40,1.0,aa3d8fb03aff0452da6a,retain_horizon_or_semantic_variant,alpha360_VWAP40,1.0,a49cf24859025c6696e4,retain_horizon_or_semantic_variant,alpha360_VWAP40,1.0,pending,none_proposal_only,
alpha360_VWAP41,e61e8bbb58b85dba1401,retain_horizon_or_semantic_variant,alpha360_VWAP41,1.0,4c1c08d3dcfc0ff40558,retain_horizon_or_semantic_variant,alpha360_VWAP41,1.0,aa3d8fb03aff0452da6a,retain_horizon_or_semantic_variant,alpha360_VWAP41,1.0,e4db0944b44de1180856,retain_horizon_or_semantic_variant,alpha360_VWAP41,1.0,pending,none_proposal_only,
alpha360_VWAP42,e61e8bbb58b85dba1401,retain_horizon_or_semantic_variant,alpha360_VWAP42,1.0,0f34420bf6deb7a69f7c,retain_horizon_or_semantic_variant,alpha360_VWAP42,1.0,2814b13cf3cfa2e3a7c7,retain_horizon_or_semantic_variant,alpha360_VWAP42,1.0,2d45ac0065c78fe0521c,retain_horizon_or_semantic_variant,alpha360_VWAP42,1.0,pending,none_proposal_only,
alpha360_VWAP43,e61e8bbb58b85dba1401,retain_horizon_or_semantic_variant,alpha360_VWAP43,1.0,0f34420bf6deb7a69f7c,retain_horizon_or_semantic_variant,alpha360_VWAP43,1.0,2814b13cf3cfa2e3a7c7,retain_horizon_or_semantic_variant,alpha360_VWAP43,1.0,43305fe4e331fe26c38b,retain_horizon_or_semantic_variant,alpha360_VWAP43,1.0,pending,none_proposal_only,
alpha360_VWAP44,e61e8bbb58b85dba1401,retain_horizon_or_semantic_variant,alpha360_VWAP44,1.0,0f34420bf6deb7a69f7c,retain_horizon_or_semantic_variant,alpha360_VWAP44,1.0,8249de9fd7d941c9fbe6,retain_horizon_or_semantic_variant,alpha360_VWAP44,1.0,af1e245f6e56d4709b06,retain_horizon_or_semantic_variant,alpha360_VWAP44,1.0,pending,none_proposal_only,
alpha360_VWAP45,e61e8bbb58b85dba1401,retain_horizon_or_semantic_variant,alpha360_VWAP45,1.0,0f34420bf6deb7a69f7c,retain_horizon_or_semantic_variant,alpha360_VWAP45,1.0,8249de9fd7d941c9fbe6,retain_horizon_or_semantic_variant,alpha360_VWAP45,1.0,c50f7f0975b1760a5c91,retain_horizon_or_semantic_variant,alpha360_VWAP45,1.0,pending,none_proposal_only,
alpha360_VWAP46,e61e8bbb58b85dba1401,retain_horizon_or_semantic_variant,alpha360_VWAP46,1.0,0f34420bf6deb7a69f7c,retain_horizon_or_semantic_variant,alpha360_VWAP46,1.0,f3d8643e4a7562faeef6,retain_horizon_or_semantic_variant,alpha360_VWAP46,1.0,c127ae9a3551f23ea2c1,retain_horizon_or_semantic_variant,alpha360_VWAP46,1.0,pending,none_proposal_only,
alpha360_VWAP47,e61e8bbb58b85dba1401,retain_horizon_or_semantic_variant,alpha360_VWAP47,1.0,0f34420bf6deb7a69f7c,retain_horizon_or_semantic_variant,alpha360_VWAP47,1.0,f3d8643e4a7562faeef6,retain_horizon_or_semantic_variant,alpha360_VWAP47,1.0,270aab90881e94505cc8,retain_horizon_or_semantic_variant,alpha360_VWAP47,1.0,pending,none_proposal_only,
alpha360_VWAP48,e61e8bbb58b85dba1401,retain_horizon_or_semantic_variant,alpha360_VWAP48,1.0,0f34420bf6deb7a69f7c,retain_horizon_or_semantic_variant,alpha360_VWAP48,1.0,18549a84594ba3a19eaa,retain_horizon_or_semantic_variant,alpha360_VWAP48,1.0,ee6867eeec2efe315cca,retain_horizon_or_semantic_variant,alpha360_VWAP48,1.0,pending,none_proposal_only,
alpha360_VWAP49,e61e8bbb58b85dba1401,retain_horizon_or_semantic_variant,alpha360_VWAP49,1.0,0f34420bf6deb7a69f7c,retain_horizon_or_semantic_variant,alpha360_VWAP49,1.0,18549a84594ba3a19eaa,retain_horizon_or_semantic_variant,alpha360_VWAP49,1.0,d788148bf1ef3da17441,retain_horizon_or_semantic_variant,alpha360_VWAP49,1.0,pending,none_proposal_only,
alpha360_VWAP5,fbcfce924ce2b3e665d6,retain_horizon_or_semantic_variant,alpha360_VWAP5,1.0,10ab03ef9cf7699ad71e,retain_horizon_or_semantic_variant,alpha360_VWAP5,1.0,b6e1823bcf0ae915061a,retain_horizon_or_semantic_variant,alpha360_VWAP5,1.0,9be17b9f88e6f597809b,proposed_representative,alpha360_VWAP5,1.0,pending,none_proposal_only,
alpha360_VWAP50,e88b0b2e8560b3953d66,retain_horizon_or_semantic_variant,alpha360_VWAP50,1.0,65ee45bf83ffe981ce03,retain_horizon_or_semantic_variant,alpha360_VWAP50,1.0,ab871b25367ba7b1a7c7,retain_horizon_or_semantic_variant,alpha360_VWAP50,1.0,2873c831d867c4625a01,retain_horizon_or_semantic_variant,alpha360_VWAP50,1.0,pending,none_proposal_only,
alpha360_VWAP51,e88b0b2e8560b3953d66,retain_horizon_or_semantic_variant,alpha360_VWAP51,1.0,65ee45bf83ffe981ce03,retain_horizon_or_semantic_variant,alpha360_VWAP51,1.0,ab871b25367ba7b1a7c7,retain_horizon_or_semantic_variant,alpha360_VWAP51,1.0,fd24d9fa8c6fdb48d314,retain_horizon_or_semantic_variant,alpha360_VWAP51,1.0,pending,none_proposal_only,
alpha360_VWAP52,e88b0b2e8560b3953d66,retain_horizon_or_semantic_variant,alpha360_VWAP52,1.0,65ee45bf83ffe981ce03,retain_horizon_or_semantic_variant,alpha360_VWAP52,1.0,139a45fbd384ad1ac167,retain_horizon_or_semantic_variant,alpha360_VWAP52,1.0,8d3644d99bdfce0ca18c,retain_horizon_or_semantic_variant,alpha360_VWAP52,1.0,pending,none_proposal_only,
alpha360_VWAP53,e88b0b2e8560b3953d66,retain_horizon_or_semantic_variant,alpha360_VWAP53,1.0,65ee45bf83ffe981ce03,retain_horizon_or_semantic_variant,alpha360_VWAP53,1.0,139a45fbd384ad1ac167,retain_horizon_or_semantic_variant,alpha360_VWAP53,1.0,ff5ada582a8e125d788a,retain_horizon_or_semantic_variant,alpha360_VWAP53,1.0,pending,none_proposal_only,
alpha360_VWAP54,e88b0b2e8560b3953d66,retain_horizon_or_semantic_variant,alpha360_VWAP54,1.0,65ee45bf83ffe981ce03,retain_horizon_or_semantic_variant,alpha360_VWAP54,1.0,26125719bd2fa2e774a2,retain_horizon_or_semantic_variant,alpha360_VWAP54,1.0,cdad79daa48318f8b357,retain_horizon_or_semantic_variant,alpha360_VWAP54,1.0,pending,none_proposal_only,
alpha360_VWAP55,e88b0b2e8560b3953d66,retain_horizon_or_semantic_variant,alpha360_VWAP55,1.0,65ee45bf83ffe981ce03,retain_horizon_or_semantic_variant,alpha360_VWAP55,1.0,26125719bd2fa2e774a2,retain_horizon_or_semantic_variant,alpha360_VWAP55,1.0,3590b6e33d625ead7e5a,retain_horizon_or_semantic_variant,alpha360_VWAP55,1.0,pending,none_proposal_only,
alpha360_VWAP56,e88b0b2e8560b3953d66,retain_horizon_or_semantic_variant,alpha360_VWAP56,1.0,65ee45bf83ffe981ce03,retain_horizon_or_semantic_variant,alpha360_VWAP56,1.0,26125719bd2fa2e774a2,retain_horizon_or_semantic_variant,alpha360_VWAP56,1.0,2e89265f61e9bec55479,retain_horizon_or_semantic_variant,alpha360_VWAP56,1.0,pending,none_proposal_only,
alpha360_VWAP57,e88b0b2e8560b3953d66,retain_horizon_or_semantic_variant,alpha360_VWAP57,1.0,65ee45bf83ffe981ce03,retain_horizon_or_semantic_variant,alpha360_VWAP57,1.0,26125719bd2fa2e774a2,retain_horizon_or_semantic_variant,alpha360_VWAP57,1.0,0a69c31621660d21e772,retain_horizon_or_semantic_variant,alpha360_VWAP57,1.0,pending,none_proposal_only,
alpha360_VWAP58,e88b0b2e8560b3953d66,retain_horizon_or_semantic_variant,alpha360_VWAP58,1.0,5747fe37574b3e22e149,retain_horizon_or_semantic_variant,alpha360_VWAP58,1.0,cc4777fa6fc9a5f9feea,retain_horizon_or_semantic_variant,alpha360_VWAP58,1.0,2a9d3eb0b5c2356f4e90,retain_horizon_or_semantic_variant,alpha360_VWAP58,1.0,pending,none_proposal_only,
alpha360_VWAP59,e88b0b2e8560b3953d66,retain_horizon_or_semantic_variant,alpha360_VWAP59,1.0,5747fe37574b3e22e149,retain_horizon_or_semantic_variant,alpha360_VWAP59,1.0,cc4777fa6fc9a5f9feea,retain_horizon_or_semantic_variant,alpha360_VWAP59,1.0,43823a0576d9f1221e30,retain_horizon_or_semantic_variant,alpha360_VWAP59,1.0,pending,none_proposal_only,
alpha360_VWAP6,1e4d503306f15d3a7192,retain_horizon_or_semantic_variant,alpha360_VWAP6,1.0,51eebe34ff4681e7a9d7,retain_horizon_or_semantic_variant,alpha360_VWAP6,1.0,15d66f5e3d72aa9d1fe0,retain_horizon_or_semantic_variant,alpha360_VWAP6,1.0,021c9f985e366e0de673,proposed_representative,alpha360_VWAP6,1.0,pending,none_proposal_only,
alpha360_VWAP7,b7629c155c3211cfaec5,retain_horizon_or_semantic_variant,alpha360_VWAP7,1.0,802716de7f5d647f7782,retain_horizon_or_semantic_variant,alpha360_VWAP7,1.0,8b786d0b186bfa60c553,retain_horizon_or_semantic_variant,alpha360_VWAP7,1.0,92cb9e44cbb37c1ca493,proposed_representative,alpha360_VWAP7,1.0,pending,none_proposal_only,
alpha360_VWAP8,b7629c155c3211cfaec5,retain_horizon_or_semantic_variant,alpha360_VWAP8,1.0,d7b9777e0f6ceefffbc1,retain_horizon_or_semantic_variant,alpha360_VWAP8,1.0,ecb03b3cc52cd1a6372e,retain_horizon_or_semantic_variant,alpha360_VWAP8,1.0,4e10915579a6f8148d94,proposed_representative,alpha360_VWAP8,1.0,pending,none_proposal_only,
alpha360_VWAP9,b7629c155c3211cfaec5,retain_horizon_or_semantic_variant,alpha360_VWAP9,1.0,c398c20da83e349dc94a,retain_horizon_or_semantic_variant,alpha360_VWAP9,1.0,02852084f330f943e1ef,retain_horizon_or_semantic_variant,alpha360_VWAP9,1.0,a61822b58e18eb20ed4a,proposed_representative,alpha360_VWAP9,1.0,pending,none_proposal_only,
amount_cv_20,414dee373d3aad690f3a,proposed_representative,amount_cv_20,1.0,6d045d4a5a5a1e25a76d,proposed_representative,amount_cv_20,1.0,ca53b9dc1c3b8ff8904f,proposed_representative,amount_cv_20,1.0,800c01e2c6dc62635a2c,proposed_representative,amount_cv_20,1.0,pending,none_proposal_only,
amount_mean_20,bd1af0eae690e27c404a,conditional_alias_proposal,amount_std_20,1.0,9cd7b139f95035d8e150,conditional_alias_proposal,amount_std_20,1.0,c72885dd3f1ce1a78f16,proposed_representative,amount_mean_20,1.0,28089b6967d19f6e1f6b,proposed_representative,amount_mean_20,1.0,pending,none_proposal_only,
amount_std_20,bd1af0eae690e27c404a,proposed_representative,amount_std_20,1.0,9cd7b139f95035d8e150,proposed_representative,amount_std_20,1.0,6a32affd24f3b2e4c837,proposed_representative,amount_std_20,1.0,1bf52e624e1d24d242db,proposed_representative,amount_std_20,1.0,pending,none_proposal_only,
amplitude_20,511395e662969568f545,conditional_alias_proposal,mature_parkinson_volatility_20,1.0,8d110530703aea79c47f,conditional_alias_proposal,mature_parkinson_volatility_20,1.0,eeefe3a1b5115eec5789,conditional_alias_proposal,mature_parkinson_volatility_20,1.0,629b459ea056edcb338c,proposed_representative,amplitude_20,1.0,pending,none_proposal_only,
corr_ret_amount_20,eb7fd8acd5dd7e59b452,conditional_alias_proposal,corr_ret_volume_20,1.0,e8dba402804c78bfb93c,conditional_alias_proposal,corr_ret_volume_20,1.0,72edb9557f3919da8c80,conditional_alias_proposal,corr_ret_volume_20,1.0,3f5763e9f7dd83663199,conditional_alias_proposal,corr_ret_volume_20,1.0,pending,none_proposal_only,
corr_ret_volume_20,eb7fd8acd5dd7e59b452,proposed_representative,corr_ret_volume_20,1.0,e8dba402804c78bfb93c,proposed_representative,corr_ret_volume_20,1.0,72edb9557f3919da8c80,proposed_representative,corr_ret_volume_20,1.0,3f5763e9f7dd83663199,proposed_representative,corr_ret_volume_20,1.0,pending,none_proposal_only,
kunquant_alpha101_alpha003,18df133f20e21603ea37,deferred,,,18049a99624b8600fa68,deferred,,,3dc9e51c9b37e7dbb8ef,deferred,,,99cc2fba2c9e935b421d,deferred,,,pending,none_proposal_only,
kunquant_alpha101_alpha004,fbcfce924ce2b3e665d6,deferred,,,652d3278c0814e5e26ad,deferred,,,d540755afad2b7361e9a,deferred,,,f6defa2c00bcefe17ff0,deferred,,,pending,none_proposal_only,
kunquant_alpha101_alpha005,efee6ca6a996a2e9c410,deferred,,,3264e4bdfea99cf9e3e7,deferred,,,ac5bc2620a60f76b2ea0,deferred,,,0023c4fe77b52c52b7f2,deferred,,,pending,none_proposal_only,
kunquant_alpha101_alpha006,1b68000d27572f51cedb,deferred,,,6e373ca8c4c51161c94a,deferred,,,a7233228b56a454ec507,deferred,,,5e6d2ad2656feca9c247,deferred,,,pending,none_proposal_only,
kunquant_alpha101_alpha007,41154db95b8742a5acdb,deferred,,,9e80a35d40a36195ce83,deferred,,,146615a931b89bfd22d2,deferred,,,a10058de7a8e37ff58c7,deferred,,,pending,none_proposal_only,
kunquant_alpha101_alpha011,86e297b45108bcc4082a,deferred,,,928e1187c1f60f1539a1,deferred,,,fbaab174b1d30cd2da92,deferred,,,b837c2f5c25ef604e084,deferred,,,pending,none_proposal_only,
kunquant_alpha101_alpha011_canonical_vwap_v2,e78db82f934455b4d4fd,deferred,,,58e3632eb0bc9ea84af1,deferred,,,7bc40bbcf1bb3cc9515d,deferred,,,b92f287d0965d59ec7fc,deferred,,,pending,none_proposal_only,
kunquant_alpha101_alpha012,7b4dfd3f8df991082587,deferred,,,798363c80e47957ecb6e,deferred,,,45dcbf509a2dc0c414c4,deferred,,,c468404ea5fc3e65edf1,deferred,,,pending,none_proposal_only,
kunquant_alpha101_alpha013,a8654e76f40053b17b59,deferred,,,3859a9b13ef5e5156f66,deferred,,,48fe5a7775cfaab17bc6,deferred,,,950ed9cf0b71ae184e18,deferred,,,pending,none_proposal_only,
kunquant_alpha101_alpha014,1b68000d27572f51cedb,deferred,,,6e373ca8c4c51161c94a,deferred,,,b0ea6698549c55ca6ff5,deferred,,,1f7b8d8a08594ad5cba6,deferred,,,pending,none_proposal_only,
kunquant_alpha101_alpha015,096b65b04803e28136e0,deferred,,,9b1b698befa55b67587a,deferred,,,a50b5c9c1840156537f4,deferred,,,9400ab941585b39bdcc1,deferred,,,pending,none_proposal_only,
kunquant_alpha101_alpha016,a8654e76f40053b17b59,deferred,,,3fea0971bd24591c59a3,deferred,,,c127e8ab7555cb928863,deferred,,,b8851a6d67d703a2233f,deferred,,,pending,none_proposal_only,
kunquant_alpha101_alpha024,01314af9e4417c3d0bc9,deferred,,,9cc5eb2d4a7f36654fa4,deferred,,,2eea6dde012349bd98a0,deferred,,,c55c2ace0a541577175a,deferred,,,pending,none_proposal_only,
kunquant_alpha101_alpha026,92c40f0abfbc5fb71e00,deferred,,,0c2f61077a39a0d119cb,deferred,,,010440c6dde61ca109da,deferred,,,d987aca76407a9029e56,deferred,,,pending,none_proposal_only,
kunquant_alpha101_alpha035,a56083e52f9d12f04a8d,deferred,,,8ccde5fb72eecef5052d,deferred,,,37af2c0500711c444fd8,deferred,,,1d3d85b9844b52c461c0,deferred,,,pending,none_proposal_only,
kunquant_alpha101_alpha040,1b38bfa13b0c49a9bec0,deferred,,,55b3cca360caca79cb38,deferred,,,19bbc5d7522ccaacd769,deferred,,,639fae6a65758640d4e3,deferred,,,pending,none_proposal_only,
kunquant_alpha101_alpha041,efee6ca6a996a2e9c410,deferred,,,3264e4bdfea99cf9e3e7,deferred,,,ac5bc2620a60f76b2ea0,deferred,,,0023c4fe77b52c52b7f2,deferred,,,pending,none_proposal_only,
kunquant_alpha101_alpha042,efee6ca6a996a2e9c410,deferred,,,3264e4bdfea99cf9e3e7,deferred,,,ac5bc2620a60f76b2ea0,deferred,,,0023c4fe77b52c52b7f2,deferred,,,pending,none_proposal_only,
kunquant_alpha101_alpha042_canonical_vwap_v2,efee6ca6a996a2e9c410,deferred,,,f36b4c760b9ed9892335,deferred,,,22e7188a127f738976bd,deferred,,,2d4502e2f22dcb12866c,deferred,,,pending,none_proposal_only,
kunquant_alpha101_alpha044,992e32cd1014806a6b26,deferred,,,2166aa8a701058a0e676,deferred,,,a606a096dc8f0b7a3abf,deferred,,,16e4d7eba6abdba5fa60,deferred,,,pending,none_proposal_only,
kunquant_alpha101_alpha045,7b4dfd3f8df991082587,deferred,,,51aae1f3d735c9419f3b,deferred,,,7fa0cff3279565cc9663,deferred,,,6182bca166436bf26274,deferred,,,pending,none_proposal_only,
kunquant_alpha101_alpha050,1b16596826f868178bb4,deferred,,,ef028779b8e249020429,deferred,,,454dfdfed16b7fb74477,deferred,,,1836f8f695d5feb1be16,deferred,,,pending,none_proposal_only,
kunquant_alpha101_alpha050_canonical_vwap_v2,1b16596826f868178bb4,deferred,,,ef028779b8e249020429,deferred,,,454dfdfed16b7fb74477,deferred,,,1836f8f695d5feb1be16,deferred,,,pending,none_proposal_only,
kunquant_alpha101_alpha055,f4e137554b107f04c14c,deferred,,,d7b0da1631c945081ac7,deferred,,,39bbfe029066e00926c1,deferred,,,50059b888163ab66aee1,deferred,,,pending,none_proposal_only,
kunquant_alpha101_alpha071,259358b995af78733bce,deferred,,,a545df54283b7b075786,deferred,,,20501ddc91d3dd72f7a4,deferred,,,4ff0b9d2dc21deee3469,deferred,,,pending,none_proposal_only,
kunquant_alpha101_alpha077,01fcac5bb765d95e8467,deferred,,,0f2d2c1c659e838d03e9,deferred,,,374543bdc17da3f85944,deferred,,,51b703ae4cf9bdbe0dbd,deferred,,,pending,none_proposal_only,
kunquant_alpha101_alpha083,f22f88eafce32e494f2e,deferred,,,829505393e3921348650,deferred,,,192a849fd03ec415749d,deferred,,,6721dcc9baa649345f7f,deferred,,,pending,none_proposal_only,
kunquant_alpha101_alpha084,55751743b948d82b74c7,deferred,,,2dbd2f1072dd16970ce5,deferred,,,76104535fe7a2f1f2de0,deferred,,,4a7132f860686375a0d3,deferred,,,pending,none_proposal_only,
kunquant_alpha101_alpha084_canonical_vwap_v2,55751743b948d82b74c7,deferred,,,2dbd2f1072dd16970ce5,deferred,,,76104535fe7a2f1f2de0,deferred,,,4a7132f860686375a0d3,deferred,,,pending,none_proposal_only,
kunquant_alpha101_alpha088,77e239308bd79de59266,deferred,,,088ee2aa453ebc20cda6,deferred,,,9ee5e2dec2b95c07f39d,deferred,,,831d98108cef82725869,deferred,,,pending,none_proposal_only,
kunquant_alpha101_alpha094,84391ffdaf5f0b018af3,deferred,,,11d5ba29f76765ccf8f5,deferred,,,240a46d2ca9b414a6f3a,deferred,,,5ec198603b5cbda9ec23,deferred,,,pending,none_proposal_only,
kunquant_alpha101_alpha094_canonical_vwap_v2,84391ffdaf5f0b018af3,deferred,,,11d5ba29f76765ccf8f5,deferred,,,240a46d2ca9b414a6f3a,deferred,,,5ec198603b5cbda9ec23,deferred,,,pending,none_proposal_only,
mature_amihud_illiquidity_20,bd1af0eae690e27c404a,retain_horizon_or_semantic_variant,mature_amihud_illiquidity_20,1.0,2053539fc90ad09b7b4a,proposed_representative,mature_amihud_illiquidity_20,1.0,67ace6fbca8d42640ab8,proposed_representative,mature_amihud_illiquidity_20,1.0,851fe3bee73c15486432,proposed_representative,mature_amihud_illiquidity_20,1.0,pending,none_proposal_only,
mature_book_to_market_pit,9192c7bac61afdb7dc30,proposed_representative,mature_book_to_market_pit,1.0,bcd4ae7bacdde4eb3250,proposed_representative,mature_book_to_market_pit,1.0,3e5859bb1ae344622ffc,proposed_representative,mature_book_to_market_pit,1.0,5b0d3fef240a6459f7f0,proposed_representative,mature_book_to_market_pit,1.0,pending,none_proposal_only,
mature_book_to_price,9192c7bac61afdb7dc30,conditional_alias_proposal,mature_book_to_market_pit,1.0,bcd4ae7bacdde4eb3250,conditional_alias_proposal,mature_book_to_market_pit,1.0,3e5859bb1ae344622ffc,conditional_alias_proposal,mature_book_to_market_pit,1.0,f413c0dc13488bc40935,proposed_representative,mature_book_to_price,1.0,pending,none_proposal_only,
mature_dividend_yield_ttm,3d6080105dd630377426,proposed_representative,mature_dividend_yield_ttm,1.0,4e7dab8c1e04ddf597a2,proposed_representative,mature_dividend_yield_ttm,1.0,8d97261e959a28732f3c,proposed_representative,mature_dividend_yield_ttm,1.0,fbab3007895e6567cb07,proposed_representative,mature_dividend_yield_ttm,1.0,pending,none_proposal_only,
mature_downside_volatility_60,1c5454bddbd0899a96cc,proposed_representative,mature_downside_volatility_60,1.0,2abf9b23f15ee1b48ab9,proposed_representative,mature_downside_volatility_60,1.0,c807163f896e6d1b8c57,proposed_representative,mature_downside_volatility_60,1.0,a728edfe6318fa28c84c,proposed_representative,mature_downside_volatility_60,1.0,pending,none_proposal_only,
mature_earnings_to_price_pit,e1a260bb204eaea400ff,proposed_representative,mature_earnings_to_price_pit,1.0,fafdb752083a2a6a32c4,proposed_representative,mature_earnings_to_price_pit,1.0,24166f99f7dc090d0c8d,proposed_representative,mature_earnings_to_price_pit,1.0,9f6f09145909854e78cd,proposed_representative,mature_earnings_to_price_pit,1.0,pending,none_proposal_only,
mature_earnings_yield_ttm,e1a260bb204eaea400ff,conditional_alias_proposal,mature_earnings_to_price_pit,1.0,fafdb752083a2a6a32c4,conditional_alias_proposal,mature_earnings_to_price_pit,1.0,38486f452ab32ec20be7,proposed_representative,mature_earnings_yield_ttm,1.0,fae392325731509ffd03,proposed_representative,mature_earnings_yield_ttm,1.0,pending,none_proposal_only,
mature_idiosyncratic_volatility_60,738ad154f76a225a4975,conditional_alias_proposal,mature_realized_volatility_60,1.0,a0bd5f69ec2dc4510cbc,conditional_alias_proposal,mature_realized_volatility_60,1.0,52ce13d4c0b7b017bca3,proposed_representative,mature_idiosyncratic_volatility_60,1.0,9fefd07ad21a772f5bed,proposed_representative,mature_idiosyncratic_volatility_60,1.0,pending,none_proposal_only,
mature_intraday_return_20,306dd709e0cf9595b3eb,retain_horizon_or_semantic_variant,mature_intraday_return_20,1.0,1a56020529c6d64d6b19,proposed_representative,mature_intraday_return_20,1.0,f7aedb877cf6a252c2d2,proposed_representative,mature_intraday_return_20,1.0,77de8075b5a50a3d11f3,proposed_representative,mature_intraday_return_20,1.0,pending,none_proposal_only,
mature_log_total_market_cap,647a9c7389b55ace354d,proposed_representative,mature_log_total_market_cap,1.0,d7490ce3acaa68a626b7,proposed_representative,mature_log_total_market_cap,1.0,4b0a55ca55582752a142,proposed_representative,mature_log_total_market_cap,1.0,f4b71a77e9eebacd374b,proposed_representative,mature_log_total_market_cap,1.0,pending,none_proposal_only,
mature_max_daily_return_21,312802d1df6967429110,proposed_representative,mature_max_daily_return_21,1.0,6d7e26d9fb12d6d1f05f,proposed_representative,mature_max_daily_return_21,1.0,5a4fedf0c096265871a5,proposed_representative,mature_max_daily_return_21,1.0,548aa251e470c1a24415,proposed_representative,mature_max_daily_return_21,1.0,pending,none_proposal_only,
mature_parkinson_volatility_20,511395e662969568f545,proposed_representative,mature_parkinson_volatility_20,1.0,8d110530703aea79c47f,proposed_representative,mature_parkinson_volatility_20,1.0,eeefe3a1b5115eec5789,proposed_representative,mature_parkinson_volatility_20,1.0,4d089b9ec2eec6bbfc4a,proposed_representative,mature_parkinson_volatility_20,1.0,pending,none_proposal_only,
mature_realized_volatility_60,738ad154f76a225a4975,proposed_representative,mature_realized_volatility_60,1.0,a0bd5f69ec2dc4510cbc,proposed_representative,mature_realized_volatility_60,1.0,48aa63980fab84c9e37a,proposed_representative,mature_realized_volatility_60,1.0,4178e6d8867d185ce07d,proposed_representative,mature_realized_volatility_60,1.0,pending,none_proposal_only,
mature_return_skewness_60,db558c6b76c50e9f37fa,proposed_representative,mature_return_skewness_60,1.0,2459ae027bbeb4794e4e,proposed_representative,mature_return_skewness_60,1.0,33389f2a485e7fe8c4d8,proposed_representative,mature_return_skewness_60,1.0,141d63ff2986f956d32a,proposed_representative,mature_return_skewness_60,1.0,pending,none_proposal_only,
mature_reversal_1m,306dd709e0cf9595b3eb,retain_horizon_or_semantic_variant,mature_reversal_1m,1.0,d644a456a9384bc1a7a8,retain_horizon_or_semantic_variant,mature_reversal_1m,1.0,be7d867052c4348015f9,retain_horizon_or_semantic_variant,mature_reversal_1m,1.0,9e64cc2e295bfcf4f0c1,retain_horizon_or_semantic_variant,mature_reversal_1m,1.0,pending,none_proposal_only,
mature_sales_to_price_pit,f8d122331fb4d300409a,conditional_alias_proposal,mature_sales_to_price_ttm,1.0,925df0f0e6025cbe8c08,conditional_alias_proposal,mature_sales_to_price_ttm,1.0,d384188047b007876638,conditional_alias_proposal,mature_sales_to_price_ttm,1.0,f808bc018cf711aeb657,proposed_representative,mature_sales_to_price_pit,1.0,pending,none_proposal_only,
mature_sales_to_price_ttm,f8d122331fb4d300409a,proposed_representative,mature_sales_to_price_ttm,1.0,925df0f0e6025cbe8c08,proposed_representative,mature_sales_to_price_ttm,1.0,d384188047b007876638,proposed_representative,mature_sales_to_price_ttm,1.0,2c2c5d00fa09f776c52f,proposed_representative,mature_sales_to_price_ttm,1.0,pending,none_proposal_only,
mature_turnover_mean_20,267261053d03d587f853,retain_horizon_or_semantic_variant,mature_turnover_mean_20,1.0,5b8fc308d2e9977261c4,retain_horizon_or_semantic_variant,mature_turnover_mean_20,1.0,8ad9547c41ab7bf07ddd,proposed_representative,mature_turnover_mean_20,1.0,211e7adc00e4c8056bb6,proposed_representative,mature_turnover_mean_20,1.0,pending,none_proposal_only,
mature_turnover_rate_free_float,267261053d03d587f853,retain_horizon_or_semantic_variant,mature_turnover_rate_free_float,1.0,e26457b832e3441af5a0,proposed_representative,mature_turnover_rate_free_float,1.0,2f9bdc33bf13c84d2b85,proposed_representative,mature_turnover_rate_free_float,1.0,f792fc8d6fa54d5f72bd,proposed_representative,mature_turnover_rate_free_float,1.0,pending,none_proposal_only,
mature_turnover_volatility_20,267261053d03d587f853,retain_horizon_or_semantic_variant,mature_turnover_volatility_20,1.0,5b8fc308d2e9977261c4,retain_horizon_or_semantic_variant,mature_turnover_volatility_20,1.0,ca76105abc946917f690,proposed_representative,mature_turnover_volatility_20,1.0,0ddfd1c7c63a283494ac,proposed_representative,mature_turnover_volatility_20,1.0,pending,none_proposal_only,
mature_vwap_deviation_20,eb39fdabbcbce4adc47b,retain_horizon_or_semantic_variant,mature_vwap_deviation_20,1.0,ff71c050b7473ffadb39,proposed_representative,mature_vwap_deviation_20,1.0,d52781349b77fcb88d47,proposed_representative,mature_vwap_deviation_20,1.0,4d8c7d623ae7fb6b07c4,proposed_representative,mature_vwap_deviation_20,1.0,pending,none_proposal_only,
ret_10,b7629c155c3211cfaec5,retain_horizon_or_semantic_variant,ret_10,1.0,c398c20da83e349dc94a,retain_horizon_or_semantic_variant,ret_10,1.0,68deb3342485271a8235,retain_horizon_or_semantic_variant,ret_10,1.0,963aaa8c7e25d871466f,retain_horizon_or_semantic_variant,ret_10,1.0,pending,none_proposal_only,
ret_20,306dd709e0cf9595b3eb,retain_horizon_or_semantic_variant,ret_20,1.0,d644a456a9384bc1a7a8,retain_horizon_or_semantic_variant,ret_20,1.0,26c07d46d38336844056,retain_horizon_or_semantic_variant,ret_20,1.0,358d75208b12edd6d8c3,retain_horizon_or_semantic_variant,ret_20,1.0,pending,none_proposal_only,
ret_5,fbcfce924ce2b3e665d6,retain_horizon_or_semantic_variant,ret_5,1.0,10ab03ef9cf7699ad71e,retain_horizon_or_semantic_variant,ret_5,1.0,97579789a904a6255f78,retain_horizon_or_semantic_variant,ret_5,1.0,f6bf23d675dfb9340db4,retain_horizon_or_semantic_variant,ret_5,1.0,pending,none_proposal_only,
rev_20_exclude_5,55e13bfb6fbc57412205,proposed_representative,rev_20_exclude_5,1.0,eba6840e806de72e6b05,proposed_representative,rev_20_exclude_5,1.0,3aaecc97907d9b56f229,proposed_representative,rev_20_exclude_5,1.0,70f70d61d915d910d721,proposed_representative,rev_20_exclude_5,1.0,pending,none_proposal_only,
rev_5,fbcfce924ce2b3e665d6,retain_horizon_or_semantic_variant,rev_5,1.0,10ab03ef9cf7699ad71e,retain_horizon_or_semantic_variant,rev_5,1.0,97579789a904a6255f78,retain_horizon_or_semantic_variant,rev_5,1.0,f6bf23d675dfb9340db4,retain_horizon_or_semantic_variant,rev_5,1.0,pending,none_proposal_only,
std_20,511395e662969568f545,conditional_alias_proposal,mature_parkinson_volatility_20,1.0,3c9d146255f1a20e730a,proposed_representative,std_20,1.0,1da777bc7cfd3e928def,proposed_representative,std_20,1.0,4cf19a32e1114da14ecb,proposed_representative,std_20,1.0,pending,none_proposal_only,
ta_momentum_ao,7d64adc6acc93b1ac26c,conditional_alias_proposal,ta_trend_macd,1.0,73842c5f575b4db6651f,conditional_alias_proposal,ta_trend_macd,1.0,b822f5c40355786aa2e8,conditional_alias_proposal,ta_trend_macd,1.0,5e8abf32fed9363dcdbe,proposed_representative,ta_momentum_ao,1.0,pending,none_proposal_only,
ta_momentum_kama,efee6ca6a996a2e9c410,conditional_alias_proposal,ta_trend_ema_fast,1.0,3264e4bdfea99cf9e3e7,conditional_alias_proposal,ta_trend_ema_fast,1.0,ac5bc2620a60f76b2ea0,conditional_alias_proposal,ta_trend_ema_fast,1.0,0023c4fe77b52c52b7f2,conditional_alias_proposal,ta_trend_ema_fast,1.0,pending,none_proposal_only,
ta_momentum_ppo,084d1953fa6e95c9d420,proposed_representative,ta_momentum_ppo,1.0,bb481ade170e7b1644f5,proposed_representative,ta_momentum_ppo,1.0,d9752d00df548f627439,proposed_representative,ta_momentum_ppo,1.0,cf67895c38d3e798a504,proposed_representative,ta_momentum_ppo,1.0,pending,none_proposal_only,
ta_momentum_ppo_hist,1e206f5b67fa299dde6c,proposed_representative,ta_momentum_ppo_hist,1.0,2e80607f11ab659a8b88,proposed_representative,ta_momentum_ppo_hist,1.0,7ac25fbdd6d3adfe7169,proposed_representative,ta_momentum_ppo_hist,1.0,70f0204e4b59a48895f6,proposed_representative,ta_momentum_ppo_hist,1.0,pending,none_proposal_only,
ta_momentum_ppo_signal,e61e8bbb58b85dba1401,proposed_representative,ta_momentum_ppo_signal,1.0,ea11cb9d6f9260164797,proposed_representative,ta_momentum_ppo_signal,1.0,fe1cc9ff0bea07cd0ac3,proposed_representative,ta_momentum_ppo_signal,1.0,75051713182f887b0b83,proposed_representative,ta_momentum_ppo_signal,1.0,pending,none_proposal_only,
ta_momentum_pvo,274fe06e351439162ade,proposed_representative,ta_momentum_pvo,1.0,2d5ace017a64dafb19fc,proposed_representative,ta_momentum_pvo,1.0,3134d6d108dc4366370e,proposed_representative,ta_momentum_pvo,1.0,d3340a4f727143f3c047,proposed_representative,ta_momentum_pvo,1.0,pending,none_proposal_only,
ta_momentum_pvo_signal,274fe06e351439162ade,conditional_alias_proposal,ta_momentum_pvo,1.0,2d5ace017a64dafb19fc,conditional_alias_proposal,ta_momentum_pvo,1.0,e8a638214decadf069e9,proposed_representative,ta_momentum_pvo_signal,1.0,79057194ab3e099f2a8b,proposed_representative,ta_momentum_pvo_signal,1.0,pending,none_proposal_only,
ta_momentum_roc,dc7dc4ccc1bcc1a729c0,retain_horizon_or_semantic_variant,ta_momentum_roc,1.0,fbebd930c9eb3e21e9e7,retain_horizon_or_semantic_variant,ta_momentum_roc,1.0,3feeac74d6a6e78183e9,retain_horizon_or_semantic_variant,ta_momentum_roc,1.0,25df1203dd31f63bf6ea,retain_horizon_or_semantic_variant,ta_momentum_roc,1.0,pending,none_proposal_only,
ta_momentum_rsi,dc7dc4ccc1bcc1a729c0,proposed_representative,ta_momentum_rsi,1.0,760344d19d910c88a231,retain_horizon_or_semantic_variant,ta_momentum_rsi,1.0,03a8f38bcb75fcad2a55,proposed_representative,ta_momentum_rsi,1.0,ff3822e7db613ded91bd,proposed_representative,ta_momentum_rsi,1.0,pending,none_proposal_only,
ta_momentum_tsi,084d1953fa6e95c9d420,conditional_alias_proposal,ta_momentum_ppo,1.0,bb481ade170e7b1644f5,conditional_alias_proposal,ta_momentum_ppo,1.0,27a1ae499e85fa73c4e2,proposed_representative,ta_momentum_tsi,1.0,641d894642cacf2e1e63,proposed_representative,ta_momentum_tsi,1.0,pending,none_proposal_only,
ta_momentum_uo,ae04e0ae67e94a6da19b,proposed_representative,ta_momentum_uo,1.0,9e11780a6380bc9e2907,proposed_representative,ta_momentum_uo,1.0,1616cfafba93fd4d742a,proposed_representative,ta_momentum_uo,1.0,a3bf45255d020a6585af,proposed_representative,ta_momentum_uo,1.0,pending,none_proposal_only,
ta_trend_adx_neg,8c2606b757de204d5264,proposed_representative,ta_trend_adx_neg,1.0,45bcdb395f43240d95fc,proposed_representative,ta_trend_adx_neg,1.0,2c1b7a073bb7eee3e9c9,proposed_representative,ta_trend_adx_neg,1.0,758a464652054052923e,proposed_representative,ta_trend_adx_neg,1.0,pending,none_proposal_only,
ta_trend_adx_pos,090683173fb01cdf2ee3,proposed_representative,ta_trend_adx_pos,1.0,82dcac43bacce3fc3661,proposed_representative,ta_trend_adx_pos,1.0,7dd21faf0e8120f884c5,proposed_representative,ta_trend_adx_pos,1.0,d86e631a7bb930c44afa,proposed_representative,ta_trend_adx_pos,1.0,pending,none_proposal_only,
ta_trend_aroon_down,0d32654d4acac8673d96,retain_horizon_or_semantic_variant,ta_trend_aroon_down,1.0,2f04615f80fcda08db78,proposed_representative,ta_trend_aroon_down,1.0,67728e5781d734fb1a1b,proposed_representative,ta_trend_aroon_down,1.0,da138bd37d16059cbe41,proposed_representative,ta_trend_aroon_down,1.0,pending,none_proposal_only,
ta_trend_aroon_ind,b688a2e44a76ff1046be,proposed_representative,ta_trend_aroon_ind,1.0,d6cf451f24db9f37b0b2,proposed_representative,ta_trend_aroon_ind,1.0,443b571127b2ec76b73d,proposed_representative,ta_trend_aroon_ind,1.0,0a4619b74e630e60cf86,proposed_representative,ta_trend_aroon_ind,1.0,pending,none_proposal_only,
ta_trend_aroon_up,b688a2e44a76ff1046be,conditional_alias_proposal,ta_trend_aroon_ind,1.0,d6cf451f24db9f37b0b2,conditional_alias_proposal,ta_trend_aroon_ind,1.0,5e245a8261fa0091f7f5,proposed_representative,ta_trend_aroon_up,1.0,f2642e0f33656a1b13af,proposed_representative,ta_trend_aroon_up,1.0,pending,none_proposal_only,
ta_trend_cci,dc7dc4ccc1bcc1a729c0,conditional_alias_proposal,ta_momentum_rsi,1.0,49c8a41e8afed3ae75e4,retain_horizon_or_semantic_variant,ta_trend_cci,1.0,40f47512e87a53769bd3,retain_horizon_or_semantic_variant,ta_trend_cci,1.0,d6482cd1e6d457402afc,proposed_representative,ta_trend_cci,1.0,pending,none_proposal_only,
ta_trend_ema_fast,efee6ca6a996a2e9c410,proposed_representative,ta_trend_ema_fast,1.0,3264e4bdfea99cf9e3e7,proposed_representative,ta_trend_ema_fast,1.0,ac5bc2620a60f76b2ea0,proposed_representative,ta_trend_ema_fast,1.0,0023c4fe77b52c52b7f2,proposed_representative,ta_trend_ema_fast,1.0,pending,none_proposal_only,
ta_trend_ema_slow,efee6ca6a996a2e9c410,conditional_alias_proposal,ta_trend_ema_fast,1.0,3264e4bdfea99cf9e3e7,conditional_alias_proposal,ta_trend_ema_fast,1.0,ac5bc2620a60f76b2ea0,conditional_alias_proposal,ta_trend_ema_fast,1.0,e0f44476aa3956908f9e,conditional_alias_proposal,ta_trend_ichimoku_b,1.0,pending,none_proposal_only,
ta_trend_ichimoku_a,efee6ca6a996a2e9c410,conditional_alias_proposal,ta_trend_ema_fast,1.0,3264e4bdfea99cf9e3e7,conditional_alias_proposal,ta_trend_ema_fast,1.0,ac5bc2620a60f76b2ea0,conditional_alias_proposal,ta_trend_ema_fast,1.0,e0f44476aa3956908f9e,conditional_alias_proposal,ta_trend_ichimoku_b,1.0,pending,none_proposal_only,
ta_trend_ichimoku_b,efee6ca6a996a2e9c410,conditional_alias_proposal,ta_trend_ema_fast,1.0,3264e4bdfea99cf9e3e7,conditional_alias_proposal,ta_trend_ema_fast,1.0,ac5bc2620a60f76b2ea0,conditional_alias_proposal,ta_trend_ema_fast,1.0,e0f44476aa3956908f9e,proposed_representative,ta_trend_ichimoku_b,1.0,pending,none_proposal_only,
ta_trend_ichimoku_base,efee6ca6a996a2e9c410,conditional_alias_proposal,ta_trend_ema_fast,1.0,3264e4bdfea99cf9e3e7,conditional_alias_proposal,ta_trend_ema_fast,1.0,ac5bc2620a60f76b2ea0,conditional_alias_proposal,ta_trend_ema_fast,1.0,e0f44476aa3956908f9e,conditional_alias_proposal,ta_trend_ichimoku_b,1.0,pending,none_proposal_only,
ta_trend_ichimoku_conv,efee6ca6a996a2e9c410,conditional_alias_proposal,ta_trend_ema_fast,1.0,3264e4bdfea99cf9e3e7,conditional_alias_proposal,ta_trend_ema_fast,1.0,ac5bc2620a60f76b2ea0,conditional_alias_proposal,ta_trend_ema_fast,1.0,0023c4fe77b52c52b7f2,conditional_alias_proposal,ta_trend_ema_fast,1.0,pending,none_proposal_only,
ta_trend_kst,e61e8bbb58b85dba1401,conditional_alias_proposal,ta_momentum_ppo_signal,1.0,ea11cb9d6f9260164797,conditional_alias_proposal,ta_momentum_ppo_signal,1.0,fe1cc9ff0bea07cd0ac3,conditional_alias_proposal,ta_momentum_ppo_signal,1.0,a63b2524dc2709595376,proposed_representative,ta_trend_kst,1.0,pending,none_proposal_only,
ta_trend_kst_diff,1e206f5b67fa299dde6c,conditional_alias_proposal,ta_momentum_ppo_hist,1.0,37dd125492439f052e5d,proposed_representative,ta_trend_kst_diff,1.0,51f480d926c5439af4e6,proposed_representative,ta_trend_kst_diff,1.0,79952df2992578df6a64,proposed_representative,ta_trend_kst_diff,1.0,pending,none_proposal_only,
ta_trend_kst_sig,e61e8bbb58b85dba1401,conditional_alias_proposal,ta_momentum_ppo_signal,1.0,ea11cb9d6f9260164797,conditional_alias_proposal,ta_momentum_ppo_signal,1.0,3ff8a9a99d1904268d5a,proposed_representative,ta_trend_kst_sig,1.0,699ec0ac8a5ca56bf61a,proposed_representative,ta_trend_kst_sig,1.0,pending,none_proposal_only,
ta_trend_macd,7d64adc6acc93b1ac26c,proposed_representative,ta_trend_macd,1.0,73842c5f575b4db6651f,proposed_representative,ta_trend_macd,1.0,b822f5c40355786aa2e8,proposed_representative,ta_trend_macd,1.0,88924a19acdc16a7aab6,proposed_representative,ta_trend_macd,1.0,pending,none_proposal_only,
ta_trend_macd_diff,1e206f5b67fa299dde6c,conditional_alias_proposal,ta_momentum_ppo_hist,1.0,2e80607f11ab659a8b88,conditional_alias_proposal,ta_momentum_ppo_hist,1.0,885e023b7ee6a6980743,proposed_representative,ta_trend_macd_diff,1.0,34289b567c616668a802,proposed_representative,ta_trend_macd_diff,1.0,pending,none_proposal_only,
ta_trend_macd_signal,7d64adc6acc93b1ac26c,conditional_alias_proposal,ta_trend_macd,1.0,20e222bac9c9d8a31ddd,proposed_representative,ta_trend_macd_signal,1.0,54d1fe97e5589b098955,proposed_representative,ta_trend_macd_signal,1.0,1549bc57fb7959d8c2e9,proposed_representative,ta_trend_macd_signal,1.0,pending,none_proposal_only,
ta_trend_mass_index,b41da2774aca50f79669,proposed_representative,ta_trend_mass_index,1.0,8177082aee57c085c90f,proposed_representative,ta_trend_mass_index,1.0,df6e6cebd187a393c4e9,proposed_representative,ta_trend_mass_index,1.0,def065bb3ca7dcb81164,proposed_representative,ta_trend_mass_index,1.0,pending,none_proposal_only,
ta_trend_psar_down,acc9e81f3effa8438b3a,deferred,,,05a5e07ccb42b446712c,deferred,,,bcb622cbeda4305b1d36,deferred,,,95a8cc8666682250b7a3,deferred,,,pending,none_proposal_only,
ta_trend_sma_fast,efee6ca6a996a2e9c410,retain_horizon_or_semantic_variant,ta_trend_sma_fast,1.0,3264e4bdfea99cf9e3e7,retain_horizon_or_semantic_variant,ta_trend_sma_fast,1.0,ac5bc2620a60f76b2ea0,retain_horizon_or_semantic_variant,ta_trend_sma_fast,1.0,0023c4fe77b52c52b7f2,retain_horizon_or_semantic_variant,ta_trend_sma_fast,1.0,pending,none_proposal_only,
ta_trend_sma_slow,efee6ca6a996a2e9c410,conditional_alias_proposal,ta_trend_ema_fast,1.0,3264e4bdfea99cf9e3e7,conditional_alias_proposal,ta_trend_ema_fast,1.0,ac5bc2620a60f76b2ea0,conditional_alias_proposal,ta_trend_ema_fast,1.0,e0f44476aa3956908f9e,conditional_alias_proposal,ta_trend_ichimoku_b,1.0,pending,none_proposal_only,
ta_trend_stc,fa937901a22cc797a2ac,proposed_representative,ta_trend_stc,1.0,04bb0bb1b47e9d933fe1,proposed_representative,ta_trend_stc,1.0,fd72b786f0a7eb93f4f6,proposed_representative,ta_trend_stc,1.0,4b648b6cae2527f11cfd,proposed_representative,ta_trend_stc,1.0,pending,none_proposal_only,
ta_trend_trix,e61e8bbb58b85dba1401,conditional_alias_proposal,ta_momentum_ppo_signal,1.0,ea11cb9d6f9260164797,conditional_alias_proposal,ta_momentum_ppo_signal,1.0,fe1cc9ff0bea07cd0ac3,conditional_alias_proposal,ta_momentum_ppo_signal,1.0,6d40e78a131cbc9d0e6d,proposed_representative,ta_trend_trix,1.0,pending,none_proposal_only,
ta_trend_vortex_ind_diff,dc7dc4ccc1bcc1a729c0,conditional_alias_proposal,ta_momentum_rsi,1.0,26b702c5f914f1192a09,proposed_representative,ta_trend_vortex_ind_diff,1.0,efd9eecfa15bb79f2d77,proposed_representative,ta_trend_vortex_ind_diff,1.0,54c83998eeac17845b43,proposed_representative,ta_trend_vortex_ind_diff,1.0,pending,none_proposal_only,
ta_trend_vortex_ind_neg,dc7dc4ccc1bcc1a729c0,conditional_alias_proposal,ta_momentum_rsi,-1.0,26b702c5f914f1192a09,conditional_alias_proposal,ta_trend_vortex_ind_diff,-1.0,efd9eecfa15bb79f2d77,conditional_alias_proposal,ta_trend_vortex_ind_diff,-1.0,3708276b86a4eb3e271e,proposed_representative,ta_trend_vortex_ind_neg,1.0,pending,none_proposal_only,
ta_trend_vortex_ind_pos,dc7dc4ccc1bcc1a729c0,conditional_alias_proposal,ta_momentum_rsi,1.0,26b702c5f914f1192a09,conditional_alias_proposal,ta_trend_vortex_ind_diff,1.0,783d104ae822de3d410f,proposed_representative,ta_trend_vortex_ind_pos,1.0,5803605e0c7779bab549,proposed_representative,ta_trend_vortex_ind_pos,1.0,pending,none_proposal_only,
ta_volatility_atr,45689d8e05088884c616,proposed_representative,ta_volatility_atr,1.0,af3edcd28e343b4afd92,proposed_representative,ta_volatility_atr,1.0,5b65bde2c2d327eb3085,proposed_representative,ta_volatility_atr,1.0,8ad4cc82f49af2928685,proposed_representative,ta_volatility_atr,1.0,pending,none_proposal_only,
ta_volatility_bbh,efee6ca6a996a2e9c410,conditional_alias_proposal,ta_volatility_kcl,1.0,3264e4bdfea99cf9e3e7,conditional_alias_proposal,ta_volatility_kcl,1.0,ac5bc2620a60f76b2ea0,conditional_alias_proposal,ta_volatility_kcl,1.0,0023c4fe77b52c52b7f2,conditional_alias_proposal,ta_volatility_kch,1.0,pending,none_proposal_only,
ta_volatility_bbhi,7847175d945034f1c480,deferred,,,c4dbe0246bbbd990fe3d,deferred,,,08e08bd1979c863b7302,deferred,,,e53d162b70a230d27913,deferred,,,pending,none_proposal_only,
ta_volatility_bbm,efee6ca6a996a2e9c410,conditional_alias_proposal,ta_volatility_kcl,1.0,3264e4bdfea99cf9e3e7,conditional_alias_proposal,ta_volatility_kcl,1.0,ac5bc2620a60f76b2ea0,conditional_alias_proposal,ta_volatility_kcl,1.0,e0f44476aa3956908f9e,proposed_representative,ta_volatility_bbm,1.0,pending,none_proposal_only,
ta_volatility_bbp,dc7dc4ccc1bcc1a729c0,proposed_representative,ta_volatility_bbp,1.0,49c8a41e8afed3ae75e4,retain_horizon_or_semantic_variant,ta_volatility_bbp,1.0,40f47512e87a53769bd3,retain_horizon_or_semantic_variant,ta_volatility_bbp,1.0,7cd089fe935ec604ce24,proposed_representative,ta_volatility_bbp,1.0,pending,none_proposal_only,
ta_volatility_dch,efee6ca6a996a2e9c410,conditional_alias_proposal,ta_volatility_kcl,1.0,3264e4bdfea99cf9e3e7,conditional_alias_proposal,ta_volatility_kcl,1.0,ac5bc2620a60f76b2ea0,conditional_alias_proposal,ta_volatility_kcl,1.0,0023c4fe77b52c52b7f2,conditional_alias_proposal,ta_volatility_kch,1.0,pending,none_proposal_only,
ta_volatility_dcl,efee6ca6a996a2e9c410,conditional_alias_proposal,ta_volatility_kcl,1.0,3264e4bdfea99cf9e3e7,conditional_alias_proposal,ta_volatility_kcl,1.0,ac5bc2620a60f76b2ea0,conditional_alias_proposal,ta_volatility_kcl,1.0,e0f44476aa3956908f9e,conditional_alias_proposal,ta_volatility_bbm,1.0,pending,none_proposal_only,
ta_volatility_dcm,efee6ca6a996a2e9c410,conditional_alias_proposal,ta_volatility_kcl,1.0,3264e4bdfea99cf9e3e7,conditional_alias_proposal,ta_volatility_kcl,1.0,ac5bc2620a60f76b2ea0,conditional_alias_proposal,ta_volatility_kcl,1.0,e0f44476aa3956908f9e,conditional_alias_proposal,ta_volatility_bbm,1.0,pending,none_proposal_only,
ta_volatility_dcp,dc7dc4ccc1bcc1a729c0,conditional_alias_proposal,ta_volatility_bbp,1.0,9e359c111ed97df2f5b9,retain_horizon_or_semantic_variant,ta_volatility_dcp,1.0,899276f28486c25726c5,retain_horizon_or_semantic_variant,ta_volatility_dcp,1.0,cc99e622d5c3fa2d5ed9,retain_horizon_or_semantic_variant,ta_volatility_dcp,1.0,pending,none_proposal_only,
ta_volatility_dcw,511395e662969568f545,conditional_alias_proposal,ta_volatility_kcw,1.0,50eec6d2709cbfe99824,proposed_representative,ta_volatility_dcw,1.0,74872fd6d2e2cefa31e3,proposed_representative,ta_volatility_dcw,1.0,f195364bbafbfde6e09a,proposed_representative,ta_volatility_dcw,1.0,pending,none_proposal_only,
ta_volatility_kcc,efee6ca6a996a2e9c410,conditional_alias_proposal,ta_volatility_kcl,1.0,3264e4bdfea99cf9e3e7,conditional_alias_proposal,ta_volatility_kcl,1.0,ac5bc2620a60f76b2ea0,conditional_alias_proposal,ta_volatility_kcl,1.0,0023c4fe77b52c52b7f2,conditional_alias_proposal,ta_volatility_kch,1.0,pending,none_proposal_only,
ta_volatility_kch,efee6ca6a996a2e9c410,conditional_alias_proposal,ta_volatility_kcl,1.0,3264e4bdfea99cf9e3e7,conditional_alias_proposal,ta_volatility_kcl,1.0,ac5bc2620a60f76b2ea0,conditional_alias_proposal,ta_volatility_kcl,1.0,0023c4fe77b52c52b7f2,proposed_representative,ta_volatility_kch,1.0,pending,none_proposal_only,
ta_volatility_kchi,f894f72ff462e07b1347,deferred,,,eb48adede1d110d99114,deferred,,,a4056442525084bdf5b5,deferred,,,208cec3d0edfc0423e49,deferred,,,pending,none_proposal_only,
ta_volatility_kcl,efee6ca6a996a2e9c410,proposed_representative,ta_volatility_kcl,1.0,3264e4bdfea99cf9e3e7,proposed_representative,ta_volatility_kcl,1.0,ac5bc2620a60f76b2ea0,proposed_representative,ta_volatility_kcl,1.0,0023c4fe77b52c52b7f2,conditional_alias_proposal,ta_volatility_kch,1.0,pending,none_proposal_only,
ta_volatility_kcw,511395e662969568f545,proposed_representative,ta_volatility_kcw,1.0,8d110530703aea79c47f,retain_horizon_or_semantic_variant,ta_volatility_kcw,1.0,ff0060069786e02a2fc9,proposed_representative,ta_volatility_kcw,1.0,e2d3454b99a524ec2a24,proposed_representative,ta_volatility_kcw,1.0,pending,none_proposal_only,
ta_volume_cmf,eb39fdabbcbce4adc47b,retain_horizon_or_semantic_variant,ta_volume_cmf,1.0,f36e408233a08a518210,proposed_representative,ta_volume_cmf,1.0,42b9c19210affd8ddc7f,proposed_representative,ta_volume_cmf,1.0,a70fe0069b49a04e334b,proposed_representative,ta_volume_cmf,1.0,pending,none_proposal_only,
ta_volume_fi,5ca708fd43182b9ac5fd,proposed_representative,ta_volume_fi,1.0,b980b27129a2ddcd1297,proposed_representative,ta_volume_fi,1.0,6f1c0711a84c1462a4a8,proposed_representative,ta_volume_fi,1.0,a6e21389c5091f194a7b,proposed_representative,ta_volume_fi,1.0,pending,none_proposal_only,
ta_volume_mfi,a5010696b15afc8d4fc0,proposed_representative,ta_volume_mfi,1.0,905f9b38c98ec0289930,proposed_representative,ta_volume_mfi,1.0,98a123c907d0d1c3841f,proposed_representative,ta_volume_mfi,1.0,6b96441dc99abc512f57,proposed_representative,ta_volume_mfi,1.0,pending,none_proposal_only,
ta_volume_vwap,efee6ca6a996a2e9c410,retain_horizon_or_semantic_variant,ta_volume_vwap,1.0,3264e4bdfea99cf9e3e7,retain_horizon_or_semantic_variant,ta_volume_vwap,1.0,ac5bc2620a60f76b2ea0,retain_horizon_or_semantic_variant,ta_volume_vwap,1.0,0023c4fe77b52c52b7f2,retain_horizon_or_semantic_variant,ta_volume_vwap,1.0,pending,none_proposal_only,
