path,classification,reason
.gitattributes,PINNED_REFERENCE,reachable or evidence-sensitive; retained in place
.github/workflows/research-validation-ci.yml,PINNED_REFERENCE,reachable or evidence-sensitive; retained in place
.gitignore,PINNED_REFERENCE,reachable or evidence-sensitive; retained in place
AGENTS.md,PINNED_REFERENCE,reachable or evidence-sensitive; retained in place
artifacts/prospective_forward_candidate_v1/sha256/c89972d27ec610cf7c2598d8ccb1ecd1c227c73d0b5dc51dcf11210b57245ee7/forward_candidate_lightgbm.txt,PINNED_REFERENCE,reachable or evidence-sensitive; retained in place
artifacts/prospective_forward_candidate_v1/sha256/c89972d27ec610cf7c2598d8ccb1ecd1c227c73d0b5dc51dcf11210b57245ee7/forward_candidate_preprocessing.json,PINNED_REFERENCE,reachable or evidence-sensitive; retained in place
configs/a_share_execution_v1.yaml,PINNED_REFERENCE,reachable or evidence-sensitive; retained in place
configs/a_share_fee_schedule_v1.yaml,PINNED_REFERENCE,reachable or evidence-sensitive; retained in place
configs/a_share_market_field_timing_v1.yaml,PINNED_REFERENCE,reachable or evidence-sensitive; retained in place
configs/a_share_trading_rules_v1.yaml,PINNED_REFERENCE,reachable or evidence-sensitive; retained in place
configs/accuracy_correction_v1.yaml,PINNED_REFERENCE,reachable or evidence-sensitive; retained in place
configs/accuracy_correction_v1_1.yaml,PINNED_REFERENCE,reachable or evidence-sensitive; retained in place
configs/accuracy_lineage_closure_v1.yaml,PINNED_REFERENCE,reachable or evidence-sensitive; retained in place
configs/alpha101_factor_adapter_batch82_v1.yaml,PINNED_REFERENCE,reachable or evidence-sensitive; retained in place
configs/alpha101_factor_adapter_smoke_v1.yaml,PINNED_REFERENCE,reachable or evidence-sensitive; retained in place
configs/alpha101_factor_batch_catalogs_v1.yaml,PINNED_REFERENCE,reachable or evidence-sensitive; retained in place
configs/alpha101_factor_batch_promotion_v1.yaml,PINNED_REFERENCE,reachable or evidence-sensitive; retained in place
configs/alpha101_factor_evaluation_batch_base_v1.yaml,PINNED_REFERENCE,reachable or evidence-sensitive; retained in place
configs/alpha101_factor_evaluation_smoke_v1.yaml,PINNED_REFERENCE,reachable or evidence-sensitive; retained in place
configs/alpha101_factor_smoke_promotion_v1.yaml,PINNED_REFERENCE,reachable or evidence-sensitive; retained in place
configs/alpha101_source_audit_v1.yaml,PINNED_REFERENCE,reachable or evidence-sensitive; retained in place
configs/alpha158_candidate_portfolio_smoke_recent_oos_v1.yaml,PINNED_REFERENCE,reachable or evidence-sensitive; retained in place
configs/alpha158_candidate_portfolio_smoke_v1.yaml,PINNED_REFERENCE,reachable or evidence-sensitive; retained in place
configs/alpha158_expression_adapter_candidates_recent_oos_v1.yaml,PINNED_REFERENCE,reachable or evidence-sensitive; retained in place
configs/alpha158_expression_adapter_full_v1.yaml,PINNED_REFERENCE,reachable or evidence-sensitive; retained in place
configs/alpha158_expression_adapter_v1.yaml,PINNED_REFERENCE,reachable or evidence-sensitive; retained in place
configs/alpha158_portfolio_diagnostics_recent_oos_v1.yaml,PINNED_REFERENCE,reachable or evidence-sensitive; retained in place
configs/alpha158_portfolio_diagnostics_v1.yaml,PINNED_REFERENCE,reachable or evidence-sensitive; retained in place
configs/alpha158_stability_diagnostics_v1.yaml,PINNED_REFERENCE,reachable or evidence-sensitive; retained in place
configs/alpha360_catalog_audit_v1.yaml,PINNED_REFERENCE,reachable or evidence-sensitive; retained in place
configs/alpha360_expression_adapter_batch358_v1.yaml,PINNED_REFERENCE,reachable or evidence-sensitive; retained in place
configs/alpha360_expression_adapter_smoke_v1.yaml,PINNED_REFERENCE,reachable or evidence-sensitive; retained in place
configs/alpha360_expression_adapter_strict_oos_recent_v1.yaml,PINNED_REFERENCE,reachable or evidence-sensitive; retained in place
configs/alpha360_factor_batch_catalogs_v1.yaml,PINNED_REFERENCE,reachable or evidence-sensitive; retained in place
configs/alpha360_factor_batch_promotion_v1.yaml,PINNED_REFERENCE,reachable or evidence-sensitive; retained in place
configs/alpha360_factor_evaluation_batch_base_v1.yaml,PINNED_REFERENCE,reachable or evidence-sensitive; retained in place
configs/alpha360_factor_evaluation_strict_oos_recent_base_v1.yaml,PINNED_REFERENCE,reachable or evidence-sensitive; retained in place
configs/alpha360_strict_oos_extension_audit_v1.yaml,PINNED_REFERENCE,reachable or evidence-sensitive; retained in place
configs/alpha360_strict_oos_stability_v1.yaml,PINNED_REFERENCE,reachable or evidence-sensitive; retained in place
configs/artifact_lineage_semantics_v1.yaml,PINNED_REFERENCE,reachable or evidence-sensitive; retained in place
configs/bootstrap_gap_sensitivity_canary_v1.yaml,PINNED_REFERENCE,reachable or evidence-sensitive; retained in place
configs/bootstrap_gap_sensitivity_v1.yaml,PINNED_REFERENCE,reachable or evidence-sensitive; retained in place
configs/canonical_historical_dataset_assembly_v1.yaml,PINNED_REFERENCE,reachable or evidence-sensitive; retained in place
configs/clustering_input_projection_669_canary_v1.yaml,PINNED_REFERENCE,reachable or evidence-sensitive; retained in place
configs/clustering_input_projection_669_v1.yaml,PINNED_REFERENCE,reachable or evidence-sensitive; retained in place
configs/clustering_input_projection_corrected_canary_v2.yaml,PINNED_REFERENCE,reachable or evidence-sensitive; retained in place
configs/clustering_input_projection_corrected_v2.yaml,PINNED_REFERENCE,reachable or evidence-sensitive; retained in place
configs/data_source_audit_v2.yaml,PINNED_REFERENCE,reachable or evidence-sensitive; retained in place
configs/development_robustness_split_669_v1.yaml,PINNED_REFERENCE,reachable or evidence-sensitive; retained in place
configs/economic_multi_factor_research_v1.yaml,PINNED_REFERENCE,reachable or evidence-sensitive; retained in place
configs/execution_accuracy_correction_v1.yaml,PINNED_REFERENCE,reachable or evidence-sensitive; retained in place
configs/execution_reconciliation_v1.yaml,PINNED_REFERENCE,reachable or evidence-sensitive; retained in place
configs/execution_unit_semantics_correction_v1_2.yaml,PINNED_REFERENCE,reachable or evidence-sensitive; retained in place
configs/exposure_data_capability_audit_v1.yaml,PINNED_REFERENCE,reachable or evidence-sensitive; retained in place
configs/extended_matrix_overlap_lineage_resolution_v1.yaml,PINNED_REFERENCE,reachable or evidence-sensitive; retained in place
configs/external_exposure_data_v1.yaml,PINNED_REFERENCE,reachable or evidence-sensitive; retained in place
configs/external_pit_style_data_v1.yaml,PINNED_REFERENCE,reachable or evidence-sensitive; retained in place
configs/factor_candidate_pool_alpha158_v1.yaml,PINNED_REFERENCE,reachable or evidence-sensitive; retained in place
configs/factor_clustering_corrected_canary_v2.yaml,PINNED_REFERENCE,reachable or evidence-sensitive; retained in place
configs/factor_clustering_corrected_v2.yaml,PINNED_REFERENCE,reachable or evidence-sensitive; retained in place
configs/factor_clustering_full_research_669_canary_v1.yaml,PINNED_REFERENCE,reachable or evidence-sensitive; retained in place
configs/factor_clustering_full_research_669_v1.yaml,PINNED_REFERENCE,reachable or evidence-sensitive; retained in place
configs/factor_clustering_full_research_v1.yaml,PINNED_REFERENCE,reachable or evidence-sensitive; retained in place
configs/factor_clustering_v1.yaml,PINNED_REFERENCE,reachable or evidence-sensitive; retained in place
configs/factor_context_v1.yaml,PINNED_REFERENCE,reachable or evidence-sensitive; retained in place
configs/factor_dependency_v1.yaml,PINNED_REFERENCE,reachable or evidence-sensitive; retained in place
configs/factor_evaluation_batch_v1.yaml,PINNED_REFERENCE,reachable or evidence-sensitive; retained in place
configs/factor_evaluation_batch_v1_alpha101_candidate71.yaml,PINNED_REFERENCE,reachable or evidence-sensitive; retained in place
configs/factor_evaluation_batch_v1_alpha158_first20.yaml,PINNED_REFERENCE,reachable or evidence-sensitive; retained in place
configs/factor_evaluation_batch_v1_alpha158_metadata_smoke.yaml,PINNED_REFERENCE,reachable or evidence-sensitive; retained in place
configs/factor_evaluation_batch_v1_alpha158_remaining138.yaml,PINNED_REFERENCE,reachable or evidence-sensitive; retained in place
configs/factor_evaluation_batch_v1_alpha360_candidate358.yaml,PINNED_REFERENCE,reachable or evidence-sensitive; retained in place
configs/factor_evaluation_batch_v1_alpha360_candidate358_execution.yaml,PINNED_REFERENCE,reachable or evidence-sensitive; retained in place
configs/factor_evaluation_batch_v1_alpha360_candidate358_smoke.yaml,PINNED_REFERENCE,reachable or evidence-sensitive; retained in place
configs/factor_evaluation_batch_v1_alpha360_strict_oos_recent.yaml,PINNED_REFERENCE,reachable or evidence-sensitive; retained in place
configs/factor_evaluation_batch_v1_smoke.yaml,PINNED_REFERENCE,reachable or evidence-sensitive; retained in place
configs/factor_evaluation_batch_v1_ta_remaining74.yaml,PINNED_REFERENCE,reachable or evidence-sensitive; retained in place
configs/factor_evaluation_v4.yaml,PINNED_REFERENCE,reachable or evidence-sensitive; retained in place
configs/factor_evaluation_v4_alpha158_batch_base.yaml,PINNED_REFERENCE,reachable or evidence-sensitive; retained in place
configs/factor_evaluation_v4_alpha158_first20.yaml,PINNED_REFERENCE,reachable or evidence-sensitive; retained in place
configs/factor_evaluation_v4_alpha158_remaining_batch_base.yaml,PINNED_REFERENCE,reachable or evidence-sensitive; retained in place
configs/factor_evaluation_v4_alpha158_smoke5.yaml,PINNED_REFERENCE,reachable or evidence-sensitive; retained in place
configs/factor_evaluation_v4_alpha360_smoke_v1.yaml,PINNED_REFERENCE,reachable or evidence-sensitive; retained in place
configs/factor_evaluation_v4_context_smoke.yaml,PINNED_REFERENCE,reachable or evidence-sensitive; retained in place
configs/factor_judgement_alpha158_v1.yaml,PINNED_REFERENCE,reachable or evidence-sensitive; retained in place
configs/factor_model_comparison_v1.yaml,PINNED_REFERENCE,reachable or evidence-sensitive; retained in place
configs/factor_multiple_testing_corrected_canary_v2.yaml,PINNED_REFERENCE,reachable or evidence-sensitive; retained in place
configs/factor_multiple_testing_corrected_v2.yaml,PINNED_REFERENCE,reachable or evidence-sensitive; retained in place
configs/factor_multiple_testing_full_research_669_canary_v1.yaml,PINNED_REFERENCE,reachable or evidence-sensitive; retained in place
configs/factor_multiple_testing_full_research_669_v1.yaml,PINNED_REFERENCE,reachable or evidence-sensitive; retained in place
configs/factor_multiple_testing_full_research_v1.yaml,PINNED_REFERENCE,reachable or evidence-sensitive; retained in place
configs/factor_multiple_testing_v1.yaml,PINNED_REFERENCE,reachable or evidence-sensitive; retained in place
configs/factor_research_toolchain_readiness_v1.yaml,PINNED_REFERENCE,reachable or evidence-sensitive; retained in place
configs/factor_rolling_stability_corrected_canary_v2.yaml,PINNED_REFERENCE,reachable or evidence-sensitive; retained in place
configs/factor_rolling_stability_corrected_v2.yaml,PINNED_REFERENCE,reachable or evidence-sensitive; retained in place
configs/factor_rolling_stability_full_research_669_canary_v1.yaml,PINNED_REFERENCE,reachable or evidence-sensitive; retained in place
configs/factor_rolling_stability_full_research_669_v1.yaml,PINNED_REFERENCE,reachable or evidence-sensitive; retained in place
configs/factor_rolling_stability_full_research_v1.yaml,PINNED_REFERENCE,reachable or evidence-sensitive; retained in place
configs/factor_rolling_stability_v1.yaml,PINNED_REFERENCE,reachable or evidence-sensitive; retained in place
configs/factor_score_construction_full_research_669_v1.yaml,PINNED_REFERENCE,reachable or evidence-sensitive; retained in place
configs/factor_score_construction_full_research_v1.yaml,PINNED_REFERENCE,reachable or evidence-sensitive; retained in place
configs/factor_score_construction_v1.yaml,PINNED_REFERENCE,reachable or evidence-sensitive; retained in place
configs/factor_screening_alpha158_full_v1.yaml,PINNED_REFERENCE,reachable or evidence-sensitive; retained in place
configs/factor_source_provenance_v1.yaml,PINNED_REFERENCE,reachable or evidence-sensitive; retained in place
configs/factor_universe_v2.yaml,PINNED_REFERENCE,reachable or evidence-sensitive; retained in place
configs/factor_universe_v2_matrix_readiness.yaml,PINNED_REFERENCE,reachable or evidence-sensitive; retained in place
configs/factor_universe_v2_pre_network.yaml,PINNED_REFERENCE,reachable or evidence-sensitive; retained in place
configs/factor_validation_baseline_v1.yaml,PINNED_REFERENCE,reachable or evidence-sensitive; retained in place
configs/fast_research_mt_v2.yaml,PINNED_REFERENCE,reachable or evidence-sensitive; retained in place
configs/fast_research_v1.yaml,PINNED_REFERENCE,reachable or evidence-sensitive; retained in place
configs/final_portfolio_diagnostics_v1.yaml,PINNED_REFERENCE,reachable or evidence-sensitive; retained in place
configs/forward_prediction_entry_contract_v1.yaml,PINNED_REFERENCE,reachable or evidence-sensitive; retained in place
configs/full_research_669_readiness_v1.yaml,PINNED_REFERENCE,reachable or evidence-sensitive; retained in place
configs/full_research_accelerated_v3.yaml,PINNED_REFERENCE,reachable or evidence-sensitive; retained in place
configs/full_research_daily_ic_669_canary_v1.yaml,PINNED_REFERENCE,reachable or evidence-sensitive; retained in place
configs/full_research_daily_ic_669_v1.yaml,PINNED_REFERENCE,reachable or evidence-sensitive; retained in place
configs/full_research_daily_ic_v1.yaml,PINNED_REFERENCE,reachable or evidence-sensitive; retained in place
configs/full_research_daily_ic_v2.yaml,PINNED_REFERENCE,reachable or evidence-sensitive; retained in place
configs/full_research_daily_ic_v2_canary.yaml,PINNED_REFERENCE,reachable or evidence-sensitive; retained in place
configs/full_research_factor_catalog_669_v1.yaml,PINNED_REFERENCE,reachable or evidence-sensitive; retained in place
configs/full_research_factor_trial_v1.yaml,PINNED_REFERENCE,reachable or evidence-sensitive; retained in place
configs/full_research_feature_matrix_669_bulk_review_v1.yaml,PINNED_REFERENCE,reachable or evidence-sensitive; retained in place
configs/full_research_feature_matrix_669_canary_v3.yaml,PINNED_REFERENCE,reachable or evidence-sensitive; retained in place
configs/full_research_feature_matrix_669_reproducibility_v3.yaml,PINNED_REFERENCE,reachable or evidence-sensitive; retained in place
configs/full_research_feature_matrix_669_v1.yaml,PINNED_REFERENCE,reachable or evidence-sensitive; retained in place
configs/full_research_feature_matrix_v1.yaml,PINNED_REFERENCE,reachable or evidence-sensitive; retained in place
configs/full_research_feature_matrix_v4.yaml,PINNED_REFERENCE,reachable or evidence-sensitive; retained in place
configs/full_research_feature_matrix_v4_bulk_review.yaml,PINNED_REFERENCE,reachable or evidence-sensitive; retained in place
configs/full_research_feature_matrix_v4_canary.yaml,PINNED_REFERENCE,reachable or evidence-sensitive; retained in place
configs/full_research_labels_669_v1.yaml,PINNED_REFERENCE,reachable or evidence-sensitive; retained in place
configs/full_research_labels_v1.yaml,PINNED_REFERENCE,reachable or evidence-sensitive; retained in place
configs/full_research_labels_v2.yaml,PINNED_REFERENCE,reachable or evidence-sensitive; retained in place
configs/full_research_trial_readiness_v1.yaml,PINNED_REFERENCE,reachable or evidence-sensitive; retained in place
configs/historical_data_authority_resolution_v1.yaml,PINNED_REFERENCE,reachable or evidence-sensitive; retained in place
configs/historical_data_engineering_extension_v1.yaml,PINNED_REFERENCE,reachable or evidence-sensitive; retained in place
configs/historical_data_engineering_extension_v1_universe.yaml,PINNED_REFERENCE,reachable or evidence-sensitive; retained in place
configs/historical_dataset_validation_design_v1.yaml,PINNED_REFERENCE,reachable or evidence-sensitive; retained in place
configs/historical_frontier_admission_v1.yaml,PINNED_REFERENCE,reachable or evidence-sensitive; retained in place
configs/historical_instrument_state_official_canary_v2.yaml,PINNED_REFERENCE,reachable or evidence-sensitive; retained in place
configs/historical_instrument_state_v2.yaml,PINNED_REFERENCE,reachable or evidence-sensitive; retained in place
configs/historical_model_comparison_v1.yaml,PINNED_REFERENCE,reachable or evidence-sensitive; retained in place
configs/historical_portfolio_backtest_v1.yaml,PINNED_REFERENCE,reachable or evidence-sensitive; retained in place
configs/legacy_common_scores_v1.yaml,PINNED_REFERENCE,reachable or evidence-sensitive; retained in place
configs/legacy_frozen_manifest_contracts_v1.json,PINNED_REFERENCE,reachable or evidence-sensitive; retained in place
configs/lightgbm_thread_determinism_audit_v1.yaml,PINNED_REFERENCE,reachable or evidence-sensitive; retained in place
configs/lightgbm_thread_determinism_fast_mt_qualification_v1.yaml,PINNED_REFERENCE,reachable or evidence-sensitive; retained in place
configs/lightgbm_thread_determinism_full_qualification_v1.yaml,PINNED_REFERENCE,reachable or evidence-sensitive; retained in place
configs/liquidity_residualized_factor_evaluation_v1.yaml,PINNED_REFERENCE,reachable or evidence-sensitive; retained in place
configs/long_history_core_factor_phase0_v1.yaml,PINNED_REFERENCE,reachable or evidence-sensitive; retained in place
configs/matrix_run_history_669_v1.yaml,PINNED_REFERENCE,reachable or evidence-sensitive; retained in place
configs/maximum_historical_extension_qualification_v1.yaml,PINNED_REFERENCE,reachable or evidence-sensitive; retained in place
configs/ml_clustering_ablation_v1.yaml,PINNED_REFERENCE,reachable or evidence-sensitive; retained in place
configs/ml_feature_eligibility_mvp_v1.yaml,PINNED_REFERENCE,reachable or evidence-sensitive; retained in place
configs/ml_feature_pool_mvp_v1.yaml,PINNED_REFERENCE,reachable or evidence-sensitive; retained in place
configs/model_diagnostic_factor_taxonomy_v1.yaml,PINNED_REFERENCE,reachable or evidence-sensitive; retained in place
configs/model_diagnostic_style_attribution_v1.yaml,PINNED_REFERENCE,reachable or evidence-sensitive; retained in place
configs/multi_source_judgement_v1.yaml,PINNED_REFERENCE,reachable or evidence-sensitive; retained in place
configs/multi_source_screening_v1.yaml,PINNED_REFERENCE,reachable or evidence-sensitive; retained in place
configs/new_source_probe_diagnostics_v1.yaml,PINNED_REFERENCE,reachable or evidence-sensitive; retained in place
configs/new_source_probe_review_v1.yaml,PINNED_REFERENCE,reachable or evidence-sensitive; retained in place
configs/open_source_factor_expansion_audit_v1.yaml,PINNED_REFERENCE,reachable or evidence-sensitive; retained in place
configs/point_in_time_universe_canary_v2.yaml,PINNED_REFERENCE,reachable or evidence-sensitive; retained in place
configs/point_in_time_universe_smoke_v1.yaml,PINNED_REFERENCE,reachable or evidence-sensitive; retained in place
configs/point_in_time_universe_v1.yaml,PINNED_REFERENCE,reachable or evidence-sensitive; retained in place
configs/point_in_time_universe_v2.yaml,PINNED_REFERENCE,reachable or evidence-sensitive; retained in place
configs/post_model_diagnostics_v1.yaml,PINNED_REFERENCE,reachable or evidence-sensitive; retained in place
configs/pre_model_diagnostics_v1.yaml,PINNED_REFERENCE,reachable or evidence-sensitive; retained in place
configs/pre_test_freeze_transparent_669_canary_v1.yaml,PINNED_REFERENCE,reachable or evidence-sensitive; retained in place
configs/pre_test_freeze_transparent_669_v1.yaml,PINNED_REFERENCE,reachable or evidence-sensitive; retained in place
configs/project.local.example.yaml,PINNED_REFERENCE,reachable or evidence-sensitive; retained in place
configs/project.local.yaml,PINNED_REFERENCE,reachable or evidence-sensitive; retained in place
configs/project.yaml,PINNED_REFERENCE,reachable or evidence-sensitive; retained in place
configs/prospective_forward_confirmation_v1.yaml,PINNED_REFERENCE,reachable or evidence-sensitive; retained in place
configs/purged_walk_forward_full_research_669_v1.yaml,PINNED_REFERENCE,reachable or evidence-sensitive; retained in place
configs/purged_walk_forward_full_research_v1.yaml,PINNED_REFERENCE,reachable or evidence-sensitive; retained in place
configs/purged_walk_forward_v1.yaml,PINNED_REFERENCE,reachable or evidence-sensitive; retained in place
configs/qlib_environment_v1.yaml,PINNED_REFERENCE,reachable or evidence-sensitive; retained in place
configs/qlib_exchange_full_research_669_v1.yaml,PINNED_REFERENCE,reachable or evidence-sensitive; retained in place
configs/qlib_exchange_full_research_v1.yaml,PINNED_REFERENCE,reachable or evidence-sensitive; retained in place
configs/qlib_exchange_readiness_v1.yaml,PINNED_REFERENCE,reachable or evidence-sensitive; retained in place
configs/qlib_exchange_reference_v1.yaml,PINNED_REFERENCE,reachable or evidence-sensitive; retained in place
configs/qlib_exchange_semantics_669_v1.yaml,PINNED_REFERENCE,reachable or evidence-sensitive; retained in place
configs/qlib_exchange_split_transparent_669_canary_v1.yaml,PINNED_REFERENCE,reachable or evidence-sensitive; retained in place
configs/qlib_exchange_split_transparent_669_v1.yaml,PINNED_REFERENCE,reachable or evidence-sensitive; retained in place
configs/qlib_exchange_synthetic_v1.yaml,PINNED_REFERENCE,reachable or evidence-sensitive; retained in place
configs/raw_market_data_snapshot_v1.yaml,PINNED_REFERENCE,reachable or evidence-sensitive; retained in place
configs/README.md,PINNED_REFERENCE,reachable or evidence-sensitive; retained in place
configs/reference_pipeline_consistency_v1.yaml,PINNED_REFERENCE,reachable or evidence-sensitive; retained in place
configs/research_data_contracts_v1.yaml,PINNED_REFERENCE,reachable or evidence-sensitive; retained in place
configs/research_lightgbm_full_exact_mt_v2.yaml,PINNED_REFERENCE,reachable or evidence-sensitive; retained in place
configs/research_lightgbm_v1.yaml,PINNED_REFERENCE,reachable or evidence-sensitive; retained in place
configs/research_linear_execution_v1.yaml,PINNED_REFERENCE,reachable or evidence-sensitive; retained in place
configs/research_linear_models_v1.yaml,PINNED_REFERENCE,reachable or evidence-sensitive; retained in place
configs/research_model_protocol_canary_v1.yaml,PINNED_REFERENCE,reachable or evidence-sensitive; retained in place
configs/research_model_protocol_canary_v1_1.yaml,PINNED_REFERENCE,reachable or evidence-sensitive; retained in place
configs/research_model_protocol_v1.yaml,PINNED_REFERENCE,reachable or evidence-sensitive; retained in place
configs/research_model_protocol_v1_1.yaml,PINNED_REFERENCE,reachable or evidence-sensitive; retained in place
configs/research_protocol_v2.yaml,PINNED_REFERENCE,reachable or evidence-sensitive; retained in place
configs/selection_input_projection_669_v1.yaml,PINNED_REFERENCE,reachable or evidence-sensitive; retained in place
configs/selection_input_projection_v2.yaml,PINNED_REFERENCE,reachable or evidence-sensitive; retained in place
configs/selection_mutation_contract_669_v1.yaml,PINNED_REFERENCE,reachable or evidence-sensitive; retained in place
configs/selection_mutation_contract_canary_v1.yaml,PINNED_REFERENCE,reachable or evidence-sensitive; retained in place
configs/selection_mutation_contract_corrected_canary_v2.yaml,PINNED_REFERENCE,reachable or evidence-sensitive; retained in place
configs/selection_mutation_contract_corrected_v2.yaml,PINNED_REFERENCE,reachable or evidence-sensitive; retained in place
configs/split_specific_allowlist_669_canary_v1.yaml,PINNED_REFERENCE,reachable or evidence-sensitive; retained in place
configs/split_specific_allowlist_669_v1.yaml,PINNED_REFERENCE,reachable or evidence-sensitive; retained in place
configs/split_specific_allowlist_corrected_canary_v2.yaml,PINNED_REFERENCE,reachable or evidence-sensitive; retained in place
configs/split_specific_allowlist_corrected_v2.yaml,PINNED_REFERENCE,reachable or evidence-sensitive; retained in place
configs/split_transparent_score_669_canary_v1.yaml,PINNED_REFERENCE,reachable or evidence-sensitive; retained in place
configs/split_transparent_score_669_v1.yaml,PINNED_REFERENCE,reachable or evidence-sensitive; retained in place
configs/split_transparent_score_corrected_canary_v2.yaml,PINNED_REFERENCE,reachable or evidence-sensitive; retained in place
configs/split_transparent_score_corrected_v2.yaml,PINNED_REFERENCE,reachable or evidence-sensitive; retained in place
configs/split_transparent_weights_669_canary_v1.yaml,PINNED_REFERENCE,reachable or evidence-sensitive; retained in place
configs/split_transparent_weights_669_v1.yaml,PINNED_REFERENCE,reachable or evidence-sensitive; retained in place
configs/split_transparent_weights_corrected_canary_v2.yaml,PINNED_REFERENCE,reachable or evidence-sensitive; retained in place
configs/split_transparent_weights_corrected_v2.yaml,PINNED_REFERENCE,reachable or evidence-sensitive; retained in place
configs/strategy_v1_paper_portfolio_v1.yaml,PINNED_REFERENCE,reachable or evidence-sensitive; retained in place
configs/ta_factor_adapter_smoke_v1.yaml,PINNED_REFERENCE,reachable or evidence-sensitive; retained in place
configs/ta_factor_batch_catalogs_v1.yaml,PINNED_REFERENCE,reachable or evidence-sensitive; retained in place
configs/ta_factor_batch_promotion_v1.yaml,PINNED_REFERENCE,reachable or evidence-sensitive; retained in place
configs/ta_factor_evaluation_batch_base_v1.yaml,PINNED_REFERENCE,reachable or evidence-sensitive; retained in place
configs/ta_factor_evaluation_smoke_v1.yaml,PINNED_REFERENCE,reachable or evidence-sensitive; retained in place
configs/ta_factor_smoke_promotion_v1.yaml,PINNED_REFERENCE,reachable or evidence-sensitive; retained in place
configs/tradability_exposure_attribution_v1.yaml,PINNED_REFERENCE,reachable or evidence-sensitive; retained in place
configs/transparent_score_policy_corrected_canary_v1.yaml,PINNED_REFERENCE,reachable or evidence-sensitive; retained in place
configs/transparent_score_policy_corrected_v1.yaml,PINNED_REFERENCE,reachable or evidence-sensitive; retained in place
configs/workflow_lightgbm_alpha158_all_stock_shsz_community_20260609.yaml,PINNED_REFERENCE,reachable or evidence-sensitive; retained in place
configs/workflow_lightgbm_alpha158_all_stock_shsz_liquid2000_community_20260609.yaml,PINNED_REFERENCE,reachable or evidence-sensitive; retained in place
configs/workflow_lightgbm_alpha158_all_stock_shsz_liquid2000_community_20260609_topk100_drop10.yaml,PINNED_REFERENCE,reachable or evidence-sensitive; retained in place
configs/workflow_lightgbm_alpha158_all_stock_shsz_liquid2000_community_20260609_topk200_drop20.yaml,PINNED_REFERENCE,reachable or evidence-sensitive; retained in place
configs/workflow_lightgbm_alpha158_all_stock_shsz_liquid2000_community_20260609_topk300_drop30.yaml,PINNED_REFERENCE,reachable or evidence-sensitive; retained in place
configs/workflow_lightgbm_alpha158_csi500.yaml,PINNED_REFERENCE,reachable or evidence-sensitive; retained in place
configs/workflow_lightgbm_alpha158_csi500_community_20260609.yaml,PINNED_REFERENCE,reachable or evidence-sensitive; retained in place
configs/workflow_lightgbm_alpha158_csi500_sandbox.yaml,PINNED_REFERENCE,reachable or evidence-sensitive; retained in place
daily_update/__init__.py,PINNED_REFERENCE,reachable or evidence-sensitive; retained in place
daily_update/features.py,PINNED_REFERENCE,reachable or evidence-sensitive; retained in place
daily_update/forward_adapter.py,PINNED_REFERENCE,reachable or evidence-sensitive; retained in place
daily_update/pipeline.py,PINNED_REFERENCE,reachable or evidence-sensitive; retained in place
daily_update/provider.py,PINNED_REFERENCE,reachable or evidence-sensitive; retained in place
daily_update/sources/__init__.py,PINNED_REFERENCE,reachable or evidence-sensitive; retained in place
daily_update/sources/baostock.py,PINNED_REFERENCE,reachable or evidence-sensitive; retained in place
daily_update/sources/community.py,PINNED_REFERENCE,reachable or evidence-sensitive; retained in place
daily_update/validation.py,PINNED_REFERENCE,reachable or evidence-sensitive; retained in place
data_adapters/__init__.py,PINNED_REFERENCE,reachable or evidence-sensitive; retained in place
data_adapters/akshare_snapshot.py,PINNED_REFERENCE,reachable or evidence-sensitive; retained in place
data_adapters/point_in_time_fields.py,PINNED_REFERENCE,reachable or evidence-sensitive; retained in place
data_quality/__init__.py,PINNED_REFERENCE,reachable or evidence-sensitive; retained in place
data_quality/checker.py,PINNED_REFERENCE,reachable or evidence-sensitive; retained in place
data_quality/config.yaml,PINNED_REFERENCE,reachable or evidence-sensitive; retained in place
data_quality/README.md,PINNED_REFERENCE,reachable or evidence-sensitive; retained in place
data_quality/report.py,PINNED_REFERENCE,reachable or evidence-sensitive; retained in place
data_quality/rules.py,PINNED_REFERENCE,reachable or evidence-sensitive; retained in place
data_source_audit/__init__.py,PINNED_REFERENCE,reachable or evidence-sensitive; retained in place
data_source_audit/alignment.py,PINNED_REFERENCE,reachable or evidence-sensitive; retained in place
data_source_audit/missing_spans.py,PINNED_REFERENCE,reachable or evidence-sensitive; retained in place
data_source_audit/normalizers.py,PINNED_REFERENCE,reachable or evidence-sensitive; retained in place
data_source_audit/schemas.py,PINNED_REFERENCE,reachable or evidence-sensitive; retained in place
data_source_audit/snapshot.py,PINNED_REFERENCE,reachable or evidence-sensitive; retained in place
data_source_audit/sources/__init__.py,PINNED_REFERENCE,reachable or evidence-sensitive; retained in place
data_source_audit/sources/akshare.py,PINNED_REFERENCE,reachable or evidence-sensitive; retained in place
data_source_audit/sources/baostock.py,PINNED_REFERENCE,reachable or evidence-sensitive; retained in place
data_source_audit/sources/community.py,PINNED_REFERENCE,reachable or evidence-sensitive; retained in place
data_source_audit/st_boundaries.py,PINNED_REFERENCE,reachable or evidence-sensitive; retained in place
data_source_audit/tradability.py,PINNED_REFERENCE,reachable or evidence-sensitive; retained in place
docs/_archive/01_early_stage_plans/BASELINE_REPORT.md,ARCHIVED,historical documentation archive
docs/_archive/01_early_stage_plans/BASELINE_REPRODUCIBILITY.md,ARCHIVED,historical documentation archive
docs/_archive/01_early_stage_plans/DEVELOPMENT_PLAN.md,ARCHIVED,historical documentation archive
docs/_archive/01_early_stage_plans/RESULT_STRUCTURE.md,ARCHIVED,historical documentation archive
docs/_archive/01_early_stage_plans/STEP_1_BASELINE_REPRODUCIBILITY_PLAN.md,ARCHIVED,historical documentation archive
docs/_archive/01_early_stage_plans/STEP_2_DATA_LAYER_UPGRADE_PLAN.md,ARCHIVED,historical documentation archive
docs/_archive/01_early_stage_plans/STEP_3_DERIVED_PROVIDER_AND_CONFIG_PLAN.md,ARCHIVED,historical documentation archive
docs/_archive/01_early_stage_plans/STEP_4_PORTFOLIO_CONSTRAINT_PLAN.md,ARCHIVED,historical documentation archive
docs/_archive/02_data_layer_history/DATA_BASELINE_SNAPSHOT.md,ARCHIVED,historical documentation archive
docs/_archive/02_data_layer_history/DATA_FIELD_VALIDATION.md,ARCHIVED,historical documentation archive
docs/_archive/02_data_layer_history/DATA_SOURCE_DECISION.md,ARCHIVED,historical documentation archive
docs/_archive/02_data_layer_history/DATA_UPGRADE_COMPARISON.md,ARCHIVED,historical documentation archive
docs/_archive/02_data_layer_history/PROVIDER_DATA_CAPABILITY_V3_6.md,ARCHIVED,historical documentation archive
docs/_archive/03_factor_research_history/FACTOR_BATCH_EVALUATION_V1.md,ARCHIVED,historical documentation archive
docs/_archive/03_factor_research_history/FACTOR_CANDIDATE_POOL_V3_4_PLAN.md,ARCHIVED,historical documentation archive
docs/_archive/03_factor_research_history/FACTOR_CONTEXT_V1.md,ARCHIVED,historical documentation archive
docs/_archive/03_factor_research_history/FACTOR_EVALUATION_OPEN_SOURCE_COEXISTENCE_PLAN.md,ARCHIVED,historical documentation archive
docs/_archive/03_factor_research_history/FACTOR_EVALUATION_SOURCE_MANIFEST.md,ARCHIVED,historical documentation archive
docs/_archive/03_factor_research_history/FACTOR_EVALUATION_V4_SMOKE_TEST.md,ARCHIVED,historical documentation archive
docs/_archive/03_factor_research_history/FACTOR_EXPANSION_V3_5_IMPLEMENTATION.md,ARCHIVED,historical documentation archive
docs/_archive/03_factor_research_history/FACTOR_EXPANSION_V3_5_REFERENCE_SURVEY.md,ARCHIVED,historical documentation archive
docs/_archive/03_factor_research_history/FACTOR_RESEARCH_ALGORITHM_AUDIT.md,ARCHIVED,historical documentation archive
docs/_archive/03_factor_research_history/FACTOR_RESEARCH_MODULE_PLAN.md,ARCHIVED,historical documentation archive
docs/_archive/03_factor_research_history/FACTOR_RESEARCH_V3_1_PLAN.md,ARCHIVED,historical documentation archive
docs/_archive/03_factor_research_history/FACTOR_RESEARCH_V3_REFERENCE_SURVEY.md,ARCHIVED,historical documentation archive
docs/_archive/03_factor_research_history/FACTOR_SCREENING_V3_3_PLAN.md,ARCHIVED,historical documentation archive
docs/_archive/04_alpha158_history/ALPHA158_CANDIDATE_POOL_V1.md,ARCHIVED,historical documentation archive
docs/_archive/04_alpha158_history/ALPHA158_CANDIDATE_PORTFOLIO_SMOKE_V1.md,ARCHIVED,historical documentation archive
docs/_archive/04_alpha158_history/ALPHA158_CATALOG_AUDIT_V1.md,ARCHIVED,historical documentation archive
docs/_archive/04_alpha158_history/ALPHA158_EXPRESSION_ADAPTER_V1.md,ARCHIVED,historical documentation archive
docs/_archive/04_alpha158_history/ALPHA158_EXPRESSION_EVALUATION_STAGE_PLAN.md,ARCHIVED,historical documentation archive
docs/_archive/04_alpha158_history/ALPHA158_FULL_EVALUATION_STAGE_PLAN.md,ARCHIVED,historical documentation archive
docs/_archive/04_alpha158_history/ALPHA158_FULL_SCREENING_INPUT_V1.md,ARCHIVED,historical documentation archive
docs/_archive/04_alpha158_history/ALPHA158_JUDGEMENT_LAYER_V1.md,ARCHIVED,historical documentation archive
docs/_archive/04_alpha158_history/ALPHA158_PORTFOLIO_DIAGNOSTICS_V1.md,ARCHIVED,historical documentation archive
docs/_archive/04_alpha158_history/ALPHA158_RECENT_OOS_EXTENSION_V1.md,ARCHIVED,historical documentation archive
docs/_archive/04_alpha158_history/ALPHA158_STABILITY_DIAGNOSTICS_V1.md,ARCHIVED,historical documentation archive
docs/_archive/05_open_source_factor_batches/ALPHA101_ADAPTER_SMOKE_V1.md,ARCHIVED,historical documentation archive
docs/_archive/05_open_source_factor_batches/ALPHA101_BATCH_PROMOTION_V1.md,ARCHIVED,historical documentation archive
docs/_archive/05_open_source_factor_batches/ALPHA101_SOURCE_AUDIT_V1.md,ARCHIVED,historical documentation archive
docs/_archive/05_open_source_factor_batches/ALPHA360_ADAPTER_SMOKE_V1.md,ARCHIVED,historical documentation archive
docs/_archive/05_open_source_factor_batches/ALPHA360_BATCH_CATALOGS_V1.md,ARCHIVED,historical documentation archive
docs/_archive/05_open_source_factor_batches/ALPHA360_BATCH_FRAME_AND_SMOKE_BATCH1_V1.md,ARCHIVED,historical documentation archive
docs/_archive/05_open_source_factor_batches/ALPHA360_BATCH_PROMOTION_AND_MULTI_SOURCE_V1.md,ARCHIVED,historical documentation archive
docs/_archive/05_open_source_factor_batches/ALPHA360_V4_SMOKE_V1.md,ARCHIVED,historical documentation archive
docs/_archive/05_open_source_factor_batches/MULTI_SOURCE_JUDGEMENT_V1.md,ARCHIVED,historical documentation archive
docs/_archive/05_open_source_factor_batches/MULTI_SOURCE_SCREENING_V1.md,ARCHIVED,historical documentation archive
docs/_archive/05_open_source_factor_batches/OPEN_SOURCE_FACTOR_EXPANSION_AUDIT_V1.md,ARCHIVED,historical documentation archive
docs/_archive/05_open_source_factor_batches/TA_BATCH_EVALUATION_PLAN_V1.md,ARCHIVED,historical documentation archive
docs/_archive/05_open_source_factor_batches/TA_BATCH_PROMOTION_V1.md,ARCHIVED,historical documentation archive
docs/_archive/05_open_source_factor_batches/TA_FACTOR_ADAPTER_SMOKE_V1.md,ARCHIVED,historical documentation archive
docs/_archive/06_probe_and_tradeability_audits/ALPHA360_STRICT_OOS_EXTENSION_V1.md,ARCHIVED,historical documentation archive
docs/_archive/06_probe_and_tradeability_audits/ALPHA360_STRICT_OOS_EXTENSION_V1_PLAN.md,ARCHIVED,historical documentation archive
docs/_archive/06_probe_and_tradeability_audits/ALPHA360_STRICT_OOS_STABILITY_V1.md,ARCHIVED,historical documentation archive
docs/_archive/06_probe_and_tradeability_audits/ALPHA360_STRICT_OOS_STABILITY_V1_PLAN.md,ARCHIVED,historical documentation archive
docs/_archive/06_probe_and_tradeability_audits/EXPOSURE_DATA_CAPABILITY_AUDIT_V1.md,ARCHIVED,historical documentation archive
docs/_archive/06_probe_and_tradeability_audits/EXPOSURE_DATA_CAPABILITY_AUDIT_V1_PLAN.md,ARCHIVED,historical documentation archive
docs/_archive/06_probe_and_tradeability_audits/NEW_SOURCE_PROBE_DIAGNOSTICS_V1.md,ARCHIVED,historical documentation archive
docs/_archive/06_probe_and_tradeability_audits/NEW_SOURCE_PROBE_DIAGNOSTICS_V1_PLAN.md,ARCHIVED,historical documentation archive
docs/_archive/06_probe_and_tradeability_audits/NEW_SOURCE_PROBE_REVIEW_V1.md,ARCHIVED,historical documentation archive
docs/_archive/06_probe_and_tradeability_audits/NEW_SOURCE_PROBE_REVIEW_V1_PLAN.md,ARCHIVED,historical documentation archive
docs/_archive/06_probe_and_tradeability_audits/TRADABILITY_EXPOSURE_ATTRIBUTION_V1.md,ARCHIVED,historical documentation archive
docs/_archive/06_probe_and_tradeability_audits/TRADABILITY_EXPOSURE_ATTRIBUTION_V1_PLAN.md,ARCHIVED,historical documentation archive
docs/_archive/07_research_program_history/ACCURACY_CORRECTION_V1_1_AND_DATA_SOURCE_AUDIT_V2_PLAN.md,ARCHIVED,historical documentation archive
docs/_archive/07_research_program_history/ACCURACY_CORRECTION_V1_PLAN.md,ARCHIVED,historical documentation archive
docs/_archive/07_research_program_history/CANONICAL_HISTORICAL_DATASET_ASSEMBLY_DATA_ENGINEERING_CLOSURE_V1_PLAN.md,ARCHIVED,historical documentation archive
docs/_archive/07_research_program_history/DATA_SOURCE_AUDIT_V2.md,ARCHIVED,historical documentation archive
docs/_archive/07_research_program_history/EXECUTION_UNIT_SEMANTICS_CORRECTION_V1_2_PLAN.md,ARCHIVED,historical documentation archive
docs/_archive/07_research_program_history/EXTENDED_MATRIX_OVERLAP_LINEAGE_RESOLUTION_V1_PLAN.md,ARCHIVED,historical documentation archive
docs/_archive/07_research_program_history/FACTOR_RESEARCH_TOOLCHAIN_READINESS_V1.md,ARCHIVED,historical documentation archive
docs/_archive/07_research_program_history/FACTOR_VALIDATION_HARDENING_V1_1.md,ARCHIVED,historical documentation archive
docs/_archive/07_research_program_history/FACTOR_VALIDATION_ROADMAP_V1.md,ARCHIVED,historical documentation archive
docs/_archive/07_research_program_history/FULL_RESEARCH_669_RUN_V1.md,ARCHIVED,historical documentation archive
docs/_archive/07_research_program_history/FULL_RESEARCH_FACTOR_TRIAL_V1.md,ARCHIVED,historical documentation archive
docs/_archive/07_research_program_history/HISTORICAL_DATA_ENGINEERING_EXTENSION_V1_PLAN.md,ARCHIVED,historical documentation archive
docs/_archive/07_research_program_history/HISTORICAL_INSTRUMENT_STATE_V2_PLAN.md,ARCHIVED,historical documentation archive
docs/_archive/07_research_program_history/HISTORICAL_MODEL_COMPARISON_V1_IMPLEMENTATION_PLAN.md,ARCHIVED,historical documentation archive
docs/_archive/07_research_program_history/HISTORICAL_PORTFOLIO_BACKTEST_V1.md,ARCHIVED,historical documentation archive
docs/_archive/07_research_program_history/LIQUIDITY_RESIDUALIZED_FACTOR_EVALUATION_V1.md,ARCHIVED,historical documentation archive
docs/_archive/07_research_program_history/LIQUIDITY_RESIDUALIZED_FACTOR_EVALUATION_V1_PLAN.md,ARCHIVED,historical documentation archive
docs/_archive/07_research_program_history/MODEL_DIAGNOSTIC_V1_CLOSEOUT.md,ARCHIVED,historical documentation archive
docs/_archive/07_research_program_history/MODEL_DIAGNOSTIC_V1_IMPLEMENTATION_PLAN.md,ARCHIVED,historical documentation archive
docs/_archive/07_research_program_history/PR5A_MODEL_INPUT_PROTOCOL_HANDOFF_V1.md,ARCHIVED,historical documentation archive
docs/_archive/07_research_program_history/PROSPECTIVE_FORWARD_CONFIRMATION_V1_PLAN.md,ARCHIVED,historical documentation archive
docs/_archive/07_research_program_history/Qlib A股因子研究框架完整升级计划 V1.md,ARCHIVED,historical documentation archive
docs/_archive/07_research_program_history/QLIB_EXCHANGE_INTEGRATION_V1.md,ARCHIVED,historical documentation archive
docs/_archive/07_research_program_history/QLIB_EXCHANGE_SEMANTIC_AUDIT_V1.md,ARCHIVED,historical documentation archive
docs/_archive/07_research_program_history/README.md,ARCHIVED,historical documentation archive
docs/_archive/07_research_program_history/REFERENCE_PIPELINE_CONSISTENCY_V1_1_1.md,ARCHIVED,historical documentation archive
docs/_archive/07_research_program_history/RESEARCH_GRADE_MULTIFACTOR_MODEL_V1_PLAN.md,ARCHIVED,historical documentation archive
docs/_archive/07_research_program_history/RESEARCH_LIGHTGBM_V1_IMPLEMENTATION_PLAN.md,ARCHIVED,historical documentation archive
docs/_archive/07_research_program_history/RESEARCH_LINEAR_MODELS_V1_IMPLEMENTATION_PLAN.md,ARCHIVED,historical documentation archive
docs/_archive/07_research_program_history/RESEARCH_MODEL_PROTOCOL_V1_1_CLOSURE.md,ARCHIVED,historical documentation archive
docs/_archive/07_research_program_history/RESEARCH_MODEL_PROTOCOL_V1_IMPLEMENTATION.md,ARCHIVED,historical documentation archive
docs/_archive/07_research_program_history/RESEARCH_PROTOCOL_V2.md,ARCHIVED,historical documentation archive
docs/_archive/07_research_program_history/SELECTION_HOLDOUT_IMPLEMENTATION_AUDIT_V1.md,ARCHIVED,historical documentation archive
docs/_archive/07_research_program_history/SELECTION_HOLDOUT_INTEGRITY_AND_MODEL_PLAN_V1.md,ARCHIVED,historical documentation archive
docs/_archive/07_research_program_history/STEP_5_FACTOR_RESEARCH_AND_MODEL_PLAN.md,ARCHIVED,historical documentation archive
docs/_archive/08_engineering_refactor/ENGINEERING_REFACTOR_CLOSEOUT.md,ARCHIVED,historical documentation archive
docs/_archive/08_engineering_refactor/ENGINEERING_REFACTOR_IMPLEMENTATION_PLAN.md,ARCHIVED,historical documentation archive
docs/_archive/08_engineering_refactor/qlib-baseline 工程优化开放式方案.md,ARCHIVED,historical documentation archive
docs/_archive/08_engineering_refactor/README.md,ARCHIVED,historical documentation archive
docs/_archive/09_model_research_and_productivity_history/ML_FEATURE_POOL_POLICY_EXPERIMENT_PLAN.md,ARCHIVED,historical documentation archive
docs/_archive/09_model_research_and_productivity_history/PERFORMANCE_PROGRAM_CLOSEOUT.md,ARCHIVED,historical documentation archive
docs/_archive/09_model_research_and_productivity_history/README.md,ARCHIVED,historical documentation archive
docs/_archive/README.md,ARCHIVED,historical documentation archive
docs/ARCHITECTURE.md,PINNED_REFERENCE,reachable or evidence-sensitive; retained in place
docs/CANONICAL_RESEARCH_DATASET.md,PINNED_REFERENCE,reachable or evidence-sensitive; retained in place
docs/CI_POLICY.md,PINNED_REFERENCE,reachable or evidence-sensitive; retained in place
docs/CURRENT_PIPELINE.md,PINNED_REFERENCE,reachable or evidence-sensitive; retained in place
docs/DOC_INDEX.md,PINNED_REFERENCE,reachable or evidence-sensitive; retained in place
docs/ENVIRONMENT.md,PINNED_REFERENCE,reachable or evidence-sensitive; retained in place
docs/LONG_HISTORY_CORE_FACTOR_PHASE_0_PLAN.md,PINNED_REFERENCE,reachable or evidence-sensitive; retained in place
docs/LONG_HISTORY_ROBUST_CORE_FACTOR_SELECTION_V1.md,PINNED_REFERENCE,reachable or evidence-sensitive; retained in place
docs/operations/DAILY_DATA_UPDATE_V1.md,PINNED_REFERENCE,reachable or evidence-sensitive; retained in place
docs/operations/PERFORMANCE_EXECUTION_PROFILES_V1.md,PINNED_REFERENCE,reachable or evidence-sensitive; retained in place
docs/operations/STRATEGY_V1_PAPER_PORTFOLIO_V1.md,PINNED_REFERENCE,reachable or evidence-sensitive; retained in place
docs/operations/TRADABILITY_LABEL_LAYER.md,PINNED_REFERENCE,reachable or evidence-sensitive; retained in place
docs/operations/UNIVERSE_POLICY.md,PINNED_REFERENCE,reachable or evidence-sensitive; retained in place
docs/OUTPUT_POLICY.md,PINNED_REFERENCE,reachable or evidence-sensitive; retained in place
docs/PERSONAL_QUANT_RESEARCH_ROADMAP.md,PINNED_REFERENCE,reachable or evidence-sensitive; retained in place
docs/PROJECT_CONTEXT_SUMMARY.md,PINNED_REFERENCE,reachable or evidence-sensitive; retained in place
factor_research/__init__.py,PINNED_REFERENCE,reachable or evidence-sensitive; retained in place
factor_research/alpha101_source.py,PINNED_REFERENCE,reachable or evidence-sensitive; retained in place
factor_research/alpha158_candidate_pool.py,PINNED_REFERENCE,reachable or evidence-sensitive; retained in place
factor_research/alpha158_judgement.py,PINNED_REFERENCE,reachable or evidence-sensitive; retained in place
factor_research/alpha158_portfolio_diagnostics.py,PINNED_REFERENCE,reachable or evidence-sensitive; retained in place
factor_research/alpha158_portfolio_smoke.py,PINNED_REFERENCE,reachable or evidence-sensitive; retained in place
factor_research/alpha158_registry.py,PINNED_REFERENCE,reachable or evidence-sensitive; retained in place
factor_research/alpha158_screening_input.py,PINNED_REFERENCE,reachable or evidence-sensitive; retained in place
factor_research/alpha158_stability_diagnostics.py,PINNED_REFERENCE,reachable or evidence-sensitive; retained in place
factor_research/backward_replication.py,PINNED_REFERENCE,reachable or evidence-sensitive; retained in place
factor_research/candidate.py,PINNED_REFERENCE,reachable or evidence-sensitive; retained in place
factor_research/candidate_pool_v3.py,PINNED_REFERENCE,reachable or evidence-sensitive; retained in place
factor_research/catalog.py,PINNED_REFERENCE,reachable or evidence-sensitive; retained in place
factor_research/config.yaml,PINNED_REFERENCE,reachable or evidence-sensitive; retained in place
factor_research/context/__init__.py,PINNED_REFERENCE,reachable or evidence-sensitive; retained in place
factor_research/context/benchmark.py,PINNED_REFERENCE,reachable or evidence-sensitive; retained in place
factor_research/context/evaluation.py,PINNED_REFERENCE,reachable or evidence-sensitive; retained in place
factor_research/context/listing.py,PINNED_REFERENCE,reachable or evidence-sensitive; retained in place
factor_research/context/universe.py,PINNED_REFERENCE,reachable or evidence-sensitive; retained in place
factor_research/dataset.py,PINNED_REFERENCE,reachable or evidence-sensitive; retained in place
factor_research/diagnostics.py,PINNED_REFERENCE,reachable or evidence-sensitive; retained in place
factor_research/economic_sleeves.py,PINNED_REFERENCE,reachable or evidence-sensitive; retained in place
factor_research/evaluator.py,PINNED_REFERENCE,reachable or evidence-sensitive; retained in place
factor_research/expression_adapter.py,PINNED_REFERENCE,reachable or evidence-sensitive; retained in place
factor_research/external/__init__.py,PINNED_REFERENCE,reachable or evidence-sensitive; retained in place
factor_research/external/adapters.py,PINNED_REFERENCE,reachable or evidence-sensitive; retained in place
factor_research/external/source_manifest.yaml,PINNED_REFERENCE,reachable or evidence-sensitive; retained in place
factor_research/external/summary.py,PINNED_REFERENCE,reachable or evidence-sensitive; retained in place
factor_research/factor_catalog.yaml,PINNED_REFERENCE,reachable or evidence-sensitive; retained in place
factor_research/factor_clustering.py,PINNED_REFERENCE,reachable or evidence-sensitive; retained in place
factor_research/factor_library.py,PINNED_REFERENCE,reachable or evidence-sensitive; retained in place
factor_research/factor_similarity.py,PINNED_REFERENCE,reachable or evidence-sensitive; retained in place
factor_research/liquidity_residualization.py,PINNED_REFERENCE,reachable or evidence-sensitive; retained in place
factor_research/metrics.py,PINNED_REFERENCE,reachable or evidence-sensitive; retained in place
factor_research/multi_source_judgement.py,PINNED_REFERENCE,reachable or evidence-sensitive; retained in place
factor_research/multi_source_screening.py,PINNED_REFERENCE,reachable or evidence-sensitive; retained in place
factor_research/neutralization.py,PINNED_REFERENCE,reachable or evidence-sensitive; retained in place
factor_research/new_source_probe_diagnostics.py,PINNED_REFERENCE,reachable or evidence-sensitive; retained in place
factor_research/new_source_probe_review.py,PINNED_REFERENCE,reachable or evidence-sensitive; retained in place
factor_research/preprocess.py,PINNED_REFERENCE,reachable or evidence-sensitive; retained in place
factor_research/qlib_alpha158.py,PINNED_REFERENCE,reachable or evidence-sensitive; retained in place
factor_research/qlib_alpha360.py,PINNED_REFERENCE,reachable or evidence-sensitive; retained in place
factor_research/registry.py,PINNED_REFERENCE,reachable or evidence-sensitive; retained in place
factor_research/report.py,PINNED_REFERENCE,reachable or evidence-sensitive; retained in place
factor_research/representative_selection.py,PINNED_REFERENCE,reachable or evidence-sensitive; retained in place
factor_research/runner.py,PINNED_REFERENCE,reachable or evidence-sensitive; retained in place
factor_research/screening_v3.py,PINNED_REFERENCE,reachable or evidence-sensitive; retained in place
factor_research/selector.py,PINNED_REFERENCE,reachable or evidence-sensitive; retained in place
factor_research/slices.py,PINNED_REFERENCE,reachable or evidence-sensitive; retained in place
factor_research/ta_source.py,PINNED_REFERENCE,reachable or evidence-sensitive; retained in place
factor_universe_v2/__init__.py,PINNED_REFERENCE,reachable or evidence-sensitive; retained in place
factor_universe_v2/alpha101_canonical.py,PINNED_REFERENCE,reachable or evidence-sensitive; retained in place
factor_universe_v2/historical_data.py,PINNED_REFERENCE,reachable or evidence-sensitive; retained in place
factor_universe_v2/inventory.py,PINNED_REFERENCE,reachable or evidence-sensitive; retained in place
factor_universe_v2/local_recovery.py,PINNED_REFERENCE,reachable or evidence-sensitive; retained in place
factor_universe_v2/matrix_readiness.py,PINNED_REFERENCE,reachable or evidence-sensitive; retained in place
factor_universe_v2/mature_factors.py,PINNED_REFERENCE,reachable or evidence-sensitive; retained in place
factor_universe_v2/mature_inventory.py,PINNED_REFERENCE,reachable or evidence-sensitive; retained in place
factor_universe_v2/pit.py,PINNED_REFERENCE,reachable or evidence-sensitive; retained in place
factor_universe_v2/tushare_data.py,PINNED_REFERENCE,reachable or evidence-sensitive; retained in place
logs/qrun_lightgbm_alpha158_csi500_20260611_113628.log,PINNED_REFERENCE,reachable or evidence-sensitive; retained in place
model_research/__init__.py,PINNED_REFERENCE,reachable or evidence-sensitive; retained in place
model_research/clustering_ablation.py,PINNED_REFERENCE,reachable or evidence-sensitive; retained in place
model_research/development_dry_run.py,PINNED_REFERENCE,reachable or evidence-sensitive; retained in place
model_research/diagnostics.py,PINNED_REFERENCE,reachable or evidence-sensitive; retained in place
model_research/execution_profiles.py,PINNED_REFERENCE,reachable or evidence-sensitive; retained in place
model_research/external_style_data.py,PINNED_REFERENCE,reachable or evidence-sensitive; retained in place
model_research/fast_research.py,PINNED_REFERENCE,reachable or evidence-sensitive; retained in place
model_research/feature_eligibility.py,PINNED_REFERENCE,reachable or evidence-sensitive; retained in place
model_research/feature_pool_comparison.py,PINNED_REFERENCE,reachable or evidence-sensitive; retained in place
model_research/feature_pool_experiment.py,PINNED_REFERENCE,reachable or evidence-sensitive; retained in place
model_research/feature_pool_policy.py,PINNED_REFERENCE,reachable or evidence-sensitive; retained in place
model_research/forward_binding.py,PINNED_REFERENCE,reachable or evidence-sensitive; retained in place
model_research/forward_candidate.py,PINNED_REFERENCE,reachable or evidence-sensitive; retained in place
model_research/forward_hardening.py,PINNED_REFERENCE,reachable or evidence-sensitive; retained in place
model_research/forward_labels.py,PINNED_REFERENCE,reachable or evidence-sensitive; retained in place
model_research/forward_pipeline.py,PINNED_REFERENCE,reachable or evidence-sensitive; retained in place
model_research/forward_prediction.py,PINNED_REFERENCE,reachable or evidence-sensitive; retained in place
model_research/forward_prediction_contract.py,PINNED_REFERENCE,reachable or evidence-sensitive; retained in place
model_research/forward_protocol.py,PINNED_REFERENCE,reachable or evidence-sensitive; retained in place
model_research/forward_state.py,PINNED_REFERENCE,reachable or evidence-sensitive; retained in place
model_research/freeze.py,PINNED_REFERENCE,reachable or evidence-sensitive; retained in place
model_research/full_execution.py,PINNED_REFERENCE,reachable or evidence-sensitive; retained in place
model_research/gates.py,PINNED_REFERENCE,reachable or evidence-sensitive; retained in place
model_research/historical_comparison.py,PINNED_REFERENCE,reachable or evidence-sensitive; retained in place
model_research/inputs.py,PINNED_REFERENCE,reachable or evidence-sensitive; retained in place
model_research/lightgbm_aggregate.py,PINNED_REFERENCE,reachable or evidence-sensitive; retained in place
model_research/lightgbm_models.py,PINNED_REFERENCE,reachable or evidence-sensitive; retained in place
model_research/lightgbm_release_freeze.py,PINNED_REFERENCE,reachable or evidence-sensitive; retained in place
model_research/lightgbm_test_release.py,PINNED_REFERENCE,reachable or evidence-sensitive; retained in place
model_research/lineage.py,PINNED_REFERENCE,reachable or evidence-sensitive; retained in place
model_research/linear_aggregate.py,PINNED_REFERENCE,reachable or evidence-sensitive; retained in place
model_research/linear_execution.py,PINNED_REFERENCE,reachable or evidence-sensitive; retained in place
model_research/linear_models.py,PINNED_REFERENCE,reachable or evidence-sensitive; retained in place
model_research/linear_release_freeze.py,PINNED_REFERENCE,reachable or evidence-sensitive; retained in place
model_research/linear_test_release.py,PINNED_REFERENCE,reachable or evidence-sensitive; retained in place
model_research/metrics.py,PINNED_REFERENCE,reachable or evidence-sensitive; retained in place
model_research/paper_portfolio.py,PINNED_REFERENCE,reachable or evidence-sensitive; retained in place
model_research/preprocessing.py,PINNED_REFERENCE,reachable or evidence-sensitive; retained in place
model_research/protocol.py,PINNED_REFERENCE,reachable or evidence-sensitive; retained in place
model_research/protocol_v1_1.py,PINNED_REFERENCE,reachable or evidence-sensitive; retained in place
model_research/research_cache.py,PINNED_REFERENCE,reachable or evidence-sensitive; retained in place
model_research/resource_scheduler.py,PINNED_REFERENCE,reachable or evidence-sensitive; retained in place
model_research/runtime_timing.py,PINNED_REFERENCE,reachable or evidence-sensitive; retained in place
model_research/schemas.py,PINNED_REFERENCE,reachable or evidence-sensitive; retained in place
model_research/style_attribution.py,PINNED_REFERENCE,reachable or evidence-sensitive; retained in place
model_research/targets.py,PINNED_REFERENCE,reachable or evidence-sensitive; retained in place
model_research/thread_determinism.py,PINNED_REFERENCE,reachable or evidence-sensitive; retained in place
outputs/a_share_execution_v1/local_reference/artifact_manifest.json,PINNED_REFERENCE,reachable or evidence-sensitive; retained in place
outputs/a_share_execution_v1/local_reference/capacity_diagnostics.csv,PINNED_REFERENCE,reachable or evidence-sensitive; retained in place
outputs/a_share_execution_v1/local_reference/contract_status.csv,PINNED_REFERENCE,reachable or evidence-sensitive; retained in place
outputs/a_share_execution_v1/local_reference/daily_turnover.csv,PINNED_REFERENCE,reachable or evidence-sensitive; retained in place
outputs/a_share_execution_v1/local_reference/executed_orders.csv,PINNED_REFERENCE,reachable or evidence-sensitive; retained in place
outputs/a_share_execution_v1/local_reference/execution_report.md,PINNED_REFERENCE,reachable or evidence-sensitive; retained in place
outputs/a_share_execution_v1/local_reference/execution_summary.csv,PINNED_REFERENCE,reachable or evidence-sensitive; retained in place
outputs/a_share_execution_v1/local_reference/order_intents.csv,PINNED_REFERENCE,reachable or evidence-sensitive; retained in place
outputs/a_share_execution_v1/local_reference/partial_fills.csv,PINNED_REFERENCE,reachable or evidence-sensitive; retained in place
outputs/a_share_execution_v1/local_reference/rejected_orders.csv,PINNED_REFERENCE,reachable or evidence-sensitive; retained in place
outputs/a_share_execution_v1/local_reference/transaction_costs.csv,PINNED_REFERENCE,reachable or evidence-sensitive; retained in place
outputs/accuracy_correction_v1/current/artifact_supersession.csv,PINNED_REFERENCE,reachable or evidence-sensitive; retained in place
outputs/accuracy_correction_v1/current/contract_status.csv,PINNED_REFERENCE,reachable or evidence-sensitive; retained in place
outputs/accuracy_correction_v1/current/readiness_summary.csv,PINNED_REFERENCE,reachable or evidence-sensitive; retained in place
outputs/accuracy_correction_v1/current/selection_status.csv,PINNED_REFERENCE,reachable or evidence-sensitive; retained in place
outputs/accuracy_correction_v1_1/current/accuracy_correction_v1_1_report.md,PINNED_REFERENCE,reachable or evidence-sensitive; retained in place
outputs/accuracy_correction_v1_1/current/artifact_index.csv,PINNED_REFERENCE,reachable or evidence-sensitive; retained in place
outputs/accuracy_correction_v1_1/current/artifact_manifest.json,PINNED_REFERENCE,reachable or evidence-sensitive; retained in place
outputs/accuracy_correction_v1_1/current/contract_status.csv,PINNED_REFERENCE,reachable or evidence-sensitive; retained in place
outputs/accuracy_correction_v1_1/current/lineage_edges.csv,PINNED_REFERENCE,reachable or evidence-sensitive; retained in place
outputs/accuracy_correction_v1_1/current/lineage_issues.csv,PINNED_REFERENCE,reachable or evidence-sensitive; retained in place
outputs/accuracy_correction_v1_1/current/readiness_summary.csv,PINNED_REFERENCE,reachable or evidence-sensitive; retained in place
outputs/accuracy_correction_v1_1/current/resolved_config.json,PINNED_REFERENCE,reachable or evidence-sensitive; retained in place
outputs/accuracy_correction_v1_1/current/score_business_payload_check.csv,PINNED_REFERENCE,reachable or evidence-sensitive; retained in place
outputs/alpha101_factor_adapter_v1/batch82/alpha101_adapter_manifest.json,PINNED_REFERENCE,reachable or evidence-sensitive; retained in place
outputs/alpha101_factor_adapter_v1/batch82/alpha101_adapter_report.md,PINNED_REFERENCE,reachable or evidence-sensitive; retained in place
outputs/alpha101_factor_adapter_v1/batch82/alpha101_factor_batch_catalog_audit.csv,PINNED_REFERENCE,reachable or evidence-sensitive; retained in place
outputs/alpha101_factor_adapter_v1/batch82/alpha101_factor_batch_catalog_report.md,PINNED_REFERENCE,reachable or evidence-sensitive; retained in place
outputs/alpha101_factor_adapter_v1/batch82/alpha101_factor_batch_promotion_audit.csv,PINNED_REFERENCE,reachable or evidence-sensitive; retained in place
outputs/alpha101_factor_adapter_v1/batch82/alpha101_factor_batch_promotion_report.md,PINNED_REFERENCE,reachable or evidence-sensitive; retained in place
outputs/alpha101_factor_adapter_v1/batch82/alpha101_factor_catalog_adapter_holdout6.yaml,PINNED_REFERENCE,reachable or evidence-sensitive; retained in place
outputs/alpha101_factor_adapter_v1/batch82/alpha101_factor_catalog_batch_candidate71.yaml,PINNED_REFERENCE,reachable or evidence-sensitive; retained in place
outputs/alpha101_factor_adapter_v1/batch82/alpha101_factor_catalog_batch_passed59.yaml,PINNED_REFERENCE,reachable or evidence-sensitive; retained in place
outputs/alpha101_factor_adapter_v1/batch82/alpha101_factor_catalog_combined82.yaml,PINNED_REFERENCE,reachable or evidence-sensitive; retained in place
outputs/alpha101_factor_adapter_v1/batch82/alpha101_factor_catalog_holdout18.yaml,PINNED_REFERENCE,reachable or evidence-sensitive; retained in place
outputs/alpha101_factor_adapter_v1/batch82/alpha101_factor_catalog_promoted64.yaml,PINNED_REFERENCE,reachable or evidence-sensitive; retained in place
outputs/alpha101_factor_adapter_v1/batch82/alpha101_factor_catalog_remaining77.yaml,PINNED_REFERENCE,reachable or evidence-sensitive; retained in place
outputs/alpha101_factor_adapter_v1/batch82/alpha101_factor_catalog_smoke.yaml,PINNED_REFERENCE,reachable or evidence-sensitive; retained in place
outputs/alpha101_factor_adapter_v1/batch82/alpha101_factor_catalog_v4_holdout12.yaml,PINNED_REFERENCE,reachable or evidence-sensitive; retained in place
outputs/alpha101_factor_adapter_v1/batch82/alpha101_factor_frame_sample.csv,PINNED_REFERENCE,reachable or evidence-sensitive; retained in place
outputs/alpha101_factor_adapter_v1/batch82/alpha101_factor_inventory.csv,PINNED_REFERENCE,reachable or evidence-sensitive; retained in place
outputs/alpha101_factor_adapter_v1/batch82/alpha101_selected_smoke_factors.csv,PINNED_REFERENCE,reachable or evidence-sensitive; retained in place
outputs/alpha101_factor_adapter_v1/smoke/alpha101_adapter_manifest.json,PINNED_REFERENCE,reachable or evidence-sensitive; retained in place
outputs/alpha101_factor_adapter_v1/smoke/alpha101_adapter_report.md,PINNED_REFERENCE,reachable or evidence-sensitive; retained in place
outputs/alpha101_factor_adapter_v1/smoke/alpha101_factor_catalog_smoke.yaml,PINNED_REFERENCE,reachable or evidence-sensitive; retained in place
outputs/alpha101_factor_adapter_v1/smoke/alpha101_factor_catalog_smoke_passed.yaml,PINNED_REFERENCE,reachable or evidence-sensitive; retained in place
outputs/alpha101_factor_adapter_v1/smoke/alpha101_factor_frame_sample.csv,PINNED_REFERENCE,reachable or evidence-sensitive; retained in place
outputs/alpha101_factor_adapter_v1/smoke/alpha101_factor_inventory.csv,PINNED_REFERENCE,reachable or evidence-sensitive; retained in place
outputs/alpha101_factor_adapter_v1/smoke/alpha101_factor_smoke_promotion_audit.csv,PINNED_REFERENCE,reachable or evidence-sensitive; retained in place
outputs/alpha101_factor_adapter_v1/smoke/alpha101_factor_smoke_promotion_report.md,PINNED_REFERENCE,reachable or evidence-sensitive; retained in place
outputs/alpha101_factor_adapter_v1/smoke/alpha101_selected_smoke_factors.csv,PINNED_REFERENCE,reachable or evidence-sensitive; retained in place
outputs/alpha158_candidate_portfolio_smoke_v1/main_2021_2023/alpha158_candidate_portfolio_smoke_report.md,PINNED_REFERENCE,reachable or evidence-sensitive; retained in place
outputs/alpha158_candidate_portfolio_smoke_v1/main_2021_2023/candidate_weight_table.csv,PINNED_REFERENCE,reachable or evidence-sensitive; retained in place
outputs/alpha158_candidate_portfolio_smoke_v1/main_2021_2023/daily_returns.csv,PINNED_REFERENCE,reachable or evidence-sensitive; retained in place
outputs/alpha158_candidate_portfolio_smoke_v1/main_2021_2023/positions.csv,PINNED_REFERENCE,reachable or evidence-sensitive; retained in place
outputs/alpha158_candidate_portfolio_smoke_v1/main_2021_2023/rebalance_summary.csv,PINNED_REFERENCE,reachable or evidence-sensitive; retained in place
outputs/alpha158_candidate_portfolio_smoke_v1/main_2021_2023/score_component_summary.csv,PINNED_REFERENCE,reachable or evidence-sensitive; retained in place
outputs/alpha158_candidate_portfolio_smoke_v1/main_2021_2023/summary.csv,PINNED_REFERENCE,reachable or evidence-sensitive; retained in place
outputs/alpha158_candidate_portfolio_smoke_v1/recent_oos_2024_2026/alpha158_candidate_portfolio_smoke_report.md,PINNED_REFERENCE,reachable or evidence-sensitive; retained in place
outputs/alpha158_candidate_portfolio_smoke_v1/recent_oos_2024_2026/candidate_weight_table.csv,PINNED_REFERENCE,reachable or evidence-sensitive; retained in place
outputs/alpha158_candidate_portfolio_smoke_v1/recent_oos_2024_2026/daily_returns.csv,PINNED_REFERENCE,reachable or evidence-sensitive; retained in place
outputs/alpha158_candidate_portfolio_smoke_v1/recent_oos_2024_2026/positions.csv,PINNED_REFERENCE,reachable or evidence-sensitive; retained in place
outputs/alpha158_candidate_portfolio_smoke_v1/recent_oos_2024_2026/rebalance_summary.csv,PINNED_REFERENCE,reachable or evidence-sensitive; retained in place
outputs/alpha158_candidate_portfolio_smoke_v1/recent_oos_2024_2026/score_component_summary.csv,PINNED_REFERENCE,reachable or evidence-sensitive; retained in place
outputs/alpha158_candidate_portfolio_smoke_v1/recent_oos_2024_2026/summary.csv,PINNED_REFERENCE,reachable or evidence-sensitive; retained in place
outputs/alpha158_expression_frame_v1/candidates_recent_oos_2024_2026/candidate_expression_validation_coverage.csv,PINNED_REFERENCE,reachable or evidence-sensitive; retained in place
outputs/alpha158_expression_frame_v1/candidates_recent_oos_2024_2026/candidate_expression_validation_report.md,PINNED_REFERENCE,reachable or evidence-sensitive; retained in place
outputs/alpha158_expression_frame_v1/candidates_recent_oos_2024_2026/candidate_expression_validation_status.csv,PINNED_REFERENCE,reachable or evidence-sensitive; retained in place
outputs/alpha158_expression_frame_v1/candidates_recent_oos_2024_2026/expression_frame_manifest.json,PINNED_REFERENCE,reachable or evidence-sensitive; retained in place
outputs/alpha158_expression_frame_v1/candidates_recent_oos_2024_2026/expression_frame_report.md,PINNED_REFERENCE,reachable or evidence-sensitive; retained in place
outputs/alpha158_expression_frame_v1/candidates_recent_oos_2024_2026/expression_frame_sample.csv,PINNED_REFERENCE,reachable or evidence-sensitive; retained in place
outputs/alpha158_expression_frame_v1/candidates_recent_oos_2024_2026/expression_frame_summary.csv,PINNED_REFERENCE,reachable or evidence-sensitive; retained in place
outputs/alpha158_expression_frame_v1/candidates_recent_oos_2024_2026/expression_table.csv,PINNED_REFERENCE,reachable or evidence-sensitive; retained in place
outputs/alpha158_expression_frame_v1/first20_main_research/expression_frame_manifest.json,PINNED_REFERENCE,reachable or evidence-sensitive; retained in place
outputs/alpha158_expression_frame_v1/first20_main_research/expression_frame_report.md,PINNED_REFERENCE,reachable or evidence-sensitive; retained in place
outputs/alpha158_expression_frame_v1/first20_main_research/expression_frame_sample.csv,PINNED_REFERENCE,reachable or evidence-sensitive; retained in place
outputs/alpha158_expression_frame_v1/first20_main_research/expression_frame_summary.csv,PINNED_REFERENCE,reachable or evidence-sensitive; retained in place
outputs/alpha158_expression_frame_v1/first20_main_research/expression_table.csv,PINNED_REFERENCE,reachable or evidence-sensitive; retained in place
outputs/alpha158_expression_frame_v1/first20_main_research/validation_factor_coverage.csv,PINNED_REFERENCE,reachable or evidence-sensitive; retained in place
outputs/alpha158_expression_frame_v1/first20_main_research/validation_manual_formula.csv,PINNED_REFERENCE,reachable or evidence-sensitive; retained in place
outputs/alpha158_expression_frame_v1/first20_main_research/validation_missing_window.csv,PINNED_REFERENCE,reachable or evidence-sensitive; retained in place
outputs/alpha158_expression_frame_v1/first20_main_research/validation_report.md,PINNED_REFERENCE,reachable or evidence-sensitive; retained in place
outputs/alpha158_expression_frame_v1/first20_main_research/validation_status.csv,PINNED_REFERENCE,reachable or evidence-sensitive; retained in place
outputs/alpha158_expression_frame_v1/full158_main_research/expression_frame_manifest.json,PINNED_REFERENCE,reachable or evidence-sensitive; retained in place
outputs/alpha158_expression_frame_v1/full158_main_research/expression_frame_report.md,PINNED_REFERENCE,reachable or evidence-sensitive; retained in place
outputs/alpha158_expression_frame_v1/full158_main_research/expression_frame_sample.csv,PINNED_REFERENCE,reachable or evidence-sensitive; retained in place
outputs/alpha158_expression_frame_v1/full158_main_research/expression_frame_summary.csv,PINNED_REFERENCE,reachable or evidence-sensitive; retained in place
outputs/alpha158_expression_frame_v1/full158_main_research/expression_table.csv,PINNED_REFERENCE,reachable or evidence-sensitive; retained in place
outputs/alpha158_expression_frame_v1/full158_main_research/validation_factor_coverage.csv,PINNED_REFERENCE,reachable or evidence-sensitive; retained in place
outputs/alpha158_expression_frame_v1/full158_main_research/validation_manual_formula.csv,PINNED_REFERENCE,reachable or evidence-sensitive; retained in place
outputs/alpha158_expression_frame_v1/full158_main_research/validation_missing_window.csv,PINNED_REFERENCE,reachable or evidence-sensitive; retained in place
outputs/alpha158_expression_frame_v1/full158_main_research/validation_report.md,PINNED_REFERENCE,reachable or evidence-sensitive; retained in place
outputs/alpha158_expression_frame_v1/full158_main_research/validation_status.csv,PINNED_REFERENCE,reachable or evidence-sensitive; retained in place
outputs/alpha158_portfolio_diagnostics_v1/main_2021_2023/alpha158_portfolio_diagnostics_report.md,PINNED_REFERENCE,reachable or evidence-sensitive; retained in place
outputs/alpha158_portfolio_diagnostics_v1/main_2021_2023/base_summary.csv,PINNED_REFERENCE,reachable or evidence-sensitive; retained in place
outputs/alpha158_portfolio_diagnostics_v1/main_2021_2023/cost_sensitivity.csv,PINNED_REFERENCE,reachable or evidence-sensitive; retained in place
outputs/alpha158_portfolio_diagnostics_v1/main_2021_2023/liquidity_bucket_exposure.csv,PINNED_REFERENCE,reachable or evidence-sensitive; retained in place
outputs/alpha158_portfolio_diagnostics_v1/main_2021_2023/single_factor_summary.csv,PINNED_REFERENCE,reachable or evidence-sensitive; retained in place
outputs/alpha158_portfolio_diagnostics_v1/main_2021_2023/topk_sensitivity.csv,PINNED_REFERENCE,reachable or evidence-sensitive; retained in place
outputs/alpha158_portfolio_diagnostics_v1/recent_oos_2024_2026/alpha158_portfolio_diagnostics_report.md,PINNED_REFERENCE,reachable or evidence-sensitive; retained in place
outputs/alpha158_portfolio_diagnostics_v1/recent_oos_2024_2026/base_summary.csv,PINNED_REFERENCE,reachable or evidence-sensitive; retained in place
outputs/alpha158_portfolio_diagnostics_v1/recent_oos_2024_2026/cost_sensitivity.csv,PINNED_REFERENCE,reachable or evidence-sensitive; retained in place
outputs/alpha158_portfolio_diagnostics_v1/recent_oos_2024_2026/liquidity_bucket_exposure.csv,PINNED_REFERENCE,reachable or evidence-sensitive; retained in place
outputs/alpha158_portfolio_diagnostics_v1/recent_oos_2024_2026/single_factor_summary.csv,PINNED_REFERENCE,reachable or evidence-sensitive; retained in place
outputs/alpha158_portfolio_diagnostics_v1/recent_oos_2024_2026/topk_sensitivity.csv,PINNED_REFERENCE,reachable or evidence-sensitive; retained in place
outputs/alpha158_stability_diagnostics_v1/main_vs_recent_oos/alpha158_stability_diagnostics_report.md,PINNED_REFERENCE,reachable or evidence-sensitive; retained in place
outputs/alpha158_stability_diagnostics_v1/main_vs_recent_oos/cost_sensitivity_delta.csv,PINNED_REFERENCE,reachable or evidence-sensitive; retained in place
outputs/alpha158_stability_diagnostics_v1/main_vs_recent_oos/liquidity_bucket_exposure_delta.csv,PINNED_REFERENCE,reachable or evidence-sensitive; retained in place
outputs/alpha158_stability_diagnostics_v1/main_vs_recent_oos/single_factor_stability.csv,PINNED_REFERENCE,reachable or evidence-sensitive; retained in place
outputs/alpha158_stability_diagnostics_v1/main_vs_recent_oos/topk_sensitivity_delta.csv,PINNED_REFERENCE,reachable or evidence-sensitive; retained in place
outputs/alpha360_expression_frame_v1/batch358/expression_frame_manifest.json,PINNED_REFERENCE,reachable or evidence-sensitive; retained in place
outputs/alpha360_expression_frame_v1/batch358/expression_frame_report.md,PINNED_REFERENCE,reachable or evidence-sensitive; retained in place
outputs/alpha360_expression_frame_v1/batch358/expression_frame_sample.csv,PINNED_REFERENCE,reachable or evidence-sensitive; retained in place
outputs/alpha360_expression_frame_v1/batch358/expression_frame_summary.csv,PINNED_REFERENCE,reachable or evidence-sensitive; retained in place
outputs/alpha360_expression_frame_v1/batch358/expression_table.csv,PINNED_REFERENCE,reachable or evidence-sensitive; retained in place
outputs/alpha360_expression_frame_v1/smoke/expression_frame_manifest.json,PINNED_REFERENCE,reachable or evidence-sensitive; retained in place
outputs/alpha360_expression_frame_v1/smoke/expression_frame_report.md,PINNED_REFERENCE,reachable or evidence-sensitive; retained in place
outputs/alpha360_expression_frame_v1/smoke/expression_frame_sample.csv,PINNED_REFERENCE,reachable or evidence-sensitive; retained in place
outputs/alpha360_expression_frame_v1/smoke/expression_frame_summary.csv,PINNED_REFERENCE,reachable or evidence-sensitive; retained in place
outputs/alpha360_expression_frame_v1/smoke/expression_table.csv,PINNED_REFERENCE,reachable or evidence-sensitive; retained in place
outputs/alpha360_expression_frame_v1/strict_oos_recent_2024_2026/expression_frame_manifest.json,PINNED_REFERENCE,reachable or evidence-sensitive; retained in place
outputs/alpha360_expression_frame_v1/strict_oos_recent_2024_2026/expression_frame_report.md,PINNED_REFERENCE,reachable or evidence-sensitive; retained in place
outputs/alpha360_expression_frame_v1/strict_oos_recent_2024_2026/expression_frame_sample.csv,PINNED_REFERENCE,reachable or evidence-sensitive; retained in place
outputs/alpha360_expression_frame_v1/strict_oos_recent_2024_2026/expression_frame_summary.csv,PINNED_REFERENCE,reachable or evidence-sensitive; retained in place
outputs/alpha360_expression_frame_v1/strict_oos_recent_2024_2026/expression_table.csv,PINNED_REFERENCE,reachable or evidence-sensitive; retained in place
outputs/alpha360_strict_oos_extension_v1/current/alpha360_strict_oos_extension_report.md,PINNED_REFERENCE,reachable or evidence-sensitive; retained in place
outputs/alpha360_strict_oos_extension_v1/current/strict_oos_batch_manifest.csv,PINNED_REFERENCE,reachable or evidence-sensitive; retained in place
outputs/alpha360_strict_oos_extension_v1/current/strict_oos_batch_output_summary.csv,PINNED_REFERENCE,reachable or evidence-sensitive; retained in place
outputs/alpha360_strict_oos_extension_v1/current/strict_oos_contract_status.csv,PINNED_REFERENCE,reachable or evidence-sensitive; retained in place
outputs/alpha360_strict_oos_extension_v1/current/strict_oos_evaluator_status.csv,PINNED_REFERENCE,reachable or evidence-sensitive; retained in place
outputs/alpha360_strict_oos_extension_v1/current/strict_oos_expression_summary.csv,PINNED_REFERENCE,reachable or evidence-sensitive; retained in place
outputs/alpha360_strict_oos_extension_v1/current/strict_oos_failure_reasons.csv,PINNED_REFERENCE,reachable or evidence-sensitive; retained in place
outputs/alpha360_strict_oos_extension_v1/current/strict_oos_metric_summary.csv,PINNED_REFERENCE,reachable or evidence-sensitive; retained in place
outputs/alpha360_strict_oos_stability_v1/current/alpha360_strict_oos_stability_report.md,PINNED_REFERENCE,reachable or evidence-sensitive; retained in place
outputs/alpha360_strict_oos_stability_v1/current/strict_oos_stability_contract_status.csv,PINNED_REFERENCE,reachable or evidence-sensitive; retained in place
outputs/alpha360_strict_oos_stability_v1/current/strict_oos_stability_metrics.csv,PINNED_REFERENCE,reachable or evidence-sensitive; retained in place
outputs/alpha360_strict_oos_stability_v1/current/strict_oos_stability_summary.csv,PINNED_REFERENCE,reachable or evidence-sensitive; retained in place
outputs/bootstrap_gap_sensitivity_v1/canary/artifact_manifest.json,PINNED_REFERENCE,reachable or evidence-sensitive; retained in place
outputs/bootstrap_gap_sensitivity_v1/canary/bootstrap_gap_report.md,PINNED_REFERENCE,reachable or evidence-sensitive; retained in place
outputs/bootstrap_gap_sensitivity_v1/canary/contract_status.csv,PINNED_REFERENCE,reachable or evidence-sensitive; retained in place
outputs/bootstrap_gap_sensitivity_v1/canary/factor_method_comparison.csv,PINNED_REFERENCE,reachable or evidence-sensitive; retained in place
outputs/bootstrap_gap_sensitivity_v1/canary/fdr_method_comparison.csv,PINNED_REFERENCE,reachable or evidence-sensitive; retained in place
outputs/bootstrap_gap_sensitivity_v1/canary/frozen_bootstrap_policy.json,PINNED_REFERENCE,reachable or evidence-sensitive; retained in place
outputs/bootstrap_gap_sensitivity_v1/canary/gap_injection_results.csv,PINNED_REFERENCE,reachable or evidence-sensitive; retained in place
outputs/bootstrap_gap_sensitivity_v1/canary/resolved_config.json,PINNED_REFERENCE,reachable or evidence-sensitive; retained in place
outputs/bootstrap_gap_sensitivity_v1/canary/sensitivity_summary.csv,PINNED_REFERENCE,reachable or evidence-sensitive; retained in place
outputs/bootstrap_gap_sensitivity_v1/current/artifact_manifest.json,PINNED_REFERENCE,reachable or evidence-sensitive; retained in place
outputs/bootstrap_gap_sensitivity_v1/current/bootstrap_gap_report.md,PINNED_REFERENCE,reachable or evidence-sensitive; retained in place
outputs/bootstrap_gap_sensitivity_v1/current/contract_status.csv,PINNED_REFERENCE,reachable or evidence-sensitive; retained in place
outputs/bootstrap_gap_sensitivity_v1/current/factor_method_comparison.csv,PINNED_REFERENCE,reachable or evidence-sensitive; retained in place
outputs/bootstrap_gap_sensitivity_v1/current/fdr_method_comparison.csv,PINNED_REFERENCE,reachable or evidence-sensitive; retained in place
outputs/bootstrap_gap_sensitivity_v1/current/frozen_bootstrap_policy.json,PINNED_REFERENCE,reachable or evidence-sensitive; retained in place
outputs/bootstrap_gap_sensitivity_v1/current/gap_injection_results.csv,PINNED_REFERENCE,reachable or evidence-sensitive; retained in place
outputs/bootstrap_gap_sensitivity_v1/current/resolved_config.json,PINNED_REFERENCE,reachable or evidence-sensitive; retained in place
outputs/bootstrap_gap_sensitivity_v1/current/sensitivity_summary.csv,PINNED_REFERENCE,reachable or evidence-sensitive; retained in place
outputs/bugfix_research_freeze_v1/current/artifact_manifest.json,PINNED_REFERENCE,reachable or evidence-sensitive; retained in place
outputs/bugfix_research_freeze_v1/current/bugfix_freeze_index.csv,PINNED_REFERENCE,reachable or evidence-sensitive; retained in place
outputs/bugfix_research_freeze_v1/current/bugfix_freeze_report.md,PINNED_REFERENCE,reachable or evidence-sensitive; retained in place
outputs/bugfix_research_freeze_v1/current/contract_status.csv,PINNED_REFERENCE,reachable or evidence-sensitive; retained in place
outputs/bugfix_research_freeze_v1/current/resolved_config.json,PINNED_REFERENCE,reachable or evidence-sensitive; retained in place
outputs/bugfix_research_freeze_v1/current/split_001/freeze_manifest.json,PINNED_REFERENCE,reachable or evidence-sensitive; retained in place
outputs/bugfix_research_freeze_v1/current/split_002/freeze_manifest.json,PINNED_REFERENCE,reachable or evidence-sensitive; retained in place
outputs/bugfix_research_freeze_v1/current/split_003/freeze_manifest.json,PINNED_REFERENCE,reachable or evidence-sensitive; retained in place
outputs/bugfix_research_freeze_v1_2/current/artifact_manifest.json,PINNED_REFERENCE,reachable or evidence-sensitive; retained in place
outputs/bugfix_research_freeze_v1_2/current/bugfix_freeze_index.csv,PINNED_REFERENCE,reachable or evidence-sensitive; retained in place
outputs/bugfix_research_freeze_v1_2/current/bugfix_freeze_report.md,PINNED_REFERENCE,reachable or evidence-sensitive; retained in place
outputs/bugfix_research_freeze_v1_2/current/contract_status.csv,PINNED_REFERENCE,reachable or evidence-sensitive; retained in place
outputs/bugfix_research_freeze_v1_2/current/resolved_config.json,PINNED_REFERENCE,reachable or evidence-sensitive; retained in place
outputs/bugfix_research_freeze_v1_2/current/split_001/freeze_manifest.json,PINNED_REFERENCE,reachable or evidence-sensitive; retained in place
outputs/bugfix_research_freeze_v1_2/current/split_002/freeze_manifest.json,PINNED_REFERENCE,reachable or evidence-sensitive; retained in place
outputs/bugfix_research_freeze_v1_2/current/split_003/freeze_manifest.json,PINNED_REFERENCE,reachable or evidence-sensitive; retained in place
outputs/bulk_run_review_v1/matrix-v3-cache-verify-20260721/artifact_manifest.json,PINNED_REFERENCE,reachable or evidence-sensitive; retained in place
outputs/bulk_run_review_v1/matrix-v3-cache-verify-20260721/bulk_run_review.md,PINNED_REFERENCE,reachable or evidence-sensitive; retained in place
outputs/bulk_run_review_v1/matrix-v3-cache-verify-20260721/canary_contract_status.csv,PINNED_REFERENCE,reachable or evidence-sensitive; retained in place
outputs/bulk_run_review_v1/matrix-v3-cache-verify-20260721/canary_summary.csv,PINNED_REFERENCE,reachable or evidence-sensitive; retained in place
outputs/bulk_run_review_v1/matrix-v3-cache-verify-20260721/exact_command.txt,PINNED_REFERENCE,reachable or evidence-sensitive; retained in place
outputs/bulk_run_review_v1/matrix-v3-cache-verify-20260721/factor_and_family_inventory.csv,PINNED_REFERENCE,reachable or evidence-sensitive; retained in place
outputs/bulk_run_review_v1/matrix-v3-cache-verify-20260721/input_inventory.csv,PINNED_REFERENCE,reachable or evidence-sensitive; retained in place
outputs/bulk_run_review_v1/matrix-v3-cache-verify-20260721/resolved_config.json,PINNED_REFERENCE,reachable or evidence-sensitive; retained in place
outputs/bulk_run_review_v1/matrix-v3-cache-verify-20260721/resource_estimate.json,PINNED_REFERENCE,reachable or evidence-sensitive; retained in place
outputs/bulk_run_review_v1/matrix-v3-cache-verify-20260721/split_and_date_inventory.csv,PINNED_REFERENCE,reachable or evidence-sensitive; retained in place
outputs/bulk_run_review_v1/matrix-v3-cache-verify-20260721/user_approval.json,PINNED_REFERENCE,reachable or evidence-sensitive; retained in place
outputs/bulk_run_review_v1/matrix-v3-full-20260721/artifact_manifest.json,PINNED_REFERENCE,reachable or evidence-sensitive; retained in place
outputs/bulk_run_review_v1/matrix-v3-full-20260721/bulk_run_review.md,PINNED_REFERENCE,reachable or evidence-sensitive; retained in place
outputs/bulk_run_review_v1/matrix-v3-full-20260721/canary_contract_status.csv,PINNED_REFERENCE,reachable or evidence-sensitive; retained in place
outputs/bulk_run_review_v1/matrix-v3-full-20260721/canary_summary.csv,PINNED_REFERENCE,reachable or evidence-sensitive; retained in place
outputs/bulk_run_review_v1/matrix-v3-full-20260721/exact_command.txt,PINNED_REFERENCE,reachable or evidence-sensitive; retained in place
outputs/bulk_run_review_v1/matrix-v3-full-20260721/factor_and_family_inventory.csv,PINNED_REFERENCE,reachable or evidence-sensitive; retained in place
outputs/bulk_run_review_v1/matrix-v3-full-20260721/input_inventory.csv,PINNED_REFERENCE,reachable or evidence-sensitive; retained in place
outputs/bulk_run_review_v1/matrix-v3-full-20260721/resolved_config.json,PINNED_REFERENCE,reachable or evidence-sensitive; retained in place
outputs/bulk_run_review_v1/matrix-v3-full-20260721/resource_estimate.json,PINNED_REFERENCE,reachable or evidence-sensitive; retained in place
outputs/bulk_run_review_v1/matrix-v3-full-20260721/split_and_date_inventory.csv,PINNED_REFERENCE,reachable or evidence-sensitive; retained in place
outputs/bulk_run_review_v1/matrix-v3-full-20260721/user_approval.json,PINNED_REFERENCE,reachable or evidence-sensitive; retained in place
outputs/bulk_run_review_v1/matrix-v4-authoritative-republish-20260723/artifact_manifest.json,PINNED_REFERENCE,reachable or evidence-sensitive; retained in place
outputs/bulk_run_review_v1/matrix-v4-authoritative-republish-20260723/bulk_run_review.md,PINNED_REFERENCE,reachable or evidence-sensitive; retained in place
outputs/bulk_run_review_v1/matrix-v4-authoritative-republish-20260723/exact_command.txt,PINNED_REFERENCE,reachable or evidence-sensitive; retained in place
outputs/bulk_run_review_v1/matrix-v4-authoritative-republish-20260723/input_inventory.csv,PINNED_REFERENCE,reachable or evidence-sensitive; retained in place
outputs/bulk_run_review_v1/matrix-v4-authoritative-republish-20260723/preflight_contract_status.csv,PINNED_REFERENCE,reachable or evidence-sensitive; retained in place
outputs/bulk_run_review_v1/matrix-v4-authoritative-republish-20260723/resolved_config.json,PINNED_REFERENCE,reachable or evidence-sensitive; retained in place
outputs/bulk_run_review_v1/matrix-v4-authoritative-republish-20260723/resource_estimate.json,PINNED_REFERENCE,reachable or evidence-sensitive; retained in place
outputs/bulk_run_review_v1/matrix-v4-authoritative-republish-20260723/user_approval.json,PINNED_REFERENCE,reachable or evidence-sensitive; retained in place
outputs/clustering_input_projection_v1/canary/artifact_manifest.json,PINNED_REFERENCE,reachable or evidence-sensitive; retained in place
outputs/clustering_input_projection_v1/canary/clustering_input_projection_report.md,PINNED_REFERENCE,reachable or evidence-sensitive; retained in place
outputs/clustering_input_projection_v1/canary/contract_status.csv,PINNED_REFERENCE,reachable or evidence-sensitive; retained in place
outputs/clustering_input_projection_v1/canary/input_receipts.csv,PINNED_REFERENCE,reachable or evidence-sensitive; retained in place
outputs/clustering_input_projection_v1/canary/projection_inventory.csv,PINNED_REFERENCE,reachable or evidence-sensitive; retained in place
outputs/clustering_input_projection_v1/canary/resolved_config.json,PINNED_REFERENCE,reachable or evidence-sensitive; retained in place
outputs/clustering_input_projection_v1/canary/selection_date_audit.csv,PINNED_REFERENCE,reachable or evidence-sensitive; retained in place
outputs/clustering_input_projection_v1/full_research_669/artifact_manifest.json,PINNED_REFERENCE,reachable or evidence-sensitive; retained in place
outputs/clustering_input_projection_v1/full_research_669/clustering_input_projection_report.md,PINNED_REFERENCE,reachable or evidence-sensitive; retained in place
outputs/clustering_input_projection_v1/full_research_669/contract_status.csv,PINNED_REFERENCE,reachable or evidence-sensitive; retained in place
outputs/clustering_input_projection_v1/full_research_669/input_receipts.csv,PINNED_REFERENCE,reachable or evidence-sensitive; retained in place
outputs/clustering_input_projection_v1/full_research_669/projection_inventory.csv,PINNED_REFERENCE,reachable or evidence-sensitive; retained in place
outputs/clustering_input_projection_v1/full_research_669/resolved_config.json,PINNED_REFERENCE,reachable or evidence-sensitive; retained in place
outputs/clustering_input_projection_v1/full_research_669/selection_date_audit.csv,PINNED_REFERENCE,reachable or evidence-sensitive; retained in place
outputs/clustering_input_projection_v2/canary/artifact_manifest.json,PINNED_REFERENCE,reachable or evidence-sensitive; retained in place
outputs/clustering_input_projection_v2/canary/clustering_input_projection_report.md,PINNED_REFERENCE,reachable or evidence-sensitive; retained in place
outputs/clustering_input_projection_v2/canary/contract_status.csv,PINNED_REFERENCE,reachable or evidence-sensitive; retained in place
outputs/clustering_input_projection_v2/canary/input_receipts.csv,PINNED_REFERENCE,reachable or evidence-sensitive; retained in place
outputs/clustering_input_projection_v2/canary/projection_inventory.csv,PINNED_REFERENCE,reachable or evidence-sensitive; retained in place
outputs/clustering_input_projection_v2/canary/resolved_config.json,PINNED_REFERENCE,reachable or evidence-sensitive; retained in place
outputs/clustering_input_projection_v2/canary/selection_date_audit.csv,PINNED_REFERENCE,reachable or evidence-sensitive; retained in place
outputs/clustering_input_projection_v2/current/artifact_manifest.json,PINNED_REFERENCE,reachable or evidence-sensitive; retained in place
outputs/clustering_input_projection_v2/current/clustering_input_projection_report.md,PINNED_REFERENCE,reachable or evidence-sensitive; retained in place
outputs/clustering_input_projection_v2/current/contract_status.csv,PINNED_REFERENCE,reachable or evidence-sensitive; retained in place
outputs/clustering_input_projection_v2/current/input_receipts.csv,PINNED_REFERENCE,reachable or evidence-sensitive; retained in place
outputs/clustering_input_projection_v2/current/projection_inventory.csv,PINNED_REFERENCE,reachable or evidence-sensitive; retained in place
outputs/clustering_input_projection_v2/current/resolved_config.json,PINNED_REFERENCE,reachable or evidence-sensitive; retained in place
outputs/clustering_input_projection_v2/current/selection_date_audit.csv,PINNED_REFERENCE,reachable or evidence-sensitive; retained in place
outputs/data_inventory/provider_v3_6/data_capability_inventory.csv,PINNED_REFERENCE,reachable or evidence-sensitive; retained in place
outputs/data_inventory/provider_v3_6/instrument_list_inventory.csv,PINNED_REFERENCE,reachable or evidence-sensitive; retained in place
outputs/data_inventory/provider_v3_6/inventory_run.json,PINNED_REFERENCE,reachable or evidence-sensitive; retained in place
outputs/data_inventory/provider_v3_6/provider_field_inventory.csv,PINNED_REFERENCE,reachable or evidence-sensitive; retained in place
outputs/data_inventory/provider_v3_6/provider_field_inventory_report.md,PINNED_REFERENCE,reachable or evidence-sensitive; retained in place
outputs/data_inventory/provider_v3_6/provider_sample_coverage.csv,PINNED_REFERENCE,reachable or evidence-sensitive; retained in place
outputs/data_source_audit_v2/current/adjustment_event_audit.csv,PINNED_REFERENCE,reachable or evidence-sensitive; retained in place
outputs/data_source_audit_v2/current/artifact_manifest.json,PINNED_REFERENCE,reachable or evidence-sensitive; retained in place
outputs/data_source_audit_v2/current/community_semantics_audit.csv,PINNED_REFERENCE,reachable or evidence-sensitive; retained in place
outputs/data_source_audit_v2/current/comparison_summary.csv,PINNED_REFERENCE,reachable or evidence-sensitive; retained in place
outputs/data_source_audit_v2/current/comparisons/row_differences.parquet,PINNED_REFERENCE,reachable or evidence-sensitive; retained in place
outputs/data_source_audit_v2/current/comparisons/tradability_differences.parquet,PINNED_REFERENCE,reachable or evidence-sensitive; retained in place
outputs/data_source_audit_v2/current/contract_status.csv,PINNED_REFERENCE,reachable or evidence-sensitive; retained in place
outputs/data_source_audit_v2/current/data_source_audit_report.md,PINNED_REFERENCE,reachable or evidence-sensitive; retained in place
outputs/data_source_audit_v2/current/immutable_artifact_check.csv,PINNED_REFERENCE,reachable or evidence-sensitive; retained in place
outputs/data_source_audit_v2/current/missing_span_summary.csv,PINNED_REFERENCE,reachable or evidence-sensitive; retained in place
outputs/data_source_audit_v2/current/normalized/akshare_daily.parquet,PINNED_REFERENCE,reachable or evidence-sensitive; retained in place
outputs/data_source_audit_v2/current/normalized/baostock_daily.parquet,PINNED_REFERENCE,reachable or evidence-sensitive; retained in place
outputs/data_source_audit_v2/current/normalized/community_daily.parquet,PINNED_REFERENCE,reachable or evidence-sensitive; retained in place
outputs/data_source_audit_v2/current/raw/akshare_daily.parquet,PINNED_REFERENCE,reachable or evidence-sensitive; retained in place
outputs/data_source_audit_v2/current/raw/baostock_daily.parquet,PINNED_REFERENCE,reachable or evidence-sensitive; retained in place
outputs/data_source_audit_v2/current/raw/community_daily.parquet,PINNED_REFERENCE,reachable or evidence-sensitive; retained in place
outputs/data_source_audit_v2/current/raw_snapshot_manifest.csv,PINNED_REFERENCE,reachable or evidence-sensitive; retained in place
outputs/data_source_audit_v2/current/readiness_summary.csv,PINNED_REFERENCE,reachable or evidence-sensitive; retained in place
outputs/data_source_audit_v2/current/resolved_config.json,PINNED_REFERENCE,reachable or evidence-sensitive; retained in place
outputs/data_source_audit_v2/current/sample_manifest.csv,PINNED_REFERENCE,reachable or evidence-sensitive; retained in place
outputs/data_source_audit_v2/current/source_query_receipts.csv,PINNED_REFERENCE,reachable or evidence-sensitive; retained in place
outputs/data_source_audit_v2/current/st_boundary_audit.csv,PINNED_REFERENCE,reachable or evidence-sensitive; retained in place
outputs/data_source_audit_v2/current/tradability_summary.csv,PINNED_REFERENCE,reachable or evidence-sensitive; retained in place
outputs/data_source_audit_v2/sample_freeze/artifact_manifest.json,PINNED_REFERENCE,reachable or evidence-sensitive; retained in place
outputs/data_source_audit_v2/sample_freeze/contract_status.csv,PINNED_REFERENCE,reachable or evidence-sensitive; retained in place
outputs/data_source_audit_v2/sample_freeze/resolved_config.json,PINNED_REFERENCE,reachable or evidence-sensitive; retained in place
outputs/data_source_audit_v2/sample_freeze/sample_freeze_report.md,PINNED_REFERENCE,reachable or evidence-sensitive; retained in place
outputs/data_source_audit_v2/sample_freeze/sample_manifest.csv,PINNED_REFERENCE,reachable or evidence-sensitive; retained in place
outputs/data_source_audit_v2/sample_freeze/sample_summary.csv,PINNED_REFERENCE,reachable or evidence-sensitive; retained in place
outputs/date_split_semantics_v1/current/artifact_manifest.json,PINNED_REFERENCE,reachable or evidence-sensitive; retained in place
outputs/date_split_semantics_v1/current/contract_status.csv,PINNED_REFERENCE,reachable or evidence-sensitive; retained in place
outputs/date_split_semantics_v1/current/date_assignments.csv,PINNED_REFERENCE,reachable or evidence-sensitive; retained in place
outputs/date_split_semantics_v1/current/legacy_evidence_inventory.csv,PINNED_REFERENCE,reachable or evidence-sensitive; retained in place
outputs/date_split_semantics_v1/current/resolved_config.json,PINNED_REFERENCE,reachable or evidence-sensitive; retained in place
outputs/date_split_semantics_v1/current/split_date_ranges.csv,PINNED_REFERENCE,reachable or evidence-sensitive; retained in place
outputs/date_split_semantics_v1/current/split_manifest.csv,PINNED_REFERENCE,reachable or evidence-sensitive; retained in place
outputs/development_robustness_split_v1/full_research_669/artifact_manifest.json,PINNED_REFERENCE,reachable or evidence-sensitive; retained in place
outputs/development_robustness_split_v1/full_research_669/contract_status.csv,PINNED_REFERENCE,reachable or evidence-sensitive; retained in place
outputs/development_robustness_split_v1/full_research_669/development_date_assignments.csv,PINNED_REFERENCE,reachable or evidence-sensitive; retained in place
outputs/development_robustness_split_v1/full_research_669/development_robustness_split_report.md,PINNED_REFERENCE,reachable or evidence-sensitive; retained in place
outputs/development_robustness_split_v1/full_research_669/embargoed_dates.csv,PINNED_REFERENCE,reachable or evidence-sensitive; retained in place
outputs/development_robustness_split_v1/full_research_669/inner_split_manifest.csv,PINNED_REFERENCE,reachable or evidence-sensitive; retained in place
outputs/development_robustness_split_v1/full_research_669/leakage_audit.csv,PINNED_REFERENCE,reachable or evidence-sensitive; retained in place
outputs/development_robustness_split_v1/full_research_669/outer_development_allowed_dates.csv,PINNED_REFERENCE,reachable or evidence-sensitive; retained in place
outputs/development_robustness_split_v1/full_research_669/outer_split_manifest.csv,PINNED_REFERENCE,reachable or evidence-sensitive; retained in place
outputs/development_robustness_split_v1/full_research_669/purged_dates.csv,PINNED_REFERENCE,reachable or evidence-sensitive; retained in place
outputs/development_robustness_split_v1/full_research_669/resolved_config.json,PINNED_REFERENCE,reachable or evidence-sensitive; retained in place
outputs/execution_accuracy_correction_v1/current/artifact_manifest.json,PINNED_REFERENCE,reachable or evidence-sensitive; retained in place
outputs/execution_accuracy_correction_v1/current/canary/artifact_manifest.json,PINNED_REFERENCE,reachable or evidence-sensitive; retained in place
outputs/execution_accuracy_correction_v1/current/canary/contract_status.csv,PINNED_REFERENCE,reachable or evidence-sensitive; retained in place
outputs/execution_accuracy_correction_v1/current/canary/execution_accuracy_report.md,PINNED_REFERENCE,reachable or evidence-sensitive; retained in place
outputs/execution_accuracy_correction_v1/current/canary/execution_artifacts.csv,PINNED_REFERENCE,reachable or evidence-sensitive; retained in place
outputs/execution_accuracy_correction_v1/current/canary/execution_summary.csv,PINNED_REFERENCE,reachable or evidence-sensitive; retained in place
outputs/execution_accuracy_correction_v1/current/canary/execution_summary_comparison.csv,PINNED_REFERENCE,reachable or evidence-sensitive; retained in place
outputs/execution_accuracy_correction_v1/current/canary/fee_schedule_usage.csv,PINNED_REFERENCE,reachable or evidence-sensitive; retained in place
outputs/execution_accuracy_correction_v1/current/canary/old_vs_new_attribution.csv,PINNED_REFERENCE,reachable or evidence-sensitive; retained in place
outputs/execution_accuracy_correction_v1/current/canary/resolved_config.json,PINNED_REFERENCE,reachable or evidence-sensitive; retained in place
outputs/execution_accuracy_correction_v1/current/canary/runtime/daily_accounting.parquet,PINNED_REFERENCE,reachable or evidence-sensitive; retained in place
outputs/execution_accuracy_correction_v1/current/canary/runtime/execution_summary.parquet,PINNED_REFERENCE,reachable or evidence-sensitive; retained in place
outputs/execution_accuracy_correction_v1/current/canary/runtime/fills.parquet,PINNED_REFERENCE,reachable or evidence-sensitive; retained in place
outputs/execution_accuracy_correction_v1/current/canary/runtime/orders.parquet,PINNED_REFERENCE,reachable or evidence-sensitive; retained in place
outputs/execution_accuracy_correction_v1/current/canary/runtime/partial_fills.parquet,PINNED_REFERENCE,reachable or evidence-sensitive; retained in place
outputs/execution_accuracy_correction_v1/current/canary/runtime/positions.parquet,PINNED_REFERENCE,reachable or evidence-sensitive; retained in place
outputs/execution_accuracy_correction_v1/current/canary/runtime/rejected_orders.parquet,PINNED_REFERENCE,reachable or evidence-sensitive; retained in place
outputs/execution_accuracy_correction_v1/current/canary/runtime/transaction_costs.parquet,PINNED_REFERENCE,reachable or evidence-sensitive; retained in place
outputs/execution_accuracy_correction_v1/current/contract_status.csv,PINNED_REFERENCE,reachable or evidence-sensitive; retained in place
outputs/execution_accuracy_correction_v1/current/execution_accuracy_report.md,PINNED_REFERENCE,reachable or evidence-sensitive; retained in place
outputs/execution_accuracy_correction_v1/current/execution_artifacts.csv,PINNED_REFERENCE,reachable or evidence-sensitive; retained in place
outputs/execution_accuracy_correction_v1/current/execution_summary.csv,PINNED_REFERENCE,reachable or evidence-sensitive; retained in place
outputs/execution_accuracy_correction_v1/current/execution_summary_comparison.csv,PINNED_REFERENCE,reachable or evidence-sensitive; retained in place
outputs/execution_accuracy_correction_v1/current/fee_schedule_usage.csv,PINNED_REFERENCE,reachable or evidence-sensitive; retained in place
outputs/execution_accuracy_correction_v1/current/old_vs_new_attribution.csv,PINNED_REFERENCE,reachable or evidence-sensitive; retained in place
outputs/execution_accuracy_correction_v1/current/resolved_config.json,PINNED_REFERENCE,reachable or evidence-sensitive; retained in place
outputs/execution_reconciliation_v1/current/accounting_differences.csv,PINNED_REFERENCE,reachable or evidence-sensitive; retained in place
outputs/execution_reconciliation_v1/current/artifact_manifest.json,PINNED_REFERENCE,reachable or evidence-sensitive; retained in place
outputs/execution_reconciliation_v1/current/contract_status.csv,PINNED_REFERENCE,reachable or evidence-sensitive; retained in place
outputs/execution_reconciliation_v1/current/order_differences.csv,PINNED_REFERENCE,reachable or evidence-sensitive; retained in place
outputs/execution_reconciliation_v1/current/position_differences.csv,PINNED_REFERENCE,reachable or evidence-sensitive; retained in place
outputs/execution_reconciliation_v1/current/reconciliation_report.md,PINNED_REFERENCE,reachable or evidence-sensitive; retained in place
outputs/execution_reconciliation_v1/current/scenario_summary.csv,PINNED_REFERENCE,reachable or evidence-sensitive; retained in place
outputs/execution_reconciliation_v1/current/semantic_difference_inventory.csv,PINNED_REFERENCE,reachable or evidence-sensitive; retained in place
outputs/execution_unit_semantics_correction_v1_2/current/artifact_manifest.json,PINNED_REFERENCE,reachable or evidence-sensitive; retained in place
outputs/execution_unit_semantics_correction_v1_2/current/canary/artifact_manifest.json,PINNED_REFERENCE,reachable or evidence-sensitive; retained in place
outputs/execution_unit_semantics_correction_v1_2/current/canary/contract_status.csv,PINNED_REFERENCE,reachable or evidence-sensitive; retained in place
outputs/execution_unit_semantics_correction_v1_2/current/canary/execution_accuracy_report.md,PINNED_REFERENCE,reachable or evidence-sensitive; retained in place
outputs/execution_unit_semantics_correction_v1_2/current/canary/execution_artifacts.csv,PINNED_REFERENCE,reachable or evidence-sensitive; retained in place
outputs/execution_unit_semantics_correction_v1_2/current/canary/execution_summary.csv,PINNED_REFERENCE,reachable or evidence-sensitive; retained in place
outputs/execution_unit_semantics_correction_v1_2/current/canary/execution_summary_comparison.csv,PINNED_REFERENCE,reachable or evidence-sensitive; retained in place
outputs/execution_unit_semantics_correction_v1_2/current/canary/fee_schedule_usage.csv,PINNED_REFERENCE,reachable or evidence-sensitive; retained in place
outputs/execution_unit_semantics_correction_v1_2/current/canary/old_vs_new_attribution.csv,PINNED_REFERENCE,reachable or evidence-sensitive; retained in place
outputs/execution_unit_semantics_correction_v1_2/current/canary/resolved_config.json,PINNED_REFERENCE,reachable or evidence-sensitive; retained in place
outputs/execution_unit_semantics_correction_v1_2/current/canary/runtime/daily_accounting.parquet,PINNED_REFERENCE,reachable or evidence-sensitive; retained in place
outputs/execution_unit_semantics_correction_v1_2/current/canary/runtime/execution_summary.parquet,PINNED_REFERENCE,reachable or evidence-sensitive; retained in place
outputs/execution_unit_semantics_correction_v1_2/current/canary/runtime/fills.parquet,PINNED_REFERENCE,reachable or evidence-sensitive; retained in place
outputs/execution_unit_semantics_correction_v1_2/current/canary/runtime/orders.parquet,PINNED_REFERENCE,reachable or evidence-sensitive; retained in place
outputs/execution_unit_semantics_correction_v1_2/current/canary/runtime/partial_fills.parquet,PINNED_REFERENCE,reachable or evidence-sensitive; retained in place
outputs/execution_unit_semantics_correction_v1_2/current/canary/runtime/positions.parquet,PINNED_REFERENCE,reachable or evidence-sensitive; retained in place
outputs/execution_unit_semantics_correction_v1_2/current/canary/runtime/rejected_orders.parquet,PINNED_REFERENCE,reachable or evidence-sensitive; retained in place
outputs/execution_unit_semantics_correction_v1_2/current/canary/runtime/transaction_costs.parquet,PINNED_REFERENCE,reachable or evidence-sensitive; retained in place
outputs/execution_unit_semantics_correction_v1_2/current/contract_status.csv,PINNED_REFERENCE,reachable or evidence-sensitive; retained in place
outputs/execution_unit_semantics_correction_v1_2/current/execution_accuracy_report.md,PINNED_REFERENCE,reachable or evidence-sensitive; retained in place
outputs/execution_unit_semantics_correction_v1_2/current/execution_artifacts.csv,PINNED_REFERENCE,reachable or evidence-sensitive; retained in place
outputs/execution_unit_semantics_correction_v1_2/current/execution_summary.csv,PINNED_REFERENCE,reachable or evidence-sensitive; retained in place
outputs/execution_unit_semantics_correction_v1_2/current/execution_summary_comparison.csv,PINNED_REFERENCE,reachable or evidence-sensitive; retained in place
outputs/execution_unit_semantics_correction_v1_2/current/fee_schedule_usage.csv,PINNED_REFERENCE,reachable or evidence-sensitive; retained in place
outputs/execution_unit_semantics_correction_v1_2/current/old_vs_new_attribution.csv,PINNED_REFERENCE,reachable or evidence-sensitive; retained in place
outputs/execution_unit_semantics_correction_v1_2/current/resolved_config.json,PINNED_REFERENCE,reachable or evidence-sensitive; retained in place
outputs/execution_unit_semantics_correction_v1_2/governance/artifact_manifest.json,PINNED_REFERENCE,reachable or evidence-sensitive; retained in place
outputs/execution_unit_semantics_correction_v1_2/governance/contract_status.csv,PINNED_REFERENCE,reachable or evidence-sensitive; retained in place
outputs/execution_unit_semantics_correction_v1_2/governance/governance_report.md,PINNED_REFERENCE,reachable or evidence-sensitive; retained in place
outputs/execution_unit_semantics_correction_v1_2/governance/instrument_unit_attribution.csv,PINNED_REFERENCE,reachable or evidence-sensitive; retained in place
outputs/execution_unit_semantics_correction_v1_2/governance/readiness_summary.csv,PINNED_REFERENCE,reachable or evidence-sensitive; retained in place
outputs/execution_unit_semantics_correction_v1_2/governance/resolved_config.json,PINNED_REFERENCE,reachable or evidence-sensitive; retained in place
outputs/execution_unit_semantics_correction_v1_2/governance/unit_supersession.csv,PINNED_REFERENCE,reachable or evidence-sensitive; retained in place
outputs/exposure_data_capability_audit_v1/current/exposure_data_capability_board.csv,PINNED_REFERENCE,reachable or evidence-sensitive; retained in place
outputs/exposure_data_capability_audit_v1/current/exposure_data_capability_contract_status.csv,PINNED_REFERENCE,reachable or evidence-sensitive; retained in place
outputs/exposure_data_capability_audit_v1/current/exposure_data_capability_report.md,PINNED_REFERENCE,reachable or evidence-sensitive; retained in place
outputs/exposure_data_capability_audit_v1/current/project_data_capabilities.csv,PINNED_REFERENCE,reachable or evidence-sensitive; retained in place
outputs/exposure_data_capability_audit_v1/current/provider_field_probe.csv,PINNED_REFERENCE,reachable or evidence-sensitive; retained in place
outputs/exposure_data_capability_audit_v1/current/reference_capabilities.csv,PINNED_REFERENCE,reachable or evidence-sensitive; retained in place
outputs/external_exposure_data_v1/current/contract_status.csv,PINNED_REFERENCE,reachable or evidence-sensitive; retained in place
outputs/external_exposure_data_v1/current/data_source_inventory.csv,PINNED_REFERENCE,reachable or evidence-sensitive; retained in place
outputs/external_exposure_data_v1/current/exposure_data_report.md,PINNED_REFERENCE,reachable or evidence-sensitive; retained in place
outputs/external_exposure_data_v1/current/field_coverage.csv,PINNED_REFERENCE,reachable or evidence-sensitive; retained in place
outputs/external_exposure_data_v1/current/point_in_time_audit.csv,PINNED_REFERENCE,reachable or evidence-sensitive; retained in place
outputs/external_exposure_data_v1/current/point_in_time_field_table.parquet,PINNED_REFERENCE,reachable or evidence-sensitive; retained in place
outputs/external_exposure_data_v1/current/raw_snapshot_manifest.csv,PINNED_REFERENCE,reachable or evidence-sensitive; retained in place
outputs/external_pit_style_data_v1/canary/canary_join_sample.csv,PINNED_REFERENCE,reachable or evidence-sensitive; retained in place
outputs/external_pit_style_data_v1/canary/canary_report.md,PINNED_REFERENCE,reachable or evidence-sensitive; retained in place
outputs/external_pit_style_data_v1/canary/contract_status.csv,PINNED_REFERENCE,reachable or evidence-sensitive; retained in place
outputs/external_pit_style_data_v1/canary/coverage_by_date.csv,PINNED_REFERENCE,reachable or evidence-sensitive; retained in place
outputs/external_pit_style_data_v1/canary/failure_segments.csv,PINNED_REFERENCE,reachable or evidence-sensitive; retained in place
outputs/external_pit_style_data_v1/canary/raw_snapshot_manifest.csv,PINNED_REFERENCE,reachable or evidence-sensitive; retained in place
outputs/external_pit_style_data_v1/current/artifact_manifest.json,PINNED_REFERENCE,reachable or evidence-sensitive; retained in place
outputs/external_pit_style_data_v1/current/contract_status.csv,PINNED_REFERENCE,reachable or evidence-sensitive; retained in place
outputs/external_pit_style_data_v1/current/coverage_by_date.csv,PINNED_REFERENCE,reachable or evidence-sensitive; retained in place
outputs/external_pit_style_data_v1/current/external_pit_style_data.parquet,PINNED_REFERENCE,reachable or evidence-sensitive; retained in place
outputs/external_pit_style_data_v1/current/failure_segments.csv,PINNED_REFERENCE,reachable or evidence-sensitive; retained in place
outputs/external_pit_style_data_v1/current/industry_intervals.parquet,PINNED_REFERENCE,reachable or evidence-sensitive; retained in place
outputs/external_pit_style_data_v1/current/raw_snapshot_manifest.csv,PINNED_REFERENCE,reachable or evidence-sensitive; retained in place
outputs/external_pit_style_data_v1/current/report.md,PINNED_REFERENCE,reachable or evidence-sensitive; retained in place
outputs/external_pit_style_data_v1/current/resolved_config.json,PINNED_REFERENCE,reachable or evidence-sensitive; retained in place
outputs/factor_candidate_pool_alpha158_v1/full158/alpha158_alpha_candidates.csv,PINNED_REFERENCE,reachable or evidence-sensitive; retained in place
outputs/factor_candidate_pool_alpha158_v1/full158/alpha158_candidate_pool.csv,PINNED_REFERENCE,reachable or evidence-sensitive; retained in place
outputs/factor_candidate_pool_alpha158_v1/full158/alpha158_candidate_pool.json,PINNED_REFERENCE,reachable or evidence-sensitive; retained in place
outputs/factor_candidate_pool_alpha158_v1/full158/alpha158_candidate_pool_report.md,PINNED_REFERENCE,reachable or evidence-sensitive; retained in place
outputs/factor_candidate_pool_v3/liquid2000_core/factor_candidate_pool.csv,PINNED_REFERENCE,reachable or evidence-sensitive; retained in place
outputs/factor_candidate_pool_v3/liquid2000_core/factor_candidate_pool.json,PINNED_REFERENCE,reachable or evidence-sensitive; retained in place
outputs/factor_candidate_pool_v3/liquid2000_core/factor_candidate_pool_report.md,PINNED_REFERENCE,reachable or evidence-sensitive; retained in place
outputs/factor_candidate_pool_v3/liquid2000_expanded/factor_candidate_pool.csv,PINNED_REFERENCE,reachable or evidence-sensitive; retained in place
outputs/factor_candidate_pool_v3/liquid2000_expanded/factor_candidate_pool.json,PINNED_REFERENCE,reachable or evidence-sensitive; retained in place
outputs/factor_candidate_pool_v3/liquid2000_expanded/factor_candidate_pool_report.md,PINNED_REFERENCE,reachable or evidence-sensitive; retained in place
outputs/factor_catalog_alpha101_v1/kunquant_alpha101_catalog_metadata.yaml,PINNED_REFERENCE,reachable or evidence-sensitive; retained in place
outputs/factor_catalog_alpha101_v1/source_audit/alpha101_source_audit_report.md,PINNED_REFERENCE,reachable or evidence-sensitive; retained in place
outputs/factor_catalog_alpha101_v1/source_audit/alpha101_source_summary.csv,PINNED_REFERENCE,reachable or evidence-sensitive; retained in place
outputs/factor_catalog_alpha101_v1/source_audit/kunquant_alpha101_inventory.csv,PINNED_REFERENCE,reachable or evidence-sensitive; retained in place
outputs/factor_catalog_alpha158_v1/alpha158_audit_report.md,PINNED_REFERENCE,reachable or evidence-sensitive; retained in place
outputs/factor_catalog_alpha158_v1/alpha158_catalog_all.yaml,PINNED_REFERENCE,reachable or evidence-sensitive; retained in place
outputs/factor_catalog_alpha158_v1/alpha158_catalog_first20_runnable.yaml,PINNED_REFERENCE,reachable or evidence-sensitive; retained in place
outputs/factor_catalog_alpha158_v1/alpha158_catalog_first_batch.yaml,PINNED_REFERENCE,reachable or evidence-sensitive; retained in place
outputs/factor_catalog_alpha158_v1/alpha158_catalog_full158_mixed.yaml,PINNED_REFERENCE,reachable or evidence-sensitive; retained in place
outputs/factor_catalog_alpha158_v1/alpha158_catalog_full158_runnable.yaml,PINNED_REFERENCE,reachable or evidence-sensitive; retained in place
outputs/factor_catalog_alpha158_v1/alpha158_catalog_remaining138_holdout.yaml,PINNED_REFERENCE,reachable or evidence-sensitive; retained in place
outputs/factor_catalog_alpha158_v1/alpha158_catalog_remaining138_pending.yaml,PINNED_REFERENCE,reachable or evidence-sensitive; retained in place
outputs/factor_catalog_alpha158_v1/alpha158_catalog_remaining138_runnable.yaml,PINNED_REFERENCE,reachable or evidence-sensitive; retained in place
outputs/factor_catalog_alpha158_v1/alpha158_field_usage.csv,PINNED_REFERENCE,reachable or evidence-sensitive; retained in place
outputs/factor_catalog_alpha158_v1/alpha158_formula_inventory.csv,PINNED_REFERENCE,reachable or evidence-sensitive; retained in place
outputs/factor_catalog_alpha158_v1/alpha158_remaining138_promotion_audit.csv,PINNED_REFERENCE,reachable or evidence-sensitive; retained in place
outputs/factor_catalog_alpha158_v1/provider_field_presence.csv,PINNED_REFERENCE,reachable or evidence-sensitive; retained in place
outputs/factor_catalog_alpha360_v1/alpha360_audit_report.md,PINNED_REFERENCE,reachable or evidence-sensitive; retained in place
outputs/factor_catalog_alpha360_v1/alpha360_batch_catalog_audit.csv,PINNED_REFERENCE,reachable or evidence-sensitive; retained in place
outputs/factor_catalog_alpha360_v1/alpha360_batch_catalog_report.md,PINNED_REFERENCE,reachable or evidence-sensitive; retained in place
outputs/factor_catalog_alpha360_v1/alpha360_batch_promotion_audit.csv,PINNED_REFERENCE,reachable or evidence-sensitive; retained in place
outputs/factor_catalog_alpha360_v1/alpha360_batch_promotion_report.md,PINNED_REFERENCE,reachable or evidence-sensitive; retained in place
outputs/factor_catalog_alpha360_v1/alpha360_catalog_adapter_holdout2.yaml,PINNED_REFERENCE,reachable or evidence-sensitive; retained in place
outputs/factor_catalog_alpha360_v1/alpha360_catalog_all.yaml,PINNED_REFERENCE,reachable or evidence-sensitive; retained in place
outputs/factor_catalog_alpha360_v1/alpha360_catalog_batch_candidate358.yaml,PINNED_REFERENCE,reachable or evidence-sensitive; retained in place
outputs/factor_catalog_alpha360_v1/alpha360_catalog_batch_passed358.yaml,PINNED_REFERENCE,reachable or evidence-sensitive; retained in place
outputs/factor_catalog_alpha360_v1/alpha360_catalog_combined360.yaml,PINNED_REFERENCE,reachable or evidence-sensitive; retained in place
outputs/factor_catalog_alpha360_v1/alpha360_catalog_holdout2.yaml,PINNED_REFERENCE,reachable or evidence-sensitive; retained in place
outputs/factor_catalog_alpha360_v1/alpha360_catalog_promoted358.yaml,PINNED_REFERENCE,reachable or evidence-sensitive; retained in place
outputs/factor_catalog_alpha360_v1/alpha360_catalog_smoke.yaml,PINNED_REFERENCE,reachable or evidence-sensitive; retained in place
outputs/factor_catalog_alpha360_v1/alpha360_catalog_v4_holdout0.yaml,PINNED_REFERENCE,reachable or evidence-sensitive; retained in place
outputs/factor_catalog_alpha360_v1/alpha360_field_usage.csv,PINNED_REFERENCE,reachable or evidence-sensitive; retained in place
outputs/factor_catalog_alpha360_v1/alpha360_formula_inventory.csv,PINNED_REFERENCE,reachable or evidence-sensitive; retained in place
outputs/factor_catalog_alpha360_v1/provider_field_presence.csv,PINNED_REFERENCE,reachable or evidence-sensitive; retained in place
outputs/factor_clustering_v1/full_research/artifact_manifest.json,PINNED_REFERENCE,reachable or evidence-sensitive; retained in place
outputs/factor_clustering_v1/full_research/cluster_representatives.csv,PINNED_REFERENCE,reachable or evidence-sensitive; retained in place
outputs/factor_clustering_v1/full_research/cluster_stability.csv,PINNED_REFERENCE,reachable or evidence-sensitive; retained in place
outputs/factor_clustering_v1/full_research/clustering_report.md,PINNED_REFERENCE,reachable or evidence-sensitive; retained in place
outputs/factor_clustering_v1/full_research/contract_status.csv,PINNED_REFERENCE,reachable or evidence-sensitive; retained in place
outputs/factor_clustering_v1/full_research/excluded_redundant_factors.csv,PINNED_REFERENCE,reachable or evidence-sensitive; retained in place
outputs/factor_clustering_v1/full_research/exposure_correlation_matrix.csv,PINNED_REFERENCE,reachable or evidence-sensitive; retained in place
outputs/factor_clustering_v1/full_research/factor_clusters.csv,PINNED_REFERENCE,reachable or evidence-sensitive; retained in place
outputs/factor_clustering_v1/full_research/factor_distance_matrix.csv,PINNED_REFERENCE,reachable or evidence-sensitive; retained in place
outputs/factor_clustering_v1/full_research/performance_correlation_matrix.csv,PINNED_REFERENCE,reachable or evidence-sensitive; retained in place
outputs/factor_clustering_v1/full_research_669/artifact_manifest.json,PINNED_REFERENCE,reachable or evidence-sensitive; retained in place
outputs/factor_clustering_v1/full_research_669/cluster_stability_by_split.csv,PINNED_REFERENCE,reachable or evidence-sensitive; retained in place
outputs/factor_clustering_v1/full_research_669/clustering_report.md,PINNED_REFERENCE,reachable or evidence-sensitive; retained in place
outputs/factor_clustering_v1/full_research_669/contract_status.csv,PINNED_REFERENCE,reachable or evidence-sensitive; retained in place
outputs/factor_clustering_v1/full_research_669/excluded_redundant_factors_by_split.csv,PINNED_REFERENCE,reachable or evidence-sensitive; retained in place
outputs/factor_clustering_v1/full_research_669/exposure_similarity_by_split.csv,PINNED_REFERENCE,reachable or evidence-sensitive; retained in place
outputs/factor_clustering_v1/full_research_669/factor_clusters_by_split.csv,PINNED_REFERENCE,reachable or evidence-sensitive; retained in place
outputs/factor_clustering_v1/full_research_669/factor_distance_by_split.csv,PINNED_REFERENCE,reachable or evidence-sensitive; retained in place
outputs/factor_clustering_v1/full_research_669/input_receipts.csv,PINNED_REFERENCE,reachable or evidence-sensitive; retained in place
outputs/factor_clustering_v1/full_research_669/performance_similarity_by_split.csv,PINNED_REFERENCE,reachable or evidence-sensitive; retained in place
outputs/factor_clustering_v1/full_research_669/representatives_by_split.csv,PINNED_REFERENCE,reachable or evidence-sensitive; retained in place
outputs/factor_clustering_v1/full_research_669/resolved_config.json,PINNED_REFERENCE,reachable or evidence-sensitive; retained in place
outputs/factor_clustering_v1/full_research_669/selection_date_audit.csv,PINNED_REFERENCE,reachable or evidence-sensitive; retained in place
outputs/factor_clustering_v1/full_research_669_canary/artifact_manifest.json,PINNED_REFERENCE,reachable or evidence-sensitive; retained in place
outputs/factor_clustering_v1/full_research_669_canary/cluster_stability_by_split.csv,PINNED_REFERENCE,reachable or evidence-sensitive; retained in place
outputs/factor_clustering_v1/full_research_669_canary/clustering_report.md,PINNED_REFERENCE,reachable or evidence-sensitive; retained in place
outputs/factor_clustering_v1/full_research_669_canary/contract_status.csv,PINNED_REFERENCE,reachable or evidence-sensitive; retained in place
outputs/factor_clustering_v1/full_research_669_canary/excluded_redundant_factors_by_split.csv,PINNED_REFERENCE,reachable or evidence-sensitive; retained in place
outputs/factor_clustering_v1/full_research_669_canary/exposure_similarity_by_split.csv,PINNED_REFERENCE,reachable or evidence-sensitive; retained in place
outputs/factor_clustering_v1/full_research_669_canary/factor_clusters_by_split.csv,PINNED_REFERENCE,reachable or evidence-sensitive; retained in place
outputs/factor_clustering_v1/full_research_669_canary/factor_distance_by_split.csv,PINNED_REFERENCE,reachable or evidence-sensitive; retained in place
outputs/factor_clustering_v1/full_research_669_canary/input_receipts.csv,PINNED_REFERENCE,reachable or evidence-sensitive; retained in place
outputs/factor_clustering_v1/full_research_669_canary/performance_similarity_by_split.csv,PINNED_REFERENCE,reachable or evidence-sensitive; retained in place
outputs/factor_clustering_v1/full_research_669_canary/representatives_by_split.csv,PINNED_REFERENCE,reachable or evidence-sensitive; retained in place
outputs/factor_clustering_v1/full_research_669_canary/resolved_config.json,PINNED_REFERENCE,reachable or evidence-sensitive; retained in place
outputs/factor_clustering_v1/full_research_669_canary/selection_date_audit.csv,PINNED_REFERENCE,reachable or evidence-sensitive; retained in place
outputs/factor_clustering_v1/local_reference/artifact_manifest.json,PINNED_REFERENCE,reachable or evidence-sensitive; retained in place
outputs/factor_clustering_v1/local_reference/cluster_representatives.csv,PINNED_REFERENCE,reachable or evidence-sensitive; retained in place
outputs/factor_clustering_v1/local_reference/cluster_stability.csv,PINNED_REFERENCE,reachable or evidence-sensitive; retained in place
outputs/factor_clustering_v1/local_reference/clustering_report.md,PINNED_REFERENCE,reachable or evidence-sensitive; retained in place
outputs/factor_clustering_v1/local_reference/contract_status.csv,PINNED_REFERENCE,reachable or evidence-sensitive; retained in place
outputs/factor_clustering_v1/local_reference/excluded_redundant_factors.csv,PINNED_REFERENCE,reachable or evidence-sensitive; retained in place
outputs/factor_clustering_v1/local_reference/exposure_correlation_matrix.csv,PINNED_REFERENCE,reachable or evidence-sensitive; retained in place
outputs/factor_clustering_v1/local_reference/factor_clusters.csv,PINNED_REFERENCE,reachable or evidence-sensitive; retained in place
outputs/factor_clustering_v1/local_reference/factor_distance_matrix.csv,PINNED_REFERENCE,reachable or evidence-sensitive; retained in place
outputs/factor_clustering_v1/local_reference/performance_correlation_matrix.csv,PINNED_REFERENCE,reachable or evidence-sensitive; retained in place
outputs/factor_clustering_v2/canary/artifact_manifest.json,PINNED_REFERENCE,reachable or evidence-sensitive; retained in place
outputs/factor_clustering_v2/canary/cluster_stability_by_split.csv,PINNED_REFERENCE,reachable or evidence-sensitive; retained in place
outputs/factor_clustering_v2/canary/clustering_report.md,PINNED_REFERENCE,reachable or evidence-sensitive; retained in place
outputs/factor_clustering_v2/canary/contract_status.csv,PINNED_REFERENCE,reachable or evidence-sensitive; retained in place
outputs/factor_clustering_v2/canary/excluded_redundant_factors_by_split.csv,PINNED_REFERENCE,reachable or evidence-sensitive; retained in place
outputs/factor_clustering_v2/canary/exposure_similarity_by_split.csv,PINNED_REFERENCE,reachable or evidence-sensitive; retained in place
outputs/factor_clustering_v2/canary/factor_clusters_by_split.csv,PINNED_REFERENCE,reachable or evidence-sensitive; retained in place
outputs/factor_clustering_v2/canary/factor_distance_by_split.csv,PINNED_REFERENCE,reachable or evidence-sensitive; retained in place
outputs/factor_clustering_v2/canary/input_receipts.csv,PINNED_REFERENCE,reachable or evidence-sensitive; retained in place
outputs/factor_clustering_v2/canary/performance_similarity_by_split.csv,PINNED_REFERENCE,reachable or evidence-sensitive; retained in place
outputs/factor_clustering_v2/canary/representatives_by_split.csv,PINNED_REFERENCE,reachable or evidence-sensitive; retained in place
outputs/factor_clustering_v2/canary/resolved_config.json,PINNED_REFERENCE,reachable or evidence-sensitive; retained in place
outputs/factor_clustering_v2/canary/selection_date_audit.csv,PINNED_REFERENCE,reachable or evidence-sensitive; retained in place
outputs/factor_clustering_v2/current/artifact_manifest.json,PINNED_REFERENCE,reachable or evidence-sensitive; retained in place
outputs/factor_clustering_v2/current/cluster_stability_by_split.csv,PINNED_REFERENCE,reachable or evidence-sensitive; retained in place
outputs/factor_clustering_v2/current/clustering_report.md,PINNED_REFERENCE,reachable or evidence-sensitive; retained in place
outputs/factor_clustering_v2/current/contract_status.csv,PINNED_REFERENCE,reachable or evidence-sensitive; retained in place
outputs/factor_clustering_v2/current/excluded_redundant_factors_by_split.csv,PINNED_REFERENCE,reachable or evidence-sensitive; retained in place
outputs/factor_clustering_v2/current/exposure_similarity_by_split.csv,PINNED_REFERENCE,reachable or evidence-sensitive; retained in place
outputs/factor_clustering_v2/current/factor_clusters_by_split.csv,PINNED_REFERENCE,reachable or evidence-sensitive; retained in place
outputs/factor_clustering_v2/current/factor_distance_by_split.csv,PINNED_REFERENCE,reachable or evidence-sensitive; retained in place
outputs/factor_clustering_v2/current/input_receipts.csv,PINNED_REFERENCE,reachable or evidence-sensitive; retained in place
outputs/factor_clustering_v2/current/performance_similarity_by_split.csv,PINNED_REFERENCE,reachable or evidence-sensitive; retained in place
outputs/factor_clustering_v2/current/representatives_by_split.csv,PINNED_REFERENCE,reachable or evidence-sensitive; retained in place
outputs/factor_clustering_v2/current/resolved_config.json,PINNED_REFERENCE,reachable or evidence-sensitive; retained in place
outputs/factor_clustering_v2/current/selection_date_audit.csv,PINNED_REFERENCE,reachable or evidence-sensitive; retained in place
outputs/factor_context_v1/main_research_2021_2023/benchmark_returns.csv,PINNED_REFERENCE,reachable or evidence-sensitive; retained in place
outputs/factor_context_v1/main_research_2021_2023/context_run.json,PINNED_REFERENCE,reachable or evidence-sensitive; retained in place
outputs/factor_context_v1/main_research_2021_2023/factor_context_v1_report.md,PINNED_REFERENCE,reachable or evidence-sensitive; retained in place
outputs/factor_context_v1/main_research_2021_2023/listing_age_asof.csv,PINNED_REFERENCE,reachable or evidence-sensitive; retained in place
outputs/factor_context_v1/main_research_2021_2023/universe_membership_asof.csv,PINNED_REFERENCE,reachable or evidence-sensitive; retained in place
outputs/factor_context_v1/main_research_2021_2023/universe_membership_counts.csv,PINNED_REFERENCE,reachable or evidence-sensitive; retained in place
outputs/factor_dependency_v1/current/artifact_manifest.json,PINNED_REFERENCE,reachable or evidence-sensitive; retained in place
outputs/factor_dependency_v1/current/canary_cases.csv,PINNED_REFERENCE,reachable or evidence-sensitive; retained in place
outputs/factor_dependency_v1/current/contract_status.csv,PINNED_REFERENCE,reachable or evidence-sensitive; retained in place
outputs/factor_dependency_v1/current/dependency_report.md,PINNED_REFERENCE,reachable or evidence-sensitive; retained in place
outputs/factor_dependency_v1/current/dependency_summary.csv,PINNED_REFERENCE,reachable or evidence-sensitive; retained in place
outputs/factor_dependency_v1/current/factor_dependency_inventory.csv,PINNED_REFERENCE,reachable or evidence-sensitive; retained in place
outputs/factor_dependency_v1/current/resolved_config.json,PINNED_REFERENCE,reachable or evidence-sensitive; retained in place
outputs/factor_evaluation_batch_v1/alpha101_candidate71_batch1/alpha101_candidate71_metric_index.csv,PINNED_REFERENCE,reachable or evidence-sensitive; retained in place
outputs/factor_evaluation_batch_v1/alpha101_candidate71_batch1/batch_manifest.csv,PINNED_REFERENCE,reachable or evidence-sensitive; retained in place
outputs/factor_evaluation_batch_v1/alpha101_candidate71_batch1/batch_output_summary.csv,PINNED_REFERENCE,reachable or evidence-sensitive; retained in place
outputs/factor_evaluation_batch_v1/alpha101_candidate71_batch1/factor_catalog_snapshot.csv,PINNED_REFERENCE,reachable or evidence-sensitive; retained in place
outputs/factor_evaluation_batch_v1/alpha101_candidate71_batch1/factor_catalog_validation.csv,PINNED_REFERENCE,reachable or evidence-sensitive; retained in place
outputs/factor_evaluation_batch_v1/alpha101_candidate71_batch1/factor_evaluation_batch_v1_report.md,PINNED_REFERENCE,reachable or evidence-sensitive; retained in place
outputs/factor_evaluation_batch_v1/alpha101_candidate71_batch1/generated_configs/batch_001.yaml,PINNED_REFERENCE,reachable or evidence-sensitive; retained in place
outputs/factor_evaluation_batch_v1/alpha101_candidate71_batch1/generated_configs/batch_002.yaml,PINNED_REFERENCE,reachable or evidence-sensitive; retained in place
outputs/factor_evaluation_batch_v1/alpha101_candidate71_batch1/generated_configs/batch_003.yaml,PINNED_REFERENCE,reachable or evidence-sensitive; retained in place
outputs/factor_evaluation_batch_v1/alpha101_candidate71_batch1/generated_configs/batch_004.yaml,PINNED_REFERENCE,reachable or evidence-sensitive; retained in place
outputs/factor_evaluation_batch_v1/alpha101_candidate71_batch1/generated_configs/batch_005.yaml,PINNED_REFERENCE,reachable or evidence-sensitive; retained in place
outputs/factor_evaluation_batch_v1/alpha101_candidate71_batch1/generated_configs/batch_006.yaml,PINNED_REFERENCE,reachable or evidence-sensitive; retained in place
outputs/factor_evaluation_batch_v1/alpha101_candidate71_batch1/generated_configs/batch_007.yaml,PINNED_REFERENCE,reachable or evidence-sensitive; retained in place
outputs/factor_evaluation_batch_v1/alpha101_candidate71_batch1/generated_configs/batch_008.yaml,PINNED_REFERENCE,reachable or evidence-sensitive; retained in place
outputs/factor_evaluation_batch_v1/alpha101_candidate71_batch1/generated_configs/batch_009.yaml,PINNED_REFERENCE,reachable or evidence-sensitive; retained in place
outputs/factor_evaluation_batch_v1/alpha101_candidate71_batch1/generated_configs/batch_010.yaml,PINNED_REFERENCE,reachable or evidence-sensitive; retained in place
outputs/factor_evaluation_batch_v1/alpha101_candidate71_batch1/generated_configs/batch_011.yaml,PINNED_REFERENCE,reachable or evidence-sensitive; retained in place
outputs/factor_evaluation_batch_v1/alpha101_candidate71_batch1/generated_configs/batch_012.yaml,PINNED_REFERENCE,reachable or evidence-sensitive; retained in place
outputs/factor_evaluation_batch_v1/alpha101_candidate71_batch1/generated_configs/batch_013.yaml,PINNED_REFERENCE,reachable or evidence-sensitive; retained in place
outputs/factor_evaluation_batch_v1/alpha101_candidate71_batch1/generated_configs/batch_014.yaml,PINNED_REFERENCE,reachable or evidence-sensitive; retained in place
outputs/factor_evaluation_batch_v1/alpha101_candidate71_batch1/generated_configs/batch_015.yaml,PINNED_REFERENCE,reachable or evidence-sensitive; retained in place
outputs/factor_evaluation_batch_v1/alpha101_candidate71_batch1/selected_factor_catalog.csv,PINNED_REFERENCE,reachable or evidence-sensitive; retained in place
outputs/factor_evaluation_batch_v1/alpha158_first20/batch_manifest.csv,PINNED_REFERENCE,reachable or evidence-sensitive; retained in place
outputs/factor_evaluation_batch_v1/alpha158_first20/batch_output_summary.csv,PINNED_REFERENCE,reachable or evidence-sensitive; retained in place
outputs/factor_evaluation_batch_v1/alpha158_first20/factor_catalog_snapshot.csv,PINNED_REFERENCE,reachable or evidence-sensitive; retained in place
outputs/factor_evaluation_batch_v1/alpha158_first20/factor_catalog_validation.csv,PINNED_REFERENCE,reachable or evidence-sensitive; retained in place
outputs/factor_evaluation_batch_v1/alpha158_first20/factor_evaluation_batch_v1_report.md,PINNED_REFERENCE,reachable or evidence-sensitive; retained in place
outputs/factor_evaluation_batch_v1/alpha158_first20/generated_configs/batch_001.yaml,PINNED_REFERENCE,reachable or evidence-sensitive; retained in place
outputs/factor_evaluation_batch_v1/alpha158_first20/generated_configs/batch_002.yaml,PINNED_REFERENCE,reachable or evidence-sensitive; retained in place
outputs/factor_evaluation_batch_v1/alpha158_first20/generated_configs/batch_003.yaml,PINNED_REFERENCE,reachable or evidence-sensitive; retained in place
outputs/factor_evaluation_batch_v1/alpha158_first20/generated_configs/batch_004.yaml,PINNED_REFERENCE,reachable or evidence-sensitive; retained in place
outputs/factor_evaluation_batch_v1/alpha158_first20/selected_factor_catalog.csv,PINNED_REFERENCE,reachable or evidence-sensitive; retained in place
outputs/factor_evaluation_batch_v1/alpha158_remaining138/alpha158_remaining138_metric_index.csv,PINNED_REFERENCE,reachable or evidence-sensitive; retained in place
outputs/factor_evaluation_batch_v1/alpha158_remaining138/alpha158_remaining138_summary.md,PINNED_REFERENCE,reachable or evidence-sensitive; retained in place
outputs/factor_evaluation_batch_v1/alpha158_remaining138/batch_manifest.csv,PINNED_REFERENCE,reachable or evidence-sensitive; retained in place
outputs/factor_evaluation_batch_v1/alpha158_remaining138/batch_output_summary.csv,PINNED_REFERENCE,reachable or evidence-sensitive; retained in place
outputs/factor_evaluation_batch_v1/alpha158_remaining138/factor_catalog_snapshot.csv,PINNED_REFERENCE,reachable or evidence-sensitive; retained in place
outputs/factor_evaluation_batch_v1/alpha158_remaining138/factor_catalog_validation.csv,PINNED_REFERENCE,reachable or evidence-sensitive; retained in place
outputs/factor_evaluation_batch_v1/alpha158_remaining138/factor_evaluation_batch_v1_report.md,PINNED_REFERENCE,reachable or evidence-sensitive; retained in place
outputs/factor_evaluation_batch_v1/alpha158_remaining138/generated_configs/batch_001.yaml,PINNED_REFERENCE,reachable or evidence-sensitive; retained in place
outputs/factor_evaluation_batch_v1/alpha158_remaining138/generated_configs/batch_002.yaml,PINNED_REFERENCE,reachable or evidence-sensitive; retained in place
outputs/factor_evaluation_batch_v1/alpha158_remaining138/generated_configs/batch_003.yaml,PINNED_REFERENCE,reachable or evidence-sensitive; retained in place
outputs/factor_evaluation_batch_v1/alpha158_remaining138/generated_configs/batch_004.yaml,PINNED_REFERENCE,reachable or evidence-sensitive; retained in place
outputs/factor_evaluation_batch_v1/alpha158_remaining138/generated_configs/batch_005.yaml,PINNED_REFERENCE,reachable or evidence-sensitive; retained in place
outputs/factor_evaluation_batch_v1/alpha158_remaining138/generated_configs/batch_006.yaml,PINNED_REFERENCE,reachable or evidence-sensitive; retained in place
outputs/factor_evaluation_batch_v1/alpha158_remaining138/generated_configs/batch_007.yaml,PINNED_REFERENCE,reachable or evidence-sensitive; retained in place
outputs/factor_evaluation_batch_v1/alpha158_remaining138/generated_configs/batch_008.yaml,PINNED_REFERENCE,reachable or evidence-sensitive; retained in place
outputs/factor_evaluation_batch_v1/alpha158_remaining138/generated_configs/batch_009.yaml,PINNED_REFERENCE,reachable or evidence-sensitive; retained in place
outputs/factor_evaluation_batch_v1/alpha158_remaining138/generated_configs/batch_010.yaml,PINNED_REFERENCE,reachable or evidence-sensitive; retained in place
outputs/factor_evaluation_batch_v1/alpha158_remaining138/generated_configs/batch_011.yaml,PINNED_REFERENCE,reachable or evidence-sensitive; retained in place
outputs/factor_evaluation_batch_v1/alpha158_remaining138/generated_configs/batch_012.yaml,PINNED_REFERENCE,reachable or evidence-sensitive; retained in place
outputs/factor_evaluation_batch_v1/alpha158_remaining138/generated_configs/batch_013.yaml,PINNED_REFERENCE,reachable or evidence-sensitive; retained in place
outputs/factor_evaluation_batch_v1/alpha158_remaining138/generated_configs/batch_014.yaml,PINNED_REFERENCE,reachable or evidence-sensitive; retained in place
outputs/factor_evaluation_batch_v1/alpha158_remaining138/selected_factor_catalog.csv,PINNED_REFERENCE,reachable or evidence-sensitive; retained in place
outputs/factor_evaluation_batch_v1/alpha360_candidate358_batch1/batch_manifest.csv,PINNED_REFERENCE,reachable or evidence-sensitive; retained in place
outputs/factor_evaluation_batch_v1/alpha360_candidate358_batch1/batch_output_summary.csv,PINNED_REFERENCE,reachable or evidence-sensitive; retained in place
outputs/factor_evaluation_batch_v1/alpha360_candidate358_batch1/factor_catalog_snapshot.csv,PINNED_REFERENCE,reachable or evidence-sensitive; retained in place
outputs/factor_evaluation_batch_v1/alpha360_candidate358_batch1/factor_catalog_validation.csv,PINNED_REFERENCE,reachable or evidence-sensitive; retained in place
outputs/factor_evaluation_batch_v1/alpha360_candidate358_batch1/factor_evaluation_batch_v1_report.md,PINNED_REFERENCE,reachable or evidence-sensitive; retained in place
outputs/factor_evaluation_batch_v1/alpha360_candidate358_batch1/generated_configs/batch_001.yaml,PINNED_REFERENCE,reachable or evidence-sensitive; retained in place
outputs/factor_evaluation_batch_v1/alpha360_candidate358_batch1/generated_configs/batch_002.yaml,PINNED_REFERENCE,reachable or evidence-sensitive; retained in place
outputs/factor_evaluation_batch_v1/alpha360_candidate358_batch1/generated_configs/batch_003.yaml,PINNED_REFERENCE,reachable or evidence-sensitive; retained in place
outputs/factor_evaluation_batch_v1/alpha360_candidate358_batch1/generated_configs/batch_004.yaml,PINNED_REFERENCE,reachable or evidence-sensitive; retained in place
outputs/factor_evaluation_batch_v1/alpha360_candidate358_batch1/generated_configs/batch_005.yaml,PINNED_REFERENCE,reachable or evidence-sensitive; retained in place
outputs/factor_evaluation_batch_v1/alpha360_candidate358_batch1/generated_configs/batch_006.yaml,PINNED_REFERENCE,reachable or evidence-sensitive; retained in place
outputs/factor_evaluation_batch_v1/alpha360_candidate358_batch1/generated_configs/batch_007.yaml,PINNED_REFERENCE,reachable or evidence-sensitive; retained in place
outputs/factor_evaluation_batch_v1/alpha360_candidate358_batch1/generated_configs/batch_008.yaml,PINNED_REFERENCE,reachable or evidence-sensitive; retained in place
outputs/factor_evaluation_batch_v1/alpha360_candidate358_batch1/generated_configs/batch_009.yaml,PINNED_REFERENCE,reachable or evidence-sensitive; retained in place
outputs/factor_evaluation_batch_v1/alpha360_candidate358_batch1/generated_configs/batch_010.yaml,PINNED_REFERENCE,reachable or evidence-sensitive; retained in place
outputs/factor_evaluation_batch_v1/alpha360_candidate358_batch1/generated_configs/batch_011.yaml,PINNED_REFERENCE,reachable or evidence-sensitive; retained in place
outputs/factor_evaluation_batch_v1/alpha360_candidate358_batch1/generated_configs/batch_012.yaml,PINNED_REFERENCE,reachable or evidence-sensitive; retained in place
outputs/factor_evaluation_batch_v1/alpha360_candidate358_batch1/generated_configs/batch_013.yaml,PINNED_REFERENCE,reachable or evidence-sensitive; retained in place
outputs/factor_evaluation_batch_v1/alpha360_candidate358_batch1/generated_configs/batch_014.yaml,PINNED_REFERENCE,reachable or evidence-sensitive; retained in place
outputs/factor_evaluation_batch_v1/alpha360_candidate358_batch1/generated_configs/batch_015.yaml,PINNED_REFERENCE,reachable or evidence-sensitive; retained in place
outputs/factor_evaluation_batch_v1/alpha360_candidate358_batch1/generated_configs/batch_016.yaml,PINNED_REFERENCE,reachable or evidence-sensitive; retained in place
outputs/factor_evaluation_batch_v1/alpha360_candidate358_batch1/generated_configs/batch_017.yaml,PINNED_REFERENCE,reachable or evidence-sensitive; retained in place
outputs/factor_evaluation_batch_v1/alpha360_candidate358_batch1/generated_configs/batch_018.yaml,PINNED_REFERENCE,reachable or evidence-sensitive; retained in place
outputs/factor_evaluation_batch_v1/alpha360_candidate358_batch1/generated_configs/batch_019.yaml,PINNED_REFERENCE,reachable or evidence-sensitive; retained in place
outputs/factor_evaluation_batch_v1/alpha360_candidate358_batch1/generated_configs/batch_020.yaml,PINNED_REFERENCE,reachable or evidence-sensitive; retained in place
outputs/factor_evaluation_batch_v1/alpha360_candidate358_batch1/generated_configs/batch_021.yaml,PINNED_REFERENCE,reachable or evidence-sensitive; retained in place
outputs/factor_evaluation_batch_v1/alpha360_candidate358_batch1/generated_configs/batch_022.yaml,PINNED_REFERENCE,reachable or evidence-sensitive; retained in place
outputs/factor_evaluation_batch_v1/alpha360_candidate358_batch1/generated_configs/batch_023.yaml,PINNED_REFERENCE,reachable or evidence-sensitive; retained in place
outputs/factor_evaluation_batch_v1/alpha360_candidate358_batch1/generated_configs/batch_024.yaml,PINNED_REFERENCE,reachable or evidence-sensitive; retained in place
outputs/factor_evaluation_batch_v1/alpha360_candidate358_batch1/generated_configs/batch_025.yaml,PINNED_REFERENCE,reachable or evidence-sensitive; retained in place
outputs/factor_evaluation_batch_v1/alpha360_candidate358_batch1/generated_configs/batch_026.yaml,PINNED_REFERENCE,reachable or evidence-sensitive; retained in place
outputs/factor_evaluation_batch_v1/alpha360_candidate358_batch1/generated_configs/batch_027.yaml,PINNED_REFERENCE,reachable or evidence-sensitive; retained in place
outputs/factor_evaluation_batch_v1/alpha360_candidate358_batch1/generated_configs/batch_028.yaml,PINNED_REFERENCE,reachable or evidence-sensitive; retained in place
outputs/factor_evaluation_batch_v1/alpha360_candidate358_batch1/generated_configs/batch_029.yaml,PINNED_REFERENCE,reachable or evidence-sensitive; retained in place
outputs/factor_evaluation_batch_v1/alpha360_candidate358_batch1/generated_configs/batch_030.yaml,PINNED_REFERENCE,reachable or evidence-sensitive; retained in place
outputs/factor_evaluation_batch_v1/alpha360_candidate358_batch1/generated_configs/batch_031.yaml,PINNED_REFERENCE,reachable or evidence-sensitive; retained in place
outputs/factor_evaluation_batch_v1/alpha360_candidate358_batch1/generated_configs/batch_032.yaml,PINNED_REFERENCE,reachable or evidence-sensitive; retained in place
outputs/factor_evaluation_batch_v1/alpha360_candidate358_batch1/generated_configs/batch_033.yaml,PINNED_REFERENCE,reachable or evidence-sensitive; retained in place
outputs/factor_evaluation_batch_v1/alpha360_candidate358_batch1/generated_configs/batch_034.yaml,PINNED_REFERENCE,reachable or evidence-sensitive; retained in place
outputs/factor_evaluation_batch_v1/alpha360_candidate358_batch1/generated_configs/batch_035.yaml,PINNED_REFERENCE,reachable or evidence-sensitive; retained in place
outputs/factor_evaluation_batch_v1/alpha360_candidate358_batch1/generated_configs/batch_036.yaml,PINNED_REFERENCE,reachable or evidence-sensitive; retained in place
outputs/factor_evaluation_batch_v1/alpha360_candidate358_batch1/generated_configs/batch_037.yaml,PINNED_REFERENCE,reachable or evidence-sensitive; retained in place
outputs/factor_evaluation_batch_v1/alpha360_candidate358_batch1/generated_configs/batch_038.yaml,PINNED_REFERENCE,reachable or evidence-sensitive; retained in place
outputs/factor_evaluation_batch_v1/alpha360_candidate358_batch1/generated_configs/batch_039.yaml,PINNED_REFERENCE,reachable or evidence-sensitive; retained in place
outputs/factor_evaluation_batch_v1/alpha360_candidate358_batch1/generated_configs/batch_040.yaml,PINNED_REFERENCE,reachable or evidence-sensitive; retained in place
outputs/factor_evaluation_batch_v1/alpha360_candidate358_batch1/generated_configs/batch_041.yaml,PINNED_REFERENCE,reachable or evidence-sensitive; retained in place
outputs/factor_evaluation_batch_v1/alpha360_candidate358_batch1/generated_configs/batch_042.yaml,PINNED_REFERENCE,reachable or evidence-sensitive; retained in place
outputs/factor_evaluation_batch_v1/alpha360_candidate358_batch1/generated_configs/batch_043.yaml,PINNED_REFERENCE,reachable or evidence-sensitive; retained in place
outputs/factor_evaluation_batch_v1/alpha360_candidate358_batch1/generated_configs/batch_044.yaml,PINNED_REFERENCE,reachable or evidence-sensitive; retained in place
outputs/factor_evaluation_batch_v1/alpha360_candidate358_batch1/generated_configs/batch_045.yaml,PINNED_REFERENCE,reachable or evidence-sensitive; retained in place
outputs/factor_evaluation_batch_v1/alpha360_candidate358_batch1/generated_configs/batch_046.yaml,PINNED_REFERENCE,reachable or evidence-sensitive; retained in place
outputs/factor_evaluation_batch_v1/alpha360_candidate358_batch1/generated_configs/batch_047.yaml,PINNED_REFERENCE,reachable or evidence-sensitive; retained in place
outputs/factor_evaluation_batch_v1/alpha360_candidate358_batch1/generated_configs/batch_048.yaml,PINNED_REFERENCE,reachable or evidence-sensitive; retained in place
outputs/factor_evaluation_batch_v1/alpha360_candidate358_batch1/generated_configs/batch_049.yaml,PINNED_REFERENCE,reachable or evidence-sensitive; retained in place
outputs/factor_evaluation_batch_v1/alpha360_candidate358_batch1/generated_configs/batch_050.yaml,PINNED_REFERENCE,reachable or evidence-sensitive; retained in place
outputs/factor_evaluation_batch_v1/alpha360_candidate358_batch1/generated_configs/batch_051.yaml,PINNED_REFERENCE,reachable or evidence-sensitive; retained in place
outputs/factor_evaluation_batch_v1/alpha360_candidate358_batch1/generated_configs/batch_052.yaml,PINNED_REFERENCE,reachable or evidence-sensitive; retained in place
outputs/factor_evaluation_batch_v1/alpha360_candidate358_batch1/generated_configs/batch_053.yaml,PINNED_REFERENCE,reachable or evidence-sensitive; retained in place
outputs/factor_evaluation_batch_v1/alpha360_candidate358_batch1/generated_configs/batch_054.yaml,PINNED_REFERENCE,reachable or evidence-sensitive; retained in place
outputs/factor_evaluation_batch_v1/alpha360_candidate358_batch1/generated_configs/batch_055.yaml,PINNED_REFERENCE,reachable or evidence-sensitive; retained in place
outputs/factor_evaluation_batch_v1/alpha360_candidate358_batch1/generated_configs/batch_056.yaml,PINNED_REFERENCE,reachable or evidence-sensitive; retained in place
outputs/factor_evaluation_batch_v1/alpha360_candidate358_batch1/generated_configs/batch_057.yaml,PINNED_REFERENCE,reachable or evidence-sensitive; retained in place
outputs/factor_evaluation_batch_v1/alpha360_candidate358_batch1/generated_configs/batch_058.yaml,PINNED_REFERENCE,reachable or evidence-sensitive; retained in place
outputs/factor_evaluation_batch_v1/alpha360_candidate358_batch1/generated_configs/batch_059.yaml,PINNED_REFERENCE,reachable or evidence-sensitive; retained in place
outputs/factor_evaluation_batch_v1/alpha360_candidate358_batch1/generated_configs/batch_060.yaml,PINNED_REFERENCE,reachable or evidence-sensitive; retained in place
outputs/factor_evaluation_batch_v1/alpha360_candidate358_batch1/generated_configs/batch_061.yaml,PINNED_REFERENCE,reachable or evidence-sensitive; retained in place
outputs/factor_evaluation_batch_v1/alpha360_candidate358_batch1/generated_configs/batch_062.yaml,PINNED_REFERENCE,reachable or evidence-sensitive; retained in place
outputs/factor_evaluation_batch_v1/alpha360_candidate358_batch1/generated_configs/batch_063.yaml,PINNED_REFERENCE,reachable or evidence-sensitive; retained in place
outputs/factor_evaluation_batch_v1/alpha360_candidate358_batch1/generated_configs/batch_064.yaml,PINNED_REFERENCE,reachable or evidence-sensitive; retained in place
outputs/factor_evaluation_batch_v1/alpha360_candidate358_batch1/generated_configs/batch_065.yaml,PINNED_REFERENCE,reachable or evidence-sensitive; retained in place
outputs/factor_evaluation_batch_v1/alpha360_candidate358_batch1/generated_configs/batch_066.yaml,PINNED_REFERENCE,reachable or evidence-sensitive; retained in place
outputs/factor_evaluation_batch_v1/alpha360_candidate358_batch1/generated_configs/batch_067.yaml,PINNED_REFERENCE,reachable or evidence-sensitive; retained in place
outputs/factor_evaluation_batch_v1/alpha360_candidate358_batch1/generated_configs/batch_068.yaml,PINNED_REFERENCE,reachable or evidence-sensitive; retained in place
outputs/factor_evaluation_batch_v1/alpha360_candidate358_batch1/generated_configs/batch_069.yaml,PINNED_REFERENCE,reachable or evidence-sensitive; retained in place
outputs/factor_evaluation_batch_v1/alpha360_candidate358_batch1/generated_configs/batch_070.yaml,PINNED_REFERENCE,reachable or evidence-sensitive; retained in place
outputs/factor_evaluation_batch_v1/alpha360_candidate358_batch1/generated_configs/batch_071.yaml,PINNED_REFERENCE,reachable or evidence-sensitive; retained in place
outputs/factor_evaluation_batch_v1/alpha360_candidate358_batch1/generated_configs/batch_072.yaml,PINNED_REFERENCE,reachable or evidence-sensitive; retained in place
outputs/factor_evaluation_batch_v1/alpha360_candidate358_batch1/selected_factor_catalog.csv,PINNED_REFERENCE,reachable or evidence-sensitive; retained in place
outputs/factor_evaluation_batch_v1/alpha360_candidate358_execution/alpha360_candidate358_metric_index.csv,PINNED_REFERENCE,reachable or evidence-sensitive; retained in place
outputs/factor_evaluation_batch_v1/alpha360_candidate358_execution/batch_manifest.csv,PINNED_REFERENCE,reachable or evidence-sensitive; retained in place
outputs/factor_evaluation_batch_v1/alpha360_candidate358_execution/batch_output_summary.csv,PINNED_REFERENCE,reachable or evidence-sensitive; retained in place
outputs/factor_evaluation_batch_v1/alpha360_candidate358_execution/factor_catalog_snapshot.csv,PINNED_REFERENCE,reachable or evidence-sensitive; retained in place
outputs/factor_evaluation_batch_v1/alpha360_candidate358_execution/factor_catalog_validation.csv,PINNED_REFERENCE,reachable or evidence-sensitive; retained in place
outputs/factor_evaluation_batch_v1/alpha360_candidate358_execution/factor_evaluation_batch_v1_report.md,PINNED_REFERENCE,reachable or evidence-sensitive; retained in place
outputs/factor_evaluation_batch_v1/alpha360_candidate358_execution/generated_configs/batch_001.yaml,PINNED_REFERENCE,reachable or evidence-sensitive; retained in place
outputs/factor_evaluation_batch_v1/alpha360_candidate358_execution/generated_configs/batch_002.yaml,PINNED_REFERENCE,reachable or evidence-sensitive; retained in place
outputs/factor_evaluation_batch_v1/alpha360_candidate358_execution/generated_configs/batch_003.yaml,PINNED_REFERENCE,reachable or evidence-sensitive; retained in place
outputs/factor_evaluation_batch_v1/alpha360_candidate358_execution/generated_configs/batch_004.yaml,PINNED_REFERENCE,reachable or evidence-sensitive; retained in place
outputs/factor_evaluation_batch_v1/alpha360_candidate358_execution/generated_configs/batch_005.yaml,PINNED_REFERENCE,reachable or evidence-sensitive; retained in place
outputs/factor_evaluation_batch_v1/alpha360_candidate358_execution/generated_configs/batch_006.yaml,PINNED_REFERENCE,reachable or evidence-sensitive; retained in place
outputs/factor_evaluation_batch_v1/alpha360_candidate358_execution/generated_configs/batch_007.yaml,PINNED_REFERENCE,reachable or evidence-sensitive; retained in place
outputs/factor_evaluation_batch_v1/alpha360_candidate358_execution/generated_configs/batch_008.yaml,PINNED_REFERENCE,reachable or evidence-sensitive; retained in place
outputs/factor_evaluation_batch_v1/alpha360_candidate358_execution/generated_configs/batch_009.yaml,PINNED_REFERENCE,reachable or evidence-sensitive; retained in place
outputs/factor_evaluation_batch_v1/alpha360_candidate358_execution/generated_configs/batch_010.yaml,PINNED_REFERENCE,reachable or evidence-sensitive; retained in place
outputs/factor_evaluation_batch_v1/alpha360_candidate358_execution/generated_configs/batch_011.yaml,PINNED_REFERENCE,reachable or evidence-sensitive; retained in place
outputs/factor_evaluation_batch_v1/alpha360_candidate358_execution/generated_configs/batch_012.yaml,PINNED_REFERENCE,reachable or evidence-sensitive; retained in place
outputs/factor_evaluation_batch_v1/alpha360_candidate358_execution/generated_configs/batch_013.yaml,PINNED_REFERENCE,reachable or evidence-sensitive; retained in place
outputs/factor_evaluation_batch_v1/alpha360_candidate358_execution/generated_configs/batch_014.yaml,PINNED_REFERENCE,reachable or evidence-sensitive; retained in place
outputs/factor_evaluation_batch_v1/alpha360_candidate358_execution/generated_configs/batch_015.yaml,PINNED_REFERENCE,reachable or evidence-sensitive; retained in place
outputs/factor_evaluation_batch_v1/alpha360_candidate358_execution/generated_configs/batch_016.yaml,PINNED_REFERENCE,reachable or evidence-sensitive; retained in place
outputs/factor_evaluation_batch_v1/alpha360_candidate358_execution/generated_configs/batch_017.yaml,PINNED_REFERENCE,reachable or evidence-sensitive; retained in place
outputs/factor_evaluation_batch_v1/alpha360_candidate358_execution/generated_configs/batch_018.yaml,PINNED_REFERENCE,reachable or evidence-sensitive; retained in place
outputs/factor_evaluation_batch_v1/alpha360_candidate358_execution/generated_configs/batch_019.yaml,PINNED_REFERENCE,reachable or evidence-sensitive; retained in place
outputs/factor_evaluation_batch_v1/alpha360_candidate358_execution/generated_configs/batch_020.yaml,PINNED_REFERENCE,reachable or evidence-sensitive; retained in place
outputs/factor_evaluation_batch_v1/alpha360_candidate358_execution/generated_configs/batch_021.yaml,PINNED_REFERENCE,reachable or evidence-sensitive; retained in place
outputs/factor_evaluation_batch_v1/alpha360_candidate358_execution/generated_configs/batch_022.yaml,PINNED_REFERENCE,reachable or evidence-sensitive; retained in place
outputs/factor_evaluation_batch_v1/alpha360_candidate358_execution/generated_configs/batch_023.yaml,PINNED_REFERENCE,reachable or evidence-sensitive; retained in place
outputs/factor_evaluation_batch_v1/alpha360_candidate358_execution/generated_configs/batch_024.yaml,PINNED_REFERENCE,reachable or evidence-sensitive; retained in place
outputs/factor_evaluation_batch_v1/alpha360_candidate358_execution/generated_configs/batch_025.yaml,PINNED_REFERENCE,reachable or evidence-sensitive; retained in place
outputs/factor_evaluation_batch_v1/alpha360_candidate358_execution/generated_configs/batch_026.yaml,PINNED_REFERENCE,reachable or evidence-sensitive; retained in place
outputs/factor_evaluation_batch_v1/alpha360_candidate358_execution/generated_configs/batch_027.yaml,PINNED_REFERENCE,reachable or evidence-sensitive; retained in place
outputs/factor_evaluation_batch_v1/alpha360_candidate358_execution/generated_configs/batch_028.yaml,PINNED_REFERENCE,reachable or evidence-sensitive; retained in place
outputs/factor_evaluation_batch_v1/alpha360_candidate358_execution/generated_configs/batch_029.yaml,PINNED_REFERENCE,reachable or evidence-sensitive; retained in place
outputs/factor_evaluation_batch_v1/alpha360_candidate358_execution/generated_configs/batch_030.yaml,PINNED_REFERENCE,reachable or evidence-sensitive; retained in place
outputs/factor_evaluation_batch_v1/alpha360_candidate358_execution/generated_configs/batch_031.yaml,PINNED_REFERENCE,reachable or evidence-sensitive; retained in place
outputs/factor_evaluation_batch_v1/alpha360_candidate358_execution/generated_configs/batch_032.yaml,PINNED_REFERENCE,reachable or evidence-sensitive; retained in place
outputs/factor_evaluation_batch_v1/alpha360_candidate358_execution/generated_configs/batch_033.yaml,PINNED_REFERENCE,reachable or evidence-sensitive; retained in place
outputs/factor_evaluation_batch_v1/alpha360_candidate358_execution/generated_configs/batch_034.yaml,PINNED_REFERENCE,reachable or evidence-sensitive; retained in place
outputs/factor_evaluation_batch_v1/alpha360_candidate358_execution/generated_configs/batch_035.yaml,PINNED_REFERENCE,reachable or evidence-sensitive; retained in place
outputs/factor_evaluation_batch_v1/alpha360_candidate358_execution/generated_configs/batch_036.yaml,PINNED_REFERENCE,reachable or evidence-sensitive; retained in place
outputs/factor_evaluation_batch_v1/alpha360_candidate358_execution/generated_configs/batch_037.yaml,PINNED_REFERENCE,reachable or evidence-sensitive; retained in place
outputs/factor_evaluation_batch_v1/alpha360_candidate358_execution/generated_configs/batch_038.yaml,PINNED_REFERENCE,reachable or evidence-sensitive; retained in place
outputs/factor_evaluation_batch_v1/alpha360_candidate358_execution/generated_configs/batch_039.yaml,PINNED_REFERENCE,reachable or evidence-sensitive; retained in place
outputs/factor_evaluation_batch_v1/alpha360_candidate358_execution/generated_configs/batch_040.yaml,PINNED_REFERENCE,reachable or evidence-sensitive; retained in place
outputs/factor_evaluation_batch_v1/alpha360_candidate358_execution/generated_configs/batch_041.yaml,PINNED_REFERENCE,reachable or evidence-sensitive; retained in place
outputs/factor_evaluation_batch_v1/alpha360_candidate358_execution/generated_configs/batch_042.yaml,PINNED_REFERENCE,reachable or evidence-sensitive; retained in place
outputs/factor_evaluation_batch_v1/alpha360_candidate358_execution/generated_configs/batch_043.yaml,PINNED_REFERENCE,reachable or evidence-sensitive; retained in place
outputs/factor_evaluation_batch_v1/alpha360_candidate358_execution/generated_configs/batch_044.yaml,PINNED_REFERENCE,reachable or evidence-sensitive; retained in place
outputs/factor_evaluation_batch_v1/alpha360_candidate358_execution/generated_configs/batch_045.yaml,PINNED_REFERENCE,reachable or evidence-sensitive; retained in place
outputs/factor_evaluation_batch_v1/alpha360_candidate358_execution/generated_configs/batch_046.yaml,PINNED_REFERENCE,reachable or evidence-sensitive; retained in place
outputs/factor_evaluation_batch_v1/alpha360_candidate358_execution/generated_configs/batch_047.yaml,PINNED_REFERENCE,reachable or evidence-sensitive; retained in place
outputs/factor_evaluation_batch_v1/alpha360_candidate358_execution/generated_configs/batch_048.yaml,PINNED_REFERENCE,reachable or evidence-sensitive; retained in place
outputs/factor_evaluation_batch_v1/alpha360_candidate358_execution/generated_configs/batch_049.yaml,PINNED_REFERENCE,reachable or evidence-sensitive; retained in place
outputs/factor_evaluation_batch_v1/alpha360_candidate358_execution/generated_configs/batch_050.yaml,PINNED_REFERENCE,reachable or evidence-sensitive; retained in place
outputs/factor_evaluation_batch_v1/alpha360_candidate358_execution/generated_configs/batch_051.yaml,PINNED_REFERENCE,reachable or evidence-sensitive; retained in place
outputs/factor_evaluation_batch_v1/alpha360_candidate358_execution/generated_configs/batch_052.yaml,PINNED_REFERENCE,reachable or evidence-sensitive; retained in place
outputs/factor_evaluation_batch_v1/alpha360_candidate358_execution/generated_configs/batch_053.yaml,PINNED_REFERENCE,reachable or evidence-sensitive; retained in place
outputs/factor_evaluation_batch_v1/alpha360_candidate358_execution/generated_configs/batch_054.yaml,PINNED_REFERENCE,reachable or evidence-sensitive; retained in place
outputs/factor_evaluation_batch_v1/alpha360_candidate358_execution/generated_configs/batch_055.yaml,PINNED_REFERENCE,reachable or evidence-sensitive; retained in place
outputs/factor_evaluation_batch_v1/alpha360_candidate358_execution/generated_configs/batch_056.yaml,PINNED_REFERENCE,reachable or evidence-sensitive; retained in place
outputs/factor_evaluation_batch_v1/alpha360_candidate358_execution/generated_configs/batch_057.yaml,PINNED_REFERENCE,reachable or evidence-sensitive; retained in place
outputs/factor_evaluation_batch_v1/alpha360_candidate358_execution/generated_configs/batch_058.yaml,PINNED_REFERENCE,reachable or evidence-sensitive; retained in place
outputs/factor_evaluation_batch_v1/alpha360_candidate358_execution/generated_configs/batch_059.yaml,PINNED_REFERENCE,reachable or evidence-sensitive; retained in place
outputs/factor_evaluation_batch_v1/alpha360_candidate358_execution/generated_configs/batch_060.yaml,PINNED_REFERENCE,reachable or evidence-sensitive; retained in place
outputs/factor_evaluation_batch_v1/alpha360_candidate358_execution/generated_configs/batch_061.yaml,PINNED_REFERENCE,reachable or evidence-sensitive; retained in place
outputs/factor_evaluation_batch_v1/alpha360_candidate358_execution/generated_configs/batch_062.yaml,PINNED_REFERENCE,reachable or evidence-sensitive; retained in place
outputs/factor_evaluation_batch_v1/alpha360_candidate358_execution/generated_configs/batch_063.yaml,PINNED_REFERENCE,reachable or evidence-sensitive; retained in place
outputs/factor_evaluation_batch_v1/alpha360_candidate358_execution/generated_configs/batch_064.yaml,PINNED_REFERENCE,reachable or evidence-sensitive; retained in place
outputs/factor_evaluation_batch_v1/alpha360_candidate358_execution/generated_configs/batch_065.yaml,PINNED_REFERENCE,reachable or evidence-sensitive; retained in place
outputs/factor_evaluation_batch_v1/alpha360_candidate358_execution/generated_configs/batch_066.yaml,PINNED_REFERENCE,reachable or evidence-sensitive; retained in place
outputs/factor_evaluation_batch_v1/alpha360_candidate358_execution/generated_configs/batch_067.yaml,PINNED_REFERENCE,reachable or evidence-sensitive; retained in place
outputs/factor_evaluation_batch_v1/alpha360_candidate358_execution/generated_configs/batch_068.yaml,PINNED_REFERENCE,reachable or evidence-sensitive; retained in place
outputs/factor_evaluation_batch_v1/alpha360_candidate358_execution/generated_configs/batch_069.yaml,PINNED_REFERENCE,reachable or evidence-sensitive; retained in place
outputs/factor_evaluation_batch_v1/alpha360_candidate358_execution/generated_configs/batch_070.yaml,PINNED_REFERENCE,reachable or evidence-sensitive; retained in place
outputs/factor_evaluation_batch_v1/alpha360_candidate358_execution/generated_configs/batch_071.yaml,PINNED_REFERENCE,reachable or evidence-sensitive; retained in place
outputs/factor_evaluation_batch_v1/alpha360_candidate358_execution/generated_configs/batch_072.yaml,PINNED_REFERENCE,reachable or evidence-sensitive; retained in place
outputs/factor_evaluation_batch_v1/alpha360_candidate358_execution/selected_factor_catalog.csv,PINNED_REFERENCE,reachable or evidence-sensitive; retained in place
outputs/factor_evaluation_batch_v1/alpha360_candidate358_smoke_batch1/batch_manifest.csv,PINNED_REFERENCE,reachable or evidence-sensitive; retained in place
outputs/factor_evaluation_batch_v1/alpha360_candidate358_smoke_batch1/batch_output_summary.csv,PINNED_REFERENCE,reachable or evidence-sensitive; retained in place
outputs/factor_evaluation_batch_v1/alpha360_candidate358_smoke_batch1/factor_catalog_snapshot.csv,PINNED_REFERENCE,reachable or evidence-sensitive; retained in place
outputs/factor_evaluation_batch_v1/alpha360_candidate358_smoke_batch1/factor_catalog_validation.csv,PINNED_REFERENCE,reachable or evidence-sensitive; retained in place
outputs/factor_evaluation_batch_v1/alpha360_candidate358_smoke_batch1/factor_evaluation_batch_v1_report.md,PINNED_REFERENCE,reachable or evidence-sensitive; retained in place
outputs/factor_evaluation_batch_v1/alpha360_candidate358_smoke_batch1/generated_configs/batch_001.yaml,PINNED_REFERENCE,reachable or evidence-sensitive; retained in place
outputs/factor_evaluation_batch_v1/alpha360_candidate358_smoke_batch1/selected_factor_catalog.csv,PINNED_REFERENCE,reachable or evidence-sensitive; retained in place
outputs/factor_evaluation_batch_v1/smoke_dry_run/batch_manifest.csv,PINNED_REFERENCE,reachable or evidence-sensitive; retained in place
outputs/factor_evaluation_batch_v1/smoke_dry_run/batch_output_summary.csv,PINNED_REFERENCE,reachable or evidence-sensitive; retained in place
outputs/factor_evaluation_batch_v1/smoke_dry_run/factor_catalog_snapshot.csv,PINNED_REFERENCE,reachable or evidence-sensitive; retained in place
outputs/factor_evaluation_batch_v1/smoke_dry_run/factor_catalog_validation.csv,PINNED_REFERENCE,reachable or evidence-sensitive; retained in place
outputs/factor_evaluation_batch_v1/smoke_dry_run/factor_evaluation_batch_v1_report.md,PINNED_REFERENCE,reachable or evidence-sensitive; retained in place
outputs/factor_evaluation_batch_v1/smoke_dry_run/generated_configs/batch_001.yaml,PINNED_REFERENCE,reachable or evidence-sensitive; retained in place
outputs/factor_evaluation_batch_v1/smoke_dry_run/generated_configs/batch_002.yaml,PINNED_REFERENCE,reachable or evidence-sensitive; retained in place
outputs/factor_evaluation_batch_v1/smoke_dry_run/selected_factor_catalog.csv,PINNED_REFERENCE,reachable or evidence-sensitive; retained in place
outputs/factor_evaluation_batch_v1/ta_remaining74_batch1/batch_manifest.csv,PINNED_REFERENCE,reachable or evidence-sensitive; retained in place
outputs/factor_evaluation_batch_v1/ta_remaining74_batch1/batch_output_summary.csv,PINNED_REFERENCE,reachable or evidence-sensitive; retained in place
outputs/factor_evaluation_batch_v1/ta_remaining74_batch1/factor_catalog_snapshot.csv,PINNED_REFERENCE,reachable or evidence-sensitive; retained in place
outputs/factor_evaluation_batch_v1/ta_remaining74_batch1/factor_catalog_validation.csv,PINNED_REFERENCE,reachable or evidence-sensitive; retained in place
outputs/factor_evaluation_batch_v1/ta_remaining74_batch1/factor_evaluation_batch_v1_report.md,PINNED_REFERENCE,reachable or evidence-sensitive; retained in place
outputs/factor_evaluation_batch_v1/ta_remaining74_batch1/generated_configs/batch_001.yaml,PINNED_REFERENCE,reachable or evidence-sensitive; retained in place
outputs/factor_evaluation_batch_v1/ta_remaining74_batch1/generated_configs/batch_002.yaml,PINNED_REFERENCE,reachable or evidence-sensitive; retained in place
outputs/factor_evaluation_batch_v1/ta_remaining74_batch1/generated_configs/batch_003.yaml,PINNED_REFERENCE,reachable or evidence-sensitive; retained in place
outputs/factor_evaluation_batch_v1/ta_remaining74_batch1/generated_configs/batch_004.yaml,PINNED_REFERENCE,reachable or evidence-sensitive; retained in place
outputs/factor_evaluation_batch_v1/ta_remaining74_batch1/generated_configs/batch_005.yaml,PINNED_REFERENCE,reachable or evidence-sensitive; retained in place
outputs/factor_evaluation_batch_v1/ta_remaining74_batch1/generated_configs/batch_006.yaml,PINNED_REFERENCE,reachable or evidence-sensitive; retained in place
outputs/factor_evaluation_batch_v1/ta_remaining74_batch1/generated_configs/batch_007.yaml,PINNED_REFERENCE,reachable or evidence-sensitive; retained in place
outputs/factor_evaluation_batch_v1/ta_remaining74_batch1/generated_configs/batch_008.yaml,PINNED_REFERENCE,reachable or evidence-sensitive; retained in place
outputs/factor_evaluation_batch_v1/ta_remaining74_batch1/generated_configs/batch_009.yaml,PINNED_REFERENCE,reachable or evidence-sensitive; retained in place
outputs/factor_evaluation_batch_v1/ta_remaining74_batch1/generated_configs/batch_010.yaml,PINNED_REFERENCE,reachable or evidence-sensitive; retained in place
outputs/factor_evaluation_batch_v1/ta_remaining74_batch1/generated_configs/batch_011.yaml,PINNED_REFERENCE,reachable or evidence-sensitive; retained in place
outputs/factor_evaluation_batch_v1/ta_remaining74_batch1/generated_configs/batch_012.yaml,PINNED_REFERENCE,reachable or evidence-sensitive; retained in place
outputs/factor_evaluation_batch_v1/ta_remaining74_batch1/generated_configs/batch_013.yaml,PINNED_REFERENCE,reachable or evidence-sensitive; retained in place
outputs/factor_evaluation_batch_v1/ta_remaining74_batch1/generated_configs/batch_014.yaml,PINNED_REFERENCE,reachable or evidence-sensitive; retained in place
outputs/factor_evaluation_batch_v1/ta_remaining74_batch1/generated_configs/batch_015.yaml,PINNED_REFERENCE,reachable or evidence-sensitive; retained in place
outputs/factor_evaluation_batch_v1/ta_remaining74_batch1/selected_factor_catalog.csv,PINNED_REFERENCE,reachable or evidence-sensitive; retained in place
outputs/factor_evaluation_batch_v1/ta_remaining74_batch1/ta_remaining74_metric_index.csv,PINNED_REFERENCE,reachable or evidence-sensitive; retained in place
outputs/factor_evaluation_batch_v1/ta_remaining74_smoke/batch_manifest.csv,PINNED_REFERENCE,reachable or evidence-sensitive; retained in place
outputs/factor_evaluation_batch_v1/ta_remaining74_smoke/batch_output_summary.csv,PINNED_REFERENCE,reachable or evidence-sensitive; retained in place
outputs/factor_evaluation_batch_v1/ta_remaining74_smoke/factor_catalog_snapshot.csv,PINNED_REFERENCE,reachable or evidence-sensitive; retained in place
outputs/factor_evaluation_batch_v1/ta_remaining74_smoke/factor_catalog_validation.csv,PINNED_REFERENCE,reachable or evidence-sensitive; retained in place
outputs/factor_evaluation_batch_v1/ta_remaining74_smoke/factor_evaluation_batch_v1_report.md,PINNED_REFERENCE,reachable or evidence-sensitive; retained in place
outputs/factor_evaluation_batch_v1/ta_remaining74_smoke/generated_configs/batch_001.yaml,PINNED_REFERENCE,reachable or evidence-sensitive; retained in place
outputs/factor_evaluation_batch_v1/ta_remaining74_smoke/generated_configs/batch_002.yaml,PINNED_REFERENCE,reachable or evidence-sensitive; retained in place
outputs/factor_evaluation_batch_v1/ta_remaining74_smoke/generated_configs/batch_003.yaml,PINNED_REFERENCE,reachable or evidence-sensitive; retained in place
outputs/factor_evaluation_batch_v1/ta_remaining74_smoke/generated_configs/batch_004.yaml,PINNED_REFERENCE,reachable or evidence-sensitive; retained in place
outputs/factor_evaluation_batch_v1/ta_remaining74_smoke/generated_configs/batch_005.yaml,PINNED_REFERENCE,reachable or evidence-sensitive; retained in place
outputs/factor_evaluation_batch_v1/ta_remaining74_smoke/generated_configs/batch_006.yaml,PINNED_REFERENCE,reachable or evidence-sensitive; retained in place
outputs/factor_evaluation_batch_v1/ta_remaining74_smoke/generated_configs/batch_007.yaml,PINNED_REFERENCE,reachable or evidence-sensitive; retained in place
outputs/factor_evaluation_batch_v1/ta_remaining74_smoke/generated_configs/batch_008.yaml,PINNED_REFERENCE,reachable or evidence-sensitive; retained in place
outputs/factor_evaluation_batch_v1/ta_remaining74_smoke/generated_configs/batch_009.yaml,PINNED_REFERENCE,reachable or evidence-sensitive; retained in place
outputs/factor_evaluation_batch_v1/ta_remaining74_smoke/generated_configs/batch_010.yaml,PINNED_REFERENCE,reachable or evidence-sensitive; retained in place
outputs/factor_evaluation_batch_v1/ta_remaining74_smoke/generated_configs/batch_011.yaml,PINNED_REFERENCE,reachable or evidence-sensitive; retained in place
outputs/factor_evaluation_batch_v1/ta_remaining74_smoke/generated_configs/batch_012.yaml,PINNED_REFERENCE,reachable or evidence-sensitive; retained in place
outputs/factor_evaluation_batch_v1/ta_remaining74_smoke/generated_configs/batch_013.yaml,PINNED_REFERENCE,reachable or evidence-sensitive; retained in place
outputs/factor_evaluation_batch_v1/ta_remaining74_smoke/generated_configs/batch_014.yaml,PINNED_REFERENCE,reachable or evidence-sensitive; retained in place
outputs/factor_evaluation_batch_v1/ta_remaining74_smoke/generated_configs/batch_015.yaml,PINNED_REFERENCE,reachable or evidence-sensitive; retained in place
outputs/factor_evaluation_batch_v1/ta_remaining74_smoke/selected_factor_catalog.csv,PINNED_REFERENCE,reachable or evidence-sensitive; retained in place
outputs/factor_evaluation_v4/alpha101_smoke_v1/dependency_status.csv,PINNED_REFERENCE,reachable or evidence-sensitive; retained in place
outputs/factor_evaluation_v4/alpha101_smoke_v1/evaluator_status.csv,PINNED_REFERENCE,reachable or evidence-sensitive; retained in place
outputs/factor_evaluation_v4/alpha101_smoke_v1/external_factor_frame/external_factor_frame_manifest.csv,PINNED_REFERENCE,reachable or evidence-sensitive; retained in place
outputs/factor_evaluation_v4/alpha101_smoke_v1/external_factor_frame/external_factor_frame_summary.csv,PINNED_REFERENCE,reachable or evidence-sensitive; retained in place
outputs/factor_evaluation_v4/alpha101_smoke_v1/factor_evaluation_v4_report.md,PINNED_REFERENCE,reachable or evidence-sensitive; retained in place
outputs/factor_evaluation_v4/alpha101_smoke_v1/factor_failure_reasons.csv,PINNED_REFERENCE,reachable or evidence-sensitive; retained in place
outputs/factor_evaluation_v4/alpha101_smoke_v1/open_source_metric_index.csv,PINNED_REFERENCE,reachable or evidence-sensitive; retained in place
outputs/factor_evaluation_v4/alpha158_first20_smoke/alpha158_first20_metric_index.csv,PINNED_REFERENCE,reachable or evidence-sensitive; retained in place
outputs/factor_evaluation_v4/alpha158_first20_smoke/alpha158_first20_summary.md,PINNED_REFERENCE,reachable or evidence-sensitive; retained in place
outputs/factor_evaluation_v4/alpha158_first20_smoke/context/context_coverage.csv,PINNED_REFERENCE,reachable or evidence-sensitive; retained in place
outputs/factor_evaluation_v4/alpha158_first20_smoke/context/context_evaluator_status.csv,PINNED_REFERENCE,reachable or evidence-sensitive; retained in place
outputs/factor_evaluation_v4/alpha158_first20_smoke/context/context_metric_index.csv,PINNED_REFERENCE,reachable or evidence-sensitive; retained in place
outputs/factor_evaluation_v4/alpha158_first20_smoke/dependency_status.csv,PINNED_REFERENCE,reachable or evidence-sensitive; retained in place
outputs/factor_evaluation_v4/alpha158_first20_smoke/evaluator_status.csv,PINNED_REFERENCE,reachable or evidence-sensitive; retained in place
outputs/factor_evaluation_v4/alpha158_first20_smoke/external_factor_frame/external_factor_frame_manifest.csv,PINNED_REFERENCE,reachable or evidence-sensitive; retained in place
outputs/factor_evaluation_v4/alpha158_first20_smoke/external_factor_frame/external_factor_frame_summary.csv,PINNED_REFERENCE,reachable or evidence-sensitive; retained in place
outputs/factor_evaluation_v4/alpha158_first20_smoke/factor_evaluation_v4_report.md,PINNED_REFERENCE,reachable or evidence-sensitive; retained in place
outputs/factor_evaluation_v4/alpha158_first20_smoke/factor_failure_reasons.csv,PINNED_REFERENCE,reachable or evidence-sensitive; retained in place
outputs/factor_evaluation_v4/alpha158_first20_smoke/open_source_metric_index.csv,PINNED_REFERENCE,reachable or evidence-sensitive; retained in place
outputs/factor_evaluation_v4/alpha360_smoke_v1/context/context_coverage.csv,PINNED_REFERENCE,reachable or evidence-sensitive; retained in place
outputs/factor_evaluation_v4/alpha360_smoke_v1/context/context_evaluator_status.csv,PINNED_REFERENCE,reachable or evidence-sensitive; retained in place
outputs/factor_evaluation_v4/alpha360_smoke_v1/context/context_metric_index.csv,PINNED_REFERENCE,reachable or evidence-sensitive; retained in place
outputs/factor_evaluation_v4/alpha360_smoke_v1/dependency_status.csv,PINNED_REFERENCE,reachable or evidence-sensitive; retained in place
outputs/factor_evaluation_v4/alpha360_smoke_v1/evaluator_status.csv,PINNED_REFERENCE,reachable or evidence-sensitive; retained in place
outputs/factor_evaluation_v4/alpha360_smoke_v1/external_factor_frame/external_factor_frame_manifest.csv,PINNED_REFERENCE,reachable or evidence-sensitive; retained in place
outputs/factor_evaluation_v4/alpha360_smoke_v1/external_factor_frame/external_factor_frame_summary.csv,PINNED_REFERENCE,reachable or evidence-sensitive; retained in place
outputs/factor_evaluation_v4/alpha360_smoke_v1/factor_evaluation_v4_report.md,PINNED_REFERENCE,reachable or evidence-sensitive; retained in place
outputs/factor_evaluation_v4/alpha360_smoke_v1/factor_failure_reasons.csv,PINNED_REFERENCE,reachable or evidence-sensitive; retained in place
outputs/factor_evaluation_v4/alpha360_smoke_v1/open_source_metric_index.csv,PINNED_REFERENCE,reachable or evidence-sensitive; retained in place
outputs/factor_evaluation_v4/liquid2000_open_source_eval/adapter_reports/amount_mean_20_alphalens.md,PINNED_REFERENCE,reachable or evidence-sensitive; retained in place
outputs/factor_evaluation_v4/liquid2000_open_source_eval/adapter_reports/amount_mean_20_jqfactor.md,PINNED_REFERENCE,reachable or evidence-sensitive; retained in place
outputs/factor_evaluation_v4/liquid2000_open_source_eval/adapter_reports/amount_mean_20_label_10d_t1_qlib.md,PINNED_REFERENCE,reachable or evidence-sensitive; retained in place
outputs/factor_evaluation_v4/liquid2000_open_source_eval/adapter_reports/amount_mean_20_label_20d_t1_qlib.md,PINNED_REFERENCE,reachable or evidence-sensitive; retained in place
outputs/factor_evaluation_v4/liquid2000_open_source_eval/adapter_reports/downside_std_20_alphalens.md,PINNED_REFERENCE,reachable or evidence-sensitive; retained in place
outputs/factor_evaluation_v4/liquid2000_open_source_eval/adapter_reports/downside_std_20_jqfactor.md,PINNED_REFERENCE,reachable or evidence-sensitive; retained in place
outputs/factor_evaluation_v4/liquid2000_open_source_eval/adapter_reports/downside_std_20_label_10d_t1_qlib.md,PINNED_REFERENCE,reachable or evidence-sensitive; retained in place
outputs/factor_evaluation_v4/liquid2000_open_source_eval/adapter_reports/downside_std_20_label_20d_t1_qlib.md,PINNED_REFERENCE,reachable or evidence-sensitive; retained in place
outputs/factor_evaluation_v4/liquid2000_open_source_eval/adapter_reports/rev_20_exclude_5_alphalens.md,PINNED_REFERENCE,reachable or evidence-sensitive; retained in place
outputs/factor_evaluation_v4/liquid2000_open_source_eval/adapter_reports/rev_20_exclude_5_jqfactor.md,PINNED_REFERENCE,reachable or evidence-sensitive; retained in place
outputs/factor_evaluation_v4/liquid2000_open_source_eval/adapter_reports/rev_20_exclude_5_label_10d_t1_qlib.md,PINNED_REFERENCE,reachable or evidence-sensitive; retained in place
outputs/factor_evaluation_v4/liquid2000_open_source_eval/adapter_reports/rev_20_exclude_5_label_20d_t1_qlib.md,PINNED_REFERENCE,reachable or evidence-sensitive; retained in place
outputs/factor_evaluation_v4/liquid2000_open_source_eval/adapter_reports/rev_5_alphalens.md,PINNED_REFERENCE,reachable or evidence-sensitive; retained in place
outputs/factor_evaluation_v4/liquid2000_open_source_eval/adapter_reports/rev_5_jqfactor.md,PINNED_REFERENCE,reachable or evidence-sensitive; retained in place
outputs/factor_evaluation_v4/liquid2000_open_source_eval/adapter_reports/rev_5_label_10d_t1_qlib.md,PINNED_REFERENCE,reachable or evidence-sensitive; retained in place
outputs/factor_evaluation_v4/liquid2000_open_source_eval/adapter_reports/rev_5_label_20d_t1_qlib.md,PINNED_REFERENCE,reachable or evidence-sensitive; retained in place
outputs/factor_evaluation_v4/liquid2000_open_source_eval/adapter_reports/std_20_alphalens.md,PINNED_REFERENCE,reachable or evidence-sensitive; retained in place
outputs/factor_evaluation_v4/liquid2000_open_source_eval/adapter_reports/std_20_jqfactor.md,PINNED_REFERENCE,reachable or evidence-sensitive; retained in place
outputs/factor_evaluation_v4/liquid2000_open_source_eval/adapter_reports/std_20_label_10d_t1_qlib.md,PINNED_REFERENCE,reachable or evidence-sensitive; retained in place
outputs/factor_evaluation_v4/liquid2000_open_source_eval/adapter_reports/std_20_label_20d_t1_qlib.md,PINNED_REFERENCE,reachable or evidence-sensitive; retained in place
outputs/factor_evaluation_v4/liquid2000_open_source_eval/alphalens_reloaded/amount_mean_20/factor_alpha_beta.csv,PINNED_REFERENCE,reachable or evidence-sensitive; retained in place
outputs/factor_evaluation_v4/liquid2000_open_source_eval/alphalens_reloaded/amount_mean_20/factor_returns.csv,PINNED_REFERENCE,reachable or evidence-sensitive; retained in place
outputs/factor_evaluation_v4/liquid2000_open_source_eval/alphalens_reloaded/amount_mean_20/information_coefficient.csv,PINNED_REFERENCE,reachable or evidence-sensitive; retained in place
outputs/factor_evaluation_v4/liquid2000_open_source_eval/alphalens_reloaded/amount_mean_20/mean_information_coefficient.csv,PINNED_REFERENCE,reachable or evidence-sensitive; retained in place
outputs/factor_evaluation_v4/liquid2000_open_source_eval/alphalens_reloaded/amount_mean_20/mean_return_by_quantile.csv,PINNED_REFERENCE,reachable or evidence-sensitive; retained in place
outputs/factor_evaluation_v4/liquid2000_open_source_eval/alphalens_reloaded/amount_mean_20/mean_return_by_quantile_std_error.csv,PINNED_REFERENCE,reachable or evidence-sensitive; retained in place
outputs/factor_evaluation_v4/liquid2000_open_source_eval/alphalens_reloaded/amount_mean_20/quantile_turnover.csv,PINNED_REFERENCE,reachable or evidence-sensitive; retained in place
outputs/factor_evaluation_v4/liquid2000_open_source_eval/alphalens_reloaded/amount_mean_20/rank_autocorrelation.csv,PINNED_REFERENCE,reachable or evidence-sensitive; retained in place
outputs/factor_evaluation_v4/liquid2000_open_source_eval/alphalens_reloaded/downside_std_20/factor_alpha_beta.csv,PINNED_REFERENCE,reachable or evidence-sensitive; retained in place
outputs/factor_evaluation_v4/liquid2000_open_source_eval/alphalens_reloaded/downside_std_20/factor_returns.csv,PINNED_REFERENCE,reachable or evidence-sensitive; retained in place
outputs/factor_evaluation_v4/liquid2000_open_source_eval/alphalens_reloaded/downside_std_20/information_coefficient.csv,PINNED_REFERENCE,reachable or evidence-sensitive; retained in place
outputs/factor_evaluation_v4/liquid2000_open_source_eval/alphalens_reloaded/downside_std_20/mean_information_coefficient.csv,PINNED_REFERENCE,reachable or evidence-sensitive; retained in place
outputs/factor_evaluation_v4/liquid2000_open_source_eval/alphalens_reloaded/downside_std_20/mean_return_by_quantile.csv,PINNED_REFERENCE,reachable or evidence-sensitive; retained in place
outputs/factor_evaluation_v4/liquid2000_open_source_eval/alphalens_reloaded/downside_std_20/mean_return_by_quantile_std_error.csv,PINNED_REFERENCE,reachable or evidence-sensitive; retained in place
outputs/factor_evaluation_v4/liquid2000_open_source_eval/alphalens_reloaded/downside_std_20/quantile_turnover.csv,PINNED_REFERENCE,reachable or evidence-sensitive; retained in place
outputs/factor_evaluation_v4/liquid2000_open_source_eval/alphalens_reloaded/downside_std_20/rank_autocorrelation.csv,PINNED_REFERENCE,reachable or evidence-sensitive; retained in place
outputs/factor_evaluation_v4/liquid2000_open_source_eval/alphalens_reloaded/rev_20_exclude_5/factor_alpha_beta.csv,PINNED_REFERENCE,reachable or evidence-sensitive; retained in place
outputs/factor_evaluation_v4/liquid2000_open_source_eval/alphalens_reloaded/rev_20_exclude_5/factor_returns.csv,PINNED_REFERENCE,reachable or evidence-sensitive; retained in place
outputs/factor_evaluation_v4/liquid2000_open_source_eval/alphalens_reloaded/rev_20_exclude_5/information_coefficient.csv,PINNED_REFERENCE,reachable or evidence-sensitive; retained in place
outputs/factor_evaluation_v4/liquid2000_open_source_eval/alphalens_reloaded/rev_20_exclude_5/mean_information_coefficient.csv,PINNED_REFERENCE,reachable or evidence-sensitive; retained in place
outputs/factor_evaluation_v4/liquid2000_open_source_eval/alphalens_reloaded/rev_20_exclude_5/mean_return_by_quantile.csv,PINNED_REFERENCE,reachable or evidence-sensitive; retained in place
outputs/factor_evaluation_v4/liquid2000_open_source_eval/alphalens_reloaded/rev_20_exclude_5/mean_return_by_quantile_std_error.csv,PINNED_REFERENCE,reachable or evidence-sensitive; retained in place
outputs/factor_evaluation_v4/liquid2000_open_source_eval/alphalens_reloaded/rev_20_exclude_5/quantile_turnover.csv,PINNED_REFERENCE,reachable or evidence-sensitive; retained in place
outputs/factor_evaluation_v4/liquid2000_open_source_eval/alphalens_reloaded/rev_20_exclude_5/rank_autocorrelation.csv,PINNED_REFERENCE,reachable or evidence-sensitive; retained in place
outputs/factor_evaluation_v4/liquid2000_open_source_eval/alphalens_reloaded/rev_5/factor_alpha_beta.csv,PINNED_REFERENCE,reachable or evidence-sensitive; retained in place
outputs/factor_evaluation_v4/liquid2000_open_source_eval/alphalens_reloaded/rev_5/factor_returns.csv,PINNED_REFERENCE,reachable or evidence-sensitive; retained in place
outputs/factor_evaluation_v4/liquid2000_open_source_eval/alphalens_reloaded/rev_5/information_coefficient.csv,PINNED_REFERENCE,reachable or evidence-sensitive; retained in place
outputs/factor_evaluation_v4/liquid2000_open_source_eval/alphalens_reloaded/rev_5/mean_information_coefficient.csv,PINNED_REFERENCE,reachable or evidence-sensitive; retained in place
outputs/factor_evaluation_v4/liquid2000_open_source_eval/alphalens_reloaded/rev_5/mean_return_by_quantile.csv,PINNED_REFERENCE,reachable or evidence-sensitive; retained in place
outputs/factor_evaluation_v4/liquid2000_open_source_eval/alphalens_reloaded/rev_5/mean_return_by_quantile_std_error.csv,PINNED_REFERENCE,reachable or evidence-sensitive; retained in place
outputs/factor_evaluation_v4/liquid2000_open_source_eval/alphalens_reloaded/rev_5/quantile_turnover.csv,PINNED_REFERENCE,reachable or evidence-sensitive; retained in place
outputs/factor_evaluation_v4/liquid2000_open_source_eval/alphalens_reloaded/rev_5/rank_autocorrelation.csv,PINNED_REFERENCE,reachable or evidence-sensitive; retained in place
outputs/factor_evaluation_v4/liquid2000_open_source_eval/alphalens_reloaded/std_20/factor_alpha_beta.csv,PINNED_REFERENCE,reachable or evidence-sensitive; retained in place
outputs/factor_evaluation_v4/liquid2000_open_source_eval/alphalens_reloaded/std_20/factor_returns.csv,PINNED_REFERENCE,reachable or evidence-sensitive; retained in place
outputs/factor_evaluation_v4/liquid2000_open_source_eval/alphalens_reloaded/std_20/information_coefficient.csv,PINNED_REFERENCE,reachable or evidence-sensitive; retained in place
outputs/factor_evaluation_v4/liquid2000_open_source_eval/alphalens_reloaded/std_20/mean_information_coefficient.csv,PINNED_REFERENCE,reachable or evidence-sensitive; retained in place
outputs/factor_evaluation_v4/liquid2000_open_source_eval/alphalens_reloaded/std_20/mean_return_by_quantile.csv,PINNED_REFERENCE,reachable or evidence-sensitive; retained in place
outputs/factor_evaluation_v4/liquid2000_open_source_eval/alphalens_reloaded/std_20/mean_return_by_quantile_std_error.csv,PINNED_REFERENCE,reachable or evidence-sensitive; retained in place
outputs/factor_evaluation_v4/liquid2000_open_source_eval/alphalens_reloaded/std_20/quantile_turnover.csv,PINNED_REFERENCE,reachable or evidence-sensitive; retained in place
outputs/factor_evaluation_v4/liquid2000_open_source_eval/alphalens_reloaded/std_20/rank_autocorrelation.csv,PINNED_REFERENCE,reachable or evidence-sensitive; retained in place
outputs/factor_evaluation_v4/liquid2000_open_source_eval/context/alphalens_reloaded/amount_mean_20/benchmark_excess_return/index_segment/adapter_report.md,PINNED_REFERENCE,reachable or evidence-sensitive; retained in place
outputs/factor_evaluation_v4/liquid2000_open_source_eval/context/alphalens_reloaded/amount_mean_20/benchmark_excess_return/index_segment/information_coefficient_by_group.csv,PINNED_REFERENCE,reachable or evidence-sensitive; retained in place
outputs/factor_evaluation_v4/liquid2000_open_source_eval/context/alphalens_reloaded/amount_mean_20/benchmark_excess_return/index_segment/mean_information_coefficient_by_group.csv,PINNED_REFERENCE,reachable or evidence-sensitive; retained in place
outputs/factor_evaluation_v4/liquid2000_open_source_eval/context/alphalens_reloaded/amount_mean_20/benchmark_excess_return/index_segment/mean_return_by_quantile_by_group.csv,PINNED_REFERENCE,reachable or evidence-sensitive; retained in place
outputs/factor_evaluation_v4/liquid2000_open_source_eval/context/alphalens_reloaded/amount_mean_20/benchmark_excess_return/index_segment/mean_return_by_quantile_by_group_std_error.csv,PINNED_REFERENCE,reachable or evidence-sensitive; retained in place
outputs/factor_evaluation_v4/liquid2000_open_source_eval/context/alphalens_reloaded/amount_mean_20/raw_return/index_segment/adapter_report.md,PINNED_REFERENCE,reachable or evidence-sensitive; retained in place
outputs/factor_evaluation_v4/liquid2000_open_source_eval/context/alphalens_reloaded/amount_mean_20/raw_return/index_segment/information_coefficient_by_group.csv,PINNED_REFERENCE,reachable or evidence-sensitive; retained in place
outputs/factor_evaluation_v4/liquid2000_open_source_eval/context/alphalens_reloaded/amount_mean_20/raw_return/index_segment/mean_information_coefficient_by_group.csv,PINNED_REFERENCE,reachable or evidence-sensitive; retained in place
outputs/factor_evaluation_v4/liquid2000_open_source_eval/context/alphalens_reloaded/amount_mean_20/raw_return/index_segment/mean_return_by_quantile_by_group.csv,PINNED_REFERENCE,reachable or evidence-sensitive; retained in place
outputs/factor_evaluation_v4/liquid2000_open_source_eval/context/alphalens_reloaded/amount_mean_20/raw_return/index_segment/mean_return_by_quantile_by_group_std_error.csv,PINNED_REFERENCE,reachable or evidence-sensitive; retained in place
outputs/factor_evaluation_v4/liquid2000_open_source_eval/context/alphalens_reloaded/downside_std_20/benchmark_excess_return/index_segment/adapter_report.md,PINNED_REFERENCE,reachable or evidence-sensitive; retained in place
outputs/factor_evaluation_v4/liquid2000_open_source_eval/context/alphalens_reloaded/downside_std_20/benchmark_excess_return/index_segment/information_coefficient_by_group.csv,PINNED_REFERENCE,reachable or evidence-sensitive; retained in place
outputs/factor_evaluation_v4/liquid2000_open_source_eval/context/alphalens_reloaded/downside_std_20/benchmark_excess_return/index_segment/mean_information_coefficient_by_group.csv,PINNED_REFERENCE,reachable or evidence-sensitive; retained in place
outputs/factor_evaluation_v4/liquid2000_open_source_eval/context/alphalens_reloaded/downside_std_20/benchmark_excess_return/index_segment/mean_return_by_quantile_by_group.csv,PINNED_REFERENCE,reachable or evidence-sensitive; retained in place
outputs/factor_evaluation_v4/liquid2000_open_source_eval/context/alphalens_reloaded/downside_std_20/benchmark_excess_return/index_segment/mean_return_by_quantile_by_group_std_error.csv,PINNED_REFERENCE,reachable or evidence-sensitive; retained in place
outputs/factor_evaluation_v4/liquid2000_open_source_eval/context/alphalens_reloaded/downside_std_20/raw_return/index_segment/adapter_report.md,PINNED_REFERENCE,reachable or evidence-sensitive; retained in place
outputs/factor_evaluation_v4/liquid2000_open_source_eval/context/alphalens_reloaded/downside_std_20/raw_return/index_segment/information_coefficient_by_group.csv,PINNED_REFERENCE,reachable or evidence-sensitive; retained in place
outputs/factor_evaluation_v4/liquid2000_open_source_eval/context/alphalens_reloaded/downside_std_20/raw_return/index_segment/mean_information_coefficient_by_group.csv,PINNED_REFERENCE,reachable or evidence-sensitive; retained in place
outputs/factor_evaluation_v4/liquid2000_open_source_eval/context/alphalens_reloaded/downside_std_20/raw_return/index_segment/mean_return_by_quantile_by_group.csv,PINNED_REFERENCE,reachable or evidence-sensitive; retained in place
outputs/factor_evaluation_v4/liquid2000_open_source_eval/context/alphalens_reloaded/downside_std_20/raw_return/index_segment/mean_return_by_quantile_by_group_std_error.csv,PINNED_REFERENCE,reachable or evidence-sensitive; retained in place
outputs/factor_evaluation_v4/liquid2000_open_source_eval/context/alphalens_reloaded/rev_20_exclude_5/benchmark_excess_return/index_segment/adapter_report.md,PINNED_REFERENCE,reachable or evidence-sensitive; retained in place
outputs/factor_evaluation_v4/liquid2000_open_source_eval/context/alphalens_reloaded/rev_20_exclude_5/benchmark_excess_return/index_segment/information_coefficient_by_group.csv,PINNED_REFERENCE,reachable or evidence-sensitive; retained in place
outputs/factor_evaluation_v4/liquid2000_open_source_eval/context/alphalens_reloaded/rev_20_exclude_5/benchmark_excess_return/index_segment/mean_information_coefficient_by_group.csv,PINNED_REFERENCE,reachable or evidence-sensitive; retained in place
outputs/factor_evaluation_v4/liquid2000_open_source_eval/context/alphalens_reloaded/rev_20_exclude_5/benchmark_excess_return/index_segment/mean_return_by_quantile_by_group.csv,PINNED_REFERENCE,reachable or evidence-sensitive; retained in place
outputs/factor_evaluation_v4/liquid2000_open_source_eval/context/alphalens_reloaded/rev_20_exclude_5/benchmark_excess_return/index_segment/mean_return_by_quantile_by_group_std_error.csv,PINNED_REFERENCE,reachable or evidence-sensitive; retained in place
outputs/factor_evaluation_v4/liquid2000_open_source_eval/context/alphalens_reloaded/rev_20_exclude_5/raw_return/index_segment/adapter_report.md,PINNED_REFERENCE,reachable or evidence-sensitive; retained in place
outputs/factor_evaluation_v4/liquid2000_open_source_eval/context/alphalens_reloaded/rev_20_exclude_5/raw_return/index_segment/information_coefficient_by_group.csv,PINNED_REFERENCE,reachable or evidence-sensitive; retained in place
outputs/factor_evaluation_v4/liquid2000_open_source_eval/context/alphalens_reloaded/rev_20_exclude_5/raw_return/index_segment/mean_information_coefficient_by_group.csv,PINNED_REFERENCE,reachable or evidence-sensitive; retained in place
outputs/factor_evaluation_v4/liquid2000_open_source_eval/context/alphalens_reloaded/rev_20_exclude_5/raw_return/index_segment/mean_return_by_quantile_by_group.csv,PINNED_REFERENCE,reachable or evidence-sensitive; retained in place
outputs/factor_evaluation_v4/liquid2000_open_source_eval/context/alphalens_reloaded/rev_20_exclude_5/raw_return/index_segment/mean_return_by_quantile_by_group_std_error.csv,PINNED_REFERENCE,reachable or evidence-sensitive; retained in place
outputs/factor_evaluation_v4/liquid2000_open_source_eval/context/alphalens_reloaded/rev_5/benchmark_excess_return/index_segment/adapter_report.md,PINNED_REFERENCE,reachable or evidence-sensitive; retained in place
outputs/factor_evaluation_v4/liquid2000_open_source_eval/context/alphalens_reloaded/rev_5/benchmark_excess_return/index_segment/information_coefficient_by_group.csv,PINNED_REFERENCE,reachable or evidence-sensitive; retained in place
outputs/factor_evaluation_v4/liquid2000_open_source_eval/context/alphalens_reloaded/rev_5/benchmark_excess_return/index_segment/mean_information_coefficient_by_group.csv,PINNED_REFERENCE,reachable or evidence-sensitive; retained in place
outputs/factor_evaluation_v4/liquid2000_open_source_eval/context/alphalens_reloaded/rev_5/benchmark_excess_return/index_segment/mean_return_by_quantile_by_group.csv,PINNED_REFERENCE,reachable or evidence-sensitive; retained in place
outputs/factor_evaluation_v4/liquid2000_open_source_eval/context/alphalens_reloaded/rev_5/benchmark_excess_return/index_segment/mean_return_by_quantile_by_group_std_error.csv,PINNED_REFERENCE,reachable or evidence-sensitive; retained in place
outputs/factor_evaluation_v4/liquid2000_open_source_eval/context/alphalens_reloaded/rev_5/raw_return/index_segment/adapter_report.md,PINNED_REFERENCE,reachable or evidence-sensitive; retained in place
outputs/factor_evaluation_v4/liquid2000_open_source_eval/context/alphalens_reloaded/rev_5/raw_return/index_segment/information_coefficient_by_group.csv,PINNED_REFERENCE,reachable or evidence-sensitive; retained in place
outputs/factor_evaluation_v4/liquid2000_open_source_eval/context/alphalens_reloaded/rev_5/raw_return/index_segment/mean_information_coefficient_by_group.csv,PINNED_REFERENCE,reachable or evidence-sensitive; retained in place
outputs/factor_evaluation_v4/liquid2000_open_source_eval/context/alphalens_reloaded/rev_5/raw_return/index_segment/mean_return_by_quantile_by_group.csv,PINNED_REFERENCE,reachable or evidence-sensitive; retained in place
outputs/factor_evaluation_v4/liquid2000_open_source_eval/context/alphalens_reloaded/rev_5/raw_return/index_segment/mean_return_by_quantile_by_group_std_error.csv,PINNED_REFERENCE,reachable or evidence-sensitive; retained in place
outputs/factor_evaluation_v4/liquid2000_open_source_eval/context/alphalens_reloaded/std_20/benchmark_excess_return/index_segment/adapter_report.md,PINNED_REFERENCE,reachable or evidence-sensitive; retained in place
outputs/factor_evaluation_v4/liquid2000_open_source_eval/context/alphalens_reloaded/std_20/benchmark_excess_return/index_segment/information_coefficient_by_group.csv,PINNED_REFERENCE,reachable or evidence-sensitive; retained in place
outputs/factor_evaluation_v4/liquid2000_open_source_eval/context/alphalens_reloaded/std_20/benchmark_excess_return/index_segment/mean_information_coefficient_by_group.csv,PINNED_REFERENCE,reachable or evidence-sensitive; retained in place
outputs/factor_evaluation_v4/liquid2000_open_source_eval/context/alphalens_reloaded/std_20/benchmark_excess_return/index_segment/mean_return_by_quantile_by_group.csv,PINNED_REFERENCE,reachable or evidence-sensitive; retained in place
outputs/factor_evaluation_v4/liquid2000_open_source_eval/context/alphalens_reloaded/std_20/benchmark_excess_return/index_segment/mean_return_by_quantile_by_group_std_error.csv,PINNED_REFERENCE,reachable or evidence-sensitive; retained in place
outputs/factor_evaluation_v4/liquid2000_open_source_eval/context/alphalens_reloaded/std_20/raw_return/index_segment/adapter_report.md,PINNED_REFERENCE,reachable or evidence-sensitive; retained in place
outputs/factor_evaluation_v4/liquid2000_open_source_eval/context/alphalens_reloaded/std_20/raw_return/index_segment/information_coefficient_by_group.csv,PINNED_REFERENCE,reachable or evidence-sensitive; retained in place
outputs/factor_evaluation_v4/liquid2000_open_source_eval/context/alphalens_reloaded/std_20/raw_return/index_segment/mean_information_coefficient_by_group.csv,PINNED_REFERENCE,reachable or evidence-sensitive; retained in place
outputs/factor_evaluation_v4/liquid2000_open_source_eval/context/alphalens_reloaded/std_20/raw_return/index_segment/mean_return_by_quantile_by_group.csv,PINNED_REFERENCE,reachable or evidence-sensitive; retained in place
outputs/factor_evaluation_v4/liquid2000_open_source_eval/context/alphalens_reloaded/std_20/raw_return/index_segment/mean_return_by_quantile_by_group_std_error.csv,PINNED_REFERENCE,reachable or evidence-sensitive; retained in place
outputs/factor_evaluation_v4/liquid2000_open_source_eval/context/context_config.yaml,PINNED_REFERENCE,reachable or evidence-sensitive; retained in place
outputs/factor_evaluation_v4/liquid2000_open_source_eval/context/context_coverage.csv,PINNED_REFERENCE,reachable or evidence-sensitive; retained in place
outputs/factor_evaluation_v4/liquid2000_open_source_eval/context/context_evaluator_status.csv,PINNED_REFERENCE,reachable or evidence-sensitive; retained in place
outputs/factor_evaluation_v4/liquid2000_open_source_eval/context/context_keys_sample.csv,PINNED_REFERENCE,reachable or evidence-sensitive; retained in place
outputs/factor_evaluation_v4/liquid2000_open_source_eval/context/context_metric_index.csv,PINNED_REFERENCE,reachable or evidence-sensitive; retained in place
outputs/factor_evaluation_v4/liquid2000_open_source_eval/context/jqfactor_analyzer/amount_mean_20/benchmark_excess_return/index_segment/adapter_report.md,PINNED_REFERENCE,reachable or evidence-sensitive; retained in place
outputs/factor_evaluation_v4/liquid2000_open_source_eval/context/jqfactor_analyzer/amount_mean_20/benchmark_excess_return/index_segment/information_coefficient_by_group.csv,PINNED_REFERENCE,reachable or evidence-sensitive; retained in place
outputs/factor_evaluation_v4/liquid2000_open_source_eval/context/jqfactor_analyzer/amount_mean_20/benchmark_excess_return/index_segment/mean_information_coefficient_by_group.csv,PINNED_REFERENCE,reachable or evidence-sensitive; retained in place
outputs/factor_evaluation_v4/liquid2000_open_source_eval/context/jqfactor_analyzer/amount_mean_20/benchmark_excess_return/index_segment/mean_return_by_quantile_by_group.csv,PINNED_REFERENCE,reachable or evidence-sensitive; retained in place
outputs/factor_evaluation_v4/liquid2000_open_source_eval/context/jqfactor_analyzer/amount_mean_20/benchmark_excess_return/index_segment/mean_return_by_quantile_by_group_std_error.csv,PINNED_REFERENCE,reachable or evidence-sensitive; retained in place
outputs/factor_evaluation_v4/liquid2000_open_source_eval/context/jqfactor_analyzer/amount_mean_20/raw_return/index_segment/adapter_report.md,PINNED_REFERENCE,reachable or evidence-sensitive; retained in place
outputs/factor_evaluation_v4/liquid2000_open_source_eval/context/jqfactor_analyzer/amount_mean_20/raw_return/index_segment/information_coefficient_by_group.csv,PINNED_REFERENCE,reachable or evidence-sensitive; retained in place
outputs/factor_evaluation_v4/liquid2000_open_source_eval/context/jqfactor_analyzer/amount_mean_20/raw_return/index_segment/mean_information_coefficient_by_group.csv,PINNED_REFERENCE,reachable or evidence-sensitive; retained in place
outputs/factor_evaluation_v4/liquid2000_open_source_eval/context/jqfactor_analyzer/amount_mean_20/raw_return/index_segment/mean_return_by_quantile_by_group.csv,PINNED_REFERENCE,reachable or evidence-sensitive; retained in place
outputs/factor_evaluation_v4/liquid2000_open_source_eval/context/jqfactor_analyzer/amount_mean_20/raw_return/index_segment/mean_return_by_quantile_by_group_std_error.csv,PINNED_REFERENCE,reachable or evidence-sensitive; retained in place
outputs/factor_evaluation_v4/liquid2000_open_source_eval/context/jqfactor_analyzer/downside_std_20/benchmark_excess_return/index_segment/adapter_report.md,PINNED_REFERENCE,reachable or evidence-sensitive; retained in place
outputs/factor_evaluation_v4/liquid2000_open_source_eval/context/jqfactor_analyzer/downside_std_20/benchmark_excess_return/index_segment/information_coefficient_by_group.csv,PINNED_REFERENCE,reachable or evidence-sensitive; retained in place
outputs/factor_evaluation_v4/liquid2000_open_source_eval/context/jqfactor_analyzer/downside_std_20/benchmark_excess_return/index_segment/mean_information_coefficient_by_group.csv,PINNED_REFERENCE,reachable or evidence-sensitive; retained in place
outputs/factor_evaluation_v4/liquid2000_open_source_eval/context/jqfactor_analyzer/downside_std_20/benchmark_excess_return/index_segment/mean_return_by_quantile_by_group.csv,PINNED_REFERENCE,reachable or evidence-sensitive; retained in place
outputs/factor_evaluation_v4/liquid2000_open_source_eval/context/jqfactor_analyzer/downside_std_20/benchmark_excess_return/index_segment/mean_return_by_quantile_by_group_std_error.csv,PINNED_REFERENCE,reachable or evidence-sensitive; retained in place
outputs/factor_evaluation_v4/liquid2000_open_source_eval/context/jqfactor_analyzer/downside_std_20/raw_return/index_segment/adapter_report.md,PINNED_REFERENCE,reachable or evidence-sensitive; retained in place
outputs/factor_evaluation_v4/liquid2000_open_source_eval/context/jqfactor_analyzer/downside_std_20/raw_return/index_segment/information_coefficient_by_group.csv,PINNED_REFERENCE,reachable or evidence-sensitive; retained in place
outputs/factor_evaluation_v4/liquid2000_open_source_eval/context/jqfactor_analyzer/downside_std_20/raw_return/index_segment/mean_information_coefficient_by_group.csv,PINNED_REFERENCE,reachable or evidence-sensitive; retained in place
outputs/factor_evaluation_v4/liquid2000_open_source_eval/context/jqfactor_analyzer/downside_std_20/raw_return/index_segment/mean_return_by_quantile_by_group.csv,PINNED_REFERENCE,reachable or evidence-sensitive; retained in place
outputs/factor_evaluation_v4/liquid2000_open_source_eval/context/jqfactor_analyzer/downside_std_20/raw_return/index_segment/mean_return_by_quantile_by_group_std_error.csv,PINNED_REFERENCE,reachable or evidence-sensitive; retained in place
outputs/factor_evaluation_v4/liquid2000_open_source_eval/context/jqfactor_analyzer/rev_20_exclude_5/benchmark_excess_return/index_segment/adapter_report.md,PINNED_REFERENCE,reachable or evidence-sensitive; retained in place
outputs/factor_evaluation_v4/liquid2000_open_source_eval/context/jqfactor_analyzer/rev_20_exclude_5/benchmark_excess_return/index_segment/information_coefficient_by_group.csv,PINNED_REFERENCE,reachable or evidence-sensitive; retained in place
outputs/factor_evaluation_v4/liquid2000_open_source_eval/context/jqfactor_analyzer/rev_20_exclude_5/benchmark_excess_return/index_segment/mean_information_coefficient_by_group.csv,PINNED_REFERENCE,reachable or evidence-sensitive; retained in place
outputs/factor_evaluation_v4/liquid2000_open_source_eval/context/jqfactor_analyzer/rev_20_exclude_5/benchmark_excess_return/index_segment/mean_return_by_quantile_by_group.csv,PINNED_REFERENCE,reachable or evidence-sensitive; retained in place
outputs/factor_evaluation_v4/liquid2000_open_source_eval/context/jqfactor_analyzer/rev_20_exclude_5/benchmark_excess_return/index_segment/mean_return_by_quantile_by_group_std_error.csv,PINNED_REFERENCE,reachable or evidence-sensitive; retained in place
outputs/factor_evaluation_v4/liquid2000_open_source_eval/context/jqfactor_analyzer/rev_20_exclude_5/raw_return/index_segment/adapter_report.md,PINNED_REFERENCE,reachable or evidence-sensitive; retained in place
outputs/factor_evaluation_v4/liquid2000_open_source_eval/context/jqfactor_analyzer/rev_20_exclude_5/raw_return/index_segment/information_coefficient_by_group.csv,PINNED_REFERENCE,reachable or evidence-sensitive; retained in place
outputs/factor_evaluation_v4/liquid2000_open_source_eval/context/jqfactor_analyzer/rev_20_exclude_5/raw_return/index_segment/mean_information_coefficient_by_group.csv,PINNED_REFERENCE,reachable or evidence-sensitive; retained in place
outputs/factor_evaluation_v4/liquid2000_open_source_eval/context/jqfactor_analyzer/rev_20_exclude_5/raw_return/index_segment/mean_return_by_quantile_by_group.csv,PINNED_REFERENCE,reachable or evidence-sensitive; retained in place
outputs/factor_evaluation_v4/liquid2000_open_source_eval/context/jqfactor_analyzer/rev_20_exclude_5/raw_return/index_segment/mean_return_by_quantile_by_group_std_error.csv,PINNED_REFERENCE,reachable or evidence-sensitive; retained in place
outputs/factor_evaluation_v4/liquid2000_open_source_eval/context/jqfactor_analyzer/rev_5/benchmark_excess_return/index_segment/adapter_report.md,PINNED_REFERENCE,reachable or evidence-sensitive; retained in place
outputs/factor_evaluation_v4/liquid2000_open_source_eval/context/jqfactor_analyzer/rev_5/benchmark_excess_return/index_segment/information_coefficient_by_group.csv,PINNED_REFERENCE,reachable or evidence-sensitive; retained in place
outputs/factor_evaluation_v4/liquid2000_open_source_eval/context/jqfactor_analyzer/rev_5/benchmark_excess_return/index_segment/mean_information_coefficient_by_group.csv,PINNED_REFERENCE,reachable or evidence-sensitive; retained in place
outputs/factor_evaluation_v4/liquid2000_open_source_eval/context/jqfactor_analyzer/rev_5/benchmark_excess_return/index_segment/mean_return_by_quantile_by_group.csv,PINNED_REFERENCE,reachable or evidence-sensitive; retained in place
outputs/factor_evaluation_v4/liquid2000_open_source_eval/context/jqfactor_analyzer/rev_5/benchmark_excess_return/index_segment/mean_return_by_quantile_by_group_std_error.csv,PINNED_REFERENCE,reachable or evidence-sensitive; retained in place
outputs/factor_evaluation_v4/liquid2000_open_source_eval/context/jqfactor_analyzer/rev_5/raw_return/index_segment/adapter_report.md,PINNED_REFERENCE,reachable or evidence-sensitive; retained in place
outputs/factor_evaluation_v4/liquid2000_open_source_eval/context/jqfactor_analyzer/rev_5/raw_return/index_segment/information_coefficient_by_group.csv,PINNED_REFERENCE,reachable or evidence-sensitive; retained in place
outputs/factor_evaluation_v4/liquid2000_open_source_eval/context/jqfactor_analyzer/rev_5/raw_return/index_segment/mean_information_coefficient_by_group.csv,PINNED_REFERENCE,reachable or evidence-sensitive; retained in place
outputs/factor_evaluation_v4/liquid2000_open_source_eval/context/jqfactor_analyzer/rev_5/raw_return/index_segment/mean_return_by_quantile_by_group.csv,PINNED_REFERENCE,reachable or evidence-sensitive; retained in place
outputs/factor_evaluation_v4/liquid2000_open_source_eval/context/jqfactor_analyzer/rev_5/raw_return/index_segment/mean_return_by_quantile_by_group_std_error.csv,PINNED_REFERENCE,reachable or evidence-sensitive; retained in place
outputs/factor_evaluation_v4/liquid2000_open_source_eval/context/jqfactor_analyzer/std_20/benchmark_excess_return/index_segment/adapter_report.md,PINNED_REFERENCE,reachable or evidence-sensitive; retained in place
outputs/factor_evaluation_v4/liquid2000_open_source_eval/context/jqfactor_analyzer/std_20/benchmark_excess_return/index_segment/information_coefficient_by_group.csv,PINNED_REFERENCE,reachable or evidence-sensitive; retained in place
outputs/factor_evaluation_v4/liquid2000_open_source_eval/context/jqfactor_analyzer/std_20/benchmark_excess_return/index_segment/mean_information_coefficient_by_group.csv,PINNED_REFERENCE,reachable or evidence-sensitive; retained in place
outputs/factor_evaluation_v4/liquid2000_open_source_eval/context/jqfactor_analyzer/std_20/benchmark_excess_return/index_segment/mean_return_by_quantile_by_group.csv,PINNED_REFERENCE,reachable or evidence-sensitive; retained in place
outputs/factor_evaluation_v4/liquid2000_open_source_eval/context/jqfactor_analyzer/std_20/benchmark_excess_return/index_segment/mean_return_by_quantile_by_group_std_error.csv,PINNED_REFERENCE,reachable or evidence-sensitive; retained in place
outputs/factor_evaluation_v4/liquid2000_open_source_eval/context/jqfactor_analyzer/std_20/raw_return/index_segment/adapter_report.md,PINNED_REFERENCE,reachable or evidence-sensitive; retained in place
outputs/factor_evaluation_v4/liquid2000_open_source_eval/context/jqfactor_analyzer/std_20/raw_return/index_segment/information_coefficient_by_group.csv,PINNED_REFERENCE,reachable or evidence-sensitive; retained in place
outputs/factor_evaluation_v4/liquid2000_open_source_eval/context/jqfactor_analyzer/std_20/raw_return/index_segment/mean_information_coefficient_by_group.csv,PINNED_REFERENCE,reachable or evidence-sensitive; retained in place
outputs/factor_evaluation_v4/liquid2000_open_source_eval/context/jqfactor_analyzer/std_20/raw_return/index_segment/mean_return_by_quantile_by_group.csv,PINNED_REFERENCE,reachable or evidence-sensitive; retained in place
outputs/factor_evaluation_v4/liquid2000_open_source_eval/context/jqfactor_analyzer/std_20/raw_return/index_segment/mean_return_by_quantile_by_group_std_error.csv,PINNED_REFERENCE,reachable or evidence-sensitive; retained in place
outputs/factor_evaluation_v4/liquid2000_open_source_eval/dependency_status.csv,PINNED_REFERENCE,reachable or evidence-sensitive; retained in place
outputs/factor_evaluation_v4/liquid2000_open_source_eval/evaluator_status.csv,PINNED_REFERENCE,reachable or evidence-sensitive; retained in place
outputs/factor_evaluation_v4/liquid2000_open_source_eval/factor_evaluation_v4_report.md,PINNED_REFERENCE,reachable or evidence-sensitive; retained in place
outputs/factor_evaluation_v4/liquid2000_open_source_eval/factor_failure_reasons.csv,PINNED_REFERENCE,reachable or evidence-sensitive; retained in place
outputs/factor_evaluation_v4/liquid2000_open_source_eval/input_samples/amount_mean_20_alphalens_sample.csv,PINNED_REFERENCE,reachable or evidence-sensitive; retained in place
outputs/factor_evaluation_v4/liquid2000_open_source_eval/input_samples/amount_mean_20_jqfactor_sample.csv,PINNED_REFERENCE,reachable or evidence-sensitive; retained in place
outputs/factor_evaluation_v4/liquid2000_open_source_eval/input_samples/amount_mean_20_label_10d_t1_qlib_sample.csv,PINNED_REFERENCE,reachable or evidence-sensitive; retained in place
outputs/factor_evaluation_v4/liquid2000_open_source_eval/input_samples/amount_mean_20_label_20d_t1_qlib_sample.csv,PINNED_REFERENCE,reachable or evidence-sensitive; retained in place
outputs/factor_evaluation_v4/liquid2000_open_source_eval/input_samples/downside_std_20_alphalens_sample.csv,PINNED_REFERENCE,reachable or evidence-sensitive; retained in place
outputs/factor_evaluation_v4/liquid2000_open_source_eval/input_samples/downside_std_20_jqfactor_sample.csv,PINNED_REFERENCE,reachable or evidence-sensitive; retained in place
outputs/factor_evaluation_v4/liquid2000_open_source_eval/input_samples/downside_std_20_label_10d_t1_qlib_sample.csv,PINNED_REFERENCE,reachable or evidence-sensitive; retained in place
outputs/factor_evaluation_v4/liquid2000_open_source_eval/input_samples/downside_std_20_label_20d_t1_qlib_sample.csv,PINNED_REFERENCE,reachable or evidence-sensitive; retained in place
outputs/factor_evaluation_v4/liquid2000_open_source_eval/input_samples/internal_factor_data_sample.csv,PINNED_REFERENCE,reachable or evidence-sensitive; retained in place
outputs/factor_evaluation_v4/liquid2000_open_source_eval/input_samples/rev_20_exclude_5_alphalens_sample.csv,PINNED_REFERENCE,reachable or evidence-sensitive; retained in place
outputs/factor_evaluation_v4/liquid2000_open_source_eval/input_samples/rev_20_exclude_5_jqfactor_sample.csv,PINNED_REFERENCE,reachable or evidence-sensitive; retained in place
outputs/factor_evaluation_v4/liquid2000_open_source_eval/input_samples/rev_20_exclude_5_label_10d_t1_qlib_sample.csv,PINNED_REFERENCE,reachable or evidence-sensitive; retained in place
outputs/factor_evaluation_v4/liquid2000_open_source_eval/input_samples/rev_20_exclude_5_label_20d_t1_qlib_sample.csv,PINNED_REFERENCE,reachable or evidence-sensitive; retained in place
outputs/factor_evaluation_v4/liquid2000_open_source_eval/input_samples/rev_5_alphalens_sample.csv,PINNED_REFERENCE,reachable or evidence-sensitive; retained in place
outputs/factor_evaluation_v4/liquid2000_open_source_eval/input_samples/rev_5_jqfactor_sample.csv,PINNED_REFERENCE,reachable or evidence-sensitive; retained in place
outputs/factor_evaluation_v4/liquid2000_open_source_eval/input_samples/rev_5_label_10d_t1_qlib_sample.csv,PINNED_REFERENCE,reachable or evidence-sensitive; retained in place
outputs/factor_evaluation_v4/liquid2000_open_source_eval/input_samples/rev_5_label_20d_t1_qlib_sample.csv,PINNED_REFERENCE,reachable or evidence-sensitive; retained in place
outputs/factor_evaluation_v4/liquid2000_open_source_eval/input_samples/std_20_alphalens_sample.csv,PINNED_REFERENCE,reachable or evidence-sensitive; retained in place
outputs/factor_evaluation_v4/liquid2000_open_source_eval/input_samples/std_20_jqfactor_sample.csv,PINNED_REFERENCE,reachable or evidence-sensitive; retained in place
outputs/factor_evaluation_v4/liquid2000_open_source_eval/input_samples/std_20_label_10d_t1_qlib_sample.csv,PINNED_REFERENCE,reachable or evidence-sensitive; retained in place
outputs/factor_evaluation_v4/liquid2000_open_source_eval/input_samples/std_20_label_20d_t1_qlib_sample.csv,PINNED_REFERENCE,reachable or evidence-sensitive; retained in place
outputs/factor_evaluation_v4/liquid2000_open_source_eval/jqfactor_analyzer/amount_mean_20/information_coefficient.csv,PINNED_REFERENCE,reachable or evidence-sensitive; retained in place
outputs/factor_evaluation_v4/liquid2000_open_source_eval/jqfactor_analyzer/amount_mean_20/mean_information_coefficient.csv,PINNED_REFERENCE,reachable or evidence-sensitive; retained in place
outputs/factor_evaluation_v4/liquid2000_open_source_eval/jqfactor_analyzer/amount_mean_20/mean_return_by_quantile.csv,PINNED_REFERENCE,reachable or evidence-sensitive; retained in place
outputs/factor_evaluation_v4/liquid2000_open_source_eval/jqfactor_analyzer/amount_mean_20/mean_return_by_quantile_std_error.csv,PINNED_REFERENCE,reachable or evidence-sensitive; retained in place
outputs/factor_evaluation_v4/liquid2000_open_source_eval/jqfactor_analyzer/amount_mean_20/quantile_turnover.csv,PINNED_REFERENCE,reachable or evidence-sensitive; retained in place
outputs/factor_evaluation_v4/liquid2000_open_source_eval/jqfactor_analyzer/downside_std_20/information_coefficient.csv,PINNED_REFERENCE,reachable or evidence-sensitive; retained in place
outputs/factor_evaluation_v4/liquid2000_open_source_eval/jqfactor_analyzer/downside_std_20/mean_information_coefficient.csv,PINNED_REFERENCE,reachable or evidence-sensitive; retained in place
outputs/factor_evaluation_v4/liquid2000_open_source_eval/jqfactor_analyzer/downside_std_20/mean_return_by_quantile.csv,PINNED_REFERENCE,reachable or evidence-sensitive; retained in place
outputs/factor_evaluation_v4/liquid2000_open_source_eval/jqfactor_analyzer/downside_std_20/mean_return_by_quantile_std_error.csv,PINNED_REFERENCE,reachable or evidence-sensitive; retained in place
outputs/factor_evaluation_v4/liquid2000_open_source_eval/jqfactor_analyzer/downside_std_20/quantile_turnover.csv,PINNED_REFERENCE,reachable or evidence-sensitive; retained in place
outputs/factor_evaluation_v4/liquid2000_open_source_eval/jqfactor_analyzer/rev_20_exclude_5/information_coefficient.csv,PINNED_REFERENCE,reachable or evidence-sensitive; retained in place
outputs/factor_evaluation_v4/liquid2000_open_source_eval/jqfactor_analyzer/rev_20_exclude_5/mean_information_coefficient.csv,PINNED_REFERENCE,reachable or evidence-sensitive; retained in place
outputs/factor_evaluation_v4/liquid2000_open_source_eval/jqfactor_analyzer/rev_20_exclude_5/mean_return_by_quantile.csv,PINNED_REFERENCE,reachable or evidence-sensitive; retained in place
outputs/factor_evaluation_v4/liquid2000_open_source_eval/jqfactor_analyzer/rev_20_exclude_5/mean_return_by_quantile_std_error.csv,PINNED_REFERENCE,reachable or evidence-sensitive; retained in place
outputs/factor_evaluation_v4/liquid2000_open_source_eval/jqfactor_analyzer/rev_20_exclude_5/quantile_turnover.csv,PINNED_REFERENCE,reachable or evidence-sensitive; retained in place
outputs/factor_evaluation_v4/liquid2000_open_source_eval/jqfactor_analyzer/rev_5/information_coefficient.csv,PINNED_REFERENCE,reachable or evidence-sensitive; retained in place
outputs/factor_evaluation_v4/liquid2000_open_source_eval/jqfactor_analyzer/rev_5/mean_information_coefficient.csv,PINNED_REFERENCE,reachable or evidence-sensitive; retained in place
outputs/factor_evaluation_v4/liquid2000_open_source_eval/jqfactor_analyzer/rev_5/mean_return_by_quantile.csv,PINNED_REFERENCE,reachable or evidence-sensitive; retained in place
outputs/factor_evaluation_v4/liquid2000_open_source_eval/jqfactor_analyzer/rev_5/mean_return_by_quantile_std_error.csv,PINNED_REFERENCE,reachable or evidence-sensitive; retained in place
outputs/factor_evaluation_v4/liquid2000_open_source_eval/jqfactor_analyzer/rev_5/quantile_turnover.csv,PINNED_REFERENCE,reachable or evidence-sensitive; retained in place
outputs/factor_evaluation_v4/liquid2000_open_source_eval/jqfactor_analyzer/std_20/information_coefficient.csv,PINNED_REFERENCE,reachable or evidence-sensitive; retained in place
outputs/factor_evaluation_v4/liquid2000_open_source_eval/jqfactor_analyzer/std_20/mean_information_coefficient.csv,PINNED_REFERENCE,reachable or evidence-sensitive; retained in place
outputs/factor_evaluation_v4/liquid2000_open_source_eval/jqfactor_analyzer/std_20/mean_return_by_quantile.csv,PINNED_REFERENCE,reachable or evidence-sensitive; retained in place
outputs/factor_evaluation_v4/liquid2000_open_source_eval/jqfactor_analyzer/std_20/mean_return_by_quantile_std_error.csv,PINNED_REFERENCE,reachable or evidence-sensitive; retained in place
outputs/factor_evaluation_v4/liquid2000_open_source_eval/jqfactor_analyzer/std_20/quantile_turnover.csv,PINNED_REFERENCE,reachable or evidence-sensitive; retained in place
outputs/factor_evaluation_v4/liquid2000_open_source_eval/open_source_metric_index.csv,PINNED_REFERENCE,reachable or evidence-sensitive; retained in place
outputs/factor_evaluation_v4/liquid2000_open_source_eval/project_current/factor_exposure_correlation.csv,PINNED_REFERENCE,reachable or evidence-sensitive; retained in place
outputs/factor_evaluation_v4/liquid2000_open_source_eval/project_current/factor_neutralized_correlation.csv,PINNED_REFERENCE,reachable or evidence-sensitive; retained in place
outputs/factor_evaluation_v4/liquid2000_open_source_eval/project_current/factor_neutralized_group_return_summary.csv,PINNED_REFERENCE,reachable or evidence-sensitive; retained in place
outputs/factor_evaluation_v4/liquid2000_open_source_eval/project_current/factor_neutralized_summary.csv,PINNED_REFERENCE,reachable or evidence-sensitive; retained in place
outputs/factor_evaluation_v4/liquid2000_open_source_eval/qlib_eval/amount_mean_20/label_10d_t1_daily_rank_ic.csv,PINNED_REFERENCE,reachable or evidence-sensitive; retained in place
outputs/factor_evaluation_v4/liquid2000_open_source_eval/qlib_eval/amount_mean_20/label_10d_t1_risk_analysis.csv,PINNED_REFERENCE,reachable or evidence-sensitive; retained in place
outputs/factor_evaluation_v4/liquid2000_open_source_eval/qlib_eval/amount_mean_20/label_20d_t1_daily_rank_ic.csv,PINNED_REFERENCE,reachable or evidence-sensitive; retained in place
outputs/factor_evaluation_v4/liquid2000_open_source_eval/qlib_eval/amount_mean_20/label_20d_t1_risk_analysis.csv,PINNED_REFERENCE,reachable or evidence-sensitive; retained in place
outputs/factor_evaluation_v4/liquid2000_open_source_eval/qlib_eval/downside_std_20/label_10d_t1_daily_rank_ic.csv,PINNED_REFERENCE,reachable or evidence-sensitive; retained in place
outputs/factor_evaluation_v4/liquid2000_open_source_eval/qlib_eval/downside_std_20/label_10d_t1_risk_analysis.csv,PINNED_REFERENCE,reachable or evidence-sensitive; retained in place
outputs/factor_evaluation_v4/liquid2000_open_source_eval/qlib_eval/downside_std_20/label_20d_t1_daily_rank_ic.csv,PINNED_REFERENCE,reachable or evidence-sensitive; retained in place
outputs/factor_evaluation_v4/liquid2000_open_source_eval/qlib_eval/downside_std_20/label_20d_t1_risk_analysis.csv,PINNED_REFERENCE,reachable or evidence-sensitive; retained in place
outputs/factor_evaluation_v4/liquid2000_open_source_eval/qlib_eval/rev_20_exclude_5/label_10d_t1_daily_rank_ic.csv,PINNED_REFERENCE,reachable or evidence-sensitive; retained in place
outputs/factor_evaluation_v4/liquid2000_open_source_eval/qlib_eval/rev_20_exclude_5/label_10d_t1_risk_analysis.csv,PINNED_REFERENCE,reachable or evidence-sensitive; retained in place
outputs/factor_evaluation_v4/liquid2000_open_source_eval/qlib_eval/rev_20_exclude_5/label_20d_t1_daily_rank_ic.csv,PINNED_REFERENCE,reachable or evidence-sensitive; retained in place
outputs/factor_evaluation_v4/liquid2000_open_source_eval/qlib_eval/rev_20_exclude_5/label_20d_t1_risk_analysis.csv,PINNED_REFERENCE,reachable or evidence-sensitive; retained in place
outputs/factor_evaluation_v4/liquid2000_open_source_eval/qlib_eval/rev_5/label_10d_t1_daily_rank_ic.csv,PINNED_REFERENCE,reachable or evidence-sensitive; retained in place
outputs/factor_evaluation_v4/liquid2000_open_source_eval/qlib_eval/rev_5/label_10d_t1_risk_analysis.csv,PINNED_REFERENCE,reachable or evidence-sensitive; retained in place
outputs/factor_evaluation_v4/liquid2000_open_source_eval/qlib_eval/rev_5/label_20d_t1_daily_rank_ic.csv,PINNED_REFERENCE,reachable or evidence-sensitive; retained in place
outputs/factor_evaluation_v4/liquid2000_open_source_eval/qlib_eval/rev_5/label_20d_t1_risk_analysis.csv,PINNED_REFERENCE,reachable or evidence-sensitive; retained in place
outputs/factor_evaluation_v4/liquid2000_open_source_eval/qlib_eval/std_20/label_10d_t1_daily_rank_ic.csv,PINNED_REFERENCE,reachable or evidence-sensitive; retained in place
outputs/factor_evaluation_v4/liquid2000_open_source_eval/qlib_eval/std_20/label_10d_t1_risk_analysis.csv,PINNED_REFERENCE,reachable or evidence-sensitive; retained in place
outputs/factor_evaluation_v4/liquid2000_open_source_eval/qlib_eval/std_20/label_20d_t1_daily_rank_ic.csv,PINNED_REFERENCE,reachable or evidence-sensitive; retained in place
outputs/factor_evaluation_v4/liquid2000_open_source_eval/qlib_eval/std_20/label_20d_t1_risk_analysis.csv,PINNED_REFERENCE,reachable or evidence-sensitive; retained in place
outputs/factor_evaluation_v4/ta_smoke_v1/dependency_status.csv,PINNED_REFERENCE,reachable or evidence-sensitive; retained in place
outputs/factor_evaluation_v4/ta_smoke_v1/evaluator_status.csv,PINNED_REFERENCE,reachable or evidence-sensitive; retained in place
outputs/factor_evaluation_v4/ta_smoke_v1/external_factor_frame/external_factor_frame_manifest.csv,PINNED_REFERENCE,reachable or evidence-sensitive; retained in place
outputs/factor_evaluation_v4/ta_smoke_v1/external_factor_frame/external_factor_frame_summary.csv,PINNED_REFERENCE,reachable or evidence-sensitive; retained in place
outputs/factor_evaluation_v4/ta_smoke_v1/factor_evaluation_v4_report.md,PINNED_REFERENCE,reachable or evidence-sensitive; retained in place
outputs/factor_evaluation_v4/ta_smoke_v1/factor_failure_reasons.csv,PINNED_REFERENCE,reachable or evidence-sensitive; retained in place
outputs/factor_evaluation_v4/ta_smoke_v1/open_source_metric_index.csv,PINNED_REFERENCE,reachable or evidence-sensitive; retained in place
outputs/factor_judgement_alpha158_v1/full158/alpha158_judgement_board.csv,PINNED_REFERENCE,reachable or evidence-sensitive; retained in place
outputs/factor_judgement_alpha158_v1/full158/alpha158_judgement_report.md,PINNED_REFERENCE,reachable or evidence-sensitive; retained in place
outputs/factor_judgement_alpha158_v1/full158/alpha158_redundancy_cluster_members.csv,PINNED_REFERENCE,reachable or evidence-sensitive; retained in place
outputs/factor_judgement_alpha158_v1/full158/alpha158_redundancy_clusters.csv,PINNED_REFERENCE,reachable or evidence-sensitive; retained in place
outputs/factor_long_short/all_stock_shsz_liquid2000_label1d_q20/daily_long_short.csv,PINNED_REFERENCE,reachable or evidence-sensitive; retained in place
outputs/factor_long_short/all_stock_shsz_liquid2000_label1d_q20/factor_long_short_report.md,PINNED_REFERENCE,reachable or evidence-sensitive; retained in place
outputs/factor_long_short/all_stock_shsz_liquid2000_label1d_q20/leg_exposure.csv,PINNED_REFERENCE,reachable or evidence-sensitive; retained in place
outputs/factor_long_short/all_stock_shsz_liquid2000_label1d_q20/leg_exposure_summary.csv,PINNED_REFERENCE,reachable or evidence-sensitive; retained in place
outputs/factor_long_short/all_stock_shsz_liquid2000_label1d_q20/summary_by_signal.csv,PINNED_REFERENCE,reachable or evidence-sensitive; retained in place
outputs/factor_long_short/csi500_label1d_q20/daily_long_short.csv,PINNED_REFERENCE,reachable or evidence-sensitive; retained in place
outputs/factor_long_short/csi500_label1d_q20/factor_long_short_report.md,PINNED_REFERENCE,reachable or evidence-sensitive; retained in place
outputs/factor_long_short/csi500_label1d_q20/leg_exposure.csv,PINNED_REFERENCE,reachable or evidence-sensitive; retained in place
outputs/factor_long_short/csi500_label1d_q20/leg_exposure_summary.csv,PINNED_REFERENCE,reachable or evidence-sensitive; retained in place
outputs/factor_long_short/csi500_label1d_q20/summary_by_signal.csv,PINNED_REFERENCE,reachable or evidence-sensitive; retained in place
outputs/factor_model_comparison_v1/gated/artifact_manifest.json,PINNED_REFERENCE,reachable or evidence-sensitive; retained in place
outputs/factor_model_comparison_v1/gated/contract_status.csv,PINNED_REFERENCE,reachable or evidence-sensitive; retained in place
outputs/factor_model_comparison_v1/gated/lineage_issues.csv,PINNED_REFERENCE,reachable or evidence-sensitive; retained in place
outputs/factor_model_comparison_v1/gated/lineage_validation_summary.csv,PINNED_REFERENCE,reachable or evidence-sensitive; retained in place
outputs/factor_model_comparison_v1/gated/model_comparison_report.md,PINNED_REFERENCE,reachable or evidence-sensitive; retained in place
outputs/factor_model_comparison_v1/gated/prerequisite_status.csv,PINNED_REFERENCE,reachable or evidence-sensitive; retained in place
outputs/factor_model_comparison_v1/gated/readiness_summary.csv,PINNED_REFERENCE,reachable or evidence-sensitive; retained in place
outputs/factor_multiple_testing_v1/full_research/artifact_manifest.json,PINNED_REFERENCE,reachable or evidence-sensitive; retained in place
outputs/factor_multiple_testing_v1/full_research/contract_status.csv,PINNED_REFERENCE,reachable or evidence-sensitive; retained in place
outputs/factor_multiple_testing_v1/full_research/factor_hypothesis_tests.csv,PINNED_REFERENCE,reachable or evidence-sensitive; retained in place
outputs/factor_multiple_testing_v1/full_research/fdr_results.csv,PINNED_REFERENCE,reachable or evidence-sensitive; retained in place
outputs/factor_multiple_testing_v1/full_research/multiple_testing_report.md,PINNED_REFERENCE,reachable or evidence-sensitive; retained in place
outputs/factor_multiple_testing_v1/full_research/null_simulation_results.csv,PINNED_REFERENCE,reachable or evidence-sensitive; retained in place
outputs/factor_multiple_testing_v1/full_research/rejected_hypotheses.csv,PINNED_REFERENCE,reachable or evidence-sensitive; retained in place
outputs/factor_multiple_testing_v1/full_research/test_family_summary.csv,PINNED_REFERENCE,reachable or evidence-sensitive; retained in place
outputs/factor_multiple_testing_v1/full_research_669/artifact_manifest.json,PINNED_REFERENCE,reachable or evidence-sensitive; retained in place
outputs/factor_multiple_testing_v1/full_research_669/contract_status.csv,PINNED_REFERENCE,reachable or evidence-sensitive; retained in place
outputs/factor_multiple_testing_v1/full_research_669/factor_hypothesis_tests.csv,PINNED_REFERENCE,reachable or evidence-sensitive; retained in place
outputs/factor_multiple_testing_v1/full_research_669/fdr_results.csv,PINNED_REFERENCE,reachable or evidence-sensitive; retained in place
outputs/factor_multiple_testing_v1/full_research_669/input_receipts.csv,PINNED_REFERENCE,reachable or evidence-sensitive; retained in place
outputs/factor_multiple_testing_v1/full_research_669/multiple_testing_report.md,PINNED_REFERENCE,reachable or evidence-sensitive; retained in place
outputs/factor_multiple_testing_v1/full_research_669/null_simulation_results.csv,PINNED_REFERENCE,reachable or evidence-sensitive; retained in place
outputs/factor_multiple_testing_v1/full_research_669/rejected_hypotheses.csv,PINNED_REFERENCE,reachable or evidence-sensitive; retained in place
outputs/factor_multiple_testing_v1/full_research_669/resolved_config.json,PINNED_REFERENCE,reachable or evidence-sensitive; retained in place
outputs/factor_multiple_testing_v1/full_research_669/test_family_summary.csv,PINNED_REFERENCE,reachable or evidence-sensitive; retained in place
outputs/factor_multiple_testing_v1/full_research_669_canary/artifact_manifest.json,PINNED_REFERENCE,reachable or evidence-sensitive; retained in place
outputs/factor_multiple_testing_v1/full_research_669_canary/contract_status.csv,PINNED_REFERENCE,reachable or evidence-sensitive; retained in place
outputs/factor_multiple_testing_v1/full_research_669_canary/factor_hypothesis_tests.csv,PINNED_REFERENCE,reachable or evidence-sensitive; retained in place
outputs/factor_multiple_testing_v1/full_research_669_canary/fdr_results.csv,PINNED_REFERENCE,reachable or evidence-sensitive; retained in place
outputs/factor_multiple_testing_v1/full_research_669_canary/input_receipts.csv,PINNED_REFERENCE,reachable or evidence-sensitive; retained in place
outputs/factor_multiple_testing_v1/full_research_669_canary/multiple_testing_report.md,PINNED_REFERENCE,reachable or evidence-sensitive; retained in place
outputs/factor_multiple_testing_v1/full_research_669_canary/null_simulation_results.csv,PINNED_REFERENCE,reachable or evidence-sensitive; retained in place
outputs/factor_multiple_testing_v1/full_research_669_canary/rejected_hypotheses.csv,PINNED_REFERENCE,reachable or evidence-sensitive; retained in place
outputs/factor_multiple_testing_v1/full_research_669_canary/resolved_config.json,PINNED_REFERENCE,reachable or evidence-sensitive; retained in place
outputs/factor_multiple_testing_v1/full_research_669_canary/test_family_summary.csv,PINNED_REFERENCE,reachable or evidence-sensitive; retained in place
outputs/factor_multiple_testing_v1/local_reference/artifact_manifest.json,PINNED_REFERENCE,reachable or evidence-sensitive; retained in place
outputs/factor_multiple_testing_v1/local_reference/contract_status.csv,PINNED_REFERENCE,reachable or evidence-sensitive; retained in place
outputs/factor_multiple_testing_v1/local_reference/factor_hypothesis_tests.csv,PINNED_REFERENCE,reachable or evidence-sensitive; retained in place
outputs/factor_multiple_testing_v1/local_reference/fdr_results.csv,PINNED_REFERENCE,reachable or evidence-sensitive; retained in place
outputs/factor_multiple_testing_v1/local_reference/multiple_testing_report.md,PINNED_REFERENCE,reachable or evidence-sensitive; retained in place
outputs/factor_multiple_testing_v1/local_reference/null_simulation_results.csv,PINNED_REFERENCE,reachable or evidence-sensitive; retained in place
outputs/factor_multiple_testing_v1/local_reference/rejected_hypotheses.csv,PINNED_REFERENCE,reachable or evidence-sensitive; retained in place
outputs/factor_multiple_testing_v1/local_reference/test_family_summary.csv,PINNED_REFERENCE,reachable or evidence-sensitive; retained in place
outputs/factor_multiple_testing_v2/canary/artifact_manifest.json,PINNED_REFERENCE,reachable or evidence-sensitive; retained in place
outputs/factor_multiple_testing_v2/canary/contract_status.csv,PINNED_REFERENCE,reachable or evidence-sensitive; retained in place
outputs/factor_multiple_testing_v2/canary/factor_hypothesis_tests.csv,PINNED_REFERENCE,reachable or evidence-sensitive; retained in place
outputs/factor_multiple_testing_v2/canary/fdr_results.csv,PINNED_REFERENCE,reachable or evidence-sensitive; retained in place
outputs/factor_multiple_testing_v2/canary/input_receipts.csv,PINNED_REFERENCE,reachable or evidence-sensitive; retained in place
outputs/factor_multiple_testing_v2/canary/multiple_testing_report.md,PINNED_REFERENCE,reachable or evidence-sensitive; retained in place
outputs/factor_multiple_testing_v2/canary/null_simulation_results.csv,PINNED_REFERENCE,reachable or evidence-sensitive; retained in place
outputs/factor_multiple_testing_v2/canary/rejected_hypotheses.csv,PINNED_REFERENCE,reachable or evidence-sensitive; retained in place
outputs/factor_multiple_testing_v2/canary/resolved_config.json,PINNED_REFERENCE,reachable or evidence-sensitive; retained in place
outputs/factor_multiple_testing_v2/canary/test_family_summary.csv,PINNED_REFERENCE,reachable or evidence-sensitive; retained in place
outputs/factor_multiple_testing_v2/current/artifact_manifest.json,PINNED_REFERENCE,reachable or evidence-sensitive; retained in place
outputs/factor_multiple_testing_v2/current/contract_status.csv,PINNED_REFERENCE,reachable or evidence-sensitive; retained in place
outputs/factor_multiple_testing_v2/current/factor_hypothesis_tests.csv,PINNED_REFERENCE,reachable or evidence-sensitive; retained in place
outputs/factor_multiple_testing_v2/current/fdr_results.csv,PINNED_REFERENCE,reachable or evidence-sensitive; retained in place
outputs/factor_multiple_testing_v2/current/input_receipts.csv,PINNED_REFERENCE,reachable or evidence-sensitive; retained in place
outputs/factor_multiple_testing_v2/current/multiple_testing_report.md,PINNED_REFERENCE,reachable or evidence-sensitive; retained in place
outputs/factor_multiple_testing_v2/current/null_simulation_results.csv,PINNED_REFERENCE,reachable or evidence-sensitive; retained in place
outputs/factor_multiple_testing_v2/current/rejected_hypotheses.csv,PINNED_REFERENCE,reachable or evidence-sensitive; retained in place
outputs/factor_multiple_testing_v2/current/resolved_config.json,PINNED_REFERENCE,reachable or evidence-sensitive; retained in place
outputs/factor_multiple_testing_v2/current/test_family_summary.csv,PINNED_REFERENCE,reachable or evidence-sensitive; retained in place
outputs/factor_research/all_stock_shsz_liquid2000_2017-01-01_2020-08-01/correlation.csv,PINNED_REFERENCE,reachable or evidence-sensitive; retained in place
outputs/factor_research/all_stock_shsz_liquid2000_2017-01-01_2020-08-01/factor_research_report.md,PINNED_REFERENCE,reachable or evidence-sensitive; retained in place
outputs/factor_research/all_stock_shsz_liquid2000_2017-01-01_2020-08-01/factor_summary.csv,PINNED_REFERENCE,reachable or evidence-sensitive; retained in place
outputs/factor_research/all_stock_shsz_liquid2000_2017-01-01_2020-08-01/group_return.csv,PINNED_REFERENCE,reachable or evidence-sensitive; retained in place
outputs/factor_research/all_stock_shsz_liquid2000_2017-01-01_2020-08-01/ic_series.csv,PINNED_REFERENCE,reachable or evidence-sensitive; retained in place
outputs/factor_research/all_stock_shsz_liquid2000_2017-01-01_2020-08-01/turnover.csv,PINNED_REFERENCE,reachable or evidence-sensitive; retained in place
outputs/factor_research/all_stock_shsz_liquid2000_2017-01-01_2020-08-01_label5d/correlation.csv,PINNED_REFERENCE,reachable or evidence-sensitive; retained in place
outputs/factor_research/all_stock_shsz_liquid2000_2017-01-01_2020-08-01_label5d/factor_research_report.md,PINNED_REFERENCE,reachable or evidence-sensitive; retained in place
outputs/factor_research/all_stock_shsz_liquid2000_2017-01-01_2020-08-01_label5d/factor_summary.csv,PINNED_REFERENCE,reachable or evidence-sensitive; retained in place
outputs/factor_research/all_stock_shsz_liquid2000_2017-01-01_2020-08-01_label5d/group_return.csv,PINNED_REFERENCE,reachable or evidence-sensitive; retained in place
outputs/factor_research/all_stock_shsz_liquid2000_2017-01-01_2020-08-01_label5d/ic_series.csv,PINNED_REFERENCE,reachable or evidence-sensitive; retained in place
outputs/factor_research/all_stock_shsz_liquid2000_2017-01-01_2020-08-01_label5d/turnover.csv,PINNED_REFERENCE,reachable or evidence-sensitive; retained in place
outputs/factor_research/csi500_2017-01-01_2020-08-01/correlation.csv,PINNED_REFERENCE,reachable or evidence-sensitive; retained in place
outputs/factor_research/csi500_2017-01-01_2020-08-01/factor_research_report.md,PINNED_REFERENCE,reachable or evidence-sensitive; retained in place
outputs/factor_research/csi500_2017-01-01_2020-08-01/factor_summary.csv,PINNED_REFERENCE,reachable or evidence-sensitive; retained in place
outputs/factor_research/csi500_2017-01-01_2020-08-01/group_return.csv,PINNED_REFERENCE,reachable or evidence-sensitive; retained in place
outputs/factor_research/csi500_2017-01-01_2020-08-01/ic_series.csv,PINNED_REFERENCE,reachable or evidence-sensitive; retained in place
outputs/factor_research/csi500_2017-01-01_2020-08-01/turnover.csv,PINNED_REFERENCE,reachable or evidence-sensitive; retained in place
outputs/factor_research/csi500_2017-01-01_2020-08-01_label5d/correlation.csv,PINNED_REFERENCE,reachable or evidence-sensitive; retained in place
outputs/factor_research/csi500_2017-01-01_2020-08-01_label5d/factor_research_report.md,PINNED_REFERENCE,reachable or evidence-sensitive; retained in place
outputs/factor_research/csi500_2017-01-01_2020-08-01_label5d/factor_summary.csv,PINNED_REFERENCE,reachable or evidence-sensitive; retained in place
outputs/factor_research/csi500_2017-01-01_2020-08-01_label5d/group_return.csv,PINNED_REFERENCE,reachable or evidence-sensitive; retained in place
outputs/factor_research/csi500_2017-01-01_2020-08-01_label5d/ic_series.csv,PINNED_REFERENCE,reachable or evidence-sensitive; retained in place
outputs/factor_research/csi500_2017-01-01_2020-08-01_label5d/turnover.csv,PINNED_REFERENCE,reachable or evidence-sensitive; retained in place
outputs/factor_research_toolchain_readiness_v1/current/catalog_summary.csv,PINNED_REFERENCE,reachable or evidence-sensitive; retained in place
outputs/factor_research_toolchain_readiness_v1/current/config_status.csv,PINNED_REFERENCE,reachable or evidence-sensitive; retained in place
outputs/factor_research_toolchain_readiness_v1/current/factor_catalog_entries.csv,PINNED_REFERENCE,reachable or evidence-sensitive; retained in place
outputs/factor_research_toolchain_readiness_v1/current/factor_stage_counts.csv,PINNED_REFERENCE,reachable or evidence-sensitive; retained in place
outputs/factor_research_toolchain_readiness_v1/current/required_output_contracts.csv,PINNED_REFERENCE,reachable or evidence-sensitive; retained in place
outputs/factor_research_toolchain_readiness_v1/current/source_readiness.csv,PINNED_REFERENCE,reachable or evidence-sensitive; retained in place
outputs/factor_research_toolchain_readiness_v1/current/toolchain_readiness_checks.csv,PINNED_REFERENCE,reachable or evidence-sensitive; retained in place
outputs/factor_research_toolchain_readiness_v1/current/toolchain_readiness_report.md,PINNED_REFERENCE,reachable or evidence-sensitive; retained in place
outputs/factor_research_v2/liquid2000_default/factor_bucket_ic.csv,PINNED_REFERENCE,reachable or evidence-sensitive; retained in place
outputs/factor_research_v2/liquid2000_default/factor_candidate_decision.csv,PINNED_REFERENCE,reachable or evidence-sensitive; retained in place
outputs/factor_research_v2/liquid2000_default/factor_correlation.csv,PINNED_REFERENCE,reachable or evidence-sensitive; retained in place
outputs/factor_research_v2/liquid2000_default/factor_data_sample.csv,PINNED_REFERENCE,reachable or evidence-sensitive; retained in place
outputs/factor_research_v2/liquid2000_default/factor_data_schema.md,PINNED_REFERENCE,reachable or evidence-sensitive; retained in place
outputs/factor_research_v2/liquid2000_default/factor_group_monotonicity.csv,PINNED_REFERENCE,reachable or evidence-sensitive; retained in place
outputs/factor_research_v2/liquid2000_default/factor_group_return.csv,PINNED_REFERENCE,reachable or evidence-sensitive; retained in place
outputs/factor_research_v2/liquid2000_default/factor_group_return_summary.csv,PINNED_REFERENCE,reachable or evidence-sensitive; retained in place
outputs/factor_research_v2/liquid2000_default/factor_missing_coverage.csv,PINNED_REFERENCE,reachable or evidence-sensitive; retained in place
outputs/factor_research_v2/liquid2000_default/factor_registry.csv,PINNED_REFERENCE,reachable or evidence-sensitive; retained in place
outputs/factor_research_v2/liquid2000_default/factor_research_v2_report.md,PINNED_REFERENCE,reachable or evidence-sensitive; retained in place
outputs/factor_research_v2/liquid2000_default/factor_summary.csv,PINNED_REFERENCE,reachable or evidence-sensitive; retained in place
outputs/factor_research_v2/liquid2000_default/factor_time_slice.csv,PINNED_REFERENCE,reachable or evidence-sensitive; retained in place
outputs/factor_research_v2/liquid2000_default/factor_turnover.csv,PINNED_REFERENCE,reachable or evidence-sensitive; retained in place
outputs/factor_research_v2/liquid2000_default/factor_turnover_summary.csv,PINNED_REFERENCE,reachable or evidence-sensitive; retained in place
outputs/factor_research_v3/liquid2000_core/factor_candidate_changelog.csv,PINNED_REFERENCE,reachable or evidence-sensitive; retained in place
outputs/factor_research_v3/liquid2000_core/factor_exposure_correlation.csv,PINNED_REFERENCE,reachable or evidence-sensitive; retained in place
outputs/factor_research_v3/liquid2000_core/factor_exposure_report.md,PINNED_REFERENCE,reachable or evidence-sensitive; retained in place
outputs/factor_research_v3/liquid2000_core/factor_neutralized_correlation.csv,PINNED_REFERENCE,reachable or evidence-sensitive; retained in place
outputs/factor_research_v3/liquid2000_core/factor_neutralized_group_return_summary.csv,PINNED_REFERENCE,reachable or evidence-sensitive; retained in place
outputs/factor_research_v3/liquid2000_core/factor_neutralized_summary.csv,PINNED_REFERENCE,reachable or evidence-sensitive; retained in place
outputs/factor_research_v3/liquid2000_core/factor_preprocess_summary.csv,PINNED_REFERENCE,reachable or evidence-sensitive; retained in place
outputs/factor_research_v3/liquid2000_core/factor_research_v3_report.md,PINNED_REFERENCE,reachable or evidence-sensitive; retained in place
outputs/factor_research_v3/liquid2000_core/factor_slice_group_return_summary.csv,PINNED_REFERENCE,reachable or evidence-sensitive; retained in place
outputs/factor_research_v3/liquid2000_core/factor_slice_ic.csv,PINNED_REFERENCE,reachable or evidence-sensitive; retained in place
outputs/factor_research_v3/liquid2000_expanded/factor_candidate_changelog.csv,PINNED_REFERENCE,reachable or evidence-sensitive; retained in place
outputs/factor_research_v3/liquid2000_expanded/factor_exposure_correlation.csv,PINNED_REFERENCE,reachable or evidence-sensitive; retained in place
outputs/factor_research_v3/liquid2000_expanded/factor_exposure_report.md,PINNED_REFERENCE,reachable or evidence-sensitive; retained in place
outputs/factor_research_v3/liquid2000_expanded/factor_neutralized_correlation.csv,PINNED_REFERENCE,reachable or evidence-sensitive; retained in place
outputs/factor_research_v3/liquid2000_expanded/factor_neutralized_group_return_summary.csv,PINNED_REFERENCE,reachable or evidence-sensitive; retained in place
outputs/factor_research_v3/liquid2000_expanded/factor_neutralized_summary.csv,PINNED_REFERENCE,reachable or evidence-sensitive; retained in place
outputs/factor_research_v3/liquid2000_expanded/factor_preprocess_summary.csv,PINNED_REFERENCE,reachable or evidence-sensitive; retained in place
outputs/factor_research_v3/liquid2000_expanded/factor_research_v3_report.md,PINNED_REFERENCE,reachable or evidence-sensitive; retained in place
outputs/factor_research_v3/liquid2000_expanded/factor_slice_group_return_summary.csv,PINNED_REFERENCE,reachable or evidence-sensitive; retained in place
outputs/factor_research_v3/liquid2000_expanded/factor_slice_ic.csv,PINNED_REFERENCE,reachable or evidence-sensitive; retained in place
outputs/factor_rolling_stability_v1/full_research/artifact_manifest.json,PINNED_REFERENCE,reachable or evidence-sensitive; retained in place
outputs/factor_rolling_stability_v1/full_research/contract_status.csv,PINNED_REFERENCE,reachable or evidence-sensitive; retained in place
outputs/factor_rolling_stability_v1/full_research/factor_direction_history.csv,PINNED_REFERENCE,reachable or evidence-sensitive; retained in place
outputs/factor_rolling_stability_v1/full_research/factor_oos_degradation.csv,PINNED_REFERENCE,reachable or evidence-sensitive; retained in place
outputs/factor_rolling_stability_v1/full_research/factor_selection_history.csv,PINNED_REFERENCE,reachable or evidence-sensitive; retained in place
outputs/factor_rolling_stability_v1/full_research/factor_stability_board.csv,PINNED_REFERENCE,reachable or evidence-sensitive; retained in place
outputs/factor_rolling_stability_v1/full_research/factor_window_metrics.csv,PINNED_REFERENCE,reachable or evidence-sensitive; retained in place
outputs/factor_rolling_stability_v1/full_research/stability_report.md,PINNED_REFERENCE,reachable or evidence-sensitive; retained in place
outputs/factor_rolling_stability_v1/full_research/stability_role_summary.csv,PINNED_REFERENCE,reachable or evidence-sensitive; retained in place
outputs/factor_rolling_stability_v1/full_research_669/artifact_manifest.json,PINNED_REFERENCE,reachable or evidence-sensitive; retained in place
outputs/factor_rolling_stability_v1/full_research_669/contract_status.csv,PINNED_REFERENCE,reachable or evidence-sensitive; retained in place
outputs/factor_rolling_stability_v1/full_research_669/factor_direction_history.csv,PINNED_REFERENCE,reachable or evidence-sensitive; retained in place
outputs/factor_rolling_stability_v1/full_research_669/factor_oos_degradation.csv,PINNED_REFERENCE,reachable or evidence-sensitive; retained in place
outputs/factor_rolling_stability_v1/full_research_669/factor_selection_history.csv,PINNED_REFERENCE,reachable or evidence-sensitive; retained in place
outputs/factor_rolling_stability_v1/full_research_669/factor_stability_board.csv,PINNED_REFERENCE,reachable or evidence-sensitive; retained in place
outputs/factor_rolling_stability_v1/full_research_669/factor_window_metrics.csv,PINNED_REFERENCE,reachable or evidence-sensitive; retained in place
outputs/factor_rolling_stability_v1/full_research_669/input_receipts.csv,PINNED_REFERENCE,reachable or evidence-sensitive; retained in place
outputs/factor_rolling_stability_v1/full_research_669/resolved_config.json,PINNED_REFERENCE,reachable or evidence-sensitive; retained in place
outputs/factor_rolling_stability_v1/full_research_669/stability_report.md,PINNED_REFERENCE,reachable or evidence-sensitive; retained in place
outputs/factor_rolling_stability_v1/full_research_669/stability_role_summary.csv,PINNED_REFERENCE,reachable or evidence-sensitive; retained in place
outputs/factor_rolling_stability_v1/full_research_669_canary/artifact_manifest.json,PINNED_REFERENCE,reachable or evidence-sensitive; retained in place
outputs/factor_rolling_stability_v1/full_research_669_canary/contract_status.csv,PINNED_REFERENCE,reachable or evidence-sensitive; retained in place
outputs/factor_rolling_stability_v1/full_research_669_canary/factor_direction_history.csv,PINNED_REFERENCE,reachable or evidence-sensitive; retained in place
outputs/factor_rolling_stability_v1/full_research_669_canary/factor_selection_history.csv,PINNED_REFERENCE,reachable or evidence-sensitive; retained in place
outputs/factor_rolling_stability_v1/full_research_669_canary/factor_stability_board.csv,PINNED_REFERENCE,reachable or evidence-sensitive; retained in place
outputs/factor_rolling_stability_v1/full_research_669_canary/factor_window_metrics.csv,PINNED_REFERENCE,reachable or evidence-sensitive; retained in place
outputs/factor_rolling_stability_v1/full_research_669_canary/input_receipts.csv,PINNED_REFERENCE,reachable or evidence-sensitive; retained in place
outputs/factor_rolling_stability_v1/full_research_669_canary/resolved_config.json,PINNED_REFERENCE,reachable or evidence-sensitive; retained in place
outputs/factor_rolling_stability_v1/full_research_669_canary/stability_report.md,PINNED_REFERENCE,reachable or evidence-sensitive; retained in place
outputs/factor_rolling_stability_v1/full_research_669_canary/stability_role_summary.csv,PINNED_REFERENCE,reachable or evidence-sensitive; retained in place
outputs/factor_rolling_stability_v1/local_reference/artifact_manifest.json,PINNED_REFERENCE,reachable or evidence-sensitive; retained in place
outputs/factor_rolling_stability_v1/local_reference/contract_status.csv,PINNED_REFERENCE,reachable or evidence-sensitive; retained in place
outputs/factor_rolling_stability_v1/local_reference/factor_direction_history.csv,PINNED_REFERENCE,reachable or evidence-sensitive; retained in place
outputs/factor_rolling_stability_v1/local_reference/factor_oos_degradation.csv,PINNED_REFERENCE,reachable or evidence-sensitive; retained in place
outputs/factor_rolling_stability_v1/local_reference/factor_selection_history.csv,PINNED_REFERENCE,reachable or evidence-sensitive; retained in place
outputs/factor_rolling_stability_v1/local_reference/factor_stability_board.csv,PINNED_REFERENCE,reachable or evidence-sensitive; retained in place
outputs/factor_rolling_stability_v1/local_reference/factor_window_metrics.csv,PINNED_REFERENCE,reachable or evidence-sensitive; retained in place
outputs/factor_rolling_stability_v1/local_reference/stability_report.md,PINNED_REFERENCE,reachable or evidence-sensitive; retained in place
outputs/factor_rolling_stability_v1/local_reference/stability_role_summary.csv,PINNED_REFERENCE,reachable or evidence-sensitive; retained in place
outputs/factor_rolling_stability_v2/canary/artifact_manifest.json,PINNED_REFERENCE,reachable or evidence-sensitive; retained in place
outputs/factor_rolling_stability_v2/canary/contract_status.csv,PINNED_REFERENCE,reachable or evidence-sensitive; retained in place
outputs/factor_rolling_stability_v2/canary/factor_direction_history.csv,PINNED_REFERENCE,reachable or evidence-sensitive; retained in place
outputs/factor_rolling_stability_v2/canary/factor_selection_history.csv,PINNED_REFERENCE,reachable or evidence-sensitive; retained in place
outputs/factor_rolling_stability_v2/canary/factor_stability_board.csv,PINNED_REFERENCE,reachable or evidence-sensitive; retained in place
outputs/factor_rolling_stability_v2/canary/factor_window_metrics.csv,PINNED_REFERENCE,reachable or evidence-sensitive; retained in place
outputs/factor_rolling_stability_v2/canary/input_receipts.csv,PINNED_REFERENCE,reachable or evidence-sensitive; retained in place
outputs/factor_rolling_stability_v2/canary/resolved_config.json,PINNED_REFERENCE,reachable or evidence-sensitive; retained in place
outputs/factor_rolling_stability_v2/canary/stability_report.md,PINNED_REFERENCE,reachable or evidence-sensitive; retained in place
outputs/factor_rolling_stability_v2/canary/stability_role_summary.csv,PINNED_REFERENCE,reachable or evidence-sensitive; retained in place
outputs/factor_rolling_stability_v2/current/artifact_manifest.json,PINNED_REFERENCE,reachable or evidence-sensitive; retained in place
outputs/factor_rolling_stability_v2/current/contract_status.csv,PINNED_REFERENCE,reachable or evidence-sensitive; retained in place
outputs/factor_rolling_stability_v2/current/factor_direction_history.csv,PINNED_REFERENCE,reachable or evidence-sensitive; retained in place
outputs/factor_rolling_stability_v2/current/factor_selection_history.csv,PINNED_REFERENCE,reachable or evidence-sensitive; retained in place
outputs/factor_rolling_stability_v2/current/factor_stability_board.csv,PINNED_REFERENCE,reachable or evidence-sensitive; retained in place
outputs/factor_rolling_stability_v2/current/factor_window_metrics.csv,PINNED_REFERENCE,reachable or evidence-sensitive; retained in place
outputs/factor_rolling_stability_v2/current/input_receipts.csv,PINNED_REFERENCE,reachable or evidence-sensitive; retained in place
outputs/factor_rolling_stability_v2/current/resolved_config.json,PINNED_REFERENCE,reachable or evidence-sensitive; retained in place
outputs/factor_rolling_stability_v2/current/stability_report.md,PINNED_REFERENCE,reachable or evidence-sensitive; retained in place
outputs/factor_rolling_stability_v2/current/stability_role_summary.csv,PINNED_REFERENCE,reachable or evidence-sensitive; retained in place
outputs/factor_score_construction_v1/full_research/artifact_manifest.json,PINNED_REFERENCE,reachable or evidence-sensitive; retained in place
outputs/factor_score_construction_v1/full_research/contract_status.csv,PINNED_REFERENCE,reachable or evidence-sensitive; retained in place
outputs/factor_score_construction_v1/full_research/daily_factor_component_count.csv,PINNED_REFERENCE,reachable or evidence-sensitive; retained in place
outputs/factor_score_construction_v1/full_research/excluded_score_factors.csv,PINNED_REFERENCE,reachable or evidence-sensitive; retained in place
outputs/factor_score_construction_v1/full_research/factor_weights_by_window.csv,PINNED_REFERENCE,reachable or evidence-sensitive; retained in place
outputs/factor_score_construction_v1/full_research/score_artifact.csv,PINNED_REFERENCE,reachable or evidence-sensitive; retained in place
outputs/factor_score_construction_v1/full_research/score_availability.csv,PINNED_REFERENCE,reachable or evidence-sensitive; retained in place
outputs/factor_score_construction_v1/full_research/score_construction_report.md,PINNED_REFERENCE,reachable or evidence-sensitive; retained in place
outputs/factor_score_construction_v1/full_research/score_diagnostics.csv,PINNED_REFERENCE,reachable or evidence-sensitive; retained in place
outputs/factor_score_construction_v1/full_research/score_method_manifest.csv,PINNED_REFERENCE,reachable or evidence-sensitive; retained in place
outputs/factor_score_construction_v1/full_research/score_sample.csv,PINNED_REFERENCE,reachable or evidence-sensitive; retained in place
outputs/factor_score_construction_v1/full_research_669/artifact_manifest.json,PINNED_REFERENCE,reachable or evidence-sensitive; retained in place
outputs/factor_score_construction_v1/full_research_669/contract_status.csv,PINNED_REFERENCE,reachable or evidence-sensitive; retained in place
outputs/factor_score_construction_v1/full_research_669/daily_factor_component_count.csv,PINNED_REFERENCE,reachable or evidence-sensitive; retained in place
outputs/factor_score_construction_v1/full_research_669/excluded_score_factors.csv,PINNED_REFERENCE,reachable or evidence-sensitive; retained in place
outputs/factor_score_construction_v1/full_research_669/factor_weights_by_window.csv,PINNED_REFERENCE,reachable or evidence-sensitive; retained in place
outputs/factor_score_construction_v1/full_research_669/score_artifact.csv,PINNED_REFERENCE,reachable or evidence-sensitive; retained in place
outputs/factor_score_construction_v1/full_research_669/score_availability.csv,PINNED_REFERENCE,reachable or evidence-sensitive; retained in place
outputs/factor_score_construction_v1/full_research_669/score_construction_report.md,PINNED_REFERENCE,reachable or evidence-sensitive; retained in place
outputs/factor_score_construction_v1/full_research_669/score_diagnostics.csv,PINNED_REFERENCE,reachable or evidence-sensitive; retained in place
outputs/factor_score_construction_v1/full_research_669/score_method_manifest.csv,PINNED_REFERENCE,reachable or evidence-sensitive; retained in place
outputs/factor_score_construction_v1/full_research_669/score_sample.csv,PINNED_REFERENCE,reachable or evidence-sensitive; retained in place
outputs/factor_score_construction_v1/local_reference/artifact_manifest.json,PINNED_REFERENCE,reachable or evidence-sensitive; retained in place
outputs/factor_score_construction_v1/local_reference/contract_status.csv,PINNED_REFERENCE,reachable or evidence-sensitive; retained in place
outputs/factor_score_construction_v1/local_reference/daily_factor_component_count.csv,PINNED_REFERENCE,reachable or evidence-sensitive; retained in place
outputs/factor_score_construction_v1/local_reference/excluded_score_factors.csv,PINNED_REFERENCE,reachable or evidence-sensitive; retained in place
outputs/factor_score_construction_v1/local_reference/factor_weights_by_window.csv,PINNED_REFERENCE,reachable or evidence-sensitive; retained in place
outputs/factor_score_construction_v1/local_reference/score_availability.csv,PINNED_REFERENCE,reachable or evidence-sensitive; retained in place
outputs/factor_score_construction_v1/local_reference/score_construction_report.md,PINNED_REFERENCE,reachable or evidence-sensitive; retained in place
outputs/factor_score_construction_v1/local_reference/score_diagnostics.csv,PINNED_REFERENCE,reachable or evidence-sensitive; retained in place
outputs/factor_score_construction_v1/local_reference/score_method_manifest.csv,PINNED_REFERENCE,reachable or evidence-sensitive; retained in place
outputs/factor_score_portfolio/all_stock_shsz_liquid2000_top200_label1d/daily_returns.csv,PINNED_REFERENCE,reachable or evidence-sensitive; retained in place
outputs/factor_score_portfolio/all_stock_shsz_liquid2000_top200_label1d/factor_score_portfolio_report.md,PINNED_REFERENCE,reachable or evidence-sensitive; retained in place
outputs/factor_score_portfolio/all_stock_shsz_liquid2000_top200_label1d/summary.csv,PINNED_REFERENCE,reachable or evidence-sensitive; retained in place
outputs/factor_score_portfolio/all_stock_shsz_liquid2000_top200_label1d_low_risk_only/daily_returns.csv,PINNED_REFERENCE,reachable or evidence-sensitive; retained in place
outputs/factor_score_portfolio/all_stock_shsz_liquid2000_top200_label1d_low_risk_only/factor_score_portfolio_report.md,PINNED_REFERENCE,reachable or evidence-sensitive; retained in place
outputs/factor_score_portfolio/all_stock_shsz_liquid2000_top200_label1d_low_risk_only/summary.csv,PINNED_REFERENCE,reachable or evidence-sensitive; retained in place
outputs/factor_score_portfolio/all_stock_shsz_liquid2000_top200_label1d_rev_light_risk/daily_returns.csv,PINNED_REFERENCE,reachable or evidence-sensitive; retained in place
outputs/factor_score_portfolio/all_stock_shsz_liquid2000_top200_label1d_rev_light_risk/factor_score_portfolio_report.md,PINNED_REFERENCE,reachable or evidence-sensitive; retained in place
outputs/factor_score_portfolio/all_stock_shsz_liquid2000_top200_label1d_rev_light_risk/summary.csv,PINNED_REFERENCE,reachable or evidence-sensitive; retained in place
outputs/factor_score_portfolio/all_stock_shsz_liquid2000_top200_label1d_rev_medium_risk/daily_returns.csv,PINNED_REFERENCE,reachable or evidence-sensitive; retained in place
outputs/factor_score_portfolio/all_stock_shsz_liquid2000_top200_label1d_rev_medium_risk/factor_score_portfolio_report.md,PINNED_REFERENCE,reachable or evidence-sensitive; retained in place
outputs/factor_score_portfolio/all_stock_shsz_liquid2000_top200_label1d_rev_medium_risk/summary.csv,PINNED_REFERENCE,reachable or evidence-sensitive; retained in place
outputs/factor_score_portfolio/all_stock_shsz_liquid2000_top200_label1d_rev_only/daily_returns.csv,PINNED_REFERENCE,reachable or evidence-sensitive; retained in place
outputs/factor_score_portfolio/all_stock_shsz_liquid2000_top200_label1d_rev_only/factor_score_portfolio_report.md,PINNED_REFERENCE,reachable or evidence-sensitive; retained in place
outputs/factor_score_portfolio/all_stock_shsz_liquid2000_top200_label1d_rev_only/summary.csv,PINNED_REFERENCE,reachable or evidence-sensitive; retained in place
outputs/factor_score_portfolio/csi500_top50_label1d/daily_returns.csv,PINNED_REFERENCE,reachable or evidence-sensitive; retained in place
outputs/factor_score_portfolio/csi500_top50_label1d/factor_score_portfolio_report.md,PINNED_REFERENCE,reachable or evidence-sensitive; retained in place
outputs/factor_score_portfolio/csi500_top50_label1d/summary.csv,PINNED_REFERENCE,reachable or evidence-sensitive; retained in place
outputs/factor_screening_alpha158_v1/full158/alpha158_context_group_ic_summary.csv,PINNED_REFERENCE,reachable or evidence-sensitive; retained in place
outputs/factor_screening_alpha158_v1/full158/alpha158_context_group_return_summary.csv,PINNED_REFERENCE,reachable or evidence-sensitive; retained in place
outputs/factor_screening_alpha158_v1/full158/alpha158_evaluator_status.csv,PINNED_REFERENCE,reachable or evidence-sensitive; retained in place
outputs/factor_screening_alpha158_v1/full158/alpha158_factor_correlation_meta.csv,PINNED_REFERENCE,reachable or evidence-sensitive; retained in place
outputs/factor_screening_alpha158_v1/full158/alpha158_factor_correlation_summary.csv,PINNED_REFERENCE,reachable or evidence-sensitive; retained in place
outputs/factor_screening_alpha158_v1/full158/alpha158_factor_correlation_top_pairs.csv,PINNED_REFERENCE,reachable or evidence-sensitive; retained in place
outputs/factor_screening_alpha158_v1/full158/alpha158_factor_screening_input.csv,PINNED_REFERENCE,reachable or evidence-sensitive; retained in place
outputs/factor_screening_alpha158_v1/full158/alpha158_failure_reasons.csv,PINNED_REFERENCE,reachable or evidence-sensitive; retained in place
outputs/factor_screening_alpha158_v1/full158/alpha158_full_metric_index.csv,PINNED_REFERENCE,reachable or evidence-sensitive; retained in place
outputs/factor_screening_alpha158_v1/full158/alpha158_full_screening_input_report.md,PINNED_REFERENCE,reachable or evidence-sensitive; retained in place
outputs/factor_screening_alpha158_v1/full158/alpha158_ic_timeseries_summary.csv,PINNED_REFERENCE,reachable or evidence-sensitive; retained in place
outputs/factor_screening_alpha158_v1/full158/alpha158_quantile_return_summary.csv,PINNED_REFERENCE,reachable or evidence-sensitive; retained in place
outputs/factor_screening_alpha158_v1/full158/alpha158_rank_autocorrelation_summary.csv,PINNED_REFERENCE,reachable or evidence-sensitive; retained in place
outputs/factor_screening_alpha158_v1/full158/alpha158_turnover_summary.csv,PINNED_REFERENCE,reachable or evidence-sensitive; retained in place
outputs/factor_screening_v3/liquid2000_core/factor_candidate_board.csv,PINNED_REFERENCE,reachable or evidence-sensitive; retained in place
outputs/factor_screening_v3/liquid2000_core/factor_screening_report.md,PINNED_REFERENCE,reachable or evidence-sensitive; retained in place
outputs/factor_screening_v3/liquid2000_expanded/factor_candidate_board.csv,PINNED_REFERENCE,reachable or evidence-sensitive; retained in place
outputs/factor_screening_v3/liquid2000_expanded/factor_screening_report.md,PINNED_REFERENCE,reachable or evidence-sensitive; retained in place
outputs/factor_source_provenance_v1/current/artifact_manifest.json,PINNED_REFERENCE,reachable or evidence-sensitive; retained in place
outputs/factor_source_provenance_v1/current/contract_status.csv,PINNED_REFERENCE,reachable or evidence-sensitive; retained in place
outputs/factor_source_provenance_v1/current/factor_source_manifest.json,PINNED_REFERENCE,reachable or evidence-sensitive; retained in place
outputs/factor_source_provenance_v1/current/factor_source_provenance_report.md,PINNED_REFERENCE,reachable or evidence-sensitive; retained in place
outputs/factor_source_provenance_v1/current/repo_receipts.json,PINNED_REFERENCE,reachable or evidence-sensitive; retained in place
outputs/factor_source_provenance_v1/current/resolved_config.json,PINNED_REFERENCE,reachable or evidence-sensitive; retained in place
outputs/factor_source_provenance_v1/current/source_file_inventory.csv,PINNED_REFERENCE,reachable or evidence-sensitive; retained in place
outputs/factor_source_provenance_v1/current/source_summary.csv,PINNED_REFERENCE,reachable or evidence-sensitive; retained in place
outputs/factor_time_slices/all_stock_shsz_liquid2000_label_10d_t1_baseline_alignment_2017_2020/correlation.csv,PINNED_REFERENCE,reachable or evidence-sensitive; retained in place
outputs/factor_time_slices/all_stock_shsz_liquid2000_label_10d_t1_baseline_alignment_2017_2020/factor_research_report.md,PINNED_REFERENCE,reachable or evidence-sensitive; retained in place
outputs/factor_time_slices/all_stock_shsz_liquid2000_label_10d_t1_baseline_alignment_2017_2020/factor_summary.csv,PINNED_REFERENCE,reachable or evidence-sensitive; retained in place
outputs/factor_time_slices/all_stock_shsz_liquid2000_label_10d_t1_historical_reference_2010_2016/correlation.csv,PINNED_REFERENCE,reachable or evidence-sensitive; retained in place
outputs/factor_time_slices/all_stock_shsz_liquid2000_label_10d_t1_historical_reference_2010_2016/factor_research_report.md,PINNED_REFERENCE,reachable or evidence-sensitive; retained in place
outputs/factor_time_slices/all_stock_shsz_liquid2000_label_10d_t1_historical_reference_2010_2016/factor_summary.csv,PINNED_REFERENCE,reachable or evidence-sensitive; retained in place
outputs/factor_time_slices/all_stock_shsz_liquid2000_label_10d_t1_main_research_2021_2023/correlation.csv,PINNED_REFERENCE,reachable or evidence-sensitive; retained in place
outputs/factor_time_slices/all_stock_shsz_liquid2000_label_10d_t1_main_research_2021_2023/factor_research_report.md,PINNED_REFERENCE,reachable or evidence-sensitive; retained in place
outputs/factor_time_slices/all_stock_shsz_liquid2000_label_10d_t1_main_research_2021_2023/factor_summary.csv,PINNED_REFERENCE,reachable or evidence-sensitive; retained in place
outputs/factor_time_slices/all_stock_shsz_liquid2000_label_10d_t1_recent_oos_2024_2026/correlation.csv,PINNED_REFERENCE,reachable or evidence-sensitive; retained in place
outputs/factor_time_slices/all_stock_shsz_liquid2000_label_10d_t1_recent_oos_2024_2026/factor_research_report.md,PINNED_REFERENCE,reachable or evidence-sensitive; retained in place
outputs/factor_time_slices/all_stock_shsz_liquid2000_label_10d_t1_recent_oos_2024_2026/factor_summary.csv,PINNED_REFERENCE,reachable or evidence-sensitive; retained in place
outputs/factor_time_slices/all_stock_shsz_liquid2000_label_1d_t1_baseline_alignment_2017_2020/correlation.csv,PINNED_REFERENCE,reachable or evidence-sensitive; retained in place
outputs/factor_time_slices/all_stock_shsz_liquid2000_label_1d_t1_baseline_alignment_2017_2020/factor_research_report.md,PINNED_REFERENCE,reachable or evidence-sensitive; retained in place
outputs/factor_time_slices/all_stock_shsz_liquid2000_label_1d_t1_baseline_alignment_2017_2020/factor_summary.csv,PINNED_REFERENCE,reachable or evidence-sensitive; retained in place
outputs/factor_time_slices/all_stock_shsz_liquid2000_label_1d_t1_historical_reference_2010_2016/correlation.csv,PINNED_REFERENCE,reachable or evidence-sensitive; retained in place
outputs/factor_time_slices/all_stock_shsz_liquid2000_label_1d_t1_historical_reference_2010_2016/factor_research_report.md,PINNED_REFERENCE,reachable or evidence-sensitive; retained in place
outputs/factor_time_slices/all_stock_shsz_liquid2000_label_1d_t1_historical_reference_2010_2016/factor_summary.csv,PINNED_REFERENCE,reachable or evidence-sensitive; retained in place
outputs/factor_time_slices/all_stock_shsz_liquid2000_label_1d_t1_main_research_2021_2023/correlation.csv,PINNED_REFERENCE,reachable or evidence-sensitive; retained in place
outputs/factor_time_slices/all_stock_shsz_liquid2000_label_1d_t1_main_research_2021_2023/factor_research_report.md,PINNED_REFERENCE,reachable or evidence-sensitive; retained in place
outputs/factor_time_slices/all_stock_shsz_liquid2000_label_1d_t1_main_research_2021_2023/factor_summary.csv,PINNED_REFERENCE,reachable or evidence-sensitive; retained in place
outputs/factor_time_slices/all_stock_shsz_liquid2000_label_1d_t1_recent_oos_2024_2026/correlation.csv,PINNED_REFERENCE,reachable or evidence-sensitive; retained in place
outputs/factor_time_slices/all_stock_shsz_liquid2000_label_1d_t1_recent_oos_2024_2026/factor_research_report.md,PINNED_REFERENCE,reachable or evidence-sensitive; retained in place
outputs/factor_time_slices/all_stock_shsz_liquid2000_label_1d_t1_recent_oos_2024_2026/factor_summary.csv,PINNED_REFERENCE,reachable or evidence-sensitive; retained in place
outputs/factor_time_slices/all_stock_shsz_liquid2000_label_20d_t1_baseline_alignment_2017_2020/correlation.csv,PINNED_REFERENCE,reachable or evidence-sensitive; retained in place
outputs/factor_time_slices/all_stock_shsz_liquid2000_label_20d_t1_baseline_alignment_2017_2020/factor_research_report.md,PINNED_REFERENCE,reachable or evidence-sensitive; retained in place
outputs/factor_time_slices/all_stock_shsz_liquid2000_label_20d_t1_baseline_alignment_2017_2020/factor_summary.csv,PINNED_REFERENCE,reachable or evidence-sensitive; retained in place
outputs/factor_time_slices/all_stock_shsz_liquid2000_label_20d_t1_historical_reference_2010_2016/correlation.csv,PINNED_REFERENCE,reachable or evidence-sensitive; retained in place
outputs/factor_time_slices/all_stock_shsz_liquid2000_label_20d_t1_historical_reference_2010_2016/factor_research_report.md,PINNED_REFERENCE,reachable or evidence-sensitive; retained in place
outputs/factor_time_slices/all_stock_shsz_liquid2000_label_20d_t1_historical_reference_2010_2016/factor_summary.csv,PINNED_REFERENCE,reachable or evidence-sensitive; retained in place
outputs/factor_time_slices/all_stock_shsz_liquid2000_label_20d_t1_main_research_2021_2023/correlation.csv,PINNED_REFERENCE,reachable or evidence-sensitive; retained in place
outputs/factor_time_slices/all_stock_shsz_liquid2000_label_20d_t1_main_research_2021_2023/factor_research_report.md,PINNED_REFERENCE,reachable or evidence-sensitive; retained in place
outputs/factor_time_slices/all_stock_shsz_liquid2000_label_20d_t1_main_research_2021_2023/factor_summary.csv,PINNED_REFERENCE,reachable or evidence-sensitive; retained in place
outputs/factor_time_slices/all_stock_shsz_liquid2000_label_20d_t1_recent_oos_2024_2026/correlation.csv,PINNED_REFERENCE,reachable or evidence-sensitive; retained in place
outputs/factor_time_slices/all_stock_shsz_liquid2000_label_20d_t1_recent_oos_2024_2026/factor_research_report.md,PINNED_REFERENCE,reachable or evidence-sensitive; retained in place
outputs/factor_time_slices/all_stock_shsz_liquid2000_label_20d_t1_recent_oos_2024_2026/factor_summary.csv,PINNED_REFERENCE,reachable or evidence-sensitive; retained in place
outputs/factor_universe_v2/current/factor_catalog_v2.yaml,PINNED_REFERENCE,reachable or evidence-sensitive; retained in place
outputs/factor_universe_v2/current/factor_dependency_v2.csv,PINNED_REFERENCE,reachable or evidence-sensitive; retained in place
outputs/factor_universe_v2/current/factor_inventory_v2.csv,PINNED_REFERENCE,reachable or evidence-sensitive; retained in place
outputs/factor_universe_v2/current/freeze_manifest.json,PINNED_REFERENCE,reachable or evidence-sensitive; retained in place
outputs/factor_universe_v2_matrix_readiness/current/artifact_manifest.json,PINNED_REFERENCE,reachable or evidence-sensitive; retained in place
outputs/factor_universe_v2_matrix_readiness/current/contract_status.csv,PINNED_REFERENCE,reachable or evidence-sensitive; retained in place
outputs/factor_universe_v2_matrix_readiness/current/factor_order.csv,PINNED_REFERENCE,reachable or evidence-sensitive; retained in place
outputs/factor_universe_v2_matrix_readiness/current/factor_qualification.csv,PINNED_REFERENCE,reachable or evidence-sensitive; retained in place
outputs/factor_universe_v2_matrix_readiness/current/family_coverage.csv,PINNED_REFERENCE,reachable or evidence-sensitive; retained in place
outputs/factor_universe_v2_matrix_readiness/current/partition_manifest.csv,PINNED_REFERENCE,reachable or evidence-sensitive; retained in place
outputs/factor_universe_v2_matrix_readiness/current/raw_snapshot_manifest.json,PINNED_REFERENCE,reachable or evidence-sensitive; retained in place
outputs/factor_universe_v2_matrix_readiness/current/raw_source_coverage.csv,PINNED_REFERENCE,reachable or evidence-sensitive; retained in place
outputs/factor_validation_baseline_v1/current/baseline_artifact_manifest.csv,PINNED_REFERENCE,reachable or evidence-sensitive; retained in place
outputs/factor_validation_baseline_v1/current/baseline_audit_report.md,PINNED_REFERENCE,reachable or evidence-sensitive; retained in place
outputs/factor_validation_baseline_v1/current/baseline_command_results.csv,PINNED_REFERENCE,reachable or evidence-sensitive; retained in place
outputs/factor_validation_baseline_v1/current/baseline_contract_status.csv,PINNED_REFERENCE,reachable or evidence-sensitive; retained in place
outputs/factor_validation_baseline_v1/current/baseline_metric_snapshot.csv,PINNED_REFERENCE,reachable or evidence-sensitive; retained in place
outputs/factor_validation_baseline_v1/current/dependency_compatibility.csv,PINNED_REFERENCE,reachable or evidence-sensitive; retained in place
outputs/factor_validation_baseline_v1/current/run_context.json,PINNED_REFERENCE,reachable or evidence-sensitive; retained in place
outputs/final_portfolio_diagnostics_v1/local_reference/ablation_results.csv,PINNED_REFERENCE,reachable or evidence-sensitive; retained in place
outputs/final_portfolio_diagnostics_v1/local_reference/capacity_sensitivity.csv,PINNED_REFERENCE,reachable or evidence-sensitive; retained in place
outputs/final_portfolio_diagnostics_v1/local_reference/contract_status.csv,PINNED_REFERENCE,reachable or evidence-sensitive; retained in place
outputs/final_portfolio_diagnostics_v1/local_reference/cost_sensitivity.csv,PINNED_REFERENCE,reachable or evidence-sensitive; retained in place
outputs/final_portfolio_diagnostics_v1/local_reference/exposure_diagnostics.csv,PINNED_REFERENCE,reachable or evidence-sensitive; retained in place
outputs/final_portfolio_diagnostics_v1/local_reference/final_portfolio_report.md,PINNED_REFERENCE,reachable or evidence-sensitive; retained in place
outputs/final_portfolio_diagnostics_v1/local_reference/method_comparison.csv,PINNED_REFERENCE,reachable or evidence-sensitive; retained in place
outputs/final_portfolio_diagnostics_v1/local_reference/regime_performance.csv,PINNED_REFERENCE,reachable or evidence-sensitive; retained in place
outputs/final_portfolio_diagnostics_v1/local_reference/rolling_performance.csv,PINNED_REFERENCE,reachable or evidence-sensitive; retained in place
outputs/forward/paper_portfolio/decisions/2026-08-07/decision.json,PINNED_REFERENCE,reachable or evidence-sensitive; retained in place
outputs/forward/paper_portfolio/decisions/2026-08-07/target_weights.csv,PINNED_REFERENCE,reachable or evidence-sensitive; retained in place
outputs/forward/paper_portfolio/status.json,PINNED_REFERENCE,reachable or evidence-sensitive; retained in place
outputs/forward/predictions/2026-08-07/prediction.csv,PINNED_REFERENCE,reachable or evidence-sensitive; retained in place
outputs/forward/predictions/2026-08-07/prediction_receipt.json,PINNED_REFERENCE,reachable or evidence-sensitive; retained in place
outputs/forward/status.json,PINNED_REFERENCE,reachable or evidence-sensitive; retained in place
outputs/full_research_669_readiness_v1/current/artifact_manifest.json,PINNED_REFERENCE,reachable or evidence-sensitive; retained in place
outputs/full_research_669_readiness_v1/current/contract_status.csv,PINNED_REFERENCE,reachable or evidence-sensitive; retained in place
outputs/full_research_669_readiness_v1/current/evidence_inventory.csv,PINNED_REFERENCE,reachable or evidence-sensitive; retained in place
outputs/full_research_669_readiness_v1/current/full_research_669_readiness_report.md,PINNED_REFERENCE,reachable or evidence-sensitive; retained in place
outputs/full_research_669_readiness_v1/current/lineage_issues.csv,PINNED_REFERENCE,reachable or evidence-sensitive; retained in place
outputs/full_research_669_readiness_v1/current/readiness_summary.csv,PINNED_REFERENCE,reachable or evidence-sensitive; retained in place
outputs/full_research_669_readiness_v1/current/selection_status.csv,PINNED_REFERENCE,reachable or evidence-sensitive; retained in place
outputs/full_research_daily_ic_669_v1/canary/artifact_manifest.json,PINNED_REFERENCE,reachable or evidence-sensitive; retained in place
outputs/full_research_daily_ic_669_v1/canary/contract_status.csv,PINNED_REFERENCE,reachable or evidence-sensitive; retained in place
outputs/full_research_daily_ic_669_v1/canary/daily_ic_report.md,PINNED_REFERENCE,reachable or evidence-sensitive; retained in place
outputs/full_research_daily_ic_669_v1/canary/daily_rank_ic.csv,PINNED_REFERENCE,reachable or evidence-sensitive; retained in place
outputs/full_research_daily_ic_669_v1/canary/factor_ic_summary.csv,PINNED_REFERENCE,reachable or evidence-sensitive; retained in place
outputs/full_research_daily_ic_669_v1/current/artifact_manifest.json,PINNED_REFERENCE,reachable or evidence-sensitive; retained in place
outputs/full_research_daily_ic_669_v1/current/contract_status.csv,PINNED_REFERENCE,reachable or evidence-sensitive; retained in place
outputs/full_research_daily_ic_669_v1/current/daily_ic_report.md,PINNED_REFERENCE,reachable or evidence-sensitive; retained in place
outputs/full_research_daily_ic_669_v1/current/daily_rank_ic.csv,PINNED_REFERENCE,reachable or evidence-sensitive; retained in place
outputs/full_research_daily_ic_669_v1/current/factor_ic_summary.csv,PINNED_REFERENCE,reachable or evidence-sensitive; retained in place
outputs/full_research_daily_ic_v1/current/artifact_manifest.json,PINNED_REFERENCE,reachable or evidence-sensitive; retained in place
outputs/full_research_daily_ic_v1/current/contract_status.csv,PINNED_REFERENCE,reachable or evidence-sensitive; retained in place
outputs/full_research_daily_ic_v1/current/daily_ic_report.md,PINNED_REFERENCE,reachable or evidence-sensitive; retained in place
outputs/full_research_daily_ic_v1/current/daily_rank_ic.csv,PINNED_REFERENCE,reachable or evidence-sensitive; retained in place
outputs/full_research_daily_ic_v1/current/factor_ic_summary.csv,PINNED_REFERENCE,reachable or evidence-sensitive; retained in place
outputs/full_research_daily_ic_v2/canary/artifact_manifest.json,PINNED_REFERENCE,reachable or evidence-sensitive; retained in place
outputs/full_research_daily_ic_v2/canary/contract_status.csv,PINNED_REFERENCE,reachable or evidence-sensitive; retained in place
outputs/full_research_daily_ic_v2/canary/daily_ic_report.md,PINNED_REFERENCE,reachable or evidence-sensitive; retained in place
outputs/full_research_daily_ic_v2/canary/daily_rank_ic.csv,PINNED_REFERENCE,reachable or evidence-sensitive; retained in place
outputs/full_research_daily_ic_v2/canary/factor_ic_summary.csv,PINNED_REFERENCE,reachable or evidence-sensitive; retained in place
outputs/full_research_daily_ic_v2/canary/formula_validation.csv,PINNED_REFERENCE,reachable or evidence-sensitive; retained in place
outputs/full_research_daily_ic_v2/canary/ic_v1_v2_difference_summary.csv,PINNED_REFERENCE,reachable or evidence-sensitive; retained in place
outputs/full_research_daily_ic_v2/canary/partition_status.csv,PINNED_REFERENCE,reachable or evidence-sensitive; retained in place
outputs/full_research_daily_ic_v2/canary/resolved_config.json,PINNED_REFERENCE,reachable or evidence-sensitive; retained in place
outputs/full_research_daily_ic_v2/current/artifact_manifest.json,PINNED_REFERENCE,reachable or evidence-sensitive; retained in place
outputs/full_research_daily_ic_v2/current/contract_status.csv,PINNED_REFERENCE,reachable or evidence-sensitive; retained in place
outputs/full_research_daily_ic_v2/current/daily_ic_report.md,PINNED_REFERENCE,reachable or evidence-sensitive; retained in place
outputs/full_research_daily_ic_v2/current/daily_rank_ic.csv,PINNED_REFERENCE,reachable or evidence-sensitive; retained in place
outputs/full_research_daily_ic_v2/current/factor_ic_summary.csv,PINNED_REFERENCE,reachable or evidence-sensitive; retained in place
outputs/full_research_daily_ic_v2/current/formula_validation.csv,PINNED_REFERENCE,reachable or evidence-sensitive; retained in place
outputs/full_research_daily_ic_v2/current/ic_v1_v2_difference_summary.csv,PINNED_REFERENCE,reachable or evidence-sensitive; retained in place
outputs/full_research_daily_ic_v2/current/partition_status.csv,PINNED_REFERENCE,reachable or evidence-sensitive; retained in place
outputs/full_research_daily_ic_v2/current/resolved_config.json,PINNED_REFERENCE,reachable or evidence-sensitive; retained in place
outputs/full_research_factor_catalog_669_v1/current/artifact_manifest.json,PINNED_REFERENCE,reachable or evidence-sensitive; retained in place
outputs/full_research_factor_catalog_669_v1/current/batch_plan.csv,PINNED_REFERENCE,reachable or evidence-sensitive; retained in place
outputs/full_research_factor_catalog_669_v1/current/contract_status.csv,PINNED_REFERENCE,reachable or evidence-sensitive; retained in place
outputs/full_research_factor_catalog_669_v1/current/factor_catalog_669.yaml,PINNED_REFERENCE,reachable or evidence-sensitive; retained in place
outputs/full_research_factor_catalog_669_v1/current/factor_catalog_report.md,PINNED_REFERENCE,reachable or evidence-sensitive; retained in place
outputs/full_research_factor_catalog_669_v1/current/factor_inventory.csv,PINNED_REFERENCE,reachable or evidence-sensitive; retained in place
outputs/full_research_factor_catalog_669_v1/current/source_summary.csv,PINNED_REFERENCE,reachable or evidence-sensitive; retained in place
outputs/full_research_factor_trial_v1/catalog/artifact_manifest.json,PINNED_REFERENCE,reachable or evidence-sensitive; retained in place
outputs/full_research_factor_trial_v1/catalog/contract_status.csv,PINNED_REFERENCE,reachable or evidence-sensitive; retained in place
outputs/full_research_factor_trial_v1/catalog/factor_trial_catalog.yaml,PINNED_REFERENCE,reachable or evidence-sensitive; retained in place
outputs/full_research_factor_trial_v1/catalog/factor_trial_report.md,PINNED_REFERENCE,reachable or evidence-sensitive; retained in place
outputs/full_research_factor_trial_v1/catalog/selection_audit.csv,PINNED_REFERENCE,reachable or evidence-sensitive; retained in place
outputs/full_research_factor_trial_v1/catalog/stratum_summary.csv,PINNED_REFERENCE,reachable or evidence-sensitive; retained in place
outputs/full_research_feature_matrix_669_v1/canary_v3/artifact_manifest.json,PINNED_REFERENCE,reachable or evidence-sensitive; retained in place
outputs/full_research_feature_matrix_669_v1/canary_v3/batch_manifest.csv,PINNED_REFERENCE,reachable or evidence-sensitive; retained in place
outputs/full_research_feature_matrix_669_v1/canary_v3/contract_status.csv,PINNED_REFERENCE,reachable or evidence-sensitive; retained in place
outputs/full_research_feature_matrix_669_v1/canary_v3/factor_coverage.csv,PINNED_REFERENCE,reachable or evidence-sensitive; retained in place
outputs/full_research_feature_matrix_669_v1/canary_v3/factor_matrix_report.md,PINNED_REFERENCE,reachable or evidence-sensitive; retained in place
outputs/full_research_feature_matrix_669_v1/canary_v3/factor_matrix_sample.csv,PINNED_REFERENCE,reachable or evidence-sensitive; retained in place
outputs/full_research_feature_matrix_669_v1/canary_v3/failure_inventory.csv,PINNED_REFERENCE,reachable or evidence-sensitive; retained in place
outputs/full_research_feature_matrix_669_v1/canary_v3/schema.json,PINNED_REFERENCE,reachable or evidence-sensitive; retained in place
outputs/full_research_feature_matrix_669_v1/current/artifact_manifest.json,PINNED_REFERENCE,reachable or evidence-sensitive; retained in place
outputs/full_research_feature_matrix_669_v1/current/batch_manifest.csv,PINNED_REFERENCE,reachable or evidence-sensitive; retained in place
outputs/full_research_feature_matrix_669_v1/current/contract_status.csv,PINNED_REFERENCE,reachable or evidence-sensitive; retained in place
outputs/full_research_feature_matrix_669_v1/current/factor_coverage.csv,PINNED_REFERENCE,reachable or evidence-sensitive; retained in place
outputs/full_research_feature_matrix_669_v1/current/factor_matrix_report.md,PINNED_REFERENCE,reachable or evidence-sensitive; retained in place
outputs/full_research_feature_matrix_669_v1/current/factor_matrix_sample.csv,PINNED_REFERENCE,reachable or evidence-sensitive; retained in place
outputs/full_research_feature_matrix_669_v1/current/failure_inventory.csv,PINNED_REFERENCE,reachable or evidence-sensitive; retained in place
outputs/full_research_feature_matrix_669_v1/current/schema.json,PINNED_REFERENCE,reachable or evidence-sensitive; retained in place
outputs/full_research_feature_matrix_669_v1/reproducibility_v3/artifact_manifest.json,PINNED_REFERENCE,reachable or evidence-sensitive; retained in place
outputs/full_research_feature_matrix_669_v1/reproducibility_v3/batch_reproducibility.csv,PINNED_REFERENCE,reachable or evidence-sensitive; retained in place
outputs/full_research_feature_matrix_669_v1/reproducibility_v3/contract_status.csv,PINNED_REFERENCE,reachable or evidence-sensitive; retained in place
outputs/full_research_feature_matrix_669_v1/reproducibility_v3/legacy_evidence_receipt.json,PINNED_REFERENCE,reachable or evidence-sensitive; retained in place
outputs/full_research_feature_matrix_669_v1/reproducibility_v3/matrix_v3_reproducibility_report.md,PINNED_REFERENCE,reachable or evidence-sensitive; retained in place
outputs/full_research_feature_matrix_669_v1/reproducibility_v3/resolved_config.json,PINNED_REFERENCE,reachable or evidence-sensitive; retained in place
outputs/full_research_feature_matrix_669_v1/run_history_v1/artifact_manifest.json,PINNED_REFERENCE,reachable or evidence-sensitive; retained in place
outputs/full_research_feature_matrix_669_v1/run_history_v1/contract_status.csv,PINNED_REFERENCE,reachable or evidence-sensitive; retained in place
outputs/full_research_feature_matrix_669_v1/run_history_v1/matrix_run_history.csv,PINNED_REFERENCE,reachable or evidence-sensitive; retained in place
outputs/full_research_feature_matrix_669_v1/run_history_v1/matrix_run_history_report.md,PINNED_REFERENCE,reachable or evidence-sensitive; retained in place
outputs/full_research_feature_matrix_669_v1/run_history_v1/resolved_config.json,PINNED_REFERENCE,reachable or evidence-sensitive; retained in place
outputs/full_research_feature_matrix_v1/current/artifact_manifest.json,PINNED_REFERENCE,reachable or evidence-sensitive; retained in place
outputs/full_research_feature_matrix_v1/current/batch_manifest.csv,PINNED_REFERENCE,reachable or evidence-sensitive; retained in place
outputs/full_research_feature_matrix_v1/current/contract_status.csv,PINNED_REFERENCE,reachable or evidence-sensitive; retained in place
outputs/full_research_feature_matrix_v1/current/factor_coverage.csv,PINNED_REFERENCE,reachable or evidence-sensitive; retained in place
outputs/full_research_feature_matrix_v1/current/factor_matrix_report.md,PINNED_REFERENCE,reachable or evidence-sensitive; retained in place
outputs/full_research_feature_matrix_v1/current/factor_matrix_sample.csv,PINNED_REFERENCE,reachable or evidence-sensitive; retained in place
outputs/full_research_feature_matrix_v1/current/failure_inventory.csv,PINNED_REFERENCE,reachable or evidence-sensitive; retained in place
outputs/full_research_feature_matrix_v1/current/schema.json,PINNED_REFERENCE,reachable or evidence-sensitive; retained in place
outputs/full_research_feature_matrix_v4/current/alpha101_relabel_receipts.csv,PINNED_REFERENCE,reachable or evidence-sensitive; retained in place
outputs/full_research_feature_matrix_v4/current/artifact_manifest.json,PINNED_REFERENCE,reachable or evidence-sensitive; retained in place
outputs/full_research_feature_matrix_v4/current/common_key_equivalence.csv,PINNED_REFERENCE,reachable or evidence-sensitive; retained in place
outputs/full_research_feature_matrix_v4/current/contract_status.csv,PINNED_REFERENCE,reachable or evidence-sensitive; retained in place
outputs/full_research_feature_matrix_v4/current/factor_dependency_inventory.csv,PINNED_REFERENCE,reachable or evidence-sensitive; retained in place
outputs/full_research_feature_matrix_v4/current/impact_date_manifest.csv,PINNED_REFERENCE,reachable or evidence-sensitive; retained in place
outputs/full_research_feature_matrix_v4/current/matrix_v4_report.md,PINNED_REFERENCE,reachable or evidence-sensitive; retained in place
outputs/full_research_feature_matrix_v4/current/partition_status.csv,PINNED_REFERENCE,reachable or evidence-sensitive; retained in place
outputs/full_research_feature_matrix_v4/current/recompute_difference_attribution.csv,PINNED_REFERENCE,reachable or evidence-sensitive; retained in place
outputs/full_research_feature_matrix_v4/current/resolved_config.json,PINNED_REFERENCE,reachable or evidence-sensitive; retained in place
outputs/full_research_feature_matrix_v4_canary/current/alpha101_relabel_receipts.csv,PINNED_REFERENCE,reachable or evidence-sensitive; retained in place
outputs/full_research_feature_matrix_v4_canary/current/artifact_manifest.json,PINNED_REFERENCE,reachable or evidence-sensitive; retained in place
outputs/full_research_feature_matrix_v4_canary/current/canary_coverage.csv,PINNED_REFERENCE,reachable or evidence-sensitive; retained in place
outputs/full_research_feature_matrix_v4_canary/current/common_key_equivalence.csv,PINNED_REFERENCE,reachable or evidence-sensitive; retained in place
outputs/full_research_feature_matrix_v4_canary/current/contract_status.csv,PINNED_REFERENCE,reachable or evidence-sensitive; retained in place
outputs/full_research_feature_matrix_v4_canary/current/impact_date_manifest.csv,PINNED_REFERENCE,reachable or evidence-sensitive; retained in place
outputs/full_research_feature_matrix_v4_canary/current/matrix_v4_canary_report.md,PINNED_REFERENCE,reachable or evidence-sensitive; retained in place
outputs/full_research_feature_matrix_v4_canary/current/partition_status.csv,PINNED_REFERENCE,reachable or evidence-sensitive; retained in place
outputs/full_research_feature_matrix_v4_canary/current/recompute_difference_attribution.csv,PINNED_REFERENCE,reachable or evidence-sensitive; retained in place
outputs/full_research_feature_matrix_v4_canary/current/resolved_config.json,PINNED_REFERENCE,reachable or evidence-sensitive; retained in place
outputs/full_research_labels_669_v1/current/artifact_manifest.json,PINNED_REFERENCE,reachable or evidence-sensitive; retained in place
outputs/full_research_labels_669_v1/current/contract_status.csv,PINNED_REFERENCE,reachable or evidence-sensitive; retained in place
outputs/full_research_labels_669_v1/current/label_report.md,PINNED_REFERENCE,reachable or evidence-sensitive; retained in place
outputs/full_research_labels_669_v1/current/label_sample.csv,PINNED_REFERENCE,reachable or evidence-sensitive; retained in place
outputs/full_research_labels_669_v1/current/label_summary.csv,PINNED_REFERENCE,reachable or evidence-sensitive; retained in place
outputs/full_research_labels_669_v1/current/schema.json,PINNED_REFERENCE,reachable or evidence-sensitive; retained in place
outputs/full_research_labels_v1/current/artifact_manifest.json,PINNED_REFERENCE,reachable or evidence-sensitive; retained in place
outputs/full_research_labels_v1/current/contract_status.csv,PINNED_REFERENCE,reachable or evidence-sensitive; retained in place
outputs/full_research_labels_v1/current/label_report.md,PINNED_REFERENCE,reachable or evidence-sensitive; retained in place
outputs/full_research_labels_v1/current/label_sample.csv,PINNED_REFERENCE,reachable or evidence-sensitive; retained in place
outputs/full_research_labels_v1/current/label_summary.csv,PINNED_REFERENCE,reachable or evidence-sensitive; retained in place
outputs/full_research_labels_v1/current/schema.json,PINNED_REFERENCE,reachable or evidence-sensitive; retained in place
outputs/full_research_labels_v2/current/artifact_manifest.json,PINNED_REFERENCE,reachable or evidence-sensitive; retained in place
outputs/full_research_labels_v2/current/calendar_continuity_receipt.csv,PINNED_REFERENCE,reachable or evidence-sensitive; retained in place
outputs/full_research_labels_v2/current/contract_status.csv,PINNED_REFERENCE,reachable or evidence-sensitive; retained in place
outputs/full_research_labels_v2/current/label_report.md,PINNED_REFERENCE,reachable or evidence-sensitive; retained in place
outputs/full_research_labels_v2/current/label_sample.csv,PINNED_REFERENCE,reachable or evidence-sensitive; retained in place
outputs/full_research_labels_v2/current/label_summary.csv,PINNED_REFERENCE,reachable or evidence-sensitive; retained in place
outputs/full_research_labels_v2/current/resolved_config.json,PINNED_REFERENCE,reachable or evidence-sensitive; retained in place
outputs/full_research_labels_v2/current/schema.json,PINNED_REFERENCE,reachable or evidence-sensitive; retained in place
outputs/full_research_trial_readiness_v1/current/artifact_manifest.json,PINNED_REFERENCE,reachable or evidence-sensitive; retained in place
outputs/full_research_trial_readiness_v1/current/contract_status.csv,PINNED_REFERENCE,reachable or evidence-sensitive; retained in place
outputs/full_research_trial_readiness_v1/current/evidence_inventory.csv,PINNED_REFERENCE,reachable or evidence-sensitive; retained in place
outputs/full_research_trial_readiness_v1/current/full_research_trial_readiness_report.md,PINNED_REFERENCE,reachable or evidence-sensitive; retained in place
outputs/full_research_trial_readiness_v1/current/lineage_issues.csv,PINNED_REFERENCE,reachable or evidence-sensitive; retained in place
outputs/full_research_trial_readiness_v1/current/readiness_summary.csv,PINNED_REFERENCE,reachable or evidence-sensitive; retained in place
outputs/historical_instrument_state_v2/official_canary/artifact_manifest.json,PINNED_REFERENCE,reachable or evidence-sensitive; retained in place
outputs/historical_instrument_state_v2/official_canary/canary_report.md,PINNED_REFERENCE,reachable or evidence-sensitive; retained in place
outputs/historical_instrument_state_v2/official_canary/candidate_reconciliation.csv,PINNED_REFERENCE,reachable or evidence-sensitive; retained in place
outputs/historical_instrument_state_v2/official_canary/contract_status.csv,PINNED_REFERENCE,reachable or evidence-sensitive; retained in place
outputs/historical_instrument_state_v2/official_canary/coverage_summary.csv,PINNED_REFERENCE,reachable or evidence-sensitive; retained in place
outputs/historical_instrument_state_v2/official_canary/normalized_official_events.csv,PINNED_REFERENCE,reachable or evidence-sensitive; retained in place
outputs/historical_instrument_state_v2/official_canary/raw_snapshot_manifest.csv,PINNED_REFERENCE,reachable or evidence-sensitive; retained in place
outputs/historical_instrument_state_v2/official_canary/readiness_summary.csv,PINNED_REFERENCE,reachable or evidence-sensitive; retained in place
outputs/historical_instrument_state_v2/official_canary/resolved_config.json,PINNED_REFERENCE,reachable or evidence-sensitive; retained in place
outputs/historical_instrument_state_v2/official_canary/source_decision.json,PINNED_REFERENCE,reachable or evidence-sensitive; retained in place
outputs/historical_instrument_state_v2/scope/artifact_manifest.json,PINNED_REFERENCE,reachable or evidence-sensitive; retained in place
outputs/historical_instrument_state_v2/scope/contract_status.csv,PINNED_REFERENCE,reachable or evidence-sensitive; retained in place
outputs/historical_instrument_state_v2/scope/readiness_summary.csv,PINNED_REFERENCE,reachable or evidence-sensitive; retained in place
outputs/historical_instrument_state_v2/scope/resolved_config.json,PINNED_REFERENCE,reachable or evidence-sensitive; retained in place
outputs/historical_instrument_state_v2/scope/scope_manifest.csv,PINNED_REFERENCE,reachable or evidence-sensitive; retained in place
outputs/historical_instrument_state_v2/scope/scope_report.md,PINNED_REFERENCE,reachable or evidence-sensitive; retained in place
outputs/historical_instrument_state_v2/scope/state_boundary_candidates.csv,PINNED_REFERENCE,reachable or evidence-sensitive; retained in place
outputs/historical_instrument_state_v2/scope/terminal_approximation_inventory.csv,PINNED_REFERENCE,reachable or evidence-sensitive; retained in place
outputs/historical_instrument_state_v2/scope/terminal_instrument_summary.csv,PINNED_REFERENCE,reachable or evidence-sensitive; retained in place
outputs/historical_model_comparison_v1/current/artifact_manifest.json,PINNED_REFERENCE,reachable or evidence-sensitive; retained in place
outputs/historical_model_comparison_v1/current/bootstrap_uncertainty.csv,PINNED_REFERENCE,reachable or evidence-sensitive; retained in place
outputs/historical_model_comparison_v1/current/comparison_report.md,PINNED_REFERENCE,reachable or evidence-sensitive; retained in place
outputs/historical_model_comparison_v1/current/contract_status.csv,PINNED_REFERENCE,reachable or evidence-sensitive; retained in place
outputs/historical_model_comparison_v1/current/daily_ic.csv,PINNED_REFERENCE,reachable or evidence-sensitive; retained in place
outputs/historical_model_comparison_v1/current/execution_capability_status.csv,PINNED_REFERENCE,reachable or evidence-sensitive; retained in place
outputs/historical_model_comparison_v1/current/historical_research_leader.json,PINNED_REFERENCE,reachable or evidence-sensitive; retained in place
outputs/historical_model_comparison_v1/current/input_receipts.csv,PINNED_REFERENCE,reachable or evidence-sensitive; retained in place
outputs/historical_model_comparison_v1/current/method_summary.csv,PINNED_REFERENCE,reachable or evidence-sensitive; retained in place
outputs/historical_model_comparison_v1/current/pairwise_daily_ic_differences.csv,PINNED_REFERENCE,reachable or evidence-sensitive; retained in place
outputs/historical_model_comparison_v1/current/parent_receipts.csv,PINNED_REFERENCE,reachable or evidence-sensitive; retained in place
outputs/historical_model_comparison_v1/current/readiness_summary.csv,PINNED_REFERENCE,reachable or evidence-sensitive; retained in place
outputs/historical_model_comparison_v1/current/resolved_config.json,PINNED_REFERENCE,reachable or evidence-sensitive; retained in place
outputs/historical_model_comparison_v1/current/split_metrics.csv,PINNED_REFERENCE,reachable or evidence-sensitive; retained in place
outputs/historical_portfolio_backtest_v1/current/artifact_manifest.json,PINNED_REFERENCE,reachable or evidence-sensitive; retained in place
outputs/historical_portfolio_backtest_v1/current/contract_status.csv,PINNED_REFERENCE,reachable or evidence-sensitive; retained in place
outputs/historical_portfolio_backtest_v1/current/cost_summary.csv,PINNED_REFERENCE,reachable or evidence-sensitive; retained in place
outputs/historical_portfolio_backtest_v1/current/cumulative_return.png,PINNED_REFERENCE,reachable or evidence-sensitive; retained in place
outputs/historical_portfolio_backtest_v1/current/daily_nav.csv,PINNED_REFERENCE,reachable or evidence-sensitive; retained in place
outputs/historical_portfolio_backtest_v1/current/daily_returns.csv,PINNED_REFERENCE,reachable or evidence-sensitive; retained in place
outputs/historical_portfolio_backtest_v1/current/development_results.csv,PINNED_REFERENCE,reachable or evidence-sensitive; retained in place
outputs/historical_portfolio_backtest_v1/current/drawdown.png,PINNED_REFERENCE,reachable or evidence-sensitive; retained in place
outputs/historical_portfolio_backtest_v1/current/execution_summary.csv,PINNED_REFERENCE,reachable or evidence-sensitive; retained in place
outputs/historical_portfolio_backtest_v1/current/holdout_result.csv,PINNED_REFERENCE,reachable or evidence-sensitive; retained in place
outputs/historical_portfolio_backtest_v1/current/monthly_returns.csv,PINNED_REFERENCE,reachable or evidence-sensitive; retained in place
outputs/historical_portfolio_backtest_v1/current/performance_summary.csv,PINNED_REFERENCE,reachable or evidence-sensitive; retained in place
outputs/historical_portfolio_backtest_v1/current/prediction_input_receipts.csv,PINNED_REFERENCE,reachable or evidence-sensitive; retained in place
outputs/historical_portfolio_backtest_v1/current/report.md,PINNED_REFERENCE,reachable or evidence-sensitive; retained in place
outputs/historical_portfolio_backtest_v1/current/resolved_config.json,PINNED_REFERENCE,reachable or evidence-sensitive; retained in place
outputs/historical_portfolio_backtest_v1/current/selected_portfolio_rule.json,PINNED_REFERENCE,reachable or evidence-sensitive; retained in place
outputs/historical_portfolio_backtest_v1/current/stale_valuation_summary.csv,PINNED_REFERENCE,reachable or evidence-sensitive; retained in place
outputs/historical_portfolio_backtest_v1/current/turnover.png,PINNED_REFERENCE,reachable or evidence-sensitive; retained in place
outputs/instrument_state_v1/current/artifact_manifest.json,PINNED_REFERENCE,reachable or evidence-sensitive; retained in place
outputs/instrument_state_v1/current/board_resolution_audit.csv,PINNED_REFERENCE,reachable or evidence-sensitive; retained in place
outputs/instrument_state_v1/current/canary/artifact_manifest.json,PINNED_REFERENCE,reachable or evidence-sensitive; retained in place
outputs/instrument_state_v1/current/canary/board_resolution_audit.csv,PINNED_REFERENCE,reachable or evidence-sensitive; retained in place
outputs/instrument_state_v1/current/canary/contract_status.csv,PINNED_REFERENCE,reachable or evidence-sensitive; retained in place
outputs/instrument_state_v1/current/canary/instrument_state_artifact.csv,PINNED_REFERENCE,reachable or evidence-sensitive; retained in place
outputs/instrument_state_v1/current/canary/instrument_state_coverage.csv,PINNED_REFERENCE,reachable or evidence-sensitive; retained in place
outputs/instrument_state_v1/current/canary/instrument_state_report.md,PINNED_REFERENCE,reachable or evidence-sensitive; retained in place
outputs/instrument_state_v1/current/canary/resolved_config.json,PINNED_REFERENCE,reachable or evidence-sensitive; retained in place
outputs/instrument_state_v1/current/canary/runtime/instrument_state.parquet,PINNED_REFERENCE,reachable or evidence-sensitive; retained in place
outputs/instrument_state_v1/current/contract_status.csv,PINNED_REFERENCE,reachable or evidence-sensitive; retained in place
outputs/instrument_state_v1/current/instrument_state_artifact.csv,PINNED_REFERENCE,reachable or evidence-sensitive; retained in place
outputs/instrument_state_v1/current/instrument_state_coverage.csv,PINNED_REFERENCE,reachable or evidence-sensitive; retained in place
outputs/instrument_state_v1/current/instrument_state_report.md,PINNED_REFERENCE,reachable or evidence-sensitive; retained in place
outputs/instrument_state_v1/current/resolved_config.json,PINNED_REFERENCE,reachable or evidence-sensitive; retained in place
outputs/legacy_common_scores_v1/local_reference/contract_status.csv,PINNED_REFERENCE,reachable or evidence-sensitive; retained in place
outputs/legacy_common_scores_v1/local_reference/legacy_common_scores_report.md,PINNED_REFERENCE,reachable or evidence-sensitive; retained in place
outputs/legacy_common_scores_v1/local_reference/score_summary.csv,PINNED_REFERENCE,reachable or evidence-sensitive; retained in place
outputs/linear_factor_model/all_stock_shsz_liquid2000_label1d/ic_series.csv,PINNED_REFERENCE,reachable or evidence-sensitive; retained in place
outputs/linear_factor_model/all_stock_shsz_liquid2000_label1d/linear_factor_model_report.md,PINNED_REFERENCE,reachable or evidence-sensitive; retained in place
outputs/linear_factor_model/all_stock_shsz_liquid2000_label1d/summary.csv,PINNED_REFERENCE,reachable or evidence-sensitive; retained in place
outputs/linear_factor_model/all_stock_shsz_liquid2000_label5d/ic_series.csv,PINNED_REFERENCE,reachable or evidence-sensitive; retained in place
outputs/linear_factor_model/all_stock_shsz_liquid2000_label5d/linear_factor_model_report.md,PINNED_REFERENCE,reachable or evidence-sensitive; retained in place
outputs/linear_factor_model/all_stock_shsz_liquid2000_label5d/summary.csv,PINNED_REFERENCE,reachable or evidence-sensitive; retained in place
outputs/linear_factor_model/csi500_label1d/ic_series.csv,PINNED_REFERENCE,reachable or evidence-sensitive; retained in place
outputs/linear_factor_model/csi500_label1d/linear_factor_model_report.md,PINNED_REFERENCE,reachable or evidence-sensitive; retained in place
outputs/linear_factor_model/csi500_label1d/summary.csv,PINNED_REFERENCE,reachable or evidence-sensitive; retained in place
outputs/linear_factor_model/csi500_label5d/ic_series.csv,PINNED_REFERENCE,reachable or evidence-sensitive; retained in place
outputs/linear_factor_model/csi500_label5d/linear_factor_model_report.md,PINNED_REFERENCE,reachable or evidence-sensitive; retained in place
outputs/linear_factor_model/csi500_label5d/summary.csv,PINNED_REFERENCE,reachable or evidence-sensitive; retained in place
outputs/liquidity_bucket_portfolio/liquid2000_top200_bucket_balanced/daily_returns.csv,PINNED_REFERENCE,reachable or evidence-sensitive; retained in place
outputs/liquidity_bucket_portfolio/liquid2000_top200_bucket_balanced/holding_exposure_summary.csv,PINNED_REFERENCE,reachable or evidence-sensitive; retained in place
outputs/liquidity_bucket_portfolio/liquid2000_top200_bucket_balanced/liquidity_bucket_portfolio_report.md,PINNED_REFERENCE,reachable or evidence-sensitive; retained in place
outputs/liquidity_bucket_portfolio/liquid2000_top200_bucket_balanced/summary.csv,PINNED_REFERENCE,reachable or evidence-sensitive; retained in place
outputs/liquidity_bucket_portfolio/liquid2000_top200_min_liquidity_bucket3/daily_returns.csv,PINNED_REFERENCE,reachable or evidence-sensitive; retained in place
outputs/liquidity_bucket_portfolio/liquid2000_top200_min_liquidity_bucket3/holding_exposure_summary.csv,PINNED_REFERENCE,reachable or evidence-sensitive; retained in place
outputs/liquidity_bucket_portfolio/liquid2000_top200_min_liquidity_bucket3/liquidity_bucket_portfolio_report.md,PINNED_REFERENCE,reachable or evidence-sensitive; retained in place
outputs/liquidity_bucket_portfolio/liquid2000_top200_min_liquidity_bucket3/summary.csv,PINNED_REFERENCE,reachable or evidence-sensitive; retained in place
outputs/liquidity_bucket_portfolio/liquid2000_top200_plain_topk/daily_returns.csv,PINNED_REFERENCE,reachable or evidence-sensitive; retained in place
outputs/liquidity_bucket_portfolio/liquid2000_top200_plain_topk/holding_exposure_summary.csv,PINNED_REFERENCE,reachable or evidence-sensitive; retained in place
outputs/liquidity_bucket_portfolio/liquid2000_top200_plain_topk/liquidity_bucket_portfolio_report.md,PINNED_REFERENCE,reachable or evidence-sensitive; retained in place
outputs/liquidity_bucket_portfolio/liquid2000_top200_plain_topk/summary.csv,PINNED_REFERENCE,reachable or evidence-sensitive; retained in place
outputs/liquidity_residualized_factor_evaluation_v1/current/daily_residualization_diagnostics.csv,PINNED_REFERENCE,reachable or evidence-sensitive; retained in place
outputs/liquidity_residualized_factor_evaluation_v1/current/liquidity_residualized_contract_status.csv,PINNED_REFERENCE,reachable or evidence-sensitive; retained in place
outputs/liquidity_residualized_factor_evaluation_v1/current/liquidity_residualized_factor_evaluation_report.md,PINNED_REFERENCE,reachable or evidence-sensitive; retained in place
outputs/liquidity_residualized_factor_evaluation_v1/current/raw_vs_residualized_metric_comparison.csv,PINNED_REFERENCE,reachable or evidence-sensitive; retained in place
outputs/liquidity_residualized_factor_evaluation_v1/current/residualized_candidate_actions.csv,PINNED_REFERENCE,reachable or evidence-sensitive; retained in place
outputs/liquidity_residualized_factor_evaluation_v1/current/residualized_factor_summary.csv,PINNED_REFERENCE,reachable or evidence-sensitive; retained in place
outputs/low_frequency_tradability_portfolio/2021-01-01_2023-12-29_label_10d_t1_reb10_top100_low_risk_cost10/daily_returns.csv,PINNED_REFERENCE,reachable or evidence-sensitive; retained in place
outputs/low_frequency_tradability_portfolio/2021-01-01_2023-12-29_label_10d_t1_reb10_top100_low_risk_cost10/portfolio_report.md,PINNED_REFERENCE,reachable or evidence-sensitive; retained in place
outputs/low_frequency_tradability_portfolio/2021-01-01_2023-12-29_label_10d_t1_reb10_top100_low_risk_cost10/rebalance_summary.csv,PINNED_REFERENCE,reachable or evidence-sensitive; retained in place
outputs/low_frequency_tradability_portfolio/2021-01-01_2023-12-29_label_10d_t1_reb10_top100_low_risk_cost10/summary.csv,PINNED_REFERENCE,reachable or evidence-sensitive; retained in place
outputs/low_frequency_tradability_portfolio/2021-01-01_2023-12-29_label_10d_t1_reb10_top100_low_risk_cost20/daily_returns.csv,PINNED_REFERENCE,reachable or evidence-sensitive; retained in place
outputs/low_frequency_tradability_portfolio/2021-01-01_2023-12-29_label_10d_t1_reb10_top100_low_risk_cost20/portfolio_report.md,PINNED_REFERENCE,reachable or evidence-sensitive; retained in place
outputs/low_frequency_tradability_portfolio/2021-01-01_2023-12-29_label_10d_t1_reb10_top100_low_risk_cost20/rebalance_summary.csv,PINNED_REFERENCE,reachable or evidence-sensitive; retained in place
outputs/low_frequency_tradability_portfolio/2021-01-01_2023-12-29_label_10d_t1_reb10_top100_low_risk_cost20/summary.csv,PINNED_REFERENCE,reachable or evidence-sensitive; retained in place
outputs/low_frequency_tradability_portfolio/2021-01-01_2023-12-29_label_10d_t1_reb10_top100_low_risk_cost5/daily_returns.csv,PINNED_REFERENCE,reachable or evidence-sensitive; retained in place
outputs/low_frequency_tradability_portfolio/2021-01-01_2023-12-29_label_10d_t1_reb10_top100_low_risk_cost5/portfolio_report.md,PINNED_REFERENCE,reachable or evidence-sensitive; retained in place
outputs/low_frequency_tradability_portfolio/2021-01-01_2023-12-29_label_10d_t1_reb10_top100_low_risk_cost5/rebalance_summary.csv,PINNED_REFERENCE,reachable or evidence-sensitive; retained in place
outputs/low_frequency_tradability_portfolio/2021-01-01_2023-12-29_label_10d_t1_reb10_top100_low_risk_cost5/summary.csv,PINNED_REFERENCE,reachable or evidence-sensitive; retained in place
outputs/low_frequency_tradability_portfolio/2021-01-01_2023-12-29_label_10d_t1_reb10_top100_low_risk_momentum_guard_cost10/daily_returns.csv,PINNED_REFERENCE,reachable or evidence-sensitive; retained in place
outputs/low_frequency_tradability_portfolio/2021-01-01_2023-12-29_label_10d_t1_reb10_top100_low_risk_momentum_guard_cost10/portfolio_report.md,PINNED_REFERENCE,reachable or evidence-sensitive; retained in place
outputs/low_frequency_tradability_portfolio/2021-01-01_2023-12-29_label_10d_t1_reb10_top100_low_risk_momentum_guard_cost10/rebalance_summary.csv,PINNED_REFERENCE,reachable or evidence-sensitive; retained in place
outputs/low_frequency_tradability_portfolio/2021-01-01_2023-12-29_label_10d_t1_reb10_top100_low_risk_momentum_guard_cost10/summary.csv,PINNED_REFERENCE,reachable or evidence-sensitive; retained in place
outputs/low_frequency_tradability_portfolio/2021-01-01_2023-12-29_label_10d_t1_reb10_top100_low_risk_momentum_guard_cost20/daily_returns.csv,PINNED_REFERENCE,reachable or evidence-sensitive; retained in place
outputs/low_frequency_tradability_portfolio/2021-01-01_2023-12-29_label_10d_t1_reb10_top100_low_risk_momentum_guard_cost20/portfolio_report.md,PINNED_REFERENCE,reachable or evidence-sensitive; retained in place
outputs/low_frequency_tradability_portfolio/2021-01-01_2023-12-29_label_10d_t1_reb10_top100_low_risk_momentum_guard_cost20/rebalance_summary.csv,PINNED_REFERENCE,reachable or evidence-sensitive; retained in place
outputs/low_frequency_tradability_portfolio/2021-01-01_2023-12-29_label_10d_t1_reb10_top100_low_risk_momentum_guard_cost20/summary.csv,PINNED_REFERENCE,reachable or evidence-sensitive; retained in place
outputs/low_frequency_tradability_portfolio/2021-01-01_2023-12-29_label_10d_t1_reb10_top100_low_risk_momentum_guard_cost5/daily_returns.csv,PINNED_REFERENCE,reachable or evidence-sensitive; retained in place
outputs/low_frequency_tradability_portfolio/2021-01-01_2023-12-29_label_10d_t1_reb10_top100_low_risk_momentum_guard_cost5/portfolio_report.md,PINNED_REFERENCE,reachable or evidence-sensitive; retained in place
outputs/low_frequency_tradability_portfolio/2021-01-01_2023-12-29_label_10d_t1_reb10_top100_low_risk_momentum_guard_cost5/rebalance_summary.csv,PINNED_REFERENCE,reachable or evidence-sensitive; retained in place
outputs/low_frequency_tradability_portfolio/2021-01-01_2023-12-29_label_10d_t1_reb10_top100_low_risk_momentum_guard_cost5/summary.csv,PINNED_REFERENCE,reachable or evidence-sensitive; retained in place
outputs/low_frequency_tradability_portfolio/2021-01-01_2023-12-29_label_10d_t1_reb10_top100_low_risk_rev_cost10/daily_returns.csv,PINNED_REFERENCE,reachable or evidence-sensitive; retained in place
outputs/low_frequency_tradability_portfolio/2021-01-01_2023-12-29_label_10d_t1_reb10_top100_low_risk_rev_cost10/portfolio_report.md,PINNED_REFERENCE,reachable or evidence-sensitive; retained in place
outputs/low_frequency_tradability_portfolio/2021-01-01_2023-12-29_label_10d_t1_reb10_top100_low_risk_rev_cost10/rebalance_summary.csv,PINNED_REFERENCE,reachable or evidence-sensitive; retained in place
outputs/low_frequency_tradability_portfolio/2021-01-01_2023-12-29_label_10d_t1_reb10_top100_low_risk_rev_cost10/summary.csv,PINNED_REFERENCE,reachable or evidence-sensitive; retained in place
outputs/low_frequency_tradability_portfolio/2021-01-01_2023-12-29_label_10d_t1_reb10_top100_low_risk_rev_cost20/daily_returns.csv,PINNED_REFERENCE,reachable or evidence-sensitive; retained in place
outputs/low_frequency_tradability_portfolio/2021-01-01_2023-12-29_label_10d_t1_reb10_top100_low_risk_rev_cost20/portfolio_report.md,PINNED_REFERENCE,reachable or evidence-sensitive; retained in place
outputs/low_frequency_tradability_portfolio/2021-01-01_2023-12-29_label_10d_t1_reb10_top100_low_risk_rev_cost20/rebalance_summary.csv,PINNED_REFERENCE,reachable or evidence-sensitive; retained in place
outputs/low_frequency_tradability_portfolio/2021-01-01_2023-12-29_label_10d_t1_reb10_top100_low_risk_rev_cost20/summary.csv,PINNED_REFERENCE,reachable or evidence-sensitive; retained in place
outputs/low_frequency_tradability_portfolio/2021-01-01_2023-12-29_label_10d_t1_reb10_top100_low_risk_rev_cost5/daily_returns.csv,PINNED_REFERENCE,reachable or evidence-sensitive; retained in place
outputs/low_frequency_tradability_portfolio/2021-01-01_2023-12-29_label_10d_t1_reb10_top100_low_risk_rev_cost5/portfolio_report.md,PINNED_REFERENCE,reachable or evidence-sensitive; retained in place
outputs/low_frequency_tradability_portfolio/2021-01-01_2023-12-29_label_10d_t1_reb10_top100_low_risk_rev_cost5/rebalance_summary.csv,PINNED_REFERENCE,reachable or evidence-sensitive; retained in place
outputs/low_frequency_tradability_portfolio/2021-01-01_2023-12-29_label_10d_t1_reb10_top100_low_risk_rev_cost5/summary.csv,PINNED_REFERENCE,reachable or evidence-sensitive; retained in place
outputs/low_frequency_tradability_portfolio/2021-01-01_2023-12-29_label_10d_t1_reb10_top200_low_risk_cost10/daily_returns.csv,PINNED_REFERENCE,reachable or evidence-sensitive; retained in place
outputs/low_frequency_tradability_portfolio/2021-01-01_2023-12-29_label_10d_t1_reb10_top200_low_risk_cost10/portfolio_report.md,PINNED_REFERENCE,reachable or evidence-sensitive; retained in place
outputs/low_frequency_tradability_portfolio/2021-01-01_2023-12-29_label_10d_t1_reb10_top200_low_risk_cost10/rebalance_summary.csv,PINNED_REFERENCE,reachable or evidence-sensitive; retained in place
outputs/low_frequency_tradability_portfolio/2021-01-01_2023-12-29_label_10d_t1_reb10_top200_low_risk_cost10/summary.csv,PINNED_REFERENCE,reachable or evidence-sensitive; retained in place
outputs/low_frequency_tradability_portfolio/2021-01-01_2023-12-29_label_10d_t1_reb10_top200_low_risk_cost20/daily_returns.csv,PINNED_REFERENCE,reachable or evidence-sensitive; retained in place
outputs/low_frequency_tradability_portfolio/2021-01-01_2023-12-29_label_10d_t1_reb10_top200_low_risk_cost20/portfolio_report.md,PINNED_REFERENCE,reachable or evidence-sensitive; retained in place
outputs/low_frequency_tradability_portfolio/2021-01-01_2023-12-29_label_10d_t1_reb10_top200_low_risk_cost20/rebalance_summary.csv,PINNED_REFERENCE,reachable or evidence-sensitive; retained in place
outputs/low_frequency_tradability_portfolio/2021-01-01_2023-12-29_label_10d_t1_reb10_top200_low_risk_cost20/summary.csv,PINNED_REFERENCE,reachable or evidence-sensitive; retained in place
outputs/low_frequency_tradability_portfolio/2021-01-01_2023-12-29_label_10d_t1_reb10_top200_low_risk_cost5/daily_returns.csv,PINNED_REFERENCE,reachable or evidence-sensitive; retained in place
outputs/low_frequency_tradability_portfolio/2021-01-01_2023-12-29_label_10d_t1_reb10_top200_low_risk_cost5/portfolio_report.md,PINNED_REFERENCE,reachable or evidence-sensitive; retained in place
outputs/low_frequency_tradability_portfolio/2021-01-01_2023-12-29_label_10d_t1_reb10_top200_low_risk_cost5/rebalance_summary.csv,PINNED_REFERENCE,reachable or evidence-sensitive; retained in place
outputs/low_frequency_tradability_portfolio/2021-01-01_2023-12-29_label_10d_t1_reb10_top200_low_risk_cost5/summary.csv,PINNED_REFERENCE,reachable or evidence-sensitive; retained in place
outputs/low_frequency_tradability_portfolio/2021-01-01_2023-12-29_label_10d_t1_reb10_top200_low_risk_momentum_guard_cost10/daily_returns.csv,PINNED_REFERENCE,reachable or evidence-sensitive; retained in place
outputs/low_frequency_tradability_portfolio/2021-01-01_2023-12-29_label_10d_t1_reb10_top200_low_risk_momentum_guard_cost10/portfolio_report.md,PINNED_REFERENCE,reachable or evidence-sensitive; retained in place
outputs/low_frequency_tradability_portfolio/2021-01-01_2023-12-29_label_10d_t1_reb10_top200_low_risk_momentum_guard_cost10/rebalance_summary.csv,PINNED_REFERENCE,reachable or evidence-sensitive; retained in place
outputs/low_frequency_tradability_portfolio/2021-01-01_2023-12-29_label_10d_t1_reb10_top200_low_risk_momentum_guard_cost10/summary.csv,PINNED_REFERENCE,reachable or evidence-sensitive; retained in place
outputs/low_frequency_tradability_portfolio/2021-01-01_2023-12-29_label_10d_t1_reb10_top200_low_risk_momentum_guard_cost20/daily_returns.csv,PINNED_REFERENCE,reachable or evidence-sensitive; retained in place
outputs/low_frequency_tradability_portfolio/2021-01-01_2023-12-29_label_10d_t1_reb10_top200_low_risk_momentum_guard_cost20/portfolio_report.md,PINNED_REFERENCE,reachable or evidence-sensitive; retained in place
outputs/low_frequency_tradability_portfolio/2021-01-01_2023-12-29_label_10d_t1_reb10_top200_low_risk_momentum_guard_cost20/rebalance_summary.csv,PINNED_REFERENCE,reachable or evidence-sensitive; retained in place
outputs/low_frequency_tradability_portfolio/2021-01-01_2023-12-29_label_10d_t1_reb10_top200_low_risk_momentum_guard_cost20/summary.csv,PINNED_REFERENCE,reachable or evidence-sensitive; retained in place
outputs/low_frequency_tradability_portfolio/2021-01-01_2023-12-29_label_10d_t1_reb10_top200_low_risk_momentum_guard_cost5/daily_returns.csv,PINNED_REFERENCE,reachable or evidence-sensitive; retained in place
outputs/low_frequency_tradability_portfolio/2021-01-01_2023-12-29_label_10d_t1_reb10_top200_low_risk_momentum_guard_cost5/portfolio_report.md,PINNED_REFERENCE,reachable or evidence-sensitive; retained in place
outputs/low_frequency_tradability_portfolio/2021-01-01_2023-12-29_label_10d_t1_reb10_top200_low_risk_momentum_guard_cost5/rebalance_summary.csv,PINNED_REFERENCE,reachable or evidence-sensitive; retained in place
outputs/low_frequency_tradability_portfolio/2021-01-01_2023-12-29_label_10d_t1_reb10_top200_low_risk_momentum_guard_cost5/summary.csv,PINNED_REFERENCE,reachable or evidence-sensitive; retained in place
outputs/low_frequency_tradability_portfolio/2021-01-01_2023-12-29_label_10d_t1_reb10_top200_low_risk_rev_cost10/daily_returns.csv,PINNED_REFERENCE,reachable or evidence-sensitive; retained in place
outputs/low_frequency_tradability_portfolio/2021-01-01_2023-12-29_label_10d_t1_reb10_top200_low_risk_rev_cost10/portfolio_report.md,PINNED_REFERENCE,reachable or evidence-sensitive; retained in place
outputs/low_frequency_tradability_portfolio/2021-01-01_2023-12-29_label_10d_t1_reb10_top200_low_risk_rev_cost10/rebalance_summary.csv,PINNED_REFERENCE,reachable or evidence-sensitive; retained in place
outputs/low_frequency_tradability_portfolio/2021-01-01_2023-12-29_label_10d_t1_reb10_top200_low_risk_rev_cost10/summary.csv,PINNED_REFERENCE,reachable or evidence-sensitive; retained in place
outputs/low_frequency_tradability_portfolio/2021-01-01_2023-12-29_label_10d_t1_reb10_top200_low_risk_rev_cost20/daily_returns.csv,PINNED_REFERENCE,reachable or evidence-sensitive; retained in place
outputs/low_frequency_tradability_portfolio/2021-01-01_2023-12-29_label_10d_t1_reb10_top200_low_risk_rev_cost20/portfolio_report.md,PINNED_REFERENCE,reachable or evidence-sensitive; retained in place
outputs/low_frequency_tradability_portfolio/2021-01-01_2023-12-29_label_10d_t1_reb10_top200_low_risk_rev_cost20/rebalance_summary.csv,PINNED_REFERENCE,reachable or evidence-sensitive; retained in place
outputs/low_frequency_tradability_portfolio/2021-01-01_2023-12-29_label_10d_t1_reb10_top200_low_risk_rev_cost20/summary.csv,PINNED_REFERENCE,reachable or evidence-sensitive; retained in place
outputs/low_frequency_tradability_portfolio/2021-01-01_2023-12-29_label_10d_t1_reb10_top200_low_risk_rev_cost5/daily_returns.csv,PINNED_REFERENCE,reachable or evidence-sensitive; retained in place
outputs/low_frequency_tradability_portfolio/2021-01-01_2023-12-29_label_10d_t1_reb10_top200_low_risk_rev_cost5/portfolio_report.md,PINNED_REFERENCE,reachable or evidence-sensitive; retained in place
outputs/low_frequency_tradability_portfolio/2021-01-01_2023-12-29_label_10d_t1_reb10_top200_low_risk_rev_cost5/rebalance_summary.csv,PINNED_REFERENCE,reachable or evidence-sensitive; retained in place
outputs/low_frequency_tradability_portfolio/2021-01-01_2023-12-29_label_10d_t1_reb10_top200_low_risk_rev_cost5/summary.csv,PINNED_REFERENCE,reachable or evidence-sensitive; retained in place
outputs/low_frequency_tradability_portfolio/2021-01-01_2023-12-29_label_10d_t1_reb10_top300_low_risk_cost10/daily_returns.csv,PINNED_REFERENCE,reachable or evidence-sensitive; retained in place
outputs/low_frequency_tradability_portfolio/2021-01-01_2023-12-29_label_10d_t1_reb10_top300_low_risk_cost10/portfolio_report.md,PINNED_REFERENCE,reachable or evidence-sensitive; retained in place
outputs/low_frequency_tradability_portfolio/2021-01-01_2023-12-29_label_10d_t1_reb10_top300_low_risk_cost10/rebalance_summary.csv,PINNED_REFERENCE,reachable or evidence-sensitive; retained in place
outputs/low_frequency_tradability_portfolio/2021-01-01_2023-12-29_label_10d_t1_reb10_top300_low_risk_cost10/summary.csv,PINNED_REFERENCE,reachable or evidence-sensitive; retained in place
outputs/low_frequency_tradability_portfolio/2021-01-01_2023-12-29_label_10d_t1_reb10_top300_low_risk_cost20/daily_returns.csv,PINNED_REFERENCE,reachable or evidence-sensitive; retained in place
outputs/low_frequency_tradability_portfolio/2021-01-01_2023-12-29_label_10d_t1_reb10_top300_low_risk_cost20/portfolio_report.md,PINNED_REFERENCE,reachable or evidence-sensitive; retained in place
outputs/low_frequency_tradability_portfolio/2021-01-01_2023-12-29_label_10d_t1_reb10_top300_low_risk_cost20/rebalance_summary.csv,PINNED_REFERENCE,reachable or evidence-sensitive; retained in place
outputs/low_frequency_tradability_portfolio/2021-01-01_2023-12-29_label_10d_t1_reb10_top300_low_risk_cost20/summary.csv,PINNED_REFERENCE,reachable or evidence-sensitive; retained in place
outputs/low_frequency_tradability_portfolio/2021-01-01_2023-12-29_label_10d_t1_reb10_top300_low_risk_cost5/daily_returns.csv,PINNED_REFERENCE,reachable or evidence-sensitive; retained in place
outputs/low_frequency_tradability_portfolio/2021-01-01_2023-12-29_label_10d_t1_reb10_top300_low_risk_cost5/portfolio_report.md,PINNED_REFERENCE,reachable or evidence-sensitive; retained in place
outputs/low_frequency_tradability_portfolio/2021-01-01_2023-12-29_label_10d_t1_reb10_top300_low_risk_cost5/rebalance_summary.csv,PINNED_REFERENCE,reachable or evidence-sensitive; retained in place
outputs/low_frequency_tradability_portfolio/2021-01-01_2023-12-29_label_10d_t1_reb10_top300_low_risk_cost5/summary.csv,PINNED_REFERENCE,reachable or evidence-sensitive; retained in place
outputs/low_frequency_tradability_portfolio/2021-01-01_2023-12-29_label_10d_t1_reb10_top300_low_risk_momentum_guard_cost10/daily_returns.csv,PINNED_REFERENCE,reachable or evidence-sensitive; retained in place
outputs/low_frequency_tradability_portfolio/2021-01-01_2023-12-29_label_10d_t1_reb10_top300_low_risk_momentum_guard_cost10/portfolio_report.md,PINNED_REFERENCE,reachable or evidence-sensitive; retained in place
outputs/low_frequency_tradability_portfolio/2021-01-01_2023-12-29_label_10d_t1_reb10_top300_low_risk_momentum_guard_cost10/rebalance_summary.csv,PINNED_REFERENCE,reachable or evidence-sensitive; retained in place
outputs/low_frequency_tradability_portfolio/2021-01-01_2023-12-29_label_10d_t1_reb10_top300_low_risk_momentum_guard_cost10/summary.csv,PINNED_REFERENCE,reachable or evidence-sensitive; retained in place
outputs/low_frequency_tradability_portfolio/2021-01-01_2023-12-29_label_10d_t1_reb10_top300_low_risk_momentum_guard_cost20/daily_returns.csv,PINNED_REFERENCE,reachable or evidence-sensitive; retained in place
outputs/low_frequency_tradability_portfolio/2021-01-01_2023-12-29_label_10d_t1_reb10_top300_low_risk_momentum_guard_cost20/portfolio_report.md,PINNED_REFERENCE,reachable or evidence-sensitive; retained in place
outputs/low_frequency_tradability_portfolio/2021-01-01_2023-12-29_label_10d_t1_reb10_top300_low_risk_momentum_guard_cost20/rebalance_summary.csv,PINNED_REFERENCE,reachable or evidence-sensitive; retained in place
outputs/low_frequency_tradability_portfolio/2021-01-01_2023-12-29_label_10d_t1_reb10_top300_low_risk_momentum_guard_cost20/summary.csv,PINNED_REFERENCE,reachable or evidence-sensitive; retained in place
outputs/low_frequency_tradability_portfolio/2021-01-01_2023-12-29_label_10d_t1_reb10_top300_low_risk_momentum_guard_cost5/daily_returns.csv,PINNED_REFERENCE,reachable or evidence-sensitive; retained in place
outputs/low_frequency_tradability_portfolio/2021-01-01_2023-12-29_label_10d_t1_reb10_top300_low_risk_momentum_guard_cost5/portfolio_report.md,PINNED_REFERENCE,reachable or evidence-sensitive; retained in place
outputs/low_frequency_tradability_portfolio/2021-01-01_2023-12-29_label_10d_t1_reb10_top300_low_risk_momentum_guard_cost5/rebalance_summary.csv,PINNED_REFERENCE,reachable or evidence-sensitive; retained in place
outputs/low_frequency_tradability_portfolio/2021-01-01_2023-12-29_label_10d_t1_reb10_top300_low_risk_momentum_guard_cost5/summary.csv,PINNED_REFERENCE,reachable or evidence-sensitive; retained in place
outputs/low_frequency_tradability_portfolio/2021-01-01_2023-12-29_label_10d_t1_reb10_top300_low_risk_rev_cost10/daily_returns.csv,PINNED_REFERENCE,reachable or evidence-sensitive; retained in place
outputs/low_frequency_tradability_portfolio/2021-01-01_2023-12-29_label_10d_t1_reb10_top300_low_risk_rev_cost10/portfolio_report.md,PINNED_REFERENCE,reachable or evidence-sensitive; retained in place
outputs/low_frequency_tradability_portfolio/2021-01-01_2023-12-29_label_10d_t1_reb10_top300_low_risk_rev_cost10/rebalance_summary.csv,PINNED_REFERENCE,reachable or evidence-sensitive; retained in place
outputs/low_frequency_tradability_portfolio/2021-01-01_2023-12-29_label_10d_t1_reb10_top300_low_risk_rev_cost10/summary.csv,PINNED_REFERENCE,reachable or evidence-sensitive; retained in place
outputs/low_frequency_tradability_portfolio/2021-01-01_2023-12-29_label_10d_t1_reb10_top300_low_risk_rev_cost20/daily_returns.csv,PINNED_REFERENCE,reachable or evidence-sensitive; retained in place
outputs/low_frequency_tradability_portfolio/2021-01-01_2023-12-29_label_10d_t1_reb10_top300_low_risk_rev_cost20/portfolio_report.md,PINNED_REFERENCE,reachable or evidence-sensitive; retained in place
outputs/low_frequency_tradability_portfolio/2021-01-01_2023-12-29_label_10d_t1_reb10_top300_low_risk_rev_cost20/rebalance_summary.csv,PINNED_REFERENCE,reachable or evidence-sensitive; retained in place
outputs/low_frequency_tradability_portfolio/2021-01-01_2023-12-29_label_10d_t1_reb10_top300_low_risk_rev_cost20/summary.csv,PINNED_REFERENCE,reachable or evidence-sensitive; retained in place
outputs/low_frequency_tradability_portfolio/2021-01-01_2023-12-29_label_10d_t1_reb10_top300_low_risk_rev_cost5/daily_returns.csv,PINNED_REFERENCE,reachable or evidence-sensitive; retained in place
outputs/low_frequency_tradability_portfolio/2021-01-01_2023-12-29_label_10d_t1_reb10_top300_low_risk_rev_cost5/portfolio_report.md,PINNED_REFERENCE,reachable or evidence-sensitive; retained in place
outputs/low_frequency_tradability_portfolio/2021-01-01_2023-12-29_label_10d_t1_reb10_top300_low_risk_rev_cost5/rebalance_summary.csv,PINNED_REFERENCE,reachable or evidence-sensitive; retained in place
outputs/low_frequency_tradability_portfolio/2021-01-01_2023-12-29_label_10d_t1_reb10_top300_low_risk_rev_cost5/summary.csv,PINNED_REFERENCE,reachable or evidence-sensitive; retained in place
outputs/low_frequency_tradability_portfolio/2021-01-01_2023-12-29_label_20d_t1_reb20_top100_low_risk_cost10/daily_returns.csv,PINNED_REFERENCE,reachable or evidence-sensitive; retained in place
outputs/low_frequency_tradability_portfolio/2021-01-01_2023-12-29_label_20d_t1_reb20_top100_low_risk_cost10/portfolio_report.md,PINNED_REFERENCE,reachable or evidence-sensitive; retained in place
outputs/low_frequency_tradability_portfolio/2021-01-01_2023-12-29_label_20d_t1_reb20_top100_low_risk_cost10/rebalance_summary.csv,PINNED_REFERENCE,reachable or evidence-sensitive; retained in place
outputs/low_frequency_tradability_portfolio/2021-01-01_2023-12-29_label_20d_t1_reb20_top100_low_risk_cost10/summary.csv,PINNED_REFERENCE,reachable or evidence-sensitive; retained in place
outputs/low_frequency_tradability_portfolio/2021-01-01_2023-12-29_label_20d_t1_reb20_top100_low_risk_cost20/daily_returns.csv,PINNED_REFERENCE,reachable or evidence-sensitive; retained in place
outputs/low_frequency_tradability_portfolio/2021-01-01_2023-12-29_label_20d_t1_reb20_top100_low_risk_cost20/portfolio_report.md,PINNED_REFERENCE,reachable or evidence-sensitive; retained in place
outputs/low_frequency_tradability_portfolio/2021-01-01_2023-12-29_label_20d_t1_reb20_top100_low_risk_cost20/rebalance_summary.csv,PINNED_REFERENCE,reachable or evidence-sensitive; retained in place
outputs/low_frequency_tradability_portfolio/2021-01-01_2023-12-29_label_20d_t1_reb20_top100_low_risk_cost20/summary.csv,PINNED_REFERENCE,reachable or evidence-sensitive; retained in place
outputs/low_frequency_tradability_portfolio/2021-01-01_2023-12-29_label_20d_t1_reb20_top100_low_risk_cost5/daily_returns.csv,PINNED_REFERENCE,reachable or evidence-sensitive; retained in place
outputs/low_frequency_tradability_portfolio/2021-01-01_2023-12-29_label_20d_t1_reb20_top100_low_risk_cost5/portfolio_report.md,PINNED_REFERENCE,reachable or evidence-sensitive; retained in place
outputs/low_frequency_tradability_portfolio/2021-01-01_2023-12-29_label_20d_t1_reb20_top100_low_risk_cost5/rebalance_summary.csv,PINNED_REFERENCE,reachable or evidence-sensitive; retained in place
outputs/low_frequency_tradability_portfolio/2021-01-01_2023-12-29_label_20d_t1_reb20_top100_low_risk_cost5/summary.csv,PINNED_REFERENCE,reachable or evidence-sensitive; retained in place
outputs/low_frequency_tradability_portfolio/2021-01-01_2023-12-29_label_20d_t1_reb20_top100_low_risk_momentum_guard_cost10/daily_returns.csv,PINNED_REFERENCE,reachable or evidence-sensitive; retained in place
outputs/low_frequency_tradability_portfolio/2021-01-01_2023-12-29_label_20d_t1_reb20_top100_low_risk_momentum_guard_cost10/portfolio_report.md,PINNED_REFERENCE,reachable or evidence-sensitive; retained in place
outputs/low_frequency_tradability_portfolio/2021-01-01_2023-12-29_label_20d_t1_reb20_top100_low_risk_momentum_guard_cost10/rebalance_summary.csv,PINNED_REFERENCE,reachable or evidence-sensitive; retained in place
outputs/low_frequency_tradability_portfolio/2021-01-01_2023-12-29_label_20d_t1_reb20_top100_low_risk_momentum_guard_cost10/summary.csv,PINNED_REFERENCE,reachable or evidence-sensitive; retained in place
outputs/low_frequency_tradability_portfolio/2021-01-01_2023-12-29_label_20d_t1_reb20_top100_low_risk_momentum_guard_cost20/daily_returns.csv,PINNED_REFERENCE,reachable or evidence-sensitive; retained in place
outputs/low_frequency_tradability_portfolio/2021-01-01_2023-12-29_label_20d_t1_reb20_top100_low_risk_momentum_guard_cost20/portfolio_report.md,PINNED_REFERENCE,reachable or evidence-sensitive; retained in place
outputs/low_frequency_tradability_portfolio/2021-01-01_2023-12-29_label_20d_t1_reb20_top100_low_risk_momentum_guard_cost20/rebalance_summary.csv,PINNED_REFERENCE,reachable or evidence-sensitive; retained in place
outputs/low_frequency_tradability_portfolio/2021-01-01_2023-12-29_label_20d_t1_reb20_top100_low_risk_momentum_guard_cost20/summary.csv,PINNED_REFERENCE,reachable or evidence-sensitive; retained in place
outputs/low_frequency_tradability_portfolio/2021-01-01_2023-12-29_label_20d_t1_reb20_top100_low_risk_momentum_guard_cost5/daily_returns.csv,PINNED_REFERENCE,reachable or evidence-sensitive; retained in place
outputs/low_frequency_tradability_portfolio/2021-01-01_2023-12-29_label_20d_t1_reb20_top100_low_risk_momentum_guard_cost5/portfolio_report.md,PINNED_REFERENCE,reachable or evidence-sensitive; retained in place
outputs/low_frequency_tradability_portfolio/2021-01-01_2023-12-29_label_20d_t1_reb20_top100_low_risk_momentum_guard_cost5/rebalance_summary.csv,PINNED_REFERENCE,reachable or evidence-sensitive; retained in place
outputs/low_frequency_tradability_portfolio/2021-01-01_2023-12-29_label_20d_t1_reb20_top100_low_risk_momentum_guard_cost5/summary.csv,PINNED_REFERENCE,reachable or evidence-sensitive; retained in place
outputs/low_frequency_tradability_portfolio/2021-01-01_2023-12-29_label_20d_t1_reb20_top100_low_risk_rev_cost10/daily_returns.csv,PINNED_REFERENCE,reachable or evidence-sensitive; retained in place
outputs/low_frequency_tradability_portfolio/2021-01-01_2023-12-29_label_20d_t1_reb20_top100_low_risk_rev_cost10/portfolio_report.md,PINNED_REFERENCE,reachable or evidence-sensitive; retained in place
outputs/low_frequency_tradability_portfolio/2021-01-01_2023-12-29_label_20d_t1_reb20_top100_low_risk_rev_cost10/rebalance_summary.csv,PINNED_REFERENCE,reachable or evidence-sensitive; retained in place
outputs/low_frequency_tradability_portfolio/2021-01-01_2023-12-29_label_20d_t1_reb20_top100_low_risk_rev_cost10/summary.csv,PINNED_REFERENCE,reachable or evidence-sensitive; retained in place
outputs/low_frequency_tradability_portfolio/2021-01-01_2023-12-29_label_20d_t1_reb20_top100_low_risk_rev_cost20/daily_returns.csv,PINNED_REFERENCE,reachable or evidence-sensitive; retained in place
outputs/low_frequency_tradability_portfolio/2021-01-01_2023-12-29_label_20d_t1_reb20_top100_low_risk_rev_cost20/portfolio_report.md,PINNED_REFERENCE,reachable or evidence-sensitive; retained in place
outputs/low_frequency_tradability_portfolio/2021-01-01_2023-12-29_label_20d_t1_reb20_top100_low_risk_rev_cost20/rebalance_summary.csv,PINNED_REFERENCE,reachable or evidence-sensitive; retained in place
outputs/low_frequency_tradability_portfolio/2021-01-01_2023-12-29_label_20d_t1_reb20_top100_low_risk_rev_cost20/summary.csv,PINNED_REFERENCE,reachable or evidence-sensitive; retained in place
outputs/low_frequency_tradability_portfolio/2021-01-01_2023-12-29_label_20d_t1_reb20_top100_low_risk_rev_cost5/daily_returns.csv,PINNED_REFERENCE,reachable or evidence-sensitive; retained in place
outputs/low_frequency_tradability_portfolio/2021-01-01_2023-12-29_label_20d_t1_reb20_top100_low_risk_rev_cost5/portfolio_report.md,PINNED_REFERENCE,reachable or evidence-sensitive; retained in place
outputs/low_frequency_tradability_portfolio/2021-01-01_2023-12-29_label_20d_t1_reb20_top100_low_risk_rev_cost5/rebalance_summary.csv,PINNED_REFERENCE,reachable or evidence-sensitive; retained in place
outputs/low_frequency_tradability_portfolio/2021-01-01_2023-12-29_label_20d_t1_reb20_top100_low_risk_rev_cost5/summary.csv,PINNED_REFERENCE,reachable or evidence-sensitive; retained in place
outputs/low_frequency_tradability_portfolio/2021-01-01_2023-12-29_label_20d_t1_reb20_top200_low_risk_cost10/daily_returns.csv,PINNED_REFERENCE,reachable or evidence-sensitive; retained in place
outputs/low_frequency_tradability_portfolio/2021-01-01_2023-12-29_label_20d_t1_reb20_top200_low_risk_cost10/portfolio_report.md,PINNED_REFERENCE,reachable or evidence-sensitive; retained in place
outputs/low_frequency_tradability_portfolio/2021-01-01_2023-12-29_label_20d_t1_reb20_top200_low_risk_cost10/rebalance_summary.csv,PINNED_REFERENCE,reachable or evidence-sensitive; retained in place
outputs/low_frequency_tradability_portfolio/2021-01-01_2023-12-29_label_20d_t1_reb20_top200_low_risk_cost10/summary.csv,PINNED_REFERENCE,reachable or evidence-sensitive; retained in place
outputs/low_frequency_tradability_portfolio/2021-01-01_2023-12-29_label_20d_t1_reb20_top200_low_risk_cost20/daily_returns.csv,PINNED_REFERENCE,reachable or evidence-sensitive; retained in place
outputs/low_frequency_tradability_portfolio/2021-01-01_2023-12-29_label_20d_t1_reb20_top200_low_risk_cost20/portfolio_report.md,PINNED_REFERENCE,reachable or evidence-sensitive; retained in place
outputs/low_frequency_tradability_portfolio/2021-01-01_2023-12-29_label_20d_t1_reb20_top200_low_risk_cost20/rebalance_summary.csv,PINNED_REFERENCE,reachable or evidence-sensitive; retained in place
outputs/low_frequency_tradability_portfolio/2021-01-01_2023-12-29_label_20d_t1_reb20_top200_low_risk_cost20/summary.csv,PINNED_REFERENCE,reachable or evidence-sensitive; retained in place
outputs/low_frequency_tradability_portfolio/2021-01-01_2023-12-29_label_20d_t1_reb20_top200_low_risk_cost5/daily_returns.csv,PINNED_REFERENCE,reachable or evidence-sensitive; retained in place
outputs/low_frequency_tradability_portfolio/2021-01-01_2023-12-29_label_20d_t1_reb20_top200_low_risk_cost5/portfolio_report.md,PINNED_REFERENCE,reachable or evidence-sensitive; retained in place
outputs/low_frequency_tradability_portfolio/2021-01-01_2023-12-29_label_20d_t1_reb20_top200_low_risk_cost5/rebalance_summary.csv,PINNED_REFERENCE,reachable or evidence-sensitive; retained in place
outputs/low_frequency_tradability_portfolio/2021-01-01_2023-12-29_label_20d_t1_reb20_top200_low_risk_cost5/summary.csv,PINNED_REFERENCE,reachable or evidence-sensitive; retained in place
outputs/low_frequency_tradability_portfolio/2021-01-01_2023-12-29_label_20d_t1_reb20_top200_low_risk_momentum_guard_cost10/daily_returns.csv,PINNED_REFERENCE,reachable or evidence-sensitive; retained in place
outputs/low_frequency_tradability_portfolio/2021-01-01_2023-12-29_label_20d_t1_reb20_top200_low_risk_momentum_guard_cost10/portfolio_report.md,PINNED_REFERENCE,reachable or evidence-sensitive; retained in place
outputs/low_frequency_tradability_portfolio/2021-01-01_2023-12-29_label_20d_t1_reb20_top200_low_risk_momentum_guard_cost10/rebalance_summary.csv,PINNED_REFERENCE,reachable or evidence-sensitive; retained in place
outputs/low_frequency_tradability_portfolio/2021-01-01_2023-12-29_label_20d_t1_reb20_top200_low_risk_momentum_guard_cost10/summary.csv,PINNED_REFERENCE,reachable or evidence-sensitive; retained in place
outputs/low_frequency_tradability_portfolio/2021-01-01_2023-12-29_label_20d_t1_reb20_top200_low_risk_momentum_guard_cost20/daily_returns.csv,PINNED_REFERENCE,reachable or evidence-sensitive; retained in place
outputs/low_frequency_tradability_portfolio/2021-01-01_2023-12-29_label_20d_t1_reb20_top200_low_risk_momentum_guard_cost20/portfolio_report.md,PINNED_REFERENCE,reachable or evidence-sensitive; retained in place
outputs/low_frequency_tradability_portfolio/2021-01-01_2023-12-29_label_20d_t1_reb20_top200_low_risk_momentum_guard_cost20/rebalance_summary.csv,PINNED_REFERENCE,reachable or evidence-sensitive; retained in place
outputs/low_frequency_tradability_portfolio/2021-01-01_2023-12-29_label_20d_t1_reb20_top200_low_risk_momentum_guard_cost20/summary.csv,PINNED_REFERENCE,reachable or evidence-sensitive; retained in place
outputs/low_frequency_tradability_portfolio/2021-01-01_2023-12-29_label_20d_t1_reb20_top200_low_risk_momentum_guard_cost5/daily_returns.csv,PINNED_REFERENCE,reachable or evidence-sensitive; retained in place
outputs/low_frequency_tradability_portfolio/2021-01-01_2023-12-29_label_20d_t1_reb20_top200_low_risk_momentum_guard_cost5/portfolio_report.md,PINNED_REFERENCE,reachable or evidence-sensitive; retained in place
outputs/low_frequency_tradability_portfolio/2021-01-01_2023-12-29_label_20d_t1_reb20_top200_low_risk_momentum_guard_cost5/rebalance_summary.csv,PINNED_REFERENCE,reachable or evidence-sensitive; retained in place
outputs/low_frequency_tradability_portfolio/2021-01-01_2023-12-29_label_20d_t1_reb20_top200_low_risk_momentum_guard_cost5/summary.csv,PINNED_REFERENCE,reachable or evidence-sensitive; retained in place
outputs/low_frequency_tradability_portfolio/2021-01-01_2023-12-29_label_20d_t1_reb20_top200_low_risk_rev_cost10/daily_returns.csv,PINNED_REFERENCE,reachable or evidence-sensitive; retained in place
outputs/low_frequency_tradability_portfolio/2021-01-01_2023-12-29_label_20d_t1_reb20_top200_low_risk_rev_cost10/portfolio_report.md,PINNED_REFERENCE,reachable or evidence-sensitive; retained in place
outputs/low_frequency_tradability_portfolio/2021-01-01_2023-12-29_label_20d_t1_reb20_top200_low_risk_rev_cost10/rebalance_summary.csv,PINNED_REFERENCE,reachable or evidence-sensitive; retained in place
outputs/low_frequency_tradability_portfolio/2021-01-01_2023-12-29_label_20d_t1_reb20_top200_low_risk_rev_cost10/summary.csv,PINNED_REFERENCE,reachable or evidence-sensitive; retained in place
outputs/low_frequency_tradability_portfolio/2021-01-01_2023-12-29_label_20d_t1_reb20_top200_low_risk_rev_cost20/daily_returns.csv,PINNED_REFERENCE,reachable or evidence-sensitive; retained in place
outputs/low_frequency_tradability_portfolio/2021-01-01_2023-12-29_label_20d_t1_reb20_top200_low_risk_rev_cost20/portfolio_report.md,PINNED_REFERENCE,reachable or evidence-sensitive; retained in place
outputs/low_frequency_tradability_portfolio/2021-01-01_2023-12-29_label_20d_t1_reb20_top200_low_risk_rev_cost20/rebalance_summary.csv,PINNED_REFERENCE,reachable or evidence-sensitive; retained in place
outputs/low_frequency_tradability_portfolio/2021-01-01_2023-12-29_label_20d_t1_reb20_top200_low_risk_rev_cost20/summary.csv,PINNED_REFERENCE,reachable or evidence-sensitive; retained in place
outputs/low_frequency_tradability_portfolio/2021-01-01_2023-12-29_label_20d_t1_reb20_top200_low_risk_rev_cost5/daily_returns.csv,PINNED_REFERENCE,reachable or evidence-sensitive; retained in place
outputs/low_frequency_tradability_portfolio/2021-01-01_2023-12-29_label_20d_t1_reb20_top200_low_risk_rev_cost5/portfolio_report.md,PINNED_REFERENCE,reachable or evidence-sensitive; retained in place
outputs/low_frequency_tradability_portfolio/2021-01-01_2023-12-29_label_20d_t1_reb20_top200_low_risk_rev_cost5/rebalance_summary.csv,PINNED_REFERENCE,reachable or evidence-sensitive; retained in place
outputs/low_frequency_tradability_portfolio/2021-01-01_2023-12-29_label_20d_t1_reb20_top200_low_risk_rev_cost5/summary.csv,PINNED_REFERENCE,reachable or evidence-sensitive; retained in place
outputs/low_frequency_tradability_portfolio/2021-01-01_2023-12-29_label_20d_t1_reb20_top300_low_risk_cost10/daily_returns.csv,PINNED_REFERENCE,reachable or evidence-sensitive; retained in place
outputs/low_frequency_tradability_portfolio/2021-01-01_2023-12-29_label_20d_t1_reb20_top300_low_risk_cost10/portfolio_report.md,PINNED_REFERENCE,reachable or evidence-sensitive; retained in place
outputs/low_frequency_tradability_portfolio/2021-01-01_2023-12-29_label_20d_t1_reb20_top300_low_risk_cost10/rebalance_summary.csv,PINNED_REFERENCE,reachable or evidence-sensitive; retained in place
outputs/low_frequency_tradability_portfolio/2021-01-01_2023-12-29_label_20d_t1_reb20_top300_low_risk_cost10/summary.csv,PINNED_REFERENCE,reachable or evidence-sensitive; retained in place
outputs/low_frequency_tradability_portfolio/2021-01-01_2023-12-29_label_20d_t1_reb20_top300_low_risk_cost20/daily_returns.csv,PINNED_REFERENCE,reachable or evidence-sensitive; retained in place
outputs/low_frequency_tradability_portfolio/2021-01-01_2023-12-29_label_20d_t1_reb20_top300_low_risk_cost20/portfolio_report.md,PINNED_REFERENCE,reachable or evidence-sensitive; retained in place
outputs/low_frequency_tradability_portfolio/2021-01-01_2023-12-29_label_20d_t1_reb20_top300_low_risk_cost20/rebalance_summary.csv,PINNED_REFERENCE,reachable or evidence-sensitive; retained in place
outputs/low_frequency_tradability_portfolio/2021-01-01_2023-12-29_label_20d_t1_reb20_top300_low_risk_cost20/summary.csv,PINNED_REFERENCE,reachable or evidence-sensitive; retained in place
outputs/low_frequency_tradability_portfolio/2021-01-01_2023-12-29_label_20d_t1_reb20_top300_low_risk_cost5/daily_returns.csv,PINNED_REFERENCE,reachable or evidence-sensitive; retained in place
outputs/low_frequency_tradability_portfolio/2021-01-01_2023-12-29_label_20d_t1_reb20_top300_low_risk_cost5/portfolio_report.md,PINNED_REFERENCE,reachable or evidence-sensitive; retained in place
outputs/low_frequency_tradability_portfolio/2021-01-01_2023-12-29_label_20d_t1_reb20_top300_low_risk_cost5/rebalance_summary.csv,PINNED_REFERENCE,reachable or evidence-sensitive; retained in place
outputs/low_frequency_tradability_portfolio/2021-01-01_2023-12-29_label_20d_t1_reb20_top300_low_risk_cost5/summary.csv,PINNED_REFERENCE,reachable or evidence-sensitive; retained in place
outputs/low_frequency_tradability_portfolio/2021-01-01_2023-12-29_label_20d_t1_reb20_top300_low_risk_momentum_guard_cost10/daily_returns.csv,PINNED_REFERENCE,reachable or evidence-sensitive; retained in place
outputs/low_frequency_tradability_portfolio/2021-01-01_2023-12-29_label_20d_t1_reb20_top300_low_risk_momentum_guard_cost10/portfolio_report.md,PINNED_REFERENCE,reachable or evidence-sensitive; retained in place
outputs/low_frequency_tradability_portfolio/2021-01-01_2023-12-29_label_20d_t1_reb20_top300_low_risk_momentum_guard_cost10/rebalance_summary.csv,PINNED_REFERENCE,reachable or evidence-sensitive; retained in place
outputs/low_frequency_tradability_portfolio/2021-01-01_2023-12-29_label_20d_t1_reb20_top300_low_risk_momentum_guard_cost10/summary.csv,PINNED_REFERENCE,reachable or evidence-sensitive; retained in place
outputs/low_frequency_tradability_portfolio/2021-01-01_2023-12-29_label_20d_t1_reb20_top300_low_risk_momentum_guard_cost20/daily_returns.csv,PINNED_REFERENCE,reachable or evidence-sensitive; retained in place
outputs/low_frequency_tradability_portfolio/2021-01-01_2023-12-29_label_20d_t1_reb20_top300_low_risk_momentum_guard_cost20/portfolio_report.md,PINNED_REFERENCE,reachable or evidence-sensitive; retained in place
outputs/low_frequency_tradability_portfolio/2021-01-01_2023-12-29_label_20d_t1_reb20_top300_low_risk_momentum_guard_cost20/rebalance_summary.csv,PINNED_REFERENCE,reachable or evidence-sensitive; retained in place
outputs/low_frequency_tradability_portfolio/2021-01-01_2023-12-29_label_20d_t1_reb20_top300_low_risk_momentum_guard_cost20/summary.csv,PINNED_REFERENCE,reachable or evidence-sensitive; retained in place
outputs/low_frequency_tradability_portfolio/2021-01-01_2023-12-29_label_20d_t1_reb20_top300_low_risk_momentum_guard_cost5/daily_returns.csv,PINNED_REFERENCE,reachable or evidence-sensitive; retained in place
outputs/low_frequency_tradability_portfolio/2021-01-01_2023-12-29_label_20d_t1_reb20_top300_low_risk_momentum_guard_cost5/portfolio_report.md,PINNED_REFERENCE,reachable or evidence-sensitive; retained in place
outputs/low_frequency_tradability_portfolio/2021-01-01_2023-12-29_label_20d_t1_reb20_top300_low_risk_momentum_guard_cost5/rebalance_summary.csv,PINNED_REFERENCE,reachable or evidence-sensitive; retained in place
outputs/low_frequency_tradability_portfolio/2021-01-01_2023-12-29_label_20d_t1_reb20_top300_low_risk_momentum_guard_cost5/summary.csv,PINNED_REFERENCE,reachable or evidence-sensitive; retained in place
outputs/low_frequency_tradability_portfolio/2021-01-01_2023-12-29_label_20d_t1_reb20_top300_low_risk_rev_cost10/daily_returns.csv,PINNED_REFERENCE,reachable or evidence-sensitive; retained in place
outputs/low_frequency_tradability_portfolio/2021-01-01_2023-12-29_label_20d_t1_reb20_top300_low_risk_rev_cost10/portfolio_report.md,PINNED_REFERENCE,reachable or evidence-sensitive; retained in place
outputs/low_frequency_tradability_portfolio/2021-01-01_2023-12-29_label_20d_t1_reb20_top300_low_risk_rev_cost10/rebalance_summary.csv,PINNED_REFERENCE,reachable or evidence-sensitive; retained in place
outputs/low_frequency_tradability_portfolio/2021-01-01_2023-12-29_label_20d_t1_reb20_top300_low_risk_rev_cost10/summary.csv,PINNED_REFERENCE,reachable or evidence-sensitive; retained in place
outputs/low_frequency_tradability_portfolio/2021-01-01_2023-12-29_label_20d_t1_reb20_top300_low_risk_rev_cost20/daily_returns.csv,PINNED_REFERENCE,reachable or evidence-sensitive; retained in place
outputs/low_frequency_tradability_portfolio/2021-01-01_2023-12-29_label_20d_t1_reb20_top300_low_risk_rev_cost20/portfolio_report.md,PINNED_REFERENCE,reachable or evidence-sensitive; retained in place
outputs/low_frequency_tradability_portfolio/2021-01-01_2023-12-29_label_20d_t1_reb20_top300_low_risk_rev_cost20/rebalance_summary.csv,PINNED_REFERENCE,reachable or evidence-sensitive; retained in place
outputs/low_frequency_tradability_portfolio/2021-01-01_2023-12-29_label_20d_t1_reb20_top300_low_risk_rev_cost20/summary.csv,PINNED_REFERENCE,reachable or evidence-sensitive; retained in place
outputs/low_frequency_tradability_portfolio/2021-01-01_2023-12-29_label_20d_t1_reb20_top300_low_risk_rev_cost5/daily_returns.csv,PINNED_REFERENCE,reachable or evidence-sensitive; retained in place
outputs/low_frequency_tradability_portfolio/2021-01-01_2023-12-29_label_20d_t1_reb20_top300_low_risk_rev_cost5/portfolio_report.md,PINNED_REFERENCE,reachable or evidence-sensitive; retained in place
outputs/low_frequency_tradability_portfolio/2021-01-01_2023-12-29_label_20d_t1_reb20_top300_low_risk_rev_cost5/rebalance_summary.csv,PINNED_REFERENCE,reachable or evidence-sensitive; retained in place
outputs/low_frequency_tradability_portfolio/2021-01-01_2023-12-29_label_20d_t1_reb20_top300_low_risk_rev_cost5/summary.csv,PINNED_REFERENCE,reachable or evidence-sensitive; retained in place
outputs/low_frequency_tradability_portfolio/2024-01-01_2026-06-09_label_10d_t1_reb10_top100_low_risk_cost10/daily_returns.csv,PINNED_REFERENCE,reachable or evidence-sensitive; retained in place
outputs/low_frequency_tradability_portfolio/2024-01-01_2026-06-09_label_10d_t1_reb10_top100_low_risk_cost10/portfolio_report.md,PINNED_REFERENCE,reachable or evidence-sensitive; retained in place
outputs/low_frequency_tradability_portfolio/2024-01-01_2026-06-09_label_10d_t1_reb10_top100_low_risk_cost10/rebalance_summary.csv,PINNED_REFERENCE,reachable or evidence-sensitive; retained in place
outputs/low_frequency_tradability_portfolio/2024-01-01_2026-06-09_label_10d_t1_reb10_top100_low_risk_cost10/summary.csv,PINNED_REFERENCE,reachable or evidence-sensitive; retained in place
outputs/low_frequency_tradability_portfolio/2024-01-01_2026-06-09_label_10d_t1_reb10_top100_low_risk_cost20/daily_returns.csv,PINNED_REFERENCE,reachable or evidence-sensitive; retained in place
outputs/low_frequency_tradability_portfolio/2024-01-01_2026-06-09_label_10d_t1_reb10_top100_low_risk_cost20/portfolio_report.md,PINNED_REFERENCE,reachable or evidence-sensitive; retained in place
outputs/low_frequency_tradability_portfolio/2024-01-01_2026-06-09_label_10d_t1_reb10_top100_low_risk_cost20/rebalance_summary.csv,PINNED_REFERENCE,reachable or evidence-sensitive; retained in place
outputs/low_frequency_tradability_portfolio/2024-01-01_2026-06-09_label_10d_t1_reb10_top100_low_risk_cost20/summary.csv,PINNED_REFERENCE,reachable or evidence-sensitive; retained in place
outputs/low_frequency_tradability_portfolio/2024-01-01_2026-06-09_label_10d_t1_reb10_top100_low_risk_cost5/daily_returns.csv,PINNED_REFERENCE,reachable or evidence-sensitive; retained in place
outputs/low_frequency_tradability_portfolio/2024-01-01_2026-06-09_label_10d_t1_reb10_top100_low_risk_cost5/portfolio_report.md,PINNED_REFERENCE,reachable or evidence-sensitive; retained in place
outputs/low_frequency_tradability_portfolio/2024-01-01_2026-06-09_label_10d_t1_reb10_top100_low_risk_cost5/rebalance_summary.csv,PINNED_REFERENCE,reachable or evidence-sensitive; retained in place
outputs/low_frequency_tradability_portfolio/2024-01-01_2026-06-09_label_10d_t1_reb10_top100_low_risk_cost5/summary.csv,PINNED_REFERENCE,reachable or evidence-sensitive; retained in place
outputs/low_frequency_tradability_portfolio/2024-01-01_2026-06-09_label_10d_t1_reb10_top100_low_risk_momentum_guard_cost10/daily_returns.csv,PINNED_REFERENCE,reachable or evidence-sensitive; retained in place
outputs/low_frequency_tradability_portfolio/2024-01-01_2026-06-09_label_10d_t1_reb10_top100_low_risk_momentum_guard_cost10/portfolio_report.md,PINNED_REFERENCE,reachable or evidence-sensitive; retained in place
outputs/low_frequency_tradability_portfolio/2024-01-01_2026-06-09_label_10d_t1_reb10_top100_low_risk_momentum_guard_cost10/rebalance_summary.csv,PINNED_REFERENCE,reachable or evidence-sensitive; retained in place
outputs/low_frequency_tradability_portfolio/2024-01-01_2026-06-09_label_10d_t1_reb10_top100_low_risk_momentum_guard_cost10/summary.csv,PINNED_REFERENCE,reachable or evidence-sensitive; retained in place
outputs/low_frequency_tradability_portfolio/2024-01-01_2026-06-09_label_10d_t1_reb10_top100_low_risk_momentum_guard_cost20/daily_returns.csv,PINNED_REFERENCE,reachable or evidence-sensitive; retained in place
outputs/low_frequency_tradability_portfolio/2024-01-01_2026-06-09_label_10d_t1_reb10_top100_low_risk_momentum_guard_cost20/portfolio_report.md,PINNED_REFERENCE,reachable or evidence-sensitive; retained in place
outputs/low_frequency_tradability_portfolio/2024-01-01_2026-06-09_label_10d_t1_reb10_top100_low_risk_momentum_guard_cost20/rebalance_summary.csv,PINNED_REFERENCE,reachable or evidence-sensitive; retained in place
outputs/low_frequency_tradability_portfolio/2024-01-01_2026-06-09_label_10d_t1_reb10_top100_low_risk_momentum_guard_cost20/summary.csv,PINNED_REFERENCE,reachable or evidence-sensitive; retained in place
outputs/low_frequency_tradability_portfolio/2024-01-01_2026-06-09_label_10d_t1_reb10_top100_low_risk_momentum_guard_cost5/daily_returns.csv,PINNED_REFERENCE,reachable or evidence-sensitive; retained in place
outputs/low_frequency_tradability_portfolio/2024-01-01_2026-06-09_label_10d_t1_reb10_top100_low_risk_momentum_guard_cost5/portfolio_report.md,PINNED_REFERENCE,reachable or evidence-sensitive; retained in place
outputs/low_frequency_tradability_portfolio/2024-01-01_2026-06-09_label_10d_t1_reb10_top100_low_risk_momentum_guard_cost5/rebalance_summary.csv,PINNED_REFERENCE,reachable or evidence-sensitive; retained in place
outputs/low_frequency_tradability_portfolio/2024-01-01_2026-06-09_label_10d_t1_reb10_top100_low_risk_momentum_guard_cost5/summary.csv,PINNED_REFERENCE,reachable or evidence-sensitive; retained in place
outputs/low_frequency_tradability_portfolio/2024-01-01_2026-06-09_label_10d_t1_reb10_top100_low_risk_rev_cost10/daily_returns.csv,PINNED_REFERENCE,reachable or evidence-sensitive; retained in place
outputs/low_frequency_tradability_portfolio/2024-01-01_2026-06-09_label_10d_t1_reb10_top100_low_risk_rev_cost10/portfolio_report.md,PINNED_REFERENCE,reachable or evidence-sensitive; retained in place
outputs/low_frequency_tradability_portfolio/2024-01-01_2026-06-09_label_10d_t1_reb10_top100_low_risk_rev_cost10/rebalance_summary.csv,PINNED_REFERENCE,reachable or evidence-sensitive; retained in place
outputs/low_frequency_tradability_portfolio/2024-01-01_2026-06-09_label_10d_t1_reb10_top100_low_risk_rev_cost10/summary.csv,PINNED_REFERENCE,reachable or evidence-sensitive; retained in place
outputs/low_frequency_tradability_portfolio/2024-01-01_2026-06-09_label_10d_t1_reb10_top100_low_risk_rev_cost20/daily_returns.csv,PINNED_REFERENCE,reachable or evidence-sensitive; retained in place
outputs/low_frequency_tradability_portfolio/2024-01-01_2026-06-09_label_10d_t1_reb10_top100_low_risk_rev_cost20/portfolio_report.md,PINNED_REFERENCE,reachable or evidence-sensitive; retained in place
outputs/low_frequency_tradability_portfolio/2024-01-01_2026-06-09_label_10d_t1_reb10_top100_low_risk_rev_cost20/rebalance_summary.csv,PINNED_REFERENCE,reachable or evidence-sensitive; retained in place
outputs/low_frequency_tradability_portfolio/2024-01-01_2026-06-09_label_10d_t1_reb10_top100_low_risk_rev_cost20/summary.csv,PINNED_REFERENCE,reachable or evidence-sensitive; retained in place
outputs/low_frequency_tradability_portfolio/2024-01-01_2026-06-09_label_10d_t1_reb10_top100_low_risk_rev_cost5/daily_returns.csv,PINNED_REFERENCE,reachable or evidence-sensitive; retained in place
outputs/low_frequency_tradability_portfolio/2024-01-01_2026-06-09_label_10d_t1_reb10_top100_low_risk_rev_cost5/portfolio_report.md,PINNED_REFERENCE,reachable or evidence-sensitive; retained in place
outputs/low_frequency_tradability_portfolio/2024-01-01_2026-06-09_label_10d_t1_reb10_top100_low_risk_rev_cost5/rebalance_summary.csv,PINNED_REFERENCE,reachable or evidence-sensitive; retained in place
outputs/low_frequency_tradability_portfolio/2024-01-01_2026-06-09_label_10d_t1_reb10_top100_low_risk_rev_cost5/summary.csv,PINNED_REFERENCE,reachable or evidence-sensitive; retained in place
outputs/low_frequency_tradability_portfolio/2024-01-01_2026-06-09_label_10d_t1_reb10_top200_low_risk_cost10/daily_returns.csv,PINNED_REFERENCE,reachable or evidence-sensitive; retained in place
outputs/low_frequency_tradability_portfolio/2024-01-01_2026-06-09_label_10d_t1_reb10_top200_low_risk_cost10/portfolio_report.md,PINNED_REFERENCE,reachable or evidence-sensitive; retained in place
outputs/low_frequency_tradability_portfolio/2024-01-01_2026-06-09_label_10d_t1_reb10_top200_low_risk_cost10/rebalance_summary.csv,PINNED_REFERENCE,reachable or evidence-sensitive; retained in place
outputs/low_frequency_tradability_portfolio/2024-01-01_2026-06-09_label_10d_t1_reb10_top200_low_risk_cost10/summary.csv,PINNED_REFERENCE,reachable or evidence-sensitive; retained in place
outputs/low_frequency_tradability_portfolio/2024-01-01_2026-06-09_label_10d_t1_reb10_top200_low_risk_cost20/daily_returns.csv,PINNED_REFERENCE,reachable or evidence-sensitive; retained in place
outputs/low_frequency_tradability_portfolio/2024-01-01_2026-06-09_label_10d_t1_reb10_top200_low_risk_cost20/portfolio_report.md,PINNED_REFERENCE,reachable or evidence-sensitive; retained in place
outputs/low_frequency_tradability_portfolio/2024-01-01_2026-06-09_label_10d_t1_reb10_top200_low_risk_cost20/rebalance_summary.csv,PINNED_REFERENCE,reachable or evidence-sensitive; retained in place
outputs/low_frequency_tradability_portfolio/2024-01-01_2026-06-09_label_10d_t1_reb10_top200_low_risk_cost20/summary.csv,PINNED_REFERENCE,reachable or evidence-sensitive; retained in place
outputs/low_frequency_tradability_portfolio/2024-01-01_2026-06-09_label_10d_t1_reb10_top200_low_risk_cost5/daily_returns.csv,PINNED_REFERENCE,reachable or evidence-sensitive; retained in place
outputs/low_frequency_tradability_portfolio/2024-01-01_2026-06-09_label_10d_t1_reb10_top200_low_risk_cost5/portfolio_report.md,PINNED_REFERENCE,reachable or evidence-sensitive; retained in place
outputs/low_frequency_tradability_portfolio/2024-01-01_2026-06-09_label_10d_t1_reb10_top200_low_risk_cost5/rebalance_summary.csv,PINNED_REFERENCE,reachable or evidence-sensitive; retained in place
outputs/low_frequency_tradability_portfolio/2024-01-01_2026-06-09_label_10d_t1_reb10_top200_low_risk_cost5/summary.csv,PINNED_REFERENCE,reachable or evidence-sensitive; retained in place
outputs/low_frequency_tradability_portfolio/2024-01-01_2026-06-09_label_10d_t1_reb10_top200_low_risk_momentum_guard_cost10/daily_returns.csv,PINNED_REFERENCE,reachable or evidence-sensitive; retained in place
outputs/low_frequency_tradability_portfolio/2024-01-01_2026-06-09_label_10d_t1_reb10_top200_low_risk_momentum_guard_cost10/portfolio_report.md,PINNED_REFERENCE,reachable or evidence-sensitive; retained in place
outputs/low_frequency_tradability_portfolio/2024-01-01_2026-06-09_label_10d_t1_reb10_top200_low_risk_momentum_guard_cost10/rebalance_summary.csv,PINNED_REFERENCE,reachable or evidence-sensitive; retained in place
outputs/low_frequency_tradability_portfolio/2024-01-01_2026-06-09_label_10d_t1_reb10_top200_low_risk_momentum_guard_cost10/summary.csv,PINNED_REFERENCE,reachable or evidence-sensitive; retained in place
outputs/low_frequency_tradability_portfolio/2024-01-01_2026-06-09_label_10d_t1_reb10_top200_low_risk_momentum_guard_cost20/daily_returns.csv,PINNED_REFERENCE,reachable or evidence-sensitive; retained in place
outputs/low_frequency_tradability_portfolio/2024-01-01_2026-06-09_label_10d_t1_reb10_top200_low_risk_momentum_guard_cost20/portfolio_report.md,PINNED_REFERENCE,reachable or evidence-sensitive; retained in place
outputs/low_frequency_tradability_portfolio/2024-01-01_2026-06-09_label_10d_t1_reb10_top200_low_risk_momentum_guard_cost20/rebalance_summary.csv,PINNED_REFERENCE,reachable or evidence-sensitive; retained in place
outputs/low_frequency_tradability_portfolio/2024-01-01_2026-06-09_label_10d_t1_reb10_top200_low_risk_momentum_guard_cost20/summary.csv,PINNED_REFERENCE,reachable or evidence-sensitive; retained in place
outputs/low_frequency_tradability_portfolio/2024-01-01_2026-06-09_label_10d_t1_reb10_top200_low_risk_momentum_guard_cost5/daily_returns.csv,PINNED_REFERENCE,reachable or evidence-sensitive; retained in place
outputs/low_frequency_tradability_portfolio/2024-01-01_2026-06-09_label_10d_t1_reb10_top200_low_risk_momentum_guard_cost5/portfolio_report.md,PINNED_REFERENCE,reachable or evidence-sensitive; retained in place
outputs/low_frequency_tradability_portfolio/2024-01-01_2026-06-09_label_10d_t1_reb10_top200_low_risk_momentum_guard_cost5/rebalance_summary.csv,PINNED_REFERENCE,reachable or evidence-sensitive; retained in place
outputs/low_frequency_tradability_portfolio/2024-01-01_2026-06-09_label_10d_t1_reb10_top200_low_risk_momentum_guard_cost5/summary.csv,PINNED_REFERENCE,reachable or evidence-sensitive; retained in place
outputs/low_frequency_tradability_portfolio/2024-01-01_2026-06-09_label_10d_t1_reb10_top200_low_risk_rev_cost10/daily_returns.csv,PINNED_REFERENCE,reachable or evidence-sensitive; retained in place
outputs/low_frequency_tradability_portfolio/2024-01-01_2026-06-09_label_10d_t1_reb10_top200_low_risk_rev_cost10/portfolio_report.md,PINNED_REFERENCE,reachable or evidence-sensitive; retained in place
outputs/low_frequency_tradability_portfolio/2024-01-01_2026-06-09_label_10d_t1_reb10_top200_low_risk_rev_cost10/rebalance_summary.csv,PINNED_REFERENCE,reachable or evidence-sensitive; retained in place
outputs/low_frequency_tradability_portfolio/2024-01-01_2026-06-09_label_10d_t1_reb10_top200_low_risk_rev_cost10/summary.csv,PINNED_REFERENCE,reachable or evidence-sensitive; retained in place
outputs/low_frequency_tradability_portfolio/2024-01-01_2026-06-09_label_10d_t1_reb10_top200_low_risk_rev_cost20/daily_returns.csv,PINNED_REFERENCE,reachable or evidence-sensitive; retained in place
outputs/low_frequency_tradability_portfolio/2024-01-01_2026-06-09_label_10d_t1_reb10_top200_low_risk_rev_cost20/portfolio_report.md,PINNED_REFERENCE,reachable or evidence-sensitive; retained in place
outputs/low_frequency_tradability_portfolio/2024-01-01_2026-06-09_label_10d_t1_reb10_top200_low_risk_rev_cost20/rebalance_summary.csv,PINNED_REFERENCE,reachable or evidence-sensitive; retained in place
outputs/low_frequency_tradability_portfolio/2024-01-01_2026-06-09_label_10d_t1_reb10_top200_low_risk_rev_cost20/summary.csv,PINNED_REFERENCE,reachable or evidence-sensitive; retained in place
outputs/low_frequency_tradability_portfolio/2024-01-01_2026-06-09_label_10d_t1_reb10_top200_low_risk_rev_cost5/daily_returns.csv,PINNED_REFERENCE,reachable or evidence-sensitive; retained in place
outputs/low_frequency_tradability_portfolio/2024-01-01_2026-06-09_label_10d_t1_reb10_top200_low_risk_rev_cost5/portfolio_report.md,PINNED_REFERENCE,reachable or evidence-sensitive; retained in place
outputs/low_frequency_tradability_portfolio/2024-01-01_2026-06-09_label_10d_t1_reb10_top200_low_risk_rev_cost5/rebalance_summary.csv,PINNED_REFERENCE,reachable or evidence-sensitive; retained in place
outputs/low_frequency_tradability_portfolio/2024-01-01_2026-06-09_label_10d_t1_reb10_top200_low_risk_rev_cost5/summary.csv,PINNED_REFERENCE,reachable or evidence-sensitive; retained in place
outputs/low_frequency_tradability_portfolio/2024-01-01_2026-06-09_label_10d_t1_reb10_top300_low_risk_cost10/daily_returns.csv,PINNED_REFERENCE,reachable or evidence-sensitive; retained in place
outputs/low_frequency_tradability_portfolio/2024-01-01_2026-06-09_label_10d_t1_reb10_top300_low_risk_cost10/portfolio_report.md,PINNED_REFERENCE,reachable or evidence-sensitive; retained in place
outputs/low_frequency_tradability_portfolio/2024-01-01_2026-06-09_label_10d_t1_reb10_top300_low_risk_cost10/rebalance_summary.csv,PINNED_REFERENCE,reachable or evidence-sensitive; retained in place
outputs/low_frequency_tradability_portfolio/2024-01-01_2026-06-09_label_10d_t1_reb10_top300_low_risk_cost10/summary.csv,PINNED_REFERENCE,reachable or evidence-sensitive; retained in place
outputs/low_frequency_tradability_portfolio/2024-01-01_2026-06-09_label_10d_t1_reb10_top300_low_risk_cost20/daily_returns.csv,PINNED_REFERENCE,reachable or evidence-sensitive; retained in place
outputs/low_frequency_tradability_portfolio/2024-01-01_2026-06-09_label_10d_t1_reb10_top300_low_risk_cost20/portfolio_report.md,PINNED_REFERENCE,reachable or evidence-sensitive; retained in place
outputs/low_frequency_tradability_portfolio/2024-01-01_2026-06-09_label_10d_t1_reb10_top300_low_risk_cost20/rebalance_summary.csv,PINNED_REFERENCE,reachable or evidence-sensitive; retained in place
outputs/low_frequency_tradability_portfolio/2024-01-01_2026-06-09_label_10d_t1_reb10_top300_low_risk_cost20/summary.csv,PINNED_REFERENCE,reachable or evidence-sensitive; retained in place
outputs/low_frequency_tradability_portfolio/2024-01-01_2026-06-09_label_10d_t1_reb10_top300_low_risk_cost5/daily_returns.csv,PINNED_REFERENCE,reachable or evidence-sensitive; retained in place
outputs/low_frequency_tradability_portfolio/2024-01-01_2026-06-09_label_10d_t1_reb10_top300_low_risk_cost5/portfolio_report.md,PINNED_REFERENCE,reachable or evidence-sensitive; retained in place
outputs/low_frequency_tradability_portfolio/2024-01-01_2026-06-09_label_10d_t1_reb10_top300_low_risk_cost5/rebalance_summary.csv,PINNED_REFERENCE,reachable or evidence-sensitive; retained in place
outputs/low_frequency_tradability_portfolio/2024-01-01_2026-06-09_label_10d_t1_reb10_top300_low_risk_cost5/summary.csv,PINNED_REFERENCE,reachable or evidence-sensitive; retained in place
outputs/low_frequency_tradability_portfolio/2024-01-01_2026-06-09_label_10d_t1_reb10_top300_low_risk_momentum_guard_cost10/daily_returns.csv,PINNED_REFERENCE,reachable or evidence-sensitive; retained in place
outputs/low_frequency_tradability_portfolio/2024-01-01_2026-06-09_label_10d_t1_reb10_top300_low_risk_momentum_guard_cost10/portfolio_report.md,PINNED_REFERENCE,reachable or evidence-sensitive; retained in place
outputs/low_frequency_tradability_portfolio/2024-01-01_2026-06-09_label_10d_t1_reb10_top300_low_risk_momentum_guard_cost10/rebalance_summary.csv,PINNED_REFERENCE,reachable or evidence-sensitive; retained in place
outputs/low_frequency_tradability_portfolio/2024-01-01_2026-06-09_label_10d_t1_reb10_top300_low_risk_momentum_guard_cost10/summary.csv,PINNED_REFERENCE,reachable or evidence-sensitive; retained in place
outputs/low_frequency_tradability_portfolio/2024-01-01_2026-06-09_label_10d_t1_reb10_top300_low_risk_momentum_guard_cost20/daily_returns.csv,PINNED_REFERENCE,reachable or evidence-sensitive; retained in place
outputs/low_frequency_tradability_portfolio/2024-01-01_2026-06-09_label_10d_t1_reb10_top300_low_risk_momentum_guard_cost20/portfolio_report.md,PINNED_REFERENCE,reachable or evidence-sensitive; retained in place
outputs/low_frequency_tradability_portfolio/2024-01-01_2026-06-09_label_10d_t1_reb10_top300_low_risk_momentum_guard_cost20/rebalance_summary.csv,PINNED_REFERENCE,reachable or evidence-sensitive; retained in place
outputs/low_frequency_tradability_portfolio/2024-01-01_2026-06-09_label_10d_t1_reb10_top300_low_risk_momentum_guard_cost20/summary.csv,PINNED_REFERENCE,reachable or evidence-sensitive; retained in place
outputs/low_frequency_tradability_portfolio/2024-01-01_2026-06-09_label_10d_t1_reb10_top300_low_risk_momentum_guard_cost5/daily_returns.csv,PINNED_REFERENCE,reachable or evidence-sensitive; retained in place
outputs/low_frequency_tradability_portfolio/2024-01-01_2026-06-09_label_10d_t1_reb10_top300_low_risk_momentum_guard_cost5/portfolio_report.md,PINNED_REFERENCE,reachable or evidence-sensitive; retained in place
outputs/low_frequency_tradability_portfolio/2024-01-01_2026-06-09_label_10d_t1_reb10_top300_low_risk_momentum_guard_cost5/rebalance_summary.csv,PINNED_REFERENCE,reachable or evidence-sensitive; retained in place
outputs/low_frequency_tradability_portfolio/2024-01-01_2026-06-09_label_10d_t1_reb10_top300_low_risk_momentum_guard_cost5/summary.csv,PINNED_REFERENCE,reachable or evidence-sensitive; retained in place
outputs/low_frequency_tradability_portfolio/2024-01-01_2026-06-09_label_10d_t1_reb10_top300_low_risk_rev_cost10/daily_returns.csv,PINNED_REFERENCE,reachable or evidence-sensitive; retained in place
outputs/low_frequency_tradability_portfolio/2024-01-01_2026-06-09_label_10d_t1_reb10_top300_low_risk_rev_cost10/portfolio_report.md,PINNED_REFERENCE,reachable or evidence-sensitive; retained in place
outputs/low_frequency_tradability_portfolio/2024-01-01_2026-06-09_label_10d_t1_reb10_top300_low_risk_rev_cost10/rebalance_summary.csv,PINNED_REFERENCE,reachable or evidence-sensitive; retained in place
outputs/low_frequency_tradability_portfolio/2024-01-01_2026-06-09_label_10d_t1_reb10_top300_low_risk_rev_cost10/summary.csv,PINNED_REFERENCE,reachable or evidence-sensitive; retained in place
outputs/low_frequency_tradability_portfolio/2024-01-01_2026-06-09_label_10d_t1_reb10_top300_low_risk_rev_cost20/daily_returns.csv,PINNED_REFERENCE,reachable or evidence-sensitive; retained in place
outputs/low_frequency_tradability_portfolio/2024-01-01_2026-06-09_label_10d_t1_reb10_top300_low_risk_rev_cost20/portfolio_report.md,PINNED_REFERENCE,reachable or evidence-sensitive; retained in place
outputs/low_frequency_tradability_portfolio/2024-01-01_2026-06-09_label_10d_t1_reb10_top300_low_risk_rev_cost20/rebalance_summary.csv,PINNED_REFERENCE,reachable or evidence-sensitive; retained in place
outputs/low_frequency_tradability_portfolio/2024-01-01_2026-06-09_label_10d_t1_reb10_top300_low_risk_rev_cost20/summary.csv,PINNED_REFERENCE,reachable or evidence-sensitive; retained in place
outputs/low_frequency_tradability_portfolio/2024-01-01_2026-06-09_label_10d_t1_reb10_top300_low_risk_rev_cost5/daily_returns.csv,PINNED_REFERENCE,reachable or evidence-sensitive; retained in place
outputs/low_frequency_tradability_portfolio/2024-01-01_2026-06-09_label_10d_t1_reb10_top300_low_risk_rev_cost5/portfolio_report.md,PINNED_REFERENCE,reachable or evidence-sensitive; retained in place
outputs/low_frequency_tradability_portfolio/2024-01-01_2026-06-09_label_10d_t1_reb10_top300_low_risk_rev_cost5/rebalance_summary.csv,PINNED_REFERENCE,reachable or evidence-sensitive; retained in place
outputs/low_frequency_tradability_portfolio/2024-01-01_2026-06-09_label_10d_t1_reb10_top300_low_risk_rev_cost5/summary.csv,PINNED_REFERENCE,reachable or evidence-sensitive; retained in place
outputs/low_frequency_tradability_portfolio/2024-01-01_2026-06-09_label_20d_t1_reb20_top100_low_risk_cost10/daily_returns.csv,PINNED_REFERENCE,reachable or evidence-sensitive; retained in place
outputs/low_frequency_tradability_portfolio/2024-01-01_2026-06-09_label_20d_t1_reb20_top100_low_risk_cost10/portfolio_report.md,PINNED_REFERENCE,reachable or evidence-sensitive; retained in place
outputs/low_frequency_tradability_portfolio/2024-01-01_2026-06-09_label_20d_t1_reb20_top100_low_risk_cost10/rebalance_summary.csv,PINNED_REFERENCE,reachable or evidence-sensitive; retained in place
outputs/low_frequency_tradability_portfolio/2024-01-01_2026-06-09_label_20d_t1_reb20_top100_low_risk_cost10/summary.csv,PINNED_REFERENCE,reachable or evidence-sensitive; retained in place
outputs/low_frequency_tradability_portfolio/2024-01-01_2026-06-09_label_20d_t1_reb20_top100_low_risk_cost20/daily_returns.csv,PINNED_REFERENCE,reachable or evidence-sensitive; retained in place
outputs/low_frequency_tradability_portfolio/2024-01-01_2026-06-09_label_20d_t1_reb20_top100_low_risk_cost20/portfolio_report.md,PINNED_REFERENCE,reachable or evidence-sensitive; retained in place
outputs/low_frequency_tradability_portfolio/2024-01-01_2026-06-09_label_20d_t1_reb20_top100_low_risk_cost20/rebalance_summary.csv,PINNED_REFERENCE,reachable or evidence-sensitive; retained in place
outputs/low_frequency_tradability_portfolio/2024-01-01_2026-06-09_label_20d_t1_reb20_top100_low_risk_cost20/summary.csv,PINNED_REFERENCE,reachable or evidence-sensitive; retained in place
outputs/low_frequency_tradability_portfolio/2024-01-01_2026-06-09_label_20d_t1_reb20_top100_low_risk_cost5/daily_returns.csv,PINNED_REFERENCE,reachable or evidence-sensitive; retained in place
outputs/low_frequency_tradability_portfolio/2024-01-01_2026-06-09_label_20d_t1_reb20_top100_low_risk_cost5/portfolio_report.md,PINNED_REFERENCE,reachable or evidence-sensitive; retained in place
outputs/low_frequency_tradability_portfolio/2024-01-01_2026-06-09_label_20d_t1_reb20_top100_low_risk_cost5/rebalance_summary.csv,PINNED_REFERENCE,reachable or evidence-sensitive; retained in place
outputs/low_frequency_tradability_portfolio/2024-01-01_2026-06-09_label_20d_t1_reb20_top100_low_risk_cost5/summary.csv,PINNED_REFERENCE,reachable or evidence-sensitive; retained in place
outputs/low_frequency_tradability_portfolio/2024-01-01_2026-06-09_label_20d_t1_reb20_top100_low_risk_momentum_guard_cost10/daily_returns.csv,PINNED_REFERENCE,reachable or evidence-sensitive; retained in place
outputs/low_frequency_tradability_portfolio/2024-01-01_2026-06-09_label_20d_t1_reb20_top100_low_risk_momentum_guard_cost10/portfolio_report.md,PINNED_REFERENCE,reachable or evidence-sensitive; retained in place
outputs/low_frequency_tradability_portfolio/2024-01-01_2026-06-09_label_20d_t1_reb20_top100_low_risk_momentum_guard_cost10/rebalance_summary.csv,PINNED_REFERENCE,reachable or evidence-sensitive; retained in place
outputs/low_frequency_tradability_portfolio/2024-01-01_2026-06-09_label_20d_t1_reb20_top100_low_risk_momentum_guard_cost10/summary.csv,PINNED_REFERENCE,reachable or evidence-sensitive; retained in place
outputs/low_frequency_tradability_portfolio/2024-01-01_2026-06-09_label_20d_t1_reb20_top100_low_risk_momentum_guard_cost20/daily_returns.csv,PINNED_REFERENCE,reachable or evidence-sensitive; retained in place
outputs/low_frequency_tradability_portfolio/2024-01-01_2026-06-09_label_20d_t1_reb20_top100_low_risk_momentum_guard_cost20/portfolio_report.md,PINNED_REFERENCE,reachable or evidence-sensitive; retained in place
outputs/low_frequency_tradability_portfolio/2024-01-01_2026-06-09_label_20d_t1_reb20_top100_low_risk_momentum_guard_cost20/rebalance_summary.csv,PINNED_REFERENCE,reachable or evidence-sensitive; retained in place
outputs/low_frequency_tradability_portfolio/2024-01-01_2026-06-09_label_20d_t1_reb20_top100_low_risk_momentum_guard_cost20/summary.csv,PINNED_REFERENCE,reachable or evidence-sensitive; retained in place
outputs/low_frequency_tradability_portfolio/2024-01-01_2026-06-09_label_20d_t1_reb20_top100_low_risk_momentum_guard_cost5/daily_returns.csv,PINNED_REFERENCE,reachable or evidence-sensitive; retained in place
outputs/low_frequency_tradability_portfolio/2024-01-01_2026-06-09_label_20d_t1_reb20_top100_low_risk_momentum_guard_cost5/portfolio_report.md,PINNED_REFERENCE,reachable or evidence-sensitive; retained in place
outputs/low_frequency_tradability_portfolio/2024-01-01_2026-06-09_label_20d_t1_reb20_top100_low_risk_momentum_guard_cost5/rebalance_summary.csv,PINNED_REFERENCE,reachable or evidence-sensitive; retained in place
outputs/low_frequency_tradability_portfolio/2024-01-01_2026-06-09_label_20d_t1_reb20_top100_low_risk_momentum_guard_cost5/summary.csv,PINNED_REFERENCE,reachable or evidence-sensitive; retained in place
outputs/low_frequency_tradability_portfolio/2024-01-01_2026-06-09_label_20d_t1_reb20_top100_low_risk_rev_cost10/daily_returns.csv,PINNED_REFERENCE,reachable or evidence-sensitive; retained in place
outputs/low_frequency_tradability_portfolio/2024-01-01_2026-06-09_label_20d_t1_reb20_top100_low_risk_rev_cost10/portfolio_report.md,PINNED_REFERENCE,reachable or evidence-sensitive; retained in place
outputs/low_frequency_tradability_portfolio/2024-01-01_2026-06-09_label_20d_t1_reb20_top100_low_risk_rev_cost10/rebalance_summary.csv,PINNED_REFERENCE,reachable or evidence-sensitive; retained in place
outputs/low_frequency_tradability_portfolio/2024-01-01_2026-06-09_label_20d_t1_reb20_top100_low_risk_rev_cost10/summary.csv,PINNED_REFERENCE,reachable or evidence-sensitive; retained in place
outputs/low_frequency_tradability_portfolio/2024-01-01_2026-06-09_label_20d_t1_reb20_top100_low_risk_rev_cost20/daily_returns.csv,PINNED_REFERENCE,reachable or evidence-sensitive; retained in place
outputs/low_frequency_tradability_portfolio/2024-01-01_2026-06-09_label_20d_t1_reb20_top100_low_risk_rev_cost20/portfolio_report.md,PINNED_REFERENCE,reachable or evidence-sensitive; retained in place
outputs/low_frequency_tradability_portfolio/2024-01-01_2026-06-09_label_20d_t1_reb20_top100_low_risk_rev_cost20/rebalance_summary.csv,PINNED_REFERENCE,reachable or evidence-sensitive; retained in place
outputs/low_frequency_tradability_portfolio/2024-01-01_2026-06-09_label_20d_t1_reb20_top100_low_risk_rev_cost20/summary.csv,PINNED_REFERENCE,reachable or evidence-sensitive; retained in place
outputs/low_frequency_tradability_portfolio/2024-01-01_2026-06-09_label_20d_t1_reb20_top100_low_risk_rev_cost5/daily_returns.csv,PINNED_REFERENCE,reachable or evidence-sensitive; retained in place
outputs/low_frequency_tradability_portfolio/2024-01-01_2026-06-09_label_20d_t1_reb20_top100_low_risk_rev_cost5/portfolio_report.md,PINNED_REFERENCE,reachable or evidence-sensitive; retained in place
outputs/low_frequency_tradability_portfolio/2024-01-01_2026-06-09_label_20d_t1_reb20_top100_low_risk_rev_cost5/rebalance_summary.csv,PINNED_REFERENCE,reachable or evidence-sensitive; retained in place
outputs/low_frequency_tradability_portfolio/2024-01-01_2026-06-09_label_20d_t1_reb20_top100_low_risk_rev_cost5/summary.csv,PINNED_REFERENCE,reachable or evidence-sensitive; retained in place
outputs/low_frequency_tradability_portfolio/2024-01-01_2026-06-09_label_20d_t1_reb20_top200_low_risk_cost10/daily_returns.csv,PINNED_REFERENCE,reachable or evidence-sensitive; retained in place
outputs/low_frequency_tradability_portfolio/2024-01-01_2026-06-09_label_20d_t1_reb20_top200_low_risk_cost10/portfolio_report.md,PINNED_REFERENCE,reachable or evidence-sensitive; retained in place
outputs/low_frequency_tradability_portfolio/2024-01-01_2026-06-09_label_20d_t1_reb20_top200_low_risk_cost10/rebalance_summary.csv,PINNED_REFERENCE,reachable or evidence-sensitive; retained in place
outputs/low_frequency_tradability_portfolio/2024-01-01_2026-06-09_label_20d_t1_reb20_top200_low_risk_cost10/summary.csv,PINNED_REFERENCE,reachable or evidence-sensitive; retained in place
outputs/low_frequency_tradability_portfolio/2024-01-01_2026-06-09_label_20d_t1_reb20_top200_low_risk_cost20/daily_returns.csv,PINNED_REFERENCE,reachable or evidence-sensitive; retained in place
outputs/low_frequency_tradability_portfolio/2024-01-01_2026-06-09_label_20d_t1_reb20_top200_low_risk_cost20/portfolio_report.md,PINNED_REFERENCE,reachable or evidence-sensitive; retained in place
outputs/low_frequency_tradability_portfolio/2024-01-01_2026-06-09_label_20d_t1_reb20_top200_low_risk_cost20/rebalance_summary.csv,PINNED_REFERENCE,reachable or evidence-sensitive; retained in place
outputs/low_frequency_tradability_portfolio/2024-01-01_2026-06-09_label_20d_t1_reb20_top200_low_risk_cost20/summary.csv,PINNED_REFERENCE,reachable or evidence-sensitive; retained in place
outputs/low_frequency_tradability_portfolio/2024-01-01_2026-06-09_label_20d_t1_reb20_top200_low_risk_cost5/daily_returns.csv,PINNED_REFERENCE,reachable or evidence-sensitive; retained in place
outputs/low_frequency_tradability_portfolio/2024-01-01_2026-06-09_label_20d_t1_reb20_top200_low_risk_cost5/portfolio_report.md,PINNED_REFERENCE,reachable or evidence-sensitive; retained in place
outputs/low_frequency_tradability_portfolio/2024-01-01_2026-06-09_label_20d_t1_reb20_top200_low_risk_cost5/rebalance_summary.csv,PINNED_REFERENCE,reachable or evidence-sensitive; retained in place
outputs/low_frequency_tradability_portfolio/2024-01-01_2026-06-09_label_20d_t1_reb20_top200_low_risk_cost5/summary.csv,PINNED_REFERENCE,reachable or evidence-sensitive; retained in place
outputs/low_frequency_tradability_portfolio/2024-01-01_2026-06-09_label_20d_t1_reb20_top200_low_risk_momentum_guard_cost10/daily_returns.csv,PINNED_REFERENCE,reachable or evidence-sensitive; retained in place
outputs/low_frequency_tradability_portfolio/2024-01-01_2026-06-09_label_20d_t1_reb20_top200_low_risk_momentum_guard_cost10/portfolio_report.md,PINNED_REFERENCE,reachable or evidence-sensitive; retained in place
outputs/low_frequency_tradability_portfolio/2024-01-01_2026-06-09_label_20d_t1_reb20_top200_low_risk_momentum_guard_cost10/rebalance_summary.csv,PINNED_REFERENCE,reachable or evidence-sensitive; retained in place
outputs/low_frequency_tradability_portfolio/2024-01-01_2026-06-09_label_20d_t1_reb20_top200_low_risk_momentum_guard_cost10/summary.csv,PINNED_REFERENCE,reachable or evidence-sensitive; retained in place
outputs/low_frequency_tradability_portfolio/2024-01-01_2026-06-09_label_20d_t1_reb20_top200_low_risk_momentum_guard_cost20/daily_returns.csv,PINNED_REFERENCE,reachable or evidence-sensitive; retained in place
outputs/low_frequency_tradability_portfolio/2024-01-01_2026-06-09_label_20d_t1_reb20_top200_low_risk_momentum_guard_cost20/portfolio_report.md,PINNED_REFERENCE,reachable or evidence-sensitive; retained in place
outputs/low_frequency_tradability_portfolio/2024-01-01_2026-06-09_label_20d_t1_reb20_top200_low_risk_momentum_guard_cost20/rebalance_summary.csv,PINNED_REFERENCE,reachable or evidence-sensitive; retained in place
outputs/low_frequency_tradability_portfolio/2024-01-01_2026-06-09_label_20d_t1_reb20_top200_low_risk_momentum_guard_cost20/summary.csv,PINNED_REFERENCE,reachable or evidence-sensitive; retained in place
outputs/low_frequency_tradability_portfolio/2024-01-01_2026-06-09_label_20d_t1_reb20_top200_low_risk_momentum_guard_cost5/daily_returns.csv,PINNED_REFERENCE,reachable or evidence-sensitive; retained in place
outputs/low_frequency_tradability_portfolio/2024-01-01_2026-06-09_label_20d_t1_reb20_top200_low_risk_momentum_guard_cost5/portfolio_report.md,PINNED_REFERENCE,reachable or evidence-sensitive; retained in place
outputs/low_frequency_tradability_portfolio/2024-01-01_2026-06-09_label_20d_t1_reb20_top200_low_risk_momentum_guard_cost5/rebalance_summary.csv,PINNED_REFERENCE,reachable or evidence-sensitive; retained in place
outputs/low_frequency_tradability_portfolio/2024-01-01_2026-06-09_label_20d_t1_reb20_top200_low_risk_momentum_guard_cost5/summary.csv,PINNED_REFERENCE,reachable or evidence-sensitive; retained in place
outputs/low_frequency_tradability_portfolio/2024-01-01_2026-06-09_label_20d_t1_reb20_top200_low_risk_rev_cost10/daily_returns.csv,PINNED_REFERENCE,reachable or evidence-sensitive; retained in place
outputs/low_frequency_tradability_portfolio/2024-01-01_2026-06-09_label_20d_t1_reb20_top200_low_risk_rev_cost10/portfolio_report.md,PINNED_REFERENCE,reachable or evidence-sensitive; retained in place
outputs/low_frequency_tradability_portfolio/2024-01-01_2026-06-09_label_20d_t1_reb20_top200_low_risk_rev_cost10/rebalance_summary.csv,PINNED_REFERENCE,reachable or evidence-sensitive; retained in place
outputs/low_frequency_tradability_portfolio/2024-01-01_2026-06-09_label_20d_t1_reb20_top200_low_risk_rev_cost10/summary.csv,PINNED_REFERENCE,reachable or evidence-sensitive; retained in place
outputs/low_frequency_tradability_portfolio/2024-01-01_2026-06-09_label_20d_t1_reb20_top200_low_risk_rev_cost20/daily_returns.csv,PINNED_REFERENCE,reachable or evidence-sensitive; retained in place
outputs/low_frequency_tradability_portfolio/2024-01-01_2026-06-09_label_20d_t1_reb20_top200_low_risk_rev_cost20/portfolio_report.md,PINNED_REFERENCE,reachable or evidence-sensitive; retained in place
outputs/low_frequency_tradability_portfolio/2024-01-01_2026-06-09_label_20d_t1_reb20_top200_low_risk_rev_cost20/rebalance_summary.csv,PINNED_REFERENCE,reachable or evidence-sensitive; retained in place
outputs/low_frequency_tradability_portfolio/2024-01-01_2026-06-09_label_20d_t1_reb20_top200_low_risk_rev_cost20/summary.csv,PINNED_REFERENCE,reachable or evidence-sensitive; retained in place
outputs/low_frequency_tradability_portfolio/2024-01-01_2026-06-09_label_20d_t1_reb20_top200_low_risk_rev_cost5/daily_returns.csv,PINNED_REFERENCE,reachable or evidence-sensitive; retained in place
outputs/low_frequency_tradability_portfolio/2024-01-01_2026-06-09_label_20d_t1_reb20_top200_low_risk_rev_cost5/portfolio_report.md,PINNED_REFERENCE,reachable or evidence-sensitive; retained in place
outputs/low_frequency_tradability_portfolio/2024-01-01_2026-06-09_label_20d_t1_reb20_top200_low_risk_rev_cost5/rebalance_summary.csv,PINNED_REFERENCE,reachable or evidence-sensitive; retained in place
outputs/low_frequency_tradability_portfolio/2024-01-01_2026-06-09_label_20d_t1_reb20_top200_low_risk_rev_cost5/summary.csv,PINNED_REFERENCE,reachable or evidence-sensitive; retained in place
outputs/low_frequency_tradability_portfolio/2024-01-01_2026-06-09_label_20d_t1_reb20_top300_low_risk_cost10/daily_returns.csv,PINNED_REFERENCE,reachable or evidence-sensitive; retained in place
outputs/low_frequency_tradability_portfolio/2024-01-01_2026-06-09_label_20d_t1_reb20_top300_low_risk_cost10/portfolio_report.md,PINNED_REFERENCE,reachable or evidence-sensitive; retained in place
outputs/low_frequency_tradability_portfolio/2024-01-01_2026-06-09_label_20d_t1_reb20_top300_low_risk_cost10/rebalance_summary.csv,PINNED_REFERENCE,reachable or evidence-sensitive; retained in place
outputs/low_frequency_tradability_portfolio/2024-01-01_2026-06-09_label_20d_t1_reb20_top300_low_risk_cost10/summary.csv,PINNED_REFERENCE,reachable or evidence-sensitive; retained in place
outputs/low_frequency_tradability_portfolio/2024-01-01_2026-06-09_label_20d_t1_reb20_top300_low_risk_cost20/daily_returns.csv,PINNED_REFERENCE,reachable or evidence-sensitive; retained in place
outputs/low_frequency_tradability_portfolio/2024-01-01_2026-06-09_label_20d_t1_reb20_top300_low_risk_cost20/portfolio_report.md,PINNED_REFERENCE,reachable or evidence-sensitive; retained in place
outputs/low_frequency_tradability_portfolio/2024-01-01_2026-06-09_label_20d_t1_reb20_top300_low_risk_cost20/rebalance_summary.csv,PINNED_REFERENCE,reachable or evidence-sensitive; retained in place
outputs/low_frequency_tradability_portfolio/2024-01-01_2026-06-09_label_20d_t1_reb20_top300_low_risk_cost20/summary.csv,PINNED_REFERENCE,reachable or evidence-sensitive; retained in place
outputs/low_frequency_tradability_portfolio/2024-01-01_2026-06-09_label_20d_t1_reb20_top300_low_risk_cost5/daily_returns.csv,PINNED_REFERENCE,reachable or evidence-sensitive; retained in place
outputs/low_frequency_tradability_portfolio/2024-01-01_2026-06-09_label_20d_t1_reb20_top300_low_risk_cost5/portfolio_report.md,PINNED_REFERENCE,reachable or evidence-sensitive; retained in place
outputs/low_frequency_tradability_portfolio/2024-01-01_2026-06-09_label_20d_t1_reb20_top300_low_risk_cost5/rebalance_summary.csv,PINNED_REFERENCE,reachable or evidence-sensitive; retained in place
outputs/low_frequency_tradability_portfolio/2024-01-01_2026-06-09_label_20d_t1_reb20_top300_low_risk_cost5/summary.csv,PINNED_REFERENCE,reachable or evidence-sensitive; retained in place
outputs/low_frequency_tradability_portfolio/2024-01-01_2026-06-09_label_20d_t1_reb20_top300_low_risk_momentum_guard_cost10/daily_returns.csv,PINNED_REFERENCE,reachable or evidence-sensitive; retained in place
outputs/low_frequency_tradability_portfolio/2024-01-01_2026-06-09_label_20d_t1_reb20_top300_low_risk_momentum_guard_cost10/portfolio_report.md,PINNED_REFERENCE,reachable or evidence-sensitive; retained in place
outputs/low_frequency_tradability_portfolio/2024-01-01_2026-06-09_label_20d_t1_reb20_top300_low_risk_momentum_guard_cost10/rebalance_summary.csv,PINNED_REFERENCE,reachable or evidence-sensitive; retained in place
outputs/low_frequency_tradability_portfolio/2024-01-01_2026-06-09_label_20d_t1_reb20_top300_low_risk_momentum_guard_cost10/summary.csv,PINNED_REFERENCE,reachable or evidence-sensitive; retained in place
outputs/low_frequency_tradability_portfolio/2024-01-01_2026-06-09_label_20d_t1_reb20_top300_low_risk_momentum_guard_cost20/daily_returns.csv,PINNED_REFERENCE,reachable or evidence-sensitive; retained in place
outputs/low_frequency_tradability_portfolio/2024-01-01_2026-06-09_label_20d_t1_reb20_top300_low_risk_momentum_guard_cost20/portfolio_report.md,PINNED_REFERENCE,reachable or evidence-sensitive; retained in place
outputs/low_frequency_tradability_portfolio/2024-01-01_2026-06-09_label_20d_t1_reb20_top300_low_risk_momentum_guard_cost20/rebalance_summary.csv,PINNED_REFERENCE,reachable or evidence-sensitive; retained in place
outputs/low_frequency_tradability_portfolio/2024-01-01_2026-06-09_label_20d_t1_reb20_top300_low_risk_momentum_guard_cost20/summary.csv,PINNED_REFERENCE,reachable or evidence-sensitive; retained in place
outputs/low_frequency_tradability_portfolio/2024-01-01_2026-06-09_label_20d_t1_reb20_top300_low_risk_momentum_guard_cost5/daily_returns.csv,PINNED_REFERENCE,reachable or evidence-sensitive; retained in place
outputs/low_frequency_tradability_portfolio/2024-01-01_2026-06-09_label_20d_t1_reb20_top300_low_risk_momentum_guard_cost5/portfolio_report.md,PINNED_REFERENCE,reachable or evidence-sensitive; retained in place
outputs/low_frequency_tradability_portfolio/2024-01-01_2026-06-09_label_20d_t1_reb20_top300_low_risk_momentum_guard_cost5/rebalance_summary.csv,PINNED_REFERENCE,reachable or evidence-sensitive; retained in place
outputs/low_frequency_tradability_portfolio/2024-01-01_2026-06-09_label_20d_t1_reb20_top300_low_risk_momentum_guard_cost5/summary.csv,PINNED_REFERENCE,reachable or evidence-sensitive; retained in place
outputs/low_frequency_tradability_portfolio/2024-01-01_2026-06-09_label_20d_t1_reb20_top300_low_risk_rev_cost10/daily_returns.csv,PINNED_REFERENCE,reachable or evidence-sensitive; retained in place
outputs/low_frequency_tradability_portfolio/2024-01-01_2026-06-09_label_20d_t1_reb20_top300_low_risk_rev_cost10/portfolio_report.md,PINNED_REFERENCE,reachable or evidence-sensitive; retained in place
outputs/low_frequency_tradability_portfolio/2024-01-01_2026-06-09_label_20d_t1_reb20_top300_low_risk_rev_cost10/rebalance_summary.csv,PINNED_REFERENCE,reachable or evidence-sensitive; retained in place
outputs/low_frequency_tradability_portfolio/2024-01-01_2026-06-09_label_20d_t1_reb20_top300_low_risk_rev_cost10/summary.csv,PINNED_REFERENCE,reachable or evidence-sensitive; retained in place
outputs/low_frequency_tradability_portfolio/2024-01-01_2026-06-09_label_20d_t1_reb20_top300_low_risk_rev_cost20/daily_returns.csv,PINNED_REFERENCE,reachable or evidence-sensitive; retained in place
outputs/low_frequency_tradability_portfolio/2024-01-01_2026-06-09_label_20d_t1_reb20_top300_low_risk_rev_cost20/portfolio_report.md,PINNED_REFERENCE,reachable or evidence-sensitive; retained in place
outputs/low_frequency_tradability_portfolio/2024-01-01_2026-06-09_label_20d_t1_reb20_top300_low_risk_rev_cost20/rebalance_summary.csv,PINNED_REFERENCE,reachable or evidence-sensitive; retained in place
outputs/low_frequency_tradability_portfolio/2024-01-01_2026-06-09_label_20d_t1_reb20_top300_low_risk_rev_cost20/summary.csv,PINNED_REFERENCE,reachable or evidence-sensitive; retained in place
outputs/low_frequency_tradability_portfolio/2024-01-01_2026-06-09_label_20d_t1_reb20_top300_low_risk_rev_cost5/daily_returns.csv,PINNED_REFERENCE,reachable or evidence-sensitive; retained in place
outputs/low_frequency_tradability_portfolio/2024-01-01_2026-06-09_label_20d_t1_reb20_top300_low_risk_rev_cost5/portfolio_report.md,PINNED_REFERENCE,reachable or evidence-sensitive; retained in place
outputs/low_frequency_tradability_portfolio/2024-01-01_2026-06-09_label_20d_t1_reb20_top300_low_risk_rev_cost5/rebalance_summary.csv,PINNED_REFERENCE,reachable or evidence-sensitive; retained in place
outputs/low_frequency_tradability_portfolio/2024-01-01_2026-06-09_label_20d_t1_reb20_top300_low_risk_rev_cost5/summary.csv,PINNED_REFERENCE,reachable or evidence-sensitive; retained in place
outputs/market_cache_v2/current/artifact_manifest.json,PINNED_REFERENCE,reachable or evidence-sensitive; retained in place
outputs/market_cache_v2/current/cache_artifacts.csv,PINNED_REFERENCE,reachable or evidence-sensitive; retained in place
outputs/market_cache_v2/current/cache_key.json,PINNED_REFERENCE,reachable or evidence-sensitive; retained in place
outputs/market_cache_v2/current/canary/artifact_manifest.json,PINNED_REFERENCE,reachable or evidence-sensitive; retained in place
outputs/market_cache_v2/current/canary/cache_artifacts.csv,PINNED_REFERENCE,reachable or evidence-sensitive; retained in place
outputs/market_cache_v2/current/canary/cache_key.json,PINNED_REFERENCE,reachable or evidence-sensitive; retained in place
outputs/market_cache_v2/current/canary/contract_status.csv,PINNED_REFERENCE,reachable or evidence-sensitive; retained in place
outputs/market_cache_v2/current/canary/field_timing_audit.csv,PINNED_REFERENCE,reachable or evidence-sensitive; retained in place
outputs/market_cache_v2/current/canary/market_cache_report.md,PINNED_REFERENCE,reachable or evidence-sensitive; retained in place
outputs/market_cache_v2/current/canary/resolved_config.json,PINNED_REFERENCE,reachable or evidence-sensitive; retained in place
outputs/market_cache_v2/current/canary/runtime/split_001_market.parquet,PINNED_REFERENCE,reachable or evidence-sensitive; retained in place
outputs/market_cache_v2/current/canary/semantic_input_hashes.csv,PINNED_REFERENCE,reachable or evidence-sensitive; retained in place
outputs/market_cache_v2/current/contract_status.csv,PINNED_REFERENCE,reachable or evidence-sensitive; retained in place
outputs/market_cache_v2/current/field_timing_audit.csv,PINNED_REFERENCE,reachable or evidence-sensitive; retained in place
outputs/market_cache_v2/current/market_cache_report.md,PINNED_REFERENCE,reachable or evidence-sensitive; retained in place
outputs/market_cache_v2/current/resolved_config.json,PINNED_REFERENCE,reachable or evidence-sensitive; retained in place
outputs/market_cache_v2/current/semantic_input_hashes.csv,PINNED_REFERENCE,reachable or evidence-sensitive; retained in place
outputs/market_cache_v3/current/artifact_manifest.json,PINNED_REFERENCE,reachable or evidence-sensitive; retained in place
outputs/market_cache_v3/current/cache_artifacts.csv,PINNED_REFERENCE,reachable or evidence-sensitive; retained in place
outputs/market_cache_v3/current/cache_key.json,PINNED_REFERENCE,reachable or evidence-sensitive; retained in place
outputs/market_cache_v3/current/canary/artifact_manifest.json,PINNED_REFERENCE,reachable or evidence-sensitive; retained in place
outputs/market_cache_v3/current/canary/cache_artifacts.csv,PINNED_REFERENCE,reachable or evidence-sensitive; retained in place
outputs/market_cache_v3/current/canary/cache_key.json,PINNED_REFERENCE,reachable or evidence-sensitive; retained in place
outputs/market_cache_v3/current/canary/contract_status.csv,PINNED_REFERENCE,reachable or evidence-sensitive; retained in place
outputs/market_cache_v3/current/canary/field_timing_audit.csv,PINNED_REFERENCE,reachable or evidence-sensitive; retained in place
outputs/market_cache_v3/current/canary/market_cache_report.md,PINNED_REFERENCE,reachable or evidence-sensitive; retained in place
outputs/market_cache_v3/current/canary/resolved_config.json,PINNED_REFERENCE,reachable or evidence-sensitive; retained in place
outputs/market_cache_v3/current/canary/runtime/split_001_market.parquet,PINNED_REFERENCE,reachable or evidence-sensitive; retained in place
outputs/market_cache_v3/current/canary/semantic_input_hashes.csv,PINNED_REFERENCE,reachable or evidence-sensitive; retained in place
outputs/market_cache_v3/current/canary/unit_correction_audit.csv,PINNED_REFERENCE,reachable or evidence-sensitive; retained in place
outputs/market_cache_v3/current/contract_status.csv,PINNED_REFERENCE,reachable or evidence-sensitive; retained in place
outputs/market_cache_v3/current/field_timing_audit.csv,PINNED_REFERENCE,reachable or evidence-sensitive; retained in place
outputs/market_cache_v3/current/market_cache_report.md,PINNED_REFERENCE,reachable or evidence-sensitive; retained in place
outputs/market_cache_v3/current/resolved_config.json,PINNED_REFERENCE,reachable or evidence-sensitive; retained in place
outputs/market_cache_v3/current/semantic_input_hashes.csv,PINNED_REFERENCE,reachable or evidence-sensitive; retained in place
outputs/market_cache_v3/current/unit_correction_audit.csv,PINNED_REFERENCE,reachable or evidence-sensitive; retained in place
outputs/mlruns_validated/0/meta.yaml,PINNED_REFERENCE,reachable or evidence-sensitive; retained in place
outputs/mlruns_validated/902143453991050438/1664d70296414b29ad01866f1f585e15/artifacts/config,PINNED_REFERENCE,reachable or evidence-sensitive; retained in place
outputs/mlruns_validated/902143453991050438/1664d70296414b29ad01866f1f585e15/artifacts/dataset,PINNED_REFERENCE,reachable or evidence-sensitive; retained in place
outputs/mlruns_validated/902143453991050438/1664d70296414b29ad01866f1f585e15/artifacts/label.pkl,PINNED_REFERENCE,reachable or evidence-sensitive; retained in place
outputs/mlruns_validated/902143453991050438/1664d70296414b29ad01866f1f585e15/artifacts/params.pkl,PINNED_REFERENCE,reachable or evidence-sensitive; retained in place
outputs/mlruns_validated/902143453991050438/1664d70296414b29ad01866f1f585e15/artifacts/portfolio_analysis/indicator_analysis_1day.pkl,PINNED_REFERENCE,reachable or evidence-sensitive; retained in place
outputs/mlruns_validated/902143453991050438/1664d70296414b29ad01866f1f585e15/artifacts/portfolio_analysis/indicators_normal_1day.pkl,PINNED_REFERENCE,reachable or evidence-sensitive; retained in place
outputs/mlruns_validated/902143453991050438/1664d70296414b29ad01866f1f585e15/artifacts/portfolio_analysis/indicators_normal_1day_obj.pkl,PINNED_REFERENCE,reachable or evidence-sensitive; retained in place
outputs/mlruns_validated/902143453991050438/1664d70296414b29ad01866f1f585e15/artifacts/portfolio_analysis/port_analysis_1day.pkl,PINNED_REFERENCE,reachable or evidence-sensitive; retained in place
outputs/mlruns_validated/902143453991050438/1664d70296414b29ad01866f1f585e15/artifacts/portfolio_analysis/positions_normal_1day.pkl,PINNED_REFERENCE,reachable or evidence-sensitive; retained in place
outputs/mlruns_validated/902143453991050438/1664d70296414b29ad01866f1f585e15/artifacts/portfolio_analysis/report_normal_1day.pkl,PINNED_REFERENCE,reachable or evidence-sensitive; retained in place
outputs/mlruns_validated/902143453991050438/1664d70296414b29ad01866f1f585e15/artifacts/pred.pkl,PINNED_REFERENCE,reachable or evidence-sensitive; retained in place
outputs/mlruns_validated/902143453991050438/1664d70296414b29ad01866f1f585e15/artifacts/sig_analysis/ic.pkl,PINNED_REFERENCE,reachable or evidence-sensitive; retained in place
outputs/mlruns_validated/902143453991050438/1664d70296414b29ad01866f1f585e15/artifacts/sig_analysis/ric.pkl,PINNED_REFERENCE,reachable or evidence-sensitive; retained in place
outputs/mlruns_validated/902143453991050438/1664d70296414b29ad01866f1f585e15/artifacts/task,PINNED_REFERENCE,reachable or evidence-sensitive; retained in place
outputs/mlruns_validated/902143453991050438/1664d70296414b29ad01866f1f585e15/meta.yaml,PINNED_REFERENCE,reachable or evidence-sensitive; retained in place
outputs/mlruns_validated/902143453991050438/1664d70296414b29ad01866f1f585e15/metrics/1day.excess_return_with_cost.annualized_return,PINNED_REFERENCE,reachable or evidence-sensitive; retained in place
outputs/mlruns_validated/902143453991050438/1664d70296414b29ad01866f1f585e15/metrics/1day.excess_return_with_cost.information_ratio,PINNED_REFERENCE,reachable or evidence-sensitive; retained in place
outputs/mlruns_validated/902143453991050438/1664d70296414b29ad01866f1f585e15/metrics/1day.excess_return_with_cost.max_drawdown,PINNED_REFERENCE,reachable or evidence-sensitive; retained in place
outputs/mlruns_validated/902143453991050438/1664d70296414b29ad01866f1f585e15/metrics/1day.excess_return_with_cost.mean,PINNED_REFERENCE,reachable or evidence-sensitive; retained in place
outputs/mlruns_validated/902143453991050438/1664d70296414b29ad01866f1f585e15/metrics/1day.excess_return_with_cost.std,PINNED_REFERENCE,reachable or evidence-sensitive; retained in place
outputs/mlruns_validated/902143453991050438/1664d70296414b29ad01866f1f585e15/metrics/1day.excess_return_without_cost.annualized_return,PINNED_REFERENCE,reachable or evidence-sensitive; retained in place
outputs/mlruns_validated/902143453991050438/1664d70296414b29ad01866f1f585e15/metrics/1day.excess_return_without_cost.information_ratio,PINNED_REFERENCE,reachable or evidence-sensitive; retained in place
outputs/mlruns_validated/902143453991050438/1664d70296414b29ad01866f1f585e15/metrics/1day.excess_return_without_cost.max_drawdown,PINNED_REFERENCE,reachable or evidence-sensitive; retained in place
outputs/mlruns_validated/902143453991050438/1664d70296414b29ad01866f1f585e15/metrics/1day.excess_return_without_cost.mean,PINNED_REFERENCE,reachable or evidence-sensitive; retained in place
outputs/mlruns_validated/902143453991050438/1664d70296414b29ad01866f1f585e15/metrics/1day.excess_return_without_cost.std,PINNED_REFERENCE,reachable or evidence-sensitive; retained in place
outputs/mlruns_validated/902143453991050438/1664d70296414b29ad01866f1f585e15/metrics/1day.ffr,PINNED_REFERENCE,reachable or evidence-sensitive; retained in place
outputs/mlruns_validated/902143453991050438/1664d70296414b29ad01866f1f585e15/metrics/1day.pa,PINNED_REFERENCE,reachable or evidence-sensitive; retained in place
outputs/mlruns_validated/902143453991050438/1664d70296414b29ad01866f1f585e15/metrics/1day.pos,PINNED_REFERENCE,reachable or evidence-sensitive; retained in place
outputs/mlruns_validated/902143453991050438/1664d70296414b29ad01866f1f585e15/metrics/IC,PINNED_REFERENCE,reachable or evidence-sensitive; retained in place
outputs/mlruns_validated/902143453991050438/1664d70296414b29ad01866f1f585e15/metrics/ICIR,PINNED_REFERENCE,reachable or evidence-sensitive; retained in place
outputs/mlruns_validated/902143453991050438/1664d70296414b29ad01866f1f585e15/metrics/l2.train,PINNED_REFERENCE,reachable or evidence-sensitive; retained in place
outputs/mlruns_validated/902143453991050438/1664d70296414b29ad01866f1f585e15/metrics/l2.valid,PINNED_REFERENCE,reachable or evidence-sensitive; retained in place
outputs/mlruns_validated/902143453991050438/1664d70296414b29ad01866f1f585e15/metrics/Rank IC,PINNED_REFERENCE,reachable or evidence-sensitive; retained in place
outputs/mlruns_validated/902143453991050438/1664d70296414b29ad01866f1f585e15/metrics/Rank ICIR,PINNED_REFERENCE,reachable or evidence-sensitive; retained in place
outputs/mlruns_validated/902143453991050438/1664d70296414b29ad01866f1f585e15/params/cmd-sys.argv,PINNED_REFERENCE,reachable or evidence-sensitive; retained in place
outputs/mlruns_validated/902143453991050438/1664d70296414b29ad01866f1f585e15/params/dataset.class,PINNED_REFERENCE,reachable or evidence-sensitive; retained in place
outputs/mlruns_validated/902143453991050438/1664d70296414b29ad01866f1f585e15/params/dataset.kwargs.handler.class,PINNED_REFERENCE,reachable or evidence-sensitive; retained in place
outputs/mlruns_validated/902143453991050438/1664d70296414b29ad01866f1f585e15/params/dataset.kwargs.handler.kwargs.end_time,PINNED_REFERENCE,reachable or evidence-sensitive; retained in place
outputs/mlruns_validated/902143453991050438/1664d70296414b29ad01866f1f585e15/params/dataset.kwargs.handler.kwargs.fit_end_time,PINNED_REFERENCE,reachable or evidence-sensitive; retained in place
outputs/mlruns_validated/902143453991050438/1664d70296414b29ad01866f1f585e15/params/dataset.kwargs.handler.kwargs.fit_start_time,PINNED_REFERENCE,reachable or evidence-sensitive; retained in place
outputs/mlruns_validated/902143453991050438/1664d70296414b29ad01866f1f585e15/params/dataset.kwargs.handler.kwargs.instruments,PINNED_REFERENCE,reachable or evidence-sensitive; retained in place
outputs/mlruns_validated/902143453991050438/1664d70296414b29ad01866f1f585e15/params/dataset.kwargs.handler.kwargs.start_time,PINNED_REFERENCE,reachable or evidence-sensitive; retained in place
outputs/mlruns_validated/902143453991050438/1664d70296414b29ad01866f1f585e15/params/dataset.kwargs.handler.module_path,PINNED_REFERENCE,reachable or evidence-sensitive; retained in place
outputs/mlruns_validated/902143453991050438/1664d70296414b29ad01866f1f585e15/params/dataset.kwargs.segments.test,PINNED_REFERENCE,reachable or evidence-sensitive; retained in place
outputs/mlruns_validated/902143453991050438/1664d70296414b29ad01866f1f585e15/params/dataset.kwargs.segments.train,PINNED_REFERENCE,reachable or evidence-sensitive; retained in place
outputs/mlruns_validated/902143453991050438/1664d70296414b29ad01866f1f585e15/params/dataset.kwargs.segments.valid,PINNED_REFERENCE,reachable or evidence-sensitive; retained in place
outputs/mlruns_validated/902143453991050438/1664d70296414b29ad01866f1f585e15/params/dataset.module_path,PINNED_REFERENCE,reachable or evidence-sensitive; retained in place
outputs/mlruns_validated/902143453991050438/1664d70296414b29ad01866f1f585e15/params/model.class,PINNED_REFERENCE,reachable or evidence-sensitive; retained in place
outputs/mlruns_validated/902143453991050438/1664d70296414b29ad01866f1f585e15/params/model.kwargs.colsample_bytree,PINNED_REFERENCE,reachable or evidence-sensitive; retained in place
outputs/mlruns_validated/902143453991050438/1664d70296414b29ad01866f1f585e15/params/model.kwargs.lambda_l1,PINNED_REFERENCE,reachable or evidence-sensitive; retained in place
outputs/mlruns_validated/902143453991050438/1664d70296414b29ad01866f1f585e15/params/model.kwargs.lambda_l2,PINNED_REFERENCE,reachable or evidence-sensitive; retained in place
outputs/mlruns_validated/902143453991050438/1664d70296414b29ad01866f1f585e15/params/model.kwargs.learning_rate,PINNED_REFERENCE,reachable or evidence-sensitive; retained in place
outputs/mlruns_validated/902143453991050438/1664d70296414b29ad01866f1f585e15/params/model.kwargs.loss,PINNED_REFERENCE,reachable or evidence-sensitive; retained in place
outputs/mlruns_validated/902143453991050438/1664d70296414b29ad01866f1f585e15/params/model.kwargs.max_depth,PINNED_REFERENCE,reachable or evidence-sensitive; retained in place
outputs/mlruns_validated/902143453991050438/1664d70296414b29ad01866f1f585e15/params/model.kwargs.num_leaves,PINNED_REFERENCE,reachable or evidence-sensitive; retained in place
outputs/mlruns_validated/902143453991050438/1664d70296414b29ad01866f1f585e15/params/model.kwargs.num_threads,PINNED_REFERENCE,reachable or evidence-sensitive; retained in place
outputs/mlruns_validated/902143453991050438/1664d70296414b29ad01866f1f585e15/params/model.kwargs.subsample,PINNED_REFERENCE,reachable or evidence-sensitive; retained in place
outputs/mlruns_validated/902143453991050438/1664d70296414b29ad01866f1f585e15/params/model.module_path,PINNED_REFERENCE,reachable or evidence-sensitive; retained in place
outputs/mlruns_validated/902143453991050438/1664d70296414b29ad01866f1f585e15/params/record,PINNED_REFERENCE,reachable or evidence-sensitive; retained in place
outputs/mlruns_validated/902143453991050438/1664d70296414b29ad01866f1f585e15/tags/hostname,PINNED_REFERENCE,reachable or evidence-sensitive; retained in place
outputs/mlruns_validated/902143453991050438/1664d70296414b29ad01866f1f585e15/tags/mlflow.runName,PINNED_REFERENCE,reachable or evidence-sensitive; retained in place
outputs/mlruns_validated/902143453991050438/1664d70296414b29ad01866f1f585e15/tags/mlflow.source.name,PINNED_REFERENCE,reachable or evidence-sensitive; retained in place
outputs/mlruns_validated/902143453991050438/1664d70296414b29ad01866f1f585e15/tags/mlflow.source.type,PINNED_REFERENCE,reachable or evidence-sensitive; retained in place
outputs/mlruns_validated/902143453991050438/1664d70296414b29ad01866f1f585e15/tags/mlflow.user,PINNED_REFERENCE,reachable or evidence-sensitive; retained in place
outputs/mlruns_validated/902143453991050438/meta.yaml,PINNED_REFERENCE,reachable or evidence-sensitive; retained in place
outputs/model_diagnostic_style_attribution_v1/current/artifact_manifest.json,PINNED_REFERENCE,reachable or evidence-sensitive; retained in place
outputs/model_diagnostic_style_attribution_v1/current/benchmark_attribution_capability.csv,PINNED_REFERENCE,reachable or evidence-sensitive; retained in place
outputs/model_diagnostic_style_attribution_v1/current/conditional_size_ic.csv,PINNED_REFERENCE,reachable or evidence-sensitive; retained in place
outputs/model_diagnostic_style_attribution_v1/current/contract_status.csv,PINNED_REFERENCE,reachable or evidence-sensitive; retained in place
outputs/model_diagnostic_style_attribution_v1/current/controlled_alpha_daily.csv,PINNED_REFERENCE,reachable or evidence-sensitive; retained in place
outputs/model_diagnostic_style_attribution_v1/current/controlled_alpha_summary.csv,PINNED_REFERENCE,reachable or evidence-sensitive; retained in place
outputs/model_diagnostic_style_attribution_v1/current/industry_conditional_ic.csv,PINNED_REFERENCE,reachable or evidence-sensitive; retained in place
outputs/model_diagnostic_style_attribution_v1/current/industry_exposure.csv,PINNED_REFERENCE,reachable or evidence-sensitive; retained in place
outputs/model_diagnostic_style_attribution_v1/current/report.md,PINNED_REFERENCE,reachable or evidence-sensitive; retained in place
outputs/model_diagnostic_style_attribution_v1/current/resolved_config.json,PINNED_REFERENCE,reachable or evidence-sensitive; retained in place
outputs/model_diagnostic_style_attribution_v1/current/size_exposure.csv,PINNED_REFERENCE,reachable or evidence-sensitive; retained in place
outputs/model_diagnostic_style_attribution_v1/current/size_regime_attribution.csv,PINNED_REFERENCE,reachable or evidence-sensitive; retained in place
outputs/model_diagnostic_style_attribution_v1/current/style_proxy_size_association.csv,PINNED_REFERENCE,reachable or evidence-sensitive; retained in place
outputs/model_diagnostic_style_attribution_v1/current/v2_hypothesis_status.md,PINNED_REFERENCE,reachable or evidence-sensitive; retained in place
outputs/multi_source_judgement_v1/current/multi_source_judgement_board.csv,PINNED_REFERENCE,reachable or evidence-sensitive; retained in place
outputs/multi_source_judgement_v1/current/multi_source_judgement_contract_status.csv,PINNED_REFERENCE,reachable or evidence-sensitive; retained in place
outputs/multi_source_judgement_v1/current/multi_source_judgement_holdouts.csv,PINNED_REFERENCE,reachable or evidence-sensitive; retained in place
outputs/multi_source_judgement_v1/current/multi_source_judgement_monitor.csv,PINNED_REFERENCE,reachable or evidence-sensitive; retained in place
outputs/multi_source_judgement_v1/current/multi_source_judgement_pool.json,PINNED_REFERENCE,reachable or evidence-sensitive; retained in place
outputs/multi_source_judgement_v1/current/multi_source_judgement_report.md,PINNED_REFERENCE,reachable or evidence-sensitive; retained in place
outputs/multi_source_judgement_v1/current/multi_source_new_source_alpha_probes.csv,PINNED_REFERENCE,reachable or evidence-sensitive; retained in place
outputs/multi_source_judgement_v1/current/multi_source_research_candidates.csv,PINNED_REFERENCE,reachable or evidence-sensitive; retained in place
outputs/multi_source_screening_v1/current/multi_source_alpha_candidates.csv,PINNED_REFERENCE,reachable or evidence-sensitive; retained in place
outputs/multi_source_screening_v1/current/multi_source_candidate_board.csv,PINNED_REFERENCE,reachable or evidence-sensitive; retained in place
outputs/multi_source_screening_v1/current/multi_source_candidate_pool.csv,PINNED_REFERENCE,reachable or evidence-sensitive; retained in place
outputs/multi_source_screening_v1/current/multi_source_candidate_pool.json,PINNED_REFERENCE,reachable or evidence-sensitive; retained in place
outputs/multi_source_screening_v1/current/multi_source_contract_status.csv,PINNED_REFERENCE,reachable or evidence-sensitive; retained in place
outputs/multi_source_screening_v1/current/multi_source_holdouts.csv,PINNED_REFERENCE,reachable or evidence-sensitive; retained in place
outputs/multi_source_screening_v1/current/multi_source_screening_input.csv,PINNED_REFERENCE,reachable or evidence-sensitive; retained in place
outputs/multi_source_screening_v1/current/multi_source_screening_report.md,PINNED_REFERENCE,reachable or evidence-sensitive; retained in place
outputs/new_source_probe_diagnostics_v1/current/new_source_probe_diagnostic_board.csv,PINNED_REFERENCE,reachable or evidence-sensitive; retained in place
outputs/new_source_probe_diagnostics_v1/current/new_source_probe_diagnostics_contract_status.csv,PINNED_REFERENCE,reachable or evidence-sensitive; retained in place
outputs/new_source_probe_diagnostics_v1/current/new_source_probe_diagnostics_report.md,PINNED_REFERENCE,reachable or evidence-sensitive; retained in place
outputs/new_source_probe_diagnostics_v1/current/new_source_probe_inventory.csv,PINNED_REFERENCE,reachable or evidence-sensitive; retained in place
outputs/new_source_probe_diagnostics_v1/current/new_source_probe_source_summary.csv,PINNED_REFERENCE,reachable or evidence-sensitive; retained in place
outputs/new_source_probe_diagnostics_v1/current/portfolio_smoke_component_summary.csv,PINNED_REFERENCE,reachable or evidence-sensitive; retained in place
outputs/new_source_probe_diagnostics_v1/current/portfolio_smoke_daily_sample.csv,PINNED_REFERENCE,reachable or evidence-sensitive; retained in place
outputs/new_source_probe_diagnostics_v1/current/portfolio_smoke_liquidity_exposure.csv,PINNED_REFERENCE,reachable or evidence-sensitive; retained in place
outputs/new_source_probe_diagnostics_v1/current/portfolio_smoke_rebalance_sample.csv,PINNED_REFERENCE,reachable or evidence-sensitive; retained in place
outputs/new_source_probe_diagnostics_v1/current/portfolio_smoke_summary.csv,PINNED_REFERENCE,reachable or evidence-sensitive; retained in place
outputs/new_source_probe_diagnostics_v1/current/portfolio_smoke_weights.csv,PINNED_REFERENCE,reachable or evidence-sensitive; retained in place
outputs/new_source_probe_diagnostics_v1/current/selected_probe_correlation_meta.csv,PINNED_REFERENCE,reachable or evidence-sensitive; retained in place
outputs/new_source_probe_diagnostics_v1/current/selected_probe_correlation_summary.csv,PINNED_REFERENCE,reachable or evidence-sensitive; retained in place
outputs/new_source_probe_diagnostics_v1/current/selected_probe_correlation_top_pairs.csv,PINNED_REFERENCE,reachable or evidence-sensitive; retained in place
outputs/new_source_probe_diagnostics_v1/current/selected_probe_factor_coverage.csv,PINNED_REFERENCE,reachable or evidence-sensitive; retained in place
outputs/new_source_probe_diagnostics_v1/current/selected_probe_frame_factors.csv,PINNED_REFERENCE,reachable or evidence-sensitive; retained in place
outputs/new_source_probe_diagnostics_v1/current/selected_probe_portfolio_factors.csv,PINNED_REFERENCE,reachable or evidence-sensitive; retained in place
outputs/new_source_probe_diagnostics_v1/current/selected_probe_tradability_exposure.csv,PINNED_REFERENCE,reachable or evidence-sensitive; retained in place
outputs/new_source_probe_review_v1/current/oos_extension_candidates.csv,PINNED_REFERENCE,reachable or evidence-sensitive; retained in place
outputs/new_source_probe_review_v1/current/probe_review_board.csv,PINNED_REFERENCE,reachable or evidence-sensitive; retained in place
outputs/new_source_probe_review_v1/current/probe_review_contract_status.csv,PINNED_REFERENCE,reachable or evidence-sensitive; retained in place
outputs/new_source_probe_review_v1/current/probe_review_report.md,PINNED_REFERENCE,reachable or evidence-sensitive; retained in place
outputs/new_source_probe_review_v1/current/redundancy_groups.csv,PINNED_REFERENCE,reachable or evidence-sensitive; retained in place
outputs/new_source_probe_review_v1/current/redundancy_pairs.csv,PINNED_REFERENCE,reachable or evidence-sensitive; retained in place
outputs/new_source_probe_review_v1/current/tradability_exposure_watchlist.csv,PINNED_REFERENCE,reachable or evidence-sensitive; retained in place
outputs/open_source_factor_expansion_audit_v1/current/open_source_factor_expansion_manifest.json,PINNED_REFERENCE,reachable or evidence-sensitive; retained in place
outputs/open_source_factor_expansion_audit_v1/current/open_source_factor_expansion_next_steps.csv,PINNED_REFERENCE,reachable or evidence-sensitive; retained in place
outputs/open_source_factor_expansion_audit_v1/current/open_source_factor_expansion_report.md,PINNED_REFERENCE,reachable or evidence-sensitive; retained in place
outputs/open_source_factor_expansion_audit_v1/current/open_source_factor_source_candidates.csv,PINNED_REFERENCE,reachable or evidence-sensitive; retained in place
outputs/point_in_time_universe_v1/full_research/artifact_manifest.json,PINNED_REFERENCE,reachable or evidence-sensitive; retained in place
outputs/point_in_time_universe_v1/full_research/contract_status.csv,PINNED_REFERENCE,reachable or evidence-sensitive; retained in place
outputs/point_in_time_universe_v1/full_research/point_in_time_audit.csv,PINNED_REFERENCE,reachable or evidence-sensitive; retained in place
outputs/point_in_time_universe_v1/full_research/qlib_instruments.txt,PINNED_REFERENCE,reachable or evidence-sensitive; retained in place
outputs/point_in_time_universe_v1/full_research/resolved_config.json,PINNED_REFERENCE,reachable or evidence-sensitive; retained in place
outputs/point_in_time_universe_v1/full_research/universe_change_log.csv,PINNED_REFERENCE,reachable or evidence-sensitive; retained in place
outputs/point_in_time_universe_v1/full_research/universe_intervals.csv,PINNED_REFERENCE,reachable or evidence-sensitive; retained in place
outputs/point_in_time_universe_v1/full_research/universe_membership_snapshots.csv,PINNED_REFERENCE,reachable or evidence-sensitive; retained in place
outputs/point_in_time_universe_v1/full_research/universe_report.md,PINNED_REFERENCE,reachable or evidence-sensitive; retained in place
outputs/point_in_time_universe_v1/full_research/universe_selection_metrics.csv,PINNED_REFERENCE,reachable or evidence-sensitive; retained in place
outputs/point_in_time_universe_v1/local_smoke/artifact_manifest.json,PINNED_REFERENCE,reachable or evidence-sensitive; retained in place
outputs/point_in_time_universe_v1/local_smoke/contract_status.csv,PINNED_REFERENCE,reachable or evidence-sensitive; retained in place
outputs/point_in_time_universe_v1/local_smoke/point_in_time_audit.csv,PINNED_REFERENCE,reachable or evidence-sensitive; retained in place
outputs/point_in_time_universe_v1/local_smoke/qlib_instruments.txt,PINNED_REFERENCE,reachable or evidence-sensitive; retained in place
outputs/point_in_time_universe_v1/local_smoke/resolved_config.json,PINNED_REFERENCE,reachable or evidence-sensitive; retained in place
outputs/point_in_time_universe_v1/local_smoke/universe_change_log.csv,PINNED_REFERENCE,reachable or evidence-sensitive; retained in place
outputs/point_in_time_universe_v1/local_smoke/universe_intervals.csv,PINNED_REFERENCE,reachable or evidence-sensitive; retained in place
outputs/point_in_time_universe_v1/local_smoke/universe_membership_snapshots.csv,PINNED_REFERENCE,reachable or evidence-sensitive; retained in place
outputs/point_in_time_universe_v1/local_smoke/universe_report.md,PINNED_REFERENCE,reachable or evidence-sensitive; retained in place
outputs/point_in_time_universe_v1/local_smoke/universe_selection_metrics.csv,PINNED_REFERENCE,reachable or evidence-sensitive; retained in place
outputs/point_in_time_universe_v2/full_research/artifact_manifest.json,PINNED_REFERENCE,reachable or evidence-sensitive; retained in place
outputs/point_in_time_universe_v2/full_research/contract_status.csv,PINNED_REFERENCE,reachable or evidence-sensitive; retained in place
outputs/point_in_time_universe_v2/full_research/illegal_key_resolution.csv,PINNED_REFERENCE,reachable or evidence-sensitive; retained in place
outputs/point_in_time_universe_v2/full_research/lifecycle_difference.csv,PINNED_REFERENCE,reachable or evidence-sensitive; retained in place
outputs/point_in_time_universe_v2/full_research/qlib_instruments.txt,PINNED_REFERENCE,reachable or evidence-sensitive; retained in place
outputs/point_in_time_universe_v2/full_research/resolved_config.json,PINNED_REFERENCE,reachable or evidence-sensitive; retained in place
outputs/point_in_time_universe_v2/full_research/universe_change_log.csv,PINNED_REFERENCE,reachable or evidence-sensitive; retained in place
outputs/point_in_time_universe_v2/full_research/universe_intervals.csv,PINNED_REFERENCE,reachable or evidence-sensitive; retained in place
outputs/point_in_time_universe_v2/full_research/universe_membership_snapshots.csv,PINNED_REFERENCE,reachable or evidence-sensitive; retained in place
outputs/point_in_time_universe_v2/full_research/universe_report.md,PINNED_REFERENCE,reachable or evidence-sensitive; retained in place
outputs/point_in_time_universe_v2/full_research/universe_selection_metrics.csv,PINNED_REFERENCE,reachable or evidence-sensitive; retained in place
outputs/post_model_diagnostics_v1/current/artifact_manifest.json,PINNED_REFERENCE,reachable or evidence-sensitive; retained in place
outputs/post_model_diagnostics_v1/current/conditional_factor_ic.csv,PINNED_REFERENCE,reachable or evidence-sensitive; retained in place
outputs/post_model_diagnostics_v1/current/contract_status.csv,PINNED_REFERENCE,reachable or evidence-sensitive; retained in place
outputs/post_model_diagnostics_v1/current/external_style_capability.csv,PINNED_REFERENCE,reachable or evidence-sensitive; retained in place
outputs/post_model_diagnostics_v1/current/factor_structure.csv,PINNED_REFERENCE,reachable or evidence-sensitive; retained in place
outputs/post_model_diagnostics_v1/current/feature_importance.csv,PINNED_REFERENCE,reachable or evidence-sensitive; retained in place
outputs/post_model_diagnostics_v1/current/model_diagnostic_report.md,PINNED_REFERENCE,reachable or evidence-sensitive; retained in place
outputs/post_model_diagnostics_v1/current/model_proxy_exposure.csv,PINNED_REFERENCE,reachable or evidence-sensitive; retained in place
outputs/post_model_diagnostics_v1/current/p01_attribution.csv,PINNED_REFERENCE,reachable or evidence-sensitive; retained in place
outputs/post_model_diagnostics_v1/current/prediction_equivalence.csv,PINNED_REFERENCE,reachable or evidence-sensitive; retained in place
outputs/post_model_diagnostics_v1/current/qlib_capability_audit.csv,PINNED_REFERENCE,reachable or evidence-sensitive; retained in place
outputs/post_model_diagnostics_v1/current/ranking_concentration.csv,PINNED_REFERENCE,reachable or evidence-sensitive; retained in place
outputs/post_model_diagnostics_v1/current/ranking_stability.csv,PINNED_REFERENCE,reachable or evidence-sensitive; retained in place
outputs/post_model_diagnostics_v1/current/resolved_config.json,PINNED_REFERENCE,reachable or evidence-sensitive; retained in place
outputs/post_model_diagnostics_v1/current/runtime_provenance.json,PINNED_REFERENCE,reachable or evidence-sensitive; retained in place
outputs/post_model_diagnostics_v1/current/signal_decay.csv,PINNED_REFERENCE,reachable or evidence-sensitive; retained in place
outputs/post_model_diagnostics_v1/current/v2_hypotheses.md,PINNED_REFERENCE,reachable or evidence-sensitive; retained in place
outputs/post_model_diagnostics_v1/gated/artifact_manifest.json,PINNED_REFERENCE,reachable or evidence-sensitive; retained in place
outputs/post_model_diagnostics_v1/gated/contract_status.csv,PINNED_REFERENCE,reachable or evidence-sensitive; retained in place
outputs/post_model_diagnostics_v1/gated/post_model_diagnostics_report.md,PINNED_REFERENCE,reachable or evidence-sensitive; retained in place
outputs/pre_model_diagnostics_v1/local_reference/ablation_results.csv,PINNED_REFERENCE,reachable or evidence-sensitive; retained in place
outputs/pre_model_diagnostics_v1/local_reference/artifact_manifest.json,PINNED_REFERENCE,reachable or evidence-sensitive; retained in place
outputs/pre_model_diagnostics_v1/local_reference/capacity_sensitivity.csv,PINNED_REFERENCE,reachable or evidence-sensitive; retained in place
outputs/pre_model_diagnostics_v1/local_reference/common_period_method_comparison.csv,PINNED_REFERENCE,reachable or evidence-sensitive; retained in place
outputs/pre_model_diagnostics_v1/local_reference/contract_status.csv,PINNED_REFERENCE,reachable or evidence-sensitive; retained in place
outputs/pre_model_diagnostics_v1/local_reference/cost_sensitivity.csv,PINNED_REFERENCE,reachable or evidence-sensitive; retained in place
outputs/pre_model_diagnostics_v1/local_reference/exposure_diagnostics.csv,PINNED_REFERENCE,reachable or evidence-sensitive; retained in place
outputs/pre_model_diagnostics_v1/local_reference/final_portfolio_report.md,PINNED_REFERENCE,reachable or evidence-sensitive; retained in place
outputs/pre_model_diagnostics_v1/local_reference/method_comparison.csv,PINNED_REFERENCE,reachable or evidence-sensitive; retained in place
outputs/pre_model_diagnostics_v1/local_reference/native_period_method_comparison.csv,PINNED_REFERENCE,reachable or evidence-sensitive; retained in place
outputs/pre_model_diagnostics_v1/local_reference/regime_performance.csv,PINNED_REFERENCE,reachable or evidence-sensitive; retained in place
outputs/pre_model_diagnostics_v1/local_reference/rolling_performance.csv,PINNED_REFERENCE,reachable or evidence-sensitive; retained in place
outputs/pre_test_freeze_v1/canary/artifact_manifest.json,PINNED_REFERENCE,reachable or evidence-sensitive; retained in place
outputs/pre_test_freeze_v1/canary/contract_status.csv,PINNED_REFERENCE,reachable or evidence-sensitive; retained in place
outputs/pre_test_freeze_v1/canary/input_receipts.csv,PINNED_REFERENCE,reachable or evidence-sensitive; retained in place
outputs/pre_test_freeze_v1/canary/pre_test_freeze_index.csv,PINNED_REFERENCE,reachable or evidence-sensitive; retained in place
outputs/pre_test_freeze_v1/canary/pre_test_freeze_report.md,PINNED_REFERENCE,reachable or evidence-sensitive; retained in place
outputs/pre_test_freeze_v1/canary/resolved_config.json,PINNED_REFERENCE,reachable or evidence-sensitive; retained in place
outputs/pre_test_freeze_v1/canary/split_001/pre_test_freeze_manifest.json,PINNED_REFERENCE,reachable or evidence-sensitive; retained in place
outputs/pre_test_freeze_v1/full_research_669/artifact_manifest.json,PINNED_REFERENCE,reachable or evidence-sensitive; retained in place
outputs/pre_test_freeze_v1/full_research_669/contract_status.csv,PINNED_REFERENCE,reachable or evidence-sensitive; retained in place
outputs/pre_test_freeze_v1/full_research_669/input_receipts.csv,PINNED_REFERENCE,reachable or evidence-sensitive; retained in place
outputs/pre_test_freeze_v1/full_research_669/pre_test_freeze_index.csv,PINNED_REFERENCE,reachable or evidence-sensitive; retained in place
outputs/pre_test_freeze_v1/full_research_669/pre_test_freeze_report.md,PINNED_REFERENCE,reachable or evidence-sensitive; retained in place
outputs/pre_test_freeze_v1/full_research_669/resolved_config.json,PINNED_REFERENCE,reachable or evidence-sensitive; retained in place
outputs/pre_test_freeze_v1/full_research_669/split_001/pre_test_freeze_manifest.json,PINNED_REFERENCE,reachable or evidence-sensitive; retained in place
outputs/pre_test_freeze_v1/full_research_669/split_002/pre_test_freeze_manifest.json,PINNED_REFERENCE,reachable or evidence-sensitive; retained in place
outputs/pre_test_freeze_v1/full_research_669/split_003/pre_test_freeze_manifest.json,PINNED_REFERENCE,reachable or evidence-sensitive; retained in place
outputs/prospective_forward_candidate_v1/canary/access_audit.csv,PINNED_REFERENCE,reachable or evidence-sensitive; retained in place
outputs/prospective_forward_candidate_v1/canary/artifact_manifest.json,PINNED_REFERENCE,reachable or evidence-sensitive; retained in place
outputs/prospective_forward_candidate_v1/canary/canary_results.csv,PINNED_REFERENCE,reachable or evidence-sensitive; retained in place
outputs/prospective_forward_candidate_v1/canary/contract_status.csv,PINNED_REFERENCE,reachable or evidence-sensitive; retained in place
outputs/prospective_forward_candidate_v1/canary/parent_receipts.csv,PINNED_REFERENCE,reachable or evidence-sensitive; retained in place
outputs/prospective_forward_candidate_v1/canary/readiness_summary.csv,PINNED_REFERENCE,reachable or evidence-sensitive; retained in place
outputs/prospective_forward_candidate_v1/canary/resolved_config.json,PINNED_REFERENCE,reachable or evidence-sensitive; retained in place
outputs/prospective_forward_candidate_v1/canary/resource_summary.csv,PINNED_REFERENCE,reachable or evidence-sensitive; retained in place
outputs/prospective_forward_candidate_v1/canary/run_report.md,PINNED_REFERENCE,reachable or evidence-sensitive; retained in place
outputs/prospective_forward_candidate_v1/canary/run_review_bundle.json,PINNED_REFERENCE,reachable or evidence-sensitive; retained in place
outputs/prospective_forward_candidate_v1/current/access_audit.csv,PINNED_REFERENCE,reachable or evidence-sensitive; retained in place
outputs/prospective_forward_candidate_v1/current/artifact_manifest.json,PINNED_REFERENCE,reachable or evidence-sensitive; retained in place
outputs/prospective_forward_candidate_v1/current/candidate_model_receipt.csv,PINNED_REFERENCE,reachable or evidence-sensitive; retained in place
outputs/prospective_forward_candidate_v1/current/contract_status.csv,PINNED_REFERENCE,reachable or evidence-sensitive; retained in place
outputs/prospective_forward_candidate_v1/current/feature_importance.csv,PINNED_REFERENCE,reachable or evidence-sensitive; retained in place
outputs/prospective_forward_candidate_v1/current/forward_candidate_freeze.json,PINNED_REFERENCE,reachable or evidence-sensitive; retained in place
outputs/prospective_forward_candidate_v1/current/parent_receipts.csv,PINNED_REFERENCE,reachable or evidence-sensitive; retained in place
outputs/prospective_forward_candidate_v1/current/readiness_summary.csv,PINNED_REFERENCE,reachable or evidence-sensitive; retained in place
outputs/prospective_forward_candidate_v1/current/resolved_config.json,PINNED_REFERENCE,reachable or evidence-sensitive; retained in place
outputs/prospective_forward_candidate_v1/current/resource_summary.csv,PINNED_REFERENCE,reachable or evidence-sensitive; retained in place
outputs/prospective_forward_candidate_v1/current/run_report.md,PINNED_REFERENCE,reachable or evidence-sensitive; retained in place
outputs/prospective_forward_candidate_v1/current/sample_eligibility_receipt.csv,PINNED_REFERENCE,reachable or evidence-sensitive; retained in place
outputs/prospective_forward_hardening_v1/current/artifact_manifest.json,PINNED_REFERENCE,reachable or evidence-sensitive; retained in place
outputs/prospective_forward_hardening_v1/current/contract_status.csv,PINNED_REFERENCE,reachable or evidence-sensitive; retained in place
outputs/prospective_forward_hardening_v1/current/durable_storage_receipt.json,PINNED_REFERENCE,reachable or evidence-sensitive; retained in place
outputs/prospective_forward_hardening_v1/current/forward_candidate_freeze.json,PINNED_REFERENCE,reachable or evidence-sensitive; retained in place
outputs/prospective_forward_hardening_v1/current/parent_receipts.csv,PINNED_REFERENCE,reachable or evidence-sensitive; retained in place
outputs/prospective_forward_hardening_v1/current/prediction_freeze_schema.json,PINNED_REFERENCE,reachable or evidence-sensitive; retained in place
outputs/prospective_forward_hardening_v1/current/readiness_summary.csv,PINNED_REFERENCE,reachable or evidence-sensitive; retained in place
outputs/prospective_forward_hardening_v1/current/resolved_config.json,PINNED_REFERENCE,reachable or evidence-sensitive; retained in place
outputs/prospective_forward_hardening_v1/current/run_report.md,PINNED_REFERENCE,reachable or evidence-sensitive; retained in place
outputs/prospective_forward_protocol_v1/current/artifact_manifest.json,PINNED_REFERENCE,reachable or evidence-sensitive; retained in place
outputs/prospective_forward_protocol_v1/current/candidate_spec.json,PINNED_REFERENCE,reachable or evidence-sensitive; retained in place
outputs/prospective_forward_protocol_v1/current/contract_status.csv,PINNED_REFERENCE,reachable or evidence-sensitive; retained in place
outputs/prospective_forward_protocol_v1/current/data_availability_audit.csv,PINNED_REFERENCE,reachable or evidence-sensitive; retained in place
outputs/prospective_forward_protocol_v1/current/forward_protocol_freeze.json,PINNED_REFERENCE,reachable or evidence-sensitive; retained in place
outputs/prospective_forward_protocol_v1/current/parent_receipts.csv,PINNED_REFERENCE,reachable or evidence-sensitive; retained in place
outputs/prospective_forward_protocol_v1/current/quarantined_date_inventory.csv,PINNED_REFERENCE,reachable or evidence-sensitive; retained in place
outputs/prospective_forward_protocol_v1/current/readiness_summary.csv,PINNED_REFERENCE,reachable or evidence-sensitive; retained in place
outputs/prospective_forward_protocol_v1/current/resolved_config.json,PINNED_REFERENCE,reachable or evidence-sensitive; retained in place
outputs/prospective_forward_protocol_v1/current/run_report.md,PINNED_REFERENCE,reachable or evidence-sensitive; retained in place
outputs/prospective_forward_protocol_v1/current/temporal_boundary.json,PINNED_REFERENCE,reachable or evidence-sensitive; retained in place
outputs/purged_walk_forward_v1/full_research/artifact_manifest.json,PINNED_REFERENCE,reachable or evidence-sensitive; retained in place
outputs/purged_walk_forward_v1/full_research/contract_status.csv,PINNED_REFERENCE,reachable or evidence-sensitive; retained in place
outputs/purged_walk_forward_v1/full_research/embargoed_dates.csv,PINNED_REFERENCE,reachable or evidence-sensitive; retained in place
outputs/purged_walk_forward_v1/full_research/leakage_audit.csv,PINNED_REFERENCE,reachable or evidence-sensitive; retained in place
outputs/purged_walk_forward_v1/full_research/purged_dates.csv,PINNED_REFERENCE,reachable or evidence-sensitive; retained in place
outputs/purged_walk_forward_v1/full_research/purged_walk_forward_report.md,PINNED_REFERENCE,reachable or evidence-sensitive; retained in place
outputs/purged_walk_forward_v1/full_research/resolved_config.json,PINNED_REFERENCE,reachable or evidence-sensitive; retained in place
outputs/purged_walk_forward_v1/full_research/sample_counts.csv,PINNED_REFERENCE,reachable or evidence-sensitive; retained in place
outputs/purged_walk_forward_v1/full_research/split_date_ranges.csv,PINNED_REFERENCE,reachable or evidence-sensitive; retained in place
outputs/purged_walk_forward_v1/full_research/split_manifest.csv,PINNED_REFERENCE,reachable or evidence-sensitive; retained in place
outputs/purged_walk_forward_v1/full_research_669/artifact_manifest.json,PINNED_REFERENCE,reachable or evidence-sensitive; retained in place
outputs/purged_walk_forward_v1/full_research_669/contract_status.csv,PINNED_REFERENCE,reachable or evidence-sensitive; retained in place
outputs/purged_walk_forward_v1/full_research_669/date_assignments.csv,PINNED_REFERENCE,reachable or evidence-sensitive; retained in place
outputs/purged_walk_forward_v1/full_research_669/embargoed_dates.csv,PINNED_REFERENCE,reachable or evidence-sensitive; retained in place
outputs/purged_walk_forward_v1/full_research_669/label_intervals.csv,PINNED_REFERENCE,reachable or evidence-sensitive; retained in place
outputs/purged_walk_forward_v1/full_research_669/leakage_audit.csv,PINNED_REFERENCE,reachable or evidence-sensitive; retained in place
outputs/purged_walk_forward_v1/full_research_669/purged_dates.csv,PINNED_REFERENCE,reachable or evidence-sensitive; retained in place
outputs/purged_walk_forward_v1/full_research_669/purged_walk_forward_report.md,PINNED_REFERENCE,reachable or evidence-sensitive; retained in place
outputs/purged_walk_forward_v1/full_research_669/resolved_config.json,PINNED_REFERENCE,reachable or evidence-sensitive; retained in place
outputs/purged_walk_forward_v1/full_research_669/sample_counts.csv,PINNED_REFERENCE,reachable or evidence-sensitive; retained in place
outputs/purged_walk_forward_v1/full_research_669/split_date_ranges.csv,PINNED_REFERENCE,reachable or evidence-sensitive; retained in place
outputs/purged_walk_forward_v1/full_research_669/split_manifest.csv,PINNED_REFERENCE,reachable or evidence-sensitive; retained in place
outputs/purged_walk_forward_v1/local_reference/artifact_manifest.json,PINNED_REFERENCE,reachable or evidence-sensitive; retained in place
outputs/purged_walk_forward_v1/local_reference/contract_status.csv,PINNED_REFERENCE,reachable or evidence-sensitive; retained in place
outputs/purged_walk_forward_v1/local_reference/embargoed_dates.csv,PINNED_REFERENCE,reachable or evidence-sensitive; retained in place
outputs/purged_walk_forward_v1/local_reference/leakage_audit.csv,PINNED_REFERENCE,reachable or evidence-sensitive; retained in place
outputs/purged_walk_forward_v1/local_reference/purged_dates.csv,PINNED_REFERENCE,reachable or evidence-sensitive; retained in place
outputs/purged_walk_forward_v1/local_reference/purged_walk_forward_report.md,PINNED_REFERENCE,reachable or evidence-sensitive; retained in place
outputs/purged_walk_forward_v1/local_reference/resolved_config.json,PINNED_REFERENCE,reachable or evidence-sensitive; retained in place
outputs/purged_walk_forward_v1/local_reference/sample_counts.csv,PINNED_REFERENCE,reachable or evidence-sensitive; retained in place
outputs/purged_walk_forward_v1/local_reference/split_date_ranges.csv,PINNED_REFERENCE,reachable or evidence-sensitive; retained in place
outputs/purged_walk_forward_v1/local_reference/split_manifest.csv,PINNED_REFERENCE,reachable or evidence-sensitive; retained in place
outputs/qlib_environment_v1/current/artifact_manifest.json,PINNED_REFERENCE,reachable or evidence-sensitive; retained in place
outputs/qlib_environment_v1/current/contract_status.csv,PINNED_REFERENCE,reachable or evidence-sensitive; retained in place
outputs/qlib_environment_v1/current/environment_audit.json,PINNED_REFERENCE,reachable or evidence-sensitive; retained in place
outputs/qlib_environment_v1/current/environment_report.md,PINNED_REFERENCE,reachable or evidence-sensitive; retained in place
outputs/qlib_environment_v1/current/environment_status.csv,PINNED_REFERENCE,reachable or evidence-sensitive; retained in place
outputs/qlib_environment_v1/current/resolved_config.json,PINNED_REFERENCE,reachable or evidence-sensitive; retained in place
outputs/qlib_exchange_readiness_v1/current/artifact_manifest.json,PINNED_REFERENCE,reachable or evidence-sensitive; retained in place
outputs/qlib_exchange_readiness_v1/current/contract_status.csv,PINNED_REFERENCE,reachable or evidence-sensitive; retained in place
outputs/qlib_exchange_readiness_v1/current/lineage_issues.csv,PINNED_REFERENCE,reachable or evidence-sensitive; retained in place
outputs/qlib_exchange_readiness_v1/current/qlib_exchange_readiness_report.md,PINNED_REFERENCE,reachable or evidence-sensitive; retained in place
outputs/qlib_exchange_readiness_v1/current/readiness_summary.csv,PINNED_REFERENCE,reachable or evidence-sensitive; retained in place
outputs/qlib_exchange_split_transparent_v1/canary/artifact_manifest.json,PINNED_REFERENCE,reachable or evidence-sensitive; retained in place
outputs/qlib_exchange_split_transparent_v1/canary/contract_status.csv,PINNED_REFERENCE,reachable or evidence-sensitive; retained in place
outputs/qlib_exchange_split_transparent_v1/canary/daily_accounting.csv,PINNED_REFERENCE,reachable or evidence-sensitive; retained in place
outputs/qlib_exchange_split_transparent_v1/canary/execution_artifacts.csv,PINNED_REFERENCE,reachable or evidence-sensitive; retained in place
outputs/qlib_exchange_split_transparent_v1/canary/execution_report.md,PINNED_REFERENCE,reachable or evidence-sensitive; retained in place
outputs/qlib_exchange_split_transparent_v1/canary/execution_summary.csv,PINNED_REFERENCE,reachable or evidence-sensitive; retained in place
outputs/qlib_exchange_split_transparent_v1/canary/fills_sample.csv,PINNED_REFERENCE,reachable or evidence-sensitive; retained in place
outputs/qlib_exchange_split_transparent_v1/canary/input_artifacts.csv,PINNED_REFERENCE,reachable or evidence-sensitive; retained in place
outputs/qlib_exchange_split_transparent_v1/canary/orders_sample.csv,PINNED_REFERENCE,reachable or evidence-sensitive; retained in place
outputs/qlib_exchange_split_transparent_v1/canary/partial_fills_sample.csv,PINNED_REFERENCE,reachable or evidence-sensitive; retained in place
outputs/qlib_exchange_split_transparent_v1/canary/positions_sample.csv,PINNED_REFERENCE,reachable or evidence-sensitive; retained in place
outputs/qlib_exchange_split_transparent_v1/canary/rejected_orders.csv,PINNED_REFERENCE,reachable or evidence-sensitive; retained in place
outputs/qlib_exchange_split_transparent_v1/canary/resolved_config.json,PINNED_REFERENCE,reachable or evidence-sensitive; retained in place
outputs/qlib_exchange_split_transparent_v1/canary/signal_sample.csv,PINNED_REFERENCE,reachable or evidence-sensitive; retained in place
outputs/qlib_exchange_split_transparent_v1/canary/tradability_diagnostics.csv,PINNED_REFERENCE,reachable or evidence-sensitive; retained in place
outputs/qlib_exchange_split_transparent_v1/canary/transaction_costs_sample.csv,PINNED_REFERENCE,reachable or evidence-sensitive; retained in place
outputs/qlib_exchange_split_transparent_v1/full_research_669/artifact_manifest.json,PINNED_REFERENCE,reachable or evidence-sensitive; retained in place
outputs/qlib_exchange_split_transparent_v1/full_research_669/contract_status.csv,PINNED_REFERENCE,reachable or evidence-sensitive; retained in place
outputs/qlib_exchange_split_transparent_v1/full_research_669/daily_accounting.csv,PINNED_REFERENCE,reachable or evidence-sensitive; retained in place
outputs/qlib_exchange_split_transparent_v1/full_research_669/execution_artifacts.csv,PINNED_REFERENCE,reachable or evidence-sensitive; retained in place
outputs/qlib_exchange_split_transparent_v1/full_research_669/execution_report.md,PINNED_REFERENCE,reachable or evidence-sensitive; retained in place
outputs/qlib_exchange_split_transparent_v1/full_research_669/execution_summary.csv,PINNED_REFERENCE,reachable or evidence-sensitive; retained in place
outputs/qlib_exchange_split_transparent_v1/full_research_669/fills_sample.csv,PINNED_REFERENCE,reachable or evidence-sensitive; retained in place
outputs/qlib_exchange_split_transparent_v1/full_research_669/input_artifacts.csv,PINNED_REFERENCE,reachable or evidence-sensitive; retained in place
outputs/qlib_exchange_split_transparent_v1/full_research_669/orders_sample.csv,PINNED_REFERENCE,reachable or evidence-sensitive; retained in place
outputs/qlib_exchange_split_transparent_v1/full_research_669/partial_fills_sample.csv,PINNED_REFERENCE,reachable or evidence-sensitive; retained in place
outputs/qlib_exchange_split_transparent_v1/full_research_669/positions_sample.csv,PINNED_REFERENCE,reachable or evidence-sensitive; retained in place
outputs/qlib_exchange_split_transparent_v1/full_research_669/rejected_orders.csv,PINNED_REFERENCE,reachable or evidence-sensitive; retained in place
outputs/qlib_exchange_split_transparent_v1/full_research_669/resolved_config.json,PINNED_REFERENCE,reachable or evidence-sensitive; retained in place
outputs/qlib_exchange_split_transparent_v1/full_research_669/signal_sample.csv,PINNED_REFERENCE,reachable or evidence-sensitive; retained in place
outputs/qlib_exchange_split_transparent_v1/full_research_669/tradability_diagnostics.csv,PINNED_REFERENCE,reachable or evidence-sensitive; retained in place
outputs/qlib_exchange_split_transparent_v1/full_research_669/transaction_costs_sample.csv,PINNED_REFERENCE,reachable or evidence-sensitive; retained in place
outputs/qlib_exchange_v1/full_research/artifact_manifest.json,PINNED_REFERENCE,reachable or evidence-sensitive; retained in place
outputs/qlib_exchange_v1/full_research/contract_status.csv,PINNED_REFERENCE,reachable or evidence-sensitive; retained in place
outputs/qlib_exchange_v1/full_research/daily_accounting.csv,PINNED_REFERENCE,reachable or evidence-sensitive; retained in place
outputs/qlib_exchange_v1/full_research/execution_artifacts.csv,PINNED_REFERENCE,reachable or evidence-sensitive; retained in place
outputs/qlib_exchange_v1/full_research/execution_report.md,PINNED_REFERENCE,reachable or evidence-sensitive; retained in place
outputs/qlib_exchange_v1/full_research/execution_summary.csv,PINNED_REFERENCE,reachable or evidence-sensitive; retained in place
outputs/qlib_exchange_v1/full_research/fills_sample.csv,PINNED_REFERENCE,reachable or evidence-sensitive; retained in place
outputs/qlib_exchange_v1/full_research/input_artifacts.csv,PINNED_REFERENCE,reachable or evidence-sensitive; retained in place
outputs/qlib_exchange_v1/full_research/orders_sample.csv,PINNED_REFERENCE,reachable or evidence-sensitive; retained in place
outputs/qlib_exchange_v1/full_research/partial_fills_sample.csv,PINNED_REFERENCE,reachable or evidence-sensitive; retained in place
outputs/qlib_exchange_v1/full_research/positions_sample.csv,PINNED_REFERENCE,reachable or evidence-sensitive; retained in place
outputs/qlib_exchange_v1/full_research/rejected_orders.csv,PINNED_REFERENCE,reachable or evidence-sensitive; retained in place
outputs/qlib_exchange_v1/full_research/resolved_config.json,PINNED_REFERENCE,reachable or evidence-sensitive; retained in place
outputs/qlib_exchange_v1/full_research/signal_sample.csv,PINNED_REFERENCE,reachable or evidence-sensitive; retained in place
outputs/qlib_exchange_v1/full_research/tradability_diagnostics.csv,PINNED_REFERENCE,reachable or evidence-sensitive; retained in place
outputs/qlib_exchange_v1/full_research/transaction_costs_sample.csv,PINNED_REFERENCE,reachable or evidence-sensitive; retained in place
outputs/qlib_exchange_v1/full_research_669/artifact_manifest.json,PINNED_REFERENCE,reachable or evidence-sensitive; retained in place
outputs/qlib_exchange_v1/full_research_669/contract_status.csv,PINNED_REFERENCE,reachable or evidence-sensitive; retained in place
outputs/qlib_exchange_v1/full_research_669/daily_accounting.csv,PINNED_REFERENCE,reachable or evidence-sensitive; retained in place
outputs/qlib_exchange_v1/full_research_669/execution_artifacts.csv,PINNED_REFERENCE,reachable or evidence-sensitive; retained in place
outputs/qlib_exchange_v1/full_research_669/execution_report.md,PINNED_REFERENCE,reachable or evidence-sensitive; retained in place
outputs/qlib_exchange_v1/full_research_669/execution_summary.csv,PINNED_REFERENCE,reachable or evidence-sensitive; retained in place
outputs/qlib_exchange_v1/full_research_669/fills_sample.csv,PINNED_REFERENCE,reachable or evidence-sensitive; retained in place
outputs/qlib_exchange_v1/full_research_669/input_artifacts.csv,PINNED_REFERENCE,reachable or evidence-sensitive; retained in place
outputs/qlib_exchange_v1/full_research_669/orders_sample.csv,PINNED_REFERENCE,reachable or evidence-sensitive; retained in place
outputs/qlib_exchange_v1/full_research_669/partial_fills_sample.csv,PINNED_REFERENCE,reachable or evidence-sensitive; retained in place
outputs/qlib_exchange_v1/full_research_669/positions_sample.csv,PINNED_REFERENCE,reachable or evidence-sensitive; retained in place
outputs/qlib_exchange_v1/full_research_669/rejected_orders.csv,PINNED_REFERENCE,reachable or evidence-sensitive; retained in place
outputs/qlib_exchange_v1/full_research_669/resolved_config.json,PINNED_REFERENCE,reachable or evidence-sensitive; retained in place
outputs/qlib_exchange_v1/full_research_669/signal_sample.csv,PINNED_REFERENCE,reachable or evidence-sensitive; retained in place
outputs/qlib_exchange_v1/full_research_669/tradability_diagnostics.csv,PINNED_REFERENCE,reachable or evidence-sensitive; retained in place
outputs/qlib_exchange_v1/full_research_669/transaction_costs_sample.csv,PINNED_REFERENCE,reachable or evidence-sensitive; retained in place
outputs/qlib_exchange_v1/local_reference/artifact_manifest.json,PINNED_REFERENCE,reachable or evidence-sensitive; retained in place
outputs/qlib_exchange_v1/local_reference/contract_status.csv,PINNED_REFERENCE,reachable or evidence-sensitive; retained in place
outputs/qlib_exchange_v1/local_reference/daily_accounting.csv,PINNED_REFERENCE,reachable or evidence-sensitive; retained in place
outputs/qlib_exchange_v1/local_reference/execution_report.md,PINNED_REFERENCE,reachable or evidence-sensitive; retained in place
outputs/qlib_exchange_v1/local_reference/execution_summary.csv,PINNED_REFERENCE,reachable or evidence-sensitive; retained in place
outputs/qlib_exchange_v1/local_reference/fills.csv,PINNED_REFERENCE,reachable or evidence-sensitive; retained in place
outputs/qlib_exchange_v1/local_reference/market_input.csv,PINNED_REFERENCE,reachable or evidence-sensitive; retained in place
outputs/qlib_exchange_v1/local_reference/orders.csv,PINNED_REFERENCE,reachable or evidence-sensitive; retained in place
outputs/qlib_exchange_v1/local_reference/partial_fills.csv,PINNED_REFERENCE,reachable or evidence-sensitive; retained in place
outputs/qlib_exchange_v1/local_reference/positions.csv,PINNED_REFERENCE,reachable or evidence-sensitive; retained in place
outputs/qlib_exchange_v1/local_reference/rejected_orders.csv,PINNED_REFERENCE,reachable or evidence-sensitive; retained in place
outputs/qlib_exchange_v1/local_reference/resolved_config.json,PINNED_REFERENCE,reachable or evidence-sensitive; retained in place
outputs/qlib_exchange_v1/local_reference/selected_instruments.csv,PINNED_REFERENCE,reachable or evidence-sensitive; retained in place
outputs/qlib_exchange_v1/local_reference/signal_input.csv,PINNED_REFERENCE,reachable or evidence-sensitive; retained in place
outputs/qlib_exchange_v1/local_reference/tradability_diagnostics.csv,PINNED_REFERENCE,reachable or evidence-sensitive; retained in place
outputs/qlib_exchange_v1/local_reference/transaction_costs.csv,PINNED_REFERENCE,reachable or evidence-sensitive; retained in place
outputs/qlib_exchange_v1/synthetic/artifact_manifest.json,PINNED_REFERENCE,reachable or evidence-sensitive; retained in place
outputs/qlib_exchange_v1/synthetic/contract_status.csv,PINNED_REFERENCE,reachable or evidence-sensitive; retained in place
outputs/qlib_exchange_v1/synthetic/daily_accounting.csv,PINNED_REFERENCE,reachable or evidence-sensitive; retained in place
outputs/qlib_exchange_v1/synthetic/execution_report.md,PINNED_REFERENCE,reachable or evidence-sensitive; retained in place
outputs/qlib_exchange_v1/synthetic/execution_summary.csv,PINNED_REFERENCE,reachable or evidence-sensitive; retained in place
outputs/qlib_exchange_v1/synthetic/fills.csv,PINNED_REFERENCE,reachable or evidence-sensitive; retained in place
outputs/qlib_exchange_v1/synthetic/market_input.csv,PINNED_REFERENCE,reachable or evidence-sensitive; retained in place
outputs/qlib_exchange_v1/synthetic/orders.csv,PINNED_REFERENCE,reachable or evidence-sensitive; retained in place
outputs/qlib_exchange_v1/synthetic/partial_fills.csv,PINNED_REFERENCE,reachable or evidence-sensitive; retained in place
outputs/qlib_exchange_v1/synthetic/positions.csv,PINNED_REFERENCE,reachable or evidence-sensitive; retained in place
outputs/qlib_exchange_v1/synthetic/rejected_orders.csv,PINNED_REFERENCE,reachable or evidence-sensitive; retained in place
outputs/qlib_exchange_v1/synthetic/resolved_config.json,PINNED_REFERENCE,reachable or evidence-sensitive; retained in place
outputs/qlib_exchange_v1/synthetic/signal_input.csv,PINNED_REFERENCE,reachable or evidence-sensitive; retained in place
outputs/qlib_exchange_v1/synthetic/target_positions.csv,PINNED_REFERENCE,reachable or evidence-sensitive; retained in place
outputs/qlib_exchange_v1/synthetic/tradability_diagnostics.csv,PINNED_REFERENCE,reachable or evidence-sensitive; retained in place
outputs/qlib_exchange_v1/synthetic/transaction_costs.csv,PINNED_REFERENCE,reachable or evidence-sensitive; retained in place
outputs/raw_market_data_snapshot_v1/full_research_669/artifact_manifest.json,PINNED_REFERENCE,reachable or evidence-sensitive; retained in place
outputs/raw_market_data_snapshot_v1/full_research_669/contract_status.csv,PINNED_REFERENCE,reachable or evidence-sensitive; retained in place
outputs/raw_market_data_snapshot_v1/full_research_669/field_schema.json,PINNED_REFERENCE,reachable or evidence-sensitive; retained in place
outputs/raw_market_data_snapshot_v1/full_research_669/provider_file_inventory.csv,PINNED_REFERENCE,reachable or evidence-sensitive; retained in place
outputs/raw_market_data_snapshot_v1/full_research_669/raw_market_data_manifest.json,PINNED_REFERENCE,reachable or evidence-sensitive; retained in place
outputs/raw_market_data_snapshot_v1/full_research_669/raw_market_data_report.md,PINNED_REFERENCE,reachable or evidence-sensitive; retained in place
outputs/raw_market_data_snapshot_v1/full_research_669/resolved_config.json,PINNED_REFERENCE,reachable or evidence-sensitive; retained in place
outputs/reference_pipeline_consistency_v1/current/artifact_manifest.json,PINNED_REFERENCE,reachable or evidence-sensitive; retained in place
outputs/reference_pipeline_consistency_v1/current/consistency_audit_report.md,PINNED_REFERENCE,reachable or evidence-sensitive; retained in place
outputs/reference_pipeline_consistency_v1/current/contract_status.csv,PINNED_REFERENCE,reachable or evidence-sensitive; retained in place
outputs/reference_pipeline_consistency_v1/current/inconsistency_inventory.csv,PINNED_REFERENCE,reachable or evidence-sensitive; retained in place
outputs/reference_pipeline_consistency_v1/current/stage_consistency_status.csv,PINNED_REFERENCE,reachable or evidence-sensitive; retained in place
outputs/reference_pipeline_consistency_v1/current/stale_artifact_inventory.csv,PINNED_REFERENCE,reachable or evidence-sensitive; retained in place
outputs/reference_pipeline_consistency_v1/current/unexpected_clustering_factors.csv,PINNED_REFERENCE,reachable or evidence-sensitive; retained in place
outputs/reference_pipeline_consistency_v1/current/unexpected_execution_methods.csv,PINNED_REFERENCE,reachable or evidence-sensitive; retained in place
outputs/reference_pipeline_consistency_v1/current/unexpected_score_factors.csv,PINNED_REFERENCE,reachable or evidence-sensitive; retained in place
outputs/reports/baseline_summary.csv,PINNED_REFERENCE,reachable or evidence-sensitive; retained in place
outputs/reports/data_snapshot_community_20260609.json,PINNED_REFERENCE,reachable or evidence-sensitive; retained in place
outputs/reports/data_snapshot_community_20260609.md,PINNED_REFERENCE,reachable or evidence-sensitive; retained in place
outputs/reports/data_snapshot_old.json,PINNED_REFERENCE,reachable or evidence-sensitive; retained in place
outputs/reports/data_snapshot_old.md,PINNED_REFERENCE,reachable or evidence-sensitive; retained in place
outputs/reports/derived_provider_community_20260609.md,PINNED_REFERENCE,reachable or evidence-sensitive; retained in place
outputs/reports/factor_candidate_pool.csv,PINNED_REFERENCE,reachable or evidence-sensitive; retained in place
outputs/reports/factor_candidate_pool.md,PINNED_REFERENCE,reachable or evidence-sensitive; retained in place
outputs/reports/factor_horizon_comparison_liquid2000.md,PINNED_REFERENCE,reachable or evidence-sensitive; retained in place
outputs/reports/factor_label_comparison.csv,PINNED_REFERENCE,reachable or evidence-sensitive; retained in place
outputs/reports/factor_label_comparison.md,PINNED_REFERENCE,reachable or evidence-sensitive; retained in place
outputs/reports/factor_long_short_comparison.csv,PINNED_REFERENCE,reachable or evidence-sensitive; retained in place
outputs/reports/factor_long_short_comparison.md,PINNED_REFERENCE,reachable or evidence-sensitive; retained in place
outputs/reports/factor_long_short_exposure_comparison.csv,PINNED_REFERENCE,reachable or evidence-sensitive; retained in place
outputs/reports/factor_long_short_exposure_comparison.md,PINNED_REFERENCE,reachable or evidence-sensitive; retained in place
outputs/reports/factor_research_initial_comparison.md,PINNED_REFERENCE,reachable or evidence-sensitive; retained in place
outputs/reports/factor_score_portfolio_scan.csv,PINNED_REFERENCE,reachable or evidence-sensitive; retained in place
outputs/reports/factor_score_portfolio_scan.md,PINNED_REFERENCE,reachable or evidence-sensitive; retained in place
outputs/reports/factor_time_slice_stability_liquid2000_label10d.csv,PINNED_REFERENCE,reachable or evidence-sensitive; retained in place
outputs/reports/factor_time_slice_stability_liquid2000_label10d.md,PINNED_REFERENCE,reachable or evidence-sensitive; retained in place
outputs/reports/factor_time_slice_stability_liquid2000_label1d.csv,PINNED_REFERENCE,reachable or evidence-sensitive; retained in place
outputs/reports/factor_time_slice_stability_liquid2000_label1d.md,PINNED_REFERENCE,reachable or evidence-sensitive; retained in place
outputs/reports/factor_time_slice_stability_liquid2000_label20d.csv,PINNED_REFERENCE,reachable or evidence-sensitive; retained in place
outputs/reports/factor_time_slice_stability_liquid2000_label20d.md,PINNED_REFERENCE,reachable or evidence-sensitive; retained in place
outputs/reports/factor_time_slice_summary_liquid2000_label10d.csv,PINNED_REFERENCE,reachable or evidence-sensitive; retained in place
outputs/reports/factor_time_slice_summary_liquid2000_label1d.csv,PINNED_REFERENCE,reachable or evidence-sensitive; retained in place
outputs/reports/factor_time_slice_summary_liquid2000_label20d.csv,PINNED_REFERENCE,reachable or evidence-sensitive; retained in place
outputs/reports/filtered_universe_all_shsz_community_20260609.md,PINNED_REFERENCE,reachable or evidence-sensitive; retained in place
outputs/reports/filtered_universe_all_stock_shsz_community_20260609.md,PINNED_REFERENCE,reachable or evidence-sensitive; retained in place
outputs/reports/instrument_inspection_SH601313_2016.csv,PINNED_REFERENCE,reachable or evidence-sensitive; retained in place
outputs/reports/instrument_inspection_SH601313_2016.json,PINNED_REFERENCE,reachable or evidence-sensitive; retained in place
outputs/reports/instrument_inspection_SH601313_2016.md,PINNED_REFERENCE,reachable or evidence-sensitive; retained in place
outputs/reports/linear_factor_model_sanity_check.md,PINNED_REFERENCE,reachable or evidence-sensitive; retained in place
outputs/reports/liquidity_bucket_portfolio_comparison.csv,PINNED_REFERENCE,reachable or evidence-sensitive; retained in place
outputs/reports/liquidity_bucket_portfolio_comparison.md,PINNED_REFERENCE,reachable or evidence-sensitive; retained in place
outputs/reports/liquidity_ranking_all_stock_shsz_2016.csv,PINNED_REFERENCE,reachable or evidence-sensitive; retained in place
outputs/reports/liquidity_universe_all_stock_shsz_liquid2000_community_20260609.json,PINNED_REFERENCE,reachable or evidence-sensitive; retained in place
outputs/reports/liquidity_universe_all_stock_shsz_liquid2000_community_20260609.md,PINNED_REFERENCE,reachable or evidence-sensitive; retained in place
outputs/reports/low_frequency_tradability_portfolio_comparison.csv,PINNED_REFERENCE,reachable or evidence-sensitive; retained in place
outputs/reports/low_frequency_tradability_portfolio_comparison.md,PINNED_REFERENCE,reachable or evidence-sensitive; retained in place
outputs/reports/membership_lifecycle_community_20260609_csi500.json,PINNED_REFERENCE,reachable or evidence-sensitive; retained in place
outputs/reports/membership_lifecycle_community_20260609_csi500.md,PINNED_REFERENCE,reachable or evidence-sensitive; retained in place
outputs/reports/membership_lifecycle_community_20260609_csi500_active_count.csv,PINNED_REFERENCE,reachable or evidence-sensitive; retained in place
outputs/reports/membership_lifecycle_community_20260609_csi500_issues.csv,PINNED_REFERENCE,reachable or evidence-sensitive; retained in place
outputs/reports/membership_lifecycle_old_csi500.json,PINNED_REFERENCE,reachable or evidence-sensitive; retained in place
outputs/reports/membership_lifecycle_old_csi500.md,PINNED_REFERENCE,reachable or evidence-sensitive; retained in place
outputs/reports/membership_lifecycle_old_csi500_active_count.csv,PINNED_REFERENCE,reachable or evidence-sensitive; retained in place
outputs/reports/membership_lifecycle_old_csi500_issues.csv,PINNED_REFERENCE,reachable or evidence-sensitive; retained in place
outputs/reports/provider_validation_all_stock_shsz_community_20260609.json,PINNED_REFERENCE,reachable or evidence-sensitive; retained in place
outputs/reports/provider_validation_all_stock_shsz_community_20260609.md,PINNED_REFERENCE,reachable or evidence-sensitive; retained in place
outputs/reports/provider_validation_all_stock_shsz_liquid2000_community_20260609.json,PINNED_REFERENCE,reachable or evidence-sensitive; retained in place
outputs/reports/provider_validation_all_stock_shsz_liquid2000_community_20260609.md,PINNED_REFERENCE,reachable or evidence-sensitive; retained in place
outputs/reports/topk_scan_liquid2000_community_20260609.md,PINNED_REFERENCE,reachable or evidence-sensitive; retained in place
outputs/reports/tradability_window_comparison.csv,PINNED_REFERENCE,reachable or evidence-sensitive; retained in place
outputs/reports/tradability_window_comparison.md,PINNED_REFERENCE,reachable or evidence-sensitive; retained in place
outputs/reports/universe_summary_community_20260609.json,PINNED_REFERENCE,reachable or evidence-sensitive; retained in place
outputs/reports/universe_summary_community_20260609.md,PINNED_REFERENCE,reachable or evidence-sensitive; retained in place
outputs/reports/universe_summary_old.json,PINNED_REFERENCE,reachable or evidence-sensitive; retained in place
outputs/reports/universe_summary_old.md,PINNED_REFERENCE,reachable or evidence-sensitive; retained in place
outputs/research_data_contracts_v1/current/contract_status.csv,PINNED_REFERENCE,reachable or evidence-sensitive; retained in place
outputs/research_data_contracts_v1/current/schema_inventory.csv,PINNED_REFERENCE,reachable or evidence-sensitive; retained in place
outputs/research_data_contracts_v1/current/schema_report.md,PINNED_REFERENCE,reachable or evidence-sensitive; retained in place
outputs/research_data_contracts_v1/current/schema_validation_results.csv,PINNED_REFERENCE,reachable or evidence-sensitive; retained in place
outputs/research_lightgbm_v1/canary/access_audit.csv,PINNED_REFERENCE,reachable or evidence-sensitive; retained in place
outputs/research_lightgbm_v1/canary/artifact_manifest.json,PINNED_REFERENCE,reachable or evidence-sensitive; retained in place
outputs/research_lightgbm_v1/canary/canary_results.csv,PINNED_REFERENCE,reachable or evidence-sensitive; retained in place
outputs/research_lightgbm_v1/canary/contract_status.csv,PINNED_REFERENCE,reachable or evidence-sensitive; retained in place
outputs/research_lightgbm_v1/canary/hyperparameter_candidate_manifest.csv,PINNED_REFERENCE,reachable or evidence-sensitive; retained in place
outputs/research_lightgbm_v1/canary/parent_receipts.csv,PINNED_REFERENCE,reachable or evidence-sensitive; retained in place
outputs/research_lightgbm_v1/canary/readiness_summary.csv,PINNED_REFERENCE,reachable or evidence-sensitive; retained in place
outputs/research_lightgbm_v1/canary/resolved_config.json,PINNED_REFERENCE,reachable or evidence-sensitive; retained in place
outputs/research_lightgbm_v1/canary/resource_summary.csv,PINNED_REFERENCE,reachable or evidence-sensitive; retained in place
outputs/research_lightgbm_v1/canary/run_report.md,PINNED_REFERENCE,reachable or evidence-sensitive; retained in place
outputs/research_lightgbm_v1/current/access_audit.csv,PINNED_REFERENCE,reachable or evidence-sensitive; retained in place
outputs/research_lightgbm_v1/current/artifact_manifest.json,PINNED_REFERENCE,reachable or evidence-sensitive; retained in place
outputs/research_lightgbm_v1/current/contract_status.csv,PINNED_REFERENCE,reachable or evidence-sensitive; retained in place
outputs/research_lightgbm_v1/current/parent_receipts.csv,PINNED_REFERENCE,reachable or evidence-sensitive; retained in place
outputs/research_lightgbm_v1/current/prediction_receipt.csv,PINNED_REFERENCE,reachable or evidence-sensitive; retained in place
outputs/research_lightgbm_v1/current/readiness_summary.csv,PINNED_REFERENCE,reachable or evidence-sensitive; retained in place
outputs/research_lightgbm_v1/current/release_receipts/split_001_lightgbm.json,PINNED_REFERENCE,reachable or evidence-sensitive; retained in place
outputs/research_lightgbm_v1/current/release_receipts/split_002_lightgbm.json,PINNED_REFERENCE,reachable or evidence-sensitive; retained in place
outputs/research_lightgbm_v1/current/release_receipts/split_003_lightgbm.json,PINNED_REFERENCE,reachable or evidence-sensitive; retained in place
outputs/research_lightgbm_v1/current/resolved_config.json,PINNED_REFERENCE,reachable or evidence-sensitive; retained in place
outputs/research_lightgbm_v1/current/resource_summary.csv,PINNED_REFERENCE,reachable or evidence-sensitive; retained in place
outputs/research_lightgbm_v1/current/run_report.md,PINNED_REFERENCE,reachable or evidence-sensitive; retained in place
outputs/research_lightgbm_v1/current/test_daily_ic.csv,PINNED_REFERENCE,reachable or evidence-sensitive; retained in place
outputs/research_lightgbm_v1/current/test_metrics.csv,PINNED_REFERENCE,reachable or evidence-sensitive; retained in place
outputs/research_lightgbm_v1/current/test_release_index.csv,PINNED_REFERENCE,reachable or evidence-sensitive; retained in place
outputs/research_lightgbm_v1/development/access_audit.csv,PINNED_REFERENCE,reachable or evidence-sensitive; retained in place
outputs/research_lightgbm_v1/development/artifact_manifest.json,PINNED_REFERENCE,reachable or evidence-sensitive; retained in place
outputs/research_lightgbm_v1/development/contract_status.csv,PINNED_REFERENCE,reachable or evidence-sensitive; retained in place
outputs/research_lightgbm_v1/development/feature_importance.csv,PINNED_REFERENCE,reachable or evidence-sensitive; retained in place
outputs/research_lightgbm_v1/development/hyperparameter_candidate_manifest.csv,PINNED_REFERENCE,reachable or evidence-sensitive; retained in place
outputs/research_lightgbm_v1/development/model_receipt.csv,PINNED_REFERENCE,reachable or evidence-sensitive; retained in place
outputs/research_lightgbm_v1/development/mutation_results.csv,PINNED_REFERENCE,reachable or evidence-sensitive; retained in place
outputs/research_lightgbm_v1/development/parent_receipts.csv,PINNED_REFERENCE,reachable or evidence-sensitive; retained in place
outputs/research_lightgbm_v1/development/pre_test_freezes/split_001_lightgbm.json,PINNED_REFERENCE,reachable or evidence-sensitive; retained in place
outputs/research_lightgbm_v1/development/pre_test_freezes/split_002_lightgbm.json,PINNED_REFERENCE,reachable or evidence-sensitive; retained in place
outputs/research_lightgbm_v1/development/pre_test_freezes/split_003_lightgbm.json,PINNED_REFERENCE,reachable or evidence-sensitive; retained in place
outputs/research_lightgbm_v1/development/preprocessing_receipt.csv,PINNED_REFERENCE,reachable or evidence-sensitive; retained in place
outputs/research_lightgbm_v1/development/readiness_summary.csv,PINNED_REFERENCE,reachable or evidence-sensitive; retained in place
outputs/research_lightgbm_v1/development/resolved_config.json,PINNED_REFERENCE,reachable or evidence-sensitive; retained in place
outputs/research_lightgbm_v1/development/resource_summary.csv,PINNED_REFERENCE,reachable or evidence-sensitive; retained in place
outputs/research_lightgbm_v1/development/run_report.md,PINNED_REFERENCE,reachable or evidence-sensitive; retained in place
outputs/research_lightgbm_v1/development/sample_eligibility_receipt.csv,PINNED_REFERENCE,reachable or evidence-sensitive; retained in place
outputs/research_lightgbm_v1/development/selected_hyperparameters.json,PINNED_REFERENCE,reachable or evidence-sensitive; retained in place
outputs/research_lightgbm_v1/development/validation_metrics.csv,PINNED_REFERENCE,reachable or evidence-sensitive; retained in place
outputs/research_lightgbm_v1/development_smoke/access_audit.csv,PINNED_REFERENCE,reachable or evidence-sensitive; retained in place
outputs/research_lightgbm_v1/development_smoke/artifact_manifest.json,PINNED_REFERENCE,reachable or evidence-sensitive; retained in place
outputs/research_lightgbm_v1/development_smoke/contract_status.csv,PINNED_REFERENCE,reachable or evidence-sensitive; retained in place
outputs/research_lightgbm_v1/development_smoke/feature_importance.csv,PINNED_REFERENCE,reachable or evidence-sensitive; retained in place
outputs/research_lightgbm_v1/development_smoke/hyperparameter_candidate_manifest.csv,PINNED_REFERENCE,reachable or evidence-sensitive; retained in place
outputs/research_lightgbm_v1/development_smoke/model_receipt.csv,PINNED_REFERENCE,reachable or evidence-sensitive; retained in place
outputs/research_lightgbm_v1/development_smoke/mutation_results.csv,PINNED_REFERENCE,reachable or evidence-sensitive; retained in place
outputs/research_lightgbm_v1/development_smoke/parent_receipts.csv,PINNED_REFERENCE,reachable or evidence-sensitive; retained in place
outputs/research_lightgbm_v1/development_smoke/preprocessing_receipt.csv,PINNED_REFERENCE,reachable or evidence-sensitive; retained in place
outputs/research_lightgbm_v1/development_smoke/readiness_summary.csv,PINNED_REFERENCE,reachable or evidence-sensitive; retained in place
outputs/research_lightgbm_v1/development_smoke/resolved_config.json,PINNED_REFERENCE,reachable or evidence-sensitive; retained in place
outputs/research_lightgbm_v1/development_smoke/resource_summary.csv,PINNED_REFERENCE,reachable or evidence-sensitive; retained in place
outputs/research_lightgbm_v1/development_smoke/run_report.md,PINNED_REFERENCE,reachable or evidence-sensitive; retained in place
outputs/research_lightgbm_v1/development_smoke/sample_eligibility_receipt.csv,PINNED_REFERENCE,reachable or evidence-sensitive; retained in place
outputs/research_lightgbm_v1/development_smoke/selected_hyperparameters.json,PINNED_REFERENCE,reachable or evidence-sensitive; retained in place
outputs/research_lightgbm_v1/development_smoke/validation_metrics.csv,PINNED_REFERENCE,reachable or evidence-sensitive; retained in place
outputs/research_lightgbm_v1/remaining/access_audit.csv,PINNED_REFERENCE,reachable or evidence-sensitive; retained in place
outputs/research_lightgbm_v1/remaining/artifact_manifest.json,PINNED_REFERENCE,reachable or evidence-sensitive; retained in place
outputs/research_lightgbm_v1/remaining/contract_status.csv,PINNED_REFERENCE,reachable or evidence-sensitive; retained in place
outputs/research_lightgbm_v1/remaining/feature_importance.csv,PINNED_REFERENCE,reachable or evidence-sensitive; retained in place
outputs/research_lightgbm_v1/remaining/hyperparameter_candidate_manifest.csv,PINNED_REFERENCE,reachable or evidence-sensitive; retained in place
outputs/research_lightgbm_v1/remaining/model_receipt.csv,PINNED_REFERENCE,reachable or evidence-sensitive; retained in place
outputs/research_lightgbm_v1/remaining/mutation_results.csv,PINNED_REFERENCE,reachable or evidence-sensitive; retained in place
outputs/research_lightgbm_v1/remaining/parent_receipts.csv,PINNED_REFERENCE,reachable or evidence-sensitive; retained in place
outputs/research_lightgbm_v1/remaining/pre_test_freezes/split_002_lightgbm.json,PINNED_REFERENCE,reachable or evidence-sensitive; retained in place
outputs/research_lightgbm_v1/remaining/pre_test_freezes/split_003_lightgbm.json,PINNED_REFERENCE,reachable or evidence-sensitive; retained in place
outputs/research_lightgbm_v1/remaining/preprocessing_receipt.csv,PINNED_REFERENCE,reachable or evidence-sensitive; retained in place
outputs/research_lightgbm_v1/remaining/readiness_summary.csv,PINNED_REFERENCE,reachable or evidence-sensitive; retained in place
outputs/research_lightgbm_v1/remaining/resolved_config.json,PINNED_REFERENCE,reachable or evidence-sensitive; retained in place
outputs/research_lightgbm_v1/remaining/resource_summary.csv,PINNED_REFERENCE,reachable or evidence-sensitive; retained in place
outputs/research_lightgbm_v1/remaining/run_report.md,PINNED_REFERENCE,reachable or evidence-sensitive; retained in place
outputs/research_lightgbm_v1/remaining/sample_eligibility_receipt.csv,PINNED_REFERENCE,reachable or evidence-sensitive; retained in place
outputs/research_lightgbm_v1/remaining/selected_hyperparameters.json,PINNED_REFERENCE,reachable or evidence-sensitive; retained in place
outputs/research_lightgbm_v1/remaining/validation_metrics.csv,PINNED_REFERENCE,reachable or evidence-sensitive; retained in place
outputs/research_lightgbm_v1/resource_canary/access_audit.csv,PINNED_REFERENCE,reachable or evidence-sensitive; retained in place
outputs/research_lightgbm_v1/resource_canary/artifact_manifest.json,PINNED_REFERENCE,reachable or evidence-sensitive; retained in place
outputs/research_lightgbm_v1/resource_canary/canary_results.csv,PINNED_REFERENCE,reachable or evidence-sensitive; retained in place
outputs/research_lightgbm_v1/resource_canary/contract_status.csv,PINNED_REFERENCE,reachable or evidence-sensitive; retained in place
outputs/research_lightgbm_v1/resource_canary/hyperparameter_candidate_manifest.csv,PINNED_REFERENCE,reachable or evidence-sensitive; retained in place
outputs/research_lightgbm_v1/resource_canary/parent_receipts.csv,PINNED_REFERENCE,reachable or evidence-sensitive; retained in place
outputs/research_lightgbm_v1/resource_canary/readiness_summary.csv,PINNED_REFERENCE,reachable or evidence-sensitive; retained in place
outputs/research_lightgbm_v1/resource_canary/resolved_config.json,PINNED_REFERENCE,reachable or evidence-sensitive; retained in place
outputs/research_lightgbm_v1/resource_canary/resource_summary.csv,PINNED_REFERENCE,reachable or evidence-sensitive; retained in place
outputs/research_lightgbm_v1/resource_canary/run_report.md,PINNED_REFERENCE,reachable or evidence-sensitive; retained in place
outputs/research_lightgbm_v1/split_001/access_audit.csv,PINNED_REFERENCE,reachable or evidence-sensitive; retained in place
outputs/research_lightgbm_v1/split_001/artifact_manifest.json,PINNED_REFERENCE,reachable or evidence-sensitive; retained in place
outputs/research_lightgbm_v1/split_001/contract_status.csv,PINNED_REFERENCE,reachable or evidence-sensitive; retained in place
outputs/research_lightgbm_v1/split_001/feature_importance.csv,PINNED_REFERENCE,reachable or evidence-sensitive; retained in place
outputs/research_lightgbm_v1/split_001/hyperparameter_candidate_manifest.csv,PINNED_REFERENCE,reachable or evidence-sensitive; retained in place
outputs/research_lightgbm_v1/split_001/model_receipt.csv,PINNED_REFERENCE,reachable or evidence-sensitive; retained in place
outputs/research_lightgbm_v1/split_001/mutation_results.csv,PINNED_REFERENCE,reachable or evidence-sensitive; retained in place
outputs/research_lightgbm_v1/split_001/parent_receipts.csv,PINNED_REFERENCE,reachable or evidence-sensitive; retained in place
outputs/research_lightgbm_v1/split_001/pre_test_freezes/split_001_lightgbm.json,PINNED_REFERENCE,reachable or evidence-sensitive; retained in place
outputs/research_lightgbm_v1/split_001/preprocessing_receipt.csv,PINNED_REFERENCE,reachable or evidence-sensitive; retained in place
outputs/research_lightgbm_v1/split_001/readiness_summary.csv,PINNED_REFERENCE,reachable or evidence-sensitive; retained in place
outputs/research_lightgbm_v1/split_001/resolved_config.json,PINNED_REFERENCE,reachable or evidence-sensitive; retained in place
outputs/research_lightgbm_v1/split_001/resource_summary.csv,PINNED_REFERENCE,reachable or evidence-sensitive; retained in place
outputs/research_lightgbm_v1/split_001/run_report.md,PINNED_REFERENCE,reachable or evidence-sensitive; retained in place
outputs/research_lightgbm_v1/split_001/sample_eligibility_receipt.csv,PINNED_REFERENCE,reachable or evidence-sensitive; retained in place
outputs/research_lightgbm_v1/split_001/selected_hyperparameters.json,PINNED_REFERENCE,reachable or evidence-sensitive; retained in place
outputs/research_lightgbm_v1/split_001/validation_metrics.csv,PINNED_REFERENCE,reachable or evidence-sensitive; retained in place
outputs/research_lightgbm_v1/test_release_freeze/access_audit.csv,PINNED_REFERENCE,reachable or evidence-sensitive; retained in place
outputs/research_lightgbm_v1/test_release_freeze/artifact_manifest.json,PINNED_REFERENCE,reachable or evidence-sensitive; retained in place
outputs/research_lightgbm_v1/test_release_freeze/contract_status.csv,PINNED_REFERENCE,reachable or evidence-sensitive; retained in place
outputs/research_lightgbm_v1/test_release_freeze/parent_receipts.csv,PINNED_REFERENCE,reachable or evidence-sensitive; retained in place
outputs/research_lightgbm_v1/test_release_freeze/readiness_summary.csv,PINNED_REFERENCE,reachable or evidence-sensitive; retained in place
outputs/research_lightgbm_v1/test_release_freeze/release_freeze_index.csv,PINNED_REFERENCE,reachable or evidence-sensitive; retained in place
outputs/research_lightgbm_v1/test_release_freeze/release_freezes/split_001_lightgbm.json,PINNED_REFERENCE,reachable or evidence-sensitive; retained in place
outputs/research_lightgbm_v1/test_release_freeze/release_freezes/split_002_lightgbm.json,PINNED_REFERENCE,reachable or evidence-sensitive; retained in place
outputs/research_lightgbm_v1/test_release_freeze/release_freezes/split_003_lightgbm.json,PINNED_REFERENCE,reachable or evidence-sensitive; retained in place
outputs/research_lightgbm_v1/test_release_freeze/resolved_config.json,PINNED_REFERENCE,reachable or evidence-sensitive; retained in place
outputs/research_lightgbm_v1/test_release_freeze/run_report.md,PINNED_REFERENCE,reachable or evidence-sensitive; retained in place
outputs/research_linear_model_execution_v1/canary/artifact_manifest.json,PINNED_REFERENCE,reachable or evidence-sensitive; retained in place
outputs/research_linear_model_execution_v1/canary/contract_status.csv,PINNED_REFERENCE,reachable or evidence-sensitive; retained in place
outputs/research_linear_model_execution_v1/canary/execution_artifacts.csv,PINNED_REFERENCE,reachable or evidence-sensitive; retained in place
outputs/research_linear_model_execution_v1/canary/execution_report.md,PINNED_REFERENCE,reachable or evidence-sensitive; retained in place
outputs/research_linear_model_execution_v1/canary/execution_summary.csv,PINNED_REFERENCE,reachable or evidence-sensitive; retained in place
outputs/research_linear_model_execution_v1/canary/fee_schedule_usage.csv,PINNED_REFERENCE,reachable or evidence-sensitive; retained in place
outputs/research_linear_model_execution_v1/canary/input_artifacts.csv,PINNED_REFERENCE,reachable or evidence-sensitive; retained in place
outputs/research_linear_model_execution_v1/canary/parent_receipts.csv,PINNED_REFERENCE,reachable or evidence-sensitive; retained in place
outputs/research_linear_model_execution_v1/canary/readiness_summary.csv,PINNED_REFERENCE,reachable or evidence-sensitive; retained in place
outputs/research_linear_model_execution_v1/canary/resolved_config.json,PINNED_REFERENCE,reachable or evidence-sensitive; retained in place
outputs/research_linear_model_execution_v1/canary/tradability_diagnostics.csv,PINNED_REFERENCE,reachable or evidence-sensitive; retained in place
outputs/research_linear_model_execution_v1/current/artifact_manifest.json,PINNED_REFERENCE,reachable or evidence-sensitive; retained in place
outputs/research_linear_model_execution_v1/current/contract_status.csv,PINNED_REFERENCE,reachable or evidence-sensitive; retained in place
outputs/research_linear_model_execution_v1/current/execution_artifacts.csv,PINNED_REFERENCE,reachable or evidence-sensitive; retained in place
outputs/research_linear_model_execution_v1/current/execution_failures.csv,PINNED_REFERENCE,reachable or evidence-sensitive; retained in place
outputs/research_linear_model_execution_v1/current/execution_report.md,PINNED_REFERENCE,reachable or evidence-sensitive; retained in place
outputs/research_linear_model_execution_v1/current/execution_summary.csv,PINNED_REFERENCE,reachable or evidence-sensitive; retained in place
outputs/research_linear_model_execution_v1/current/fee_schedule_usage.csv,PINNED_REFERENCE,reachable or evidence-sensitive; retained in place
outputs/research_linear_model_execution_v1/current/input_artifacts.csv,PINNED_REFERENCE,reachable or evidence-sensitive; retained in place
outputs/research_linear_model_execution_v1/current/parent_receipts.csv,PINNED_REFERENCE,reachable or evidence-sensitive; retained in place
outputs/research_linear_model_execution_v1/current/readiness_summary.csv,PINNED_REFERENCE,reachable or evidence-sensitive; retained in place
outputs/research_linear_model_execution_v1/current/resolved_config.json,PINNED_REFERENCE,reachable or evidence-sensitive; retained in place
outputs/research_linear_model_execution_v1/current/tradability_diagnostics.csv,PINNED_REFERENCE,reachable or evidence-sensitive; retained in place
outputs/research_linear_models_v1/canary/access_audit.csv,PINNED_REFERENCE,reachable or evidence-sensitive; retained in place
outputs/research_linear_models_v1/canary/artifact_manifest.json,PINNED_REFERENCE,reachable or evidence-sensitive; retained in place
outputs/research_linear_models_v1/canary/contract_status.csv,PINNED_REFERENCE,reachable or evidence-sensitive; retained in place
outputs/research_linear_models_v1/canary/parent_receipts.csv,PINNED_REFERENCE,reachable or evidence-sensitive; retained in place
outputs/research_linear_models_v1/canary/readiness_summary.csv,PINNED_REFERENCE,reachable or evidence-sensitive; retained in place
outputs/research_linear_models_v1/canary/resolved_config.json,PINNED_REFERENCE,reachable or evidence-sensitive; retained in place
outputs/research_linear_models_v1/canary/resource_summary.csv,PINNED_REFERENCE,reachable or evidence-sensitive; retained in place
outputs/research_linear_models_v1/canary/ridge_solver_receipt.json,PINNED_REFERENCE,reachable or evidence-sensitive; retained in place
outputs/research_linear_models_v1/canary/run_report.md,PINNED_REFERENCE,reachable or evidence-sensitive; retained in place
outputs/research_linear_models_v1/canary/run_review_bundle.json,PINNED_REFERENCE,reachable or evidence-sensitive; retained in place
outputs/research_linear_models_v1/canary/solver_canary_results.csv,PINNED_REFERENCE,reachable or evidence-sensitive; retained in place
outputs/research_linear_models_v1/current/access_audit.csv,PINNED_REFERENCE,reachable or evidence-sensitive; retained in place
outputs/research_linear_models_v1/current/artifact_manifest.json,PINNED_REFERENCE,reachable or evidence-sensitive; retained in place
outputs/research_linear_models_v1/current/contract_status.csv,PINNED_REFERENCE,reachable or evidence-sensitive; retained in place
outputs/research_linear_models_v1/current/parent_receipts.csv,PINNED_REFERENCE,reachable or evidence-sensitive; retained in place
outputs/research_linear_models_v1/current/prediction_receipt.csv,PINNED_REFERENCE,reachable or evidence-sensitive; retained in place
outputs/research_linear_models_v1/current/readiness_summary.csv,PINNED_REFERENCE,reachable or evidence-sensitive; retained in place
outputs/research_linear_models_v1/current/release_receipts/split_001_elastic_net.json,PINNED_REFERENCE,reachable or evidence-sensitive; retained in place
outputs/research_linear_models_v1/current/release_receipts/split_001_ridge.json,PINNED_REFERENCE,reachable or evidence-sensitive; retained in place
outputs/research_linear_models_v1/current/release_receipts/split_002_elastic_net.json,PINNED_REFERENCE,reachable or evidence-sensitive; retained in place
outputs/research_linear_models_v1/current/release_receipts/split_002_ridge.json,PINNED_REFERENCE,reachable or evidence-sensitive; retained in place
outputs/research_linear_models_v1/current/release_receipts/split_003_elastic_net.json,PINNED_REFERENCE,reachable or evidence-sensitive; retained in place
outputs/research_linear_models_v1/current/release_receipts/split_003_ridge.json,PINNED_REFERENCE,reachable or evidence-sensitive; retained in place
outputs/research_linear_models_v1/current/resolved_config.json,PINNED_REFERENCE,reachable or evidence-sensitive; retained in place
outputs/research_linear_models_v1/current/resource_summary.csv,PINNED_REFERENCE,reachable or evidence-sensitive; retained in place
outputs/research_linear_models_v1/current/run_report.md,PINNED_REFERENCE,reachable or evidence-sensitive; retained in place
outputs/research_linear_models_v1/current/test_daily_ic.csv,PINNED_REFERENCE,reachable or evidence-sensitive; retained in place
outputs/research_linear_models_v1/current/test_metrics.csv,PINNED_REFERENCE,reachable or evidence-sensitive; retained in place
outputs/research_linear_models_v1/current/test_release_index.csv,PINNED_REFERENCE,reachable or evidence-sensitive; retained in place
outputs/research_linear_models_v1/development/access_audit.csv,PINNED_REFERENCE,reachable or evidence-sensitive; retained in place
outputs/research_linear_models_v1/development/artifact_manifest.json,PINNED_REFERENCE,reachable or evidence-sensitive; retained in place
outputs/research_linear_models_v1/development/candidate_manifest.csv,PINNED_REFERENCE,reachable or evidence-sensitive; retained in place
outputs/research_linear_models_v1/development/coefficient_summary.csv,PINNED_REFERENCE,reachable or evidence-sensitive; retained in place
outputs/research_linear_models_v1/development/contract_status.csv,PINNED_REFERENCE,reachable or evidence-sensitive; retained in place
outputs/research_linear_models_v1/development/model_receipt.csv,PINNED_REFERENCE,reachable or evidence-sensitive; retained in place
outputs/research_linear_models_v1/development/mutation_results.csv,PINNED_REFERENCE,reachable or evidence-sensitive; retained in place
outputs/research_linear_models_v1/development/parent_receipts.csv,PINNED_REFERENCE,reachable or evidence-sensitive; retained in place
outputs/research_linear_models_v1/development/pre_test_freezes/split_001_elastic_net.json,PINNED_REFERENCE,reachable or evidence-sensitive; retained in place
outputs/research_linear_models_v1/development/pre_test_freezes/split_001_ridge.json,PINNED_REFERENCE,reachable or evidence-sensitive; retained in place
outputs/research_linear_models_v1/development/pre_test_freezes/split_002_elastic_net.json,PINNED_REFERENCE,reachable or evidence-sensitive; retained in place
outputs/research_linear_models_v1/development/pre_test_freezes/split_002_ridge.json,PINNED_REFERENCE,reachable or evidence-sensitive; retained in place
outputs/research_linear_models_v1/development/pre_test_freezes/split_003_elastic_net.json,PINNED_REFERENCE,reachable or evidence-sensitive; retained in place
outputs/research_linear_models_v1/development/pre_test_freezes/split_003_ridge.json,PINNED_REFERENCE,reachable or evidence-sensitive; retained in place
outputs/research_linear_models_v1/development/preprocessing_receipt.csv,PINNED_REFERENCE,reachable or evidence-sensitive; retained in place
outputs/research_linear_models_v1/development/readiness_summary.csv,PINNED_REFERENCE,reachable or evidence-sensitive; retained in place
outputs/research_linear_models_v1/development/resolved_config.json,PINNED_REFERENCE,reachable or evidence-sensitive; retained in place
outputs/research_linear_models_v1/development/resource_summary.csv,PINNED_REFERENCE,reachable or evidence-sensitive; retained in place
outputs/research_linear_models_v1/development/run_report.md,PINNED_REFERENCE,reachable or evidence-sensitive; retained in place
outputs/research_linear_models_v1/development/sample_eligibility_receipt.csv,PINNED_REFERENCE,reachable or evidence-sensitive; retained in place
outputs/research_linear_models_v1/development/selected_hyperparameters.json,PINNED_REFERENCE,reachable or evidence-sensitive; retained in place
outputs/research_linear_models_v1/development/validation_metrics.csv,PINNED_REFERENCE,reachable or evidence-sensitive; retained in place
outputs/research_linear_models_v1/elastic_remaining/access_audit.csv,PINNED_REFERENCE,reachable or evidence-sensitive; retained in place
outputs/research_linear_models_v1/elastic_remaining/artifact_manifest.json,PINNED_REFERENCE,reachable or evidence-sensitive; retained in place
outputs/research_linear_models_v1/elastic_remaining/candidate_manifest.csv,PINNED_REFERENCE,reachable or evidence-sensitive; retained in place
outputs/research_linear_models_v1/elastic_remaining/coefficient_summary.csv,PINNED_REFERENCE,reachable or evidence-sensitive; retained in place
outputs/research_linear_models_v1/elastic_remaining/contract_status.csv,PINNED_REFERENCE,reachable or evidence-sensitive; retained in place
outputs/research_linear_models_v1/elastic_remaining/model_receipt.csv,PINNED_REFERENCE,reachable or evidence-sensitive; retained in place
outputs/research_linear_models_v1/elastic_remaining/mutation_results.csv,PINNED_REFERENCE,reachable or evidence-sensitive; retained in place
outputs/research_linear_models_v1/elastic_remaining/parent_receipts.csv,PINNED_REFERENCE,reachable or evidence-sensitive; retained in place
outputs/research_linear_models_v1/elastic_remaining/pre_test_freezes/split_002_elastic_net.json,PINNED_REFERENCE,reachable or evidence-sensitive; retained in place
outputs/research_linear_models_v1/elastic_remaining/pre_test_freezes/split_003_elastic_net.json,PINNED_REFERENCE,reachable or evidence-sensitive; retained in place
outputs/research_linear_models_v1/elastic_remaining/preprocessing_receipt.csv,PINNED_REFERENCE,reachable or evidence-sensitive; retained in place
outputs/research_linear_models_v1/elastic_remaining/readiness_summary.csv,PINNED_REFERENCE,reachable or evidence-sensitive; retained in place
outputs/research_linear_models_v1/elastic_remaining/resolved_config.json,PINNED_REFERENCE,reachable or evidence-sensitive; retained in place
outputs/research_linear_models_v1/elastic_remaining/resource_summary.csv,PINNED_REFERENCE,reachable or evidence-sensitive; retained in place
outputs/research_linear_models_v1/elastic_remaining/run_report.md,PINNED_REFERENCE,reachable or evidence-sensitive; retained in place
outputs/research_linear_models_v1/elastic_remaining/run_review_bundle.json,PINNED_REFERENCE,reachable or evidence-sensitive; retained in place
outputs/research_linear_models_v1/elastic_remaining/sample_eligibility_receipt.csv,PINNED_REFERENCE,reachable or evidence-sensitive; retained in place
outputs/research_linear_models_v1/elastic_remaining/selected_hyperparameters.json,PINNED_REFERENCE,reachable or evidence-sensitive; retained in place
outputs/research_linear_models_v1/elastic_remaining/validation_metrics.csv,PINNED_REFERENCE,reachable or evidence-sensitive; retained in place
outputs/research_linear_models_v1/elastic_split_001/access_audit.csv,PINNED_REFERENCE,reachable or evidence-sensitive; retained in place
outputs/research_linear_models_v1/elastic_split_001/artifact_manifest.json,PINNED_REFERENCE,reachable or evidence-sensitive; retained in place
outputs/research_linear_models_v1/elastic_split_001/candidate_manifest.csv,PINNED_REFERENCE,reachable or evidence-sensitive; retained in place
outputs/research_linear_models_v1/elastic_split_001/coefficient_summary.csv,PINNED_REFERENCE,reachable or evidence-sensitive; retained in place
outputs/research_linear_models_v1/elastic_split_001/contract_status.csv,PINNED_REFERENCE,reachable or evidence-sensitive; retained in place
outputs/research_linear_models_v1/elastic_split_001/model_receipt.csv,PINNED_REFERENCE,reachable or evidence-sensitive; retained in place
outputs/research_linear_models_v1/elastic_split_001/mutation_results.csv,PINNED_REFERENCE,reachable or evidence-sensitive; retained in place
outputs/research_linear_models_v1/elastic_split_001/parent_receipts.csv,PINNED_REFERENCE,reachable or evidence-sensitive; retained in place
outputs/research_linear_models_v1/elastic_split_001/pre_test_freezes/split_001_elastic_net.json,PINNED_REFERENCE,reachable or evidence-sensitive; retained in place
outputs/research_linear_models_v1/elastic_split_001/preprocessing_receipt.csv,PINNED_REFERENCE,reachable or evidence-sensitive; retained in place
outputs/research_linear_models_v1/elastic_split_001/readiness_summary.csv,PINNED_REFERENCE,reachable or evidence-sensitive; retained in place
outputs/research_linear_models_v1/elastic_split_001/resolved_config.json,PINNED_REFERENCE,reachable or evidence-sensitive; retained in place
outputs/research_linear_models_v1/elastic_split_001/resource_summary.csv,PINNED_REFERENCE,reachable or evidence-sensitive; retained in place
outputs/research_linear_models_v1/elastic_split_001/run_report.md,PINNED_REFERENCE,reachable or evidence-sensitive; retained in place
outputs/research_linear_models_v1/elastic_split_001/run_review_bundle.json,PINNED_REFERENCE,reachable or evidence-sensitive; retained in place
outputs/research_linear_models_v1/elastic_split_001/sample_eligibility_receipt.csv,PINNED_REFERENCE,reachable or evidence-sensitive; retained in place
outputs/research_linear_models_v1/elastic_split_001/selected_hyperparameters.json,PINNED_REFERENCE,reachable or evidence-sensitive; retained in place
outputs/research_linear_models_v1/elastic_split_001/validation_metrics.csv,PINNED_REFERENCE,reachable or evidence-sensitive; retained in place
outputs/research_linear_models_v1/ridge_all/access_audit.csv,PINNED_REFERENCE,reachable or evidence-sensitive; retained in place
outputs/research_linear_models_v1/ridge_all/artifact_manifest.json,PINNED_REFERENCE,reachable or evidence-sensitive; retained in place
outputs/research_linear_models_v1/ridge_all/candidate_manifest.csv,PINNED_REFERENCE,reachable or evidence-sensitive; retained in place
outputs/research_linear_models_v1/ridge_all/coefficient_summary.csv,PINNED_REFERENCE,reachable or evidence-sensitive; retained in place
outputs/research_linear_models_v1/ridge_all/contract_status.csv,PINNED_REFERENCE,reachable or evidence-sensitive; retained in place
outputs/research_linear_models_v1/ridge_all/model_receipt.csv,PINNED_REFERENCE,reachable or evidence-sensitive; retained in place
outputs/research_linear_models_v1/ridge_all/mutation_results.csv,PINNED_REFERENCE,reachable or evidence-sensitive; retained in place
outputs/research_linear_models_v1/ridge_all/parent_receipts.csv,PINNED_REFERENCE,reachable or evidence-sensitive; retained in place
outputs/research_linear_models_v1/ridge_all/pre_test_freezes/split_001_ridge.json,PINNED_REFERENCE,reachable or evidence-sensitive; retained in place
outputs/research_linear_models_v1/ridge_all/pre_test_freezes/split_002_ridge.json,PINNED_REFERENCE,reachable or evidence-sensitive; retained in place
outputs/research_linear_models_v1/ridge_all/pre_test_freezes/split_003_ridge.json,PINNED_REFERENCE,reachable or evidence-sensitive; retained in place
outputs/research_linear_models_v1/ridge_all/preprocessing_receipt.csv,PINNED_REFERENCE,reachable or evidence-sensitive; retained in place
outputs/research_linear_models_v1/ridge_all/readiness_summary.csv,PINNED_REFERENCE,reachable or evidence-sensitive; retained in place
outputs/research_linear_models_v1/ridge_all/resolved_config.json,PINNED_REFERENCE,reachable or evidence-sensitive; retained in place
outputs/research_linear_models_v1/ridge_all/resource_summary.csv,PINNED_REFERENCE,reachable or evidence-sensitive; retained in place
outputs/research_linear_models_v1/ridge_all/run_report.md,PINNED_REFERENCE,reachable or evidence-sensitive; retained in place
outputs/research_linear_models_v1/ridge_all/run_review_bundle.json,PINNED_REFERENCE,reachable or evidence-sensitive; retained in place
outputs/research_linear_models_v1/ridge_all/sample_eligibility_receipt.csv,PINNED_REFERENCE,reachable or evidence-sensitive; retained in place
outputs/research_linear_models_v1/ridge_all/selected_hyperparameters.json,PINNED_REFERENCE,reachable or evidence-sensitive; retained in place
outputs/research_linear_models_v1/ridge_all/validation_metrics.csv,PINNED_REFERENCE,reachable or evidence-sensitive; retained in place
outputs/research_linear_models_v1/ridge_canary/access_audit.csv,PINNED_REFERENCE,reachable or evidence-sensitive; retained in place
outputs/research_linear_models_v1/ridge_canary/artifact_manifest.json,PINNED_REFERENCE,reachable or evidence-sensitive; retained in place
outputs/research_linear_models_v1/ridge_canary/candidate_manifest.csv,PINNED_REFERENCE,reachable or evidence-sensitive; retained in place
outputs/research_linear_models_v1/ridge_canary/coefficient_summary.csv,PINNED_REFERENCE,reachable or evidence-sensitive; retained in place
outputs/research_linear_models_v1/ridge_canary/contract_status.csv,PINNED_REFERENCE,reachable or evidence-sensitive; retained in place
outputs/research_linear_models_v1/ridge_canary/model_receipt.csv,PINNED_REFERENCE,reachable or evidence-sensitive; retained in place
outputs/research_linear_models_v1/ridge_canary/mutation_results.csv,PINNED_REFERENCE,reachable or evidence-sensitive; retained in place
outputs/research_linear_models_v1/ridge_canary/parent_receipts.csv,PINNED_REFERENCE,reachable or evidence-sensitive; retained in place
outputs/research_linear_models_v1/ridge_canary/preprocessing_receipt.csv,PINNED_REFERENCE,reachable or evidence-sensitive; retained in place
outputs/research_linear_models_v1/ridge_canary/readiness_summary.csv,PINNED_REFERENCE,reachable or evidence-sensitive; retained in place
outputs/research_linear_models_v1/ridge_canary/resolved_config.json,PINNED_REFERENCE,reachable or evidence-sensitive; retained in place
outputs/research_linear_models_v1/ridge_canary/resource_summary.csv,PINNED_REFERENCE,reachable or evidence-sensitive; retained in place
outputs/research_linear_models_v1/ridge_canary/run_report.md,PINNED_REFERENCE,reachable or evidence-sensitive; retained in place
outputs/research_linear_models_v1/ridge_canary/run_review_bundle.json,PINNED_REFERENCE,reachable or evidence-sensitive; retained in place
outputs/research_linear_models_v1/ridge_canary/sample_eligibility_receipt.csv,PINNED_REFERENCE,reachable or evidence-sensitive; retained in place
outputs/research_linear_models_v1/ridge_canary/selected_hyperparameters.json,PINNED_REFERENCE,reachable or evidence-sensitive; retained in place
outputs/research_linear_models_v1/ridge_canary/validation_metrics.csv,PINNED_REFERENCE,reachable or evidence-sensitive; retained in place
outputs/research_linear_models_v1/ridge_split_001/access_audit.csv,PINNED_REFERENCE,reachable or evidence-sensitive; retained in place
outputs/research_linear_models_v1/ridge_split_001/artifact_manifest.json,PINNED_REFERENCE,reachable or evidence-sensitive; retained in place
outputs/research_linear_models_v1/ridge_split_001/candidate_manifest.csv,PINNED_REFERENCE,reachable or evidence-sensitive; retained in place
outputs/research_linear_models_v1/ridge_split_001/coefficient_summary.csv,PINNED_REFERENCE,reachable or evidence-sensitive; retained in place
outputs/research_linear_models_v1/ridge_split_001/contract_status.csv,PINNED_REFERENCE,reachable or evidence-sensitive; retained in place
outputs/research_linear_models_v1/ridge_split_001/model_receipt.csv,PINNED_REFERENCE,reachable or evidence-sensitive; retained in place
outputs/research_linear_models_v1/ridge_split_001/mutation_results.csv,PINNED_REFERENCE,reachable or evidence-sensitive; retained in place
outputs/research_linear_models_v1/ridge_split_001/parent_receipts.csv,PINNED_REFERENCE,reachable or evidence-sensitive; retained in place
outputs/research_linear_models_v1/ridge_split_001/pre_test_freezes/split_001_ridge.json,PINNED_REFERENCE,reachable or evidence-sensitive; retained in place
outputs/research_linear_models_v1/ridge_split_001/preprocessing_receipt.csv,PINNED_REFERENCE,reachable or evidence-sensitive; retained in place
outputs/research_linear_models_v1/ridge_split_001/readiness_summary.csv,PINNED_REFERENCE,reachable or evidence-sensitive; retained in place
outputs/research_linear_models_v1/ridge_split_001/resolved_config.json,PINNED_REFERENCE,reachable or evidence-sensitive; retained in place
outputs/research_linear_models_v1/ridge_split_001/resource_summary.csv,PINNED_REFERENCE,reachable or evidence-sensitive; retained in place
outputs/research_linear_models_v1/ridge_split_001/run_report.md,PINNED_REFERENCE,reachable or evidence-sensitive; retained in place
outputs/research_linear_models_v1/ridge_split_001/run_review_bundle.json,PINNED_REFERENCE,reachable or evidence-sensitive; retained in place
outputs/research_linear_models_v1/ridge_split_001/sample_eligibility_receipt.csv,PINNED_REFERENCE,reachable or evidence-sensitive; retained in place
outputs/research_linear_models_v1/ridge_split_001/selected_hyperparameters.json,PINNED_REFERENCE,reachable or evidence-sensitive; retained in place
outputs/research_linear_models_v1/ridge_split_001/validation_metrics.csv,PINNED_REFERENCE,reachable or evidence-sensitive; retained in place
outputs/research_linear_models_v1/test_release_freeze/access_audit.csv,PINNED_REFERENCE,reachable or evidence-sensitive; retained in place
outputs/research_linear_models_v1/test_release_freeze/artifact_manifest.json,PINNED_REFERENCE,reachable or evidence-sensitive; retained in place
outputs/research_linear_models_v1/test_release_freeze/contract_status.csv,PINNED_REFERENCE,reachable or evidence-sensitive; retained in place
outputs/research_linear_models_v1/test_release_freeze/parent_receipts.csv,PINNED_REFERENCE,reachable or evidence-sensitive; retained in place
outputs/research_linear_models_v1/test_release_freeze/readiness_summary.csv,PINNED_REFERENCE,reachable or evidence-sensitive; retained in place
outputs/research_linear_models_v1/test_release_freeze/release_freeze_index.csv,PINNED_REFERENCE,reachable or evidence-sensitive; retained in place
outputs/research_linear_models_v1/test_release_freeze/release_freezes/split_001_elastic_net.json,PINNED_REFERENCE,reachable or evidence-sensitive; retained in place
outputs/research_linear_models_v1/test_release_freeze/release_freezes/split_001_ridge.json,PINNED_REFERENCE,reachable or evidence-sensitive; retained in place
outputs/research_linear_models_v1/test_release_freeze/release_freezes/split_002_elastic_net.json,PINNED_REFERENCE,reachable or evidence-sensitive; retained in place
outputs/research_linear_models_v1/test_release_freeze/release_freezes/split_002_ridge.json,PINNED_REFERENCE,reachable or evidence-sensitive; retained in place
outputs/research_linear_models_v1/test_release_freeze/release_freezes/split_003_elastic_net.json,PINNED_REFERENCE,reachable or evidence-sensitive; retained in place
outputs/research_linear_models_v1/test_release_freeze/release_freezes/split_003_ridge.json,PINNED_REFERENCE,reachable or evidence-sensitive; retained in place
outputs/research_linear_models_v1/test_release_freeze/resolved_config.json,PINNED_REFERENCE,reachable or evidence-sensitive; retained in place
outputs/research_linear_models_v1/test_release_freeze/run_report.md,PINNED_REFERENCE,reachable or evidence-sensitive; retained in place
outputs/research_model_protocol_v1/canary/access_audit.csv,PINNED_REFERENCE,reachable or evidence-sensitive; retained in place
outputs/research_model_protocol_v1/canary/artifact_manifest.json,PINNED_REFERENCE,reachable or evidence-sensitive; retained in place
outputs/research_model_protocol_v1/canary/contract_status.csv,PINNED_REFERENCE,reachable or evidence-sensitive; retained in place
outputs/research_model_protocol_v1/canary/environment_lock.json,PINNED_REFERENCE,reachable or evidence-sensitive; retained in place
outputs/research_model_protocol_v1/canary/feature_order_manifest.csv,PINNED_REFERENCE,reachable or evidence-sensitive; retained in place
outputs/research_model_protocol_v1/canary/metric_registry.json,PINNED_REFERENCE,reachable or evidence-sensitive; retained in place
outputs/research_model_protocol_v1/canary/mutation_results.csv,PINNED_REFERENCE,reachable or evidence-sensitive; retained in place
outputs/research_model_protocol_v1/canary/parent_receipts.csv,PINNED_REFERENCE,reachable or evidence-sensitive; retained in place
outputs/research_model_protocol_v1/canary/prediction_schema.json,PINNED_REFERENCE,reachable or evidence-sensitive; retained in place
outputs/research_model_protocol_v1/canary/preprocessing_protocol.json,PINNED_REFERENCE,reachable or evidence-sensitive; retained in place
outputs/research_model_protocol_v1/canary/protocol_report.md,PINNED_REFERENCE,reachable or evidence-sensitive; retained in place
outputs/research_model_protocol_v1/canary/readiness_summary.csv,PINNED_REFERENCE,reachable or evidence-sensitive; retained in place
outputs/research_model_protocol_v1/canary/resolved_config.json,PINNED_REFERENCE,reachable or evidence-sensitive; retained in place
outputs/research_model_protocol_v1/canary/split_input_manifest.csv,PINNED_REFERENCE,reachable or evidence-sensitive; retained in place
outputs/research_model_protocol_v1/canary/target_transform_manifest.json,PINNED_REFERENCE,reachable or evidence-sensitive; retained in place
outputs/research_model_protocol_v1/current/access_audit.csv,PINNED_REFERENCE,reachable or evidence-sensitive; retained in place
outputs/research_model_protocol_v1/current/artifact_manifest.json,PINNED_REFERENCE,reachable or evidence-sensitive; retained in place
outputs/research_model_protocol_v1/current/contract_status.csv,PINNED_REFERENCE,reachable or evidence-sensitive; retained in place
outputs/research_model_protocol_v1/current/environment_lock.json,PINNED_REFERENCE,reachable or evidence-sensitive; retained in place
outputs/research_model_protocol_v1/current/feature_order_manifest.csv,PINNED_REFERENCE,reachable or evidence-sensitive; retained in place
outputs/research_model_protocol_v1/current/metric_registry.json,PINNED_REFERENCE,reachable or evidence-sensitive; retained in place
outputs/research_model_protocol_v1/current/mutation_results.csv,PINNED_REFERENCE,reachable or evidence-sensitive; retained in place
outputs/research_model_protocol_v1/current/parent_receipts.csv,PINNED_REFERENCE,reachable or evidence-sensitive; retained in place
outputs/research_model_protocol_v1/current/prediction_schema.json,PINNED_REFERENCE,reachable or evidence-sensitive; retained in place
outputs/research_model_protocol_v1/current/preprocessing_protocol.json,PINNED_REFERENCE,reachable or evidence-sensitive; retained in place
outputs/research_model_protocol_v1/current/protocol_report.md,PINNED_REFERENCE,reachable or evidence-sensitive; retained in place
outputs/research_model_protocol_v1/current/readiness_summary.csv,PINNED_REFERENCE,reachable or evidence-sensitive; retained in place
outputs/research_model_protocol_v1/current/resolved_config.json,PINNED_REFERENCE,reachable or evidence-sensitive; retained in place
outputs/research_model_protocol_v1/current/split_input_manifest.csv,PINNED_REFERENCE,reachable or evidence-sensitive; retained in place
outputs/research_model_protocol_v1/current/target_transform_manifest.json,PINNED_REFERENCE,reachable or evidence-sensitive; retained in place
outputs/research_model_protocol_v1_1/canary/access_audit.csv,PINNED_REFERENCE,reachable or evidence-sensitive; retained in place
outputs/research_model_protocol_v1_1/canary/artifact_manifest.json,PINNED_REFERENCE,reachable or evidence-sensitive; retained in place
outputs/research_model_protocol_v1_1/canary/contract_status.csv,PINNED_REFERENCE,reachable or evidence-sensitive; retained in place
outputs/research_model_protocol_v1_1/canary/environment_lock.json,PINNED_REFERENCE,reachable or evidence-sensitive; retained in place
outputs/research_model_protocol_v1_1/canary/feature_order_manifest.csv,PINNED_REFERENCE,reachable or evidence-sensitive; retained in place
outputs/research_model_protocol_v1_1/canary/metric_registry.json,PINNED_REFERENCE,reachable or evidence-sensitive; retained in place
outputs/research_model_protocol_v1_1/canary/mutation_results.csv,PINNED_REFERENCE,reachable or evidence-sensitive; retained in place
outputs/research_model_protocol_v1_1/canary/parent_receipts.csv,PINNED_REFERENCE,reachable or evidence-sensitive; retained in place
outputs/research_model_protocol_v1_1/canary/partition_source_receipt.csv,PINNED_REFERENCE,reachable or evidence-sensitive; retained in place
outputs/research_model_protocol_v1_1/canary/prediction_schema.json,PINNED_REFERENCE,reachable or evidence-sensitive; retained in place
outputs/research_model_protocol_v1_1/canary/preprocessing_protocol.json,PINNED_REFERENCE,reachable or evidence-sensitive; retained in place
outputs/research_model_protocol_v1_1/canary/protocol_binding.json,PINNED_REFERENCE,reachable or evidence-sensitive; retained in place
outputs/research_model_protocol_v1_1/canary/protocol_report.md,PINNED_REFERENCE,reachable or evidence-sensitive; retained in place
outputs/research_model_protocol_v1_1/canary/readiness_summary.csv,PINNED_REFERENCE,reachable or evidence-sensitive; retained in place
outputs/research_model_protocol_v1_1/canary/resolved_config.json,PINNED_REFERENCE,reachable or evidence-sensitive; retained in place
outputs/research_model_protocol_v1_1/canary/resource_summary.csv,PINNED_REFERENCE,reachable or evidence-sensitive; retained in place
outputs/research_model_protocol_v1_1/canary/sample_eligibility_receipt.csv,PINNED_REFERENCE,reachable or evidence-sensitive; retained in place
outputs/research_model_protocol_v1_1/canary/split_input_manifest.csv,PINNED_REFERENCE,reachable or evidence-sensitive; retained in place
outputs/research_model_protocol_v1_1/canary/superseded_artifacts.csv,PINNED_REFERENCE,reachable or evidence-sensitive; retained in place
outputs/research_model_protocol_v1_1/canary/target_transform_manifest.json,PINNED_REFERENCE,reachable or evidence-sensitive; retained in place
outputs/research_model_protocol_v1_1/canary/validation_transform_receipt.csv,PINNED_REFERENCE,reachable or evidence-sensitive; retained in place
outputs/research_model_protocol_v1_1/current/access_audit.csv,PINNED_REFERENCE,reachable or evidence-sensitive; retained in place
outputs/research_model_protocol_v1_1/current/artifact_manifest.json,PINNED_REFERENCE,reachable or evidence-sensitive; retained in place
outputs/research_model_protocol_v1_1/current/contract_status.csv,PINNED_REFERENCE,reachable or evidence-sensitive; retained in place
outputs/research_model_protocol_v1_1/current/environment_lock.json,PINNED_REFERENCE,reachable or evidence-sensitive; retained in place
outputs/research_model_protocol_v1_1/current/feature_order_manifest.csv,PINNED_REFERENCE,reachable or evidence-sensitive; retained in place
outputs/research_model_protocol_v1_1/current/metric_registry.json,PINNED_REFERENCE,reachable or evidence-sensitive; retained in place
outputs/research_model_protocol_v1_1/current/mutation_results.csv,PINNED_REFERENCE,reachable or evidence-sensitive; retained in place
outputs/research_model_protocol_v1_1/current/parent_receipts.csv,PINNED_REFERENCE,reachable or evidence-sensitive; retained in place
outputs/research_model_protocol_v1_1/current/partition_source_receipt.csv,PINNED_REFERENCE,reachable or evidence-sensitive; retained in place
outputs/research_model_protocol_v1_1/current/prediction_schema.json,PINNED_REFERENCE,reachable or evidence-sensitive; retained in place
outputs/research_model_protocol_v1_1/current/preprocessing_protocol.json,PINNED_REFERENCE,reachable or evidence-sensitive; retained in place
outputs/research_model_protocol_v1_1/current/protocol_binding.json,PINNED_REFERENCE,reachable or evidence-sensitive; retained in place
outputs/research_model_protocol_v1_1/current/protocol_report.md,PINNED_REFERENCE,reachable or evidence-sensitive; retained in place
outputs/research_model_protocol_v1_1/current/readiness_summary.csv,PINNED_REFERENCE,reachable or evidence-sensitive; retained in place
outputs/research_model_protocol_v1_1/current/resolved_config.json,PINNED_REFERENCE,reachable or evidence-sensitive; retained in place
outputs/research_model_protocol_v1_1/current/resource_summary.csv,PINNED_REFERENCE,reachable or evidence-sensitive; retained in place
outputs/research_model_protocol_v1_1/current/sample_eligibility_receipt.csv,PINNED_REFERENCE,reachable or evidence-sensitive; retained in place
outputs/research_model_protocol_v1_1/current/split_input_manifest.csv,PINNED_REFERENCE,reachable or evidence-sensitive; retained in place
outputs/research_model_protocol_v1_1/current/superseded_artifacts.csv,PINNED_REFERENCE,reachable or evidence-sensitive; retained in place
outputs/research_model_protocol_v1_1/current/target_transform_manifest.json,PINNED_REFERENCE,reachable or evidence-sensitive; retained in place
outputs/research_model_protocol_v1_1/current/validation_transform_receipt.csv,PINNED_REFERENCE,reachable or evidence-sensitive; retained in place
outputs/research_model_protocol_v1_1/development_dry_run/access_audit.csv,PINNED_REFERENCE,reachable or evidence-sensitive; retained in place
outputs/research_model_protocol_v1_1/development_dry_run/artifact_manifest.json,PINNED_REFERENCE,reachable or evidence-sensitive; retained in place
outputs/research_model_protocol_v1_1/development_dry_run/contract_status.csv,PINNED_REFERENCE,reachable or evidence-sensitive; retained in place
outputs/research_model_protocol_v1_1/development_dry_run/environment_lock.json,PINNED_REFERENCE,reachable or evidence-sensitive; retained in place
outputs/research_model_protocol_v1_1/development_dry_run/feature_order_manifest.csv,PINNED_REFERENCE,reachable or evidence-sensitive; retained in place
outputs/research_model_protocol_v1_1/development_dry_run/metric_registry.json,PINNED_REFERENCE,reachable or evidence-sensitive; retained in place
outputs/research_model_protocol_v1_1/development_dry_run/mutation_results.csv,PINNED_REFERENCE,reachable or evidence-sensitive; retained in place
outputs/research_model_protocol_v1_1/development_dry_run/parent_receipts.csv,PINNED_REFERENCE,reachable or evidence-sensitive; retained in place
outputs/research_model_protocol_v1_1/development_dry_run/partition_source_receipt.csv,PINNED_REFERENCE,reachable or evidence-sensitive; retained in place
outputs/research_model_protocol_v1_1/development_dry_run/prediction_schema.json,PINNED_REFERENCE,reachable or evidence-sensitive; retained in place
outputs/research_model_protocol_v1_1/development_dry_run/preprocessing_protocol.json,PINNED_REFERENCE,reachable or evidence-sensitive; retained in place
outputs/research_model_protocol_v1_1/development_dry_run/protocol_binding.json,PINNED_REFERENCE,reachable or evidence-sensitive; retained in place
outputs/research_model_protocol_v1_1/development_dry_run/protocol_report.md,PINNED_REFERENCE,reachable or evidence-sensitive; retained in place
outputs/research_model_protocol_v1_1/development_dry_run/readiness_summary.csv,PINNED_REFERENCE,reachable or evidence-sensitive; retained in place
outputs/research_model_protocol_v1_1/development_dry_run/resolved_config.json,PINNED_REFERENCE,reachable or evidence-sensitive; retained in place
outputs/research_model_protocol_v1_1/development_dry_run/resource_summary.csv,PINNED_REFERENCE,reachable or evidence-sensitive; retained in place
outputs/research_model_protocol_v1_1/development_dry_run/sample_eligibility_receipt.csv,PINNED_REFERENCE,reachable or evidence-sensitive; retained in place
outputs/research_model_protocol_v1_1/development_dry_run/split_input_manifest.csv,PINNED_REFERENCE,reachable or evidence-sensitive; retained in place
outputs/research_model_protocol_v1_1/development_dry_run/superseded_artifacts.csv,PINNED_REFERENCE,reachable or evidence-sensitive; retained in place
outputs/research_model_protocol_v1_1/development_dry_run/target_transform_manifest.json,PINNED_REFERENCE,reachable or evidence-sensitive; retained in place
outputs/research_model_protocol_v1_1/development_dry_run/validation_transform_receipt.csv,PINNED_REFERENCE,reachable or evidence-sensitive; retained in place
outputs/research_model_protocol_v1_1/development_smoke/access_audit.csv,PINNED_REFERENCE,reachable or evidence-sensitive; retained in place
outputs/research_model_protocol_v1_1/development_smoke/artifact_manifest.json,PINNED_REFERENCE,reachable or evidence-sensitive; retained in place
outputs/research_model_protocol_v1_1/development_smoke/contract_status.csv,PINNED_REFERENCE,reachable or evidence-sensitive; retained in place
outputs/research_model_protocol_v1_1/development_smoke/environment_lock.json,PINNED_REFERENCE,reachable or evidence-sensitive; retained in place
outputs/research_model_protocol_v1_1/development_smoke/feature_order_manifest.csv,PINNED_REFERENCE,reachable or evidence-sensitive; retained in place
outputs/research_model_protocol_v1_1/development_smoke/metric_registry.json,PINNED_REFERENCE,reachable or evidence-sensitive; retained in place
outputs/research_model_protocol_v1_1/development_smoke/mutation_results.csv,PINNED_REFERENCE,reachable or evidence-sensitive; retained in place
outputs/research_model_protocol_v1_1/development_smoke/parent_receipts.csv,PINNED_REFERENCE,reachable or evidence-sensitive; retained in place
outputs/research_model_protocol_v1_1/development_smoke/partition_source_receipt.csv,PINNED_REFERENCE,reachable or evidence-sensitive; retained in place
outputs/research_model_protocol_v1_1/development_smoke/prediction_schema.json,PINNED_REFERENCE,reachable or evidence-sensitive; retained in place
outputs/research_model_protocol_v1_1/development_smoke/preprocessing_protocol.json,PINNED_REFERENCE,reachable or evidence-sensitive; retained in place
outputs/research_model_protocol_v1_1/development_smoke/protocol_binding.json,PINNED_REFERENCE,reachable or evidence-sensitive; retained in place
outputs/research_model_protocol_v1_1/development_smoke/protocol_report.md,PINNED_REFERENCE,reachable or evidence-sensitive; retained in place
outputs/research_model_protocol_v1_1/development_smoke/readiness_summary.csv,PINNED_REFERENCE,reachable or evidence-sensitive; retained in place
outputs/research_model_protocol_v1_1/development_smoke/resolved_config.json,PINNED_REFERENCE,reachable or evidence-sensitive; retained in place
outputs/research_model_protocol_v1_1/development_smoke/resource_summary.csv,PINNED_REFERENCE,reachable or evidence-sensitive; retained in place
outputs/research_model_protocol_v1_1/development_smoke/sample_eligibility_receipt.csv,PINNED_REFERENCE,reachable or evidence-sensitive; retained in place
outputs/research_model_protocol_v1_1/development_smoke/split_input_manifest.csv,PINNED_REFERENCE,reachable or evidence-sensitive; retained in place
outputs/research_model_protocol_v1_1/development_smoke/superseded_artifacts.csv,PINNED_REFERENCE,reachable or evidence-sensitive; retained in place
outputs/research_model_protocol_v1_1/development_smoke/target_transform_manifest.json,PINNED_REFERENCE,reachable or evidence-sensitive; retained in place
outputs/research_model_protocol_v1_1/development_smoke/validation_transform_receipt.csv,PINNED_REFERENCE,reachable or evidence-sensitive; retained in place
outputs/research_selection_lineage_closure_v1/current/artifact_manifest.json,PINNED_REFERENCE,reachable or evidence-sensitive; retained in place
outputs/research_selection_lineage_closure_v1/current/business_payload_hashes.csv,PINNED_REFERENCE,reachable or evidence-sensitive; retained in place
outputs/research_selection_lineage_closure_v1/current/closure_report.md,PINNED_REFERENCE,reachable or evidence-sensitive; retained in place
outputs/research_selection_lineage_closure_v1/current/contract_status.csv,PINNED_REFERENCE,reachable or evidence-sensitive; retained in place
outputs/research_selection_lineage_closure_v1/current/date_assignments.csv,PINNED_REFERENCE,reachable or evidence-sensitive; retained in place
outputs/research_selection_lineage_closure_v1/current/factor_weights_by_split.csv,PINNED_REFERENCE,reachable or evidence-sensitive; retained in place
outputs/research_selection_lineage_closure_v1/current/legacy_evidence_inventory.csv,PINNED_REFERENCE,reachable or evidence-sensitive; retained in place
outputs/research_selection_lineage_closure_v1/current/mutation_contract_status.csv,PINNED_REFERENCE,reachable or evidence-sensitive; retained in place
outputs/research_selection_lineage_closure_v1/current/mutation_results.csv,PINNED_REFERENCE,reachable or evidence-sensitive; retained in place
outputs/research_selection_lineage_closure_v1/current/resolved_config.json,PINNED_REFERENCE,reachable or evidence-sensitive; retained in place
outputs/research_selection_lineage_closure_v1/current/split_allowlist_manifest.csv,PINNED_REFERENCE,reachable or evidence-sensitive; retained in place
outputs/research_selection_lineage_closure_v1/current/transparent_score_policy.json,PINNED_REFERENCE,reachable or evidence-sensitive; retained in place
outputs/research_selection_lineage_closure_v1/current/weight_manifest.csv,PINNED_REFERENCE,reachable or evidence-sensitive; retained in place
outputs/selection_input_projection_v1/full_research_669/artifact_manifest.json,PINNED_REFERENCE,reachable or evidence-sensitive; retained in place
outputs/selection_input_projection_v1/full_research_669/contract_status.csv,PINNED_REFERENCE,reachable or evidence-sensitive; retained in place
outputs/selection_input_projection_v1/full_research_669/input_receipts.csv,PINNED_REFERENCE,reachable or evidence-sensitive; retained in place
outputs/selection_input_projection_v1/full_research_669/projection_inventory.csv,PINNED_REFERENCE,reachable or evidence-sensitive; retained in place
outputs/selection_input_projection_v1/full_research_669/resolved_config.json,PINNED_REFERENCE,reachable or evidence-sensitive; retained in place
outputs/selection_input_projection_v1/full_research_669/selection_input_projection_report.md,PINNED_REFERENCE,reachable or evidence-sensitive; retained in place
outputs/selection_input_projection_v2/current/artifact_manifest.json,PINNED_REFERENCE,reachable or evidence-sensitive; retained in place
outputs/selection_input_projection_v2/current/contract_status.csv,PINNED_REFERENCE,reachable or evidence-sensitive; retained in place
outputs/selection_input_projection_v2/current/input_receipts.csv,PINNED_REFERENCE,reachable or evidence-sensitive; retained in place
outputs/selection_input_projection_v2/current/projection_inventory.csv,PINNED_REFERENCE,reachable or evidence-sensitive; retained in place
outputs/selection_input_projection_v2/current/resolved_config.json,PINNED_REFERENCE,reachable or evidence-sensitive; retained in place
outputs/selection_input_projection_v2/current/selection_input_projection_report.md,PINNED_REFERENCE,reachable or evidence-sensitive; retained in place
outputs/selection_mutation_contract_v1/canary/artifact_manifest.json,PINNED_REFERENCE,reachable or evidence-sensitive; retained in place
outputs/selection_mutation_contract_v1/canary/business_payload_hashes.csv,PINNED_REFERENCE,reachable or evidence-sensitive; retained in place
outputs/selection_mutation_contract_v1/canary/contract_status.csv,PINNED_REFERENCE,reachable or evidence-sensitive; retained in place
outputs/selection_mutation_contract_v1/canary/input_receipts.csv,PINNED_REFERENCE,reachable or evidence-sensitive; retained in place
outputs/selection_mutation_contract_v1/canary/mutation_contract_report.md,PINNED_REFERENCE,reachable or evidence-sensitive; retained in place
outputs/selection_mutation_contract_v1/canary/mutation_results.csv,PINNED_REFERENCE,reachable or evidence-sensitive; retained in place
outputs/selection_mutation_contract_v1/canary/resolved_config.json,PINNED_REFERENCE,reachable or evidence-sensitive; retained in place
outputs/selection_mutation_contract_v1/full_research_669/artifact_manifest.json,PINNED_REFERENCE,reachable or evidence-sensitive; retained in place
outputs/selection_mutation_contract_v1/full_research_669/business_payload_hashes.csv,PINNED_REFERENCE,reachable or evidence-sensitive; retained in place
outputs/selection_mutation_contract_v1/full_research_669/contract_status.csv,PINNED_REFERENCE,reachable or evidence-sensitive; retained in place
outputs/selection_mutation_contract_v1/full_research_669/input_receipts.csv,PINNED_REFERENCE,reachable or evidence-sensitive; retained in place
outputs/selection_mutation_contract_v1/full_research_669/mutation_contract_report.md,PINNED_REFERENCE,reachable or evidence-sensitive; retained in place
outputs/selection_mutation_contract_v1/full_research_669/mutation_results.csv,PINNED_REFERENCE,reachable or evidence-sensitive; retained in place
outputs/selection_mutation_contract_v1/full_research_669/resolved_config.json,PINNED_REFERENCE,reachable or evidence-sensitive; retained in place
outputs/selection_mutation_contract_v2/canary/artifact_manifest.json,PINNED_REFERENCE,reachable or evidence-sensitive; retained in place
outputs/selection_mutation_contract_v2/canary/business_payload_hashes.csv,PINNED_REFERENCE,reachable or evidence-sensitive; retained in place
outputs/selection_mutation_contract_v2/canary/contract_status.csv,PINNED_REFERENCE,reachable or evidence-sensitive; retained in place
outputs/selection_mutation_contract_v2/canary/input_receipts.csv,PINNED_REFERENCE,reachable or evidence-sensitive; retained in place
outputs/selection_mutation_contract_v2/canary/mutation_contract_report.md,PINNED_REFERENCE,reachable or evidence-sensitive; retained in place
outputs/selection_mutation_contract_v2/canary/mutation_results.csv,PINNED_REFERENCE,reachable or evidence-sensitive; retained in place
outputs/selection_mutation_contract_v2/canary/resolved_config.json,PINNED_REFERENCE,reachable or evidence-sensitive; retained in place
outputs/selection_mutation_contract_v2/current/artifact_manifest.json,PINNED_REFERENCE,reachable or evidence-sensitive; retained in place
outputs/selection_mutation_contract_v2/current/business_payload_hashes.csv,PINNED_REFERENCE,reachable or evidence-sensitive; retained in place
outputs/selection_mutation_contract_v2/current/contract_status.csv,PINNED_REFERENCE,reachable or evidence-sensitive; retained in place
outputs/selection_mutation_contract_v2/current/input_receipts.csv,PINNED_REFERENCE,reachable or evidence-sensitive; retained in place
outputs/selection_mutation_contract_v2/current/mutation_contract_report.md,PINNED_REFERENCE,reachable or evidence-sensitive; retained in place
outputs/selection_mutation_contract_v2/current/mutation_results.csv,PINNED_REFERENCE,reachable or evidence-sensitive; retained in place
outputs/selection_mutation_contract_v2/current/resolved_config.json,PINNED_REFERENCE,reachable or evidence-sensitive; retained in place
outputs/split_specific_allowlist_v1/full_research_669/artifact_manifest.json,PINNED_REFERENCE,reachable or evidence-sensitive; retained in place
outputs/split_specific_allowlist_v1/full_research_669/contract_status.csv,PINNED_REFERENCE,reachable or evidence-sensitive; retained in place
outputs/split_specific_allowlist_v1/full_research_669/input_receipts.csv,PINNED_REFERENCE,reachable or evidence-sensitive; retained in place
outputs/split_specific_allowlist_v1/full_research_669/resolved_config.json,PINNED_REFERENCE,reachable or evidence-sensitive; retained in place
outputs/split_specific_allowlist_v1/full_research_669/selection_date_audit.csv,PINNED_REFERENCE,reachable or evidence-sensitive; retained in place
outputs/split_specific_allowlist_v1/full_research_669/selection_status.csv,PINNED_REFERENCE,reachable or evidence-sensitive; retained in place
outputs/split_specific_allowlist_v1/full_research_669/split_allowlist.csv,PINNED_REFERENCE,reachable or evidence-sensitive; retained in place
outputs/split_specific_allowlist_v1/full_research_669/split_allowlist_manifest.csv,PINNED_REFERENCE,reachable or evidence-sensitive; retained in place
outputs/split_specific_allowlist_v1/full_research_669/split_allowlist_report.md,PINNED_REFERENCE,reachable or evidence-sensitive; retained in place
outputs/split_specific_allowlist_v1/full_research_669_canary/artifact_manifest.json,PINNED_REFERENCE,reachable or evidence-sensitive; retained in place
outputs/split_specific_allowlist_v1/full_research_669_canary/contract_status.csv,PINNED_REFERENCE,reachable or evidence-sensitive; retained in place
outputs/split_specific_allowlist_v1/full_research_669_canary/input_receipts.csv,PINNED_REFERENCE,reachable or evidence-sensitive; retained in place
outputs/split_specific_allowlist_v1/full_research_669_canary/resolved_config.json,PINNED_REFERENCE,reachable or evidence-sensitive; retained in place
outputs/split_specific_allowlist_v1/full_research_669_canary/selection_date_audit.csv,PINNED_REFERENCE,reachable or evidence-sensitive; retained in place
outputs/split_specific_allowlist_v1/full_research_669_canary/selection_status.csv,PINNED_REFERENCE,reachable or evidence-sensitive; retained in place
outputs/split_specific_allowlist_v1/full_research_669_canary/split_allowlist.csv,PINNED_REFERENCE,reachable or evidence-sensitive; retained in place
outputs/split_specific_allowlist_v1/full_research_669_canary/split_allowlist_manifest.csv,PINNED_REFERENCE,reachable or evidence-sensitive; retained in place
outputs/split_specific_allowlist_v1/full_research_669_canary/split_allowlist_report.md,PINNED_REFERENCE,reachable or evidence-sensitive; retained in place
outputs/split_specific_allowlist_v2/canary/artifact_manifest.json,PINNED_REFERENCE,reachable or evidence-sensitive; retained in place
outputs/split_specific_allowlist_v2/canary/contract_status.csv,PINNED_REFERENCE,reachable or evidence-sensitive; retained in place
outputs/split_specific_allowlist_v2/canary/input_receipts.csv,PINNED_REFERENCE,reachable or evidence-sensitive; retained in place
outputs/split_specific_allowlist_v2/canary/resolved_config.json,PINNED_REFERENCE,reachable or evidence-sensitive; retained in place
outputs/split_specific_allowlist_v2/canary/selection_date_audit.csv,PINNED_REFERENCE,reachable or evidence-sensitive; retained in place
outputs/split_specific_allowlist_v2/canary/selection_status.csv,PINNED_REFERENCE,reachable or evidence-sensitive; retained in place
outputs/split_specific_allowlist_v2/canary/split_allowlist.csv,PINNED_REFERENCE,reachable or evidence-sensitive; retained in place
outputs/split_specific_allowlist_v2/canary/split_allowlist_manifest.csv,PINNED_REFERENCE,reachable or evidence-sensitive; retained in place
outputs/split_specific_allowlist_v2/canary/split_allowlist_report.md,PINNED_REFERENCE,reachable or evidence-sensitive; retained in place
outputs/split_specific_allowlist_v2/current/artifact_manifest.json,PINNED_REFERENCE,reachable or evidence-sensitive; retained in place
outputs/split_specific_allowlist_v2/current/contract_status.csv,PINNED_REFERENCE,reachable or evidence-sensitive; retained in place
outputs/split_specific_allowlist_v2/current/input_receipts.csv,PINNED_REFERENCE,reachable or evidence-sensitive; retained in place
outputs/split_specific_allowlist_v2/current/resolved_config.json,PINNED_REFERENCE,reachable or evidence-sensitive; retained in place
outputs/split_specific_allowlist_v2/current/selection_date_audit.csv,PINNED_REFERENCE,reachable or evidence-sensitive; retained in place
outputs/split_specific_allowlist_v2/current/selection_status.csv,PINNED_REFERENCE,reachable or evidence-sensitive; retained in place
outputs/split_specific_allowlist_v2/current/split_allowlist.csv,PINNED_REFERENCE,reachable or evidence-sensitive; retained in place
outputs/split_specific_allowlist_v2/current/split_allowlist_manifest.csv,PINNED_REFERENCE,reachable or evidence-sensitive; retained in place
outputs/split_specific_allowlist_v2/current/split_allowlist_report.md,PINNED_REFERENCE,reachable or evidence-sensitive; retained in place
outputs/split_transparent_score_v1/canary_preflight/artifact_manifest.json,PINNED_REFERENCE,reachable or evidence-sensitive; retained in place
outputs/split_transparent_score_v1/canary_preflight/contract_status.csv,PINNED_REFERENCE,reachable or evidence-sensitive; retained in place
outputs/split_transparent_score_v1/canary_preflight/daily_factor_component_count.csv,PINNED_REFERENCE,reachable or evidence-sensitive; retained in place
outputs/split_transparent_score_v1/canary_preflight/factor_partition_inventory.csv,PINNED_REFERENCE,reachable or evidence-sensitive; retained in place
outputs/split_transparent_score_v1/canary_preflight/input_receipts.csv,PINNED_REFERENCE,reachable or evidence-sensitive; retained in place
outputs/split_transparent_score_v1/canary_preflight/resolved_config.json,PINNED_REFERENCE,reachable or evidence-sensitive; retained in place
outputs/split_transparent_score_v1/canary_preflight/score_artifact.csv,PINNED_REFERENCE,reachable or evidence-sensitive; retained in place
outputs/split_transparent_score_v1/canary_preflight/score_diagnostics.csv,PINNED_REFERENCE,reachable or evidence-sensitive; retained in place
outputs/split_transparent_score_v1/canary_preflight/score_report.md,PINNED_REFERENCE,reachable or evidence-sensitive; retained in place
outputs/split_transparent_score_v1/canary_preflight/score_sample.csv,PINNED_REFERENCE,reachable or evidence-sensitive; retained in place
outputs/split_transparent_score_v1/canary_preflight/test_release_index.csv,PINNED_REFERENCE,reachable or evidence-sensitive; retained in place
outputs/split_transparent_score_v1/full_research_669/artifact_manifest.json,PINNED_REFERENCE,reachable or evidence-sensitive; retained in place
outputs/split_transparent_score_v1/full_research_669/contract_status.csv,PINNED_REFERENCE,reachable or evidence-sensitive; retained in place
outputs/split_transparent_score_v1/full_research_669/daily_factor_component_count.csv,PINNED_REFERENCE,reachable or evidence-sensitive; retained in place
outputs/split_transparent_score_v1/full_research_669/factor_partition_inventory.csv,PINNED_REFERENCE,reachable or evidence-sensitive; retained in place
outputs/split_transparent_score_v1/full_research_669/input_receipts.csv,PINNED_REFERENCE,reachable or evidence-sensitive; retained in place
outputs/split_transparent_score_v1/full_research_669/resolved_config.json,PINNED_REFERENCE,reachable or evidence-sensitive; retained in place
outputs/split_transparent_score_v1/full_research_669/score_artifact.csv,PINNED_REFERENCE,reachable or evidence-sensitive; retained in place
outputs/split_transparent_score_v1/full_research_669/score_diagnostics.csv,PINNED_REFERENCE,reachable or evidence-sensitive; retained in place
outputs/split_transparent_score_v1/full_research_669/score_report.md,PINNED_REFERENCE,reachable or evidence-sensitive; retained in place
outputs/split_transparent_score_v1/full_research_669/score_sample.csv,PINNED_REFERENCE,reachable or evidence-sensitive; retained in place
outputs/split_transparent_score_v1/full_research_669/test_release_index.csv,PINNED_REFERENCE,reachable or evidence-sensitive; retained in place
outputs/split_transparent_score_v1/full_research_669/test_release_receipts/split_001.json,PINNED_REFERENCE,reachable or evidence-sensitive; retained in place
outputs/split_transparent_score_v1/full_research_669/test_release_receipts/split_002.json,PINNED_REFERENCE,reachable or evidence-sensitive; retained in place
outputs/split_transparent_score_v1/full_research_669/test_release_receipts/split_003.json,PINNED_REFERENCE,reachable or evidence-sensitive; retained in place
outputs/split_transparent_score_v2/canary/artifact_manifest.json,PINNED_REFERENCE,reachable or evidence-sensitive; retained in place
outputs/split_transparent_score_v2/canary/contract_status.csv,PINNED_REFERENCE,reachable or evidence-sensitive; retained in place
outputs/split_transparent_score_v2/canary/daily_factor_component_count.csv,PINNED_REFERENCE,reachable or evidence-sensitive; retained in place
outputs/split_transparent_score_v2/canary/factor_partition_inventory.csv,PINNED_REFERENCE,reachable or evidence-sensitive; retained in place
outputs/split_transparent_score_v2/canary/input_receipts.csv,PINNED_REFERENCE,reachable or evidence-sensitive; retained in place
outputs/split_transparent_score_v2/canary/resolved_config.json,PINNED_REFERENCE,reachable or evidence-sensitive; retained in place
outputs/split_transparent_score_v2/canary/score_artifact.csv,PINNED_REFERENCE,reachable or evidence-sensitive; retained in place
outputs/split_transparent_score_v2/canary/score_diagnostics.csv,PINNED_REFERENCE,reachable or evidence-sensitive; retained in place
outputs/split_transparent_score_v2/canary/score_report.md,PINNED_REFERENCE,reachable or evidence-sensitive; retained in place
outputs/split_transparent_score_v2/canary/score_sample.csv,PINNED_REFERENCE,reachable or evidence-sensitive; retained in place
outputs/split_transparent_score_v2/current/artifact_manifest.json,PINNED_REFERENCE,reachable or evidence-sensitive; retained in place
outputs/split_transparent_score_v2/current/contract_status.csv,PINNED_REFERENCE,reachable or evidence-sensitive; retained in place
outputs/split_transparent_score_v2/current/daily_factor_component_count.csv,PINNED_REFERENCE,reachable or evidence-sensitive; retained in place
outputs/split_transparent_score_v2/current/factor_partition_inventory.csv,PINNED_REFERENCE,reachable or evidence-sensitive; retained in place
outputs/split_transparent_score_v2/current/input_receipts.csv,PINNED_REFERENCE,reachable or evidence-sensitive; retained in place
outputs/split_transparent_score_v2/current/resolved_config.json,PINNED_REFERENCE,reachable or evidence-sensitive; retained in place
outputs/split_transparent_score_v2/current/score_artifact.csv,PINNED_REFERENCE,reachable or evidence-sensitive; retained in place
outputs/split_transparent_score_v2/current/score_diagnostics.csv,PINNED_REFERENCE,reachable or evidence-sensitive; retained in place
outputs/split_transparent_score_v2/current/score_report.md,PINNED_REFERENCE,reachable or evidence-sensitive; retained in place
outputs/split_transparent_score_v2/current/score_sample.csv,PINNED_REFERENCE,reachable or evidence-sensitive; retained in place
outputs/split_transparent_weights_v1/canary/artifact_manifest.json,PINNED_REFERENCE,reachable or evidence-sensitive; retained in place
outputs/split_transparent_weights_v1/canary/contract_status.csv,PINNED_REFERENCE,reachable or evidence-sensitive; retained in place
outputs/split_transparent_weights_v1/canary/factor_weights_by_split.csv,PINNED_REFERENCE,reachable or evidence-sensitive; retained in place
outputs/split_transparent_weights_v1/canary/input_receipts.csv,PINNED_REFERENCE,reachable or evidence-sensitive; retained in place
outputs/split_transparent_weights_v1/canary/resolved_config.json,PINNED_REFERENCE,reachable or evidence-sensitive; retained in place
outputs/split_transparent_weights_v1/canary/transparent_weights_report.md,PINNED_REFERENCE,reachable or evidence-sensitive; retained in place
outputs/split_transparent_weights_v1/canary/weight_manifest.csv,PINNED_REFERENCE,reachable or evidence-sensitive; retained in place
outputs/split_transparent_weights_v1/full_research_669/artifact_manifest.json,PINNED_REFERENCE,reachable or evidence-sensitive; retained in place
outputs/split_transparent_weights_v1/full_research_669/contract_status.csv,PINNED_REFERENCE,reachable or evidence-sensitive; retained in place
outputs/split_transparent_weights_v1/full_research_669/factor_weights_by_split.csv,PINNED_REFERENCE,reachable or evidence-sensitive; retained in place
outputs/split_transparent_weights_v1/full_research_669/input_receipts.csv,PINNED_REFERENCE,reachable or evidence-sensitive; retained in place
outputs/split_transparent_weights_v1/full_research_669/resolved_config.json,PINNED_REFERENCE,reachable or evidence-sensitive; retained in place
outputs/split_transparent_weights_v1/full_research_669/transparent_weights_report.md,PINNED_REFERENCE,reachable or evidence-sensitive; retained in place
outputs/split_transparent_weights_v1/full_research_669/weight_manifest.csv,PINNED_REFERENCE,reachable or evidence-sensitive; retained in place
outputs/split_transparent_weights_v2/canary/artifact_manifest.json,PINNED_REFERENCE,reachable or evidence-sensitive; retained in place
outputs/split_transparent_weights_v2/canary/contract_status.csv,PINNED_REFERENCE,reachable or evidence-sensitive; retained in place
outputs/split_transparent_weights_v2/canary/factor_weights_by_split.csv,PINNED_REFERENCE,reachable or evidence-sensitive; retained in place
outputs/split_transparent_weights_v2/canary/input_receipts.csv,PINNED_REFERENCE,reachable or evidence-sensitive; retained in place
outputs/split_transparent_weights_v2/canary/resolved_config.json,PINNED_REFERENCE,reachable or evidence-sensitive; retained in place
outputs/split_transparent_weights_v2/canary/transparent_weights_report.md,PINNED_REFERENCE,reachable or evidence-sensitive; retained in place
outputs/split_transparent_weights_v2/canary/weight_manifest.csv,PINNED_REFERENCE,reachable or evidence-sensitive; retained in place
outputs/split_transparent_weights_v2/current/artifact_manifest.json,PINNED_REFERENCE,reachable or evidence-sensitive; retained in place
outputs/split_transparent_weights_v2/current/contract_status.csv,PINNED_REFERENCE,reachable or evidence-sensitive; retained in place
outputs/split_transparent_weights_v2/current/factor_weights_by_split.csv,PINNED_REFERENCE,reachable or evidence-sensitive; retained in place
outputs/split_transparent_weights_v2/current/input_receipts.csv,PINNED_REFERENCE,reachable or evidence-sensitive; retained in place
outputs/split_transparent_weights_v2/current/resolved_config.json,PINNED_REFERENCE,reachable or evidence-sensitive; retained in place
outputs/split_transparent_weights_v2/current/transparent_weights_report.md,PINNED_REFERENCE,reachable or evidence-sensitive; retained in place
outputs/split_transparent_weights_v2/current/weight_manifest.csv,PINNED_REFERENCE,reachable or evidence-sensitive; retained in place
outputs/ta_factor_adapter_v1/smoke/ta_adapter_manifest.json,PINNED_REFERENCE,reachable or evidence-sensitive; retained in place
outputs/ta_factor_adapter_v1/smoke/ta_adapter_report.md,PINNED_REFERENCE,reachable or evidence-sensitive; retained in place
outputs/ta_factor_adapter_v1/smoke/ta_factor_batch_catalog_audit.csv,PINNED_REFERENCE,reachable or evidence-sensitive; retained in place
outputs/ta_factor_adapter_v1/smoke/ta_factor_batch_catalog_report.md,PINNED_REFERENCE,reachable or evidence-sensitive; retained in place
outputs/ta_factor_adapter_v1/smoke/ta_factor_batch_promotion_audit.csv,PINNED_REFERENCE,reachable or evidence-sensitive; retained in place
outputs/ta_factor_adapter_v1/smoke/ta_factor_batch_promotion_report.md,PINNED_REFERENCE,reachable or evidence-sensitive; retained in place
outputs/ta_factor_adapter_v1/smoke/ta_factor_catalog_batch_passed72.yaml,PINNED_REFERENCE,reachable or evidence-sensitive; retained in place
outputs/ta_factor_adapter_v1/smoke/ta_factor_catalog_combined79.yaml,PINNED_REFERENCE,reachable or evidence-sensitive; retained in place
outputs/ta_factor_adapter_v1/smoke/ta_factor_catalog_holdout2.yaml,PINNED_REFERENCE,reachable or evidence-sensitive; retained in place
outputs/ta_factor_adapter_v1/smoke/ta_factor_catalog_promoted77.yaml,PINNED_REFERENCE,reachable or evidence-sensitive; retained in place
outputs/ta_factor_adapter_v1/smoke/ta_factor_catalog_remaining74.yaml,PINNED_REFERENCE,reachable or evidence-sensitive; retained in place
outputs/ta_factor_adapter_v1/smoke/ta_factor_catalog_smoke.yaml,PINNED_REFERENCE,reachable or evidence-sensitive; retained in place
outputs/ta_factor_adapter_v1/smoke/ta_factor_catalog_smoke_passed.yaml,PINNED_REFERENCE,reachable or evidence-sensitive; retained in place
outputs/ta_factor_adapter_v1/smoke/ta_factor_frame_sample.csv,PINNED_REFERENCE,reachable or evidence-sensitive; retained in place
outputs/ta_factor_adapter_v1/smoke/ta_factor_frame_summary.csv,PINNED_REFERENCE,reachable or evidence-sensitive; retained in place
outputs/ta_factor_adapter_v1/smoke/ta_factor_inventory.csv,PINNED_REFERENCE,reachable or evidence-sensitive; retained in place
outputs/ta_factor_adapter_v1/smoke/ta_factor_smoke_promotion_audit.csv,PINNED_REFERENCE,reachable or evidence-sensitive; retained in place
outputs/ta_factor_adapter_v1/smoke/ta_factor_smoke_promotion_report.md,PINNED_REFERENCE,reachable or evidence-sensitive; retained in place
outputs/ta_factor_adapter_v1/smoke/ta_selected_smoke_factors.csv,PINNED_REFERENCE,reachable or evidence-sensitive; retained in place
outputs/tradability/all_stock_shsz_liquid2000_2021-01-01_2023-12-29/date_coverage.csv,PINNED_REFERENCE,reachable or evidence-sensitive; retained in place
outputs/tradability/all_stock_shsz_liquid2000_2021-01-01_2023-12-29/instrument_scores.csv,PINNED_REFERENCE,reachable or evidence-sensitive; retained in place
outputs/tradability/all_stock_shsz_liquid2000_2021-01-01_2023-12-29/reason_counts.csv,PINNED_REFERENCE,reachable or evidence-sensitive; retained in place
outputs/tradability/all_stock_shsz_liquid2000_2021-01-01_2023-12-29/resolved_config.yaml,PINNED_REFERENCE,reachable or evidence-sensitive; retained in place
outputs/tradability/all_stock_shsz_liquid2000_2021-01-01_2023-12-29/summary.csv,PINNED_REFERENCE,reachable or evidence-sensitive; retained in place
outputs/tradability/all_stock_shsz_liquid2000_2021-01-01_2023-12-29/tradability_report.md,PINNED_REFERENCE,reachable or evidence-sensitive; retained in place
outputs/tradability/all_stock_shsz_liquid2000_2024-01-01_2026-06-09/date_coverage.csv,PINNED_REFERENCE,reachable or evidence-sensitive; retained in place
outputs/tradability/all_stock_shsz_liquid2000_2024-01-01_2026-06-09/instrument_scores.csv,PINNED_REFERENCE,reachable or evidence-sensitive; retained in place
outputs/tradability/all_stock_shsz_liquid2000_2024-01-01_2026-06-09/reason_counts.csv,PINNED_REFERENCE,reachable or evidence-sensitive; retained in place
outputs/tradability/all_stock_shsz_liquid2000_2024-01-01_2026-06-09/resolved_config.yaml,PINNED_REFERENCE,reachable or evidence-sensitive; retained in place
outputs/tradability/all_stock_shsz_liquid2000_2024-01-01_2026-06-09/summary.csv,PINNED_REFERENCE,reachable or evidence-sensitive; retained in place
outputs/tradability/all_stock_shsz_liquid2000_2024-01-01_2026-06-09/tradability_report.md,PINNED_REFERENCE,reachable or evidence-sensitive; retained in place
outputs/tradability_exposure_attribution_v1/current/tradability_exposure_action_summary.csv,PINNED_REFERENCE,reachable or evidence-sensitive; retained in place
outputs/tradability_exposure_attribution_v1/current/tradability_exposure_attribution_board.csv,PINNED_REFERENCE,reachable or evidence-sensitive; retained in place
outputs/tradability_exposure_attribution_v1/current/tradability_exposure_attribution_report.md,PINNED_REFERENCE,reachable or evidence-sensitive; retained in place
outputs/tradability_exposure_attribution_v1/current/tradability_exposure_contract_status.csv,PINNED_REFERENCE,reachable or evidence-sensitive; retained in place
outputs/tradability_exposure_attribution_v1/current/tradability_exposure_source_summary.csv,PINNED_REFERENCE,reachable or evidence-sensitive; retained in place
outputs/transparent_score_policy_v1/canary/artifact_manifest.json,PINNED_REFERENCE,reachable or evidence-sensitive; retained in place
outputs/transparent_score_policy_v1/canary/component_audit_inventory.csv,PINNED_REFERENCE,reachable or evidence-sensitive; retained in place
outputs/transparent_score_policy_v1/canary/component_completeness_summary.csv,PINNED_REFERENCE,reachable or evidence-sensitive; retained in place
outputs/transparent_score_policy_v1/canary/contract_status.csv,PINNED_REFERENCE,reachable or evidence-sensitive; retained in place
outputs/transparent_score_policy_v1/canary/daily_component_summary.csv,PINNED_REFERENCE,reachable or evidence-sensitive; retained in place
outputs/transparent_score_policy_v1/canary/input_receipts.csv,PINNED_REFERENCE,reachable or evidence-sensitive; retained in place
outputs/transparent_score_policy_v1/canary/missing_component_frequency.csv,PINNED_REFERENCE,reachable or evidence-sensitive; retained in place
outputs/transparent_score_policy_v1/canary/resolved_config.json,PINNED_REFERENCE,reachable or evidence-sensitive; retained in place
outputs/transparent_score_policy_v1/canary/score_policy_report.md,PINNED_REFERENCE,reachable or evidence-sensitive; retained in place
outputs/transparent_score_policy_v1/canary/transparent_score_policy.json,PINNED_REFERENCE,reachable or evidence-sensitive; retained in place
outputs/transparent_score_policy_v1/current/artifact_manifest.json,PINNED_REFERENCE,reachable or evidence-sensitive; retained in place
outputs/transparent_score_policy_v1/current/component_audit_inventory.csv,PINNED_REFERENCE,reachable or evidence-sensitive; retained in place
outputs/transparent_score_policy_v1/current/component_completeness_summary.csv,PINNED_REFERENCE,reachable or evidence-sensitive; retained in place
outputs/transparent_score_policy_v1/current/contract_status.csv,PINNED_REFERENCE,reachable or evidence-sensitive; retained in place
outputs/transparent_score_policy_v1/current/daily_component_summary.csv,PINNED_REFERENCE,reachable or evidence-sensitive; retained in place
outputs/transparent_score_policy_v1/current/input_receipts.csv,PINNED_REFERENCE,reachable or evidence-sensitive; retained in place
outputs/transparent_score_policy_v1/current/missing_component_frequency.csv,PINNED_REFERENCE,reachable or evidence-sensitive; retained in place
outputs/transparent_score_policy_v1/current/resolved_config.json,PINNED_REFERENCE,reachable or evidence-sensitive; retained in place
outputs/transparent_score_policy_v1/current/score_policy_report.md,PINNED_REFERENCE,reachable or evidence-sensitive; retained in place
outputs/transparent_score_policy_v1/current/transparent_score_policy.json,PINNED_REFERENCE,reachable or evidence-sensitive; retained in place
outputs/universes/community_20260609/all_shsz.txt,PINNED_REFERENCE,reachable or evidence-sensitive; retained in place
outputs/universes/community_20260609/all_stock_shsz.txt,PINNED_REFERENCE,reachable or evidence-sensitive; retained in place
outputs/universes/community_20260609/all_stock_shsz_liquid2000.txt,PINNED_REFERENCE,reachable or evidence-sensitive; retained in place
portfolio/__init__.py,PINNED_REFERENCE,reachable or evidence-sensitive; retained in place
portfolio/capacity.py,PINNED_REFERENCE,reachable or evidence-sensitive; retained in place
portfolio/cost_model.py,PINNED_REFERENCE,reachable or evidence-sensitive; retained in place
portfolio/execution_assumptions.py,PINNED_REFERENCE,reachable or evidence-sensitive; retained in place
portfolio/execution_engine.py,PINNED_REFERENCE,reachable or evidence-sensitive; retained in place
portfolio/final_diagnostics.py,PINNED_REFERENCE,reachable or evidence-sensitive; retained in place
portfolio/model_comparison.py,PINNED_REFERENCE,reachable or evidence-sensitive; retained in place
portfolio/portfolio_constraints.py,PINNED_REFERENCE,reachable or evidence-sensitive; retained in place
portfolio/score_construction.py,PINNED_REFERENCE,reachable or evidence-sensitive; retained in place
pyproject.toml,PINNED_REFERENCE,reachable or evidence-sensitive; retained in place
pytest.ini,PINNED_REFERENCE,reachable or evidence-sensitive; retained in place
qlib_baseline/__init__.py,PINNED_REFERENCE,reachable or evidence-sensitive; retained in place
qlib_baseline/cache.py,PINNED_REFERENCE,reachable or evidence-sensitive; retained in place
qlib_baseline/cli/__init__.py,PINNED_REFERENCE,reachable or evidence-sensitive; retained in place
qlib_baseline/cli/daily_update.py,PINNED_REFERENCE,reachable or evidence-sensitive; retained in place
qlib_baseline/cli/doctor.py,PINNED_REFERENCE,reachable or evidence-sensitive; retained in place
qlib_baseline/cli/forward_label_update.py,PINNED_REFERENCE,reachable or evidence-sensitive; retained in place
qlib_baseline/cli/forward_predict.py,PINNED_REFERENCE,reachable or evidence-sensitive; retained in place
qlib_baseline/cli/forward_status.py,PINNED_REFERENCE,reachable or evidence-sensitive; retained in place
qlib_baseline/cli/paper_portfolio.py,PINNED_REFERENCE,reachable or evidence-sensitive; retained in place
qlib_baseline/io.py,PINNED_REFERENCE,reachable or evidence-sensitive; retained in place
qlib_baseline/settings.py,PINNED_REFERENCE,reachable or evidence-sensitive; retained in place
qlib_integration/__init__.py,PINNED_REFERENCE,reachable or evidence-sensitive; retained in place
qlib_integration/contracts.py,PINNED_REFERENCE,reachable or evidence-sensitive; retained in place
qlib_integration/environment.py,PINNED_REFERENCE,reachable or evidence-sensitive; retained in place
qlib_integration/exchange_adapter.py,PINNED_REFERENCE,reachable or evidence-sensitive; retained in place
qlib_integration/executor_adapter.py,PINNED_REFERENCE,reachable or evidence-sensitive; retained in place
qlib_integration/historical_portfolio_backtest.py,PINNED_REFERENCE,reachable or evidence-sensitive; retained in place
qlib_integration/instrument_state_evidence.py,PINNED_REFERENCE,reachable or evidence-sensitive; retained in place
qlib_integration/market_semantics.py,PINNED_REFERENCE,reachable or evidence-sensitive; retained in place
qlib_integration/readiness.py,PINNED_REFERENCE,reachable or evidence-sensitive; retained in place
qlib_integration/reconciliation.py,PINNED_REFERENCE,reachable or evidence-sensitive; retained in place
qlib_integration/reference_data.py,PINNED_REFERENCE,reachable or evidence-sensitive; retained in place
qlib_integration/reference_engine.py,PINNED_REFERENCE,reachable or evidence-sensitive; retained in place
qlib_integration/result_normalizer.py,PINNED_REFERENCE,reachable or evidence-sensitive; retained in place
qlib_integration/runner.py,PINNED_REFERENCE,reachable or evidence-sensitive; retained in place
qlib_integration/signal_adapter.py,PINNED_REFERENCE,reachable or evidence-sensitive; retained in place
qlib_integration/strategy_adapter.py,PINNED_REFERENCE,reachable or evidence-sensitive; retained in place
qlib_integration/synthetic.py,PINNED_REFERENCE,reachable or evidence-sensitive; retained in place
README.md,PINNED_REFERENCE,reachable or evidence-sensitive; retained in place
README.zh-CN.md,PINNED_REFERENCE,reachable or evidence-sensitive; retained in place
reports/canonical_historical_dataset_assembly_v1/alpha101_prefix_stability.csv,PINNED_REFERENCE,reachable or evidence-sensitive; retained in place
reports/canonical_historical_dataset_assembly_v1/boundary_factor_missingness.csv,PINNED_REFERENCE,reachable or evidence-sensitive; retained in place
reports/canonical_historical_dataset_assembly_v1/boundary_jump_analysis.csv,PINNED_REFERENCE,reachable or evidence-sensitive; retained in place
reports/canonical_historical_dataset_assembly_v1/causal_kama_state_validation.csv,PINNED_REFERENCE,reachable or evidence-sensitive; retained in place
reports/canonical_historical_dataset_assembly_v1/continuation_parent_difference.csv,PINNED_REFERENCE,reachable or evidence-sensitive; retained in place
reports/canonical_historical_dataset_assembly_v1/continuation_pit_checks.csv,PINNED_REFERENCE,reachable or evidence-sensitive; retained in place
reports/canonical_historical_dataset_assembly_v1/continuation_universe_checks.csv,PINNED_REFERENCE,reachable or evidence-sensitive; retained in place
reports/canonical_historical_dataset_assembly_v1/factor_family_frontiers.csv,PINNED_REFERENCE,reachable or evidence-sensitive; retained in place
reports/canonical_historical_dataset_assembly_v1/factor_semantic_continuity.csv,PINNED_REFERENCE,reachable or evidence-sensitive; retained in place
reports/canonical_historical_dataset_assembly_v1/known_accepted_residuals.csv,PINNED_REFERENCE,reachable or evidence-sensitive; retained in place
reports/canonical_historical_dataset_assembly_v1/old_artifact_integrity.csv,PINNED_REFERENCE,reachable or evidence-sensitive; retained in place
reports/canonical_historical_dataset_assembly_v1/partition_segment_validation.csv,PINNED_REFERENCE,reachable or evidence-sensitive; retained in place
reports/canonical_historical_dataset_assembly_v1/REPORT.md,PINNED_REFERENCE,reachable or evidence-sensitive; retained in place
reports/canonical_historical_dataset_assembly_v1/timeline_key_continuity.csv,PINNED_REFERENCE,reachable or evidence-sensitive; retained in place
reports/documentation_cleanup_v1/REPORT.md,PINNED_REFERENCE,reachable or evidence-sensitive; retained in place
reports/economic_multi_factor_research_v1/complementarity_diagnostics.csv,PINNED_REFERENCE,reachable or evidence-sensitive; retained in place
reports/economic_multi_factor_research_v1/daily_rank_ic.csv,PINNED_REFERENCE,reachable or evidence-sensitive; retained in place
reports/economic_multi_factor_research_v1/economic_map.csv,PINNED_REFERENCE,reachable or evidence-sensitive; retained in place
reports/economic_multi_factor_research_v1/effective_sleeve_membership.csv,PINNED_REFERENCE,reachable or evidence-sensitive; retained in place
reports/economic_multi_factor_research_v1/literature_evidence_map.csv,PINNED_REFERENCE,reachable or evidence-sensitive; retained in place
reports/economic_multi_factor_research_v1/manifest.json,PINNED_REFERENCE,reachable or evidence-sensitive; retained in place
reports/economic_multi_factor_research_v1/REPORT.md,PINNED_REFERENCE,reachable or evidence-sensitive; retained in place
reports/economic_multi_factor_research_v1/score_correlation.csv,PINNED_REFERENCE,reachable or evidence-sensitive; retained in place
reports/economic_multi_factor_research_v1/sleeve_diagnostics.csv,PINNED_REFERENCE,reachable or evidence-sensitive; retained in place
reports/economic_multi_factor_research_v1/split_local_eligibility.csv,PINNED_REFERENCE,reachable or evidence-sensitive; retained in place
reports/economic_multi_factor_research_v1/transaction_cost_diagnostics.csv,PINNED_REFERENCE,reachable or evidence-sensitive; retained in place
reports/extended_matrix_overlap_lineage_resolution_v1/causal_kama_state_validation.csv,PINNED_REFERENCE,reachable or evidence-sensitive; retained in place
reports/extended_matrix_overlap_lineage_resolution_v1/factor_lineage_decisions.csv,PINNED_REFERENCE,reachable or evidence-sensitive; retained in place
reports/extended_matrix_overlap_lineage_resolution_v1/fundamental_statement_window_evidence.csv,PINNED_REFERENCE,reachable or evidence-sensitive; retained in place
reports/extended_matrix_overlap_lineage_resolution_v1/matrix_overlap_validation.csv,PINNED_REFERENCE,reachable or evidence-sensitive; retained in place
reports/extended_matrix_overlap_lineage_resolution_v1/parent_correction_validation.csv,PINNED_REFERENCE,reachable or evidence-sensitive; retained in place
reports/extended_matrix_overlap_lineage_resolution_v1/REPORT.md,PINNED_REFERENCE,reachable or evidence-sensitive; retained in place
reports/extended_matrix_overlap_lineage_resolution_v1/root_cause_summary.csv,PINNED_REFERENCE,reachable or evidence-sensitive; retained in place
reports/factor_universe_v2/contract_status.csv,PINNED_REFERENCE,reachable or evidence-sensitive; retained in place
reports/factor_universe_v2/data_capability_v2.csv,PINNED_REFERENCE,reachable or evidence-sensitive; retained in place
reports/factor_universe_v2/data_source_decisions.csv,PINNED_REFERENCE,reachable or evidence-sensitive; retained in place
reports/factor_universe_v2/duplicate_equivalence_audit.csv,PINNED_REFERENCE,reachable or evidence-sensitive; retained in place
reports/factor_universe_v2/economic_taxonomy.csv,PINNED_REFERENCE,reachable or evidence-sensitive; retained in place
reports/factor_universe_v2/external_factor_inventory.csv,PINNED_REFERENCE,reachable or evidence-sensitive; retained in place
reports/factor_universe_v2/factor_expansion_candidates.csv,PINNED_REFERENCE,reachable or evidence-sensitive; retained in place
reports/factor_universe_v2/factor_recovery_inventory.csv,PINNED_REFERENCE,reachable or evidence-sensitive; retained in place
reports/factor_universe_v2/historical_missing_factor_audit.csv,PINNED_REFERENCE,reachable or evidence-sensitive; retained in place
reports/factor_universe_v2/limitations.json,PINNED_REFERENCE,reachable or evidence-sensitive; retained in place
reports/factor_universe_v2/pit_audit.csv,PINNED_REFERENCE,reachable or evidence-sensitive; retained in place
reports/factor_universe_v2/REPORT.md,PINNED_REFERENCE,reachable or evidence-sensitive; retained in place
reports/factor_universe_v2/resource_estimate.csv,PINNED_REFERENCE,reachable or evidence-sensitive; retained in place
reports/factor_universe_v2/tushare_probe_receipt.csv,PINNED_REFERENCE,reachable or evidence-sensitive; retained in place
reports/factor_universe_v2_matrix_readiness/.gitignore,PINNED_REFERENCE,reachable or evidence-sensitive; retained in place
reports/factor_universe_v2_matrix_readiness/adapter_issues.csv,PINNED_REFERENCE,reachable or evidence-sensitive; retained in place
reports/factor_universe_v2_matrix_readiness/canary_adapter_issues.csv,PINNED_REFERENCE,reachable or evidence-sensitive; retained in place
reports/factor_universe_v2_matrix_readiness/canary_bootstrap_timing.csv,PINNED_REFERENCE,reachable or evidence-sensitive; retained in place
reports/factor_universe_v2_matrix_readiness/canary_daily_bootstrap_receipts.csv,PINNED_REFERENCE,reachable or evidence-sensitive; retained in place
reports/factor_universe_v2_matrix_readiness/canary_factor_coverage.csv,PINNED_REFERENCE,reachable or evidence-sensitive; retained in place
reports/factor_universe_v2_matrix_readiness/canary_fina_indicator_crosscheck.csv,PINNED_REFERENCE,reachable or evidence-sensitive; retained in place
reports/factor_universe_v2_matrix_readiness/canary_materialization_timing.csv,PINNED_REFERENCE,reachable or evidence-sensitive; retained in place
reports/factor_universe_v2_matrix_readiness/canary_revision_audit.csv,PINNED_REFERENCE,reachable or evidence-sensitive; retained in place
reports/factor_universe_v2_matrix_readiness/canary_statement_bootstrap_receipts.csv,PINNED_REFERENCE,reachable or evidence-sensitive; retained in place
reports/factor_universe_v2_matrix_readiness/canary_unit_sanity.csv,PINNED_REFERENCE,reachable or evidence-sensitive; retained in place
reports/factor_universe_v2_matrix_readiness/canonical_legacy_comparison.csv,PINNED_REFERENCE,reachable or evidence-sensitive; retained in place
reports/factor_universe_v2_matrix_readiness/factor_coverage.csv,PINNED_REFERENCE,reachable or evidence-sensitive; retained in place
reports/factor_universe_v2_matrix_readiness/factor_month_coverage.csv,PINNED_REFERENCE,reachable or evidence-sensitive; retained in place
reports/factor_universe_v2_matrix_readiness/factor_split_coverage.csv,PINNED_REFERENCE,reachable or evidence-sensitive; retained in place
reports/factor_universe_v2_matrix_readiness/family_coverage.csv,PINNED_REFERENCE,reachable or evidence-sensitive; retained in place
reports/factor_universe_v2_matrix_readiness/fina_indicator_crosscheck.csv,PINNED_REFERENCE,reachable or evidence-sensitive; retained in place
reports/factor_universe_v2_matrix_readiness/full_bootstrap_timing.csv,PINNED_REFERENCE,reachable or evidence-sensitive; retained in place
reports/factor_universe_v2_matrix_readiness/full_daily_bootstrap_receipts.csv,PINNED_REFERENCE,reachable or evidence-sensitive; retained in place
reports/factor_universe_v2_matrix_readiness/full_statement_bootstrap_receipts.csv,PINNED_REFERENCE,reachable or evidence-sensitive; retained in place
reports/factor_universe_v2_matrix_readiness/instrument_family_coverage.csv,PINNED_REFERENCE,reachable or evidence-sensitive; retained in place
reports/factor_universe_v2_matrix_readiness/raw_source_coverage.csv,PINNED_REFERENCE,reachable or evidence-sensitive; retained in place
reports/factor_universe_v2_matrix_readiness/REPORT.md,PINNED_REFERENCE,reachable or evidence-sensitive; retained in place
reports/factor_universe_v2_matrix_readiness/resource_timing.csv,PINNED_REFERENCE,reachable or evidence-sensitive; retained in place
reports/factor_universe_v2_matrix_readiness/revision_examples.csv,PINNED_REFERENCE,reachable or evidence-sensitive; retained in place
reports/factor_universe_v2_matrix_readiness/revision_summary.csv,PINNED_REFERENCE,reachable or evidence-sensitive; retained in place
reports/factor_universe_v2_matrix_readiness/source_coverage.csv,PINNED_REFERENCE,reachable or evidence-sensitive; retained in place
reports/factor_universe_v2_matrix_readiness/unit_sanity.csv,PINNED_REFERENCE,reachable or evidence-sensitive; retained in place
reports/historical_data_authority_resolution_v1/baostock_lifecycle_receipts.csv,PINNED_REFERENCE,reachable or evidence-sensitive; retained in place
reports/historical_data_authority_resolution_v1/lifecycle_authority_summary.csv,PINNED_REFERENCE,reachable or evidence-sensitive; retained in place
reports/historical_data_authority_resolution_v1/lifecycle_reconciliation.csv,PINNED_REFERENCE,reachable or evidence-sensitive; retained in place
reports/historical_data_authority_resolution_v1/manifest.json,PINNED_REFERENCE,reachable or evidence-sensitive; retained in place
reports/historical_data_authority_resolution_v1/network_receipts.csv,PINNED_REFERENCE,reachable or evidence-sensitive; retained in place
reports/historical_data_authority_resolution_v1/probe_complete.json,PINNED_REFERENCE,reachable or evidence-sensitive; retained in place
reports/historical_data_authority_resolution_v1/qualification_decision.csv,PINNED_REFERENCE,reachable or evidence-sensitive; retained in place
reports/historical_data_authority_resolution_v1/raw/market_presence.parquet,PINNED_REFERENCE,reachable or evidence-sensitive; retained in place
reports/historical_data_authority_resolution_v1/raw/namechange.parquet,PINNED_REFERENCE,reachable or evidence-sensitive; retained in place
reports/historical_data_authority_resolution_v1/raw/statement_rows.parquet,PINNED_REFERENCE,reachable or evidence-sensitive; retained in place
reports/historical_data_authority_resolution_v1/raw/stock_basic.parquet,PINNED_REFERENCE,reachable or evidence-sensitive; retained in place
reports/historical_data_authority_resolution_v1/recomputed_frontiers.csv,PINNED_REFERENCE,reachable or evidence-sensitive; retained in place
reports/historical_data_authority_resolution_v1/REPORT.md,PINNED_REFERENCE,reachable or evidence-sensitive; retained in place
reports/historical_data_authority_resolution_v1/statement_completeness_detail.csv,PINNED_REFERENCE,reachable or evidence-sensitive; retained in place
reports/historical_data_authority_resolution_v1/statement_completeness_summary.csv,PINNED_REFERENCE,reachable or evidence-sensitive; retained in place
reports/historical_data_authority_resolution_v1/statement_key_set_comparison.csv,PINNED_REFERENCE,reachable or evidence-sensitive; retained in place
reports/historical_data_authority_resolution_v1/statement_retrieval_receipts.csv,PINNED_REFERENCE,reachable or evidence-sensitive; retained in place
reports/historical_data_engineering_extension_v1/annual_matrix_summary.csv,PINNED_REFERENCE,reachable or evidence-sensitive; retained in place
reports/historical_data_engineering_extension_v1/factor_family_frontiers.csv,PINNED_REFERENCE,reachable or evidence-sensitive; retained in place
reports/historical_data_engineering_extension_v1/historical_dataset_hypotheses.csv,PINNED_REFERENCE,reachable or evidence-sensitive; retained in place
reports/historical_data_engineering_extension_v1/matrix_overlap_validation.csv,PINNED_REFERENCE,reachable or evidence-sensitive; retained in place
reports/historical_data_engineering_extension_v1/overlap_lineage_summary.csv,PINNED_REFERENCE,reachable or evidence-sensitive; retained in place
reports/historical_data_engineering_extension_v1/practical_market_coverage.csv,PINNED_REFERENCE,reachable or evidence-sensitive; retained in place
reports/historical_data_engineering_extension_v1/practical_pit_leakage_checks.csv,PINNED_REFERENCE,reachable or evidence-sensitive; retained in place
reports/historical_data_engineering_extension_v1/remaining_data_gaps.csv,PINNED_REFERENCE,reachable or evidence-sensitive; retained in place
reports/historical_data_engineering_extension_v1/REPORT.md,PINNED_REFERENCE,reachable or evidence-sensitive; retained in place
reports/historical_data_engineering_extension_v1/source_lineage.csv,PINNED_REFERENCE,reachable or evidence-sensitive; retained in place
reports/historical_data_engineering_extension_v1/stateful_boundary_validation.csv,PINNED_REFERENCE,reachable or evidence-sensitive; retained in place
reports/historical_data_engineering_extension_v1/statement_bootstrap_receipts.csv,PINNED_REFERENCE,reachable or evidence-sensitive; retained in place
reports/historical_data_engineering_extension_v1/statement_page_receipts.csv,PINNED_REFERENCE,reachable or evidence-sensitive; retained in place
reports/historical_data_engineering_extension_v1/trade_bootstrap_receipts.csv,PINNED_REFERENCE,reachable or evidence-sensitive; retained in place
reports/historical_data_engineering_extension_v1/universe_overlap_validation.csv,PINNED_REFERENCE,reachable or evidence-sensitive; retained in place
reports/historical_dataset_validation_design_v1/block_bootstrap_sensitivity.csv,PINNED_REFERENCE,reachable or evidence-sensitive; retained in place
reports/historical_dataset_validation_design_v1/candidate_validation_windows.csv,PINNED_REFERENCE,reachable or evidence-sensitive; retained in place
reports/historical_dataset_validation_design_v1/data_extension_feasibility.csv,PINNED_REFERENCE,reachable or evidence-sensitive; retained in place
reports/historical_dataset_validation_design_v1/dataset_design_evidence_map.csv,PINNED_REFERENCE,reachable or evidence-sensitive; retained in place
reports/historical_dataset_validation_design_v1/effective_sample_size.csv,PINNED_REFERENCE,reachable or evidence-sensitive; retained in place
reports/historical_dataset_validation_design_v1/factor_family_historical_depth.csv,PINNED_REFERENCE,reachable or evidence-sensitive; retained in place
reports/historical_dataset_validation_design_v1/feature_distribution_drift.csv,PINNED_REFERENCE,reachable or evidence-sensitive; retained in place
reports/historical_dataset_validation_design_v1/frozen_signal_score_persistence.csv,PINNED_REFERENCE,reachable or evidence-sensitive; retained in place
reports/historical_dataset_validation_design_v1/literature_evidence_map.csv,PINNED_REFERENCE,reachable or evidence-sensitive; retained in place
reports/historical_dataset_validation_design_v1/manifest.json,PINNED_REFERENCE,reachable or evidence-sensitive; retained in place
reports/historical_dataset_validation_design_v1/market_regime_descriptors.csv,PINNED_REFERENCE,reachable or evidence-sensitive; retained in place
reports/historical_dataset_validation_design_v1/matrix_start_lineage.csv,PINNED_REFERENCE,reachable or evidence-sensitive; retained in place
reports/historical_dataset_validation_design_v1/qlib_field_coverage.csv,PINNED_REFERENCE,reachable or evidence-sensitive; retained in place
reports/historical_dataset_validation_design_v1/regime_window_coverage.csv,PINNED_REFERENCE,reachable or evidence-sensitive; retained in place
reports/historical_dataset_validation_design_v1/REPORT.md,PINNED_REFERENCE,reachable or evidence-sensitive; retained in place
reports/historical_dataset_validation_design_v1/source_capability_audit.csv,PINNED_REFERENCE,reachable or evidence-sensitive; retained in place
reports/historical_dataset_validation_design_v1/temporal_dependence.csv,PINNED_REFERENCE,reachable or evidence-sensitive; retained in place
reports/historical_dataset_validation_design_v1/tushare_probe_receipts.csv,PINNED_REFERENCE,reachable or evidence-sensitive; retained in place
reports/historical_dataset_validation_design_v1/validation_design_comparison.csv,PINNED_REFERENCE,reachable or evidence-sensitive; retained in place
reports/historical_frontier_admission_v1/adjustment_continuity.csv,PINNED_REFERENCE,reachable or evidence-sensitive; retained in place
reports/historical_frontier_admission_v1/admitted_frontiers.csv,PINNED_REFERENCE,reachable or evidence-sensitive; retained in place
reports/historical_frontier_admission_v1/factor_family_frontier.csv,PINNED_REFERENCE,reachable or evidence-sensitive; retained in place
reports/historical_frontier_admission_v1/lifecycle_alignment.csv,PINNED_REFERENCE,reachable or evidence-sensitive; retained in place
reports/historical_frontier_admission_v1/manifest.json,PINNED_REFERENCE,reachable or evidence-sensitive; retained in place
reports/historical_frontier_admission_v1/market_canary_sample.csv,PINNED_REFERENCE,reachable or evidence-sensitive; retained in place
reports/historical_frontier_admission_v1/market_coverage.csv,PINNED_REFERENCE,reachable or evidence-sensitive; retained in place
reports/historical_frontier_admission_v1/network_receipts.csv,PINNED_REFERENCE,reachable or evidence-sensitive; retained in place
reports/historical_frontier_admission_v1/probe_complete.json,PINNED_REFERENCE,reachable or evidence-sensitive; retained in place
reports/historical_frontier_admission_v1/qualification_decision.csv,PINNED_REFERENCE,reachable or evidence-sensitive; retained in place
reports/historical_frontier_admission_v1/raw/adjustment_continuity.parquet,PINNED_REFERENCE,reachable or evidence-sensitive; retained in place
reports/historical_frontier_admission_v1/raw/daily_basic.parquet,PINNED_REFERENCE,reachable or evidence-sensitive; retained in place
reports/historical_frontier_admission_v1/raw/moneyflow.parquet,PINNED_REFERENCE,reachable or evidence-sensitive; retained in place
reports/historical_frontier_admission_v1/raw/statements/balancesheet_000552_SZ.parquet,PINNED_REFERENCE,reachable or evidence-sensitive; retained in place
reports/historical_frontier_admission_v1/raw/statements/balancesheet_000605_SZ.parquet,PINNED_REFERENCE,reachable or evidence-sensitive; retained in place
reports/historical_frontier_admission_v1/raw/statements/balancesheet_000815_SZ.parquet,PINNED_REFERENCE,reachable or evidence-sensitive; retained in place
reports/historical_frontier_admission_v1/raw/statements/balancesheet_000915_SZ.parquet,PINNED_REFERENCE,reachable or evidence-sensitive; retained in place
reports/historical_frontier_admission_v1/raw/statements/balancesheet_002024_SZ.parquet,PINNED_REFERENCE,reachable or evidence-sensitive; retained in place
reports/historical_frontier_admission_v1/raw/statements/balancesheet_002099_SZ.parquet,PINNED_REFERENCE,reachable or evidence-sensitive; retained in place
reports/historical_frontier_admission_v1/raw/statements/balancesheet_002322_SZ.parquet,PINNED_REFERENCE,reachable or evidence-sensitive; retained in place
reports/historical_frontier_admission_v1/raw/statements/balancesheet_002449_SZ.parquet,PINNED_REFERENCE,reachable or evidence-sensitive; retained in place
reports/historical_frontier_admission_v1/raw/statements/balancesheet_002679_SZ.parquet,PINNED_REFERENCE,reachable or evidence-sensitive; retained in place
reports/historical_frontier_admission_v1/raw/statements/balancesheet_002733_SZ.parquet,PINNED_REFERENCE,reachable or evidence-sensitive; retained in place
reports/historical_frontier_admission_v1/raw/statements/balancesheet_300443_SZ.parquet,PINNED_REFERENCE,reachable or evidence-sensitive; retained in place
reports/historical_frontier_admission_v1/raw/statements/balancesheet_300507_SZ.parquet,PINNED_REFERENCE,reachable or evidence-sensitive; retained in place
reports/historical_frontier_admission_v1/raw/statements/balancesheet_300838_SZ.parquet,PINNED_REFERENCE,reachable or evidence-sensitive; retained in place
reports/historical_frontier_admission_v1/raw/statements/balancesheet_301073_SZ.parquet,PINNED_REFERENCE,reachable or evidence-sensitive; retained in place
reports/historical_frontier_admission_v1/raw/statements/balancesheet_600022_SH.parquet,PINNED_REFERENCE,reachable or evidence-sensitive; retained in place
reports/historical_frontier_admission_v1/raw/statements/balancesheet_600345_SH.parquet,PINNED_REFERENCE,reachable or evidence-sensitive; retained in place
reports/historical_frontier_admission_v1/raw/statements/balancesheet_600444_SH.parquet,PINNED_REFERENCE,reachable or evidence-sensitive; retained in place
reports/historical_frontier_admission_v1/raw/statements/balancesheet_601766_SH.parquet,PINNED_REFERENCE,reachable or evidence-sensitive; retained in place
reports/historical_frontier_admission_v1/raw/statements/balancesheet_601816_SH.parquet,PINNED_REFERENCE,reachable or evidence-sensitive; retained in place
reports/historical_frontier_admission_v1/raw/statements/balancesheet_601998_SH.parquet,PINNED_REFERENCE,reachable or evidence-sensitive; retained in place
reports/historical_frontier_admission_v1/raw/statements/balancesheet_603353_SH.parquet,PINNED_REFERENCE,reachable or evidence-sensitive; retained in place
reports/historical_frontier_admission_v1/raw/statements/balancesheet_603588_SH.parquet,PINNED_REFERENCE,reachable or evidence-sensitive; retained in place
reports/historical_frontier_admission_v1/raw/statements/balancesheet_603779_SH.parquet,PINNED_REFERENCE,reachable or evidence-sensitive; retained in place
reports/historical_frontier_admission_v1/raw/statements/balancesheet_603989_SH.parquet,PINNED_REFERENCE,reachable or evidence-sensitive; retained in place
reports/historical_frontier_admission_v1/raw/statements/balancesheet_605178_SH.parquet,PINNED_REFERENCE,reachable or evidence-sensitive; retained in place
reports/historical_frontier_admission_v1/raw/statements/balancesheet_688232_SH.parquet,PINNED_REFERENCE,reachable or evidence-sensitive; retained in place
reports/historical_frontier_admission_v1/raw/statements/balancesheet_920111_BJ.parquet,PINNED_REFERENCE,reachable or evidence-sensitive; retained in place
reports/historical_frontier_admission_v1/raw/statements/balancesheet_920267_BJ.parquet,PINNED_REFERENCE,reachable or evidence-sensitive; retained in place
reports/historical_frontier_admission_v1/raw/statements/cashflow_000552_SZ.parquet,PINNED_REFERENCE,reachable or evidence-sensitive; retained in place
reports/historical_frontier_admission_v1/raw/statements/cashflow_000605_SZ.parquet,PINNED_REFERENCE,reachable or evidence-sensitive; retained in place
reports/historical_frontier_admission_v1/raw/statements/cashflow_000815_SZ.parquet,PINNED_REFERENCE,reachable or evidence-sensitive; retained in place
reports/historical_frontier_admission_v1/raw/statements/cashflow_000915_SZ.parquet,PINNED_REFERENCE,reachable or evidence-sensitive; retained in place
reports/historical_frontier_admission_v1/raw/statements/cashflow_002024_SZ.parquet,PINNED_REFERENCE,reachable or evidence-sensitive; retained in place
reports/historical_frontier_admission_v1/raw/statements/cashflow_002099_SZ.parquet,PINNED_REFERENCE,reachable or evidence-sensitive; retained in place
reports/historical_frontier_admission_v1/raw/statements/cashflow_002322_SZ.parquet,PINNED_REFERENCE,reachable or evidence-sensitive; retained in place
reports/historical_frontier_admission_v1/raw/statements/cashflow_002449_SZ.parquet,PINNED_REFERENCE,reachable or evidence-sensitive; retained in place
reports/historical_frontier_admission_v1/raw/statements/cashflow_002679_SZ.parquet,PINNED_REFERENCE,reachable or evidence-sensitive; retained in place
reports/historical_frontier_admission_v1/raw/statements/cashflow_002733_SZ.parquet,PINNED_REFERENCE,reachable or evidence-sensitive; retained in place
reports/historical_frontier_admission_v1/raw/statements/cashflow_300443_SZ.parquet,PINNED_REFERENCE,reachable or evidence-sensitive; retained in place
reports/historical_frontier_admission_v1/raw/statements/cashflow_300507_SZ.parquet,PINNED_REFERENCE,reachable or evidence-sensitive; retained in place
reports/historical_frontier_admission_v1/raw/statements/cashflow_300838_SZ.parquet,PINNED_REFERENCE,reachable or evidence-sensitive; retained in place
reports/historical_frontier_admission_v1/raw/statements/cashflow_301073_SZ.parquet,PINNED_REFERENCE,reachable or evidence-sensitive; retained in place
reports/historical_frontier_admission_v1/raw/statements/cashflow_600022_SH.parquet,PINNED_REFERENCE,reachable or evidence-sensitive; retained in place
reports/historical_frontier_admission_v1/raw/statements/cashflow_600345_SH.parquet,PINNED_REFERENCE,reachable or evidence-sensitive; retained in place
reports/historical_frontier_admission_v1/raw/statements/cashflow_600444_SH.parquet,PINNED_REFERENCE,reachable or evidence-sensitive; retained in place
reports/historical_frontier_admission_v1/raw/statements/cashflow_601766_SH.parquet,PINNED_REFERENCE,reachable or evidence-sensitive; retained in place
reports/historical_frontier_admission_v1/raw/statements/cashflow_601816_SH.parquet,PINNED_REFERENCE,reachable or evidence-sensitive; retained in place
reports/historical_frontier_admission_v1/raw/statements/cashflow_601998_SH.parquet,PINNED_REFERENCE,reachable or evidence-sensitive; retained in place
reports/historical_frontier_admission_v1/raw/statements/cashflow_603353_SH.parquet,PINNED_REFERENCE,reachable or evidence-sensitive; retained in place
reports/historical_frontier_admission_v1/raw/statements/cashflow_603588_SH.parquet,PINNED_REFERENCE,reachable or evidence-sensitive; retained in place
reports/historical_frontier_admission_v1/raw/statements/cashflow_603779_SH.parquet,PINNED_REFERENCE,reachable or evidence-sensitive; retained in place
reports/historical_frontier_admission_v1/raw/statements/cashflow_603989_SH.parquet,PINNED_REFERENCE,reachable or evidence-sensitive; retained in place
reports/historical_frontier_admission_v1/raw/statements/cashflow_605178_SH.parquet,PINNED_REFERENCE,reachable or evidence-sensitive; retained in place
reports/historical_frontier_admission_v1/raw/statements/cashflow_688232_SH.parquet,PINNED_REFERENCE,reachable or evidence-sensitive; retained in place
reports/historical_frontier_admission_v1/raw/statements/cashflow_920111_BJ.parquet,PINNED_REFERENCE,reachable or evidence-sensitive; retained in place
reports/historical_frontier_admission_v1/raw/statements/cashflow_920267_BJ.parquet,PINNED_REFERENCE,reachable or evidence-sensitive; retained in place
reports/historical_frontier_admission_v1/raw/statements/fina_indicator_000552_SZ.parquet,PINNED_REFERENCE,reachable or evidence-sensitive; retained in place
reports/historical_frontier_admission_v1/raw/statements/fina_indicator_000605_SZ.parquet,PINNED_REFERENCE,reachable or evidence-sensitive; retained in place
reports/historical_frontier_admission_v1/raw/statements/fina_indicator_000815_SZ.parquet,PINNED_REFERENCE,reachable or evidence-sensitive; retained in place
reports/historical_frontier_admission_v1/raw/statements/fina_indicator_000915_SZ.parquet,PINNED_REFERENCE,reachable or evidence-sensitive; retained in place
reports/historical_frontier_admission_v1/raw/statements/fina_indicator_002024_SZ.parquet,PINNED_REFERENCE,reachable or evidence-sensitive; retained in place
reports/historical_frontier_admission_v1/raw/statements/fina_indicator_002099_SZ.parquet,PINNED_REFERENCE,reachable or evidence-sensitive; retained in place
reports/historical_frontier_admission_v1/raw/statements/fina_indicator_002322_SZ.parquet,PINNED_REFERENCE,reachable or evidence-sensitive; retained in place
reports/historical_frontier_admission_v1/raw/statements/fina_indicator_002449_SZ.parquet,PINNED_REFERENCE,reachable or evidence-sensitive; retained in place
reports/historical_frontier_admission_v1/raw/statements/fina_indicator_002679_SZ.parquet,PINNED_REFERENCE,reachable or evidence-sensitive; retained in place
reports/historical_frontier_admission_v1/raw/statements/fina_indicator_002733_SZ.parquet,PINNED_REFERENCE,reachable or evidence-sensitive; retained in place
reports/historical_frontier_admission_v1/raw/statements/fina_indicator_300443_SZ.parquet,PINNED_REFERENCE,reachable or evidence-sensitive; retained in place
reports/historical_frontier_admission_v1/raw/statements/fina_indicator_300507_SZ.parquet,PINNED_REFERENCE,reachable or evidence-sensitive; retained in place
reports/historical_frontier_admission_v1/raw/statements/fina_indicator_300838_SZ.parquet,PINNED_REFERENCE,reachable or evidence-sensitive; retained in place
reports/historical_frontier_admission_v1/raw/statements/fina_indicator_301073_SZ.parquet,PINNED_REFERENCE,reachable or evidence-sensitive; retained in place
reports/historical_frontier_admission_v1/raw/statements/fina_indicator_600022_SH.parquet,PINNED_REFERENCE,reachable or evidence-sensitive; retained in place
reports/historical_frontier_admission_v1/raw/statements/fina_indicator_600345_SH.parquet,PINNED_REFERENCE,reachable or evidence-sensitive; retained in place
reports/historical_frontier_admission_v1/raw/statements/fina_indicator_600444_SH.parquet,PINNED_REFERENCE,reachable or evidence-sensitive; retained in place
reports/historical_frontier_admission_v1/raw/statements/fina_indicator_601766_SH.parquet,PINNED_REFERENCE,reachable or evidence-sensitive; retained in place
reports/historical_frontier_admission_v1/raw/statements/fina_indicator_601816_SH.parquet,PINNED_REFERENCE,reachable or evidence-sensitive; retained in place
reports/historical_frontier_admission_v1/raw/statements/fina_indicator_601998_SH.parquet,PINNED_REFERENCE,reachable or evidence-sensitive; retained in place
reports/historical_frontier_admission_v1/raw/statements/fina_indicator_603353_SH.parquet,PINNED_REFERENCE,reachable or evidence-sensitive; retained in place
reports/historical_frontier_admission_v1/raw/statements/fina_indicator_603588_SH.parquet,PINNED_REFERENCE,reachable or evidence-sensitive; retained in place
reports/historical_frontier_admission_v1/raw/statements/fina_indicator_603779_SH.parquet,PINNED_REFERENCE,reachable or evidence-sensitive; retained in place
reports/historical_frontier_admission_v1/raw/statements/fina_indicator_603989_SH.parquet,PINNED_REFERENCE,reachable or evidence-sensitive; retained in place
reports/historical_frontier_admission_v1/raw/statements/fina_indicator_605178_SH.parquet,PINNED_REFERENCE,reachable or evidence-sensitive; retained in place
reports/historical_frontier_admission_v1/raw/statements/fina_indicator_688232_SH.parquet,PINNED_REFERENCE,reachable or evidence-sensitive; retained in place
reports/historical_frontier_admission_v1/raw/statements/fina_indicator_920111_BJ.parquet,PINNED_REFERENCE,reachable or evidence-sensitive; retained in place
reports/historical_frontier_admission_v1/raw/statements/fina_indicator_920267_BJ.parquet,PINNED_REFERENCE,reachable or evidence-sensitive; retained in place
reports/historical_frontier_admission_v1/raw/statements/income_000552_SZ.parquet,PINNED_REFERENCE,reachable or evidence-sensitive; retained in place
reports/historical_frontier_admission_v1/raw/statements/income_000605_SZ.parquet,PINNED_REFERENCE,reachable or evidence-sensitive; retained in place
reports/historical_frontier_admission_v1/raw/statements/income_000815_SZ.parquet,PINNED_REFERENCE,reachable or evidence-sensitive; retained in place
reports/historical_frontier_admission_v1/raw/statements/income_000915_SZ.parquet,PINNED_REFERENCE,reachable or evidence-sensitive; retained in place
reports/historical_frontier_admission_v1/raw/statements/income_002024_SZ.parquet,PINNED_REFERENCE,reachable or evidence-sensitive; retained in place
reports/historical_frontier_admission_v1/raw/statements/income_002099_SZ.parquet,PINNED_REFERENCE,reachable or evidence-sensitive; retained in place
reports/historical_frontier_admission_v1/raw/statements/income_002322_SZ.parquet,PINNED_REFERENCE,reachable or evidence-sensitive; retained in place
reports/historical_frontier_admission_v1/raw/statements/income_002449_SZ.parquet,PINNED_REFERENCE,reachable or evidence-sensitive; retained in place
reports/historical_frontier_admission_v1/raw/statements/income_002679_SZ.parquet,PINNED_REFERENCE,reachable or evidence-sensitive; retained in place
reports/historical_frontier_admission_v1/raw/statements/income_002733_SZ.parquet,PINNED_REFERENCE,reachable or evidence-sensitive; retained in place
reports/historical_frontier_admission_v1/raw/statements/income_300443_SZ.parquet,PINNED_REFERENCE,reachable or evidence-sensitive; retained in place
reports/historical_frontier_admission_v1/raw/statements/income_300507_SZ.parquet,PINNED_REFERENCE,reachable or evidence-sensitive; retained in place
reports/historical_frontier_admission_v1/raw/statements/income_300838_SZ.parquet,PINNED_REFERENCE,reachable or evidence-sensitive; retained in place
reports/historical_frontier_admission_v1/raw/statements/income_301073_SZ.parquet,PINNED_REFERENCE,reachable or evidence-sensitive; retained in place
reports/historical_frontier_admission_v1/raw/statements/income_600022_SH.parquet,PINNED_REFERENCE,reachable or evidence-sensitive; retained in place
reports/historical_frontier_admission_v1/raw/statements/income_600345_SH.parquet,PINNED_REFERENCE,reachable or evidence-sensitive; retained in place
reports/historical_frontier_admission_v1/raw/statements/income_600444_SH.parquet,PINNED_REFERENCE,reachable or evidence-sensitive; retained in place
reports/historical_frontier_admission_v1/raw/statements/income_601766_SH.parquet,PINNED_REFERENCE,reachable or evidence-sensitive; retained in place
reports/historical_frontier_admission_v1/raw/statements/income_601816_SH.parquet,PINNED_REFERENCE,reachable or evidence-sensitive; retained in place
reports/historical_frontier_admission_v1/raw/statements/income_601998_SH.parquet,PINNED_REFERENCE,reachable or evidence-sensitive; retained in place
reports/historical_frontier_admission_v1/raw/statements/income_603353_SH.parquet,PINNED_REFERENCE,reachable or evidence-sensitive; retained in place
reports/historical_frontier_admission_v1/raw/statements/income_603588_SH.parquet,PINNED_REFERENCE,reachable or evidence-sensitive; retained in place
reports/historical_frontier_admission_v1/raw/statements/income_603779_SH.parquet,PINNED_REFERENCE,reachable or evidence-sensitive; retained in place
reports/historical_frontier_admission_v1/raw/statements/income_603989_SH.parquet,PINNED_REFERENCE,reachable or evidence-sensitive; retained in place
reports/historical_frontier_admission_v1/raw/statements/income_605178_SH.parquet,PINNED_REFERENCE,reachable or evidence-sensitive; retained in place
reports/historical_frontier_admission_v1/raw/statements/income_688232_SH.parquet,PINNED_REFERENCE,reachable or evidence-sensitive; retained in place
reports/historical_frontier_admission_v1/raw/statements/income_920111_BJ.parquet,PINNED_REFERENCE,reachable or evidence-sensitive; retained in place
reports/historical_frontier_admission_v1/raw/statements/income_920267_BJ.parquet,PINNED_REFERENCE,reachable or evidence-sensitive; retained in place
reports/historical_frontier_admission_v1/raw/stock_basic.parquet,PINNED_REFERENCE,reachable or evidence-sensitive; retained in place
reports/historical_frontier_admission_v1/REPORT.md,PINNED_REFERENCE,reachable or evidence-sensitive; retained in place
reports/historical_frontier_admission_v1/statement_issuer_audit.csv,PINNED_REFERENCE,reachable or evidence-sensitive; retained in place
reports/historical_frontier_admission_v1/statement_layer_summary.csv,PINNED_REFERENCE,reachable or evidence-sensitive; retained in place
reports/INDEX.md,PINNED_REFERENCE,reachable or evidence-sensitive; retained in place
reports/long_history_core_factor_selection_v1/PHASE_0_REPORT.md,PINNED_REFERENCE,reachable or evidence-sensitive; retained in place
reports/maximum_historical_extension_qualification_v1/akshare_receipts.csv,PINNED_REFERENCE,reachable or evidence-sensitive; retained in place
reports/maximum_historical_extension_qualification_v1/baostock_receipts.csv,PINNED_REFERENCE,reachable or evidence-sensitive; retained in place
reports/maximum_historical_extension_qualification_v1/cross_source_close_differences.csv,PINNED_REFERENCE,reachable or evidence-sensitive; retained in place
reports/maximum_historical_extension_qualification_v1/cross_source_comparison.csv,PINNED_REFERENCE,reachable or evidence-sensitive; retained in place
reports/maximum_historical_extension_qualification_v1/factor_family_frontier.csv,PINNED_REFERENCE,reachable or evidence-sensitive; retained in place
reports/maximum_historical_extension_qualification_v1/frontier_map.csv,PINNED_REFERENCE,reachable or evidence-sensitive; retained in place
reports/maximum_historical_extension_qualification_v1/manifest.json,PINNED_REFERENCE,reachable or evidence-sensitive; retained in place
reports/maximum_historical_extension_qualification_v1/probe_complete.json,PINNED_REFERENCE,reachable or evidence-sensitive; retained in place
reports/maximum_historical_extension_qualification_v1/qlib_field_coverage.csv,PINNED_REFERENCE,reachable or evidence-sensitive; retained in place
reports/maximum_historical_extension_qualification_v1/qlib_lifecycle_summary.csv,PINNED_REFERENCE,reachable or evidence-sensitive; retained in place
reports/maximum_historical_extension_qualification_v1/qlib_yearly_coverage_summary.csv,PINNED_REFERENCE,reachable or evidence-sensitive; retained in place
reports/maximum_historical_extension_qualification_v1/qualification_decision.csv,PINNED_REFERENCE,reachable or evidence-sensitive; retained in place
reports/maximum_historical_extension_qualification_v1/REPORT.md,PINNED_REFERENCE,reachable or evidence-sensitive; retained in place
reports/maximum_historical_extension_qualification_v1/source_inventory.csv,PINNED_REFERENCE,reachable or evidence-sensitive; retained in place
reports/maximum_historical_extension_qualification_v1/tushare_receipts.csv,PINNED_REFERENCE,reachable or evidence-sensitive; retained in place
reports/maximum_historical_extension_qualification_v1/tushare_statement_audit.csv,PINNED_REFERENCE,reachable or evidence-sensitive; retained in place
reports/ml_clustering_ablation_v1/development_metrics.csv,PINNED_REFERENCE,reachable or evidence-sensitive; retained in place
reports/ml_clustering_ablation_v1/fast_research_results.csv,PINNED_REFERENCE,reachable or evidence-sensitive; retained in place
reports/ml_clustering_ablation_v1/feature_usage_diagnostic.csv,PINNED_REFERENCE,reachable or evidence-sensitive; retained in place
reports/ml_clustering_ablation_v1/feature_usage_summary.csv,PINNED_REFERENCE,reachable or evidence-sensitive; retained in place
reports/ml_clustering_ablation_v1/historical_prediction_comparison.csv,PINNED_REFERENCE,reachable or evidence-sensitive; retained in place
reports/ml_clustering_ablation_v1/historical_prediction_summary.csv,PINNED_REFERENCE,reachable or evidence-sensitive; retained in place
reports/ml_clustering_ablation_v1/limitations.json,PINNED_REFERENCE,reachable or evidence-sensitive; retained in place
reports/ml_clustering_ablation_v1/model_resource_comparison.csv,PINNED_REFERENCE,reachable or evidence-sensitive; retained in place
reports/ml_clustering_ablation_v1/policy_D_manifest.csv,PINNED_REFERENCE,reachable or evidence-sensitive; retained in place
reports/ml_clustering_ablation_v1/portfolio_comparison.csv,PINNED_REFERENCE,reachable or evidence-sensitive; retained in place
reports/ml_clustering_ablation_v1/REPORT.md,PINNED_REFERENCE,reachable or evidence-sensitive; retained in place
reports/ml_clustering_ablation_v1/stable_core_eligibility_exclusions.csv,PINNED_REFERENCE,reachable or evidence-sensitive; retained in place
reports/ml_feature_pool_mvp_v1/limitations.json,PINNED_REFERENCE,reachable or evidence-sensitive; retained in place
reports/ml_feature_pool_mvp_v1/model_resource_comparison.csv,PINNED_REFERENCE,reachable or evidence-sensitive; retained in place
reports/ml_feature_pool_mvp_v1/policy_inventory.csv,PINNED_REFERENCE,reachable or evidence-sensitive; retained in place
reports/ml_feature_pool_mvp_v1/portfolio_comparison.csv,PINNED_REFERENCE,reachable or evidence-sensitive; retained in place
reports/ml_feature_pool_mvp_v1/prediction_comparison.csv,PINNED_REFERENCE,reachable or evidence-sensitive; retained in place
reports/ml_feature_pool_mvp_v1/REPORT.md,PINNED_REFERENCE,reachable or evidence-sensitive; retained in place
reports/performance_acceleration_v3/full_qualification_v1/parity.csv,PINNED_REFERENCE,reachable or evidence-sensitive; retained in place
reports/performance_acceleration_v3/full_qualification_v1/resource_summary.csv,PINNED_REFERENCE,reachable or evidence-sensitive; retained in place
reports/performance_acceleration_v3/full_qualification_v1/runtime_timing.csv,PINNED_REFERENCE,reachable or evidence-sensitive; retained in place
reports/performance_acceleration_v3/full_qualification_v1/stage_breakdown.csv,PINNED_REFERENCE,reachable or evidence-sensitive; retained in place
reports/performance_acceleration_v3/full_qualification_v1/summary.json,PINNED_REFERENCE,reachable or evidence-sensitive; retained in place
reports/performance_acceleration_v3/preprocessing_benchmark_v1/benchmark_runs.csv,PINNED_REFERENCE,reachable or evidence-sensitive; retained in place
reports/performance_acceleration_v3/preprocessing_benchmark_v1/benchmark_summary.csv,PINNED_REFERENCE,reachable or evidence-sensitive; retained in place
reports/performance_acceleration_v3/preprocessing_benchmark_v1/summary.json,PINNED_REFERENCE,reachable or evidence-sensitive; retained in place
reports/performance_acceleration_v3/REPORT.md,PINNED_REFERENCE,reachable or evidence-sensitive; retained in place
reports/performance_acceleration_v3/resource_plan_v1/resource_budget.json,PINNED_REFERENCE,reachable or evidence-sensitive; retained in place
reports/performance_acceleration_v3/resource_plan_v1/worker_thread_candidates.csv,PINNED_REFERENCE,reachable or evidence-sensitive; retained in place
reports/performance_execution_v1/bounded_real_audit_v1/access_audit.csv,PINNED_REFERENCE,reachable or evidence-sensitive; retained in place
reports/performance_execution_v1/bounded_real_audit_v1/candidate_metrics.csv,PINNED_REFERENCE,reachable or evidence-sensitive; retained in place
reports/performance_execution_v1/bounded_real_audit_v1/input_identity.json,PINNED_REFERENCE,reachable or evidence-sensitive; retained in place
reports/performance_execution_v1/bounded_real_audit_v1/parity.csv,PINNED_REFERENCE,reachable or evidence-sensitive; retained in place
reports/performance_execution_v1/bounded_real_audit_v1/runs.csv,PINNED_REFERENCE,reachable or evidence-sensitive; retained in place
reports/performance_execution_v1/bounded_real_audit_v1/runtime_timing.csv,PINNED_REFERENCE,reachable or evidence-sensitive; retained in place
reports/performance_execution_v1/bounded_real_audit_v1/summary.json,PINNED_REFERENCE,reachable or evidence-sensitive; retained in place
reports/performance_execution_v1/bounded_real_audit_v1/thread_scaling.csv,PINNED_REFERENCE,reachable or evidence-sensitive; retained in place
reports/performance_execution_v1/fast_mt_qualification_v1/access_audit.csv,PINNED_REFERENCE,reachable or evidence-sensitive; retained in place
reports/performance_execution_v1/fast_mt_qualification_v1/candidate_metrics.csv,PINNED_REFERENCE,reachable or evidence-sensitive; retained in place
reports/performance_execution_v1/fast_mt_qualification_v1/input_identity.json,PINNED_REFERENCE,reachable or evidence-sensitive; retained in place
reports/performance_execution_v1/fast_mt_qualification_v1/parity.csv,PINNED_REFERENCE,reachable or evidence-sensitive; retained in place
reports/performance_execution_v1/fast_mt_qualification_v1/runs.csv,PINNED_REFERENCE,reachable or evidence-sensitive; retained in place
reports/performance_execution_v1/fast_mt_qualification_v1/runtime_timing.csv,PINNED_REFERENCE,reachable or evidence-sensitive; retained in place
reports/performance_execution_v1/fast_mt_qualification_v1/summary.json,PINNED_REFERENCE,reachable or evidence-sensitive; retained in place
reports/performance_execution_v1/fast_mt_qualification_v1/thread_scaling.csv,PINNED_REFERENCE,reachable or evidence-sensitive; retained in place
reports/performance_execution_v1/full_mt_qualification_v1/access_audit.csv,PINNED_REFERENCE,reachable or evidence-sensitive; retained in place
reports/performance_execution_v1/full_mt_qualification_v1/candidate_metrics.csv,PINNED_REFERENCE,reachable or evidence-sensitive; retained in place
reports/performance_execution_v1/full_mt_qualification_v1/input_identity.json,PINNED_REFERENCE,reachable or evidence-sensitive; retained in place
reports/performance_execution_v1/full_mt_qualification_v1/parity.csv,PINNED_REFERENCE,reachable or evidence-sensitive; retained in place
reports/performance_execution_v1/full_mt_qualification_v1/runs.csv,PINNED_REFERENCE,reachable or evidence-sensitive; retained in place
reports/performance_execution_v1/full_mt_qualification_v1/runtime_timing.csv,PINNED_REFERENCE,reachable or evidence-sensitive; retained in place
reports/performance_execution_v1/full_mt_qualification_v1/summary.json,PINNED_REFERENCE,reachable or evidence-sensitive; retained in place
reports/performance_execution_v1/full_mt_qualification_v1/thread_scaling.csv,PINNED_REFERENCE,reachable or evidence-sensitive; retained in place
reports/performance_execution_v1/REPORT.md,PINNED_REFERENCE,reachable or evidence-sensitive; retained in place
reports/performance_execution_v1/resource_plan_v2/resource_budget.json,PINNED_REFERENCE,reachable or evidence-sensitive; retained in place
reports/performance_execution_v1/resource_plan_v2/worker_thread_candidates.csv,PINNED_REFERENCE,reachable or evidence-sensitive; retained in place
reports/performance_optimization_v1/benchmark_before_after.csv,PINNED_REFERENCE,reachable or evidence-sensitive; retained in place
reports/performance_optimization_v1/benchmark_runs.csv,PINNED_REFERENCE,reachable or evidence-sensitive; retained in place
reports/performance_optimization_v1/limitations.json,PINNED_REFERENCE,reachable or evidence-sensitive; retained in place
reports/performance_optimization_v1/optimization_summary.csv,PINNED_REFERENCE,reachable or evidence-sensitive; retained in place
reports/performance_optimization_v1/REPORT.md,PINNED_REFERENCE,reachable or evidence-sensitive; retained in place
reports/performance_optimization_v1/runtime_timing.csv,PINNED_REFERENCE,reachable or evidence-sensitive; retained in place
reports/performance_optimization_v1/stage_breakdown.csv,PINNED_REFERENCE,reachable or evidence-sensitive; retained in place
reports/README.md,PINNED_REFERENCE,reachable or evidence-sensitive; retained in place
reports/repository_consolidation_v1/AUDIT_METADATA.txt,PINNED_REFERENCE,reachable or evidence-sensitive; retained in place
reports/repository_consolidation_v1/classification.csv,PINNED_REFERENCE,reachable or evidence-sensitive; retained in place
reports/repository_consolidation_v1/dead_code_candidates.csv,PINNED_REFERENCE,reachable or evidence-sensitive; retained in place
reports/repository_consolidation_v1/file_inventory.csv,PINNED_REFERENCE,reachable or evidence-sensitive; retained in place
reports/repository_consolidation_v1/reference_edges.csv,PINNED_REFERENCE,reachable or evidence-sensitive; retained in place
reports/repository_consolidation_v1/REPORT.md,PINNED_REFERENCE,reachable or evidence-sensitive; retained in place
reports/research_productivity_v1/cache_benchmark.csv,PINNED_REFERENCE,reachable or evidence-sensitive; retained in place
reports/research_productivity_v1/cache_parity.json,PINNED_REFERENCE,reachable or evidence-sensitive; retained in place
reports/research_productivity_v1/cache_receipt.json,PINNED_REFERENCE,reachable or evidence-sensitive; retained in place
reports/research_productivity_v1/fast_full_calibration.csv,PINNED_REFERENCE,reachable or evidence-sensitive; retained in place
reports/research_productivity_v1/fast_research_benchmark.csv,PINNED_REFERENCE,reachable or evidence-sensitive; retained in place
reports/research_productivity_v1/fast_research_receipt.json,PINNED_REFERENCE,reachable or evidence-sensitive; retained in place
reports/research_productivity_v1/limitations.json,PINNED_REFERENCE,reachable or evidence-sensitive; retained in place
reports/research_productivity_v1/profile_trials.csv,PINNED_REFERENCE,reachable or evidence-sensitive; retained in place
reports/research_productivity_v1/REPORT.md,PINNED_REFERENCE,reachable or evidence-sensitive; retained in place
reports/research_productivity_v1/runtime_comparison.csv,PINNED_REFERENCE,reachable or evidence-sensitive; retained in place
reports/research_productivity_v1/runtime_timing.csv,PINNED_REFERENCE,reachable or evidence-sensitive; retained in place
reports/research_protocol_v2/authority_audit.csv,PINNED_REFERENCE,reachable or evidence-sensitive; retained in place
reports/research_protocol_v2/development_date_assignments.csv,PINNED_REFERENCE,reachable or evidence-sensitive; retained in place
reports/research_protocol_v2/development_environments.csv,PINNED_REFERENCE,reachable or evidence-sensitive; retained in place
reports/research_protocol_v2/development_purged_dates.csv,PINNED_REFERENCE,reachable or evidence-sensitive; retained in place
reports/research_protocol_v2/development_tasks.csv,PINNED_REFERENCE,reachable or evidence-sensitive; retained in place
reports/research_protocol_v2/diagnostic_date_assignments.csv,PINNED_REFERENCE,reachable or evidence-sensitive; retained in place
reports/research_protocol_v2/diagnostic_environments.csv,PINNED_REFERENCE,reachable or evidence-sensitive; retained in place
reports/research_protocol_v2/diagnostic_purged_dates.csv,PINNED_REFERENCE,reachable or evidence-sensitive; retained in place
reports/research_protocol_v2/diagnostic_task_templates.csv,PINNED_REFERENCE,reachable or evidence-sensitive; retained in place
reports/research_protocol_v2/freeze_receipt.json,PINNED_REFERENCE,reachable or evidence-sensitive; retained in place
reports/research_protocol_v2/legacy_v1_windows.csv,PINNED_REFERENCE,reachable or evidence-sensitive; retained in place
reports/research_protocol_v2/manifest.json,PINNED_REFERENCE,reachable or evidence-sensitive; retained in place
reports/research_protocol_v2/purge_embargo_audit.csv,PINNED_REFERENCE,reachable or evidence-sensitive; retained in place
reports/research_protocol_v2/qlib_capability_audit.json,PINNED_REFERENCE,reachable or evidence-sensitive; retained in place
reports/research_protocol_v2/REPORT.md,PINNED_REFERENCE,reachable or evidence-sensitive; retained in place
reports/research_protocol_v2/resolved_config.json,PINNED_REFERENCE,reachable or evidence-sensitive; retained in place
reports/research_protocol_v2/source_receipts.csv,PINNED_REFERENCE,reachable or evidence-sensitive; retained in place
reports/research_protocol_v2/trial_governance.json,PINNED_REFERENCE,reachable or evidence-sensitive; retained in place
reports/research_protocol_v2/v1_v2_comparison.csv,PINNED_REFERENCE,reachable or evidence-sensitive; retained in place
reports/research_protocol_v2/validation_audit.csv,PINNED_REFERENCE,reachable or evidence-sensitive; retained in place
reports/research_protocol_v2/window_excluded_dates.csv,PINNED_REFERENCE,reachable or evidence-sensitive; retained in place
requirements-daily-update.txt,PINNED_REFERENCE,reachable or evidence-sensitive; retained in place
requirements-factor-evaluation.txt,PINNED_REFERENCE,reachable or evidence-sensitive; retained in place
requirements-factor-universe-v2.txt,PINNED_REFERENCE,reachable or evidence-sensitive; retained in place
requirements-model-diagnostics.txt,PINNED_REFERENCE,reachable or evidence-sensitive; retained in place
requirements-optional-data-audit.txt,PINNED_REFERENCE,reachable or evidence-sensitive; retained in place
requirements-optional-portfolio.txt,PINNED_REFERENCE,reachable or evidence-sensitive; retained in place
requirements-research-validation.txt,PINNED_REFERENCE,reachable or evidence-sensitive; retained in place
research_validation/__init__.py,PINNED_REFERENCE,reachable or evidence-sensitive; retained in place
research_validation/bootstrap.py,PINNED_REFERENCE,reachable or evidence-sensitive; retained in place
research_validation/bulk_run_gate.py,PINNED_REFERENCE,reachable or evidence-sensitive; retained in place
research_validation/canonical_dataset.py,PINNED_REFERENCE,reachable or evidence-sensitive; retained in place
research_validation/dataset_design.py,PINNED_REFERENCE,reachable or evidence-sensitive; retained in place
research_validation/development_split.py,PINNED_REFERENCE,reachable or evidence-sensitive; retained in place
research_validation/external_style.py,PINNED_REFERENCE,reachable or evidence-sensitive; retained in place
research_validation/factor_dependency.py,PINNED_REFERENCE,reachable or evidence-sensitive; retained in place
research_validation/factor_trial.py,PINNED_REFERENCE,reachable or evidence-sensitive; retained in place
research_validation/feature_matrix.py,PINNED_REFERENCE,reachable or evidence-sensitive; retained in place
research_validation/historical_data_authority.py,PINNED_REFERENCE,reachable or evidence-sensitive; retained in place
research_validation/historical_engineering.py,PINNED_REFERENCE,reachable or evidence-sensitive; retained in place
research_validation/historical_extension.py,PINNED_REFERENCE,reachable or evidence-sensitive; retained in place
research_validation/historical_frontier_admission.py,PINNED_REFERENCE,reachable or evidence-sensitive; retained in place
research_validation/input_provenance.py,PINNED_REFERENCE,reachable or evidence-sensitive; retained in place
research_validation/labels.py,PINNED_REFERENCE,reachable or evidence-sensitive; retained in place
research_validation/lineage.py,PINNED_REFERENCE,reachable or evidence-sensitive; retained in place
research_validation/model_entry_gate.py,PINNED_REFERENCE,reachable or evidence-sensitive; retained in place
research_validation/multiple_testing.py,PINNED_REFERENCE,reachable or evidence-sensitive; retained in place
research_validation/mutation_contract.py,PINNED_REFERENCE,reachable or evidence-sensitive; retained in place
research_validation/outer_fdr.py,PINNED_REFERENCE,reachable or evidence-sensitive; retained in place
research_validation/overlap_lineage.py,PINNED_REFERENCE,reachable or evidence-sensitive; retained in place
research_validation/pairwise_ic.py,PINNED_REFERENCE,reachable or evidence-sensitive; retained in place
research_validation/pipeline_consistency.py,PINNED_REFERENCE,reachable or evidence-sensitive; retained in place
research_validation/pretest_freeze.py,PINNED_REFERENCE,reachable or evidence-sensitive; retained in place
research_validation/profiles.py,PINNED_REFERENCE,reachable or evidence-sensitive; retained in place
research_validation/purged_split.py,PINNED_REFERENCE,reachable or evidence-sensitive; retained in place
research_validation/research_protocol_v2.py,PINNED_REFERENCE,reachable or evidence-sensitive; retained in place
research_validation/rolling_evaluation.py,PINNED_REFERENCE,reachable or evidence-sensitive; retained in place
research_validation/schemas.py,PINNED_REFERENCE,reachable or evidence-sensitive; retained in place
research_validation/selection_projection.py,PINNED_REFERENCE,reachable or evidence-sensitive; retained in place
research_validation/stability.py,PINNED_REFERENCE,reachable or evidence-sensitive; retained in place
research_validation/stage_output.py,PINNED_REFERENCE,reachable or evidence-sensitive; retained in place
research_validation/transparent_baseline.py,PINNED_REFERENCE,reachable or evidence-sensitive; retained in place
scripts/__pycache__/aggregate_research_lightgbm_development_v1.cpython-310.pyc,PINNED_REFERENCE,reachable or evidence-sensitive; retained in place
scripts/__pycache__/aggregate_research_linear_development_v1.cpython-310.pyc,PINNED_REFERENCE,reachable or evidence-sensitive; retained in place
scripts/__pycache__/analyze_membership_lifecycle.cpython-310.pyc,PINNED_REFERENCE,reachable or evidence-sensitive; retained in place
scripts/__pycache__/audit_a_share_execution_v1.cpython-310.pyc,PINNED_REFERENCE,reachable or evidence-sensitive; retained in place
scripts/__pycache__/audit_alpha101_sources_v1.cpython-310.pyc,PINNED_REFERENCE,reachable or evidence-sensitive; retained in place
scripts/__pycache__/audit_alpha158_catalog_v1.cpython-310.pyc,PINNED_REFERENCE,reachable or evidence-sensitive; retained in place
scripts/__pycache__/audit_alpha360_catalog_v1.cpython-310.pyc,PINNED_REFERENCE,reachable or evidence-sensitive; retained in place
scripts/__pycache__/audit_alpha360_strict_oos_extension_v1.cpython-310.pyc,PINNED_REFERENCE,reachable or evidence-sensitive; retained in place
scripts/__pycache__/audit_alpha360_strict_oos_stability_v1.cpython-310.pyc,PINNED_REFERENCE,reachable or evidence-sensitive; retained in place
scripts/__pycache__/audit_bootstrap_gap_sensitivity_v1.cpython-310.pyc,PINNED_REFERENCE,reachable or evidence-sensitive; retained in place
scripts/__pycache__/audit_exposure_data_capability_v1.cpython-310.pyc,PINNED_REFERENCE,reachable or evidence-sensitive; retained in place
scripts/__pycache__/audit_external_exposure_data_v1.cpython-310.pyc,PINNED_REFERENCE,reachable or evidence-sensitive; retained in place
scripts/__pycache__/audit_factor_clustering_v1.cpython-310.pyc,PINNED_REFERENCE,reachable or evidence-sensitive; retained in place
scripts/__pycache__/audit_factor_dependency_v1.cpython-310.pyc,PINNED_REFERENCE,reachable or evidence-sensitive; retained in place
scripts/__pycache__/audit_factor_multiple_testing_v1.cpython-310.pyc,PINNED_REFERENCE,reachable or evidence-sensitive; retained in place
scripts/__pycache__/audit_factor_research_toolchain_v1.cpython-310.pyc,PINNED_REFERENCE,reachable or evidence-sensitive; retained in place
scripts/__pycache__/audit_factor_rolling_stability_v1.cpython-310.pyc,PINNED_REFERENCE,reachable or evidence-sensitive; retained in place
scripts/__pycache__/audit_factor_score_construction_v1.cpython-310.pyc,PINNED_REFERENCE,reachable or evidence-sensitive; retained in place
scripts/__pycache__/audit_factor_source_provenance_v1.cpython-310.pyc,PINNED_REFERENCE,reachable or evidence-sensitive; retained in place
scripts/__pycache__/audit_factor_validation_baseline_v1.cpython-310.pyc,PINNED_REFERENCE,reachable or evidence-sensitive; retained in place
scripts/__pycache__/audit_final_portfolio_diagnostics_v1.cpython-310.pyc,PINNED_REFERENCE,reachable or evidence-sensitive; retained in place
scripts/__pycache__/audit_lightgbm_thread_determinism_v1.cpython-310.pyc,PINNED_REFERENCE,reachable or evidence-sensitive; retained in place
scripts/__pycache__/audit_liquidity_residualized_factor_evaluation_v1.cpython-310.pyc,PINNED_REFERENCE,reachable or evidence-sensitive; retained in place
scripts/__pycache__/audit_ml_feature_eligibility_v1.cpython-310.pyc,PINNED_REFERENCE,reachable or evidence-sensitive; retained in place
scripts/__pycache__/audit_open_source_factor_expansion_v1.cpython-310.pyc,PINNED_REFERENCE,reachable or evidence-sensitive; retained in place
scripts/__pycache__/audit_point_in_time_universe_v1.cpython-310.pyc,PINNED_REFERENCE,reachable or evidence-sensitive; retained in place
scripts/__pycache__/audit_purged_walk_forward_v1.cpython-310.pyc,PINNED_REFERENCE,reachable or evidence-sensitive; retained in place
scripts/__pycache__/audit_qlib_environment_v1.cpython-310.pyc,PINNED_REFERENCE,reachable or evidence-sensitive; retained in place
scripts/__pycache__/audit_raw_market_data_snapshot_v1.cpython-310.pyc,PINNED_REFERENCE,reachable or evidence-sensitive; retained in place
scripts/__pycache__/audit_reference_pipeline_consistency_v1.cpython-310.pyc,PINNED_REFERENCE,reachable or evidence-sensitive; retained in place
scripts/__pycache__/audit_research_data_contracts_v1.cpython-310.pyc,PINNED_REFERENCE,reachable or evidence-sensitive; retained in place
scripts/__pycache__/audit_research_model_inputs_v1.cpython-310.pyc,PINNED_REFERENCE,reachable or evidence-sensitive; retained in place
scripts/__pycache__/audit_research_model_inputs_v1_1.cpython-310.pyc,PINNED_REFERENCE,reachable or evidence-sensitive; retained in place
scripts/__pycache__/audit_tradability_exposure_attribution_v1.cpython-310.pyc,PINNED_REFERENCE,reachable or evidence-sensitive; retained in place
scripts/__pycache__/audit_transparent_score_policy_v1.cpython-310.pyc,PINNED_REFERENCE,reachable or evidence-sensitive; retained in place
scripts/__pycache__/audit_transparent_score_policy_v1.cpython-312.pyc,ACTIVE,default working surface or unclassified source
scripts/__pycache__/benchmark_full_preprocessing_v3.cpython-310.pyc,PINNED_REFERENCE,reachable or evidence-sensitive; retained in place
scripts/__pycache__/benchmark_ml_feature_pool_performance_v1.cpython-310.pyc,PINNED_REFERENCE,reachable or evidence-sensitive; retained in place
scripts/__pycache__/benchmark_research_productivity_v1.cpython-310.pyc,PINNED_REFERENCE,reachable or evidence-sensitive; retained in place
scripts/__pycache__/build_alpha158_expression_frame_v1.cpython-310.pyc,PINNED_REFERENCE,reachable or evidence-sensitive; retained in place
scripts/__pycache__/build_alpha360_expression_frame_v1.cpython-310.pyc,PINNED_REFERENCE,reachable or evidence-sensitive; retained in place
scripts/__pycache__/build_factor_context_v1.cpython-310.pyc,PINNED_REFERENCE,reachable or evidence-sensitive; retained in place
scripts/__pycache__/build_factor_universe_v2.cpython-310.pyc,PINNED_REFERENCE,reachable or evidence-sensitive; retained in place
scripts/__pycache__/build_factor_universe_v2.cpython-312.pyc,PINNED_REFERENCE,reachable or evidence-sensitive; retained in place
scripts/__pycache__/build_factor_universe_v2_pre_network.cpython-310.pyc,PINNED_REFERENCE,reachable or evidence-sensitive; retained in place
scripts/__pycache__/build_instrument_state_v1.cpython-310.pyc,PINNED_REFERENCE,reachable or evidence-sensitive; retained in place
scripts/__pycache__/build_market_cache_v2.cpython-310.pyc,PINNED_REFERENCE,reachable or evidence-sensitive; retained in place
scripts/__pycache__/build_ml_clustering_ablation_v1.cpython-310.pyc,PINNED_REFERENCE,reachable or evidence-sensitive; retained in place
scripts/__pycache__/build_ml_feature_pool_mvp_v1.cpython-310.pyc,PINNED_REFERENCE,reachable or evidence-sensitive; retained in place
scripts/__pycache__/build_point_in_time_exposure_fields_v1.cpython-310.pyc,PINNED_REFERENCE,reachable or evidence-sensitive; retained in place
scripts/__pycache__/build_research_protocol_v2.cpython-310.pyc,PINNED_REFERENCE,reachable or evidence-sensitive; retained in place
scripts/__pycache__/check_quality.cpython-310.pyc,PINNED_REFERENCE,reachable or evidence-sensitive; retained in place
scripts/__pycache__/check_quality.cpython-312.pyc,PINNED_REFERENCE,reachable or evidence-sensitive; retained in place
scripts/__pycache__/close_accuracy_lineage_v1.cpython-310.pyc,PINNED_REFERENCE,reachable or evidence-sensitive; retained in place
scripts/__pycache__/create_filtered_universe.cpython-310.pyc,PINNED_REFERENCE,reachable or evidence-sensitive; retained in place
scripts/__pycache__/create_liquidity_universe.cpython-310.pyc,PINNED_REFERENCE,reachable or evidence-sensitive; retained in place
scripts/__pycache__/create_topk_scan_configs.cpython-310.pyc,PINNED_REFERENCE,reachable or evidence-sensitive; retained in place
scripts/__pycache__/create_workflow_config.cpython-310.pyc,PINNED_REFERENCE,reachable or evidence-sensitive; retained in place
scripts/__pycache__/daily_update.cpython-310.pyc,PINNED_REFERENCE,reachable or evidence-sensitive; retained in place
scripts/__pycache__/daily_update.cpython-312.pyc,PINNED_REFERENCE,reachable or evidence-sensitive; retained in place
scripts/__pycache__/finalize_execution_unit_semantics_v1_2.cpython-310.pyc,PINNED_REFERENCE,reachable or evidence-sensitive; retained in place
scripts/__pycache__/freeze_bugfix_research_v1.cpython-310.pyc,PINNED_REFERENCE,reachable or evidence-sensitive; retained in place
scripts/__pycache__/freeze_data_source_audit_sample_v2.cpython-310.pyc,PINNED_REFERENCE,reachable or evidence-sensitive; retained in place
scripts/__pycache__/freeze_full_research_factor_catalog_669_v1.cpython-310.pyc,PINNED_REFERENCE,reachable or evidence-sensitive; retained in place
scripts/__pycache__/freeze_full_research_factor_trial_v1.cpython-310.pyc,PINNED_REFERENCE,reachable or evidence-sensitive; retained in place
scripts/__pycache__/freeze_historical_instrument_state_scope_v2.cpython-310.pyc,PINNED_REFERENCE,reachable or evidence-sensitive; retained in place
scripts/__pycache__/freeze_pre_test_transparent_v1.cpython-310.pyc,PINNED_REFERENCE,reachable or evidence-sensitive; retained in place
scripts/__pycache__/freeze_prospective_forward_protocol_v1.cpython-310.pyc,PINNED_REFERENCE,reachable or evidence-sensitive; retained in place
scripts/__pycache__/freeze_research_lightgbm_test_release_v1.cpython-310.pyc,PINNED_REFERENCE,reachable or evidence-sensitive; retained in place
scripts/__pycache__/freeze_research_linear_test_release_v1.cpython-310.pyc,PINNED_REFERENCE,reachable or evidence-sensitive; retained in place
scripts/__pycache__/freeze_research_model_protocol_v1.cpython-310.pyc,PINNED_REFERENCE,reachable or evidence-sensitive; retained in place
scripts/__pycache__/freeze_research_model_protocol_v1_1.cpython-310.pyc,PINNED_REFERENCE,reachable or evidence-sensitive; retained in place
scripts/__pycache__/harden_prospective_forward_candidate_v1.cpython-310.pyc,PINNED_REFERENCE,reachable or evidence-sensitive; retained in place
scripts/__pycache__/inspect_instrument_history.cpython-310.pyc,PINNED_REFERENCE,reachable or evidence-sensitive; retained in place
scripts/__pycache__/inspect_provider_fields.cpython-310.pyc,PINNED_REFERENCE,reachable or evidence-sensitive; retained in place
scripts/__pycache__/inspect_qlib_data.cpython-310.pyc,PINNED_REFERENCE,reachable or evidence-sensitive; retained in place
scripts/__pycache__/inspect_qlib_data.cpython-310.pyc.2078402555200,PINNED_REFERENCE,reachable or evidence-sensitive; retained in place
scripts/__pycache__/materialize_corrected_transparent_score_v2.cpython-310.pyc,PINNED_REFERENCE,reachable or evidence-sensitive; retained in place
scripts/__pycache__/migrate_reference_lineage_v1.cpython-310.pyc,PINNED_REFERENCE,reachable or evidence-sensitive; retained in place
scripts/__pycache__/plan_research_resources_v1.cpython-310.pyc,PINNED_REFERENCE,reachable or evidence-sensitive; retained in place
scripts/__pycache__/prepare_alpha101_batch_catalogs_v1.cpython-310.pyc,PINNED_REFERENCE,reachable or evidence-sensitive; retained in place
scripts/__pycache__/prepare_alpha158_full_stage_catalogs_v1.cpython-310.pyc,PINNED_REFERENCE,reachable or evidence-sensitive; retained in place
scripts/__pycache__/prepare_alpha360_batch_catalogs_v1.cpython-310.pyc,PINNED_REFERENCE,reachable or evidence-sensitive; retained in place
scripts/__pycache__/prepare_matrix_bulk_run_review_v1.cpython-310.pyc,PINNED_REFERENCE,reachable or evidence-sensitive; retained in place
scripts/__pycache__/prepare_matrix_v4_bulk_run_review.cpython-310.pyc,PINNED_REFERENCE,reachable or evidence-sensitive; retained in place
scripts/__pycache__/prepare_ta_batch_catalogs_v1.cpython-310.pyc,PINNED_REFERENCE,reachable or evidence-sensitive; retained in place
scripts/__pycache__/promote_alpha101_batch_catalog_entries_v1.cpython-310.pyc,PINNED_REFERENCE,reachable or evidence-sensitive; retained in place
scripts/__pycache__/promote_alpha101_smoke_catalog_entries_v1.cpython-310.pyc,PINNED_REFERENCE,reachable or evidence-sensitive; retained in place
scripts/__pycache__/promote_alpha158_batch_catalog_entries_v1.cpython-310.pyc,PINNED_REFERENCE,reachable or evidence-sensitive; retained in place
scripts/__pycache__/promote_alpha158_catalog_entries_v1.cpython-310.pyc,PINNED_REFERENCE,reachable or evidence-sensitive; retained in place
scripts/__pycache__/promote_alpha360_batch_catalog_entries_v1.cpython-310.pyc,PINNED_REFERENCE,reachable or evidence-sensitive; retained in place
scripts/__pycache__/promote_ta_batch_catalog_entries_v1.cpython-310.pyc,PINNED_REFERENCE,reachable or evidence-sensitive; retained in place
scripts/__pycache__/promote_ta_smoke_catalog_entries_v1.cpython-310.pyc,PINNED_REFERENCE,reachable or evidence-sensitive; retained in place
scripts/__pycache__/qrun_with_project_tmp.cpython-310.pyc,PINNED_REFERENCE,reachable or evidence-sensitive; retained in place
scripts/__pycache__/qrun_with_project_tmp.cpython-310.pyc.1477775666496,PINNED_REFERENCE,reachable or evidence-sensitive; retained in place
scripts/__pycache__/qualify_full_research_acceleration_v3.cpython-310.pyc,PINNED_REFERENCE,reachable or evidence-sensitive; retained in place
scripts/__pycache__/reconcile_execution_engines_v1.cpython-310.pyc,PINNED_REFERENCE,reachable or evidence-sensitive; retained in place
scripts/__pycache__/refit_prospective_forward_candidate_v1.cpython-310.pyc,PINNED_REFERENCE,reachable or evidence-sensitive; retained in place
scripts/__pycache__/release_research_lightgbm_tests_v1.cpython-310.pyc,PINNED_REFERENCE,reachable or evidence-sensitive; retained in place
scripts/__pycache__/release_research_linear_tests_v1.cpython-310.pyc,PINNED_REFERENCE,reachable or evidence-sensitive; retained in place
scripts/__pycache__/report_full_research_669_readiness_v1.cpython-310.pyc,PINNED_REFERENCE,reachable or evidence-sensitive; retained in place
scripts/__pycache__/report_full_research_trial_readiness_v1.cpython-310.pyc,PINNED_REFERENCE,reachable or evidence-sensitive; retained in place
scripts/__pycache__/report_matrix_run_history_v1.cpython-310.pyc,PINNED_REFERENCE,reachable or evidence-sensitive; retained in place
scripts/__pycache__/report_matrix_run_history_v1.cpython-312.pyc,ACTIVE,default working surface or unclassified source
scripts/__pycache__/report_ml_clustering_ablation_v1.cpython-310.pyc,PINNED_REFERENCE,reachable or evidence-sensitive; retained in place
scripts/__pycache__/report_qlib_exchange_readiness_v1.cpython-310.pyc,PINNED_REFERENCE,reachable or evidence-sensitive; retained in place
scripts/__pycache__/repository_consolidation_audit_v1.cpython-312.pyc,ACTIVE,default working surface or unclassified source
scripts/__pycache__/retract_execution_unit_readiness_v1_2.cpython-310.pyc,PINNED_REFERENCE,reachable or evidence-sensitive; retained in place
scripts/__pycache__/run_a_share_execution_v1.cpython-310.pyc,PINNED_REFERENCE,reachable or evidence-sensitive; retained in place
scripts/__pycache__/run_alpha101_factor_adapter_smoke_v1.cpython-310.pyc,PINNED_REFERENCE,reachable or evidence-sensitive; retained in place
scripts/__pycache__/run_alpha158_candidate_pool_v1.cpython-310.pyc,PINNED_REFERENCE,reachable or evidence-sensitive; retained in place
scripts/__pycache__/run_alpha158_candidate_portfolio_smoke_v1.cpython-310.pyc,PINNED_REFERENCE,reachable or evidence-sensitive; retained in place
scripts/__pycache__/run_alpha158_judgement_v1.cpython-310.pyc,PINNED_REFERENCE,reachable or evidence-sensitive; retained in place
scripts/__pycache__/run_alpha158_portfolio_diagnostics_v1.cpython-310.pyc,PINNED_REFERENCE,reachable or evidence-sensitive; retained in place
scripts/__pycache__/run_alpha158_screening_input_v1.cpython-310.pyc,PINNED_REFERENCE,reachable or evidence-sensitive; retained in place
scripts/__pycache__/run_alpha158_stability_diagnostics_v1.cpython-310.pyc,PINNED_REFERENCE,reachable or evidence-sensitive; retained in place
scripts/__pycache__/run_canonical_historical_dataset_assembly_v1.cpython-310.pyc,PINNED_REFERENCE,reachable or evidence-sensitive; retained in place
scripts/__pycache__/run_canonical_historical_dataset_assembly_v1.cpython-312.pyc,PINNED_REFERENCE,reachable or evidence-sensitive; retained in place
scripts/__pycache__/run_clustering_input_projection_v1.cpython-310.pyc,PINNED_REFERENCE,reachable or evidence-sensitive; retained in place
scripts/__pycache__/run_clustering_input_projection_v1.cpython-312.pyc,ACTIVE,default working surface or unclassified source
scripts/__pycache__/run_corrected_oos_execution_v1.cpython-310.pyc,PINNED_REFERENCE,reachable or evidence-sensitive; retained in place
scripts/__pycache__/run_data_source_audit_v2.cpython-310.pyc,PINNED_REFERENCE,reachable or evidence-sensitive; retained in place
scripts/__pycache__/run_development_robustness_split_v1.cpython-310.pyc,PINNED_REFERENCE,reachable or evidence-sensitive; retained in place
scripts/__pycache__/run_economic_multi_factor_research_v1.cpython-310.pyc,PINNED_REFERENCE,reachable or evidence-sensitive; retained in place
scripts/__pycache__/run_extended_matrix_overlap_lineage_resolution_v1.cpython-310.pyc,PINNED_REFERENCE,reachable or evidence-sensitive; retained in place
scripts/__pycache__/run_external_exposure_snapshot_v1.cpython-310.pyc,PINNED_REFERENCE,reachable or evidence-sensitive; retained in place
scripts/__pycache__/run_external_pit_style_data_v1.cpython-310.pyc,PINNED_REFERENCE,reachable or evidence-sensitive; retained in place
scripts/__pycache__/run_external_pit_style_data_v1.cpython-312.pyc,PINNED_REFERENCE,reachable or evidence-sensitive; retained in place
scripts/__pycache__/run_factor_candidate_pool_v3.cpython-310.pyc,PINNED_REFERENCE,reachable or evidence-sensitive; retained in place
scripts/__pycache__/run_factor_clustering_v1.cpython-310.pyc,PINNED_REFERENCE,reachable or evidence-sensitive; retained in place
scripts/__pycache__/run_factor_evaluation_batch_v1.cpython-310.pyc,PINNED_REFERENCE,reachable or evidence-sensitive; retained in place
scripts/__pycache__/run_factor_evaluation_v4.cpython-310.pyc,PINNED_REFERENCE,reachable or evidence-sensitive; retained in place
scripts/__pycache__/run_factor_long_short.cpython-310.pyc,PINNED_REFERENCE,reachable or evidence-sensitive; retained in place
scripts/__pycache__/run_factor_long_short.cpython-310.pyc.2596940754240,PINNED_REFERENCE,reachable or evidence-sensitive; retained in place
scripts/__pycache__/run_factor_model_comparison_v1.cpython-310.pyc,PINNED_REFERENCE,reachable or evidence-sensitive; retained in place
scripts/__pycache__/run_factor_multiple_testing_v1.cpython-310.pyc,PINNED_REFERENCE,reachable or evidence-sensitive; retained in place
scripts/__pycache__/run_factor_research_v2.cpython-310.pyc,PINNED_REFERENCE,reachable or evidence-sensitive; retained in place
scripts/__pycache__/run_factor_research_v3.cpython-310.pyc,PINNED_REFERENCE,reachable or evidence-sensitive; retained in place
scripts/__pycache__/run_factor_research_v3.cpython-312.pyc,ACTIVE,default working surface or unclassified source
scripts/__pycache__/run_factor_rolling_stability_v1.cpython-310.pyc,PINNED_REFERENCE,reachable or evidence-sensitive; retained in place
scripts/__pycache__/run_factor_score_construction_v1.cpython-310.pyc,PINNED_REFERENCE,reachable or evidence-sensitive; retained in place
scripts/__pycache__/run_factor_score_portfolio.cpython-310.pyc,PINNED_REFERENCE,reachable or evidence-sensitive; retained in place
scripts/__pycache__/run_factor_screening_v3.cpython-310.pyc,PINNED_REFERENCE,reachable or evidence-sensitive; retained in place
scripts/__pycache__/run_factor_time_slices.cpython-310.pyc,PINNED_REFERENCE,reachable or evidence-sensitive; retained in place
scripts/__pycache__/run_factor_universe_v2_matrix_readiness.cpython-310.pyc,PINNED_REFERENCE,reachable or evidence-sensitive; retained in place
scripts/__pycache__/run_fast_research_mt_v2.cpython-310.pyc,PINNED_REFERENCE,reachable or evidence-sensitive; retained in place
scripts/__pycache__/run_fast_research_v1.cpython-310.pyc,PINNED_REFERENCE,reachable or evidence-sensitive; retained in place
scripts/__pycache__/run_final_portfolio_diagnostics_v1.cpython-310.pyc,PINNED_REFERENCE,reachable or evidence-sensitive; retained in place
scripts/__pycache__/run_forward_prediction_v1.cpython-310.pyc,PINNED_REFERENCE,reachable or evidence-sensitive; retained in place
scripts/__pycache__/run_full_research_daily_ic_v1.cpython-310.pyc,PINNED_REFERENCE,reachable or evidence-sensitive; retained in place
scripts/__pycache__/run_full_research_daily_ic_v2.cpython-310.pyc,PINNED_REFERENCE,reachable or evidence-sensitive; retained in place
scripts/__pycache__/run_full_research_feature_matrix_v1.cpython-310.pyc,PINNED_REFERENCE,reachable or evidence-sensitive; retained in place
scripts/__pycache__/run_full_research_feature_matrix_v4.cpython-310.pyc,PINNED_REFERENCE,reachable or evidence-sensitive; retained in place
scripts/__pycache__/run_full_research_feature_matrix_v4.cpython-312.pyc,ACTIVE,default working surface or unclassified source
scripts/__pycache__/run_full_research_feature_matrix_v4_canary.cpython-310.pyc,PINNED_REFERENCE,reachable or evidence-sensitive; retained in place
scripts/__pycache__/run_full_research_labels_v1.cpython-310.pyc,PINNED_REFERENCE,reachable or evidence-sensitive; retained in place
scripts/__pycache__/run_full_research_labels_v2.cpython-310.pyc,PINNED_REFERENCE,reachable or evidence-sensitive; retained in place
scripts/__pycache__/run_historical_data_authority_resolution_v1.cpython-310.pyc,PINNED_REFERENCE,reachable or evidence-sensitive; retained in place
scripts/__pycache__/run_historical_data_engineering_extension_v1.cpython-310.pyc,PINNED_REFERENCE,reachable or evidence-sensitive; retained in place
scripts/__pycache__/run_historical_dataset_validation_design_v1.cpython-310.pyc,PINNED_REFERENCE,reachable or evidence-sensitive; retained in place
scripts/__pycache__/run_historical_frontier_admission_v1.cpython-310.pyc,PINNED_REFERENCE,reachable or evidence-sensitive; retained in place
scripts/__pycache__/run_historical_instrument_state_canary_v2.cpython-310.pyc,PINNED_REFERENCE,reachable or evidence-sensitive; retained in place
scripts/__pycache__/run_historical_model_comparison_v1.cpython-310.pyc,PINNED_REFERENCE,reachable or evidence-sensitive; retained in place
scripts/__pycache__/run_historical_portfolio_backtest_v1.cpython-310.pyc,PINNED_REFERENCE,reachable or evidence-sensitive; retained in place
scripts/__pycache__/run_holdout_clean_stability_v1.cpython-310.pyc,PINNED_REFERENCE,reachable or evidence-sensitive; retained in place
scripts/__pycache__/run_legacy_common_scores_v1.cpython-310.pyc,PINNED_REFERENCE,reachable or evidence-sensitive; retained in place
scripts/__pycache__/run_linear_factor_model.cpython-310.pyc,PINNED_REFERENCE,reachable or evidence-sensitive; retained in place
scripts/__pycache__/run_liquidity_bucket_portfolio.cpython-310.pyc,PINNED_REFERENCE,reachable or evidence-sensitive; retained in place
scripts/__pycache__/run_liquidity_residualized_factor_evaluation_v1.cpython-310.pyc,PINNED_REFERENCE,reachable or evidence-sensitive; retained in place
scripts/__pycache__/run_long_history_core_factor_phase0_v1.cpython-310.pyc,PINNED_REFERENCE,reachable or evidence-sensitive; retained in place
scripts/__pycache__/run_low_frequency_tradability_portfolio.cpython-310.pyc,PINNED_REFERENCE,reachable or evidence-sensitive; retained in place
scripts/__pycache__/run_low_frequency_tradability_scan.cpython-310.pyc,PINNED_REFERENCE,reachable or evidence-sensitive; retained in place
scripts/__pycache__/run_maximum_historical_extension_qualification_v1.cpython-310.pyc,PINNED_REFERENCE,reachable or evidence-sensitive; retained in place
scripts/__pycache__/run_ml_clustering_ablation_v1.cpython-310.pyc,PINNED_REFERENCE,reachable or evidence-sensitive; retained in place
scripts/__pycache__/run_ml_feature_pool_canary_v1.cpython-310.pyc,PINNED_REFERENCE,reachable or evidence-sensitive; retained in place
scripts/__pycache__/run_ml_feature_pool_mvp_v1.cpython-310.pyc,PINNED_REFERENCE,reachable or evidence-sensitive; retained in place
scripts/__pycache__/run_model_diagnostic_style_attribution_v1.cpython-310.pyc,PINNED_REFERENCE,reachable or evidence-sensitive; retained in place
scripts/__pycache__/run_multi_source_judgement_v1.cpython-310.pyc,PINNED_REFERENCE,reachable or evidence-sensitive; retained in place
scripts/__pycache__/run_multi_source_screening_v1.cpython-310.pyc,PINNED_REFERENCE,reachable or evidence-sensitive; retained in place
scripts/__pycache__/run_new_source_probe_diagnostics_v1.cpython-310.pyc,PINNED_REFERENCE,reachable or evidence-sensitive; retained in place
scripts/__pycache__/run_new_source_probe_review_v1.cpython-310.pyc,PINNED_REFERENCE,reachable or evidence-sensitive; retained in place
scripts/__pycache__/run_outer_split_fdr_v1.cpython-310.pyc,PINNED_REFERENCE,reachable or evidence-sensitive; retained in place
scripts/__pycache__/run_paper_portfolio_v1.cpython-310.pyc,PINNED_REFERENCE,reachable or evidence-sensitive; retained in place
scripts/__pycache__/run_point_in_time_universe_v1.cpython-310.pyc,PINNED_REFERENCE,reachable or evidence-sensitive; retained in place
scripts/__pycache__/run_point_in_time_universe_v2.cpython-310.pyc,PINNED_REFERENCE,reachable or evidence-sensitive; retained in place
scripts/__pycache__/run_post_model_diagnostics_v1.cpython-310.pyc,PINNED_REFERENCE,reachable or evidence-sensitive; retained in place
scripts/__pycache__/run_post_model_diagnostics_v1.cpython-312.pyc,PINNED_REFERENCE,reachable or evidence-sensitive; retained in place
scripts/__pycache__/run_pre_model_diagnostics_v1.cpython-310.pyc,PINNED_REFERENCE,reachable or evidence-sensitive; retained in place
scripts/__pycache__/run_prospective_forward_candidate_canary_v1.cpython-310.pyc,PINNED_REFERENCE,reachable or evidence-sensitive; retained in place
scripts/__pycache__/run_purged_walk_forward_v1.cpython-310.pyc,PINNED_REFERENCE,reachable or evidence-sensitive; retained in place
scripts/__pycache__/run_qlib_exchange_full_research_v1.cpython-310.pyc,PINNED_REFERENCE,reachable or evidence-sensitive; retained in place
scripts/__pycache__/run_qlib_exchange_reference_v1.cpython-310.pyc,PINNED_REFERENCE,reachable or evidence-sensitive; retained in place
scripts/__pycache__/run_qlib_exchange_split_transparent_v1.cpython-310.pyc,PINNED_REFERENCE,reachable or evidence-sensitive; retained in place
scripts/__pycache__/run_qlib_exchange_v1.cpython-310.pyc,PINNED_REFERENCE,reachable or evidence-sensitive; retained in place
scripts/__pycache__/run_research_lightgbm_canary_v1.cpython-310.pyc,PINNED_REFERENCE,reachable or evidence-sensitive; retained in place
scripts/__pycache__/run_research_lightgbm_development_v1.cpython-310.pyc,PINNED_REFERENCE,reachable or evidence-sensitive; retained in place
scripts/__pycache__/run_research_lightgbm_full_mt_v2.cpython-310.pyc,PINNED_REFERENCE,reachable or evidence-sensitive; retained in place
scripts/__pycache__/run_research_linear_development_v1.cpython-310.pyc,PINNED_REFERENCE,reachable or evidence-sensitive; retained in place
scripts/__pycache__/run_research_linear_execution_v1.cpython-310.pyc,PINNED_REFERENCE,reachable or evidence-sensitive; retained in place
scripts/__pycache__/run_research_linear_solver_canary_v1.cpython-310.pyc,PINNED_REFERENCE,reachable or evidence-sensitive; retained in place
scripts/__pycache__/run_research_model_development_dry_run_v1_1.cpython-310.pyc,PINNED_REFERENCE,reachable or evidence-sensitive; retained in place
scripts/__pycache__/run_research_model_protocol_canary_v1.cpython-310.pyc,PINNED_REFERENCE,reachable or evidence-sensitive; retained in place
scripts/__pycache__/run_research_model_protocol_canary_v1_1.cpython-310.pyc,PINNED_REFERENCE,reachable or evidence-sensitive; retained in place
scripts/__pycache__/run_selection_input_projection_v1.cpython-310.pyc,PINNED_REFERENCE,reachable or evidence-sensitive; retained in place
scripts/__pycache__/run_split_specific_allowlist_v1.cpython-310.pyc,PINNED_REFERENCE,reachable or evidence-sensitive; retained in place
scripts/__pycache__/run_split_specific_allowlist_v1.cpython-312.pyc,ACTIVE,default working surface or unclassified source
scripts/__pycache__/run_split_specific_clustering_v1.cpython-310.pyc,PINNED_REFERENCE,reachable or evidence-sensitive; retained in place
scripts/__pycache__/run_split_specific_clustering_v1.cpython-312.pyc,ACTIVE,default working surface or unclassified source
scripts/__pycache__/run_split_transparent_score_v1.cpython-310.pyc,PINNED_REFERENCE,reachable or evidence-sensitive; retained in place
scripts/__pycache__/run_split_transparent_weights_v1.cpython-310.pyc,PINNED_REFERENCE,reachable or evidence-sensitive; retained in place
scripts/__pycache__/run_ta_factor_adapter_smoke_v1.cpython-310.pyc,PINNED_REFERENCE,reachable or evidence-sensitive; retained in place
scripts/__pycache__/show_forward_status_v1.cpython-310.pyc,PINNED_REFERENCE,reachable or evidence-sensitive; retained in place
scripts/__pycache__/summarize_alpha158_first20.cpython-310.pyc,PINNED_REFERENCE,reachable or evidence-sensitive; retained in place
scripts/__pycache__/summarize_alpha158_remaining138.cpython-310.pyc,PINNED_REFERENCE,reachable or evidence-sensitive; retained in place
scripts/__pycache__/summarize_factor_candidates.cpython-310.pyc,PINNED_REFERENCE,reachable or evidence-sensitive; retained in place
scripts/__pycache__/summarize_factor_long_short.cpython-310.pyc,PINNED_REFERENCE,reachable or evidence-sensitive; retained in place
scripts/__pycache__/summarize_factor_reports.cpython-310.pyc,PINNED_REFERENCE,reachable or evidence-sensitive; retained in place
scripts/__pycache__/summarize_factor_score_portfolios.cpython-310.pyc,PINNED_REFERENCE,reachable or evidence-sensitive; retained in place
scripts/__pycache__/summarize_liquidity_bucket_portfolios.cpython-310.pyc,PINNED_REFERENCE,reachable or evidence-sensitive; retained in place
scripts/__pycache__/summarize_low_frequency_portfolios.cpython-310.pyc,PINNED_REFERENCE,reachable or evidence-sensitive; retained in place
scripts/__pycache__/summarize_mlruns.cpython-310.pyc,PINNED_REFERENCE,reachable or evidence-sensitive; retained in place
scripts/__pycache__/summarize_tradability_windows.cpython-310.pyc,PINNED_REFERENCE,reachable or evidence-sensitive; retained in place
scripts/__pycache__/summarize_universe.cpython-310.pyc,PINNED_REFERENCE,reachable or evidence-sensitive; retained in place
scripts/__pycache__/update_forward_labels_v1.cpython-310.pyc,PINNED_REFERENCE,reachable or evidence-sensitive; retained in place
scripts/__pycache__/validate_a_share_execution_v1.cpython-310.pyc,PINNED_REFERENCE,reachable or evidence-sensitive; retained in place
scripts/__pycache__/validate_accuracy_correction_hard_stop_v1.cpython-310.pyc,PINNED_REFERENCE,reachable or evidence-sensitive; retained in place
scripts/__pycache__/validate_accuracy_correction_v1_1.cpython-310.pyc,PINNED_REFERENCE,reachable or evidence-sensitive; retained in place
scripts/__pycache__/validate_alpha158_candidate_expression_frame_v1.cpython-310.pyc,PINNED_REFERENCE,reachable or evidence-sensitive; retained in place
scripts/__pycache__/validate_alpha158_expression_frame_v1.cpython-310.pyc,PINNED_REFERENCE,reachable or evidence-sensitive; retained in place
scripts/__pycache__/validate_data_source_audit_v2.cpython-310.pyc,PINNED_REFERENCE,reachable or evidence-sensitive; retained in place
scripts/__pycache__/validate_execution_accuracy_v1.cpython-310.pyc,PINNED_REFERENCE,reachable or evidence-sensitive; retained in place
scripts/__pycache__/validate_execution_reconciliation_v1.cpython-310.pyc,PINNED_REFERENCE,reachable or evidence-sensitive; retained in place
scripts/__pycache__/validate_execution_unit_semantics_v1_2.cpython-310.pyc,PINNED_REFERENCE,reachable or evidence-sensitive; retained in place
scripts/__pycache__/validate_external_exposure_data_v1.cpython-310.pyc,PINNED_REFERENCE,reachable or evidence-sensitive; retained in place
scripts/__pycache__/validate_factor_clustering_v1.cpython-310.pyc,PINNED_REFERENCE,reachable or evidence-sensitive; retained in place
scripts/__pycache__/validate_factor_context_v1.cpython-310.pyc,PINNED_REFERENCE,reachable or evidence-sensitive; retained in place
scripts/__pycache__/validate_factor_evaluation_context.cpython-310.pyc,PINNED_REFERENCE,reachable or evidence-sensitive; retained in place
scripts/__pycache__/validate_factor_multiple_testing_v1.cpython-310.pyc,PINNED_REFERENCE,reachable or evidence-sensitive; retained in place
scripts/__pycache__/validate_factor_rolling_stability_v1.cpython-310.pyc,PINNED_REFERENCE,reachable or evidence-sensitive; retained in place
scripts/__pycache__/validate_factor_score_construction_v1.cpython-310.pyc,PINNED_REFERENCE,reachable or evidence-sensitive; retained in place
scripts/__pycache__/validate_factor_source_provenance_v1.cpython-310.pyc,PINNED_REFERENCE,reachable or evidence-sensitive; retained in place
scripts/__pycache__/validate_factor_universe_v2_matrix_closeout.cpython-310.pyc,PINNED_REFERENCE,reachable or evidence-sensitive; retained in place
scripts/__pycache__/validate_factor_universe_v2_matrix_closeout.cpython-312.pyc,ACTIVE,default working surface or unclassified source
scripts/__pycache__/validate_final_portfolio_diagnostics_v1.cpython-310.pyc,PINNED_REFERENCE,reachable or evidence-sensitive; retained in place
scripts/__pycache__/validate_full_research_669_v1.cpython-310.pyc,PINNED_REFERENCE,reachable or evidence-sensitive; retained in place
scripts/__pycache__/validate_full_research_trial_v1.cpython-310.pyc,PINNED_REFERENCE,reachable or evidence-sensitive; retained in place
scripts/__pycache__/validate_historical_instrument_state_canary_v2.cpython-310.pyc,PINNED_REFERENCE,reachable or evidence-sensitive; retained in place
scripts/__pycache__/validate_historical_model_comparison_v1.cpython-310.pyc,PINNED_REFERENCE,reachable or evidence-sensitive; retained in place
scripts/__pycache__/validate_liquidity_residualized_factor_evaluation_v1.cpython-310.pyc,PINNED_REFERENCE,reachable or evidence-sensitive; retained in place
scripts/__pycache__/validate_matrix_v3_reproducibility_v1.cpython-310.pyc,PINNED_REFERENCE,reachable or evidence-sensitive; retained in place
scripts/__pycache__/validate_matrix_v3_reproducibility_v1.cpython-312.pyc,ACTIVE,default working surface or unclassified source
scripts/__pycache__/validate_point_in_time_universe_v1.cpython-310.pyc,PINNED_REFERENCE,reachable or evidence-sensitive; retained in place
scripts/__pycache__/validate_point_in_time_universe_v2.cpython-310.pyc,PINNED_REFERENCE,reachable or evidence-sensitive; retained in place
scripts/__pycache__/validate_prospective_forward_candidate_v1.cpython-310.pyc,PINNED_REFERENCE,reachable or evidence-sensitive; retained in place
scripts/__pycache__/validate_prospective_forward_hardening_v1.cpython-310.pyc,PINNED_REFERENCE,reachable or evidence-sensitive; retained in place
scripts/__pycache__/validate_provider.cpython-310.pyc,PINNED_REFERENCE,reachable or evidence-sensitive; retained in place
scripts/__pycache__/validate_purged_walk_forward_v1.cpython-310.pyc,PINNED_REFERENCE,reachable or evidence-sensitive; retained in place
scripts/__pycache__/validate_qlib_exchange_v1.cpython-310.pyc,PINNED_REFERENCE,reachable or evidence-sensitive; retained in place
scripts/__pycache__/validate_raw_market_data_snapshot_v1.cpython-310.pyc,PINNED_REFERENCE,reachable or evidence-sensitive; retained in place
scripts/__pycache__/validate_reference_pipeline_consistency_v1.cpython-310.pyc,PINNED_REFERENCE,reachable or evidence-sensitive; retained in place
scripts/__pycache__/validate_research_data_contracts_v1.cpython-310.pyc,PINNED_REFERENCE,reachable or evidence-sensitive; retained in place
scripts/__pycache__/validate_research_model_protocol_v1.cpython-310.pyc,PINNED_REFERENCE,reachable or evidence-sensitive; retained in place
scripts/__pycache__/validate_research_model_protocol_v1_1.cpython-310.pyc,PINNED_REFERENCE,reachable or evidence-sensitive; retained in place
scripts/__pycache__/validate_selection_integrity_receipts_v1.cpython-310.pyc,PINNED_REFERENCE,reachable or evidence-sensitive; retained in place
scripts/__pycache__/validate_selection_mutation_contract_v1.cpython-310.pyc,PINNED_REFERENCE,reachable or evidence-sensitive; retained in place
scripts/__pycache__/validate_tradability_outputs.cpython-310.pyc,PINNED_REFERENCE,reachable or evidence-sensitive; retained in place
scripts/aggregate_research_lightgbm_development_v1.py,PINNED_REFERENCE,reachable or evidence-sensitive; retained in place
scripts/aggregate_research_linear_development_v1.py,PINNED_REFERENCE,reachable or evidence-sensitive; retained in place
scripts/analyze_membership_lifecycle.py,PINNED_REFERENCE,reachable or evidence-sensitive; retained in place
scripts/audit_a_share_execution_v1.py,PINNED_REFERENCE,reachable or evidence-sensitive; retained in place
scripts/audit_alpha101_sources_v1.py,PINNED_REFERENCE,reachable or evidence-sensitive; retained in place
scripts/audit_alpha158_catalog_v1.py,PINNED_REFERENCE,reachable or evidence-sensitive; retained in place
scripts/audit_alpha360_catalog_v1.py,PINNED_REFERENCE,reachable or evidence-sensitive; retained in place
scripts/audit_alpha360_strict_oos_extension_v1.py,PINNED_REFERENCE,reachable or evidence-sensitive; retained in place
scripts/audit_alpha360_strict_oos_stability_v1.py,PINNED_REFERENCE,reachable or evidence-sensitive; retained in place
scripts/audit_bootstrap_gap_sensitivity_v1.py,PINNED_REFERENCE,reachable or evidence-sensitive; retained in place
scripts/audit_exposure_data_capability_v1.py,PINNED_REFERENCE,reachable or evidence-sensitive; retained in place
scripts/audit_external_exposure_data_v1.py,PINNED_REFERENCE,reachable or evidence-sensitive; retained in place
scripts/audit_factor_clustering_v1.py,PINNED_REFERENCE,reachable or evidence-sensitive; retained in place
scripts/audit_factor_dependency_v1.py,PINNED_REFERENCE,reachable or evidence-sensitive; retained in place
scripts/audit_factor_multiple_testing_v1.py,PINNED_REFERENCE,reachable or evidence-sensitive; retained in place
scripts/audit_factor_research_toolchain_v1.py,PINNED_REFERENCE,reachable or evidence-sensitive; retained in place
scripts/audit_factor_rolling_stability_v1.py,PINNED_REFERENCE,reachable or evidence-sensitive; retained in place
scripts/audit_factor_score_construction_v1.py,PINNED_REFERENCE,reachable or evidence-sensitive; retained in place
scripts/audit_factor_source_provenance_v1.py,PINNED_REFERENCE,reachable or evidence-sensitive; retained in place
scripts/audit_factor_validation_baseline_v1.py,PINNED_REFERENCE,reachable or evidence-sensitive; retained in place
scripts/audit_final_portfolio_diagnostics_v1.py,PINNED_REFERENCE,reachable or evidence-sensitive; retained in place
scripts/audit_lightgbm_thread_determinism_v1.py,PINNED_REFERENCE,reachable or evidence-sensitive; retained in place
scripts/audit_liquidity_residualized_factor_evaluation_v1.py,PINNED_REFERENCE,reachable or evidence-sensitive; retained in place
scripts/audit_ml_feature_eligibility_v1.py,PINNED_REFERENCE,reachable or evidence-sensitive; retained in place
scripts/audit_open_source_factor_expansion_v1.py,PINNED_REFERENCE,reachable or evidence-sensitive; retained in place
scripts/audit_point_in_time_universe_v1.py,PINNED_REFERENCE,reachable or evidence-sensitive; retained in place
scripts/audit_purged_walk_forward_v1.py,PINNED_REFERENCE,reachable or evidence-sensitive; retained in place
scripts/audit_qlib_environment_v1.py,PINNED_REFERENCE,reachable or evidence-sensitive; retained in place
scripts/audit_raw_market_data_snapshot_v1.py,PINNED_REFERENCE,reachable or evidence-sensitive; retained in place
scripts/audit_reference_pipeline_consistency_v1.py,PINNED_REFERENCE,reachable or evidence-sensitive; retained in place
scripts/audit_research_data_contracts_v1.py,PINNED_REFERENCE,reachable or evidence-sensitive; retained in place
scripts/audit_research_model_inputs_v1.py,PINNED_REFERENCE,reachable or evidence-sensitive; retained in place
scripts/audit_research_model_inputs_v1_1.py,PINNED_REFERENCE,reachable or evidence-sensitive; retained in place
scripts/audit_tradability_exposure_attribution_v1.py,PINNED_REFERENCE,reachable or evidence-sensitive; retained in place
scripts/audit_transparent_score_policy_v1.py,PINNED_REFERENCE,reachable or evidence-sensitive; retained in place
scripts/benchmark_full_preprocessing_v3.py,PINNED_REFERENCE,reachable or evidence-sensitive; retained in place
scripts/benchmark_ml_feature_pool_performance_v1.py,PINNED_REFERENCE,reachable or evidence-sensitive; retained in place
scripts/benchmark_research_productivity_v1.py,PINNED_REFERENCE,reachable or evidence-sensitive; retained in place
scripts/build_alpha158_expression_frame_v1.py,PINNED_REFERENCE,reachable or evidence-sensitive; retained in place
scripts/build_alpha360_expression_frame_v1.py,PINNED_REFERENCE,reachable or evidence-sensitive; retained in place
scripts/build_derived_provider.ps1,PINNED_REFERENCE,reachable or evidence-sensitive; retained in place
scripts/build_factor_context_v1.py,PINNED_REFERENCE,reachable or evidence-sensitive; retained in place
scripts/build_factor_universe_v2.py,PINNED_REFERENCE,reachable or evidence-sensitive; retained in place
scripts/build_factor_universe_v2_pre_network.py,PINNED_REFERENCE,reachable or evidence-sensitive; retained in place
scripts/build_instrument_state_v1.py,PINNED_REFERENCE,reachable or evidence-sensitive; retained in place
scripts/build_market_cache_v2.py,PINNED_REFERENCE,reachable or evidence-sensitive; retained in place
scripts/build_ml_clustering_ablation_v1.py,PINNED_REFERENCE,reachable or evidence-sensitive; retained in place
scripts/build_ml_feature_pool_mvp_v1.py,PINNED_REFERENCE,reachable or evidence-sensitive; retained in place
scripts/build_point_in_time_exposure_fields_v1.py,PINNED_REFERENCE,reachable or evidence-sensitive; retained in place
scripts/build_research_protocol_v2.py,PINNED_REFERENCE,reachable or evidence-sensitive; retained in place
scripts/check_quality.py,PINNED_REFERENCE,reachable or evidence-sensitive; retained in place
scripts/ci/__init__.py,PINNED_REFERENCE,reachable or evidence-sensitive; retained in place
scripts/ci/__pycache__/__init__.cpython-310.pyc,PINNED_REFERENCE,reachable or evidence-sensitive; retained in place
scripts/ci/__pycache__/__init__.cpython-312.pyc,PINNED_REFERENCE,reachable or evidence-sensitive; retained in place
scripts/ci/__pycache__/check_docs.cpython-310.pyc,PINNED_REFERENCE,reachable or evidence-sensitive; retained in place
scripts/ci/__pycache__/check_docs.cpython-312.pyc,PINNED_REFERENCE,reachable or evidence-sensitive; retained in place
scripts/ci/__pycache__/classify_changes.cpython-310.pyc,PINNED_REFERENCE,reachable or evidence-sensitive; retained in place
scripts/ci/__pycache__/classify_changes.cpython-312.pyc,PINNED_REFERENCE,reachable or evidence-sensitive; retained in place
scripts/ci/check_docs.py,PINNED_REFERENCE,reachable or evidence-sensitive; retained in place
scripts/ci/classify_changes.py,PINNED_REFERENCE,reachable or evidence-sensitive; retained in place
scripts/close_accuracy_lineage_v1.py,PINNED_REFERENCE,reachable or evidence-sensitive; retained in place
scripts/create_filtered_universe.py,PINNED_REFERENCE,reachable or evidence-sensitive; retained in place
scripts/create_liquidity_universe.py,PINNED_REFERENCE,reachable or evidence-sensitive; retained in place
scripts/create_topk_scan_configs.py,PINNED_REFERENCE,reachable or evidence-sensitive; retained in place
scripts/create_workflow_config.py,PINNED_REFERENCE,reachable or evidence-sensitive; retained in place
scripts/daily_update.py,PINNED_REFERENCE,reachable or evidence-sensitive; retained in place
scripts/finalize_execution_unit_semantics_v1_2.py,PINNED_REFERENCE,reachable or evidence-sensitive; retained in place
scripts/freeze_bugfix_research_v1.py,PINNED_REFERENCE,reachable or evidence-sensitive; retained in place
scripts/freeze_data_source_audit_sample_v2.py,PINNED_REFERENCE,reachable or evidence-sensitive; retained in place
scripts/freeze_full_research_factor_catalog_669_v1.py,PINNED_REFERENCE,reachable or evidence-sensitive; retained in place
scripts/freeze_full_research_factor_trial_v1.py,PINNED_REFERENCE,reachable or evidence-sensitive; retained in place
scripts/freeze_historical_instrument_state_scope_v2.py,PINNED_REFERENCE,reachable or evidence-sensitive; retained in place
scripts/freeze_pre_test_transparent_v1.py,PINNED_REFERENCE,reachable or evidence-sensitive; retained in place
scripts/freeze_prospective_forward_protocol_v1.py,PINNED_REFERENCE,reachable or evidence-sensitive; retained in place
scripts/freeze_research_lightgbm_test_release_v1.py,PINNED_REFERENCE,reachable or evidence-sensitive; retained in place
scripts/freeze_research_linear_test_release_v1.py,PINNED_REFERENCE,reachable or evidence-sensitive; retained in place
scripts/freeze_research_model_protocol_v1.py,PINNED_REFERENCE,reachable or evidence-sensitive; retained in place
scripts/freeze_research_model_protocol_v1_1.py,PINNED_REFERENCE,reachable or evidence-sensitive; retained in place
scripts/harden_prospective_forward_candidate_v1.py,PINNED_REFERENCE,reachable or evidence-sensitive; retained in place
scripts/inspect_instrument_history.py,PINNED_REFERENCE,reachable or evidence-sensitive; retained in place
scripts/inspect_provider_fields.py,PINNED_REFERENCE,reachable or evidence-sensitive; retained in place
scripts/inspect_qlib_data.py,PINNED_REFERENCE,reachable or evidence-sensitive; retained in place
scripts/materialize_corrected_transparent_score_v2.py,PINNED_REFERENCE,reachable or evidence-sensitive; retained in place
scripts/migrate_reference_lineage_v1.py,PINNED_REFERENCE,reachable or evidence-sensitive; retained in place
scripts/plan_research_resources_v1.py,PINNED_REFERENCE,reachable or evidence-sensitive; retained in place
scripts/prepare_alpha101_batch_catalogs_v1.py,PINNED_REFERENCE,reachable or evidence-sensitive; retained in place
scripts/prepare_alpha158_full_stage_catalogs_v1.py,PINNED_REFERENCE,reachable or evidence-sensitive; retained in place
scripts/prepare_alpha360_batch_catalogs_v1.py,PINNED_REFERENCE,reachable or evidence-sensitive; retained in place
scripts/prepare_matrix_bulk_run_review_v1.py,PINNED_REFERENCE,reachable or evidence-sensitive; retained in place
scripts/prepare_matrix_v4_bulk_run_review.py,PINNED_REFERENCE,reachable or evidence-sensitive; retained in place
scripts/prepare_ta_batch_catalogs_v1.py,PINNED_REFERENCE,reachable or evidence-sensitive; retained in place
scripts/promote_alpha101_batch_catalog_entries_v1.py,PINNED_REFERENCE,reachable or evidence-sensitive; retained in place
scripts/promote_alpha101_smoke_catalog_entries_v1.py,PINNED_REFERENCE,reachable or evidence-sensitive; retained in place
scripts/promote_alpha158_batch_catalog_entries_v1.py,PINNED_REFERENCE,reachable or evidence-sensitive; retained in place
scripts/promote_alpha158_catalog_entries_v1.py,PINNED_REFERENCE,reachable or evidence-sensitive; retained in place
scripts/promote_alpha360_batch_catalog_entries_v1.py,PINNED_REFERENCE,reachable or evidence-sensitive; retained in place
scripts/promote_ta_batch_catalog_entries_v1.py,PINNED_REFERENCE,reachable or evidence-sensitive; retained in place
scripts/promote_ta_smoke_catalog_entries_v1.py,PINNED_REFERENCE,reachable or evidence-sensitive; retained in place
scripts/qrun_with_project_tmp.py,PINNED_REFERENCE,reachable or evidence-sensitive; retained in place
scripts/qualify_full_research_acceleration_v3.py,PINNED_REFERENCE,reachable or evidence-sensitive; retained in place
scripts/README.md,PINNED_REFERENCE,reachable or evidence-sensitive; retained in place
scripts/reconcile_execution_engines_v1.py,PINNED_REFERENCE,reachable or evidence-sensitive; retained in place
scripts/refit_prospective_forward_candidate_v1.py,PINNED_REFERENCE,reachable or evidence-sensitive; retained in place
scripts/release_research_lightgbm_tests_v1.py,PINNED_REFERENCE,reachable or evidence-sensitive; retained in place
scripts/release_research_linear_tests_v1.py,PINNED_REFERENCE,reachable or evidence-sensitive; retained in place
scripts/report_full_research_669_readiness_v1.py,PINNED_REFERENCE,reachable or evidence-sensitive; retained in place
scripts/report_full_research_trial_readiness_v1.py,PINNED_REFERENCE,reachable or evidence-sensitive; retained in place
scripts/report_matrix_run_history_v1.py,PINNED_REFERENCE,reachable or evidence-sensitive; retained in place
scripts/report_ml_clustering_ablation_v1.py,PINNED_REFERENCE,reachable or evidence-sensitive; retained in place
scripts/report_qlib_exchange_readiness_v1.py,PINNED_REFERENCE,reachable or evidence-sensitive; retained in place
scripts/repository_consolidation_audit_v1.py,PINNED_REFERENCE,reachable or evidence-sensitive; retained in place
scripts/retract_execution_unit_readiness_v1_2.py,PINNED_REFERENCE,reachable or evidence-sensitive; retained in place
scripts/run_a_share_execution_v1.py,PINNED_REFERENCE,reachable or evidence-sensitive; retained in place
scripts/run_alpha101_factor_adapter_smoke_v1.py,PINNED_REFERENCE,reachable or evidence-sensitive; retained in place
scripts/run_alpha158_candidate_pool_v1.py,PINNED_REFERENCE,reachable or evidence-sensitive; retained in place
scripts/run_alpha158_candidate_portfolio_smoke_v1.py,PINNED_REFERENCE,reachable or evidence-sensitive; retained in place
scripts/run_alpha158_judgement_v1.py,PINNED_REFERENCE,reachable or evidence-sensitive; retained in place
scripts/run_alpha158_portfolio_diagnostics_v1.py,PINNED_REFERENCE,reachable or evidence-sensitive; retained in place
scripts/run_alpha158_screening_input_v1.py,PINNED_REFERENCE,reachable or evidence-sensitive; retained in place
scripts/run_alpha158_stability_diagnostics_v1.py,PINNED_REFERENCE,reachable or evidence-sensitive; retained in place
scripts/run_baseline.ps1,PINNED_REFERENCE,reachable or evidence-sensitive; retained in place
scripts/run_canonical_historical_dataset_assembly_v1.py,PINNED_REFERENCE,reachable or evidence-sensitive; retained in place
scripts/run_clustering_input_projection_v1.py,PINNED_REFERENCE,reachable or evidence-sensitive; retained in place
scripts/run_corrected_oos_execution_v1.py,PINNED_REFERENCE,reachable or evidence-sensitive; retained in place
scripts/run_data_quality.ps1,PINNED_REFERENCE,reachable or evidence-sensitive; retained in place
scripts/run_data_source_audit_v2.py,PINNED_REFERENCE,reachable or evidence-sensitive; retained in place
scripts/run_development_robustness_split_v1.py,PINNED_REFERENCE,reachable or evidence-sensitive; retained in place
scripts/run_economic_multi_factor_research_v1.py,PINNED_REFERENCE,reachable or evidence-sensitive; retained in place
scripts/run_extended_matrix_overlap_lineage_resolution_v1.py,PINNED_REFERENCE,reachable or evidence-sensitive; retained in place
scripts/run_external_exposure_snapshot_v1.py,PINNED_REFERENCE,reachable or evidence-sensitive; retained in place
scripts/run_external_pit_style_data_v1.py,PINNED_REFERENCE,reachable or evidence-sensitive; retained in place
scripts/run_factor_candidate_pool_v3.py,PINNED_REFERENCE,reachable or evidence-sensitive; retained in place
scripts/run_factor_clustering_v1.py,PINNED_REFERENCE,reachable or evidence-sensitive; retained in place
scripts/run_factor_evaluation_batch_v1.py,PINNED_REFERENCE,reachable or evidence-sensitive; retained in place
scripts/run_factor_evaluation_v4.py,PINNED_REFERENCE,reachable or evidence-sensitive; retained in place
scripts/run_factor_long_short.py,PINNED_REFERENCE,reachable or evidence-sensitive; retained in place
scripts/run_factor_model_comparison_v1.py,PINNED_REFERENCE,reachable or evidence-sensitive; retained in place
scripts/run_factor_multiple_testing_v1.py,PINNED_REFERENCE,reachable or evidence-sensitive; retained in place
scripts/run_factor_research.ps1,PINNED_REFERENCE,reachable or evidence-sensitive; retained in place
scripts/run_factor_research_v2.py,PINNED_REFERENCE,reachable or evidence-sensitive; retained in place
scripts/run_factor_research_v3.py,PINNED_REFERENCE,reachable or evidence-sensitive; retained in place
scripts/run_factor_rolling_stability_v1.py,PINNED_REFERENCE,reachable or evidence-sensitive; retained in place
scripts/run_factor_score_construction_v1.py,PINNED_REFERENCE,reachable or evidence-sensitive; retained in place
scripts/run_factor_score_portfolio.py,PINNED_REFERENCE,reachable or evidence-sensitive; retained in place
scripts/run_factor_screening_v3.py,PINNED_REFERENCE,reachable or evidence-sensitive; retained in place
scripts/run_factor_time_slices.py,PINNED_REFERENCE,reachable or evidence-sensitive; retained in place
scripts/run_factor_universe_v2_matrix_readiness.py,PINNED_REFERENCE,reachable or evidence-sensitive; retained in place
scripts/run_fast_research_mt_v2.py,PINNED_REFERENCE,reachable or evidence-sensitive; retained in place
scripts/run_fast_research_v1.py,PINNED_REFERENCE,reachable or evidence-sensitive; retained in place
scripts/run_final_portfolio_diagnostics_v1.py,PINNED_REFERENCE,reachable or evidence-sensitive; retained in place
scripts/run_forward_prediction_v1.py,PINNED_REFERENCE,reachable or evidence-sensitive; retained in place
scripts/run_full_research_daily_ic_v1.py,PINNED_REFERENCE,reachable or evidence-sensitive; retained in place
scripts/run_full_research_daily_ic_v2.py,PINNED_REFERENCE,reachable or evidence-sensitive; retained in place
scripts/run_full_research_feature_matrix_v1.py,PINNED_REFERENCE,reachable or evidence-sensitive; retained in place
scripts/run_full_research_feature_matrix_v4.py,PINNED_REFERENCE,reachable or evidence-sensitive; retained in place
scripts/run_full_research_feature_matrix_v4_canary.py,PINNED_REFERENCE,reachable or evidence-sensitive; retained in place
scripts/run_full_research_labels_v1.py,PINNED_REFERENCE,reachable or evidence-sensitive; retained in place
scripts/run_full_research_labels_v2.py,PINNED_REFERENCE,reachable or evidence-sensitive; retained in place
scripts/run_historical_data_authority_resolution_v1.py,PINNED_REFERENCE,reachable or evidence-sensitive; retained in place
scripts/run_historical_data_engineering_extension_v1.py,PINNED_REFERENCE,reachable or evidence-sensitive; retained in place
scripts/run_historical_dataset_validation_design_v1.py,PINNED_REFERENCE,reachable or evidence-sensitive; retained in place
scripts/run_historical_frontier_admission_v1.py,PINNED_REFERENCE,reachable or evidence-sensitive; retained in place
scripts/run_historical_instrument_state_canary_v2.py,PINNED_REFERENCE,reachable or evidence-sensitive; retained in place
scripts/run_historical_model_comparison_v1.py,PINNED_REFERENCE,reachable or evidence-sensitive; retained in place
scripts/run_historical_portfolio_backtest_v1.py,PINNED_REFERENCE,reachable or evidence-sensitive; retained in place
scripts/run_holdout_clean_stability_v1.py,PINNED_REFERENCE,reachable or evidence-sensitive; retained in place
scripts/run_legacy_common_scores_v1.py,PINNED_REFERENCE,reachable or evidence-sensitive; retained in place
scripts/run_linear_factor_model.py,PINNED_REFERENCE,reachable or evidence-sensitive; retained in place
scripts/run_liquidity_bucket_portfolio.py,PINNED_REFERENCE,reachable or evidence-sensitive; retained in place
scripts/run_liquidity_residualized_factor_evaluation_v1.py,PINNED_REFERENCE,reachable or evidence-sensitive; retained in place
scripts/run_long_history_core_factor_phase0_v1.py,PINNED_REFERENCE,reachable or evidence-sensitive; retained in place
scripts/run_low_frequency_tradability_portfolio.py,PINNED_REFERENCE,reachable or evidence-sensitive; retained in place
scripts/run_low_frequency_tradability_scan.py,PINNED_REFERENCE,reachable or evidence-sensitive; retained in place
scripts/run_maximum_historical_extension_qualification_v1.py,PINNED_REFERENCE,reachable or evidence-sensitive; retained in place
scripts/run_ml_clustering_ablation_v1.py,PINNED_REFERENCE,reachable or evidence-sensitive; retained in place
scripts/run_ml_feature_pool_canary_v1.py,PINNED_REFERENCE,reachable or evidence-sensitive; retained in place
scripts/run_ml_feature_pool_mvp_v1.py,PINNED_REFERENCE,reachable or evidence-sensitive; retained in place
scripts/run_model_diagnostic_style_attribution_v1.py,PINNED_REFERENCE,reachable or evidence-sensitive; retained in place
scripts/run_multi_source_judgement_v1.py,PINNED_REFERENCE,reachable or evidence-sensitive; retained in place
scripts/run_multi_source_screening_v1.py,PINNED_REFERENCE,reachable or evidence-sensitive; retained in place
scripts/run_new_source_probe_diagnostics_v1.py,PINNED_REFERENCE,reachable or evidence-sensitive; retained in place
scripts/run_new_source_probe_review_v1.py,PINNED_REFERENCE,reachable or evidence-sensitive; retained in place
scripts/run_outer_split_fdr_v1.py,PINNED_REFERENCE,reachable or evidence-sensitive; retained in place
scripts/run_paper_portfolio_v1.py,PINNED_REFERENCE,reachable or evidence-sensitive; retained in place
scripts/run_point_in_time_universe_v1.py,PINNED_REFERENCE,reachable or evidence-sensitive; retained in place
scripts/run_point_in_time_universe_v2.py,PINNED_REFERENCE,reachable or evidence-sensitive; retained in place
scripts/run_post_model_diagnostics_v1.py,PINNED_REFERENCE,reachable or evidence-sensitive; retained in place
scripts/run_pre_model_diagnostics_v1.py,PINNED_REFERENCE,reachable or evidence-sensitive; retained in place
scripts/run_prospective_forward_candidate_canary_v1.py,PINNED_REFERENCE,reachable or evidence-sensitive; retained in place
scripts/run_purged_walk_forward_v1.py,PINNED_REFERENCE,reachable or evidence-sensitive; retained in place
scripts/run_qlib_exchange_full_research_v1.py,PINNED_REFERENCE,reachable or evidence-sensitive; retained in place
scripts/run_qlib_exchange_reference_v1.py,PINNED_REFERENCE,reachable or evidence-sensitive; retained in place
scripts/run_qlib_exchange_split_transparent_v1.py,PINNED_REFERENCE,reachable or evidence-sensitive; retained in place
scripts/run_qlib_exchange_v1.py,PINNED_REFERENCE,reachable or evidence-sensitive; retained in place
scripts/run_research_lightgbm_canary_v1.py,PINNED_REFERENCE,reachable or evidence-sensitive; retained in place
scripts/run_research_lightgbm_development_v1.py,PINNED_REFERENCE,reachable or evidence-sensitive; retained in place
scripts/run_research_lightgbm_full_mt_v2.py,PINNED_REFERENCE,reachable or evidence-sensitive; retained in place
scripts/run_research_linear_development_v1.py,PINNED_REFERENCE,reachable or evidence-sensitive; retained in place
scripts/run_research_linear_execution_v1.py,PINNED_REFERENCE,reachable or evidence-sensitive; retained in place
scripts/run_research_linear_solver_canary_v1.py,PINNED_REFERENCE,reachable or evidence-sensitive; retained in place
scripts/run_research_model_development_dry_run_v1_1.py,PINNED_REFERENCE,reachable or evidence-sensitive; retained in place
scripts/run_research_model_protocol_canary_v1.py,PINNED_REFERENCE,reachable or evidence-sensitive; retained in place
scripts/run_research_model_protocol_canary_v1_1.py,PINNED_REFERENCE,reachable or evidence-sensitive; retained in place
scripts/run_selection_input_projection_v1.py,PINNED_REFERENCE,reachable or evidence-sensitive; retained in place
scripts/run_split_specific_allowlist_v1.py,PINNED_REFERENCE,reachable or evidence-sensitive; retained in place
scripts/run_split_specific_clustering_v1.py,PINNED_REFERENCE,reachable or evidence-sensitive; retained in place
scripts/run_split_transparent_score_v1.py,PINNED_REFERENCE,reachable or evidence-sensitive; retained in place
scripts/run_split_transparent_weights_v1.py,PINNED_REFERENCE,reachable or evidence-sensitive; retained in place
scripts/run_ta_factor_adapter_smoke_v1.py,PINNED_REFERENCE,reachable or evidence-sensitive; retained in place
scripts/run_tradability_labels.ps1,PINNED_REFERENCE,reachable or evidence-sensitive; retained in place
scripts/show_forward_status_v1.py,PINNED_REFERENCE,reachable or evidence-sensitive; retained in place
scripts/summarize_alpha158_first20.py,PINNED_REFERENCE,reachable or evidence-sensitive; retained in place
scripts/summarize_alpha158_remaining138.py,PINNED_REFERENCE,reachable or evidence-sensitive; retained in place
scripts/summarize_factor_candidates.py,PINNED_REFERENCE,reachable or evidence-sensitive; retained in place
scripts/summarize_factor_long_short.py,PINNED_REFERENCE,reachable or evidence-sensitive; retained in place
scripts/summarize_factor_reports.py,PINNED_REFERENCE,reachable or evidence-sensitive; retained in place
scripts/summarize_factor_score_portfolios.py,PINNED_REFERENCE,reachable or evidence-sensitive; retained in place
scripts/summarize_liquidity_bucket_portfolios.py,PINNED_REFERENCE,reachable or evidence-sensitive; retained in place
scripts/summarize_low_frequency_portfolios.py,PINNED_REFERENCE,reachable or evidence-sensitive; retained in place
scripts/summarize_mlruns.py,PINNED_REFERENCE,reachable or evidence-sensitive; retained in place
scripts/summarize_tradability_windows.py,PINNED_REFERENCE,reachable or evidence-sensitive; retained in place
scripts/summarize_universe.py,PINNED_REFERENCE,reachable or evidence-sensitive; retained in place
scripts/update_forward_labels_v1.py,PINNED_REFERENCE,reachable or evidence-sensitive; retained in place
scripts/validate_a_share_execution_v1.py,PINNED_REFERENCE,reachable or evidence-sensitive; retained in place
scripts/validate_accuracy_correction_hard_stop_v1.py,PINNED_REFERENCE,reachable or evidence-sensitive; retained in place
scripts/validate_accuracy_correction_v1_1.py,PINNED_REFERENCE,reachable or evidence-sensitive; retained in place
scripts/validate_alpha158_candidate_expression_frame_v1.py,PINNED_REFERENCE,reachable or evidence-sensitive; retained in place
scripts/validate_alpha158_expression_frame_v1.py,PINNED_REFERENCE,reachable or evidence-sensitive; retained in place
scripts/validate_data_source_audit_v2.py,PINNED_REFERENCE,reachable or evidence-sensitive; retained in place
scripts/validate_execution_accuracy_v1.py,PINNED_REFERENCE,reachable or evidence-sensitive; retained in place
scripts/validate_execution_reconciliation_v1.py,PINNED_REFERENCE,reachable or evidence-sensitive; retained in place
scripts/validate_execution_unit_semantics_v1_2.py,PINNED_REFERENCE,reachable or evidence-sensitive; retained in place
scripts/validate_external_exposure_data_v1.py,PINNED_REFERENCE,reachable or evidence-sensitive; retained in place
scripts/validate_factor_clustering_v1.py,PINNED_REFERENCE,reachable or evidence-sensitive; retained in place
scripts/validate_factor_context_v1.py,PINNED_REFERENCE,reachable or evidence-sensitive; retained in place
scripts/validate_factor_evaluation_context.py,PINNED_REFERENCE,reachable or evidence-sensitive; retained in place
scripts/validate_factor_multiple_testing_v1.py,PINNED_REFERENCE,reachable or evidence-sensitive; retained in place
scripts/validate_factor_rolling_stability_v1.py,PINNED_REFERENCE,reachable or evidence-sensitive; retained in place
scripts/validate_factor_score_construction_v1.py,PINNED_REFERENCE,reachable or evidence-sensitive; retained in place
scripts/validate_factor_source_provenance_v1.py,PINNED_REFERENCE,reachable or evidence-sensitive; retained in place
scripts/validate_factor_universe_v2_matrix_closeout.py,PINNED_REFERENCE,reachable or evidence-sensitive; retained in place
scripts/validate_final_portfolio_diagnostics_v1.py,PINNED_REFERENCE,reachable or evidence-sensitive; retained in place
scripts/validate_full_research_669_v1.py,PINNED_REFERENCE,reachable or evidence-sensitive; retained in place
scripts/validate_full_research_trial_v1.py,PINNED_REFERENCE,reachable or evidence-sensitive; retained in place
scripts/validate_historical_instrument_state_canary_v2.py,PINNED_REFERENCE,reachable or evidence-sensitive; retained in place
scripts/validate_historical_model_comparison_v1.py,PINNED_REFERENCE,reachable or evidence-sensitive; retained in place
scripts/validate_liquidity_residualized_factor_evaluation_v1.py,PINNED_REFERENCE,reachable or evidence-sensitive; retained in place
scripts/validate_matrix_v3_reproducibility_v1.py,PINNED_REFERENCE,reachable or evidence-sensitive; retained in place
scripts/validate_point_in_time_universe_v1.py,PINNED_REFERENCE,reachable or evidence-sensitive; retained in place
scripts/validate_point_in_time_universe_v2.py,PINNED_REFERENCE,reachable or evidence-sensitive; retained in place
scripts/validate_prospective_forward_candidate_v1.py,PINNED_REFERENCE,reachable or evidence-sensitive; retained in place
scripts/validate_prospective_forward_hardening_v1.py,PINNED_REFERENCE,reachable or evidence-sensitive; retained in place
scripts/validate_provider.py,PINNED_REFERENCE,reachable or evidence-sensitive; retained in place
scripts/validate_purged_walk_forward_v1.py,PINNED_REFERENCE,reachable or evidence-sensitive; retained in place
scripts/validate_qlib_exchange_v1.py,PINNED_REFERENCE,reachable or evidence-sensitive; retained in place
scripts/validate_raw_market_data_snapshot_v1.py,PINNED_REFERENCE,reachable or evidence-sensitive; retained in place
scripts/validate_reference_pipeline_consistency_v1.py,PINNED_REFERENCE,reachable or evidence-sensitive; retained in place
scripts/validate_research_data_contracts_v1.py,PINNED_REFERENCE,reachable or evidence-sensitive; retained in place
scripts/validate_research_model_protocol_v1.py,PINNED_REFERENCE,reachable or evidence-sensitive; retained in place
scripts/validate_research_model_protocol_v1_1.py,PINNED_REFERENCE,reachable or evidence-sensitive; retained in place
scripts/validate_selection_integrity_receipts_v1.py,PINNED_REFERENCE,reachable or evidence-sensitive; retained in place
scripts/validate_selection_mutation_contract_v1.py,PINNED_REFERENCE,reachable or evidence-sensitive; retained in place
scripts/validate_tradability_outputs.py,PINNED_REFERENCE,reachable or evidence-sensitive; retained in place
tests/fixtures/daily_update_frozen_feature_names.json,PINNED_REFERENCE,reachable or evidence-sensitive; retained in place
tests/test_active_cli.py,PINNED_REFERENCE,reachable or evidence-sensitive; retained in place
tests/test_artifact_freshness.py,PINNED_REFERENCE,reachable or evidence-sensitive; retained in place
tests/test_artifact_lineage.py,PINNED_REFERENCE,reachable or evidence-sensitive; retained in place
tests/test_backward_replication.py,PINNED_REFERENCE,reachable or evidence-sensitive; retained in place
tests/test_bootstrap_gap_aware.py,PINNED_REFERENCE,reachable or evidence-sensitive; retained in place
tests/test_bulk_run_gate.py,PINNED_REFERENCE,reachable or evidence-sensitive; retained in place
tests/test_canonical_dataset.py,PINNED_REFERENCE,reachable or evidence-sensitive; retained in place
tests/test_ci_policy.py,PINNED_REFERENCE,reachable or evidence-sensitive; retained in place
tests/test_clustering_projection.py,PINNED_REFERENCE,reachable or evidence-sensitive; retained in place
tests/test_config_parsing.py,PINNED_REFERENCE,reachable or evidence-sensitive; retained in place
tests/test_daily_forward_adapter.py,PINNED_REFERENCE,reachable or evidence-sensitive; retained in place
tests/test_daily_update.py,PINNED_REFERENCE,reachable or evidence-sensitive; retained in place
tests/test_daily_update_decomposition.py,PINNED_REFERENCE,reachable or evidence-sensitive; retained in place
tests/test_data_source_audit_v2.py,PINNED_REFERENCE,reachable or evidence-sensitive; retained in place
tests/test_dataset_design.py,PINNED_REFERENCE,reachable or evidence-sensitive; retained in place
tests/test_development_split.py,PINNED_REFERENCE,reachable or evidence-sensitive; retained in place
tests/test_economic_sleeves.py,PINNED_REFERENCE,reachable or evidence-sensitive; retained in place
tests/test_external_style.py,PINNED_REFERENCE,reachable or evidence-sensitive; retained in place
tests/test_factor_clustering.py,PINNED_REFERENCE,reachable or evidence-sensitive; retained in place
tests/test_factor_dependency_v1.py,PINNED_REFERENCE,reachable or evidence-sensitive; retained in place
tests/test_factor_universe_v2.py,PINNED_REFERENCE,reachable or evidence-sensitive; retained in place
tests/test_factor_universe_v2_matrix_readiness.py,PINNED_REFERENCE,reachable or evidence-sensitive; retained in place
tests/test_forward_candidate.py,PINNED_REFERENCE,reachable or evidence-sensitive; retained in place
tests/test_forward_pipeline.py,PINNED_REFERENCE,reachable or evidence-sensitive; retained in place
tests/test_forward_pipeline_decomposition.py,PINNED_REFERENCE,reachable or evidence-sensitive; retained in place
tests/test_forward_prediction_contract.py,PINNED_REFERENCE,reachable or evidence-sensitive; retained in place
tests/test_forward_protocol.py,PINNED_REFERENCE,reachable or evidence-sensitive; retained in place
tests/test_full_research_factor_catalog_669.py,PINNED_REFERENCE,reachable or evidence-sensitive; retained in place
tests/test_full_research_factor_trial.py,PINNED_REFERENCE,reachable or evidence-sensitive; retained in place
tests/test_full_research_feature_matrix.py,PINNED_REFERENCE,reachable or evidence-sensitive; retained in place
tests/test_full_research_feature_matrix_v4.py,PINNED_REFERENCE,reachable or evidence-sensitive; retained in place
tests/test_full_research_label_lineage.py,PINNED_REFERENCE,reachable or evidence-sensitive; retained in place
tests/test_full_research_labels_v2.py,PINNED_REFERENCE,reachable or evidence-sensitive; retained in place
tests/test_historical_data_authority.py,PINNED_REFERENCE,reachable or evidence-sensitive; retained in place
tests/test_historical_engineering.py,PINNED_REFERENCE,reachable or evidence-sensitive; retained in place
tests/test_historical_extension.py,PINNED_REFERENCE,reachable or evidence-sensitive; retained in place
tests/test_historical_frontier_admission.py,PINNED_REFERENCE,reachable or evidence-sensitive; retained in place
tests/test_historical_model_comparison.py,PINNED_REFERENCE,reachable or evidence-sensitive; retained in place
tests/test_historical_portfolio_backtest.py,PINNED_REFERENCE,reachable or evidence-sensitive; retained in place
tests/test_imports.py,PINNED_REFERENCE,reachable or evidence-sensitive; retained in place
tests/test_input_provenance.py,PINNED_REFERENCE,reachable or evidence-sensitive; retained in place
tests/test_instrument_state_evidence_v2.py,PINNED_REFERENCE,reachable or evidence-sensitive; retained in place
tests/test_market_semantics_accuracy.py,PINNED_REFERENCE,reachable or evidence-sensitive; retained in place
tests/test_matrix_run_history.py,PINNED_REFERENCE,reachable or evidence-sensitive; retained in place
tests/test_matrix_v3_reproducibility.py,PINNED_REFERENCE,reachable or evidence-sensitive; retained in place
tests/test_method_comparison_contract.py,PINNED_REFERENCE,reachable or evidence-sensitive; retained in place
tests/test_ml_clustering_ablation.py,PINNED_REFERENCE,reachable or evidence-sensitive; retained in place
tests/test_ml_feature_eligibility.py,PINNED_REFERENCE,reachable or evidence-sensitive; retained in place
tests/test_ml_feature_pool_experiment.py,PINNED_REFERENCE,reachable or evidence-sensitive; retained in place
tests/test_ml_feature_pool_policy.py,PINNED_REFERENCE,reachable or evidence-sensitive; retained in place
tests/test_ml_runtime_optimization.py,PINNED_REFERENCE,reachable or evidence-sensitive; retained in place
tests/test_model_diagnostics.py,PINNED_REFERENCE,reachable or evidence-sensitive; retained in place
tests/test_model_readiness.py,PINNED_REFERENCE,reachable or evidence-sensitive; retained in place
tests/test_model_selection_leakage.py,PINNED_REFERENCE,reachable or evidence-sensitive; retained in place
tests/test_multiple_testing.py,PINNED_REFERENCE,reachable or evidence-sensitive; retained in place
tests/test_no_future_leakage.py,PINNED_REFERENCE,reachable or evidence-sensitive; retained in place
tests/test_outer_fdr.py,PINNED_REFERENCE,reachable or evidence-sensitive; retained in place
tests/test_output_policy.py,PINNED_REFERENCE,reachable or evidence-sensitive; retained in place
tests/test_output_schemas.py,PINNED_REFERENCE,reachable or evidence-sensitive; retained in place
tests/test_overlap_lineage.py,PINNED_REFERENCE,reachable or evidence-sensitive; retained in place
tests/test_pairwise_ic_v2.py,PINNED_REFERENCE,reachable or evidence-sensitive; retained in place
tests/test_paper_portfolio.py,PINNED_REFERENCE,reachable or evidence-sensitive; retained in place
tests/test_pipeline_consistency.py,PINNED_REFERENCE,reachable or evidence-sensitive; retained in place
tests/test_point_in_time_fields.py,PINNED_REFERENCE,reachable or evidence-sensitive; retained in place
tests/test_point_in_time_universe.py,PINNED_REFERENCE,reachable or evidence-sensitive; retained in place
tests/test_portfolio_accounting.py,PINNED_REFERENCE,reachable or evidence-sensitive; retained in place
tests/test_pretest_freeze.py,PINNED_REFERENCE,reachable or evidence-sensitive; retained in place
tests/test_profile_gates.py,PINNED_REFERENCE,reachable or evidence-sensitive; retained in place
tests/test_project_doctor.py,PINNED_REFERENCE,reachable or evidence-sensitive; retained in place
tests/test_project_io.py,PINNED_REFERENCE,reachable or evidence-sensitive; retained in place
tests/test_project_settings.py,PINNED_REFERENCE,reachable or evidence-sensitive; retained in place
tests/test_purged_split.py,PINNED_REFERENCE,reachable or evidence-sensitive; retained in place
tests/test_qlib_exchange_runtime.py,PINNED_REFERENCE,reachable or evidence-sensitive; retained in place
tests/test_qlib_integration_contracts.py,PINNED_REFERENCE,reachable or evidence-sensitive; retained in place
tests/test_quality_commands.py,PINNED_REFERENCE,reachable or evidence-sensitive; retained in place
tests/test_research_model_protocol.py,PINNED_REFERENCE,reachable or evidence-sensitive; retained in place
tests/test_research_productivity.py,PINNED_REFERENCE,reachable or evidence-sensitive; retained in place
tests/test_research_protocol_v2.py,PINNED_REFERENCE,reachable or evidence-sensitive; retained in place
tests/test_rolling_evaluation.py,PINNED_REFERENCE,reachable or evidence-sensitive; retained in place
tests/test_score_construction.py,PINNED_REFERENCE,reachable or evidence-sensitive; retained in place
tests/test_selection_mutation_contract.py,PINNED_REFERENCE,reachable or evidence-sensitive; retained in place
tests/test_selection_projection.py,PINNED_REFERENCE,reachable or evidence-sensitive; retained in place
tests/test_split_allowlist.py,PINNED_REFERENCE,reachable or evidence-sensitive; retained in place
tests/test_stage_output.py,PINNED_REFERENCE,reachable or evidence-sensitive; retained in place
tests/test_style_attribution.py,PINNED_REFERENCE,reachable or evidence-sensitive; retained in place
tests/test_thread_determinism_audit.py,PINNED_REFERENCE,reachable or evidence-sensitive; retained in place
tests/test_trade_constraints.py,PINNED_REFERENCE,reachable or evidence-sensitive; retained in place
tests/test_transparent_baseline.py,PINNED_REFERENCE,reachable or evidence-sensitive; retained in place
tests/test_transparent_score_policy.py,PINNED_REFERENCE,reachable or evidence-sensitive; retained in place
tests/test_weak_cache.py,PINNED_REFERENCE,reachable or evidence-sensitive; retained in place
tradability/__init__.py,PINNED_REFERENCE,reachable or evidence-sensitive; retained in place
tradability/builder.py,PINNED_REFERENCE,reachable or evidence-sensitive; retained in place
tradability/config.yaml,PINNED_REFERENCE,reachable or evidence-sensitive; retained in place
tradability/README.md,PINNED_REFERENCE,reachable or evidence-sensitive; retained in place
tradability/report.py,PINNED_REFERENCE,reachable or evidence-sensitive; retained in place
tradability/runner.py,PINNED_REFERENCE,reachable or evidence-sensitive; retained in place
universes/__init__.py,PINNED_REFERENCE,reachable or evidence-sensitive; retained in place
universes/interval_writer.py,PINNED_REFERENCE,reachable or evidence-sensitive; retained in place
universes/point_in_time_universe.py,PINNED_REFERENCE,reachable or evidence-sensitive; retained in place
universes/universe_audit.py,PINNED_REFERENCE,reachable or evidence-sensitive; retained in place
