instrument,date,year,source_agreed,close_rel,volume_ratio,amount_ratio
SH601313,2015-01-05,2015,True,4.026881805785365e-08,99.99999451262798,1000.0
SH601313,2015-01-06,2015,True,-4.2974627190162096e-09,100.00000063574056,1000.0000372996501
SH601313,2015-01-07,2015,True,-6.134781826983016e-08,100.00000636796284,1000.0000383319191
SH601313,2015-01-08,2015,True,-1.1864754623225338e-08,100.00000275271418,999.9999732105483
SH601313,2015-01-09,2015,True,-1.865224452668457e-08,100.00000285219882,1000.0000405035745
SH601313,2015-01-12,2015,True,5.137142711220122e-09,100.00000222348125,1000.0000467475159
SH601313,2015-01-13,2015,True,4.5747183818889425e-09,100.00000346996406,999.9999565149346
SH601313,2015-01-14,2015,True,4.3801485327676914e-08,99.99999722428534,1000.000034347865
SH601313,2015-01-15,2015,True,-4.091700100961049e-08,100.00000390283186,1000.0
SH601313,2015-01-16,2015,True,3.5161058509203258e-09,99.9999966929739,999.9999759147047
SH601313,2015-01-19,2015,True,5.3917368791900344e-08,99.99999854830291,1000.0000538467731
SH601313,2015-01-20,2015,True,6.974570920803558e-09,100.0000042510373,999.999984996162
SH601313,2015-01-21,2015,True,3.4570328821814655e-08,100.00000201937073,1000.0
SH601313,2015-01-22,2015,True,5.874046582476922e-09,100.00000027664862,1000.0
SH601313,2015-01-23,2015,True,-4.0216554864080933e-08,99.99999851003238,1000.0000258263882
SH601313,2015-01-26,2015,True,1.3905721463203236e-08,99.99999979138904,1000.0
SH601313,2015-01-27,2015,True,-8.342133650529604e-09,100.00000369233852,999.9999616881092
SH601313,2015-01-28,2015,True,3.79112807813442e-08,99.99999798310041,1000.0
SH601313,2015-01-29,2015,True,2.432355317161239e-08,99.99999398829354,1000.0000240905324
SH601313,2015-01-30,2015,True,-4.775006945401117e-08,99.99999967364502,1000.000034905794
SH601313,2015-02-02,2015,True,-3.332610254425106e-08,99.99999948930562,1000.0
SH601313,2015-02-03,2015,True,-3.6809454817543497e-08,100.00000089115962,1000.0
SH601313,2015-02-04,2015,True,-9.028544134537242e-09,99.99999460246404,1000.0
SH601313,2015-02-05,2015,True,3.0173676890399292e-09,100.00000584450862,1000.0
SH601313,2015-02-06,2015,True,-4.0216554864080933e-08,100.00000343905089,999.9999633162264
SH601313,2015-02-09,2015,True,5.698357763428419e-08,99.99999187085011,1000.0000286018225
SH601313,2015-02-10,2015,True,-4.2974627190162096e-09,100.00000074119664,1000.0
SH601313,2015-02-11,2015,True,-5.105385803005902e-08,99.99999988632489,1000.0
SH601313,2015-02-12,2015,True,3.79112807813442e-08,99.99999635476922,1000.000037185588
SH601313,2015-02-13,2015,True,-4.354987881427519e-08,99.99999789835906,999.9999770350573
SH601313,2015-02-16,2015,True,4.981262535785902e-08,100.00000016847913,999.9999590994702
SH601313,2015-02-17,2015,True,2.2608391381240267e-08,99.99999858803702,1000.0000403676378
SH601313,2015-02-25,2015,True,-3.956714789143945e-08,100.00000136148886,1000.0000201076714
SH601313,2015-02-26,2015,True,-2.578477686920877e-08,100.00000380969026,1000.0
SH601313,2015-02-27,2015,True,6.250669803975484e-08,99.99999974041387,999.9999796685258
SH601313,2015-03-02,2015,True,-9.316397431291534e-09,100.00000493327609,1000.0000086299809
SH601313,2015-03-03,2015,True,-1.2513200586816708e-08,100.00000437588433,999.9999765998303
SH601313,2015-03-04,2015,True,-6.5815292105142476e-09,100.00000268073333,1000.0000417636436
SH601313,2015-03-05,2015,True,4.4904257867628417e-08,99.99999714290763,999.9999900701013
SH601313,2015-03-06,2015,True,-1.2513200586816708e-08,100.0000016369364,1000.0000347995509
SH601313,2015-03-09,2015,True,3.8642045119274826e-10,100.00000009312302,999.9999779078939
SH601313,2015-03-10,2015,True,3.1159634428234995e-08,100.0000017942167,999.9999654035914
SH601313,2015-03-11,2015,True,-7.451563921456739e-09,100.00000030327679,999.9999617585455
SH601313,2015-03-12,2015,True,-3.6886199650254525e-08,100.00000584820049,999.999979733376
SH601313,2015-03-13,2015,True,-7.107817956431006e-08,100.00000150624238,999.9999841230408
SH601313,2015-03-16,2015,True,5.083979570663644e-08,99.999999720367,999.9999566182622
SH601313,2015-03-17,2015,True,-4.123433305913693e-08,99.99999850537229,999.9999946768576
SH601313,2015-03-18,2015,True,2.6389412211003105e-08,99.99999878673827,999.9999922430846
SH601313,2015-03-19,2015,True,2.7440001604261965e-08,99.99999772989668,1000.0000382193468
SH601313,2015-03-20,2015,True,-3.5213972848779918e-09,100.00000500580508,1000.0
SH601313,2015-03-23,2015,True,3.886583743728522e-08,99.99999625526287,999.9999532477652
SH601313,2015-03-24,2015,True,7.396313561613965e-09,100.00000324775019,999.9999764313595
SH601313,2015-03-25,2015,True,1.5162745947705503e-08,99.99999384952105,1000.0000147865791
SH601313,2015-03-26,2015,True,7.492546338916384e-08,99.99999903691632,999.9999962200889
SH601313,2015-03-27,2015,True,4.843214207461699e-08,100.00000220219931,1000.0000075861741
SH601313,2015-03-30,2015,True,-3.404697745956753e-08,100.00000035232956,999.999992045076
SH601313,2015-03-31,2015,True,-5.458155039050894e-09,100.00000147641761,1000.0000090153748
SH601313,2015-04-01,2015,True,2.0259467437000467e-08,100.0000013508448,1000.0
SH601313,2015-04-02,2015,True,0.0,100.00000771239488,999.9999892834027
SH601313,2015-04-03,2015,True,-3.48878143041631e-08,100.00000653820065,999.9999842326805
SH601313,2015-04-07,2015,True,-5.88178084015567e-09,100.00000147822382,1000.0000324599426
SH601313,2015-04-08,2015,True,2.0597523908705284e-08,100.00000222859968,1000.0
SH601313,2015-04-09,2015,True,2.0547994195041497e-08,99.99999663733972,999.9999679262015
SH601313,2015-04-10,2015,True,2.5354769395136145e-08,100.00000128992156,1000.0000154464336
SH601313,2015-04-13,2015,True,-1.4893191124798477e-09,100.00000505927626,1000.0000472020128
SH601313,2015-04-14,2015,True,4.5677643889519004e-08,99.99999817283923,999.9999937013949
SH601313,2015-04-15,2015,True,-5.994593299529782e-08,100.00000497807261,999.9999591281161
SH601313,2015-04-16,2015,True,-4.721891733172612e-08,100.00000457899051,1000.0000247078012
SH601313,2015-04-17,2015,True,-5.899043575841034e-08,100.00000435546919,999.9999852142593
SH601313,2015-04-20,2015,True,-8.64561267022168e-09,100.00000377407247,999.9999665919897
SH601313,2015-04-21,2015,True,-3.822222272020781e-08,100.00000804739717,1000.0000188846717
SH601313,2015-04-22,2015,True,-1.6417286419212473e-09,99.99999857977627,1000.0000447956947
SH601313,2015-04-23,2015,True,8.852102828527109e-09,99.99999316985031,1000.0000161544513
SH601313,2015-04-24,2015,True,-5.539839853518913e-08,100.00000319963131,999.9999899593903
SH601313,2015-04-27,2015,True,4.2560474033948026e-08,99.99999822539542,999.9999420111855
SH601313,2015-04-28,2015,True,-4.51201822571079e-08,100.00000402928424,1000.0000226369866
SH601313,2015-04-29,2015,True,-2.1384537585156238e-08,99.9999985638505,999.9999543579424
SH601313,2015-04-30,2015,True,-8.645612781243983e-09,99.99999590003686,1000.0000422595607
SH601313,2015-05-04,2015,True,1.8187145567338803e-08,99.99999584526405,1000.0000373864661
SH601313,2015-05-05,2015,True,-1.4814165893994868e-08,100.00000717506649,1000.0000160682117
SH601313,2015-05-06,2015,True,3.377838231344299e-09,99.99999702695368,1000.0000133825513
SH601313,2015-05-07,2015,True,2.263585807682489e-08,100.00000224202147,1000.0000207532728
SH601313,2015-05-08,2015,True,-1.1522090281879116e-08,100.00000111927984,999.9999717713328
SH601313,2015-05-11,2015,True,-5.2196909128277014e-08,100.00000241414263,999.9999731256202
SH601313,2015-05-12,2015,True,-7.88901477477566e-09,100.00000189217967,1000.000028641953
SH601313,2015-05-13,2015,True,3.964735539874198e-08,99.99999772563685,1000.0
SH601313,2015-05-14,2015,True,-5.8211420017606486e-08,100.0000045278133,999.9999563020582
SH601313,2015-05-15,2015,True,5.8089963062002425e-08,99.99999705666717,1000.0000425979447
SH601313,2015-05-18,2015,True,1.913145619703016e-08,100.00000149567039,1000.0000344991005
SH601313,2015-05-19,2015,True,-1.888657563675622e-08,99.99999645079099,1000.0000291076043
SH601313,2015-05-20,2015,True,-2.7294727034110622e-08,100.00000239526449,1000.0
SH601313,2015-05-21,2015,True,-1.943587402131186e-09,100.0000015722173,1000.0
SH601313,2015-05-22,2015,True,9.844586701390767e-09,100.00000300162729,999.9999947482501
SH601313,2015-05-25,2015,True,3.035283957508739e-08,100.00000116126144,999.9999853169417
SH601313,2015-05-26,2015,True,1.2209174782285004e-08,99.9999942624929,1000.0000575950241
SH601313,2015-05-27,2015,True,2.7566377847065837e-08,100.00000074216122,1000.0
SH601313,2015-05-28,2015,True,4.1402277384250397e-08,99.99999815757187,999.9999844915309
SH601313,2015-05-29,2015,True,-5.389367974117931e-08,100.00000170957013,999.9999767245217
SH601313,2015-06-01,2015,True,5.40356921430174e-08,99.99999801649558,1000.0
SH601313,2015-06-02,2015,True,-3.015000482609054e-08,99.99999982460147,1000.0
SH601313,2015-06-03,2015,True,3.4957476913177743e-09,99.99999753764048,1000.0000407588865
SH601313,2015-06-04,2015,True,-8.645612781243983e-09,100.00000329456579,999.9999957760804
SH601313,2015-06-05,2015,True,-2.6553807708218358e-08,99.99999512194574,999.999973726645
SH601313,2015-06-08,2015,True,-3.154789840476013e-08,100.00000181192904,999.9999696864451
SH601313,2015-06-09,2015,True,-3.3673969945802185e-08,99.999998971659,1000.0000261355775
SH601313,2015-06-10,2015,True,-5.2699690722413095e-08,100.0000044384322,1000.0000262899872
SH601313,2015-06-11,2015,True,1.50005077248494e-08,100.00000317236174,1000.000013770809
SH601313,2015-06-12,2015,True,-4.3675151495392583e-08,100.00000364438101,1000.0000182875092
SH601313,2015-06-15,2015,True,4.773660577939154e-08,99.9999982253527,1000.0000319828464
SH601313,2015-06-16,2015,True,-5.212601839055253e-08,100.00000144417456,999.9999917472336
SH601313,2015-06-17,2015,True,2.1597020394281685e-08,100.0000024526487,999.9999844007351
SH601313,2015-06-18,2015,True,-2.76035577728706e-08,99.9999968877454,999.9999900066452
SH601313,2015-06-19,2015,True,-2.5029853634173094e-08,100.00000508876117,999.9999838358469
SH601313,2015-06-23,2015,True,-4.2199227001660233e-08,100.00000686483516,1000.0000105318226
SH601313,2015-06-24,2015,True,-3.712205709494043e-08,100.00000497792544,999.9999769340114
SH601313,2015-06-25,2015,True,-5.2699690722413095e-08,100.00000318263268,999.9999413091292
SH601313,2015-06-26,2015,True,-2.7294727034110622e-08,100.00000538929983,1000.0
SH601313,2015-06-29,2015,True,-1.3146513433426321e-08,100.00000547454935,999.9999931994396
SH601313,2015-06-30,2015,True,2.563956558176983e-08,100.00000290057359,1000.0000076578967
SH601313,2015-07-01,2015,True,-1.5375680728624275e-08,99.99999451006794,999.999951160905
SH601313,2015-07-02,2015,True,-4.51201822571079e-08,100.00000496313622,999.9999928875824
SH601313,2015-07-03,2015,True,6.122657936202813e-10,100.00000307382068,1000.0000067782581
SH601313,2015-07-08,2015,True,5.616952170051093e-08,99.99999821911555,1000.0
SH601313,2015-07-09,2015,True,8.406877860522854e-09,100.00000189134084,1000.0
SH601313,2015-07-10,2015,True,-1.8097453202692293e-08,99.9999958210729,1000.0000078225379
SH601313,2015-07-13,2015,True,-5.557994142701972e-08,100.0000055113905,1000.000005137107
SH601313,2015-07-14,2015,True,4.832164601786815e-08,99.99999710172708,999.9999805053832
SH601313,2015-07-15,2015,True,1.50005077248494e-08,99.99999730657174,1000.0000056487418
SH601313,2015-07-16,2015,True,-3.168618001314627e-08,100.00000644073343,1000.0
SH601313,2015-07-17,2015,True,3.964735539874198e-08,99.99999448565735,999.9999830093918
SH601313,2015-07-20,2015,True,-4.081533477862109e-08,100.00000034134537,1000.0
SH601313,2015-07-21,2015,True,-5.718238638152684e-08,100.00000136219008,999.9999886057797
SH601313,2015-07-22,2015,True,-2.4373845275427186e-08,100.00000363310353,999.9999634289071
SH601313,2015-07-23,2015,True,2.6391872909314884e-08,99.99999773232062,999.9999923837248
SH601313,2015-07-24,2015,True,-4.618956883639669e-09,99.99999836236557,1000.0000215261975
SH601313,2015-07-27,2015,True,3.1547544576682185e-09,100.00000027604531,1000.0
SH601313,2015-07-28,2015,True,-7.037243332508325e-08,100.00000299955146,1000.000046711093
SH601313,2015-07-29,2015,True,5.909290834438252e-09,100.00000603629123,999.9999699338517
SH601313,2015-07-30,2015,True,6.758025250519495e-10,99.99999871325609,1000.0
SH601313,2015-07-31,2015,True,-7.159432946490796e-08,100.00000480836216,999.9999706722447
SH601313,2015-08-03,2015,True,-6.709482591737981e-08,100.00000399095983,999.9999558444331
SH601313,2015-08-04,2015,True,-5.4389595827153414e-08,99.99999738438503,999.9999662390713
SH601313,2015-08-05,2015,True,9.93461601872525e-09,100.00000125187195,1000.0000469062535
SH601313,2015-08-06,2015,True,7.05940594869503e-09,99.99999896319201,1000.0
SH601313,2015-08-07,2015,True,2.6391872909314884e-08,99.99999501012218,1000.0000284387747
SH601313,2015-08-10,2015,True,-2.578685254217561e-08,100.00000301292752,1000.0000494695084
SH601313,2015-08-11,2015,True,2.1213822920529424e-08,99.99999613386115,999.9999919786496
SH601313,2015-08-12,2015,True,2.2859710790967824e-08,100.00000013689265,999.9999559609439
SH601313,2015-08-13,2015,True,1.613637889974484e-08,99.99999678179478,1000.000047930075
SH601313,2015-08-14,2015,True,-1.1421647405640556e-08,100.00000552511145,1000.0
SH601313,2015-08-17,2015,True,-8.645612781243983e-09,99.99999855174265,1000.0000180955115
SH601313,2015-08-18,2015,True,-3.301017548196228e-08,100.00000037700251,999.9999779596027
SH601313,2015-08-19,2015,True,-2.3539002635963868e-08,99.99999712876634,999.9999775901028
SH601313,2015-08-20,2015,True,-2.3539002635963868e-08,100.00000582474439,999.9999541066494
SH601313,2015-08-21,2015,True,1.1087597506787006e-08,100.00000081008655,999.9999899041362
SH601313,2015-08-24,2015,True,-8.171999454908985e-08,99.99999994121964,1000.0000263933106
SH601313,2015-08-25,2015,True,-2.883385052943055e-08,100.00000024922528,999.9999944591943
SH601313,2015-08-26,2015,True,-8.679140839351618e-08,100.00000075185359,1000.0000338922033
SH601313,2015-08-27,2015,True,-8.117115657402252e-08,100.00000343837635,999.9999572942764
SH601313,2015-08-28,2015,True,1.9131456419074766e-08,100.00000193046026,1000.0000191918676
SH601313,2015-08-31,2015,True,-8.645612781243983e-09,100.00000077615213,999.9999708715735
SH601313,2015-09-01,2015,True,-6.08606959273672e-08,100.00000387014002,999.9999848242204
SH601313,2015-09-02,2015,True,-8.64561267022168e-09,100.00000061099247,1000.0000406397295
SH601313,2015-09-07,2015,True,-4.9668686608050905e-08,100.00000707815853,999.9999787422147
SH601313,2015-09-08,2015,True,-3.518916080746948e-08,100.00000155168536,999.9999587517708
SH601313,2015-09-09,2015,True,-1.223672918548857e-08,100.00000226681813,999.9999751821414
SH601313,2015-09-10,2015,True,1.3060540204890003e-08,99.99999802127897,1000.0000378938722
SH601313,2015-09-11,2015,True,-5.1705474124474904e-08,100.00000483900965,1000.0
SH601313,2015-09-14,2015,True,7.295591908373922e-09,100.00000373647259,1000.0000179432864
SH601313,2015-09-15,2015,True,-2.7858085727139326e-08,100.00000304228446,999.9999791173632
SH601313,2015-09-16,2015,True,4.773660577939154e-08,99.99999579061026,1000.0000210819657
SH601313,2015-09-17,2015,True,2.1132031680082264e-08,100.00000412465943,1000.0000526602622
SH601313,2015-09-18,2015,True,3.2281901596320495e-09,100.00000405527764,1000.0
SH601313,2015-09-21,2015,True,-7.196297091560666e-08,100.00000779066677,1000.0
SH601313,2015-09-22,2015,True,-1.9783278237817115e-08,99.99999946826715,1000.0000508019933
SH601313,2015-09-23,2015,True,4.043243695406318e-08,100.00000325568256,1000.0
SH601313,2015-09-24,2015,True,-1.2406618954408088e-08,100.00000473630611,1000.0000271991884
SH601313,2015-09-25,2015,True,4.972139344694426e-08,100.00000164095042,1000.0
SH601313,2015-09-28,2015,True,-5.8349522769063356e-08,100.00000264905239,1000.0
SH601313,2015-09-29,2015,True,-4.488922977774479e-08,100.00000089851684,1000.0
SH601313,2015-09-30,2015,True,-5.844353889727927e-10,100.00000270805279,1000.0
SH601313,2015-10-08,2015,True,-2.6972296063298984e-08,100.00000181388505,999.9999946223991
SH601313,2015-10-09,2015,True,-4.33931146570643e-08,100.00000308594203,999.9999947539119
SH601313,2015-10-12,2015,True,1.030367569043733e-08,100.00000529487588,1000.0
SH601313,2015-10-13,2015,True,4.5080836397204394e-08,99.99999704907864,999.9999739315306
SH601313,2015-10-14,2015,True,-5.447975182093501e-09,100.00000132069854,1000.0000369261796
SH601313,2015-10-15,2015,True,9.19146692091033e-09,99.99999990233522,1000.0000587493843
SH601313,2015-10-16,2015,True,1.314841457933369e-08,100.00000312135113,1000.0000400048259
SH601313,2015-10-19,2015,True,7.375907218332145e-09,99.99999971629585,999.9999904833289
SH601313,2015-10-20,2015,True,2.6391872909314884e-08,99.9999947478074,1000.0000062753916
SH601313,2015-10-21,2015,True,1.4662151492927933e-09,100.00000461859574,1000.0
SH601313,2015-10-22,2015,True,-4.125518493491853e-08,100.00000715847624,1000.0000183755949
SH601313,2015-10-23,2015,True,8.615901325725872e-10,100.00000116232454,999.9999743658511
SH601313,2015-10-26,2015,True,-3.049866248439059e-08,100.00000021412838,999.9999711248697
SH601313,2015-10-27,2015,True,-5.4389595827153414e-08,100.00000180932275,1000.0
SH601313,2015-10-28,2015,True,-4.059982960935571e-08,99.99999992402914,999.9999806493903
SH601313,2015-10-29,2015,True,3.6413241311095135e-09,99.9999976734004,999.9999923027505
SH601313,2015-10-30,2015,True,2.6391872909314884e-08,99.99999469247028,1000.0
SH601313,2015-11-02,2015,True,1.1087597506787006e-08,100.00000445303985,1000.0000132787018
SH601313,2015-11-03,2015,True,1.7423608333899665e-08,100.00000172702796,1000.0000325767163
SH601313,2015-11-04,2015,True,-5.571617167632326e-09,100.00000595985956,1000.0000353252889
SH601313,2015-11-05,2015,True,-2.3823339856399173e-08,100.0000040755874,999.999984664017
SH601313,2015-11-06,2015,True,-2.6425793442363954e-08,100.00000046147635,1000.0000055217048
SH601313,2015-11-09,2015,True,-2.9672944656944367e-08,100.00000213474394,999.9999589030291
SH601313,2015-11-10,2015,True,-4.9973339355524615e-08,100.00000091898812,1000.000005089063
SH601313,2015-11-11,2015,True,-6.849163469713204e-08,100.0000053084081,999.9999500161173
SH601313,2015-11-12,2015,True,-1.711308172946957e-08,99.99999543760762,1000.0
SH601313,2015-11-13,2015,True,2.263585807682489e-08,99.99999585421355,1000.0000071445768
SH601313,2015-11-16,2015,True,-3.255225433651532e-08,99.99999777308115,1000.0000149158664
SH601313,2015-11-17,2015,True,-4.225789140832603e-08,100.00000445845833,999.999968182599
SH601313,2015-11-18,2015,True,6.272218100455973e-08,99.9999978562214,999.9999821763938
SH601313,2015-11-19,2015,True,1.80933958926488e-08,99.99999870189068,1000.0
SH601313,2015-11-20,2015,True,-4.9973339355524615e-08,100.00000448411227,1000.0000458931273
SH601313,2015-11-23,2015,True,-2.973808166384373e-08,99.99999955615674,1000.0000447720826
SH601313,2015-11-24,2015,True,1.613637889974484e-08,99.99999807350162,1000.0000039061238
SH601313,2015-11-25,2015,True,-3.9858491840405463e-08,99.99999921301021,1000.0
SH601313,2015-11-26,2015,True,-1.4268775383463606e-08,100.0000033609503,1000.0
SH601313,2015-11-27,2015,True,-3.168618001314627e-08,100.00000474530408,999.9999681276252
SH601313,2015-11-30,2015,True,-3.08806626936331e-08,99.99999680343977,1000.000043576055
SH601313,2015-12-01,2015,True,4.832164601786815e-08,99.99999762941992,999.9999747427148
SH601313,2015-12-02,2015,True,-3.470535969718469e-09,100.00000210583804,1000.0000257108967
SH601313,2015-12-03,2015,True,5.414670622982953e-08,99.99999407356029,1000.0000447407696
SH601313,2015-12-04,2015,True,3.119592073552724e-08,100.00000091683133,1000.0
SH601313,2015-12-07,2015,True,-3.777882839894886e-08,100.00000382499815,1000.0
SH601313,2015-12-08,2015,True,-6.39333045393542e-08,100.0000005905329,1000.0000364673695
SH601313,2015-12-09,2015,True,6.284265841038916e-08,99.9999935515807,999.9999925383175
SH601313,2015-12-10,2015,True,-5.842577199821619e-09,99.99999690012886,999.999976917434
SH601313,2015-12-11,2015,True,-3.443737239816613e-08,100.00000315240248,1000.0000309282799
SH601313,2015-12-14,2015,True,-4.193798464058318e-08,100.00000285013942,1000.000022975585
SH601313,2015-12-15,2015,True,-2.2500761476251796e-08,100.00000765974728,1000.0000179941468
SH601313,2015-12-16,2015,True,-5.2196909128277014e-08,100.00000468592924,1000.0
SH601313,2015-12-17,2015,True,-6.439248934064778e-08,99.99999923528726,999.9999779219145
SH601313,2015-12-18,2015,True,-3.3114328279459926e-08,100.00000472780542,1000.0000082121937
SH601313,2015-12-21,2015,True,-1.1374011177345267e-08,100.00000157699029,999.9999684909202
SH601313,2015-12-22,2015,True,-8.645612781243983e-09,99.99999745770424,999.9999604674409
SH601313,2015-12-23,2015,True,-3.08806626936331e-08,99.99999492612872,1000.0000195123463
SH601313,2015-12-24,2015,True,-6.849163469713204e-08,100.0000007068603,999.9999688547529
SH601313,2015-12-25,2015,True,-5.842577199821619e-09,100.00000410715445,999.9999414270422
SH601313,2015-12-28,2015,True,-2.610047766804513e-08,100.00000192560425,999.9999714881723
SH601313,2015-12-29,2015,True,-2.8907354510110395e-08,99.9999987948438,1000.0
SH601313,2015-12-30,2015,True,3.815234572712711e-09,100.00000366957116,1000.0
SH601313,2015-12-31,2015,True,1.1939179644926412e-08,100.00000385784577,1000.0000118955447
SH601313,2016-01-04,2016,True,-5.4202358601429523e-08,100.0000051797168,999.9999770124143
SH601313,2016-01-05,2016,True,4.63298599484574e-09,100.00000412523524,1000.0000183240141
SH601313,2016-01-06,2016,True,-2.4745450355467824e-08,100.00000474645799,1000.0000415989638
SH601313,2016-01-07,2016,True,-1.4912396872901468e-09,99.99999752283365,1000.0
SH601313,2016-01-08,2016,True,3.68691293051171e-08,99.99999848048131,1000.0000082135994
SH601313,2016-01-11,2016,True,-1.2497737622574334e-08,100.00000006186484,999.9999911408678
SH601313,2016-01-12,2016,True,-7.525707579336682e-08,100.00000349820073,999.9999890491491
SH601313,2016-01-13,2016,True,5.52393826236397e-08,99.99999470824216,1000.0000249412515
SH601313,2016-01-14,2016,True,-7.542067093080362e-08,100.00000533778382,999.9999651051756
SH601313,2016-01-15,2016,True,-3.1010981338397414e-08,99.99999997545146,999.9999889597274
SH601313,2016-01-18,2016,True,-3.39807418869853e-08,100.00000035769654,999.9999846473014
SH601313,2016-01-19,2016,True,-7.850915040297224e-08,100.00000627561113,1000.0
SH601313,2016-01-20,2016,True,-5.09049058461386e-09,100.00000328923754,1000.0000396342294
SH601313,2016-01-21,2016,True,1.7810907193549497e-08,100.00000558003973,999.9999586899783
SH601313,2016-01-22,2016,True,-2.375124263931383e-08,99.99999919325512,999.9999658190221
SH601313,2016-01-25,2016,True,5.616952170051093e-08,100.000001474578,999.9999831399932
SH601313,2016-01-26,2016,True,2.7027630133957814e-08,99.99999848127355,999.9999577792155
SH601313,2016-01-27,2016,True,-1.5195319558181097e-08,99.99999814977186,999.999972697949
SH601313,2016-01-28,2016,True,-5.6486948230016765e-08,100.00000142383053,1000.0
SH601313,2016-01-29,2016,True,1.2617922262592174e-08,100.00000500387267,1000.0000156454352
SH601313,2016-02-01,2016,True,3.2875181688041266e-08,99.99999863693502,1000.0
SH601313,2016-02-02,2016,True,-3.599183340252665e-08,100.00000577041791,1000.0000236110878
SH601313,2016-02-03,2016,True,-4.47556167681995e-08,100.00000493556881,1000.0
SH601313,2016-02-04,2016,True,-4.643014195337969e-09,100.00000298411899,999.9999844903273
SH601313,2016-02-05,2016,True,-2.883385052943055e-08,100.0000004261707,1000.0
SH601313,2016-02-15,2016,True,3.624016464698343e-08,99.99999586020205,1000.0
SH601313,2016-02-16,2016,True,-7.507518007265901e-08,100.00000456883325,999.9999755866771
SH601313,2016-02-17,2016,True,-5.8349522769063356e-08,100.00000614753671,1000.0
SH601313,2016-02-18,2016,True,-2.7858085616117023e-08,100.00000262276885,999.9999584895459
SH601313,2016-02-19,2016,True,-1.2497737622574334e-08,100.00000490593239,999.9999697376909
SH601313,2016-02-22,2016,True,-8.472840296036566e-08,99.99999836618917,1000.000021692637
SH601313,2016-02-23,2016,True,-2.0049553905998607e-08,99.99999776765445,1000.0
SH601313,2016-02-24,2016,True,-7.348174957400033e-08,99.99999908322269,1000.0
SH601313,2016-02-25,2016,True,-3.195486308893436e-08,100.00000413424992,1000.0000166281296
SH601313,2016-02-26,2016,True,-3.195486308893436e-08,100.00000160116305,1000.0000232248574
SH601313,2016-02-29,2016,True,-3.326742270548522e-08,100.00000579794046,999.9999706916017
SH601313,2016-03-01,2016,True,-2.1267717587036827e-09,100.00000085837632,1000.0
SH601313,2016-03-02,2016,True,-7.850915051399454e-08,99.99999981263129,1000.0
SH601313,2016-03-03,2016,True,-3.084905775274649e-08,100.00000605374787,1000.0
SH601313,2016-03-04,2016,True,-2.300208912231483e-09,100.00000242680207,1000.0000232173298
SH601313,2016-03-07,2016,True,-5.345208675677782e-08,100.00000272367481,1000.0000307436908
SH601313,2016-03-08,2016,True,-8.563056563826166e-08,100.00000323609319,999.9999407565425
SH601313,2016-03-09,2016,True,-1.4854311447543012e-08,100.00000407983035,1000.0
SH601313,2016-03-10,2016,True,-5.463013530437877e-08,100.00000514267914,1000.0000442141634
SH601313,2016-03-11,2016,True,-4.879633530574523e-08,100.0000024017171,999.9999578292328
SH601313,2016-03-14,2016,True,-3.7234589189694134e-08,99.99999957995351,1000.0000245426363
SH601313,2016-03-15,2016,True,4.8230077931421533e-08,100.00000113715029,1000.0000555061335
SH601313,2016-03-16,2016,True,-3.997029685010034e-08,100.0000084692301,1000.0
SH601313,2016-03-17,2016,True,-7.319145345352496e-08,99.99999933868092,1000.0000369049079
SH601313,2016-03-18,2016,True,6.905798599632362e-09,100.00000379462999,1000.0
SH601313,2016-03-21,2016,True,2.178998803614718e-08,100.00000012067284,999.999985531505
SH601313,2016-03-22,2016,True,3.6852730866954175e-08,100.00000074025947,999.9999635379626
SH601313,2016-03-23,2016,True,5.616952170051093e-08,100.00000213391439,1000.0000470639641
SH601313,2016-03-24,2016,True,-4.834874389736399e-09,99.99999498418283,999.9999803035154
SH601313,2016-03-25,2016,True,-4.834874389736399e-09,99.99999973030697,1000.0000202339387
SH601313,2016-03-28,2016,True,-8.343869462024145e-08,99.99999896767555,1000.0000399820044
SH601313,2016-03-29,2016,True,-2.7858085616117023e-08,100.00000405811822,1000.0
SH601313,2016-03-30,2016,True,-6.724441803385162e-08,100.00000090139638,999.9999466863458
SH601313,2016-03-31,2016,True,-1.594726528608703e-08,99.999997843856,1000.0000155103622
SH601313,2016-04-01,2016,True,1.000727345434882e-08,100.00000245884617,999.999970480354
SH601313,2016-04-05,2016,True,5.634881383720369e-08,100.00000044691637,1000.0
SH601313,2016-04-06,2016,True,-1.928636694792374e-08,100.00000338811371,1000.0000409538932
SH601313,2016-04-07,2016,True,-3.049866248439059e-08,99.9999997664863,1000.0000336424683
SH601313,2016-04-08,2016,True,4.699791289475286e-08,100.0000007948096,1000.0000408971275
SH601313,2016-04-11,2016,True,-8.645612781243983e-09,100.00000355817596,1000.0000156067666
SH601313,2016-04-12,2016,True,1.3060540204890003e-08,99.99999888809295,1000.0000511862332
SH601313,2016-04-13,2016,True,1.2867576115738188e-08,100.00000132615408,999.9999836641391
SH601313,2016-04-14,2016,True,4.8412311270951136e-08,99.99999969745163,1000.0
SH601313,2016-04-15,2016,True,5.4032907925716245e-08,100.00000161685278,1000.0000584305906
SH601313,2016-04-18,2016,True,-7.693000592112753e-08,100.00000740469166,1000.0000351104442
SH601313,2016-04-19,2016,True,-1.5783373608080353e-08,100.00000044141956,999.9999507319775
SH601313,2016-04-20,2016,True,-1.2406618954408088e-08,100.0000019794086,999.9999580929001
SH601313,2016-04-21,2016,True,-8.189718170292792e-08,100.00000227502399,1000.0
SH601313,2016-04-22,2016,True,-3.154789840476013e-08,100.00000258369217,1000.0
SH601313,2016-04-25,2016,True,6.905798599632362e-09,100.00000405077552,1000.0000342619521
SH601313,2016-04-26,2016,True,-3.518916080746948e-08,99.99999986488446,1000.0
SH601313,2016-04-27,2016,True,-2.3097384560522016e-08,99.99999510222284,1000.0
SH601313,2016-04-28,2016,True,3.6852730866954175e-08,99.99999870381652,1000.0000280649674
SH601313,2016-04-29,2016,True,5.616952170051093e-08,99.99999636258798,1000.0
SH601313,2016-05-03,2016,True,-1.594726528608703e-08,99.99999435552027,999.9999766270631
SH601313,2016-05-04,2016,True,-7.850915040297224e-08,100.00000297899958,1000.0
SH601313,2016-05-05,2016,True,-2.6972296063298984e-08,100.00000493436806,1000.0
SH601313,2016-05-06,2016,True,-6.1717723931487e-08,100.00000413727749,1000.0000215803744
SH601313,2016-05-09,2016,True,-2.173843660635555e-09,99.99999699851533,1000.0
SH601313,2016-05-10,2016,True,1.7337479008006085e-08,100.00000070297497,1000.0
SH601313,2016-05-11,2016,True,-8.401879947328439e-08,100.00000617205167,1000.0
SH601313,2016-05-12,2016,True,-3.14723391792171e-08,100.00000271504364,1000.0
SH601313,2016-05-13,2016,True,1.1932518972912476e-08,99.99999954931855,999.9999641550762
SH601313,2016-05-16,2016,True,-1.8276389845972574e-08,100.00000257239273,1000.0
SH601313,2016-05-17,2016,True,-2.5254794588924767e-08,100.00000118425612,999.9999745491567
SH601313,2016-05-18,2016,True,-4.5302474771524714e-08,99.99999943587144,1000.0
SH601313,2016-05-19,2016,True,3.846380614014322e-08,100.00000053409015,999.9999809115138
SH601313,2016-05-20,2016,True,3.7001915975665156e-08,100.00000063414697,999.999977432742
SH601313,2016-05-23,2016,True,-4.611799164777608e-09,100.00000008527265,1000.0
SH601313,2016-05-24,2016,True,3.4091489187204616e-08,99.99999472797148,1000.0000258445675
SH601313,2016-05-25,2016,True,3.409348936500578e-08,99.99999607327271,1000.0000195653415
SH601313,2016-05-26,2016,True,3.409348936500578e-08,99.99999681758206,1000.0
SH601313,2016-05-27,2016,True,3.409348936500578e-08,99.99999554273508,1000.0
SH601313,2016-05-30,2016,True,-4.139575870976131e-08,100.00000331681298,999.9999619839988
SH601313,2016-05-31,2016,True,2.504048679519144e-08,100.00000082139205,1000.0000349440893
SH601313,2016-06-01,2016,True,-6.151443698865222e-08,100.00000395763068,1000.0000210276697
SH601313,2016-06-02,2016,True,1.4418404248317529e-08,100.00000110347852,1000.0000467561276
SH601313,2016-06-03,2016,True,4.093681371664104e-08,100.00000087059759,999.999968178434
SH601313,2016-06-06,2016,True,1.144131722696784e-08,100.00000646829032,1000.0000179869007
SH601313,2016-06-07,2016,True,2.5523921642900405e-08,100.00000398252307,1000.0000263617892
SH601313,2016-06-08,2016,True,-7.36511229781911e-09,100.00000296601029,1000.0
SH601313,2016-06-13,2016,True,9.884457252695711e-09,100.00000071487284,1000.0
SH601313,2016-06-14,2016,True,2.8287660658321556e-08,99.99999490272225,1000.0000082417728
SH601313,2016-06-15,2016,True,-2.356622774701833e-08,100.0000027893427,1000.0
SH601313,2016-06-16,2016,True,-6.051379841665039e-09,99.99999634118133,1000.0000227656582
SH601313,2016-06-17,2016,True,-2.6198408997757383e-08,100.00000620743447,999.9999759258515
SH601313,2016-06-20,2016,True,-4.428509481346765e-08,100.00000686953413,999.9999582129257
SH601313,2016-06-21,2016,True,-2.828144674005273e-08,99.99999473318194,999.9999576969635
SH601313,2016-06-22,2016,True,-4.509964390830845e-08,100.00000184653668,999.9999496270005
SH601313,2016-06-23,2016,True,1.1427435664401742e-08,99.9999977487672,999.9999902641296
SH601313,2016-06-24,2016,True,-5.691608295776973e-10,99.99999605487204,1000.0
SH601313,2016-06-27,2016,True,6.454854872828264e-09,100.00000134357492,999.9999836490123
SH601313,2016-06-28,2016,True,4.0066006512518015e-08,99.99999701604217,999.9999527834643
SH601313,2016-06-29,2016,True,1.1427435664401742e-08,99.99999835644303,999.9999422564682
SH601313,2016-06-30,2016,True,-8.178936972136341e-09,100.00000238326979,1000.0
SH601313,2016-07-01,2016,True,-7.452242845040757e-08,99.99999981768367,1000.0000370134759
SH601313,2016-07-04,2016,True,2.873296400807135e-08,99.99999814354801,999.9999955164459
SH601313,2016-07-05,2016,True,-1.3149772715159713e-08,99.99999797760579,1000.0000557777648
SH601313,2016-07-06,2016,True,3.1437483727358995e-08,99.99999774065664,999.9999687634835
SH601313,2016-07-07,2016,True,-5.4250798409150036e-08,100.00000453480027,999.9999713972189
SH601313,2016-07-08,2016,True,5.156968585495747e-08,99.99999431152351,1000.0000311831988
SH601313,2016-07-11,2016,True,-2.8749965741425854e-08,99.99999889566463,1000.000048146807
SH601313,2016-07-12,2016,True,-2.884802474678594e-08,99.99999957784179,1000.0000255782586
SH601313,2016-07-13,2016,True,4.156090072093832e-08,100.00000051498044,1000.0000118344137
SH601313,2016-07-14,2016,True,3.1437483727358995e-08,99.99999635224054,999.9999800879765
SH601313,2016-07-15,2016,True,3.1437483727358995e-08,100.00000149013876,999.9999785822333
SH601313,2016-07-18,2016,True,-2.2748270711581142e-08,100.00000648435332,1000.0000288994898
SH601313,2016-07-19,2016,True,-2.097003604095704e-08,99.99999993225657,999.999975610883
SH601313,2016-07-20,2016,True,-1.8276389845972574e-08,99.99999775182204,1000.0000263456227
SH601313,2016-07-21,2016,True,4.916416318501149e-08,99.99999493657307,1000.0000262916019
SH601313,2016-07-22,2016,True,-3.4667770876239956e-08,99.99999938486258,1000.0000100155451
SH601313,2016-07-25,2016,True,2.119745423634356e-08,99.9999956013658,1000.0000205065987
SH601313,2016-07-26,2016,True,5.7494204286356876e-08,99.99999872524819,999.9999593259358
SH601313,2016-07-27,2016,True,-4.652428753360027e-08,100.00000693414425,999.9999904786476
SH601313,2016-07-28,2016,True,1.4788307911572929e-08,99.99999870657206,999.9999720129441
SH601313,2016-07-29,2016,True,-1.6055552332083778e-08,100.00000583884966,1000.0
SH601313,2016-08-01,2016,True,4.8394025231601745e-08,99.99999427334387,999.9999676002192
SH601313,2016-08-02,2016,True,3.076838162030526e-08,99.99999414908957,1000.0000200497719
SH601313,2016-08-03,2016,True,2.201801319046126e-08,99.99999578989325,1000.0
SH601313,2016-08-04,2016,True,-2.401465981627382e-08,100.00000106550011,1000.0000154726948
SH601313,2016-08-05,2016,True,8.020573982747692e-09,100.00000019697195,1000.0000168123053
SH601313,2016-08-08,2016,True,1.946675043384971e-08,99.99999608122445,1000.0000160108774
SH601313,2016-08-09,2016,True,2.4174293900003363e-08,99.99999748201513,1000.0000112975081
SH601313,2016-08-10,2016,True,-1.5400482888949796e-08,100.00000538998907,1000.0000286215318
SH601313,2016-08-11,2016,True,5.306048711517519e-09,99.99999825345539,999.9999850945994
SH601313,2016-08-12,2016,True,5.949548187444975e-08,100.00000117972763,1000.0
SH601313,2016-08-15,2016,True,-4.652428753360027e-08,100.00000339492766,1000.0000163875391
SH601313,2016-08-16,2016,True,1.3907475171492933e-09,99.99999389103009,1000.000024907802
SH601313,2016-08-17,2016,True,6.676406316685757e-08,99.99999708382322,1000.0
SH601313,2016-08-18,2016,True,5.294882399198286e-08,99.9999960753536,1000.0
SH601313,2016-08-19,2016,True,6.589446766014362e-09,100.00000083741745,999.9999559776348
SH601313,2016-08-22,2016,True,7.28499460755927e-09,100.00000039734138,999.9999886825698
SH601313,2016-08-23,2016,True,-6.975917810070342e-08,99.99999972646725,1000.0
SH601313,2016-08-24,2016,True,-3.986796448529617e-09,100.00000639473227,1000.0
SH601313,2016-08-25,2016,True,5.069111885802613e-08,99.99999582378639,1000.0000271171211
SH601313,2016-08-26,2016,True,5.949548187444975e-08,100.00000132835584,999.9999638886976
SH601313,2016-08-29,2016,True,2.4174293900003363e-08,99.9999988317607,1000.0000211566872
SH601313,2016-08-30,2016,True,-2.962818490548358e-08,100.00000076801904,1000.0
SH601313,2016-08-31,2016,True,-5.771828970324577e-08,100.00000561695595,1000.0
SH601313,2016-09-01,2016,True,-5.52535392994713e-08,100.00000363292398,999.9999757695734
SH601313,2016-09-02,2016,True,5.294882399198286e-08,99.99999789961318,1000.0000376195073
SH601313,2016-09-05,2016,True,-6.975917810070342e-08,100.00000038842461,1000.0000153532044
SH601313,2016-09-06,2016,True,6.383287520783654e-08,100.00000337742354,999.9999879366593
SH601313,2016-09-07,2016,True,-9.795466437978462e-09,99.99999956588813,1000.0000097551253
SH601313,2016-09-08,2016,True,6.676406316685757e-08,100.00000171831496,1000.0000416260899
SH601313,2016-09-09,2016,True,-4.652428753360027e-08,100.00000418226233,999.9999867746827
SH601313,2016-09-12,2016,True,5.949548187444975e-08,99.99999530403754,1000.0
SH601313,2016-09-13,2016,True,5.0353319069884606e-08,99.99999777138936,1000.0000417209891
SH601313,2016-09-14,2016,True,4.796423236363978e-08,99.99999849265639,1000.0000562015518
SH601313,2016-09-19,2016,True,2.5429314209901577e-09,99.99999842366341,1000.0000561389674
SH601313,2016-09-20,2016,True,4.758673877169883e-08,99.99999594197986,999.9999704414798
SH601313,2016-09-21,2016,True,-2.0477559314890925e-08,100.00000253560752,1000.000038032504
SH601313,2016-09-22,2016,True,-9.552576063498464e-09,100.00000392952505,999.9999884526657
SH601313,2016-09-23,2016,True,1.4788307911572929e-08,100.00000193327752,1000.000032074854
SH601313,2016-09-26,2016,True,4.758673877169883e-08,100.00000105915768,999.9999584237427
SH601313,2016-09-27,2016,True,-7.125143286490498e-08,100.00000143921015,1000.0
SH601313,2016-09-28,2016,True,1.422810314011258e-08,100.00000363573871,1000.0000517025254
SH601313,2016-09-29,2016,True,1.422810314011258e-08,100.00000083426757,1000.0000360134767
SH601313,2016-09-30,2016,True,2.847923119553286e-08,99.99999554106368,999.9999599188068
SH601313,2016-10-10,2016,True,3.076838162030526e-08,99.9999948106426,999.99998208482
SH601313,2016-10-11,2016,True,6.168281574403522e-08,100.00000166054083,999.9999406604152
SH601313,2016-10-12,2016,True,-2.962818490548358e-08,100.00000279285317,1000.0000181513191
SH601313,2016-10-13,2016,True,-6.975917810070342e-08,100.00000105225857,1000.000036127028
SH601313,2016-10-14,2016,True,3.79586557741618e-08,99.99999620115774,999.99997368197
SH601313,2016-10-17,2016,True,-7.760303455395245e-08,100.00000616009187,1000.000016841241
SH601313,2016-10-18,2016,True,1.3907475171492933e-09,99.99999616257321,999.9999661079736
SH601313,2016-10-19,2016,True,6.383287520783654e-08,100.00000069707016,1000.000020491886
SH601313,2016-10-20,2016,True,-7.063880591573479e-09,99.99999497322804,999.9999592429575
SH601313,2016-10-21,2016,True,1.84175203976622e-08,99.99999531180788,1000.0000229808566
SH601313,2016-10-24,2016,True,1.2440231733634732e-08,99.99999785992964,1000.0
SH601313,2016-10-25,2016,True,-6.00987921650642e-08,100.00000300086943,999.9999685070446
SH601313,2016-10-26,2016,True,-9.795466437978462e-09,100.00000229087152,999.999962934998
SH601313,2016-10-27,2016,True,-1.6297148186517063e-08,100.00000347373289,999.9999723634457
SH601313,2016-10-28,2016,True,7.28499460755927e-09,100.00000609249999,999.9999754214127
SH601313,2016-10-31,2016,True,-3.986796448529617e-09,100.00000453353076,999.9999471819818
SH601313,2016-11-01,2016,True,-6.635866245385813e-08,100.000003876725,1000.0
SH601313,2016-11-02,2016,True,1.3308887103491429e-08,100.0000008889408,1000.0
SH601313,2016-11-03,2016,True,7.28499460755927e-09,100.00000326374551,1000.0000538240855
SH601313,2016-11-04,2016,True,-4.652428753360027e-08,99.99999880369255,1000.0000238637997
SH601313,2016-11-07,2016,True,-9.60043711195624e-10,99.99999618257539,1000.0000319249463
SH601313,2016-11-08,2016,True,-7.063880591573479e-09,99.99999902747324,1000.0000159365011
SH601313,2016-11-09,2016,True,5.294882399198286e-08,99.99999479330232,1000.0000194978238
SH601313,2016-11-10,2016,True,-4.049692470253774e-08,100.0000067147865,999.9999764440465
SH601313,2016-11-11,2016,True,-4.049692470253774e-08,100.00000629502905,1000.0
SH601313,2016-11-14,2016,True,1.4953410065743356e-08,99.99999542272819,1000.0000415497152
SH601313,2016-11-15,2016,True,-4.876013337540286e-08,100.00000552231064,1000.0000193947448
SH601313,2016-11-16,2016,True,4.9696754711447966e-08,99.99999951454002,1000.0000127951157
SH601313,2016-11-17,2016,True,3.942158199876644e-08,99.9999988001713,1000.0
SH601313,2016-11-18,2016,True,-1.6297148186517063e-08,100.0000039192725,999.9999724120039
SH601313,2016-11-21,2016,True,1.4953410065743356e-08,99.99999603835096,1000.000025748372
SH601313,2016-11-22,2016,True,1.4953410065743356e-08,99.99999776032887,1000.0000146704508
SH601313,2016-11-23,2016,True,-5.4112577863030253e-08,100.00000128324439,999.9999752119951
SH601313,2016-11-24,2016,True,4.0118905975106145e-09,99.99999514558209,1000.0
SH601313,2016-11-25,2016,True,-5.181105022789012e-08,100.00000185491392,999.9999729897813
SH601313,2016-11-28,2016,True,-1.6297148186517063e-08,100.00000491669418,999.9999807253962
SH601313,2016-11-29,2016,True,-1.2750970279640228e-09,99.9999995732942,999.9999847946647
SH601313,2016-11-30,2016,True,5.294882399198286e-08,99.9999972296651,1000.0000197154419
SH601313,2016-12-01,2016,True,-2.962818490548358e-08,100.00000042077215,999.9999613003291
SH601313,2016-12-02,2016,True,-2.1202953504051436e-08,100.00000456482555,999.9999813129831
SH601313,2016-12-05,2016,True,-1.2409170135896375e-08,100.00000343639594,1000.0
SH601313,2016-12-06,2016,True,-4.178300061496998e-08,100.00000016477142,999.9999509841524
SH601313,2016-12-07,2016,True,-4.733265357437233e-08,100.00000629119798,1000.0
SH601313,2016-12-08,2016,True,-7.094508536198418e-09,100.00000431838943,999.999962539292
SH601313,2016-12-09,2016,True,-2.1202953504051436e-08,100.00000403406857,1000.0000578687797
SH601313,2016-12-12,2016,True,-8.73258321210102e-09,100.0000027131412,1000.0000135033563
SH601313,2016-12-13,2016,True,-2.147996391865803e-08,100.00000192996939,1000.0000221830937
SH601313,2016-12-14,2016,True,4.699643119110419e-08,99.9999986703303,1000.0000258541012
SH601313,2016-12-15,2016,True,2.994627479324663e-08,100.00000070705973,1000.0
SH601313,2016-12-16,2016,True,1.3707291302011981e-08,100.00000136834355,999.9999603191877
SH601313,2016-12-19,2016,True,-8.138255658263205e-08,100.00000434234049,1000.0000419530118
SH601313,2016-12-20,2016,True,3.838515727494496e-09,100.00000623965954,1000.0
SH601313,2016-12-21,2016,True,-3.664462089325582e-08,100.00000540315452,1000.0
SH601313,2016-12-22,2016,True,-2.138197863210678e-08,99.99999665724884,999.9999775666938
SH601313,2016-12-23,2016,True,-1.5133416519930165e-08,99.99999729817472,999.999948366718
SH601313,2016-12-26,2016,True,-2.668883669620925e-09,99.99999741506153,1000.0
SH601313,2016-12-27,2016,True,-8.371614890201329e-08,100.00000109783113,999.9999411368349
SH601313,2016-12-28,2016,True,-2.4546163435168467e-08,100.00000274416739,1000.0
SH601313,2016-12-29,2016,True,-6.1717723931487e-08,100.00000315590219,999.9999612028378
SH601313,2016-12-30,2016,True,2.7832069982025587e-10,100.00000014776025,1000.0
SH601313,2017-01-03,2017,True,-1.807026372979692e-08,99.99999964418036,1000.0000505078795
SH601313,2017-01-04,2017,True,1.4273708215384318e-08,100.0000031955464,1000.000028214858
SH601313,2017-01-05,2017,True,2.8737416890578515e-09,100.00000643831915,999.9999731849201
SH601313,2017-01-06,2017,True,-3.1579407977488927e-09,100.00000325660761,1000.0
SH601313,2017-01-09,2017,True,5.4829169648940024e-08,100.00000337302379,1000.0000435236409
SH601313,2017-01-10,2017,True,3.171175766425449e-09,99.99999873002577,1000.0000473298868
SH601313,2017-01-11,2017,True,-2.138197863210678e-08,100.00000006274168,1000.0000405410527
SH601313,2017-01-12,2017,True,4.496371341922156e-08,100.00000309766183,1000.000048394861
SH601313,2017-01-13,2017,True,2.865636616888878e-10,99.99999614724938,1000.0000272527126
SH601313,2017-01-16,2017,True,3.7787667883648624e-08,100.00000063916993,1000.0
SH601313,2017-01-17,2017,True,1.4418404248317529e-08,99.9999987792373,1000.0
SH601313,2017-01-18,2017,True,2.1454892529249037e-08,100.00000592323553,999.9999584612881
SH601313,2017-01-19,2017,True,-1.8276389845972574e-08,100.00000582339126,1000.0
SH601313,2017-01-20,2017,True,4.699643119110419e-08,99.9999996844761,1000.0000412132267
SH601313,2017-01-23,2017,True,-1.2985857056335703e-08,99.99999825529764,999.9999595759894
SH601313,2017-01-24,2017,True,-8.73258321210102e-09,100.00000160995295,1000.0
SH601313,2017-01-25,2017,True,-3.1057082017227344e-08,100.0000079417238,999.9999480398906
SH601313,2017-01-26,2017,True,-8.73258321210102e-09,100.00000288783903,1000.0000501389375
SH601313,2017-02-03,2017,True,2.1536587624382264e-08,99.99999926052347,1000.0
SH601313,2017-02-06,2017,True,-8.73258321210102e-09,100.00000594386732,1000.0
SH601313,2017-02-07,2017,True,-3.7215654002942244e-08,100.00000106489546,1000.0000430342096
SH601313,2017-02-08,2017,True,-2.668883669620925e-09,99.99999625660229,1000.0000520673036
SH601313,2017-02-09,2017,True,1.902236501649668e-08,99.99999415900356,999.9999570789016
SH601313,2017-02-10,2017,True,6.905107019505863e-08,99.99999767765907,1000.0
SH601313,2017-02-13,2017,True,-9.02252161871786e-09,100.00000065169908,999.9999578110927
SH601313,2017-02-14,2017,True,1.902236501649668e-08,99.99999817810935,1000.0
SH601313,2017-02-15,2017,True,2.5763103872478155e-08,100.00000691565242,1000.0
SH601313,2017-02-16,2017,True,6.905107019505863e-08,100.0000023064798,999.9999467591014
SH601313,2017-02-17,2017,True,9.626495600656426e-09,99.99999611115608,1000.0
SH601313,2017-02-20,2017,True,3.372338053253543e-08,100.00000008728114,999.9999724655602
SH601313,2017-02-21,2017,True,1.0245853943047223e-08,100.00000664043883,1000.0000238301477
SH601313,2017-02-22,2017,True,2.175614066679543e-08,99.99999761827398,999.9999690266319
SH601313,2017-02-23,2017,True,-1.807026372979692e-08,100.00000119424347,999.9999662080205
SH601313,2017-02-24,2017,True,4.305377743207828e-08,99.99999881572438,999.999963532814
SH601313,2017-02-27,2017,True,4.496371341922156e-08,100.00000078682207,1000.0000211401621
SH601313,2017-02-28,2017,True,-6.1717723931487e-08,99.99999779158128,1000.000027615763
SH601313,2017-03-01,2017,True,1.902236501649668e-08,99.99999858866592,1000.0
SH601313,2017-03-02,2017,True,1.623696421759746e-08,100.00000145312454,1000.0
SH601313,2017-03-03,2017,True,-3.066716269817249e-08,99.99999545106843,1000.0000458348266
SH601313,2017-03-06,2017,True,-3.664462089325582e-08,100.00000062823133,999.9999417244561
SH601313,2017-03-07,2017,True,-3.1579407977488927e-09,99.99999816427176,1000.0
SH601313,2017-03-08,2017,True,-7.623257658462279e-08,100.00000570427628,999.999971466315
SH601313,2017-03-09,2017,True,1.0245853943047223e-08,100.00000373136241,1000.0000298832637
SH601313,2017-03-10,2017,True,-3.3443518399067784e-08,100.00000262631511,1000.0000461518603
SH601313,2017-03-13,2017,True,3.627999767275014e-08,99.99999837869194,1000.000032749318
SH601313,2017-03-14,2017,True,5.4829169648940024e-08,99.99999791362927,999.9999610615812
SH601313,2017-03-15,2017,True,-1.0914850689935918e-08,100.00000560075291,1000.0
SH601313,2017-03-16,2017,True,-3.1579407977488927e-09,99.99999920648659,1000.0
SH601313,2017-03-17,2017,True,3.372338053253543e-08,100.00000360811599,1000.0000253976259
SH601313,2017-03-20,2017,True,4.796423236363978e-08,99.99999581759049,999.9999810516174
SH601313,2017-03-21,2017,True,4.553145505070688e-08,99.9999986021426,1000.0000330494354
SH601313,2017-03-22,2017,True,-9.02252161871786e-09,100.00000280167842,1000.0000218507349
SH601313,2017-03-23,2017,True,-1.2049340636366423e-08,100.0000021451817,999.9999804966219
SH601313,2017-03-24,2017,True,6.905107019505863e-08,99.99999813616844,1000.0
SH601313,2017-03-27,2017,True,-8.371614890201329e-08,100.00000146468278,1000.0000358452604
SH601313,2017-03-28,2017,True,2.175614066679543e-08,99.99999906827189,999.9999701493687
SH601313,2017-03-29,2017,True,-7.451143546610695e-08,100.00000715696122,999.9999763268364
SH601313,2017-03-30,2017,True,-1.5208448944648012e-08,100.00000086744248,1000.0000267122591
SH601313,2017-03-31,2017,True,-8.423888697706161e-09,99.99999344812815,1000.0
SH601313,2017-04-05,2017,True,-2.173843660635555e-09,100.00000196363015,1000.0
SH601313,2017-04-06,2017,True,-2.4745908544510087e-08,99.999997524287,1000.0
SH601313,2017-04-07,2017,True,-1.2985857056335703e-08,100.0000035897782,999.9999732210539
SH601313,2017-04-10,2017,True,-2.0290160773761556e-08,99.99999694389884,1000.0000513136315
SH601313,2017-04-11,2017,True,2.7171116023794184e-08,99.99999626577878,1000.0
SH601313,2017-04-12,2017,True,-2.8076062585924433e-08,100.00000278863818,1000.0
SH601313,2017-04-13,2017,True,4.699643119110419e-08,99.99999765750894,999.9999627271737
SH601313,2017-04-14,2017,True,2.1454892529249037e-08,100.00000255584385,1000.0
SH601313,2017-04-17,2017,True,1.1932518972912476e-08,100.00000061088892,1000.0000372328391
SH601313,2017-04-18,2017,True,9.310613613422447e-09,99.99999908080181,1000.0000273175029
SH601313,2017-04-19,2017,True,2.042241442623549e-08,99.99999933239884,999.9999747031445
SH601313,2017-04-20,2017,True,1.728078902196728e-08,100.00000167514324,999.9999713861583
SH601313,2017-04-21,2017,True,1.728078902196728e-08,100.00000138556696,1000.0
SH601313,2017-04-24,2017,True,1.4654042201911466e-08,99.99999539937143,1000.0
SH601313,2017-04-25,2017,True,3.6115022084004522e-09,99.99999779337824,1000.000056632636
SH601313,2017-04-26,2017,True,-6.049739043056945e-09,99.99999745191232,1000.0
SH601313,2017-04-27,2017,True,4.103846573677572e-08,100.00000091588628,999.99997724664
SH601313,2017-04-28,2017,True,5.1298927328247146e-09,100.00000244422974,1000.0
SH601313,2017-05-02,2017,True,3.997505193531481e-08,100.00000022454853,999.9999530943494
SH601313,2017-05-03,2017,True,-6.955283449183725e-08,100.00000337367625,1000.0
SH601313,2017-05-04,2017,True,-3.113924096354026e-08,100.00000437336364,1000.0
SH601313,2017-05-05,2017,True,2.6530240226918522e-09,99.99999997704887,1000.0
SH601313,2017-05-08,2017,True,-4.829920685622824e-08,100.00000135247875,1000.0
SH601313,2017-05-09,2017,True,-3.3568878787804124e-09,100.00000216331217,1000.0
SH601313,2017-05-10,2017,True,1.187023257465114e-08,100.00000041629266,1000.0
SH601313,2017-05-11,2017,True,-4.7731455121713395e-08,100.00000221320961,1000.0
SH601313,2017-05-12,2017,True,-3.527977121553505e-08,100.00000050421669,1000.0
SH601313,2017-05-15,2017,True,-3.103848733587711e-08,100.00000306302991,1000.0
SH601313,2017-05-16,2017,True,1.5208908132890997e-08,100.00000197236241,1000.0000457148144
SH601313,2017-05-17,2017,True,1.1192204274479423e-08,99.99999685754172,1000.00004746246
SH601313,2017-05-18,2017,True,-1.771691571228473e-08,100.00000101500214,999.9999474993659
SH601313,2017-05-19,2017,True,1.4045784313410081e-08,99.99999551611127,1000.0
SH601313,2017-05-22,2017,True,-1.6451770945558053e-08,100.00000157366689,1000.0
SH601313,2017-05-23,2017,True,6.522538686937196e-08,99.9999935417701,1000.0
SH601313,2017-05-24,2017,True,0.0,100.00000173040092,1000.0
SH601313,2017-05-25,2017,True,-1.4370154954868042e-08,99.9999991713808,1000.0
SH601313,2017-05-26,2017,True,-1.4370154954868042e-08,100.00000130678796,1000.0
SH601313,2017-05-31,2017,True,-3.823564076466113e-08,100.0000010174899,1000.0
SH601313,2017-06-01,2017,True,2.1185243781474128e-08,99.99999918297152,999.9999410725954
SH601313,2017-06-02,2017,True,-4.6885067273017e-08,100.00000074312646,1000.0
SH601313,2017-06-05,2017,True,1.4336302811557289e-08,100.00000440710816,1000.0
SH601313,2017-06-06,2017,True,1.4336302811557289e-08,100.00000497912046,1000.0
SH601313,2017-06-07,2017,True,-2.5053512930917066e-08,100.00000085408908,1000.0
SH601313,2017-06-08,2017,True,6.000370667003097e-08,99.99999121649459,1000.0
SH601313,2017-06-09,2017,True,6.000370667003097e-08,99.99999568844363,1000.0
SH601313,2017-11-07,2017,True,2.097814721935265e-08,99.99999506428118,1000.0
SH601313,2017-11-08,2017,True,-3.0505065473640514e-08,100.00000476334098,1000.0
SH601313,2017-11-09,2017,True,-3.467669817958097e-08,100.0000056465152,1000.0
SH601313,2017-11-10,2017,True,1.5762135596730786e-08,99.99999866613342,1000.0
SH601313,2017-11-13,2017,True,5.822159332424803e-08,99.99999647521588,1000.0
SH601313,2017-11-14,2017,True,5.208181885762997e-09,100.00000315598673,1000.0
SH601313,2017-11-15,2017,True,-1.8273852653294398e-08,99.99999695768597,1000.0
SH601313,2017-11-16,2017,True,1.5066427438981123e-08,100.00000657958965,1000.0
SH601313,2017-11-17,2017,True,-3.521172908804715e-08,100.00000217308241,1000.0
SH601313,2017-11-20,2017,True,4.379115492447738e-08,99.99999729863328,1000.0
SH601313,2017-11-21,2017,True,3.719210628361225e-08,99.99999980680046,1000.0
SH601313,2017-11-22,2017,True,-5.879961884058815e-08,100.0000015893743,1000.0
SH601313,2017-11-23,2017,True,-5.879961872956585e-08,100.00000523146802,1000.0
SH601313,2017-11-24,2017,True,-3.401223458432412e-08,99.99999982576102,999.9999640181287
SH601313,2017-11-27,2017,True,-3.03459782857729e-08,100.00000167221357,1000.0000439273917
SH601313,2017-11-28,2017,True,2.7931349233512037e-08,99.99999243266043,1000.0000255786538
SH601313,2017-11-29,2017,True,6.389249795901719e-09,100.00000468010735,1000.0
SH601313,2017-11-30,2017,True,-6.803440544267403e-08,99.99999851529294,999.9999684823464
SH601313,2017-12-01,2017,True,3.4421257399941396e-08,99.99999438179827,999.9999908861544
SH601313,2017-12-04,2017,True,1.0502523073441239e-08,99.99999848816547,999.9999833603919
SH601313,2017-12-05,2017,True,-1.1420453249755269e-08,100.00000650455516,999.9999944232761
SH601313,2017-12-06,2017,True,6.9117098711046765e-09,100.00000331827559,1000.0000204810634
SH601313,2017-12-07,2017,True,1.4518713120637017e-08,100.00000346513878,1000.0000033776919
SH601313,2017-12-08,2017,True,-4.145779552988671e-08,100.0000048888043,1000.0000124045434
SH601313,2017-12-11,2017,True,-9.927208388660347e-09,99.99999805430367,1000.000042849665
SH601313,2017-12-12,2017,True,-2.3489326705927738e-08,100.00000507226255,1000.0000050709577
SH601313,2017-12-13,2017,True,-6.624564585777648e-08,100.00000602624262,1000.0000245967046
SH601313,2017-12-14,2017,True,1.9986077459677176e-08,100.00000280142027,999.9999723657492
SH601313,2017-12-15,2017,True,-7.915231803323763e-09,100.0000028286045,1000.0000192082413
SH601313,2017-12-18,2017,True,1.8301528736941464e-08,100.00000632475778,999.9999855542072
SH601313,2017-12-19,2017,True,6.291585252782284e-08,99.99999861349978,1000.0000132127423
SH601313,2017-12-20,2017,True,-1.1420453249755269e-08,100.00000367336438,1000.0000272987406
SH601313,2018-01-02,2018,True,7.071372709610557e-08,99.99999564150451,1000.0000318069201
SH601313,2018-01-03,2018,True,4.740540893166667e-08,99.99999412120391,999.9999949131862
SH601313,2018-01-04,2018,True,-4.1108805248768476e-10,99.99999553064849,999.9999789588161
SH601313,2018-01-05,2018,True,6.149452058679117e-10,99.9999945553245,1000.0000301179247
SH601313,2018-01-08,2018,True,6.082719217204158e-09,99.99999669541172,999.9999958798767
SH601313,2018-01-09,2018,True,-7.72353736522291e-10,100.0000074626579,999.99996350939
SH601313,2018-01-10,2018,True,-5.953590820340082e-08,100.00000423327887,999.9999724713463
SH601313,2018-01-11,2018,True,-4.017003663037144e-08,100.00000245401304,1000.0000199181061
SH601313,2018-01-12,2018,True,-4.6058335034793174e-08,100.00000827309343,1000.0000076223424
SH601313,2018-01-15,2018,True,-3.880399901401432e-08,100.00000165682106,999.9999938469106
SH601313,2018-01-16,2018,True,-1.4306565598865006e-08,100.00000088780239,999.9999713110078
SH601313,2018-01-17,2018,True,-5.340642139639584e-08,100.00000121788325,1000.0000040609198
SH601313,2018-01-18,2018,True,2.4623188155104003e-08,99.99999885770927,1000.0000206270419
SH601313,2018-01-19,2018,True,-1.5335000602689774e-08,100.00000365383846,999.9999673817815
SH601313,2018-01-22,2018,True,3.7526020291167583e-08,99.99999772367056,999.9999905693583
SH601313,2018-01-23,2018,True,3.9356071512841595e-08,100.00000255657946,1000.0000167971551
SH601313,2018-01-24,2018,True,-1.7235232352419416e-08,99.99999782840679,999.999968026321
SH601313,2018-01-25,2018,True,-4.5744369403522e-08,100.00000019156496,999.9999638314982
SH601313,2018-01-26,2018,True,-1.1604677330190327e-08,100.00000354224372,1000.0
SH601313,2018-01-29,2018,True,8.114348037935315e-08,99.9999938978677,1000.0000477874489
SH601313,2018-01-30,2018,True,-3.4884110267086044e-08,100.00000419034002,999.999971375222
SH601313,2018-01-31,2018,True,-6.173615829663248e-08,100.00000237905269,1000.0000282690334
SH601313,2018-02-01,2018,True,1.7078569891637585e-08,100.00000031325288,999.9999454322736
SH601313,2018-02-02,2018,True,5.6769466461048523e-08,99.99999392036709,999.9999760960077
SH601313,2018-02-05,2018,True,-2.2119070242077044e-08,100.00000358754356,1000.0000061927863
SH601313,2018-02-06,2018,True,6.553437681411367e-08,100.00000160083067,1000.0000214885803
SH601313,2018-02-07,2018,True,-4.127836661371731e-08,100.00000302378234,1000.0000237833417
SH601313,2018-02-08,2018,True,6.907911820341894e-08,100.0000007605589,1000.0000315419009
SH601313,2018-02-09,2018,True,-3.942831616754461e-09,99.99999824641048,999.9999921400529
SH601313,2018-02-12,2018,True,4.2674421996125034e-08,100.00000198051413,1000.0000226315921
SH601313,2018-02-13,2018,True,7.335640872518923e-08,99.99999354642829,1000.0000255083514
SH601313,2018-02-14,2018,True,5.9022767118221964e-08,99.99999907616247,999.9999774002977
SH601360,2015-01-05,2015,True,3.956238403546308e-08,1.0000000283851314,0.9999999943113309
SH601360,2015-01-06,2015,True,4.384226803821889e-08,0.9999999414464777,0.9999999755221046
SH601360,2015-01-07,2015,True,2.5820952709310063e-08,1.0000000048402333,1.0000000353372378
SH601360,2015-01-08,2015,True,1.2924058934160598e-08,1.0000000427991342,1.0
SH601360,2015-01-09,2015,True,1.793941462047144e-08,1.000000015165438,1.0000000278462073
SH601360,2015-01-12,2015,True,-4.017023158553457e-09,1.0000000426842068,1.000000033599777
SH601360,2015-01-13,2015,True,-7.3190506988396464e-09,0.9999999666915882,0.9999999735012883
SH601360,2015-01-14,2015,True,3.6970231542809984e-08,0.9999999646732174,0.9999999871195506
SH601360,2015-01-15,2015,True,-2.1647439396588197e-08,1.0000000080162972,0.9999999741311146
SH601360,2015-01-16,2015,True,4.219356197765478e-09,1.0000000172243464,1.0000000090319858
SH601360,2015-01-19,2015,True,7.068939433807486e-09,1.000000002901822,0.9999999915864417
SH601360,2015-01-20,2015,True,-2.79043688156122e-09,0.999999965632652,0.9999999456110871
SH601360,2015-01-21,2015,True,-1.2359528844818612e-08,1.0000000084912333,0.9999999986938987
SH601360,2015-01-22,2015,True,2.248395980508633e-08,0.9999999390106163,1.0000000089636745
SH601360,2015-01-23,2015,True,-2.5402858372380877e-08,0.9999999834943454,0.9999999725594625
SH601360,2015-01-26,2015,True,4.402340758602463e-08,0.9999999510344898,1.0000000086464607
SH601360,2015-01-27,2015,True,2.6696079347132695e-08,0.9999999911961823,0.9999999862316643
SH601360,2015-01-28,2015,True,1.179368647186152e-08,1.0000000432582,0.9999999742875791
SH601360,2015-01-29,2015,True,2.3638646595713908e-08,1.0000000060488354,0.9999999766622967
SH601360,2015-01-30,2015,True,-2.7193561069616123e-08,1.0000000347616955,1.0000000021816122
SH601360,2015-02-02,2015,True,-2.6572661071533332e-08,0.9999999788109156,1.0000000185568907
SH601360,2015-02-03,2015,True,-3.0989273813730733e-08,0.9999999717348613,1.00000002961404
SH601360,2015-02-04,2015,True,6.727684187524119e-09,1.0000000158508862,1.0000000094045498
SH601360,2015-02-05,2015,True,-3.447656604649296e-10,0.9999999644163432,1.0000000318793163
SH601360,2015-02-06,2015,True,-2.5402858372380877e-08,0.9999999889419017,1.0000000280860142
SH601360,2015-02-09,2015,True,-3.744885557210864e-08,1.0000000363497912,1.0000000455841547
SH601360,2015-02-10,2015,True,4.384226803821889e-08,0.9999999773515439,0.9999999781213185
SH601360,2015-02-11,2015,True,5.104325184746017e-08,0.9999999771605297,0.9999999915368066
SH601360,2015-02-12,2015,True,1.179368647186152e-08,1.0000000504467228,0.999999987798479
SH601360,2015-02-13,2015,True,1.1392261800580172e-08,0.9999999817688385,0.9999999956940733
SH601360,2015-02-16,2015,True,-1.2415008465715971e-08,0.999999955640971,0.9999999814669474
SH601360,2015-02-17,2015,True,-1.4386876356908829e-08,1.0000000635712527,0.999999974139482
SH601360,2015-02-25,2015,True,-1.6319258833163985e-08,1.0000000502744848,0.9999999742370461
SH601360,2015-02-26,2015,True,3.0947483242727e-08,0.9999999667498278,1.0000000209442288
SH601360,2015-02-27,2015,True,-1.7344437552857528e-08,0.9999999720237661,0.9999999841160357
SH601360,2015-03-02,2015,True,2.484798677926392e-08,0.9999999597287247,0.9999999859762809
SH601360,2015-03-03,2015,True,5.505715905407271e-08,1.0000000047881625,1.0000000321752331
SH601360,2015-03-04,2015,True,-5.48491052576594e-09,1.0000000516933323,0.9999999930393927
SH601360,2015-03-05,2015,True,-2.4655882335800072e-08,1.000000020471334,0.9999999993793813
SH601360,2015-03-06,2015,True,5.505715905407271e-08,0.9999999977181281,1.000000031537093
SH601360,2015-03-09,2015,True,1.545670258451537e-09,1.0000000041448804,0.9999999592676794
SH601360,2015-03-10,2015,True,2.7568648253151196e-08,1.0000000033024743,1.0000000014415171
SH601360,2015-03-11,2015,True,2.51889675784156e-08,0.9999999740002821,0.9999999928297273
SH601360,2015-03-12,2015,True,-4.345608195510664e-08,1.0000000446607382,1.0000000392665842
SH601360,2015-03-13,2015,True,-2.9447553839823115e-08,0.999999958469267,0.9999999771768712
SH601360,2015-03-16,2015,True,-3.3716068492672946e-08,0.9999999924118557,1.0000000063265033
SH601360,2015-03-17,2015,True,1.572438979025037e-08,0.999999979226905,1.0000000412543535
SH601360,2015-03-18,2015,True,4.2357136909032533e-08,1.0000000173139951,1.0000000121201802
SH601360,2015-03-19,2015,True,6.564723831203878e-08,0.999999991371678,1.0000000292616875
SH601360,2015-03-20,2015,True,-3.047363206221121e-08,1.0000000259101187,0.9999999884366384
SH601360,2015-03-23,2015,True,-1.9118349792179856e-08,0.9999999918866342,1.0000000384036214
SH601360,2015-03-24,2015,True,5.917622325490868e-08,0.9999999789057074,1.0000000169399603
SH601360,2015-03-25,2015,True,-9.930482325337664e-09,0.99999997841083,1.000000012322149
SH601360,2015-03-26,2015,True,-2.322890324535365e-09,0.9999999493046533,0.9999999536960881
SH601360,2015-03-27,2015,True,1.7809236307897436e-08,1.0000000381286978,0.9999999924138259
SH601360,2015-03-30,2015,True,3.271953441519315e-08,1.0000000073899118,0.9999999975140863
SH601360,2015-03-31,2015,True,-9.366138309374605e-09,1.000000000759523,1.0000000180307496
SH601360,2015-04-01,2015,True,2.431132162250549e-08,0.9999999981911386,0.9999999766019345
SH601360,2015-04-02,2015,True,0.0,1.0000000016665618,1.0000000227727692
SH601360,2015-04-03,2015,True,1.5311658829730845e-08,0.9999999664510351,1.0000000302206957
SH601360,2015-04-07,2015,True,4.274229414846786e-08,0.9999999790195885,0.9999999628063156
SH601360,2015-04-08,2015,True,-3.819154748008202e-08,1.000000032652651,0.9999999840970075
SH601360,2015-04-09,2015,True,2.9770439224918732e-08,0.9999999849909975,0.9999999792856719
SH601360,2015-04-10,2015,True,-5.738774677688241e-09,0.9999999837091179,1.0000000043443096
SH601360,2015-04-13,2015,True,1.608349786685892e-08,0.9999999788370558,1.000000031187044
SH601360,2015-04-14,2015,True,4.4667437970602464e-08,1.0000000210767923,0.9999999968506975
SH601360,2015-04-15,2015,True,3.806933168704063e-08,1.0000000322795108,1.000000010856594
SH601360,2015-04-16,2015,True,2.7643538347277286e-08,1.0000000122027886,0.9999999969115249
SH601360,2015-04-17,2015,True,4.01492279422655e-08,1.0000000257347526,0.9999999639597569
SH601360,2015-04-20,2015,True,-4.339909098760586e-08,1.0000000272696603,1.0000000135720042
SH601360,2015-04-21,2015,True,-3.897095091076608e-08,1.0000000217751828,1.0000000188846716
SH601360,2015-04-22,2015,True,-2.1496559088340916e-08,1.0000000383705085,0.9999999912008457
SH601360,2015-04-23,2015,True,6.2485379093146776e-09,0.9999999986435506,0.9999999742538432
SH601360,2015-04-24,2015,True,-4.1841321407609655e-08,1.0000000571316672,1.0000000188261433
SH601360,2015-04-27,2015,True,-1.978389929657709e-08,1.0000000313619393,1.000000004530376
SH601360,2015-04-28,2015,True,4.186359037205989e-09,1.0000000005126195,1.0000000268814218
SH601360,2015-04-29,2015,True,-3.7095055915870034e-08,0.9999999754091762,1.0000000085578857
SH601360,2015-04-30,2015,True,-2.0552025636888516e-08,1.0000000265860933,0.9999999797506272
SH601360,2015-05-04,2015,True,-9.957875524158055e-09,0.9999999835153575,0.9999999563824561
SH601360,2015-05-05,2015,True,4.416981091992511e-08,0.9999999344260398,1.0000000110468956
SH601360,2015-05-06,2015,True,-1.1331624416577313e-08,1.000000027055438,0.9999999606887555
SH601360,2015-05-07,2015,True,5.146542569889334e-08,0.9999999552040335,1.0000000181591138
SH601360,2015-05-08,2015,True,-4.8175011313489335e-08,1.0000000562148819,0.9999999850035205
SH601360,2015-05-11,2015,True,-3.256525549222289e-08,1.000000000345535,1.0000000123174242
SH601360,2015-05-12,2015,True,-5.005125391921439e-08,1.0000000091224912,0.9999999994032926
SH601360,2015-05-13,2015,True,-1.367567592502894e-08,1.0000000176876735,0.9999999736650201
SH601360,2015-05-14,2015,True,-4.481955462320997e-08,1.000000048645418,1.000000002048341
SH601360,2015-05-15,2015,True,-4.2174636005753996e-08,1.0000000097031025,0.9999999806978063
SH601360,2015-05-18,2015,True,-3.9267055385039384e-08,0.9999999929917127,1.000000023179083
SH601360,2015-05-19,2015,True,9.049003324435034e-09,1.0000000190925757,0.9999999974011068
SH601360,2015-05-20,2015,True,1.4618746657646398e-08,1.0000000217189402,1.0000000348915625
SH601360,2015-05-21,2015,True,-6.479278169546632e-08,1.0000000696130684,0.9999999836087939
SH601360,2015-05-22,2015,True,1.4034499784543186e-08,0.9999999670294224,0.9999999881835626
SH601360,2015-05-25,2015,True,1.787723213908521e-08,0.9999999616706304,1.000000011624088
SH601360,2015-05-26,2015,True,5.933743718600226e-09,1.0000000033619107,1.0000000188983673
SH601360,2015-05-27,2015,True,-4.944637321813161e-08,0.9999999698014034,1.000000029392207
SH601360,2015-05-28,2015,True,4.14473848575625e-08,0.9999999843846269,1.0000000222934244
SH601360,2015-05-29,2015,True,3.9056466949460855e-09,0.9999999895523013,1.0000000110558522
SH601360,2015-06-01,2015,True,-5.232772193330959e-08,0.9999999915515103,1.00000002400592
SH601360,2015-06-02,2015,True,2.237104101965315e-08,0.9999999432766975,1.0000000061791474
SH601360,2015-06-03,2015,True,2.123523001884564e-08,0.9999999737420096,1.0000000140108671
SH601360,2015-06-04,2015,True,2.5673024373062958e-08,0.9999999392375566,0.9999999699045726
SH601360,2015-06-05,2015,True,1.4012051074985266e-08,1.0000000589696227,1.00000001751557
SH601360,2015-06-08,2015,True,4.3172197372598475e-08,0.9999999813891198,0.9999999907976709
SH601360,2015-06-09,2015,True,-6.9790651036072404e-09,1.000000028300251,1.0000000130677889
SH601360,2015-06-10,2015,True,-5.5896610451355855e-08,1.0000000107145324,0.9999999808302177
SH601360,2015-06-11,2015,True,-3.330005937662861e-08,1.0000000302668952,1.0
SH601360,2015-06-12,2015,True,-5.7339035519632375e-08,1.000000029184708,0.9999999611390429
SH601360,2015-06-15,2015,True,2.8514326011475077e-08,1.0000000222937973,0.9999999608210133
SH601360,2015-06-16,2015,True,2.6305774225576783e-08,1.0000000300558087,1.0000000263056932
SH601360,2015-06-17,2015,True,1.874822852521163e-08,0.9999999553887386,1.0000000146243109
SH601360,2015-06-18,2015,True,-3.5394965181012594e-08,1.0000000409470673,1.0000000299800642
SH601360,2015-06-19,2015,True,-8.485169122884884e-09,0.9999999608922038,1.0000000010102597
SH601360,2015-06-23,2015,True,-1.153846351797938e-08,0.9999999721268801,1.0000000118483003
SH601360,2015-06-24,2015,True,2.4018685262916506e-08,0.9999999857930715,0.9999999846226743
SH601360,2015-06-25,2015,True,4.25093782396857e-08,0.9999999295889743,0.9999999312216358
SH601360,2015-06-26,2015,True,1.4618746657646398e-08,1.0000000212298759,1.0
SH601360,2015-06-29,2015,True,4.695062116866211e-09,0.9999999588892039,0.9999999872489492
SH601360,2015-06-30,2015,True,2.4390347297398307e-08,1.000000007273541,0.9999999789407841
SH601360,2015-07-01,2015,True,8.679182039728062e-09,0.9999999694835956,0.9999999851738461
SH601360,2015-07-02,2015,True,4.186359037205989e-09,1.0000000053222908,1.0000000204482005
SH601360,2015-07-03,2015,True,6.428110488343464e-08,0.9999999928070185,1.0000000288075972
SH601360,2015-07-08,2015,True,-1.9994413014146062e-08,1.0000000232899202,1.0000000025924936
SH601360,2015-07-09,2015,True,-7.171232807579031e-08,1.0000000206181645,1.000000050715852
SH601360,2015-07-10,2015,True,5.687334692083823e-08,0.999999969042379,0.9999999921774622
SH601360,2015-07-13,2015,True,-2.6561806976133084e-08,1.000000018613523,0.9999999935786164
SH601360,2015-07-14,2015,True,-5.400924707466004e-09,1.0000000479447742,1.000000005848385
SH601360,2015-07-15,2015,True,-1.9285232299992572e-08,0.9999999884959254,1.000000017652318
SH601360,2015-07-16,2015,True,1.044078157264039e-10,0.9999999879579057,1.000000030711507
SH601360,2015-07-17,2015,True,-1.367567592502894e-08,1.0000000346633506,1.0000000318573903
SH601360,2015-07-20,2015,True,0.0,1.0000000015498824,1.0000000263082034
SH601360,2015-07-21,2015,True,5.5223233097478897e-08,0.9999999797305867,1.000000044152604
SH601360,2015-07-22,2015,True,7.506433030712856e-09,1.0000000476187363,0.9999999634289072
SH601360,2015-07-23,2015,True,6.644077066297882e-08,0.9999999972481278,1.0000000323691696
SH601360,2015-07-24,2015,True,1.0391589810865298e-08,0.9999999915738205,0.9999999533599054
SH601360,2015-07-27,2015,True,-6.175224853688377e-08,1.0000000502183866,0.9999999878839715
SH601360,2015-07-28,2015,True,-4.619838300801149e-08,0.9999999815501134,1.0000000189763816
SH601360,2015-07-29,2015,True,-5.909001510318035e-09,1.0000000478088718,0.9999999727525531
SH601360,2015-07-30,2015,True,3.46899862169181e-08,0.9999999839174976,1.0000000302016279
SH601360,2015-07-31,2015,True,-7.671969737277351e-08,1.0000000601808439,1.0000000449081254
SH601360,2015-08-03,2015,True,0.0,1.000000029530349,0.9999999788421242
SH601360,2015-08-04,2015,True,-1.7686264786043182e-08,1.0000000160585532,1.0000000246173437
SH601360,2015-08-05,2015,True,6.201472313449585e-08,0.9999999225687621,1.0000000065961918
SH601360,2015-08-06,2015,True,-1.4799644842966586e-08,0.9999999733294476,1.0000000332577008
SH601360,2015-08-07,2015,True,-4.399295039370088e-09,0.9999999855958766,0.999999966228955
SH601360,2015-08-10,2015,True,4.504409556460587e-08,0.9999999916636111,1.0000000530030448
SH601360,2015-08-11,2015,True,1.8753923303194142e-08,0.9999999665891744,1.0000000005013343
SH601360,2015-08-12,2015,True,-7.3413146672862695e-09,1.000000056037483,1.000000008257323
SH601360,2015-08-13,2015,True,3.912670099026627e-08,1.0000000076529298,0.9999999790305922
SH601360,2015-08-14,2015,True,-3.0689983887555172e-09,0.9999999681973306,0.9999999705635865
SH601360,2015-08-17,2015,True,3.1202561201482126e-08,0.9999999904930965,1.0000000220539047
SH601360,2015-08-18,2015,True,2.814948407703355e-08,1.000000021587397,1.0000000303055463
SH601360,2015-08-19,2015,True,-4.319518775997011e-08,0.9999999941268926,0.9999999915962886
SH601360,2015-08-20,2015,True,-4.319518775997011e-08,1.0000000584131217,0.9999999741849903
SH601360,2015-08-21,2015,True,5.603856267910601e-09,1.0000000358673462,1.000000037859489
SH601360,2015-08-24,2015,True,-3.4964522499514317e-08,1.0000000062924228,0.9999999917520904
SH601360,2015-08-25,2015,True,-1.1561516521929605e-08,0.999999996157216,1.0000000159298164
SH601360,2015-08-26,2015,True,1.3295530454371374e-08,1.0000000064249126,0.9999999846425953
SH601360,2015-08-27,2015,True,1.3619162908540261e-08,1.000000013673711,0.9999999766453074
SH601360,2015-08-28,2015,True,2.1147050777159393e-08,0.9999999596069883,0.9999999874053368
SH601360,2015-08-31,2015,True,-1.4149188709566829e-08,1.000000027163514,1.0000000455131663
SH601360,2015-09-01,2015,True,7.045481109635432e-08,0.9999999810872491,1.0000000540637148
SH601360,2015-09-02,2015,True,-9.405607293011542e-09,0.9999999899775945,0.9999999955550296
SH601360,2015-09-07,2015,True,-8.414914676180274e-08,1.0000000252388606,1.0000000179362563
SH601360,2015-09-08,2015,True,5.2778249770568664e-08,0.9999999984553767,0.9999999935549642
SH601360,2015-09-09,2015,True,-3.540838133808677e-08,0.9999999821416801,1.0000000349001137
SH601360,2015-09-10,2015,True,-2.0181920801221054e-08,1.0000000101723352,0.999999970987504
SH601360,2015-09-11,2015,True,-7.576837790512769e-08,1.0000000570770862,1.000000017895931
SH601360,2015-09-14,2015,True,2.745047589236549e-08,1.0000000190844662,1.000000024111291
SH601360,2015-09-15,2015,True,-5.8818740322763574e-08,1.0000000623790688,0.9999999765070336
SH601360,2015-09-16,2015,True,2.8514326011475077e-08,1.00000001302021,0.9999999841885258
SH601360,2015-09-17,2015,True,-1.753563561024407e-08,0.9999999657723605,0.9999999679101528
SH601360,2015-09-18,2015,True,-6.814523723086552e-09,0.9999999992138391,1.000000024562499
SH601360,2015-09-21,2015,True,3.402182091605255e-08,1.0000000067848067,1.0000000477827657
SH601360,2015-09-22,2015,True,-3.6332139519146267e-09,1.0000000101584228,1.0000000293699023
SH601360,2015-09-23,2015,True,-2.633282369934875e-08,1.0000000084556715,1.0000000341806925
SH601360,2015-09-24,2015,True,7.990471861951676e-08,0.9999999517374252,1.0000000458986302
SH601360,2015-09-25,2015,True,3.667405512608468e-08,0.9999999964712359,1.0000000227308765
SH601360,2015-09-28,2015,True,-3.2711169439814114e-08,0.9999999717764477,0.9999999774006255
SH601360,2015-09-29,2015,True,4.4881780292271856e-08,0.9999999739957576,0.9999999688207146
SH601360,2015-09-30,2015,True,1.7530465967752207e-09,1.0000000580440622,0.999999989059998
SH601360,2015-10-08,2015,True,-2.803582466182064e-08,1.0000000164382417,1.000000012099602
SH601360,2015-10-09,2015,True,6.172634181567105e-09,0.9999999923645629,0.9999999672119494
SH601360,2015-10-12,2015,True,5.724004425999851e-08,1.000000000571946,0.9999999669017262
SH601360,2015-10-13,2015,True,4.129894159987657e-08,0.9999999550042091,0.9999999972845345
SH601360,2015-10-14,2015,True,-3.5348864946271874e-08,0.9999999728117417,0.9999999861526826
SH601360,2015-10-15,2015,True,1.367535173990575e-08,1.000000050866241,1.0000000045897957
SH601360,2015-10-16,2015,True,1.0947680983974806e-08,0.9999999445062996,1.0000000092868346
SH601360,2015-10-19,2015,True,-5.3832979851620166e-08,1.0000000219125824,0.9999999696656111
SH601360,2015-10-20,2015,True,-4.399295039370088e-09,0.9999999632467348,1.0000000149040549
SH601360,2015-10-21,2015,True,4.397982400483613e-08,1.0000000285179027,1.0000000018664565
SH601360,2015-10-22,2015,True,-3.782345892044958e-08,0.9999999990410453,1.0000000149301709
SH601360,2015-10-23,2015,True,3.3890081407861317e-08,0.9999999910743808,1.0000000309745967
SH601360,2015-10-26,2015,True,-6.337782187948449e-09,1.0000000140980498,0.9999999789452175
SH601360,2015-10-27,2015,True,-1.7686264786043182e-08,1.0000000007288266,0.9999999811710906
SH601360,2015-10-28,2015,True,-1.302929486524107e-08,0.9999999526063279,1.0
SH601360,2015-10-29,2015,True,1.3216229222123843e-08,1.0000000008681937,1.000000015875577
SH601360,2015-10-30,2015,True,-3.372641843579771e-08,1.000000058451463,0.9999999729155363
SH601360,2015-11-02,2015,True,5.603856267910601e-09,1.000000000754685,1.0000000439856995
SH601360,2015-11-03,2015,True,-3.602448306327943e-08,1.000000023342274,1.000000015779347
SH601360,2015-11-04,2015,True,2.7860455942274598e-08,1.0000000313741708,0.9999999805710911
SH601360,2015-11-05,2015,True,3.8231714682979145e-08,1.000000008276754,1.0000000204479773
SH601360,2015-11-06,2015,True,5.306611994271293e-08,1.0000000218111091,0.9999999855055248
SH601360,2015-11-09,2015,True,-2.477144656065633e-08,1.0000000491557826,1.0000000256856068
SH601360,2015-11-10,2015,True,-3.070904897040094e-08,0.9999999708480024,1.0000000260814483
SH601360,2015-11-11,2015,True,-2.3446467434240503e-08,1.0000000119918513,1.0000000109339744
SH601360,2015-11-12,2015,True,-1.0763309687966682e-08,1.000000029035776,0.9999999429374413
SH601360,2015-11-13,2015,True,5.146542569889334e-08,0.9999999843232488,0.9999999562394671
SH601360,2015-11-16,2015,True,-7.365036691631133e-09,1.0000000411750838,1.0000000018644832
SH601360,2015-11-17,2015,True,-1.2737796706296933e-08,0.999999978390287,1.0000000329537369
SH601360,2015-11-18,2015,True,-2.5828326477572716e-08,1.0000000015697734,0.9999999676947139
SH601360,2015-11-19,2015,True,1.7232622218088522e-08,1.0000000375343645,1.0000000448670874
SH601360,2015-11-20,2015,True,-3.070904897040094e-08,0.9999999741016333,1.0000000394394062
SH601360,2015-11-23,2015,True,-3.5377894280763655e-08,0.9999999812343943,1.000000029381679
SH601360,2015-11-24,2015,True,3.912670099026627e-08,0.9999999462704244,0.9999999790045846
SH601360,2015-11-25,2015,True,4.371834094740734e-08,0.9999999953216909,1.0000000639560591
SH601360,2015-11-26,2015,True,6.114390838085626e-08,0.9999999528363028,0.9999999617210004
SH601360,2015-11-27,2015,True,1.044078157264039e-10,0.9999999839758039,0.9999999940239297
SH601360,2015-11-30,2015,True,-6.850775724487335e-09,1.0000000003573748,0.9999999918294897
SH601360,2015-12-01,2015,True,-5.400924707466004e-09,1.000000026430253,0.9999999534318803
SH601360,2015-12-02,2015,True,-5.28058389237529e-08,1.0000000320599438,1.0000000160693103
SH601360,2015-12-03,2015,True,-4.708561207600326e-09,1.0000000128363842,0.9999999783286898
SH601360,2015-12-04,2015,True,2.695699774513116e-08,0.9999999876949155,1.000000008598199
SH601360,2015-12-07,2015,True,-1.8094648002175973e-08,1.0000000164204588,0.9999999740332141
SH601360,2015-12-08,2015,True,-3.16703476777036e-08,1.0000000309461492,0.9999999837199244
SH601360,2015-12-09,2015,True,6.478785508079454e-09,0.9999999983300436,0.9999999869420558
SH601360,2015-12-10,2015,True,2.9216309593849132e-08,1.0000000016310004,0.9999999980764528
SH601360,2015-12-11,2015,True,6.284622600105649e-09,0.9999999670294353,0.999999964561346
SH601360,2015-12-14,2015,True,1.8201560703090536e-08,1.0000000100002748,1.0000000124451085
SH601360,2015-12-15,2015,True,1.607004129766665e-08,0.999999970926486,1.0000000343013422
SH601360,2015-12-16,2015,True,-3.256525549222289e-08,0.999999998596676,0.9999999556669982
SH601360,2015-12-17,2015,True,-4.001819087218195e-08,1.0000000133638878,0.999999976082074
SH601360,2015-12-18,2015,True,1.577020958265507e-09,0.9999999850090314,0.99999998049604
SH601360,2015-12-21,2015,True,-4.6973299139274616e-08,1.0000000232646735,0.9999999730859943
SH601360,2015-12-22,2015,True,-1.8119999056764868e-08,0.9999999783095532,1.000000018530887
SH601360,2015-12-23,2015,True,-6.850775724487335e-09,0.9999999720037046,0.9999999719510022
SH601360,2015-12-24,2015,True,-2.3446467434240503e-08,1.0000000219822414,0.9999999980534221
SH601360,2015-12-25,2015,True,2.9216309593849132e-08,0.9999999616223206,0.9999999771199384
SH601360,2015-12-28,2015,True,5.377947220885915e-08,0.9999999658073142,1.0000000112859317
SH601360,2015-12-29,2015,True,-5.7228141114862296e-08,0.9999999995571387,0.9999999717514465
SH601360,2015-12-30,2015,True,2.629707762658029e-08,1.000000037681086,0.9999999693564346
SH601360,2015-12-31,2015,True,3.240103163548724e-08,0.9999999142362587,0.9999999873609837
SH601360,2016-01-04,2016,True,-1.0437949393704571e-08,1.00000004770645,1.000000027297758
SH601360,2016-01-05,2016,True,4.662634833785262e-08,0.9999999902298686,1.0000000057262544
SH601360,2016-01-06,2016,True,-4.6689595523119465e-09,1.000000020288681,0.9999999818004534
SH601360,2016-01-07,2016,True,1.4587033803081795e-08,0.9999999898269508,1.0000000054789169
SH601360,2016-01-08,2016,True,-1.2182348907430196e-08,1.0000000095927226,1.000000013860449
SH601360,2016-01-11,2016,True,-3.1831318469954795e-08,1.000000005821009,1.0000000177182644
SH601360,2016-01-12,2016,True,-7.349921304911078e-08,1.0000000270196636,0.9999999623564501
SH601360,2016-01-13,2016,True,-2.6362968919002583e-08,1.000000004967268,0.9999999937646872
SH601360,2016-01-14,2016,True,-8.153154718026911e-08,0.9999999942147981,0.9999999745558572
SH601360,2016-01-15,2016,True,-2.7699315063856034e-09,1.00000000608706,1.0000000393309714
SH601360,2016-01-18,2016,True,3.280524074611435e-09,1.0000000468743508,0.9999999985606846
SH601360,2016-01-19,2016,True,-3.798154368794826e-08,1.000000061873174,1.0000000417292338
SH601360,2016-01-20,2016,True,-4.762747651820831e-08,0.9999999880864384,0.999999992568582
SH601360,2016-01-21,2016,True,-5.342355979820468e-08,0.9999999703064584,0.9999999802056145
SH601360,2016-01-22,2016,True,-5.8853669382408214e-08,1.0000000547759724,1.0000000249236298
SH601360,2016-01-25,2016,True,-1.9994413014146062e-08,1.0000000050134874,1.0000000005268752
SH601360,2016-01-26,2016,True,4.40931480216733e-08,0.9999999811959784,1.000000051896381
SH601360,2016-01-27,2016,True,1.2664186588295934e-08,1.0000000299200527,1.0000000042659454
SH601360,2016-01-28,2016,True,4.426494082387933e-08,0.9999999721688287,0.999999974532663
SH601360,2016-01-29,2016,True,-4.3997395060557665e-08,1.0000000474066844,0.9999999882659236
SH601360,2016-02-01,2016,True,3.208724019820863e-08,0.999999973372352,0.9999999693129379
SH601360,2016-02-02,2016,True,5.1233357112323574e-08,0.9999999584264965,1.0000000324652458
SH601360,2016-02-03,2016,True,-3.57662488514876e-08,1.000000040832513,0.9999999833326044
SH601360,2016-02-04,2016,True,2.786233288532003e-08,1.0000000014939376,1.0000000237491864
SH601360,2016-02-05,2016,True,-1.1561516521929605e-08,1.0000000282660872,1.0
SH601360,2016-02-15,2016,True,2.8847274347043594e-08,0.9999999700674066,1.0000000211436548
SH601360,2016-02-16,2016,True,0.0,1.000000040223113,1.0000000289908209
SH601360,2016-02-17,2016,True,-3.2711169439814114e-08,1.0000000750223597,1.0000000111905993
SH601360,2016-02-18,2016,True,-2.7862826712521382e-08,0.9999999745020558,0.9999999753531679
SH601360,2016-02-19,2016,True,-3.1831318469954795e-08,1.0000000224135304,1.0000000378278864
SH601360,2016-02-22,2016,True,-4.005829945530337e-08,1.0000000278876633,0.9999999749178885
SH601360,2016-02-23,2016,True,7.171984939269294e-08,1.0000000001007248,1.0000000163172127
SH601360,2016-02-24,2016,True,3.850418650586107e-08,0.9999999772505415,1.000000008427781
SH601360,2016-02-25,2016,True,1.4747955745519903e-08,1.0000000019134225,0.9999999948037095
SH601360,2016-02-26,2016,True,1.4747955745519903e-08,1.0000000079610774,1.0000000326599556
SH601360,2016-02-29,2016,True,2.3533939907949275e-08,0.9999999874649264,1.000000031140173
SH601360,2016-03-01,2016,True,-3.599809439425172e-08,0.9999999979410976,1.0000000083781952
SH601360,2016-03-02,2016,True,-7.849340655230463e-08,1.0000000015311736,0.9999999786542343
SH601360,2016-03-03,2016,True,3.5229976047546074e-08,1.000000011615212,1.0000000295888376
SH601360,2016-03-04,2016,True,-2.3767212531389248e-08,1.0000000012116033,0.9999999637229221
SH601360,2016-03-07,2016,True,-6.142986863633126e-08,0.9999999674122315,0.9999999706974197
SH601360,2016-03-08,2016,True,5.874931652272153e-10,0.9999999618752101,1.0000000564664204
SH601360,2016-03-09,2016,True,9.602272754705155e-09,0.9999999485279157,0.999999979792394
SH601360,2016-03-10,2016,True,2.7281330527983982e-09,0.9999999943642762,1.0000000221070817
SH601360,2016-03-11,2016,True,-2.2596028603771856e-08,1.000000039484995,1.0000000158140376
SH601360,2016-03-14,2016,True,7.921664657573046e-09,1.0000000272126315,0.9999999746904062
SH601360,2016-03-15,2016,True,-5.301704419924391e-08,1.0000000103934477,1.0000000190802334
SH601360,2016-03-16,2016,True,-1.9382118132682535e-08,1.0000000350073517,1.0000000321085647
SH601360,2016-03-17,2016,True,1.0820105700304339e-08,1.0000000067912322,1.0000000357516294
SH601360,2016-03-18,2016,True,5.496374022584405e-09,1.0000000699876581,1.000000022413363
SH601360,2016-03-21,2016,True,2.2065012039718113e-08,1.0000000161419655,0.9999999782972575
SH601360,2016-03-22,2016,True,2.788055630809083e-08,0.9999999754579915,1.0000000056971934
SH601360,2016-03-23,2016,True,-1.9994413014146062e-08,0.9999999655885422,1.0000000323564753
SH601360,2016-03-24,2016,True,5.525559121366541e-09,0.999999986350828,0.9999999895362425
SH601360,2016-03-25,2016,True,5.525559121366541e-09,1.0000000068280697,0.9999999810306824
SH601360,2016-03-28,2016,True,-2.440188606733784e-09,1.0000000232571744,1.0000000108284595
SH601360,2016-03-29,2016,True,-2.7862826712521382e-08,0.9999999766060427,1.0000000143959549
SH601360,2016-03-30,2016,True,-5.337092057189352e-08,0.9999999859785649,1.0000000466494474
SH601360,2016-03-31,2016,True,2.845188529221332e-09,0.9999999408683015,1.000000005331687
SH601360,2016-04-01,2016,True,1.703900442961981e-08,0.9999999752385632,1.0000000322871128
SH601360,2016-04-05,2016,True,-1.9439582499281016e-08,1.000000016678154,0.9999999506207313
SH601360,2016-04-06,2016,True,-4.500770678372845e-08,0.9999999882802465,1.0000000051192366
SH601360,2016-04-07,2016,True,4.5016883998272306e-08,0.9999999390905405,1.000000031539814
SH601360,2016-04-08,2016,True,6.641978678167959e-08,0.9999999714792837,1.0000000287557929
SH601360,2016-04-11,2016,True,-1.4149188709566829e-08,1.0000000776800937,0.9999999770775615
SH601360,2016-04-12,2016,True,-2.0181920801221054e-08,1.0000000329525218,1.0000000463875238
SH601360,2016-04-13,2016,True,-5.7577257850383035e-08,1.0000000656741659,0.9999999775381914
SH601360,2016-04-14,2016,True,4.258891994624037e-08,0.9999999128274915,0.9999999531595852
SH601360,2016-04-15,2016,True,-1.3383931518617942e-08,0.9999999763195978,0.9999999570900351
SH601360,2016-04-18,2016,True,8.409666785169634e-08,0.9999999398347732,1.0000000358419117
SH601360,2016-04-19,2016,True,3.078655330668312e-08,0.999999931290199,0.9999999815244915
SH601360,2016-04-20,2016,True,7.990471861951676e-08,0.9999999994570861,0.9999999869040312
SH601360,2016-04-21,2016,True,-1.5929239483014612e-08,0.999999987283828,1.0000000332044225
SH601360,2016-04-22,2016,True,4.3172197372598475e-08,0.999999933028007,1.0000000356154264
SH601360,2016-04-25,2016,True,5.496374022584405e-09,1.0000000921750496,0.9999999839397099
SH601360,2016-04-26,2016,True,5.2778249770568664e-08,0.9999999882774293,0.9999999828915408
SH601360,2016-04-27,2016,True,7.238139820842093e-08,0.999999941362143,0.999999986348193
SH601360,2016-04-28,2016,True,2.788055630809083e-08,0.999999965998353,0.999999954394428
SH601360,2016-04-29,2016,True,-1.9994413014146062e-08,0.9999999517882708,1.0000000218281808
SH601360,2016-05-03,2016,True,2.845188529221332e-09,1.0000000308377959,0.9999999634797863
SH601360,2016-05-04,2016,True,8.491454606129878e-08,0.9999999163538257,0.999999978411902
SH601360,2016-05-05,2016,True,-2.803582466182064e-08,0.9999999994401695,1.0000000139196712
SH601360,2016-05-06,2016,True,3.448393059990451e-08,0.9999999484774451,0.9999999878610394
SH601360,2016-05-09,2016,True,-7.173722060827004e-08,1.000000041522304,0.9999999515544409
SH601360,2016-05-10,2016,True,1.3695545586500657e-08,1.0000000315359263,1.0000000216535982
SH601360,2016-05-11,2016,True,3.6096077016267714e-08,1.0000000527636652,1.000000031534436
SH601360,2016-05-12,2016,True,-9.205215700802682e-09,1.0000000580395512,0.9999999662208297
SH601360,2016-05-13,2016,True,2.65134134647127e-08,0.9999999861111372,1.0000000044806154
SH601360,2016-05-16,2016,True,-7.341650620773521e-09,0.9999999975125178,0.9999999681826327
SH601360,2016-05-17,2016,True,-6.619766956816875e-08,1.000000041068319,1.0000000174974548
SH601360,2016-05-18,2016,True,3.0411095863769333e-10,0.9999999430201975,1.0000000009299812
SH601360,2016-05-19,2016,True,6.284776543630244e-08,1.0000000067724129,1.0000000107372735
SH601360,2016-05-20,2016,True,-2.0208152262668477e-08,1.0000000170973886,0.9999999858954637
SH601360,2016-05-23,2016,True,4.303505796166007e-08,0.999999963051058,0.9999999708849678
SH601360,2016-05-24,2016,True,-1.005360272809952e-08,0.9999999942038575,1.0000000145375691
SH601360,2016-05-25,2016,True,-9.395644595677766e-09,0.9999999732732286,0.9999999639264017
SH601360,2016-05-26,2016,True,-9.395644595677766e-09,0.9999999898396478,0.9999999584432828
SH601360,2016-05-27,2016,True,-9.395644595677766e-09,0.9999999868913874,1.0000000242909461
SH601360,2016-05-30,2016,True,-1.8778453236834025e-09,0.9999999774156398,0.9999999958419998
SH601360,2016-05-31,2016,True,1.1247510922629544e-08,1.0000000450187718,0.9999999852579623
SH601360,2016-06-01,2016,True,4.872495917851438e-08,0.9999999541216058,0.9999999940859678
SH601360,2016-06-02,2016,True,-6.827168219647461e-08,1.000000061878068,0.9999999678551622
SH601360,2016-06-03,2016,True,7.692158843219943e-08,0.9999999649978035,0.9999999845864289
SH601360,2016-06-06,2016,True,2.1547863493509567e-09,0.9999999690900414,1.0000000112418128
SH601360,2016-06-07,2016,True,-1.2695912543492227e-08,0.9999999349633882,1.000000009885671
SH601360,2016-06-08,2016,True,-1.2276144434331115e-08,0.9999999490137442,1.000000049599729
SH601360,2016-06-13,2016,True,1.4570857187479191e-08,0.9999999838085212,0.9999999357116361
SH601360,2016-06-14,2016,True,-4.976427725456034e-08,1.00000002075471,0.9999999850617868
SH601360,2016-06-15,2016,True,3.3324021320169095e-09,1.000000000972207,1.000000007676636
SH601360,2016-06-16,2016,True,6.463635382480959e-08,0.999999991855438,1.0000000341484874
SH601360,2016-06-17,2016,True,-4.7781319012507595e-08,1.0000000182576534,0.9999999766781685
SH601360,2016-06-20,2016,True,6.959696507990998e-08,0.9999999571674237,1.0000000293815368
SH601360,2016-06-21,2016,True,-4.1171173470466726e-08,1.0000000030324938,0.9999999933901506
SH601360,2016-06-22,2016,True,-2.9790191868883653e-08,0.9999999490794949,0.9999999645814848
SH601360,2016-06-23,2016,True,-6.642874972317969e-08,1.0000000158399194,1.0000000012169838
SH601360,2016-06-24,2016,True,-2.3337901278175366e-08,0.9999999880571754,1.000000011305913
SH601360,2016-06-27,2016,True,1.1685487244506021e-08,1.000000023299591,1.0000000281032602
SH601360,2016-06-28,2016,True,-8.367991111146722e-08,1.0000000052908868,1.0000000228705095
SH601360,2016-06-29,2016,True,-6.642874972317969e-08,1.000000055704394,1.0000000018044854
SH601360,2016-06-30,2016,True,-2.363015050299566e-08,0.9999999984952154,1.0000000342821076
SH601360,2016-07-01,2016,True,3.6145002324516895e-08,1.0000000065090007,1.000000018506738
SH601360,2016-07-04,2016,True,-2.8379515848442338e-08,0.9999999692470682,0.9999999943955574
SH601360,2016-07-05,2016,True,-2.284270861352411e-08,1.0000000277045626,1.0000000008715275
SH601360,2016-07-06,2016,True,-7.14626881004321e-08,1.000000050669786,0.9999999843817418
SH601360,2016-07-07,2016,True,8.341481927409689e-08,0.999999973816113,1.0000000250274335
SH601360,2016-07-08,2016,True,-6.6925491815084115e-09,0.9999999554376808,1.0000000337817987
SH601360,2016-07-11,2016,True,-4.1471110656665644e-08,1.000000025556275,1.0000000472870427
SH601360,2016-07-12,2016,True,-6.569662025501799e-08,0.9999999970461753,1.0000000031972822
SH601360,2016-07-13,2016,True,2.341154581309013e-08,1.00000000879599,1.0000000133137155
SH601360,2016-07-14,2016,True,-7.14626881004321e-08,1.0000000053074536,1.000000021156525
SH601360,2016-07-15,2016,True,-7.14626881004321e-08,1.0000000404833522,1.0000000414969228
SH601360,2016-07-18,2016,True,-8.387311400959163e-09,1.0000000153885409,1.000000014449745
SH601360,2016-07-19,2016,True,-1.5455129731556383e-08,0.9999999409095439,0.9999999730703499
SH601360,2016-07-20,2016,True,-2.404754118057184e-08,1.0000000177464352,0.9999999758498459
SH601360,2016-07-21,2016,True,1.3353605110566491e-08,1.000000058067177,0.9999999824722654
SH601360,2016-07-22,2016,True,-8.372606430384621e-08,1.0000000482503386,0.9999999805948815
SH601360,2016-07-25,2016,True,5.6186483909925755e-08,0.9999999989867733,0.999999960268465
SH601360,2016-07-26,2016,True,1.9750404200991056e-08,0.9999999385545139,1.000000042368817
SH601360,2016-07-27,2016,True,-4.4483754457758096e-09,0.9999999467876298,0.9999999690556047
SH601360,2016-07-28,2016,True,2.6721057366785317e-08,0.9999999720791479,1.0000000285701196
SH601360,2016-07-29,2016,True,-2.359141881846938e-08,0.9999999453441539,1.0000000229113708
SH601360,2016-08-01,2016,True,-1.741335087235285e-08,1.000000021767012,0.9999999973000183
SH601360,2016-08-02,2016,True,3.6803033731658275e-08,1.0000000032500764,0.9999999981203339
SH601360,2016-08-03,2016,True,7.252487899123139e-08,0.9999999739218252,0.9999999907446697
SH601360,2016-08-04,2016,True,-3.87300991278039e-09,0.9999999578392439,1.0000000212749554
SH601360,2016-08-05,2016,True,4.792604713088622e-08,0.9999999940891144,0.999999986340002
SH601360,2016-08-08,2016,True,2.7435491656291333e-09,0.999999979417198,1.0000000010006798
SH601360,2016-08-09,2016,True,6.062009028084958e-08,0.9999999886784143,0.9999999858781149
SH601360,2016-08-10,2016,True,4.619807425498834e-08,1.0000000385201924,0.9999999847948112
SH601360,2016-08-11,2016,True,-3.979678220300542e-08,0.9999999802438998,0.9999999468995104
SH601360,2016-08-12,2016,True,1.1211369166375107e-08,1.0000000005478185,1.0000000317939846
SH601360,2016-08-15,2016,True,-4.4483754457758096e-09,0.999999944359497,1.00000002560553
SH601360,2016-08-16,2016,True,-2.4333865811243527e-08,1.0000000515468164,0.9999999875460991
SH601360,2016-08-17,2016,True,-4.720323498741408e-08,1.0000000437146355,1.0000000296573859
SH601360,2016-08-18,2016,True,3.332961173718729e-08,0.9999999912129443,0.9999999776602803
SH601360,2016-08-19,2016,True,-5.8691338900018764e-08,1.0000000536194447,1.0000000100884587
SH601360,2016-08-22,2016,True,3.188377584173452e-08,0.9999999925636388,1.0000000028293576
SH601360,2016-08-23,2016,True,1.994764953217043e-08,0.9999999929036028,1.0000000221032508
SH601360,2016-08-24,2016,True,-4.905840034208353e-08,1.000000000652376,0.9999999598105013
SH601360,2016-08-25,2016,True,1.4482069099486239e-08,0.9999999965686605,0.9999999813569792
SH601360,2016-08-26,2016,True,1.1211369166375107e-08,1.0000000151145214,0.9999999695310886
SH601360,2016-08-29,2016,True,6.062009028084958e-08,0.9999999708702684,0.9999999980165606
SH601360,2016-08-30,2016,True,-2.0430567237994524e-09,1.0000000648698348,1.0000000025623246
SH601360,2016-08-31,2016,True,-3.8453347617206646e-08,1.000000005724334,0.9999999880191088
SH601360,2016-09-01,2016,True,-4.4552908362582855e-08,0.999999993354714,0.9999999873799862
SH601360,2016-09-02,2016,True,3.332961173718729e-08,0.9999999774273871,0.9999999796227669
SH601360,2016-09-05,2016,True,1.994764953217043e-08,0.9999999442337986,1.0000000211106561
SH601360,2016-09-06,2016,True,-7.229555243348784e-08,0.9999999967331467,0.9999999570243487
SH601360,2016-09-07,2016,True,-2.194116455189743e-08,1.0000000062299275,1.00000003658172
SH601360,2016-09-08,2016,True,-4.720323498741408e-08,1.0000000214995455,0.9999999804877704
SH601360,2016-09-09,2016,True,-4.4483754457758096e-09,0.9999999783858249,1.0000000223177228
SH601360,2016-09-12,2016,True,-2.921227792995751e-08,1.000000032404179,0.9999999914833729
SH601360,2016-09-13,2016,True,-4.364347705454463e-08,1.0000000665163944,1.0000000397653177
SH601360,2016-09-14,2016,True,1.4228543232519542e-08,0.9999999835329333,1.0000000289789253
SH601360,2016-09-19,2016,True,1.740031807528908e-08,0.9999999919766626,1.0000000254379695
SH601360,2016-09-20,2016,True,8.304829224314858e-08,0.9999999578750969,0.9999999528911085
SH601360,2016-09-21,2016,True,6.53053873200804e-08,0.9999999471566725,0.9999999934631634
SH601360,2016-09-22,2016,True,7.196969686873445e-10,0.9999999944915258,0.9999999689665389
SH601360,2016-09-23,2016,True,2.6721057366785317e-08,1.00000003161443,0.9999999779485379
SH601360,2016-09-26,2016,True,8.304829224314858e-08,0.9999999375858186,1.0000000188392417
SH601360,2016-09-27,2016,True,-9.535779166292002e-09,0.9999999811926203,1.0000000240567988
SH601360,2016-09-28,2016,True,-5.385653700784587e-09,1.0000000031462857,0.9999999515288824
SH601360,2016-09-29,2016,True,-5.385653700784587e-09,0.9999999915344499,0.9999999932474731
SH601360,2016-09-30,2016,True,-8.78375280288779e-08,1.0000000406675686,1.0000000169092533
SH601360,2016-10-10,2016,True,3.6803033731658275e-08,1.0000000159325617,1.0000000167954812
SH601360,2016-10-11,2016,True,-4.111761642278111e-08,1.0000000365601474,0.9999999554953114
SH601360,2016-10-12,2016,True,-2.0430567237994524e-09,1.000000030484429,0.9999999829831384
SH601360,2016-10-13,2016,True,1.994764953217043e-08,0.999999979470096,1.00000001524109
SH601360,2016-10-14,2016,True,-6.325367341020183e-09,0.9999999901564262,1.0000000164487688
SH601360,2016-10-17,2016,True,-2.2428095047821728e-08,1.0000000152064605,0.9999999978948448
SH601360,2016-10-18,2016,True,-2.4333865811243527e-08,1.0000000413472943,0.9999999947043708
SH601360,2016-10-19,2016,True,-7.229555243348784e-08,0.9999999997969721,1.0000000345800577
SH601360,2016-10-20,2016,True,-6.207378133726849e-08,1.0000000315078077,0.9999999885370818
SH601360,2016-10-21,2016,True,7.937367652033345e-09,0.9999999712579805,1.0000000337531332
SH601360,2016-10-24,2016,True,1.7909698168949717e-08,0.9999999999009456,0.9999999853299143
SH601360,2016-10-25,2016,True,-2.0768507136281755e-08,1.0000000612633946,0.9999999940950709
SH601360,2016-10-26,2016,True,-2.194116455189743e-08,0.9999999621964918,0.999999996525156
SH601360,2016-10-27,2016,True,3.486216693104893e-08,0.9999999921136561,0.9999999982727154
SH601360,2016-10-28,2016,True,3.188377584173452e-08,0.9999999581655477,0.9999999831022213
SH601360,2016-10-31,2016,True,-4.905840034208353e-08,1.0000000134531486,1.0000000313606983
SH601360,2016-11-01,2016,True,2.02383061420619e-08,1.0000000040439898,0.999999987993859
SH601360,2016-11-02,2016,True,-4.373493767140246e-08,0.9999999771246408,1.0000000169104237
SH601360,2016-11-03,2016,True,3.188377584173452e-08,1.0000000470344044,0.9999999983179974
SH601360,2016-11-04,2016,True,-4.4483754457758096e-09,0.9999999702494669,1.0000000372871871
SH601360,2016-11-07,2016,True,1.919856496002126e-09,0.9999999749057019,0.9999999935152453
SH601360,2016-11-08,2016,True,-6.207378133726849e-08,0.9999999908689919,1.0000000039841253
SH601360,2016-11-09,2016,True,3.332961173718729e-08,1.0000000070674548,0.9999999695346503
SH601360,2016-11-10,2016,True,3.575300455693764e-08,1.000000007091488,1.000000006625112
SH601360,2016-11-11,2016,True,3.575300455693764e-08,0.99999996870474,1.0000000248645424
SH601360,2016-11-14,2016,True,-6.480757563931405e-08,1.0000000469846337,1.0000000424153344
SH601360,2016-11-15,2016,True,2.245047703297587e-08,1.00000001874334,1.0000000072730293
SH601360,2016-11-16,2016,True,4.5573402607246294e-08,0.9999999472237225,0.9999999656131267
SH601360,2016-11-17,2016,True,-4.6735657011076626e-08,1.0000000603438233,1.0000000024108548
SH601360,2016-11-18,2016,True,3.486216693104893e-08,0.99999996529189,0.9999999844817522
SH601360,2016-11-21,2016,True,-6.480757563931405e-08,0.9999999866771994,0.9999999806887211
SH601360,2016-11-22,2016,True,-6.480757563931405e-08,0.9999999781940747,1.0000000495127717
SH601360,2016-11-23,2016,True,-4.3613006539544585e-09,0.9999999954285642,1.0000000185910036
SH601360,2016-11-24,2016,True,3.410700166739389e-08,0.999999964417347,0.9999999719448909
SH601360,2016-11-25,2016,True,2.918064057055858e-08,0.9999999403964801,0.9999999577965334
SH601360,2016-11-28,2016,True,3.486216693104893e-08,0.9999999928410637,1.000000022888592
SH601360,2016-11-29,2016,True,7.90451812893167e-08,0.9999999310973553,1.00000002470867
SH601360,2016-11-30,2016,True,3.332961173718729e-08,0.9999999461001461,1.000000020947657
SH601360,2016-12-01,2016,True,-2.0430567237994524e-09,1.000000003209534,1.0000000260013413
SH601360,2016-12-02,2016,True,3.8521029921412264e-08,0.9999999662019786,1.0000000157671705
SH601360,2016-12-05,2016,True,-1.821797546153192e-08,1.000000066235965,1.0000000283260477
SH601360,2016-12-06,2016,True,-2.380095009968386e-09,1.0000000112135434,0.9999999731944583
SH601360,2016-12-07,2016,True,-3.660986258591237e-08,0.9999999808312767,0.9999999807374716
SH601360,2016-12-08,2016,True,4.41433003484093e-08,0.9999999975547659,0.9999999894641759
SH601360,2016-12-09,2016,True,3.8521029921412264e-08,0.9999999842612667,0.9999999773950079
SH601360,2016-12-12,2016,True,5.8619983533958475e-08,0.9999999517172802,1.000000014347316
SH601360,2016-12-13,2016,True,-4.158965083433941e-08,1.0000000456228166,1.0
SH601360,2016-12-14,2016,True,-1.1749866302146472e-08,0.9999999784231289,0.9999999749538394
SH601360,2016-12-15,2016,True,-6.944046559986816e-09,0.9999999733206477,1.0000000446449353
SH601360,2016-12-16,2016,True,-8.68076400761808e-08,1.0000000607300101,1.000000026040533
SH601360,2016-12-19,2016,True,3.014056959571576e-08,0.9999999668311433,1.000000017043411
SH601360,2016-12-20,2016,True,-5.0394315609381124e-08,1.000000049967741,0.9999999812066729
SH601360,2016-12-21,2016,True,2.3975510687890278e-08,0.9999999964860049,1.0000000141830645
SH601360,2016-12-22,2016,True,2.508156682345941e-08,0.9999999735620169,1.0000000252374694
SH601360,2016-12-23,2016,True,9.404395484580164e-09,0.9999999999489799,1.000000026623411
SH601360,2016-12-26,2016,True,-7.92133434401876e-08,1.000000061812916,1.0000000199644536
SH601360,2016-12-27,2016,True,7.851687522375528e-09,0.9999999472399501,0.9999999843644718
SH601360,2016-12-28,2016,True,3.4981406216161304e-08,0.999999999664202,0.9999999836644877
SH601360,2016-12-29,2016,True,3.448393059990451e-08,0.9999999470834522,0.9999999642338661
SH601360,2016-12-30,2016,True,1.0713516962468361e-08,0.9999999823943484,0.9999999679722634
SH601360,2017-01-03,2017,True,4.1026842145797104e-08,0.9999999725317035,0.9999999810595452
SH601360,2017-01-04,2017,True,-1.3595994330373173e-09,1.0000000324935387,1.0000000370320012
SH601360,2017-01-05,2017,True,-4.379808182797262e-09,1.0000000069498667,1.0000000058657987
SH601360,2017-01-06,2017,True,-7.607976681978101e-08,1.0000000480692586,0.9999999690601762
SH601360,2017-01-09,2017,True,-2.7419634007763705e-08,1.0000000151706512,1.0000000231219341
SH601360,2017-01-10,2017,True,5.309393369401505e-09,1.0000000048371553,0.9999999918651757
SH601360,2017-01-11,2017,True,2.508156682345941e-08,0.9999999513136986,1.0000000190036185
SH601360,2017-01-12,2017,True,-2.8171350696659658e-08,1.0000000205573047,1.0000000272221092
SH601360,2017-01-13,2017,True,2.836852508458776e-08,1.0000000040279544,0.9999999659341092
SH601360,2017-01-16,2017,True,2.8158474663086963e-08,0.999999985175013,1.0000000194045457
SH601360,2017-01-17,2017,True,-6.827168219647461e-08,1.0000000658210209,1.000000012551711
SH601360,2017-01-18,2017,True,-8.34465008203722e-09,1.000000038741592,1.0000000285578643
SH601360,2017-01-19,2017,True,-7.341650620773521e-09,1.000000061994205,1.0000000249139276
SH601360,2017-01-20,2017,True,-1.1749866302146472e-08,0.9999999972246547,0.9999999871208667
SH601360,2017-01-23,2017,True,-4.3285574236051616e-08,1.0000000200355277,1.0000000176855046
SH601360,2017-01-24,2017,True,5.8619983533958475e-08,1.0000000304988068,1.0000000246265779
SH601360,2017-01-25,2017,True,5.176027606523803e-09,0.9999999834828844,1.0000000105543971
SH601360,2017-01-26,2017,True,5.8619983533958475e-08,0.9999999663376798,0.9999999561284297
SH601360,2017-02-03,2017,True,1.5176695011831498e-08,0.999999987832911,0.999999973609792
SH601360,2017-02-06,2017,True,5.8619983533958475e-08,0.9999999986052982,1.0000000341284596
SH601360,2017-02-07,2017,True,3.1247207044060588e-09,0.9999999584690924,0.9999999643622952
SH601360,2017-02-08,2017,True,-7.92133434401876e-08,1.0000000687824306,0.9999999560682126
SH601360,2017-02-09,2017,True,9.509766085713522e-09,0.9999999885318003,0.9999999765275244
SH601360,2017-02-10,2017,True,-3.255629210663358e-08,0.999999972734133,0.9999999941931302
SH601360,2017-02-13,2017,True,1.1102627706094381e-08,1.0000000600000984,0.9999999624255044
SH601360,2017-02-14,2017,True,9.509766085713522e-09,0.9999999862384226,0.9999999596655871
SH601360,2017-02-15,2017,True,-1.1889503492845677e-08,1.0000000143553107,1.0000000424534
SH601360,2017-02-16,2017,True,-3.255629210663358e-08,0.9999999572632527,0.9999999858578863
SH601360,2017-02-17,2017,True,3.7732622804043103e-08,0.9999999838342919,1.0000000390228032
SH601360,2017-02-20,2017,True,3.613954380199402e-08,0.9999999754263348,0.9999999819305239
SH601360,2017-02-21,2017,True,-7.143034630452405e-08,1.0000000105606508,1.000000032021761
SH601360,2017-02-22,2017,True,9.074895790384119e-08,0.999999990444563,0.9999999932245757
SH601360,2017-02-23,2017,True,4.1026842145797104e-08,0.9999999709524326,0.9999999767680141
SH601360,2017-02-24,2017,True,6.238619754128649e-08,0.9999999335388944,0.9999999675214125
SH601360,2017-02-27,2017,True,-2.8171350696659658e-08,0.999999994496932,1.0000000237826823
SH601360,2017-02-28,2017,True,3.448393059990451e-08,0.9999999624581152,1.0000000034519703
SH601360,2017-03-01,2017,True,9.509766085713522e-09,0.9999999325631584,1.000000030141079
SH601360,2017-03-02,2017,True,3.2823340267995604e-08,0.9999999721807322,1.0000000106417835
SH601360,2017-03-03,2017,True,3.4843354423941264e-08,0.9999999456861008,0.9999999863927859
SH601360,2017-03-06,2017,True,2.3975510687890278e-08,0.9999999935346625,1.0000000245849952
SH601360,2017-03-07,2017,True,-7.607976681978101e-08,1.000000013267125,1.0000000486093057
SH601360,2017-03-08,2017,True,-6.832030052805749e-09,1.000000019967336,0.9999999964332894
SH601360,2017-03-09,2017,True,-7.143034630452405e-08,1.000000061045237,0.999999996264592
SH601360,2017-03-10,2017,True,2.3550854377774044e-08,0.9999999900097025,1.0000000281237897
SH601360,2017-03-13,2017,True,-3.4648891533706205e-08,1.0000000521358872,0.9999999779965519
SH601360,2017-03-14,2017,True,-2.7419634007763705e-08,0.9999999912737049,0.9999999677541219
SH601360,2017-03-15,2017,True,-1.0495894375850412e-08,1.000000030798905,0.9999999642580131
SH601360,2017-03-16,2017,True,-7.607976681978101e-08,0.9999999938245873,1.000000003364376
SH601360,2017-03-17,2017,True,3.613954380199402e-08,1.000000036193489,0.9999999698403192
SH601360,2017-03-20,2017,True,1.4228543232519542e-08,1.0000000295195806,1.0000000023685478
SH601360,2017-03-21,2017,True,-4.3556373174880036e-08,1.000000020361355,1.0000000041311794
SH601360,2017-03-22,2017,True,1.1102627706094381e-08,1.0000000549227477,0.9999999952201517
SH601360,2017-03-23,2017,True,-4.0205473950116755e-08,1.0000000235484723,0.9999999798871414
SH601360,2017-03-24,2017,True,-3.255629210663358e-08,0.9999999681005722,0.999999993846206
SH601360,2017-03-27,2017,True,7.851687522375528e-09,0.9999999720166732,1.000000014562137
SH601360,2017-03-28,2017,True,9.074895790384119e-08,0.9999999886068259,0.9999999972015033
SH601360,2017-03-29,2017,True,-4.9902262100331995e-08,1.0000000377743459,1.0000000184946591
SH601360,2017-03-30,2017,True,-2.111651831171457e-08,0.9999999781559746,1.0000000292165334
SH601360,2017-03-31,2017,True,7.020558445702818e-08,1.0000000087450356,0.999999968285452
SH601360,2017-04-05,2017,True,-7.173722060827004e-08,1.000000012161858,1.0000000048124176
SH601360,2017-04-06,2017,True,8.734067025173431e-09,1.0000000362393262,1.0000000273531133
SH601360,2017-04-07,2017,True,-4.3285574236051616e-08,1.0000000148090877,1.0000000142263152
SH601360,2017-04-10,2017,True,-5.17718750092655e-08,1.0000000236688753,0.9999999510916949
SH601360,2017-04-11,2017,True,-1.3440022761379566e-08,1.000000063798415,0.999999994096442
SH601360,2017-04-12,2017,True,4.704165723623532e-09,0.9999999422374422,0.9999999994700036
SH601360,2017-04-13,2017,True,-1.1749866302146472e-08,1.000000004706638,1.0000000099005946
SH601360,2017-04-14,2017,True,-8.34465008203722e-09,1.0000000118037624,0.9999999726254143
SH601360,2017-04-17,2017,True,2.65134134647127e-08,0.9999999589668963,1.0000000267611031
SH601360,2017-04-18,2017,True,-6.206110958473232e-09,1.000000019362218,0.9999999837802327
SH601360,2017-04-19,2017,True,-1.4247209523254867e-08,1.000000022306253,1.0000000118579009
SH601360,2017-04-20,2017,True,-2.496057283085662e-08,1.0000000398842064,1.0000000026825477
SH601360,2017-04-21,2017,True,-2.496057283085662e-08,1.00000001786354,0.999999994422549
SH601360,2017-04-24,2017,True,-2.453574676763992e-08,1.0000000660680792,1.000000006440136
SH601360,2017-04-25,2017,True,-2.7417089931702776e-08,1.0000000664660127,0.9999999495615586
SH601360,2017-04-26,2017,True,-5.804906011430688e-08,1.0000000036733112,0.9999999636678273
SH601360,2017-04-27,2017,True,-1.0177879872230733e-08,1.0000000284398718,1.000000038396295
SH601360,2017-04-28,2017,True,2.896276773967088e-08,0.9999999728948357,0.999999975202703
SH601360,2017-05-02,2017,True,7.864592976858376e-09,1.0000000023465918,0.9999999802116787
SH601360,2017-05-03,2017,True,-4.170330236696884e-08,1.0000000389454986,1.0000000159806501
SH601360,2017-05-04,2017,True,-1.7419928166617638e-08,1.0000000073291417,1.0000000076141053
SH601360,2017-05-05,2017,True,-2.388048714330182e-08,1.0000000468071084,0.9999999492686099
SH601360,2017-05-08,2017,True,-5.067470554287468e-09,0.9999999884796665,1.000000038348574
SH601360,2017-05-09,2017,True,8.393837180875607e-09,0.9999999225610746,1.0000000356071794
SH601360,2017-05-10,2017,True,-7.632697363035845e-09,0.9999999590992488,0.9999999868290187
SH601360,2017-05-11,2017,True,3.0374835979785075e-09,1.0000000396995148,0.9999999475934562
SH601360,2017-05-12,2017,True,-2.4692435540707436e-08,0.9999999892443506,1.0000000203174058
SH601360,2017-05-15,2017,True,-2.5712771689612168e-08,1.0000000250317498,0.9999999958982332
SH601360,2017-05-16,2017,True,1.88112965204823e-08,1.0000000251649015,0.9999999585709494
SH601360,2017-05-17,2017,True,-1.1191543913824376e-08,0.9999999933486732,1.0000000096408121
SH601360,2017-05-18,2017,True,-6.376955408171625e-09,1.0000000548041543,0.9999999827732294
SH601360,2017-05-19,2017,True,3.9174510524375705e-08,1.0000000081329958,1.0000000062414716
SH601360,2017-05-22,2017,True,-2.9462606465635588e-08,0.9999999887210671,1.0000000175986241
SH601360,2017-05-23,2017,True,-3.960617311893344e-08,1.0000000217245681,0.9999999803167741
SH601360,2017-05-24,2017,True,-1.5605837511145637e-08,1.0000000565720848,1.000000011158625
SH601360,2017-05-25,2017,True,-1.7727499135311575e-08,1.000000019670779,0.9999999862461832
SH601360,2017-05-26,2017,True,-1.7727499135311575e-08,0.9999999736542309,1.0000000219306147
SH601360,2017-05-31,2017,True,3.6031841066375137e-08,1.0000000074509856,0.9999999617599356
SH601360,2017-06-01,2017,True,2.0782711107614205e-08,0.9999999969428276,1.000000011969629
SH601360,2017-06-02,2017,True,-8.5161071528006e-09,1.0000000238425681,1.000000001468515
SH601360,2017-06-05,2017,True,1.9120112604298356e-08,0.9999999672651374,0.9999999855119214
SH601360,2017-06-06,2017,True,1.9120112604298356e-08,0.9999999977910263,0.9999999797025568
SH601360,2017-06-07,2017,True,-2.1685611639732372e-08,1.0000000125579322,1.0000000290141877
SH601360,2017-06-08,2017,True,2.446301983205501e-08,0.9999999927302841,1.0000000286756792
SH601360,2017-06-09,2017,True,2.446301983205501e-08,0.9999999450569887,0.9999999891244504
SH601360,2017-11-07,2017,True,2.5755879429212314e-08,0.9999999533502137,1.0000000534223619
SH601360,2017-11-08,2017,True,3.173065943329334e-08,0.9999999650888994,0.9999999845139916
SH601360,2017-11-09,2017,True,1.7340509028684892e-08,0.999999981516093,0.9999999924263869
SH601360,2017-11-10,2017,True,1.4692705496699432e-08,0.999999976660416,1.0000000126534914
SH601360,2017-11-13,2017,True,1.2835228879737315e-08,0.9999999285621637,0.9999999791376103
SH601360,2017-11-14,2017,True,3.916995860997474e-08,0.9999999688556703,0.999999965179041
SH601360,2017-11-15,2017,True,1.022635776060099e-08,0.9999999860124502,1.0000000302112462
SH601360,2017-11-16,2017,True,3.121154823482186e-08,0.9999999810265798,0.9999999925172874
SH601360,2017-11-17,2017,True,4.577248113868393e-08,0.9999999980711844,1.000000005205009
SH601360,2017-11-20,2017,True,1.7784944628118637e-09,1.000000015932447,0.9999999901820352
SH601360,2017-11-21,2017,True,-3.8806580171524274e-10,1.000000014502783,1.0
SH601360,2017-11-22,2017,True,-1.5288537325020002e-08,1.0000000552446198,1.000000042944888
SH601360,2017-11-23,2017,True,1.8175183580382281e-09,1.0000000442777992,1.0000000039500614
SH601360,2017-11-24,2017,True,4.90732545710415e-08,0.9999999538981903,1.0000000157420688
SH601360,2017-11-27,2017,True,-1.192615450840151e-09,0.9999999743434174,1.0000000370637367
SH601360,2017-11-28,2017,True,-7.549677660811938e-09,1.0000000625440193,0.9999999656286841
SH601360,2017-11-29,2017,True,-5.6681134896763297e-08,1.0000000089940142,0.9999999618367138
SH601360,2017-11-30,2017,True,-1.7921255146546855e-08,0.9999999959950953,0.9999999917058806
SH601360,2017-12-01,2017,True,5.675285286166343e-08,0.9999999503784359,1.0000000349077485
SH601360,2017-12-04,2017,True,-6.570295418839578e-09,0.9999999941322196,0.9999999785071728
SH601360,2017-12-05,2017,True,-3.385416047496648e-08,0.9999999898686606,0.9999999931840042
SH601360,2017-12-06,2017,True,-4.713521084553918e-08,1.0000000764952028,0.9999999750230933
SH601360,2017-12-07,2017,True,9.194773831211478e-09,0.9999999969055985,1.0000000258956379
SH601360,2017-12-08,2017,True,6.584366585293822e-08,1.0000000014997363,1.000000024809087
SH601360,2017-12-11,2017,True,-8.074409896252632e-08,1.0000000707921568,1.0000000267352611
SH601360,2017-12-12,2017,True,3.1589606930282343e-08,0.9999999844971571,0.9999999840069794
SH601360,2017-12-13,2017,True,-5.959259641308279e-09,0.9999999871099375,1.0000000210828897
SH601360,2017-12-14,2017,True,-2.225042039505354e-08,1.0000000192468756,0.9999999639219502
SH601360,2017-12-15,2017,True,-5.7215291393575285e-08,1.0000000112982896,1.0000000246105591
SH601360,2017-12-18,2017,True,1.2225260803688798e-09,1.0000000136362177,1.0000000108343445
SH601360,2017-12-19,2017,True,7.621936015667075e-08,0.999999953512398,1.0000000302005538
SH601360,2017-12-20,2017,True,-3.385416047496648e-08,0.9999999742704866,0.9999999578819431
SH601360,2018-01-02,2018,True,-5.59197229632602e-08,0.9999999839552854,1.0000000460363316
SH601360,2018-01-03,2018,True,6.170131960914205e-09,1.0000000039235866,0.9999999893176912
SH601360,2018-01-04,2018,True,-1.428126050750933e-08,1.000000057789452,1.0000000204567066
SH601360,2018-01-05,2018,True,1.0863899113644493e-08,1.0000000131169624,1.0000000395297761
SH601360,2018-01-08,2018,True,1.1435634661438598e-08,1.0000000165740008,1.0000000462369392
SH601360,2018-01-09,2018,True,2.506966567672464e-08,0.9999999356910583,0.9999999945939837
SH601360,2018-01-10,2018,True,-4.264366948447673e-08,1.0000000413150045,0.9999999934932273
SH601360,2018-01-11,2018,True,-1.2544921768053996e-08,1.0000000591887608,1.0000000303751118
SH601360,2018-01-12,2018,True,3.844424645293998e-08,0.9999999765709442,0.999999971797333
SH601360,2018-01-15,2018,True,-5.423725957243164e-08,1.000000004064202,0.9999999961543191
SH601360,2018-01-16,2018,True,3.204585929950099e-08,0.9999999374728058,1.0000000183015985
SH601360,2018-01-17,2018,True,-5.7591319824190634e-08,0.9999999977533731,0.9999999756344813
SH601360,2018-01-18,2018,True,-8.21767703884646e-08,1.000000046972271,0.9999999964126883
SH601360,2018-01-19,2018,True,-2.0650314680459303e-08,0.999999983701456,0.9999999938137861
SH601360,2018-01-22,2018,True,-1.4660722302828333e-08,1.000000044484718,0.9999999932638273
SH601360,2018-01-23,2018,True,8.045640553788758e-08,0.9999999868114126,0.9999999937010668
SH601360,2018-01-24,2018,True,-3.2125409554772943e-08,1.0000000712662078,1.000000031973679
SH601360,2018-01-25,2018,True,2.5124050173630508e-08,0.9999999807938561,0.9999999767488204
SH601360,2018-01-26,2018,True,1.9370291814979623e-08,0.9999999879326179,1.0000000102827105
SH601360,2018-01-29,2018,True,4.270502618197725e-09,0.99999996584904,1.0000000503474908
SH601360,2018-01-30,2018,True,-3.8673604985106635e-08,1.0000000226049333,0.9999999849069352
SH601360,2018-01-31,2018,True,-8.326702327643432e-09,1.0000000582245658,1.0000000171633416
SH601360,2018-02-01,2018,True,-2.512331087611841e-08,0.9999999538514901,0.9999999672593642
SH601360,2018-02-02,2018,True,4.6684321963752495e-08,0.9999999835498306,0.9999999789934613
SH601360,2018-02-05,2018,True,-2.2146179556870038e-08,1.0000000181430078,1.000000058593286
SH601360,2018-02-06,2018,True,9.770716236090493e-09,1.000000042765998,1.0000000029984066
SH601360,2018-02-07,2018,True,-1.7742007418775074e-08,0.9999999559520949,0.9999999968588039
SH601360,2018-02-08,2018,True,1.9175319998510076e-08,0.9999999672117299,1.0000000185540594
SH601360,2018-02-09,2018,True,-1.11972527916393e-08,0.999999979811353,1.0000000123513455
SH601360,2018-02-12,2018,True,-4.2923392284954787e-08,1.0000000072281927,0.999999978911471
SH601360,2018-02-13,2018,True,-4.2545567624507896e-08,1.0000000183278617,1.0000000167398557
SH601360,2018-02-14,2018,True,4.9476853503094276e-08,0.9999999790565467,0.9999999551970813
SH601360,2018-02-28,2018,True,2.5659363522834155e-09,0.9999999625543455,1.0000000230810198
SH601360,2018-03-01,2018,True,-6.808017483095341e-10,0.9999999977479765,1.0000000194777763
SH601360,2018-03-02,2018,True,-3.674236015438481e-08,0.9999999927185884,0.999999975914763
SH601360,2018-03-05,2018,True,-4.5206861476465576e-08,1.0000000001985248,0.9999999866553113
SH601360,2018-03-06,2018,True,-8.246168747838567e-09,1.0000000519265626,0.9999999653864792
SH601360,2018-03-07,2018,True,-3.020934158382005e-08,1.0000000428986977,0.9999999887554379
SH601360,2018-03-08,2018,True,6.426527088265743e-08,0.9999999415261105,1.0000000210806275
SH601360,2018-03-09,2018,True,6.584366585293822e-08,1.000000011379357,1.0000000051033517
SH601360,2018-03-12,2018,True,-5.0496678727363076e-08,0.9999999994008778,0.9999999862692474
SH601360,2018-03-13,2018,True,1.5985029078180446e-08,0.9999999825363013,1.0000000239726092
SH601360,2018-03-14,2018,True,-4.771493022914797e-08,0.9999999846681245,0.9999999734245226
SH601360,2018-03-15,2018,True,-2.79333989272601e-09,0.9999999433379336,1.000000012972374
SH601360,2018-03-16,2018,True,-1.053056319921808e-08,1.0000000256387689,1.0000000105196822
SH601360,2018-03-19,2018,True,2.5895598998459946e-08,0.9999999353371612,1.0000000124941943
SH601360,2018-03-20,2018,True,9.930374522681973e-09,0.999999985327447,1.0000000231943187
SH601360,2018-03-21,2018,True,-2.3708700891411638e-08,1.0000000113486904,0.9999999548615115
SH601360,2018-03-22,2018,True,-1.3445386803923043e-08,0.9999999885382859,1.0000000039039512
SH601360,2018-03-23,2018,True,-1.9321318878162685e-08,0.9999999816523787,0.9999999528614019
SH601360,2018-03-26,2018,True,-5.359108989910766e-08,1.0000000853814657,0.999999994224941
SH601360,2018-03-27,2018,True,-2.7708781713542407e-08,1.0000000048729376,1.0000000249214707
SH601360,2018-03-28,2018,True,-2.575603397225734e-09,0.9999999923489421,1.00000002532088
SH601360,2018-03-29,2018,True,2.0699580272065532e-08,1.0000000197916352,0.9999999857741596
SH601360,2018-03-30,2018,True,1.3361037609627147e-08,1.0000000333579238,1.0000000233134685
SH601360,2018-04-02,2018,True,-2.7356281684376427e-09,1.0000000370414717,0.9999999679097004
SH601360,2018-04-03,2018,True,-1.834773877273932e-08,0.9999999513182423,1.000000022078114
SH601360,2018-04-04,2018,True,4.0040710302946536e-08,0.9999999839518838,1.0000000523907762
SH601360,2018-04-09,2018,True,7.0144616781675495e-09,0.9999999822462999,1.0000000068714223
SH601360,2018-04-10,2018,True,5.572191197344978e-08,0.9999999772252127,0.9999999648092464
SH601360,2018-04-11,2018,True,-6.010395514621791e-09,0.9999999753606349,1.0000000336016703
SH601360,2018-04-12,2018,True,1.3028017109562029e-08,0.9999999917220537,1.0000000060349141
SH601360,2018-04-13,2018,True,-4.735817182854873e-09,1.0000000164730813,0.9999999861171508
SH601360,2018-04-16,2018,True,-2.575603397225734e-09,0.9999999874342183,0.9999999819185752
SH601360,2018-04-17,2018,True,3.610038845636154e-08,0.9999999901326417,1.000000006962077
SH601360,2018-04-18,2018,True,-4.451258506232847e-08,0.9999999926099341,0.9999999497072802
SH601360,2018-04-19,2018,True,1.8649122246472416e-08,0.9999999603420321,0.9999999906391185
SH601360,2018-04-20,2018,True,3.0677301143811064e-08,0.9999999917113137,1.0000000289960296
SH601360,2018-04-23,2018,True,6.622516979248871e-08,0.9999999761806599,0.9999999709540216
SH601360,2018-04-24,2018,True,3.443350760079511e-08,1.0000000035423067,0.999999997288699
SH601360,2018-04-25,2018,True,-4.3908255364932813e-08,1.000000002161814,1.0000000248201102
SH601360,2018-04-26,2018,True,1.7292987930517256e-08,0.9999999346670478,1.000000010207368
SH601360,2018-04-27,2018,True,-4.49417721926082e-08,1.000000015529972,0.9999999726860853
SH601360,2018-05-16,2018,True,-4.143884768659234e-08,1.0000000200152523,1.0000000114310048
SH601360,2018-05-17,2018,True,1.4703108508484775e-08,0.9999999673287713,1.000000032679873
SH601360,2018-05-18,2018,True,3.0336526402052755e-08,1.0000000036358976,1.0000000120659212
SH601360,2018-05-21,2018,True,9.914866927474009e-09,0.9999999852070747,1.000000019593469
SH601360,2018-05-22,2018,True,-2.7958573678432685e-08,0.9999999601946008,0.9999999801632046
SH601360,2018-05-23,2018,True,3.622906885603072e-08,0.999999952232415,1.0000000083732283
SH601360,2018-05-24,2018,True,1.0435698305499841e-08,1.000000039125364,1.0000000038994583
SH601360,2018-05-25,2018,True,2.1124613391876323e-08,0.9999999642347611,0.9999999865792215
SH601360,2018-05-28,2018,True,-3.06907199654205e-09,1.0000000009867578,0.999999956912378
SH601360,2018-05-29,2018,True,-5.4859810250107444e-08,0.9999999894070765,1.000000031212673
SH601360,2018-05-30,2018,True,1.734734600411514e-08,0.9999999590066428,0.9999999886440767
SH601360,2018-05-31,2018,True,-4.321807189899829e-08,1.0000000487129541,0.9999999576307407
SH601360,2018-06-01,2018,True,-6.207000358138259e-09,1.0000000063416192,1.0000000252557946
SH601360,2018-06-04,2018,True,1.484703782139718e-08,1.000000025470349,0.9999999922117836
SH601360,2018-06-05,2018,True,-5.4859810250107444e-08,1.0000000093427401,1.000000000779972
SH601360,2018-06-06,2018,True,-5.428164262522017e-08,1.0000000410735588,0.9999999887441471
SH601360,2018-06-07,2018,True,-9.100489473112816e-09,1.0000000254083838,1.0000000265168612
SH601360,2018-06-08,2018,True,3.946114768282882e-08,0.999999983255413,1.0000000413250487
SH601360,2018-06-11,2018,True,-4.6119194796467866e-08,1.0000000599705436,1.0000000340407067
SH601360,2018-06-12,2018,True,7.376745880804947e-09,1.0000000729974472,1.0000000406312501
SH601360,2018-06-13,2018,True,-1.0028812558182665e-08,1.0000000064312529,1.000000027482315
SH601360,2018-06-14,2018,True,-4.655689644916805e-08,0.9999999938766623,1.000000022229159
SH601360,2018-06-15,2018,True,2.8717226374652682e-09,1.0000000180469644,1.00000001664441
SH601360,2018-06-19,2018,True,-8.519179028887436e-09,0.9999999762992583,1.0000000033478582
SH601360,2018-06-20,2018,True,5.8952735804140843e-08,1.0000000249170793,0.9999999981155935
SH601360,2018-06-21,2018,True,3.062394338115837e-09,1.0000000163913805,0.9999999878141876
SH601360,2018-06-22,2018,True,2.8174411692560852e-08,0.9999999450452997,0.9999999675143546
SH601360,2018-06-25,2018,True,-2.9818085556243545e-08,1.0000000671313118,0.999999969613885
SH601360,2018-06-26,2018,True,4.161281452752519e-08,0.9999999861190196,1.0000000308994976
SH601360,2018-06-27,2018,True,1.7386683870412867e-08,0.9999999816063322,1.0000000168828733
SH601360,2018-06-28,2018,True,5.505669919969591e-09,1.0000000665636677,1.0000000462379186
SH601360,2018-06-29,2018,True,1.9372020876318174e-08,0.9999999958325839,1.0000000162832012
SH601360,2018-07-02,2018,True,-2.510013141776568e-08,0.9999999628471906,0.9999999782381147
SH601360,2018-07-03,2018,True,-5.732151264759011e-08,1.0000000491378243,0.9999999663632121
SH601360,2018-07-04,2018,True,7.675063251610936e-09,1.0000000129169504,1.000000015634564
SH601360,2018-07-05,2018,True,-3.14732995221334e-08,1.0000000068137687,1.0000000334369663
SH601360,2018-07-06,2018,True,4.076370707650767e-08,0.9999999728498168,0.9999999830210884
SH601360,2018-07-09,2018,True,-3.051210972770946e-08,0.9999999754678203,1.0000000110480605
SH601360,2018-07-10,2018,True,7.675063251610936e-09,1.0000000520106278,1.0000000226246457
SH601360,2018-07-11,2018,True,2.1018618401313915e-08,0.9999999350902845,0.999999991387054
SH601360,2018-07-12,2018,True,-1.1191544024846678e-08,0.9999999960723098,0.9999999693106728
SH601360,2018-07-13,2018,True,-3.6547884718629575e-09,0.9999999505600797,0.9999999969260291
SH601360,2018-07-16,2018,True,3.956630134638317e-09,1.000000037011538,0.9999999801896047
SH601360,2018-07-17,2018,True,-2.5303059647541204e-09,1.0000000162350802,0.999999957991644
SH601360,2018-07-18,2018,True,4.901610628493813e-08,1.0000000082118172,1.0000000026004108
SH601360,2018-07-19,2018,True,-4.960428667821759e-08,1.0000000616697307,1.000000010912245
SH601360,2018-07-20,2018,True,-5.4417362838066197e-08,1.000000057873001,0.9999999946524254
SH601360,2018-07-23,2018,True,5.914108425209008e-08,1.00000003386328,1.000000019560611
SH601360,2018-07-24,2018,True,-5.853086759710635e-08,1.000000024212896,0.9999999877743413
SH601360,2018-07-25,2018,True,5.693949178819935e-08,0.9999999755777931,0.999999992804548
SH601360,2018-07-26,2018,True,1.0989679166684141e-08,1.0000000163342613,1.0000000099556203
SH601360,2018-07-27,2018,True,5.1313246762774156e-08,0.9999999620931569,1.0000000261952746
SH601360,2018-07-30,2018,True,3.005391269184088e-09,1.0000000150359625,0.9999999991100513
SH601360,2018-07-31,2018,True,-7.77657660488984e-09,0.9999999762172457,0.9999999774108869
SH601360,2018-08-01,2018,True,1.4864997677221936e-08,0.9999999845955834,0.9999999994485884
SH601360,2018-08-02,2018,True,-4.389544105976029e-08,1.0000000319481983,1.0000000029757847
SH601360,2018-08-03,2018,True,8.584530641897459e-09,0.9999999225777302,1.0000000219213923
SH601360,2018-08-06,2018,True,-4.758524996262281e-08,1.0000000299184628,0.9999999763485022
SH601360,2018-08-07,2018,True,-7.614997454830075e-08,1.00000002971078,1.000000023660574
SH601360,2018-08-08,2018,True,1.1983548819927137e-08,1.0000000026662648,0.9999999634306266
SH601360,2018-08-09,2018,True,1.5752958937298445e-09,0.999999981130078,0.9999999903718223
SH601360,2018-08-10,2018,True,2.4158539169150117e-08,1.000000010827671,0.9999999485507626
SH601360,2018-08-13,2018,True,2.4047094537849034e-08,1.0000000292592202,1.0000000269260956
SH601360,2018-08-14,2018,True,6.0702656234923325e-09,1.000000074450183,0.9999999671680636
SH601360,2018-08-15,2018,True,-2.1201557620642575e-08,1.0000000578991388,0.9999999623773053
SH601360,2018-08-16,2018,True,4.7416472970240875e-09,1.0000000554807138,1.0000000148107133
SH601360,2018-08-17,2018,True,6.954798248415273e-08,0.9999999774824183,1.0000000293426163
SH601360,2018-08-20,2018,True,3.974986673149772e-08,1.0000000199288512,1.0000000296522369
SH601360,2018-08-21,2018,True,-7.581005601053903e-09,1.0000000317321753,1.000000003482694
SH601360,2018-08-22,2018,True,6.243317351994904e-08,1.0000000162290263,0.9999999746514386
SH601360,2018-08-23,2018,True,-2.1201557620642575e-08,1.0000000076983582,0.9999999707195736
SH601360,2018-08-24,2018,True,-2.9074257890115973e-08,0.9999999711320259,0.9999999774358734
SH601360,2018-08-27,2018,True,8.584530641897459e-09,1.000000014588943,1.0000000021264623
SH601360,2018-08-28,2018,True,4.300482658869953e-08,0.9999999893985034,1.000000026077977
SH601360,2018-08-29,2018,True,3.517073965397799e-09,1.0000000353720984,0.9999999995189534
SH601360,2018-08-30,2018,True,1.6294901650226734e-08,0.9999999918152984,0.9999999840969002
SH601360,2018-08-31,2018,True,3.5825405308997915e-08,1.0000000043693131,1.0000000280601375
SH601360,2018-09-03,2018,True,2.256399644906537e-08,0.9999999673923001,1.000000017161567
SH601360,2018-09-04,2018,True,1.1591843041003358e-08,1.0000000131386293,1.0000000183842572
SH601360,2018-09-05,2018,True,-2.510013141776568e-08,1.0000000068507722,1.000000013518181
SH601360,2018-09-06,2018,True,3.062726872116173e-08,0.9999999793225962,1.000000007911802
SH601360,2018-09-07,2018,True,-4.72390062622452e-08,1.0000000085602638,0.9999999877250246
SH601360,2018-09-10,2018,True,2.4472791348983947e-08,1.000000003405012,1.000000027219877
SH601360,2018-09-11,2018,True,-3.3116152042822478e-09,1.0000000073776014,0.9999999874182178
SH601360,2018-09-12,2018,True,-1.2812452876431735e-08,1.0000000153135498,0.9999999702802654
SH601360,2018-09-13,2018,True,5.693949178819935e-08,0.9999999743323965,0.9999999802726488
SH601360,2018-09-14,2018,True,-6.88748771349168e-08,1.0000000213755909,1.0000000041059092
SH601360,2018-09-17,2018,True,3.005391269184088e-09,0.9999999564817411,0.9999999710206229
SH601360,2018-09-18,2018,True,-2.9818085556243545e-08,1.0000000580458603,1.0000000036040317
SH601360,2018-09-19,2018,True,-2.734875714782703e-08,0.9999999990184919,1.000000021499204
SH601360,2018-09-20,2018,True,5.736661745636695e-08,0.9999999908420759,0.9999999716827599
SH601360,2018-09-21,2018,True,7.258876588700502e-08,0.9999999664416266,1.0000000105178417
SH601360,2018-09-25,2018,True,-3.5098500772434704e-09,1.0000000197304402,1.000000011323114
SH601360,2018-09-26,2018,True,1.5602114267210254e-08,0.9999999349854543,1.000000047254664
SH601360,2018-09-27,2018,True,2.7387113687993292e-08,0.9999999751963268,1.0000000361028645
SH601360,2018-09-28,2018,True,-5.291018012609783e-08,1.0000000014270858,1.0000000019686397
SH601360,2018-10-08,2018,True,2.4158539169150117e-08,0.999999956461403,1.0000000348060183
SH601360,2018-10-09,2018,True,2.4158539169150117e-08,0.9999999882207478,0.9999999882006025
SH601360,2018-10-10,2018,True,-2.0182630566800697e-08,1.0000000276709036,1.0000000026966465
SH601360,2018-10-11,2018,True,-1.5854122681346894e-08,0.999999993147826,1.0000000527431983
SH601360,2018-10-12,2018,True,4.6010000032126186e-08,0.9999999354976156,1.000000018954584
SH601360,2018-10-15,2018,True,-1.9311224397355886e-08,0.9999999830863008,0.999999959040526
SH601360,2018-10-16,2018,True,3.398137038423954e-08,0.9999999656530444,0.9999999658326459
SH601360,2018-10-17,2018,True,3.498589551398368e-08,0.9999999998962675,0.9999999722361071
SH601360,2018-10-18,2018,True,1.7099206495174712e-08,0.9999999934541338,1.000000045712777
SH601360,2018-10-19,2018,True,4.6010000032126186e-08,0.9999999842131896,0.9999999918727427
SH601360,2018-10-22,2018,True,0.0,1.0000000421630972,0.9999999957419299
SH601360,2018-10-23,2018,True,-7.657623957157966e-08,1.0000000185690223,1.0000000212047826
SH601360,2018-10-24,2018,True,-7.088061704241255e-08,1.000000027181645,0.9999999861255847
SH601360,2018-10-25,2018,True,4.095042038798624e-08,0.9999999665450894,0.9999999480517934
SH601360,2018-10-26,2018,True,-2.0969054381758667e-08,1.0000000092193944,0.999999973781868
SH601360,2018-10-29,2018,True,-3.595178832416224e-08,1.0000000362743016,0.9999999508097027
SH601360,2018-10-30,2018,True,1.7196518431461527e-08,0.9999999508799539,1.0000000075406086
SH601360,2018-10-31,2018,True,-5.159680027677638e-08,1.0000000040678414,0.9999999737624233
SH601360,2018-11-01,2018,True,2.8152646658341496e-08,1.0000000021724418,0.9999999736801088
SH601360,2018-11-02,2018,True,-1.8424309522480087e-08,0.9999999487937067,1.0000000057879066
SH601360,2018-11-05,2018,True,0.0,0.9999999837381561,1.0000000367587687
SH601360,2018-11-06,2018,True,5.773390077123963e-08,1.0000000277254275,1.0000000102512039
SH601360,2018-11-07,2018,True,-5.428164295828708e-08,0.9999999879474073,1.0000000060223142
SH601360,2018-11-08,2018,True,-7.456615813694611e-08,1.000000014096355,1.0000000151096349
SH601360,2018-11-09,2018,True,-2.1201557620642575e-08,1.0000000467779928,0.9999999655849202
SH601360,2018-11-12,2018,True,-5.640870592849012e-08,1.0000000529143416,0.999999975839444
SH601360,2018-11-13,2018,True,2.1818612694346484e-08,0.9999999859410903,1.0000000164094047
SH601360,2018-11-14,2018,True,-5.735941399631628e-08,1.0000000072812303,1.0000000076374576
SH601360,2018-11-15,2018,True,-3.43139554548344e-08,1.0000000189829357,0.9999999799345469
SH601360,2018-11-16,2018,True,-7.663578216465794e-09,1.0000000108578808,1.0000000410880205
SH601360,2018-11-19,2018,True,-8.71821603798395e-09,1.0000000013220465,0.9999999930480102
SH601360,2018-11-20,2018,True,-2.4874631243676504e-08,0.9999999948371489,1.000000020710968
SH601360,2018-11-21,2018,True,-4.5569046980276084e-08,1.000000028072657,0.999999973194456
SH601360,2018-11-22,2018,True,8.244871452234293e-09,1.000000012704489,1.000000045250979
SH601360,2018-11-23,2018,True,1.1571633207196896e-08,0.9999999445861836,1.0000000337219699
SH601360,2018-11-26,2018,True,-7.657623957157966e-08,1.0000000453560207,1.0000000212078175
SH601360,2018-11-27,2018,True,-7.456615813694611e-08,1.0000000359213181,0.9999999890051544
SH601360,2018-11-28,2018,True,-3.282434335449835e-08,1.0000000133566225,0.9999999982377469
SH601360,2018-11-29,2018,True,8.328726353035165e-08,0.9999999618902723,0.9999999795429845
SH601360,2018-11-30,2018,True,-7.260642087558722e-10,0.9999999715036453,1.000000018495216
SH601360,2018-12-03,2018,True,3.9741980817353806e-08,1.0000000085593286,0.9999999686241544
SH601360,2018-12-04,2018,True,1.7601435420289135e-08,1.0000000390311659,0.9999999672904658
SH601360,2018-12-05,2018,True,3.753589861155149e-08,0.9999999837242245,1.0000000191982341
SH601360,2018-12-06,2018,True,-1.2812452765409432e-08,0.9999999916140533,0.9999999994519807
SH601360,2018-12-07,2018,True,1.4940880088687436e-08,1.0000000275013088,0.9999999827583163
SH601360,2018-12-10,2018,True,-5.1562147440620265e-08,1.0000000021444084,1.0000000071023547
SH601360,2018-12-11,2018,True,-3.129361747511439e-08,1.0000000413630268,0.9999999790621414
SH601360,2018-12-12,2018,True,7.442471794405492e-08,0.9999999491926199,1.0000000200677854
SH601360,2018-12-13,2018,True,-2.1201557620642575e-08,1.0000000358529018,1.0000000106322413
SH601360,2018-12-14,2018,True,-7.450431227518095e-08,1.0000000552582307,0.9999999992163515
SH601360,2018-12-17,2018,True,1.7043287225959602e-08,0.9999999867414191,0.9999999694755316
SH601360,2018-12-18,2018,True,1.883641242983458e-09,1.00000003941216,1.0000000129006725
SH601360,2018-12-19,2018,True,1.1215128603581093e-08,0.9999999795205792,1.0000000432334644
SH601360,2018-12-20,2018,True,-1.141922334468859e-08,0.9999999768220342,0.999999963414779
SH601360,2018-12-21,2018,True,4.265827868721317e-08,0.9999999867111539,1.0000000079516826
SH601360,2018-12-24,2018,True,8.337201373720404e-09,0.9999999815725165,1.0000000242383464
SH601360,2018-12-25,2018,True,1.7099206495174712e-08,1.0000000340204653,1.0000000179041215
SH601360,2018-12-26,2018,True,1.0079594492395927e-08,0.9999999702730994,0.9999999891466609
SH601360,2018-12-27,2018,True,-6.439469735219916e-09,0.9999999795293599,1.0000000382684275
SH601360,2018-12-28,2018,True,-2.82832082199036e-08,1.0000000217429275,1.0000000254473465
SH601360,2019-01-02,2019,True,5.313632867043339e-09,0.99999995825221,1.000000031489198
SH601360,2019-01-03,2019,True,-8.293894460109641e-09,0.9999999959087753,1.0000000198861356
SH601360,2019-01-04,2019,True,2.2412706135455096e-08,0.9999999840977629,0.9999999896026021
SH601360,2019-01-07,2019,True,-1.9321318878162685e-08,1.000000004103355,1.0000000342849489
SH601360,2019-01-08,2019,True,-5.539527858644533e-08,1.0000000344775024,0.9999999975307994
SH601360,2019-01-09,2019,True,1.8317222849617565e-08,0.999999927102663,0.9999999739013745
SH601360,2019-01-10,2019,True,-2.7372616839826946e-08,0.9999999820290054,1.0000000151381498
SH601360,2019-01-11,2019,True,4.577248113868393e-08,0.9999999915845159,0.9999999982043327
SH601360,2019-01-14,2019,True,-5.234584465885206e-08,1.0000000176172719,0.9999999839459804
SH601360,2019-01-15,2019,True,-3.1591307125822254e-08,1.000000015216763,1.0000000343555682
SH601360,2019-01-16,2019,True,1.7099206495174712e-08,0.9999999752838133,1.0000000140071614
SH601360,2019-01-17,2019,True,-2.7372616839826946e-08,1.0000000555465043,0.999999969457178
SH601360,2019-01-18,2019,True,-9.729311800654727e-10,1.0000000032944096,1.000000047909558
SH601360,2019-01-21,2019,True,-5.4277760064280756e-09,1.0000000591596097,1.0000000474357804
SH601360,2019-01-22,2019,True,1.062937449169965e-08,1.000000041076246,1.0000000236124826
SH601360,2019-01-23,2019,True,1.7029508025956375e-08,0.9999999701713878,1.0000000011939405
SH601360,2019-01-24,2019,True,-2.704866519653848e-08,1.000000051743346,1.000000044307258
SH601360,2019-01-25,2019,True,4.956482024809361e-08,0.9999999821118118,1.0000000223196615
SH601360,2019-01-28,2019,True,-1.0343824574654548e-08,1.000000025118802,1.0000000429321168
SH601360,2019-01-29,2019,True,1.3209401572567003e-08,1.0000000064963426,1.0000000113231924
SH601360,2019-01-30,2019,True,-3.613206844832462e-08,1.000000016493174,1.0000000240583058
SH601360,2019-01-31,2019,True,5.409241876641602e-08,1.000000002841956,1.0000000409917336
SH601360,2019-02-01,2019,True,-2.5885108501100262e-09,1.0000000588102256,0.9999999971299648
SH601360,2019-02-11,2019,True,-4.270747533396957e-09,1.0000000159486953,0.9999999934923531
SH601360,2019-02-12,2019,True,-3.1591307125822254e-08,1.0000000164898892,0.9999999742669266
SH601360,2019-02-13,2019,True,2.5124050173630508e-08,0.99999992209666,1.0000000163622373
SH601360,2019-02-14,2019,True,7.899151110990488e-09,1.000000013374147,1.0000000252633205
SH601360,2019-02-15,2019,True,-2.1201557620642575e-08,1.000000041211751,1.0000000222001117
SH601360,2019-02-18,2019,True,-2.9813402524503374e-08,1.000000030609227,1.0000000188853477
SH601360,2019-02-19,2019,True,3.331309650356218e-08,0.9999999449748246,1.000000003795498
SH601360,2019-02-20,2019,True,7.03150648817541e-10,1.0000000470874135,1.0000000111260807
SH601360,2019-02-21,2019,True,3.753589861155149e-08,1.0000000117446508,1.0000000042438044
SH601360,2019-02-22,2019,True,-2.4874631243676504e-08,1.0000000339517883,1.0000000143651073
SH601360,2019-02-25,2019,True,1.4998325026382986e-08,0.9999999597254519,0.9999999964309877
SH601360,2019-02-26,2019,True,1.758578438426639e-08,0.9999999915680614,0.9999999871402941
SH601360,2019-02-27,2019,True,6.695906695775022e-08,0.9999999420115712,1.0000000338526107
SH601360,2019-02-28,2019,True,-2.9447656535452893e-08,1.0000000453267137,1.0000000013519443
SH601360,2019-03-01,2019,True,3.517073965397799e-09,1.0000000396939837,1.000000038166875
SH601360,2019-03-04,2019,True,1.758578438426639e-08,0.9999999946480034,1.000000025100853
SH601360,2019-03-05,2019,True,5.871287456216123e-09,1.0000000128517428,1.0000000149292296
SH601360,2019-03-06,2019,True,5.946309444837539e-09,0.9999999817120175,1.0000000250701406
SH601360,2019-03-07,2019,True,-3.542691173752388e-08,1.0000000638592677,0.9999999600986659
SH601360,2019-03-08,2019,True,-3.6547884718629575e-09,1.0000000132976674,1.0000000197174543
SH601360,2019-03-11,2019,True,2.440000557157873e-08,1.0000000003355727,0.9999999756532905
SH601360,2019-03-12,2019,True,-3.6953277438023235e-08,1.0000000802207836,1.0
SH601360,2019-03-13,2019,True,5.505669919969591e-09,1.000000018550697,1.0000000263740192
SH601360,2019-03-14,2019,True,-4.7243740475266804e-08,1.0000000280025674,0.999999984771616
SH601360,2019-03-15,2019,True,4.9644187871678014e-08,0.9999999629662738,0.9999999744565566
SH601360,2019-03-18,2019,True,5.996462681956416e-08,1.0000000273818248,1.0000000390697055
SH601360,2019-03-19,2019,True,4.95572907155406e-08,0.9999999331373629,0.9999999973562624
SH601360,2019-03-20,2019,True,4.9644187871678014e-08,0.999999969519723,0.9999999843614633
SH601360,2019-03-21,2019,True,7.953018443807025e-08,1.0000000021562696,1.0000000342420479
SH601360,2019-03-22,2019,True,7.953018443807025e-08,1.000000002879991,0.9999999750697119
SH601360,2019-03-25,2019,True,1.0690528240431263e-08,1.0000000556777884,1.0000000244012581
SH601360,2019-03-26,2019,True,-2.685157873827393e-09,0.9999999736208961,1.0000000079777442
SH601360,2019-03-27,2019,True,-9.162710257193396e-09,0.9999999365091419,0.9999999638879247
SH601360,2019-03-28,2019,True,-1.507421987234636e-08,1.0000000453795894,1.0000000209413713
SH601360,2019-03-29,2019,True,7.542373392510626e-10,1.0000000341643707,1.0000000307865549
SH601360,2019-04-01,2019,True,4.1323287236494366e-08,0.9999999820425302,1.0000000143591556
SH601360,2019-04-02,2019,True,-7.450183547863531e-08,1.0000000584809483,0.9999999846363605
SH601360,2019-04-03,2019,True,-3.8673604985106635e-08,1.0000000173244936,1.0000000040718475
SH601360,2019-04-04,2019,True,-3.6745794851356095e-08,0.9999999837929925,1.0000000096785535
SH601360,2019-04-08,2019,True,-3.8926673773254095e-08,1.0000000328584648,1.0000000184742461
SH601360,2019-04-09,2019,True,-3.3444933600357274e-08,0.999999985519189,1.000000002448692
SH601360,2019-04-10,2019,True,2.7645934208564427e-08,1.000000005173844,1.0000000311383144
SH601360,2019-04-11,2019,True,-6.812256680976958e-08,1.0000000200611783,1.000000031313578
SH601360,2019-04-12,2019,True,-1.128056204002803e-08,0.9999999299551169,1.0000000234213406
SH601360,2019-04-15,2019,True,-3.461911779467641e-08,0.9999999735268114,1.000000030603208
SH601360,2019-04-16,2019,True,-5.566950012081406e-09,0.9999999929056943,0.9999999650881625
SH601360,2019-04-17,2019,True,-2.1265555316674067e-08,0.9999999908666946,0.9999999849008421
SH601360,2019-04-18,2019,True,3.5331709780095366e-08,0.9999999491506681,1.0000000121762134
SH601360,2019-04-19,2019,True,-4.056853397660376e-08,0.9999999648370944,0.9999999846390943
SH601360,2019-04-22,2019,True,1.036889685224196e-09,1.0000000471780441,1.0000000200084254
SH601360,2019-04-23,2019,True,-3.619593869075288e-08,1.0000000461952743,0.9999999899583862
SH601360,2019-04-24,2019,True,1.0444117126695573e-08,1.0000000674400022,1.0000000014338974
SH601360,2019-04-25,2019,True,-1.1972979829799613e-08,0.9999999980636255,1.000000001540376
SH601360,2019-04-26,2019,True,-4.53028708990999e-08,1.0000000163624805,1.0000000113799359
SH601360,2019-04-29,2019,True,-7.828129655607086e-08,1.0000000036781989,0.9999999870880459
SH601360,2019-04-30,2019,True,2.8229010240465868e-08,0.9999999684883366,1.0000000379862501
SH601360,2019-05-06,2019,True,-1.9321318878162685e-08,1.0000000186534177,1.0000000366198099
SH601360,2019-05-07,2019,True,-5.4277760064280756e-09,1.000000014625386,1.0000000062238976
SH601360,2019-05-08,2019,True,-6.010395514621791e-09,0.9999999934192916,0.9999999687721207
SH601360,2019-05-09,2019,True,-2.325358405830258e-08,0.999999974649257,1.0000000136000273
SH601360,2019-05-10,2019,True,-3.542691184854618e-08,1.000000045385281,0.999999990683554
SH601360,2019-05-13,2019,True,-3.129361747511439e-08,0.9999999997200296,1.0000000282462145
SH601360,2019-05-14,2019,True,3.983135332674692e-08,1.0000000018601745,0.9999999927444304
SH601360,2019-05-15,2019,True,-3.6127140057296e-08,0.999999995881259,1.0000000071003627
SH601360,2019-05-16,2019,True,2.449376190760688e-08,0.9999999974415703,0.9999999636787728
SH601360,2019-05-17,2019,True,1.062937449169965e-08,0.9999999717261213,0.9999999827627998
SH601360,2019-05-20,2019,True,4.8211927783370356e-08,0.9999999294553622,0.9999999890412039
SH601360,2019-05-21,2019,True,-2.7236417454723494e-08,1.0000000338971422,1.0000000151816402
SH601360,2019-05-22,2019,True,5.2543746908995104e-08,0.9999999763262594,0.9999999782711485
SH601360,2019-05-23,2019,True,8.337201373720404e-09,1.0000000203678903,0.9999999923569741
SH601360,2019-05-24,2019,True,1.7099206495174712e-08,1.000000009360474,0.9999999720039396
SH601360,2019-05-27,2019,True,5.779028056096536e-08,1.000000055841455,0.9999999888826681
SH601360,2019-05-28,2019,True,2.8642807903267453e-08,0.9999999925439972,0.9999999914203929
SH601360,2019-05-29,2019,True,-4.098785799655502e-08,1.0000000635889876,1.0
SH601360,2019-05-30,2019,True,8.057730038757427e-09,0.9999999600326471,0.9999999759381617
SH601360,2019-05-31,2019,True,-8.932568795749773e-09,1.0000000526988508,0.9999999743504033
SH601360,2019-06-03,2019,True,-4.00904194286511e-08,1.0000000209800788,0.9999999839049888
SH601360,2019-06-04,2019,True,-2.82832082199036e-08,1.0000000437433667,0.9999999904298856
SH601360,2019-06-05,2019,True,3.043081764353417e-08,0.9999999848820277,1.0000000146629449
SH601360,2019-06-06,2019,True,-8.019772845813122e-09,1.0000000153950253,0.9999999869670221
SH601360,2019-06-10,2019,True,3.958515071289526e-09,0.99999998435531,1.0000000385635905
SH601360,2019-06-11,2019,True,8.057730038757427e-09,0.9999999425097706,0.9999999506442917
SH601360,2019-06-12,2019,True,3.398137038423954e-08,0.9999999944185274,1.0000000374793292
SH601360,2019-06-13,2019,True,-5.4277760064280756e-09,1.000000036786186,1.0000000311004515
SH601360,2019-06-14,2019,True,-5.752825138483075e-08,1.0000000141911733,0.9999999611748386
SH601360,2019-06-17,2019,True,2.4025916811609704e-09,1.0000000243400187,0.9999999991659044
SH601360,2019-06-18,2019,True,-6.037734812114337e-08,1.0000000284727912,1.000000037777905
SH601360,2019-06-19,2019,True,-5.4277760064280756e-09,0.9999999873775529,0.9999999919818796
SH601360,2019-06-20,2019,True,1.7344625513615597e-08,0.9999999692160721,0.999999976294592
SH601360,2019-06-21,2019,True,2.030595425139836e-08,0.9999999552945882,0.9999999760189792
SH601360,2019-06-24,2019,True,1.1571633207196896e-08,0.9999999703482276,0.999999970439948
SH601360,2019-06-25,2019,True,-3.6433254191337028e-09,1.0000000152951283,1.0000000246993936
SH601360,2019-06-26,2019,True,4.692798372119e-09,0.9999999817110187,1.0000000299748388
SH601360,2019-06-27,2019,True,9.729647310052769e-09,1.0000000116729184,1.0000000149568677
SH601360,2019-06-28,2019,True,1.97397209689143e-09,1.0000000258090869,1.00000000879347
SH601360,2019-07-01,2019,True,-2.735474846637942e-09,1.0000000180172126,0.999999968239554
SH601360,2019-07-02,2019,True,-5.325591734273161e-08,1.000000004836997,1.000000006217706
SH601360,2019-07-03,2019,True,-3.373243939730486e-08,1.0000000035728007,0.9999999837114105
SH601360,2019-07-04,2019,True,-2.4736132697711355e-08,1.0000000661138855,0.9999999505986846
SH601360,2019-07-05,2019,True,2.030595425139836e-08,1.0000000148342472,0.9999999875527049
SH601360,2019-07-08,2019,True,-2.5888404753260374e-09,0.9999999454755208,0.9999999484683464
SH601360,2019-07-09,2019,True,-3.2878151312587534e-08,1.0000000079923086,1.0000000230027177
SH601360,2019-07-10,2019,True,1.062937449169965e-08,1.0000000041177066,0.9999999639282353
SH601360,2019-07-11,2019,True,3.610038845636154e-08,0.9999999400759502,0.9999999952771905
SH601360,2019-07-12,2019,True,1.062937449169965e-08,0.9999999847823895,0.9999999971710607
SH601360,2019-07-15,2019,True,1.7099206495174712e-08,0.9999999498042957,1.0
SH601360,2019-07-16,2019,True,-6.037734812114337e-08,1.000000024783657,0.9999999962065514
SH601360,2019-07-17,2019,True,1.5005458431360807e-08,1.000000044584214,0.9999999796504833
SH601360,2019-07-18,2019,True,5.313632867043339e-09,0.9999999283728072,0.9999999872956273
SH601360,2019-07-19,2019,True,0.0,0.9999999708114623,1.0000000087531251
SH601360,2019-07-22,2019,True,-1.173208785676394e-08,1.0000000247325112,1.0000000340826
SH601360,2019-07-23,2019,True,-6.45823244882493e-08,1.000000065155691,0.9999999635722258
SH601360,2019-07-24,2019,True,2.0475469098002463e-08,1.0000000224948071,1.0000000278871306
SH601360,2019-07-25,2019,True,-3.696734784952582e-08,1.0000000573262893,1.000000010165378
SH601360,2019-07-26,2019,True,-7.992336459317073e-09,0.9999999994290767,0.999999999115612
SH601360,2019-07-29,2019,True,-2.212268324086608e-08,1.000000042173195,1.0000000171906684
SH601360,2019-07-30,2019,True,-3.831665096321046e-09,0.9999999555796737,0.9999999544028849
SH601360,2019-07-31,2019,True,-1.6448944539781962e-08,1.0000000024482583,1.0000000218702543
SH601360,2019-08-01,2019,True,2.2564272450509293e-08,0.9999999814158325,0.9999999637193735
SH601360,2019-08-02,2019,True,-4.009690335315952e-08,1.000000083364298,0.9999999947262835
SH601360,2019-08-05,2019,True,-7.8812123494032e-09,1.000000062149609,0.9999999968767459
SH601360,2019-08-06,2019,True,-9.352583152377747e-10,1.0000000312588198,1.0000000196565304
SH601360,2019-08-07,2019,True,2.633765228132745e-08,1.000000059765219,1.0000000382455179
SH601360,2019-08-08,2019,True,7.469271867677207e-10,1.000000047302003,1.000000054768743
SH601360,2019-08-09,2019,True,-9.983863624718481e-09,1.0000000533860776,1.0000000089411496
SH601360,2019-08-12,2019,True,-1.9996027056379262e-08,1.0000000483442355,0.9999999915457551
SH601360,2019-08-13,2019,True,1.1178413750201344e-09,1.0000000680234462,0.9999999927440401
SH601360,2019-08-14,2019,True,-5.164258320977666e-08,1.0000000032317746,1.0000000046845348
SH601360,2019-08-15,2019,True,-2.3179712815846187e-08,1.0000000406736205,0.9999999664501051
SH601360,2019-08-16,2019,True,2.9680193636139052e-08,0.9999999464865144,1.0000000055935647
SH601360,2019-08-19,2019,True,1.4168956452564885e-08,0.9999999828078394,1.000000041839791
SH601360,2019-08-20,2019,True,-3.886933186425523e-08,1.000000031477424,1.000000018731837
SH601360,2019-08-21,2019,True,5.91794298010484e-08,1.0000000175497383,1.0000000305806058
SH601360,2019-08-22,2019,True,-6.313835188009875e-08,1.0000000216047336,0.999999985059606
SH601360,2019-08-23,2019,True,-1.762810108996149e-08,0.9999999673249592,1.0000000395578421
SH601360,2019-08-26,2019,True,-6.876075853146091e-08,0.9999999793728381,1.0000000252908159
SH601360,2019-08-27,2019,True,-7.992336459317073e-09,0.9999999613931015,1.0000000106616036
SH601360,2019-08-28,2019,True,3.326154818239502e-08,0.9999999820256179,1.0000000120257608
SH601360,2019-08-29,2019,True,1.574096164524974e-08,0.9999999994527714,1.000000006178736
SH601360,2019-08-30,2019,True,2.0082511209551512e-09,0.9999999765299978,1.0000000400680313
SH601360,2019-09-02,2019,True,2.0302493242141395e-08,0.9999999964122006,0.9999999582797031
SH601360,2019-09-03,2019,True,4.264107067442069e-09,0.9999999787858981,0.9999999781270391
SH601360,2019-09-04,2019,True,3.296284445397646e-08,0.9999999610334155,1.0000000190031508
SH601360,2019-09-05,2019,True,6.545039044070222e-08,0.9999999482948125,1.0000000390949082
SH601360,2019-09-06,2019,True,-4.3614597600161176e-08,1.000000010203365,0.9999999739072791
SH601360,2019-09-09,2019,True,2.920296893194063e-09,1.0000000189706761,0.9999999595449299
SH601360,2019-09-10,2019,True,4.25921586888478e-09,0.9999999534545331,1.0
SH601360,2019-09-11,2019,True,-9.449726556809424e-10,1.0000000450528004,0.9999999592571951
SH601360,2019-09-12,2019,True,6.242789907240365e-08,1.0000000086418401,0.9999999651732012
SH601360,2019-09-16,2019,True,-1.3654599784196364e-08,1.0000000287287676,1.0000000472302535
SH601360,2019-09-17,2019,True,2.9763440378971495e-08,0.999999972143438,1.0000000294054914
SH601360,2019-09-18,2019,True,-3.40185590808062e-08,1.0000000289063498,0.9999999631457888
SH601360,2019-09-19,2019,True,9.621766716705338e-09,1.0000000054673266,0.9999999920210645
SH601360,2019-09-20,2019,True,-4.3825012396858654e-08,1.0000000616909244,1.0000000115972003
SH601360,2019-09-23,2019,True,-9.880899209946392e-09,1.0000000670379416,1.0000000004979812
SH601360,2019-09-24,2019,True,-5.856931739600668e-08,1.0000000317207818,1.0000000333724954
SH601360,2019-09-25,2019,True,-2.1257957505405045e-08,1.0000000441256458,0.9999999865314837
SH601360,2019-09-26,2019,True,5.538967373652781e-08,1.0000000054050786,0.9999999671850678
SH601360,2019-09-27,2019,True,-1.4023212591141032e-09,1.000000029931387,0.9999999838101863
SH601360,2019-09-30,2019,True,2.068594873172458e-08,0.9999999854814636,0.9999999777562592
SH601360,2019-10-08,2019,True,-1.540646943354318e-08,0.9999999931449406,1.000000039198543
SH601360,2019-10-09,2019,True,2.703973978057661e-08,1.0000000018700186,1.0000000110249352
SH601360,2019-10-10,2019,True,-6.489946458021478e-08,0.9999999824177072,1.0000000270216887
SH601360,2019-10-11,2019,True,7.248716538121869e-08,0.9999999771614654,1.000000016030934
SH601360,2019-10-14,2019,True,-4.572375877920365e-08,0.9999999934539836,0.9999999773904532
SH601360,2019-10-15,2019,True,-2.1257957505405045e-08,1.0000000043262938,1.0000000020540356
SH601360,2019-10-16,2019,True,-3.938535486636141e-08,1.0000000357777425,0.9999999882616021
SH601360,2019-10-17,2019,True,2.742010996037436e-08,0.9999999359305507,1.0000000238588576
SH601360,2019-10-18,2019,True,-6.3948495387933235e-09,1.000000007295665,0.9999999659290582
SH601360,2019-10-21,2019,True,-3.149303173799467e-08,0.9999999619349421,1.0000000397220794
SH601360,2019-10-22,2019,True,2.742010996037436e-08,0.9999999249497022,1.0000000091865513
SH601360,2019-10-23,2019,True,2.920296893194063e-09,1.0000000082213034,0.9999999570886646
SH601360,2019-10-24,2019,True,2.6056479640601538e-08,1.000000028330815,1.0000000131600417
SH601360,2019-10-25,2019,True,-4.681530929584454e-08,1.00000003269955,0.9999999838591955
SH601360,2019-10-28,2019,True,1.143373573597728e-08,0.9999999702499296,1.000000020727161
SH601360,2019-10-29,2019,True,6.475570435426903e-08,0.9999999832177108,0.9999999959282301
SH601360,2019-10-30,2019,True,-5.840167416337749e-08,1.0000000438578374,1.0000000337425947
SH601360,2019-10-31,2019,True,4.5828074668463614e-09,0.9999999921313079,0.9999999835718186
SH601360,2019-11-01,2019,True,-5.313554707342405e-09,1.0000000103620001,0.9999999810254175
SH601360,2019-11-04,2019,True,1.4138896275994739e-08,1.0000000337479307,0.9999999686497469
SH601360,2019-11-05,2019,True,-5.7919468110512184e-09,1.000000000318128,0.9999999564537114
SH601360,2019-11-06,2019,True,-3.509737223073017e-08,0.9999999883193029,0.999999986791174
SH601360,2019-11-07,2019,True,5.200217856327072e-08,1.000000013059841,0.9999999909282551
SH601360,2019-11-08,2019,True,3.0656690519492713e-09,1.0000000353922711,1.0000000407674028
SH601360,2019-11-11,2019,True,-2.7325499307728762e-08,0.999999998122371,0.9999999788814696
SH601360,2019-11-12,2019,True,6.124560214537667e-08,0.9999999958255159,1.0000000117240118
SH601360,2019-11-13,2019,True,5.461356256120098e-08,0.9999999332545165,0.99999997335204
SH601360,2019-11-14,2019,True,-5.027734217843971e-08,1.000000074384055,1.0000000311515842
SH601360,2019-11-15,2019,True,-2.577832436401195e-08,1.000000053174381,1.0000000031833536
SH601360,2019-11-18,2019,True,-1.9570202569596518e-08,1.000000062303353,1.0000000292951179
SH601360,2019-11-19,2019,True,-3.679257598587782e-08,1.0000000629598877,0.999999988085687
SH601360,2019-11-20,2019,True,-2.7544132974455238e-08,1.0000000015300727,0.9999999899779677
SH601360,2019-11-21,2019,True,-3.075995880230664e-08,1.0000000500641997,0.9999999874367306
SH601360,2019-11-22,2019,True,3.516070568032603e-08,0.9999999473398671,0.999999961483803
SH601360,2019-11-25,2019,True,-4.730259151042304e-08,0.9999999951935439,0.9999999943078631
SH601360,2019-11-26,2019,True,-1.9570202569596518e-08,1.0000000544519365,0.9999999897474795
SH601360,2019-11-27,2019,True,3.4117450864457055e-08,0.9999999661677129,0.99999996739786
SH601360,2019-11-28,2019,True,3.925924518810575e-08,0.9999999739491627,0.9999999839840414
SH601360,2019-11-29,2019,True,-4.730259151042304e-08,1.0000000075750783,1.000000013670685
SH601360,2019-12-02,2019,True,-2.504990548324315e-09,1.0000000522613386,1.0000000169548815
SH601360,2019-12-03,2019,True,-1.643535407769292e-08,1.0000000028261247,1.0000000037210186
SH601360,2019-12-04,2019,True,-2.504990548324315e-09,1.0000000110672895,0.9999999680919249
SH601360,2019-12-05,2019,True,-3.9364451032142256e-08,1.0000000028985083,0.9999999841983471
SH601360,2019-12-06,2019,True,4.6033385103783075e-08,0.9999999946091166,0.99999995609954
SH601360,2019-12-09,2019,True,-5.371784084218234e-08,1.000000023250477,0.9999999753859302
SH601360,2019-12-10,2019,True,-2.7325499307728762e-08,1.000000021492667,0.9999999651214918
SH601360,2019-12-11,2019,True,5.7839480316346226e-08,0.9999999822476723,0.999999959635315
SH601360,2019-12-12,2019,True,-1.4693323002745728e-08,1.0000000278052321,1.0000000139553467
SH601360,2019-12-13,2019,True,-7.16672742262503e-08,1.000000053163121,1.0000000281296333
SH601360,2019-12-16,2019,True,7.335892826532131e-08,0.9999999477263773,0.9999999930817645
SH601360,2019-12-17,2019,True,-6.753291870165157e-08,1.0000000134177252,1.0000000476703712
SH601360,2019-12-18,2019,True,6.183506240375891e-08,1.000000031927401,1.000000014933078
SH601360,2019-12-19,2019,True,-4.681530929584454e-08,1.0000000322953817,1.000000030568665
SH601360,2019-12-20,2019,True,-1.7542201469211705e-08,0.9999999911137872,0.9999999918889189
SH601360,2019-12-23,2019,True,1.9875537216051953e-08,0.9999999744270955,0.9999999944219929
SH601360,2019-12-24,2019,True,-3.075995880230664e-08,1.0000000536282139,1.0000000318376334
SH601360,2019-12-25,2019,True,8.702059739462698e-09,1.0000000086353684,0.9999999911364407
SH601360,2019-12-26,2019,True,-2.7822450454628722e-08,1.0000000253259778,0.999999956653876
SH601360,2019-12-27,2019,True,1.4528802161350995e-08,1.0000000306249854,1.0000000277138625
SH601360,2019-12-30,2019,True,-7.428102877238274e-08,1.000000022276315,1.000000023509582
SH601360,2019-12-31,2019,True,-4.2042798242825086e-08,1.0000000422955682,1.000000001382939
SH601360,2020-01-02,2020,True,8.095428261079007e-08,0.9999999802420986,0.9999999774400624
SH601360,2020-01-03,2020,True,8.095428261079007e-08,0.999999935196269,1.0000000227506214
SH601360,2020-01-06,2020,True,-6.162864596426232e-08,1.0000000462939254,1.0000000253134107
SH601360,2020-01-07,2020,True,1.826238227309318e-08,1.0000000273385763,1.0000000453591487
SH601360,2020-01-08,2020,True,-2.8616925162872064e-08,1.0000000154101725,0.9999999556549292
SH601360,2020-01-09,2020,True,1.143373573597728e-08,0.9999999790304052,1.0000000107161062
SH601360,2020-01-10,2020,True,4.26052060298332e-09,0.9999999894532368,1.0000000047743398
SH601360,2020-01-13,2020,True,2.0362862285239203e-08,0.9999999284926034,1.0000000492513703
SH601360,2020-01-14,2020,True,4.482523197069099e-08,0.9999999885424007,0.999999989535276
SH601360,2020-01-15,2020,True,-8.800545292508843e-09,0.9999999903564385,0.9999999821997199
SH601360,2020-01-16,2020,True,1.2532076931748293e-08,0.9999999660116605,1.0000000064158012
SH601360,2020-01-17,2020,True,-6.74532824040952e-08,1.000000039520622,1.000000027051697
SH601360,2020-01-20,2020,True,8.537914153450288e-09,1.0000000305067807,1.000000034957571
SH601360,2020-01-21,2020,True,1.7991140799367145e-08,1.0000000293030893,1.0000000483188476
SH601360,2020-01-22,2020,True,-1.2328514875648011e-09,0.9999999386243538,1.000000026056894
SH601360,2020-01-23,2020,True,-3.399802783743411e-08,1.0000000140184886,0.9999999822884637
SH601360,2020-02-03,2020,True,-9.519020016668378e-10,0.9999999925181747,1.0000000166073304
SH601360,2020-02-04,2020,True,2.6541938646928998e-08,1.000000013617647,1.000000052422081
SH601360,2020-02-05,2020,True,8.884083957383382e-08,1.0000000047037718,1.0000000228198167
SH601360,2020-02-06,2020,True,1.805464489024189e-08,1.0000000112425584,0.9999999964050464
SH601360,2020-02-07,2020,True,3.605400000772363e-08,1.0000000083975407,0.9999999844093586
SH601360,2020-02-10,2020,True,-5.9094557247618695e-08,1.000000014483797,1.0000000156951572
SH601360,2020-02-11,2020,True,2.942493360080789e-09,0.9999999777786561,0.9999999976381061
SH601360,2020-02-12,2020,True,-6.037373612155505e-08,1.0000000030796528,1.0000000010524328
SH601360,2020-02-13,2020,True,-5.158268567839741e-08,1.0000000719608213,1.000000035295205
SH601360,2020-02-14,2020,True,-2.778493923827341e-08,0.9999999559184142,1.0000000311219337
SH601360,2020-02-17,2020,True,4.3479664313395006e-08,0.9999999802371919,1.000000010086061
SH601360,2020-02-18,2020,True,1.105389402233925e-08,1.0000000379009033,1.0000000407123018
SH601360,2020-02-19,2020,True,3.297057671325376e-08,0.9999999994067152,0.9999999805190266
SH601360,2020-02-20,2020,True,2.9763440378971495e-08,1.0000000161427565,1.0000000542405394
SH601360,2020-02-21,2020,True,-2.1150303730621545e-10,1.000000007637578,1.0000000426548938
SH601360,2020-02-24,2020,True,0.0,1.0000000003051503,1.0000000168437604
SH601360,2020-02-25,2020,True,-2.7914277778151586e-08,0.9999999779510068,1.0000000030273228
SH601360,2020-02-26,2020,True,-3.8179931882709184e-08,1.0000000208492672,0.999999986736519
SH601360,2020-02-27,2020,True,-2.3651804070823346e-08,1.0000000018107453,1.0000000301000482
SH601360,2020-02-28,2020,True,3.296284445397646e-08,1.0000000484850713,1.0000000163537008
SH601360,2020-03-02,2020,True,-7.314335692676366e-09,1.0000000206847113,0.9999999761040722
SH601360,2020-03-03,2020,True,2.558261114060656e-08,1.0000000553802624,1.0000000121380515
SH601360,2020-03-04,2020,True,-6.490526582858536e-08,0.9999999981760512,0.9999999882807795
SH601360,2020-03-05,2020,True,1.5725896140850182e-08,1.0000000181914321,1.000000011496422
SH601360,2020-03-06,2020,True,1.062271004492743e-08,1.0000000499244592,0.9999999735580642
SH601360,2020-03-09,2020,True,6.001621422058179e-09,1.000000062175556,1.0000000186632385
SH601360,2020-03-10,2020,True,-4.056401781138419e-08,1.0000000213116773,1.0000000267312874
SH601360,2020-03-11,2020,True,1.6748566755708794e-08,0.9999999428501338,1.0000000533785423
SH601360,2020-03-12,2020,True,-3.2118038229000945e-09,1.0000000520126497,0.9999999703343735
SH601360,2020-03-13,2020,True,8.993711775318047e-09,1.0000000381069396,1.0000000042601753
SH601360,2020-03-16,2020,True,-1.6448944539781962e-08,1.0000000429004627,0.9999999567714043
SH601360,2020-03-17,2020,True,5.60317636733032e-09,1.000000021385816,1.000000030016097
SH601360,2020-03-18,2020,True,-1.7791618511786567e-08,0.9999999762359992,1.0000000133673284
SH601360,2020-03-19,2020,True,3.6794142621587866e-08,0.9999999836523189,0.9999999835013389
SH601360,2020-03-20,2020,True,5.60317636733032e-09,0.9999999708449431,1.000000032485532
SH601360,2020-03-23,2020,True,-1.9399128192709725e-08,0.9999999788457928,1.0000000253019377
SH601360,2020-03-24,2020,True,-3.67506236553794e-08,0.9999999776696987,0.9999999813654403
SH601360,2020-03-25,2020,True,4.706788114816618e-08,0.9999999528525755,1.0000000276298924
SH601360,2020-03-26,2020,True,1.584411313260148e-08,0.9999999805826985,1.000000011952559
SH601360,2020-03-27,2020,True,2.9039028959232382e-09,1.0000000705860679,1.0000000137569325
SH601360,2020-03-30,2020,True,-1.0171662401248227e-08,1.0000000369131559,1.0000000244128906
SH601360,2020-03-31,2020,True,1.8343252250474507e-08,0.999999981430895,1.0000000017420665
SH601360,2020-04-01,2020,True,3.2787040193937855e-08,0.999999999291351,1.000000005519848
SH601360,2020-04-02,2020,True,2.3752634081830593e-08,0.9999999654698802,0.9999999945149615
SH601360,2020-04-03,2020,True,5.672668068612552e-08,0.9999999395852335,0.9999999518418357
SH601360,2020-04-07,2020,True,4.9922405986890794e-08,0.9999999831599014,0.9999999552156145
SH601360,2020-04-08,2020,True,1.1048830739213145e-08,1.0000000383372705,1.0000000244958416
SH601360,2020-04-09,2020,True,2.5701030192948338e-09,1.0000000665466917,1.0000000279906835
SH601360,2020-04-10,2020,True,1.1080204309621422e-08,0.9999999757601747,1.000000032262757
SH601360,2020-04-13,2020,True,-1.5006746068024768e-08,0.9999999776886057,1.000000008690858
SH601360,2020-04-14,2020,True,-3.46764696956825e-08,1.0000000034290237,0.9999999920558308
SH601360,2020-04-15,2020,True,1.5756186133586425e-08,0.999999996876835,0.9999999991619838
SH601360,2020-04-16,2020,True,-1.5801403518977963e-08,1.0000000137591878,1.000000034331553
SH601360,2020-04-17,2020,True,4.078644733063186e-08,0.9999999643426695,1.0000000096165018
SH601360,2020-04-20,2020,True,-1.7791618511786567e-08,0.9999999800984581,1.0000000065774073
SH601360,2020-04-21,2020,True,-5.1336600304097146e-08,1.0000000446652795,0.9999999930704543
SH601360,2020-04-22,2020,True,0.0,1.0000000247382692,0.9999999947160342
SH601360,2020-04-23,2020,True,-2.497135487278257e-08,1.0000000716661415,1.0000000238027873
SH601360,2020-04-24,2020,True,3.801060866059913e-08,0.9999999596101794,0.9999999831448199
SH601360,2020-04-27,2020,True,-1.0171662401248227e-08,1.0000000198719423,1.0000000287432111
SH601360,2020-04-28,2020,True,-3.267359605096942e-08,1.0000000264855196,1.0000000323995961
SH601360,2020-04-29,2020,True,-4.771245509793687e-08,0.9999999961985245,0.9999999563191648
SH601360,2020-04-30,2020,True,-3.965035078046242e-08,1.000000043735023,0.9999999822495631
SH601360,2020-05-06,2020,True,-7.8812123494032e-09,1.0000000175339583,1.0000000478576663
SH601360,2020-05-07,2020,True,2.6541938424884393e-08,0.9999999664384496,0.9999999705532948
SH601360,2020-05-08,2020,True,-6.876075853146091e-08,1.0000000339569446,1.0000000477460689
SH601360,2020-05-11,2020,True,8.673832541106208e-09,0.9999999488038726,0.999999983852911
SH601360,2020-05-12,2020,True,-3.781302349015192e-08,1.0000000204274853,0.9999999967016557
SH601360,2020-05-13,2020,True,6.324450496641987e-08,0.9999999553070759,1.0000000036110617
SH601360,2020-05-14,2020,True,4.3725337350863924e-08,0.9999999799232938,1.0000000285959123
SH601360,2020-05-15,2020,True,-3.680084514900983e-08,0.9999999909058276,0.9999999784893878
SH601360,2020-05-18,2020,True,-4.906469008858494e-08,1.000000017963573,0.999999985437872
SH601360,2020-05-19,2020,True,2.364819695621634e-08,0.9999999986250694,0.999999962692798
SH601360,2020-05-20,2020,True,2.3344954191983902e-08,0.9999999818061044,1.0000000396896067
SH601360,2020-05-21,2020,True,4.1878519541072023e-08,0.9999999598600435,0.9999999706095827
SH601360,2020-05-22,2020,True,-1.489179268787666e-08,1.0000000301983223,1.0000000230011792
SH601360,2020-05-25,2020,True,-8.308195131867535e-09,0.9999999766939561,1.0000000144871461
SH601360,2020-05-26,2020,True,-6.113424544373913e-08,1.000000007254085,1.000000025611357
SH601360,2020-05-27,2020,True,6.580817912826831e-08,0.9999999949189093,0.999999959548958
SH601360,2020-05-28,2020,True,1.9618493052320218e-08,1.000000062174933,0.9999999606184382
SH601360,2020-05-29,2020,True,1.8135521973050572e-09,1.0000000007401453,1.0000000367592827
SH601360,2020-06-01,2020,True,1.3200325277296088e-08,0.9999999416989007,1.0000000411298857
SH601360,2020-06-02,2020,True,2.2244464048526424e-09,0.9999999983494847,0.999999980842099
SH601360,2020-06-03,2020,True,-2.229898821148879e-09,0.9999999555789271,0.9999999906837519
SH601360,2020-06-04,2020,True,-3.198936926462892e-08,1.0000000085703056,0.999999984097171
SH601360,2020-06-05,2020,True,-2.4627480832428716e-08,0.9999999826092847,1.000000017008364
SH601360,2020-06-08,2020,True,5.0230439141429883e-08,1.00000000115271,1.000000010814376
SH601360,2020-06-09,2020,True,3.920014512992509e-08,0.9999999376218369,1.0000000025695082
SH601360,2020-06-10,2020,True,-9.496008646081577e-09,1.0000000103194988,0.9999999821389389
SH601360,2020-06-11,2020,True,3.9128288165102276e-08,0.9999999647636921,1.0000000024954785
SH601360,2020-06-12,2020,True,2.198228288285975e-08,0.9999999672591855,1.0000000031192882
SH601360,2020-06-15,2020,True,2.4921525509924436e-08,0.9999999947922739,0.999999954672451
SH601360,2020-06-16,2020,True,2.6905560002177253e-08,0.9999999889793957,0.9999999527243493
SH601360,2020-06-17,2020,True,5.636718936052887e-08,0.9999999896971887,1.0000000154610587
SH601360,2020-06-18,2020,True,2.2013579625834723e-08,0.9999999294324298,0.9999999793924208
SH601360,2020-06-19,2020,True,-4.2237907171838174e-08,0.9999999845623839,0.9999999913996113
SH601360,2020-06-22,2020,True,6.288666476450544e-09,1.0000000187962974,1.000000029881001
SH601360,2020-06-23,2020,True,1.1927504317554849e-08,0.9999999523417499,0.9999999623169268
SH601360,2020-06-24,2020,True,5.8361937282924714e-08,1.0000000215195302,0.9999999600054074
SH601360,2020-06-29,2020,True,-2.743430804752478e-08,1.0000000193702536,0.9999999870577573
SH601360,2020-06-30,2020,True,3.932093650682589e-08,0.9999999377723745,1.0000000193913694
SH601360,2020-07-01,2020,True,-9.656294430726575e-09,0.9999999912777067,1.0000000407864926
SH601360,2020-07-02,2020,True,-4.37809574149739e-08,1.000000065213615,0.999999952548772
SH601360,2020-07-03,2020,True,-3.148662341967423e-08,1.0000000121858232,0.9999999975547014
SH601360,2020-07-06,2020,True,-4.885372617557948e-08,0.9999999798857393,0.9999999769853636
SH601360,2020-07-07,2020,True,-3.91339879390884e-08,0.9999999788872708,0.9999999994475403
SH601360,2020-07-08,2020,True,-3.166832740486569e-08,1.0000000087530183,0.9999999739526967
SH601360,2020-07-09,2020,True,-1.1393582743934871e-08,0.9999999838449517,1.000000053514059
SH601360,2020-07-10,2020,True,2.585743619221148e-08,0.999999962614609,0.9999999754247682
SH601360,2020-07-13,2020,True,-9.27882393142454e-09,1.0000000324587566,1.0000000289277042
SH601360,2020-07-14,2020,True,-2.9566865067387482e-08,0.9999999564026347,0.9999999777627697
SH601360,2020-07-15,2020,True,-4.059271696554845e-08,1.0000000212243896,0.9999999850522426
SH601360,2020-07-16,2020,True,5.069672570634509e-08,0.9999999981934101,1.0000000213338935
SH601360,2020-07-17,2020,True,2.1660306437354393e-08,1.0000000069476729,0.9999999766720161
SH601360,2020-07-20,2020,True,1.4347263377345598e-09,1.0000000351602016,0.9999999736432326
SH601360,2020-07-21,2020,True,-5.666567215456553e-10,1.0000000019454833,1.0000000101590403
SH601360,2020-07-22,2020,True,-1.5177705536828512e-08,0.9999999815517363,1.0000000062226082
SH601360,2020-07-23,2020,True,-3.148662341967423e-08,0.9999999783784993,0.9999999890371661
SH601360,2020-07-24,2020,True,2.7758022325130582e-08,0.9999999722269203,1.0000000199887065
SH601360,2020-07-27,2020,True,3.805542059254208e-08,1.0000000034721663,0.9999999832321076
SH601360,2020-07-28,2020,True,-2.1141632999821525e-08,0.9999999888676592,1.000000023778177
SH601360,2020-07-29,2020,True,5.177976003523099e-08,0.999999961697682,0.9999999573982891
SH601360,2020-07-30,2020,True,3.9128288165102276e-08,0.9999999724688158,1.000000030483864
SH601360,2020-07-31,2020,True,-5.228802146817202e-08,1.0000000073012267,0.9999999943358598
SH601360,2020-08-03,2020,True,2.3925999625973304e-08,0.9999999496865302,1.0000000213214664
SH601360,2020-08-04,2020,True,3.506020318511105e-08,0.9999999854841973,1.000000012088344
SH601360,2020-08-05,2020,True,-3.12395838086843e-08,1.0000000391978643,0.9999999968159132
SH601360,2020-08-06,2020,True,5.0787757777115417e-08,0.9999999951922385,1.0000000414904404
SH601360,2020-08-07,2020,True,3.7295659005565085e-08,0.9999999750052132,0.9999999687493939
SH601360,2020-08-10,2020,True,3.9128288165102276e-08,0.9999999696524654,0.9999999916240367
SH601360,2020-08-11,2020,True,-4.37809574149739e-08,1.0000000744495618,0.9999999699675409
SH601360,2020-08-12,2020,True,-2.469963988893653e-08,1.0000000614464282,1.0000000115345589
SH601360,2020-08-13,2020,True,-1.4556778560326222e-08,1.0000000300169989,1.0000000337563593
SH601360,2020-08-14,2020,True,1.8115648980909782e-08,0.9999999848168816,1.000000008383973
SH601360,2020-08-17,2020,True,5.0356731895462303e-08,0.9999999379639805,0.999999992942688
SH601360,2020-08-18,2020,True,-2.1141632999821525e-08,0.9999999715420964,0.9999999926329707
SH601360,2020-08-19,2020,True,5.636718936052887e-08,0.9999999703712557,1.0000000210715911
SH601360,2020-08-20,2020,True,-3.874211984555842e-08,1.0000000760366416,1.0000000110098537
SH601360,2020-08-21,2020,True,-2.036926327608768e-08,0.999999995715554,1.0000000230066897
SH601360,2020-08-24,2020,True,2.6905560002177253e-08,1.0000000180835609,1.000000044054378
SH601360,2020-08-25,2020,True,3.192259412365672e-08,0.9999999993244644,1.0000000300449314
SH601360,2020-08-26,2020,True,3.057099484671255e-08,1.0000000280616534,1.0000000186941826
SH601360,2020-08-27,2020,True,-3.339632592691544e-08,1.00000003285008,0.9999999873448123
SH601360,2020-08-28,2020,True,6.488263259996074e-09,0.9999999277324215,1.0000000170998542
SH601360,2020-08-31,2020,True,-2.0740529294016596e-09,0.9999999787767495,1.0000000457350553
SH601360,2020-09-01,2020,True,2.2601465810012655e-08,1.0000000261991737,0.9999999809413099
SH601360,2020-09-02,2020,True,-1.731117993397646e-08,0.9999999767960628,1.0000000103201179
SH601360,2020-09-03,2020,True,4.0225767161672366e-08,1.00000000806346,0.9999999852819164
SH601360,2020-09-04,2020,True,-5.9421454867703005e-08,1.0000000571797307,0.9999999486192198
SH601360,2020-09-07,2020,True,-6.918072825712329e-08,1.0000000247229472,0.9999999726773554
SH601360,2020-09-08,2020,True,4.84140230128105e-08,0.9999999772826128,0.9999999976944265
SH601360,2020-09-09,2020,True,-3.3315576075665376e-08,1.000000050548647,1.0000000323083265
SH601360,2020-09-10,2020,True,-2.997646952884736e-08,1.0000000094581973,0.9999999752465507
SH601360,2020-09-11,2020,True,4.026602828943737e-09,0.9999999597048258,1.0000000331995473
SH601360,2020-09-14,2020,True,-1.4244297075194368e-08,0.9999999933125975,1.0000000087783887
SH601360,2020-09-15,2020,True,1.850802155978215e-08,1.0000000040982124,1.0000000021005024
SH601360,2020-09-16,2020,True,3.2613773015555125e-08,1.0000000206151456,0.9999999804036087
SH601360,2020-09-17,2020,True,-4.3533294635800246e-08,0.9999999919612822,1.000000016482428
SH601360,2020-09-18,2020,True,2.0050854532271956e-08,0.9999999583727011,1.0000000089704733
SH601360,2020-09-21,2020,True,-7.340821506218731e-09,1.000000018729225,1.0000000063140855
SH601360,2020-09-22,2020,True,0.0,1.0000000528745734,0.9999999859018283
SH601360,2020-09-23,2020,True,-4.3533294635800246e-08,1.000000028185253,0.9999999929099582
SH601360,2020-09-24,2020,True,1.659321924307733e-08,0.9999999733764331,1.0000000003337863
SH601360,2020-09-25,2020,True,3.175737228744424e-09,1.0000000661112063,0.9999999592377682
SH601360,2020-09-28,2020,True,1.5372368489252608e-08,1.0000000052845763,0.9999999706074157
SH601360,2020-09-29,2020,True,4.310579937438774e-08,1.0000000106868894,1.0000000579269925
SH601360,2020-09-30,2020,True,3.169935647306943e-09,1.0000000228605719,0.9999999716898773
SH601360,2020-10-09,2020,True,1.5372368489252608e-08,1.000000012538862,1.0000000053837639
SH601360,2020-10-12,2020,True,2.903064255654897e-08,0.999999979839302,1.0000000060788958
SH601360,2020-10-13,2020,True,-1.0117390258912451e-08,1.0000000183514204,0.9999999807066055
SH601360,2020-10-14,2020,True,9.561479163977538e-09,0.9999999498843856,1.0000000040827806
SH601360,2020-10-15,2020,True,2.6852719159364824e-08,0.999999980608966,1.0000000288652393
SH601360,2020-10-16,2020,True,-4.748151871680761e-09,0.9999999810650632,1.0000000377724274
SH601360,2020-10-19,2020,True,3.914747459532464e-08,0.9999999863838367,0.9999999673257762
SH601360,2020-10-20,2020,True,2.6852719159364824e-08,0.9999999945367056,0.9999999751903103
SH601360,2020-10-21,2020,True,-3.3725987558241854e-08,1.0000000331416636,0.9999999678720987
SH601360,2020-10-22,2020,True,-6.122460094459825e-08,1.0000000200943804,1.0000000142396144
SH601360,2020-10-23,2020,True,-3.8586896788928016e-08,0.9999999795109826,0.9999999451415607
SH601360,2020-10-26,2020,True,-4.3591792286967745e-08,1.0000000022844606,1.0000000033553398
SH601360,2020-10-27,2020,True,2.204988636123062e-08,0.9999999701519766,0.9999999852423161
SH601360,2020-10-28,2020,True,-4.273846865299191e-08,1.0000000547260683,0.9999999746767271
SH601360,2020-10-29,2020,True,-5.341217801380083e-09,0.9999999932968197,1.0000000057552492
SH601360,2020-10-30,2020,True,-1.7458605117148807e-08,1.0000000211360862,0.999999965597712
SH601360,2020-11-02,2020,True,-7.497359399977199e-10,1.0000000393358746,0.9999999682871191
SH601360,2020-11-03,2020,True,8.320801825334456e-10,1.0000000181893511,0.9999999745571544
SH601360,2020-11-04,2020,True,-5.761862320596833e-09,1.000000028864796,0.999999986462246
SH601360,2020-11-05,2020,True,-2.6164971411724025e-08,1.0000000032538754,0.9999999925108037
SH601360,2020-11-06,2020,True,1.0480880607843801e-09,0.9999999940090687,1.0000000031873624
SH601360,2020-11-09,2020,True,3.204073584228695e-08,1.0000000045936328,1.0000000212295583
SH601360,2020-11-10,2020,True,3.989183738895008e-08,0.999999969115306,0.9999999916068811
SH601360,2020-11-11,2020,True,-8.232760029258657e-09,1.000000034548031,0.9999999981835013
SH601360,2020-11-12,2020,True,2.4804608589334975e-08,1.000000019343045,1.0000000177728727
SH601360,2020-11-13,2020,True,1.9762749881024888e-08,0.9999999993357277,0.9999999835919016
SH601360,2020-11-16,2020,True,-2.5525070834753194e-08,1.0000000212661455,1.0000000299814877
SH601360,2020-11-17,2020,True,-1.58186996834786e-08,0.9999999868724938,0.9999999899900435
SH601360,2020-11-18,2020,True,5.757319510024672e-09,1.0000000288245507,0.9999999801463925
SH601360,2020-11-19,2020,True,-7.497359399977199e-10,0.9999999887412282,1.0000000093712949
SH601360,2020-11-20,2020,True,-4.275816034571278e-09,0.9999999833470757,0.9999999582688697
SH601360,2020-11-23,2020,True,-5.3273835343148335e-09,0.9999999751087486,1.0000000048971862
SH601360,2020-11-24,2020,True,-1.520455983339275e-08,0.9999999800211328,0.9999999518875872
SH601360,2020-11-25,2020,True,3.914747459532464e-08,0.999999952839609,1.0000000377856595
SH601360,2020-11-26,2020,True,1.5272793474352397e-08,1.0000000073726611,1.0000000013664068
SH601360,2020-11-27,2020,True,1.9312932142412365e-08,1.0000000256870516,1.0000000501132091
SH601360,2020-11-30,2020,True,6.904529392670611e-08,0.9999999518705003,1.0000000301807297
SH601360,2020-12-01,2020,True,2.9626572972674126e-08,0.9999999724534964,1.0000000172296069
SH601360,2020-12-02,2020,True,1.1697411483879705e-08,1.000000038078854,0.9999999908204231
SH601360,2020-12-03,2020,True,4.9554427450360095e-08,1.0000000242919305,0.9999999679298802
SH601360,2020-12-04,2020,True,2.007456800789953e-08,1.0000000373167308,0.999999992838906
SH601360,2020-12-07,2020,True,3.914747459532464e-08,0.9999999748894445,0.9999999825291704
SH601360,2020-12-08,2020,True,-6.122460094459825e-08,1.0000000547922303,0.9999999609588512
SH601360,2020-12-09,2020,True,2.81805949686742e-08,0.9999999987099457,1.0000000548910115
SH601360,2020-12-10,2020,True,4.044738766140199e-09,0.9999999557220969,1.0000000218381542
SH601360,2020-12-11,2020,True,-7.0184468237144415e-09,0.9999999819699538,1.0000000243996505
SH601360,2020-12-14,2020,True,3.92403702864641e-08,1.0000000298113936,1.0000000149375747
SH601360,2020-12-15,2020,True,3.152922989357876e-08,1.0000000212002438,0.9999999948387318
SH601360,2020-12-16,2020,True,-1.0406071671020811e-08,1.0000000398943514,1.0000000160450686
SH601360,2020-12-17,2020,True,3.152922989357876e-08,0.9999999926715549,1.0000000366784147
SH601360,2020-12-18,2020,True,4.874037240476525e-08,0.9999999978973756,0.9999999944698641
SH601360,2020-12-21,2020,True,-2.258470432892068e-08,0.9999999955492901,0.9999999835860788
SH601360,2020-12-22,2020,True,3.932399961215083e-08,1.0000000085653389,1.0000000398279207
SH601360,2020-12-23,2020,True,-1.2363418067096177e-09,0.9999999585347268,0.9999999470048434
SH601360,2020-12-24,2020,True,1.2380583447324511e-08,0.999999917256642,0.9999999683746859
SH601360,2020-12-25,2020,True,9.957175750585634e-09,1.0000000089743746,1.000000030230879
SH601360,2020-12-28,2020,True,3.698738892943254e-08,0.9999999606521063,1.0000000376210327
SH601360,2020-12-29,2020,True,-6.796093143801585e-08,1.0000000480742066,1.0000000108276572
SH601360,2020-12-30,2020,True,5.7750185522564834e-08,0.9999999399260507,1.0000000049674092
SH601360,2020-12-31,2020,True,-6.796093143801585e-08,1.0000000372703841,1.0000000559508824
SH601360,2021-01-04,2021,True,-5.386965984399694e-09,0.999999994448002,1.000000009522341
SH601360,2021-01-05,2021,True,-6.276477448885487e-08,1.0000000535740625,0.999999990001497
SH601360,2021-01-06,2021,True,5.90494320107382e-09,0.9999999885519002,1.0000000149832005
SH601360,2021-01-07,2021,True,5.117617662975249e-09,0.9999999773187901,0.9999999929364071
SH601360,2021-01-08,2021,True,3.733426456875577e-09,0.9999999508868253,0.9999999687367366
SH601360,2021-01-11,2021,True,4.0929572397985226e-08,0.9999999946782753,0.9999999849864065
SH601360,2021-01-12,2021,True,5.913050049599633e-09,0.9999999603173185,1.0000000063793415
SH601360,2021-01-13,2021,True,4.6570038492177446e-08,0.9999999554750799,1.0000000290639441
SH601360,2021-01-14,2021,True,4.404965370241598e-08,0.9999999913317031,0.9999999880319784
SH601360,2021-01-15,2021,True,-6.524452422773663e-09,1.0000000470466346,1.0000000214149554
SH601360,2021-01-18,2021,True,-1.793647552705835e-08,1.0000000612423818,1.0000000242639113
SH601360,2021-01-19,2021,True,-5.659055224427334e-08,1.0000000457426121,0.9999999880186399
SH601360,2021-01-20,2021,True,1.0096349756238965e-08,0.99999999826497,0.9999999730360232
SH601360,2021-01-21,2021,True,0.0,1.0000000317019608,0.9999999883613488
SH601360,2021-01-22,2021,True,-1.4824245386790835e-08,0.9999999790314356,1.0000000335365977
SH601360,2021-01-25,2021,True,-6.37138359849132e-08,1.000000053096564,0.9999999819916426
SH601360,2021-01-26,2021,True,3.5508185280974658e-09,1.0000000128821565,1.00000001432053
SH601360,2021-01-27,2021,True,1.8135521973050572e-09,0.9999999933652024,1.0000000360868941
SH601360,2021-01-28,2021,True,7.456597561628087e-09,0.9999999986321342,0.9999999732491247
SH601360,2021-01-29,2021,True,-2.1034787245355346e-08,0.9999999982592599,1.0000000011277836
SH601360,2021-02-01,2021,True,5.219169540993107e-09,1.0000000123976573,1.00000003569864
SH601360,2021-02-02,2021,True,2.1981046094410317e-08,0.9999999439590737,0.9999999947198009
SH601360,2021-02-03,2021,True,-2.0631656383329755e-09,0.9999999672090132,1.0000000255538186
SH601360,2021-02-04,2021,True,-6.585646128431932e-08,1.0000000743709654,0.9999999960460374
SH601360,2021-02-05,2021,True,2.8639132620966734e-08,0.9999999532673578,1.0000000491347598
SH601360,2021-02-08,2021,True,-2.3153864603386864e-08,1.0000000513135694,0.9999999559172094
SH601360,2021-02-09,2021,True,3.21678821357807e-08,1.0000000036087775,0.9999999959166743
SH601360,2021-02-10,2021,True,-2.1034787245355346e-08,1.0000000003856302,1.0000000246880707
SH601360,2021-02-18,2021,True,2.204988636123062e-08,1.0000000408878984,0.9999999787366524
SH601360,2021-02-19,2021,True,-4.432848721425131e-08,1.0000000035843353,1.0000000262901818
SH601360,2021-02-22,2021,True,4.589935742593809e-08,0.99999999131687,0.9999999836564842
SH601360,2021-02-23,2021,True,4.2956103118996225e-08,0.9999999822867944,1.000000015251595
SH601360,2021-02-24,2021,True,-1.780260761030661e-08,1.000000016768985,0.9999999750045844
SH601360,2021-02-25,2021,True,3.932399961215083e-08,0.999999987984029,0.9999999886781622
SH601360,2021-02-26,2021,True,3.308358875742101e-08,0.9999999770295951,0.9999999431763315
SH601360,2021-03-01,2021,True,-6.09921002592273e-10,1.0000000583581758,0.9999999629824661
SH601360,2021-03-02,2021,True,3.932399961215083e-08,1.0000000146849575,0.9999999860272853
SH601360,2021-03-03,2021,True,-1.2363418067096177e-09,0.9999999510794253,1.0000000008797199
SH601360,2021-03-04,2021,True,-3.7326241875135224e-08,0.9999999636269246,0.999999991806344
SH601360,2021-03-05,2021,True,-6.585646128431932e-08,1.0000000236209703,0.9999999694139904
SH601360,2021-03-08,2021,True,-4.004519160716313e-09,1.0000000105293048,0.9999999490309623
SH601360,2021-03-09,2021,True,-7.030124704598961e-09,1.000000016541209,1.0000000286867015
SH601360,2021-03-10,2021,True,2.0385998222849366e-08,0.9999999909221273,1.0000000101034792
SH601360,2021-03-11,2021,True,-3.351236566029314e-08,0.9999999744345256,1.000000016098192
SH601360,2021-03-12,2021,True,2.7905932453720084e-08,1.0000000173348615,1.0000000172316872
SH601360,2021-03-15,2021,True,4.755172078318992e-08,0.99999999554132,1.0000000137279705
SH601360,2021-03-16,2021,True,-1.013090400459049e-08,0.999999976905072,0.9999999619475838
SH601360,2021-03-17,2021,True,-3.4750012090078997e-08,0.9999999714484115,1.0000000212436704
SH601360,2021-03-18,2021,True,-2.4203533288691403e-08,1.0000000076067828,1.0000000268793923
SH601360,2021-03-19,2021,True,-4.4022515077735136e-08,1.000000035260021,1.0000000254871666
SH601360,2021-03-22,2021,True,3.4769365164777355e-10,0.999999994920633,1.000000001712655
SH601360,2021-03-23,2021,True,-3.051462826864082e-08,0.9999999886249241,1.0000000486611311
SH601360,2021-03-24,2021,True,-6.861317336515071e-08,1.0000000492573564,0.999999991608278
SH601360,2021-03-25,2021,True,-7.422720216254675e-09,1.0000000040086288,1.0000000396860667
SH601360,2021-03-26,2021,True,-2.365218298994165e-08,0.9999999605405606,1.0000000055765355
SH601360,2021-03-29,2021,True,2.422678657687527e-08,1.0000000341336948,0.9999999926389921
SH601360,2021-03-30,2021,True,6.8880656733938395e-09,1.0000000187088505,1.000000037371273
SH601360,2021-03-31,2021,True,-7.422720216254675e-09,1.0000000068196453,0.9999999797261546
SH601360,2021-04-01,2021,True,-2.4203533288691403e-08,1.0000000275425853,0.9999999688408072
SH601360,2021-04-02,2021,True,-1.013090400459049e-08,0.9999999622726026,1.0000000343736297
SH601360,2021-04-06,2021,True,-1.8101693144423336e-08,1.0000000188470466,0.9999999726844683
SH601360,2021-04-07,2021,True,-5.502462252504614e-08,1.0000000536921343,1.0000000126399435
SH601360,2021-04-08,2021,True,2.2176943614837796e-08,0.9999999583066539,0.9999999695773689
SH601360,2021-04-09,2021,True,6.81182621420362e-08,0.9999999875741674,0.9999999904071547
SH601360,2021-04-12,2021,True,-1.9810611040504966e-08,1.0000000072012039,1.0000000120520942
SH601360,2021-04-13,2021,True,3.747590615610363e-08,0.9999999906956947,0.999999984354391
SH601360,2021-04-14,2021,True,1.0045423159965594e-08,1.000000059414456,0.9999999666170533
SH601360,2021-04-15,2021,True,6.81182621420362e-08,0.9999999565041133,0.9999999656024413
SH601360,2021-04-16,2021,True,-2.1121474125251893e-08,1.0000000610960043,1.000000008549425
SH601360,2021-04-19,2021,True,-1.8101693144423336e-08,1.0000000711473958,1.0000000086195635
SH601360,2021-04-20,2021,True,1.4310010509888116e-08,0.9999999956169889,0.9999999678851704
SH601360,2021-04-21,2021,True,-2.4203533288691403e-08,0.9999999556320044,0.9999999961244458
SH601360,2021-04-22,2021,True,-2.8171776245144997e-08,1.0000000084898826,0.9999999871339555
SH601360,2021-04-23,2021,True,-1.3605750415202067e-08,0.9999999894909893,0.9999999759888745
SH601360,2021-04-26,2021,True,1.6045477613246817e-08,0.999999975670676,0.9999999928320317
SH601360,2021-04-27,2021,True,6.042488376323263e-08,0.9999999640918924,1.0000000035965566
SH601360,2021-04-28,2021,True,-3.784536684037221e-08,1.0000000407186425,1.0000000353498022
SH601360,2021-04-29,2021,True,-6.675799757438483e-08,1.000000063827164,0.9999999946452549
SH601360,2021-04-30,2021,True,-1.5742822934150524e-08,1.0000000832695863,0.9999999422968003
SH601360,2021-05-06,2021,True,-3.4462942943847e-08,0.9999999876305634,0.9999999922001235
SH601360,2021-05-07,2021,True,1.1632785845705484e-09,0.9999999680782933,0.9999999952454807
SH601360,2021-05-10,2021,True,6.922230721961853e-08,1.00000000203202,1.000000015974915
SH601360,2021-05-11,2021,True,-8.146817775944726e-09,0.9999999465846797,1.0000000119239387
SH601360,2021-05-12,2021,True,1.5918713014428931e-09,1.0000000039115489,0.9999999903178913
SH601360,2021-05-13,2021,True,2.7796303481153473e-08,1.0000000222270742,1.0000000353191458
SH601360,2021-05-14,2021,True,-1.3168632739812836e-08,0.9999999549329155,1.000000018446423
SH601360,2021-05-17,2021,True,0.0,1.0000000307184833,0.9999999773561394
SH601360,2021-05-18,2021,True,-1.3168632739812836e-08,0.9999999875878693,0.999999970172282
SH601360,2021-05-19,2021,True,2.648827601703374e-09,1.0000000122777588,0.9999999859227652
SH601360,2021-05-20,2021,True,-1.781919978238733e-08,0.9999999552997614,1.0000000101993107
SH601360,2021-05-21,2021,True,-1.6114515055676293e-08,0.9999999803874533,0.9999999595427227
SH601360,2021-05-24,2021,True,2.648827601703374e-09,1.000000019087639,0.9999999786620972
SH601360,2021-05-25,2021,True,-2.523486497540972e-08,0.9999999931640084,1.0000000193867542
SH601360,2021-05-26,2021,True,1.4773694045899788e-08,0.99999999068429,1.0000000230500654
SH601360,2021-05-27,2021,True,6.488263482040679e-09,0.9999999452597025,1.0000000267491371
SH601360,2021-05-28,2021,True,1.5918713014428931e-09,0.9999999562815107,0.9999999679846233
SH601360,2021-05-31,2021,True,-9.881160334401784e-09,0.9999999412194464,1.0000000489002276
SH601360,2021-06-01,2021,True,6.488263482040679e-09,0.9999999605040755,1.0000000246541416
SH601360,2021-06-02,2021,True,-1.2709825081280712e-08,0.9999999679505807,0.9999999705106409
SH601360,2021-06-03,2021,True,6.946938690965965e-08,0.9999999895216813,1.0000000100046313
SH601360,2021-06-04,2021,True,-8.378927618402088e-08,1.0000000203918427,0.9999999851348874
SH601360,2021-06-07,2021,True,-8.378927618402088e-08,1.0000000220793883,1.0000000193084755
SH601360,2021-06-08,2021,True,0.0,0.9999999639772298,0.9999999769838347
SH601360,2021-06-09,2021,True,2.237765639456768e-08,0.9999999679841709,1.0000000114166707
SH601360,2021-06-10,2021,True,6.042488376323263e-08,0.9999999949194494,0.9999999720701196
SH601360,2021-06-11,2021,True,-4.575471734824532e-08,0.9999999834357646,1.0000000514064136
SH601360,2021-06-15,2021,True,2.2601465810012655e-08,0.9999999882306673,0.9999999961330509
SH601360,2021-06-16,2021,True,-3.4462942943847e-08,1.0000000262368736,0.9999999772968245
SH601360,2021-06-17,2021,True,-1.3017787514613133e-08,0.999999978192603,0.9999999861330285
SH601360,2021-06-18,2021,True,4.8079276115942093e-08,0.9999999684976757,0.9999999903611141
SH601360,2021-06-21,2021,True,-6.899522331238472e-08,0.9999999827083834,1.0000000273904952
SH601360,2021-06-22,2021,True,4.7191851315631084e-08,0.9999999534886633,0.9999999839587503
SH601360,2021-06-23,2021,True,3.1760245766676576e-08,0.9999999263736019,0.9999999939635275
SH601360,2021-06-24,2021,True,2.7796303481153473e-08,0.999999981915941,1.0000000014951107
SH601360,2021-06-25,2021,True,-1.8009309710187438e-08,1.0000000482822737,1.0000000166402538
SH601360,2021-06-28,2021,True,8.010897944998874e-09,0.9999999826552661,0.9999999721225081
SH601360,2021-06-29,2021,True,1.1660187704265468e-08,1.0000000559742364,1.0000000190954623
SH601360,2021-06-30,2021,True,-8.594788214466575e-10,0.9999999504922321,1.0000000456391132
SH601360,2021-07-01,2021,True,-8.594788214466575e-10,1.0000000031070058,0.9999999773770128
SH601360,2021-07-02,2021,True,6.255529982901464e-08,0.9999999888905934,1.0000000272756147
SH601360,2021-07-05,2021,True,2.7796303481153473e-08,1.0000000122901351,1.0000000126229682
SH601360,2021-07-06,2021,True,-4.029108402470172e-08,0.9999999675465788,1.0000000423984607
SH601360,2021-07-07,2021,True,4.675233444828564e-08,0.9999999356707413,1.0000000454126863
SH601360,2021-07-08,2021,True,1.7507323368803895e-08,1.0000000388836034,0.9999999938300909
SH601360,2021-07-09,2021,True,-1.5742822934150524e-08,1.0000000411266508,1.0000000400389921
SH601360,2021-07-12,2021,True,1.3850963487271883e-08,1.0000000010791628,1.0000000129254123
SH601360,2021-07-13,2021,True,-1.0127170435580979e-08,1.0000000022187026,1.0000000088096554
SH601360,2021-07-14,2021,True,-1.3605750415202067e-08,1.0000000481026186,1.000000027407697
SH601360,2021-07-15,2021,True,-6.51796047135278e-08,1.0000000351634015,0.9999999834655456
SH601360,2021-07-16,2021,True,3.733216624723923e-09,0.9999999913485379,1.000000021407658
SH601360,2021-07-19,2021,True,-7.870623064398785e-08,1.0000000633874153,0.9999999876189447
SH601360,2021-07-20,2021,True,1.1529982746338874e-08,0.9999999649354202,0.9999999710160862
SH601360,2021-07-21,2021,True,3.733216624723923e-09,0.9999999640671621,0.9999999826217976
SH601360,2021-07-22,2021,True,-4.6538763065484545e-08,1.0000000365356305,0.9999999669981858
SH601360,2021-07-23,2021,True,4.678964637960803e-08,1.0000000178450492,0.9999999720645965
SH601360,2021-07-26,2021,True,-9.881160334401784e-09,0.9999999920397658,0.9999999961135118
SH601360,2021-07-27,2021,True,-5.098117805690805e-08,0.9999999734524594,1.00000001835656
SH601360,2021-07-28,2021,True,-6.989080758579291e-09,1.0000000037127086,1.0000000456116094
SH601360,2021-07-29,2021,True,6.946938690965965e-08,1.0000000345367566,1.0000000276554337
SH601360,2021-07-30,2021,True,-3.609155985184742e-08,0.9999999442399186,0.9999999917328863
SH601360,2021-08-02,2021,True,-2.0339248840706148e-08,1.00000005838132,0.9999999640372843
SH601360,2021-08-03,2021,True,-3.4227152334587174e-08,1.0000000190751601,1.0000000063776395
SH601360,2021-08-04,2021,True,3.155320826842001e-08,0.9999999681077889,1.00000005345678
SH601360,2021-08-05,2021,True,6.609299996185314e-08,0.9999999927544774,0.9999999882779511
SH601360,2021-08-06,2021,True,-7.422720105232372e-09,1.000000032335144,0.9999999930937623
SH601360,2021-08-09,2021,True,4.675233444828564e-08,0.999999991664711,0.9999999680292817
SH601360,2021-08-10,2021,True,5.637554600923522e-08,0.9999999552991757,1.0000000429226568
SH601360,2021-08-11,2021,True,-5.098117805690805e-08,1.00000001613975,0.9999999829517545
SH601360,2021-08-12,2021,True,1.4773694045899788e-08,0.999999957590787,1.000000017669755
SH601360,2021-08-13,2021,True,4.7191851315631084e-08,0.9999999311948595,0.9999999515216142
SH601360,2021-08-16,2021,True,-3.653958247085143e-09,0.9999999777177574,0.9999999715136338
SH601360,2021-08-17,2021,True,2.810820620702259e-08,0.9999999871347192,1.0000000310471513
SH601360,2021-08-18,2021,True,4.7191851315631084e-08,0.9999999387669799,1.0000000335745596
SH601360,2021-08-19,2021,True,-1.6114515055676293e-08,1.000000000730252,0.999999996578156
SH601360,2021-08-20,2021,True,2.988688585503496e-08,1.0000000279431023,0.9999999926771916
SH601360,2021-08-23,2021,True,-4.274146581106919e-08,1.0000000359154269,0.9999999565973916
SH601360,2021-08-24,2021,True,8.144864604986424e-08,1.000000002270799,1.000000032928935
SH601360,2021-08-25,2021,True,-3.932960923602735e-08,1.000000006426513,1.0000000162421108
SH601360,2021-08-26,2021,True,-5.0741799428877243e-08,0.9999999918346201,1.0000000115159238
SH601360,2021-08-27,2021,True,-6.989080758579291e-09,0.9999999921072713,0.9999999961036357
SH601360,2021-08-30,2021,True,-9.122596345001455e-08,1.0000000352811096,0.9999999791624418
SH601360,2021-08-31,2021,True,2.237765639456768e-08,1.0000000604559138,1.0000000221501466
SH601360,2021-09-01,2021,True,6.9487682274882445e-09,1.000000051120891,0.9999999715418326
SH601360,2021-09-02,2021,True,4.8079276115942093e-08,0.999999951061093,0.9999999786007522
SH601360,2021-09-03,2021,True,-7.422720105232372e-09,0.9999999873877075,0.9999999726523493
SH601360,2021-09-06,2021,True,2.648827601703374e-09,0.9999999936215845,0.9999999864350105
SH601360,2021-09-07,2021,True,2.2601465810012655e-08,1.000000031450038,0.9999999533000062
SH601360,2021-09-08,2021,True,1.1529982746338874e-08,0.9999999863661603,0.9999999671651495
SH601360,2021-09-09,2021,True,1.2945752247972564e-08,0.9999999773442555,0.9999999671853764
SH601360,2021-09-10,2021,True,3.155320826842001e-08,1.0000000573507333,1.0000000149185984
SH601360,2021-09-13,2021,True,4.737819603306548e-08,0.9999999469845031,1.0000000052260842
SH601360,2021-09-14,2021,True,1.1632785845705484e-09,1.0000000073981479,1.0000000287277861
SH601360,2021-09-15,2021,True,6.488263482040679e-09,0.9999999448382308,0.9999999770966118
SH601360,2021-09-16,2021,True,-2.2512692821052838e-09,1.0000000255964083,0.9999999543154774
SH601360,2021-09-17,2021,True,4.214989135498115e-08,1.0000000406625624,1.0000000031825658
SH601360,2021-09-22,2021,True,6.609299996185314e-08,0.9999999541973109,0.9999999771289034
SH601360,2021-09-23,2021,True,-6.899522331238472e-08,1.0000000429097373,1.0000000194443863
SH601360,2021-09-24,2021,True,2.988688585503496e-08,1.0000000493613328,0.9999999980267534
SH601360,2021-09-27,2021,True,-6.816185960101251e-08,1.0000000783003744,0.9999999995994968
SH601360,2021-09-28,2021,True,-5.0741799428877243e-08,1.0000000277076582,0.999999972913472
SH601360,2021-09-29,2021,True,2.7362366150640582e-08,0.9999999795301739,1.0000000361810732
SH601360,2021-09-30,2021,True,-2.0385530707933697e-08,1.0000000004105516,1.0000000320303035
SH601360,2021-10-08,2021,True,-1.8009309710187438e-08,1.000000030928664,1.0000000146166264
SH601360,2021-10-11,2021,True,-6.547855624372545e-08,1.0000000616559546,0.9999999986802846
SH601360,2021-10-12,2021,True,3.4789547020963596e-08,1.0000000326691005,0.9999999770262489
SH601360,2021-10-13,2021,True,-2.0385530707933697e-08,0.9999999947863636,1.000000034295613
SH601360,2021-10-14,2021,True,6.946938690965965e-08,0.9999999430155575,0.9999999801331703
SH601360,2021-10-15,2021,True,-2.0385530707933697e-08,0.9999999657120752,1.0000000517495995
SH601360,2021-10-18,2021,True,4.690720967204243e-08,0.9999999498831748,0.9999999970858647
SH601360,2021-10-19,2021,True,-4.274146581106919e-08,1.000000011490647,1.000000031733847
SH601360,2021-10-20,2021,True,2.7362366150640582e-08,1.0000000345032463,0.9999999456732815
SH601360,2021-10-21,2021,True,2.7362366150640582e-08,1.0000000281997794,1.0000000372110656
SH601360,2021-10-22,2021,True,6.255529982901464e-08,0.9999999659417881,1.0000000027219067
SH601360,2021-10-25,2021,True,-5.581308515356653e-08,0.9999999702394652,1.0000000399739377
SH601360,2021-10-26,2021,True,-1.3168632739812836e-08,0.9999999854443199,1.0000000107504083
SH601360,2021-10-27,2021,True,-7.422720105232372e-09,1.0000000014403785,1.000000009248679
SH601360,2021-10-28,2021,True,4.45827701422985e-08,1.0000000055735556,1.0000000266334115
SH601360,2021-10-29,2021,True,4.7191851315631084e-08,0.9999999320461647,1.0000000039009984
SH601360,2021-11-01,2021,True,-6.816185960101251e-08,1.0000000226959045,0.999999985385067
SH601360,2021-11-02,2021,True,8.77072103833143e-09,0.9999999956113289,1.0000000259882313
SH601360,2021-11-03,2021,True,-3.932960923602735e-08,1.0000000134531941,0.9999999652597618
SH601360,2021-11-04,2021,True,5.637554600923522e-08,0.9999999513414328,0.999999989111478
SH601360,2021-11-05,2021,True,-3.4227152334587174e-08,1.0000000355137928,0.9999999874455184
SH601360,2021-11-08,2021,True,2.810820620702259e-08,0.9999999576709327,1.0000000029461555
SH601360,2021-11-09,2021,True,-1.3017787514613133e-08,0.9999999293165548,0.9999999905548772
SH601360,2021-11-10,2021,True,-6.64925002835659e-08,1.0000000537702884,0.9999999668277526
SH601360,2021-11-11,2021,True,-7.628867582099019e-08,1.000000000663487,1.0000000323245306
SH601360,2021-11-12,2021,True,8.77072103833143e-09,1.0000000218736331,1.000000027492709
SH601360,2021-11-15,2021,True,7.013786817999801e-08,1.000000002163899,1.0000000025519993
SH601360,2021-11-16,2021,True,-7.422720105232372e-09,0.9999999563947286,1.0000000308125068
SH601360,2021-11-17,2021,True,-1.4533290348950345e-08,1.0000000328887313,1.0000000153924515
SH601360,2021-11-18,2021,True,6.946938690965965e-08,0.9999999774897157,1.0000000113485281
SH601360,2021-11-19,2021,True,-1.8009309710187438e-08,0.9999999784155089,1.0000000015499773
SH601360,2021-11-22,2021,True,0.0,0.999999970256103,1.000000024311293
SH601360,2021-11-23,2021,True,-5.0741799428877243e-08,1.0000000209142554,0.9999999684768677
SH601360,2021-11-24,2021,True,-5.0741799428877243e-08,1.0000000008351935,1.0000000334654928
SH601360,2021-11-25,2021,True,4.7191851315631084e-08,1.0000000012033141,1.0000000019886177
SH601360,2021-11-26,2021,True,-3.609155985184742e-08,1.0000000085862215,1.0000000336522632
SH601360,2021-11-29,2021,True,-1.303592145340815e-08,1.0000000029965361,1.0000000346493327
SH601360,2021-11-30,2021,True,-5.0741799428877243e-08,0.9999999672715013,1.000000005453856
SH601360,2021-12-01,2021,True,-1.2709825081280712e-08,0.9999999998979521,1.0000000219565077
SH601360,2021-12-02,2021,True,6.609299996185314e-08,0.9999999612653243,1.0000000028548195
SH601360,2021-12-03,2021,True,-3.4227152334587174e-08,0.9999999917946863,1.0000000446146093
SH601360,2021-12-06,2021,True,-8.594788214466575e-10,1.0000000337291213,1.0000000289941642
SH601360,2021-12-07,2021,True,-8.594788214466575e-10,1.0000000101314366,1.000000014866978
SH601360,2021-12-08,2021,True,-1.4533290348950345e-08,1.0000000026032114,0.9999999766842554
SH601360,2021-12-09,2021,True,-1.9913672821836315e-08,1.000000003568674,1.0000000166002825
SH601360,2021-12-10,2021,True,-8.594788214466575e-10,0.9999999652984839,1.00000004113716
SH601360,2021-12-13,2021,True,-1.3017787514613133e-08,0.9999999379696343,1.0000000051383997
SH601360,2021-12-14,2021,True,-9.307009274373002e-09,0.99999999887184,0.9999999776535391
SH601360,2021-12-15,2021,True,-5.098117805690805e-08,1.0000000362403103,1.0000000251602041
SH601360,2021-12-16,2021,True,-9.307009274373002e-09,0.999999993616014,0.9999999834988628
SH601360,2021-12-17,2021,True,4.7191851315631084e-08,0.9999999113539932,0.999999996723896
SH601360,2021-12-20,2021,True,2.237765639456768e-08,1.0000000576314283,1.000000026615722
SH601360,2021-12-21,2021,True,-1.6114515055676293e-08,1.0000000356247527,0.9999999813400317
SH601360,2021-12-22,2021,True,1.1660187704265468e-08,1.0000000125586566,1.0000000018975637
SH601360,2021-12-23,2021,True,-2.523486497540972e-08,1.000000018014034,0.999999962699773
SH601360,2021-12-24,2021,True,-6.64925002835659e-08,1.0000000032798229,0.9999999697757573
SH601360,2021-12-27,2021,True,3.155320826842001e-08,1.0000000685830792,1.000000016596051
SH601360,2021-12-28,2021,True,1.2945752247972564e-08,0.9999999615205384,1.0000000178440944
SH601360,2021-12-29,2021,True,-1.8518596545114008e-08,1.0000000587355014,1.0000000512370177
SH601360,2021-12-30,2021,True,2.2601465810012655e-08,1.000000015598087,1.0000000279700285
SH601360,2021-12-31,2021,True,-1.2182348907430196e-08,0.9999999705097068,0.999999973400641
SH601360,2022-01-04,2022,True,5.7943306819296936e-08,1.0000000146786834,1.0000000094186428
SH601360,2022-01-05,2022,True,5.129797719938267e-08,0.999999958434383,0.9999999899349411
SH601360,2022-01-06,2022,True,2.8041307942316962e-08,0.9999999569479878,0.999999978001315
SH601360,2022-01-07,2022,True,-4.575471734824532e-08,1.0000000313019821,0.9999999789823687
SH601360,2022-01-10,2022,True,4.242419238131845e-08,0.9999999955746286,0.9999999818758719
SH601360,2022-01-11,2022,True,6.488263482040679e-09,0.9999999936119391,1.0000000236977027
SH601360,2022-01-12,2022,True,3.42731401037355e-08,0.9999999881031969,0.9999999666412076
SH601360,2022-01-13,2022,True,8.77072103833143e-09,0.9999999660774476,1.0000000187566094
SH601360,2022-01-14,2022,True,8.010897944998874e-09,1.000000005949894,1.0000000180933373
SH601360,2022-01-17,2022,True,4.737819603306548e-08,0.9999999654286509,0.9999999935658308
SH601360,2022-01-18,2022,True,-2.2512692821052838e-09,1.0000000482964204,1.0000000391557857
SH601360,2022-01-19,2022,True,-8.18499046317811e-09,1.0000000113873724,1.0000000146919485
SH601360,2022-01-20,2022,True,3.300963635766152e-08,0.9999999844850465,0.9999999960734626
SH601360,2022-01-21,2022,True,8.010897944998874e-09,1.0000000190259952,0.9999999996564111
SH601360,2022-01-24,2022,True,2.7796303481153473e-08,0.9999999871191492,1.000000029359424
SH601360,2022-01-25,2022,True,-3.210640753259497e-08,1.0000000483005793,0.9999999781978498
SH601360,2022-01-26,2022,True,-6.137452601695514e-08,0.9999999889487802,0.9999999856645381
SH601360,2022-01-27,2022,True,6.179764699965062e-09,1.0000000041797479,1.0000000321006972
SH601360,2022-01-28,2022,True,-7.422720105232372e-09,1.0000000179989137,0.9999999915938182
SH601360,2022-02-07,2022,True,2.1357173807246e-09,1.000000004506403,1.0000000414837946
SH601360,2022-02-08,2022,True,3.754327537741631e-08,0.9999999962565748,1.0000000324330471
SH601360,2022-02-09,2022,True,-3.220115740720786e-08,1.000000032269156,1.0000000065475023
SH601360,2022-02-10,2022,True,-5.991538332139612e-08,1.0000000362620307,1.0000000432185103
SH601360,2022-02-11,2022,True,3.754327537741631e-08,0.9999999836063236,1.0000000279943546
SH601360,2022-02-14,2022,True,-3.103372692159212e-08,0.9999999707138243,1.0000000280142556
SH601360,2022-02-15,2022,True,-1.3237255180875707e-08,0.9999999858047313,0.9999999838445491
SH601360,2022-02-16,2022,True,5.029084104712922e-08,0.9999999854439148,0.9999999911983641
SH601360,2022-02-17,2022,True,1.4688011917840527e-08,1.000000029291519,1.0000000429458016
SH601360,2022-02-18,2022,True,-8.969261333646728e-09,1.000000021114707,1.0000000250331493
SH601360,2022-02-21,2022,True,1.524747661463266e-08,0.9999999753730251,0.9999999666663575
SH601360,2022-02-22,2022,True,-6.044820233253034e-08,1.0000000397169577,0.9999999678282017
SH601360,2022-02-23,2022,True,-5.991538332139612e-08,0.999999984544931,0.9999999483183937
SH601360,2022-02-24,2022,True,-7.422720105232372e-09,0.9999999780983287,1.0000000070110324
SH601360,2022-02-25,2022,True,4.067133985152793e-08,0.9999999683498844,1.00000001999909
SH601360,2022-02-28,2022,True,-3.503710921393122e-08,1.0000000400097036,1.0000000162062952
SH601360,2022-03-01,2022,True,-4.001746045645405e-09,1.000000003707841,0.9999999915689634
SH601360,2022-03-02,2022,True,-1.3764787309966664e-08,0.9999999915661839,0.9999999772855979
SH601360,2022-03-03,2022,True,-1.5223322713531218e-08,1.0000000019685011,1.0000000091548038
SH601360,2022-03-04,2022,True,3.754327537741631e-08,1.0000000247544436,0.999999967402997
SH601360,2022-03-07,2022,True,1.5403143205361403e-08,0.9999999669000093,0.9999999890236143
SH601360,2022-03-08,2022,True,-2.3121390912983486e-08,0.9999999890034366,0.999999999507918
SH601360,2022-03-09,2022,True,7.89588838756572e-09,1.0000000144145331,0.9999999978060298
SH601360,2022-03-10,2022,True,7.89588838756572e-09,0.9999999811792635,0.9999999955965638
SH601360,2022-03-11,2022,True,6.413824849005323e-08,1.000000002278747,1.0000000062925287
SH601360,2022-03-14,2022,True,-4.7467755281971336e-09,1.000000019318153,0.9999999474188384
SH601360,2022-03-15,2022,True,-3.2836733221408565e-08,1.0000000255824875,1.0000000186664453
SH601360,2022-03-16,2022,True,-5.2773818870477385e-08,0.9999999955975046,0.9999999591892196
SH601360,2022-03-17,2022,True,6.545731756624207e-08,0.9999999739721976,1.0000000031332579
SH601360,2022-03-18,2022,True,-3.07552456835225e-08,1.000000044789733,0.9999999711776456
SH601360,2022-03-21,2022,True,-4.172325263063215e-09,0.9999999966741746,0.9999999646406771
SH601360,2022-03-22,2022,True,4.117759377919583e-08,0.9999999985725612,0.9999999833983364
SH601360,2022-03-23,2022,True,-1.4996388686405737e-08,1.0000000016280342,0.9999999711164858
SH601360,2022-03-24,2022,True,-5.666567215456553e-10,1.0000000164933827,1.000000011418934
SH601360,2022-03-25,2022,True,4.8877435654404167e-08,1.0000000186770825,1.0000000062434344
SH601360,2022-03-28,2022,True,-3.425546779567412e-08,1.0000000219772287,1.000000050318353
SH601360,2022-03-29,2022,True,-1.2402636806463363e-08,0.9999999800140329,1.0000000041288568
SH601360,2022-03-30,2022,True,-5.633151722861385e-10,1.0000000155238227,1.000000008577678
SH601360,2022-03-31,2022,True,8.572325516098545e-09,0.9999999853650506,0.9999999776410207
SH601360,2022-04-01,2022,True,3.228462630566753e-08,0.9999999187336391,0.9999999743701313
SH601360,2022-04-06,2022,True,-3.425546779567412e-08,1.0000000061845307,1.0000000274422443
SH601360,2022-04-07,2022,True,-1.6642658695609214e-08,1.0000000198200907,0.9999999838537352
SH601360,2022-04-08,2022,True,3.805542059254208e-08,0.9999999902427079,0.9999999974150469
SH601360,2022-04-11,2022,True,4.551424348520072e-09,1.0000000527925215,0.9999999591580251
SH601360,2022-04-12,2022,True,3.9203792212560984e-08,0.9999999666091914,1.0000000064005432
SH601360,2022-04-13,2022,True,-3.339632592691544e-08,1.0000000625915222,1.0000000405503477
SH601360,2022-04-14,2022,True,2.990920999756952e-08,1.0000000224571066,0.9999999748811195
SH601360,2022-04-15,2022,True,-1.5856631119248732e-08,0.9999999915790576,1.0000000013046635
SH601360,2022-04-18,2022,True,-4.673925224629727e-08,0.9999999925813957,0.9999999983838033
SH601360,2022-04-19,2022,True,9.914346454920064e-09,1.0000000448914075,1.0000000273857905
SH601360,2022-04-20,2022,True,-2.4627480832428716e-08,1.0000000265058762,1.0000000313989663
SH601360,2022-04-21,2022,True,1.729182574905508e-08,1.0000000103132787,1.000000047538886
SH601360,2022-04-22,2022,True,6.440680211383665e-09,0.9999999683986259,0.9999999915401794
SH601360,2022-04-25,2022,True,0.0,0.999999978890603,1.000000027791456
SH601360,2022-04-26,2022,True,-8.297087461528463e-10,0.9999999804113836,1.0000000139962333
SH601360,2022-04-27,2022,True,-4.681872334266757e-09,1.0000000433319618,1.0000000173696002
SH601360,2022-04-28,2022,True,-3.7326241875135224e-08,0.9999999856530472,0.9999999888150592
SH601360,2022-04-29,2022,True,1.5272793474352397e-08,0.9999999723371318,1.0000000120686587
SH601360,2022-05-05,2022,True,1.5272793474352397e-08,0.9999999688150434,1.000000011847145
SH601360,2022-05-06,2022,True,1.8766654896751334e-09,1.0000000206274422,0.9999999529807679
SH601360,2022-05-09,2022,True,1.5272793474352397e-08,1.0000000382056125,0.9999999774290428
SH601360,2022-05-10,2022,True,-4.3591792286967745e-08,1.0000000134565294,1.0000000047173045
SH601360,2022-05-11,2022,True,3.941732806822529e-08,0.9999999779713771,0.9999999782438407
SH601360,2022-05-12,2022,True,-5.484910636788243e-09,1.000000013329772,0.9999999689146908
SH601360,2022-05-13,2022,True,-5.3934173793734885e-09,0.9999999689223953,1.0000000223297683
SH601360,2022-05-16,2022,True,3.7806944019891375e-08,0.9999999976383308,0.9999999681698376
SH601360,2022-05-17,2022,True,-1.546437478072704e-08,0.9999999803257995,0.9999999796784809
SH601360,2022-05-18,2022,True,-5.659055224427334e-08,1.0000000165878824,0.9999999915942627
SH601360,2022-05-19,2022,True,5.90494320107382e-09,1.0000000630769434,1.0000000162422076
SH601360,2022-05-20,2022,True,6.904529392670611e-08,1.0000000162922444,1.0000000038157653
SH601360,2022-05-23,2022,True,7.32120319923979e-09,1.000000005077727,1.0000000033204177
SH601360,2022-05-24,2022,True,-3.1116123899721515e-08,1.00000001170153,1.0000000163838152
SH601360,2022-05-25,2022,True,-6.828452381313355e-08,1.0000000386418508,0.9999999879057
SH601360,2022-05-26,2022,True,5.90494320107382e-09,1.0000000002277654,1.0000000132308644
SH601360,2022-05-27,2022,True,-2.056936099226192e-08,1.0000000214069822,0.9999999836924249
SH601360,2022-05-30,2022,True,-6.828452381313355e-08,1.000000037465468,0.9999999684199418
SH601360,2022-05-31,2022,True,1.1697411483879705e-08,1.000000020977675,1.0000000335496073
SH601360,2022-06-01,2022,True,1.1697411483879705e-08,1.0000000022379638,1.0000000122519337
SH601360,2022-06-02,2022,True,-5.690260151958171e-09,1.0000000345726046,0.9999999881378233
SH601360,2022-06-06,2022,True,1.8767574827549538e-08,1.0000000449107103,1.0000000125107025
SH601360,2022-06-07,2022,True,-5.008680936668952e-08,1.00000006005043,1.0000000069729995
SH601360,2022-06-08,2022,True,-3.055650255046061e-08,0.9999999943542139,1.0000000261743458
SH601360,2022-06-09,2022,True,-3.89497439856612e-08,0.9999999820204278,0.9999999746570083
SH601360,2022-06-10,2022,True,7.304017790588091e-08,0.9999999504558571,1.0000000006474135
SH601360,2022-06-13,2022,True,-2.7940736724296755e-08,0.9999999705888872,0.9999999849233638
SH601360,2022-06-14,2022,True,6.904529392670611e-08,0.9999999831152917,1.000000004386321
SH601360,2022-06-15,2022,True,-2.0601613970328003e-08,1.0000000257494313,0.9999999754560558
SH601360,2022-06-16,2022,True,2.463951420672572e-08,0.999999948094887,0.9999999755570319
SH601360,2022-06-17,2022,True,1.1336758420910087e-08,0.9999999809064942,0.9999999805723118
SH601360,2022-06-20,2022,True,3.825277894442536e-08,1.000000008079172,1.0000000469770067
SH601360,2022-06-21,2022,True,2.2439932800821794e-08,0.9999999292344386,0.9999999614272714
SH601360,2022-06-22,2022,True,2.641351071197562e-08,0.9999999424456893,1.0000000137573837
SH601360,2022-06-23,2022,True,-3.37301598873907e-08,1.0000000347305655,0.9999999891048977
SH601360,2022-06-24,2022,True,0.0,0.999999976665221,1.0000000335543169
SH601360,2022-06-27,2022,True,-7.0033713273076614e-09,1.0000000103752564,1.0000000339608879
SH601360,2022-06-28,2022,True,-2.25621717975244e-08,0.9999999572594805,1.0000000467137413
SH601360,2022-06-29,2022,True,-2.6761853400003588e-08,1.0000000064286858,1.000000018204402
SH601360,2022-06-30,2022,True,0.0,0.9999999836665137,0.9999999563366267
SH601360,2022-07-01,2022,True,3.779890844768374e-09,1.0000000267386124,1.0000000351524698
SH601360,2022-07-04,2022,True,1.458624643291273e-08,1.0000000066373023,1.0000000168192746
SH601360,2022-07-05,2022,True,2.008423516386415e-08,1.0000000150471435,0.9999999466958388
SH601360,2022-07-06,2022,True,6.998787660528194e-08,0.9999999665830174,0.9999999870050705
SH601360,2022-07-07,2022,True,6.998787660528194e-08,0.9999999811214049,1.0000000085046223
SH601360,2022-07-08,2022,True,8.923654259973546e-09,0.9999999780696722,0.9999999954210302
SH601360,2022-07-11,2022,True,-8.012905783338908e-09,0.999999985277495,0.9999999617551745
SH601360,2022-07-12,2022,True,3.70406052496719e-08,0.9999999980658291,1.0000000249956138
SH601360,2022-07-13,2022,True,3.70406052496719e-08,1.0000000293717008,0.9999999751720492
SH601360,2022-07-14,2022,True,1.1045947267973588e-08,1.0000000014238757,0.9999999893786794
SH601360,2022-07-15,2022,True,-2.1436186603551732e-08,1.0000000255165207,0.9999999653089655
SH601360,2022-07-18,2022,True,-2.388669850805769e-08,1.0000000407159462,1.000000011796392
SH601360,2022-07-19,2022,True,1.0634010783050485e-08,0.9999999293974151,1.0000000493767713
SH601360,2022-07-20,2022,True,6.213201575455685e-08,0.9999999923626087,1.000000003808869
SH601360,2022-07-21,2022,True,2.910418417378935e-08,0.99999996721386,1.0000000321275735
SH601360,2022-07-22,2022,True,6.213201575455685e-08,0.9999999831712086,1.0000000113479504
SH601360,2022-07-25,2022,True,2.736607118691836e-08,1.0000000114785839,1.0000000303089274
SH601360,2022-07-26,2022,True,2.1547863493509567e-09,0.999999976213087,0.9999999510517249
SH601360,2022-07-27,2022,True,3.067869935868828e-08,1.0000000482054308,0.9999999887810824
SH601360,2022-07-28,2022,True,6.013200737342572e-08,0.9999999967152848,0.9999999949746815
SH601360,2022-07-29,2022,True,5.113572054682436e-08,0.9999999882623659,0.9999999883896661
SH601360,2022-08-01,2022,True,-2.8438660315543984e-08,1.0000000056162137,1.0000000258427155
SH601360,2022-08-02,2022,True,-1.75299607052537e-08,0.9999999851456163,1.0000000092230676
SH601360,2022-08-03,2022,True,5.824702964396522e-08,1.0000000024573594,1.000000023747088
SH601360,2022-08-04,2022,True,-5.172067485403886e-08,1.000000068090319,1.0000000268035687
SH601360,2022-08-05,2022,True,6.31885876956062e-10,0.9999999994089593,1.000000009195805
SH601360,2022-08-08,2022,True,-5.013595627545442e-08,0.9999999895025384,1.000000030115
SH601360,2022-08-09,2022,True,5.8266075964041875e-08,0.9999999756815604,0.9999999622579336
SH601360,2022-08-10,2022,True,1.0827355900744351e-08,1.000000012735821,1.0000000047255515
SH601360,2022-08-11,2022,True,-4.088982707983746e-09,1.000000016239606,1.0000000339471788
SH601360,2022-08-12,2022,True,-5.013595627545442e-08,1.0000000123961188,0.9999999738135508
SH601360,2022-08-15,2022,True,2.1369554792372014e-08,1.0000000236232882,1.0000000303135463
SH601360,2022-08-16,2022,True,-1.6785523304641004e-08,0.9999999832871228,1.0000000226439647
SH601360,2022-08-17,2022,True,3.118313252059579e-08,0.9999999937036023,1.000000001558335
SH601360,2022-08-18,2022,True,2.910418417378935e-08,0.9999999617419826,1.000000020365753
SH601360,2022-08-19,2022,True,-1.3735712456330873e-08,0.9999999880914101,0.9999999520681128
SH601360,2022-08-22,2022,True,-3.217926014542627e-08,1.000000031932913,1.000000023311255
SH601360,2022-08-23,2022,True,2.7829136328705317e-08,0.9999999978742999,0.9999999984568919
SH601360,2022-08-24,2022,True,-3.876586607276522e-08,1.0000000463015255,0.9999999610916591
SH601360,2022-08-25,2022,True,3.5006280096894216e-09,1.000000054188177,1.000000022412184
SH601360,2022-08-26,2022,True,5.243936396226445e-08,1.000000019400841,0.9999999973147681
SH601360,2022-08-29,2022,True,-4.3950085237831615e-08,0.9999999898895825,1.0000000321547442
SH601360,2022-08-30,2022,True,-4.314733770272028e-08,1.0000000045718698,1.0000000367933692
SH601360,2022-08-31,2022,True,-4.314733770272028e-08,0.999999983338031,0.9999999832191581
SH601360,2022-09-01,2022,True,-3.207177501352021e-08,1.0000000286347723,1.0000000072325324
SH601360,2022-09-02,2022,True,3.067869935868828e-08,1.0000000052719173,0.9999999964910582
SH601360,2022-09-05,2022,True,-3.217926014542627e-08,1.0000000395918265,0.999999995490077
SH601360,2022-09-06,2022,True,-1.8007658697527518e-09,1.0000000338424482,0.9999999863621124
SH601360,2022-09-07,2022,True,6.013200737342572e-08,0.9999999989592835,1.0000000176149944
SH601360,2022-09-08,2022,True,5.113572054682436e-08,1.000000013296101,0.9999999955336623
SH601360,2022-09-09,2022,True,1.0634010783050485e-08,0.9999999483099193,1.0000000036509147
SH601360,2022-09-13,2022,True,-9.097986586326101e-09,1.0000000216737375,0.9999999840959809
SH601360,2022-09-14,2022,True,1.0634010783050485e-08,0.9999999260177577,1.0000000305093915
SH601360,2022-09-15,2022,True,-1.8007658697527518e-09,0.999999991163896,1.0000000124206754
SH601360,2022-09-16,2022,True,1.7811796482192221e-09,0.9999999988386412,1.0000000289216093
SH601360,2022-09-19,2022,True,-2.841256541152859e-08,0.9999999613926819,0.9999999773223348
SH601360,2022-09-20,2022,True,-2.841256541152859e-08,0.9999999632855104,1.0000000118553216
SH601360,2022-09-21,2022,True,2.8568678533957836e-08,0.9999999577419585,1.0000000039971915
SH601360,2022-09-22,2022,True,-2.371751006702283e-08,1.0000000293278501,1.0000000236970867
SH601360,2022-09-23,2022,True,3.147548688353652e-08,0.9999999706918782,1.0000000220317506
SH601360,2022-09-26,2022,True,-7.542695634743524e-08,0.999999999827512,0.9999999792655659
SH601360,2022-09-27,2022,True,-5.655151680272752e-09,0.9999999366967932,0.9999999710384393
SH601360,2022-09-28,2022,True,1.1663058074873334e-08,0.9999999833046357,1.0000000084682117
SH601360,2022-09-29,2022,True,1.948119110473101e-08,1.0000000119280956,1.0000000154111528
SH601360,2022-09-30,2022,True,-3.680084514900983e-08,0.9999999696437745,1.0000000296735116
SH601360,2022-10-10,2022,True,1.8112121580315943e-08,0.9999999568605517,1.0000000306178747
SH601360,2022-10-11,2022,True,5.2754434154422825e-08,1.0000000173988195,1.0000000025436242
SH601360,2022-10-12,2022,True,8.472627044397996e-10,0.9999999466837145,1.000000024334638
SH601360,2022-10-13,2022,True,-2.2612728578508268e-08,1.0000000292351474,0.9999999941499939
SH601360,2022-10-14,2022,True,5.2133219075045645e-08,0.9999999764444324,1.0000000297211495
SH601360,2022-10-17,2022,True,4.219191418464163e-08,1.0000000068037844,0.9999999939031365
SH601360,2022-10-18,2022,True,-2.2430256430006068e-08,0.9999999959917832,1.0000000308983898
SH601360,2022-10-19,2022,True,-1.7657402873183514e-08,1.0000000273903398,0.9999999469571903
SH601360,2022-10-20,2022,True,-3.286767480403796e-08,0.9999999784497376,0.9999999804618449
SH601360,2022-10-21,2022,True,-3.286767480403796e-08,0.9999999925459908,1.000000034145996
SH601360,2022-10-24,2022,True,5.882889375641298e-08,0.9999999379335098,1.0000000131778866
SH601360,2022-10-25,2022,True,1.058817455934502e-08,0.999999994884414,1.0000000216519902
SH601360,2022-10-26,2022,True,-1.75299607052537e-08,1.0000000322767257,0.9999999937964953
SH601360,2022-10-27,2022,True,5.2404405703754264e-08,0.9999999423479187,0.9999999632305444
SH601360,2022-10-28,2022,True,-5.655151680272752e-09,0.9999999526469707,0.9999999749941343
SH601360,2022-10-31,2022,True,3.9645698723944633e-08,0.9999999932393263,1.00000000617368
SH601360,2022-11-01,2022,True,5.824702964396522e-08,0.9999999695897517,1.0000000332020909
SH601360,2022-11-02,2022,True,-2.841256541152859e-08,0.9999999825333921,0.9999999803398238
SH601360,2022-11-03,2022,True,3.147548688353652e-08,0.9999999869494322,1.0000000209252562
SH601360,2022-11-04,2022,True,-2.371751006702283e-08,1.0000000107248777,1.000000006036699
SH601360,2022-11-07,2022,True,2.8568678533957836e-08,0.99999999136634,0.9999999606861473
SH601360,2022-11-08,2022,True,-1.503840119099209e-08,0.9999999695857166,1.0000000353301093
SH601360,2022-11-09,2022,True,2.8568678533957836e-08,0.9999999902969084,0.9999999983955002
SH601360,2022-11-10,2022,True,4.155870558797403e-08,1.0000000028982414,1.0000000050919968
SH601360,2022-11-11,2022,True,-2.371751006702283e-08,1.0000000422815898,0.9999999963766942
SH601360,2022-11-14,2022,True,-1.503840119099209e-08,1.0000000035940233,0.9999999705178743
SH601360,2022-11-15,2022,True,4.0584456462156027e-08,0.9999999407363,1.0000000100848003
SH601360,2022-11-16,2022,True,-4.3950085237831615e-08,0.9999999659171714,0.9999999944420197
SH601360,2022-11-17,2022,True,2.1547863493509567e-09,0.9999999675110444,1.000000019608169
SH601360,2022-11-18,2022,True,-3.207177501352021e-08,1.000000026707235,0.9999999992652294
SH601360,2022-11-21,2022,True,-2.371751006702283e-08,1.0000000084736378,1.000000000793092
SH601360,2022-11-22,2022,True,-4.479790105538228e-08,1.0000000313309374,1.0000000116218484
SH601360,2022-11-23,2022,True,-2.8702057730534136e-08,1.0000000240741012,1.0000000200903694
SH601360,2022-11-24,2022,True,1.9115484972687113e-08,1.0000000449980082,0.9999999694612687
SH601360,2022-11-25,2022,True,-5.532402325147956e-08,1.0000000240321134,1.0000000126198603
SH601360,2022-11-28,2022,True,3.797420666806772e-08,1.0000000158210423,1.0000000061380696
SH601360,2022-11-29,2022,True,-5.532402325147956e-08,0.9999999951238192,0.9999999956422888
SH601360,2022-11-30,2022,True,-2.8702057730534136e-08,1.0000000169609307,0.9999999802263142
SH601360,2022-12-01,2022,True,4.219191418464163e-08,0.9999999647104795,0.9999999721819781
SH601360,2022-12-02,2022,True,-3.1278207801577196e-09,0.9999999406866059,1.0000000137899778
SH601360,2022-12-05,2022,True,5.2404405703754264e-08,0.9999999755233842,1.0000000384278647
SH601360,2022-12-06,2022,True,-3.569782203172167e-08,1.0000000503276303,0.999999973553164
SH601360,2022-12-07,2022,True,-4.511398365991681e-09,0.9999999852027652,0.9999999649970831
SH601360,2022-12-08,2022,True,-4.479790105538228e-08,1.0000000666687605,1.0000000058439513
SH601360,2022-12-09,2022,True,-5.6806629511463314e-08,1.0000000462585525,1.0000000114218621
SH601360,2022-12-12,2022,True,-2.2430256430006068e-08,1.0000000127734676,1.0000000377902383
SH601360,2022-12-13,2022,True,-5.532402325147956e-08,1.0000000553497668,0.9999999872601831
SH601360,2022-12-14,2022,True,-5.532402325147956e-08,1.0000000109876754,0.9999999644697577
SH601360,2022-12-15,2022,True,2.0891195440242427e-09,0.9999999963494528,0.9999999522816174
SH601360,2022-12-16,2022,True,-1.8756049602330904e-08,1.0000000625410044,1.0000000295815115
SH601360,2022-12-19,2022,True,8.472627044397996e-10,0.9999999315592225,0.9999999857477176
SH601360,2022-12-20,2022,True,1.948119110473101e-08,1.000000033376235,0.9999999816835643
SH601360,2022-12-21,2022,True,2.6576237210917952e-08,0.9999999989654846,0.9999999752721381
SH601360,2022-12-22,2022,True,-2.587689174049501e-09,1.0000000695294025,0.999999992495058
SH601360,2022-12-23,2022,True,-1.9394672534644997e-08,0.9999999886152394,0.9999999583163905
SH601360,2022-12-26,2022,True,2.7965624482817475e-08,1.0000000085673653,1.0000000292452658
SH601360,2022-12-27,2022,True,2.6826527665946287e-09,0.9999999947419698,1.000000027721691
SH601360,2022-12-28,2022,True,-1.592839049546768e-08,0.9999999576368519,0.9999999609699125
SH601360,2022-12-29,2022,True,2.6576237210917952e-08,0.9999999906080612,1.0000000191307397
SH601360,2022-12-30,2022,True,2.6826527665946287e-09,0.9999999940873474,1.0000000267340567
SH601360,2023-01-03,2023,True,2.3665283066520715e-09,1.0000000080084417,0.9999999586701004
SH601360,2023-01-04,2023,True,-1.8756049602330904e-08,0.9999999925598544,1.0000000131958544
SH601360,2023-01-05,2023,True,1.058817455934502e-08,0.9999999612348393,0.9999999842079529
SH601360,2023-01-06,2023,True,4.2422162005451014e-08,1.000000003821693,0.9999999825343445
SH601360,2023-01-09,2023,True,7.680118985220474e-08,0.999999965223089,1.0000000143856513
SH601360,2023-01-10,2023,True,-1.8756049602330904e-08,1.0000000275304692,1.000000003247568
SH601360,2023-01-11,2023,True,-7.542695634743524e-08,1.0000000598556953,0.9999999695857287
SH601360,2023-01-12,2023,True,-2.2612728578508268e-08,0.9999999809464192,0.9999999861286474
SH601360,2023-01-13,2023,True,3.797420666806772e-08,0.999999986496328,0.9999999857303151
SH601360,2023-01-16,2023,True,-8.0892544329636e-08,1.0000000272650307,0.9999999857329371
SH601360,2023-01-17,2023,True,-1.8756049602330904e-08,1.0000000134711886,1.000000029097168
SH601360,2023-01-18,2023,True,-5.6806629511463314e-08,1.0000000040859534,0.9999999458024548
SH601360,2023-01-19,2023,True,-6.523369544542135e-08,1.0000000372590587,0.9999999446583943
SH601360,2023-01-20,2023,True,-6.523369544542135e-08,1.0000000437470782,1.000000014117077
SH601360,2023-01-30,2023,True,-1.5703374156572636e-09,1.0000000405245182,0.9999999888414354
SH601360,2023-01-31,2023,True,2.2776601271701225e-08,0.9999999812299071,1.00000000873575
SH601360,2023-02-01,2023,True,3.714343987937241e-08,0.999999965639934,1.0000000089743477
SH601360,2023-02-02,2023,True,-3.1278207801577196e-09,0.9999999923509326,1.0000000198433674
SH601360,2023-02-03,2023,True,4.0584456462156027e-08,0.9999999572578452,1.0000000340346313
SH601360,2023-02-06,2023,True,3.5006280096894216e-09,1.0000000539891636,1.0000000044874056
SH601360,2023-02-07,2023,True,5.727257379462003e-08,0.9999999676558142,0.9999999699809882
SH601360,2023-02-08,2023,True,-1.9893995673037068e-08,1.0000000156048316,0.9999999520800991
SH601360,2023-02-09,2023,True,1.2331608845173037e-08,1.000000024043178,0.9999999562152865
SH601360,2023-02-10,2023,True,4.0855825167440685e-08,0.9999999633001216,1.000000010341849
SH601360,2023-02-13,2023,True,-8.80538819636456e-09,1.0000000037506738,1.0000000400153979
SH601360,2023-02-14,2023,True,4.307511769496841e-08,1.0000000058694252,1.0000000023076785
SH601360,2023-02-15,2023,True,0.0,0.9999999902674923,0.9999999908911286
SH601360,2023-02-16,2023,True,-2.883890137805878e-08,1.0000000118892611,1.000000026968541
SH601360,2023-02-17,2023,True,2.1665244709367926e-08,1.0000000450952244,0.9999999986614548
SH601360,2023-02-20,2023,True,5.5119074193754614e-08,0.9999999258435283,1.0000000418671215
SH601360,2023-02-21,2023,True,6.121006213000157e-08,0.9999999988667531,0.9999999664507853
SH601360,2023-02-22,2023,True,-1.9503832993095216e-08,1.0000000096074075,1.0000000456124956
SH601360,2023-02-23,2023,True,-5.893499888109943e-08,1.0000000601201704,0.9999999844900991
SH601360,2023-02-24,2023,True,-2.7214586140189567e-10,0.999999993388422,0.9999999864057835
SH601360,2023-02-27,2023,True,5.246368539602031e-08,1.0000000115647936,0.9999999623820313
SH601360,2023-02-28,2023,True,5.852928675054159e-08,1.000000040896618,0.9999999948113976
SH601360,2023-03-01,2023,True,-2.8057673961967566e-08,1.0000000340350965,1.0000000022209083
SH601360,2023-03-02,2023,True,-6.293286347602844e-08,1.0000000210756277,1.0000000275685108
SH601360,2023-03-03,2023,True,-2.981252600342543e-08,1.0000000113270995,1.000000007276715
SH601360,2023-03-06,2023,True,3.5939583309385625e-08,0.9999999733269583,1.0000000064159469
SH601360,2023-03-07,2023,True,6.057312229579281e-08,0.9999999954391465,1.0000000306620433
SH601360,2023-03-08,2023,True,-5.479469122882108e-08,1.0000000403739029,0.9999999751759189
SH601360,2023-03-09,2023,True,-3.220429367623012e-08,1.0000000391315345,0.9999999986756319
SH601360,2023-03-10,2023,True,4.110434259629869e-08,0.999999989183767,0.9999999982050948
SH601360,2023-03-13,2023,True,-1.2165694784904701e-08,0.9999999406125202,0.9999999567608581
SH601360,2023-03-14,2023,True,-6.127215468332281e-08,0.9999999956171657,1.0000000345043025
SH601360,2023-03-15,2023,True,8.035785481474989e-08,0.9999999970629165,0.9999999757422906
SH601360,2023-03-16,2023,True,2.8753413872095734e-08,0.9999999742789583,1.000000034340406
SH601360,2023-03-17,2023,True,-7.27171168835028e-08,1.0000000273793181,0.9999999654542885
SH601360,2023-03-20,2023,True,-1.7657402873183514e-08,1.000000062239396,1.0000000161023352
SH601360,2023-03-21,2023,True,-4.9355790565641655e-08,0.9999999849972849,1.0000000090223233
SH601360,2023-03-22,2023,True,4.783751705872419e-08,0.9999999766086928,0.999999973791082
SH601360,2023-03-23,2023,True,0.0,1.0000000176495243,1.0000000114149383
SH601360,2023-03-24,2023,True,5.987879969637788e-08,0.9999999989369817,1.0000000313338444
SH601360,2023-03-27,2023,True,-3.14845031157418e-08,0.9999999946590507,0.9999999949982471
SH601360,2023-03-28,2023,True,-5.934016777953133e-08,1.0000000115211305,1.000000029659082
SH601360,2023-03-29,2023,True,-2.8489080206028916e-08,1.000000021624566,1.0000000368860746
SH601360,2023-03-30,2023,True,-3.549792437773647e-08,1.000000007793742,0.9999999764639508
SH601360,2023-03-31,2023,True,-2.216111083530592e-08,1.0000000486774903,1.0000000248157686
SH601360,2023-04-03,2023,True,0.0,1.0000000130783695,1.0000000478315332
SH601360,2023-04-04,2023,True,-4.574584089311884e-08,1.000000009858123,1.0000000392413626
SH601360,2023-04-06,2023,True,1.0130150940312888e-08,0.9999999782638408,1.0000000281788142
SH601360,2023-04-07,2023,True,-4.201269243608863e-08,0.9999999864521294,1.0000000420271704
SH601360,2023-04-10,2023,True,1.1336758420910087e-08,0.9999999734309389,1.000000029092665
SH601360,2023-04-11,2023,True,-7.24930271367441e-09,1.0000000253502241,1.0000000244709393
SH601360,2023-04-12,2023,True,-2.9251953859166235e-08,0.9999999487619877,1.0000000295586606
SH601360,2023-04-13,2023,True,-2.834082812874783e-08,1.0000000251260612,1.0000000212199693
SH601360,2023-04-14,2023,True,-3.086969979637644e-08,0.9999999935233088,1.0000000136041396
SH601360,2023-04-17,2023,True,-6.750755232598493e-08,1.0000000694253521,1.0000000120491077
SH601360,2023-04-18,2023,True,-2.263164722293709e-08,0.9999999649341026,0.9999999990534779
SH601360,2023-04-19,2023,True,8.030095477451482e-09,1.0000000323918792,0.9999999990166782
SH601360,2023-04-20,2023,True,3.6507543654806796e-08,0.999999966051634,1.0000000466153331
SH601360,2023-04-21,2023,True,-2.5747135312670366e-08,1.0000000710573613,0.999999978666981
SH601360,2023-04-24,2023,True,-4.039987011594803e-09,0.9999999609064883,1.0000000323839278
SH601360,2023-04-25,2023,True,3.9645698723944633e-08,0.999999966242426,1.0000000215794411
SH601360,2023-04-26,2023,True,-9.510081611097121e-11,1.0000000295128069,0.9999999858377923
SH601360,2023-04-27,2023,True,-4.8563695953518504e-08,1.0000000528632091,0.999999973261463
SH601360,2023-04-28,2023,True,3.2003833583260644e-08,0.9999999563348888,0.9999999934455237
SH601360,2023-05-04,2023,True,6.785937900488648e-08,0.9999999728459955,1.0000000227076133
SH601360,2023-05-05,2023,True,-3.664427028482464e-08,1.0000000361551773,1.0000000254695642
SH601360,2023-05-08,2023,True,-3.186044938985333e-08,1.0000000453091948,0.9999999701959275
SH601360,2023-05-09,2023,True,-2.5747135312670366e-08,1.000000057578547,0.9999999902235615
SH601360,2023-05-10,2023,True,-2.7748716102671267e-08,0.9999999850853845,0.9999999841850234
SH601360,2023-05-11,2023,True,-5.2907457304129935e-08,1.0000000215504297,0.9999999987449212
SH601360,2023-05-12,2023,True,2.7829136328705317e-08,1.0000000060709933,0.9999999703749445
SH601360,2023-05-15,2023,True,-2.781292340880981e-08,1.0000000063906114,1.000000020949179
SH601360,2023-05-16,2023,True,-6.917998507383061e-09,1.0000000021156934,0.99999997374407
SH601360,2023-05-17,2023,True,-2.4044453428295753e-08,1.0000000126217246,0.9999999725975564
SH601360,2023-05-18,2023,True,2.333148763078441e-08,0.9999999943072293,1.0000000245915115
SH601360,2023-05-19,2023,True,2.333148763078441e-08,0.9999999440507474,0.9999999924823388
SH601360,2023-05-22,2023,True,1.7444020672385818e-08,0.9999999713715545,0.9999999826636841
SH601360,2023-05-23,2023,True,-1.5755697302388683e-08,0.999999992421837,0.9999999947286611
SH601360,2023-05-24,2023,True,-1.6261092139480127e-08,0.9999999838580438,1.0000000448673956
SH601360,2023-05-25,2023,True,3.797420666806772e-08,1.0000000008000194,0.9999999980765287
SH601360,2023-05-26,2023,True,-5.336863528881963e-08,1.0000000463667171,1.0000000075428361
SH601360,2023-05-29,2023,True,-1.5755697302388683e-08,0.9999999744453405,1.0000000176794601
SH601360,2023-05-30,2023,True,5.824702964396522e-08,1.0000000043882282,0.9999999700712728
SH601360,2023-05-31,2023,True,2.65794584120016e-08,1.0000000458206662,0.9999999835958063
SH601360,2023-06-01,2023,True,-3.121403147066104e-08,0.9999999902986622,1.0000000253737917
SH601360,2023-06-02,2023,True,5.243936396226445e-08,1.0000000000540252,0.9999999900130797
SH601360,2023-06-05,2023,True,-3.086969979637644e-08,1.0000000028586251,0.9999999911550935
SH601360,2023-06-06,2023,True,1.7811796482192221e-09,0.9999999567587706,1.0000000136187939
SH601360,2023-06-07,2023,True,4.783751705872419e-08,0.9999999616751508,0.9999999886100769
SH601360,2023-06-08,2023,True,-4.511398365991681e-09,0.9999999952682327,1.0000000201216035
SH601360,2023-06-09,2023,True,2.5649073753797325e-08,1.0000000304387835,1.0000000114848617
SH601360,2023-06-12,2023,True,3.5006280096894216e-09,1.0000000626586438,0.999999974733494
SH601360,2023-06-13,2023,True,1.876621746887963e-08,1.000000002973779,0.999999973942274
SH601360,2023-06-14,2023,True,2.1020893248291372e-08,0.9999999475608262,0.9999999676676287
SH601360,2023-06-15,2023,True,-3.017693417373124e-08,1.000000047917405,0.9999999512766341
SH601360,2023-06-16,2023,True,1.5170139588960296e-08,1.0000000379038012,1.0000000051799258
SH601360,2023-06-19,2023,True,-5.2991781407385474e-08,1.0000000160372176,0.9999999417237231
SH601360,2023-06-20,2023,True,-2.834082812874783e-08,1.000000031713559,1.0000000192729512
SH601360,2023-06-21,2023,True,1.4422531169344666e-08,0.9999999815071232,1.0000000286937307
SH601360,2023-06-26,2023,True,2.9681804347703178e-08,0.9999999981491392,0.9999999736131537
SH601360,2023-06-27,2023,True,1.8823420600000418e-09,1.0000000308798647,1.0000000541128116
SH601360,2023-06-28,2023,True,-2.9311065907755562e-08,1.00000001837573,0.9999999851720768
SH601360,2023-06-29,2023,True,-4.993807423137042e-08,0.9999999444761916,1.0000000267035203
SH601360,2023-06-30,2023,True,-5.304037864473088e-08,0.9999999976073786,1.0000000283259975
SH601360,2023-07-03,2023,True,3.1609169726110053e-08,0.9999999432711734,1.000000007116227
SH601360,2023-07-04,2023,True,-4.480149429220148e-08,1.0000000230953316,1.0000000241462719
SH601360,2023-07-05,2023,True,1.616940803472744e-09,1.000000025084544,0.9999999797940075
SH601360,2023-07-06,2023,True,5.9294879006799306e-08,0.9999999592435757,0.9999999942193913
SH601360,2023-07-07,2023,True,2.8753413872095734e-08,0.999999971472263,1.0000000518295165
SH601360,2023-07-10,2023,True,-4.311318058114466e-08,0.9999999946360734,1.0000000377750102
SH601360,2023-07-11,2023,True,2.100376850222574e-08,1.0000000204666848,0.9999999805952495
SH601360,2023-07-12,2023,True,4.814161003174888e-08,0.9999999480449389,1.000000029195626
SH601360,2023-07-13,2023,True,-1.0467374855771538e-08,0.9999999363496318,1.0000000127611184
SH601360,2023-07-14,2023,True,-1.449819964083332e-08,1.0000000763906276,1.0000000137763558
SH601360,2023-07-17,2023,True,-5.036866990160149e-08,0.9999999766736201,1.0000000228517645
SH601360,2023-07-18,2023,True,-3.670336923278228e-09,0.9999999770895729,1.000000038464455
SH601360,2023-07-19,2023,True,5.3170054359341634e-08,1.000000002720597,0.9999999908106527
SH601360,2023-07-20,2023,True,4.814161003174888e-08,0.9999999468723503,0.9999999619451323
SH601360,2023-07-21,2023,True,-1.7605295110634245e-08,0.9999999553519398,1.0000000314689053
SH601360,2023-07-24,2023,True,1.8966413106724644e-08,1.0000000160001365,1.0000000299385234
SH601360,2023-07-25,2023,True,1.730836518554213e-08,0.9999999937710096,1.0000000303310748
SH601360,2023-07-26,2023,True,-1.4198775488694082e-08,1.0000000392609378,1.0000000392917519
SH601360,2023-07-27,2023,True,-5.479469122882108e-08,1.0000000376672655,1.0000000170471905
SH601360,2023-07-28,2023,True,1.8966413106724644e-08,0.9999999879123511,0.9999999806229783
SH601360,2023-07-31,2023,True,6.643247063564672e-08,0.9999999657066725,1.0000000165801481
SH601360,2023-08-01,2023,True,-1.7498411719607532e-08,0.9999999592224974,0.999999976265897
SH601360,2023-08-02,2023,True,1.5398882169392891e-09,0.999999932511414,1.000000037240515
SH601360,2023-08-03,2023,True,2.917630204102295e-08,0.9999999839670247,1.0000000244186764
SH601360,2023-08-04,2023,True,5.263600311167238e-08,1.0000000364643389,0.9999999744080926
SH601360,2023-08-07,2023,True,-4.311318058114466e-08,1.000000046733007,1.000000015421799
SH601360,2023-08-08,2023,True,2.926755793275504e-08,1.0000000331706176,0.9999999991591906
SH601360,2023-08-09,2023,True,1.8753149255701373e-08,1.0000000081249214,1.0000000245766356
SH601360,2023-08-10,2023,True,1.1526895660196601e-08,0.9999999962825626,0.9999999630186692
SH601360,2023-08-11,2023,True,1.2488051481795992e-08,1.0000000050937612,0.9999999617375694
SH601360,2023-08-14,2023,True,1.858940024135336e-08,0.9999999836575779,1.0000000165680534
SH601360,2023-08-15,2023,True,2.778011198856234e-08,1.0000000356982013,0.9999999977511467
SH601360,2023-08-16,2023,True,1.9502514270186566e-08,1.000000010815792,1.0000000487230498
SH601360,2023-08-17,2023,True,2.116722574996288e-09,1.0000000224841665,0.9999999729228741
SH601360,2023-08-18,2023,True,-1.8766124654234773e-08,1.0000000408037768,1.0000000312625636
SH601360,2023-08-21,2023,True,-8.177236665574128e-09,0.9999999728994986,1.0000000074019022
SH601360,2023-08-22,2023,True,0.0,1.0000000140902976,1.0000000211205162
SH601360,2023-08-23,2023,True,-6.971024846258445e-08,1.0000000107245282,1.0000000146910777
SH601360,2023-08-24,2023,True,-6.971024846258445e-08,1.0000000334546373,0.9999999972707323
SH601360,2023-08-25,2023,True,-5.502710176408243e-09,1.0000000293887632,0.9999999799196064
SH601360,2023-08-28,2023,True,-2.683779365408867e-08,0.9999999861746722,0.9999999743481616
SH601360,2023-08-29,2023,True,-7.167864324308937e-08,1.000000014423294,0.9999999989360685
SH601360,2023-08-30,2023,True,-5.864369578834072e-08,1.000000010003016,0.9999999811363612
SH601360,2023-08-31,2023,True,-7.617582364893849e-08,1.0000000439092869,1.0000000170507668
SH601360,2023-09-01,2023,True,6.057312229579281e-08,1.0000000080277185,0.9999999725664892
SH601360,2023-09-04,2023,True,0.0,0.9999999320035395,1.0000000315590962
SH601360,2023-09-05,2023,True,-6.930960694262467e-08,0.9999999881832761,1.0000000004617826
SH601360,2023-09-06,2023,True,3.789157054789882e-08,0.9999999883042701,1.0000000240886786
SH601360,2023-09-07,2023,True,7.637413368399848e-09,0.9999999398384823,0.9999999637991388
SH601360,2023-09-08,2023,True,2.0704900904888746e-08,0.9999999950632534,0.9999999998555393
SH601360,2023-09-11,2023,True,5.852928675054159e-08,0.9999999943483328,0.9999999851222656
SH601360,2023-09-12,2023,True,4.164746103541006e-08,0.9999999739063102,1.0000000386355212
SH601360,2023-09-13,2023,True,3.436732520789576e-08,0.9999999765991852,1.0000000336472339
SH601360,2023-09-14,2023,True,1.4951327953482973e-08,1.0000000095687307,1.0000000355818854
SH601360,2023-09-15,2023,True,-1.0264844862994948e-08,1.0000000449673636,1.0000000336458195
SH601360,2023-09-18,2023,True,-4.574584089311884e-08,0.999999996827217,1.000000019289174
SH601360,2023-09-19,2023,True,2.5631178068863392e-08,1.0000000159107896,1.0000000280048584
SH601360,2023-09-20,2023,True,9.179950577475893e-09,1.000000010748961,1.0000000225595866
SH601360,2023-09-21,2023,True,9.179950577475893e-09,0.9999999781134002,0.9999999746575488
SH601360,2023-09-22,2023,True,2.3665283066520715e-09,0.9999999931936167,1.000000019760686
SH601360,2023-09-25,2023,True,-1.8378297550469824e-08,1.0000000120913137,1.0000000100854989
SH601360,2023-09-26,2023,True,-6.476075331551812e-08,1.0000000176332025,1.0000000095884147
SH601360,2023-09-27,2023,True,6.54730942795112e-08,0.9999999538693256,0.9999999826446516
SH601360,2023-09-28,2023,True,2.5631178068863392e-08,0.9999999602215456,1.0000000321967712
SH601360,2023-10-09,2023,True,3.5583238577885368e-09,0.9999999444630857,1.0000000311800303
SH601360,2023-10-10,2023,True,-2.733427550971612e-08,1.0000000402170373,1.0000000021039706
SH601360,2023-10-11,2023,True,4.783751705872419e-08,1.0000000068211576,0.9999999938449536
SH601360,2023-10-12,2023,True,-3.377072066435005e-08,1.0000000008298662,0.9999999952714858
SH601360,2023-10-13,2023,True,-1.11770006583356e-08,1.0000000398548923,1.0000000334464985
SH601360,2023-10-16,2023,True,-2.362382867104884e-08,1.0000000437164416,0.999999958689187
SH601360,2023-10-17,2023,True,1.3569240175925756e-08,0.9999999768344277,1.0000000322757128
SH601360,2023-10-18,2023,True,5.029641836351573e-08,0.9999999478557864,1.0000000163423661
SH601360,2023-10-19,2023,True,1.532292537298474e-08,0.9999999903293441,1.0000000511262295
SH601360,2023-10-20,2023,True,1.4240327361747518e-08,0.999999962263334,1.0000000325380722
SH601360,2023-10-23,2023,True,1.2887535483230295e-09,0.9999999566883693,1.0000000224739907
SH601360,2023-10-24,2023,True,-1.5985813561769646e-08,1.0000000044063253,1.000000007102174
SH601360,2023-10-25,2023,True,-5.7407294473676984e-08,1.0000000179835191,0.9999999699196952
SH601360,2023-10-26,2023,True,-4.6738283687730586e-08,1.0000000011572028,0.9999999491964924
SH601360,2023-10-27,2023,True,2.541470411898672e-08,0.9999999897747942,0.9999999556988358
SH601360,2023-10-30,2023,True,4.7016903481633676e-08,0.9999999975221219,1.000000028154128
SH601360,2023-10-31,2023,True,-1.5630380434394908e-08,0.9999999948173394,0.9999999553490879
SH601360,2023-11-01,2023,True,6.009433728415559e-08,0.9999999742762623,1.0000000131891766
SH601360,2023-11-02,2023,True,2.541470411898672e-08,0.9999999706838959,0.9999999899621987
SH601360,2023-11-03,2023,True,-5.065312502772201e-08,1.0000000764616108,0.9999999837158079
SH601360,2023-11-06,2023,True,-4.201269243608863e-08,0.9999999696266602,1.000000013760387
SH601360,2023-11-07,2023,True,3.836751050201315e-08,1.0000000244943967,1.0000000335474626
SH601360,2023-11-08,2023,True,-2.2972533098020165e-08,1.0000000502979147,0.9999999831275138
SH601360,2023-11-09,2023,True,-8.082941094222917e-09,1.0000000178659985,1.000000028489994
SH601360,2023-11-10,2023,True,-5.1390303124065895e-09,0.9999999789289067,1.0000000477135078
SH601360,2023-11-13,2023,True,2.6805322406175947e-08,0.9999999915893304,1.0000000071512472
SH601360,2023-11-14,2023,True,-7.609225138871523e-09,1.0000000768284205,0.9999999879918867
SH601360,2023-11-15,2023,True,-3.198641118640211e-08,1.000000017825758,0.9999999862368921
SH601360,2023-11-16,2023,True,3.455642971772477e-08,0.9999999720745891,0.9999999933223312
SH601360,2023-11-17,2023,True,2.6805322406175947e-08,0.9999999795468342,0.9999999758257341
SH601360,2023-11-20,2023,True,-3.198641118640211e-08,0.999999975767785,0.9999999837639159
SH601360,2023-11-21,2023,True,-2.362382867104884e-08,1.0000000297168872,1.0000000262382176
SH601360,2023-11-22,2023,True,-5.1390303124065895e-09,0.9999999839470116,0.9999999796404871
SH601360,2023-11-23,2023,True,-4.201269243608863e-08,1.000000008848003,0.9999999780402938
SH601360,2023-11-24,2023,True,4.428441480186507e-08,0.9999999542093184,0.9999999703364351
SH601360,2023-11-27,2023,True,4.970123002046023e-08,0.9999999740671957,0.9999999805824348
SH601360,2023-11-28,2023,True,6.009433728415559e-08,0.9999999920921309,1.0000000321845406
SH601360,2023-11-29,2023,True,1.139146910134059e-08,1.0000000282067825,1.000000011439659
SH601360,2023-11-30,2023,True,-3.159547590225742e-08,1.0000000316915472,1.0000000165045024
SH601360,2023-12-01,2023,True,4.7016903481633676e-08,0.9999999841071183,1.000000023224246
SH601360,2023-12-04,2023,True,-1.052579057247982e-08,1.0000000732610914,0.9999999863275625
SH601360,2023-12-05,2023,True,2.2676389210829484e-08,1.000000025712314,1.000000024042184
SH601360,2023-12-06,2023,True,1.4492368416441082e-08,1.000000001840814,0.999999985878107
SH601360,2023-12-07,2023,True,-4.422945720783389e-08,1.000000024914292,0.999999997353493
SH601360,2023-12-08,2023,True,-8.082941094222917e-09,1.0000000406362397,1.0000000274482341
SH601360,2023-12-11,2023,True,2.6805322406175947e-08,0.9999999863461216,0.9999999942722164
SH601360,2023-12-12,2023,True,1.8112121580315943e-08,1.0000000071692245,1.0000000184377589
SH601360,2023-12-13,2023,True,3.815193294620656e-08,0.9999999718296739,1.0000000060971628
SH601360,2023-12-14,2023,True,1.3661391351504903e-08,0.9999999079060817,0.9999999839332534
SH601360,2023-12-15,2023,True,3.264771941680067e-08,0.9999999963412282,0.99999998767969
SH601360,2023-12-18,2023,True,-1.4984919527449847e-08,0.9999999708372387,1.0000000345936935
SH601360,2023-12-19,2023,True,6.009433728415559e-08,0.9999999438368748,0.9999999459179558
SH601360,2023-12-20,2023,True,0.0,1.0000000222611767,0.9999999775590054
SH601360,2023-12-21,2023,True,1.0235232661415239e-09,1.0000000047989566,1.0000000380440606
SH601360,2023-12-22,2023,True,-2.8489080206028916e-08,0.9999999993078312,0.9999999690510827
SH601360,2023-12-25,2023,True,-5.065312502772201e-08,1.0000000610984827,1.0000000132699605
SH601360,2023-12-26,2023,True,3.088527189554213e-08,0.9999999204603472,0.9999999888313944
SH601360,2023-12-27,2023,True,2.463951420672572e-08,0.9999999626480021,0.9999999667554975
SH601360,2023-12-28,2023,True,2.1368200986415786e-08,0.9999999761397054,1.0000000305328023
SH601360,2023-12-29,2023,True,5.290693239068389e-08,0.99999997714072,0.9999999692781767
