system,factor,horizon,quantile_count,bottom_quantile_return,top_quantile_return,top_bottom_spread,quantile_monotonicity_spearman,source_file
alphalens_reloaded,alpha158_BETA10,10D,5,0.0003461207344597,-0.0035328981774667,-0.0038790189119263995,0.0,E:/qlib_prj/qlib_baseline/outputs/factor_evaluation_batch_v1/alpha158_remaining138/runs/batch_001/alphalens_reloaded/alpha158_BETA10/mean_return_by_quantile.csv
alphalens_reloaded,alpha158_BETA10,20D,5,-0.00054413280633,-0.0057555168129953,-0.0052113840066653,-0.09999999999999999,E:/qlib_prj/qlib_baseline/outputs/factor_evaluation_batch_v1/alpha158_remaining138/runs/batch_001/alphalens_reloaded/alpha158_BETA10/mean_return_by_quantile.csv
alphalens_reloaded,alpha158_BETA20,10D,5,-4.111023528057984e-05,-0.0036817714188662,-0.00364066118358562,0.0,E:/qlib_prj/qlib_baseline/outputs/factor_evaluation_batch_v1/alpha158_remaining138/runs/batch_002/alphalens_reloaded/alpha158_BETA20/mean_return_by_quantile.csv
alphalens_reloaded,alpha158_BETA20,20D,5,0.0009490830961803,-0.0074363959426789,-0.0083854790388592,-0.7,E:/qlib_prj/qlib_baseline/outputs/factor_evaluation_batch_v1/alpha158_remaining138/runs/batch_002/alphalens_reloaded/alpha158_BETA20/mean_return_by_quantile.csv
alphalens_reloaded,alpha158_BETA30,10D,5,0.0013435908865524,-0.004061748922607,-0.0054053398091593995,-0.9999999999999999,E:/qlib_prj/qlib_baseline/outputs/factor_evaluation_batch_v1/alpha158_remaining138/runs/batch_002/alphalens_reloaded/alpha158_BETA30/mean_return_by_quantile.csv
alphalens_reloaded,alpha158_BETA30,20D,5,0.0033826538866997,-0.0087533503588007,-0.0121360042455004,-0.9999999999999999,E:/qlib_prj/qlib_baseline/outputs/factor_evaluation_batch_v1/alpha158_remaining138/runs/batch_002/alphalens_reloaded/alpha158_BETA30/mean_return_by_quantile.csv
alphalens_reloaded,alpha158_BETA5,10D,5,0.0005676377674765,-0.0033066439953738,-0.0038742817628503,-0.09999999999999999,E:/qlib_prj/qlib_baseline/outputs/factor_evaluation_batch_v1/alpha158_remaining138/runs/batch_001/alphalens_reloaded/alpha158_BETA5/mean_return_by_quantile.csv
alphalens_reloaded,alpha158_BETA5,20D,5,-0.0013262867647682,-0.0054590058534713,-0.0041327190887031,0.0,E:/qlib_prj/qlib_baseline/outputs/factor_evaluation_batch_v1/alpha158_remaining138/runs/batch_001/alphalens_reloaded/alpha158_BETA5/mean_return_by_quantile.csv
alphalens_reloaded,alpha158_BETA60,10D,5,0.0024675184880428,-0.0058978586135012,-0.008365377101544,-0.9999999999999999,E:/qlib_prj/qlib_baseline/outputs/factor_evaluation_batch_v1/alpha158_remaining138/runs/batch_002/alphalens_reloaded/alpha158_BETA60/mean_return_by_quantile.csv
alphalens_reloaded,alpha158_BETA60,20D,5,0.0031180361810643,-0.0116433537229433,-0.0147613899040076,-0.9999999999999999,E:/qlib_prj/qlib_baseline/outputs/factor_evaluation_batch_v1/alpha158_remaining138/runs/batch_002/alphalens_reloaded/alpha158_BETA60/mean_return_by_quantile.csv
alphalens_reloaded,alpha158_CNTD10,10D,5,0.0001673004995664,-0.0013710915096307,-0.0015383920091970999,-0.7,E:/qlib_prj/qlib_baseline/outputs/factor_evaluation_batch_v1/alpha158_remaining138/runs/batch_009/alphalens_reloaded/alpha158_CNTD10/mean_return_by_quantile.csv
alphalens_reloaded,alpha158_CNTD10,20D,5,-0.0010569057677575,-0.0008431878236834,0.00021371794407410002,0.19999999999999998,E:/qlib_prj/qlib_baseline/outputs/factor_evaluation_batch_v1/alpha158_remaining138/runs/batch_009/alphalens_reloaded/alpha158_CNTD10/mean_return_by_quantile.csv
alphalens_reloaded,alpha158_CNTD20,10D,5,-4.752586472163121e-06,-0.0003610834430304,-0.0003563308565582369,-0.19999999999999998,E:/qlib_prj/qlib_baseline/outputs/factor_evaluation_batch_v1/alpha158_remaining138/runs/batch_010/alphalens_reloaded/alpha158_CNTD20/mean_return_by_quantile.csv
alphalens_reloaded,alpha158_CNTD20,20D,5,-0.0002700033761574,-0.002150030657303,-0.0018800272811456001,-0.8999999999999998,E:/qlib_prj/qlib_baseline/outputs/factor_evaluation_batch_v1/alpha158_remaining138/runs/batch_010/alphalens_reloaded/alpha158_CNTD20/mean_return_by_quantile.csv
alphalens_reloaded,alpha158_CNTD30,10D,5,0.0007012708964525,-0.0018453035108792,-0.0025465744073317,-0.7,E:/qlib_prj/qlib_baseline/outputs/factor_evaluation_batch_v1/alpha158_remaining138/runs/batch_010/alphalens_reloaded/alpha158_CNTD30/mean_return_by_quantile.csv
alphalens_reloaded,alpha158_CNTD30,20D,5,0.0017546651638452,-0.0054643550014558,-0.007219020165301,-0.8999999999999998,E:/qlib_prj/qlib_baseline/outputs/factor_evaluation_batch_v1/alpha158_remaining138/runs/batch_010/alphalens_reloaded/alpha158_CNTD30/mean_return_by_quantile.csv
alphalens_reloaded,alpha158_CNTD5,10D,5,0.0005130358026377,0.0003982336996208,-0.00011480210301690003,-0.39999999999999997,E:/qlib_prj/qlib_baseline/outputs/factor_evaluation_batch_v1/alpha158_remaining138/runs/batch_009/alphalens_reloaded/alpha158_CNTD5/mean_return_by_quantile.csv
alphalens_reloaded,alpha158_CNTD5,20D,5,-0.0009419789360238,0.0025980708778007,0.0035400498138245,0.39999999999999997,E:/qlib_prj/qlib_baseline/outputs/factor_evaluation_batch_v1/alpha158_remaining138/runs/batch_009/alphalens_reloaded/alpha158_CNTD5/mean_return_by_quantile.csv
alphalens_reloaded,alpha158_CNTD60,10D,5,0.0016000943941843,-0.0030153921777601,-0.0046154865719444,-0.9999999999999999,E:/qlib_prj/qlib_baseline/outputs/factor_evaluation_batch_v1/alpha158_remaining138/runs/batch_010/alphalens_reloaded/alpha158_CNTD60/mean_return_by_quantile.csv
alphalens_reloaded,alpha158_CNTD60,20D,5,0.0022411936550059,-0.0068470465503346,-0.009088240205340499,-0.9999999999999999,E:/qlib_prj/qlib_baseline/outputs/factor_evaluation_batch_v1/alpha158_remaining138/runs/batch_010/alphalens_reloaded/alpha158_CNTD60/mean_return_by_quantile.csv
alphalens_reloaded,alpha158_CNTN10,10D,5,-0.0001754087878464,-0.0014304421116181,-0.0012550333237717,-0.7,E:/qlib_prj/qlib_baseline/outputs/factor_evaluation_batch_v1/alpha158_remaining138/runs/batch_009/alphalens_reloaded/alpha158_CNTN10/mean_return_by_quantile.csv
alphalens_reloaded,alpha158_CNTN10,20D,5,-0.0007167639377365,-0.0051279700660066,-0.0044112061282701,-0.8999999999999998,E:/qlib_prj/qlib_baseline/outputs/factor_evaluation_batch_v1/alpha158_remaining138/runs/batch_009/alphalens_reloaded/alpha158_CNTN10/mean_return_by_quantile.csv
alphalens_reloaded,alpha158_CNTN20,10D,5,0.0001535781311733,-0.0006094018695625,-0.0007629800007358,-0.3,E:/qlib_prj/qlib_baseline/outputs/factor_evaluation_batch_v1/alpha158_remaining138/runs/batch_009/alphalens_reloaded/alpha158_CNTN20/mean_return_by_quantile.csv
alphalens_reloaded,alpha158_CNTN20,20D,5,-0.0010866467687352,-0.0008772105004283,0.00020943626830689994,0.7999999999999999,E:/qlib_prj/qlib_baseline/outputs/factor_evaluation_batch_v1/alpha158_remaining138/runs/batch_009/alphalens_reloaded/alpha158_CNTN20/mean_return_by_quantile.csv
alphalens_reloaded,alpha158_CNTN30,10D,5,-0.0004231430568516,0.0008493137008698,0.0012724567577213999,0.7,E:/qlib_prj/qlib_baseline/outputs/factor_evaluation_batch_v1/alpha158_remaining138/runs/batch_009/alphalens_reloaded/alpha158_CNTN30/mean_return_by_quantile.csv
alphalens_reloaded,alpha158_CNTN30,20D,5,-0.0025513989807819,0.0021140389862595,0.0046654379670414,0.8999999999999998,E:/qlib_prj/qlib_baseline/outputs/factor_evaluation_batch_v1/alpha158_remaining138/runs/batch_009/alphalens_reloaded/alpha158_CNTN30/mean_return_by_quantile.csv
alphalens_reloaded,alpha158_CNTN5,10D,5,-0.0002867438046546,0.0015288231545127,0.0018155669591673,0.7,E:/qlib_prj/qlib_baseline/outputs/factor_evaluation_batch_v1/alpha158_remaining138/runs/batch_009/alphalens_reloaded/alpha158_CNTN5/mean_return_by_quantile.csv
alphalens_reloaded,alpha158_CNTN5,20D,5,-0.0007513120965221,0.0022051643434679,0.0029564764399899997,0.09999999999999999,E:/qlib_prj/qlib_baseline/outputs/factor_evaluation_batch_v1/alpha158_remaining138/runs/batch_009/alphalens_reloaded/alpha158_CNTN5/mean_return_by_quantile.csv
alphalens_reloaded,alpha158_CNTN60,10D,5,-0.0010745042391361,0.0014400624384885,0.0025145666776246,0.9999999999999999,E:/qlib_prj/qlib_baseline/outputs/factor_evaluation_batch_v1/alpha158_remaining138/runs/batch_009/alphalens_reloaded/alpha158_CNTN60/mean_return_by_quantile.csv
alphalens_reloaded,alpha158_CNTN60,20D,5,-0.003045621204104,0.0020527648397391,0.0050983860438431,0.9999999999999999,E:/qlib_prj/qlib_baseline/outputs/factor_evaluation_batch_v1/alpha158_remaining138/runs/batch_009/alphalens_reloaded/alpha158_CNTN60/mean_return_by_quantile.csv
alphalens_reloaded,alpha158_CNTP10,10D,5,0.0003331345548731,0.0001894575856535,-0.0001436769692196,-0.7,E:/qlib_prj/qlib_baseline/outputs/factor_evaluation_batch_v1/alpha158_remaining138/runs/batch_008/alphalens_reloaded/alpha158_CNTP10/mean_return_by_quantile.csv
alphalens_reloaded,alpha158_CNTP10,20D,5,-0.0005006981272477,-0.0014160380914959,-0.0009153399642482,-0.7999999999999999,E:/qlib_prj/qlib_baseline/outputs/factor_evaluation_batch_v1/alpha158_remaining138/runs/batch_008/alphalens_reloaded/alpha158_CNTP10/mean_return_by_quantile.csv
alphalens_reloaded,alpha158_CNTP20,10D,5,-4.770772577451608e-05,-0.0018059783484679,-0.0017582706226933838,-0.7,E:/qlib_prj/qlib_baseline/outputs/factor_evaluation_batch_v1/alpha158_remaining138/runs/batch_009/alphalens_reloaded/alpha158_CNTP20/mean_return_by_quantile.csv
alphalens_reloaded,alpha158_CNTP20,20D,5,8.068166979014188e-05,-0.0045358753972876,-0.004616557067077742,-0.9999999999999999,E:/qlib_prj/qlib_baseline/outputs/factor_evaluation_batch_v1/alpha158_remaining138/runs/batch_009/alphalens_reloaded/alpha158_CNTP20/mean_return_by_quantile.csv
alphalens_reloaded,alpha158_CNTP30,10D,5,0.0009809006024166,-0.0029462263050908,-0.0039271269075074,-0.9999999999999999,E:/qlib_prj/qlib_baseline/outputs/factor_evaluation_batch_v1/alpha158_remaining138/runs/batch_009/alphalens_reloaded/alpha158_CNTP30/mean_return_by_quantile.csv
alphalens_reloaded,alpha158_CNTP30,20D,5,0.0024198946502869,-0.0076285760088685,-0.0100484706591554,-0.9999999999999999,E:/qlib_prj/qlib_baseline/outputs/factor_evaluation_batch_v1/alpha158_remaining138/runs/batch_009/alphalens_reloaded/alpha158_CNTP30/mean_return_by_quantile.csv
alphalens_reloaded,alpha158_CNTP5,10D,5,0.0006113861645794,0.0323178196122171,0.031706433447637704,0.0,E:/qlib_prj/qlib_baseline/outputs/factor_evaluation_batch_v1/alpha158_remaining138/runs/batch_008/alphalens_reloaded/alpha158_CNTP5/mean_return_by_quantile.csv
alphalens_reloaded,alpha158_CNTP5,20D,5,-0.00067356113736,0.0252421626355499,0.0259157237729099,0.0,E:/qlib_prj/qlib_baseline/outputs/factor_evaluation_batch_v1/alpha158_remaining138/runs/batch_008/alphalens_reloaded/alpha158_CNTP5/mean_return_by_quantile.csv
alphalens_reloaded,alpha158_CNTP60,10D,5,0.0019164677969606,-0.0039029440069596,-0.0058194118039202,-0.9999999999999999,E:/qlib_prj/qlib_baseline/outputs/factor_evaluation_batch_v1/alpha158_remaining138/runs/batch_009/alphalens_reloaded/alpha158_CNTP60/mean_return_by_quantile.csv
alphalens_reloaded,alpha158_CNTP60,20D,5,0.0028421501035903,-0.0086853555118098,-0.0115275056154001,-0.9999999999999999,E:/qlib_prj/qlib_baseline/outputs/factor_evaluation_batch_v1/alpha158_remaining138/runs/batch_009/alphalens_reloaded/alpha158_CNTP60/mean_return_by_quantile.csv
alphalens_reloaded,alpha158_CORD10,10D,5,-0.0001588271916299,-0.000678934993963,-0.0005201078023331,-0.09999999999999999,E:/qlib_prj/qlib_baseline/outputs/factor_evaluation_batch_v1/alpha158_remaining138/runs/batch_008/alphalens_reloaded/alpha158_CORD10/mean_return_by_quantile.csv
alphalens_reloaded,alpha158_CORD10,20D,5,-0.0003255380104862,-0.0034964454304223,-0.0031709074199361004,-0.19999999999999998,E:/qlib_prj/qlib_baseline/outputs/factor_evaluation_batch_v1/alpha158_remaining138/runs/batch_008/alphalens_reloaded/alpha158_CORD10/mean_return_by_quantile.csv
alphalens_reloaded,alpha158_CORD20,10D,5,0.0005090313261361,-0.0018680101839131,-0.0023770415100492,-0.7,E:/qlib_prj/qlib_baseline/outputs/factor_evaluation_batch_v1/alpha158_remaining138/runs/batch_008/alphalens_reloaded/alpha158_CORD20/mean_return_by_quantile.csv
alphalens_reloaded,alpha158_CORD20,20D,5,0.0008610523187052,-0.0053129357075997,-0.006173988026304899,-0.8999999999999998,E:/qlib_prj/qlib_baseline/outputs/factor_evaluation_batch_v1/alpha158_remaining138/runs/batch_008/alphalens_reloaded/alpha158_CORD20/mean_return_by_quantile.csv
alphalens_reloaded,alpha158_CORD30,10D,5,0.0011571383295508,-0.0023492649961059,-0.0035064033256567,-0.9999999999999999,E:/qlib_prj/qlib_baseline/outputs/factor_evaluation_batch_v1/alpha158_remaining138/runs/batch_008/alphalens_reloaded/alpha158_CORD30/mean_return_by_quantile.csv
alphalens_reloaded,alpha158_CORD30,20D,5,0.0029269017858278,-0.0068073286411939,-0.0097342304270217,-0.9999999999999999,E:/qlib_prj/qlib_baseline/outputs/factor_evaluation_batch_v1/alpha158_remaining138/runs/batch_008/alphalens_reloaded/alpha158_CORD30/mean_return_by_quantile.csv
alphalens_reloaded,alpha158_CORD5,10D,5,-0.000112502318434,-0.0005945573179877,-0.0004820549995537,-0.19999999999999998,E:/qlib_prj/qlib_baseline/outputs/factor_evaluation_batch_v1/alpha158_remaining138/runs/batch_008/alphalens_reloaded/alpha158_CORD5/mean_return_by_quantile.csv
alphalens_reloaded,alpha158_CORD5,20D,5,-0.0006771691869865,-0.0020142087940892,-0.0013370396071027,-0.49999999999999994,E:/qlib_prj/qlib_baseline/outputs/factor_evaluation_batch_v1/alpha158_remaining138/runs/batch_008/alphalens_reloaded/alpha158_CORD5/mean_return_by_quantile.csv
alphalens_reloaded,alpha158_CORD60,10D,5,0.00128532035672,-0.0025277001425447,-0.0038130204992647,-0.9999999999999999,E:/qlib_prj/qlib_baseline/outputs/factor_evaluation_batch_v1/alpha158_remaining138/runs/batch_008/alphalens_reloaded/alpha158_CORD60/mean_return_by_quantile.csv
alphalens_reloaded,alpha158_CORD60,20D,5,0.0021146471878359,-0.0058825344053066,-0.0079971815931425,-0.9999999999999999,E:/qlib_prj/qlib_baseline/outputs/factor_evaluation_batch_v1/alpha158_remaining138/runs/batch_008/alphalens_reloaded/alpha158_CORD60/mean_return_by_quantile.csv
alphalens_reloaded,alpha158_CORR10,10D,5,0.0004071460519351,-0.0007332762110078,-0.0011404222629429,-0.3,E:/qlib_prj/qlib_baseline/outputs/factor_evaluation_batch_v1/alpha158_remaining138/runs/batch_007/alphalens_reloaded/alpha158_CORR10/mean_return_by_quantile.csv
alphalens_reloaded,alpha158_CORR10,20D,5,0.000228148735864,-0.0033080820055144,-0.0035362307413784,-0.8999999999999998,E:/qlib_prj/qlib_baseline/outputs/factor_evaluation_batch_v1/alpha158_remaining138/runs/batch_007/alphalens_reloaded/alpha158_CORR10/mean_return_by_quantile.csv
alphalens_reloaded,alpha158_CORR20,10D,5,0.0003656545489298,-0.0013940954184954,-0.0017597499674252,-0.7,E:/qlib_prj/qlib_baseline/outputs/factor_evaluation_batch_v1/alpha158_remaining138/runs/batch_008/alphalens_reloaded/alpha158_CORR20/mean_return_by_quantile.csv
alphalens_reloaded,alpha158_CORR20,20D,5,0.0002744024381518,-0.0035394167752409,-0.0038138192133927,-0.8999999999999998,E:/qlib_prj/qlib_baseline/outputs/factor_evaluation_batch_v1/alpha158_remaining138/runs/batch_008/alphalens_reloaded/alpha158_CORR20/mean_return_by_quantile.csv
alphalens_reloaded,alpha158_CORR30,10D,5,-0.0003436600279399,-0.0009829351220205,-0.0006392750940806,-0.3,E:/qlib_prj/qlib_baseline/outputs/factor_evaluation_batch_v1/alpha158_remaining138/runs/batch_008/alphalens_reloaded/alpha158_CORR30/mean_return_by_quantile.csv
alphalens_reloaded,alpha158_CORR30,20D,5,-0.0008251351578097,-0.0030134212560439,-0.0021882860982342,-0.49999999999999994,E:/qlib_prj/qlib_baseline/outputs/factor_evaluation_batch_v1/alpha158_remaining138/runs/batch_008/alphalens_reloaded/alpha158_CORR30/mean_return_by_quantile.csv
alphalens_reloaded,alpha158_CORR5,10D,5,0.0005805879726454,-0.0006252734699344,-0.0012058614425798,-0.6,E:/qlib_prj/qlib_baseline/outputs/factor_evaluation_batch_v1/alpha158_remaining138/runs/batch_007/alphalens_reloaded/alpha158_CORR5/mean_return_by_quantile.csv
alphalens_reloaded,alpha158_CORR5,20D,5,0.000732886906932,-0.0028684873755358,-0.0036013742824677997,-0.7,E:/qlib_prj/qlib_baseline/outputs/factor_evaluation_batch_v1/alpha158_remaining138/runs/batch_007/alphalens_reloaded/alpha158_CORR5/mean_return_by_quantile.csv
alphalens_reloaded,alpha158_CORR60,10D,5,-0.0010248278928631,-0.0007003902256373,0.0003244376672257999,0.09999999999999999,E:/qlib_prj/qlib_baseline/outputs/factor_evaluation_batch_v1/alpha158_remaining138/runs/batch_008/alphalens_reloaded/alpha158_CORR60/mean_return_by_quantile.csv
alphalens_reloaded,alpha158_CORR60,20D,5,-0.002185603222705,-0.0034590086427321,-0.0012734054200271,-0.39999999999999997,E:/qlib_prj/qlib_baseline/outputs/factor_evaluation_batch_v1/alpha158_remaining138/runs/batch_008/alphalens_reloaded/alpha158_CORR60/mean_return_by_quantile.csv
alphalens_reloaded,alpha158_HIGH0,10D,5,-0.0002728196273897,-0.0015560731317864,-0.0012832535043967,-0.39999999999999997,E:/qlib_prj/qlib_baseline/outputs/factor_evaluation_v4/alpha158_first20_smoke/alphalens_reloaded/alpha158_HIGH0/mean_return_by_quantile.csv
alphalens_reloaded,alpha158_HIGH0,20D,5,-0.000278552669049,-0.0040640592394428,-0.0037855065703938,-0.7,E:/qlib_prj/qlib_baseline/outputs/factor_evaluation_v4/alpha158_first20_smoke/alphalens_reloaded/alpha158_HIGH0/mean_return_by_quantile.csv
alphalens_reloaded,alpha158_IMAX10,10D,5,-0.000856160918219,-0.0054830684067578,-0.0046269074885388,-0.7,E:/qlib_prj/qlib_baseline/outputs/factor_evaluation_batch_v1/alpha158_remaining138/runs/batch_006/alphalens_reloaded/alpha158_IMAX10/mean_return_by_quantile.csv
alphalens_reloaded,alpha158_IMAX10,20D,5,-0.0013610424581758,-0.0080980352108654,-0.0067369927526896,-0.9999999999999999,E:/qlib_prj/qlib_baseline/outputs/factor_evaluation_batch_v1/alpha158_remaining138/runs/batch_006/alphalens_reloaded/alpha158_IMAX10/mean_return_by_quantile.csv
alphalens_reloaded,alpha158_IMAX20,10D,5,-0.0004207977047574,-0.0025935535096702,-0.0021727558049127998,-0.09999999999999999,E:/qlib_prj/qlib_baseline/outputs/factor_evaluation_batch_v1/alpha158_remaining138/runs/batch_006/alphalens_reloaded/alpha158_IMAX20/mean_return_by_quantile.csv
alphalens_reloaded,alpha158_IMAX20,20D,5,0.0008713819357072,-0.0034282284486653,-0.0042996103843725,-0.8999999999999998,E:/qlib_prj/qlib_baseline/outputs/factor_evaluation_batch_v1/alpha158_remaining138/runs/batch_006/alphalens_reloaded/alpha158_IMAX20/mean_return_by_quantile.csv
alphalens_reloaded,alpha158_IMAX30,10D,5,0.0027612785427603,-0.002145144461641,-0.0049064230044013005,-0.7,E:/qlib_prj/qlib_baseline/outputs/factor_evaluation_batch_v1/alpha158_remaining138/runs/batch_006/alphalens_reloaded/alpha158_IMAX30/mean_return_by_quantile.csv
alphalens_reloaded,alpha158_IMAX30,20D,5,0.0048104871821124,-0.0058445356785963,-0.0106550228607087,-0.8999999999999998,E:/qlib_prj/qlib_baseline/outputs/factor_evaluation_batch_v1/alpha158_remaining138/runs/batch_006/alphalens_reloaded/alpha158_IMAX30/mean_return_by_quantile.csv
alphalens_reloaded,alpha158_IMAX5,10D,5,-0.0002025613450725,-0.0104196835309267,-0.010217122185854199,-0.9999999999999999,E:/qlib_prj/qlib_baseline/outputs/factor_evaluation_batch_v1/alpha158_remaining138/runs/batch_006/alphalens_reloaded/alpha158_IMAX5/mean_return_by_quantile.csv
alphalens_reloaded,alpha158_IMAX5,20D,5,-0.0018344162443991,-0.0159954847767949,-0.0141610685323958,-0.8999999999999998,E:/qlib_prj/qlib_baseline/outputs/factor_evaluation_batch_v1/alpha158_remaining138/runs/batch_006/alphalens_reloaded/alpha158_IMAX5/mean_return_by_quantile.csv
alphalens_reloaded,alpha158_IMAX60,10D,5,-8.702445752695951e-05,-0.0027201223627167,-0.0026330979051897405,-0.7,E:/qlib_prj/qlib_baseline/outputs/factor_evaluation_batch_v1/alpha158_remaining138/runs/batch_006/alphalens_reloaded/alpha158_IMAX60/mean_return_by_quantile.csv
alphalens_reloaded,alpha158_IMAX60,20D,5,0.0004268863576896,-0.0070126111951785,-0.0074394975528681,-0.6,E:/qlib_prj/qlib_baseline/outputs/factor_evaluation_batch_v1/alpha158_remaining138/runs/batch_006/alphalens_reloaded/alpha158_IMAX60/mean_return_by_quantile.csv
alphalens_reloaded,alpha158_IMIN10,10D,5,-0.0014089702809196,-0.0102130515227069,-0.0088040812417873,-0.7,E:/qlib_prj/qlib_baseline/outputs/factor_evaluation_batch_v1/alpha158_remaining138/runs/batch_006/alphalens_reloaded/alpha158_IMIN10/mean_return_by_quantile.csv
alphalens_reloaded,alpha158_IMIN10,20D,5,-0.002966696223438,-0.0056030783446961,-0.0026363821212581,-0.3,E:/qlib_prj/qlib_baseline/outputs/factor_evaluation_batch_v1/alpha158_remaining138/runs/batch_006/alphalens_reloaded/alpha158_IMIN10/mean_return_by_quantile.csv
alphalens_reloaded,alpha158_IMIN20,10D,5,-0.0016438750543466,-0.006270187295844,-0.004626312241497401,-0.39999999999999997,E:/qlib_prj/qlib_baseline/outputs/factor_evaluation_batch_v1/alpha158_remaining138/runs/batch_007/alphalens_reloaded/alpha158_IMIN20/mean_return_by_quantile.csv
alphalens_reloaded,alpha158_IMIN20,20D,5,-0.0045980419530598,-0.0015813472462831,0.0030166947067767,0.7,E:/qlib_prj/qlib_baseline/outputs/factor_evaluation_batch_v1/alpha158_remaining138/runs/batch_007/alphalens_reloaded/alpha158_IMIN20/mean_return_by_quantile.csv
alphalens_reloaded,alpha158_IMIN30,10D,5,-0.0025744809054707,-0.0014663477934939,0.0011081331119767999,0.39999999999999997,E:/qlib_prj/qlib_baseline/outputs/factor_evaluation_batch_v1/alpha158_remaining138/runs/batch_007/alphalens_reloaded/alpha158_IMIN30/mean_return_by_quantile.csv
alphalens_reloaded,alpha158_IMIN30,20D,5,-0.006399951914308,0.0017766042399373,0.0081765561542453,0.9999999999999999,E:/qlib_prj/qlib_baseline/outputs/factor_evaluation_batch_v1/alpha158_remaining138/runs/batch_007/alphalens_reloaded/alpha158_IMIN30/mean_return_by_quantile.csv
alphalens_reloaded,alpha158_IMIN5,10D,4,-0.0012105816662499,-0.0005449781509788,0.0006656035152711,0.39999999999999997,E:/qlib_prj/qlib_baseline/outputs/factor_evaluation_batch_v1/alpha158_remaining138/runs/batch_006/alphalens_reloaded/alpha158_IMIN5/mean_return_by_quantile.csv
alphalens_reloaded,alpha158_IMIN5,20D,4,-0.0019047495750848,-0.0059323087976924,-0.0040275592226076,-1.0,E:/qlib_prj/qlib_baseline/outputs/factor_evaluation_batch_v1/alpha158_remaining138/runs/batch_006/alphalens_reloaded/alpha158_IMIN5/mean_return_by_quantile.csv
alphalens_reloaded,alpha158_IMIN60,10D,5,-0.0042695499089987,0.0001268353683599,0.0043963852773586005,0.7,E:/qlib_prj/qlib_baseline/outputs/factor_evaluation_batch_v1/alpha158_remaining138/runs/batch_007/alphalens_reloaded/alpha158_IMIN60/mean_return_by_quantile.csv
alphalens_reloaded,alpha158_IMIN60,20D,5,-0.00765764034665,0.0033058980541871,0.0109635384008371,0.8999999999999998,E:/qlib_prj/qlib_baseline/outputs/factor_evaluation_batch_v1/alpha158_remaining138/runs/batch_007/alphalens_reloaded/alpha158_IMIN60/mean_return_by_quantile.csv
alphalens_reloaded,alpha158_IMXD10,10D,5,-0.000374106785326,-0.0028860184958791,-0.0025119117105531002,-0.7,E:/qlib_prj/qlib_baseline/outputs/factor_evaluation_batch_v1/alpha158_remaining138/runs/batch_007/alphalens_reloaded/alpha158_IMXD10/mean_return_by_quantile.csv
alphalens_reloaded,alpha158_IMXD10,20D,5,-0.0008916097010187,-0.0035704381972829,-0.0026788284962642,-0.8999999999999998,E:/qlib_prj/qlib_baseline/outputs/factor_evaluation_batch_v1/alpha158_remaining138/runs/batch_007/alphalens_reloaded/alpha158_IMXD10/mean_return_by_quantile.csv
alphalens_reloaded,alpha158_IMXD20,10D,5,0.000299010109823,-0.0018300771996422,-0.0021290873094652,-0.49999999999999994,E:/qlib_prj/qlib_baseline/outputs/factor_evaluation_batch_v1/alpha158_remaining138/runs/batch_007/alphalens_reloaded/alpha158_IMXD20/mean_return_by_quantile.csv
alphalens_reloaded,alpha158_IMXD20,20D,5,0.0017136238709021,-0.0049398819518069,-0.006653505822709,-0.9999999999999999,E:/qlib_prj/qlib_baseline/outputs/factor_evaluation_batch_v1/alpha158_remaining138/runs/batch_007/alphalens_reloaded/alpha158_IMXD20/mean_return_by_quantile.csv
alphalens_reloaded,alpha158_IMXD30,10D,5,0.0024922381571515,-0.0026984712707585,-0.00519070942791,-0.8999999999999998,E:/qlib_prj/qlib_baseline/outputs/factor_evaluation_batch_v1/alpha158_remaining138/runs/batch_007/alphalens_reloaded/alpha158_IMXD30/mean_return_by_quantile.csv
alphalens_reloaded,alpha158_IMXD30,20D,5,0.005167374830856,-0.0068684678156573,-0.0120358426465133,-0.9999999999999999,E:/qlib_prj/qlib_baseline/outputs/factor_evaluation_batch_v1/alpha158_remaining138/runs/batch_007/alphalens_reloaded/alpha158_IMXD30/mean_return_by_quantile.csv
alphalens_reloaded,alpha158_IMXD5,10D,5,6.589326303282561e-05,-0.0027403630003639,-0.0028062562633967255,-0.7999999999999999,E:/qlib_prj/qlib_baseline/outputs/factor_evaluation_batch_v1/alpha158_remaining138/runs/batch_007/alphalens_reloaded/alpha158_IMXD5/mean_return_by_quantile.csv
alphalens_reloaded,alpha158_IMXD5,20D,5,-0.0016011286713838,-0.0031402176777274,-0.0015390890063436001,-0.7999999999999999,E:/qlib_prj/qlib_baseline/outputs/factor_evaluation_batch_v1/alpha158_remaining138/runs/batch_007/alphalens_reloaded/alpha158_IMXD5/mean_return_by_quantile.csv
alphalens_reloaded,alpha158_IMXD60,10D,5,0.0018156582026408,-0.0056811360984391,-0.0074967943010799,-0.7,E:/qlib_prj/qlib_baseline/outputs/factor_evaluation_batch_v1/alpha158_remaining138/runs/batch_007/alphalens_reloaded/alpha158_IMXD60/mean_return_by_quantile.csv
alphalens_reloaded,alpha158_IMXD60,20D,5,0.0033284960019814,-0.011714736030239,-0.0150432320322204,-0.9999999999999999,E:/qlib_prj/qlib_baseline/outputs/factor_evaluation_batch_v1/alpha158_remaining138/runs/batch_007/alphalens_reloaded/alpha158_IMXD60/mean_return_by_quantile.csv
alphalens_reloaded,alpha158_KLEN,10D,5,0.0003615575928848,-0.0034318558370386,-0.0037934134299234,0.0,E:/qlib_prj/qlib_baseline/outputs/factor_evaluation_v4/alpha158_first20_smoke/alphalens_reloaded/alpha158_KLEN/mean_return_by_quantile.csv
alphalens_reloaded,alpha158_KLEN,20D,5,0.0011722267633055,-0.0069797360244565,-0.008151962787762,-0.8999999999999998,E:/qlib_prj/qlib_baseline/outputs/factor_evaluation_v4/alpha158_first20_smoke/alphalens_reloaded/alpha158_KLEN/mean_return_by_quantile.csv
alphalens_reloaded,alpha158_KLOW,10D,5,0.0003607843758269,-0.0027166407299274,-0.0030774251057543,-0.7,E:/qlib_prj/qlib_baseline/outputs/factor_evaluation_v4/alpha158_first20_smoke/alphalens_reloaded/alpha158_KLOW/mean_return_by_quantile.csv
alphalens_reloaded,alpha158_KLOW,20D,5,0.0002181416727001,-0.0062109594890732,-0.0064291011617733,-0.7,E:/qlib_prj/qlib_baseline/outputs/factor_evaluation_v4/alpha158_first20_smoke/alphalens_reloaded/alpha158_KLOW/mean_return_by_quantile.csv
alphalens_reloaded,alpha158_KLOW2,10D,5,0.0001482287492758,-0.0004503596036876,-0.0005985883529634,-0.7999999999999999,E:/qlib_prj/qlib_baseline/outputs/factor_evaluation_v4/alpha158_first20_smoke/alphalens_reloaded/alpha158_KLOW2/mean_return_by_quantile.csv
alphalens_reloaded,alpha158_KLOW2,20D,5,-0.0002970510544696,-0.002190359527041,-0.0018933084725714,-0.8999999999999998,E:/qlib_prj/qlib_baseline/outputs/factor_evaluation_v4/alpha158_first20_smoke/alphalens_reloaded/alpha158_KLOW2/mean_return_by_quantile.csv
alphalens_reloaded,alpha158_KMID,10D,5,0.0001116611520522,-0.0025304398423933,-0.0026421009944455,-0.3,E:/qlib_prj/qlib_baseline/outputs/factor_evaluation_v4/alpha158_first20_smoke/alphalens_reloaded/alpha158_KMID/mean_return_by_quantile.csv
alphalens_reloaded,alpha158_KMID,20D,5,-0.0014292086404664,-0.0043079849377677,-0.0028787762973013003,0.0,E:/qlib_prj/qlib_baseline/outputs/factor_evaluation_v4/alpha158_first20_smoke/alphalens_reloaded/alpha158_KMID/mean_return_by_quantile.csv
alphalens_reloaded,alpha158_KMID2,10D,5,0.0004498100871104,-0.0012903571097957,-0.0017401671969061,-0.9999999999999999,E:/qlib_prj/qlib_baseline/outputs/factor_evaluation_v4/alpha158_first20_smoke/alphalens_reloaded/alpha158_KMID2/mean_return_by_quantile.csv
alphalens_reloaded,alpha158_KMID2,20D,5,-0.0005509882807614,-0.0019244470085323,-0.0013734587277709001,-0.49999999999999994,E:/qlib_prj/qlib_baseline/outputs/factor_evaluation_v4/alpha158_first20_smoke/alphalens_reloaded/alpha158_KMID2/mean_return_by_quantile.csv
alphalens_reloaded,alpha158_KSFT,10D,5,-0.0001649831334842,-0.0021279844292468,-0.0019630012957626,-0.09999999999999999,E:/qlib_prj/qlib_baseline/outputs/factor_evaluation_v4/alpha158_first20_smoke/alphalens_reloaded/alpha158_KSFT/mean_return_by_quantile.csv
alphalens_reloaded,alpha158_KSFT,20D,5,-0.0012903485713492,-0.0039984762423211,-0.0027081276709719,-0.09999999999999999,E:/qlib_prj/qlib_baseline/outputs/factor_evaluation_v4/alpha158_first20_smoke/alphalens_reloaded/alpha158_KSFT/mean_return_by_quantile.csv
alphalens_reloaded,alpha158_KSFT2,10D,5,0.0002946080150985,-0.0014580349210149,-0.0017526429361134,-0.49999999999999994,E:/qlib_prj/qlib_baseline/outputs/factor_evaluation_v4/alpha158_first20_smoke/alphalens_reloaded/alpha158_KSFT2/mean_return_by_quantile.csv
alphalens_reloaded,alpha158_KSFT2,20D,5,-0.0002864526222489,-0.0027272558239725,-0.0024408032017236,-0.7,E:/qlib_prj/qlib_baseline/outputs/factor_evaluation_v4/alpha158_first20_smoke/alphalens_reloaded/alpha158_KSFT2/mean_return_by_quantile.csv
alphalens_reloaded,alpha158_KUP,10D,5,-0.0001198460724954,-0.0028532036984203,-0.0027333576259248996,-0.39999999999999997,E:/qlib_prj/qlib_baseline/outputs/factor_evaluation_v4/alpha158_first20_smoke/alphalens_reloaded/alpha158_KUP/mean_return_by_quantile.csv
alphalens_reloaded,alpha158_KUP,20D,5,-0.0006592870832686,-0.0052465400069838,-0.0045872529237152,-0.7,E:/qlib_prj/qlib_baseline/outputs/factor_evaluation_v4/alpha158_first20_smoke/alphalens_reloaded/alpha158_KUP/mean_return_by_quantile.csv
alphalens_reloaded,alpha158_KUP2,10D,5,-0.0003452328734455,-0.0007855713184648,-0.00044033844501929997,-0.7,E:/qlib_prj/qlib_baseline/outputs/factor_evaluation_v4/alpha158_first20_smoke/alphalens_reloaded/alpha158_KUP2/mean_return_by_quantile.csv
alphalens_reloaded,alpha158_KUP2,20D,5,-0.0014918168768723,-0.0014835724332392,8.244443633100007e-06,-0.19999999999999998,E:/qlib_prj/qlib_baseline/outputs/factor_evaluation_v4/alpha158_first20_smoke/alphalens_reloaded/alpha158_KUP2/mean_return_by_quantile.csv
alphalens_reloaded,alpha158_LOW0,10D,5,-0.0031365461818946,0.0001534099942063,0.0032899561761009,0.09999999999999999,E:/qlib_prj/qlib_baseline/outputs/factor_evaluation_v4/alpha158_first20_smoke/alphalens_reloaded/alpha158_LOW0/mean_return_by_quantile.csv
alphalens_reloaded,alpha158_LOW0,20D,5,-0.0060743878913889,0.0001330072729727,0.0062073951643616,0.7,E:/qlib_prj/qlib_baseline/outputs/factor_evaluation_v4/alpha158_first20_smoke/alphalens_reloaded/alpha158_LOW0/mean_return_by_quantile.csv
alphalens_reloaded,alpha158_MA10,10D,5,-0.0036396516982529,0.0006378029074992,0.0042774546057521,0.09999999999999999,E:/qlib_prj/qlib_baseline/outputs/factor_evaluation_v4/alpha158_first20_smoke/alphalens_reloaded/alpha158_MA10/mean_return_by_quantile.csv
alphalens_reloaded,alpha158_MA10,20D,5,-0.0057809345621548,-0.0005484886439435,0.0052324459182113,0.0,E:/qlib_prj/qlib_baseline/outputs/factor_evaluation_v4/alpha158_first20_smoke/alphalens_reloaded/alpha158_MA10/mean_return_by_quantile.csv
alphalens_reloaded,alpha158_MA20,10D,5,-0.0037674123926684,0.0004978344755957,0.0042652468682641,0.0,E:/qlib_prj/qlib_baseline/outputs/factor_evaluation_batch_v1/alpha158_remaining138/runs/batch_001/alphalens_reloaded/alpha158_MA20/mean_return_by_quantile.csv
alphalens_reloaded,alpha158_MA20,20D,5,-0.0071849918643541,0.0006277781172013,0.0078127699815554,0.7,E:/qlib_prj/qlib_baseline/outputs/factor_evaluation_batch_v1/alpha158_remaining138/runs/batch_001/alphalens_reloaded/alpha158_MA20/mean_return_by_quantile.csv
alphalens_reloaded,alpha158_MA30,10D,5,-0.0046108732278534,0.0008500409823516,0.005460914210205,0.09999999999999999,E:/qlib_prj/qlib_baseline/outputs/factor_evaluation_batch_v1/alpha158_remaining138/runs/batch_001/alphalens_reloaded/alpha158_MA30/mean_return_by_quantile.csv
alphalens_reloaded,alpha158_MA30,20D,5,-0.0086909575991567,0.0020467456138236,0.010737703212980301,0.6,E:/qlib_prj/qlib_baseline/outputs/factor_evaluation_batch_v1/alpha158_remaining138/runs/batch_001/alphalens_reloaded/alpha158_MA30/mean_return_by_quantile.csv
alphalens_reloaded,alpha158_MA5,10D,5,-0.0029903994936605,0.0004368502639298,0.0034272497575903,0.0,E:/qlib_prj/qlib_baseline/outputs/factor_evaluation_v4/alpha158_first20_smoke/alphalens_reloaded/alpha158_MA5/mean_return_by_quantile.csv
alphalens_reloaded,alpha158_MA5,20D,5,-0.0047882099200203,-0.0014481722926565,0.0033400376273638004,0.0,E:/qlib_prj/qlib_baseline/outputs/factor_evaluation_v4/alpha158_first20_smoke/alphalens_reloaded/alpha158_MA5/mean_return_by_quantile.csv
alphalens_reloaded,alpha158_MA60,10D,5,-0.0054479807144908,0.002360822507956,0.0078088032224468,0.8999999999999998,E:/qlib_prj/qlib_baseline/outputs/factor_evaluation_batch_v1/alpha158_remaining138/runs/batch_001/alphalens_reloaded/alpha158_MA60/mean_return_by_quantile.csv
alphalens_reloaded,alpha158_MA60,20D,5,-0.0113349419314084,0.0037148516401244,0.015049793571532799,0.9999999999999999,E:/qlib_prj/qlib_baseline/outputs/factor_evaluation_batch_v1/alpha158_remaining138/runs/batch_001/alphalens_reloaded/alpha158_MA60/mean_return_by_quantile.csv
alphalens_reloaded,alpha158_MAX10,10D,5,0.0003794482992848,-0.0004303460267862,-0.000809794326071,0.0,E:/qlib_prj/qlib_baseline/outputs/factor_evaluation_batch_v1/alpha158_remaining138/runs/batch_003/alphalens_reloaded/alpha158_MAX10/mean_return_by_quantile.csv
alphalens_reloaded,alpha158_MAX10,20D,5,0.0013180558491798,-0.0022458413520473,-0.0035638972012271,-0.8999999999999998,E:/qlib_prj/qlib_baseline/outputs/factor_evaluation_batch_v1/alpha158_remaining138/runs/batch_003/alphalens_reloaded/alpha158_MAX10/mean_return_by_quantile.csv
alphalens_reloaded,alpha158_MAX20,10D,5,0.0007666667640751,-0.0002006333376311,-0.0009673001017062,-0.49999999999999994,E:/qlib_prj/qlib_baseline/outputs/factor_evaluation_batch_v1/alpha158_remaining138/runs/batch_003/alphalens_reloaded/alpha158_MAX20/mean_return_by_quantile.csv
alphalens_reloaded,alpha158_MAX20,20D,5,0.0005744924862831,-0.0007847831351802,-0.0013592756214633,-0.09999999999999999,E:/qlib_prj/qlib_baseline/outputs/factor_evaluation_batch_v1/alpha158_remaining138/runs/batch_003/alphalens_reloaded/alpha158_MAX20/mean_return_by_quantile.csv
alphalens_reloaded,alpha158_MAX30,10D,5,0.0003245898052596,0.0005290539450548,0.00020446413979519995,0.3,E:/qlib_prj/qlib_baseline/outputs/factor_evaluation_batch_v1/alpha158_remaining138/runs/batch_003/alphalens_reloaded/alpha158_MAX30/mean_return_by_quantile.csv
alphalens_reloaded,alpha158_MAX30,20D,5,-0.0001739654648486,0.0008517446239697,0.0010257100888183,0.39999999999999997,E:/qlib_prj/qlib_baseline/outputs/factor_evaluation_batch_v1/alpha158_remaining138/runs/batch_003/alphalens_reloaded/alpha158_MAX30/mean_return_by_quantile.csv
alphalens_reloaded,alpha158_MAX5,10D,5,0.0003751311309285,-0.0003642358491004,-0.0007393669800289,-0.7,E:/qlib_prj/qlib_baseline/outputs/factor_evaluation_batch_v1/alpha158_remaining138/runs/batch_003/alphalens_reloaded/alpha158_MAX5/mean_return_by_quantile.csv
alphalens_reloaded,alpha158_MAX5,20D,5,0.0010841535919257,-0.0028453522246126,-0.0039295058165383,-0.8999999999999998,E:/qlib_prj/qlib_baseline/outputs/factor_evaluation_batch_v1/alpha158_remaining138/runs/batch_003/alphalens_reloaded/alpha158_MAX5/mean_return_by_quantile.csv
alphalens_reloaded,alpha158_MAX60,10D,5,-0.0009371096930734,0.0012727449186219,0.0022098546116953,0.7,E:/qlib_prj/qlib_baseline/outputs/factor_evaluation_batch_v1/alpha158_remaining138/runs/batch_003/alphalens_reloaded/alpha158_MAX60/mean_return_by_quantile.csv
alphalens_reloaded,alpha158_MAX60,20D,5,-0.0032396485903894,0.0011614540855323,0.0044011026759217,0.8999999999999998,E:/qlib_prj/qlib_baseline/outputs/factor_evaluation_batch_v1/alpha158_remaining138/runs/batch_003/alphalens_reloaded/alpha158_MAX60/mean_return_by_quantile.csv
alphalens_reloaded,alpha158_MIN10,10D,5,-0.004099596170775,0.000187046255249,0.004286642426023999,0.3,E:/qlib_prj/qlib_baseline/outputs/factor_evaluation_batch_v1/alpha158_remaining138/runs/batch_003/alphalens_reloaded/alpha158_MIN10/mean_return_by_quantile.csv
alphalens_reloaded,alpha158_MIN10,20D,5,-0.0076051805018334,0.0005198580925633,0.0081250385943967,0.6,E:/qlib_prj/qlib_baseline/outputs/factor_evaluation_batch_v1/alpha158_remaining138/runs/batch_003/alphalens_reloaded/alpha158_MIN10/mean_return_by_quantile.csv
alphalens_reloaded,alpha158_MIN20,10D,5,-0.004491379594766,-0.0002258634245643,0.0042655161702016995,0.09999999999999999,E:/qlib_prj/qlib_baseline/outputs/factor_evaluation_batch_v1/alpha158_remaining138/runs/batch_004/alphalens_reloaded/alpha158_MIN20/mean_return_by_quantile.csv
alphalens_reloaded,alpha158_MIN20,20D,5,-0.0080852853196961,0.0010516877224721,0.0091369730421682,0.9999999999999999,E:/qlib_prj/qlib_baseline/outputs/factor_evaluation_batch_v1/alpha158_remaining138/runs/batch_004/alphalens_reloaded/alpha158_MIN20/mean_return_by_quantile.csv
alphalens_reloaded,alpha158_MIN30,10D,5,-0.0044824422416729,1.9653614824663423e-05,0.004502095856497563,0.09999999999999999,E:/qlib_prj/qlib_baseline/outputs/factor_evaluation_batch_v1/alpha158_remaining138/runs/batch_004/alphalens_reloaded/alpha158_MIN30/mean_return_by_quantile.csv
alphalens_reloaded,alpha158_MIN30,20D,5,-0.0090144990809387,0.0017847054810376,0.0107992045619763,0.9999999999999999,E:/qlib_prj/qlib_baseline/outputs/factor_evaluation_batch_v1/alpha158_remaining138/runs/batch_004/alphalens_reloaded/alpha158_MIN30/mean_return_by_quantile.csv
alphalens_reloaded,alpha158_MIN5,10D,5,-0.0041862413457015,0.000416857203567,0.0046030985492684995,0.3,E:/qlib_prj/qlib_baseline/outputs/factor_evaluation_batch_v1/alpha158_remaining138/runs/batch_003/alphalens_reloaded/alpha158_MIN5/mean_return_by_quantile.csv
alphalens_reloaded,alpha158_MIN5,20D,5,-0.0074409252709141,0.0003940270071576,0.0078349522780717,0.3,E:/qlib_prj/qlib_baseline/outputs/factor_evaluation_batch_v1/alpha158_remaining138/runs/batch_003/alphalens_reloaded/alpha158_MIN5/mean_return_by_quantile.csv
alphalens_reloaded,alpha158_MIN60,10D,5,-0.0055388433685532,0.0009460068038997,0.0064848501724528995,0.7,E:/qlib_prj/qlib_baseline/outputs/factor_evaluation_batch_v1/alpha158_remaining138/runs/batch_004/alphalens_reloaded/alpha158_MIN60/mean_return_by_quantile.csv
alphalens_reloaded,alpha158_MIN60,20D,5,-0.0110536623363537,0.0027230866434272,0.0137767489797809,0.8999999999999998,E:/qlib_prj/qlib_baseline/outputs/factor_evaluation_batch_v1/alpha158_remaining138/runs/batch_004/alphalens_reloaded/alpha158_MIN60/mean_return_by_quantile.csv
alphalens_reloaded,alpha158_OPEN0,10D,5,-0.0025265141346999,0.0001017614501178,0.0026282755848177,0.3,E:/qlib_prj/qlib_baseline/outputs/factor_evaluation_v4/alpha158_first20_smoke/alphalens_reloaded/alpha158_OPEN0/mean_return_by_quantile.csv
alphalens_reloaded,alpha158_OPEN0,20D,5,-0.0043002720264677,-0.0014187909275714,0.0028814810988963004,0.0,E:/qlib_prj/qlib_baseline/outputs/factor_evaluation_v4/alpha158_first20_smoke/alphalens_reloaded/alpha158_OPEN0/mean_return_by_quantile.csv
alphalens_reloaded,alpha158_QTLD10,10D,5,-0.0039229977615536,0.0005023543019264,0.0044253520634799995,0.09999999999999999,E:/qlib_prj/qlib_baseline/outputs/factor_evaluation_batch_v1/alpha158_remaining138/runs/batch_004/alphalens_reloaded/alpha158_QTLD10/mean_return_by_quantile.csv
alphalens_reloaded,alpha158_QTLD10,20D,5,-0.0065502217869887,-0.0006332281141989,0.0059169936727898,0.3,E:/qlib_prj/qlib_baseline/outputs/factor_evaluation_batch_v1/alpha158_remaining138/runs/batch_004/alphalens_reloaded/alpha158_QTLD10/mean_return_by_quantile.csv
alphalens_reloaded,alpha158_QTLD20,10D,5,-0.0042574973930661,0.0005168142055351,0.0047743115986012006,0.09999999999999999,E:/qlib_prj/qlib_baseline/outputs/factor_evaluation_batch_v1/alpha158_remaining138/runs/batch_005/alphalens_reloaded/alpha158_QTLD20/mean_return_by_quantile.csv
alphalens_reloaded,alpha158_QTLD20,20D,5,-0.0078708138783894,0.0010282067828271,0.0088990206612165,0.7,E:/qlib_prj/qlib_baseline/outputs/factor_evaluation_batch_v1/alpha158_remaining138/runs/batch_005/alphalens_reloaded/alpha158_QTLD20/mean_return_by_quantile.csv
alphalens_reloaded,alpha158_QTLD30,10D,5,-0.0044378849272893,0.0008359703996958,0.0052738553269851,0.0,E:/qlib_prj/qlib_baseline/outputs/factor_evaluation_batch_v1/alpha158_remaining138/runs/batch_005/alphalens_reloaded/alpha158_QTLD30/mean_return_by_quantile.csv
alphalens_reloaded,alpha158_QTLD30,20D,5,-0.0086660134562337,0.0022152405038847,0.0108812539601184,0.8999999999999998,E:/qlib_prj/qlib_baseline/outputs/factor_evaluation_batch_v1/alpha158_remaining138/runs/batch_005/alphalens_reloaded/alpha158_QTLD30/mean_return_by_quantile.csv
alphalens_reloaded,alpha158_QTLD5,10D,5,-0.0033210708782815,0.0008323524881276,0.0041534233664091,0.09999999999999999,E:/qlib_prj/qlib_baseline/outputs/factor_evaluation_batch_v1/alpha158_remaining138/runs/batch_004/alphalens_reloaded/alpha158_QTLD5/mean_return_by_quantile.csv
alphalens_reloaded,alpha158_QTLD5,20D,5,-0.0055422757558574,-0.0006760187985221,0.004866256957335301,0.0,E:/qlib_prj/qlib_baseline/outputs/factor_evaluation_batch_v1/alpha158_remaining138/runs/batch_004/alphalens_reloaded/alpha158_QTLD5/mean_return_by_quantile.csv
alphalens_reloaded,alpha158_QTLD60,10D,5,-0.0057810916015031,0.0018809645363002,0.0076620561378033004,0.7,E:/qlib_prj/qlib_baseline/outputs/factor_evaluation_batch_v1/alpha158_remaining138/runs/batch_005/alphalens_reloaded/alpha158_QTLD60/mean_return_by_quantile.csv
alphalens_reloaded,alpha158_QTLD60,20D,5,-0.0116544930791229,0.0035813956064778,0.015235888685600699,0.9999999999999999,E:/qlib_prj/qlib_baseline/outputs/factor_evaluation_batch_v1/alpha158_remaining138/runs/batch_005/alphalens_reloaded/alpha158_QTLD60/mean_return_by_quantile.csv
alphalens_reloaded,alpha158_QTLU10,10D,5,-0.0027393936045083,0.0003939831669323,0.0031333767714406,0.0,E:/qlib_prj/qlib_baseline/outputs/factor_evaluation_batch_v1/alpha158_remaining138/runs/batch_004/alphalens_reloaded/alpha158_QTLU10/mean_return_by_quantile.csv
alphalens_reloaded,alpha158_QTLU10,20D,5,-0.0037755338813445,-0.0011833712733252,0.0025921626080193,0.0,E:/qlib_prj/qlib_baseline/outputs/factor_evaluation_batch_v1/alpha158_remaining138/runs/batch_004/alphalens_reloaded/alpha158_QTLU10/mean_return_by_quantile.csv
alphalens_reloaded,alpha158_QTLU20,10D,5,-0.0029192335803063,0.0001230452845966,0.0030422788649029,0.09999999999999999,E:/qlib_prj/qlib_baseline/outputs/factor_evaluation_batch_v1/alpha158_remaining138/runs/batch_004/alphalens_reloaded/alpha158_QTLU20/mean_return_by_quantile.csv
alphalens_reloaded,alpha158_QTLU20,20D,5,-0.0054006907843604,8.321974662465451e-05,0.005483910530985054,0.3,E:/qlib_prj/qlib_baseline/outputs/factor_evaluation_batch_v1/alpha158_remaining138/runs/batch_004/alphalens_reloaded/alpha158_QTLU20/mean_return_by_quantile.csv
alphalens_reloaded,alpha158_QTLU30,10D,5,-0.0036281021860732,0.0008203163471423,0.0044484185332155,0.3,E:/qlib_prj/qlib_baseline/outputs/factor_evaluation_batch_v1/alpha158_remaining138/runs/batch_004/alphalens_reloaded/alpha158_QTLU30/mean_return_by_quantile.csv
alphalens_reloaded,alpha158_QTLU30,20D,5,-0.0069345798311987,0.001753910731105,0.0086884905623037,0.7,E:/qlib_prj/qlib_baseline/outputs/factor_evaluation_batch_v1/alpha158_remaining138/runs/batch_004/alphalens_reloaded/alpha158_QTLU30/mean_return_by_quantile.csv
alphalens_reloaded,alpha158_QTLU5,10D,5,-0.0015057687705247,9.047935622691426e-05,0.0015962481267516142,0.09999999999999999,E:/qlib_prj/qlib_baseline/outputs/factor_evaluation_batch_v1/alpha158_remaining138/runs/batch_004/alphalens_reloaded/alpha158_QTLU5/mean_return_by_quantile.csv
alphalens_reloaded,alpha158_QTLU5,20D,5,-0.002279885545823,-0.0018162712060962,0.00046361433972679986,0.0,E:/qlib_prj/qlib_baseline/outputs/factor_evaluation_batch_v1/alpha158_remaining138/runs/batch_004/alphalens_reloaded/alpha158_QTLU5/mean_return_by_quantile.csv
alphalens_reloaded,alpha158_QTLU60,10D,5,-0.0046813601971138,0.0024739605328763,0.007155320729990099,0.6,E:/qlib_prj/qlib_baseline/outputs/factor_evaluation_batch_v1/alpha158_remaining138/runs/batch_004/alphalens_reloaded/alpha158_QTLU60/mean_return_by_quantile.csv
alphalens_reloaded,alpha158_QTLU60,20D,5,-0.0098292890612899,0.0035223256130417,0.0133516146743316,0.9999999999999999,E:/qlib_prj/qlib_baseline/outputs/factor_evaluation_batch_v1/alpha158_remaining138/runs/batch_004/alphalens_reloaded/alpha158_QTLU60/mean_return_by_quantile.csv
alphalens_reloaded,alpha158_RANK10,10D,5,-0.0003630297447751,-0.0042131631080086,-0.0038501333632335,-0.8999999999999998,E:/qlib_prj/qlib_baseline/outputs/factor_evaluation_batch_v1/alpha158_remaining138/runs/batch_005/alphalens_reloaded/alpha158_RANK10/mean_return_by_quantile.csv
alphalens_reloaded,alpha158_RANK10,20D,5,-0.0017011445187295,-0.0063133535972472,-0.0046122090785177,-0.8999999999999998,E:/qlib_prj/qlib_baseline/outputs/factor_evaluation_batch_v1/alpha158_remaining138/runs/batch_005/alphalens_reloaded/alpha158_RANK10/mean_return_by_quantile.csv
alphalens_reloaded,alpha158_RANK20,10D,5,-0.0004034766080464,-0.0040799705893533,-0.0036764939813069,-0.7,E:/qlib_prj/qlib_baseline/outputs/factor_evaluation_batch_v1/alpha158_remaining138/runs/batch_005/alphalens_reloaded/alpha158_RANK20/mean_return_by_quantile.csv
alphalens_reloaded,alpha158_RANK20,20D,5,-0.0002371837616225,-0.0056148990044245,-0.005377715242802001,-0.9999999999999999,E:/qlib_prj/qlib_baseline/outputs/factor_evaluation_batch_v1/alpha158_remaining138/runs/batch_005/alphalens_reloaded/alpha158_RANK20/mean_return_by_quantile.csv
alphalens_reloaded,alpha158_RANK30,10D,5,-1.7579710031247033e-05,-0.0045178636712797,-0.004500283961248453,-0.7,E:/qlib_prj/qlib_baseline/outputs/factor_evaluation_batch_v1/alpha158_remaining138/runs/batch_005/alphalens_reloaded/alpha158_RANK30/mean_return_by_quantile.csv
alphalens_reloaded,alpha158_RANK30,20D,5,0.0010846155223865,-0.0050362945525705,-0.006120910074957,-0.9999999999999999,E:/qlib_prj/qlib_baseline/outputs/factor_evaluation_batch_v1/alpha158_remaining138/runs/batch_005/alphalens_reloaded/alpha158_RANK30/mean_return_by_quantile.csv
alphalens_reloaded,alpha158_RANK5,10D,5,-0.0001565850462078,-0.0060927780092849,-0.0059361929630771006,-0.8999999999999998,E:/qlib_prj/qlib_baseline/outputs/factor_evaluation_batch_v1/alpha158_remaining138/runs/batch_005/alphalens_reloaded/alpha158_RANK5/mean_return_by_quantile.csv
alphalens_reloaded,alpha158_RANK5,20D,5,-0.0018978557708786,-0.0092445431898037,-0.0073466874189251,-0.8999999999999998,E:/qlib_prj/qlib_baseline/outputs/factor_evaluation_batch_v1/alpha158_remaining138/runs/batch_005/alphalens_reloaded/alpha158_RANK5/mean_return_by_quantile.csv
alphalens_reloaded,alpha158_RANK60,10D,5,0.0009570240268938,-0.0044116487017232,-0.005368672728617,-0.7,E:/qlib_prj/qlib_baseline/outputs/factor_evaluation_batch_v1/alpha158_remaining138/runs/batch_005/alphalens_reloaded/alpha158_RANK60/mean_return_by_quantile.csv
alphalens_reloaded,alpha158_RANK60,20D,5,0.0022308320529583,-0.0086600663885943,-0.0108908984415526,-0.8999999999999998,E:/qlib_prj/qlib_baseline/outputs/factor_evaluation_batch_v1/alpha158_remaining138/runs/batch_005/alphalens_reloaded/alpha158_RANK60/mean_return_by_quantile.csv
alphalens_reloaded,alpha158_RESI10,10D,5,-0.0005887806358437,-0.0014069462254168,-0.0008181655895731001,-0.3,E:/qlib_prj/qlib_baseline/outputs/factor_evaluation_batch_v1/alpha158_remaining138/runs/batch_002/alphalens_reloaded/alpha158_RESI10/mean_return_by_quantile.csv
alphalens_reloaded,alpha158_RESI10,20D,5,-0.0025783999938166,-0.0030135759801896,-0.0004351759863730001,-0.09999999999999999,E:/qlib_prj/qlib_baseline/outputs/factor_evaluation_batch_v1/alpha158_remaining138/runs/batch_002/alphalens_reloaded/alpha158_RESI10/mean_return_by_quantile.csv
alphalens_reloaded,alpha158_RESI20,10D,5,0.0002412028193361,-0.0021729630000265,-0.0024141658193626,-0.3,E:/qlib_prj/qlib_baseline/outputs/factor_evaluation_batch_v1/alpha158_remaining138/runs/batch_003/alphalens_reloaded/alpha158_RESI20/mean_return_by_quantile.csv
alphalens_reloaded,alpha158_RESI20,20D,5,-0.0027025630932322,-0.0023650089341905,0.00033755415904169984,0.39999999999999997,E:/qlib_prj/qlib_baseline/outputs/factor_evaluation_batch_v1/alpha158_remaining138/runs/batch_003/alphalens_reloaded/alpha158_RESI20/mean_return_by_quantile.csv
alphalens_reloaded,alpha158_RESI30,10D,5,-0.000422929302092,-0.0013093171499289,-0.0008863878478369,0.0,E:/qlib_prj/qlib_baseline/outputs/factor_evaluation_batch_v1/alpha158_remaining138/runs/batch_003/alphalens_reloaded/alpha158_RESI30/mean_return_by_quantile.csv
alphalens_reloaded,alpha158_RESI30,20D,5,-0.0035008996923397,-0.0018988069667493,0.0016020927255903999,0.39999999999999997,E:/qlib_prj/qlib_baseline/outputs/factor_evaluation_batch_v1/alpha158_remaining138/runs/batch_003/alphalens_reloaded/alpha158_RESI30/mean_return_by_quantile.csv
alphalens_reloaded,alpha158_RESI5,10D,5,-0.0013739523838763,-0.0012629974139336,0.00011095496994270007,0.09999999999999999,E:/qlib_prj/qlib_baseline/outputs/factor_evaluation_batch_v1/alpha158_remaining138/runs/batch_002/alphalens_reloaded/alpha158_RESI5/mean_return_by_quantile.csv
alphalens_reloaded,alpha158_RESI5,20D,5,-0.0031633364418712,-0.0030776429409265,8.569350094469975e-05,0.0,E:/qlib_prj/qlib_baseline/outputs/factor_evaluation_batch_v1/alpha158_remaining138/runs/batch_002/alphalens_reloaded/alpha158_RESI5/mean_return_by_quantile.csv
alphalens_reloaded,alpha158_RESI60,10D,5,-0.000812744118432,-0.0020919991568042,-0.0012792550383722,0.0,E:/qlib_prj/qlib_baseline/outputs/factor_evaluation_batch_v1/alpha158_remaining138/runs/batch_003/alphalens_reloaded/alpha158_RESI60/mean_return_by_quantile.csv
alphalens_reloaded,alpha158_RESI60,20D,5,-0.0013771916404567,-0.0036391926356453,-0.0022620009951886,-0.09999999999999999,E:/qlib_prj/qlib_baseline/outputs/factor_evaluation_batch_v1/alpha158_remaining138/runs/batch_003/alphalens_reloaded/alpha158_RESI60/mean_return_by_quantile.csv
alphalens_reloaded,alpha158_ROC10,10D,5,-0.0037005318094584,8.509031588302415e-05,0.003785622125341424,0.0,E:/qlib_prj/qlib_baseline/outputs/factor_evaluation_v4/alpha158_first20_smoke/alphalens_reloaded/alpha158_ROC10/mean_return_by_quantile.csv
alphalens_reloaded,alpha158_ROC10,20D,5,-0.0064282774642291,-0.0003617162624285,0.0060665612018006,0.0,E:/qlib_prj/qlib_baseline/outputs/factor_evaluation_v4/alpha158_first20_smoke/alphalens_reloaded/alpha158_ROC10/mean_return_by_quantile.csv
alphalens_reloaded,alpha158_ROC20,10D,5,-0.0040940061657884,0.0005268400649478,0.004620846230736201,0.19999999999999998,E:/qlib_prj/qlib_baseline/outputs/factor_evaluation_v4/alpha158_first20_smoke/alphalens_reloaded/alpha158_ROC20/mean_return_by_quantile.csv
alphalens_reloaded,alpha158_ROC20,20D,5,-0.0081380676676126,0.0013154946070542,0.0094535622746668,0.7,E:/qlib_prj/qlib_baseline/outputs/factor_evaluation_v4/alpha158_first20_smoke/alphalens_reloaded/alpha158_ROC20/mean_return_by_quantile.csv
alphalens_reloaded,alpha158_ROC30,10D,5,-0.0046021644884854,0.0020107681975931,0.0066129326860785,0.7,E:/qlib_prj/qlib_baseline/outputs/factor_evaluation_v4/alpha158_first20_smoke/alphalens_reloaded/alpha158_ROC30/mean_return_by_quantile.csv
alphalens_reloaded,alpha158_ROC30,20D,5,-0.0099788240389317,0.0042057850658053,0.014184609104737001,0.9999999999999999,E:/qlib_prj/qlib_baseline/outputs/factor_evaluation_v4/alpha158_first20_smoke/alphalens_reloaded/alpha158_ROC30/mean_return_by_quantile.csv
alphalens_reloaded,alpha158_ROC5,10D,5,-0.0035109597068012,0.0007849866121354,0.0042959463189366,0.19999999999999998,E:/qlib_prj/qlib_baseline/outputs/factor_evaluation_v4/alpha158_first20_smoke/alphalens_reloaded/alpha158_ROC5/mean_return_by_quantile.csv
alphalens_reloaded,alpha158_ROC5,20D,5,-0.0054800036930217,-0.0008346520565886,0.0046453516364331,0.09999999999999999,E:/qlib_prj/qlib_baseline/outputs/factor_evaluation_v4/alpha158_first20_smoke/alphalens_reloaded/alpha158_ROC5/mean_return_by_quantile.csv
alphalens_reloaded,alpha158_ROC60,10D,5,-0.0059195441862064,0.0016652455526713,0.0075847897388777,0.8999999999999998,E:/qlib_prj/qlib_baseline/outputs/factor_evaluation_v4/alpha158_first20_smoke/alphalens_reloaded/alpha158_ROC60/mean_return_by_quantile.csv
alphalens_reloaded,alpha158_ROC60,20D,5,-0.0115113412226472,0.0027084948673364,0.0142198360899836,0.9999999999999999,E:/qlib_prj/qlib_baseline/outputs/factor_evaluation_v4/alpha158_first20_smoke/alphalens_reloaded/alpha158_ROC60/mean_return_by_quantile.csv
alphalens_reloaded,alpha158_RSQR10,10D,5,-0.0008246683266091,0.0013036162887878,0.0021282846153969,0.8999999999999998,E:/qlib_prj/qlib_baseline/outputs/factor_evaluation_batch_v1/alpha158_remaining138/runs/batch_002/alphalens_reloaded/alpha158_RSQR10/mean_return_by_quantile.csv
alphalens_reloaded,alpha158_RSQR10,20D,5,-0.0022808676107506,0.0008640963557005,0.0031449639664511003,0.9999999999999999,E:/qlib_prj/qlib_baseline/outputs/factor_evaluation_batch_v1/alpha158_remaining138/runs/batch_002/alphalens_reloaded/alpha158_RSQR10/mean_return_by_quantile.csv
alphalens_reloaded,alpha158_RSQR20,10D,5,-0.0001161872294552,0.0002313061880361,0.00034749341749130004,0.6,E:/qlib_prj/qlib_baseline/outputs/factor_evaluation_batch_v1/alpha158_remaining138/runs/batch_002/alphalens_reloaded/alpha158_RSQR20/mean_return_by_quantile.csv
alphalens_reloaded,alpha158_RSQR20,20D,5,-0.0013326002370291,0.0004247353282696,0.0017573355652987,0.9999999999999999,E:/qlib_prj/qlib_baseline/outputs/factor_evaluation_batch_v1/alpha158_remaining138/runs/batch_002/alphalens_reloaded/alpha158_RSQR20/mean_return_by_quantile.csv
alphalens_reloaded,alpha158_RSQR30,10D,5,-0.0003422780254125,0.0010613633276029,0.0014036413530154,0.7,E:/qlib_prj/qlib_baseline/outputs/factor_evaluation_batch_v1/alpha158_remaining138/runs/batch_002/alphalens_reloaded/alpha158_RSQR30/mean_return_by_quantile.csv
alphalens_reloaded,alpha158_RSQR30,20D,5,-0.001809188597239,0.0012520235715254,0.0030612121687644,0.7,E:/qlib_prj/qlib_baseline/outputs/factor_evaluation_batch_v1/alpha158_remaining138/runs/batch_002/alphalens_reloaded/alpha158_RSQR30/mean_return_by_quantile.csv
alphalens_reloaded,alpha158_RSQR5,10D,5,-0.0011947066076755,0.0012510853463207,0.0024457919539962,0.9999999999999999,E:/qlib_prj/qlib_baseline/outputs/factor_evaluation_batch_v1/alpha158_remaining138/runs/batch_002/alphalens_reloaded/alpha158_RSQR5/mean_return_by_quantile.csv
alphalens_reloaded,alpha158_RSQR5,20D,5,-0.0025924932829672,0.0001215433258365,0.0027140366088037,0.8999999999999998,E:/qlib_prj/qlib_baseline/outputs/factor_evaluation_batch_v1/alpha158_remaining138/runs/batch_002/alphalens_reloaded/alpha158_RSQR5/mean_return_by_quantile.csv
alphalens_reloaded,alpha158_RSQR60,10D,5,0.0003794129006188,-0.0005113557310409,-0.0008907686316597,-0.7,E:/qlib_prj/qlib_baseline/outputs/factor_evaluation_batch_v1/alpha158_remaining138/runs/batch_002/alphalens_reloaded/alpha158_RSQR60/mean_return_by_quantile.csv
alphalens_reloaded,alpha158_RSQR60,20D,5,0.0002622708095808,-0.0026140471867014,-0.0028763179962822,-0.8999999999999998,E:/qlib_prj/qlib_baseline/outputs/factor_evaluation_batch_v1/alpha158_remaining138/runs/batch_002/alphalens_reloaded/alpha158_RSQR60/mean_return_by_quantile.csv
alphalens_reloaded,alpha158_RSV10,10D,5,0.0003733067369241,-0.0010975145161977,-0.0014708212531218,-0.7,E:/qlib_prj/qlib_baseline/outputs/factor_evaluation_batch_v1/alpha158_remaining138/runs/batch_005/alphalens_reloaded/alpha158_RSV10/mean_return_by_quantile.csv
alphalens_reloaded,alpha158_RSV10,20D,5,-0.0002462073855045,-0.0016625173541502,-0.0014163099686456998,-0.8999999999999998,E:/qlib_prj/qlib_baseline/outputs/factor_evaluation_batch_v1/alpha158_remaining138/runs/batch_005/alphalens_reloaded/alpha158_RSV10/mean_return_by_quantile.csv
alphalens_reloaded,alpha158_RSV20,10D,5,-0.0001163963103885,-0.000944608340117,-0.0008282120297285,-0.09999999999999999,E:/qlib_prj/qlib_baseline/outputs/factor_evaluation_batch_v1/alpha158_remaining138/runs/batch_006/alphalens_reloaded/alpha158_RSV20/mean_return_by_quantile.csv
alphalens_reloaded,alpha158_RSV20,20D,5,0.0002020088149039,-0.0025862137626722,-0.0027882225775761,-0.9999999999999999,E:/qlib_prj/qlib_baseline/outputs/factor_evaluation_batch_v1/alpha158_remaining138/runs/batch_006/alphalens_reloaded/alpha158_RSV20/mean_return_by_quantile.csv
alphalens_reloaded,alpha158_RSV30,10D,5,0.0002619532067249,-0.001556829456677,-0.0018187826634019,-0.09999999999999999,E:/qlib_prj/qlib_baseline/outputs/factor_evaluation_batch_v1/alpha158_remaining138/runs/batch_006/alphalens_reloaded/alpha158_RSV30/mean_return_by_quantile.csv
alphalens_reloaded,alpha158_RSV30,20D,5,0.0014346804031743,-0.003824009727616,-0.0052586901307903,-0.9999999999999999,E:/qlib_prj/qlib_baseline/outputs/factor_evaluation_batch_v1/alpha158_remaining138/runs/batch_006/alphalens_reloaded/alpha158_RSV30/mean_return_by_quantile.csv
alphalens_reloaded,alpha158_RSV5,10D,5,0.0007918747989415,-0.0011479567636229,-0.0019398315625644,-0.8999999999999998,E:/qlib_prj/qlib_baseline/outputs/factor_evaluation_batch_v1/alpha158_remaining138/runs/batch_005/alphalens_reloaded/alpha158_RSV5/mean_return_by_quantile.csv
alphalens_reloaded,alpha158_RSV5,20D,5,-0.0001313742885196,-0.0017508487968207,-0.0016194745083011,-0.7,E:/qlib_prj/qlib_baseline/outputs/factor_evaluation_batch_v1/alpha158_remaining138/runs/batch_005/alphalens_reloaded/alpha158_RSV5/mean_return_by_quantile.csv
alphalens_reloaded,alpha158_RSV60,10D,5,0.0011518052559857,-0.0031308853054378,-0.0042826905614235,-0.8999999999999998,E:/qlib_prj/qlib_baseline/outputs/factor_evaluation_batch_v1/alpha158_remaining138/runs/batch_006/alphalens_reloaded/alpha158_RSV60/mean_return_by_quantile.csv
alphalens_reloaded,alpha158_RSV60,20D,5,0.0019003659534304,-0.0075497725723091,-0.0094501385257395,-0.8999999999999998,E:/qlib_prj/qlib_baseline/outputs/factor_evaluation_batch_v1/alpha158_remaining138/runs/batch_006/alphalens_reloaded/alpha158_RSV60/mean_return_by_quantile.csv
alphalens_reloaded,alpha158_STD10,10D,5,-0.0003048209343104,-0.001603810282317,-0.0012989893480066,-0.09999999999999999,E:/qlib_prj/qlib_baseline/outputs/factor_evaluation_batch_v1/alpha158_remaining138/runs/batch_001/alphalens_reloaded/alpha158_STD10/mean_return_by_quantile.csv
alphalens_reloaded,alpha158_STD10,20D,5,0.0003045593094153,-0.0038797030454193,-0.004184262354834599,-0.9999999999999999,E:/qlib_prj/qlib_baseline/outputs/factor_evaluation_batch_v1/alpha158_remaining138/runs/batch_001/alphalens_reloaded/alpha158_STD10/mean_return_by_quantile.csv
alphalens_reloaded,alpha158_STD20,10D,5,0.000453010594426,-0.0017812640482273,-0.0022342746426533,-0.49999999999999994,E:/qlib_prj/qlib_baseline/outputs/factor_evaluation_batch_v1/alpha158_remaining138/runs/batch_001/alphalens_reloaded/alpha158_STD20/mean_return_by_quantile.csv
alphalens_reloaded,alpha158_STD20,20D,5,0.0011648776225061,-0.0033211923427171,-0.0044860699652232005,-0.8999999999999998,E:/qlib_prj/qlib_baseline/outputs/factor_evaluation_batch_v1/alpha158_remaining138/runs/batch_001/alphalens_reloaded/alpha158_STD20/mean_return_by_quantile.csv
alphalens_reloaded,alpha158_STD30,10D,5,0.0008365133784857,-0.0007965229575528,-0.0016330363360385,-0.8999999999999998,E:/qlib_prj/qlib_baseline/outputs/factor_evaluation_batch_v1/alpha158_remaining138/runs/batch_001/alphalens_reloaded/alpha158_STD30/mean_return_by_quantile.csv
alphalens_reloaded,alpha158_STD30,20D,5,0.0014417340620909,-0.0024718686941853,-0.0039136027562762,-0.7,E:/qlib_prj/qlib_baseline/outputs/factor_evaluation_batch_v1/alpha158_remaining138/runs/batch_001/alphalens_reloaded/alpha158_STD30/mean_return_by_quantile.csv
alphalens_reloaded,alpha158_STD5,10D,5,0.0001308738489467,-0.0017936823804536,-0.0019245562294003,-0.09999999999999999,E:/qlib_prj/qlib_baseline/outputs/factor_evaluation_batch_v1/alpha158_remaining138/runs/batch_001/alphalens_reloaded/alpha158_STD5/mean_return_by_quantile.csv
alphalens_reloaded,alpha158_STD5,20D,5,0.0004949365436553,-0.004347765570996,-0.0048427021146513,-0.9999999999999999,E:/qlib_prj/qlib_baseline/outputs/factor_evaluation_batch_v1/alpha158_remaining138/runs/batch_001/alphalens_reloaded/alpha158_STD5/mean_return_by_quantile.csv
alphalens_reloaded,alpha158_STD60,10D,5,0.0010713908322289,5.951129788720144e-05,-0.0010118795343416985,-0.7,E:/qlib_prj/qlib_baseline/outputs/factor_evaluation_batch_v1/alpha158_remaining138/runs/batch_001/alphalens_reloaded/alpha158_STD60/mean_return_by_quantile.csv
alphalens_reloaded,alpha158_STD60,20D,5,0.0013108622233254,-0.0015762070034016,-0.002887069226727,-0.7,E:/qlib_prj/qlib_baseline/outputs/factor_evaluation_batch_v1/alpha158_remaining138/runs/batch_001/alphalens_reloaded/alpha158_STD60/mean_return_by_quantile.csv
alphalens_reloaded,alpha158_SUMD10,10D,5,-0.0008001829232264,-0.0004998773691228,0.0003003055541036001,0.09999999999999999,E:/qlib_prj/qlib_baseline/outputs/factor_evaluation_batch_v1/alpha158_remaining138/runs/batch_011/alphalens_reloaded/alpha158_SUMD10/mean_return_by_quantile.csv
alphalens_reloaded,alpha158_SUMD10,20D,5,-0.0012801207466366,-0.0014024637905706,-0.0001223430439339999,-0.6,E:/qlib_prj/qlib_baseline/outputs/factor_evaluation_batch_v1/alpha158_remaining138/runs/batch_011/alphalens_reloaded/alpha158_SUMD10/mean_return_by_quantile.csv
alphalens_reloaded,alpha158_SUMD20,10D,5,6.90817068181997e-05,-0.0017909797223348,-0.0018600614291529997,0.0,E:/qlib_prj/qlib_baseline/outputs/factor_evaluation_batch_v1/alpha158_remaining138/runs/batch_011/alphalens_reloaded/alpha158_SUMD20/mean_return_by_quantile.csv
alphalens_reloaded,alpha158_SUMD20,20D,5,0.0011288892592722,-0.0044242676156916,-0.0055531568749638,-0.8999999999999998,E:/qlib_prj/qlib_baseline/outputs/factor_evaluation_batch_v1/alpha158_remaining138/runs/batch_011/alphalens_reloaded/alpha158_SUMD20/mean_return_by_quantile.csv
alphalens_reloaded,alpha158_SUMD30,10D,5,0.0015017042045676,-0.0023815858017248,-0.0038832900062924,-0.9999999999999999,E:/qlib_prj/qlib_baseline/outputs/factor_evaluation_batch_v1/alpha158_remaining138/runs/batch_011/alphalens_reloaded/alpha158_SUMD30/mean_return_by_quantile.csv
alphalens_reloaded,alpha158_SUMD30,20D,5,0.0043197549141251,-0.0066305174622665,-0.010950272376391599,-0.9999999999999999,E:/qlib_prj/qlib_baseline/outputs/factor_evaluation_batch_v1/alpha158_remaining138/runs/batch_011/alphalens_reloaded/alpha158_SUMD30/mean_return_by_quantile.csv
alphalens_reloaded,alpha158_SUMD5,10D,5,3.839740774493386e-05,-0.0011550997595323,-0.001193497167277234,-0.6,E:/qlib_prj/qlib_baseline/outputs/factor_evaluation_batch_v1/alpha158_remaining138/runs/batch_011/alphalens_reloaded/alpha158_SUMD5/mean_return_by_quantile.csv
alphalens_reloaded,alpha158_SUMD5,20D,5,-0.0013600375754091,-0.0020343075414812,-0.0006742699660721,-0.09999999999999999,E:/qlib_prj/qlib_baseline/outputs/factor_evaluation_batch_v1/alpha158_remaining138/runs/batch_011/alphalens_reloaded/alpha158_SUMD5/mean_return_by_quantile.csv
alphalens_reloaded,alpha158_SUMD60,10D,5,0.0013644437336757,-0.0048936227899966,-0.0062580665236723,-0.8999999999999998,E:/qlib_prj/qlib_baseline/outputs/factor_evaluation_batch_v1/alpha158_remaining138/runs/batch_011/alphalens_reloaded/alpha158_SUMD60/mean_return_by_quantile.csv
alphalens_reloaded,alpha158_SUMD60,20D,5,0.002427644813598,-0.01016705939994,-0.012594704213538,-0.9999999999999999,E:/qlib_prj/qlib_baseline/outputs/factor_evaluation_batch_v1/alpha158_remaining138/runs/batch_011/alphalens_reloaded/alpha158_SUMD60/mean_return_by_quantile.csv
alphalens_reloaded,alpha158_SUMN10,10D,5,-0.0005024088642022,-0.0007960792927681,-0.0002936704285659,-0.09999999999999999,E:/qlib_prj/qlib_baseline/outputs/factor_evaluation_batch_v1/alpha158_remaining138/runs/batch_010/alphalens_reloaded/alpha158_SUMN10/mean_return_by_quantile.csv
alphalens_reloaded,alpha158_SUMN10,20D,5,-0.0014075984018688,-0.0012776871253838,0.00012991127648500017,0.7,E:/qlib_prj/qlib_baseline/outputs/factor_evaluation_batch_v1/alpha158_remaining138/runs/batch_010/alphalens_reloaded/alpha158_SUMN10/mean_return_by_quantile.csv
alphalens_reloaded,alpha158_SUMN20,10D,5,-0.0017848893294586,7.739549721244614e-05,0.0018622848266710461,0.0,E:/qlib_prj/qlib_baseline/outputs/factor_evaluation_batch_v1/alpha158_remaining138/runs/batch_011/alphalens_reloaded/alpha158_SUMN20/mean_return_by_quantile.csv
alphalens_reloaded,alpha158_SUMN20,20D,5,-0.0044261256673664,0.0011230150956658,0.0055491407630322,0.8999999999999998,E:/qlib_prj/qlib_baseline/outputs/factor_evaluation_batch_v1/alpha158_remaining138/runs/batch_011/alphalens_reloaded/alpha158_SUMN20/mean_return_by_quantile.csv
alphalens_reloaded,alpha158_SUMN30,10D,5,-0.0023691862515387,0.0015051522080011,0.0038743384595398,0.9999999999999999,E:/qlib_prj/qlib_baseline/outputs/factor_evaluation_batch_v1/alpha158_remaining138/runs/batch_011/alphalens_reloaded/alpha158_SUMN30/mean_return_by_quantile.csv
alphalens_reloaded,alpha158_SUMN30,20D,5,-0.0066203719831441,0.0043239886534729,0.010944360636616999,0.9999999999999999,E:/qlib_prj/qlib_baseline/outputs/factor_evaluation_batch_v1/alpha158_remaining138/runs/batch_011/alphalens_reloaded/alpha158_SUMN30/mean_return_by_quantile.csv
alphalens_reloaded,alpha158_SUMN5,10D,5,-0.0009040661923931,3.296551705568442e-05,0.0009370317094487844,0.6,E:/qlib_prj/qlib_baseline/outputs/factor_evaluation_batch_v1/alpha158_remaining138/runs/batch_010/alphalens_reloaded/alpha158_SUMN5/mean_return_by_quantile.csv
alphalens_reloaded,alpha158_SUMN5,20D,5,-0.0014926594923146,-0.0016996215161916,-0.00020696202387699997,-0.3,E:/qlib_prj/qlib_baseline/outputs/factor_evaluation_batch_v1/alpha158_remaining138/runs/batch_010/alphalens_reloaded/alpha158_SUMN5/mean_return_by_quantile.csv
alphalens_reloaded,alpha158_SUMN60,10D,5,-0.0048858614943401,0.0013681947859352,0.0062540562802753,0.8999999999999998,E:/qlib_prj/qlib_baseline/outputs/factor_evaluation_batch_v1/alpha158_remaining138/runs/batch_011/alphalens_reloaded/alpha158_SUMN60/mean_return_by_quantile.csv
alphalens_reloaded,alpha158_SUMN60,20D,5,-0.0101511517469306,0.0024249977493024,0.012576149496233,0.9999999999999999,E:/qlib_prj/qlib_baseline/outputs/factor_evaluation_batch_v1/alpha158_remaining138/runs/batch_011/alphalens_reloaded/alpha158_SUMN60/mean_return_by_quantile.csv
alphalens_reloaded,alpha158_SUMP10,10D,5,-0.0008001829232264,-0.0004990162536463,0.0003011666695801001,0.09999999999999999,E:/qlib_prj/qlib_baseline/outputs/factor_evaluation_batch_v1/alpha158_remaining138/runs/batch_010/alphalens_reloaded/alpha158_SUMP10/mean_return_by_quantile.csv
alphalens_reloaded,alpha158_SUMP10,20D,5,-0.0012801207466366,-0.0014025574436503,-0.00012243669701369987,-0.6,E:/qlib_prj/qlib_baseline/outputs/factor_evaluation_batch_v1/alpha158_remaining138/runs/batch_010/alphalens_reloaded/alpha158_SUMP10/mean_return_by_quantile.csv
alphalens_reloaded,alpha158_SUMP20,10D,5,6.90817068181997e-05,-0.0017909392880544,-0.0018600209948725997,0.0,E:/qlib_prj/qlib_baseline/outputs/factor_evaluation_batch_v1/alpha158_remaining138/runs/batch_010/alphalens_reloaded/alpha158_SUMP20/mean_return_by_quantile.csv
alphalens_reloaded,alpha158_SUMP20,20D,5,0.0011288892592722,-0.0044240693748301,-0.0055529586341023,-0.8999999999999998,E:/qlib_prj/qlib_baseline/outputs/factor_evaluation_batch_v1/alpha158_remaining138/runs/batch_010/alphalens_reloaded/alpha158_SUMP20/mean_return_by_quantile.csv
alphalens_reloaded,alpha158_SUMP30,10D,5,0.0015017042045676,-0.0023815858017248,-0.0038832900062924,-0.9999999999999999,E:/qlib_prj/qlib_baseline/outputs/factor_evaluation_batch_v1/alpha158_remaining138/runs/batch_010/alphalens_reloaded/alpha158_SUMP30/mean_return_by_quantile.csv
alphalens_reloaded,alpha158_SUMP30,20D,5,0.0043197549141251,-0.0066305174622665,-0.010950272376391599,-0.9999999999999999,E:/qlib_prj/qlib_baseline/outputs/factor_evaluation_batch_v1/alpha158_remaining138/runs/batch_010/alphalens_reloaded/alpha158_SUMP30/mean_return_by_quantile.csv
alphalens_reloaded,alpha158_SUMP5,10D,5,4.294715359749769e-05,-0.0011550997595323,-0.0011980469131297978,-0.6,E:/qlib_prj/qlib_baseline/outputs/factor_evaluation_batch_v1/alpha158_remaining138/runs/batch_010/alphalens_reloaded/alpha158_SUMP5/mean_return_by_quantile.csv
alphalens_reloaded,alpha158_SUMP5,20D,5,-0.0013487498983407,-0.0020343075414812,-0.0006855576431405001,-0.09999999999999999,E:/qlib_prj/qlib_baseline/outputs/factor_evaluation_batch_v1/alpha158_remaining138/runs/batch_010/alphalens_reloaded/alpha158_SUMP5/mean_return_by_quantile.csv
alphalens_reloaded,alpha158_SUMP60,10D,5,0.0013644437336757,-0.0048936227899966,-0.0062580665236723,-0.8999999999999998,E:/qlib_prj/qlib_baseline/outputs/factor_evaluation_batch_v1/alpha158_remaining138/runs/batch_010/alphalens_reloaded/alpha158_SUMP60/mean_return_by_quantile.csv
alphalens_reloaded,alpha158_SUMP60,20D,5,0.002427644813598,-0.01016705939994,-0.012594704213538,-0.9999999999999999,E:/qlib_prj/qlib_baseline/outputs/factor_evaluation_batch_v1/alpha158_remaining138/runs/batch_010/alphalens_reloaded/alpha158_SUMP60/mean_return_by_quantile.csv
alphalens_reloaded,alpha158_VMA10,10D,5,-5.743222028880057e-05,-0.0007784679945277,-0.0007210357742388994,-0.19999999999999998,E:/qlib_prj/qlib_baseline/outputs/factor_evaluation_batch_v1/alpha158_remaining138/runs/batch_011/alphalens_reloaded/alpha158_VMA10/mean_return_by_quantile.csv
alphalens_reloaded,alpha158_VMA10,20D,5,-0.0002562254536407,-0.0020746286860761,-0.0018184032324353998,-0.8999999999999998,E:/qlib_prj/qlib_baseline/outputs/factor_evaluation_batch_v1/alpha158_remaining138/runs/batch_011/alphalens_reloaded/alpha158_VMA10/mean_return_by_quantile.csv
alphalens_reloaded,alpha158_VMA20,10D,5,9.712924582761208e-05,-0.0012302152493977,-0.001327344495225312,-0.7,E:/qlib_prj/qlib_baseline/outputs/factor_evaluation_batch_v1/alpha158_remaining138/runs/batch_012/alphalens_reloaded/alpha158_VMA20/mean_return_by_quantile.csv
alphalens_reloaded,alpha158_VMA20,20D,5,-0.000263034476353,-0.0024173388393305,-0.0021543043629774997,-0.8999999999999998,E:/qlib_prj/qlib_baseline/outputs/factor_evaluation_batch_v1/alpha158_remaining138/runs/batch_012/alphalens_reloaded/alpha158_VMA20/mean_return_by_quantile.csv
alphalens_reloaded,alpha158_VMA30,10D,5,-0.0004820040283175,-0.0012945408986722,-0.0008125368703547001,-0.39999999999999997,E:/qlib_prj/qlib_baseline/outputs/factor_evaluation_batch_v1/alpha158_remaining138/runs/batch_012/alphalens_reloaded/alpha158_VMA30/mean_return_by_quantile.csv
alphalens_reloaded,alpha158_VMA30,20D,5,-0.0011736535998452,-0.0022194060925946,-0.0010457524927494001,-0.3,E:/qlib_prj/qlib_baseline/outputs/factor_evaluation_batch_v1/alpha158_remaining138/runs/batch_012/alphalens_reloaded/alpha158_VMA30/mean_return_by_quantile.csv
alphalens_reloaded,alpha158_VMA5,10D,5,6.604744237486834e-05,-0.0003325618407953,-0.0003986092831701684,-0.7,E:/qlib_prj/qlib_baseline/outputs/factor_evaluation_batch_v1/alpha158_remaining138/runs/batch_011/alphalens_reloaded/alpha158_VMA5/mean_return_by_quantile.csv
alphalens_reloaded,alpha158_VMA5,20D,5,-0.0001342423992738,-0.0016355623849033,-0.0015013199856295,-0.9999999999999999,E:/qlib_prj/qlib_baseline/outputs/factor_evaluation_batch_v1/alpha158_remaining138/runs/batch_011/alphalens_reloaded/alpha158_VMA5/mean_return_by_quantile.csv
alphalens_reloaded,alpha158_VMA60,10D,5,-0.0013825411118706,-0.0004077894918737,0.0009747516199969,0.0,E:/qlib_prj/qlib_baseline/outputs/factor_evaluation_batch_v1/alpha158_remaining138/runs/batch_012/alphalens_reloaded/alpha158_VMA60/mean_return_by_quantile.csv
alphalens_reloaded,alpha158_VMA60,20D,5,-0.0028279518442142,-0.0006491168012861,0.0021788350429281,0.7,E:/qlib_prj/qlib_baseline/outputs/factor_evaluation_batch_v1/alpha158_remaining138/runs/batch_012/alphalens_reloaded/alpha158_VMA60/mean_return_by_quantile.csv
alphalens_reloaded,alpha158_VSTD10,10D,5,-0.0007675736702547,0.000319012154658,0.0010865858249127,0.8999999999999998,E:/qlib_prj/qlib_baseline/outputs/factor_evaluation_batch_v1/alpha158_remaining138/runs/batch_012/alphalens_reloaded/alpha158_VSTD10/mean_return_by_quantile.csv
alphalens_reloaded,alpha158_VSTD10,20D,5,-0.0012853281624595,-0.0004113044938833,0.0008740236685761999,0.7,E:/qlib_prj/qlib_baseline/outputs/factor_evaluation_batch_v1/alpha158_remaining138/runs/batch_012/alphalens_reloaded/alpha158_VSTD10/mean_return_by_quantile.csv
alphalens_reloaded,alpha158_VSTD20,10D,5,-5.55067521688689e-05,-0.0003184281037701,-0.0002629213516012311,-0.3,E:/qlib_prj/qlib_baseline/outputs/factor_evaluation_batch_v1/alpha158_remaining138/runs/batch_012/alphalens_reloaded/alpha158_VSTD20/mean_return_by_quantile.csv
alphalens_reloaded,alpha158_VSTD20,20D,5,-0.0006882435768239,-0.0004892005326035,0.0001990430442204,0.09999999999999999,E:/qlib_prj/qlib_baseline/outputs/factor_evaluation_batch_v1/alpha158_remaining138/runs/batch_012/alphalens_reloaded/alpha158_VSTD20/mean_return_by_quantile.csv
alphalens_reloaded,alpha158_VSTD30,10D,5,-0.000492741583273,-0.0004207096757775,7.203190749549999e-05,0.39999999999999997,E:/qlib_prj/qlib_baseline/outputs/factor_evaluation_batch_v1/alpha158_remaining138/runs/batch_012/alphalens_reloaded/alpha158_VSTD30/mean_return_by_quantile.csv
alphalens_reloaded,alpha158_VSTD30,20D,5,-0.0014277833714295,-0.0004055398200834,0.0010222435513461,0.7999999999999999,E:/qlib_prj/qlib_baseline/outputs/factor_evaluation_batch_v1/alpha158_remaining138/runs/batch_012/alphalens_reloaded/alpha158_VSTD30/mean_return_by_quantile.csv
alphalens_reloaded,alpha158_VSTD5,10D,5,-0.0004938946516447,0.00039591858643,0.0008898132380747001,0.7,E:/qlib_prj/qlib_baseline/outputs/factor_evaluation_batch_v1/alpha158_remaining138/runs/batch_012/alphalens_reloaded/alpha158_VSTD5/mean_return_by_quantile.csv
alphalens_reloaded,alpha158_VSTD5,20D,5,-0.0022707500942357,-0.0003470484536727,0.001923701640563,0.6,E:/qlib_prj/qlib_baseline/outputs/factor_evaluation_batch_v1/alpha158_remaining138/runs/batch_012/alphalens_reloaded/alpha158_VSTD5/mean_return_by_quantile.csv
alphalens_reloaded,alpha158_VSTD60,10D,5,-0.0016915037694945,0.0006703632090908,0.0023618669785853003,0.8999999999999998,E:/qlib_prj/qlib_baseline/outputs/factor_evaluation_batch_v1/alpha158_remaining138/runs/batch_012/alphalens_reloaded/alpha158_VSTD60/mean_return_by_quantile.csv
alphalens_reloaded,alpha158_VSTD60,20D,5,-0.0030783294510853,0.0004116776752689,0.0034900071263542,0.8999999999999998,E:/qlib_prj/qlib_baseline/outputs/factor_evaluation_batch_v1/alpha158_remaining138/runs/batch_012/alphalens_reloaded/alpha158_VSTD60/mean_return_by_quantile.csv
alphalens_reloaded,alpha158_VSUMD10,10D,5,-0.0011441172069635,-4.381756375914346e-05,0.0011002996432043564,0.7,E:/qlib_prj/qlib_baseline/outputs/factor_evaluation_batch_v1/alpha158_remaining138/runs/batch_014/alphalens_reloaded/alpha158_VSUMD10/mean_return_by_quantile.csv
alphalens_reloaded,alpha158_VSUMD10,20D,5,-0.0023540926344911,-0.0004403609651144,0.0019137316693767002,0.8999999999999998,E:/qlib_prj/qlib_baseline/outputs/factor_evaluation_batch_v1/alpha158_remaining138/runs/batch_014/alphalens_reloaded/alpha158_VSUMD10/mean_return_by_quantile.csv
alphalens_reloaded,alpha158_VSUMD20,10D,5,-0.0006798522751662,-0.0001382549292185,0.0005415973459477001,0.6,E:/qlib_prj/qlib_baseline/outputs/factor_evaluation_batch_v1/alpha158_remaining138/runs/batch_014/alphalens_reloaded/alpha158_VSUMD20/mean_return_by_quantile.csv
alphalens_reloaded,alpha158_VSUMD20,20D,5,-0.0017468581973636,-0.0007047330524154,0.0010421251449482002,0.7999999999999999,E:/qlib_prj/qlib_baseline/outputs/factor_evaluation_batch_v1/alpha158_remaining138/runs/batch_014/alphalens_reloaded/alpha158_VSUMD20/mean_return_by_quantile.csv
alphalens_reloaded,alpha158_VSUMD30,10D,5,-0.0005363333848461,-0.0006984145508517,-0.0001620811660056,0.0,E:/qlib_prj/qlib_baseline/outputs/factor_evaluation_batch_v1/alpha158_remaining138/runs/batch_014/alphalens_reloaded/alpha158_VSUMD30/mean_return_by_quantile.csv
alphalens_reloaded,alpha158_VSUMD30,20D,5,-0.0003870091721824,-0.0017241656708345,-0.0013371564986521,-0.39999999999999997,E:/qlib_prj/qlib_baseline/outputs/factor_evaluation_batch_v1/alpha158_remaining138/runs/batch_014/alphalens_reloaded/alpha158_VSUMD30/mean_return_by_quantile.csv
alphalens_reloaded,alpha158_VSUMD5,10D,5,2.59324036705046e-05,-0.000444271942579,-0.0004702043462495046,-0.09999999999999999,E:/qlib_prj/qlib_baseline/outputs/factor_evaluation_batch_v1/alpha158_remaining138/runs/batch_014/alphalens_reloaded/alpha158_VSUMD5/mean_return_by_quantile.csv
alphalens_reloaded,alpha158_VSUMD5,20D,5,-0.0013815574852278,-0.0008625123786104,0.0005190451066174,0.6,E:/qlib_prj/qlib_baseline/outputs/factor_evaluation_batch_v1/alpha158_remaining138/runs/batch_014/alphalens_reloaded/alpha158_VSUMD5/mean_return_by_quantile.csv
alphalens_reloaded,alpha158_VSUMD60,10D,5,0.0004468679907086,-0.0018552898506864,-0.002302157841395,-0.09999999999999999,E:/qlib_prj/qlib_baseline/outputs/factor_evaluation_batch_v1/alpha158_remaining138/runs/batch_014/alphalens_reloaded/alpha158_VSUMD60/mean_return_by_quantile.csv
alphalens_reloaded,alpha158_VSUMD60,20D,5,0.0003204837078558,-0.0042435025974925,-0.0045639863053482995,-0.3,E:/qlib_prj/qlib_baseline/outputs/factor_evaluation_batch_v1/alpha158_remaining138/runs/batch_014/alphalens_reloaded/alpha158_VSUMD60/mean_return_by_quantile.csv
alphalens_reloaded,alpha158_VSUMN10,10D,5,-4.206367593624061e-05,-0.0011397645481618,-0.0010977008722255594,-0.7,E:/qlib_prj/qlib_baseline/outputs/factor_evaluation_batch_v1/alpha158_remaining138/runs/batch_013/alphalens_reloaded/alpha158_VSUMN10/mean_return_by_quantile.csv
alphalens_reloaded,alpha158_VSUMN10,20D,5,-0.0004481217289645,-0.0023535067761078,-0.0019053850471433,-0.8999999999999998,E:/qlib_prj/qlib_baseline/outputs/factor_evaluation_batch_v1/alpha158_remaining138/runs/batch_013/alphalens_reloaded/alpha158_VSUMN10/mean_return_by_quantile.csv
alphalens_reloaded,alpha158_VSUMN20,10D,5,-0.0001421458899049,-0.0006814588421488,-0.0005393129522439001,-0.6,E:/qlib_prj/qlib_baseline/outputs/factor_evaluation_batch_v1/alpha158_remaining138/runs/batch_014/alphalens_reloaded/alpha158_VSUMN20/mean_return_by_quantile.csv
alphalens_reloaded,alpha158_VSUMN20,20D,5,-0.0006998259167763,-0.0017455181909545,-0.0010456922741782,-0.7999999999999999,E:/qlib_prj/qlib_baseline/outputs/factor_evaluation_batch_v1/alpha158_remaining138/runs/batch_014/alphalens_reloaded/alpha158_VSUMN20/mean_return_by_quantile.csv
alphalens_reloaded,alpha158_VSUMN30,10D,5,-0.000702841517425,-0.0005282395429499,0.00017460197447510004,0.0,E:/qlib_prj/qlib_baseline/outputs/factor_evaluation_batch_v1/alpha158_remaining138/runs/batch_014/alphalens_reloaded/alpha158_VSUMN30/mean_return_by_quantile.csv
alphalens_reloaded,alpha158_VSUMN30,20D,5,-0.0017350923031403,-0.0003861148982778,0.0013489774048624998,0.39999999999999997,E:/qlib_prj/qlib_baseline/outputs/factor_evaluation_batch_v1/alpha158_remaining138/runs/batch_014/alphalens_reloaded/alpha158_VSUMN30/mean_return_by_quantile.csv
alphalens_reloaded,alpha158_VSUMN5,10D,5,-0.0004458905036436,3.250336176128904e-05,0.00047839386540488905,0.09999999999999999,E:/qlib_prj/qlib_baseline/outputs/factor_evaluation_batch_v1/alpha158_remaining138/runs/batch_013/alphalens_reloaded/alpha158_VSUMN5/mean_return_by_quantile.csv
alphalens_reloaded,alpha158_VSUMN5,20D,5,-0.0008670589878237,-0.0013896836071806,-0.0005226246193568999,-0.6,E:/qlib_prj/qlib_baseline/outputs/factor_evaluation_batch_v1/alpha158_remaining138/runs/batch_013/alphalens_reloaded/alpha158_VSUMN5/mean_return_by_quantile.csv
alphalens_reloaded,alpha158_VSUMN60,10D,5,-0.0018608361323791,0.000453666478507,0.0023145026108861,0.09999999999999999,E:/qlib_prj/qlib_baseline/outputs/factor_evaluation_batch_v1/alpha158_remaining138/runs/batch_014/alphalens_reloaded/alpha158_VSUMN60/mean_return_by_quantile.csv
alphalens_reloaded,alpha158_VSUMN60,20D,5,-0.0042393907649505,0.0003267578659054,0.0045661486308558995,0.3,E:/qlib_prj/qlib_baseline/outputs/factor_evaluation_batch_v1/alpha158_remaining138/runs/batch_014/alphalens_reloaded/alpha158_VSUMN60/mean_return_by_quantile.csv
alphalens_reloaded,alpha158_VSUMP10,10D,5,-0.0011441172069635,-4.381756375914346e-05,0.0011002996432043564,0.7,E:/qlib_prj/qlib_baseline/outputs/factor_evaluation_batch_v1/alpha158_remaining138/runs/batch_013/alphalens_reloaded/alpha158_VSUMP10/mean_return_by_quantile.csv
alphalens_reloaded,alpha158_VSUMP10,20D,5,-0.0023540926344911,-0.0004403609651144,0.0019137316693767002,0.8999999999999998,E:/qlib_prj/qlib_baseline/outputs/factor_evaluation_batch_v1/alpha158_remaining138/runs/batch_013/alphalens_reloaded/alpha158_VSUMP10/mean_return_by_quantile.csv
alphalens_reloaded,alpha158_VSUMP20,10D,5,-0.0006798522751662,-0.0001382549292185,0.0005415973459477001,0.6,E:/qlib_prj/qlib_baseline/outputs/factor_evaluation_batch_v1/alpha158_remaining138/runs/batch_013/alphalens_reloaded/alpha158_VSUMP20/mean_return_by_quantile.csv
alphalens_reloaded,alpha158_VSUMP20,20D,5,-0.0017468581973636,-0.0007047330524154,0.0010421251449482002,0.7999999999999999,E:/qlib_prj/qlib_baseline/outputs/factor_evaluation_batch_v1/alpha158_remaining138/runs/batch_013/alphalens_reloaded/alpha158_VSUMP20/mean_return_by_quantile.csv
alphalens_reloaded,alpha158_VSUMP30,10D,5,-0.0005363333848461,-0.0006984145508517,-0.0001620811660056,0.0,E:/qlib_prj/qlib_baseline/outputs/factor_evaluation_batch_v1/alpha158_remaining138/runs/batch_013/alphalens_reloaded/alpha158_VSUMP30/mean_return_by_quantile.csv
alphalens_reloaded,alpha158_VSUMP30,20D,5,-0.0003870091721824,-0.0017241656708345,-0.0013371564986521,-0.39999999999999997,E:/qlib_prj/qlib_baseline/outputs/factor_evaluation_batch_v1/alpha158_remaining138/runs/batch_013/alphalens_reloaded/alpha158_VSUMP30/mean_return_by_quantile.csv
alphalens_reloaded,alpha158_VSUMP5,10D,5,2.59324036705046e-05,-0.000444271942579,-0.0004702043462495046,-0.09999999999999999,E:/qlib_prj/qlib_baseline/outputs/factor_evaluation_batch_v1/alpha158_remaining138/runs/batch_013/alphalens_reloaded/alpha158_VSUMP5/mean_return_by_quantile.csv
alphalens_reloaded,alpha158_VSUMP5,20D,5,-0.0013815574852278,-0.0008625123786104,0.0005190451066174,0.6,E:/qlib_prj/qlib_baseline/outputs/factor_evaluation_batch_v1/alpha158_remaining138/runs/batch_013/alphalens_reloaded/alpha158_VSUMP5/mean_return_by_quantile.csv
alphalens_reloaded,alpha158_VSUMP60,10D,5,0.0004468679907086,-0.0018550375879844,-0.002301905578693,-0.09999999999999999,E:/qlib_prj/qlib_baseline/outputs/factor_evaluation_batch_v1/alpha158_remaining138/runs/batch_013/alphalens_reloaded/alpha158_VSUMP60/mean_return_by_quantile.csv
alphalens_reloaded,alpha158_VSUMP60,20D,5,0.0003204837078558,-0.0042435979413204,-0.0045640816491762,-0.3,E:/qlib_prj/qlib_baseline/outputs/factor_evaluation_batch_v1/alpha158_remaining138/runs/batch_013/alphalens_reloaded/alpha158_VSUMP60/mean_return_by_quantile.csv
alphalens_reloaded,alpha158_VWAP0,10D,5,-0.0021917967456659,-0.0004400102593122,0.0017517864863537,0.09999999999999999,E:/qlib_prj/qlib_baseline/outputs/factor_evaluation_v4/alpha158_first20_smoke/alphalens_reloaded/alpha158_VWAP0/mean_return_by_quantile.csv
alphalens_reloaded,alpha158_VWAP0,20D,5,-0.0042559637059231,-0.0016378772395073,0.0026180864664158,0.3,E:/qlib_prj/qlib_baseline/outputs/factor_evaluation_v4/alpha158_first20_smoke/alphalens_reloaded/alpha158_VWAP0/mean_return_by_quantile.csv
alphalens_reloaded,alpha158_WVMA10,10D,5,-0.0012948194542096,0.0012947459263084,0.002589565380518,0.9999999999999999,E:/qlib_prj/qlib_baseline/outputs/factor_evaluation_batch_v1/alpha158_remaining138/runs/batch_012/alphalens_reloaded/alpha158_WVMA10/mean_return_by_quantile.csv
alphalens_reloaded,alpha158_WVMA10,20D,5,-0.0042185213435816,0.0014900394063278,0.0057085607499094,0.9999999999999999,E:/qlib_prj/qlib_baseline/outputs/factor_evaluation_batch_v1/alpha158_remaining138/runs/batch_012/alphalens_reloaded/alpha158_WVMA10/mean_return_by_quantile.csv
alphalens_reloaded,alpha158_WVMA20,10D,5,-0.0022304651141112,0.0008317243279682,0.0030621894420794,0.8999999999999998,E:/qlib_prj/qlib_baseline/outputs/factor_evaluation_batch_v1/alpha158_remaining138/runs/batch_013/alphalens_reloaded/alpha158_WVMA20/mean_return_by_quantile.csv
alphalens_reloaded,alpha158_WVMA20,20D,5,-0.0047356443751533,0.0008814832985451,0.0056171276736983996,0.6,E:/qlib_prj/qlib_baseline/outputs/factor_evaluation_batch_v1/alpha158_remaining138/runs/batch_013/alphalens_reloaded/alpha158_WVMA20/mean_return_by_quantile.csv
alphalens_reloaded,alpha158_WVMA30,10D,5,-0.0020380446265406,0.0002802807142771,0.0023183253408177,0.49999999999999994,E:/qlib_prj/qlib_baseline/outputs/factor_evaluation_batch_v1/alpha158_remaining138/runs/batch_013/alphalens_reloaded/alpha158_WVMA30/mean_return_by_quantile.csv
alphalens_reloaded,alpha158_WVMA30,20D,5,-0.0038837822135403,0.0004369667704441,0.0043207489839844,0.7,E:/qlib_prj/qlib_baseline/outputs/factor_evaluation_batch_v1/alpha158_remaining138/runs/batch_013/alphalens_reloaded/alpha158_WVMA30/mean_return_by_quantile.csv
alphalens_reloaded,alpha158_WVMA5,10D,5,-0.0007075892809896,0.0008294047984105,0.0015369940794001,0.8999999999999998,E:/qlib_prj/qlib_baseline/outputs/factor_evaluation_batch_v1/alpha158_remaining138/runs/batch_012/alphalens_reloaded/alpha158_WVMA5/mean_return_by_quantile.csv
alphalens_reloaded,alpha158_WVMA5,20D,5,-0.0031955854980826,0.0008602100218191,0.0040557955199017,0.8999999999999998,E:/qlib_prj/qlib_baseline/outputs/factor_evaluation_batch_v1/alpha158_remaining138/runs/batch_012/alphalens_reloaded/alpha158_WVMA5/mean_return_by_quantile.csv
alphalens_reloaded,alpha158_WVMA60,10D,5,-0.0005874553800531,0.0001746140809889,0.0007620694610419999,0.8999999999999998,E:/qlib_prj/qlib_baseline/outputs/factor_evaluation_batch_v1/alpha158_remaining138/runs/batch_013/alphalens_reloaded/alpha158_WVMA60/mean_return_by_quantile.csv
alphalens_reloaded,alpha158_WVMA60,20D,5,-0.0011950284426232,9.457341604737806e-05,0.001289601858670578,0.49999999999999994,E:/qlib_prj/qlib_baseline/outputs/factor_evaluation_batch_v1/alpha158_remaining138/runs/batch_013/alphalens_reloaded/alpha158_WVMA60/mean_return_by_quantile.csv
jqfactor_analyzer,alpha158_BETA10,10D,5,0.0003461206810898,-0.0035328981019302,-0.00387901878302,0.0,E:/qlib_prj/qlib_baseline/outputs/factor_evaluation_batch_v1/alpha158_remaining138/runs/batch_001/jqfactor_analyzer/alpha158_BETA10/mean_return_by_quantile.csv
jqfactor_analyzer,alpha158_BETA10,20D,5,-0.000544132732402,-0.0057555167778193,-0.0052113840454173,-0.09999999999999999,E:/qlib_prj/qlib_baseline/outputs/factor_evaluation_batch_v1/alpha158_remaining138/runs/batch_001/jqfactor_analyzer/alpha158_BETA10/mean_return_by_quantile.csv
jqfactor_analyzer,alpha158_BETA20,10D,5,-4.111025655447586e-05,-0.0036817714756981,-0.003640661219143624,0.0,E:/qlib_prj/qlib_baseline/outputs/factor_evaluation_batch_v1/alpha158_remaining138/runs/batch_002/jqfactor_analyzer/alpha158_BETA20/mean_return_by_quantile.csv
jqfactor_analyzer,alpha158_BETA20,20D,5,0.0009490829894556,-0.0074363959386743,-0.0083854789281299,-0.7,E:/qlib_prj/qlib_baseline/outputs/factor_evaluation_batch_v1/alpha158_remaining138/runs/batch_002/jqfactor_analyzer/alpha158_BETA20/mean_return_by_quantile.csv
jqfactor_analyzer,alpha158_BETA30,10D,5,0.0013435908669032,-0.0040617488331304,-0.0054053397000336,-0.9999999999999999,E:/qlib_prj/qlib_baseline/outputs/factor_evaluation_batch_v1/alpha158_remaining138/runs/batch_002/jqfactor_analyzer/alpha158_BETA30/mean_return_by_quantile.csv
jqfactor_analyzer,alpha158_BETA30,20D,5,0.0033826538408386,-0.0087533503031439,-0.0121360041439825,-0.9999999999999999,E:/qlib_prj/qlib_baseline/outputs/factor_evaluation_batch_v1/alpha158_remaining138/runs/batch_002/jqfactor_analyzer/alpha158_BETA30/mean_return_by_quantile.csv
jqfactor_analyzer,alpha158_BETA5,10D,5,0.0005676377839737,-0.0033066440292198,-0.0038742818131934998,-0.09999999999999999,E:/qlib_prj/qlib_baseline/outputs/factor_evaluation_batch_v1/alpha158_remaining138/runs/batch_001/jqfactor_analyzer/alpha158_BETA5/mean_return_by_quantile.csv
jqfactor_analyzer,alpha158_BETA5,20D,5,-0.001326286746348,-0.0054590057959853,-0.0041327190496372995,0.0,E:/qlib_prj/qlib_baseline/outputs/factor_evaluation_batch_v1/alpha158_remaining138/runs/batch_001/jqfactor_analyzer/alpha158_BETA5/mean_return_by_quantile.csv
jqfactor_analyzer,alpha158_BETA60,10D,5,0.0024675185448181,-0.0058978587608233,-0.0083653773056414,-0.9999999999999999,E:/qlib_prj/qlib_baseline/outputs/factor_evaluation_batch_v1/alpha158_remaining138/runs/batch_002/jqfactor_analyzer/alpha158_BETA60/mean_return_by_quantile.csv
jqfactor_analyzer,alpha158_BETA60,20D,5,0.0031180362007712,-0.01164335364538,-0.0147613898461512,-0.9999999999999999,E:/qlib_prj/qlib_baseline/outputs/factor_evaluation_batch_v1/alpha158_remaining138/runs/batch_002/jqfactor_analyzer/alpha158_BETA60/mean_return_by_quantile.csv
jqfactor_analyzer,alpha158_CNTD10,10D,5,0.0001673005635172,-0.0013710915221531,-0.0015383920856702998,-0.7,E:/qlib_prj/qlib_baseline/outputs/factor_evaluation_batch_v1/alpha158_remaining138/runs/batch_009/jqfactor_analyzer/alpha158_CNTD10/mean_return_by_quantile.csv
jqfactor_analyzer,alpha158_CNTD10,20D,5,-0.001056905854286,-0.0008431877460192,0.00021371810826679993,0.19999999999999998,E:/qlib_prj/qlib_baseline/outputs/factor_evaluation_batch_v1/alpha158_remaining138/runs/batch_009/jqfactor_analyzer/alpha158_CNTD10/mean_return_by_quantile.csv
jqfactor_analyzer,alpha158_CNTD20,10D,5,-4.752585287214363e-06,-0.0003610834233419,-0.0003563308380546856,-0.19999999999999998,E:/qlib_prj/qlib_baseline/outputs/factor_evaluation_batch_v1/alpha158_remaining138/runs/batch_010/jqfactor_analyzer/alpha158_CNTD20/mean_return_by_quantile.csv
jqfactor_analyzer,alpha158_CNTD20,20D,5,-0.0002700034232405,-0.0021500306676544,-0.0018800272444139,-0.8999999999999998,E:/qlib_prj/qlib_baseline/outputs/factor_evaluation_batch_v1/alpha158_remaining138/runs/batch_010/jqfactor_analyzer/alpha158_CNTD20/mean_return_by_quantile.csv
jqfactor_analyzer,alpha158_CNTD30,10D,5,0.0007012708259983,-0.0018453035193131,-0.0025465743453114,-0.7,E:/qlib_prj/qlib_baseline/outputs/factor_evaluation_batch_v1/alpha158_remaining138/runs/batch_010/jqfactor_analyzer/alpha158_CNTD30/mean_return_by_quantile.csv
jqfactor_analyzer,alpha158_CNTD30,20D,5,0.0017546650897249,-0.0054643549233604,-0.0072190200130853,-0.8999999999999998,E:/qlib_prj/qlib_baseline/outputs/factor_evaluation_batch_v1/alpha158_remaining138/runs/batch_010/jqfactor_analyzer/alpha158_CNTD30/mean_return_by_quantile.csv
jqfactor_analyzer,alpha158_CNTD5,10D,5,0.0005130357613498,0.000398233629256,-0.00011480213209379993,-0.39999999999999997,E:/qlib_prj/qlib_baseline/outputs/factor_evaluation_batch_v1/alpha158_remaining138/runs/batch_009/jqfactor_analyzer/alpha158_CNTD5/mean_return_by_quantile.csv
jqfactor_analyzer,alpha158_CNTD5,20D,5,-0.0009419790048084,0.0025980708499533,0.0035400498547617,0.39999999999999997,E:/qlib_prj/qlib_baseline/outputs/factor_evaluation_batch_v1/alpha158_remaining138/runs/batch_009/jqfactor_analyzer/alpha158_CNTD5/mean_return_by_quantile.csv
jqfactor_analyzer,alpha158_CNTD60,10D,5,0.001600094276183,-0.0030153922336091,-0.004615486509792099,-0.9999999999999999,E:/qlib_prj/qlib_baseline/outputs/factor_evaluation_batch_v1/alpha158_remaining138/runs/batch_010/jqfactor_analyzer/alpha158_CNTD60/mean_return_by_quantile.csv
jqfactor_analyzer,alpha158_CNTD60,20D,5,0.0022411935533987,-0.0068470464665581,-0.009088240019956801,-0.9999999999999999,E:/qlib_prj/qlib_baseline/outputs/factor_evaluation_batch_v1/alpha158_remaining138/runs/batch_010/jqfactor_analyzer/alpha158_CNTD60/mean_return_by_quantile.csv
jqfactor_analyzer,alpha158_CNTN10,10D,5,-0.0001754088304745,-0.0014304422849386,-0.0012550334544640998,-0.7,E:/qlib_prj/qlib_baseline/outputs/factor_evaluation_batch_v1/alpha158_remaining138/runs/batch_009/jqfactor_analyzer/alpha158_CNTN10/mean_return_by_quantile.csv
jqfactor_analyzer,alpha158_CNTN10,20D,5,-0.0007167638014064,-0.0051279700806469,-0.0044112062792405,-0.8999999999999998,E:/qlib_prj/qlib_baseline/outputs/factor_evaluation_batch_v1/alpha158_remaining138/runs/batch_009/jqfactor_analyzer/alpha158_CNTN10/mean_return_by_quantile.csv
jqfactor_analyzer,alpha158_CNTN20,10D,5,0.0001535781676285,-0.0006094018759609,-0.0007629800435894,-0.3,E:/qlib_prj/qlib_baseline/outputs/factor_evaluation_batch_v1/alpha158_remaining138/runs/batch_009/jqfactor_analyzer/alpha158_CNTN20/mean_return_by_quantile.csv
jqfactor_analyzer,alpha158_CNTN20,20D,5,-0.0010866466740747,-0.0008772104890623,0.00020943618501240006,0.7999999999999999,E:/qlib_prj/qlib_baseline/outputs/factor_evaluation_batch_v1/alpha158_remaining138/runs/batch_009/jqfactor_analyzer/alpha158_CNTN20/mean_return_by_quantile.csv
jqfactor_analyzer,alpha158_CNTN30,10D,5,-0.0004231430000364,0.0008493136877244,0.0012724566877608,0.7,E:/qlib_prj/qlib_baseline/outputs/factor_evaluation_batch_v1/alpha158_remaining138/runs/batch_009/jqfactor_analyzer/alpha158_CNTN30/mean_return_by_quantile.csv
jqfactor_analyzer,alpha158_CNTN30,20D,5,-0.0025513991030822,0.0021140389897655,0.0046654380928477,0.8999999999999998,E:/qlib_prj/qlib_baseline/outputs/factor_evaluation_batch_v1/alpha158_remaining138/runs/batch_009/jqfactor_analyzer/alpha158_CNTN30/mean_return_by_quantile.csv
jqfactor_analyzer,alpha158_CNTN5,10D,5,-0.0002867438077913,0.0015288232145821,0.0018155670223734001,0.7,E:/qlib_prj/qlib_baseline/outputs/factor_evaluation_batch_v1/alpha158_remaining138/runs/batch_009/jqfactor_analyzer/alpha158_CNTN5/mean_return_by_quantile.csv
jqfactor_analyzer,alpha158_CNTN5,20D,5,-0.0007513121230611,0.0022051657028428,0.0029564778259039,0.09999999999999999,E:/qlib_prj/qlib_baseline/outputs/factor_evaluation_batch_v1/alpha158_remaining138/runs/batch_009/jqfactor_analyzer/alpha158_CNTN5/mean_return_by_quantile.csv
jqfactor_analyzer,alpha158_CNTN60,10D,5,-0.0010745042290234,0.001440062338118,0.0025145665671414,0.9999999999999999,E:/qlib_prj/qlib_baseline/outputs/factor_evaluation_batch_v1/alpha158_remaining138/runs/batch_009/jqfactor_analyzer/alpha158_CNTN60/mean_return_by_quantile.csv
jqfactor_analyzer,alpha158_CNTN60,20D,5,-0.003045621163654,0.0020527648252131,0.0050983859888671,0.9999999999999999,E:/qlib_prj/qlib_baseline/outputs/factor_evaluation_batch_v1/alpha158_remaining138/runs/batch_009/jqfactor_analyzer/alpha158_CNTN60/mean_return_by_quantile.csv
jqfactor_analyzer,alpha158_CNTP10,10D,5,0.0003331345691899,0.0001894575738876,-0.00014367699530229997,-0.7,E:/qlib_prj/qlib_baseline/outputs/factor_evaluation_batch_v1/alpha158_remaining138/runs/batch_008/jqfactor_analyzer/alpha158_CNTP10/mean_return_by_quantile.csv
jqfactor_analyzer,alpha158_CNTP10,20D,5,-0.0005006982347778,-0.001416037958766,-0.0009153397239881999,-0.7999999999999999,E:/qlib_prj/qlib_baseline/outputs/factor_evaluation_batch_v1/alpha158_remaining138/runs/batch_008/jqfactor_analyzer/alpha158_CNTP10/mean_return_by_quantile.csv
jqfactor_analyzer,alpha158_CNTP20,10D,5,-4.770775377313174e-05,-0.001805978325796,-0.0017582705720228682,-0.7,E:/qlib_prj/qlib_baseline/outputs/factor_evaluation_batch_v1/alpha158_remaining138/runs/batch_009/jqfactor_analyzer/alpha158_CNTP20/mean_return_by_quantile.csv
jqfactor_analyzer,alpha158_CNTP20,20D,5,8.068168159713726e-05,-0.0045358753329373,-0.004616557014534437,-0.9999999999999999,E:/qlib_prj/qlib_baseline/outputs/factor_evaluation_batch_v1/alpha158_remaining138/runs/batch_009/jqfactor_analyzer/alpha158_CNTP20/mean_return_by_quantile.csv
jqfactor_analyzer,alpha158_CNTP30,10D,5,0.0009809006174902,-0.0029462263489438,-0.003927126966434,-0.9999999999999999,E:/qlib_prj/qlib_baseline/outputs/factor_evaluation_batch_v1/alpha158_remaining138/runs/batch_009/jqfactor_analyzer/alpha158_CNTP30/mean_return_by_quantile.csv
jqfactor_analyzer,alpha158_CNTP30,20D,5,0.0024198945609938,-0.0076285762319308,-0.0100484707929246,-0.9999999999999999,E:/qlib_prj/qlib_baseline/outputs/factor_evaluation_batch_v1/alpha158_remaining138/runs/batch_009/jqfactor_analyzer/alpha158_CNTP30/mean_return_by_quantile.csv
jqfactor_analyzer,alpha158_CNTP5,10D,5,0.0006113861209506,0.0323178197020452,0.031706433581094595,0.0,E:/qlib_prj/qlib_baseline/outputs/factor_evaluation_batch_v1/alpha158_remaining138/runs/batch_008/jqfactor_analyzer/alpha158_CNTP5/mean_return_by_quantile.csv
jqfactor_analyzer,alpha158_CNTP5,20D,5,-0.0006735611659012,0.0252421615074253,0.025915722673326497,0.0,E:/qlib_prj/qlib_baseline/outputs/factor_evaluation_batch_v1/alpha158_remaining138/runs/batch_008/jqfactor_analyzer/alpha158_CNTP5/mean_return_by_quantile.csv
jqfactor_analyzer,alpha158_CNTP60,10D,5,0.001916467798691,-0.0039029440614512,-0.0058194118601422,-0.9999999999999999,E:/qlib_prj/qlib_baseline/outputs/factor_evaluation_batch_v1/alpha158_remaining138/runs/batch_009/jqfactor_analyzer/alpha158_CNTP60/mean_return_by_quantile.csv
jqfactor_analyzer,alpha158_CNTP60,20D,5,0.0028421501917853,-0.0086853555941829,-0.0115275057859682,-0.9999999999999999,E:/qlib_prj/qlib_baseline/outputs/factor_evaluation_batch_v1/alpha158_remaining138/runs/batch_009/jqfactor_analyzer/alpha158_CNTP60/mean_return_by_quantile.csv
jqfactor_analyzer,alpha158_CORD10,10D,5,-0.0001588271409117,-0.0006789349942501,-0.0005201078533384,-0.09999999999999999,E:/qlib_prj/qlib_baseline/outputs/factor_evaluation_batch_v1/alpha158_remaining138/runs/batch_008/jqfactor_analyzer/alpha158_CORD10/mean_return_by_quantile.csv
jqfactor_analyzer,alpha158_CORD10,20D,5,-0.000325538019905,-0.003496445363107,-0.003170907343202,-0.19999999999999998,E:/qlib_prj/qlib_baseline/outputs/factor_evaluation_batch_v1/alpha158_remaining138/runs/batch_008/jqfactor_analyzer/alpha158_CORD10/mean_return_by_quantile.csv
jqfactor_analyzer,alpha158_CORD20,10D,5,0.0005090313143134,-0.0018680101209191,-0.0023770414352325,-0.7,E:/qlib_prj/qlib_baseline/outputs/factor_evaluation_batch_v1/alpha158_remaining138/runs/batch_008/jqfactor_analyzer/alpha158_CORD20/mean_return_by_quantile.csv
jqfactor_analyzer,alpha158_CORD20,20D,5,0.0008610523059585,-0.0053129356072049,-0.0061739879131634,-0.8999999999999998,E:/qlib_prj/qlib_baseline/outputs/factor_evaluation_batch_v1/alpha158_remaining138/runs/batch_008/jqfactor_analyzer/alpha158_CORD20/mean_return_by_quantile.csv
jqfactor_analyzer,alpha158_CORD30,10D,5,0.0011571383601985,-0.0023492649947304,-0.0035064033549288996,-0.9999999999999999,E:/qlib_prj/qlib_baseline/outputs/factor_evaluation_batch_v1/alpha158_remaining138/runs/batch_008/jqfactor_analyzer/alpha158_CORD30/mean_return_by_quantile.csv
jqfactor_analyzer,alpha158_CORD30,20D,5,0.0029269017386315,-0.0068073285629758,-0.0097342303016073,-0.9999999999999999,E:/qlib_prj/qlib_baseline/outputs/factor_evaluation_batch_v1/alpha158_remaining138/runs/batch_008/jqfactor_analyzer/alpha158_CORD30/mean_return_by_quantile.csv
jqfactor_analyzer,alpha158_CORD5,10D,5,-0.0001125022992337,-0.0005945573575091,-0.00048205505827540003,-0.19999999999999998,E:/qlib_prj/qlib_baseline/outputs/factor_evaluation_batch_v1/alpha158_remaining138/runs/batch_008/jqfactor_analyzer/alpha158_CORD5/mean_return_by_quantile.csv
jqfactor_analyzer,alpha158_CORD5,20D,5,-0.0006771691285153,-0.0020142087645137,-0.0013370396359984001,-0.49999999999999994,E:/qlib_prj/qlib_baseline/outputs/factor_evaluation_batch_v1/alpha158_remaining138/runs/batch_008/jqfactor_analyzer/alpha158_CORD5/mean_return_by_quantile.csv
jqfactor_analyzer,alpha158_CORD60,10D,5,0.0012853203716025,-0.0025277000467068,-0.0038130204183093,-0.9999999999999999,E:/qlib_prj/qlib_baseline/outputs/factor_evaluation_batch_v1/alpha158_remaining138/runs/batch_008/jqfactor_analyzer/alpha158_CORD60/mean_return_by_quantile.csv
jqfactor_analyzer,alpha158_CORD60,20D,5,0.0021146472297116,-0.0058825343913581,-0.0079971816210697,-0.9999999999999999,E:/qlib_prj/qlib_baseline/outputs/factor_evaluation_batch_v1/alpha158_remaining138/runs/batch_008/jqfactor_analyzer/alpha158_CORD60/mean_return_by_quantile.csv
jqfactor_analyzer,alpha158_CORR10,10D,5,0.0004071460095935,-0.0007332762437098,-0.0011404222533033,-0.3,E:/qlib_prj/qlib_baseline/outputs/factor_evaluation_batch_v1/alpha158_remaining138/runs/batch_007/jqfactor_analyzer/alpha158_CORR10/mean_return_by_quantile.csv
jqfactor_analyzer,alpha158_CORR10,20D,5,0.0002281486941145,-0.0033080820061409,-0.0035362307002553997,-0.8999999999999998,E:/qlib_prj/qlib_baseline/outputs/factor_evaluation_batch_v1/alpha158_remaining138/runs/batch_007/jqfactor_analyzer/alpha158_CORR10/mean_return_by_quantile.csv
jqfactor_analyzer,alpha158_CORR20,10D,5,0.0003656545910108,-0.0013940953893075,-0.0017597499803183,-0.7,E:/qlib_prj/qlib_baseline/outputs/factor_evaluation_batch_v1/alpha158_remaining138/runs/batch_008/jqfactor_analyzer/alpha158_CORR20/mean_return_by_quantile.csv
jqfactor_analyzer,alpha158_CORR20,20D,5,0.0002744024296023,-0.0035394167372351,-0.0038138191668373998,-0.8999999999999998,E:/qlib_prj/qlib_baseline/outputs/factor_evaluation_batch_v1/alpha158_remaining138/runs/batch_008/jqfactor_analyzer/alpha158_CORR20/mean_return_by_quantile.csv
jqfactor_analyzer,alpha158_CORR30,10D,5,-0.0003436600126928,-0.0009829351536923,-0.0006392751409995001,-0.3,E:/qlib_prj/qlib_baseline/outputs/factor_evaluation_batch_v1/alpha158_remaining138/runs/batch_008/jqfactor_analyzer/alpha158_CORR30/mean_return_by_quantile.csv
jqfactor_analyzer,alpha158_CORR30,20D,5,-0.0008251351005682,-0.0030134212460507,-0.0021882861454825,-0.49999999999999994,E:/qlib_prj/qlib_baseline/outputs/factor_evaluation_batch_v1/alpha158_remaining138/runs/batch_008/jqfactor_analyzer/alpha158_CORR30/mean_return_by_quantile.csv
jqfactor_analyzer,alpha158_CORR5,10D,5,0.0005805879392105,-0.0006252735909118,-0.0012058615301223001,-0.6,E:/qlib_prj/qlib_baseline/outputs/factor_evaluation_batch_v1/alpha158_remaining138/runs/batch_007/jqfactor_analyzer/alpha158_CORR5/mean_return_by_quantile.csv
jqfactor_analyzer,alpha158_CORR5,20D,5,0.0007328868914421,-0.0028684874570384,-0.0036013743484805,-0.7,E:/qlib_prj/qlib_baseline/outputs/factor_evaluation_batch_v1/alpha158_remaining138/runs/batch_007/jqfactor_analyzer/alpha158_CORR5/mean_return_by_quantile.csv
jqfactor_analyzer,alpha158_CORR60,10D,5,-0.0010248278841286,-0.0007003902992309,0.00032443758489770005,0.09999999999999999,E:/qlib_prj/qlib_baseline/outputs/factor_evaluation_batch_v1/alpha158_remaining138/runs/batch_008/jqfactor_analyzer/alpha158_CORR60/mean_return_by_quantile.csv
jqfactor_analyzer,alpha158_CORR60,20D,5,-0.002185603287807,-0.0034590085708105,-0.0012734052830035,-0.39999999999999997,E:/qlib_prj/qlib_baseline/outputs/factor_evaluation_batch_v1/alpha158_remaining138/runs/batch_008/jqfactor_analyzer/alpha158_CORR60/mean_return_by_quantile.csv
jqfactor_analyzer,alpha158_HIGH0,10D,5,-0.0002728196377152,-0.0015560730458896,-0.0012832534081744,-0.39999999999999997,E:/qlib_prj/qlib_baseline/outputs/factor_evaluation_v4/alpha158_first20_smoke/jqfactor_analyzer/alpha158_HIGH0/mean_return_by_quantile.csv
jqfactor_analyzer,alpha158_HIGH0,20D,5,-0.0002785527042418,-0.0040640593275585,-0.0037855066233167005,-0.7,E:/qlib_prj/qlib_baseline/outputs/factor_evaluation_v4/alpha158_first20_smoke/jqfactor_analyzer/alpha158_HIGH0/mean_return_by_quantile.csv
jqfactor_analyzer,alpha158_IMAX10,10D,5,-0.0008561610367873,-0.0054830684731078,-0.0046269074363205,-0.7,E:/qlib_prj/qlib_baseline/outputs/factor_evaluation_batch_v1/alpha158_remaining138/runs/batch_006/jqfactor_analyzer/alpha158_IMAX10/mean_return_by_quantile.csv
jqfactor_analyzer,alpha158_IMAX10,20D,5,-0.0013610424780901,-0.0080980352725213,-0.0067369927944312,-0.9999999999999999,E:/qlib_prj/qlib_baseline/outputs/factor_evaluation_batch_v1/alpha158_remaining138/runs/batch_006/jqfactor_analyzer/alpha158_IMAX10/mean_return_by_quantile.csv
jqfactor_analyzer,alpha158_IMAX20,10D,5,-0.0004207976160721,-0.0025935535853296,-0.0021727559692575,-0.09999999999999999,E:/qlib_prj/qlib_baseline/outputs/factor_evaluation_batch_v1/alpha158_remaining138/runs/batch_006/jqfactor_analyzer/alpha158_IMAX20/mean_return_by_quantile.csv
jqfactor_analyzer,alpha158_IMAX20,20D,5,0.0008713819451929,-0.0034282284185621,-0.004299610363755,-0.8999999999999998,E:/qlib_prj/qlib_baseline/outputs/factor_evaluation_batch_v1/alpha158_remaining138/runs/batch_006/jqfactor_analyzer/alpha158_IMAX20/mean_return_by_quantile.csv
jqfactor_analyzer,alpha158_IMAX30,10D,5,0.0027612785823422,-0.002145144457872,-0.0049064230402142,-0.7,E:/qlib_prj/qlib_baseline/outputs/factor_evaluation_batch_v1/alpha158_remaining138/runs/batch_006/jqfactor_analyzer/alpha158_IMAX30/mean_return_by_quantile.csv
jqfactor_analyzer,alpha158_IMAX30,20D,5,0.0048104871858271,-0.005844535700135,-0.010655022885962099,-0.8999999999999998,E:/qlib_prj/qlib_baseline/outputs/factor_evaluation_batch_v1/alpha158_remaining138/runs/batch_006/jqfactor_analyzer/alpha158_IMAX30/mean_return_by_quantile.csv
jqfactor_analyzer,alpha158_IMAX5,10D,5,-0.0002025613624817,-0.01041968184086,-0.0102171204783783,-0.9999999999999999,E:/qlib_prj/qlib_baseline/outputs/factor_evaluation_batch_v1/alpha158_remaining138/runs/batch_006/jqfactor_analyzer/alpha158_IMAX5/mean_return_by_quantile.csv
jqfactor_analyzer,alpha158_IMAX5,20D,5,-0.0018344162476325,-0.0159954837502712,-0.014161067502638701,-0.8999999999999998,E:/qlib_prj/qlib_baseline/outputs/factor_evaluation_batch_v1/alpha158_remaining138/runs/batch_006/jqfactor_analyzer/alpha158_IMAX5/mean_return_by_quantile.csv
jqfactor_analyzer,alpha158_IMAX60,10D,5,-8.702450338668658e-05,-0.0027201222963515,-0.002633097792964813,-0.7,E:/qlib_prj/qlib_baseline/outputs/factor_evaluation_batch_v1/alpha158_remaining138/runs/batch_006/jqfactor_analyzer/alpha158_IMAX60/mean_return_by_quantile.csv
jqfactor_analyzer,alpha158_IMAX60,20D,5,0.000426886360799,-0.0070126110133369,-0.0074394973741359,-0.6,E:/qlib_prj/qlib_baseline/outputs/factor_evaluation_batch_v1/alpha158_remaining138/runs/batch_006/jqfactor_analyzer/alpha158_IMAX60/mean_return_by_quantile.csv
jqfactor_analyzer,alpha158_IMIN10,10D,5,-0.001408970295293,-0.0102130516546449,-0.0088040813593519,-0.7,E:/qlib_prj/qlib_baseline/outputs/factor_evaluation_batch_v1/alpha158_remaining138/runs/batch_006/jqfactor_analyzer/alpha158_IMIN10/mean_return_by_quantile.csv
jqfactor_analyzer,alpha158_IMIN10,20D,5,-0.0029666961191653,-0.0056030784201956,-0.0026363823010302997,-0.3,E:/qlib_prj/qlib_baseline/outputs/factor_evaluation_batch_v1/alpha158_remaining138/runs/batch_006/jqfactor_analyzer/alpha158_IMIN10/mean_return_by_quantile.csv
jqfactor_analyzer,alpha158_IMIN20,10D,5,-0.0016438750668768,-0.0062701871710642,-0.0046263121041874005,-0.39999999999999997,E:/qlib_prj/qlib_baseline/outputs/factor_evaluation_batch_v1/alpha158_remaining138/runs/batch_007/jqfactor_analyzer/alpha158_IMIN20/mean_return_by_quantile.csv
jqfactor_analyzer,alpha158_IMIN20,20D,5,-0.0045980418813647,-0.0015813471942412,0.0030166946871235,0.7,E:/qlib_prj/qlib_baseline/outputs/factor_evaluation_batch_v1/alpha158_remaining138/runs/batch_007/jqfactor_analyzer/alpha158_IMIN20/mean_return_by_quantile.csv
jqfactor_analyzer,alpha158_IMIN30,10D,5,-0.002574480961968,-0.0014663479073132,0.0011081330546548,0.39999999999999997,E:/qlib_prj/qlib_baseline/outputs/factor_evaluation_batch_v1/alpha158_remaining138/runs/batch_007/jqfactor_analyzer/alpha158_IMIN30/mean_return_by_quantile.csv
jqfactor_analyzer,alpha158_IMIN30,20D,5,-0.0063999518843661,0.001776604202257,0.0081765560866231,0.9999999999999999,E:/qlib_prj/qlib_baseline/outputs/factor_evaluation_batch_v1/alpha158_remaining138/runs/batch_007/jqfactor_analyzer/alpha158_IMIN30/mean_return_by_quantile.csv
jqfactor_analyzer,alpha158_IMIN5,10D,4,-0.0012105815973766,-0.0005449780760514,0.0006656035213252001,0.39999999999999997,E:/qlib_prj/qlib_baseline/outputs/factor_evaluation_batch_v1/alpha158_remaining138/runs/batch_006/jqfactor_analyzer/alpha158_IMIN5/mean_return_by_quantile.csv
jqfactor_analyzer,alpha158_IMIN5,20D,4,-0.0019047496653581,-0.0059323085661504,-0.0040275589007923,-1.0,E:/qlib_prj/qlib_baseline/outputs/factor_evaluation_batch_v1/alpha158_remaining138/runs/batch_006/jqfactor_analyzer/alpha158_IMIN5/mean_return_by_quantile.csv
jqfactor_analyzer,alpha158_IMIN60,10D,5,-0.0042695499436592,0.0001268354913346,0.004396385434993801,0.7,E:/qlib_prj/qlib_baseline/outputs/factor_evaluation_batch_v1/alpha158_remaining138/runs/batch_007/jqfactor_analyzer/alpha158_IMIN60/mean_return_by_quantile.csv
jqfactor_analyzer,alpha158_IMIN60,20D,5,-0.0076576403813582,0.0033058981791631,0.0109635385605213,0.8999999999999998,E:/qlib_prj/qlib_baseline/outputs/factor_evaluation_batch_v1/alpha158_remaining138/runs/batch_007/jqfactor_analyzer/alpha158_IMIN60/mean_return_by_quantile.csv
jqfactor_analyzer,alpha158_IMXD10,10D,5,-0.0003741067221424,-0.0028860185005952,-0.0025119117784528,-0.7,E:/qlib_prj/qlib_baseline/outputs/factor_evaluation_batch_v1/alpha158_remaining138/runs/batch_007/jqfactor_analyzer/alpha158_IMXD10/mean_return_by_quantile.csv
jqfactor_analyzer,alpha158_IMXD10,20D,5,-0.0008916097449383,-0.0035704382326827,-0.0026788284877444,-0.8999999999999998,E:/qlib_prj/qlib_baseline/outputs/factor_evaluation_batch_v1/alpha158_remaining138/runs/batch_007/jqfactor_analyzer/alpha158_IMXD10/mean_return_by_quantile.csv
jqfactor_analyzer,alpha158_IMXD20,10D,5,0.0002990100931467,-0.0018300771655962,-0.0021290872587429,-0.49999999999999994,E:/qlib_prj/qlib_baseline/outputs/factor_evaluation_batch_v1/alpha158_remaining138/runs/batch_007/jqfactor_analyzer/alpha158_IMXD20/mean_return_by_quantile.csv
jqfactor_analyzer,alpha158_IMXD20,20D,5,0.0017136238759236,-0.0049398820093261,-0.0066535058852497005,-0.9999999999999999,E:/qlib_prj/qlib_baseline/outputs/factor_evaluation_batch_v1/alpha158_remaining138/runs/batch_007/jqfactor_analyzer/alpha158_IMXD20/mean_return_by_quantile.csv
jqfactor_analyzer,alpha158_IMXD30,10D,5,0.0024922381794416,-0.0026984712715313,-0.0051907094509729,-0.8999999999999998,E:/qlib_prj/qlib_baseline/outputs/factor_evaluation_batch_v1/alpha158_remaining138/runs/batch_007/jqfactor_analyzer/alpha158_IMXD30/mean_return_by_quantile.csv
jqfactor_analyzer,alpha158_IMXD30,20D,5,0.0051673748905876,-0.0068684677839056,-0.012035842674493199,-0.9999999999999999,E:/qlib_prj/qlib_baseline/outputs/factor_evaluation_batch_v1/alpha158_remaining138/runs/batch_007/jqfactor_analyzer/alpha158_IMXD30/mean_return_by_quantile.csv
jqfactor_analyzer,alpha158_IMXD5,10D,5,6.58932701065898e-05,-0.0027403628359844,-0.0028062561060909898,-0.7999999999999999,E:/qlib_prj/qlib_baseline/outputs/factor_evaluation_batch_v1/alpha158_remaining138/runs/batch_007/jqfactor_analyzer/alpha158_IMXD5/mean_return_by_quantile.csv
jqfactor_analyzer,alpha158_IMXD5,20D,5,-0.0016011287226544,-0.0031402176455724,-0.0015390889229180001,-0.7999999999999999,E:/qlib_prj/qlib_baseline/outputs/factor_evaluation_batch_v1/alpha158_remaining138/runs/batch_007/jqfactor_analyzer/alpha158_IMXD5/mean_return_by_quantile.csv
jqfactor_analyzer,alpha158_IMXD60,10D,5,0.0018156581868679,-0.0056811361772194,-0.0074967943640873,-0.7,E:/qlib_prj/qlib_baseline/outputs/factor_evaluation_batch_v1/alpha158_remaining138/runs/batch_007/jqfactor_analyzer/alpha158_IMXD60/mean_return_by_quantile.csv
jqfactor_analyzer,alpha158_IMXD60,20D,5,0.0033284960435404,-0.0117147359961604,-0.015043232039700798,-0.9999999999999999,E:/qlib_prj/qlib_baseline/outputs/factor_evaluation_batch_v1/alpha158_remaining138/runs/batch_007/jqfactor_analyzer/alpha158_IMXD60/mean_return_by_quantile.csv
jqfactor_analyzer,alpha158_KLEN,10D,5,0.0003615575799669,-0.003431855864277,-0.0037934134442439,0.0,E:/qlib_prj/qlib_baseline/outputs/factor_evaluation_v4/alpha158_first20_smoke/jqfactor_analyzer/alpha158_KLEN/mean_return_by_quantile.csv
jqfactor_analyzer,alpha158_KLEN,20D,5,0.0011722267704054,-0.006979736027269,-0.0081519627976744,-0.8999999999999998,E:/qlib_prj/qlib_baseline/outputs/factor_evaluation_v4/alpha158_first20_smoke/jqfactor_analyzer/alpha158_KLEN/mean_return_by_quantile.csv
jqfactor_analyzer,alpha158_KLOW,10D,5,0.0003607842932938,-0.0027166407247444,-0.0030774250180382002,-0.7,E:/qlib_prj/qlib_baseline/outputs/factor_evaluation_v4/alpha158_first20_smoke/jqfactor_analyzer/alpha158_KLOW/mean_return_by_quantile.csv
jqfactor_analyzer,alpha158_KLOW,20D,5,0.0002181417175334,-0.0062109595217793,-0.006429101239312699,-0.7,E:/qlib_prj/qlib_baseline/outputs/factor_evaluation_v4/alpha158_first20_smoke/jqfactor_analyzer/alpha158_KLOW/mean_return_by_quantile.csv
jqfactor_analyzer,alpha158_KLOW2,10D,5,0.0001482287451779,-0.0004503596353193,-0.0005985883804972,-0.7999999999999999,E:/qlib_prj/qlib_baseline/outputs/factor_evaluation_v4/alpha158_first20_smoke/jqfactor_analyzer/alpha158_KLOW2/mean_return_by_quantile.csv
jqfactor_analyzer,alpha158_KLOW2,20D,5,-0.0002970510660796,-0.0021903595283626,-0.0018933084622829999,-0.8999999999999998,E:/qlib_prj/qlib_baseline/outputs/factor_evaluation_v4/alpha158_first20_smoke/jqfactor_analyzer/alpha158_KLOW2/mean_return_by_quantile.csv
jqfactor_analyzer,alpha158_KMID,10D,5,0.0001116610437539,-0.0025304398988088,-0.0026421009425627003,-0.3,E:/qlib_prj/qlib_baseline/outputs/factor_evaluation_v4/alpha158_first20_smoke/jqfactor_analyzer/alpha158_KMID/mean_return_by_quantile.csv
jqfactor_analyzer,alpha158_KMID,20D,5,-0.001429208605927,-0.0043079848898001,-0.0028787762838731,0.0,E:/qlib_prj/qlib_baseline/outputs/factor_evaluation_v4/alpha158_first20_smoke/jqfactor_analyzer/alpha158_KMID/mean_return_by_quantile.csv
jqfactor_analyzer,alpha158_KMID2,10D,5,0.0004498101244474,-0.0012903571087486,-0.001740167233196,-0.9999999999999999,E:/qlib_prj/qlib_baseline/outputs/factor_evaluation_v4/alpha158_first20_smoke/jqfactor_analyzer/alpha158_KMID2/mean_return_by_quantile.csv
jqfactor_analyzer,alpha158_KMID2,20D,5,-0.0005509882256127,-0.0019244469274577,-0.001373458701845,-0.49999999999999994,E:/qlib_prj/qlib_baseline/outputs/factor_evaluation_v4/alpha158_first20_smoke/jqfactor_analyzer/alpha158_KMID2/mean_return_by_quantile.csv
jqfactor_analyzer,alpha158_KSFT,10D,5,-0.0001649830572953,-0.0021279844753581,-0.0019630014180628,-0.09999999999999999,E:/qlib_prj/qlib_baseline/outputs/factor_evaluation_v4/alpha158_first20_smoke/jqfactor_analyzer/alpha158_KSFT/mean_return_by_quantile.csv
jqfactor_analyzer,alpha158_KSFT,20D,5,-0.0012903485865251,-0.003998476273662,-0.0027081276871369,-0.09999999999999999,E:/qlib_prj/qlib_baseline/outputs/factor_evaluation_v4/alpha158_first20_smoke/jqfactor_analyzer/alpha158_KSFT/mean_return_by_quantile.csv
jqfactor_analyzer,alpha158_KSFT2,10D,5,0.0002946080516026,-0.0014580348257453,-0.0017526428773479,-0.49999999999999994,E:/qlib_prj/qlib_baseline/outputs/factor_evaluation_v4/alpha158_first20_smoke/jqfactor_analyzer/alpha158_KSFT2/mean_return_by_quantile.csv
jqfactor_analyzer,alpha158_KSFT2,20D,5,-0.0002864525979588,-0.0027272558024936,-0.0024408032045347998,-0.7,E:/qlib_prj/qlib_baseline/outputs/factor_evaluation_v4/alpha158_first20_smoke/jqfactor_analyzer/alpha158_KSFT2/mean_return_by_quantile.csv
jqfactor_analyzer,alpha158_KUP,10D,5,-0.0001198460344992,-0.0028532036969544,-0.0027333576624551997,-0.39999999999999997,E:/qlib_prj/qlib_baseline/outputs/factor_evaluation_v4/alpha158_first20_smoke/jqfactor_analyzer/alpha158_KUP/mean_return_by_quantile.csv
jqfactor_analyzer,alpha158_KUP,20D,5,-0.0006592870402995,-0.0052465400033247,-0.0045872529630251995,-0.7,E:/qlib_prj/qlib_baseline/outputs/factor_evaluation_v4/alpha158_first20_smoke/jqfactor_analyzer/alpha158_KUP/mean_return_by_quantile.csv
jqfactor_analyzer,alpha158_KUP2,10D,5,-0.0003452328714646,-0.0007855713486566,-0.000440338477192,-0.7,E:/qlib_prj/qlib_baseline/outputs/factor_evaluation_v4/alpha158_first20_smoke/jqfactor_analyzer/alpha158_KUP2/mean_return_by_quantile.csv
jqfactor_analyzer,alpha158_KUP2,20D,5,-0.0014918169280849,-0.0014835725010043,8.244427080599968e-06,-0.19999999999999998,E:/qlib_prj/qlib_baseline/outputs/factor_evaluation_v4/alpha158_first20_smoke/jqfactor_analyzer/alpha158_KUP2/mean_return_by_quantile.csv
jqfactor_analyzer,alpha158_LOW0,10D,5,-0.0031365462055402,0.0001534099714126,0.0032899561769527998,0.09999999999999999,E:/qlib_prj/qlib_baseline/outputs/factor_evaluation_v4/alpha158_first20_smoke/jqfactor_analyzer/alpha158_LOW0/mean_return_by_quantile.csv
jqfactor_analyzer,alpha158_LOW0,20D,5,-0.0060743878119361,0.0001330072014925,0.0062073950134285995,0.7,E:/qlib_prj/qlib_baseline/outputs/factor_evaluation_v4/alpha158_first20_smoke/jqfactor_analyzer/alpha158_LOW0/mean_return_by_quantile.csv
jqfactor_analyzer,alpha158_MA10,10D,5,-0.003639651760163,0.0006378028783464,0.0042774546385094,0.09999999999999999,E:/qlib_prj/qlib_baseline/outputs/factor_evaluation_v4/alpha158_first20_smoke/jqfactor_analyzer/alpha158_MA10/mean_return_by_quantile.csv
jqfactor_analyzer,alpha158_MA10,20D,5,-0.0057809345873402,-0.000548488559918,0.0052324460274222,0.0,E:/qlib_prj/qlib_baseline/outputs/factor_evaluation_v4/alpha158_first20_smoke/jqfactor_analyzer/alpha158_MA10/mean_return_by_quantile.csv
jqfactor_analyzer,alpha158_MA20,10D,5,-0.0037674124368352,0.0004978344029477,0.0042652468397829,0.0,E:/qlib_prj/qlib_baseline/outputs/factor_evaluation_batch_v1/alpha158_remaining138/runs/batch_001/jqfactor_analyzer/alpha158_MA20/mean_return_by_quantile.csv
jqfactor_analyzer,alpha158_MA20,20D,5,-0.0071849917682862,0.0006277780951122,0.0078127698633984,0.7,E:/qlib_prj/qlib_baseline/outputs/factor_evaluation_batch_v1/alpha158_remaining138/runs/batch_001/jqfactor_analyzer/alpha158_MA20/mean_return_by_quantile.csv
jqfactor_analyzer,alpha158_MA30,10D,5,-0.0046108732436973,0.0008500409700105,0.0054609142137078,0.09999999999999999,E:/qlib_prj/qlib_baseline/outputs/factor_evaluation_batch_v1/alpha158_remaining138/runs/batch_001/jqfactor_analyzer/alpha158_MA30/mean_return_by_quantile.csv
jqfactor_analyzer,alpha158_MA30,20D,5,-0.0086909576124026,0.0020467456486173,0.0107377032610199,0.6,E:/qlib_prj/qlib_baseline/outputs/factor_evaluation_batch_v1/alpha158_remaining138/runs/batch_001/jqfactor_analyzer/alpha158_MA30/mean_return_by_quantile.csv
jqfactor_analyzer,alpha158_MA5,10D,5,-0.0029903994762766,0.000436850264892,0.0034272497411686003,0.0,E:/qlib_prj/qlib_baseline/outputs/factor_evaluation_v4/alpha158_first20_smoke/jqfactor_analyzer/alpha158_MA5/mean_return_by_quantile.csv
jqfactor_analyzer,alpha158_MA5,20D,5,-0.0047882099132822,-0.0014481722215833,0.0033400376916988997,0.0,E:/qlib_prj/qlib_baseline/outputs/factor_evaluation_v4/alpha158_first20_smoke/jqfactor_analyzer/alpha158_MA5/mean_return_by_quantile.csv
jqfactor_analyzer,alpha158_MA60,10D,5,-0.0054479807816228,0.0023608224704007,0.007808803252023501,0.8999999999999998,E:/qlib_prj/qlib_baseline/outputs/factor_evaluation_batch_v1/alpha158_remaining138/runs/batch_001/jqfactor_analyzer/alpha158_MA60/mean_return_by_quantile.csv
jqfactor_analyzer,alpha158_MA60,20D,5,-0.0113349420005854,0.0037148517055121,0.0150497937060975,0.9999999999999999,E:/qlib_prj/qlib_baseline/outputs/factor_evaluation_batch_v1/alpha158_remaining138/runs/batch_001/jqfactor_analyzer/alpha158_MA60/mean_return_by_quantile.csv
jqfactor_analyzer,alpha158_MAX10,10D,5,0.0003794482417091,-0.000430346133195,-0.0008097943749041,0.0,E:/qlib_prj/qlib_baseline/outputs/factor_evaluation_batch_v1/alpha158_remaining138/runs/batch_003/jqfactor_analyzer/alpha158_MAX10/mean_return_by_quantile.csv
jqfactor_analyzer,alpha158_MAX10,20D,5,0.001318055768128,-0.0022458412832911,-0.0035638970514190998,-0.8999999999999998,E:/qlib_prj/qlib_baseline/outputs/factor_evaluation_batch_v1/alpha158_remaining138/runs/batch_003/jqfactor_analyzer/alpha158_MAX10/mean_return_by_quantile.csv
jqfactor_analyzer,alpha158_MAX20,10D,5,0.000766666817994,-0.0002006334158834,-0.0009673002338774,-0.49999999999999994,E:/qlib_prj/qlib_baseline/outputs/factor_evaluation_batch_v1/alpha158_remaining138/runs/batch_003/jqfactor_analyzer/alpha158_MAX20/mean_return_by_quantile.csv
jqfactor_analyzer,alpha158_MAX20,20D,5,0.0005744924501299,-0.0007847831839129,-0.0013592756340428,-0.09999999999999999,E:/qlib_prj/qlib_baseline/outputs/factor_evaluation_batch_v1/alpha158_remaining138/runs/batch_003/jqfactor_analyzer/alpha158_MAX20/mean_return_by_quantile.csv
jqfactor_analyzer,alpha158_MAX30,10D,5,0.0003245898618339,0.0005290538628112,0.00020446400097730001,0.3,E:/qlib_prj/qlib_baseline/outputs/factor_evaluation_batch_v1/alpha158_remaining138/runs/batch_003/jqfactor_analyzer/alpha158_MAX30/mean_return_by_quantile.csv
jqfactor_analyzer,alpha158_MAX30,20D,5,-0.0001739655405876,0.0008517446862645,0.0010257102268521,0.39999999999999997,E:/qlib_prj/qlib_baseline/outputs/factor_evaluation_batch_v1/alpha158_remaining138/runs/batch_003/jqfactor_analyzer/alpha158_MAX30/mean_return_by_quantile.csv
jqfactor_analyzer,alpha158_MAX5,10D,5,0.0003751311200516,-0.0003642356831684,-0.00073936680322,-0.7,E:/qlib_prj/qlib_baseline/outputs/factor_evaluation_batch_v1/alpha158_remaining138/runs/batch_003/jqfactor_analyzer/alpha158_MAX5/mean_return_by_quantile.csv
jqfactor_analyzer,alpha158_MAX5,20D,5,0.0010841535633397,-0.00284535239539,-0.0039295059587297,-0.8999999999999998,E:/qlib_prj/qlib_baseline/outputs/factor_evaluation_batch_v1/alpha158_remaining138/runs/batch_003/jqfactor_analyzer/alpha158_MAX5/mean_return_by_quantile.csv
jqfactor_analyzer,alpha158_MAX60,10D,5,-0.0009371097186945,0.0012727448471477,0.0022098545658422,0.7,E:/qlib_prj/qlib_baseline/outputs/factor_evaluation_batch_v1/alpha158_remaining138/runs/batch_003/jqfactor_analyzer/alpha158_MAX60/mean_return_by_quantile.csv
jqfactor_analyzer,alpha158_MAX60,20D,5,-0.0032396485769788,0.0011614541560156,0.0044011027329944,0.8999999999999998,E:/qlib_prj/qlib_baseline/outputs/factor_evaluation_batch_v1/alpha158_remaining138/runs/batch_003/jqfactor_analyzer/alpha158_MAX60/mean_return_by_quantile.csv
jqfactor_analyzer,alpha158_MIN10,10D,5,-0.004099596171712,0.0001870462621879,0.0042866424338999,0.3,E:/qlib_prj/qlib_baseline/outputs/factor_evaluation_batch_v1/alpha158_remaining138/runs/batch_003/jqfactor_analyzer/alpha158_MIN10/mean_return_by_quantile.csv
jqfactor_analyzer,alpha158_MIN10,20D,5,-0.0076051804968401,0.0005198581463226,0.0081250386431627,0.6,E:/qlib_prj/qlib_baseline/outputs/factor_evaluation_batch_v1/alpha158_remaining138/runs/batch_003/jqfactor_analyzer/alpha158_MIN10/mean_return_by_quantile.csv
jqfactor_analyzer,alpha158_MIN20,10D,5,-0.0044913795244665,-0.0002258633912343,0.0042655161332322,0.09999999999999999,E:/qlib_prj/qlib_baseline/outputs/factor_evaluation_batch_v1/alpha158_remaining138/runs/batch_004/jqfactor_analyzer/alpha158_MIN20/mean_return_by_quantile.csv
jqfactor_analyzer,alpha158_MIN20,20D,5,-0.0080852852827402,0.0010516876932627,0.0091369729760029,0.9999999999999999,E:/qlib_prj/qlib_baseline/outputs/factor_evaluation_batch_v1/alpha158_remaining138/runs/batch_004/jqfactor_analyzer/alpha158_MIN20/mean_return_by_quantile.csv
jqfactor_analyzer,alpha158_MIN30,10D,5,-0.0044824422501735,1.9653605614616693e-05,0.004502095855788116,0.09999999999999999,E:/qlib_prj/qlib_baseline/outputs/factor_evaluation_batch_v1/alpha158_remaining138/runs/batch_004/jqfactor_analyzer/alpha158_MIN30/mean_return_by_quantile.csv
jqfactor_analyzer,alpha158_MIN30,20D,5,-0.0090144992174809,0.001784705385339,0.0107992046028199,0.9999999999999999,E:/qlib_prj/qlib_baseline/outputs/factor_evaluation_batch_v1/alpha158_remaining138/runs/batch_004/jqfactor_analyzer/alpha158_MIN30/mean_return_by_quantile.csv
jqfactor_analyzer,alpha158_MIN5,10D,5,-0.0041862413718676,0.0004168572827884,0.004603098654656,0.3,E:/qlib_prj/qlib_baseline/outputs/factor_evaluation_batch_v1/alpha158_remaining138/runs/batch_003/jqfactor_analyzer/alpha158_MIN5/mean_return_by_quantile.csv
jqfactor_analyzer,alpha158_MIN5,20D,5,-0.0074409251853428,0.000394027135922,0.0078349523212648,0.3,E:/qlib_prj/qlib_baseline/outputs/factor_evaluation_batch_v1/alpha158_remaining138/runs/batch_003/jqfactor_analyzer/alpha158_MIN5/mean_return_by_quantile.csv
jqfactor_analyzer,alpha158_MIN60,10D,5,-0.0055388432636577,0.0009460067880783,0.0064848500517359995,0.7,E:/qlib_prj/qlib_baseline/outputs/factor_evaluation_batch_v1/alpha158_remaining138/runs/batch_004/jqfactor_analyzer/alpha158_MIN60/mean_return_by_quantile.csv
jqfactor_analyzer,alpha158_MIN60,20D,5,-0.0110536624442022,0.0027230866922164,0.0137767491364186,0.8999999999999998,E:/qlib_prj/qlib_baseline/outputs/factor_evaluation_batch_v1/alpha158_remaining138/runs/batch_004/jqfactor_analyzer/alpha158_MIN60/mean_return_by_quantile.csv
jqfactor_analyzer,alpha158_OPEN0,10D,5,-0.002526514148826,0.000101761376974,0.0026282755257999997,0.3,E:/qlib_prj/qlib_baseline/outputs/factor_evaluation_v4/alpha158_first20_smoke/jqfactor_analyzer/alpha158_OPEN0/mean_return_by_quantile.csv
jqfactor_analyzer,alpha158_OPEN0,20D,5,-0.0043002719963053,-0.001418790855725,0.0028814811405803,0.0,E:/qlib_prj/qlib_baseline/outputs/factor_evaluation_v4/alpha158_first20_smoke/jqfactor_analyzer/alpha158_OPEN0/mean_return_by_quantile.csv
jqfactor_analyzer,alpha158_QTLD10,10D,5,-0.0039229977900512,0.0005023543291451,0.0044253521191963,0.09999999999999999,E:/qlib_prj/qlib_baseline/outputs/factor_evaluation_batch_v1/alpha158_remaining138/runs/batch_004/jqfactor_analyzer/alpha158_QTLD10/mean_return_by_quantile.csv
jqfactor_analyzer,alpha158_QTLD10,20D,5,-0.0065502217509652,-0.0006332280910333,0.0059169936599319,0.3,E:/qlib_prj/qlib_baseline/outputs/factor_evaluation_batch_v1/alpha158_remaining138/runs/batch_004/jqfactor_analyzer/alpha158_QTLD10/mean_return_by_quantile.csv
jqfactor_analyzer,alpha158_QTLD20,10D,5,-0.0042574972891024,0.0005168142256307,0.0047743115147331,0.09999999999999999,E:/qlib_prj/qlib_baseline/outputs/factor_evaluation_batch_v1/alpha158_remaining138/runs/batch_005/jqfactor_analyzer/alpha158_QTLD20/mean_return_by_quantile.csv
jqfactor_analyzer,alpha158_QTLD20,20D,5,-0.0078708139629494,0.0010282068912159,0.0088990208541653,0.7,E:/qlib_prj/qlib_baseline/outputs/factor_evaluation_batch_v1/alpha158_remaining138/runs/batch_005/jqfactor_analyzer/alpha158_QTLD20/mean_return_by_quantile.csv
jqfactor_analyzer,alpha158_QTLD30,10D,5,-0.0044378849226804,0.0008359702663587,0.0052738551890391,0.0,E:/qlib_prj/qlib_baseline/outputs/factor_evaluation_batch_v1/alpha158_remaining138/runs/batch_005/jqfactor_analyzer/alpha158_QTLD30/mean_return_by_quantile.csv
jqfactor_analyzer,alpha158_QTLD30,20D,5,-0.0086660133699237,0.002215240523528,0.010881253893451698,0.8999999999999998,E:/qlib_prj/qlib_baseline/outputs/factor_evaluation_batch_v1/alpha158_remaining138/runs/batch_005/jqfactor_analyzer/alpha158_QTLD30/mean_return_by_quantile.csv
jqfactor_analyzer,alpha158_QTLD5,10D,5,-0.0033210708209146,0.000832352492691,0.0041534233136056,0.09999999999999999,E:/qlib_prj/qlib_baseline/outputs/factor_evaluation_batch_v1/alpha158_remaining138/runs/batch_004/jqfactor_analyzer/alpha158_QTLD5/mean_return_by_quantile.csv
jqfactor_analyzer,alpha158_QTLD5,20D,5,-0.0055422757997827,-0.0006760188589976,0.0048662569407851,0.0,E:/qlib_prj/qlib_baseline/outputs/factor_evaluation_batch_v1/alpha158_remaining138/runs/batch_004/jqfactor_analyzer/alpha158_QTLD5/mean_return_by_quantile.csv
jqfactor_analyzer,alpha158_QTLD60,10D,5,-0.0057810915740955,0.0018809646386155,0.007662056212711,0.7,E:/qlib_prj/qlib_baseline/outputs/factor_evaluation_batch_v1/alpha158_remaining138/runs/batch_005/jqfactor_analyzer/alpha158_QTLD60/mean_return_by_quantile.csv
jqfactor_analyzer,alpha158_QTLD60,20D,5,-0.011654492963757,0.0035813956734469,0.0152358886372039,0.9999999999999999,E:/qlib_prj/qlib_baseline/outputs/factor_evaluation_batch_v1/alpha158_remaining138/runs/batch_005/jqfactor_analyzer/alpha158_QTLD60/mean_return_by_quantile.csv
jqfactor_analyzer,alpha158_QTLU10,10D,5,-0.0027393935790095,0.0003939831558458,0.0031333767348553,0.0,E:/qlib_prj/qlib_baseline/outputs/factor_evaluation_batch_v1/alpha158_remaining138/runs/batch_004/jqfactor_analyzer/alpha158_QTLU10/mean_return_by_quantile.csv
jqfactor_analyzer,alpha158_QTLU10,20D,5,-0.0037755338318457,-0.0011833712552793,0.0025921625765664,0.0,E:/qlib_prj/qlib_baseline/outputs/factor_evaluation_batch_v1/alpha158_remaining138/runs/batch_004/jqfactor_analyzer/alpha158_QTLU10/mean_return_by_quantile.csv
jqfactor_analyzer,alpha158_QTLU20,10D,5,-0.0029192336649218,0.0001230452405231,0.0030422789054449003,0.09999999999999999,E:/qlib_prj/qlib_baseline/outputs/factor_evaluation_batch_v1/alpha158_remaining138/runs/batch_004/jqfactor_analyzer/alpha158_QTLU20/mean_return_by_quantile.csv
jqfactor_analyzer,alpha158_QTLU20,20D,5,-0.0054006906874941,8.321983656865894e-05,0.005483910524062759,0.3,E:/qlib_prj/qlib_baseline/outputs/factor_evaluation_batch_v1/alpha158_remaining138/runs/batch_004/jqfactor_analyzer/alpha158_QTLU20/mean_return_by_quantile.csv
jqfactor_analyzer,alpha158_QTLU30,10D,5,-0.0036281020999616,0.0008203163209418,0.0044484184209034,0.3,E:/qlib_prj/qlib_baseline/outputs/factor_evaluation_batch_v1/alpha158_remaining138/runs/batch_004/jqfactor_analyzer/alpha158_QTLU30/mean_return_by_quantile.csv
jqfactor_analyzer,alpha158_QTLU30,20D,5,-0.0069345797966783,0.0017539107102922,0.0086884905069705,0.7,E:/qlib_prj/qlib_baseline/outputs/factor_evaluation_batch_v1/alpha158_remaining138/runs/batch_004/jqfactor_analyzer/alpha158_QTLU30/mean_return_by_quantile.csv
jqfactor_analyzer,alpha158_QTLU5,10D,5,-0.0015057686870247,9.047925836540184e-05,0.0015962479453901018,0.09999999999999999,E:/qlib_prj/qlib_baseline/outputs/factor_evaluation_batch_v1/alpha158_remaining138/runs/batch_004/jqfactor_analyzer/alpha158_QTLU5/mean_return_by_quantile.csv
jqfactor_analyzer,alpha158_QTLU5,20D,5,-0.002279885474558,-0.0018162713008473,0.0004636141737106999,0.0,E:/qlib_prj/qlib_baseline/outputs/factor_evaluation_batch_v1/alpha158_remaining138/runs/batch_004/jqfactor_analyzer/alpha158_QTLU5/mean_return_by_quantile.csv
jqfactor_analyzer,alpha158_QTLU60,10D,5,-0.0046813602178508,0.0024739604561484,0.0071553206739992,0.6,E:/qlib_prj/qlib_baseline/outputs/factor_evaluation_batch_v1/alpha158_remaining138/runs/batch_004/jqfactor_analyzer/alpha158_QTLU60/mean_return_by_quantile.csv
jqfactor_analyzer,alpha158_QTLU60,20D,5,-0.0098292892516494,0.0035223255099923,0.0133516147616417,0.9999999999999999,E:/qlib_prj/qlib_baseline/outputs/factor_evaluation_batch_v1/alpha158_remaining138/runs/batch_004/jqfactor_analyzer/alpha158_QTLU60/mean_return_by_quantile.csv
jqfactor_analyzer,alpha158_RANK10,10D,5,-0.0003630298657492,-0.0042131630402745,-0.0038501331745252995,-0.8999999999999998,E:/qlib_prj/qlib_baseline/outputs/factor_evaluation_batch_v1/alpha158_remaining138/runs/batch_005/jqfactor_analyzer/alpha158_RANK10/mean_return_by_quantile.csv
jqfactor_analyzer,alpha158_RANK10,20D,5,-0.0017011444736252,-0.0063133534076372,-0.004612208934012,-0.8999999999999998,E:/qlib_prj/qlib_baseline/outputs/factor_evaluation_batch_v1/alpha158_remaining138/runs/batch_005/jqfactor_analyzer/alpha158_RANK10/mean_return_by_quantile.csv
jqfactor_analyzer,alpha158_RANK20,10D,5,-0.0004034766038549,-0.0040799705902226,-0.0036764939863677005,-0.7,E:/qlib_prj/qlib_baseline/outputs/factor_evaluation_batch_v1/alpha158_remaining138/runs/batch_005/jqfactor_analyzer/alpha158_RANK20/mean_return_by_quantile.csv
jqfactor_analyzer,alpha158_RANK20,20D,5,-0.0002371838156524,-0.0056148991423785,-0.0053777153267261,-0.9999999999999999,E:/qlib_prj/qlib_baseline/outputs/factor_evaluation_batch_v1/alpha158_remaining138/runs/batch_005/jqfactor_analyzer/alpha158_RANK20/mean_return_by_quantile.csv
jqfactor_analyzer,alpha158_RANK30,10D,5,-1.757974181518814e-05,-0.0045178636148692,-0.004500283873054012,-0.7,E:/qlib_prj/qlib_baseline/outputs/factor_evaluation_batch_v1/alpha158_remaining138/runs/batch_005/jqfactor_analyzer/alpha158_RANK30/mean_return_by_quantile.csv
jqfactor_analyzer,alpha158_RANK30,20D,5,0.0010846155121659,-0.0050362944514074,-0.0061209099635733,-0.9999999999999999,E:/qlib_prj/qlib_baseline/outputs/factor_evaluation_batch_v1/alpha158_remaining138/runs/batch_005/jqfactor_analyzer/alpha158_RANK30/mean_return_by_quantile.csv
jqfactor_analyzer,alpha158_RANK5,10D,5,-0.0001565850653872,-0.0060927784704634,-0.0059361934050762,-0.8999999999999998,E:/qlib_prj/qlib_baseline/outputs/factor_evaluation_batch_v1/alpha158_remaining138/runs/batch_005/jqfactor_analyzer/alpha158_RANK5/mean_return_by_quantile.csv
jqfactor_analyzer,alpha158_RANK5,20D,5,-0.0018978556819766,-0.0092445428835584,-0.0073466872015818,-0.8999999999999998,E:/qlib_prj/qlib_baseline/outputs/factor_evaluation_batch_v1/alpha158_remaining138/runs/batch_005/jqfactor_analyzer/alpha158_RANK5/mean_return_by_quantile.csv
jqfactor_analyzer,alpha158_RANK60,10D,5,0.0009570240090106,-0.0044116487343753,-0.0053686727433859,-0.7,E:/qlib_prj/qlib_baseline/outputs/factor_evaluation_batch_v1/alpha158_remaining138/runs/batch_005/jqfactor_analyzer/alpha158_RANK60/mean_return_by_quantile.csv
jqfactor_analyzer,alpha158_RANK60,20D,5,0.0022308320268532,-0.0086600663608019,-0.0108908983876551,-0.8999999999999998,E:/qlib_prj/qlib_baseline/outputs/factor_evaluation_batch_v1/alpha158_remaining138/runs/batch_005/jqfactor_analyzer/alpha158_RANK60/mean_return_by_quantile.csv
jqfactor_analyzer,alpha158_RESI10,10D,5,-0.0005887806762357,-0.0014069462570322,-0.0008181655807965,-0.3,E:/qlib_prj/qlib_baseline/outputs/factor_evaluation_batch_v1/alpha158_remaining138/runs/batch_002/jqfactor_analyzer/alpha158_RESI10/mean_return_by_quantile.csv
jqfactor_analyzer,alpha158_RESI10,20D,5,-0.0025783999942862,-0.0030135759540783,-0.00043517595979209985,-0.09999999999999999,E:/qlib_prj/qlib_baseline/outputs/factor_evaluation_batch_v1/alpha158_remaining138/runs/batch_002/jqfactor_analyzer/alpha158_RESI10/mean_return_by_quantile.csv
jqfactor_analyzer,alpha158_RESI20,10D,5,0.0002412029365369,-0.0021729630209285,-0.0024141659574653997,-0.3,E:/qlib_prj/qlib_baseline/outputs/factor_evaluation_batch_v1/alpha158_remaining138/runs/batch_003/jqfactor_analyzer/alpha158_RESI20/mean_return_by_quantile.csv
jqfactor_analyzer,alpha158_RESI20,20D,5,-0.0027025632279707,-0.0023650089593602,0.00033755426861050005,0.39999999999999997,E:/qlib_prj/qlib_baseline/outputs/factor_evaluation_batch_v1/alpha158_remaining138/runs/batch_003/jqfactor_analyzer/alpha158_RESI20/mean_return_by_quantile.csv
jqfactor_analyzer,alpha158_RESI30,10D,5,-0.0004229292280212,-0.0013093171501086,-0.0008863879220873999,0.0,E:/qlib_prj/qlib_baseline/outputs/factor_evaluation_batch_v1/alpha158_remaining138/runs/batch_003/jqfactor_analyzer/alpha158_RESI30/mean_return_by_quantile.csv
jqfactor_analyzer,alpha158_RESI30,20D,5,-0.0035008996869975,-0.0018988068879357,0.0016020927990618,0.39999999999999997,E:/qlib_prj/qlib_baseline/outputs/factor_evaluation_batch_v1/alpha158_remaining138/runs/batch_003/jqfactor_analyzer/alpha158_RESI30/mean_return_by_quantile.csv
jqfactor_analyzer,alpha158_RESI5,10D,5,-0.0013739523273404,-0.0012629974573657,0.00011095486997469983,0.09999999999999999,E:/qlib_prj/qlib_baseline/outputs/factor_evaluation_batch_v1/alpha158_remaining138/runs/batch_002/jqfactor_analyzer/alpha158_RESI5/mean_return_by_quantile.csv
jqfactor_analyzer,alpha158_RESI5,20D,5,-0.0031633364078413,-0.0030776428257117,8.56935821295997e-05,0.0,E:/qlib_prj/qlib_baseline/outputs/factor_evaluation_batch_v1/alpha158_remaining138/runs/batch_002/jqfactor_analyzer/alpha158_RESI5/mean_return_by_quantile.csv
jqfactor_analyzer,alpha158_RESI60,10D,5,-0.0008127440843016,-0.0020919991485178,-0.0012792550642161998,0.0,E:/qlib_prj/qlib_baseline/outputs/factor_evaluation_batch_v1/alpha158_remaining138/runs/batch_003/jqfactor_analyzer/alpha158_RESI60/mean_return_by_quantile.csv
jqfactor_analyzer,alpha158_RESI60,20D,5,-0.0013771917311357,-0.0036391925721527,-0.002262000841017,-0.09999999999999999,E:/qlib_prj/qlib_baseline/outputs/factor_evaluation_batch_v1/alpha158_remaining138/runs/batch_003/jqfactor_analyzer/alpha158_RESI60/mean_return_by_quantile.csv
jqfactor_analyzer,alpha158_ROC10,10D,5,-0.0037005318267223,8.509029733860463e-05,0.0037856221240609046,0.0,E:/qlib_prj/qlib_baseline/outputs/factor_evaluation_v4/alpha158_first20_smoke/jqfactor_analyzer/alpha158_ROC10/mean_return_by_quantile.csv
jqfactor_analyzer,alpha158_ROC10,20D,5,-0.0064282774444962,-0.0003617163327106,0.0060665611117856,0.0,E:/qlib_prj/qlib_baseline/outputs/factor_evaluation_v4/alpha158_first20_smoke/jqfactor_analyzer/alpha158_ROC10/mean_return_by_quantile.csv
jqfactor_analyzer,alpha158_ROC20,10D,5,-0.0040940062680393,0.0005268401147463,0.0046208463827856,0.19999999999999998,E:/qlib_prj/qlib_baseline/outputs/factor_evaluation_v4/alpha158_first20_smoke/jqfactor_analyzer/alpha158_ROC20/mean_return_by_quantile.csv
jqfactor_analyzer,alpha158_ROC20,20D,5,-0.0081380676606657,0.0013154944617275,0.0094535621223932,0.7,E:/qlib_prj/qlib_baseline/outputs/factor_evaluation_v4/alpha158_first20_smoke/jqfactor_analyzer/alpha158_ROC20/mean_return_by_quantile.csv
jqfactor_analyzer,alpha158_ROC30,10D,5,-0.0046021644791065,0.0020107682070027,0.0066129326861092,0.7,E:/qlib_prj/qlib_baseline/outputs/factor_evaluation_v4/alpha158_first20_smoke/jqfactor_analyzer/alpha158_ROC30/mean_return_by_quantile.csv
jqfactor_analyzer,alpha158_ROC30,20D,5,-0.0099788240967637,0.0042057850354355,0.0141846091321992,0.9999999999999999,E:/qlib_prj/qlib_baseline/outputs/factor_evaluation_v4/alpha158_first20_smoke/jqfactor_analyzer/alpha158_ROC30/mean_return_by_quantile.csv
jqfactor_analyzer,alpha158_ROC5,10D,5,-0.0035109596892124,0.0007849865473698,0.0042959462365822,0.19999999999999998,E:/qlib_prj/qlib_baseline/outputs/factor_evaluation_v4/alpha158_first20_smoke/jqfactor_analyzer/alpha158_ROC5/mean_return_by_quantile.csv
jqfactor_analyzer,alpha158_ROC5,20D,5,-0.0054800038368897,-0.0008346520514776,0.0046453517854121,0.09999999999999999,E:/qlib_prj/qlib_baseline/outputs/factor_evaluation_v4/alpha158_first20_smoke/jqfactor_analyzer/alpha158_ROC5/mean_return_by_quantile.csv
jqfactor_analyzer,alpha158_ROC60,10D,5,-0.0059195441877316,0.0016652455087898,0.0075847896965214,0.8999999999999998,E:/qlib_prj/qlib_baseline/outputs/factor_evaluation_v4/alpha158_first20_smoke/jqfactor_analyzer/alpha158_ROC60/mean_return_by_quantile.csv
jqfactor_analyzer,alpha158_ROC60,20D,5,-0.0115113409622608,0.0027084947216241,0.0142198356838849,0.9999999999999999,E:/qlib_prj/qlib_baseline/outputs/factor_evaluation_v4/alpha158_first20_smoke/jqfactor_analyzer/alpha158_ROC60/mean_return_by_quantile.csv
jqfactor_analyzer,alpha158_RSQR10,10D,5,-0.0008246683423546,0.001303616265584,0.0021282846079386,0.8999999999999998,E:/qlib_prj/qlib_baseline/outputs/factor_evaluation_batch_v1/alpha158_remaining138/runs/batch_002/jqfactor_analyzer/alpha158_RSQR10/mean_return_by_quantile.csv
jqfactor_analyzer,alpha158_RSQR10,20D,5,-0.0022808676336861,0.0008640963729772,0.0031449640066632998,0.9999999999999999,E:/qlib_prj/qlib_baseline/outputs/factor_evaluation_batch_v1/alpha158_remaining138/runs/batch_002/jqfactor_analyzer/alpha158_RSQR10/mean_return_by_quantile.csv
jqfactor_analyzer,alpha158_RSQR20,10D,5,-0.0001161871749742,0.000231306222327,0.0003474933973012,0.6,E:/qlib_prj/qlib_baseline/outputs/factor_evaluation_batch_v1/alpha158_remaining138/runs/batch_002/jqfactor_analyzer/alpha158_RSQR20/mean_return_by_quantile.csv
jqfactor_analyzer,alpha158_RSQR20,20D,5,-0.0013326001741553,0.0004247352062232,0.0017573353803785,0.9999999999999999,E:/qlib_prj/qlib_baseline/outputs/factor_evaluation_batch_v1/alpha158_remaining138/runs/batch_002/jqfactor_analyzer/alpha158_RSQR20/mean_return_by_quantile.csv
jqfactor_analyzer,alpha158_RSQR30,10D,5,-0.0003422780522261,0.0010613632483652,0.0014036413005913,0.7,E:/qlib_prj/qlib_baseline/outputs/factor_evaluation_batch_v1/alpha158_remaining138/runs/batch_002/jqfactor_analyzer/alpha158_RSQR30/mean_return_by_quantile.csv
jqfactor_analyzer,alpha158_RSQR30,20D,5,-0.0018091886423309,0.0012520236086148,0.0030612122509456998,0.7,E:/qlib_prj/qlib_baseline/outputs/factor_evaluation_batch_v1/alpha158_remaining138/runs/batch_002/jqfactor_analyzer/alpha158_RSQR30/mean_return_by_quantile.csv
jqfactor_analyzer,alpha158_RSQR5,10D,5,-0.0011947065634413,0.0012510853904676,0.0024457919539089,0.9999999999999999,E:/qlib_prj/qlib_baseline/outputs/factor_evaluation_batch_v1/alpha158_remaining138/runs/batch_002/jqfactor_analyzer/alpha158_RSQR5/mean_return_by_quantile.csv
jqfactor_analyzer,alpha158_RSQR5,20D,5,-0.0025924933030839,0.000121543337858,0.0027140366409418998,0.8999999999999998,E:/qlib_prj/qlib_baseline/outputs/factor_evaluation_batch_v1/alpha158_remaining138/runs/batch_002/jqfactor_analyzer/alpha158_RSQR5/mean_return_by_quantile.csv
jqfactor_analyzer,alpha158_RSQR60,10D,5,0.0003794129095442,-0.0005113556500507,-0.0008907685595949,-0.7,E:/qlib_prj/qlib_baseline/outputs/factor_evaluation_batch_v1/alpha158_remaining138/runs/batch_002/jqfactor_analyzer/alpha158_RSQR60/mean_return_by_quantile.csv
jqfactor_analyzer,alpha158_RSQR60,20D,5,0.0002622708577002,-0.0026140471990314,-0.0028763180567316,-0.8999999999999998,E:/qlib_prj/qlib_baseline/outputs/factor_evaluation_batch_v1/alpha158_remaining138/runs/batch_002/jqfactor_analyzer/alpha158_RSQR60/mean_return_by_quantile.csv
jqfactor_analyzer,alpha158_RSV10,10D,5,0.0003733067282301,-0.0010975144615051,-0.0014708211897352,-0.7,E:/qlib_prj/qlib_baseline/outputs/factor_evaluation_batch_v1/alpha158_remaining138/runs/batch_005/jqfactor_analyzer/alpha158_RSV10/mean_return_by_quantile.csv
jqfactor_analyzer,alpha158_RSV10,20D,5,-0.0002462072833134,-0.0016625174309143,-0.0014163101476008999,-0.8999999999999998,E:/qlib_prj/qlib_baseline/outputs/factor_evaluation_batch_v1/alpha158_remaining138/runs/batch_005/jqfactor_analyzer/alpha158_RSV10/mean_return_by_quantile.csv
jqfactor_analyzer,alpha158_RSV20,10D,5,-0.0001163963808304,-0.0009446082969091,-0.0008282119160786999,-0.09999999999999999,E:/qlib_prj/qlib_baseline/outputs/factor_evaluation_batch_v1/alpha158_remaining138/runs/batch_006/jqfactor_analyzer/alpha158_RSV20/mean_return_by_quantile.csv
jqfactor_analyzer,alpha158_RSV20,20D,5,0.0002020087939155,-0.0025862138095719,-0.0027882226034873997,-0.9999999999999999,E:/qlib_prj/qlib_baseline/outputs/factor_evaluation_batch_v1/alpha158_remaining138/runs/batch_006/jqfactor_analyzer/alpha158_RSV20/mean_return_by_quantile.csv
jqfactor_analyzer,alpha158_RSV30,10D,5,0.0002619532427464,-0.0015568295295459,-0.0018187827722923001,-0.09999999999999999,E:/qlib_prj/qlib_baseline/outputs/factor_evaluation_batch_v1/alpha158_remaining138/runs/batch_006/jqfactor_analyzer/alpha158_RSV30/mean_return_by_quantile.csv
jqfactor_analyzer,alpha158_RSV30,20D,5,0.0014346802962828,-0.0038240098066483,-0.0052586901029311,-0.9999999999999999,E:/qlib_prj/qlib_baseline/outputs/factor_evaluation_batch_v1/alpha158_remaining138/runs/batch_006/jqfactor_analyzer/alpha158_RSV30/mean_return_by_quantile.csv
jqfactor_analyzer,alpha158_RSV5,10D,5,0.0007918746781563,-0.0011479568040812,-0.0019398314822374999,-0.8999999999999998,E:/qlib_prj/qlib_baseline/outputs/factor_evaluation_batch_v1/alpha158_remaining138/runs/batch_005/jqfactor_analyzer/alpha158_RSV5/mean_return_by_quantile.csv
jqfactor_analyzer,alpha158_RSV5,20D,5,-0.0001313742796799,-0.0017508487918714,-0.0016194745121915,-0.7,E:/qlib_prj/qlib_baseline/outputs/factor_evaluation_batch_v1/alpha158_remaining138/runs/batch_005/jqfactor_analyzer/alpha158_RSV5/mean_return_by_quantile.csv
jqfactor_analyzer,alpha158_RSV60,10D,5,0.0011518053141485,-0.0031308853062499,-0.0042826906203984,-0.8999999999999998,E:/qlib_prj/qlib_baseline/outputs/factor_evaluation_batch_v1/alpha158_remaining138/runs/batch_006/jqfactor_analyzer/alpha158_RSV60/mean_return_by_quantile.csv
jqfactor_analyzer,alpha158_RSV60,20D,5,0.0019003657981453,-0.007549772544633,-0.009450138342778299,-0.8999999999999998,E:/qlib_prj/qlib_baseline/outputs/factor_evaluation_batch_v1/alpha158_remaining138/runs/batch_006/jqfactor_analyzer/alpha158_RSV60/mean_return_by_quantile.csv
jqfactor_analyzer,alpha158_STD10,10D,5,-0.0003048209349234,-0.0016038101473202,-0.0012989892123968002,-0.09999999999999999,E:/qlib_prj/qlib_baseline/outputs/factor_evaluation_batch_v1/alpha158_remaining138/runs/batch_001/jqfactor_analyzer/alpha158_STD10/mean_return_by_quantile.csv
jqfactor_analyzer,alpha158_STD10,20D,5,0.0003045592264646,-0.0038797029884909,-0.0041842622149555,-0.9999999999999999,E:/qlib_prj/qlib_baseline/outputs/factor_evaluation_batch_v1/alpha158_remaining138/runs/batch_001/jqfactor_analyzer/alpha158_STD10/mean_return_by_quantile.csv
jqfactor_analyzer,alpha158_STD20,10D,5,0.0004530105438677,-0.0017812640739909,-0.0022342746178586,-0.49999999999999994,E:/qlib_prj/qlib_baseline/outputs/factor_evaluation_batch_v1/alpha158_remaining138/runs/batch_001/jqfactor_analyzer/alpha158_STD20/mean_return_by_quantile.csv
jqfactor_analyzer,alpha158_STD20,20D,5,0.0011648775858243,-0.0033211922672702,-0.0044860698530945,-0.8999999999999998,E:/qlib_prj/qlib_baseline/outputs/factor_evaluation_batch_v1/alpha158_remaining138/runs/batch_001/jqfactor_analyzer/alpha158_STD20/mean_return_by_quantile.csv
jqfactor_analyzer,alpha158_STD30,10D,5,0.0008365133563998,-0.0007965229638123,-0.0016330363202121,-0.8999999999999998,E:/qlib_prj/qlib_baseline/outputs/factor_evaluation_batch_v1/alpha158_remaining138/runs/batch_001/jqfactor_analyzer/alpha158_STD30/mean_return_by_quantile.csv
jqfactor_analyzer,alpha158_STD30,20D,5,0.0014417340446315,-0.0024718686686625,-0.003913602713294,-0.7,E:/qlib_prj/qlib_baseline/outputs/factor_evaluation_batch_v1/alpha158_remaining138/runs/batch_001/jqfactor_analyzer/alpha158_STD30/mean_return_by_quantile.csv
jqfactor_analyzer,alpha158_STD5,10D,5,0.0001308738161573,-0.0017936823715512,-0.0019245561877085,-0.09999999999999999,E:/qlib_prj/qlib_baseline/outputs/factor_evaluation_batch_v1/alpha158_remaining138/runs/batch_001/jqfactor_analyzer/alpha158_STD5/mean_return_by_quantile.csv
jqfactor_analyzer,alpha158_STD5,20D,5,0.0004949365787803,-0.0043477656720028,-0.0048427022507831,-0.9999999999999999,E:/qlib_prj/qlib_baseline/outputs/factor_evaluation_batch_v1/alpha158_remaining138/runs/batch_001/jqfactor_analyzer/alpha158_STD5/mean_return_by_quantile.csv
jqfactor_analyzer,alpha158_STD60,10D,5,0.0010713908988908,5.951121397367109e-05,-0.001011879684917129,-0.7,E:/qlib_prj/qlib_baseline/outputs/factor_evaluation_batch_v1/alpha158_remaining138/runs/batch_001/jqfactor_analyzer/alpha158_STD60/mean_return_by_quantile.csv
jqfactor_analyzer,alpha158_STD60,20D,5,0.0013108621989565,-0.001576206962062,-0.0028870691610185,-0.7,E:/qlib_prj/qlib_baseline/outputs/factor_evaluation_batch_v1/alpha158_remaining138/runs/batch_001/jqfactor_analyzer/alpha158_STD60/mean_return_by_quantile.csv
jqfactor_analyzer,alpha158_SUMD10,10D,5,-0.0008001829730418,-0.0004998773764969,0.0003003055965449,0.09999999999999999,E:/qlib_prj/qlib_baseline/outputs/factor_evaluation_batch_v1/alpha158_remaining138/runs/batch_011/jqfactor_analyzer/alpha158_SUMD10/mean_return_by_quantile.csv
jqfactor_analyzer,alpha158_SUMD10,20D,5,-0.0012801207555497,-0.0014024638485661,-0.00012234309301639994,-0.6,E:/qlib_prj/qlib_baseline/outputs/factor_evaluation_batch_v1/alpha158_remaining138/runs/batch_011/jqfactor_analyzer/alpha158_SUMD10/mean_return_by_quantile.csv
jqfactor_analyzer,alpha158_SUMD20,10D,5,6.908165153798432e-05,-0.001790979744807,-0.0018600613963449843,0.0,E:/qlib_prj/qlib_baseline/outputs/factor_evaluation_batch_v1/alpha158_remaining138/runs/batch_011/jqfactor_analyzer/alpha158_SUMD20/mean_return_by_quantile.csv
jqfactor_analyzer,alpha158_SUMD20,20D,5,0.001128889135584,-0.0044242675164535,-0.0055531566520375,-0.8999999999999998,E:/qlib_prj/qlib_baseline/outputs/factor_evaluation_batch_v1/alpha158_remaining138/runs/batch_011/jqfactor_analyzer/alpha158_SUMD20/mean_return_by_quantile.csv
jqfactor_analyzer,alpha158_SUMD30,10D,5,0.0015017042142828,-0.0023815857626533,-0.0038832899769361004,-0.9999999999999999,E:/qlib_prj/qlib_baseline/outputs/factor_evaluation_batch_v1/alpha158_remaining138/runs/batch_011/jqfactor_analyzer/alpha158_SUMD30/mean_return_by_quantile.csv
jqfactor_analyzer,alpha158_SUMD30,20D,5,0.004319754889002,-0.0066305174106641,-0.0109502722996661,-0.9999999999999999,E:/qlib_prj/qlib_baseline/outputs/factor_evaluation_batch_v1/alpha158_remaining138/runs/batch_011/jqfactor_analyzer/alpha158_SUMD30/mean_return_by_quantile.csv
jqfactor_analyzer,alpha158_SUMD5,10D,5,3.839744836374031e-05,-0.0011550997975708,-0.0011934972459345403,-0.6,E:/qlib_prj/qlib_baseline/outputs/factor_evaluation_batch_v1/alpha158_remaining138/runs/batch_011/jqfactor_analyzer/alpha158_SUMD5/mean_return_by_quantile.csv
jqfactor_analyzer,alpha158_SUMD5,20D,5,-0.0013600375065741,-0.0020343075529924,-0.0006742700464183,-0.09999999999999999,E:/qlib_prj/qlib_baseline/outputs/factor_evaluation_batch_v1/alpha158_remaining138/runs/batch_011/jqfactor_analyzer/alpha158_SUMD5/mean_return_by_quantile.csv
jqfactor_analyzer,alpha158_SUMD60,10D,5,0.0013644436882535,-0.0048936226488205,-0.006258066337074,-0.8999999999999998,E:/qlib_prj/qlib_baseline/outputs/factor_evaluation_batch_v1/alpha158_remaining138/runs/batch_011/jqfactor_analyzer/alpha158_SUMD60/mean_return_by_quantile.csv
jqfactor_analyzer,alpha158_SUMD60,20D,5,0.002427644869643,-0.0101670594722163,-0.0125947043418593,-0.9999999999999999,E:/qlib_prj/qlib_baseline/outputs/factor_evaluation_batch_v1/alpha158_remaining138/runs/batch_011/jqfactor_analyzer/alpha158_SUMD60/mean_return_by_quantile.csv
jqfactor_analyzer,alpha158_SUMN10,10D,5,-0.0005024088360606,-0.0007960793247033,-0.0002936704886427001,-0.09999999999999999,E:/qlib_prj/qlib_baseline/outputs/factor_evaluation_batch_v1/alpha158_remaining138/runs/batch_010/jqfactor_analyzer/alpha158_SUMN10/mean_return_by_quantile.csv
jqfactor_analyzer,alpha158_SUMN10,20D,5,-0.0014075984969888,-0.0012776871621897,0.00012991133479910003,0.7,E:/qlib_prj/qlib_baseline/outputs/factor_evaluation_batch_v1/alpha158_remaining138/runs/batch_010/jqfactor_analyzer/alpha158_SUMN10/mean_return_by_quantile.csv
jqfactor_analyzer,alpha158_SUMN20,10D,5,-0.0017848893485531,7.73954760356508e-05,0.0018622848245887509,0.0,E:/qlib_prj/qlib_baseline/outputs/factor_evaluation_batch_v1/alpha158_remaining138/runs/batch_011/jqfactor_analyzer/alpha158_SUMN20/mean_return_by_quantile.csv
jqfactor_analyzer,alpha158_SUMN20,20D,5,-0.0044261255546914,0.0011230150554317,0.0055491406101231,0.8999999999999998,E:/qlib_prj/qlib_baseline/outputs/factor_evaluation_batch_v1/alpha158_remaining138/runs/batch_011/jqfactor_analyzer/alpha158_SUMN20/mean_return_by_quantile.csv
jqfactor_analyzer,alpha158_SUMN30,10D,5,-0.0023691862547421,0.0015051521831413,0.0038743384378834,0.9999999999999999,E:/qlib_prj/qlib_baseline/outputs/factor_evaluation_batch_v1/alpha158_remaining138/runs/batch_011/jqfactor_analyzer/alpha158_SUMN30/mean_return_by_quantile.csv
jqfactor_analyzer,alpha158_SUMN30,20D,5,-0.0066203718831882,0.0043239886210305,0.010944360504218702,0.9999999999999999,E:/qlib_prj/qlib_baseline/outputs/factor_evaluation_batch_v1/alpha158_remaining138/runs/batch_011/jqfactor_analyzer/alpha158_SUMN30/mean_return_by_quantile.csv
jqfactor_analyzer,alpha158_SUMN5,10D,5,-0.0009040662201736,3.2965516238415e-05,0.000937031736412015,0.6,E:/qlib_prj/qlib_baseline/outputs/factor_evaluation_batch_v1/alpha158_remaining138/runs/batch_010/jqfactor_analyzer/alpha158_SUMN5/mean_return_by_quantile.csv
jqfactor_analyzer,alpha158_SUMN5,20D,5,-0.0014926594367797,-0.0016996214848189,-0.0002069620480392,-0.3,E:/qlib_prj/qlib_baseline/outputs/factor_evaluation_batch_v1/alpha158_remaining138/runs/batch_010/jqfactor_analyzer/alpha158_SUMN5/mean_return_by_quantile.csv
jqfactor_analyzer,alpha158_SUMN60,10D,5,-0.0048858613363546,0.0013681947113662,0.0062540560477207996,0.8999999999999998,E:/qlib_prj/qlib_baseline/outputs/factor_evaluation_batch_v1/alpha158_remaining138/runs/batch_011/jqfactor_analyzer/alpha158_SUMN60/mean_return_by_quantile.csv
jqfactor_analyzer,alpha158_SUMN60,20D,5,-0.0101511518204244,0.0024249978565112,0.0125761496769356,0.9999999999999999,E:/qlib_prj/qlib_baseline/outputs/factor_evaluation_batch_v1/alpha158_remaining138/runs/batch_011/jqfactor_analyzer/alpha158_SUMN60/mean_return_by_quantile.csv
jqfactor_analyzer,alpha158_SUMP10,10D,5,-0.0008001829730418,-0.0004990162607238,0.000301166712318,0.09999999999999999,E:/qlib_prj/qlib_baseline/outputs/factor_evaluation_batch_v1/alpha158_remaining138/runs/batch_010/jqfactor_analyzer/alpha158_SUMP10/mean_return_by_quantile.csv
jqfactor_analyzer,alpha158_SUMP10,20D,5,-0.0012801207555497,-0.0014025575103048,-0.00012243675475509985,-0.6,E:/qlib_prj/qlib_baseline/outputs/factor_evaluation_batch_v1/alpha158_remaining138/runs/batch_010/jqfactor_analyzer/alpha158_SUMP10/mean_return_by_quantile.csv
jqfactor_analyzer,alpha158_SUMP20,10D,5,6.908165153798432e-05,-0.0017909393108835,-0.0018600209624214843,0.0,E:/qlib_prj/qlib_baseline/outputs/factor_evaluation_batch_v1/alpha158_remaining138/runs/batch_010/jqfactor_analyzer/alpha158_SUMP20/mean_return_by_quantile.csv
jqfactor_analyzer,alpha158_SUMP20,20D,5,0.001128889135584,-0.0044240692782658,-0.0055529584138498,-0.8999999999999998,E:/qlib_prj/qlib_baseline/outputs/factor_evaluation_batch_v1/alpha158_remaining138/runs/batch_010/jqfactor_analyzer/alpha158_SUMP20/mean_return_by_quantile.csv
jqfactor_analyzer,alpha158_SUMP30,10D,5,0.0015017042142828,-0.0023815857626533,-0.0038832899769361004,-0.9999999999999999,E:/qlib_prj/qlib_baseline/outputs/factor_evaluation_batch_v1/alpha158_remaining138/runs/batch_010/jqfactor_analyzer/alpha158_SUMP30/mean_return_by_quantile.csv
jqfactor_analyzer,alpha158_SUMP30,20D,5,0.004319754889002,-0.0066305174106641,-0.0109502722996661,-0.9999999999999999,E:/qlib_prj/qlib_baseline/outputs/factor_evaluation_batch_v1/alpha158_remaining138/runs/batch_010/jqfactor_analyzer/alpha158_SUMP30/mean_return_by_quantile.csv
jqfactor_analyzer,alpha158_SUMP5,10D,5,4.294718326782801e-05,-0.0011550997975708,-0.001198046980838628,-0.6,E:/qlib_prj/qlib_baseline/outputs/factor_evaluation_batch_v1/alpha158_remaining138/runs/batch_010/jqfactor_analyzer/alpha158_SUMP5/mean_return_by_quantile.csv
jqfactor_analyzer,alpha158_SUMP5,20D,5,-0.0013487498460067,-0.0020343075529924,-0.0006855577069857001,-0.09999999999999999,E:/qlib_prj/qlib_baseline/outputs/factor_evaluation_batch_v1/alpha158_remaining138/runs/batch_010/jqfactor_analyzer/alpha158_SUMP5/mean_return_by_quantile.csv
jqfactor_analyzer,alpha158_SUMP60,10D,5,0.0013644436882535,-0.0048936226488205,-0.006258066337074,-0.8999999999999998,E:/qlib_prj/qlib_baseline/outputs/factor_evaluation_batch_v1/alpha158_remaining138/runs/batch_010/jqfactor_analyzer/alpha158_SUMP60/mean_return_by_quantile.csv
jqfactor_analyzer,alpha158_SUMP60,20D,5,0.002427644869643,-0.0101670594722163,-0.0125947043418593,-0.9999999999999999,E:/qlib_prj/qlib_baseline/outputs/factor_evaluation_batch_v1/alpha158_remaining138/runs/batch_010/jqfactor_analyzer/alpha158_SUMP60/mean_return_by_quantile.csv
jqfactor_analyzer,alpha158_VMA10,10D,5,-5.7432181326733984e-05,-0.0007784679825445,-0.000721035801217766,-0.19999999999999998,E:/qlib_prj/qlib_baseline/outputs/factor_evaluation_batch_v1/alpha158_remaining138/runs/batch_011/jqfactor_analyzer/alpha158_VMA10/mean_return_by_quantile.csv
jqfactor_analyzer,alpha158_VMA10,20D,5,-0.000256225363052,-0.0020746287579268,-0.0018184033948748,-0.8999999999999998,E:/qlib_prj/qlib_baseline/outputs/factor_evaluation_batch_v1/alpha158_remaining138/runs/batch_011/jqfactor_analyzer/alpha158_VMA10/mean_return_by_quantile.csv
jqfactor_analyzer,alpha158_VMA20,10D,5,9.712917942394758e-05,-0.0012302152925526,-0.0013273444719765475,-0.7,E:/qlib_prj/qlib_baseline/outputs/factor_evaluation_batch_v1/alpha158_remaining138/runs/batch_012/jqfactor_analyzer/alpha158_VMA20/mean_return_by_quantile.csv
jqfactor_analyzer,alpha158_VMA20,20D,5,-0.0002630344755316,-0.0024173388052076,-0.002154304329676,-0.8999999999999998,E:/qlib_prj/qlib_baseline/outputs/factor_evaluation_batch_v1/alpha158_remaining138/runs/batch_012/jqfactor_analyzer/alpha158_VMA20/mean_return_by_quantile.csv
jqfactor_analyzer,alpha158_VMA30,10D,5,-0.0004820039654289,-0.0012945408564881,-0.0008125368910591999,-0.39999999999999997,E:/qlib_prj/qlib_baseline/outputs/factor_evaluation_batch_v1/alpha158_remaining138/runs/batch_012/jqfactor_analyzer/alpha158_VMA30/mean_return_by_quantile.csv
jqfactor_analyzer,alpha158_VMA30,20D,5,-0.0011736536344947,-0.0022194061203973,-0.0010457524859026,-0.3,E:/qlib_prj/qlib_baseline/outputs/factor_evaluation_batch_v1/alpha158_remaining138/runs/batch_012/jqfactor_analyzer/alpha158_VMA30/mean_return_by_quantile.csv
jqfactor_analyzer,alpha158_VMA5,10D,5,6.604748852223676e-05,-0.0003325618527536,-0.00039860934127583676,-0.7,E:/qlib_prj/qlib_baseline/outputs/factor_evaluation_batch_v1/alpha158_remaining138/runs/batch_011/jqfactor_analyzer/alpha158_VMA5/mean_return_by_quantile.csv
jqfactor_analyzer,alpha158_VMA5,20D,5,-0.0001342423193867,-0.0016355625412619,-0.0015013202218752,-0.9999999999999999,E:/qlib_prj/qlib_baseline/outputs/factor_evaluation_batch_v1/alpha158_remaining138/runs/batch_011/jqfactor_analyzer/alpha158_VMA5/mean_return_by_quantile.csv
jqfactor_analyzer,alpha158_VMA60,10D,5,-0.0013825411370054,-0.0004077895296827,0.0009747516073227,0.0,E:/qlib_prj/qlib_baseline/outputs/factor_evaluation_batch_v1/alpha158_remaining138/runs/batch_012/jqfactor_analyzer/alpha158_VMA60/mean_return_by_quantile.csv
jqfactor_analyzer,alpha158_VMA60,20D,5,-0.0028279518648517,-0.0006491168065499,0.0021788350583017996,0.7,E:/qlib_prj/qlib_baseline/outputs/factor_evaluation_batch_v1/alpha158_remaining138/runs/batch_012/jqfactor_analyzer/alpha158_VMA60/mean_return_by_quantile.csv
jqfactor_analyzer,alpha158_VSTD10,10D,5,-0.0007675737287632,0.0003190121940603,0.0010865859228235,0.8999999999999998,E:/qlib_prj/qlib_baseline/outputs/factor_evaluation_batch_v1/alpha158_remaining138/runs/batch_012/jqfactor_analyzer/alpha158_VSTD10/mean_return_by_quantile.csv
jqfactor_analyzer,alpha158_VSTD10,20D,5,-0.0012853281376246,-0.0004113044158477,0.0008740237217769,0.7,E:/qlib_prj/qlib_baseline/outputs/factor_evaluation_batch_v1/alpha158_remaining138/runs/batch_012/jqfactor_analyzer/alpha158_VSTD10/mean_return_by_quantile.csv
jqfactor_analyzer,alpha158_VSTD20,10D,5,-5.550682087171745e-05,-0.0003184281174441,-0.0002629212965723826,-0.3,E:/qlib_prj/qlib_baseline/outputs/factor_evaluation_batch_v1/alpha158_remaining138/runs/batch_012/jqfactor_analyzer/alpha158_VSTD20/mean_return_by_quantile.csv
jqfactor_analyzer,alpha158_VSTD20,20D,5,-0.0006882435200749,-0.0004892005475672,0.0001990429725077,0.09999999999999999,E:/qlib_prj/qlib_baseline/outputs/factor_evaluation_batch_v1/alpha158_remaining138/runs/batch_012/jqfactor_analyzer/alpha158_VSTD20/mean_return_by_quantile.csv
jqfactor_analyzer,alpha158_VSTD30,10D,5,-0.0004927415512654,-0.0004207095973193,7.203195394609997e-05,0.39999999999999997,E:/qlib_prj/qlib_baseline/outputs/factor_evaluation_batch_v1/alpha158_remaining138/runs/batch_012/jqfactor_analyzer/alpha158_VSTD30/mean_return_by_quantile.csv
jqfactor_analyzer,alpha158_VSTD30,20D,5,-0.001427783458932,-0.0004055398220712,0.0010222436368608,0.7999999999999999,E:/qlib_prj/qlib_baseline/outputs/factor_evaluation_batch_v1/alpha158_remaining138/runs/batch_012/jqfactor_analyzer/alpha158_VSTD30/mean_return_by_quantile.csv
jqfactor_analyzer,alpha158_VSTD5,10D,5,-0.0004938946915697,0.0003959185191819,0.0008898132107515999,0.7,E:/qlib_prj/qlib_baseline/outputs/factor_evaluation_batch_v1/alpha158_remaining138/runs/batch_012/jqfactor_analyzer/alpha158_VSTD5/mean_return_by_quantile.csv
jqfactor_analyzer,alpha158_VSTD5,20D,5,-0.0022707502537493,-0.0003470484432277,0.0019237018105216,0.6,E:/qlib_prj/qlib_baseline/outputs/factor_evaluation_batch_v1/alpha158_remaining138/runs/batch_012/jqfactor_analyzer/alpha158_VSTD5/mean_return_by_quantile.csv
jqfactor_analyzer,alpha158_VSTD60,10D,5,-0.001691503865056,0.0006703631387016,0.0023618670037576,0.8999999999999998,E:/qlib_prj/qlib_baseline/outputs/factor_evaluation_batch_v1/alpha158_remaining138/runs/batch_012/jqfactor_analyzer/alpha158_VSTD60/mean_return_by_quantile.csv
jqfactor_analyzer,alpha158_VSTD60,20D,5,-0.0030783294722904,0.0004116777330454,0.0034900072053358,0.8999999999999998,E:/qlib_prj/qlib_baseline/outputs/factor_evaluation_batch_v1/alpha158_remaining138/runs/batch_012/jqfactor_analyzer/alpha158_VSTD60/mean_return_by_quantile.csv
jqfactor_analyzer,alpha158_VSUMD10,10D,5,-0.0011441171543572,-4.381746425430227e-05,0.0011002996901028977,0.7,E:/qlib_prj/qlib_baseline/outputs/factor_evaluation_batch_v1/alpha158_remaining138/runs/batch_014/jqfactor_analyzer/alpha158_VSUMD10/mean_return_by_quantile.csv
jqfactor_analyzer,alpha158_VSUMD10,20D,5,-0.0023540926877085,-0.0004403609699543,0.0019137317177542,0.8999999999999998,E:/qlib_prj/qlib_baseline/outputs/factor_evaluation_batch_v1/alpha158_remaining138/runs/batch_014/jqfactor_analyzer/alpha158_VSUMD10/mean_return_by_quantile.csv
jqfactor_analyzer,alpha158_VSUMD20,10D,5,-0.0006798522575498,-0.0001382548600924,0.0005415973974573999,0.6,E:/qlib_prj/qlib_baseline/outputs/factor_evaluation_batch_v1/alpha158_remaining138/runs/batch_014/jqfactor_analyzer/alpha158_VSUMD20/mean_return_by_quantile.csv
jqfactor_analyzer,alpha158_VSUMD20,20D,5,-0.0017468581160125,-0.0007047330563048,0.0010421250597076998,0.7999999999999999,E:/qlib_prj/qlib_baseline/outputs/factor_evaluation_batch_v1/alpha158_remaining138/runs/batch_014/jqfactor_analyzer/alpha158_VSUMD20/mean_return_by_quantile.csv
jqfactor_analyzer,alpha158_VSUMD30,10D,5,-0.0005363334210893,-0.0006984145865389,-0.0001620811654496,0.0,E:/qlib_prj/qlib_baseline/outputs/factor_evaluation_batch_v1/alpha158_remaining138/runs/batch_014/jqfactor_analyzer/alpha158_VSUMD30/mean_return_by_quantile.csv
jqfactor_analyzer,alpha158_VSUMD30,20D,5,-0.0003870091891388,-0.0017241656756634,-0.0013371564865246,-0.39999999999999997,E:/qlib_prj/qlib_baseline/outputs/factor_evaluation_batch_v1/alpha158_remaining138/runs/batch_014/jqfactor_analyzer/alpha158_VSUMD30/mean_return_by_quantile.csv
jqfactor_analyzer,alpha158_VSUMD5,10D,5,2.593248945953616e-05,-0.0004442719231133,-0.00047020441257283614,-0.09999999999999999,E:/qlib_prj/qlib_baseline/outputs/factor_evaluation_batch_v1/alpha158_remaining138/runs/batch_014/jqfactor_analyzer/alpha158_VSUMD5/mean_return_by_quantile.csv
jqfactor_analyzer,alpha158_VSUMD5,20D,5,-0.0013815575877337,-0.0008625123490346,0.0005190452386991001,0.6,E:/qlib_prj/qlib_baseline/outputs/factor_evaluation_batch_v1/alpha158_remaining138/runs/batch_014/jqfactor_analyzer/alpha158_VSUMD5/mean_return_by_quantile.csv
jqfactor_analyzer,alpha158_VSUMD60,10D,5,0.0004468679756919,-0.0018552897966407,-0.0023021577723325998,-0.09999999999999999,E:/qlib_prj/qlib_baseline/outputs/factor_evaluation_batch_v1/alpha158_remaining138/runs/batch_014/jqfactor_analyzer/alpha158_VSUMD60/mean_return_by_quantile.csv
jqfactor_analyzer,alpha158_VSUMD60,20D,5,0.0003204836820508,-0.0042435026568026,-0.0045639863388534,-0.3,E:/qlib_prj/qlib_baseline/outputs/factor_evaluation_batch_v1/alpha158_remaining138/runs/batch_014/jqfactor_analyzer/alpha158_VSUMD60/mean_return_by_quantile.csv
jqfactor_analyzer,alpha158_VSUMN10,10D,5,-4.206362533988987e-05,-0.0011397644889843,-0.0010977008636444102,-0.7,E:/qlib_prj/qlib_baseline/outputs/factor_evaluation_batch_v1/alpha158_remaining138/runs/batch_013/jqfactor_analyzer/alpha158_VSUMN10/mean_return_by_quantile.csv
jqfactor_analyzer,alpha158_VSUMN10,20D,5,-0.000448121680698,-0.0023535067979012,-0.0019053851172032,-0.8999999999999998,E:/qlib_prj/qlib_baseline/outputs/factor_evaluation_batch_v1/alpha158_remaining138/runs/batch_013/jqfactor_analyzer/alpha158_VSUMN10/mean_return_by_quantile.csv
jqfactor_analyzer,alpha158_VSUMN20,10D,5,-0.0001421458326289,-0.0006814588374061,-0.0005393130047771999,-0.6,E:/qlib_prj/qlib_baseline/outputs/factor_evaluation_batch_v1/alpha158_remaining138/runs/batch_014/jqfactor_analyzer/alpha158_VSUMN20/mean_return_by_quantile.csv
jqfactor_analyzer,alpha158_VSUMN20,20D,5,-0.0006998258860521,-0.0017455181924239,-0.0010456923063718,-0.7999999999999999,E:/qlib_prj/qlib_baseline/outputs/factor_evaluation_batch_v1/alpha158_remaining138/runs/batch_014/jqfactor_analyzer/alpha158_VSUMN20/mean_return_by_quantile.csv
jqfactor_analyzer,alpha158_VSUMN30,10D,5,-0.000702841547308,-0.0005282395668397,0.0001746019804683,0.0,E:/qlib_prj/qlib_baseline/outputs/factor_evaluation_batch_v1/alpha158_remaining138/runs/batch_014/jqfactor_analyzer/alpha158_VSUMN30/mean_return_by_quantile.csv
jqfactor_analyzer,alpha158_VSUMN30,20D,5,-0.0017350922475254,-0.0003861149457499,0.0013489773017755,0.39999999999999997,E:/qlib_prj/qlib_baseline/outputs/factor_evaluation_batch_v1/alpha158_remaining138/runs/batch_014/jqfactor_analyzer/alpha158_VSUMN30/mean_return_by_quantile.csv
jqfactor_analyzer,alpha158_VSUMN5,10D,5,-0.0004458904800153,3.250343431917823e-05,0.0004783939143344783,0.09999999999999999,E:/qlib_prj/qlib_baseline/outputs/factor_evaluation_batch_v1/alpha158_remaining138/runs/batch_013/jqfactor_analyzer/alpha158_VSUMN5/mean_return_by_quantile.csv
jqfactor_analyzer,alpha158_VSUMN5,20D,5,-0.0008670589571281,-0.0013896836535508,-0.0005226246964227,-0.6,E:/qlib_prj/qlib_baseline/outputs/factor_evaluation_batch_v1/alpha158_remaining138/runs/batch_013/jqfactor_analyzer/alpha158_VSUMN5/mean_return_by_quantile.csv
jqfactor_analyzer,alpha158_VSUMN60,10D,5,-0.0018608360885482,0.00045366649872,0.0023145025872682,0.09999999999999999,E:/qlib_prj/qlib_baseline/outputs/factor_evaluation_batch_v1/alpha158_remaining138/runs/batch_014/jqfactor_analyzer/alpha158_VSUMN60/mean_return_by_quantile.csv
jqfactor_analyzer,alpha158_VSUMN60,20D,5,-0.0042393908791848,0.0003267578918366,0.004566148771021399,0.3,E:/qlib_prj/qlib_baseline/outputs/factor_evaluation_batch_v1/alpha158_remaining138/runs/batch_014/jqfactor_analyzer/alpha158_VSUMN60/mean_return_by_quantile.csv
jqfactor_analyzer,alpha158_VSUMP10,10D,5,-0.0011441171543572,-4.381746425430227e-05,0.0011002996901028977,0.7,E:/qlib_prj/qlib_baseline/outputs/factor_evaluation_batch_v1/alpha158_remaining138/runs/batch_013/jqfactor_analyzer/alpha158_VSUMP10/mean_return_by_quantile.csv
jqfactor_analyzer,alpha158_VSUMP10,20D,5,-0.0023540926877085,-0.0004403609699543,0.0019137317177542,0.8999999999999998,E:/qlib_prj/qlib_baseline/outputs/factor_evaluation_batch_v1/alpha158_remaining138/runs/batch_013/jqfactor_analyzer/alpha158_VSUMP10/mean_return_by_quantile.csv
jqfactor_analyzer,alpha158_VSUMP20,10D,5,-0.0006798522575498,-0.0001382548600924,0.0005415973974573999,0.6,E:/qlib_prj/qlib_baseline/outputs/factor_evaluation_batch_v1/alpha158_remaining138/runs/batch_013/jqfactor_analyzer/alpha158_VSUMP20/mean_return_by_quantile.csv
jqfactor_analyzer,alpha158_VSUMP20,20D,5,-0.0017468581160125,-0.0007047330563048,0.0010421250597076998,0.7999999999999999,E:/qlib_prj/qlib_baseline/outputs/factor_evaluation_batch_v1/alpha158_remaining138/runs/batch_013/jqfactor_analyzer/alpha158_VSUMP20/mean_return_by_quantile.csv
jqfactor_analyzer,alpha158_VSUMP30,10D,5,-0.0005363334210893,-0.0006984145865389,-0.0001620811654496,0.0,E:/qlib_prj/qlib_baseline/outputs/factor_evaluation_batch_v1/alpha158_remaining138/runs/batch_013/jqfactor_analyzer/alpha158_VSUMP30/mean_return_by_quantile.csv
jqfactor_analyzer,alpha158_VSUMP30,20D,5,-0.0003870091891388,-0.0017241656756634,-0.0013371564865246,-0.39999999999999997,E:/qlib_prj/qlib_baseline/outputs/factor_evaluation_batch_v1/alpha158_remaining138/runs/batch_013/jqfactor_analyzer/alpha158_VSUMP30/mean_return_by_quantile.csv
jqfactor_analyzer,alpha158_VSUMP5,10D,5,2.593248945953616e-05,-0.0004442719231133,-0.00047020441257283614,-0.09999999999999999,E:/qlib_prj/qlib_baseline/outputs/factor_evaluation_batch_v1/alpha158_remaining138/runs/batch_013/jqfactor_analyzer/alpha158_VSUMP5/mean_return_by_quantile.csv
jqfactor_analyzer,alpha158_VSUMP5,20D,5,-0.0013815575877337,-0.0008625123490346,0.0005190452386991001,0.6,E:/qlib_prj/qlib_baseline/outputs/factor_evaluation_batch_v1/alpha158_remaining138/runs/batch_013/jqfactor_analyzer/alpha158_VSUMP5/mean_return_by_quantile.csv
jqfactor_analyzer,alpha158_VSUMP60,10D,5,0.0004468679756919,-0.0018550375319935,-0.0023019055076853997,-0.09999999999999999,E:/qlib_prj/qlib_baseline/outputs/factor_evaluation_batch_v1/alpha158_remaining138/runs/batch_013/jqfactor_analyzer/alpha158_VSUMP60/mean_return_by_quantile.csv
jqfactor_analyzer,alpha158_VSUMP60,20D,5,0.0003204836820508,-0.0042435980046416,-0.0045640816866924,-0.3,E:/qlib_prj/qlib_baseline/outputs/factor_evaluation_batch_v1/alpha158_remaining138/runs/batch_013/jqfactor_analyzer/alpha158_VSUMP60/mean_return_by_quantile.csv
jqfactor_analyzer,alpha158_VWAP0,10D,5,-0.0021917967832264,-0.0004400103006247,0.0017517864826017,0.09999999999999999,E:/qlib_prj/qlib_baseline/outputs/factor_evaluation_v4/alpha158_first20_smoke/jqfactor_analyzer/alpha158_VWAP0/mean_return_by_quantile.csv
jqfactor_analyzer,alpha158_VWAP0,20D,5,-0.0042559636487484,-0.0016378772314115,0.0026180864173369002,0.3,E:/qlib_prj/qlib_baseline/outputs/factor_evaluation_v4/alpha158_first20_smoke/jqfactor_analyzer/alpha158_VWAP0/mean_return_by_quantile.csv
jqfactor_analyzer,alpha158_WVMA10,10D,5,-0.0012948194755084,0.0012947459144875,0.0025895653899959,0.9999999999999999,E:/qlib_prj/qlib_baseline/outputs/factor_evaluation_batch_v1/alpha158_remaining138/runs/batch_012/jqfactor_analyzer/alpha158_WVMA10/mean_return_by_quantile.csv
jqfactor_analyzer,alpha158_WVMA10,20D,5,-0.0042185213108905,0.0014900394431746,0.0057085607540651,0.9999999999999999,E:/qlib_prj/qlib_baseline/outputs/factor_evaluation_batch_v1/alpha158_remaining138/runs/batch_012/jqfactor_analyzer/alpha158_WVMA10/mean_return_by_quantile.csv
jqfactor_analyzer,alpha158_WVMA20,10D,5,-0.0022304651496506,0.0008317243147504,0.003062189464401,0.8999999999999998,E:/qlib_prj/qlib_baseline/outputs/factor_evaluation_batch_v1/alpha158_remaining138/runs/batch_013/jqfactor_analyzer/alpha158_WVMA20/mean_return_by_quantile.csv
jqfactor_analyzer,alpha158_WVMA20,20D,5,-0.004735644386029,0.0008814832808796,0.0056171276669086,0.6,E:/qlib_prj/qlib_baseline/outputs/factor_evaluation_batch_v1/alpha158_remaining138/runs/batch_013/jqfactor_analyzer/alpha158_WVMA20/mean_return_by_quantile.csv
jqfactor_analyzer,alpha158_WVMA30,10D,5,-0.002038044619495,0.0002802806948845,0.0023183253143795003,0.49999999999999994,E:/qlib_prj/qlib_baseline/outputs/factor_evaluation_batch_v1/alpha158_remaining138/runs/batch_013/jqfactor_analyzer/alpha158_WVMA30/mean_return_by_quantile.csv
jqfactor_analyzer,alpha158_WVMA30,20D,5,-0.0038837822924446,0.0004369667109901,0.0043207490034347,0.7,E:/qlib_prj/qlib_baseline/outputs/factor_evaluation_batch_v1/alpha158_remaining138/runs/batch_013/jqfactor_analyzer/alpha158_WVMA30/mean_return_by_quantile.csv
jqfactor_analyzer,alpha158_WVMA5,10D,5,-0.0007075892757058,0.0008294047944582,0.001536994070164,0.8999999999999998,E:/qlib_prj/qlib_baseline/outputs/factor_evaluation_batch_v1/alpha158_remaining138/runs/batch_012/jqfactor_analyzer/alpha158_WVMA5/mean_return_by_quantile.csv
jqfactor_analyzer,alpha158_WVMA5,20D,5,-0.0031955854783029,0.0008602100431227,0.0040557955214256,0.8999999999999998,E:/qlib_prj/qlib_baseline/outputs/factor_evaluation_batch_v1/alpha158_remaining138/runs/batch_012/jqfactor_analyzer/alpha158_WVMA5/mean_return_by_quantile.csv
jqfactor_analyzer,alpha158_WVMA60,10D,5,-0.0005874553215084,0.000174614113748,0.0007620694352563999,0.8999999999999998,E:/qlib_prj/qlib_baseline/outputs/factor_evaluation_batch_v1/alpha158_remaining138/runs/batch_013/jqfactor_analyzer/alpha158_WVMA60/mean_return_by_quantile.csv
jqfactor_analyzer,alpha158_WVMA60,20D,5,-0.0011950284258286,9.457334127075028e-05,0.0012896017670993502,0.49999999999999994,E:/qlib_prj/qlib_baseline/outputs/factor_evaluation_batch_v1/alpha158_remaining138/runs/batch_013/jqfactor_analyzer/alpha158_WVMA60/mean_return_by_quantile.csv
