outer_split_id,factor,window_count,eligible_window_count,selected_window_count,selection_frequency,frozen_direction,direction_agreement_ratio,direction_adjusted_positive_window_ratio,median_train_ic,median_validation_ic,median_development_degradation,worst_development_degradation,upstream_fdr_pass,upstream_fdr_q_value,coverage_min,coverage_median,stability_role,role_reason
split_001,alpha158_BETA10,3,3,3,1.0,-1,1.0,1.0,-0.0255602603002148,-0.0848841321644437,0.05510828380627565,0.05003186385513554,True,0.0198654848336377,1.0,1.0,stable_core,eligible_windows=3;selection_frequency=1.000;direction_agreement=1.000;direction_adjusted_validation_positive_ratio=1.000;worst_development_degradation=0.05003186385513554;upstream_fdr_pass=True
split_001,alpha158_BETA20,3,3,3,1.0,-1,1.0,1.0,-0.05146886304865448,-0.1416595715123165,0.09056926789879624,0.05909819906781083,True,0.0070536323834476,1.0,1.0,stable_core,eligible_windows=3;selection_frequency=1.000;direction_agreement=1.000;direction_adjusted_validation_positive_ratio=1.000;worst_development_degradation=0.05909819906781083;upstream_fdr_pass=True
split_001,alpha158_BETA30,3,3,3,1.0,-1,1.0,1.0,-0.07545497596832097,-0.17284421427191007,0.0973892383035891,0.03135365574459989,True,0.0030657415978516,1.0,1.0,stable_core,eligible_windows=3;selection_frequency=1.000;direction_agreement=1.000;direction_adjusted_validation_positive_ratio=1.000;worst_development_degradation=0.03135365574459989;upstream_fdr_pass=True
split_001,alpha158_BETA5,3,3,3,1.0,-1,1.0,1.0,-0.014674549766616396,-0.05811379330066659,0.03699520028744517,0.005952838938207599,True,0.0429920956236745,1.0,1.0,stable_core,eligible_windows=3;selection_frequency=1.000;direction_agreement=1.000;direction_adjusted_validation_positive_ratio=1.000;worst_development_degradation=0.005952838938207599;upstream_fdr_pass=True
split_001,alpha158_BETA60,3,3,2,0.6666666666666666,-1,1.0,0.6666666666666666,-0.07331482093850432,-0.09783458375227028,0.07002027993168268,0.007436394580757372,True,0.0030657415978516,1.0,1.0,stable_core,eligible_windows=3;selection_frequency=0.667;direction_agreement=1.000;direction_adjusted_validation_positive_ratio=0.667;worst_development_degradation=0.007436394580757372;upstream_fdr_pass=True
split_001,alpha158_CNTD10,3,3,0,0.0,-1,1.0,1.0,-0.012598590448981983,-0.06793630653922714,,,False,0.1758154737248813,1.0,1.0,holdout,eligible_windows=3;selection_frequency=0.000;direction_agreement=1.000;direction_adjusted_validation_positive_ratio=1.000;worst_development_degradation=nan;upstream_fdr_pass=False
split_001,alpha158_CNTD20,3,3,0,0.0,-1,1.0,1.0,-0.030517274317705654,-0.09083815149010259,,,False,0.0784829849050032,1.0,1.0,holdout,eligible_windows=3;selection_frequency=0.000;direction_agreement=1.000;direction_adjusted_validation_positive_ratio=1.000;worst_development_degradation=nan;upstream_fdr_pass=False
split_001,alpha158_CNTD30,3,3,3,1.0,-1,1.0,1.0,-0.04821908960767382,-0.10529731069460202,0.05648788341714915,0.027457137721928704,True,0.037056013293637,1.0,1.0,stable_core,eligible_windows=3;selection_frequency=1.000;direction_agreement=1.000;direction_adjusted_validation_positive_ratio=1.000;worst_development_degradation=0.027457137721928704;upstream_fdr_pass=True
split_001,alpha158_CNTD5,3,3,0,0.0,-1,1.0,1.0,-0.007307868686693864,-0.054750170550585134,,,False,0.2028662736925806,1.0,1.0,holdout,eligible_windows=3;selection_frequency=0.000;direction_agreement=1.000;direction_adjusted_validation_positive_ratio=1.000;worst_development_degradation=nan;upstream_fdr_pass=False
split_001,alpha158_CNTD60,3,3,0,0.0,-1,1.0,0.6666666666666666,-0.0503258976935466,-0.10527984491882673,,,False,0.0719169513232593,1.0,1.0,holdout,eligible_windows=3;selection_frequency=0.000;direction_agreement=1.000;direction_adjusted_validation_positive_ratio=0.667;worst_development_degradation=nan;upstream_fdr_pass=False
split_001,alpha158_CNTN10,3,3,0,0.0,1,1.0,1.0,0.008129585804575323,0.045432028719694637,,,False,0.3635724275724276,1.0,1.0,holdout,eligible_windows=3;selection_frequency=0.000;direction_agreement=1.000;direction_adjusted_validation_positive_ratio=1.000;worst_development_degradation=nan;upstream_fdr_pass=False
split_001,alpha158_CNTN20,3,3,0,0.0,1,1.0,1.0,0.02195299631767501,0.07379211603895541,,,False,0.2093434203986967,1.0,1.0,holdout,eligible_windows=3;selection_frequency=0.000;direction_agreement=1.000;direction_adjusted_validation_positive_ratio=1.000;worst_development_degradation=nan;upstream_fdr_pass=False
split_001,alpha158_CNTN30,3,3,0,0.0,1,1.0,1.0,0.036224481026568875,0.05963934817120725,,,False,0.1234573596918179,1.0,1.0,holdout,eligible_windows=3;selection_frequency=0.000;direction_agreement=1.000;direction_adjusted_validation_positive_ratio=1.000;worst_development_degradation=nan;upstream_fdr_pass=False
split_001,alpha158_CNTN60,3,3,0,0.0,1,1.0,0.6666666666666666,0.03443744488808258,0.08032256405120228,,,False,0.248425916189074,1.0,1.0,holdout,eligible_windows=3;selection_frequency=0.000;direction_agreement=1.000;direction_adjusted_validation_positive_ratio=0.667;worst_development_degradation=nan;upstream_fdr_pass=False
split_001,alpha158_CNTP10,3,3,0,0.0,-1,1.0,1.0,-0.01847050667139596,-0.08900714824932555,,,False,0.0761701533760357,1.0,1.0,holdout,eligible_windows=3;selection_frequency=0.000;direction_agreement=1.000;direction_adjusted_validation_positive_ratio=1.000;worst_development_degradation=nan;upstream_fdr_pass=False
split_001,alpha158_CNTP20,3,3,3,1.0,-1,1.0,1.0,-0.039119304568939035,-0.11468568468787485,0.07556638011893582,0.06060661536781559,True,0.026182065357323,1.0,1.0,stable_core,eligible_windows=3;selection_frequency=1.000;direction_agreement=1.000;direction_adjusted_validation_positive_ratio=1.000;worst_development_degradation=0.06060661536781559;upstream_fdr_pass=True
split_001,alpha158_CNTP30,3,3,3,1.0,-1,1.0,1.0,-0.058275823610752495,-0.14365038391585389,0.08537456030510139,0.033602692111956094,True,0.0083961264865787,1.0,1.0,stable_core,eligible_windows=3;selection_frequency=1.000;direction_agreement=1.000;direction_adjusted_validation_positive_ratio=1.000;worst_development_degradation=0.033602692111956094;upstream_fdr_pass=True
split_001,alpha158_CNTP5,3,3,0,0.0,-1,1.0,1.0,-0.011469444743720867,-0.06190857583566456,,,False,0.0794178399297229,1.0,1.0,holdout,eligible_windows=3;selection_frequency=0.000;direction_agreement=1.000;direction_adjusted_validation_positive_ratio=1.000;worst_development_degradation=nan;upstream_fdr_pass=False
split_001,alpha158_CNTP60,3,3,2,0.6666666666666666,-1,1.0,0.6666666666666666,-0.06309473709220087,-0.0873554371632411,0.0644061521446807,0.01004033540814915,True,0.0110337775432115,1.0,1.0,stable_core,eligible_windows=3;selection_frequency=0.667;direction_agreement=1.000;direction_adjusted_validation_positive_ratio=0.667;worst_development_degradation=0.01004033540814915;upstream_fdr_pass=True
split_001,alpha158_CORD10,3,3,3,1.0,-1,1.0,1.0,-0.027706668400314594,-0.09718038967520068,0.07411102385284066,0.02377236093472674,True,0.0211497363396097,1.0,1.0,stable_core,eligible_windows=3;selection_frequency=1.000;direction_agreement=1.000;direction_adjusted_validation_positive_ratio=1.000;worst_development_degradation=0.02377236093472674;upstream_fdr_pass=True
split_001,alpha158_CORD20,3,3,3,1.0,-1,1.0,1.0,-0.044075639411484596,-0.09276293016675038,0.04868729075526579,0.018566191860123003,True,0.0043398160281277,1.0,1.0,stable_core,eligible_windows=3;selection_frequency=1.000;direction_agreement=1.000;direction_adjusted_validation_positive_ratio=1.000;worst_development_degradation=0.018566191860123003;upstream_fdr_pass=True
split_001,alpha158_CORD30,3,3,3,1.0,-1,1.0,1.0,-0.05410408711397512,-0.08788364452287627,0.030559117501441267,-0.014227222391550116,True,0.0030657415978516,1.0,1.0,stable_core,eligible_windows=3;selection_frequency=1.000;direction_agreement=1.000;direction_adjusted_validation_positive_ratio=1.000;worst_development_degradation=-0.014227222391550116;upstream_fdr_pass=True
split_001,alpha158_CORD5,3,3,3,1.0,-1,1.0,1.0,-0.014819041307867244,-0.057981885055489256,0.04475282484310454,0.04152061199863187,True,0.0393136275489216,1.0,1.0,stable_core,eligible_windows=3;selection_frequency=1.000;direction_agreement=1.000;direction_adjusted_validation_positive_ratio=1.000;worst_development_degradation=0.04152061199863187;upstream_fdr_pass=True
split_001,alpha158_CORD60,3,3,3,1.0,-1,1.0,1.0,-0.04297512222193288,-0.035604562792041425,-0.0073705594298914545,-0.021811184817069465,True,0.0056320084409972,1.0,1.0,stable_core,eligible_windows=3;selection_frequency=1.000;direction_agreement=1.000;direction_adjusted_validation_positive_ratio=1.000;worst_development_degradation=-0.021811184817069465;upstream_fdr_pass=True
split_001,alpha158_CORR10,3,3,3,1.0,-1,1.0,1.0,-0.03330556691859496,-0.1287047328243105,0.09633606773690412,0.017718550310438834,True,0.0146886080952015,1.0,1.0,stable_core,eligible_windows=3;selection_frequency=1.000;direction_agreement=1.000;direction_adjusted_validation_positive_ratio=1.000;worst_development_degradation=0.017718550310438834;upstream_fdr_pass=True
split_001,alpha158_CORR20,3,3,3,1.0,-1,1.0,1.0,-0.03515328545971702,-0.12717554278326065,0.09345501144438285,0.02557803933850191,True,0.037056013293637,1.0,1.0,stable_core,eligible_windows=3;selection_frequency=1.000;direction_agreement=1.000;direction_adjusted_validation_positive_ratio=1.000;worst_development_degradation=0.02557803933850191;upstream_fdr_pass=True
split_001,alpha158_CORR30,3,3,0,0.0,-1,1.0,1.0,-0.02237526452923628,-0.13314628850691282,,,False,0.1894754729806276,1.0,1.0,holdout,eligible_windows=3;selection_frequency=0.000;direction_agreement=1.000;direction_adjusted_validation_positive_ratio=1.000;worst_development_degradation=nan;upstream_fdr_pass=False
split_001,alpha158_CORR5,3,3,3,1.0,-1,1.0,1.0,-0.023762333196909534,-0.07933906559995543,0.057700440619270744,0.027453551965132952,True,0.0083961264865787,1.0,1.0,stable_core,eligible_windows=3;selection_frequency=1.000;direction_agreement=1.000;direction_adjusted_validation_positive_ratio=1.000;worst_development_degradation=0.027453551965132952;upstream_fdr_pass=True
split_001,alpha158_CORR60,3,3,0,0.0,-1,1.0,1.0,-0.0050039606490104235,-0.021098289830210917,,,False,0.9324627468340044,1.0,1.0,holdout,eligible_windows=3;selection_frequency=0.000;direction_agreement=1.000;direction_adjusted_validation_positive_ratio=1.000;worst_development_degradation=nan;upstream_fdr_pass=False
split_001,alpha158_HIGH0,3,3,3,1.0,-1,1.0,1.0,-0.037641862468411814,-0.10919270815459725,0.06888317191113252,-0.0071102668025270176,True,0.0134865134865134,1.0,1.0,stable_core,eligible_windows=3;selection_frequency=1.000;direction_agreement=1.000;direction_adjusted_validation_positive_ratio=1.000;worst_development_degradation=-0.0071102668025270176;upstream_fdr_pass=True
split_001,alpha158_IMAX10,3,3,0,0.0,-1,1.0,1.0,-0.020165098908661888,-0.07747708861873732,,,False,0.0570681690226282,1.0,1.0,holdout,eligible_windows=3;selection_frequency=0.000;direction_agreement=1.000;direction_adjusted_validation_positive_ratio=1.000;worst_development_degradation=nan;upstream_fdr_pass=False
split_001,alpha158_IMAX20,3,3,3,1.0,-1,1.0,1.0,-0.046461842984748765,-0.11136404955577632,0.060389655532026375,-0.004280628296904891,True,0.0056320084409972,1.0,1.0,stable_core,eligible_windows=3;selection_frequency=1.000;direction_agreement=1.000;direction_adjusted_validation_positive_ratio=1.000;worst_development_degradation=-0.004280628296904891;upstream_fdr_pass=True
split_001,alpha158_IMAX30,3,3,3,1.0,-1,1.0,1.0,-0.06410381719145784,-0.15432252871867547,0.08986010020035275,-0.018859529684707506,True,0.0030657415978516,1.0,1.0,stable_core,eligible_windows=3;selection_frequency=1.000;direction_agreement=1.000;direction_adjusted_validation_positive_ratio=1.000;worst_development_degradation=-0.018859529684707506;upstream_fdr_pass=True
split_001,alpha158_IMAX60,3,3,2,0.6666666666666666,-1,1.0,0.6666666666666666,-0.04807503434850195,-0.09365801590015567,0.06681927360426067,0.029020631611182846,True,0.0122629663914067,1.0,1.0,stable_core,eligible_windows=3;selection_frequency=0.667;direction_agreement=1.000;direction_adjusted_validation_positive_ratio=0.667;worst_development_degradation=0.029020631611182846;upstream_fdr_pass=True
split_001,alpha158_IMIN10,3,3,0,0.0,1,1.0,1.0,0.016348828724364637,0.06110248816248559,,,False,0.0728864481175017,1.0,1.0,holdout,eligible_windows=3;selection_frequency=0.000;direction_agreement=1.000;direction_adjusted_validation_positive_ratio=1.000;worst_development_degradation=nan;upstream_fdr_pass=False
split_001,alpha158_IMIN20,3,3,3,1.0,1,1.0,1.0,0.0347691166393442,0.08171351171458723,0.04736427534495194,0.013277746102351023,True,0.0097094189103874,1.0,1.0,stable_core,eligible_windows=3;selection_frequency=1.000;direction_agreement=1.000;direction_adjusted_validation_positive_ratio=1.000;worst_development_degradation=0.013277746102351023;upstream_fdr_pass=True
split_001,alpha158_IMIN30,3,3,2,0.6666666666666666,1,1.0,0.6666666666666666,0.05397802678673818,0.12470955766006335,0.07775865403455037,0.07073153087332518,True,0.0043398160281277,1.0,1.0,stable_core,eligible_windows=3;selection_frequency=0.667;direction_agreement=1.000;direction_adjusted_validation_positive_ratio=0.667;worst_development_degradation=0.07073153087332518;upstream_fdr_pass=True
split_001,alpha158_IMIN5,3,3,0,0.0,1,1.0,1.0,0.008179493665734868,0.05836509456148999,,,False,0.2164861716356733,1.0,1.0,holdout,eligible_windows=3;selection_frequency=0.000;direction_agreement=1.000;direction_adjusted_validation_positive_ratio=1.000;worst_development_degradation=nan;upstream_fdr_pass=False
split_001,alpha158_IMIN60,3,3,2,0.6666666666666666,1,1.0,0.6666666666666666,0.07376586623483317,0.015224547920075293,0.007554069316938861,-0.06882467350680546,True,0.0030657415978516,1.0,1.0,conditional_signal,eligible_windows=3;selection_frequency=0.667;direction_agreement=1.000;direction_adjusted_validation_positive_ratio=0.667;worst_development_degradation=-0.06882467350680546;upstream_fdr_pass=True
split_001,alpha158_IMXD10,3,3,0,0.0,-1,1.0,1.0,-0.018989375059255843,-0.07383092820389103,,,False,0.0761701533760357,1.0,1.0,holdout,eligible_windows=3;selection_frequency=0.000;direction_agreement=1.000;direction_adjusted_validation_positive_ratio=1.000;worst_development_degradation=nan;upstream_fdr_pass=False
split_001,alpha158_IMXD20,3,3,3,1.0,-1,1.0,1.0,-0.04844669404357421,-0.11772270759794563,0.07064781956281713,0.002120175289867278,True,0.0083961264865787,1.0,1.0,stable_core,eligible_windows=3;selection_frequency=1.000;direction_agreement=1.000;direction_adjusted_validation_positive_ratio=1.000;worst_development_degradation=0.002120175289867278;upstream_fdr_pass=True
split_001,alpha158_IMXD30,3,3,3,1.0,-1,1.0,1.0,-0.07046326040939002,-0.16069071313744182,0.09071442881284471,-0.04096200555139718,True,0.0056320084409972,1.0,1.0,conditional_signal,eligible_windows=3;selection_frequency=1.000;direction_agreement=1.000;direction_adjusted_validation_positive_ratio=1.000;worst_development_degradation=-0.04096200555139718;upstream_fdr_pass=True
split_001,alpha158_IMXD5,3,3,0,0.0,-1,1.0,1.0,-0.008378823561946698,-0.06453623517538065,,,False,0.2055541097557904,1.0,1.0,holdout,eligible_windows=3;selection_frequency=0.000;direction_agreement=1.000;direction_adjusted_validation_positive_ratio=1.000;worst_development_degradation=nan;upstream_fdr_pass=False
split_001,alpha158_IMXD60,3,3,2,0.6666666666666666,-1,1.0,0.6666666666666666,-0.07182440493828554,-0.09566248867370708,0.06353373123621167,0.00569774103755126,True,0.0030657415978516,1.0,1.0,stable_core,eligible_windows=3;selection_frequency=0.667;direction_agreement=1.000;direction_adjusted_validation_positive_ratio=0.667;worst_development_degradation=0.00569774103755126;upstream_fdr_pass=True
split_001,alpha158_KLEN,3,3,3,1.0,-1,1.0,1.0,-0.07301704970258922,-0.20101454801660396,0.12393761850821336,0.02220587745270365,True,0.0043398160281277,1.0,1.0,stable_core,eligible_windows=3;selection_frequency=1.000;direction_agreement=1.000;direction_adjusted_validation_positive_ratio=1.000;worst_development_degradation=0.02220587745270365;upstream_fdr_pass=True
split_001,alpha158_KLOW,3,3,3,1.0,-1,1.0,1.0,-0.04081225081114795,-0.0704036897692435,0.028453597352198823,0.02136086052409325,True,0.0030657415978516,1.0,1.0,stable_core,eligible_windows=3;selection_frequency=1.000;direction_agreement=1.000;direction_adjusted_validation_positive_ratio=1.000;worst_development_degradation=0.02136086052409325;upstream_fdr_pass=True
split_001,alpha158_KLOW2,3,3,0,0.0,1,1.0,0.6666666666666666,0.0012746888540076102,0.02433853393385537,,,False,0.6183629454657492,1.0,1.0,holdout,eligible_windows=3;selection_frequency=0.000;direction_agreement=1.000;direction_adjusted_validation_positive_ratio=0.667;worst_development_degradation=nan;upstream_fdr_pass=False
split_001,alpha158_KMID,3,3,2,0.6666666666666666,-1,1.0,0.6666666666666666,-0.010291397692023366,-0.03465811768883001,0.024874140229034062,0.020392551306373692,True,0.0122629663914067,1.0,1.0,stable_core,eligible_windows=3;selection_frequency=0.667;direction_agreement=1.000;direction_adjusted_validation_positive_ratio=0.667;worst_development_degradation=0.020392551306373692;upstream_fdr_pass=True
split_001,alpha158_KMID2,3,3,2,0.6666666666666666,-1,1.0,1.0,-0.00856329848482724,-0.03460052498163712,0.02468871885177953,0.02334021120674918,True,0.037056013293637,1.0,1.0,stable_core,eligible_windows=3;selection_frequency=0.667;direction_agreement=1.000;direction_adjusted_validation_positive_ratio=1.000;worst_development_degradation=0.02334021120674918;upstream_fdr_pass=True
split_001,alpha158_KSFT,3,3,0,0.0,-1,1.0,0.6666666666666666,-0.00583704810872293,-0.013063253140440897,,,False,0.2153389181769816,1.0,1.0,holdout,eligible_windows=3;selection_frequency=0.000;direction_agreement=1.000;direction_adjusted_validation_positive_ratio=0.667;worst_development_degradation=nan;upstream_fdr_pass=False
split_001,alpha158_KSFT2,3,3,0,0.0,-1,1.0,0.6666666666666666,-0.007668864928889667,-0.025482432423859325,,,False,0.0794178399297229,1.0,1.0,holdout,eligible_windows=3;selection_frequency=0.000;direction_agreement=1.000;direction_adjusted_validation_positive_ratio=0.667;worst_development_degradation=nan;upstream_fdr_pass=False
split_001,alpha158_KUP,3,3,3,1.0,-1,1.0,1.0,-0.03672157767305596,-0.09548241072247586,0.05339672327672341,0.015829235738048703,True,0.0043398160281277,1.0,1.0,stable_core,eligible_windows=3;selection_frequency=1.000;direction_agreement=1.000;direction_adjusted_validation_positive_ratio=1.000;worst_development_degradation=0.015829235738048703;upstream_fdr_pass=True
split_001,alpha158_KUP2,3,3,0,0.0,-1,0.6666666666666666,0.3333333333333333,-0.00027542548861600935,-0.0010131872328323398,,,False,0.3963238669121022,1.0,1.0,holdout,eligible_windows=3;selection_frequency=0.000;direction_agreement=0.667;direction_adjusted_validation_positive_ratio=0.333;worst_development_degradation=nan;upstream_fdr_pass=False
split_001,alpha158_LOW0,3,3,3,1.0,1,1.0,1.0,0.04683562671178922,0.13171478744152848,0.08117910988902044,0.037773058122007666,True,0.0030657415978516,1.0,1.0,stable_core,eligible_windows=3;selection_frequency=1.000;direction_agreement=1.000;direction_adjusted_validation_positive_ratio=1.000;worst_development_degradation=0.037773058122007666;upstream_fdr_pass=True
split_001,alpha158_MA10,3,3,3,1.0,1,1.0,1.0,0.021303320770865577,0.07923571261782023,0.04830272497726125,0.028306758215146877,True,0.0186444456830722,1.0,1.0,stable_core,eligible_windows=3;selection_frequency=1.000;direction_agreement=1.000;direction_adjusted_validation_positive_ratio=1.000;worst_development_degradation=0.028306758215146877;upstream_fdr_pass=True
split_001,alpha158_MA20,3,3,3,1.0,1,1.0,1.0,0.04060859245791121,0.11596850949218403,0.07535991703427282,0.05188286949111769,True,0.0070536323834476,1.0,1.0,stable_core,eligible_windows=3;selection_frequency=1.000;direction_agreement=1.000;direction_adjusted_validation_positive_ratio=1.000;worst_development_degradation=0.05188286949111769;upstream_fdr_pass=True
split_001,alpha158_MA30,3,3,3,1.0,1,1.0,1.0,0.05902260424083804,0.15108288464990435,0.0920602804090663,0.04524924028835833,True,0.0043398160281277,1.0,1.0,stable_core,eligible_windows=3;selection_frequency=1.000;direction_agreement=1.000;direction_adjusted_validation_positive_ratio=1.000;worst_development_degradation=0.04524924028835833;upstream_fdr_pass=True
split_001,alpha158_MA5,3,3,0,0.0,1,1.0,1.0,0.011759765401806751,0.04896455043668991,,,False,0.0639491840242309,1.0,1.0,holdout,eligible_windows=3;selection_frequency=0.000;direction_agreement=1.000;direction_adjusted_validation_positive_ratio=1.000;worst_development_degradation=nan;upstream_fdr_pass=False
split_001,alpha158_MA60,3,3,2,0.6666666666666666,1,1.0,0.6666666666666666,0.08777305136561638,0.1913486302717202,0.1170523178425755,0.10357557890610382,True,0.0030657415978516,1.0,1.0,stable_core,eligible_windows=3;selection_frequency=0.667;direction_agreement=1.000;direction_adjusted_validation_positive_ratio=0.667;worst_development_degradation=0.10357557890610382;upstream_fdr_pass=True
split_001,alpha158_MAX10,3,3,0,0.0,-1,1.0,0.6666666666666666,-0.026477612216727554,-0.08687688912319573,,,False,0.1076025941857784,1.0,1.0,holdout,eligible_windows=3;selection_frequency=0.000;direction_agreement=1.000;direction_adjusted_validation_positive_ratio=0.667;worst_development_degradation=nan;upstream_fdr_pass=False
split_001,alpha158_MAX20,3,3,0,0.0,-1,1.0,0.6666666666666666,-0.007737119059916547,-0.08539061586186339,,,False,0.6878976185601764,1.0,1.0,holdout,eligible_windows=3;selection_frequency=0.000;direction_agreement=1.000;direction_adjusted_validation_positive_ratio=0.667;worst_development_degradation=nan;upstream_fdr_pass=False
split_001,alpha158_MAX30,3,3,0,0.0,1,1.0,0.3333333333333333,0.011810557016459246,-0.05290981152681816,,,False,0.5752463498942373,1.0,1.0,holdout,eligible_windows=3;selection_frequency=0.000;direction_agreement=1.000;direction_adjusted_validation_positive_ratio=0.333;worst_development_degradation=nan;upstream_fdr_pass=False
split_001,alpha158_MAX5,3,3,3,1.0,-1,1.0,1.0,-0.0335790435654363,-0.09249378361582052,0.05891474005038422,-0.012100765685805481,True,0.0236700799200799,1.0,1.0,stable_core,eligible_windows=3;selection_frequency=1.000;direction_agreement=1.000;direction_adjusted_validation_positive_ratio=1.000;worst_development_degradation=-0.012100765685805481;upstream_fdr_pass=True
split_001,alpha158_MAX60,3,3,0,0.0,1,1.0,0.6666666666666666,0.031610211205812026,0.04481660375487878,,,False,0.1954983791718485,1.0,1.0,holdout,eligible_windows=3;selection_frequency=0.000;direction_agreement=1.000;direction_adjusted_validation_positive_ratio=0.667;worst_development_degradation=nan;upstream_fdr_pass=False
split_001,alpha158_MIN10,3,3,3,1.0,1,1.0,1.0,0.053137868285384006,0.17979183389705072,0.11781200924515736,0.0527522706534002,True,0.0030657415978516,1.0,1.0,stable_core,eligible_windows=3;selection_frequency=1.000;direction_agreement=1.000;direction_adjusted_validation_positive_ratio=1.000;worst_development_degradation=0.0527522706534002;upstream_fdr_pass=True
split_001,alpha158_MIN20,3,3,3,1.0,1,1.0,1.0,0.06218786510748142,0.212969354202664,0.14107003775116994,0.059447006549369075,True,0.0030657415978516,1.0,1.0,stable_core,eligible_windows=3;selection_frequency=1.000;direction_agreement=1.000;direction_adjusted_validation_positive_ratio=1.000;worst_development_degradation=0.059447006549369075;upstream_fdr_pass=True
split_001,alpha158_MIN30,3,3,3,1.0,1,1.0,1.0,0.07512066680722385,0.25041117672510876,0.16722693690761947,0.09083349314829973,True,0.0030657415978516,1.0,1.0,stable_core,eligible_windows=3;selection_frequency=1.000;direction_agreement=1.000;direction_adjusted_validation_positive_ratio=1.000;worst_development_degradation=0.09083349314829973;upstream_fdr_pass=True
split_001,alpha158_MIN5,3,3,3,1.0,1,1.0,1.0,0.049741869272888074,0.16954291749181122,0.11343280254677562,0.0474720082847874,True,0.0030657415978516,1.0,1.0,stable_core,eligible_windows=3;selection_frequency=1.000;direction_agreement=1.000;direction_adjusted_validation_positive_ratio=1.000;worst_development_degradation=0.0474720082847874;upstream_fdr_pass=True
split_001,alpha158_MIN60,3,3,3,1.0,1,1.0,1.0,0.08759985711910272,0.26452420714844266,0.17149983539053593,0.05828869799823706,True,0.0030657415978516,1.0,1.0,stable_core,eligible_windows=3;selection_frequency=1.000;direction_agreement=1.000;direction_adjusted_validation_positive_ratio=1.000;worst_development_degradation=0.05828869799823706;upstream_fdr_pass=True
split_001,alpha158_OPEN0,3,3,2,0.6666666666666666,1,1.0,0.6666666666666666,0.010291624372921013,0.03465801816292048,0.024873942292886864,0.020392208617989724,True,0.0097094189103874,1.0,1.0,stable_core,eligible_windows=3;selection_frequency=0.667;direction_agreement=1.000;direction_adjusted_validation_positive_ratio=0.667;worst_development_degradation=0.020392208617989724;upstream_fdr_pass=True
split_001,alpha158_QTLD10,3,3,3,1.0,1,1.0,1.0,0.03350125909032176,0.10271351535801536,0.06921225626769359,0.057222113967957594,True,0.0030657415978516,1.0,1.0,stable_core,eligible_windows=3;selection_frequency=1.000;direction_agreement=1.000;direction_adjusted_validation_positive_ratio=1.000;worst_development_degradation=0.057222113967957594;upstream_fdr_pass=True
split_001,alpha158_QTLD20,3,3,3,1.0,1,1.0,1.0,0.05117620742830731,0.1454528515365973,0.08350385335085209,0.079065002457709,True,0.0043398160281277,1.0,1.0,stable_core,eligible_windows=3;selection_frequency=1.000;direction_agreement=1.000;direction_adjusted_validation_positive_ratio=1.000;worst_development_degradation=0.079065002457709;upstream_fdr_pass=True
split_001,alpha158_QTLD30,3,3,3,1.0,1,1.0,1.0,0.06661287337678766,0.17047819102511788,0.1035253260624104,0.09357031879264086,True,0.0030657415978516,1.0,1.0,stable_core,eligible_windows=3;selection_frequency=1.000;direction_agreement=1.000;direction_adjusted_validation_positive_ratio=1.000;worst_development_degradation=0.09357031879264086;upstream_fdr_pass=True
split_001,alpha158_QTLD5,3,3,3,1.0,1,1.0,1.0,0.02455659337334578,0.07007088647604767,0.046521654385328584,0.03095064885167325,True,0.0030657415978516,1.0,1.0,stable_core,eligible_windows=3;selection_frequency=1.000;direction_agreement=1.000;direction_adjusted_validation_positive_ratio=1.000;worst_development_degradation=0.03095064885167325;upstream_fdr_pass=True
split_001,alpha158_QTLD60,3,3,3,1.0,1,1.0,1.0,0.09216105001741404,0.17757876544202747,0.08541771542461343,-0.019979136810580084,True,0.0030657415978516,1.0,1.0,stable_core,eligible_windows=3;selection_frequency=1.000;direction_agreement=1.000;direction_adjusted_validation_positive_ratio=1.000;worst_development_degradation=-0.019979136810580084;upstream_fdr_pass=True
split_001,alpha158_QTLU10,3,3,0,0.0,1,1.0,0.6666666666666666,0.006230959444444357,0.027652470456139618,,,False,0.3598708983324368,1.0,1.0,holdout,eligible_windows=3;selection_frequency=0.000;direction_agreement=1.000;direction_adjusted_validation_positive_ratio=0.667;worst_development_degradation=nan;upstream_fdr_pass=False
split_001,alpha158_QTLU20,3,3,0,0.0,1,1.0,1.0,0.025247211275587402,0.04407669699148928,,,False,0.0708083737823514,1.0,1.0,holdout,eligible_windows=3;selection_frequency=0.000;direction_agreement=1.000;direction_adjusted_validation_positive_ratio=1.000;worst_development_degradation=nan;upstream_fdr_pass=False
split_001,alpha158_QTLU30,3,3,3,1.0,1,1.0,1.0,0.044221004515667045,0.07746908497647223,0.033248080460805185,-0.024141533920768794,True,0.0160867578810686,1.0,1.0,stable_core,eligible_windows=3;selection_frequency=1.000;direction_agreement=1.000;direction_adjusted_validation_positive_ratio=1.000;worst_development_degradation=-0.024141533920768794;upstream_fdr_pass=True
split_001,alpha158_QTLU5,3,3,0,0.0,-1,0.6666666666666666,0.6666666666666666,-0.0028711012828678334,0.0016366211956813635,,,False,0.9121824121824122,1.0,1.0,holdout,eligible_windows=3;selection_frequency=0.000;direction_agreement=0.667;direction_adjusted_validation_positive_ratio=0.667;worst_development_degradation=nan;upstream_fdr_pass=False
split_001,alpha158_QTLU60,3,3,2,0.6666666666666666,1,1.0,0.6666666666666666,0.07187218515985688,0.152865454922098,0.09803313082412476,0.08578248649933518,True,0.0030657415978516,1.0,1.0,stable_core,eligible_windows=3;selection_frequency=0.667;direction_agreement=1.000;direction_adjusted_validation_positive_ratio=0.667;worst_development_degradation=0.08578248649933518;upstream_fdr_pass=True
split_001,alpha158_RANK10,3,3,0,0.0,-1,1.0,1.0,-0.017423400488667588,-0.07463782871114294,,,False,0.0582258650440468,1.0,1.0,holdout,eligible_windows=3;selection_frequency=0.000;direction_agreement=1.000;direction_adjusted_validation_positive_ratio=1.000;worst_development_degradation=nan;upstream_fdr_pass=False
split_001,alpha158_RANK20,3,3,3,1.0,-1,1.0,1.0,-0.033134041016094344,-0.09566010401925215,0.06382408331662956,0.02828292292588685,True,0.0110337775432115,1.0,1.0,stable_core,eligible_windows=3;selection_frequency=1.000;direction_agreement=1.000;direction_adjusted_validation_positive_ratio=1.000;worst_development_degradation=0.02828292292588685;upstream_fdr_pass=True
split_001,alpha158_RANK30,3,3,3,1.0,-1,1.0,1.0,-0.046729123533314904,-0.13478821982439926,0.08805909629108435,0.011513107156947783,True,0.0097094189103874,1.0,1.0,stable_core,eligible_windows=3;selection_frequency=1.000;direction_agreement=1.000;direction_adjusted_validation_positive_ratio=1.000;worst_development_degradation=0.011513107156947783;upstream_fdr_pass=True
split_001,alpha158_RANK60,3,3,2,0.6666666666666666,-1,1.0,0.6666666666666666,-0.07579394586929447,-0.17978981660125204,0.12228789564904748,0.10399587073195757,True,0.0030657415978516,1.0,1.0,stable_core,eligible_windows=3;selection_frequency=0.667;direction_agreement=1.000;direction_adjusted_validation_positive_ratio=0.667;worst_development_degradation=0.10399587073195757;upstream_fdr_pass=True
split_001,alpha158_RESI10,3,3,0,0.0,-1,1.0,0.6666666666666666,-0.0025896207700404953,-0.001488122913942063,,,False,0.5868787462537463,1.0,1.0,holdout,eligible_windows=3;selection_frequency=0.000;direction_agreement=1.000;direction_adjusted_validation_positive_ratio=0.667;worst_development_degradation=nan;upstream_fdr_pass=False
split_001,alpha158_RESI20,3,3,0,0.0,1,1.0,1.0,0.009035103098785711,0.010072949477558926,,,False,0.5583397793429141,1.0,1.0,holdout,eligible_windows=3;selection_frequency=0.000;direction_agreement=1.000;direction_adjusted_validation_positive_ratio=1.000;worst_development_degradation=nan;upstream_fdr_pass=False
split_001,alpha158_RESI30,3,3,0,0.0,1,1.0,0.6666666666666666,0.01578171148260186,0.0016307074080662883,,,False,0.3937622886667472,1.0,1.0,holdout,eligible_windows=3;selection_frequency=0.000;direction_agreement=1.000;direction_adjusted_validation_positive_ratio=0.667;worst_development_degradation=nan;upstream_fdr_pass=False
split_001,alpha158_RESI5,3,3,0,0.0,-1,1.0,0.6666666666666666,-0.004588472834611144,-0.0021886880482424728,,,False,0.0989227379119075,1.0,1.0,holdout,eligible_windows=3;selection_frequency=0.000;direction_agreement=1.000;direction_adjusted_validation_positive_ratio=0.667;worst_development_degradation=nan;upstream_fdr_pass=False
split_001,alpha158_RESI60,3,3,0,0.0,-1,1.0,1.0,-0.016104694348564593,-0.11870332840676408,,,False,0.2036498854680673,1.0,1.0,holdout,eligible_windows=3;selection_frequency=0.000;direction_agreement=1.000;direction_adjusted_validation_positive_ratio=1.000;worst_development_degradation=nan;upstream_fdr_pass=False
split_001,alpha158_ROC10,3,3,3,1.0,1,1.0,1.0,0.031885460067737716,0.09592560972194951,0.06404014965421179,0.040315292556179584,True,0.0083961264865787,1.0,1.0,stable_core,eligible_windows=3;selection_frequency=1.000;direction_agreement=1.000;direction_adjusted_validation_positive_ratio=1.000;worst_development_degradation=0.040315292556179584;upstream_fdr_pass=True
split_001,alpha158_ROC20,3,3,3,1.0,1,1.0,1.0,0.05787251919177403,0.1463679752966758,0.08849545610490178,0.06922891606008942,True,0.0056320084409972,1.0,1.0,stable_core,eligible_windows=3;selection_frequency=1.000;direction_agreement=1.000;direction_adjusted_validation_positive_ratio=1.000;worst_development_degradation=0.06922891606008942;upstream_fdr_pass=True
split_001,alpha158_ROC30,3,3,3,1.0,1,1.0,1.0,0.08295544349584329,0.18360358285219816,0.10064813935635487,-0.03105089251237369,True,0.0030657415978516,1.0,1.0,conditional_signal,eligible_windows=3;selection_frequency=1.000;direction_agreement=1.000;direction_adjusted_validation_positive_ratio=1.000;worst_development_degradation=-0.03105089251237369;upstream_fdr_pass=True
split_001,alpha158_ROC5,3,3,3,1.0,1,1.0,1.0,0.01709616869866648,0.07057391912477182,0.046063649038804694,0.018304452035938043,True,0.0417707292707292,1.0,1.0,stable_core,eligible_windows=3;selection_frequency=1.000;direction_agreement=1.000;direction_adjusted_validation_positive_ratio=1.000;worst_development_degradation=0.018304452035938043;upstream_fdr_pass=True
split_001,alpha158_ROC60,3,3,2,0.6666666666666666,1,1.0,0.6666666666666666,0.07528742343295353,0.07427505280156824,0.05453151776703685,-0.017391256733357785,True,0.0030657415978516,1.0,1.0,stable_core,eligible_windows=3;selection_frequency=0.667;direction_agreement=1.000;direction_adjusted_validation_positive_ratio=0.667;worst_development_degradation=-0.017391256733357785;upstream_fdr_pass=True
split_001,alpha158_RSQR10,3,3,0,0.0,1,1.0,0.6666666666666666,0.005790652500687729,0.015901697358819966,,,False,0.3164082294517077,1.0,1.0,holdout,eligible_windows=3;selection_frequency=0.000;direction_agreement=1.000;direction_adjusted_validation_positive_ratio=0.667;worst_development_degradation=nan;upstream_fdr_pass=False
split_001,alpha158_RSQR20,3,3,0,0.0,1,1.0,0.3333333333333333,0.015380297980079005,-0.024887199473288085,,,False,0.1301176699406788,1.0,1.0,holdout,eligible_windows=3;selection_frequency=0.000;direction_agreement=1.000;direction_adjusted_validation_positive_ratio=0.333;worst_development_degradation=nan;upstream_fdr_pass=False
split_001,alpha158_RSQR30,3,3,2,0.6666666666666666,1,1.0,0.6666666666666666,0.03359746230740842,0.0149265360042613,-0.0010842045968547567,-0.019411817706447027,True,0.0122629663914067,1.0,1.0,stable_core,eligible_windows=3;selection_frequency=0.667;direction_agreement=1.000;direction_adjusted_validation_positive_ratio=0.667;worst_development_degradation=-0.019411817706447027;upstream_fdr_pass=True
split_001,alpha158_RSQR5,3,3,0,0.0,1,1.0,0.3333333333333333,0.0055985183784951886,-0.002568073251903699,,,False,0.2183438452095168,1.0,1.0,holdout,eligible_windows=3;selection_frequency=0.000;direction_agreement=1.000;direction_adjusted_validation_positive_ratio=0.333;worst_development_degradation=nan;upstream_fdr_pass=False
split_001,alpha158_RSQR60,3,3,0,0.0,1,0.6666666666666666,1.0,0.0024985274745813624,0.06817204882444389,,,False,0.9168268013845224,1.0,1.0,holdout,eligible_windows=3;selection_frequency=0.000;direction_agreement=0.667;direction_adjusted_validation_positive_ratio=1.000;worst_development_degradation=nan;upstream_fdr_pass=False
split_001,alpha158_RSV10,3,3,0,0.0,-1,1.0,1.0,-0.012292060815094086,-0.06493617802653852,,,False,0.103189449688552,1.0,1.0,holdout,eligible_windows=3;selection_frequency=0.000;direction_agreement=1.000;direction_adjusted_validation_positive_ratio=1.000;worst_development_degradation=nan;upstream_fdr_pass=False
split_001,alpha158_RSV20,3,3,3,1.0,-1,1.0,1.0,-0.02743170138855295,-0.08666586959057654,0.059399236476225796,0.01977226376220509,True,0.0249584440455809,1.0,1.0,stable_core,eligible_windows=3;selection_frequency=1.000;direction_agreement=1.000;direction_adjusted_validation_positive_ratio=1.000;worst_development_degradation=0.01977226376220509;upstream_fdr_pass=True
split_001,alpha158_RSV30,3,3,3,1.0,-1,1.0,1.0,-0.044936983964344826,-0.12577656795902814,0.08083958399468331,-0.009584285265259465,True,0.0110337775432115,1.0,1.0,stable_core,eligible_windows=3;selection_frequency=1.000;direction_agreement=1.000;direction_adjusted_validation_positive_ratio=1.000;worst_development_degradation=-0.009584285265259465;upstream_fdr_pass=True
split_001,alpha158_RSV5,3,3,0,0.0,-1,1.0,0.6666666666666666,-0.007556567780485502,-0.04543049851723522,,,False,0.1971012038808648,1.0,1.0,holdout,eligible_windows=3;selection_frequency=0.000;direction_agreement=1.000;direction_adjusted_validation_positive_ratio=0.667;worst_development_degradation=nan;upstream_fdr_pass=False
split_001,alpha158_RSV60,3,3,2,0.6666666666666666,-1,1.0,0.6666666666666666,-0.07083718382144771,-0.13776653040100745,0.11444262287605939,0.06679314180859236,True,0.0043398160281277,1.0,1.0,stable_core,eligible_windows=3;selection_frequency=0.667;direction_agreement=1.000;direction_adjusted_validation_positive_ratio=0.667;worst_development_degradation=0.06679314180859236;upstream_fdr_pass=True
split_001,alpha158_STD10,3,3,3,1.0,-1,1.0,1.0,-0.056053122391340186,-0.19431791362838202,0.13652711319894456,-0.0006270763456002887,True,0.0043398160281277,1.0,1.0,stable_core,eligible_windows=3;selection_frequency=1.000;direction_agreement=1.000;direction_adjusted_validation_positive_ratio=1.000;worst_development_degradation=-0.0006270763456002887;upstream_fdr_pass=True
split_001,alpha158_STD20,3,3,3,1.0,-1,1.0,1.0,-0.050345377518766804,-0.2285944270623083,0.1758038888932862,-0.01774260688626786,True,0.0146886080952015,1.0,1.0,stable_core,eligible_windows=3;selection_frequency=1.000;direction_agreement=1.000;direction_adjusted_validation_positive_ratio=1.000;worst_development_degradation=-0.01774260688626786;upstream_fdr_pass=True
split_001,alpha158_STD30,3,3,0,0.0,-1,1.0,1.0,-0.036299708282527,-0.24368916214525357,,,False,0.052393113578582,1.0,1.0,holdout,eligible_windows=3;selection_frequency=0.000;direction_agreement=1.000;direction_adjusted_validation_positive_ratio=1.000;worst_development_degradation=nan;upstream_fdr_pass=False
split_001,alpha158_STD5,3,3,3,1.0,-1,1.0,1.0,-0.05643321445526783,-0.18968856940416282,0.1320399253314058,0.016536898769451157,True,0.0070536323834476,1.0,1.0,stable_core,eligible_windows=3;selection_frequency=1.000;direction_agreement=1.000;direction_adjusted_validation_positive_ratio=1.000;worst_development_degradation=0.016536898769451157;upstream_fdr_pass=True
split_001,alpha158_STD60,3,3,0,0.0,-1,1.0,1.0,-0.03162795698356048,-0.14720768561689346,,,False,0.0999486999486999,1.0,1.0,holdout,eligible_windows=3;selection_frequency=0.000;direction_agreement=1.000;direction_adjusted_validation_positive_ratio=1.000;worst_development_degradation=nan;upstream_fdr_pass=False
split_001,alpha158_SUMD10,3,3,0,0.0,-1,1.0,1.0,-0.02240683213992037,-0.08484685882532261,,,False,0.0814149486876759,1.0,1.0,holdout,eligible_windows=3;selection_frequency=0.000;direction_agreement=1.000;direction_adjusted_validation_positive_ratio=1.000;worst_development_degradation=nan;upstream_fdr_pass=False
split_001,alpha158_SUMD20,3,3,3,1.0,-1,1.0,1.0,-0.05136857742912545,-0.13612436373269474,0.08646741193618937,0.009228924213256544,True,0.0070536323834476,1.0,1.0,stable_core,eligible_windows=3;selection_frequency=1.000;direction_agreement=1.000;direction_adjusted_validation_positive_ratio=1.000;worst_development_degradation=0.009228924213256544;upstream_fdr_pass=True
split_001,alpha158_SUMD30,3,3,2,0.6666666666666666,-1,1.0,0.6666666666666666,-0.07664123724690332,-0.1825599459655503,0.11515691115481431,0.10591870871864699,True,0.0043398160281277,1.0,1.0,stable_core,eligible_windows=3;selection_frequency=0.667;direction_agreement=1.000;direction_adjusted_validation_positive_ratio=0.667;worst_development_degradation=0.10591870871864699;upstream_fdr_pass=True
split_001,alpha158_SUMD5,3,3,0,0.0,-1,1.0,1.0,-0.009817357316156045,-0.06637481252205103,,,False,0.1886512798733108,1.0,1.0,holdout,eligible_windows=3;selection_frequency=0.000;direction_agreement=1.000;direction_adjusted_validation_positive_ratio=1.000;worst_development_degradation=nan;upstream_fdr_pass=False
split_001,alpha158_SUMD60,3,3,2,0.6666666666666666,-1,1.0,0.6666666666666666,-0.07035149778337264,-0.0678225653005226,0.06256485296012135,-0.02253261110824574,True,0.0043398160281277,1.0,1.0,stable_core,eligible_windows=3;selection_frequency=0.667;direction_agreement=1.000;direction_adjusted_validation_positive_ratio=0.667;worst_development_degradation=-0.02253261110824574;upstream_fdr_pass=True
split_001,alpha158_SUMN10,3,3,0,0.0,1,1.0,1.0,0.022409636101595725,0.08484686932588778,,,False,0.0803458836245721,1.0,1.0,holdout,eligible_windows=3;selection_frequency=0.000;direction_agreement=1.000;direction_adjusted_validation_positive_ratio=1.000;worst_development_degradation=nan;upstream_fdr_pass=False
split_001,alpha158_SUMN20,3,3,3,1.0,1,1.0,1.0,0.05136862956366374,0.1361242513325765,0.08646722620583888,0.009228813024253747,True,0.0146886080952015,1.0,1.0,stable_core,eligible_windows=3;selection_frequency=1.000;direction_agreement=1.000;direction_adjusted_validation_positive_ratio=1.000;worst_development_degradation=0.009228813024253747;upstream_fdr_pass=True
split_001,alpha158_SUMN30,3,3,2,0.6666666666666666,1,1.0,0.6666666666666666,0.07664120198778784,0.1825599261813921,0.11515686285925555,0.10591872419360426,True,0.0043398160281277,1.0,1.0,stable_core,eligible_windows=3;selection_frequency=0.667;direction_agreement=1.000;direction_adjusted_validation_positive_ratio=0.667;worst_development_degradation=0.10591872419360426;upstream_fdr_pass=True
split_001,alpha158_SUMN5,3,3,0,0.0,1,1.0,1.0,0.009813943215751271,0.06638592090574706,,,False,0.2020800145800146,1.0,1.0,holdout,eligible_windows=3;selection_frequency=0.000;direction_agreement=1.000;direction_adjusted_validation_positive_ratio=1.000;worst_development_degradation=nan;upstream_fdr_pass=False
split_001,alpha158_SUMN60,3,3,2,0.6666666666666666,1,1.0,0.6666666666666666,0.0703515198942418,0.06782256167244165,0.06256490209448316,-0.022532601848743783,True,0.0030657415978516,1.0,1.0,stable_core,eligible_windows=3;selection_frequency=0.667;direction_agreement=1.000;direction_adjusted_validation_positive_ratio=0.667;worst_development_degradation=-0.022532601848743783;upstream_fdr_pass=True
split_001,alpha158_SUMP10,3,3,0,0.0,-1,1.0,1.0,-0.022404446354424963,-0.08484696840532105,,,False,0.0761701533760357,1.0,1.0,holdout,eligible_windows=3;selection_frequency=0.000;direction_agreement=1.000;direction_adjusted_validation_positive_ratio=1.000;worst_development_degradation=nan;upstream_fdr_pass=False
split_001,alpha158_SUMP20,3,3,3,1.0,-1,1.0,1.0,-0.05136862229380712,-0.13612426049312923,0.0864672580459214,0.00922905242691921,True,0.0097094189103874,1.0,1.0,stable_core,eligible_windows=3;selection_frequency=1.000;direction_agreement=1.000;direction_adjusted_validation_positive_ratio=1.000;worst_development_degradation=0.00922905242691921;upstream_fdr_pass=True
split_001,alpha158_SUMP30,3,3,2,0.6666666666666666,-1,1.0,0.6666666666666666,-0.07664122608143553,-0.18256002661874124,0.11515692151922782,0.10591880053730571,True,0.0043398160281277,1.0,1.0,stable_core,eligible_windows=3;selection_frequency=0.667;direction_agreement=1.000;direction_adjusted_validation_positive_ratio=0.667;worst_development_degradation=0.10591880053730571;upstream_fdr_pass=True
split_001,alpha158_SUMP5,3,3,0,0.0,-1,1.0,1.0,-0.009815747236767234,-0.06637539499852871,,,False,0.1869943527974616,1.0,1.0,holdout,eligible_windows=3;selection_frequency=0.000;direction_agreement=1.000;direction_adjusted_validation_positive_ratio=1.000;worst_development_degradation=nan;upstream_fdr_pass=False
split_001,alpha158_SUMP60,3,3,2,0.6666666666666666,-1,1.0,0.6666666666666666,-0.07035152068224122,-0.06782267579587783,0.06256494060327548,-0.022532486648284528,True,0.0056320084409972,1.0,1.0,stable_core,eligible_windows=3;selection_frequency=0.667;direction_agreement=1.000;direction_adjusted_validation_positive_ratio=0.667;worst_development_degradation=-0.022532486648284528;upstream_fdr_pass=True
split_001,alpha158_VMA10,3,3,0,0.0,1,1.0,0.6666666666666666,0.0022865053787284495,0.005731814615203197,,,False,0.3070419839900359,1.0,1.0,holdout,eligible_windows=3;selection_frequency=0.000;direction_agreement=1.000;direction_adjusted_validation_positive_ratio=0.667;worst_development_degradation=nan;upstream_fdr_pass=False
split_001,alpha158_VMA20,3,3,0,0.0,1,1.0,1.0,0.007872497638391804,0.027307062764687657,,,False,0.052393113578582,1.0,1.0,holdout,eligible_windows=3;selection_frequency=0.000;direction_agreement=1.000;direction_adjusted_validation_positive_ratio=1.000;worst_development_degradation=nan;upstream_fdr_pass=False
split_001,alpha158_VMA30,3,3,3,1.0,1,1.0,1.0,0.015440002367105191,0.04981681250808034,0.03524005556874393,0.0004876576606567852,True,0.0122629663914067,1.0,1.0,stable_core,eligible_windows=3;selection_frequency=1.000;direction_agreement=1.000;direction_adjusted_validation_positive_ratio=1.000;worst_development_degradation=0.0004876576606567852;upstream_fdr_pass=True
split_001,alpha158_VMA5,3,3,0,0.0,1,1.0,0.3333333333333333,0.0023074948916358483,-0.001442127769791635,,,False,0.2999342121293341,1.0,1.0,holdout,eligible_windows=3;selection_frequency=0.000;direction_agreement=1.000;direction_adjusted_validation_positive_ratio=0.333;worst_development_degradation=nan;upstream_fdr_pass=False
split_001,alpha158_VMA60,3,3,3,1.0,1,1.0,1.0,0.036160423272637014,0.11814910281972442,0.08265756961402236,-0.005626169995884396,True,0.0043398160281277,1.0,1.0,stable_core,eligible_windows=3;selection_frequency=1.000;direction_agreement=1.000;direction_adjusted_validation_positive_ratio=1.000;worst_development_degradation=-0.005626169995884396;upstream_fdr_pass=True
split_001,alpha158_VSTD10,3,3,0,0.0,-1,1.0,1.0,-0.004823117141174039,-0.03186430717128413,,,False,0.3108771293536285,1.0,1.0,holdout,eligible_windows=3;selection_frequency=0.000;direction_agreement=1.000;direction_adjusted_validation_positive_ratio=1.000;worst_development_degradation=nan;upstream_fdr_pass=False
split_001,alpha158_VSTD20,3,3,0,0.0,1,0.6666666666666666,0.3333333333333333,0.0031636116588720097,-0.022626360765256297,,,False,0.7722490923710436,1.0,1.0,holdout,eligible_windows=3;selection_frequency=0.000;direction_agreement=0.667;direction_adjusted_validation_positive_ratio=0.333;worst_development_degradation=nan;upstream_fdr_pass=False
split_001,alpha158_VSTD30,3,3,0,0.0,1,1.0,0.3333333333333333,0.015446864837155664,-0.002173435159481199,,,False,0.0628131267229011,1.0,1.0,holdout,eligible_windows=3;selection_frequency=0.000;direction_agreement=1.000;direction_adjusted_validation_positive_ratio=0.333;worst_development_degradation=nan;upstream_fdr_pass=False
split_001,alpha158_VSTD5,3,3,0,0.0,-1,1.0,1.0,-0.005158321054886958,-0.023534742025017204,,,False,0.1925895716633281,1.0,1.0,holdout,eligible_windows=3;selection_frequency=0.000;direction_agreement=1.000;direction_adjusted_validation_positive_ratio=1.000;worst_development_degradation=nan;upstream_fdr_pass=False
split_001,alpha158_VSTD60,3,3,2,0.6666666666666666,1,1.0,0.6666666666666666,0.03376803851225835,0.11189602128329482,0.08483421395706184,0.07886206067552208,True,0.0030657415978516,1.0,1.0,stable_core,eligible_windows=3;selection_frequency=0.667;direction_agreement=1.000;direction_adjusted_validation_positive_ratio=0.667;worst_development_degradation=0.07886206067552208;upstream_fdr_pass=True
split_001,alpha158_VSUMD10,3,3,0,0.0,-1,1.0,1.0,-0.003393040720988964,-0.0265739403896947,,,False,0.1224878324522452,1.0,1.0,holdout,eligible_windows=3;selection_frequency=0.000;direction_agreement=1.000;direction_adjusted_validation_positive_ratio=1.000;worst_development_degradation=nan;upstream_fdr_pass=False
split_001,alpha158_VSUMD20,3,3,3,1.0,-1,1.0,1.0,-0.014524452586245832,-0.0633520482316779,0.04883176970882826,0.012469639666468833,True,0.0211497363396097,1.0,1.0,stable_core,eligible_windows=3;selection_frequency=1.000;direction_agreement=1.000;direction_adjusted_validation_positive_ratio=1.000;worst_development_degradation=0.012469639666468833;upstream_fdr_pass=True
split_001,alpha158_VSUMD30,3,3,3,1.0,-1,1.0,1.0,-0.028272631267654776,-0.08400523478278059,0.05573260351512581,0.045463085138238546,True,0.0083961264865787,1.0,1.0,stable_core,eligible_windows=3;selection_frequency=1.000;direction_agreement=1.000;direction_adjusted_validation_positive_ratio=1.000;worst_development_degradation=0.045463085138238546;upstream_fdr_pass=True
split_001,alpha158_VSUMD5,3,3,0,0.0,-1,1.0,0.6666666666666666,-0.0030207387180503226,-0.0011898654543300974,,,False,0.2301539520082566,1.0,1.0,holdout,eligible_windows=3;selection_frequency=0.000;direction_agreement=1.000;direction_adjusted_validation_positive_ratio=0.667;worst_development_degradation=nan;upstream_fdr_pass=False
split_001,alpha158_VSUMD60,3,3,3,1.0,-1,1.0,1.0,-0.04353963428684994,-0.08820659170006881,0.04158200711012178,-0.011564684045675754,True,0.0083961264865787,1.0,1.0,stable_core,eligible_windows=3;selection_frequency=1.000;direction_agreement=1.000;direction_adjusted_validation_positive_ratio=1.000;worst_development_degradation=-0.011564684045675754;upstream_fdr_pass=True
split_001,alpha158_VSUMN10,3,3,0,0.0,1,1.0,1.0,0.003393065702265232,0.026573949522257573,,,False,0.1390884248027105,1.0,1.0,holdout,eligible_windows=3;selection_frequency=0.000;direction_agreement=1.000;direction_adjusted_validation_positive_ratio=1.000;worst_development_degradation=nan;upstream_fdr_pass=False
split_001,alpha158_VSUMN20,3,3,3,1.0,1,1.0,1.0,0.014524461928531391,0.06335205234924043,0.04883176475905389,0.012469677256274968,True,0.0146886080952015,1.0,1.0,stable_core,eligible_windows=3;selection_frequency=1.000;direction_agreement=1.000;direction_adjusted_validation_positive_ratio=1.000;worst_development_degradation=0.012469677256274968;upstream_fdr_pass=True
split_001,alpha158_VSUMN30,3,3,3,1.0,1,1.0,1.0,0.02827264269655866,0.08400534177192637,0.05573269907536771,0.04546302294223939,True,0.0097094189103874,1.0,1.0,stable_core,eligible_windows=3;selection_frequency=1.000;direction_agreement=1.000;direction_adjusted_validation_positive_ratio=1.000;worst_development_degradation=0.04546302294223939;upstream_fdr_pass=True
split_001,alpha158_VSUMN5,3,3,0,0.0,1,1.0,0.6666666666666666,0.0030207386557509425,0.00118979712284366,,,False,0.2153389181769816,1.0,1.0,holdout,eligible_windows=3;selection_frequency=0.000;direction_agreement=1.000;direction_adjusted_validation_positive_ratio=0.667;worst_development_degradation=nan;upstream_fdr_pass=False
split_001,alpha158_VSUMN60,3,3,3,1.0,1,1.0,1.0,0.04353962549507124,0.08820659277494645,0.04158200803217833,-0.011564876804373257,True,0.0043398160281277,1.0,1.0,stable_core,eligible_windows=3;selection_frequency=1.000;direction_agreement=1.000;direction_adjusted_validation_positive_ratio=1.000;worst_development_degradation=-0.011564876804373257;upstream_fdr_pass=True
split_001,alpha158_VSUMP10,3,3,0,0.0,-1,1.0,1.0,-0.003393053490916561,-0.02657391067446076,,,False,0.1390884248027105,1.0,1.0,holdout,eligible_windows=3;selection_frequency=0.000;direction_agreement=1.000;direction_adjusted_validation_positive_ratio=1.000;worst_development_degradation=nan;upstream_fdr_pass=False
split_001,alpha158_VSUMP20,3,3,3,1.0,-1,1.0,1.0,-0.014524467322596359,-0.06335196140909655,0.04883167318901584,0.012469646925782323,True,0.0186444456830722,1.0,1.0,stable_core,eligible_windows=3;selection_frequency=1.000;direction_agreement=1.000;direction_adjusted_validation_positive_ratio=1.000;worst_development_degradation=0.012469646925782323;upstream_fdr_pass=True
split_001,alpha158_VSUMP30,3,3,3,1.0,-1,1.0,1.0,-0.028272658210317648,-0.08400529075390414,0.0557326325435865,0.04546304579704549,True,0.0070536323834476,1.0,1.0,stable_core,eligible_windows=3;selection_frequency=1.000;direction_agreement=1.000;direction_adjusted_validation_positive_ratio=1.000;worst_development_degradation=0.04546304579704549;upstream_fdr_pass=True
split_001,alpha158_VSUMP5,3,3,0,0.0,-1,1.0,0.6666666666666666,-0.0030207415074937445,-0.0011898689548125647,,,False,0.1864842263455781,1.0,1.0,holdout,eligible_windows=3;selection_frequency=0.000;direction_agreement=1.000;direction_adjusted_validation_positive_ratio=0.667;worst_development_degradation=nan;upstream_fdr_pass=False
split_001,alpha158_VSUMP60,3,3,3,1.0,-1,1.0,1.0,-0.04353961074559246,-0.08820656082081102,0.04158198692255972,-0.011564734669578615,True,0.0056320084409972,1.0,1.0,stable_core,eligible_windows=3;selection_frequency=1.000;direction_agreement=1.000;direction_adjusted_validation_positive_ratio=1.000;worst_development_degradation=-0.011564734669578615;upstream_fdr_pass=True
split_001,alpha158_VWAP0,3,3,0,0.0,1,1.0,0.6666666666666666,0.007379963865133874,0.009470593010342376,,,False,0.1869943527974616,1.0,1.0,holdout,eligible_windows=3;selection_frequency=0.000;direction_agreement=1.000;direction_adjusted_validation_positive_ratio=0.667;worst_development_degradation=nan;upstream_fdr_pass=False
split_001,alpha158_WVMA10,3,3,0,0.0,1,1.0,0.6666666666666666,0.005825105923675476,0.011212058743108093,,,False,0.6538477002873289,1.0,1.0,holdout,eligible_windows=3;selection_frequency=0.000;direction_agreement=1.000;direction_adjusted_validation_positive_ratio=0.667;worst_development_degradation=nan;upstream_fdr_pass=False
split_001,alpha158_WVMA20,3,3,0,0.0,1,0.6666666666666666,0.0,0.005213431323105075,-0.019055506618346825,,,False,0.8242757242757243,1.0,1.0,holdout,eligible_windows=3;selection_frequency=0.000;direction_agreement=0.667;direction_adjusted_validation_positive_ratio=0.000;worst_development_degradation=nan;upstream_fdr_pass=False
split_001,alpha158_WVMA30,3,3,0,0.0,1,0.6666666666666666,0.0,0.0068127661062434295,-0.0309504234059886,,,False,0.7327122418865537,1.0,1.0,holdout,eligible_windows=3;selection_frequency=0.000;direction_agreement=0.667;direction_adjusted_validation_positive_ratio=0.000;worst_development_degradation=nan;upstream_fdr_pass=False
split_001,alpha158_WVMA5,3,3,0,0.0,1,1.0,0.6666666666666666,0.0037359973862425427,0.02433187579483597,,,False,0.6734885484885484,1.0,1.0,holdout,eligible_windows=3;selection_frequency=0.000;direction_agreement=1.000;direction_adjusted_validation_positive_ratio=0.667;worst_development_degradation=nan;upstream_fdr_pass=False
split_001,alpha158_WVMA60,3,3,0,0.0,1,1.0,0.6666666666666666,0.005665111956710793,0.0481870381202081,,,False,0.6590349372420469,1.0,1.0,holdout,eligible_windows=3;selection_frequency=0.000;direction_agreement=1.000;direction_adjusted_validation_positive_ratio=0.667;worst_development_degradation=nan;upstream_fdr_pass=False
split_001,alpha360_CLOSE1,3,3,0,0.0,1,1.0,0.6666666666666666,0.0051289851588422804,0.020277453818928017,,,False,0.103189449688552,1.0,1.0,holdout,eligible_windows=3;selection_frequency=0.000;direction_agreement=1.000;direction_adjusted_validation_positive_ratio=0.667;worst_development_degradation=nan;upstream_fdr_pass=False
split_001,alpha360_CLOSE10,3,3,3,1.0,1,1.0,1.0,0.031885460067737716,0.09592560972194951,0.06404014965421179,0.040315292556179584,True,0.0070536323834476,1.0,1.0,stable_core,eligible_windows=3;selection_frequency=1.000;direction_agreement=1.000;direction_adjusted_validation_positive_ratio=1.000;worst_development_degradation=0.040315292556179584;upstream_fdr_pass=True
split_001,alpha360_CLOSE11,3,3,3,1.0,1,1.0,1.0,0.0353205131234771,0.1058616900396806,0.0705411769162035,0.041132087361478165,True,0.0110337775432115,1.0,1.0,stable_core,eligible_windows=3;selection_frequency=1.000;direction_agreement=1.000;direction_adjusted_validation_positive_ratio=1.000;worst_development_degradation=0.041132087361478165;upstream_fdr_pass=True
split_001,alpha360_CLOSE12,3,3,3,1.0,1,1.0,1.0,0.03824343737696196,0.11532389642980685,0.07708045905284489,0.03290966876144772,True,0.0097094189103874,1.0,1.0,stable_core,eligible_windows=3;selection_frequency=1.000;direction_agreement=1.000;direction_adjusted_validation_positive_ratio=1.000;worst_development_degradation=0.03290966876144772;upstream_fdr_pass=True
split_001,alpha360_CLOSE13,3,3,3,1.0,1,1.0,1.0,0.04054739883319246,0.12071990617335057,0.08036354790329275,0.028374887883511564,True,0.0056320084409972,1.0,1.0,stable_core,eligible_windows=3;selection_frequency=1.000;direction_agreement=1.000;direction_adjusted_validation_positive_ratio=1.000;worst_development_degradation=0.028374887883511564;upstream_fdr_pass=True
split_001,alpha360_CLOSE14,3,3,3,1.0,1,1.0,1.0,0.04284365095159319,0.12493909459583667,0.08209544364424348,0.034354716417680065,True,0.0070536323834476,1.0,1.0,stable_core,eligible_windows=3;selection_frequency=1.000;direction_agreement=1.000;direction_adjusted_validation_positive_ratio=1.000;worst_development_degradation=0.034354716417680065;upstream_fdr_pass=True
split_001,alpha360_CLOSE15,3,3,3,1.0,1,1.0,1.0,0.04545007464463134,0.12812902413822963,0.08267894949359829,0.04033745388730575,True,0.0056320084409972,1.0,1.0,stable_core,eligible_windows=3;selection_frequency=1.000;direction_agreement=1.000;direction_adjusted_validation_positive_ratio=1.000;worst_development_degradation=0.04033745388730575;upstream_fdr_pass=True
split_001,alpha360_CLOSE16,3,3,3,1.0,1,1.0,1.0,0.04781495212360648,0.13099837069641235,0.08318341857280587,0.047817534219986926,True,0.0083961264865787,1.0,1.0,stable_core,eligible_windows=3;selection_frequency=1.000;direction_agreement=1.000;direction_adjusted_validation_positive_ratio=1.000;worst_development_degradation=0.047817534219986926;upstream_fdr_pass=True
split_001,alpha360_CLOSE17,3,3,3,1.0,1,1.0,1.0,0.049852481244655335,0.1346965554034389,0.08484407415878356,0.05524803374057261,True,0.0083961264865787,1.0,1.0,stable_core,eligible_windows=3;selection_frequency=1.000;direction_agreement=1.000;direction_adjusted_validation_positive_ratio=1.000;worst_development_degradation=0.05524803374057261;upstream_fdr_pass=True
split_001,alpha360_CLOSE18,3,3,3,1.0,1,1.0,1.0,0.052613561186366765,0.13823277834054798,0.08561921715418122,0.06066880454079421,True,0.0030657415978516,1.0,1.0,stable_core,eligible_windows=3;selection_frequency=1.000;direction_agreement=1.000;direction_adjusted_validation_positive_ratio=1.000;worst_development_degradation=0.06066880454079421;upstream_fdr_pass=True
split_001,alpha360_CLOSE19,3,3,3,1.0,1,1.0,1.0,0.05531602852020575,0.14348122605220487,0.08816519753199911,0.06453800492464475,True,0.0070536323834476,1.0,1.0,stable_core,eligible_windows=3;selection_frequency=1.000;direction_agreement=1.000;direction_adjusted_validation_positive_ratio=1.000;worst_development_degradation=0.06453800492464475;upstream_fdr_pass=True
split_001,alpha360_CLOSE2,3,3,2,0.6666666666666666,1,1.0,0.6666666666666666,0.009799438718097913,0.02923277053778242,0.020170879894232607,0.014165183484451605,True,0.0440373579908463,1.0,1.0,stable_core,eligible_windows=3;selection_frequency=0.667;direction_agreement=1.000;direction_adjusted_validation_positive_ratio=0.667;worst_development_degradation=0.014165183484451605;upstream_fdr_pass=True
split_001,alpha360_CLOSE20,3,3,3,1.0,1,1.0,1.0,0.05787251919177403,0.1463679752966758,0.08849545610490178,0.06922891606008942,True,0.0043398160281277,1.0,1.0,stable_core,eligible_windows=3;selection_frequency=1.000;direction_agreement=1.000;direction_adjusted_validation_positive_ratio=1.000;worst_development_degradation=0.06922891606008942;upstream_fdr_pass=True
split_001,alpha360_CLOSE21,3,3,3,1.0,1,1.0,1.0,0.060262622684794785,0.14939570704876942,0.08913308436397463,0.06621052960515723,True,0.0056320084409972,1.0,1.0,stable_core,eligible_windows=3;selection_frequency=1.000;direction_agreement=1.000;direction_adjusted_validation_positive_ratio=1.000;worst_development_degradation=0.06621052960515723;upstream_fdr_pass=True
split_001,alpha360_CLOSE22,3,3,3,1.0,1,1.0,1.0,0.06306187561181396,0.1529671844264116,0.08990530881459764,0.05831762114920558,True,0.0030657415978516,1.0,1.0,stable_core,eligible_windows=3;selection_frequency=1.000;direction_agreement=1.000;direction_adjusted_validation_positive_ratio=1.000;worst_development_degradation=0.05831762114920558;upstream_fdr_pass=True
split_001,alpha360_CLOSE23,3,3,3,1.0,1,1.0,1.0,0.06613325817886288,0.15669923631540672,0.09056597813654384,0.048133965619311644,True,0.0030657415978516,1.0,1.0,stable_core,eligible_windows=3;selection_frequency=1.000;direction_agreement=1.000;direction_adjusted_validation_positive_ratio=1.000;worst_development_degradation=0.048133965619311644;upstream_fdr_pass=True
split_001,alpha360_CLOSE24,3,3,3,1.0,1,1.0,1.0,0.0692275062547805,0.16103465947827186,0.09180715322349137,0.036415698008691794,True,0.0030657415978516,1.0,1.0,stable_core,eligible_windows=3;selection_frequency=1.000;direction_agreement=1.000;direction_adjusted_validation_positive_ratio=1.000;worst_development_degradation=0.036415698008691794;upstream_fdr_pass=True
split_001,alpha360_CLOSE25,3,3,3,1.0,1,1.0,1.0,0.07233080017451561,0.16516102607970717,0.09283022590519156,0.025745794129732463,True,0.0030657415978516,1.0,1.0,stable_core,eligible_windows=3;selection_frequency=1.000;direction_agreement=1.000;direction_adjusted_validation_positive_ratio=1.000;worst_development_degradation=0.025745794129732463;upstream_fdr_pass=True
split_001,alpha360_CLOSE26,3,3,3,1.0,1,1.0,1.0,0.07459034259790694,0.1708677454798901,0.09627740288198315,0.014698772736408405,True,0.0043398160281277,1.0,1.0,stable_core,eligible_windows=3;selection_frequency=1.000;direction_agreement=1.000;direction_adjusted_validation_positive_ratio=1.000;worst_development_degradation=0.014698772736408405;upstream_fdr_pass=True
split_001,alpha360_CLOSE27,3,3,3,1.0,1,1.0,1.0,0.0768573211706673,0.1769496091013379,0.10009228793067058,0.002507245750258777,True,0.0030657415978516,1.0,1.0,stable_core,eligible_windows=3;selection_frequency=1.000;direction_agreement=1.000;direction_adjusted_validation_positive_ratio=1.000;worst_development_degradation=0.002507245750258777;upstream_fdr_pass=True
split_001,alpha360_CLOSE28,3,3,3,1.0,1,1.0,1.0,0.07902112459135041,0.17909345124669668,0.10007232665534627,-0.007583704695426852,True,0.0030657415978516,1.0,1.0,stable_core,eligible_windows=3;selection_frequency=1.000;direction_agreement=1.000;direction_adjusted_validation_positive_ratio=1.000;worst_development_degradation=-0.007583704695426852;upstream_fdr_pass=True
split_001,alpha360_CLOSE29,3,3,3,1.0,1,1.0,1.0,0.08106854379513678,0.1816937417720086,0.1006251979768718,-0.018052094136048413,True,0.0030657415978516,1.0,1.0,stable_core,eligible_windows=3;selection_frequency=1.000;direction_agreement=1.000;direction_adjusted_validation_positive_ratio=1.000;worst_development_degradation=-0.018052094136048413;upstream_fdr_pass=True
split_001,alpha360_CLOSE3,3,3,0,0.0,1,1.0,1.0,0.012650153823430134,0.04527756824075367,,,False,0.0501248751248751,1.0,1.0,holdout,eligible_windows=3;selection_frequency=0.000;direction_agreement=1.000;direction_adjusted_validation_positive_ratio=1.000;worst_development_degradation=nan;upstream_fdr_pass=False
split_001,alpha360_CLOSE30,3,3,3,1.0,1,1.0,1.0,0.08295544349584329,0.18360358285219816,0.10064813935635487,-0.03105089251237369,True,0.0030657415978516,1.0,1.0,conditional_signal,eligible_windows=3;selection_frequency=1.000;direction_agreement=1.000;direction_adjusted_validation_positive_ratio=1.000;worst_development_degradation=-0.03105089251237369;upstream_fdr_pass=True
split_001,alpha360_CLOSE31,3,3,3,1.0,1,1.0,1.0,0.08446451501669366,0.18426210969896104,0.09979759468226737,-0.040943847131840405,True,0.0043398160281277,1.0,1.0,conditional_signal,eligible_windows=3;selection_frequency=1.000;direction_agreement=1.000;direction_adjusted_validation_positive_ratio=1.000;worst_development_degradation=-0.040943847131840405;upstream_fdr_pass=True
split_001,alpha360_CLOSE32,3,3,3,1.0,1,1.0,1.0,0.0859083764932545,0.18928519957222834,0.10337682307897383,-0.05064268852947296,True,0.0030657415978516,1.0,1.0,conditional_signal,eligible_windows=3;selection_frequency=1.000;direction_agreement=1.000;direction_adjusted_validation_positive_ratio=1.000;worst_development_degradation=-0.05064268852947296;upstream_fdr_pass=True
split_001,alpha360_CLOSE33,3,3,3,1.0,1,1.0,1.0,0.08677369985476004,0.19602709753525982,0.10925339768049978,-0.06236210369839554,True,0.0043398160281277,1.0,1.0,conditional_signal,eligible_windows=3;selection_frequency=1.000;direction_agreement=1.000;direction_adjusted_validation_positive_ratio=1.000;worst_development_degradation=-0.06236210369839554;upstream_fdr_pass=True
split_001,alpha360_CLOSE34,3,3,3,1.0,1,1.0,1.0,0.08752501688146716,0.19920708304473994,0.11168206616327278,-0.07599963736832517,True,0.0030657415978516,1.0,1.0,conditional_signal,eligible_windows=3;selection_frequency=1.000;direction_agreement=1.000;direction_adjusted_validation_positive_ratio=1.000;worst_development_degradation=-0.07599963736832517;upstream_fdr_pass=True
split_001,alpha360_CLOSE35,3,3,2,0.6666666666666666,1,1.0,0.6666666666666666,0.08825059295484172,0.20007158045597667,0.12462068347826714,0.11182098750113495,True,0.0030657415978516,1.0,1.0,stable_core,eligible_windows=3;selection_frequency=0.667;direction_agreement=1.000;direction_adjusted_validation_positive_ratio=0.667;worst_development_degradation=0.11182098750113495;upstream_fdr_pass=True
split_001,alpha360_CLOSE36,3,3,2,0.6666666666666666,1,1.0,0.6666666666666666,0.08897428946579894,0.2009906377690965,0.12386582835490616,0.11201634830329757,True,0.0030657415978516,1.0,1.0,stable_core,eligible_windows=3;selection_frequency=0.667;direction_agreement=1.000;direction_adjusted_validation_positive_ratio=0.667;worst_development_degradation=0.11201634830329757;upstream_fdr_pass=True
split_001,alpha360_CLOSE37,3,3,2,0.6666666666666666,1,1.0,0.6666666666666666,0.08971496231343362,0.20078848117663797,0.12230595260324045,0.11107351886320435,True,0.0030657415978516,1.0,1.0,stable_core,eligible_windows=3;selection_frequency=0.667;direction_agreement=1.000;direction_adjusted_validation_positive_ratio=0.667;worst_development_degradation=0.11107351886320435;upstream_fdr_pass=True
split_001,alpha360_CLOSE38,3,3,2,0.6666666666666666,1,1.0,0.6666666666666666,0.089872587861991,0.20191138392998592,0.12034446827307438,0.11203879606799493,True,0.0043398160281277,1.0,1.0,stable_core,eligible_windows=3;selection_frequency=0.667;direction_agreement=1.000;direction_adjusted_validation_positive_ratio=0.667;worst_development_degradation=0.11203879606799493;upstream_fdr_pass=True
split_001,alpha360_CLOSE39,3,3,2,0.6666666666666666,1,1.0,0.6666666666666666,0.09009262590732559,0.20382609233819027,0.11832230361426001,0.11386283508674032,True,0.0030657415978516,1.0,1.0,stable_core,eligible_windows=3;selection_frequency=0.667;direction_agreement=1.000;direction_adjusted_validation_positive_ratio=0.667;worst_development_degradation=0.11386283508674032;upstream_fdr_pass=True
split_001,alpha360_CLOSE4,3,3,3,1.0,1,1.0,1.0,0.015574506108681331,0.06100696769884417,0.0388517506227611,0.006632184299725756,True,0.0359461255875598,1.0,1.0,stable_core,eligible_windows=3;selection_frequency=1.000;direction_agreement=1.000;direction_adjusted_validation_positive_ratio=1.000;worst_development_degradation=0.006632184299725756;upstream_fdr_pass=True
split_001,alpha360_CLOSE40,3,3,2,0.6666666666666666,1,1.0,0.6666666666666666,0.08997248533489881,0.20411627703824245,0.11584104526079367,0.11414379170334364,True,0.0030657415978516,1.0,1.0,stable_core,eligible_windows=3;selection_frequency=0.667;direction_agreement=1.000;direction_adjusted_validation_positive_ratio=0.667;worst_development_degradation=0.11414379170334364;upstream_fdr_pass=True
split_001,alpha360_CLOSE41,3,3,2,0.6666666666666666,1,1.0,0.6666666666666666,0.08965807585037619,0.20225796718971117,0.11222319619098223,0.11013977974655184,True,0.0030657415978516,1.0,1.0,stable_core,eligible_windows=3;selection_frequency=0.667;direction_agreement=1.000;direction_adjusted_validation_positive_ratio=0.667;worst_development_degradation=0.11013977974655184;upstream_fdr_pass=True
split_001,alpha360_CLOSE42,3,3,2,0.6666666666666666,1,1.0,0.6666666666666666,0.08873641109131082,0.1940656518867576,0.10823463604304892,0.10166543172645612,True,0.0030657415978516,1.0,1.0,stable_core,eligible_windows=3;selection_frequency=0.667;direction_agreement=1.000;direction_adjusted_validation_positive_ratio=0.667;worst_development_degradation=0.10166543172645612;upstream_fdr_pass=True
split_001,alpha360_CLOSE43,3,3,2,0.6666666666666666,1,1.0,0.6666666666666666,0.08772369059708371,0.1860964764570169,0.10484447087376328,0.0937905754753311,True,0.0030657415978516,1.0,1.0,stable_core,eligible_windows=3;selection_frequency=0.667;direction_agreement=1.000;direction_adjusted_validation_positive_ratio=0.667;worst_development_degradation=0.0937905754753311;upstream_fdr_pass=True
split_001,alpha360_CLOSE44,3,3,2,0.6666666666666666,1,1.0,0.6666666666666666,0.0862450325161922,0.17771884883978598,0.10249870937960229,0.08574296634766176,True,0.0043398160281277,1.0,1.0,stable_core,eligible_windows=3;selection_frequency=0.667;direction_agreement=1.000;direction_adjusted_validation_positive_ratio=0.667;worst_development_degradation=0.08574296634766176;upstream_fdr_pass=True
split_001,alpha360_CLOSE45,3,3,2,0.6666666666666666,1,1.0,0.6666666666666666,0.08482159271380676,0.1660978405486355,0.0988313523907157,0.07466204542287094,True,0.0030657415978516,1.0,1.0,stable_core,eligible_windows=3;selection_frequency=0.667;direction_agreement=1.000;direction_adjusted_validation_positive_ratio=0.667;worst_development_degradation=0.07466204542287094;upstream_fdr_pass=True
split_001,alpha360_CLOSE46,3,3,2,0.6666666666666666,1,1.0,0.6666666666666666,0.08342960678000728,0.15829473825887427,0.09630152299318676,0.06734582184269182,True,0.0030657415978516,1.0,1.0,stable_core,eligible_windows=3;selection_frequency=0.667;direction_agreement=1.000;direction_adjusted_validation_positive_ratio=0.667;worst_development_degradation=0.06734582184269182;upstream_fdr_pass=True
split_001,alpha360_CLOSE47,3,3,2,0.6666666666666666,1,1.0,0.6666666666666666,0.08182115344690197,0.1499659060589193,0.09291979053859839,0.05950374756431524,True,0.0030657415978516,1.0,1.0,stable_core,eligible_windows=3;selection_frequency=0.667;direction_agreement=1.000;direction_adjusted_validation_positive_ratio=0.667;worst_development_degradation=0.05950374756431524;upstream_fdr_pass=True
split_001,alpha360_CLOSE48,3,3,2,0.6666666666666666,1,1.0,0.6666666666666666,0.08035868013264645,0.14154444625783047,0.09004031543394539,0.05145529360192959,True,0.0030657415978516,1.0,1.0,stable_core,eligible_windows=3;selection_frequency=0.667;direction_agreement=1.000;direction_adjusted_validation_positive_ratio=0.667;worst_development_degradation=0.05145529360192959;upstream_fdr_pass=True
split_001,alpha360_CLOSE49,3,3,2,0.6666666666666666,1,1.0,0.6666666666666666,0.07917804693061488,0.13118489467878597,0.08648699029429162,0.041427039242264624,True,0.0043398160281277,1.0,1.0,stable_core,eligible_windows=3;selection_frequency=0.667;direction_agreement=1.000;direction_adjusted_validation_positive_ratio=0.667;worst_development_degradation=0.041427039242264624;upstream_fdr_pass=True
split_001,alpha360_CLOSE5,3,3,3,1.0,1,1.0,1.0,0.01709616869866648,0.07057391912477182,0.046063649038804694,0.018304452035938043,True,0.0380778357202718,1.0,1.0,stable_core,eligible_windows=3;selection_frequency=1.000;direction_agreement=1.000;direction_adjusted_validation_positive_ratio=1.000;worst_development_degradation=0.018304452035938043;upstream_fdr_pass=True
split_001,alpha360_CLOSE50,3,3,2,0.6666666666666666,1,1.0,0.6666666666666666,0.07844210613536738,0.12428147369927345,0.0855874312954863,0.0349525549596169,True,0.0030657415978516,1.0,1.0,stable_core,eligible_windows=3;selection_frequency=0.667;direction_agreement=1.000;direction_adjusted_validation_positive_ratio=0.667;worst_development_degradation=0.0349525549596169;upstream_fdr_pass=True
split_001,alpha360_CLOSE51,3,3,2,0.6666666666666666,1,1.0,0.6666666666666666,0.07780741192568215,0.11669139334859854,0.08320695577080021,0.027680666548544702,True,0.0043398160281277,1.0,1.0,stable_core,eligible_windows=3;selection_frequency=0.667;direction_agreement=1.000;direction_adjusted_validation_positive_ratio=0.667;worst_development_degradation=0.027680666548544702;upstream_fdr_pass=True
split_001,alpha360_CLOSE52,3,3,2,0.6666666666666666,1,1.0,0.6666666666666666,0.07714805554497237,0.11170961360303211,0.08058259487997965,0.02277489488950374,True,0.0030657415978516,1.0,1.0,stable_core,eligible_windows=3;selection_frequency=0.667;direction_agreement=1.000;direction_adjusted_validation_positive_ratio=0.667;worst_development_degradation=0.02277489488950374;upstream_fdr_pass=True
split_001,alpha360_CLOSE53,3,3,2,0.6666666666666666,1,1.0,0.6666666666666666,0.07613256685979777,0.10761328477870233,0.07759857359868758,0.018685032331607454,True,0.0030657415978516,1.0,1.0,stable_core,eligible_windows=3;selection_frequency=0.667;direction_agreement=1.000;direction_adjusted_validation_positive_ratio=0.667;worst_development_degradation=0.018685032331607454;upstream_fdr_pass=True
split_001,alpha360_CLOSE54,3,3,2,0.6666666666666666,1,1.0,0.6666666666666666,0.07536547467130247,0.10158222754655813,0.07323333227905388,0.012297433341807051,True,0.0030657415978516,1.0,1.0,stable_core,eligible_windows=3;selection_frequency=0.667;direction_agreement=1.000;direction_adjusted_validation_positive_ratio=0.667;worst_development_degradation=0.012297433341807051;upstream_fdr_pass=True
split_001,alpha360_CLOSE55,3,3,2,0.6666666666666666,1,1.0,0.6666666666666666,0.0748706289599627,0.09317582007404535,0.06782883984130589,0.003451316471551627,True,0.0043398160281277,1.0,1.0,stable_core,eligible_windows=3;selection_frequency=0.667;direction_agreement=1.000;direction_adjusted_validation_positive_ratio=0.667;worst_development_degradation=0.003451316471551627;upstream_fdr_pass=True
split_001,alpha360_CLOSE56,3,3,2,0.6666666666666666,1,1.0,0.6666666666666666,0.0746293286496237,0.08582033473465199,0.06381649393234098,-0.004347064597594638,True,0.0030657415978516,1.0,1.0,stable_core,eligible_windows=3;selection_frequency=0.667;direction_agreement=1.000;direction_adjusted_validation_positive_ratio=0.667;worst_development_degradation=-0.004347064597594638;upstream_fdr_pass=True
split_001,alpha360_CLOSE57,3,3,2,0.6666666666666666,1,1.0,0.6666666666666666,0.07470914408793702,0.08219756580920255,0.060866705483196004,-0.00860206021905388,True,0.0043398160281277,1.0,1.0,stable_core,eligible_windows=3;selection_frequency=0.667;direction_agreement=1.000;direction_adjusted_validation_positive_ratio=0.667;worst_development_degradation=-0.00860206021905388;upstream_fdr_pass=True
split_001,alpha360_CLOSE58,3,3,2,0.6666666666666666,1,1.0,0.6666666666666666,0.07483684607209758,0.08036877399115258,0.05808912263458413,-0.010850369019300199,True,0.0030657415978516,1.0,1.0,stable_core,eligible_windows=3;selection_frequency=0.667;direction_agreement=1.000;direction_adjusted_validation_positive_ratio=0.667;worst_development_degradation=-0.010850369019300199;upstream_fdr_pass=True
split_001,alpha360_CLOSE59,3,3,2,0.6666666666666666,1,1.0,0.6666666666666666,0.07510776780796562,0.07792717345183031,0.0563224331270493,-0.013542874875892383,True,0.0056320084409972,1.0,1.0,stable_core,eligible_windows=3;selection_frequency=0.667;direction_agreement=1.000;direction_adjusted_validation_positive_ratio=0.667;worst_development_degradation=-0.013542874875892383;upstream_fdr_pass=True
split_001,alpha360_CLOSE6,3,3,3,1.0,1,1.0,1.0,0.019427222891248826,0.07838545209140943,0.05024564370710763,0.029978754501172232,True,0.0285844501730448,1.0,1.0,stable_core,eligible_windows=3;selection_frequency=1.000;direction_agreement=1.000;direction_adjusted_validation_positive_ratio=1.000;worst_development_degradation=0.029978754501172232;upstream_fdr_pass=True
split_001,alpha360_CLOSE7,3,3,3,1.0,1,1.0,1.0,0.02312580421806504,0.08544424696768092,0.053310553770563325,0.037421638819371605,True,0.0186444456830722,1.0,1.0,stable_core,eligible_windows=3;selection_frequency=1.000;direction_agreement=1.000;direction_adjusted_validation_positive_ratio=1.000;worst_development_degradation=0.037421638819371605;upstream_fdr_pass=True
split_001,alpha360_CLOSE8,3,3,3,1.0,1,1.0,1.0,0.02577163084841362,0.08282164561981699,0.047558562771834276,0.04328262929293068,True,0.0186444456830722,1.0,1.0,stable_core,eligible_windows=3;selection_frequency=1.000;direction_agreement=1.000;direction_adjusted_validation_positive_ratio=1.000;worst_development_degradation=0.04328262929293068;upstream_fdr_pass=True
split_001,alpha360_CLOSE9,3,3,3,1.0,1,1.0,1.0,0.028729517155323306,0.08319707257179315,0.054467555416469846,0.04283494769924658,True,0.0134865134865134,1.0,1.0,stable_core,eligible_windows=3;selection_frequency=1.000;direction_agreement=1.000;direction_adjusted_validation_positive_ratio=1.000;worst_development_degradation=0.04283494769924658;upstream_fdr_pass=True
split_001,alpha360_HIGH0,3,3,3,1.0,-1,1.0,1.0,-0.037641862468411814,-0.10919270815459725,0.06888317191113252,-0.0071102668025270176,True,0.0097094189103874,1.0,1.0,stable_core,eligible_windows=3;selection_frequency=1.000;direction_agreement=1.000;direction_adjusted_validation_positive_ratio=1.000;worst_development_degradation=-0.0071102668025270176;upstream_fdr_pass=True
split_001,alpha360_HIGH1,3,3,0,0.0,-1,1.0,0.6666666666666666,-0.012849425635669412,-0.03815396778028607,,,False,0.1954983791718485,1.0,1.0,holdout,eligible_windows=3;selection_frequency=0.000;direction_agreement=1.000;direction_adjusted_validation_positive_ratio=0.667;worst_development_degradation=nan;upstream_fdr_pass=False
split_001,alpha360_HIGH10,3,3,3,1.0,1,1.0,1.0,0.02548502910950478,0.06931085192800308,0.043825822818498304,0.0160395462140615,True,0.0285844501730448,1.0,1.0,stable_core,eligible_windows=3;selection_frequency=1.000;direction_agreement=1.000;direction_adjusted_validation_positive_ratio=1.000;worst_development_degradation=0.0160395462140615;upstream_fdr_pass=True
split_001,alpha360_HIGH11,3,3,3,1.0,1,1.0,1.0,0.028961254716297364,0.08079861016028299,0.05183735544398563,0.013983546721559652,True,0.0236700799200799,1.0,1.0,stable_core,eligible_windows=3;selection_frequency=1.000;direction_agreement=1.000;direction_adjusted_validation_positive_ratio=1.000;worst_development_degradation=0.013983546721559652;upstream_fdr_pass=True
split_001,alpha360_HIGH12,3,3,3,1.0,1,1.0,1.0,0.03164952663232015,0.09133455474539853,0.05968502811307838,0.007959276691374452,True,0.0225122246174877,1.0,1.0,stable_core,eligible_windows=3;selection_frequency=1.000;direction_agreement=1.000;direction_adjusted_validation_positive_ratio=1.000;worst_development_degradation=0.007959276691374452;upstream_fdr_pass=True
split_001,alpha360_HIGH13,3,3,3,1.0,1,1.0,1.0,0.033896512670366565,0.09796575458798133,0.06406924191761476,0.010041092033310911,True,0.0134865134865134,1.0,1.0,stable_core,eligible_windows=3;selection_frequency=1.000;direction_agreement=1.000;direction_adjusted_validation_positive_ratio=1.000;worst_development_degradation=0.010041092033310911;upstream_fdr_pass=True
split_001,alpha360_HIGH14,3,3,3,1.0,1,1.0,1.0,0.036655042302017306,0.1025941880033748,0.0659391457013575,0.017424410005934414,True,0.0186444456830722,1.0,1.0,stable_core,eligible_windows=3;selection_frequency=1.000;direction_agreement=1.000;direction_adjusted_validation_positive_ratio=1.000;worst_development_degradation=0.017424410005934414;upstream_fdr_pass=True
split_001,alpha360_HIGH15,3,3,3,1.0,1,1.0,1.0,0.03934738184353436,0.10634591913087983,0.06699853728734548,0.02553853933036508,True,0.0083961264865787,1.0,1.0,stable_core,eligible_windows=3;selection_frequency=1.000;direction_agreement=1.000;direction_adjusted_validation_positive_ratio=1.000;worst_development_degradation=0.02553853933036508;upstream_fdr_pass=True
split_001,alpha360_HIGH16,3,3,3,1.0,1,1.0,1.0,0.0417619198305322,0.10876203125214481,0.06700011142161261,0.03345839216163734,True,0.0110337775432115,1.0,1.0,stable_core,eligible_windows=3;selection_frequency=1.000;direction_agreement=1.000;direction_adjusted_validation_positive_ratio=1.000;worst_development_degradation=0.03345839216163734;upstream_fdr_pass=True
split_001,alpha360_HIGH17,3,3,3,1.0,1,1.0,1.0,0.04417304752829627,0.11221625366922625,0.06804320614092998,0.04082819074737492,True,0.0097094189103874,1.0,1.0,stable_core,eligible_windows=3;selection_frequency=1.000;direction_agreement=1.000;direction_adjusted_validation_positive_ratio=1.000;worst_development_degradation=0.04082819074737492;upstream_fdr_pass=True
split_001,alpha360_HIGH18,3,3,3,1.0,1,1.0,1.0,0.04704676960999121,0.11652169661214,0.06947492700214879,0.045851174369541815,True,0.0083961264865787,1.0,1.0,stable_core,eligible_windows=3;selection_frequency=1.000;direction_agreement=1.000;direction_adjusted_validation_positive_ratio=1.000;worst_development_degradation=0.045851174369541815;upstream_fdr_pass=True
split_001,alpha360_HIGH19,3,3,3,1.0,1,1.0,1.0,0.04981458403383475,0.12101491697338458,0.07120033293954983,0.05091526619008805,True,0.0043398160281277,1.0,1.0,stable_core,eligible_windows=3;selection_frequency=1.000;direction_agreement=1.000;direction_adjusted_validation_positive_ratio=1.000;worst_development_degradation=0.05091526619008805;upstream_fdr_pass=True
split_001,alpha360_HIGH2,3,3,0,0.0,-1,1.0,0.6666666666666666,-0.004810439390231736,-0.005993543731012406,,,False,0.7912315647877958,1.0,1.0,holdout,eligible_windows=3;selection_frequency=0.000;direction_agreement=1.000;direction_adjusted_validation_positive_ratio=0.667;worst_development_degradation=nan;upstream_fdr_pass=False
split_001,alpha360_HIGH20,3,3,3,1.0,1,1.0,1.0,0.05228031388893792,0.12425318924273239,0.07197287535379447,0.052339571001449946,True,0.0122629663914067,1.0,1.0,stable_core,eligible_windows=3;selection_frequency=1.000;direction_agreement=1.000;direction_adjusted_validation_positive_ratio=1.000;worst_development_degradation=0.052339571001449946;upstream_fdr_pass=True
split_001,alpha360_HIGH21,3,3,3,1.0,1,1.0,1.0,0.05507987544500283,0.12711589580236332,0.0720360203573605,0.04689491210927606,True,0.0043398160281277,1.0,1.0,stable_core,eligible_windows=3;selection_frequency=1.000;direction_agreement=1.000;direction_adjusted_validation_positive_ratio=1.000;worst_development_degradation=0.04689491210927606;upstream_fdr_pass=True
split_001,alpha360_HIGH22,3,3,3,1.0,1,1.0,1.0,0.05805558213707629,0.1313754128079978,0.07331983067092152,0.03670853463564204,True,0.0043398160281277,1.0,1.0,stable_core,eligible_windows=3;selection_frequency=1.000;direction_agreement=1.000;direction_adjusted_validation_positive_ratio=1.000;worst_development_degradation=0.03670853463564204;upstream_fdr_pass=True
split_001,alpha360_HIGH23,3,3,3,1.0,1,1.0,1.0,0.061077232320352504,0.1350857299692556,0.0740084976489031,0.025835159700628496,True,0.0056320084409972,1.0,1.0,stable_core,eligible_windows=3;selection_frequency=1.000;direction_agreement=1.000;direction_adjusted_validation_positive_ratio=1.000;worst_development_degradation=0.025835159700628496;upstream_fdr_pass=True
split_001,alpha360_HIGH24,3,3,3,1.0,1,1.0,1.0,0.0641214129705068,0.13965222066804378,0.07553080769753698,0.016181880664567008,True,0.0030657415978516,1.0,1.0,stable_core,eligible_windows=3;selection_frequency=1.000;direction_agreement=1.000;direction_adjusted_validation_positive_ratio=1.000;worst_development_degradation=0.016181880664567008;upstream_fdr_pass=True
split_001,alpha360_HIGH25,3,3,3,1.0,1,1.0,1.0,0.06693283808972247,0.14494465474500934,0.07801181665528686,0.005832766551521068,True,0.0043398160281277,1.0,1.0,stable_core,eligible_windows=3;selection_frequency=1.000;direction_agreement=1.000;direction_adjusted_validation_positive_ratio=1.000;worst_development_degradation=0.005832766551521068;upstream_fdr_pass=True
split_001,alpha360_HIGH26,3,3,3,1.0,1,1.0,1.0,0.06923948916112459,0.15081998198904759,0.081580492827923,-0.005461260745881338,True,0.0030657415978516,1.0,1.0,stable_core,eligible_windows=3;selection_frequency=1.000;direction_agreement=1.000;direction_adjusted_validation_positive_ratio=1.000;worst_development_degradation=-0.005461260745881338;upstream_fdr_pass=True
split_001,alpha360_HIGH27,3,3,3,1.0,1,1.0,1.0,0.07155124385993582,0.1553042132109197,0.08375296935098388,-0.01625493519845301,True,0.0030657415978516,1.0,1.0,stable_core,eligible_windows=3;selection_frequency=1.000;direction_agreement=1.000;direction_adjusted_validation_positive_ratio=1.000;worst_development_degradation=-0.01625493519845301;upstream_fdr_pass=True
split_001,alpha360_HIGH28,3,3,3,1.0,1,1.0,1.0,0.07371775045484225,0.15810630534757192,0.08438855489272967,-0.024886684414253013,True,0.0056320084409972,1.0,1.0,stable_core,eligible_windows=3;selection_frequency=1.000;direction_agreement=1.000;direction_adjusted_validation_positive_ratio=1.000;worst_development_degradation=-0.024886684414253013;upstream_fdr_pass=True
split_001,alpha360_HIGH29,3,3,3,1.0,1,1.0,1.0,0.07582074114101664,0.15976307811771734,0.0839423369767007,-0.0356878362378329,True,0.0030657415978516,1.0,1.0,conditional_signal,eligible_windows=3;selection_frequency=1.000;direction_agreement=1.000;direction_adjusted_validation_positive_ratio=1.000;worst_development_degradation=-0.0356878362378329;upstream_fdr_pass=True
split_001,alpha360_HIGH3,3,3,0,0.0,1,0.6666666666666666,0.3333333333333333,0.00036438607242684226,0.015849238611561373,,,False,0.7083699710427821,1.0,1.0,holdout,eligible_windows=3;selection_frequency=0.000;direction_agreement=0.667;direction_adjusted_validation_positive_ratio=0.333;worst_development_degradation=nan;upstream_fdr_pass=False
split_001,alpha360_HIGH30,3,3,3,1.0,1,1.0,1.0,0.07767260019879314,0.16155720442629198,0.08388460422749884,-0.045802261382985925,True,0.0030657415978516,1.0,1.0,conditional_signal,eligible_windows=3;selection_frequency=1.000;direction_agreement=1.000;direction_adjusted_validation_positive_ratio=1.000;worst_development_degradation=-0.045802261382985925;upstream_fdr_pass=True
split_001,alpha360_HIGH31,3,3,3,1.0,1,1.0,1.0,0.07928917064267808,0.16373990417931716,0.08445073353663908,-0.05491200676087654,True,0.0043398160281277,1.0,1.0,conditional_signal,eligible_windows=3;selection_frequency=1.000;direction_agreement=1.000;direction_adjusted_validation_positive_ratio=1.000;worst_development_degradation=-0.05491200676087654;upstream_fdr_pass=True
split_001,alpha360_HIGH32,3,3,3,1.0,1,1.0,1.0,0.08052963581302754,0.1689764368198719,0.08844680100684436,-0.06596600602702868,True,0.0043398160281277,1.0,1.0,conditional_signal,eligible_windows=3;selection_frequency=1.000;direction_agreement=1.000;direction_adjusted_validation_positive_ratio=1.000;worst_development_degradation=-0.06596600602702868;upstream_fdr_pass=True
split_001,alpha360_HIGH33,3,3,2,0.6666666666666666,1,1.0,1.0,0.08150515427279383,0.17464629204056575,0.11699545951150864,0.09314113776777193,True,0.0030657415978516,1.0,1.0,stable_core,eligible_windows=3;selection_frequency=0.667;direction_agreement=1.000;direction_adjusted_validation_positive_ratio=1.000;worst_development_degradation=0.09314113776777193;upstream_fdr_pass=True
split_001,alpha360_HIGH34,3,3,2,0.6666666666666666,1,1.0,0.6666666666666666,0.08236284950546563,0.17754882398307278,0.11806244995069286,0.09518597447760715,True,0.0043398160281277,1.0,1.0,stable_core,eligible_windows=3;selection_frequency=0.667;direction_agreement=1.000;direction_adjusted_validation_positive_ratio=0.667;worst_development_degradation=0.09518597447760715;upstream_fdr_pass=True
split_001,alpha360_HIGH35,3,3,2,0.6666666666666666,1,1.0,0.6666666666666666,0.08309749041276937,0.17925071189851444,0.11804946682381076,0.09615322148574507,True,0.0030657415978516,1.0,1.0,stable_core,eligible_windows=3;selection_frequency=0.667;direction_agreement=1.000;direction_adjusted_validation_positive_ratio=0.667;worst_development_degradation=0.09615322148574507;upstream_fdr_pass=True
split_001,alpha360_HIGH36,3,3,2,0.6666666666666666,1,1.0,0.6666666666666666,0.08392914024171709,0.18032859847975613,0.11712776074461936,0.09639945823803904,True,0.0030657415978516,1.0,1.0,stable_core,eligible_windows=3;selection_frequency=0.667;direction_agreement=1.000;direction_adjusted_validation_positive_ratio=0.667;worst_development_degradation=0.09639945823803904;upstream_fdr_pass=True
split_001,alpha360_HIGH37,3,3,2,0.6666666666666666,1,1.0,0.6666666666666666,0.08473772358509067,0.1805496945777044,0.11523983349703348,0.09597841488840307,True,0.0043398160281277,1.0,1.0,stable_core,eligible_windows=3;selection_frequency=0.667;direction_agreement=1.000;direction_adjusted_validation_positive_ratio=0.667;worst_development_degradation=0.09597841488840307;upstream_fdr_pass=True
split_001,alpha360_HIGH38,3,3,2,0.6666666666666666,1,1.0,0.6666666666666666,0.08506857472751896,0.18144126861510385,0.11300744757282138,0.09650920371198476,True,0.0043398160281277,1.0,1.0,stable_core,eligible_windows=3;selection_frequency=0.667;direction_agreement=1.000;direction_adjusted_validation_positive_ratio=0.667;worst_development_degradation=0.09650920371198476;upstream_fdr_pass=True
split_001,alpha360_HIGH39,3,3,2,0.6666666666666666,1,1.0,0.6666666666666666,0.08521613809902594,0.18289675702634126,0.11054811822779323,0.09768061892731532,True,0.0030657415978516,1.0,1.0,stable_core,eligible_windows=3;selection_frequency=0.667;direction_agreement=1.000;direction_adjusted_validation_positive_ratio=0.667;worst_development_degradation=0.09768061892731532;upstream_fdr_pass=True
split_001,alpha360_HIGH4,3,3,0,0.0,1,1.0,0.6666666666666666,0.0043741337247312,0.030140429874875363,,,False,0.4257834083507617,1.0,1.0,holdout,eligible_windows=3;selection_frequency=0.000;direction_agreement=1.000;direction_adjusted_validation_positive_ratio=0.667;worst_development_degradation=nan;upstream_fdr_pass=False
split_001,alpha360_HIGH40,3,3,2,0.6666666666666666,1,1.0,0.6666666666666666,0.08529773707690914,0.18371781466769088,0.10791115993133801,0.09842007759078174,True,0.0030657415978516,1.0,1.0,stable_core,eligible_windows=3;selection_frequency=0.667;direction_agreement=1.000;direction_adjusted_validation_positive_ratio=0.667;worst_development_degradation=0.09842007759078174;upstream_fdr_pass=True
split_001,alpha360_HIGH41,3,3,2,0.6666666666666666,1,1.0,0.6666666666666666,0.08475530456138172,0.1834265559705228,0.10375548556867496,0.09867125140914107,True,0.0030657415978516,1.0,1.0,stable_core,eligible_windows=3;selection_frequency=0.667;direction_agreement=1.000;direction_adjusted_validation_positive_ratio=0.667;worst_development_degradation=0.09867125140914107;upstream_fdr_pass=True
split_001,alpha360_HIGH42,3,3,2,0.6666666666666666,1,1.0,0.6666666666666666,0.08394279368207952,0.18296037231602952,0.09979015623364651,0.09901757863395,True,0.0043398160281277,1.0,1.0,stable_core,eligible_windows=3;selection_frequency=0.667;direction_agreement=1.000;direction_adjusted_validation_positive_ratio=0.667;worst_development_degradation=0.09901757863395;upstream_fdr_pass=True
split_001,alpha360_HIGH43,3,3,2,0.6666666666666666,1,1.0,0.6666666666666666,0.08289328820662875,0.18154364133081818,0.0967202614910469,0.09264313149121588,True,0.0030657415978516,1.0,1.0,stable_core,eligible_windows=3;selection_frequency=0.667;direction_agreement=1.000;direction_adjusted_validation_positive_ratio=0.667;worst_development_degradation=0.09264313149121588;upstream_fdr_pass=True
split_001,alpha360_HIGH44,3,3,2,0.6666666666666666,1,1.0,0.6666666666666666,0.08137367837693092,0.17039305779244532,0.09352710243391915,0.08180239039514192,True,0.0043398160281277,1.0,1.0,stable_core,eligible_windows=3;selection_frequency=0.667;direction_agreement=1.000;direction_adjusted_validation_positive_ratio=0.667;worst_development_degradation=0.08180239039514192;upstream_fdr_pass=True
split_001,alpha360_HIGH45,3,3,2,0.6666666666666666,1,1.0,0.6666666666666666,0.08002638027287579,0.16076123890045144,0.09070294539293844,0.07265117413962602,True,0.0030657415978516,1.0,1.0,stable_core,eligible_windows=3;selection_frequency=0.667;direction_agreement=1.000;direction_adjusted_validation_positive_ratio=0.667;worst_development_degradation=0.07265117413962602;upstream_fdr_pass=True
split_001,alpha360_HIGH46,3,3,2,0.6666666666666666,1,1.0,0.6666666666666666,0.07858271552528398,0.15317496105436845,0.08851754895130254,0.0654983189240466,True,0.0030657415978516,1.0,1.0,stable_core,eligible_windows=3;selection_frequency=0.667;direction_agreement=1.000;direction_adjusted_validation_positive_ratio=0.667;worst_development_degradation=0.0654983189240466;upstream_fdr_pass=True
split_001,alpha360_HIGH47,3,3,2,0.6666666666666666,1,1.0,0.6666666666666666,0.07716094007145138,0.14491372555537035,0.08542976843734836,0.05751191132084123,True,0.0043398160281277,1.0,1.0,stable_core,eligible_windows=3;selection_frequency=0.667;direction_agreement=1.000;direction_adjusted_validation_positive_ratio=0.667;worst_development_degradation=0.05751191132084123;upstream_fdr_pass=True
split_001,alpha360_HIGH48,3,3,2,0.6666666666666666,1,1.0,0.6666666666666666,0.07587931812042607,0.13545288496571406,0.08209675694208826,0.048322862979696554,True,0.0030657415978516,1.0,1.0,stable_core,eligible_windows=3;selection_frequency=0.667;direction_agreement=1.000;direction_adjusted_validation_positive_ratio=0.667;worst_development_degradation=0.048322862979696554;upstream_fdr_pass=True
split_001,alpha360_HIGH49,3,3,2,0.6666666666666666,1,1.0,0.6666666666666666,0.07500437071472987,0.12687833346299196,0.08007661330602348,0.0401067235996561,True,0.0056320084409972,1.0,1.0,stable_core,eligible_windows=3;selection_frequency=0.667;direction_agreement=1.000;direction_adjusted_validation_positive_ratio=0.667;worst_development_degradation=0.0401067235996561;upstream_fdr_pass=True
split_001,alpha360_HIGH5,3,3,0,0.0,1,1.0,0.6666666666666666,0.007301898464479412,0.038798206766515554,,,False,0.2947233094774078,1.0,1.0,holdout,eligible_windows=3;selection_frequency=0.000;direction_agreement=1.000;direction_adjusted_validation_positive_ratio=0.667;worst_development_degradation=nan;upstream_fdr_pass=False
split_001,alpha360_HIGH50,3,3,2,0.6666666666666666,1,1.0,0.6666666666666666,0.0741977643117798,0.1195194358103248,0.07882497097481075,0.0332153829891126,True,0.0056320084409972,1.0,1.0,stable_core,eligible_windows=3;selection_frequency=0.667;direction_agreement=1.000;direction_adjusted_validation_positive_ratio=0.667;worst_development_degradation=0.0332153829891126;upstream_fdr_pass=True
split_001,alpha360_HIGH51,3,3,2,0.6666666666666666,1,1.0,0.6666666666666666,0.0737040095204851,0.11298657519577156,0.07687321586257168,0.026863941227625532,True,0.0030657415978516,1.0,1.0,stable_core,eligible_windows=3;selection_frequency=0.667;direction_agreement=1.000;direction_adjusted_validation_positive_ratio=0.667;worst_development_degradation=0.026863941227625532;upstream_fdr_pass=True
split_001,alpha360_HIGH52,3,3,2,0.6666666666666666,1,1.0,0.6666666666666666,0.07295014281695035,0.10819989902999447,0.07445908400090614,0.02212026482095994,True,0.0056320084409972,1.0,1.0,stable_core,eligible_windows=3;selection_frequency=0.667;direction_agreement=1.000;direction_adjusted_validation_positive_ratio=0.667;worst_development_degradation=0.02212026482095994;upstream_fdr_pass=True
split_001,alpha360_HIGH53,3,3,2,0.6666666666666666,1,1.0,0.6666666666666666,0.07219366945774322,0.10356500571100971,0.0706637265833171,0.01716893797721679,True,0.0056320084409972,1.0,1.0,stable_core,eligible_windows=3;selection_frequency=0.667;direction_agreement=1.000;direction_adjusted_validation_positive_ratio=0.667;worst_development_degradation=0.01716893797721679;upstream_fdr_pass=True
split_001,alpha360_HIGH54,3,3,2,0.6666666666666666,1,1.0,0.6666666666666666,0.07163547564399492,0.09612959350959274,0.06547949349272986,0.009300453349383092,True,0.0056320084409972,1.0,1.0,stable_core,eligible_windows=3;selection_frequency=0.667;direction_agreement=1.000;direction_adjusted_validation_positive_ratio=0.667;worst_development_degradation=0.009300453349383092;upstream_fdr_pass=True
split_001,alpha360_HIGH55,3,3,2,0.6666666666666666,1,1.0,0.6666666666666666,0.07136137962008474,0.08836718867302965,0.060623623130451755,0.0009812542528708224,True,0.0043398160281277,1.0,1.0,stable_core,eligible_windows=3;selection_frequency=0.667;direction_agreement=1.000;direction_adjusted_validation_positive_ratio=0.667;worst_development_degradation=0.0009812542528708224;upstream_fdr_pass=True
split_001,alpha360_HIGH56,3,3,2,0.6666666666666666,1,1.0,0.6666666666666666,0.07134783717525792,0.08227948881892723,0.05712475582322683,-0.0057340534081622985,True,0.0043398160281277,1.0,1.0,stable_core,eligible_windows=3;selection_frequency=0.667;direction_agreement=1.000;direction_adjusted_validation_positive_ratio=0.667;worst_development_degradation=-0.0057340534081622985;upstream_fdr_pass=True
split_001,alpha360_HIGH57,3,3,2,0.6666666666666666,1,1.0,0.6666666666666666,0.07152106768175075,0.0789180362762467,0.05435892916999108,-0.009721378926064214,True,0.0030657415978516,1.0,1.0,stable_core,eligible_windows=3;selection_frequency=0.667;direction_agreement=1.000;direction_adjusted_validation_positive_ratio=0.667;worst_development_degradation=-0.009721378926064214;upstream_fdr_pass=True
split_001,alpha360_HIGH58,3,3,2,0.6666666666666666,1,1.0,0.6666666666666666,0.07178649006893151,0.07685191669892708,0.0521699425757293,-0.012202726277655479,True,0.0043398160281277,1.0,1.0,stable_core,eligible_windows=3;selection_frequency=0.667;direction_agreement=1.000;direction_adjusted_validation_positive_ratio=0.667;worst_development_degradation=-0.012202726277655479;upstream_fdr_pass=True
split_001,alpha360_HIGH59,3,3,2,0.6666666666666666,1,1.0,0.6666666666666666,0.07207851451488147,0.07403796006789194,0.05037875825548397,-0.01533585761114925,True,0.0030657415978516,1.0,1.0,stable_core,eligible_windows=3;selection_frequency=0.667;direction_agreement=1.000;direction_adjusted_validation_positive_ratio=0.667;worst_development_degradation=-0.01533585761114925;upstream_fdr_pass=True
split_001,alpha360_HIGH6,3,3,0,0.0,1,1.0,1.0,0.011113005604621279,0.048167636063500274,,,False,0.175261801135927,1.0,1.0,holdout,eligible_windows=3;selection_frequency=0.000;direction_agreement=1.000;direction_adjusted_validation_positive_ratio=1.000;worst_development_degradation=nan;upstream_fdr_pass=False
split_001,alpha360_HIGH7,3,3,0,0.0,1,1.0,1.0,0.014622356608070132,0.051433087076473136,,,False,0.1096016283182058,1.0,1.0,holdout,eligible_windows=3;selection_frequency=0.000;direction_agreement=1.000;direction_adjusted_validation_positive_ratio=1.000;worst_development_degradation=nan;upstream_fdr_pass=False
split_001,alpha360_HIGH8,3,3,0,0.0,1,1.0,1.0,0.018225795698274337,0.04884096255059725,,,False,0.0708083737823514,1.0,1.0,holdout,eligible_windows=3;selection_frequency=0.000;direction_agreement=1.000;direction_adjusted_validation_positive_ratio=1.000;worst_development_degradation=nan;upstream_fdr_pass=False
split_001,alpha360_HIGH9,3,3,3,1.0,1,1.0,1.0,0.021763136799782257,0.05564714188636758,0.033884005086585324,0.017311462411767783,True,0.0440373579908463,1.0,1.0,stable_core,eligible_windows=3;selection_frequency=1.000;direction_agreement=1.000;direction_adjusted_validation_positive_ratio=1.000;worst_development_degradation=0.017311462411767783;upstream_fdr_pass=True
split_001,alpha360_LOW0,3,3,3,1.0,1,1.0,1.0,0.04683562671178922,0.13171478744152848,0.08117910988902044,0.037773058122007666,True,0.0030657415978516,1.0,1.0,stable_core,eligible_windows=3;selection_frequency=1.000;direction_agreement=1.000;direction_adjusted_validation_positive_ratio=1.000;worst_development_degradation=0.037773058122007666;upstream_fdr_pass=True
split_001,alpha360_LOW1,3,3,3,1.0,1,1.0,1.0,0.031929661496068955,0.07398543419189589,0.042055772695826936,0.039277098969033905,True,0.0030657415978516,1.0,1.0,stable_core,eligible_windows=3;selection_frequency=1.000;direction_agreement=1.000;direction_adjusted_validation_positive_ratio=1.000;worst_development_degradation=0.039277098969033905;upstream_fdr_pass=True
split_001,alpha360_LOW10,3,3,3,1.0,1,1.0,1.0,0.04268138202231105,0.1224936276073016,0.08261782123576841,0.06525737684573293,True,0.0030657415978516,1.0,1.0,stable_core,eligible_windows=3;selection_frequency=1.000;direction_agreement=1.000;direction_adjusted_validation_positive_ratio=1.000;worst_development_degradation=0.06525737684573293;upstream_fdr_pass=True
split_001,alpha360_LOW11,3,3,3,1.0,1,1.0,1.0,0.0453542253633984,0.12507661572294523,0.0826468300277626,0.06225766073634912,True,0.0030657415978516,1.0,1.0,stable_core,eligible_windows=3;selection_frequency=1.000;direction_agreement=1.000;direction_adjusted_validation_positive_ratio=1.000;worst_development_degradation=0.06225766073634912;upstream_fdr_pass=True
split_001,alpha360_LOW12,3,3,3,1.0,1,1.0,1.0,0.047498804168167374,0.12861024541274207,0.08426578361678463,0.0541164688364295,True,0.0043398160281277,1.0,1.0,stable_core,eligible_windows=3;selection_frequency=1.000;direction_agreement=1.000;direction_adjusted_validation_positive_ratio=1.000;worst_development_degradation=0.0541164688364295;upstream_fdr_pass=True
split_001,alpha360_LOW13,3,3,3,1.0,1,1.0,1.0,0.04956563020672193,0.13323879214882944,0.08725508353391359,0.05115836248286235,True,0.0043398160281277,1.0,1.0,stable_core,eligible_windows=3;selection_frequency=1.000;direction_agreement=1.000;direction_adjusted_validation_positive_ratio=1.000;worst_development_degradation=0.05115836248286235;upstream_fdr_pass=True
split_001,alpha360_LOW14,3,3,3,1.0,1,1.0,1.0,0.051775265200633525,0.1412932884445049,0.09379307417954628,0.05562508179595656,True,0.0056320084409972,1.0,1.0,stable_core,eligible_windows=3;selection_frequency=1.000;direction_agreement=1.000;direction_adjusted_validation_positive_ratio=1.000;worst_development_degradation=0.05562508179595656;upstream_fdr_pass=True
split_001,alpha360_LOW15,3,3,3,1.0,1,1.0,1.0,0.05386844508552023,0.14864273504039877,0.09629951635732183,0.061908808767247,True,0.0056320084409972,1.0,1.0,stable_core,eligible_windows=3;selection_frequency=1.000;direction_agreement=1.000;direction_adjusted_validation_positive_ratio=1.000;worst_development_degradation=0.061908808767247;upstream_fdr_pass=True
split_001,alpha360_LOW16,3,3,3,1.0,1,1.0,1.0,0.055814539061294036,0.151224165120873,0.09851239156990842,0.0677075152561366,True,0.0043398160281277,1.0,1.0,stable_core,eligible_windows=3;selection_frequency=1.000;direction_agreement=1.000;direction_adjusted_validation_positive_ratio=1.000;worst_development_degradation=0.0677075152561366;upstream_fdr_pass=True
split_001,alpha360_LOW17,3,3,3,1.0,1,1.0,1.0,0.058271812205232656,0.15508927280504983,0.10095290668878491,0.07358736536003935,True,0.0043398160281277,1.0,1.0,stable_core,eligible_windows=3;selection_frequency=1.000;direction_agreement=1.000;direction_adjusted_validation_positive_ratio=1.000;worst_development_degradation=0.07358736536003935;upstream_fdr_pass=True
split_001,alpha360_LOW18,3,3,3,1.0,1,1.0,1.0,0.060837626459637736,0.15866840146219668,0.10155592405028986,0.07826076451086703,True,0.0030657415978516,1.0,1.0,stable_core,eligible_windows=3;selection_frequency=1.000;direction_agreement=1.000;direction_adjusted_validation_positive_ratio=1.000;worst_development_degradation=0.07826076451086703;upstream_fdr_pass=True
split_001,alpha360_LOW19,3,3,3,1.0,1,1.0,1.0,0.06324187125241278,0.16212990316731726,0.10288033344205165,0.08191392667983165,True,0.0056320084409972,1.0,1.0,stable_core,eligible_windows=3;selection_frequency=1.000;direction_agreement=1.000;direction_adjusted_validation_positive_ratio=1.000;worst_development_degradation=0.08191392667983165;upstream_fdr_pass=True
split_001,alpha360_LOW2,3,3,3,1.0,1,1.0,1.0,0.029294871764614146,0.06918056320474446,0.04216806610404031,0.037594169392604376,True,0.0030657415978516,1.0,1.0,stable_core,eligible_windows=3;selection_frequency=1.000;direction_agreement=1.000;direction_adjusted_validation_positive_ratio=1.000;worst_development_degradation=0.037594169392604376;upstream_fdr_pass=True
split_001,alpha360_LOW20,3,3,3,1.0,1,1.0,1.0,0.06565279215950798,0.16642537713518152,0.10265197086946062,0.08231560389005473,True,0.0056320084409972,1.0,1.0,stable_core,eligible_windows=3;selection_frequency=1.000;direction_agreement=1.000;direction_adjusted_validation_positive_ratio=1.000;worst_development_degradation=0.08231560389005473;upstream_fdr_pass=True
split_001,alpha360_LOW21,3,3,3,1.0,1,1.0,1.0,0.06837893647158504,0.1705388659984976,0.10215992952691257,0.07794006182898479,True,0.0030657415978516,1.0,1.0,stable_core,eligible_windows=3;selection_frequency=1.000;direction_agreement=1.000;direction_adjusted_validation_positive_ratio=1.000;worst_development_degradation=0.07794006182898479;upstream_fdr_pass=True
split_001,alpha360_LOW22,3,3,3,1.0,1,1.0,1.0,0.07139700545522673,0.1757203969680666,0.10432339151283987,0.06900251377548607,True,0.0030657415978516,1.0,1.0,stable_core,eligible_windows=3;selection_frequency=1.000;direction_agreement=1.000;direction_adjusted_validation_positive_ratio=1.000;worst_development_degradation=0.06900251377548607;upstream_fdr_pass=True
split_001,alpha360_LOW23,3,3,3,1.0,1,1.0,1.0,0.07434867197705129,0.17988254616457727,0.10553387418752598,0.05836982646679914,True,0.0043398160281277,1.0,1.0,stable_core,eligible_windows=3;selection_frequency=1.000;direction_agreement=1.000;direction_adjusted_validation_positive_ratio=1.000;worst_development_degradation=0.05836982646679914;upstream_fdr_pass=True
split_001,alpha360_LOW24,3,3,3,1.0,1,1.0,1.0,0.07733088278652749,0.1843631231194109,0.1070322403328834,0.04594039936759521,True,0.0030657415978516,1.0,1.0,stable_core,eligible_windows=3;selection_frequency=1.000;direction_agreement=1.000;direction_adjusted_validation_positive_ratio=1.000;worst_development_degradation=0.04594039936759521;upstream_fdr_pass=True
split_001,alpha360_LOW25,3,3,3,1.0,1,1.0,1.0,0.07995295616370199,0.1890906031395236,0.10913764697582162,0.034611105461803224,True,0.0030657415978516,1.0,1.0,stable_core,eligible_windows=3;selection_frequency=1.000;direction_agreement=1.000;direction_adjusted_validation_positive_ratio=1.000;worst_development_degradation=0.034611105461803224;upstream_fdr_pass=True
split_001,alpha360_LOW26,3,3,3,1.0,1,1.0,1.0,0.08220864504457354,0.19512423626826486,0.11291559122369133,0.022234414028483696,True,0.0030657415978516,1.0,1.0,stable_core,eligible_windows=3;selection_frequency=1.000;direction_agreement=1.000;direction_adjusted_validation_positive_ratio=1.000;worst_development_degradation=0.022234414028483696;upstream_fdr_pass=True
split_001,alpha360_LOW27,3,3,3,1.0,1,1.0,1.0,0.0842017554512705,0.1997680374835389,0.11556628203226842,0.009995717020037279,True,0.0030657415978516,1.0,1.0,stable_core,eligible_windows=3;selection_frequency=1.000;direction_agreement=1.000;direction_adjusted_validation_positive_ratio=1.000;worst_development_degradation=0.009995717020037279;upstream_fdr_pass=True
split_001,alpha360_LOW28,3,3,3,1.0,1,1.0,1.0,0.08609678897236624,0.20243437405013354,0.1163375850777673,-0.00038850046440204455,True,0.0043398160281277,1.0,1.0,stable_core,eligible_windows=3;selection_frequency=1.000;direction_agreement=1.000;direction_adjusted_validation_positive_ratio=1.000;worst_development_degradation=-0.00038850046440204455;upstream_fdr_pass=True
split_001,alpha360_LOW29,3,3,3,1.0,1,1.0,1.0,0.08799597215550403,0.20427123537741418,0.11627526322191015,-0.013048896325175974,True,0.0030657415978516,1.0,1.0,stable_core,eligible_windows=3;selection_frequency=1.000;direction_agreement=1.000;direction_adjusted_validation_positive_ratio=1.000;worst_development_degradation=-0.013048896325175974;upstream_fdr_pass=True
split_001,alpha360_LOW3,3,3,3,1.0,1,1.0,1.0,0.029434498598099434,0.07851610269127376,0.051646095208551526,0.04338751158323895,True,0.0030657415978516,1.0,1.0,stable_core,eligible_windows=3;selection_frequency=1.000;direction_agreement=1.000;direction_adjusted_validation_positive_ratio=1.000;worst_development_degradation=0.04338751158323895;upstream_fdr_pass=True
split_001,alpha360_LOW30,3,3,3,1.0,1,1.0,1.0,0.08955976877533543,0.20587890377349893,0.1163191349981635,-0.0259898026508842,True,0.0043398160281277,1.0,1.0,stable_core,eligible_windows=3;selection_frequency=1.000;direction_agreement=1.000;direction_adjusted_validation_positive_ratio=1.000;worst_development_degradation=-0.0259898026508842;upstream_fdr_pass=True
split_001,alpha360_LOW31,3,3,3,1.0,1,1.0,1.0,0.0911214217527051,0.2073427327460969,0.11622131099339181,-0.03656382946542056,True,0.0030657415978516,1.0,1.0,conditional_signal,eligible_windows=3;selection_frequency=1.000;direction_agreement=1.000;direction_adjusted_validation_positive_ratio=1.000;worst_development_degradation=-0.03656382946542056;upstream_fdr_pass=True
split_001,alpha360_LOW32,3,3,3,1.0,1,1.0,1.0,0.09223287430448104,0.21335557955439732,0.12112270524991628,-0.0465922756135556,True,0.0030657415978516,1.0,1.0,conditional_signal,eligible_windows=3;selection_frequency=1.000;direction_agreement=1.000;direction_adjusted_validation_positive_ratio=1.000;worst_development_degradation=-0.0465922756135556;upstream_fdr_pass=True
split_001,alpha360_LOW33,3,3,3,1.0,1,1.0,1.0,0.0927408446484049,0.21774552927591043,0.12500468462750552,-0.059906090157457965,True,0.0030657415978516,1.0,1.0,conditional_signal,eligible_windows=3;selection_frequency=1.000;direction_agreement=1.000;direction_adjusted_validation_positive_ratio=1.000;worst_development_degradation=-0.059906090157457965;upstream_fdr_pass=True
split_001,alpha360_LOW34,3,3,3,1.0,1,1.0,1.0,0.0933046243725142,0.21935081215133295,0.12604618777881876,-0.07431234600406318,True,0.0043398160281277,1.0,1.0,conditional_signal,eligible_windows=3;selection_frequency=1.000;direction_agreement=1.000;direction_adjusted_validation_positive_ratio=1.000;worst_development_degradation=-0.07431234600406318;upstream_fdr_pass=True
split_001,alpha360_LOW35,3,3,2,0.6666666666666666,1,1.0,1.0,0.09394558427438679,0.22026170591516764,0.130760255641242,0.12631612164078085,True,0.0030657415978516,1.0,1.0,stable_core,eligible_windows=3;selection_frequency=0.667;direction_agreement=1.000;direction_adjusted_validation_positive_ratio=1.000;worst_development_degradation=0.12631612164078085;upstream_fdr_pass=True
split_001,alpha360_LOW36,3,3,2,0.6666666666666666,1,1.0,0.6666666666666666,0.09449698797754659,0.21992543561207642,0.1290707264095257,0.12542844763452982,True,0.0043398160281277,1.0,1.0,stable_core,eligible_windows=3;selection_frequency=0.667;direction_agreement=1.000;direction_adjusted_validation_positive_ratio=0.667;worst_development_degradation=0.12542844763452982;upstream_fdr_pass=True
split_001,alpha360_LOW37,3,3,2,0.6666666666666666,1,1.0,0.6666666666666666,0.09469762201429159,0.21979353577590643,0.12680233372222607,0.12509591376161483,True,0.0043398160281277,1.0,1.0,stable_core,eligible_windows=3;selection_frequency=0.667;direction_agreement=1.000;direction_adjusted_validation_positive_ratio=0.667;worst_development_degradation=0.12509591376161483;upstream_fdr_pass=True
split_001,alpha360_LOW38,3,3,2,0.6666666666666666,1,1.0,0.6666666666666666,0.09481264842853175,0.21851255516741688,0.12537325695955187,0.12446689545332211,True,0.0030657415978516,1.0,1.0,stable_core,eligible_windows=3;selection_frequency=0.667;direction_agreement=1.000;direction_adjusted_validation_positive_ratio=0.667;worst_development_degradation=0.12446689545332211;upstream_fdr_pass=True
split_001,alpha360_LOW39,3,3,2,0.6666666666666666,1,1.0,0.6666666666666666,0.09466096298272329,0.21374745807422973,0.12336261917156069,0.11900384084124065,True,0.0030657415978516,1.0,1.0,stable_core,eligible_windows=3;selection_frequency=0.667;direction_agreement=1.000;direction_adjusted_validation_positive_ratio=0.667;worst_development_degradation=0.11900384084124065;upstream_fdr_pass=True
split_001,alpha360_LOW4,3,3,3,1.0,1,1.0,1.0,0.029807411359838883,0.08663322741089349,0.059554516313179255,0.04890697398467907,True,0.0030657415978516,1.0,1.0,stable_core,eligible_windows=3;selection_frequency=1.000;direction_agreement=1.000;direction_adjusted_validation_positive_ratio=1.000;worst_development_degradation=0.04890697398467907;upstream_fdr_pass=True
split_001,alpha360_LOW40,3,3,2,0.6666666666666666,1,1.0,0.6666666666666666,0.09438601053948761,0.2079102667581682,0.12035923175429744,0.11257494557638931,True,0.0030657415978516,1.0,1.0,stable_core,eligible_windows=3;selection_frequency=0.667;direction_agreement=1.000;direction_adjusted_validation_positive_ratio=0.667;worst_development_degradation=0.11257494557638931;upstream_fdr_pass=True
split_001,alpha360_LOW41,3,3,2,0.6666666666666666,1,1.0,0.6666666666666666,0.09365530318972784,0.2002076292222852,0.11651683917623346,0.10450995528860893,True,0.0030657415978516,1.0,1.0,stable_core,eligible_windows=3;selection_frequency=0.667;direction_agreement=1.000;direction_adjusted_validation_positive_ratio=0.667;worst_development_degradation=0.10450995528860893;upstream_fdr_pass=True
split_001,alpha360_LOW42,3,3,2,0.6666666666666666,1,1.0,0.6666666666666666,0.09252294444290665,0.19159021426409475,0.11213344773686922,0.09589427991298352,True,0.0030657415978516,1.0,1.0,stable_core,eligible_windows=3;selection_frequency=0.667;direction_agreement=1.000;direction_adjusted_validation_positive_ratio=0.667;worst_development_degradation=0.09589427991298352;upstream_fdr_pass=True
split_001,alpha360_LOW43,3,3,2,0.6666666666666666,1,1.0,0.6666666666666666,0.09114307185905046,0.18315136163394746,0.10926964384202723,0.08781804896458854,True,0.0030657415978516,1.0,1.0,stable_core,eligible_windows=3;selection_frequency=0.667;direction_agreement=1.000;direction_adjusted_validation_positive_ratio=0.667;worst_development_degradation=0.08781804896458854;upstream_fdr_pass=True
split_001,alpha360_LOW44,3,3,2,0.6666666666666666,1,1.0,0.6666666666666666,0.08974293325813358,0.1738319259966486,0.10649392265289258,0.07899050419015749,True,0.0030657415978516,1.0,1.0,stable_core,eligible_windows=3;selection_frequency=0.667;direction_agreement=1.000;direction_adjusted_validation_positive_ratio=0.667;worst_development_degradation=0.07899050419015749;upstream_fdr_pass=True
split_001,alpha360_LOW45,3,3,2,0.6666666666666666,1,1.0,0.6666666666666666,0.08834972568612955,0.16442220396635998,0.10354893978365073,0.0700921616323712,True,0.0030657415978516,1.0,1.0,stable_core,eligible_windows=3;selection_frequency=0.667;direction_agreement=1.000;direction_adjusted_validation_positive_ratio=0.667;worst_development_degradation=0.0700921616323712;upstream_fdr_pass=True
split_001,alpha360_LOW46,3,3,2,0.6666666666666666,1,1.0,0.6666666666666666,0.08676814564127626,0.15577352716495502,0.10025157349034183,0.06202635664456907,True,0.0043398160281277,1.0,1.0,stable_core,eligible_windows=3;selection_frequency=0.667;direction_agreement=1.000;direction_adjusted_validation_positive_ratio=0.667;worst_development_degradation=0.06202635664456907;upstream_fdr_pass=True
split_001,alpha360_LOW47,3,3,2,0.6666666666666666,1,1.0,0.6666666666666666,0.0852299850401461,0.1475139744553667,0.09674030291784767,0.05419437077583797,True,0.0030657415978516,1.0,1.0,stable_core,eligible_windows=3;selection_frequency=0.667;direction_agreement=1.000;direction_adjusted_validation_positive_ratio=0.667;worst_development_degradation=0.05419437077583797;upstream_fdr_pass=True
split_001,alpha360_LOW48,3,3,2,0.6666666666666666,1,1.0,0.6666666666666666,0.08382641318942768,0.13802207669484262,0.0932896015671676,0.045086133482995366,True,0.0030657415978516,1.0,1.0,stable_core,eligible_windows=3;selection_frequency=0.667;direction_agreement=1.000;direction_adjusted_validation_positive_ratio=0.667;worst_development_degradation=0.045086133482995366;upstream_fdr_pass=True
split_001,alpha360_LOW49,3,3,2,0.6666666666666666,1,1.0,0.6666666666666666,0.0827731410760034,0.128706375075726,0.09050578223619937,0.03616144898886803,True,0.0043398160281277,1.0,1.0,stable_core,eligible_windows=3;selection_frequency=0.667;direction_agreement=1.000;direction_adjusted_validation_positive_ratio=0.667;worst_development_degradation=0.03616144898886803;upstream_fdr_pass=True
split_001,alpha360_LOW5,3,3,3,1.0,1,1.0,1.0,0.03037649253881834,0.09062781002851991,0.06237450033601221,0.05642910605730178,True,0.0043398160281277,1.0,1.0,stable_core,eligible_windows=3;selection_frequency=1.000;direction_agreement=1.000;direction_adjusted_validation_positive_ratio=1.000;worst_development_degradation=0.05642910605730178;upstream_fdr_pass=True
split_001,alpha360_LOW50,3,3,2,0.6666666666666666,1,1.0,0.6666666666666666,0.08212915770729579,0.12354740642860854,0.0897805525319407,0.031437407151939004,True,0.0043398160281277,1.0,1.0,stable_core,eligible_windows=3;selection_frequency=0.667;direction_agreement=1.000;direction_adjusted_validation_positive_ratio=0.667;worst_development_degradation=0.031437407151939004;upstream_fdr_pass=True
split_001,alpha360_LOW51,3,3,2,0.6666666666666666,1,1.0,0.6666666666666666,0.08137416957738168,0.11623550892322518,0.087118984128266,0.02444208663729558,True,0.0030657415978516,1.0,1.0,stable_core,eligible_windows=3;selection_frequency=0.667;direction_agreement=1.000;direction_adjusted_validation_positive_ratio=0.667;worst_development_degradation=0.02444208663729558;upstream_fdr_pass=True
split_001,alpha360_LOW52,3,3,2,0.6666666666666666,1,1.0,0.6666666666666666,0.08042509286359578,0.11207334193222407,0.08429915779946764,0.02044934400512649,True,0.0043398160281277,1.0,1.0,stable_core,eligible_windows=3;selection_frequency=0.667;direction_agreement=1.000;direction_adjusted_validation_positive_ratio=0.667;worst_development_degradation=0.02044934400512649;upstream_fdr_pass=True
split_001,alpha360_LOW53,3,3,2,0.6666666666666666,1,1.0,0.6666666666666666,0.07943635334002493,0.10677689700772475,0.08043035705348048,0.015185234156067484,True,0.0030657415978516,1.0,1.0,stable_core,eligible_windows=3;selection_frequency=0.667;direction_agreement=1.000;direction_adjusted_validation_positive_ratio=0.667;worst_development_degradation=0.015185234156067484;upstream_fdr_pass=True
split_001,alpha360_LOW54,3,3,2,0.6666666666666666,1,1.0,0.6666666666666666,0.0787460057302816,0.0995731769700607,0.07542248604265342,0.007583752509387323,True,0.0030657415978516,1.0,1.0,stable_core,eligible_windows=3;selection_frequency=0.667;direction_agreement=1.000;direction_adjusted_validation_positive_ratio=0.667;worst_development_degradation=0.007583752509387323;upstream_fdr_pass=True
split_001,alpha360_LOW55,3,3,2,0.6666666666666666,1,1.0,0.6666666666666666,0.07830181748034545,0.09166386148617034,0.07047160587693818,-0.0007286013141383219,True,0.0030657415978516,1.0,1.0,stable_core,eligible_windows=3;selection_frequency=0.667;direction_agreement=1.000;direction_adjusted_validation_positive_ratio=0.667;worst_development_degradation=-0.0007286013141383219;upstream_fdr_pass=True
split_001,alpha360_LOW56,3,3,2,0.6666666666666666,1,1.0,0.6666666666666666,0.07815682969991632,0.0861495724415843,0.06683100525036755,-0.00668504877102688,True,0.0030657415978516,1.0,1.0,stable_core,eligible_windows=3;selection_frequency=0.667;direction_agreement=1.000;direction_adjusted_validation_positive_ratio=0.667;worst_development_degradation=-0.00668504877102688;upstream_fdr_pass=True
split_001,alpha360_LOW57,3,3,2,0.6666666666666666,1,1.0,0.6666666666666666,0.07824072207159319,0.08309818902820641,0.06374315248428565,-0.01022150273864314,True,0.0043398160281277,1.0,1.0,stable_core,eligible_windows=3;selection_frequency=0.667;direction_agreement=1.000;direction_adjusted_validation_positive_ratio=0.667;worst_development_degradation=-0.01022150273864314;upstream_fdr_pass=True
split_001,alpha360_LOW58,3,3,2,0.6666666666666666,1,1.0,0.6666666666666666,0.0783198570755018,0.0812058307152245,0.0614963807912568,-0.012402125892254312,True,0.0030657415978516,1.0,1.0,stable_core,eligible_windows=3;selection_frequency=0.667;direction_agreement=1.000;direction_adjusted_validation_positive_ratio=0.667;worst_development_degradation=-0.012402125892254312;upstream_fdr_pass=True
split_001,alpha360_LOW59,3,3,2,0.6666666666666666,1,1.0,0.6666666666666666,0.07849845600559578,0.07882400218318578,0.05967930589181962,-0.0150453715750756,True,0.0043398160281277,1.0,1.0,stable_core,eligible_windows=3;selection_frequency=0.667;direction_agreement=1.000;direction_adjusted_validation_positive_ratio=0.667;worst_development_degradation=-0.0150453715750756;upstream_fdr_pass=True
split_001,alpha360_LOW6,3,3,3,1.0,1,1.0,1.0,0.0327140233282449,0.10191758293044555,0.0713430472694516,0.0622516006583088,True,0.0030657415978516,1.0,1.0,stable_core,eligible_windows=3;selection_frequency=1.000;direction_agreement=1.000;direction_adjusted_validation_positive_ratio=1.000;worst_development_degradation=0.0622516006583088;upstream_fdr_pass=True
split_001,alpha360_LOW7,3,3,3,1.0,1,1.0,1.0,0.034874785913435874,0.10994115111340823,0.07698753001503403,0.06638184225468151,True,0.0043398160281277,1.0,1.0,stable_core,eligible_windows=3;selection_frequency=1.000;direction_agreement=1.000;direction_adjusted_validation_positive_ratio=1.000;worst_development_degradation=0.06638184225468151;upstream_fdr_pass=True
split_001,alpha360_LOW8,3,3,3,1.0,1,1.0,1.0,0.03724969705881387,0.1145686185575842,0.07212543641144616,0.07058270426988347,True,0.0043398160281277,1.0,1.0,stable_core,eligible_windows=3;selection_frequency=1.000;direction_agreement=1.000;direction_adjusted_validation_positive_ratio=1.000;worst_development_degradation=0.07058270426988347;upstream_fdr_pass=True
split_001,alpha360_LOW9,3,3,3,1.0,1,1.0,1.0,0.03989741188198833,0.11811330567693075,0.08020319826566821,0.06631453814966409,True,0.0030657415978516,1.0,1.0,stable_core,eligible_windows=3;selection_frequency=1.000;direction_agreement=1.000;direction_adjusted_validation_positive_ratio=1.000;worst_development_degradation=0.06631453814966409;upstream_fdr_pass=True
split_001,alpha360_OPEN0,3,3,2,0.6666666666666666,1,1.0,0.6666666666666666,0.010291624372921013,0.03465801816292048,0.024873942292886864,0.020392208617989724,True,0.0097094189103874,1.0,1.0,stable_core,eligible_windows=3;selection_frequency=0.667;direction_agreement=1.000;direction_adjusted_validation_positive_ratio=0.667;worst_development_degradation=0.020392208617989724;upstream_fdr_pass=True
split_001,alpha360_OPEN1,3,3,2,0.6666666666666666,1,1.0,1.0,0.012803819450077672,0.03928072679599331,0.02541625949602725,0.021524607473708244,True,0.0198654848336377,1.0,1.0,stable_core,eligible_windows=3;selection_frequency=0.667;direction_agreement=1.000;direction_adjusted_validation_positive_ratio=1.000;worst_development_degradation=0.021524607473708244;upstream_fdr_pass=True
split_001,alpha360_OPEN10,3,3,3,1.0,1,1.0,1.0,0.035999312901593285,0.10790510917917799,0.0719057962775847,0.04368433244333656,True,0.0122629663914067,1.0,1.0,stable_core,eligible_windows=3;selection_frequency=1.000;direction_agreement=1.000;direction_adjusted_validation_positive_ratio=1.000;worst_development_degradation=0.04368433244333656;upstream_fdr_pass=True
split_001,alpha360_OPEN11,3,3,3,1.0,1,1.0,1.0,0.038773191853415614,0.11712294043549043,0.07834974858207482,0.03599759746374846,True,0.0083961264865787,1.0,1.0,stable_core,eligible_windows=3;selection_frequency=1.000;direction_agreement=1.000;direction_adjusted_validation_positive_ratio=1.000;worst_development_degradation=0.03599759746374846;upstream_fdr_pass=True
split_001,alpha360_OPEN12,3,3,3,1.0,1,1.0,1.0,0.040953460787755074,0.1220861871851483,0.08231225991562494,0.03061652081055915,True,0.0083961264865787,1.0,1.0,stable_core,eligible_windows=3;selection_frequency=1.000;direction_agreement=1.000;direction_adjusted_validation_positive_ratio=1.000;worst_development_degradation=0.03061652081055915;upstream_fdr_pass=True
split_001,alpha360_OPEN13,3,3,3,1.0,1,1.0,1.0,0.04323011452839878,0.1265904848271502,0.08400003727756217,0.03523150565906915,True,0.0056320084409972,1.0,1.0,stable_core,eligible_windows=3;selection_frequency=1.000;direction_agreement=1.000;direction_adjusted_validation_positive_ratio=1.000;worst_development_degradation=0.03523150565906915;upstream_fdr_pass=True
split_001,alpha360_OPEN14,3,3,3,1.0,1,1.0,1.0,0.0459400464027416,0.13001433124118586,0.08407428483844426,0.04114965835568884,True,0.0070536323834476,1.0,1.0,stable_core,eligible_windows=3;selection_frequency=1.000;direction_agreement=1.000;direction_adjusted_validation_positive_ratio=1.000;worst_development_degradation=0.04114965835568884;upstream_fdr_pass=True
split_001,alpha360_OPEN15,3,3,3,1.0,1,1.0,1.0,0.04829121610903141,0.13264970797195574,0.08435849186292434,0.04824398919041884,True,0.0056320084409972,1.0,1.0,stable_core,eligible_windows=3;selection_frequency=1.000;direction_agreement=1.000;direction_adjusted_validation_positive_ratio=1.000;worst_development_degradation=0.04824398919041884;upstream_fdr_pass=True
split_001,alpha360_OPEN16,3,3,3,1.0,1,1.0,1.0,0.050402090750610896,0.1362613179260188,0.08585922717540792,0.055346614113560476,True,0.0056320084409972,1.0,1.0,stable_core,eligible_windows=3;selection_frequency=1.000;direction_agreement=1.000;direction_adjusted_validation_positive_ratio=1.000;worst_development_degradation=0.055346614113560476;upstream_fdr_pass=True
split_001,alpha360_OPEN17,3,3,3,1.0,1,1.0,1.0,0.0530996600539768,0.14004944307553802,0.08694978302156121,0.061252480628204355,True,0.0070536323834476,1.0,1.0,stable_core,eligible_windows=3;selection_frequency=1.000;direction_agreement=1.000;direction_adjusted_validation_positive_ratio=1.000;worst_development_degradation=0.061252480628204355;upstream_fdr_pass=True
split_001,alpha360_OPEN18,3,3,3,1.0,1,1.0,1.0,0.05584905591141213,0.1457196215871005,0.08987056567568838,0.06495220384179368,True,0.0030657415978516,1.0,1.0,stable_core,eligible_windows=3;selection_frequency=1.000;direction_agreement=1.000;direction_adjusted_validation_positive_ratio=1.000;worst_development_degradation=0.06495220384179368;upstream_fdr_pass=True
split_001,alpha360_OPEN19,3,3,3,1.0,1,1.0,1.0,0.05838489876390125,0.1483143798150573,0.08992948105115604,0.0694753988630991,True,0.0043398160281277,1.0,1.0,stable_core,eligible_windows=3;selection_frequency=1.000;direction_agreement=1.000;direction_adjusted_validation_positive_ratio=1.000;worst_development_degradation=0.0694753988630991;upstream_fdr_pass=True
split_001,alpha360_OPEN2,3,3,3,1.0,1,1.0,1.0,0.014978987135901846,0.053213930075631466,0.032367797796367524,-0.000954085745891604,True,0.0211497363396097,1.0,1.0,stable_core,eligible_windows=3;selection_frequency=1.000;direction_agreement=1.000;direction_adjusted_validation_positive_ratio=1.000;worst_development_degradation=-0.000954085745891604;upstream_fdr_pass=True
split_001,alpha360_OPEN20,3,3,3,1.0,1,1.0,1.0,0.06076929872604036,0.15121977058924438,0.09045047186320401,0.06658134397668823,True,0.0030657415978516,1.0,1.0,stable_core,eligible_windows=3;selection_frequency=1.000;direction_agreement=1.000;direction_adjusted_validation_positive_ratio=1.000;worst_development_degradation=0.06658134397668823;upstream_fdr_pass=True
split_001,alpha360_OPEN21,3,3,3,1.0,1,1.0,1.0,0.06363248534085078,0.15455168166174196,0.09091919632089118,0.059848563471531946,True,0.0030657415978516,1.0,1.0,stable_core,eligible_windows=3;selection_frequency=1.000;direction_agreement=1.000;direction_adjusted_validation_positive_ratio=1.000;worst_development_degradation=0.059848563471531946;upstream_fdr_pass=True
split_001,alpha360_OPEN22,3,3,3,1.0,1,1.0,1.0,0.06666421480698881,0.15888099207013365,0.09221677726314484,0.04975386164897384,True,0.0030657415978516,1.0,1.0,stable_core,eligible_windows=3;selection_frequency=1.000;direction_agreement=1.000;direction_adjusted_validation_positive_ratio=1.000;worst_development_degradation=0.04975386164897384;upstream_fdr_pass=True
split_001,alpha360_OPEN23,3,3,3,1.0,1,1.0,1.0,0.06972395650348796,0.16330948576470855,0.09358552926122059,0.03766184784530266,True,0.0056320084409972,1.0,1.0,stable_core,eligible_windows=3;selection_frequency=1.000;direction_agreement=1.000;direction_adjusted_validation_positive_ratio=1.000;worst_development_degradation=0.03766184784530266;upstream_fdr_pass=True
split_001,alpha360_OPEN24,3,3,3,1.0,1,1.0,1.0,0.07281562336459937,0.16725142434507342,0.09443580098047405,0.0271733445108526,True,0.0030657415978516,1.0,1.0,stable_core,eligible_windows=3;selection_frequency=1.000;direction_agreement=1.000;direction_adjusted_validation_positive_ratio=1.000;worst_development_degradation=0.0271733445108526;upstream_fdr_pass=True
split_001,alpha360_OPEN25,3,3,3,1.0,1,1.0,1.0,0.07517769364144353,0.1731622160361711,0.09798452239472757,0.016308724256180906,True,0.0030657415978516,1.0,1.0,stable_core,eligible_windows=3;selection_frequency=1.000;direction_agreement=1.000;direction_adjusted_validation_positive_ratio=1.000;worst_development_degradation=0.016308724256180906;upstream_fdr_pass=True
split_001,alpha360_OPEN26,3,3,3,1.0,1,1.0,1.0,0.07752272448679365,0.17947210031143385,0.1019493758246402,0.0036365632273861193,True,0.0030657415978516,1.0,1.0,stable_core,eligible_windows=3;selection_frequency=1.000;direction_agreement=1.000;direction_adjusted_validation_positive_ratio=1.000;worst_development_degradation=0.0036365632273861193;upstream_fdr_pass=True
split_001,alpha360_OPEN27,3,3,3,1.0,1,1.0,1.0,0.07964154584599949,0.18193682526273564,0.10229527941673615,-0.006436317242228817,True,0.0043398160281277,1.0,1.0,stable_core,eligible_windows=3;selection_frequency=1.000;direction_agreement=1.000;direction_adjusted_validation_positive_ratio=1.000;worst_development_degradation=-0.006436317242228817;upstream_fdr_pass=True
split_001,alpha360_OPEN28,3,3,3,1.0,1,1.0,1.0,0.08176778655455684,0.18499014858066787,0.10322236202611103,-0.016175532171676263,True,0.0030657415978516,1.0,1.0,stable_core,eligible_windows=3;selection_frequency=1.000;direction_agreement=1.000;direction_adjusted_validation_positive_ratio=1.000;worst_development_degradation=-0.016175532171676263;upstream_fdr_pass=True
split_001,alpha360_OPEN29,3,3,3,1.0,1,1.0,1.0,0.0836418478339507,0.18683158592128601,0.10318973808733531,-0.03004920968833117,True,0.0030657415978516,1.0,1.0,conditional_signal,eligible_windows=3;selection_frequency=1.000;direction_agreement=1.000;direction_adjusted_validation_positive_ratio=1.000;worst_development_degradation=-0.03004920968833117;upstream_fdr_pass=True
split_001,alpha360_OPEN3,3,3,3,1.0,1,1.0,1.0,0.017386374945730226,0.0687386088437518,0.044903124360005445,0.00859102050724585,True,0.0198654848336377,1.0,1.0,stable_core,eligible_windows=3;selection_frequency=1.000;direction_agreement=1.000;direction_adjusted_validation_positive_ratio=1.000;worst_development_degradation=0.00859102050724585;upstream_fdr_pass=True
split_001,alpha360_OPEN30,3,3,3,1.0,1,1.0,1.0,0.08514610831296407,0.1875763201656139,0.10243021185264983,-0.04011131483273808,True,0.0030657415978516,1.0,1.0,conditional_signal,eligible_windows=3;selection_frequency=1.000;direction_agreement=1.000;direction_adjusted_validation_positive_ratio=1.000;worst_development_degradation=-0.04011131483273808;upstream_fdr_pass=True
split_001,alpha360_OPEN31,3,3,3,1.0,1,1.0,1.0,0.08663866033653085,0.19226925654774096,0.10563059621121011,-0.04961454150941866,True,0.0030657415978516,1.0,1.0,conditional_signal,eligible_windows=3;selection_frequency=1.000;direction_agreement=1.000;direction_adjusted_validation_positive_ratio=1.000;worst_development_degradation=-0.04961454150941866;upstream_fdr_pass=True
split_001,alpha360_OPEN32,3,3,3,1.0,1,1.0,1.0,0.0876357417913974,0.19871573656493308,0.11107999477353568,-0.061263874561316045,True,0.0030657415978516,1.0,1.0,conditional_signal,eligible_windows=3;selection_frequency=1.000;direction_agreement=1.000;direction_adjusted_validation_positive_ratio=1.000;worst_development_degradation=-0.061263874561316045;upstream_fdr_pass=True
split_001,alpha360_OPEN33,3,3,3,1.0,1,1.0,1.0,0.08832947874041329,0.20146144593891657,0.11313196719850328,-0.07444812410828168,True,0.0043398160281277,1.0,1.0,conditional_signal,eligible_windows=3;selection_frequency=1.000;direction_agreement=1.000;direction_adjusted_validation_positive_ratio=1.000;worst_development_degradation=-0.07444812410828168;upstream_fdr_pass=True
split_001,alpha360_OPEN34,3,3,2,0.6666666666666666,1,1.0,1.0,0.08900862289230631,0.20234635459174255,0.1256451570971864,0.11333773169943624,True,0.0030657415978516,1.0,1.0,stable_core,eligible_windows=3;selection_frequency=0.667;direction_agreement=1.000;direction_adjusted_validation_positive_ratio=1.000;worst_development_degradation=0.11333773169943624;upstream_fdr_pass=True
split_001,alpha360_OPEN35,3,3,2,0.6666666666666666,1,1.0,0.6666666666666666,0.08962272313645543,0.20297907304161308,0.12492385375807649,0.11335634990515765,True,0.0030657415978516,1.0,1.0,stable_core,eligible_windows=3;selection_frequency=0.667;direction_agreement=1.000;direction_adjusted_validation_positive_ratio=0.667;worst_development_degradation=0.11335634990515765;upstream_fdr_pass=True
split_001,alpha360_OPEN36,3,3,2,0.6666666666666666,1,1.0,0.6666666666666666,0.09024677753453154,0.20320704381844412,0.12334926759714185,0.11296026628391258,True,0.0030657415978516,1.0,1.0,stable_core,eligible_windows=3;selection_frequency=0.667;direction_agreement=1.000;direction_adjusted_validation_positive_ratio=0.667;worst_development_degradation=0.11296026628391258;upstream_fdr_pass=True
split_001,alpha360_OPEN37,3,3,2,0.6666666666666666,1,1.0,0.6666666666666666,0.09047504651563969,0.20392110576922345,0.12119106740319976,0.11344605925358377,True,0.0030657415978516,1.0,1.0,stable_core,eligible_windows=3;selection_frequency=0.667;direction_agreement=1.000;direction_adjusted_validation_positive_ratio=0.667;worst_development_degradation=0.11344605925358377;upstream_fdr_pass=True
split_001,alpha360_OPEN38,3,3,2,0.6666666666666666,1,1.0,0.6666666666666666,0.0906697248902581,0.20567284236743638,0.11913950446461677,0.11507969355525824,True,0.0030657415978516,1.0,1.0,stable_core,eligible_windows=3;selection_frequency=0.667;direction_agreement=1.000;direction_adjusted_validation_positive_ratio=0.667;worst_development_degradation=0.11507969355525824;upstream_fdr_pass=True
split_001,alpha360_OPEN39,3,3,2,0.6666666666666666,1,1.0,0.6666666666666666,0.09059394509417669,0.20612987601052954,0.11665892531237941,0.11553593091635285,True,0.0030657415978516,1.0,1.0,stable_core,eligible_windows=3;selection_frequency=0.667;direction_agreement=1.000;direction_adjusted_validation_positive_ratio=0.667;worst_development_degradation=0.11553593091635285;upstream_fdr_pass=True
split_001,alpha360_OPEN4,3,3,3,1.0,1,1.0,1.0,0.019077381633148593,0.07425514557519433,0.050656906946749666,0.019896530606567722,True,0.0146886080952015,1.0,1.0,stable_core,eligible_windows=3;selection_frequency=1.000;direction_agreement=1.000;direction_adjusted_validation_positive_ratio=1.000;worst_development_degradation=0.019896530606567722;upstream_fdr_pass=True
split_001,alpha360_OPEN40,3,3,2,0.6666666666666666,1,1.0,0.6666666666666666,0.09031292604650162,0.20341863840843416,0.11311426927467617,0.11083360828265348,True,0.0030657415978516,1.0,1.0,stable_core,eligible_windows=3;selection_frequency=0.667;direction_agreement=1.000;direction_adjusted_validation_positive_ratio=0.667;worst_development_degradation=0.11083360828265348;upstream_fdr_pass=True
split_001,alpha360_OPEN41,3,3,2,0.6666666666666666,1,1.0,0.6666666666666666,0.0894487675056273,0.19527942127758272,0.10912755060994975,0.10239680257559669,True,0.0030657415978516,1.0,1.0,stable_core,eligible_windows=3;selection_frequency=0.667;direction_agreement=1.000;direction_adjusted_validation_positive_ratio=0.667;worst_development_degradation=0.10239680257559669;upstream_fdr_pass=True
split_001,alpha360_OPEN42,3,3,2,0.6666666666666666,1,1.0,0.6666666666666666,0.0884195347399916,0.18704588393536045,0.10547049335443648,0.09418679958956423,True,0.0030657415978516,1.0,1.0,stable_core,eligible_windows=3;selection_frequency=0.667;direction_agreement=1.000;direction_adjusted_validation_positive_ratio=0.667;worst_development_degradation=0.09418679958956423;upstream_fdr_pass=True
split_001,alpha360_OPEN43,3,3,2,0.6666666666666666,1,1.0,0.6666666666666666,0.08697746219670421,0.17872280594229614,0.10298684136635874,0.0860899127538101,True,0.0030657415978516,1.0,1.0,stable_core,eligible_windows=3;selection_frequency=0.667;direction_agreement=1.000;direction_adjusted_validation_positive_ratio=0.667;worst_development_degradation=0.0860899127538101;upstream_fdr_pass=True
split_001,alpha360_OPEN44,3,3,2,0.6666666666666666,1,1.0,0.6666666666666666,0.08553101555589364,0.16710162366029957,0.09936028009554057,0.07502726897535203,True,0.0030657415978516,1.0,1.0,stable_core,eligible_windows=3;selection_frequency=0.667;direction_agreement=1.000;direction_adjusted_validation_positive_ratio=0.667;worst_development_degradation=0.07502726897535203;upstream_fdr_pass=True
split_001,alpha360_OPEN45,3,3,2,0.6666666666666666,1,1.0,0.6666666666666666,0.08415448880397526,0.1593956605149464,0.09693067244641533,0.06782369935696989,True,0.0030657415978516,1.0,1.0,stable_core,eligible_windows=3;selection_frequency=0.667;direction_agreement=1.000;direction_adjusted_validation_positive_ratio=0.667;worst_development_degradation=0.06782369935696989;upstream_fdr_pass=True
split_001,alpha360_OPEN46,3,3,2,0.6666666666666666,1,1.0,0.6666666666666666,0.0824945365725728,0.15066431161490343,0.09312005357266867,0.059533095741691994,True,0.0043398160281277,1.0,1.0,stable_core,eligible_windows=3;selection_frequency=0.667;direction_agreement=1.000;direction_adjusted_validation_positive_ratio=0.667;worst_development_degradation=0.059533095741691994;upstream_fdr_pass=True
split_001,alpha360_OPEN47,3,3,2,0.6666666666666666,1,1.0,0.6666666666666666,0.08098140545821779,0.14231560305453383,0.09016188472503028,0.05159614044302481,True,0.0056320084409972,1.0,1.0,stable_core,eligible_windows=3;selection_frequency=0.667;direction_agreement=1.000;direction_adjusted_validation_positive_ratio=0.667;worst_development_degradation=0.05159614044302481;upstream_fdr_pass=True
split_001,alpha360_OPEN48,3,3,2,0.6666666666666666,1,1.0,0.6666666666666666,0.07977461912095771,0.13265578090128566,0.08693170664012903,0.04226423207076707,True,0.0030657415978516,1.0,1.0,stable_core,eligible_windows=3;selection_frequency=0.667;direction_agreement=1.000;direction_adjusted_validation_positive_ratio=0.667;worst_development_degradation=0.04226423207076707;upstream_fdr_pass=True
split_001,alpha360_OPEN49,3,3,2,0.6666666666666666,1,1.0,0.6666666666666666,0.0790398703556778,0.12594845700051743,0.08629856777282469,0.03599061808225244,True,0.0030657415978516,1.0,1.0,stable_core,eligible_windows=3;selection_frequency=0.667;direction_agreement=1.000;direction_adjusted_validation_positive_ratio=0.667;worst_development_degradation=0.03599061808225244;upstream_fdr_pass=True
split_001,alpha360_OPEN5,3,3,3,1.0,1,1.0,1.0,0.020851754809902787,0.08175396013316441,0.05485581704710904,0.03101646801082814,True,0.0348928180253481,1.0,1.0,stable_core,eligible_windows=3;selection_frequency=1.000;direction_agreement=1.000;direction_adjusted_validation_positive_ratio=1.000;worst_development_degradation=0.03101646801082814;upstream_fdr_pass=True
split_001,alpha360_OPEN50,3,3,2,0.6666666666666666,1,1.0,0.6666666666666666,0.07837310697049481,0.11866269573988153,0.08414347262053695,0.029102193626780584,True,0.0030657415978516,1.0,1.0,stable_core,eligible_windows=3;selection_frequency=0.667;direction_agreement=1.000;direction_adjusted_validation_positive_ratio=0.667;worst_development_degradation=0.029102193626780584;upstream_fdr_pass=True
split_001,alpha360_OPEN51,3,3,2,0.6666666666666666,1,1.0,0.6666666666666666,0.07768720650613989,0.1134372934239158,0.08142997690135771,0.02403259364994123,True,0.0043398160281277,1.0,1.0,stable_core,eligible_windows=3;selection_frequency=0.667;direction_agreement=1.000;direction_adjusted_validation_positive_ratio=0.667;worst_development_degradation=0.02403259364994123;upstream_fdr_pass=True
split_001,alpha360_OPEN52,3,3,2,0.6666666666666666,1,1.0,0.6666666666666666,0.07655399372778317,0.10882215588832551,0.07845147981154378,0.019566467270414056,True,0.0030657415978516,1.0,1.0,stable_core,eligible_windows=3;selection_frequency=0.667;direction_agreement=1.000;direction_adjusted_validation_positive_ratio=0.667;worst_development_degradation=0.019566467270414056;upstream_fdr_pass=True
split_001,alpha360_OPEN53,3,3,2,0.6666666666666666,1,1.0,0.6666666666666666,0.07580358032434628,0.10281802438677352,0.07406812732186346,0.013206559178143201,True,0.0043398160281277,1.0,1.0,stable_core,eligible_windows=3;selection_frequency=0.667;direction_agreement=1.000;direction_adjusted_validation_positive_ratio=0.667;worst_development_degradation=0.013206559178143201;upstream_fdr_pass=True
split_001,alpha360_OPEN54,3,3,2,0.6666666666666666,1,1.0,0.6666666666666666,0.07534260130741519,0.0945754859278329,0.0686448808252709,0.004483061308500666,True,0.0056320084409972,1.0,1.0,stable_core,eligible_windows=3;selection_frequency=0.667;direction_agreement=1.000;direction_adjusted_validation_positive_ratio=0.667;worst_development_degradation=0.004483061308500666;upstream_fdr_pass=True
split_001,alpha360_OPEN55,3,3,2,0.6666666666666666,1,1.0,0.6666666666666666,0.0751029947897321,0.08683322442323922,0.06440290824082208,-0.0037379154583161156,True,0.0043398160281277,1.0,1.0,stable_core,eligible_windows=3;selection_frequency=0.667;direction_agreement=1.000;direction_adjusted_validation_positive_ratio=0.667;worst_development_degradation=-0.0037379154583161156;upstream_fdr_pass=True
split_001,alpha360_OPEN56,3,3,2,0.6666666666666666,1,1.0,0.6666666666666666,0.07512369310266112,0.08307193314404884,0.06133668166408985,-0.008139506126971133,True,0.0043398160281277,1.0,1.0,stable_core,eligible_windows=3;selection_frequency=0.667;direction_agreement=1.000;direction_adjusted_validation_positive_ratio=0.667;worst_development_degradation=-0.008139506126971133;upstream_fdr_pass=True
split_001,alpha360_OPEN57,3,3,2,0.6666666666666666,1,1.0,0.6666666666666666,0.07521082522558999,0.08119889009704476,0.05883527669402335,-0.010404526008640627,True,0.0043398160281277,1.0,1.0,stable_core,eligible_windows=3;selection_frequency=0.667;direction_agreement=1.000;direction_adjusted_validation_positive_ratio=0.667;worst_development_degradation=-0.010404526008640627;upstream_fdr_pass=True
split_001,alpha360_OPEN58,3,3,2,0.6666666666666666,1,1.0,0.6666666666666666,0.07547411656917125,0.0782738675885844,0.056637310131473044,-0.013671209539359755,True,0.0030657415978516,1.0,1.0,stable_core,eligible_windows=3;selection_frequency=0.667;direction_agreement=1.000;direction_adjusted_validation_positive_ratio=0.667;worst_development_degradation=-0.013671209539359755;upstream_fdr_pass=True
split_001,alpha360_OPEN59,3,3,2,0.6666666666666666,1,1.0,0.6666666666666666,0.07572469312509175,0.07503443020070569,0.05499198514922132,-0.017165444529591734,True,0.0043398160281277,1.0,1.0,stable_core,eligible_windows=3;selection_frequency=0.667;direction_agreement=1.000;direction_adjusted_validation_positive_ratio=0.667;worst_development_degradation=-0.017165444529591734;upstream_fdr_pass=True
split_001,alpha360_OPEN6,3,3,3,1.0,1,1.0,1.0,0.024304520074382885,0.09023483616492842,0.056997707709475105,0.038761865951707,True,0.0236700799200799,1.0,1.0,stable_core,eligible_windows=3;selection_frequency=1.000;direction_agreement=1.000;direction_adjusted_validation_positive_ratio=1.000;worst_development_degradation=0.038761865951707;upstream_fdr_pass=True
split_001,alpha360_OPEN7,3,3,3,1.0,1,1.0,1.0,0.026748167775522982,0.08843773444649206,0.0522585325772087,0.04512101275044124,True,0.0134865134865134,1.0,1.0,stable_core,eligible_windows=3;selection_frequency=1.000;direction_agreement=1.000;direction_adjusted_validation_positive_ratio=1.000;worst_development_degradation=0.04512101275044124;upstream_fdr_pass=True
split_001,alpha360_OPEN8,3,3,3,1.0,1,1.0,1.0,0.029642395270409502,0.08492338504365274,0.055280989773243236,0.04549293984188571,True,0.0122629663914067,1.0,1.0,stable_core,eligible_windows=3;selection_frequency=1.000;direction_agreement=1.000;direction_adjusted_validation_positive_ratio=1.000;worst_development_degradation=0.04549293984188571;upstream_fdr_pass=True
split_001,alpha360_OPEN9,3,3,3,1.0,1,1.0,1.0,0.03262159061117895,0.09784387866362951,0.06522228805245056,0.04270792942009118,True,0.0056320084409972,1.0,1.0,stable_core,eligible_windows=3;selection_frequency=1.000;direction_agreement=1.000;direction_adjusted_validation_positive_ratio=1.000;worst_development_degradation=0.04270792942009118;upstream_fdr_pass=True
split_001,alpha360_VOLUME1,3,3,0,0.0,1,1.0,0.0,0.0017998807501401963,-0.007410425153699672,,,False,0.2982457282131549,1.0,1.0,holdout,eligible_windows=3;selection_frequency=0.000;direction_agreement=1.000;direction_adjusted_validation_positive_ratio=0.000;worst_development_degradation=nan;upstream_fdr_pass=False
split_001,alpha360_VOLUME10,3,3,0,0.0,1,1.0,1.0,0.0035118745662496543,0.029119211789281507,,,False,0.1650346151221808,1.0,1.0,holdout,eligible_windows=3;selection_frequency=0.000;direction_agreement=1.000;direction_adjusted_validation_positive_ratio=1.000;worst_development_degradation=nan;upstream_fdr_pass=False
split_001,alpha360_VOLUME11,3,3,0,0.0,1,1.0,1.0,0.005324959443369125,0.032574392347105526,,,False,0.1042022493635397,1.0,1.0,holdout,eligible_windows=3;selection_frequency=0.000;direction_agreement=1.000;direction_adjusted_validation_positive_ratio=1.000;worst_development_degradation=nan;upstream_fdr_pass=False
split_001,alpha360_VOLUME12,3,3,0,0.0,1,1.0,1.0,0.006519859594120734,0.03407351775174851,,,False,0.0593791841428892,1.0,1.0,holdout,eligible_windows=3;selection_frequency=0.000;direction_agreement=1.000;direction_adjusted_validation_positive_ratio=1.000;worst_development_degradation=nan;upstream_fdr_pass=False
split_001,alpha360_VOLUME13,3,3,3,1.0,1,1.0,1.0,0.007560622104713191,0.038309184839459734,0.03074856273474654,0.006010299613122055,True,0.0405445826189466,1.0,1.0,stable_core,eligible_windows=3;selection_frequency=1.000;direction_agreement=1.000;direction_adjusted_validation_positive_ratio=1.000;worst_development_degradation=0.006010299613122055;upstream_fdr_pass=True
split_001,alpha360_VOLUME14,3,3,3,1.0,1,1.0,1.0,0.00888111972192022,0.0450061804096205,0.03612506068770028,0.007471863602840814,True,0.0336860719925236,1.0,1.0,stable_core,eligible_windows=3;selection_frequency=1.000;direction_agreement=1.000;direction_adjusted_validation_positive_ratio=1.000;worst_development_degradation=0.007471863602840814;upstream_fdr_pass=True
split_001,alpha360_VOLUME15,3,3,3,1.0,1,1.0,1.0,0.009989729443431149,0.053388621212957066,0.04339889176952592,0.007720093855751273,True,0.0298241312440095,1.0,1.0,stable_core,eligible_windows=3;selection_frequency=1.000;direction_agreement=1.000;direction_adjusted_validation_positive_ratio=1.000;worst_development_degradation=0.007720093855751273;upstream_fdr_pass=True
split_001,alpha360_VOLUME16,3,3,3,1.0,1,1.0,1.0,0.011034242760307567,0.05151610645243386,0.040721800916292045,0.007409500009647761,True,0.026182065357323,1.0,1.0,stable_core,eligible_windows=3;selection_frequency=1.000;direction_agreement=1.000;direction_adjusted_validation_positive_ratio=1.000;worst_development_degradation=0.007409500009647761;upstream_fdr_pass=True
split_001,alpha360_VOLUME17,3,3,3,1.0,1,1.0,1.0,0.01162509511634904,0.05249274446216566,0.04125171762820639,0.005956699098460316,True,0.0249584440455809,1.0,1.0,stable_core,eligible_windows=3;selection_frequency=1.000;direction_agreement=1.000;direction_adjusted_validation_positive_ratio=1.000;worst_development_degradation=0.005956699098460316;upstream_fdr_pass=True
split_001,alpha360_VOLUME18,3,3,3,1.0,1,1.0,1.0,0.01280345578560491,0.05869871871297886,0.046167517486142624,0.0018385089697329042,True,0.0122629663914067,1.0,1.0,stable_core,eligible_windows=3;selection_frequency=1.000;direction_agreement=1.000;direction_adjusted_validation_positive_ratio=1.000;worst_development_degradation=0.0018385089697329042;upstream_fdr_pass=True
split_001,alpha360_VOLUME19,3,3,3,1.0,1,1.0,1.0,0.0141255524041104,0.0616923617751098,0.04788358074005594,0.0036540706185390487,True,0.0160867578810686,1.0,1.0,stable_core,eligible_windows=3;selection_frequency=1.000;direction_agreement=1.000;direction_adjusted_validation_positive_ratio=1.000;worst_development_degradation=0.0036540706185390487;upstream_fdr_pass=True
split_001,alpha360_VOLUME2,3,3,0,0.0,1,1.0,0.3333333333333333,0.0018766185085148496,-0.004257094652191251,,,False,0.2976419991101883,1.0,1.0,holdout,eligible_windows=3;selection_frequency=0.000;direction_agreement=1.000;direction_adjusted_validation_positive_ratio=0.333;worst_development_degradation=nan;upstream_fdr_pass=False
split_001,alpha360_VOLUME20,3,3,3,1.0,1,1.0,1.0,0.014941771807634837,0.06266088493671577,0.04800950056971184,0.008631916703094367,True,0.0236700799200799,1.0,1.0,stable_core,eligible_windows=3;selection_frequency=1.000;direction_agreement=1.000;direction_adjusted_validation_positive_ratio=1.000;worst_development_degradation=0.008631916703094367;upstream_fdr_pass=True
split_001,alpha360_VOLUME21,3,3,3,1.0,1,1.0,1.0,0.015657554212237672,0.06266842585782088,0.04709536759847929,0.006080153480684594,True,0.0110337775432115,1.0,1.0,stable_core,eligible_windows=3;selection_frequency=1.000;direction_agreement=1.000;direction_adjusted_validation_positive_ratio=1.000;worst_development_degradation=0.006080153480684594;upstream_fdr_pass=True
split_001,alpha360_VOLUME22,3,3,3,1.0,1,1.0,1.0,0.016238146388781884,0.06352557507116106,0.04728742868237918,0.002026576181263253,True,0.0122629663914067,1.0,1.0,stable_core,eligible_windows=3;selection_frequency=1.000;direction_agreement=1.000;direction_adjusted_validation_positive_ratio=1.000;worst_development_degradation=0.002026576181263253;upstream_fdr_pass=True
split_001,alpha360_VOLUME23,3,3,3,1.0,1,1.0,1.0,0.017525136419928228,0.06545361693488369,0.04792848051495546,0.002981309213509361,True,0.0146886080952015,1.0,1.0,stable_core,eligible_windows=3;selection_frequency=1.000;direction_agreement=1.000;direction_adjusted_validation_positive_ratio=1.000;worst_development_degradation=0.002981309213509361;upstream_fdr_pass=True
split_001,alpha360_VOLUME24,3,3,3,1.0,1,1.0,1.0,0.018772387230556783,0.06928532323008046,0.05051293599952368,0.008005319876263278,True,0.0134865134865134,1.0,1.0,stable_core,eligible_windows=3;selection_frequency=1.000;direction_agreement=1.000;direction_adjusted_validation_positive_ratio=1.000;worst_development_degradation=0.008005319876263278;upstream_fdr_pass=True
split_001,alpha360_VOLUME25,3,3,3,1.0,1,1.0,1.0,0.020238342604025038,0.07196052341515306,0.05185448574901247,0.015387747238784305,True,0.0186444456830722,1.0,1.0,stable_core,eligible_windows=3;selection_frequency=1.000;direction_agreement=1.000;direction_adjusted_validation_positive_ratio=1.000;worst_development_degradation=0.015387747238784305;upstream_fdr_pass=True
split_001,alpha360_VOLUME26,3,3,3,1.0,1,1.0,1.0,0.021363497749583567,0.07536557036839124,0.05400207261880767,0.02037861358183432,True,0.0146886080952015,1.0,1.0,stable_core,eligible_windows=3;selection_frequency=1.000;direction_agreement=1.000;direction_adjusted_validation_positive_ratio=1.000;worst_development_degradation=0.02037861358183432;upstream_fdr_pass=True
split_001,alpha360_VOLUME27,3,3,3,1.0,1,1.0,1.0,0.02265643272402757,0.078732955459682,0.05607652273565442,0.026010679959499218,True,0.0134865134865134,1.0,1.0,stable_core,eligible_windows=3;selection_frequency=1.000;direction_agreement=1.000;direction_adjusted_validation_positive_ratio=1.000;worst_development_degradation=0.026010679959499218;upstream_fdr_pass=True
split_001,alpha360_VOLUME28,3,3,3,1.0,1,1.0,1.0,0.02449593105633266,0.08251321445361523,0.05801728339728257,0.03175873408070926,True,0.0134865134865134,1.0,1.0,stable_core,eligible_windows=3;selection_frequency=1.000;direction_agreement=1.000;direction_adjusted_validation_positive_ratio=1.000;worst_development_degradation=0.03175873408070926;upstream_fdr_pass=True
split_001,alpha360_VOLUME29,3,3,3,1.0,1,1.0,1.0,0.026067165554561324,0.08440690835094564,0.05833974279638431,0.03720277801071792,True,0.0083961264865787,1.0,1.0,stable_core,eligible_windows=3;selection_frequency=1.000;direction_agreement=1.000;direction_adjusted_validation_positive_ratio=1.000;worst_development_degradation=0.03720277801071792;upstream_fdr_pass=True
split_001,alpha360_VOLUME3,3,3,0,0.0,1,1.0,0.6666666666666666,0.002224165334308913,0.0020031266752268094,,,False,0.2400268594667276,1.0,1.0,holdout,eligible_windows=3;selection_frequency=0.000;direction_agreement=1.000;direction_adjusted_validation_positive_ratio=0.667;worst_development_degradation=nan;upstream_fdr_pass=False
split_001,alpha360_VOLUME30,3,3,3,1.0,1,1.0,1.0,0.0276091938728782,0.08556091979691441,0.057951725924036204,0.04236819979707061,True,0.0146886080952015,1.0,1.0,stable_core,eligible_windows=3;selection_frequency=1.000;direction_agreement=1.000;direction_adjusted_validation_positive_ratio=1.000;worst_development_degradation=0.04236819979707061;upstream_fdr_pass=True
split_001,alpha360_VOLUME31,3,3,3,1.0,1,1.0,1.0,0.028113728016115138,0.08659442857212286,0.05848070055600772,0.048267212123084456,True,0.0097094189103874,1.0,1.0,stable_core,eligible_windows=3;selection_frequency=1.000;direction_agreement=1.000;direction_adjusted_validation_positive_ratio=1.000;worst_development_degradation=0.048267212123084456;upstream_fdr_pass=True
split_001,alpha360_VOLUME32,3,3,3,1.0,1,1.0,1.0,0.029215393279700082,0.08942068609026264,0.06020529281056256,0.0507107420886494,True,0.0097094189103874,1.0,1.0,stable_core,eligible_windows=3;selection_frequency=1.000;direction_agreement=1.000;direction_adjusted_validation_positive_ratio=1.000;worst_development_degradation=0.0507107420886494;upstream_fdr_pass=True
split_001,alpha360_VOLUME33,3,3,3,1.0,1,1.0,1.0,0.030837014248958964,0.0955893198248596,0.06475230557590064,0.05277537370202309,True,0.0083961264865787,1.0,1.0,stable_core,eligible_windows=3;selection_frequency=1.000;direction_agreement=1.000;direction_adjusted_validation_positive_ratio=1.000;worst_development_degradation=0.05277537370202309;upstream_fdr_pass=True
split_001,alpha360_VOLUME34,3,3,3,1.0,1,1.0,1.0,0.03199482560047861,0.09886130744489637,0.06686648184441776,0.05282926798583518,True,0.0070536323834476,1.0,1.0,stable_core,eligible_windows=3;selection_frequency=1.000;direction_agreement=1.000;direction_adjusted_validation_positive_ratio=1.000;worst_development_degradation=0.05282926798583518;upstream_fdr_pass=True
split_001,alpha360_VOLUME35,3,3,3,1.0,1,1.0,1.0,0.03307516162169336,0.10000215448004805,0.06692699285835468,0.053378935510041844,True,0.0110337775432115,1.0,1.0,stable_core,eligible_windows=3;selection_frequency=1.000;direction_agreement=1.000;direction_adjusted_validation_positive_ratio=1.000;worst_development_degradation=0.053378935510041844;upstream_fdr_pass=True
split_001,alpha360_VOLUME36,3,3,3,1.0,1,1.0,1.0,0.03401420705924415,0.10326748734071856,0.0692532802814744,0.05029513879817399,True,0.0110337775432115,1.0,1.0,stable_core,eligible_windows=3;selection_frequency=1.000;direction_agreement=1.000;direction_adjusted_validation_positive_ratio=1.000;worst_development_degradation=0.05029513879817399;upstream_fdr_pass=True
split_001,alpha360_VOLUME37,3,3,3,1.0,1,1.0,1.0,0.035826810903310545,0.10399077525445277,0.06816396435114222,0.04797069700077178,True,0.0043398160281277,1.0,1.0,stable_core,eligible_windows=3;selection_frequency=1.000;direction_agreement=1.000;direction_adjusted_validation_positive_ratio=1.000;worst_development_degradation=0.04797069700077178;upstream_fdr_pass=True
split_001,alpha360_VOLUME38,3,3,3,1.0,1,1.0,1.0,0.037697896491828586,0.10608377237021134,0.06838587587838275,0.04478034923901842,True,0.0083961264865787,1.0,1.0,stable_core,eligible_windows=3;selection_frequency=1.000;direction_agreement=1.000;direction_adjusted_validation_positive_ratio=1.000;worst_development_degradation=0.04478034923901842;upstream_fdr_pass=True
split_001,alpha360_VOLUME39,3,3,3,1.0,1,1.0,1.0,0.038940602681534896,0.10924669953279116,0.07030609685125627,0.038802550830507376,True,0.0083961264865787,1.0,1.0,stable_core,eligible_windows=3;selection_frequency=1.000;direction_agreement=1.000;direction_adjusted_validation_positive_ratio=1.000;worst_development_degradation=0.038802550830507376;upstream_fdr_pass=True
split_001,alpha360_VOLUME4,3,3,0,0.0,1,1.0,0.6666666666666666,0.0029168388125700366,0.005619445859288412,,,False,0.1963011521585375,1.0,1.0,holdout,eligible_windows=3;selection_frequency=0.000;direction_agreement=1.000;direction_adjusted_validation_positive_ratio=0.667;worst_development_degradation=nan;upstream_fdr_pass=False
split_001,alpha360_VOLUME40,3,3,3,1.0,1,1.0,1.0,0.0409916356238282,0.11301162747630855,0.07201999185248034,0.03178761192080585,True,0.0030657415978516,1.0,1.0,stable_core,eligible_windows=3;selection_frequency=1.000;direction_agreement=1.000;direction_adjusted_validation_positive_ratio=1.000;worst_development_degradation=0.03178761192080585;upstream_fdr_pass=True
split_001,alpha360_VOLUME41,3,3,3,1.0,1,1.0,1.0,0.041476360077876105,0.1146171343667209,0.0731407742888448,0.030071649784189497,True,0.0030657415978516,1.0,1.0,stable_core,eligible_windows=3;selection_frequency=1.000;direction_agreement=1.000;direction_adjusted_validation_positive_ratio=1.000;worst_development_degradation=0.030071649784189497;upstream_fdr_pass=True
split_001,alpha360_VOLUME42,3,3,3,1.0,1,1.0,1.0,0.042668174238754845,0.117525715742157,0.07485754150340215,0.024432146794793705,True,0.0043398160281277,1.0,1.0,stable_core,eligible_windows=3;selection_frequency=1.000;direction_agreement=1.000;direction_adjusted_validation_positive_ratio=1.000;worst_development_degradation=0.024432146794793705;upstream_fdr_pass=True
split_001,alpha360_VOLUME43,3,3,3,1.0,1,1.0,1.0,0.043548735248979537,0.11983987100277711,0.07629113575379758,0.020463388437783753,True,0.0030657415978516,1.0,1.0,stable_core,eligible_windows=3;selection_frequency=1.000;direction_agreement=1.000;direction_adjusted_validation_positive_ratio=1.000;worst_development_degradation=0.020463388437783753;upstream_fdr_pass=True
split_001,alpha360_VOLUME44,3,3,3,1.0,1,1.0,1.0,0.04387269978522577,0.12329015407900885,0.07941745429378308,0.0187871925668687,True,0.0030657415978516,1.0,1.0,stable_core,eligible_windows=3;selection_frequency=1.000;direction_agreement=1.000;direction_adjusted_validation_positive_ratio=1.000;worst_development_degradation=0.0187871925668687;upstream_fdr_pass=True
split_001,alpha360_VOLUME45,3,3,3,1.0,1,1.0,1.0,0.043985162662527194,0.12546289422146345,0.08147773155893626,0.016973448746753154,True,0.0030657415978516,1.0,1.0,stable_core,eligible_windows=3;selection_frequency=1.000;direction_agreement=1.000;direction_adjusted_validation_positive_ratio=1.000;worst_development_degradation=0.016973448746753154;upstream_fdr_pass=True
split_001,alpha360_VOLUME46,3,3,3,1.0,1,1.0,1.0,0.04426446971135202,0.12859193262904428,0.08469946121776435,0.013920862410956233,True,0.0043398160281277,1.0,1.0,stable_core,eligible_windows=3;selection_frequency=1.000;direction_agreement=1.000;direction_adjusted_validation_positive_ratio=1.000;worst_development_degradation=0.013920862410956233;upstream_fdr_pass=True
split_001,alpha360_VOLUME47,3,3,3,1.0,1,1.0,1.0,0.0455174384783186,0.12817478592266907,0.08433628637092708,0.011615999965584663,True,0.0030657415978516,1.0,1.0,stable_core,eligible_windows=3;selection_frequency=1.000;direction_agreement=1.000;direction_adjusted_validation_positive_ratio=1.000;worst_development_degradation=0.011615999965584663;upstream_fdr_pass=True
split_001,alpha360_VOLUME48,3,3,3,1.0,1,1.0,1.0,0.04570392370008029,0.1285922413571835,0.08561199166952252,0.009040243069091965,True,0.0030657415978516,1.0,1.0,stable_core,eligible_windows=3;selection_frequency=1.000;direction_agreement=1.000;direction_adjusted_validation_positive_ratio=1.000;worst_development_degradation=0.009040243069091965;upstream_fdr_pass=True
split_001,alpha360_VOLUME49,3,3,3,1.0,1,1.0,1.0,0.046028125244196416,0.12973536064957028,0.08720022772514158,0.005939617370889785,True,0.0070536323834476,1.0,1.0,stable_core,eligible_windows=3;selection_frequency=1.000;direction_agreement=1.000;direction_adjusted_validation_positive_ratio=1.000;worst_development_degradation=0.005939617370889785;upstream_fdr_pass=True
split_001,alpha360_VOLUME5,3,3,0,0.0,1,1.0,0.6666666666666666,0.0024028623240706913,0.006695184226380305,,,False,0.27325876094349,1.0,1.0,holdout,eligible_windows=3;selection_frequency=0.000;direction_agreement=1.000;direction_adjusted_validation_positive_ratio=0.667;worst_development_degradation=nan;upstream_fdr_pass=False
split_001,alpha360_VOLUME50,3,3,3,1.0,1,1.0,1.0,0.04579479570575016,0.13275600753964428,0.0917833060089446,0.0020597978301018366,True,0.0030657415978516,1.0,1.0,stable_core,eligible_windows=3;selection_frequency=1.000;direction_agreement=1.000;direction_adjusted_validation_positive_ratio=1.000;worst_development_degradation=0.0020597978301018366;upstream_fdr_pass=True
split_001,alpha360_VOLUME51,3,3,3,1.0,1,1.0,1.0,0.04638625185457018,0.13589090551966873,0.09029018407388867,0.0018026365724312515,True,0.0043398160281277,1.0,1.0,stable_core,eligible_windows=3;selection_frequency=1.000;direction_agreement=1.000;direction_adjusted_validation_positive_ratio=1.000;worst_development_degradation=0.0018026365724312515;upstream_fdr_pass=True
split_001,alpha360_VOLUME52,3,3,3,1.0,1,1.0,1.0,0.04682224737517947,0.13292229428413788,0.08610004690895841,-0.0017609409339235244,True,0.0030657415978516,1.0,1.0,stable_core,eligible_windows=3;selection_frequency=1.000;direction_agreement=1.000;direction_adjusted_validation_positive_ratio=1.000;worst_development_degradation=-0.0017609409339235244;upstream_fdr_pass=True
split_001,alpha360_VOLUME53,3,3,3,1.0,1,1.0,1.0,0.04811048548806745,0.1277343364266721,0.07962385093860463,-0.007842334583205941,True,0.0030657415978516,1.0,1.0,stable_core,eligible_windows=3;selection_frequency=1.000;direction_agreement=1.000;direction_adjusted_validation_positive_ratio=1.000;worst_development_degradation=-0.007842334583205941;upstream_fdr_pass=True
split_001,alpha360_VOLUME54,3,3,3,1.0,1,1.0,1.0,0.04828250938022471,0.12280685139426509,0.07417904080724128,-0.013195384143100099,True,0.0030657415978516,1.0,1.0,stable_core,eligible_windows=3;selection_frequency=1.000;direction_agreement=1.000;direction_adjusted_validation_positive_ratio=1.000;worst_development_degradation=-0.013195384143100099;upstream_fdr_pass=True
split_001,alpha360_VOLUME55,3,3,3,1.0,1,1.0,1.0,0.04832765965286415,0.1172788194636881,0.06769042194950559,-0.019133317948092587,True,0.0030657415978516,1.0,1.0,stable_core,eligible_windows=3;selection_frequency=1.000;direction_agreement=1.000;direction_adjusted_validation_positive_ratio=1.000;worst_development_degradation=-0.019133317948092587;upstream_fdr_pass=True
split_001,alpha360_VOLUME56,3,3,3,1.0,1,1.0,1.0,0.04792777555765371,0.11104012739598504,0.06067337662715384,-0.021194981465307523,True,0.0056320084409972,1.0,1.0,stable_core,eligible_windows=3;selection_frequency=1.000;direction_agreement=1.000;direction_adjusted_validation_positive_ratio=1.000;worst_development_degradation=-0.021194981465307523;upstream_fdr_pass=True
split_001,alpha360_VOLUME57,3,3,3,1.0,1,1.0,1.0,0.04817744911727579,0.10639891448727952,0.055401314825505414,-0.0210554700238669,True,0.0043398160281277,1.0,1.0,stable_core,eligible_windows=3;selection_frequency=1.000;direction_agreement=1.000;direction_adjusted_validation_positive_ratio=1.000;worst_development_degradation=-0.0210554700238669;upstream_fdr_pass=True
split_001,alpha360_VOLUME58,3,3,3,1.0,1,1.0,1.0,0.048228977518769624,0.10263166551231664,0.05157122457270977,-0.020043868557481248,True,0.0056320084409972,1.0,1.0,stable_core,eligible_windows=3;selection_frequency=1.000;direction_agreement=1.000;direction_adjusted_validation_positive_ratio=1.000;worst_development_degradation=-0.020043868557481248;upstream_fdr_pass=True
split_001,alpha360_VOLUME59,3,3,3,1.0,1,1.0,1.0,0.04850955408571137,0.0998378913002388,0.048311010595383126,-0.022574685637920255,True,0.0030657415978516,1.0,1.0,stable_core,eligible_windows=3;selection_frequency=1.000;direction_agreement=1.000;direction_adjusted_validation_positive_ratio=1.000;worst_development_degradation=-0.022574685637920255;upstream_fdr_pass=True
split_001,alpha360_VOLUME6,3,3,0,0.0,1,1.0,0.6666666666666666,0.0030711631428680364,0.015138206363100292,,,False,0.2352969344704882,1.0,1.0,holdout,eligible_windows=3;selection_frequency=0.000;direction_agreement=1.000;direction_adjusted_validation_positive_ratio=0.667;worst_development_degradation=nan;upstream_fdr_pass=False
split_001,alpha360_VOLUME7,3,3,0,0.0,1,1.0,0.6666666666666666,0.0034484919126309267,0.01581024324040519,,,False,0.2164861716356733,1.0,1.0,holdout,eligible_windows=3;selection_frequency=0.000;direction_agreement=1.000;direction_adjusted_validation_positive_ratio=0.667;worst_development_degradation=nan;upstream_fdr_pass=False
split_001,alpha360_VOLUME8,3,3,0,0.0,1,1.0,1.0,0.00286210716757293,0.012255532065834506,,,False,0.1950251114073639,1.0,1.0,holdout,eligible_windows=3;selection_frequency=0.000;direction_agreement=1.000;direction_adjusted_validation_positive_ratio=1.000;worst_development_degradation=nan;upstream_fdr_pass=False
split_001,alpha360_VOLUME9,3,3,0,0.0,1,1.0,1.0,0.002660293063082562,0.019953724329663976,,,False,0.1758154737248813,1.0,1.0,holdout,eligible_windows=3;selection_frequency=0.000;direction_agreement=1.000;direction_adjusted_validation_positive_ratio=1.000;worst_development_degradation=nan;upstream_fdr_pass=False
split_001,alpha360_VWAP0,3,3,0,0.0,1,1.0,0.6666666666666666,0.007379963865133874,0.009470593010342376,,,False,0.1786858974358974,1.0,1.0,holdout,eligible_windows=3;selection_frequency=0.000;direction_agreement=1.000;direction_adjusted_validation_positive_ratio=0.667;worst_development_degradation=nan;upstream_fdr_pass=False
split_001,alpha360_VWAP1,3,3,0,0.0,1,1.0,0.6666666666666666,0.008104559495609653,0.026008002639376644,,,False,0.0616727904863498,1.0,1.0,holdout,eligible_windows=3;selection_frequency=0.000;direction_agreement=1.000;direction_adjusted_validation_positive_ratio=0.667;worst_development_degradation=nan;upstream_fdr_pass=False
split_001,alpha360_VWAP10,3,3,3,1.0,1,1.0,1.0,0.03346764992785068,0.09751994873734685,0.06405229880949617,0.039342727122431996,True,0.0097094189103874,1.0,1.0,stable_core,eligible_windows=3;selection_frequency=1.000;direction_agreement=1.000;direction_adjusted_validation_positive_ratio=1.000;worst_development_degradation=0.039342727122431996;upstream_fdr_pass=True
split_001,alpha360_VWAP11,3,3,3,1.0,1,1.0,1.0,0.036687850659926025,0.10805863580574078,0.07137078514581476,0.038129535947489766,True,0.0097094189103874,1.0,1.0,stable_core,eligible_windows=3;selection_frequency=1.000;direction_agreement=1.000;direction_adjusted_validation_positive_ratio=1.000;worst_development_degradation=0.038129535947489766;upstream_fdr_pass=True
split_001,alpha360_VWAP12,3,3,3,1.0,1,1.0,1.0,0.03930811872173479,0.117207883054712,0.07789976433297721,0.030634286282256423,True,0.0070536323834476,1.0,1.0,stable_core,eligible_windows=3;selection_frequency=1.000;direction_agreement=1.000;direction_adjusted_validation_positive_ratio=1.000;worst_development_degradation=0.030634286282256423;upstream_fdr_pass=True
split_001,alpha360_VWAP13,3,3,3,1.0,1,1.0,1.0,0.04140391159357467,0.12283295809293664,0.08142904649936197,0.029500558747353973,True,0.0056320084409972,1.0,1.0,stable_core,eligible_windows=3;selection_frequency=1.000;direction_agreement=1.000;direction_adjusted_validation_positive_ratio=1.000;worst_development_degradation=0.029500558747353973;upstream_fdr_pass=True
split_001,alpha360_VWAP14,3,3,3,1.0,1,1.0,1.0,0.043789974334667366,0.12621051681640105,0.0824205424817337,0.03563601239420731,True,0.0070536323834476,1.0,1.0,stable_core,eligible_windows=3;selection_frequency=1.000;direction_agreement=1.000;direction_adjusted_validation_positive_ratio=1.000;worst_development_degradation=0.03563601239420731;upstream_fdr_pass=True
split_001,alpha360_VWAP15,3,3,3,1.0,1,1.0,1.0,0.046162685062793314,0.12851703659354166,0.08235435153074835,0.04284510053173534,True,0.0083961264865787,1.0,1.0,stable_core,eligible_windows=3;selection_frequency=1.000;direction_agreement=1.000;direction_adjusted_validation_positive_ratio=1.000;worst_development_degradation=0.04284510053173534;upstream_fdr_pass=True
split_001,alpha360_VWAP16,3,3,3,1.0,1,1.0,1.0,0.048402015009884815,0.13144810579948246,0.08304609078959765,0.04944254072071558,True,0.0070536323834476,1.0,1.0,stable_core,eligible_windows=3;selection_frequency=1.000;direction_agreement=1.000;direction_adjusted_validation_positive_ratio=1.000;worst_development_degradation=0.04944254072071558;upstream_fdr_pass=True
split_001,alpha360_VWAP17,3,3,3,1.0,1,1.0,1.0,0.05071829952436352,0.13526827588523166,0.08454997636086814,0.05640807452925188,True,0.0070536323834476,1.0,1.0,stable_core,eligible_windows=3;selection_frequency=1.000;direction_agreement=1.000;direction_adjusted_validation_positive_ratio=1.000;worst_development_degradation=0.05640807452925188;upstream_fdr_pass=True
split_001,alpha360_VWAP18,3,3,3,1.0,1,1.0,1.0,0.05343737704108534,0.13850696985801064,0.0850695928169253,0.06116563041540185,True,0.0030657415978516,1.0,1.0,stable_core,eligible_windows=3;selection_frequency=1.000;direction_agreement=1.000;direction_adjusted_validation_positive_ratio=1.000;worst_development_degradation=0.06116563041540185;upstream_fdr_pass=True
split_001,alpha360_VWAP19,3,3,3,1.0,1,1.0,1.0,0.05611707847785063,0.14310812688187208,0.08699104840402144,0.06549365923350471,True,0.0056320084409972,1.0,1.0,stable_core,eligible_windows=3;selection_frequency=1.000;direction_agreement=1.000;direction_adjusted_validation_positive_ratio=1.000;worst_development_degradation=0.06549365923350471;upstream_fdr_pass=True
split_001,alpha360_VWAP2,3,3,2,0.6666666666666666,1,1.0,0.6666666666666666,0.01092117628171556,0.03485133251732707,0.024947678690151853,0.018686588805211308,True,0.0477379763094048,1.0,1.0,stable_core,eligible_windows=3;selection_frequency=0.667;direction_agreement=1.000;direction_adjusted_validation_positive_ratio=0.667;worst_development_degradation=0.018686588805211308;upstream_fdr_pass=True
split_001,alpha360_VWAP20,3,3,3,1.0,1,1.0,1.0,0.05852402911086223,0.1460621856609992,0.08753815655013698,0.0669958324743187,True,0.0043398160281277,1.0,1.0,stable_core,eligible_windows=3;selection_frequency=1.000;direction_agreement=1.000;direction_adjusted_validation_positive_ratio=1.000;worst_development_degradation=0.0669958324743187;upstream_fdr_pass=True
split_001,alpha360_VWAP21,3,3,3,1.0,1,1.0,1.0,0.0612278125023449,0.14869297086530545,0.08746515836296054,0.06317261791565362,True,0.0030657415978516,1.0,1.0,stable_core,eligible_windows=3;selection_frequency=1.000;direction_agreement=1.000;direction_adjusted_validation_positive_ratio=1.000;worst_development_degradation=0.06317261791565362;upstream_fdr_pass=True
split_001,alpha360_VWAP22,3,3,3,1.0,1,1.0,1.0,0.06418381114235684,0.15322892803931737,0.08904511689696053,0.05373759193055859,True,0.0043398160281277,1.0,1.0,stable_core,eligible_windows=3;selection_frequency=1.000;direction_agreement=1.000;direction_adjusted_validation_positive_ratio=1.000;worst_development_degradation=0.05373759193055859;upstream_fdr_pass=True
split_001,alpha360_VWAP23,3,3,3,1.0,1,1.0,1.0,0.06714312941696088,0.1569621290721388,0.08981899965517792,0.04354146051113168,True,0.0056320084409972,1.0,1.0,stable_core,eligible_windows=3;selection_frequency=1.000;direction_agreement=1.000;direction_adjusted_validation_positive_ratio=1.000;worst_development_degradation=0.04354146051113168;upstream_fdr_pass=True
split_001,alpha360_VWAP24,3,3,3,1.0,1,1.0,1.0,0.07013124811720502,0.16166512912760017,0.09153388101039515,0.032659867978566515,True,0.0030657415978516,1.0,1.0,stable_core,eligible_windows=3;selection_frequency=1.000;direction_agreement=1.000;direction_adjusted_validation_positive_ratio=1.000;worst_development_degradation=0.032659867978566515;upstream_fdr_pass=True
split_001,alpha360_VWAP25,3,3,3,1.0,1,1.0,1.0,0.07301591422951141,0.16639981965212436,0.09338390542261295,0.02160113081292525,True,0.0030657415978516,1.0,1.0,stable_core,eligible_windows=3;selection_frequency=1.000;direction_agreement=1.000;direction_adjusted_validation_positive_ratio=1.000;worst_development_degradation=0.02160113081292525;upstream_fdr_pass=True
split_001,alpha360_VWAP26,3,3,3,1.0,1,1.0,1.0,0.07530888837843629,0.1722700755587966,0.0969611871803603,0.009605338295887222,True,0.0030657415978516,1.0,1.0,stable_core,eligible_windows=3;selection_frequency=1.000;direction_agreement=1.000;direction_adjusted_validation_positive_ratio=1.000;worst_development_degradation=0.009605338295887222;upstream_fdr_pass=True
split_001,alpha360_VWAP27,3,3,3,1.0,1,1.0,1.0,0.07755146367315345,0.17752255791882537,0.09997109424567192,-0.00214754909505685,True,0.0043398160281277,1.0,1.0,stable_core,eligible_windows=3;selection_frequency=1.000;direction_agreement=1.000;direction_adjusted_validation_positive_ratio=1.000;worst_development_degradation=-0.00214754909505685;upstream_fdr_pass=True
split_001,alpha360_VWAP28,3,3,3,1.0,1,1.0,1.0,0.07959893164521241,0.17994460725747968,0.10034567561226727,-0.011772053152154266,True,0.0030657415978516,1.0,1.0,stable_core,eligible_windows=3;selection_frequency=1.000;direction_agreement=1.000;direction_adjusted_validation_positive_ratio=1.000;worst_development_degradation=-0.011772053152154266;upstream_fdr_pass=True
split_001,alpha360_VWAP29,3,3,3,1.0,1,1.0,1.0,0.08163753080291791,0.18185082830857852,0.1002132975056606,-0.022829530334420506,True,0.0030657415978516,1.0,1.0,stable_core,eligible_windows=3;selection_frequency=1.000;direction_agreement=1.000;direction_adjusted_validation_positive_ratio=1.000;worst_development_degradation=-0.022829530334420506;upstream_fdr_pass=True
split_001,alpha360_VWAP3,3,3,2,0.6666666666666666,1,1.0,1.0,0.013890261335858882,0.05009727152217101,0.03698006383933297,0.030033883171107723,True,0.046537601663327,1.0,1.0,stable_core,eligible_windows=3;selection_frequency=0.667;direction_agreement=1.000;direction_adjusted_validation_positive_ratio=1.000;worst_development_degradation=0.030033883171107723;upstream_fdr_pass=True
split_001,alpha360_VWAP30,3,3,3,1.0,1,1.0,1.0,0.08344442231482442,0.183817690764432,0.10037326844960757,-0.03386570286086898,True,0.0030657415978516,1.0,1.0,conditional_signal,eligible_windows=3;selection_frequency=1.000;direction_agreement=1.000;direction_adjusted_validation_positive_ratio=1.000;worst_development_degradation=-0.03386570286086898;upstream_fdr_pass=True
split_001,alpha360_VWAP31,3,3,3,1.0,1,1.0,1.0,0.08506778130154573,0.18484258032014664,0.09977479901860091,-0.043449661534636176,True,0.0030657415978516,1.0,1.0,conditional_signal,eligible_windows=3;selection_frequency=1.000;direction_agreement=1.000;direction_adjusted_validation_positive_ratio=1.000;worst_development_degradation=-0.043449661534636176;upstream_fdr_pass=True
split_001,alpha360_VWAP32,3,3,3,1.0,1,1.0,1.0,0.08632694286904398,0.19006679143348432,0.10373984856444034,-0.05448770632100609,True,0.0043398160281277,1.0,1.0,conditional_signal,eligible_windows=3;selection_frequency=1.000;direction_agreement=1.000;direction_adjusted_validation_positive_ratio=1.000;worst_development_degradation=-0.05448770632100609;upstream_fdr_pass=True
split_001,alpha360_VWAP33,3,3,3,1.0,1,1.0,1.0,0.08709773737683119,0.19600065965749008,0.1089029222806589,-0.06629996141547798,True,0.0043398160281277,1.0,1.0,conditional_signal,eligible_windows=3;selection_frequency=1.000;direction_agreement=1.000;direction_adjusted_validation_positive_ratio=1.000;worst_development_degradation=-0.06629996141547798;upstream_fdr_pass=True
split_001,alpha360_VWAP34,3,3,2,0.6666666666666666,1,1.0,1.0,0.08786456407500098,0.19875668054136353,0.12518955123984415,0.11089211646636254,True,0.0030657415978516,1.0,1.0,stable_core,eligible_windows=3;selection_frequency=0.667;direction_agreement=1.000;direction_adjusted_validation_positive_ratio=1.000;worst_development_degradation=0.11089211646636254;upstream_fdr_pass=True
split_001,alpha360_VWAP35,3,3,2,0.6666666666666666,1,1.0,0.6666666666666666,0.08857095186296121,0.19996055392913298,0.12517303616463946,0.11138960206617177,True,0.0030657415978516,1.0,1.0,stable_core,eligible_windows=3;selection_frequency=0.667;direction_agreement=1.000;direction_adjusted_validation_positive_ratio=0.667;worst_development_degradation=0.11138960206617177;upstream_fdr_pass=True
split_001,alpha360_VWAP36,3,3,2,0.6666666666666666,1,1.0,0.6666666666666666,0.08926586792924912,0.20029852069259763,0.12393411342097922,0.1110326527633485,True,0.0030657415978516,1.0,1.0,stable_core,eligible_windows=3;selection_frequency=0.667;direction_agreement=1.000;direction_adjusted_validation_positive_ratio=0.667;worst_development_degradation=0.1110326527633485;upstream_fdr_pass=True
split_001,alpha360_VWAP37,3,3,2,0.6666666666666666,1,1.0,0.6666666666666666,0.0897642022598903,0.20020685910518993,0.12184574864205969,0.11044265684529962,True,0.0030657415978516,1.0,1.0,stable_core,eligible_windows=3;selection_frequency=0.667;direction_agreement=1.000;direction_adjusted_validation_positive_ratio=0.667;worst_development_degradation=0.11044265684529962;upstream_fdr_pass=True
split_001,alpha360_VWAP38,3,3,2,0.6666666666666666,1,1.0,0.6666666666666666,0.08999464295543103,0.201063192104941,0.12007896991543116,0.11106854914950998,True,0.0030657415978516,1.0,1.0,stable_core,eligible_windows=3;selection_frequency=0.667;direction_agreement=1.000;direction_adjusted_validation_positive_ratio=0.667;worst_development_degradation=0.11106854914950998;upstream_fdr_pass=True
split_001,alpha360_VWAP39,3,3,2,0.6666666666666666,1,1.0,0.6666666666666666,0.09013774333030886,0.20269171249033086,0.11780017447811973,0.11260924668866995,True,0.0030657415978516,1.0,1.0,stable_core,eligible_windows=3;selection_frequency=0.667;direction_agreement=1.000;direction_adjusted_validation_positive_ratio=0.667;worst_development_degradation=0.11260924668866995;upstream_fdr_pass=True
split_001,alpha360_VWAP4,3,3,3,1.0,1,1.0,1.0,0.01657693152573442,0.06336410914341398,0.040194467592738134,0.003981800382137243,True,0.0380778357202718,1.0,1.0,stable_core,eligible_windows=3;selection_frequency=1.000;direction_agreement=1.000;direction_adjusted_validation_positive_ratio=1.000;worst_development_degradation=0.003981800382137243;upstream_fdr_pass=True
split_001,alpha360_VWAP40,3,3,2,0.6666666666666666,1,1.0,0.6666666666666666,0.0900472819193385,0.20327537983812452,0.11510182195636177,0.11322809791878602,True,0.0043398160281277,1.0,1.0,stable_core,eligible_windows=3;selection_frequency=0.667;direction_agreement=1.000;direction_adjusted_validation_positive_ratio=0.667;worst_development_degradation=0.11322809791878602;upstream_fdr_pass=True
split_001,alpha360_VWAP41,3,3,2,0.6666666666666666,1,1.0,0.6666666666666666,0.08946894735338119,0.2010159957384868,0.11111395765334903,0.10884680970768996,True,0.0030657415978516,1.0,1.0,stable_core,eligible_windows=3;selection_frequency=0.667;direction_agreement=1.000;direction_adjusted_validation_positive_ratio=0.667;worst_development_degradation=0.10884680970768996;upstream_fdr_pass=True
split_001,alpha360_VWAP42,3,3,2,0.6666666666666666,1,1.0,0.6666666666666666,0.08849694846129025,0.19285257675957848,0.10695400131892238,0.10047035522055343,True,0.0030657415978516,1.0,1.0,stable_core,eligible_windows=3;selection_frequency=0.667;direction_agreement=1.000;direction_adjusted_validation_positive_ratio=0.667;worst_development_degradation=0.10047035522055343;upstream_fdr_pass=True
split_001,alpha360_VWAP43,3,3,2,0.6666666666666666,1,1.0,0.6666666666666666,0.08737280659072234,0.1847227999791759,0.10383265774477982,0.09249239354718267,True,0.0030657415978516,1.0,1.0,stable_core,eligible_windows=3;selection_frequency=0.667;direction_agreement=1.000;direction_adjusted_validation_positive_ratio=0.667;worst_development_degradation=0.09249239354718267;upstream_fdr_pass=True
split_001,alpha360_VWAP44,3,3,2,0.6666666666666666,1,1.0,0.6666666666666666,0.08594243674917368,0.1749936987325222,0.10110383391551177,0.08312915449938403,True,0.0030657415978516,1.0,1.0,stable_core,eligible_windows=3;selection_frequency=0.667;direction_agreement=1.000;direction_adjusted_validation_positive_ratio=0.667;worst_development_degradation=0.08312915449938403;upstream_fdr_pass=True
split_001,alpha360_VWAP45,3,3,2,0.6666666666666666,1,1.0,0.6666666666666666,0.08453907432610537,0.1648602037377589,0.09802135301748297,0.07352683878405589,True,0.0030657415978516,1.0,1.0,stable_core,eligible_windows=3;selection_frequency=0.667;direction_agreement=1.000;direction_adjusted_validation_positive_ratio=0.667;worst_development_degradation=0.07352683878405589;upstream_fdr_pass=True
split_001,alpha360_VWAP46,3,3,2,0.6666666666666666,1,1.0,0.6666666666666666,0.08302802189818205,0.15699682531956083,0.09560242764591645,0.06620529651656298,True,0.0030657415978516,1.0,1.0,stable_core,eligible_windows=3;selection_frequency=0.667;direction_agreement=1.000;direction_adjusted_validation_positive_ratio=0.667;worst_development_degradation=0.06620529651656298;upstream_fdr_pass=True
split_001,alpha360_VWAP47,3,3,2,0.6666666666666666,1,1.0,0.6666666666666666,0.08151063057048692,0.14856635228146822,0.09219246815828797,0.05815234939676582,True,0.0030657415978516,1.0,1.0,stable_core,eligible_windows=3;selection_frequency=0.667;direction_agreement=1.000;direction_adjusted_validation_positive_ratio=0.667;worst_development_degradation=0.05815234939676582;upstream_fdr_pass=True
split_001,alpha360_VWAP48,3,3,2,0.6666666666666666,1,1.0,0.6666666666666666,0.08011671877754878,0.139076050951304,0.08882429919296156,0.04898135808839246,True,0.0030657415978516,1.0,1.0,stable_core,eligible_windows=3;selection_frequency=0.667;direction_agreement=1.000;direction_adjusted_validation_positive_ratio=0.667;worst_development_degradation=0.04898135808839246;upstream_fdr_pass=True
split_001,alpha360_VWAP49,3,3,2,0.6666666666666666,1,1.0,0.6666666666666666,0.07904428158323541,0.12921685587410284,0.08593524301232222,0.03950495055192388,True,0.0030657415978516,1.0,1.0,stable_core,eligible_windows=3;selection_frequency=0.667;direction_agreement=1.000;direction_adjusted_validation_positive_ratio=0.667;worst_development_degradation=0.03950495055192388;upstream_fdr_pass=True
split_001,alpha360_VWAP5,3,3,3,1.0,1,1.0,1.0,0.018145985431826727,0.07264883454078405,0.046756523670895424,0.017103772609425933,True,0.0310537946901583,1.0,1.0,stable_core,eligible_windows=3;selection_frequency=1.000;direction_agreement=1.000;direction_adjusted_validation_positive_ratio=1.000;worst_development_degradation=0.017103772609425933;upstream_fdr_pass=True
split_001,alpha360_VWAP50,3,3,2,0.6666666666666666,1,1.0,0.6666666666666666,0.07829645419594965,0.12310949261386453,0.08522839185025205,0.03387474140790481,True,0.0030657415978516,1.0,1.0,stable_core,eligible_windows=3;selection_frequency=0.667;direction_agreement=1.000;direction_adjusted_validation_positive_ratio=0.667;worst_development_degradation=0.03387474140790481;upstream_fdr_pass=True
split_001,alpha360_VWAP51,3,3,2,0.6666666666666666,1,1.0,0.6666666666666666,0.07769649417251838,0.11548813396965288,0.08297040122657554,0.026532467816014038,True,0.0030657415978516,1.0,1.0,stable_core,eligible_windows=3;selection_frequency=0.667;direction_agreement=1.000;direction_adjusted_validation_positive_ratio=0.667;worst_development_degradation=0.026532467816014038;upstream_fdr_pass=True
split_001,alpha360_VWAP52,3,3,2,0.6666666666666666,1,1.0,0.6666666666666666,0.0769097443805634,0.11088057829091251,0.08045921248758875,0.02203996715367583,True,0.0030657415978516,1.0,1.0,stable_core,eligible_windows=3;selection_frequency=0.667;direction_agreement=1.000;direction_adjusted_validation_positive_ratio=0.667;worst_development_degradation=0.02203996715367583;upstream_fdr_pass=True
split_001,alpha360_VWAP53,3,3,2,0.6666666666666666,1,1.0,0.6666666666666666,0.07598408195632589,0.10616776185623766,0.07675184799588847,0.017225034608044434,True,0.0056320084409972,1.0,1.0,stable_core,eligible_windows=3;selection_frequency=0.667;direction_agreement=1.000;direction_adjusted_validation_positive_ratio=0.667;worst_development_degradation=0.017225034608044434;upstream_fdr_pass=True
split_001,alpha360_VWAP54,3,3,2,0.6666666666666666,1,1.0,0.6666666666666666,0.07525103909118225,0.09935341330665948,0.07190315197871876,0.01007142264509564,True,0.0043398160281277,1.0,1.0,stable_core,eligible_windows=3;selection_frequency=0.667;direction_agreement=1.000;direction_adjusted_validation_positive_ratio=0.667;worst_development_degradation=0.01007142264509564;upstream_fdr_pass=True
split_001,alpha360_VWAP55,3,3,2,0.6666666666666666,1,1.0,0.6666666666666666,0.07485030951405185,0.09135888282943264,0.06667606643517485,0.0016159398103202244,True,0.0030657415978516,1.0,1.0,stable_core,eligible_windows=3;selection_frequency=0.667;direction_agreement=1.000;direction_adjusted_validation_positive_ratio=0.667;worst_development_degradation=0.0016159398103202244;upstream_fdr_pass=True
split_001,alpha360_VWAP56,3,3,2,0.6666666666666666,1,1.0,0.6666666666666666,0.07466404769157885,0.08427365917189966,0.06262226562187886,-0.005955310077706763,True,0.0030657415978516,1.0,1.0,stable_core,eligible_windows=3;selection_frequency=0.667;direction_agreement=1.000;direction_adjusted_validation_positive_ratio=0.667;worst_development_degradation=-0.005955310077706763;upstream_fdr_pass=True
split_001,alpha360_VWAP57,3,3,2,0.6666666666666666,1,1.0,0.6666666666666666,0.07477009818633096,0.08069460992123048,0.05962018702600162,-0.010146467659779307,True,0.0030657415978516,1.0,1.0,stable_core,eligible_windows=3;selection_frequency=0.667;direction_agreement=1.000;direction_adjusted_validation_positive_ratio=0.667;worst_development_degradation=-0.010146467659779307;upstream_fdr_pass=True
split_001,alpha360_VWAP58,3,3,2,0.6666666666666666,1,1.0,0.6666666666666666,0.07493953483276417,0.07898627177282262,0.0574007809739052,-0.01221148350179889,True,0.0043398160281277,1.0,1.0,stable_core,eligible_windows=3;selection_frequency=0.667;direction_agreement=1.000;direction_adjusted_validation_positive_ratio=0.667;worst_development_degradation=-0.01221148350179889;upstream_fdr_pass=True
split_001,alpha360_VWAP59,3,3,2,0.6666666666666666,1,1.0,0.6666666666666666,0.07518792843731345,0.0766908548281671,0.05560578923629524,-0.014816727915284503,True,0.0030657415978516,1.0,1.0,stable_core,eligible_windows=3;selection_frequency=0.667;direction_agreement=1.000;direction_adjusted_validation_positive_ratio=0.667;worst_development_degradation=-0.014816727915284503;upstream_fdr_pass=True
split_001,alpha360_VWAP6,3,3,3,1.0,1,1.0,1.0,0.021217495355294394,0.08060662722368375,0.050848463535890044,0.028221436111961956,True,0.0285844501730448,1.0,1.0,stable_core,eligible_windows=3;selection_frequency=1.000;direction_agreement=1.000;direction_adjusted_validation_positive_ratio=1.000;worst_development_degradation=0.028221436111961956;upstream_fdr_pass=True
split_001,alpha360_VWAP7,3,3,3,1.0,1,1.0,1.0,0.024101363710610457,0.0843548657361143,0.05125962736143455,0.036409130162370185,True,0.0198654848336377,1.0,1.0,stable_core,eligible_windows=3;selection_frequency=1.000;direction_agreement=1.000;direction_adjusted_validation_positive_ratio=1.000;worst_development_degradation=0.036409130162370185;upstream_fdr_pass=True
split_001,alpha360_VWAP8,3,3,3,1.0,1,1.0,1.0,0.02709839327268378,0.08106757949046618,0.04456825175260093,0.0431323850660512,True,0.0175108734060699,1.0,1.0,stable_core,eligible_windows=3;selection_frequency=1.000;direction_agreement=1.000;direction_adjusted_validation_positive_ratio=1.000;worst_development_degradation=0.0431323850660512;upstream_fdr_pass=True
split_001,alpha360_VWAP9,3,3,3,1.0,1,1.0,1.0,0.03027878235702238,0.08533921012420899,0.05506042776718661,0.04014980811831433,True,0.0070536323834476,1.0,1.0,stable_core,eligible_windows=3;selection_frequency=1.000;direction_agreement=1.000;direction_adjusted_validation_positive_ratio=1.000;worst_development_degradation=0.04014980811831433;upstream_fdr_pass=True
split_001,amount_cv_20,3,3,3,1.0,-1,1.0,1.0,-0.021029804615232912,-0.10411188275352035,0.08056676363786985,0.05315351334282423,True,0.0070536323834476,1.0,1.0,stable_core,eligible_windows=3;selection_frequency=1.000;direction_agreement=1.000;direction_adjusted_validation_positive_ratio=1.000;worst_development_degradation=0.05315351334282423;upstream_fdr_pass=True
split_001,amount_mean_20,3,3,3,1.0,-1,1.0,1.0,-0.10429268147020607,-0.1218917019277989,0.01759902045759283,-0.04867058684053625,True,0.0030657415978516,1.0,1.0,conditional_signal,eligible_windows=3;selection_frequency=1.000;direction_agreement=1.000;direction_adjusted_validation_positive_ratio=1.000;worst_development_degradation=-0.04867058684053625;upstream_fdr_pass=True
split_001,amount_std_20,3,3,3,1.0,-1,1.0,1.0,-0.10641036925906322,-0.13593993592656387,0.029529566667500645,-0.01557197881726094,True,0.0030657415978516,1.0,1.0,stable_core,eligible_windows=3;selection_frequency=1.000;direction_agreement=1.000;direction_adjusted_validation_positive_ratio=1.000;worst_development_degradation=-0.01557197881726094;upstream_fdr_pass=True
split_001,amplitude_20,3,3,3,1.0,-1,1.0,1.0,-0.09768186211430607,-0.3119339790590402,0.21425211694473412,0.013625815002868635,True,0.0030657415978516,1.0,1.0,stable_core,eligible_windows=3;selection_frequency=1.000;direction_agreement=1.000;direction_adjusted_validation_positive_ratio=1.000;worst_development_degradation=0.013625815002868635;upstream_fdr_pass=True
split_001,corr_ret_amount_20,3,3,2,0.6666666666666666,-1,1.0,0.6666666666666666,-0.0377033408712369,-0.021920595612009645,0.020927069275161296,-0.01578274525922725,True,0.0030657415978516,1.0,1.0,stable_core,eligible_windows=3;selection_frequency=0.667;direction_agreement=1.000;direction_adjusted_validation_positive_ratio=0.667;worst_development_degradation=-0.01578274525922725;upstream_fdr_pass=True
split_001,corr_ret_volume_20,3,3,2,0.6666666666666666,-1,1.0,0.6666666666666666,-0.039428099955820584,-0.02552401575267762,0.024786566002269524,-0.013904084203142965,True,0.0030657415978516,1.0,1.0,stable_core,eligible_windows=3;selection_frequency=0.667;direction_agreement=1.000;direction_adjusted_validation_positive_ratio=0.667;worst_development_degradation=-0.013904084203142965;upstream_fdr_pass=True
split_001,downside_std_20,3,3,3,1.0,-1,1.0,1.0,-0.05191555888143566,-0.23782306151432842,0.18392320063892356,0.01351235196518711,True,0.0198654848336377,1.0,1.0,stable_core,eligible_windows=3;selection_frequency=1.000;direction_agreement=1.000;direction_adjusted_validation_positive_ratio=1.000;worst_development_degradation=0.01351235196518711;upstream_fdr_pass=True
split_001,kunquant_alpha101_alpha002,3,3,0,0.0,1,1.0,1.0,0.007430062117263121,0.055277971522651424,,,False,0.2074519440291252,1.0,1.0,holdout,eligible_windows=3;selection_frequency=0.000;direction_agreement=1.000;direction_adjusted_validation_positive_ratio=1.000;worst_development_degradation=nan;upstream_fdr_pass=False
split_001,kunquant_alpha101_alpha003,3,3,3,1.0,1,1.0,1.0,0.021926755214035174,0.07187153972200684,0.04994478450797167,0.02484907454820954,True,0.0380778357202718,1.0,1.0,stable_core,eligible_windows=3;selection_frequency=1.000;direction_agreement=1.000;direction_adjusted_validation_positive_ratio=1.000;worst_development_degradation=0.02484907454820954;upstream_fdr_pass=True
split_001,kunquant_alpha101_alpha004,3,3,3,1.0,1,1.0,1.0,0.02259862584226799,0.061298330222061735,0.03194359746324264,0.01783587225092456,True,0.0186444456830722,1.0,1.0,stable_core,eligible_windows=3;selection_frequency=1.000;direction_agreement=1.000;direction_adjusted_validation_positive_ratio=1.000;worst_development_degradation=0.01783587225092456;upstream_fdr_pass=True
split_001,kunquant_alpha101_alpha005,3,3,1,0.3333333333333333,1,1.0,0.3333333333333333,0.03720522416884267,-0.0002421826803693669,0.006877107005451834,0.006877107005451834,True,0.0030657415978516,1.0,1.0,conditional_signal,eligible_windows=3;selection_frequency=0.333;direction_agreement=1.000;direction_adjusted_validation_positive_ratio=0.333;worst_development_degradation=0.006877107005451834;upstream_fdr_pass=True
split_001,kunquant_alpha101_alpha006,3,3,0,0.0,1,1.0,1.0,0.01729128254129059,0.07242126320082057,,,False,0.1550435504741304,1.0,1.0,holdout,eligible_windows=3;selection_frequency=0.000;direction_agreement=1.000;direction_adjusted_validation_positive_ratio=1.000;worst_development_degradation=nan;upstream_fdr_pass=False
split_001,kunquant_alpha101_alpha008,3,3,0,0.0,1,0.6666666666666666,0.3333333333333333,0.00040619433981152714,0.025586695357314494,,,False,0.6444996863601515,1.0,1.0,holdout,eligible_windows=3;selection_frequency=0.000;direction_agreement=0.667;direction_adjusted_validation_positive_ratio=0.333;worst_development_degradation=nan;upstream_fdr_pass=False
split_001,kunquant_alpha101_alpha009,3,3,0,0.0,1,1.0,0.6666666666666666,0.004135395694954223,0.018972639843551586,,,False,0.0920166789732007,1.0,1.0,holdout,eligible_windows=3;selection_frequency=0.000;direction_agreement=1.000;direction_adjusted_validation_positive_ratio=0.667;worst_development_degradation=nan;upstream_fdr_pass=False
split_001,kunquant_alpha101_alpha010,3,3,0,0.0,1,1.0,0.6666666666666666,0.0009374492979233218,0.009791306552454174,,,False,0.3114555347565056,1.0,1.0,holdout,eligible_windows=3;selection_frequency=0.000;direction_agreement=1.000;direction_adjusted_validation_positive_ratio=0.667;worst_development_degradation=nan;upstream_fdr_pass=False
split_001,kunquant_alpha101_alpha011,3,3,2,0.6666666666666666,1,1.0,0.6666666666666666,0.04092068934628096,0.03567355874921134,0.010250990274140379,-0.005247130597069619,True,0.0030657415978516,1.0,1.0,stable_core,eligible_windows=3;selection_frequency=0.667;direction_agreement=1.000;direction_adjusted_validation_positive_ratio=0.667;worst_development_degradation=-0.005247130597069619;upstream_fdr_pass=True
split_001,kunquant_alpha101_alpha012,3,3,3,1.0,1,1.0,1.0,0.017471322917213816,0.05159448656941686,0.03511433907531547,0.016231517494437984,True,0.0030657415978516,1.0,1.0,stable_core,eligible_windows=3;selection_frequency=1.000;direction_agreement=1.000;direction_adjusted_validation_positive_ratio=1.000;worst_development_degradation=0.016231517494437984;upstream_fdr_pass=True
split_001,kunquant_alpha101_alpha013,3,3,3,1.0,1,1.0,1.0,0.024702367675352988,0.10404573168030366,0.07934336400495068,0.04878201663130753,True,0.0097094189103874,1.0,1.0,stable_core,eligible_windows=3;selection_frequency=1.000;direction_agreement=1.000;direction_adjusted_validation_positive_ratio=1.000;worst_development_degradation=0.04878201663130753;upstream_fdr_pass=True
split_001,kunquant_alpha101_alpha014,3,3,0,0.0,1,1.0,1.0,0.01099060005066037,0.053902173754656335,,,False,0.2959442518266048,1.0,1.0,holdout,eligible_windows=3;selection_frequency=0.000;direction_agreement=1.000;direction_adjusted_validation_positive_ratio=1.000;worst_development_degradation=nan;upstream_fdr_pass=False
split_001,kunquant_alpha101_alpha015,3,3,3,1.0,1,1.0,1.0,0.01568858206636018,0.07992274178446049,0.06435210992475382,0.04053242891944546,True,0.0236700799200799,1.0,1.0,stable_core,eligible_windows=3;selection_frequency=1.000;direction_agreement=1.000;direction_adjusted_validation_positive_ratio=1.000;worst_development_degradation=0.04053242891944546;upstream_fdr_pass=True
split_001,kunquant_alpha101_alpha016,3,3,3,1.0,1,1.0,1.0,0.0210596962547366,0.10782922349492241,0.08637187627820056,0.04382778501156308,True,0.0359461255875598,1.0,1.0,stable_core,eligible_windows=3;selection_frequency=1.000;direction_agreement=1.000;direction_adjusted_validation_positive_ratio=1.000;worst_development_degradation=0.04382778501156308;upstream_fdr_pass=True
split_001,kunquant_alpha101_alpha017,3,3,0,0.0,-1,1.0,0.3333333333333333,-0.008217414738980933,0.011055794986858923,,,False,0.2164861716356733,1.0,1.0,holdout,eligible_windows=3;selection_frequency=0.000;direction_agreement=1.000;direction_adjusted_validation_positive_ratio=0.333;worst_development_degradation=nan;upstream_fdr_pass=False
split_001,kunquant_alpha101_alpha018,3,3,0,0.0,1,1.0,0.3333333333333333,0.010889014142957561,-0.010493490279925787,,,False,0.1934041985411848,1.0,1.0,holdout,eligible_windows=3;selection_frequency=0.000;direction_agreement=1.000;direction_adjusted_validation_positive_ratio=0.333;worst_development_degradation=nan;upstream_fdr_pass=False
split_001,kunquant_alpha101_alpha020,3,3,2,0.6666666666666666,-1,1.0,0.6666666666666666,-0.02549417961543955,-0.020730887836575115,0.01871221236067047,-0.0031338554428493905,True,0.0030657415978516,1.0,1.0,stable_core,eligible_windows=3;selection_frequency=0.667;direction_agreement=1.000;direction_adjusted_validation_positive_ratio=0.667;worst_development_degradation=-0.0031338554428493905;upstream_fdr_pass=True
split_001,kunquant_alpha101_alpha022,3,3,0,0.0,1,0.6666666666666666,0.6666666666666666,0.0013942828177162696,0.016143084094903653,,,False,0.3330913459530823,1.0,1.0,holdout,eligible_windows=3;selection_frequency=0.000;direction_agreement=0.667;direction_adjusted_validation_positive_ratio=0.667;worst_development_degradation=nan;upstream_fdr_pass=False
split_001,kunquant_alpha101_alpha024,3,3,0,0.0,1,1.0,1.0,0.0159549552560477,0.03763118152213961,,,False,0.0535685688357444,1.0,1.0,holdout,eligible_windows=3;selection_frequency=0.000;direction_agreement=1.000;direction_adjusted_validation_positive_ratio=1.000;worst_development_degradation=nan;upstream_fdr_pass=False
split_001,kunquant_alpha101_alpha025,3,3,0,0.0,1,1.0,0.6666666666666666,0.0021242777318406674,0.011987619919031547,,,False,0.3164082294517077,1.0,1.0,holdout,eligible_windows=3;selection_frequency=0.000;direction_agreement=1.000;direction_adjusted_validation_positive_ratio=0.667;worst_development_degradation=nan;upstream_fdr_pass=False
split_001,kunquant_alpha101_alpha026,3,3,3,1.0,1,1.0,1.0,0.020809167183173275,0.07204361884581936,0.05288123098205296,0.03630854968432811,True,0.0380778357202718,1.0,1.0,stable_core,eligible_windows=3;selection_frequency=1.000;direction_agreement=1.000;direction_adjusted_validation_positive_ratio=1.000;worst_development_degradation=0.03630854968432811;upstream_fdr_pass=True
split_001,kunquant_alpha101_alpha028,3,3,0,0.0,-1,1.0,0.6666666666666666,-0.0034933676793229137,-0.02076452064072069,,,False,0.4684666599223561,1.0,1.0,holdout,eligible_windows=3;selection_frequency=0.000;direction_agreement=1.000;direction_adjusted_validation_positive_ratio=0.667;worst_development_degradation=nan;upstream_fdr_pass=False
split_001,kunquant_alpha101_alpha029,3,3,3,1.0,1,1.0,1.0,0.010319046801578505,0.026399628082503013,0.016263053975688193,0.008095757231357227,True,0.0043398160281277,1.0,1.0,stable_core,eligible_windows=3;selection_frequency=1.000;direction_agreement=1.000;direction_adjusted_validation_positive_ratio=1.000;worst_development_degradation=0.008095757231357227;upstream_fdr_pass=True
split_001,kunquant_alpha101_alpha030,3,3,0,0.0,1,1.0,0.6666666666666666,0.00363742613688984,0.025151708861245542,,,False,0.5355086553824724,1.0,1.0,holdout,eligible_windows=3;selection_frequency=0.000;direction_agreement=1.000;direction_adjusted_validation_positive_ratio=0.667;worst_development_degradation=nan;upstream_fdr_pass=False
split_001,kunquant_alpha101_alpha031,3,3,0,0.0,1,1.0,1.0,0.015570231923411422,0.006654136842666079,,,False,0.1470800326434129,1.0,1.0,holdout,eligible_windows=3;selection_frequency=0.000;direction_agreement=1.000;direction_adjusted_validation_positive_ratio=1.000;worst_development_degradation=nan;upstream_fdr_pass=False
split_001,kunquant_alpha101_alpha033,3,3,2,0.6666666666666666,1,1.0,0.6666666666666666,0.010291624372921013,0.03465801816292048,0.024873942292886864,0.020392208617989724,True,0.0122629663914067,1.0,1.0,stable_core,eligible_windows=3;selection_frequency=0.667;direction_agreement=1.000;direction_adjusted_validation_positive_ratio=0.667;worst_development_degradation=0.020392208617989724;upstream_fdr_pass=True
split_001,kunquant_alpha101_alpha034,3,3,0,0.0,1,1.0,0.6666666666666666,0.00688133333743622,0.02308378949642848,,,False,0.0708083737823514,1.0,1.0,holdout,eligible_windows=3;selection_frequency=0.000;direction_agreement=1.000;direction_adjusted_validation_positive_ratio=0.667;worst_development_degradation=nan;upstream_fdr_pass=False
split_001,kunquant_alpha101_alpha035,3,3,3,1.0,-1,1.0,1.0,-0.017271142499229116,-0.07621337429846607,0.05181580746047842,0.04093389044530961,True,0.0285844501730448,1.0,1.0,stable_core,eligible_windows=3;selection_frequency=1.000;direction_agreement=1.000;direction_adjusted_validation_positive_ratio=1.000;worst_development_degradation=0.04093389044530961;upstream_fdr_pass=True
split_001,kunquant_alpha101_alpha038,3,3,0,0.0,1,1.0,0.6666666666666666,0.003405474891036113,0.04323383742032582,,,False,0.5057359701909465,1.0,1.0,holdout,eligible_windows=3;selection_frequency=0.000;direction_agreement=1.000;direction_adjusted_validation_positive_ratio=0.667;worst_development_degradation=nan;upstream_fdr_pass=False
split_001,kunquant_alpha101_alpha040,3,3,3,1.0,1,1.0,1.0,0.0537728286228819,0.13976465645331232,0.08599182783043041,0.0011348792433890226,True,0.0030657415978516,1.0,1.0,stable_core,eligible_windows=3;selection_frequency=1.000;direction_agreement=1.000;direction_adjusted_validation_positive_ratio=1.000;worst_development_degradation=0.0011348792433890226;upstream_fdr_pass=True
split_001,kunquant_alpha101_alpha041,3,3,1,0.3333333333333333,-1,1.0,0.3333333333333333,-0.037312271068985055,0.0005419947244897215,0.007756314349078738,0.007756314349078738,True,0.0030657415978516,1.0,1.0,conditional_signal,eligible_windows=3;selection_frequency=0.333;direction_agreement=1.000;direction_adjusted_validation_positive_ratio=0.333;worst_development_degradation=0.007756314349078738;upstream_fdr_pass=True
split_001,kunquant_alpha101_alpha042,3,3,1,0.3333333333333333,1,1.0,0.3333333333333333,0.037487228293401294,-4.965999945945737e-05,0.0075921552037356566,0.0075921552037356566,True,0.0030657415978516,1.0,1.0,conditional_signal,eligible_windows=3;selection_frequency=0.333;direction_agreement=1.000;direction_adjusted_validation_positive_ratio=0.333;worst_development_degradation=0.0075921552037356566;upstream_fdr_pass=True
split_001,kunquant_alpha101_alpha043,3,3,3,1.0,1,1.0,1.0,0.013639459942658723,0.04998050856184755,0.036365378185026005,-0.0020129317046106137,True,0.0134865134865134,1.0,1.0,stable_core,eligible_windows=3;selection_frequency=1.000;direction_agreement=1.000;direction_adjusted_validation_positive_ratio=1.000;worst_development_degradation=-0.0020129317046106137;upstream_fdr_pass=True
split_001,kunquant_alpha101_alpha044,3,3,3,1.0,1,1.0,1.0,0.025493834165451597,0.08573865530534763,0.06078063356015044,0.05242561064867975,True,0.0056320084409972,1.0,1.0,stable_core,eligible_windows=3;selection_frequency=1.000;direction_agreement=1.000;direction_adjusted_validation_positive_ratio=1.000;worst_development_degradation=0.05242561064867975;upstream_fdr_pass=True
split_001,kunquant_alpha101_alpha045,3,3,3,1.0,1,1.0,1.0,0.010041090384738119,0.030241198526011082,0.021088620891665667,0.0042461575557893125,True,0.0070536323834476,1.0,1.0,stable_core,eligible_windows=3;selection_frequency=1.000;direction_agreement=1.000;direction_adjusted_validation_positive_ratio=1.000;worst_development_degradation=0.0042461575557893125;upstream_fdr_pass=True
split_001,kunquant_alpha101_alpha046,3,3,0,0.0,1,1.0,1.0,0.0024444005722667854,0.007942504683967061,,,False,0.3357749794346905,1.0,1.0,holdout,eligible_windows=3;selection_frequency=0.000;direction_agreement=1.000;direction_adjusted_validation_positive_ratio=1.000;worst_development_degradation=nan;upstream_fdr_pass=False
split_001,kunquant_alpha101_alpha047,3,3,0,0.0,1,1.0,0.3333333333333333,0.002877727996980784,-0.08816503285640388,,,False,0.8867472888557225,1.0,1.0,holdout,eligible_windows=3;selection_frequency=0.000;direction_agreement=1.000;direction_adjusted_validation_positive_ratio=0.333;worst_development_degradation=nan;upstream_fdr_pass=False
split_001,kunquant_alpha101_alpha049,3,3,0,0.0,-1,1.0,0.3333333333333333,-0.003972284708533665,0.02979503158048922,,,False,0.8001725133743343,1.0,1.0,holdout,eligible_windows=3;selection_frequency=0.000;direction_agreement=1.000;direction_adjusted_validation_positive_ratio=0.333;worst_development_degradation=nan;upstream_fdr_pass=False
split_001,kunquant_alpha101_alpha050,3,3,3,1.0,1,1.0,1.0,0.022237725116747226,0.09937787666805757,0.0792473174994362,0.04064769248366363,True,0.0274468857631075,1.0,1.0,stable_core,eligible_windows=3;selection_frequency=1.000;direction_agreement=1.000;direction_adjusted_validation_positive_ratio=1.000;worst_development_degradation=0.04064769248366363;upstream_fdr_pass=True
split_001,kunquant_alpha101_alpha051,3,3,0,0.0,-1,1.0,0.3333333333333333,-0.009732513842074048,0.02735541848306996,,,False,0.1886512798733108,1.0,1.0,holdout,eligible_windows=3;selection_frequency=0.000;direction_agreement=1.000;direction_adjusted_validation_positive_ratio=0.333;worst_development_degradation=nan;upstream_fdr_pass=False
split_001,kunquant_alpha101_alpha053,3,3,0,0.0,-1,1.0,0.3333333333333333,-0.004303181159057019,0.011973893480786441,,,False,0.5539703624475995,1.0,1.0,holdout,eligible_windows=3;selection_frequency=0.000;direction_agreement=1.000;direction_adjusted_validation_positive_ratio=0.333;worst_development_degradation=nan;upstream_fdr_pass=False
split_001,kunquant_alpha101_alpha054,3,3,0,0.0,1,0.6666666666666666,0.3333333333333333,0.001039519360838911,0.003752228371680435,,,False,0.8867472888557225,1.0,1.0,holdout,eligible_windows=3;selection_frequency=0.000;direction_agreement=0.667;direction_adjusted_validation_positive_ratio=0.333;worst_development_degradation=nan;upstream_fdr_pass=False
split_001,kunquant_alpha101_alpha055,3,3,3,1.0,1,1.0,1.0,0.019977642843128824,0.08246155551691886,0.06327058869159852,0.04358834201712361,True,0.0043398160281277,1.0,1.0,stable_core,eligible_windows=3;selection_frequency=1.000;direction_agreement=1.000;direction_adjusted_validation_positive_ratio=1.000;worst_development_degradation=0.04358834201712361;upstream_fdr_pass=True
split_001,kunquant_alpha101_alpha057,3,3,0,0.0,-1,1.0,1.0,-0.00704975631381019,-0.1016275731981691,,,False,0.7622042080057347,1.0,1.0,holdout,eligible_windows=3;selection_frequency=0.000;direction_agreement=1.000;direction_adjusted_validation_positive_ratio=1.000;worst_development_degradation=nan;upstream_fdr_pass=False
split_001,kunquant_alpha101_alpha060,3,3,0,0.0,-1,1.0,1.0,-0.0025923715511963997,-0.010590868364985481,,,False,0.6184406573209061,1.0,1.0,holdout,eligible_windows=3;selection_frequency=0.000;direction_agreement=1.000;direction_adjusted_validation_positive_ratio=1.000;worst_development_degradation=nan;upstream_fdr_pass=False
split_001,kunquant_alpha101_alpha062,3,3,3,1.0,1,1.0,1.0,0.027282178711331182,0.06146076673723381,0.03382741745652104,-0.0015530218159976877,True,0.0030657415978516,1.0,1.0,stable_core,eligible_windows=3;selection_frequency=1.000;direction_agreement=1.000;direction_adjusted_validation_positive_ratio=1.000;worst_development_degradation=-0.0015530218159976877;upstream_fdr_pass=True
split_001,kunquant_alpha101_alpha064,3,3,0,0.0,1,0.6666666666666666,0.3333333333333333,0.00017875803366527545,0.027677877663832413,,,False,0.9121824121824122,0.8863636363636364,0.9663173652694611,holdout,eligible_windows=3;selection_frequency=0.000;direction_agreement=0.667;direction_adjusted_validation_positive_ratio=0.333;worst_development_degradation=nan;upstream_fdr_pass=False
split_001,kunquant_alpha101_alpha066,3,3,0,0.0,1,1.0,1.0,0.005707699462330597,0.010540823194853334,,,False,0.0803458836245721,1.0,1.0,holdout,eligible_windows=3;selection_frequency=0.000;direction_agreement=1.000;direction_adjusted_validation_positive_ratio=1.000;worst_development_degradation=nan;upstream_fdr_pass=False
split_001,kunquant_alpha101_alpha071,3,3,0,0.0,-1,1.0,0.6666666666666666,-0.006973157225314551,-0.02025036287677002,,,False,0.17783433957347,1.0,1.0,holdout,eligible_windows=3;selection_frequency=0.000;direction_agreement=1.000;direction_adjusted_validation_positive_ratio=0.667;worst_development_degradation=nan;upstream_fdr_pass=False
split_001,kunquant_alpha101_alpha072,3,3,0,0.0,1,1.0,1.0,0.011565449256692473,0.04829377190244054,,,False,0.2393200858547393,1.0,1.0,holdout,eligible_windows=3;selection_frequency=0.000;direction_agreement=1.000;direction_adjusted_validation_positive_ratio=1.000;worst_development_degradation=nan;upstream_fdr_pass=False
split_001,kunquant_alpha101_alpha073,3,3,0,0.0,1,0.6666666666666666,0.6666666666666666,0.0003067984860554678,-0.007175291706885354,,,False,0.8490437055391737,1.0,1.0,holdout,eligible_windows=3;selection_frequency=0.000;direction_agreement=0.667;direction_adjusted_validation_positive_ratio=0.667;worst_development_degradation=nan;upstream_fdr_pass=False
split_001,kunquant_alpha101_alpha074,3,3,0,0.0,1,1.0,1.0,0.012500924823790357,0.06496605624068696,,,False,0.2012910946921099,1.0,1.0,holdout,eligible_windows=3;selection_frequency=0.000;direction_agreement=1.000;direction_adjusted_validation_positive_ratio=1.000;worst_development_degradation=nan;upstream_fdr_pass=False
split_001,kunquant_alpha101_alpha077,3,3,1,0.3333333333333333,-1,1.0,0.3333333333333333,-0.01771796123228725,0.028025539358143718,0.03412725064000022,0.03412725064000022,True,0.0110337775432115,1.0,1.0,conditional_signal,eligible_windows=3;selection_frequency=0.333;direction_agreement=1.000;direction_adjusted_validation_positive_ratio=0.333;worst_development_degradation=0.03412725064000022;upstream_fdr_pass=True
split_001,kunquant_alpha101_alpha078,3,3,0,0.0,1,1.0,1.0,0.018156475221717615,0.06655875515921028,,,False,0.0861189627069844,1.0,1.0,holdout,eligible_windows=3;selection_frequency=0.000;direction_agreement=1.000;direction_adjusted_validation_positive_ratio=1.000;worst_development_degradation=nan;upstream_fdr_pass=False
split_001,kunquant_alpha101_alpha083,3,3,3,1.0,1,1.0,1.0,0.07524214585046114,0.09174645569007962,0.011852615167051328,-0.01618045040964601,True,0.0030657415978516,1.0,1.0,stable_core,eligible_windows=3;selection_frequency=1.000;direction_agreement=1.000;direction_adjusted_validation_positive_ratio=1.000;worst_development_degradation=-0.01618045040964601;upstream_fdr_pass=True
split_001,kunquant_alpha101_alpha084,3,3,3,1.0,-1,1.0,1.0,-0.02313913626070965,-0.05685315021812034,0.03371401395741069,0.02685339664334583,True,0.0070536323834476,1.0,1.0,stable_core,eligible_windows=3;selection_frequency=1.000;direction_agreement=1.000;direction_adjusted_validation_positive_ratio=1.000;worst_development_degradation=0.02685339664334583;upstream_fdr_pass=True
split_001,kunquant_alpha101_alpha085,3,3,0,0.0,1,1.0,1.0,0.0118679695452225,0.040937204205949276,,,False,0.1571165676428834,1.0,1.0,holdout,eligible_windows=3;selection_frequency=0.000;direction_agreement=1.000;direction_adjusted_validation_positive_ratio=1.000;worst_development_degradation=nan;upstream_fdr_pass=False
split_001,kunquant_alpha101_alpha088,3,3,3,1.0,1,1.0,1.0,0.08487591844021045,0.21306859290897853,0.1209218377323665,0.04931910342769193,True,0.0030657415978516,1.0,1.0,stable_core,eligible_windows=3;selection_frequency=1.000;direction_agreement=1.000;direction_adjusted_validation_positive_ratio=1.000;worst_development_degradation=0.04931910342769193;upstream_fdr_pass=True
split_001,kunquant_alpha101_alpha092,3,3,0,0.0,-1,1.0,0.6666666666666666,-0.004073095451675674,-0.010687108796055793,,,False,0.1950251114073639,1.0,1.0,holdout,eligible_windows=3;selection_frequency=0.000;direction_agreement=1.000;direction_adjusted_validation_positive_ratio=0.667;worst_development_degradation=nan;upstream_fdr_pass=False
split_001,kunquant_alpha101_alpha094,3,3,3,1.0,1,1.0,1.0,0.04654819346029853,0.07921488451188825,0.03266669105158972,-0.006142473542743568,True,0.0030657415978516,1.0,1.0,stable_core,eligible_windows=3;selection_frequency=1.000;direction_agreement=1.000;direction_adjusted_validation_positive_ratio=1.000;worst_development_degradation=-0.006142473542743568;upstream_fdr_pass=True
split_001,kunquant_alpha101_alpha095,3,3,0,0.0,-1,1.0,0.6666666666666666,-0.002332530180597073,-0.007212874164481154,,,False,0.7174586516087282,1.0,1.0,holdout,eligible_windows=3;selection_frequency=0.000;direction_agreement=1.000;direction_adjusted_validation_positive_ratio=0.667;worst_development_degradation=nan;upstream_fdr_pass=False
split_001,kunquant_alpha101_alpha096,3,3,0,0.0,1,1.0,0.3333333333333333,0.0006149492234121429,-0.007230753630234959,,,False,0.97002997002997,1.0,1.0,holdout,eligible_windows=3;selection_frequency=0.000;direction_agreement=1.000;direction_adjusted_validation_positive_ratio=0.333;worst_development_degradation=nan;upstream_fdr_pass=False
split_001,kunquant_alpha101_alpha098,3,3,0,0.0,1,0.6666666666666666,0.3333333333333333,0.0014855336244479185,0.023377120676064296,,,False,0.7771771607388046,1.0,1.0,holdout,eligible_windows=3;selection_frequency=0.000;direction_agreement=0.667;direction_adjusted_validation_positive_ratio=0.333;worst_development_degradation=nan;upstream_fdr_pass=False
split_001,kunquant_alpha101_alpha101,3,3,2,0.6666666666666666,-1,1.0,1.0,-0.008663543170771448,-0.03466450071450981,0.024670157634287284,0.02301421878651299,True,0.0359461255875598,1.0,1.0,stable_core,eligible_windows=3;selection_frequency=0.667;direction_agreement=1.000;direction_adjusted_validation_positive_ratio=1.000;worst_development_degradation=0.02301421878651299;upstream_fdr_pass=True
split_001,max_drawdown_20,3,3,0,0.0,-1,1.0,0.6666666666666666,-0.01610323875338084,-0.13713321390461744,,,False,0.2959442518266048,1.0,1.0,holdout,eligible_windows=3;selection_frequency=0.000;direction_agreement=1.000;direction_adjusted_validation_positive_ratio=0.667;worst_development_degradation=nan;upstream_fdr_pass=False
split_001,ret_10,3,3,3,1.0,-1,1.0,1.0,-0.031885440923637404,-0.09592567008513397,0.06404022916149657,0.040315279239262064,True,0.0122629663914067,1.0,1.0,stable_core,eligible_windows=3;selection_frequency=1.000;direction_agreement=1.000;direction_adjusted_validation_positive_ratio=1.000;worst_development_degradation=0.040315279239262064;upstream_fdr_pass=True
split_001,ret_20,3,3,3,1.0,-1,1.0,1.0,-0.05787252183481074,-0.14636796929494497,0.08849544746013424,0.06922896908830194,True,0.0030657415978516,1.0,1.0,stable_core,eligible_windows=3;selection_frequency=1.000;direction_agreement=1.000;direction_adjusted_validation_positive_ratio=1.000;worst_development_degradation=0.06922896908830194;upstream_fdr_pass=True
split_001,ret_5,3,3,3,1.0,-1,1.0,1.0,-0.01709615667661481,-0.07057395399296697,0.04606369315971649,0.01830437689327166,True,0.026182065357323,1.0,1.0,stable_core,eligible_windows=3;selection_frequency=1.000;direction_agreement=1.000;direction_adjusted_validation_positive_ratio=1.000;worst_development_degradation=0.01830437689327166;upstream_fdr_pass=True
split_001,rev_20_exclude_5,3,3,3,1.0,1,1.0,1.0,0.05482923927802289,0.13046261964479966,0.07776253848752904,0.0724621863634072,True,0.0043398160281277,1.0,1.0,stable_core,eligible_windows=3;selection_frequency=1.000;direction_agreement=1.000;direction_adjusted_validation_positive_ratio=1.000;worst_development_degradation=0.0724621863634072;upstream_fdr_pass=True
split_001,rev_5,3,3,3,1.0,1,1.0,1.0,0.01709615667661481,0.07057395399296697,0.04606369315971649,0.01830437689327166,True,0.0348928180253481,1.0,1.0,stable_core,eligible_windows=3;selection_frequency=1.000;direction_agreement=1.000;direction_adjusted_validation_positive_ratio=1.000;worst_development_degradation=0.01830437689327166;upstream_fdr_pass=True
split_001,std_20,3,3,3,1.0,-1,1.0,1.0,-0.08582331183439071,-0.3064563414374748,0.2206330296030841,0.026462239132822904,True,0.0030657415978516,1.0,1.0,stable_core,eligible_windows=3;selection_frequency=1.000;direction_agreement=1.000;direction_adjusted_validation_positive_ratio=1.000;worst_development_degradation=0.026462239132822904;upstream_fdr_pass=True
split_001,ta_momentum_ao,3,3,3,1.0,-1,1.0,1.0,-0.0580579753589175,-0.1584234921640117,0.10093887856098235,-0.04330506599841266,True,0.0056320084409972,1.0,1.0,conditional_signal,eligible_windows=3;selection_frequency=1.000;direction_agreement=1.000;direction_adjusted_validation_positive_ratio=1.000;worst_development_degradation=-0.04330506599841266;upstream_fdr_pass=True
split_001,ta_momentum_kama,3,3,1,0.3333333333333333,-1,1.0,0.3333333333333333,-0.03303707796729227,0.0010685518780493889,-0.009595503026365259,-0.009595503026365259,True,0.0056320084409972,1.0,1.0,conditional_signal,eligible_windows=3;selection_frequency=0.333;direction_agreement=1.000;direction_adjusted_validation_positive_ratio=0.333;worst_development_degradation=-0.009595503026365259;upstream_fdr_pass=True
split_001,ta_momentum_ppo,3,3,3,1.0,-1,1.0,1.0,-0.08220525734347224,-0.19928560660393713,0.11764680978462176,-0.05447794673837964,True,0.0030657415978516,1.0,1.0,conditional_signal,eligible_windows=3;selection_frequency=1.000;direction_agreement=1.000;direction_adjusted_validation_positive_ratio=1.000;worst_development_degradation=-0.05447794673837964;upstream_fdr_pass=True
split_001,ta_momentum_ppo_hist,3,3,0,0.0,1,0.6666666666666666,0.3333333333333333,0.0026162581432440197,-0.03936685991806562,,,False,0.6237070383033115,1.0,1.0,holdout,eligible_windows=3;selection_frequency=0.000;direction_agreement=0.667;direction_adjusted_validation_positive_ratio=0.333;worst_development_degradation=nan;upstream_fdr_pass=False
split_001,ta_momentum_ppo_signal,3,3,2,0.6666666666666666,-1,1.0,0.6666666666666666,-0.09019343826450685,-0.1916839390843686,0.11529364531973074,0.10017531937560643,True,0.0030657415978516,1.0,1.0,stable_core,eligible_windows=3;selection_frequency=0.667;direction_agreement=1.000;direction_adjusted_validation_positive_ratio=0.667;worst_development_degradation=0.10017531937560643;upstream_fdr_pass=True
split_001,ta_momentum_pvo,3,3,3,1.0,-1,1.0,1.0,-0.035628568769333076,-0.13267321569679627,0.09729953681240244,0.0006207284143652791,True,0.0030657415978516,1.0,1.0,stable_core,eligible_windows=3;selection_frequency=1.000;direction_agreement=1.000;direction_adjusted_validation_positive_ratio=1.000;worst_development_degradation=0.0006207284143652791;upstream_fdr_pass=True
split_001,ta_momentum_pvo_hist,3,3,0,0.0,1,1.0,1.0,0.009918319195291356,0.00974349929646942,,,False,0.3141914628182802,1.0,1.0,holdout,eligible_windows=3;selection_frequency=0.000;direction_agreement=1.000;direction_adjusted_validation_positive_ratio=1.000;worst_development_degradation=nan;upstream_fdr_pass=False
split_001,ta_momentum_pvo_signal,3,3,3,1.0,-1,1.0,1.0,-0.04402331815941013,-0.16198515990826837,0.11796184174885824,0.007698035327996823,True,0.0030657415978516,1.0,1.0,stable_core,eligible_windows=3;selection_frequency=1.000;direction_agreement=1.000;direction_adjusted_validation_positive_ratio=1.000;worst_development_degradation=0.007698035327996823;upstream_fdr_pass=True
split_001,ta_momentum_roc,3,3,3,1.0,-1,1.0,1.0,-0.03824345193431066,-0.11532402025635664,0.07708056832204599,0.03290988150166084,True,0.0056320084409972,1.0,1.0,stable_core,eligible_windows=3;selection_frequency=1.000;direction_agreement=1.000;direction_adjusted_validation_positive_ratio=1.000;worst_development_degradation=0.03290988150166084;upstream_fdr_pass=True
split_001,ta_momentum_rsi,3,3,3,1.0,-1,1.0,1.0,-0.058902774009569,-0.1578771688288302,0.09897439481926121,-0.038838769968724055,True,0.0056320084409972,1.0,1.0,conditional_signal,eligible_windows=3;selection_frequency=1.000;direction_agreement=1.000;direction_adjusted_validation_positive_ratio=1.000;worst_development_degradation=-0.038838769968724055;upstream_fdr_pass=True
split_001,ta_momentum_stoch,3,3,0,0.0,-1,1.0,1.0,-0.018562337870273195,-0.06304620208638492,,,False,0.0570681690226282,1.0,1.0,holdout,eligible_windows=3;selection_frequency=0.000;direction_agreement=1.000;direction_adjusted_validation_positive_ratio=1.000;worst_development_degradation=nan;upstream_fdr_pass=False
split_001,ta_momentum_stoch_rsi,3,3,0,0.0,1,1.0,0.3333333333333333,0.013487644172386935,-0.015073046489487874,,,False,0.5880484570032152,1.0,1.0,holdout,eligible_windows=3;selection_frequency=0.000;direction_agreement=1.000;direction_adjusted_validation_positive_ratio=0.333;worst_development_degradation=nan;upstream_fdr_pass=False
split_001,ta_momentum_stoch_rsi_d,3,3,0,0.0,1,1.0,0.3333333333333333,0.01810222784268202,-0.012009564940903172,,,False,0.365610466088935,1.0,1.0,holdout,eligible_windows=3;selection_frequency=0.000;direction_agreement=1.000;direction_adjusted_validation_positive_ratio=0.333;worst_development_degradation=nan;upstream_fdr_pass=False
split_001,ta_momentum_stoch_rsi_k,3,3,0,0.0,1,1.0,0.3333333333333333,0.017320487802733264,-0.012820146588513482,,,False,0.3640592634202858,1.0,1.0,holdout,eligible_windows=3;selection_frequency=0.000;direction_agreement=1.000;direction_adjusted_validation_positive_ratio=0.333;worst_development_degradation=nan;upstream_fdr_pass=False
split_001,ta_momentum_stoch_signal,3,3,0,0.0,-1,1.0,1.0,-0.021068845281383544,-0.07661751242181047,,,False,0.065080986429301,1.0,1.0,holdout,eligible_windows=3;selection_frequency=0.000;direction_agreement=1.000;direction_adjusted_validation_positive_ratio=1.000;worst_development_degradation=nan;upstream_fdr_pass=False
split_001,ta_momentum_tsi,3,3,2,0.6666666666666666,-1,1.0,0.6666666666666666,-0.07910812340115293,-0.1818844768047226,0.12169342973539797,0.10126142164912472,True,0.0043398160281277,1.0,1.0,stable_core,eligible_windows=3;selection_frequency=0.667;direction_agreement=1.000;direction_adjusted_validation_positive_ratio=0.667;worst_development_degradation=0.10126142164912472;upstream_fdr_pass=True
split_001,ta_momentum_uo,3,3,3,1.0,-1,1.0,1.0,-0.03397087031928999,-0.07510131914521975,0.03776855835180641,0.0052884615208072736,True,0.0056320084409972,1.0,1.0,stable_core,eligible_windows=3;selection_frequency=1.000;direction_agreement=1.000;direction_adjusted_validation_positive_ratio=1.000;worst_development_degradation=0.0052884615208072736;upstream_fdr_pass=True
split_001,ta_momentum_wr,3,3,0,0.0,-1,1.0,1.0,-0.018562337870273195,-0.06304620208638492,,,False,0.0605281510941888,1.0,1.0,holdout,eligible_windows=3;selection_frequency=0.000;direction_agreement=1.000;direction_adjusted_validation_positive_ratio=1.000;worst_development_degradation=nan;upstream_fdr_pass=False
split_001,ta_trend_adx,3,3,0,0.0,-1,0.6666666666666666,0.6666666666666666,-0.003885828286140899,-0.06364858835420992,,,False,0.709333611174102,1.0,1.0,holdout,eligible_windows=3;selection_frequency=0.000;direction_agreement=0.667;direction_adjusted_validation_positive_ratio=0.667;worst_development_degradation=nan;upstream_fdr_pass=False
split_001,ta_trend_adx_neg,3,3,2,0.6666666666666666,1,1.0,1.0,0.05762085332380304,0.1396434427218329,0.09455119983691117,0.08141518343926984,True,0.0083961264865787,1.0,1.0,stable_core,eligible_windows=3;selection_frequency=0.667;direction_agreement=1.000;direction_adjusted_validation_positive_ratio=1.000;worst_development_degradation=0.08141518343926984;upstream_fdr_pass=True
split_001,ta_trend_adx_pos,3,3,3,1.0,-1,1.0,1.0,-0.05982095201914072,-0.14310545349684103,0.08260414362695837,0.010246018436939154,True,0.0030657415978516,1.0,1.0,stable_core,eligible_windows=3;selection_frequency=1.000;direction_agreement=1.000;direction_adjusted_validation_positive_ratio=1.000;worst_development_degradation=0.010246018436939154;upstream_fdr_pass=True
split_001,ta_trend_aroon_down,3,3,2,0.6666666666666666,1,1.0,0.6666666666666666,0.04654360296459946,0.11696054899674527,0.07538616470966772,0.07041694603214581,True,0.0070536323834476,1.0,1.0,stable_core,eligible_windows=3;selection_frequency=0.667;direction_agreement=1.000;direction_adjusted_validation_positive_ratio=0.667;worst_development_degradation=0.07041694603214581;upstream_fdr_pass=True
split_001,ta_trend_aroon_ind,3,3,3,1.0,-1,1.0,1.0,-0.06261352620141851,-0.1462726613170295,0.08575931650911647,-0.016865639067719124,True,0.0070536323834476,1.0,1.0,stable_core,eligible_windows=3;selection_frequency=1.000;direction_agreement=1.000;direction_adjusted_validation_positive_ratio=1.000;worst_development_degradation=-0.016865639067719124;upstream_fdr_pass=True
split_001,ta_trend_aroon_up,3,3,3,1.0,-1,1.0,1.0,-0.05871736371936748,-0.13927208166239932,0.07581888144327083,-0.008563494770784497,True,0.0030657415978516,1.0,1.0,stable_core,eligible_windows=3;selection_frequency=1.000;direction_agreement=1.000;direction_adjusted_validation_positive_ratio=1.000;worst_development_degradation=-0.008563494770784497;upstream_fdr_pass=True
split_001,ta_trend_cci,3,3,3,1.0,-1,1.0,1.0,-0.03550521445341969,-0.10196510104181085,0.06695492258371225,0.024524440979312105,True,0.0134865134865134,1.0,1.0,stable_core,eligible_windows=3;selection_frequency=1.000;direction_agreement=1.000;direction_adjusted_validation_positive_ratio=1.000;worst_development_degradation=0.024524440979312105;upstream_fdr_pass=True
split_001,ta_trend_dpo,3,3,0,0.0,1,1.0,1.0,0.011235945761500478,0.04178094788464551,,,False,0.0662085577973428,1.0,1.0,holdout,eligible_windows=3;selection_frequency=0.000;direction_agreement=1.000;direction_adjusted_validation_positive_ratio=1.000;worst_development_degradation=nan;upstream_fdr_pass=False
split_001,ta_trend_ema_fast,3,3,1,0.3333333333333333,-1,1.0,0.3333333333333333,-0.03558697427536144,0.0045045593683489,0.005564725723828164,0.005564725723828164,True,0.0030657415978516,1.0,1.0,conditional_signal,eligible_windows=3;selection_frequency=0.333;direction_agreement=1.000;direction_adjusted_validation_positive_ratio=0.333;worst_development_degradation=0.005564725723828164;upstream_fdr_pass=True
split_001,ta_trend_ema_slow,3,3,1,0.3333333333333333,-1,1.0,0.3333333333333333,-0.033075960785509534,0.009418100385084772,0.0023660183082774913,0.0023660183082774913,True,0.0056320084409972,1.0,1.0,conditional_signal,eligible_windows=3;selection_frequency=0.333;direction_agreement=1.000;direction_adjusted_validation_positive_ratio=0.333;worst_development_degradation=0.0023660183082774913;upstream_fdr_pass=True
split_001,ta_trend_ichimoku_a,3,3,1,0.3333333333333333,-1,1.0,0.3333333333333333,-0.03456148537173777,0.0048902595645474315,0.002669133168256836,0.002669133168256836,True,0.0043398160281277,1.0,1.0,conditional_signal,eligible_windows=3;selection_frequency=0.333;direction_agreement=1.000;direction_adjusted_validation_positive_ratio=0.333;worst_development_degradation=0.002669133168256836;upstream_fdr_pass=True
split_001,ta_trend_ichimoku_b,3,3,1,0.3333333333333333,-1,1.0,0.3333333333333333,-0.030276150624881065,0.015685585652809274,-0.0026160437813724825,-0.0026160437813724825,True,0.0146886080952015,1.0,1.0,conditional_signal,eligible_windows=3;selection_frequency=0.333;direction_agreement=1.000;direction_adjusted_validation_positive_ratio=0.333;worst_development_degradation=-0.0026160437813724825;upstream_fdr_pass=True
split_001,ta_trend_ichimoku_base,3,3,1,0.3333333333333333,-1,1.0,0.3333333333333333,-0.03316559912297366,0.008075473824647007,0.0011068815034279006,0.0011068815034279006,True,0.0043398160281277,1.0,1.0,conditional_signal,eligible_windows=3;selection_frequency=0.333;direction_agreement=1.000;direction_adjusted_validation_positive_ratio=0.333;worst_development_degradation=0.0011068815034279006;upstream_fdr_pass=True
split_001,ta_trend_ichimoku_conv,3,3,1,0.3333333333333333,-1,1.0,0.3333333333333333,-0.03673182777207011,0.0023578353401859952,0.006188905967254847,0.006188905967254847,True,0.0030657415978516,1.0,1.0,conditional_signal,eligible_windows=3;selection_frequency=0.333;direction_agreement=1.000;direction_adjusted_validation_positive_ratio=0.333;worst_development_degradation=0.006188905967254847;upstream_fdr_pass=True
split_001,ta_trend_kst,3,3,3,1.0,-1,1.0,1.0,-0.08766340331612915,-0.20760804354676693,0.12204051256182163,-0.0304022746817479,True,0.0030657415978516,1.0,1.0,conditional_signal,eligible_windows=3;selection_frequency=1.000;direction_agreement=1.000;direction_adjusted_validation_positive_ratio=1.000;worst_development_degradation=-0.0304022746817479;upstream_fdr_pass=True
split_001,ta_trend_kst_diff,3,3,0,0.0,-1,0.6666666666666666,0.6666666666666666,-0.0013301100317826685,-0.03959543539588374,,,False,0.5430852611954974,1.0,1.0,holdout,eligible_windows=3;selection_frequency=0.000;direction_agreement=0.667;direction_adjusted_validation_positive_ratio=0.667;worst_development_degradation=nan;upstream_fdr_pass=False
split_001,ta_trend_kst_sig,3,3,2,0.6666666666666666,-1,1.0,0.6666666666666666,-0.08768143609121849,-0.18648846551702336,0.1057444358704254,0.09654979284849406,True,0.0056320084409972,1.0,1.0,stable_core,eligible_windows=3;selection_frequency=0.667;direction_agreement=1.000;direction_adjusted_validation_positive_ratio=0.667;worst_development_degradation=0.09654979284849406;upstream_fdr_pass=True
split_001,ta_trend_macd,3,3,2,0.6666666666666666,-1,1.0,0.6666666666666666,-0.06970818031165912,-0.16306329822120563,0.10475863013461856,0.09098556761007662,True,0.0056320084409972,1.0,1.0,stable_core,eligible_windows=3;selection_frequency=0.667;direction_agreement=1.000;direction_adjusted_validation_positive_ratio=0.667;worst_development_degradation=0.09098556761007662;upstream_fdr_pass=True
split_001,ta_trend_macd_diff,3,3,0,0.0,1,0.6666666666666666,0.3333333333333333,0.005368978771525841,-0.045863528380161854,,,False,0.8280841699903727,1.0,1.0,holdout,eligible_windows=3;selection_frequency=0.000;direction_agreement=0.667;direction_adjusted_validation_positive_ratio=0.333;worst_development_degradation=nan;upstream_fdr_pass=False
split_001,ta_trend_macd_signal,3,3,2,0.6666666666666666,-1,1.0,0.6666666666666666,-0.0757033411738396,-0.153178449788311,0.09528484662488193,0.07084637929086772,True,0.0030657415978516,1.0,1.0,stable_core,eligible_windows=3;selection_frequency=0.667;direction_agreement=1.000;direction_adjusted_validation_positive_ratio=0.667;worst_development_degradation=0.07084637929086772;upstream_fdr_pass=True
split_001,ta_trend_mass_index,3,3,3,1.0,-1,1.0,1.0,-0.050191875660049755,-0.14690388959403688,0.10238283365154047,0.018213082199723216,True,0.0186444456830722,1.0,1.0,stable_core,eligible_windows=3;selection_frequency=1.000;direction_agreement=1.000;direction_adjusted_validation_positive_ratio=1.000;worst_development_degradation=0.018213082199723216;upstream_fdr_pass=True
split_001,ta_trend_psar_down,3,3,1,0.3333333333333333,-1,1.0,0.3333333333333333,-0.03990053175870164,0.0003084970463023744,0.008779799348675586,0.008779799348675586,True,0.0030657415978516,1.0,1.0,conditional_signal,eligible_windows=3;selection_frequency=0.333;direction_agreement=1.000;direction_adjusted_validation_positive_ratio=0.333;worst_development_degradation=0.008779799348675586;upstream_fdr_pass=True
split_001,ta_trend_psar_down_indicator,3,3,1,0.3333333333333333,-1,1.0,0.6666666666666666,-0.006034404436141083,-0.007577250176122485,0.0076482443861644695,0.0076482443861644695,True,0.0359461255875598,0.9974747474747475,0.999251497005988,conditional_signal,eligible_windows=3;selection_frequency=0.333;direction_agreement=1.000;direction_adjusted_validation_positive_ratio=0.667;worst_development_degradation=0.0076482443861644695;upstream_fdr_pass=True
split_001,ta_trend_psar_up,3,3,1,0.3333333333333333,-1,1.0,0.3333333333333333,-0.02903896616007937,0.020444578561679104,-0.00646877548017518,-0.00646877548017518,True,0.0134865134865134,0.9974747474747475,0.999251497005988,conditional_signal,eligible_windows=3;selection_frequency=0.333;direction_agreement=1.000;direction_adjusted_validation_positive_ratio=0.333;worst_development_degradation=-0.00646877548017518;upstream_fdr_pass=True
split_001,ta_trend_psar_up_indicator,3,3,1,0.3333333333333333,-1,1.0,0.6666666666666666,-0.0022505782333686344,-0.00951786537570643,0.016196184675562914,0.016196184675562914,True,0.0440373579908463,1.0,1.0,conditional_signal,eligible_windows=3;selection_frequency=0.333;direction_agreement=1.000;direction_adjusted_validation_positive_ratio=0.667;worst_development_degradation=0.016196184675562914;upstream_fdr_pass=True
split_001,ta_trend_sma_fast,3,3,1,0.3333333333333333,-1,1.0,0.3333333333333333,-0.03554484029505007,0.004278043585665798,0.0042873705922400265,0.0042873705922400265,True,0.0030657415978516,1.0,1.0,conditional_signal,eligible_windows=3;selection_frequency=0.333;direction_agreement=1.000;direction_adjusted_validation_positive_ratio=0.333;worst_development_degradation=0.0042873705922400265;upstream_fdr_pass=True
split_001,ta_trend_sma_slow,3,3,1,0.3333333333333333,-1,1.0,0.3333333333333333,-0.032180579299621696,0.009332319444060022,-0.0011568975981637933,-0.0011568975981637933,True,0.0056320084409972,1.0,1.0,conditional_signal,eligible_windows=3;selection_frequency=0.333;direction_agreement=1.000;direction_adjusted_validation_positive_ratio=0.333;worst_development_degradation=-0.0011568975981637933;upstream_fdr_pass=True
split_001,ta_trend_stc,3,3,0,0.0,-1,0.6666666666666666,0.6666666666666666,-0.0031242868616657826,-0.06560889696289393,,,False,0.5516888771605752,1.0,1.0,holdout,eligible_windows=3;selection_frequency=0.000;direction_agreement=0.667;direction_adjusted_validation_positive_ratio=0.667;worst_development_degradation=nan;upstream_fdr_pass=False
split_001,ta_trend_trix,3,3,2,0.6666666666666666,-1,1.0,0.6666666666666666,-0.0891582504873013,-0.19304184145602146,0.1149730069956604,0.10246957804896474,True,0.0030657415978516,1.0,1.0,stable_core,eligible_windows=3;selection_frequency=0.667;direction_agreement=1.000;direction_adjusted_validation_positive_ratio=0.667;worst_development_degradation=0.10246957804896474;upstream_fdr_pass=True
split_001,ta_trend_vortex_ind_diff,3,3,3,1.0,-1,1.0,1.0,-0.036631749854518336,-0.10741394383263894,0.0707821939781206,0.012263839002320594,True,0.0298241312440095,1.0,1.0,stable_core,eligible_windows=3;selection_frequency=1.000;direction_agreement=1.000;direction_adjusted_validation_positive_ratio=1.000;worst_development_degradation=0.012263839002320594;upstream_fdr_pass=True
split_001,ta_trend_vortex_ind_neg,3,3,3,1.0,1,1.0,1.0,0.039313214081227975,0.1101550588916194,0.07084184481039144,0.020354827382710924,True,0.0110337775432115,1.0,1.0,stable_core,eligible_windows=3;selection_frequency=1.000;direction_agreement=1.000;direction_adjusted_validation_positive_ratio=1.000;worst_development_degradation=0.020354827382710924;upstream_fdr_pass=True
split_001,ta_trend_vortex_ind_pos,3,3,3,1.0,-1,1.0,1.0,-0.0324362405270326,-0.09942817937452132,0.06699193884748872,0.002763460297646514,True,0.0489337252343032,1.0,1.0,stable_core,eligible_windows=3;selection_frequency=1.000;direction_agreement=1.000;direction_adjusted_validation_positive_ratio=1.000;worst_development_degradation=0.002763460297646514;upstream_fdr_pass=True
split_001,ta_volatility_atr,3,3,3,1.0,-1,1.0,1.0,-0.06455051574606557,-0.03756959497161583,-0.024333631375225866,-0.05326039907024503,True,0.0030657415978516,1.0,1.0,conditional_signal,eligible_windows=3;selection_frequency=1.000;direction_agreement=1.000;direction_adjusted_validation_positive_ratio=1.000;worst_development_degradation=-0.05326039907024503;upstream_fdr_pass=True
split_001,ta_volatility_bbh,3,3,1,0.3333333333333333,-1,1.0,0.3333333333333333,-0.03588544742464734,0.0034857842141025755,0.009608359671639768,0.009608359671639768,True,0.0070536323834476,1.0,1.0,conditional_signal,eligible_windows=3;selection_frequency=0.333;direction_agreement=1.000;direction_adjusted_validation_positive_ratio=0.333;worst_development_degradation=0.009608359671639768;upstream_fdr_pass=True
split_001,ta_volatility_bbhi,3,3,3,1.0,-1,1.0,1.0,-0.024731091841670803,-0.04292297336094304,0.018413269477664716,-0.003018401403554829,True,0.0030657415978516,1.0,1.0,stable_core,eligible_windows=3;selection_frequency=1.000;direction_agreement=1.000;direction_adjusted_validation_positive_ratio=1.000;worst_development_degradation=-0.003018401403554829;upstream_fdr_pass=True
split_001,ta_volatility_bbl,3,3,1,0.3333333333333333,-1,1.0,0.3333333333333333,-0.030452645826788693,0.012301951845850517,-0.011082049652140078,-0.011082049652140078,True,0.0110337775432115,1.0,1.0,conditional_signal,eligible_windows=3;selection_frequency=0.333;direction_agreement=1.000;direction_adjusted_validation_positive_ratio=0.333;worst_development_degradation=-0.011082049652140078;upstream_fdr_pass=True
split_001,ta_volatility_bbm,3,3,1,0.3333333333333333,-1,1.0,0.3333333333333333,-0.03364442938307586,0.00714558107021456,0.0005444959985196549,0.0005444959985196549,True,0.0056320084409972,1.0,1.0,conditional_signal,eligible_windows=3;selection_frequency=0.333;direction_agreement=1.000;direction_adjusted_validation_positive_ratio=0.333;worst_development_degradation=0.0005444959985196549;upstream_fdr_pass=True
split_001,ta_volatility_bbp,3,3,3,1.0,-1,1.0,1.0,-0.03412585711283438,-0.09807710642889902,0.06472351168271112,0.023166227212160592,True,0.0122629663914067,1.0,1.0,stable_core,eligible_windows=3;selection_frequency=1.000;direction_agreement=1.000;direction_adjusted_validation_positive_ratio=1.000;worst_development_degradation=0.023166227212160592;upstream_fdr_pass=True
split_001,ta_volatility_bbw,3,3,3,1.0,-1,1.0,1.0,-0.0546871735510598,-0.23249171439031832,0.1748199844349371,-0.013448307078325082,True,0.0097094189103874,1.0,1.0,stable_core,eligible_windows=3;selection_frequency=1.000;direction_agreement=1.000;direction_adjusted_validation_positive_ratio=1.000;worst_development_degradation=-0.013448307078325082;upstream_fdr_pass=True
split_001,ta_volatility_dch,3,3,1,0.3333333333333333,-1,1.0,0.3333333333333333,-0.037050218495256894,0.0017764863556891768,0.011178829103472829,0.011178829103472829,True,0.0043398160281277,1.0,1.0,conditional_signal,eligible_windows=3;selection_frequency=0.333;direction_agreement=1.000;direction_adjusted_validation_positive_ratio=0.333;worst_development_degradation=0.011178829103472829;upstream_fdr_pass=True
split_001,ta_volatility_dcl,3,3,1,0.3333333333333333,-1,1.0,0.3333333333333333,-0.03114421611820602,0.011223109863464207,-0.009172469718993319,-0.009172469718993319,True,0.0056320084409972,1.0,1.0,conditional_signal,eligible_windows=3;selection_frequency=0.333;direction_agreement=1.000;direction_adjusted_validation_positive_ratio=0.333;worst_development_degradation=-0.009172469718993319;upstream_fdr_pass=True
split_001,ta_volatility_dcm,3,3,1,0.3333333333333333,-1,1.0,0.3333333333333333,-0.034560464912048665,0.00577486506456594,0.002140504399968053,0.002140504399968053,True,0.0030657415978516,1.0,1.0,conditional_signal,eligible_windows=3;selection_frequency=0.333;direction_agreement=1.000;direction_adjusted_validation_positive_ratio=0.333;worst_development_degradation=0.002140504399968053;upstream_fdr_pass=True
split_001,ta_volatility_dcp,3,3,3,1.0,-1,1.0,1.0,-0.027944150419947605,-0.08652784815159406,0.0589988571814133,0.020186423900259612,True,0.0310537946901583,1.0,1.0,stable_core,eligible_windows=3;selection_frequency=1.000;direction_agreement=1.000;direction_adjusted_validation_positive_ratio=1.000;worst_development_degradation=0.020186423900259612;upstream_fdr_pass=True
split_001,ta_volatility_dcw,3,3,3,1.0,-1,1.0,1.0,-0.06676499737676794,-0.26802148607332765,0.19922373118053258,0.00465360024404729,True,0.0083961264865787,1.0,1.0,stable_core,eligible_windows=3;selection_frequency=1.000;direction_agreement=1.000;direction_adjusted_validation_positive_ratio=1.000;worst_development_degradation=0.00465360024404729;upstream_fdr_pass=True
split_001,ta_volatility_kcc,3,3,1,0.3333333333333333,-1,1.0,0.3333333333333333,-0.03588586728260977,0.003771170498570761,0.005327514563294333,0.005327514563294333,True,0.0056320084409972,1.0,1.0,conditional_signal,eligible_windows=3;selection_frequency=0.333;direction_agreement=1.000;direction_adjusted_validation_positive_ratio=0.333;worst_development_degradation=0.005327514563294333;upstream_fdr_pass=True
split_001,ta_volatility_kch,3,3,1,0.3333333333333333,-1,1.0,0.3333333333333333,-0.03738606690454222,0.0017911641363902928,0.009743603671023997,0.009743603671023997,True,0.0043398160281277,1.0,1.0,conditional_signal,eligible_windows=3;selection_frequency=0.333;direction_agreement=1.000;direction_adjusted_validation_positive_ratio=0.333;worst_development_degradation=0.009743603671023997;upstream_fdr_pass=True
split_001,ta_volatility_kcl,3,3,1,0.3333333333333333,-1,1.0,0.3333333333333333,-0.03419210010803527,0.0063966825435895925,0.0021746083745000783,0.0021746083745000783,True,0.0043398160281277,1.0,1.0,conditional_signal,eligible_windows=3;selection_frequency=0.333;direction_agreement=1.000;direction_adjusted_validation_positive_ratio=0.333;worst_development_degradation=0.0021746083745000783;upstream_fdr_pass=True
split_001,ta_volatility_kcli,3,3,0,0.0,1,1.0,1.0,0.009433286106044674,0.05487456489397645,,,False,0.1279784045741492,1.0,1.0,holdout,eligible_windows=3;selection_frequency=0.000;direction_agreement=1.000;direction_adjusted_validation_positive_ratio=1.000;worst_development_degradation=nan;upstream_fdr_pass=False
split_001,ta_volatility_kcp,3,3,0,0.0,-1,1.0,1.0,-0.01973156752402719,-0.07885722971064874,,,False,0.052393113578582,1.0,1.0,holdout,eligible_windows=3;selection_frequency=0.000;direction_agreement=1.000;direction_adjusted_validation_positive_ratio=1.000;worst_development_degradation=nan;upstream_fdr_pass=False
split_001,ta_volatility_kcw,3,3,3,1.0,-1,1.0,1.0,-0.09505198578099404,-0.28525639884754006,0.18802365570588053,0.0278179673288423,True,0.0056320084409972,1.0,1.0,stable_core,eligible_windows=3;selection_frequency=1.000;direction_agreement=1.000;direction_adjusted_validation_positive_ratio=1.000;worst_development_degradation=0.0278179673288423;upstream_fdr_pass=True
split_001,ta_volatility_ui,3,3,0,0.0,-1,1.0,0.6666666666666666,-0.004377673069004038,-0.10937841533438881,,,False,0.7002059478982555,1.0,1.0,holdout,eligible_windows=3;selection_frequency=0.000;direction_agreement=1.000;direction_adjusted_validation_positive_ratio=0.667;worst_development_degradation=nan;upstream_fdr_pass=False
split_001,ta_volume_adi,3,3,0,0.0,-1,1.0,0.3333333333333333,-0.024966891941575524,0.023135311112981925,,,False,0.1096016283182058,1.0,1.0,holdout,eligible_windows=3;selection_frequency=0.000;direction_agreement=1.000;direction_adjusted_validation_positive_ratio=0.333;worst_development_degradation=nan;upstream_fdr_pass=False
split_001,ta_volume_cmf,3,3,3,1.0,-1,1.0,1.0,-0.05004492438809996,-0.0757927044665131,0.02522759662651363,0.02040089500149672,True,0.0030657415978516,1.0,1.0,stable_core,eligible_windows=3;selection_frequency=1.000;direction_agreement=1.000;direction_adjusted_validation_positive_ratio=1.000;worst_development_degradation=0.02040089500149672;upstream_fdr_pass=True
split_001,ta_volume_em,3,3,0,0.0,-1,1.0,0.6666666666666666,-0.007588134148964293,-0.032436275175455796,,,False,0.0954759526188097,1.0,1.0,holdout,eligible_windows=3;selection_frequency=0.000;direction_agreement=1.000;direction_adjusted_validation_positive_ratio=0.667;worst_development_degradation=nan;upstream_fdr_pass=False
split_001,ta_volume_fi,3,3,3,1.0,-1,1.0,1.0,-0.049145066070771445,-0.12346429201624562,0.07735919947656922,0.0452124265846331,True,0.0030657415978516,1.0,1.0,stable_core,eligible_windows=3;selection_frequency=1.000;direction_agreement=1.000;direction_adjusted_validation_positive_ratio=1.000;worst_development_degradation=0.0452124265846331;upstream_fdr_pass=True
split_001,ta_volume_mfi,3,3,0,0.0,-1,1.0,1.0,-0.02773242232108789,-0.10215050307857385,,,False,0.0728864481175017,1.0,1.0,holdout,eligible_windows=3;selection_frequency=0.000;direction_agreement=1.000;direction_adjusted_validation_positive_ratio=1.000;worst_development_degradation=nan;upstream_fdr_pass=False
split_001,ta_volume_obv,3,3,0,0.0,-1,1.0,0.6666666666666666,-0.015387723865745037,-0.0681600494577199,,,False,0.4020598449169877,1.0,1.0,holdout,eligible_windows=3;selection_frequency=0.000;direction_agreement=1.000;direction_adjusted_validation_positive_ratio=0.667;worst_development_degradation=nan;upstream_fdr_pass=False
split_001,ta_volume_sma_em,3,3,2,0.6666666666666666,-1,1.0,1.0,-0.030576286700539322,-0.0814981168235031,0.059417090899030855,0.05092183012296377,True,0.0274468857631075,1.0,1.0,stable_core,eligible_windows=3;selection_frequency=0.667;direction_agreement=1.000;direction_adjusted_validation_positive_ratio=1.000;worst_development_degradation=0.05092183012296377;upstream_fdr_pass=True
split_001,ta_volume_vwap,3,3,1,0.3333333333333333,-1,1.0,0.3333333333333333,-0.03573315362663286,0.004248399850215438,0.004466733687211469,0.004466733687211469,True,0.0030657415978516,1.0,1.0,conditional_signal,eligible_windows=3;selection_frequency=0.333;direction_agreement=1.000;direction_adjusted_validation_positive_ratio=0.333;worst_development_degradation=0.004466733687211469;upstream_fdr_pass=True
split_001,volume_ratio_5_20,3,3,0,0.0,-1,1.0,1.0,-0.01021119153302169,-0.05592086249367181,,,False,0.0570681690226282,1.0,1.0,holdout,eligible_windows=3;selection_frequency=0.000;direction_agreement=1.000;direction_adjusted_validation_positive_ratio=1.000;worst_development_degradation=nan;upstream_fdr_pass=False
split_002,alpha158_BETA10,3,3,2,0.6666666666666666,-1,1.0,0.6666666666666666,-0.03585578324900534,-0.03601216924405977,0.035090530340953316,-0.00038841580108017054,True,0.0111654455329873,1.0,1.0,stable_core,eligible_windows=3;selection_frequency=0.667;direction_agreement=1.000;direction_adjusted_validation_positive_ratio=0.667;worst_development_degradation=-0.00038841580108017054;upstream_fdr_pass=True
split_002,alpha158_BETA20,3,3,2,0.6666666666666666,-1,1.0,1.0,-0.06338227703653072,-0.02659826246523267,-0.003357163093350681,-0.03463590432263098,True,0.0057285571571285,1.0,1.0,conditional_signal,eligible_windows=3;selection_frequency=0.667;direction_agreement=1.000;direction_adjusted_validation_positive_ratio=1.000;worst_development_degradation=-0.03463590432263098;upstream_fdr_pass=True
split_002,alpha158_BETA30,3,3,3,1.0,-1,1.0,1.0,-0.08428182664587278,-0.045947787779308975,-0.047064177645836085,-0.05385528486941868,True,0.0032131330208253,1.0,1.0,conditional_signal,eligible_windows=3;selection_frequency=1.000;direction_agreement=1.000;direction_adjusted_validation_positive_ratio=1.000;worst_development_degradation=-0.05385528486941868;upstream_fdr_pass=True
split_002,alpha158_BETA5,3,3,0,0.0,-1,1.0,0.6666666666666666,-0.019825819131377074,-0.04649636068684419,,,False,0.0684818028271538,1.0,1.0,holdout,eligible_windows=3;selection_frequency=0.000;direction_agreement=1.000;direction_adjusted_validation_positive_ratio=0.667;worst_development_degradation=nan;upstream_fdr_pass=False
split_002,alpha158_BETA60,3,3,2,0.6666666666666666,-1,1.0,0.6666666666666666,-0.07406474841727555,-0.012445447512227582,-0.00113090276999641,-0.055568611346746344,True,0.0125214364090242,1.0,1.0,conditional_signal,eligible_windows=3;selection_frequency=0.667;direction_agreement=1.000;direction_adjusted_validation_positive_ratio=0.667;worst_development_degradation=-0.055568611346746344;upstream_fdr_pass=True
split_002,alpha158_CNTD10,3,3,0,0.0,-1,1.0,1.0,-0.021421444547403863,-0.01815006667428677,,,False,0.0798007962187066,1.0,1.0,holdout,eligible_windows=3;selection_frequency=0.000;direction_agreement=1.000;direction_adjusted_validation_positive_ratio=1.000;worst_development_degradation=nan;upstream_fdr_pass=False
split_002,alpha158_CNTD20,3,3,0,0.0,-1,1.0,1.0,-0.03512826579873296,-0.014647566450185247,,,False,0.0641393155788549,1.0,1.0,holdout,eligible_windows=3;selection_frequency=0.000;direction_agreement=1.000;direction_adjusted_validation_positive_ratio=1.000;worst_development_degradation=nan;upstream_fdr_pass=False
split_002,alpha158_CNTD30,3,3,1,0.3333333333333333,-1,1.0,0.3333333333333333,-0.05014090792238772,0.010065141922084776,-0.010313910793517865,-0.010313910793517865,True,0.0204740554849964,1.0,1.0,conditional_signal,eligible_windows=3;selection_frequency=0.333;direction_agreement=1.000;direction_adjusted_validation_positive_ratio=0.333;worst_development_degradation=-0.010313910793517865;upstream_fdr_pass=True
split_002,alpha158_CNTD5,3,3,0,0.0,-1,1.0,1.0,-0.013202898252778284,-0.022395106759615105,,,False,0.1348597830740688,1.0,1.0,holdout,eligible_windows=3;selection_frequency=0.000;direction_agreement=1.000;direction_adjusted_validation_positive_ratio=1.000;worst_development_degradation=nan;upstream_fdr_pass=False
split_002,alpha158_CNTD60,3,3,0,0.0,-1,1.0,0.3333333333333333,-0.046438847374683054,0.02331583074876672,,,False,0.0604069007915161,1.0,1.0,holdout,eligible_windows=3;selection_frequency=0.000;direction_agreement=1.000;direction_adjusted_validation_positive_ratio=0.333;worst_development_degradation=nan;upstream_fdr_pass=False
split_002,alpha158_CNTN10,3,3,0,0.0,1,1.0,0.6666666666666666,0.015121390834951407,0.024421517904274197,,,False,0.2507662117169757,1.0,1.0,holdout,eligible_windows=3;selection_frequency=0.000;direction_agreement=1.000;direction_adjusted_validation_positive_ratio=0.667;worst_development_degradation=nan;upstream_fdr_pass=False
split_002,alpha158_CNTN20,3,3,0,0.0,1,1.0,0.6666666666666666,0.025816124780492476,0.016256828610745046,,,False,0.1538689781220537,1.0,1.0,holdout,eligible_windows=3;selection_frequency=0.000;direction_agreement=1.000;direction_adjusted_validation_positive_ratio=0.667;worst_development_degradation=nan;upstream_fdr_pass=False
split_002,alpha158_CNTN30,3,3,0,0.0,1,1.0,0.3333333333333333,0.037318761249015876,-0.004759423526499858,,,False,0.1008573244936881,1.0,1.0,holdout,eligible_windows=3;selection_frequency=0.000;direction_agreement=1.000;direction_adjusted_validation_positive_ratio=0.333;worst_development_degradation=nan;upstream_fdr_pass=False
split_002,alpha158_CNTN60,3,3,0,0.0,1,1.0,0.0,0.02975444820625571,-0.020090756613841926,,,False,0.29925298582015,1.0,1.0,holdout,eligible_windows=3;selection_frequency=0.000;direction_agreement=1.000;direction_adjusted_validation_positive_ratio=0.000;worst_development_degradation=nan;upstream_fdr_pass=False
split_002,alpha158_CNTP10,3,3,3,1.0,-1,1.0,1.0,-0.02692904802369431,-0.040250465418770684,0.013321417395076373,-0.015924436000301675,True,0.0253796836075317,1.0,1.0,stable_core,eligible_windows=3;selection_frequency=1.000;direction_agreement=1.000;direction_adjusted_validation_positive_ratio=1.000;worst_development_degradation=-0.015924436000301675;upstream_fdr_pass=True
split_002,alpha158_CNTP20,3,3,2,0.6666666666666666,-1,1.0,1.0,-0.043896800911424984,-0.03500706837837448,-0.004724864302031798,-0.01508587385451942,True,0.0111654455329873,1.0,1.0,stable_core,eligible_windows=3;selection_frequency=0.667;direction_agreement=1.000;direction_adjusted_validation_positive_ratio=1.000;worst_development_degradation=-0.01508587385451942;upstream_fdr_pass=True
split_002,alpha158_CNTP30,3,3,1,0.3333333333333333,-1,1.0,0.3333333333333333,-0.06072015905876752,0.003452759236358051,0.02111802983350613,0.02111802983350613,True,0.004396918870603,1.0,1.0,conditional_signal,eligible_windows=3;selection_frequency=0.333;direction_agreement=1.000;direction_adjusted_validation_positive_ratio=0.333;worst_development_degradation=0.02111802983350613;upstream_fdr_pass=True
split_002,alpha158_CNTP5,3,3,3,1.0,-1,1.0,1.0,-0.017661718485566587,-0.029137686605390713,0.011475968119824126,-0.0008202827559665032,True,0.0313706701461803,1.0,1.0,stable_core,eligible_windows=3;selection_frequency=1.000;direction_agreement=1.000;direction_adjusted_validation_positive_ratio=1.000;worst_development_degradation=-0.0008202827559665032;upstream_fdr_pass=True
split_002,alpha158_CNTP60,3,3,1,0.3333333333333333,-1,1.0,0.3333333333333333,-0.06024934585636582,0.029919443201763436,0.013312721156818946,0.013312721156818946,True,0.0138594124769239,1.0,1.0,conditional_signal,eligible_windows=3;selection_frequency=0.333;direction_agreement=1.000;direction_adjusted_validation_positive_ratio=0.333;worst_development_degradation=0.013312721156818946;upstream_fdr_pass=True
split_002,alpha158_CORD10,3,3,2,0.6666666666666666,-1,1.0,0.6666666666666666,-0.032202646906584684,-0.05755443215447657,0.036980865157749024,0.02806886595975327,True,0.004396918870603,1.0,1.0,stable_core,eligible_windows=3;selection_frequency=0.667;direction_agreement=1.000;direction_adjusted_validation_positive_ratio=0.667;worst_development_degradation=0.02806886595975327;upstream_fdr_pass=True
split_002,alpha158_CORD20,3,3,2,0.6666666666666666,-1,1.0,0.6666666666666666,-0.05194564064676526,-0.04844225742883791,0.032000361448808606,-0.0035033832179273486,True,0.0032131330208253,1.0,1.0,stable_core,eligible_windows=3;selection_frequency=0.667;direction_agreement=1.000;direction_adjusted_validation_positive_ratio=0.667;worst_development_degradation=-0.0035033832179273486;upstream_fdr_pass=True
split_002,alpha158_CORD30,3,3,2,0.6666666666666666,-1,1.0,0.6666666666666666,-0.06252102456022916,-0.027655990303827687,0.026842150666273552,-0.03540813428715221,True,0.0032131330208253,1.0,1.0,conditional_signal,eligible_windows=3;selection_frequency=0.667;direction_agreement=1.000;direction_adjusted_validation_positive_ratio=0.667;worst_development_degradation=-0.03540813428715221;upstream_fdr_pass=True
split_002,alpha158_CORD5,3,3,2,0.6666666666666666,-1,1.0,0.6666666666666666,-0.02006387933920454,-0.04905898386186349,0.035541318577793676,0.02899510452265895,True,0.0070166054418022,1.0,1.0,stable_core,eligible_windows=3;selection_frequency=0.667;direction_agreement=1.000;direction_adjusted_validation_positive_ratio=0.667;worst_development_degradation=0.02899510452265895;upstream_fdr_pass=True
split_002,alpha158_CORD60,3,3,1,0.3333333333333333,-1,1.0,0.3333333333333333,-0.05019815348723354,0.0016041869606095848,0.11403001655945263,0.11403001655945263,True,0.0032131330208253,1.0,1.0,conditional_signal,eligible_windows=3;selection_frequency=0.333;direction_agreement=1.000;direction_adjusted_validation_positive_ratio=0.333;worst_development_degradation=0.11403001655945263;upstream_fdr_pass=True
split_002,alpha158_CORR10,3,3,2,0.6666666666666666,-1,1.0,0.6666666666666666,-0.041815113100898554,-0.032965208989814615,0.028531363543747433,-0.00884990411108394,True,0.0032131330208253,1.0,1.0,stable_core,eligible_windows=3;selection_frequency=0.667;direction_agreement=1.000;direction_adjusted_validation_positive_ratio=0.667;worst_development_degradation=-0.00884990411108394;upstream_fdr_pass=True
split_002,alpha158_CORR20,3,3,1,0.3333333333333333,-1,1.0,0.3333333333333333,-0.046697339953037285,0.010794310332349774,0.0820214645964012,0.0820214645964012,True,0.0057285571571285,1.0,1.0,conditional_signal,eligible_windows=3;selection_frequency=0.333;direction_agreement=1.000;direction_adjusted_validation_positive_ratio=0.333;worst_development_degradation=0.0820214645964012;upstream_fdr_pass=True
split_002,alpha158_CORR30,3,3,1,0.3333333333333333,-1,1.0,0.3333333333333333,-0.03371805643703458,0.02084753667131046,0.08887457715381936,0.08887457715381936,True,0.0152239559984434,1.0,1.0,conditional_signal,eligible_windows=3;selection_frequency=0.333;direction_agreement=1.000;direction_adjusted_validation_positive_ratio=0.333;worst_development_degradation=0.08887457715381936;upstream_fdr_pass=True
split_002,alpha158_CORR5,3,3,2,0.6666666666666666,-1,1.0,0.6666666666666666,-0.027091954353871812,-0.0427704707435559,0.03074994806113689,0.016257871553872795,True,0.0032131330208253,1.0,1.0,stable_core,eligible_windows=3;selection_frequency=0.667;direction_agreement=1.000;direction_adjusted_validation_positive_ratio=0.667;worst_development_degradation=0.016257871553872795;upstream_fdr_pass=True
split_002,alpha158_CORR60,3,3,0,0.0,-1,1.0,0.3333333333333333,-0.013386866309738545,0.03852785050892389,,,False,0.4048859056936602,1.0,1.0,holdout,eligible_windows=3;selection_frequency=0.000;direction_agreement=1.000;direction_adjusted_validation_positive_ratio=0.333;worst_development_degradation=nan;upstream_fdr_pass=False
split_002,alpha158_HIGH0,3,3,2,0.6666666666666666,-1,1.0,0.6666666666666666,-0.045468941437401225,-0.025124431243643525,0.04564570473665497,-0.010225952931576666,True,0.0057285571571285,1.0,1.0,stable_core,eligible_windows=3;selection_frequency=0.667;direction_agreement=1.000;direction_adjusted_validation_positive_ratio=0.667;worst_development_degradation=-0.010225952931576666;upstream_fdr_pass=True
split_002,alpha158_IMAX10,3,3,3,1.0,-1,1.0,1.0,-0.02574725217341353,-0.02876804146265071,0.002085162324389815,0.001993649321586636,True,0.0164466406077144,1.0,1.0,stable_core,eligible_windows=3;selection_frequency=1.000;direction_agreement=1.000;direction_adjusted_validation_positive_ratio=1.000;worst_development_degradation=0.001993649321586636;upstream_fdr_pass=True
split_002,alpha158_IMAX20,3,3,3,1.0,-1,1.0,1.0,-0.05205465060375445,-0.04410057950230719,-0.015217259126944806,-0.027857698775053813,True,0.0084385311658038,1.0,1.0,stable_core,eligible_windows=3;selection_frequency=1.000;direction_agreement=1.000;direction_adjusted_validation_positive_ratio=1.000;worst_development_degradation=-0.027857698775053813;upstream_fdr_pass=True
split_002,alpha158_IMAX30,3,3,3,1.0,-1,1.0,1.0,-0.07002634163650957,-0.03780020437020156,-0.03222613726630801,-0.06769836968193252,True,0.0057285571571285,1.0,1.0,conditional_signal,eligible_windows=3;selection_frequency=1.000;direction_agreement=1.000;direction_adjusted_validation_positive_ratio=1.000;worst_development_degradation=-0.06769836968193252;upstream_fdr_pass=True
split_002,alpha158_IMAX60,3,3,2,0.6666666666666666,-1,1.0,0.6666666666666666,-0.04849207863066971,-0.033058558063998614,0.01704927764306932,-0.01134659905570256,True,0.0164466406077144,1.0,1.0,stable_core,eligible_windows=3;selection_frequency=0.667;direction_agreement=1.000;direction_adjusted_validation_positive_ratio=0.667;worst_development_degradation=-0.01134659905570256;upstream_fdr_pass=True
split_002,alpha158_IMIN10,3,3,3,1.0,1,1.0,1.0,0.023875787537953382,0.028414460417688536,0.004538672879735153,-0.011746352238866362,True,0.0084385311658038,1.0,1.0,stable_core,eligible_windows=3;selection_frequency=1.000;direction_agreement=1.000;direction_adjusted_validation_positive_ratio=1.000;worst_development_degradation=-0.011746352238866362;upstream_fdr_pass=True
split_002,alpha158_IMIN20,3,3,2,0.6666666666666666,1,1.0,0.6666666666666666,0.04356012539136872,0.023788084678962283,0.0075688648454267995,-0.019772040712406437,True,0.0097566666909732,1.0,1.0,stable_core,eligible_windows=3;selection_frequency=0.667;direction_agreement=1.000;direction_adjusted_validation_positive_ratio=0.667;worst_development_degradation=-0.019772040712406437;upstream_fdr_pass=True
split_002,alpha158_IMIN30,3,3,2,0.6666666666666666,1,1.0,0.6666666666666666,0.06173634579750908,0.05498688793271865,-0.009033951387137334,-0.01333050986508319,True,0.0070166054418022,1.0,1.0,stable_core,eligible_windows=3;selection_frequency=0.667;direction_agreement=1.000;direction_adjusted_validation_positive_ratio=0.667;worst_development_degradation=-0.01333050986508319;upstream_fdr_pass=True
split_002,alpha158_IMIN5,3,3,0,0.0,1,1.0,1.0,0.01289899739534007,0.011939701340058916,,,False,0.0592355621257355,1.0,1.0,holdout,eligible_windows=3;selection_frequency=0.000;direction_agreement=1.000;direction_adjusted_validation_positive_ratio=1.000;worst_development_degradation=nan;upstream_fdr_pass=False
split_002,alpha158_IMIN60,3,3,1,0.3333333333333333,1,1.0,0.6666666666666666,0.07395100073937116,0.006780091890219632,0.023177998031877964,0.023177998031877964,True,0.0057285571571285,1.0,1.0,conditional_signal,eligible_windows=3;selection_frequency=0.333;direction_agreement=1.000;direction_adjusted_validation_positive_ratio=0.667;worst_development_degradation=0.023177998031877964;upstream_fdr_pass=True
split_002,alpha158_IMXD10,3,3,3,1.0,-1,1.0,1.0,-0.026840535728007642,-0.03152428188966557,0.004683746161657929,-0.001980312632821373,True,0.0177826607981818,1.0,1.0,stable_core,eligible_windows=3;selection_frequency=1.000;direction_agreement=1.000;direction_adjusted_validation_positive_ratio=1.000;worst_development_degradation=-0.001980312632821373;upstream_fdr_pass=True
split_002,alpha158_IMXD20,3,3,3,1.0,-1,1.0,1.0,-0.05475557819117878,-0.04747985826606749,-0.0031923167936052654,-0.028281410817425794,True,0.0084385311658038,1.0,1.0,stable_core,eligible_windows=3;selection_frequency=1.000;direction_agreement=1.000;direction_adjusted_validation_positive_ratio=1.000;worst_development_degradation=-0.028281410817425794;upstream_fdr_pass=True
split_002,alpha158_IMXD30,3,3,3,1.0,-1,1.0,1.0,-0.07695906925779414,-0.043013039942578254,-0.02593121543323515,-0.05853056503813183,True,0.004396918870603,1.0,1.0,conditional_signal,eligible_windows=3;selection_frequency=1.000;direction_agreement=1.000;direction_adjusted_validation_positive_ratio=1.000;worst_development_degradation=-0.05853056503813183;upstream_fdr_pass=True
split_002,alpha158_IMXD5,3,3,0,0.0,-1,1.0,1.0,-0.014292330656063001,-0.017389466689620825,,,False,0.0753757520674813,1.0,1.0,holdout,eligible_windows=3;selection_frequency=0.000;direction_agreement=1.000;direction_adjusted_validation_positive_ratio=1.000;worst_development_degradation=nan;upstream_fdr_pass=False
split_002,alpha158_IMXD60,3,3,1,0.3333333333333333,-1,1.0,0.6666666666666666,-0.07237652320793743,-0.0004356710748289375,0.05255987372276495,0.05255987372276495,True,0.004396918870603,1.0,1.0,conditional_signal,eligible_windows=3;selection_frequency=0.333;direction_agreement=1.000;direction_adjusted_validation_positive_ratio=0.667;worst_development_degradation=0.05255987372276495;upstream_fdr_pass=True
split_002,alpha158_KLEN,3,3,2,0.6666666666666666,-1,1.0,0.6666666666666666,-0.08456673256970353,-0.06823558519651451,0.05842896117649594,-0.004428837449776346,True,0.0032131330208253,1.0,1.0,stable_core,eligible_windows=3;selection_frequency=0.667;direction_agreement=1.000;direction_adjusted_validation_positive_ratio=0.667;worst_development_degradation=-0.004428837449776346;upstream_fdr_pass=True
split_002,alpha158_KLOW,3,3,2,0.6666666666666666,-1,1.0,0.6666666666666666,-0.04321111617954229,-0.03333947638784894,0.011687719173361134,-0.006352538533615934,True,0.0032131330208253,1.0,1.0,stable_core,eligible_windows=3;selection_frequency=0.667;direction_agreement=1.000;direction_adjusted_validation_positive_ratio=0.667;worst_development_degradation=-0.006352538533615934;upstream_fdr_pass=True
split_002,alpha158_KLOW2,3,3,0,0.0,1,1.0,0.6666666666666666,0.0023631892787628565,0.011614723649781418,,,False,0.2258185500506319,1.0,1.0,holdout,eligible_windows=3;selection_frequency=0.000;direction_agreement=1.000;direction_adjusted_validation_positive_ratio=0.667;worst_development_degradation=nan;upstream_fdr_pass=False
split_002,alpha158_KMID,3,3,0,0.0,-1,1.0,0.6666666666666666,-0.013176804883052453,-0.02366349456473905,,,False,0.0580597009168437,1.0,1.0,holdout,eligible_windows=3;selection_frequency=0.000;direction_agreement=1.000;direction_adjusted_validation_positive_ratio=0.667;worst_development_degradation=nan;upstream_fdr_pass=False
split_002,alpha158_KMID2,3,3,2,0.6666666666666666,-1,1.0,1.0,-0.011229786939711916,-0.01404117630059297,0.014310137105627077,0.0035873854693471343,True,0.049602741008991,1.0,1.0,stable_core,eligible_windows=3;selection_frequency=0.667;direction_agreement=1.000;direction_adjusted_validation_positive_ratio=1.000;worst_development_degradation=0.0035873854693471343;upstream_fdr_pass=True
split_002,alpha158_KSFT,3,3,0,0.0,-1,1.0,0.6666666666666666,-0.0058595679445491685,-0.02200051619332117,,,False,0.7592820024012684,1.0,1.0,holdout,eligible_windows=3;selection_frequency=0.000;direction_agreement=1.000;direction_adjusted_validation_positive_ratio=0.667;worst_development_degradation=nan;upstream_fdr_pass=False
split_002,alpha158_KSFT2,3,3,0,0.0,-1,1.0,0.6666666666666666,-0.008781900853323532,-0.02266843502280559,,,False,0.1580118655425135,1.0,1.0,holdout,eligible_windows=3;selection_frequency=0.000;direction_agreement=1.000;direction_adjusted_validation_positive_ratio=0.667;worst_development_degradation=nan;upstream_fdr_pass=False
split_002,alpha158_KUP,3,3,2,0.6666666666666666,-1,1.0,0.6666666666666666,-0.04571212466600428,-0.03799795383908512,0.028810848056295107,0.0003390103465512953,True,0.0032131330208253,1.0,1.0,stable_core,eligible_windows=3;selection_frequency=0.667;direction_agreement=1.000;direction_adjusted_validation_positive_ratio=0.667;worst_development_degradation=0.0003390103465512953;upstream_fdr_pass=True
split_002,alpha158_KUP2,3,3,0,0.0,-1,1.0,0.6666666666666666,-0.0029162971711160033,-0.006111704701819862,,,False,0.3710542704049197,1.0,1.0,holdout,eligible_windows=3;selection_frequency=0.000;direction_agreement=1.000;direction_adjusted_validation_positive_ratio=0.667;worst_development_degradation=nan;upstream_fdr_pass=False
split_002,alpha158_LOW0,3,3,2,0.6666666666666666,1,1.0,0.6666666666666666,0.05348518982154675,0.05508459270405007,0.029182449473883938,0.007090789631108145,True,0.0032131330208253,1.0,1.0,stable_core,eligible_windows=3;selection_frequency=0.667;direction_agreement=1.000;direction_adjusted_validation_positive_ratio=0.667;worst_development_degradation=0.007090789631108145;upstream_fdr_pass=True
split_002,alpha158_MA10,3,3,2,0.6666666666666666,1,1.0,0.6666666666666666,0.029276579758031697,0.048464752060339636,0.04410808093557882,0.01918817230230794,True,0.0288785288785288,1.0,1.0,stable_core,eligible_windows=3;selection_frequency=0.667;direction_agreement=1.000;direction_adjusted_validation_positive_ratio=0.667;worst_development_degradation=0.01918817230230794;upstream_fdr_pass=True
split_002,alpha158_MA20,3,3,2,0.6666666666666666,1,1.0,0.6666666666666666,0.05198828114319229,0.04546248810761346,0.026441243323179438,-0.0065257930355788266,True,0.0070166054418022,1.0,1.0,stable_core,eligible_windows=3;selection_frequency=0.667;direction_agreement=1.000;direction_adjusted_validation_positive_ratio=0.667;worst_development_degradation=-0.0065257930355788266;upstream_fdr_pass=True
split_002,alpha158_MA30,3,3,3,1.0,1,1.0,1.0,0.07227545692819529,0.047521226708373936,-0.021175178142780283,-0.0505440154484017,True,0.004396918870603,1.0,1.0,conditional_signal,eligible_windows=3;selection_frequency=1.000;direction_agreement=1.000;direction_adjusted_validation_positive_ratio=1.000;worst_development_degradation=-0.0505440154484017;upstream_fdr_pass=True
split_002,alpha158_MA5,3,3,0,0.0,1,1.0,0.6666666666666666,0.016588998129829214,0.051331418924844795,,,False,0.1269590624429334,1.0,1.0,holdout,eligible_windows=3;selection_frequency=0.000;direction_agreement=1.000;direction_adjusted_validation_positive_ratio=0.667;worst_development_degradation=nan;upstream_fdr_pass=False
split_002,alpha158_MA60,3,3,3,1.0,1,1.0,1.0,0.09221902713472571,0.03959777344313157,-0.04339248188418177,-0.07177970199765968,True,0.004396918870603,1.0,1.0,conditional_signal,eligible_windows=3;selection_frequency=1.000;direction_agreement=1.000;direction_adjusted_validation_positive_ratio=1.000;worst_development_degradation=-0.07177970199765968;upstream_fdr_pass=True
split_002,alpha158_MAX10,3,3,0,0.0,-1,1.0,0.3333333333333333,-0.02742110256521861,0.03668394974278331,,,False,0.0545047185823884,1.0,1.0,holdout,eligible_windows=3;selection_frequency=0.000;direction_agreement=1.000;direction_adjusted_validation_positive_ratio=0.333;worst_development_degradation=nan;upstream_fdr_pass=False
split_002,alpha158_MAX20,3,3,0,0.0,-1,0.6666666666666666,0.6666666666666666,-0.00627970393939506,0.05104005377389218,,,False,0.3325304385663276,1.0,1.0,holdout,eligible_windows=3;selection_frequency=0.000;direction_agreement=0.667;direction_adjusted_validation_positive_ratio=0.667;worst_development_degradation=nan;upstream_fdr_pass=False
split_002,alpha158_MAX30,3,3,0,0.0,1,1.0,0.6666666666666666,0.01364690591382489,0.0502550091636238,,,False,0.901541057130181,1.0,1.0,holdout,eligible_windows=3;selection_frequency=0.000;direction_agreement=1.000;direction_adjusted_validation_positive_ratio=0.667;worst_development_degradation=nan;upstream_fdr_pass=False
split_002,alpha158_MAX5,3,3,1,0.3333333333333333,-1,1.0,0.3333333333333333,-0.038241475203392494,0.008441833887339125,0.10929543334355318,0.10929543334355318,True,0.0125214364090242,1.0,1.0,conditional_signal,eligible_windows=3;selection_frequency=0.333;direction_agreement=1.000;direction_adjusted_validation_positive_ratio=0.333;worst_development_degradation=0.10929543334355318;upstream_fdr_pass=True
split_002,alpha158_MAX60,3,3,0,0.0,1,1.0,0.6666666666666666,0.029998114209238105,0.016651984258886303,,,False,0.676646836833462,1.0,1.0,holdout,eligible_windows=3;selection_frequency=0.000;direction_agreement=1.000;direction_adjusted_validation_positive_ratio=0.667;worst_development_degradation=nan;upstream_fdr_pass=False
split_002,alpha158_MIN10,3,3,2,0.6666666666666666,1,1.0,0.6666666666666666,0.06717683409552201,0.10646072721354786,0.050607053309477255,0.0500024131728283,True,0.0032131330208253,1.0,1.0,stable_core,eligible_windows=3;selection_frequency=0.667;direction_agreement=1.000;direction_adjusted_validation_positive_ratio=0.667;worst_development_degradation=0.0500024131728283;upstream_fdr_pass=True
split_002,alpha158_MIN20,3,3,2,0.6666666666666666,1,1.0,0.6666666666666666,0.07748163989690149,0.11209275868710256,0.040113550790737265,0.03549644637815365,True,0.0032131330208253,1.0,1.0,stable_core,eligible_windows=3;selection_frequency=0.667;direction_agreement=1.000;direction_adjusted_validation_positive_ratio=0.667;worst_development_degradation=0.03549644637815365;upstream_fdr_pass=True
split_002,alpha158_MIN30,3,3,2,0.6666666666666666,1,1.0,0.6666666666666666,0.08942076293633686,0.09807143201641805,0.027797248249250978,0.01578276006465798,True,0.0032131330208253,1.0,1.0,stable_core,eligible_windows=3;selection_frequency=0.667;direction_agreement=1.000;direction_adjusted_validation_positive_ratio=0.667;worst_development_degradation=0.01578276006465798;upstream_fdr_pass=True
split_002,alpha158_MIN5,3,3,2,0.6666666666666666,1,1.0,0.6666666666666666,0.06069205796992209,0.09004553872387952,0.04586196561657169,0.038310590362378376,True,0.0032131330208253,1.0,1.0,stable_core,eligible_windows=3;selection_frequency=0.667;direction_agreement=1.000;direction_adjusted_validation_positive_ratio=0.667;worst_development_degradation=0.038310590362378376;upstream_fdr_pass=True
split_002,alpha158_MIN60,3,3,2,0.6666666666666666,1,1.0,0.6666666666666666,0.09996910793063363,0.05771618223245012,0.023419734978030293,-0.03889131200030399,True,0.0032131330208253,1.0,1.0,conditional_signal,eligible_windows=3;selection_frequency=0.667;direction_agreement=1.000;direction_adjusted_validation_positive_ratio=0.667;worst_development_degradation=-0.03889131200030399;upstream_fdr_pass=True
split_002,alpha158_OPEN0,3,3,0,0.0,1,1.0,0.6666666666666666,0.013176980368495798,0.023663586281308466,,,False,0.0675984321022488,1.0,1.0,holdout,eligible_windows=3;selection_frequency=0.000;direction_agreement=1.000;direction_adjusted_validation_positive_ratio=0.667;worst_development_degradation=nan;upstream_fdr_pass=False
split_002,alpha158_QTLD10,3,3,3,1.0,1,1.0,1.0,0.043981711145366295,0.04073983210736058,-0.003904453359901562,-0.03233578916554805,True,0.0032131330208253,1.0,1.0,conditional_signal,eligible_windows=3;selection_frequency=1.000;direction_agreement=1.000;direction_adjusted_validation_positive_ratio=1.000;worst_development_degradation=-0.03233578916554805;upstream_fdr_pass=True
split_002,alpha158_QTLD20,3,3,3,1.0,1,1.0,1.0,0.06432158218764092,0.044640108305638505,-0.021189129957876522,-0.04247273446351956,True,0.0032131330208253,1.0,1.0,conditional_signal,eligible_windows=3;selection_frequency=1.000;direction_agreement=1.000;direction_adjusted_validation_positive_ratio=1.000;worst_development_degradation=-0.04247273446351956;upstream_fdr_pass=True
split_002,alpha158_QTLD30,3,3,3,1.0,1,1.0,1.0,0.07992096569570309,0.06224094847728142,-0.019698752080291086,-0.06107766227727607,True,0.0032131330208253,1.0,1.0,conditional_signal,eligible_windows=3;selection_frequency=1.000;direction_agreement=1.000;direction_adjusted_validation_positive_ratio=1.000;worst_development_degradation=-0.06107766227727607;upstream_fdr_pass=True
split_002,alpha158_QTLD5,3,3,3,1.0,1,1.0,1.0,0.03171750826108402,0.03741855122572831,0.005542299823258955,-0.010979865572001639,True,0.0032131330208253,1.0,1.0,stable_core,eligible_windows=3;selection_frequency=1.000;direction_agreement=1.000;direction_adjusted_validation_positive_ratio=1.000;worst_development_degradation=-0.010979865572001639;upstream_fdr_pass=True
split_002,alpha158_QTLD60,3,3,3,1.0,1,1.0,1.0,0.10230419752218037,0.046938388547588326,-0.0607410930634304,-0.08375066734137206,True,0.0032131330208253,1.0,1.0,conditional_signal,eligible_windows=3;selection_frequency=1.000;direction_agreement=1.000;direction_adjusted_validation_positive_ratio=1.000;worst_development_degradation=-0.08375066734137206;upstream_fdr_pass=True
split_002,alpha158_QTLU10,3,3,0,0.0,1,1.0,0.6666666666666666,0.012589410818605777,0.07545883629992015,,,False,0.4975120725919448,1.0,1.0,holdout,eligible_windows=3;selection_frequency=0.000;direction_agreement=1.000;direction_adjusted_validation_positive_ratio=0.667;worst_development_degradation=nan;upstream_fdr_pass=False
split_002,alpha158_QTLU20,3,3,0,0.0,1,1.0,0.6666666666666666,0.03518654520583241,0.06692995145129234,,,False,0.0731381825721448,1.0,1.0,holdout,eligible_windows=3;selection_frequency=0.000;direction_agreement=1.000;direction_adjusted_validation_positive_ratio=0.667;worst_development_degradation=nan;upstream_fdr_pass=False
split_002,alpha158_QTLU30,3,3,2,0.6666666666666666,1,1.0,0.6666666666666666,0.053773258697882444,0.05335383854333623,0.014858403535532454,0.00536479025476027,True,0.0240712677153355,1.0,1.0,stable_core,eligible_windows=3;selection_frequency=0.667;direction_agreement=1.000;direction_adjusted_validation_positive_ratio=0.667;worst_development_degradation=0.00536479025476027;upstream_fdr_pass=True
split_002,alpha158_QTLU5,3,3,0,0.0,1,0.6666666666666666,0.3333333333333333,0.0005565151058009673,0.04307632340264839,,,False,0.6817602799055658,1.0,1.0,holdout,eligible_windows=3;selection_frequency=0.000;direction_agreement=0.667;direction_adjusted_validation_positive_ratio=0.333;worst_development_degradation=nan;upstream_fdr_pass=False
split_002,alpha158_QTLU60,3,3,3,1.0,1,1.0,1.0,0.07396195046466068,0.035701205529970796,-0.03826074493468989,-0.058242199389172813,True,0.0164466406077144,1.0,1.0,conditional_signal,eligible_windows=3;selection_frequency=1.000;direction_agreement=1.000;direction_adjusted_validation_positive_ratio=1.000;worst_development_degradation=-0.058242199389172813;upstream_fdr_pass=True
split_002,alpha158_RANK10,3,3,3,1.0,-1,1.0,1.0,-0.02520920663022595,-0.02971891124999208,0.0024511791770357103,-0.005115234899506604,True,0.0164466406077144,1.0,1.0,stable_core,eligible_windows=3;selection_frequency=1.000;direction_agreement=1.000;direction_adjusted_validation_positive_ratio=1.000;worst_development_degradation=-0.005115234899506604;upstream_fdr_pass=True
split_002,alpha158_RANK20,3,3,3,1.0,-1,1.0,1.0,-0.04403346626608975,-0.04268519977090585,-0.0013482664951838946,-0.013965227377974461,True,0.0084385311658038,1.0,1.0,stable_core,eligible_windows=3;selection_frequency=1.000;direction_agreement=1.000;direction_adjusted_validation_positive_ratio=1.000;worst_development_degradation=-0.013965227377974461;upstream_fdr_pass=True
split_002,alpha158_RANK30,3,3,3,1.0,-1,1.0,1.0,-0.05963145061328089,-0.04153290227727913,-0.01809854833600176,-0.021034752619826104,True,0.004396918870603,1.0,1.0,stable_core,eligible_windows=3;selection_frequency=1.000;direction_agreement=1.000;direction_adjusted_validation_positive_ratio=1.000;worst_development_degradation=-0.021034752619826104;upstream_fdr_pass=True
split_002,alpha158_RANK60,3,3,3,1.0,-1,1.0,1.0,-0.0830141559459357,-0.04467725802917288,-0.04716281126082148,-0.0498171629264802,True,0.0032131330208253,1.0,1.0,conditional_signal,eligible_windows=3;selection_frequency=1.000;direction_agreement=1.000;direction_adjusted_validation_positive_ratio=1.000;worst_development_degradation=-0.0498171629264802;upstream_fdr_pass=True
split_002,alpha158_RESI10,3,3,0,0.0,-1,0.6666666666666666,0.0,-0.0011825589511613146,0.010205776801669245,,,False,0.8604391070351736,1.0,1.0,holdout,eligible_windows=3;selection_frequency=0.000;direction_agreement=0.667;direction_adjusted_validation_positive_ratio=0.000;worst_development_degradation=nan;upstream_fdr_pass=False
split_002,alpha158_RESI20,3,3,0,0.0,1,1.0,0.3333333333333333,0.007160341666385507,-0.03280242758495424,,,False,0.5613146664952002,1.0,1.0,holdout,eligible_windows=3;selection_frequency=0.000;direction_agreement=1.000;direction_adjusted_validation_positive_ratio=0.333;worst_development_degradation=nan;upstream_fdr_pass=False
split_002,alpha158_RESI30,3,3,0,0.0,1,1.0,0.3333333333333333,0.009038732179726946,-0.029904292922142816,,,False,0.6807464980839594,1.0,1.0,holdout,eligible_windows=3;selection_frequency=0.000;direction_agreement=1.000;direction_adjusted_validation_positive_ratio=0.333;worst_development_degradation=nan;upstream_fdr_pass=False
split_002,alpha158_RESI5,3,3,0,0.0,-1,1.0,0.3333333333333333,-0.0036344051962139716,0.00044036462470692096,,,False,0.319922700250569,1.0,1.0,holdout,eligible_windows=3;selection_frequency=0.000;direction_agreement=1.000;direction_adjusted_validation_positive_ratio=0.333;worst_development_degradation=nan;upstream_fdr_pass=False
split_002,alpha158_RESI60,3,3,0,0.0,-1,1.0,0.6666666666666666,-0.02785987142494721,-0.042080034900856884,,,False,0.1485181485181485,1.0,1.0,holdout,eligible_windows=3;selection_frequency=0.000;direction_agreement=1.000;direction_adjusted_validation_positive_ratio=0.667;worst_development_degradation=nan;upstream_fdr_pass=False
split_002,alpha158_ROC10,3,3,2,0.6666666666666666,1,1.0,1.0,0.04265972685363756,0.0373445663561451,0.02832798759405965,-0.005315160497492456,True,0.0070166054418022,1.0,1.0,stable_core,eligible_windows=3;selection_frequency=0.667;direction_agreement=1.000;direction_adjusted_validation_positive_ratio=1.000;worst_development_degradation=-0.005315160497492456;upstream_fdr_pass=True
split_002,alpha158_ROC20,3,3,3,1.0,1,1.0,1.0,0.06990401496517251,0.041691076847152356,-0.025833217490346935,-0.053100278122766575,True,0.004396918870603,1.0,1.0,conditional_signal,eligible_windows=3;selection_frequency=1.000;direction_agreement=1.000;direction_adjusted_validation_positive_ratio=1.000;worst_development_degradation=-0.053100278122766575;upstream_fdr_pass=True
split_002,alpha158_ROC30,3,3,3,1.0,1,1.0,1.0,0.09102230000589963,0.04099897258634693,-0.04301706349991737,-0.06712111711318719,True,0.0032131330208253,1.0,1.0,conditional_signal,eligible_windows=3;selection_frequency=1.000;direction_agreement=1.000;direction_adjusted_validation_positive_ratio=1.000;worst_development_degradation=-0.06712111711318719;upstream_fdr_pass=True
split_002,alpha158_ROC5,3,3,2,0.6666666666666666,1,1.0,0.6666666666666666,0.023414686569159855,0.044648746629638844,0.03961498826614321,0.02123406006047899,True,0.0411894268753115,1.0,1.0,stable_core,eligible_windows=3;selection_frequency=0.667;direction_agreement=1.000;direction_adjusted_validation_positive_ratio=0.667;worst_development_degradation=0.02123406006047899;upstream_fdr_pass=True
split_002,alpha158_ROC60,3,3,2,0.6666666666666666,1,1.0,0.6666666666666666,0.0754910225109509,0.02828656003258358,-0.007167083220221984,-0.04115562062232875,True,0.0070166054418022,1.0,1.0,conditional_signal,eligible_windows=3;selection_frequency=0.667;direction_agreement=1.000;direction_adjusted_validation_positive_ratio=0.667;worst_development_degradation=-0.04115562062232875;upstream_fdr_pass=True
split_002,alpha158_RSQR10,3,3,0,0.0,1,1.0,0.6666666666666666,0.01035741593808981,0.03582717966729761,,,False,0.1031001666210377,1.0,1.0,holdout,eligible_windows=3;selection_frequency=0.000;direction_agreement=1.000;direction_adjusted_validation_positive_ratio=0.667;worst_development_degradation=nan;upstream_fdr_pass=False
split_002,alpha158_RSQR20,3,3,2,0.6666666666666666,1,1.0,0.6666666666666666,0.01999529377681432,0.01591919245808986,0.039017504565275474,-0.004171943507730282,True,0.0446429798099739,1.0,1.0,stable_core,eligible_windows=3;selection_frequency=0.667;direction_agreement=1.000;direction_adjusted_validation_positive_ratio=0.667;worst_development_degradation=-0.004171943507730282;upstream_fdr_pass=True
split_002,alpha158_RSQR30,3,3,1,0.3333333333333333,1,1.0,0.3333333333333333,0.031433476401575795,-0.006873776993790354,0.01974002995269404,0.01974002995269404,True,0.0138594124769239,1.0,1.0,conditional_signal,eligible_windows=3;selection_frequency=0.333;direction_agreement=1.000;direction_adjusted_validation_positive_ratio=0.333;worst_development_degradation=0.01974002995269404;upstream_fdr_pass=True
split_002,alpha158_RSQR5,3,3,0,0.0,1,1.0,0.6666666666666666,0.0077372281943058315,0.02084371077006686,,,False,0.1355690572772423,1.0,1.0,holdout,eligible_windows=3;selection_frequency=0.000;direction_agreement=1.000;direction_adjusted_validation_positive_ratio=0.667;worst_development_degradation=nan;upstream_fdr_pass=False
split_002,alpha158_RSQR60,3,3,0,0.0,1,0.6666666666666666,0.6666666666666666,0.00385916622004964,-0.025801898475081242,,,False,0.2514739497790345,1.0,1.0,holdout,eligible_windows=3;selection_frequency=0.000;direction_agreement=0.667;direction_adjusted_validation_positive_ratio=0.667;worst_development_degradation=nan;upstream_fdr_pass=False
split_002,alpha158_RSV10,3,3,0,0.0,-1,1.0,1.0,-0.021381295705533723,-0.03928994602081556,,,False,0.0580597009168437,1.0,1.0,holdout,eligible_windows=3;selection_frequency=0.000;direction_agreement=1.000;direction_adjusted_validation_positive_ratio=1.000;worst_development_degradation=nan;upstream_fdr_pass=False
split_002,alpha158_RSV20,3,3,2,0.6666666666666666,-1,1.0,1.0,-0.038758326999396076,-0.05653629477589543,0.0388269963528311,0.01844543117697635,True,0.022848945925869,1.0,1.0,stable_core,eligible_windows=3;selection_frequency=0.667;direction_agreement=1.000;direction_adjusted_validation_positive_ratio=1.000;worst_development_degradation=0.01844543117697635;upstream_fdr_pass=True
split_002,alpha158_RSV30,3,3,3,1.0,-1,1.0,1.0,-0.05688610632046618,-0.06615587260948728,0.014120918222478122,-0.035312998370711876,True,0.0125214364090242,1.0,1.0,conditional_signal,eligible_windows=3;selection_frequency=1.000;direction_agreement=1.000;direction_adjusted_validation_positive_ratio=1.000;worst_development_degradation=-0.035312998370711876;upstream_fdr_pass=True
split_002,alpha158_RSV5,3,3,0,0.0,-1,1.0,0.6666666666666666,-0.012888090141015525,-0.026082976785651985,,,False,0.2227772227772227,1.0,1.0,holdout,eligible_windows=3;selection_frequency=0.000;direction_agreement=1.000;direction_adjusted_validation_positive_ratio=0.667;worst_development_degradation=nan;upstream_fdr_pass=False
split_002,alpha158_RSV60,3,3,3,1.0,-1,1.0,1.0,-0.07472924907594686,-0.0638419895714163,-0.0015507330712651451,-0.042332899072508375,True,0.004396918870603,1.0,1.0,conditional_signal,eligible_windows=3;selection_frequency=1.000;direction_agreement=1.000;direction_adjusted_validation_positive_ratio=1.000;worst_development_degradation=-0.042332899072508375;upstream_fdr_pass=True
split_002,alpha158_STD10,3,3,2,0.6666666666666666,-1,1.0,0.6666666666666666,-0.06518436060004466,-0.021380978656860446,0.04602268937233393,-0.02944541295458709,True,0.0032131330208253,1.0,1.0,stable_core,eligible_windows=3;selection_frequency=0.667;direction_agreement=1.000;direction_adjusted_validation_positive_ratio=0.667;worst_development_degradation=-0.02944541295458709;upstream_fdr_pass=True
split_002,alpha158_STD20,3,3,2,0.6666666666666666,-1,1.0,0.6666666666666666,-0.05912891140782035,-0.020327753232828278,0.03574935660356,-0.022355567404502782,True,0.0097566666909732,1.0,1.0,stable_core,eligible_windows=3;selection_frequency=0.667;direction_agreement=1.000;direction_adjusted_validation_positive_ratio=0.667;worst_development_degradation=-0.022355567404502782;upstream_fdr_pass=True
split_002,alpha158_STD30,3,3,2,0.6666666666666666,-1,1.0,0.6666666666666666,-0.0453029641491537,-0.0225890910930819,0.05930278025141179,-0.004493263013716345,True,0.0190951905237619,1.0,1.0,stable_core,eligible_windows=3;selection_frequency=0.667;direction_agreement=1.000;direction_adjusted_validation_positive_ratio=0.667;worst_development_degradation=-0.004493263013716345;upstream_fdr_pass=True
split_002,alpha158_STD5,3,3,2,0.6666666666666666,-1,1.0,0.6666666666666666,-0.06424808808550822,-0.043289605503948295,0.061181186668088056,-0.011033269186654038,True,0.0032131330208253,1.0,1.0,stable_core,eligible_windows=3;selection_frequency=0.667;direction_agreement=1.000;direction_adjusted_validation_positive_ratio=0.667;worst_development_degradation=-0.011033269186654038;upstream_fdr_pass=True
split_002,alpha158_STD60,3,3,2,0.6666666666666666,-1,1.0,0.6666666666666666,-0.03655203169643631,-0.04252581248351801,0.09114410505108746,0.02190575692404598,True,0.0434152461711516,1.0,1.0,stable_core,eligible_windows=3;selection_frequency=0.667;direction_agreement=1.000;direction_adjusted_validation_positive_ratio=0.667;worst_development_degradation=0.02190575692404598;upstream_fdr_pass=True
split_002,alpha158_SUMD10,3,3,3,1.0,-1,1.0,1.0,-0.03150208337189077,-0.04609938087168317,0.011725010880350273,-0.007390504537645646,True,0.0276741891648723,1.0,1.0,stable_core,eligible_windows=3;selection_frequency=1.000;direction_agreement=1.000;direction_adjusted_validation_positive_ratio=1.000;worst_development_degradation=-0.007390504537645646;upstream_fdr_pass=True
split_002,alpha158_SUMD20,3,3,3,1.0,-1,1.0,1.0,-0.05998802754345353,-0.04633744476304256,-0.010114218772852679,-0.022216662568175345,True,0.004396918870603,1.0,1.0,stable_core,eligible_windows=3;selection_frequency=1.000;direction_agreement=1.000;direction_adjusted_validation_positive_ratio=1.000;worst_development_degradation=-0.022216662568175345;upstream_fdr_pass=True
split_002,alpha158_SUMD30,3,3,3,1.0,-1,1.0,1.0,-0.08369739468919249,-0.03929810898181116,-0.03499857975497543,-0.08003550440026556,True,0.0032131330208253,1.0,1.0,conditional_signal,eligible_windows=3;selection_frequency=1.000;direction_agreement=1.000;direction_adjusted_validation_positive_ratio=1.000;worst_development_degradation=-0.08003550440026556;upstream_fdr_pass=True
split_002,alpha158_SUMD5,3,3,0,0.0,-1,1.0,1.0,-0.016375751083598795,-0.01923890194712419,,,False,0.0787007385138226,1.0,1.0,holdout,eligible_windows=3;selection_frequency=0.000;direction_agreement=1.000;direction_adjusted_validation_positive_ratio=1.000;worst_development_degradation=nan;upstream_fdr_pass=False
split_002,alpha158_SUMD60,3,3,2,0.6666666666666666,-1,1.0,0.6666666666666666,-0.07218016721573632,-0.014709897975699118,-0.004946693675958,-0.05129383643445595,True,0.004396918870603,1.0,1.0,conditional_signal,eligible_windows=3;selection_frequency=0.667;direction_agreement=1.000;direction_adjusted_validation_positive_ratio=0.667;worst_development_degradation=-0.05129383643445595;upstream_fdr_pass=True
split_002,alpha158_SUMN10,3,3,3,1.0,1,1.0,1.0,0.03150386707651767,0.04609911683752118,0.011723315000146187,-0.00739217221424749,True,0.0240712677153355,1.0,1.0,stable_core,eligible_windows=3;selection_frequency=1.000;direction_agreement=1.000;direction_adjusted_validation_positive_ratio=1.000;worst_development_degradation=-0.00739217221424749;upstream_fdr_pass=True
split_002,alpha158_SUMN20,3,3,3,1.0,1,1.0,1.0,0.05998807716421344,0.04633727924752721,-0.01011443030017932,-0.022216666532371074,True,0.0057285571571285,1.0,1.0,stable_core,eligible_windows=3;selection_frequency=1.000;direction_agreement=1.000;direction_adjusted_validation_positive_ratio=1.000;worst_development_degradation=-0.022216666532371074;upstream_fdr_pass=True
split_002,alpha158_SUMN30,3,3,3,1.0,1,1.0,1.0,0.08369736195616803,0.039298171197707656,-0.03499849034465268,-0.0800355685397869,True,0.0057285571571285,1.0,1.0,conditional_signal,eligible_windows=3;selection_frequency=1.000;direction_agreement=1.000;direction_adjusted_validation_positive_ratio=1.000;worst_development_degradation=-0.0800355685397869;upstream_fdr_pass=True
split_002,alpha158_SUMN5,3,3,0,0.0,1,1.0,1.0,0.016360373614046374,0.019238911389902854,,,False,0.0808967568744105,1.0,1.0,holdout,eligible_windows=3;selection_frequency=0.000;direction_agreement=1.000;direction_adjusted_validation_positive_ratio=1.000;worst_development_degradation=nan;upstream_fdr_pass=False
split_002,alpha158_SUMN60,3,3,2,0.6666666666666666,1,1.0,0.6666666666666666,0.07218017469703931,0.014710014947474898,-0.004946632021345834,-0.05129373831203936,True,0.0097566666909732,1.0,1.0,conditional_signal,eligible_windows=3;selection_frequency=0.667;direction_agreement=1.000;direction_adjusted_validation_positive_ratio=0.667;worst_development_degradation=-0.05129373831203936;upstream_fdr_pass=True
split_002,alpha158_SUMP10,3,3,3,1.0,-1,1.0,1.0,-0.031500577762234805,-0.046099590146854295,0.011726415910623775,-0.007388951154916189,True,0.0125214364090242,1.0,1.0,stable_core,eligible_windows=3;selection_frequency=1.000;direction_agreement=1.000;direction_adjusted_validation_positive_ratio=1.000;worst_development_degradation=-0.007388951154916189;upstream_fdr_pass=True
split_002,alpha158_SUMP20,3,3,3,1.0,-1,1.0,1.0,-0.059988057858802936,-0.04633750467889784,-0.010114202940270198,-0.02221658433666892,True,0.0032131330208253,1.0,1.0,stable_core,eligible_windows=3;selection_frequency=1.000;direction_agreement=1.000;direction_adjusted_validation_positive_ratio=1.000;worst_development_degradation=-0.02221658433666892;upstream_fdr_pass=True
split_002,alpha158_SUMP30,3,3,3,1.0,-1,1.0,1.0,-0.08369738841459963,-0.03929816159015055,-0.034998506776335966,-0.08003545918421172,True,0.004396918870603,1.0,1.0,conditional_signal,eligible_windows=3;selection_frequency=1.000;direction_agreement=1.000;direction_adjusted_validation_positive_ratio=1.000;worst_development_degradation=-0.08003545918421172;upstream_fdr_pass=True
split_002,alpha158_SUMP5,3,3,0,0.0,-1,1.0,1.0,-0.016387198920066147,-0.01923910312839766,,,False,0.0830764782527305,1.0,1.0,holdout,eligible_windows=3;selection_frequency=0.000;direction_agreement=1.000;direction_adjusted_validation_positive_ratio=1.000;worst_development_degradation=nan;upstream_fdr_pass=False
split_002,alpha158_SUMP60,3,3,2,0.6666666666666666,-1,1.0,0.6666666666666666,-0.07218017913792094,-0.014710008706759124,-0.0049466416349576575,-0.051293744489264076,True,0.0070166054418022,1.0,1.0,conditional_signal,eligible_windows=3;selection_frequency=0.667;direction_agreement=1.000;direction_adjusted_validation_positive_ratio=0.667;worst_development_degradation=-0.051293744489264076;upstream_fdr_pass=True
split_002,alpha158_VMA10,3,3,0,0.0,1,1.0,0.6666666666666666,0.0029800931886781916,0.026305172367839424,,,False,0.758674505218284,1.0,1.0,holdout,eligible_windows=3;selection_frequency=0.000;direction_agreement=1.000;direction_adjusted_validation_positive_ratio=0.667;worst_development_degradation=nan;upstream_fdr_pass=False
split_002,alpha158_VMA20,3,3,0,0.0,1,1.0,0.6666666666666666,0.010094971132938542,0.039425028424021166,,,False,0.2572234488200874,1.0,1.0,holdout,eligible_windows=3;selection_frequency=0.000;direction_agreement=1.000;direction_adjusted_validation_positive_ratio=0.667;worst_development_degradation=nan;upstream_fdr_pass=False
split_002,alpha158_VMA30,3,3,0,0.0,1,1.0,0.6666666666666666,0.021664598919176836,0.047699081456383415,,,False,0.0742590742590742,1.0,1.0,holdout,eligible_windows=3;selection_frequency=0.000;direction_agreement=1.000;direction_adjusted_validation_positive_ratio=0.667;worst_development_degradation=nan;upstream_fdr_pass=False
split_002,alpha158_VMA5,3,3,0,0.0,1,1.0,0.6666666666666666,0.0028190603227354494,0.010997694208859248,,,False,0.7592820024012684,1.0,1.0,holdout,eligible_windows=3;selection_frequency=0.000;direction_agreement=1.000;direction_adjusted_validation_positive_ratio=0.667;worst_development_degradation=nan;upstream_fdr_pass=False
split_002,alpha158_VMA60,3,3,3,1.0,1,1.0,1.0,0.04624782308303368,0.06005360713913723,0.0175574788768441,-0.023672861471032734,True,0.0084385311658038,1.0,1.0,stable_core,eligible_windows=3;selection_frequency=1.000;direction_agreement=1.000;direction_adjusted_validation_positive_ratio=1.000;worst_development_degradation=-0.023672861471032734;upstream_fdr_pass=True
split_002,alpha158_VSTD10,3,3,1,0.3333333333333333,-1,1.0,0.3333333333333333,-0.00609669651351892,0.0160526792659976,0.04959829958105591,0.04959829958105591,True,0.0276741891648723,1.0,1.0,conditional_signal,eligible_windows=3;selection_frequency=0.333;direction_agreement=1.000;direction_adjusted_validation_positive_ratio=0.333;worst_development_degradation=0.04959829958105591;upstream_fdr_pass=True
split_002,alpha158_VSTD20,3,3,0,0.0,1,0.6666666666666666,0.3333333333333333,0.0014479565744714483,0.04740074732334444,,,False,0.3104934604110881,1.0,1.0,holdout,eligible_windows=3;selection_frequency=0.000;direction_agreement=0.667;direction_adjusted_validation_positive_ratio=0.333;worst_development_degradation=nan;upstream_fdr_pass=False
split_002,alpha158_VSTD30,3,3,0,0.0,1,1.0,0.6666666666666666,0.016572934055664602,0.0680736297618087,,,False,0.7592820024012684,1.0,1.0,holdout,eligible_windows=3;selection_frequency=0.000;direction_agreement=1.000;direction_adjusted_validation_positive_ratio=0.667;worst_development_degradation=nan;upstream_fdr_pass=False
split_002,alpha158_VSTD5,3,3,2,0.6666666666666666,-1,1.0,1.0,-0.0058306820504513655,-0.014470055825630723,0.017521235560219627,0.005881546861434352,True,0.0313706701461803,1.0,1.0,stable_core,eligible_windows=3;selection_frequency=0.667;direction_agreement=1.000;direction_adjusted_validation_positive_ratio=1.000;worst_development_degradation=0.005881546861434352;upstream_fdr_pass=True
split_002,alpha158_VSTD60,3,3,0,0.0,1,1.0,0.6666666666666666,0.04058305592191715,0.08778881919806628,,,False,0.0665771010598596,1.0,1.0,holdout,eligible_windows=3;selection_frequency=0.000;direction_agreement=1.000;direction_adjusted_validation_positive_ratio=0.667;worst_development_degradation=nan;upstream_fdr_pass=False
split_002,alpha158_VSUMD10,3,3,0,0.0,-1,1.0,0.6666666666666666,-0.005723788395586324,-0.028369785389480852,,,False,0.2778206768190073,1.0,1.0,holdout,eligible_windows=3;selection_frequency=0.000;direction_agreement=1.000;direction_adjusted_validation_positive_ratio=0.667;worst_development_degradation=nan;upstream_fdr_pass=False
split_002,alpha158_VSUMD20,3,3,2,0.6666666666666666,-1,1.0,0.6666666666666666,-0.020908301038674262,-0.04450674618624635,0.05419655437752611,0.025183607929954898,True,0.0266211775645737,1.0,1.0,stable_core,eligible_windows=3;selection_frequency=0.667;direction_agreement=1.000;direction_adjusted_validation_positive_ratio=0.667;worst_development_degradation=0.025183607929954898;upstream_fdr_pass=True
split_002,alpha158_VSUMD30,3,3,3,1.0,-1,1.0,1.0,-0.039374250234307503,-0.04718653400358551,0.012242321300524939,-0.018221737117841343,True,0.004396918870603,1.0,1.0,stable_core,eligible_windows=3;selection_frequency=1.000;direction_agreement=1.000;direction_adjusted_validation_positive_ratio=1.000;worst_development_degradation=-0.018221737117841343;upstream_fdr_pass=True
split_002,alpha158_VSUMD5,3,3,0,0.0,-1,1.0,0.6666666666666666,-0.0034997696735589684,-0.017189973222138256,,,False,0.550266767932383,1.0,1.0,holdout,eligible_windows=3;selection_frequency=0.000;direction_agreement=1.000;direction_adjusted_validation_positive_ratio=0.667;worst_development_degradation=nan;upstream_fdr_pass=False
split_002,alpha158_VSUMD60,3,3,3,1.0,-1,1.0,1.0,-0.04383980527169361,-0.06941866660438142,0.025578861332687816,-0.018544674851369708,True,0.0032131330208253,1.0,1.0,stable_core,eligible_windows=3;selection_frequency=1.000;direction_agreement=1.000;direction_adjusted_validation_positive_ratio=1.000;worst_development_degradation=-0.018544674851369708;upstream_fdr_pass=True
split_002,alpha158_VSUMN10,3,3,0,0.0,1,1.0,0.6666666666666666,0.005723796306580779,0.028369833584075483,,,False,0.2547098769695734,1.0,1.0,holdout,eligible_windows=3;selection_frequency=0.000;direction_agreement=1.000;direction_adjusted_validation_positive_ratio=0.667;worst_development_degradation=nan;upstream_fdr_pass=False
split_002,alpha158_VSUMN20,3,3,2,0.6666666666666666,1,1.0,0.6666666666666666,0.020908311918130678,0.04450677933220934,0.054196525887337595,0.025183631072138234,True,0.0288785288785288,1.0,1.0,stable_core,eligible_windows=3;selection_frequency=0.667;direction_agreement=1.000;direction_adjusted_validation_positive_ratio=0.667;worst_development_degradation=0.025183631072138234;upstream_fdr_pass=True
split_002,alpha158_VSUMN30,3,3,3,1.0,1,1.0,1.0,0.039374263400322844,0.04718650808098164,0.012242301232108267,-0.018221792525287345,True,0.0152239559984434,1.0,1.0,stable_core,eligible_windows=3;selection_frequency=1.000;direction_agreement=1.000;direction_adjusted_validation_positive_ratio=1.000;worst_development_degradation=-0.018221792525287345;upstream_fdr_pass=True
split_002,alpha158_VSUMN5,3,3,0,0.0,1,1.0,0.6666666666666666,0.003499764616205583,0.017189949101790013,,,False,0.5344528285704756,1.0,1.0,holdout,eligible_windows=3;selection_frequency=0.000;direction_agreement=1.000;direction_adjusted_validation_positive_ratio=0.667;worst_development_degradation=nan;upstream_fdr_pass=False
split_002,alpha158_VSUMN60,3,3,3,1.0,1,1.0,1.0,0.04383980685378515,0.06941864001208994,0.025578833158304795,-0.018544694106103092,True,0.0032131330208253,1.0,1.0,stable_core,eligible_windows=3;selection_frequency=1.000;direction_agreement=1.000;direction_adjusted_validation_positive_ratio=1.000;worst_development_degradation=-0.018544694106103092;upstream_fdr_pass=True
split_002,alpha158_VSUMP10,3,3,0,0.0,-1,1.0,0.6666666666666666,-0.005723792381176881,-0.028369865277347563,,,False,0.2709150146336076,1.0,1.0,holdout,eligible_windows=3;selection_frequency=0.000;direction_agreement=1.000;direction_adjusted_validation_positive_ratio=0.667;worst_development_degradation=nan;upstream_fdr_pass=False
split_002,alpha158_VSUMP20,3,3,2,0.6666666666666666,-1,1.0,0.6666666666666666,-0.02090831353256192,-0.044506843874235494,0.054196567030267505,0.025183705021143168,True,0.0177826607981818,1.0,1.0,stable_core,eligible_windows=3;selection_frequency=0.667;direction_agreement=1.000;direction_adjusted_validation_positive_ratio=0.667;worst_development_degradation=0.025183705021143168;upstream_fdr_pass=True
split_002,alpha158_VSUMP30,3,3,3,1.0,-1,1.0,1.0,-0.03937426928553462,-0.047186487919939304,0.012242261827430476,-0.018221769015936112,True,0.0152239559984434,1.0,1.0,stable_core,eligible_windows=3;selection_frequency=1.000;direction_agreement=1.000;direction_adjusted_validation_positive_ratio=1.000;worst_development_degradation=-0.018221769015936112;upstream_fdr_pass=True
split_002,alpha158_VSUMP5,3,3,0,0.0,-1,1.0,0.6666666666666666,-0.003499770716337369,-0.017190037772524418,,,False,0.5498931448298536,1.0,1.0,holdout,eligible_windows=3;selection_frequency=0.000;direction_agreement=1.000;direction_adjusted_validation_positive_ratio=0.667;worst_development_degradation=nan;upstream_fdr_pass=False
split_002,alpha158_VSUMP60,3,3,3,1.0,-1,1.0,1.0,-0.04383979877402427,-0.06941860755249131,0.025578808778467042,-0.018544666366303714,True,0.0032131330208253,1.0,1.0,stable_core,eligible_windows=3;selection_frequency=1.000;direction_agreement=1.000;direction_adjusted_validation_positive_ratio=1.000;worst_development_degradation=-0.018544666366303714;upstream_fdr_pass=True
split_002,alpha158_VWAP0,3,3,0,0.0,1,1.0,0.6666666666666666,0.005715761761766404,0.012545808299718473,,,False,0.676646836833462,1.0,1.0,holdout,eligible_windows=3;selection_frequency=0.000;direction_agreement=1.000;direction_adjusted_validation_positive_ratio=0.667;worst_development_degradation=nan;upstream_fdr_pass=False
split_002,alpha158_WVMA10,3,3,0,0.0,1,0.6666666666666666,0.6666666666666666,0.005664380289635168,-0.01118886588706006,,,False,0.8508805306984366,1.0,1.0,holdout,eligible_windows=3;selection_frequency=0.000;direction_agreement=0.667;direction_adjusted_validation_positive_ratio=0.667;worst_development_degradation=nan;upstream_fdr_pass=False
split_002,alpha158_WVMA20,3,3,0,0.0,1,0.6666666666666666,0.0,0.0013014338331334794,-0.011945971427848192,,,False,0.3127660516823078,1.0,1.0,holdout,eligible_windows=3;selection_frequency=0.000;direction_agreement=0.667;direction_adjusted_validation_positive_ratio=0.000;worst_development_degradation=nan;upstream_fdr_pass=False
split_002,alpha158_WVMA30,3,3,0,0.0,-1,0.6666666666666666,0.3333333333333333,-8.785582841119693e-05,-0.03224751953448072,,,False,0.5444096315728646,1.0,1.0,holdout,eligible_windows=3;selection_frequency=0.000;direction_agreement=0.667;direction_adjusted_validation_positive_ratio=0.333;worst_development_degradation=nan;upstream_fdr_pass=False
split_002,alpha158_WVMA5,3,3,0,0.0,1,1.0,0.0,0.003965846326442846,-0.01001819141481739,,,False,0.5278543112938017,1.0,1.0,holdout,eligible_windows=3;selection_frequency=0.000;direction_agreement=1.000;direction_adjusted_validation_positive_ratio=0.000;worst_development_degradation=nan;upstream_fdr_pass=False
split_002,alpha158_WVMA60,3,3,0,0.0,1,0.6666666666666666,0.0,0.004189180689574136,-0.005526573467337195,,,False,0.916309934409482,1.0,1.0,holdout,eligible_windows=3;selection_frequency=0.000;direction_agreement=0.667;direction_adjusted_validation_positive_ratio=0.000;worst_development_degradation=nan;upstream_fdr_pass=False
split_002,alpha360_CLOSE1,3,3,0,0.0,1,1.0,0.6666666666666666,0.00799944277517074,0.02960752643124851,,,False,0.4222738676114881,1.0,1.0,holdout,eligible_windows=3;selection_frequency=0.000;direction_agreement=1.000;direction_adjusted_validation_positive_ratio=0.667;worst_development_degradation=nan;upstream_fdr_pass=False
split_002,alpha360_CLOSE10,3,3,2,0.6666666666666666,1,1.0,1.0,0.04265972685363756,0.0373445663561451,0.02832798759405965,-0.005315160497492456,True,0.0097566666909732,1.0,1.0,stable_core,eligible_windows=3;selection_frequency=0.667;direction_agreement=1.000;direction_adjusted_validation_positive_ratio=1.000;worst_development_degradation=-0.005315160497492456;upstream_fdr_pass=True
split_002,alpha360_CLOSE11,3,3,2,0.6666666666666666,1,1.0,1.0,0.04610165290711538,0.035173174205727145,0.023874121011116523,-0.010928478701388238,True,0.0084385311658038,1.0,1.0,stable_core,eligible_windows=3;selection_frequency=0.667;direction_agreement=1.000;direction_adjusted_validation_positive_ratio=1.000;worst_development_degradation=-0.010928478701388238;upstream_fdr_pass=True
split_002,alpha360_CLOSE12,3,3,2,0.6666666666666666,1,1.0,1.0,0.04903507352458661,0.031508617260028814,0.020016984489252734,-0.017526456264557795,True,0.0084385311658038,1.0,1.0,stable_core,eligible_windows=3;selection_frequency=0.667;direction_agreement=1.000;direction_adjusted_validation_positive_ratio=1.000;worst_development_degradation=-0.017526456264557795;upstream_fdr_pass=True
split_002,alpha360_CLOSE13,3,3,2,0.6666666666666666,1,1.0,0.6666666666666666,0.05131392920196909,0.034224429596654116,0.017832738940587383,-0.017089499605314973,True,0.004396918870603,1.0,1.0,stable_core,eligible_windows=3;selection_frequency=0.667;direction_agreement=1.000;direction_adjusted_validation_positive_ratio=0.667;worst_development_degradation=-0.017089499605314973;upstream_fdr_pass=True
split_002,alpha360_CLOSE14,3,3,2,0.6666666666666666,1,1.0,1.0,0.05410287674497421,0.037207547293769835,0.017673396976058752,-0.016307806439625303,True,0.0032131330208253,1.0,1.0,stable_core,eligible_windows=3;selection_frequency=0.667;direction_agreement=1.000;direction_adjusted_validation_positive_ratio=1.000;worst_development_degradation=-0.016307806439625303;upstream_fdr_pass=True
split_002,alpha360_CLOSE15,3,3,2,0.6666666666666666,1,1.0,1.0,0.05722249485095698,0.04169190244186557,0.017323105065893993,-0.013913842018110356,True,0.0032131330208253,1.0,1.0,stable_core,eligible_windows=3;selection_frequency=0.667;direction_agreement=1.000;direction_adjusted_validation_positive_ratio=1.000;worst_development_degradation=-0.013913842018110356;upstream_fdr_pass=True
split_002,alpha360_CLOSE16,3,3,2,0.6666666666666666,1,1.0,1.0,0.06027266011079146,0.045939925617592595,0.014267105457709324,-0.011700541386190554,True,0.0070166054418022,1.0,1.0,stable_core,eligible_windows=3;selection_frequency=0.667;direction_agreement=1.000;direction_adjusted_validation_positive_ratio=1.000;worst_development_degradation=-0.011700541386190554;upstream_fdr_pass=True
split_002,alpha360_CLOSE17,3,3,2,0.6666666666666666,1,1.0,1.0,0.062312119250271886,0.045517514432859604,0.009392067341426304,-0.014243268680426795,True,0.004396918870603,1.0,1.0,stable_core,eligible_windows=3;selection_frequency=0.667;direction_agreement=1.000;direction_adjusted_validation_positive_ratio=1.000;worst_development_degradation=-0.014243268680426795;upstream_fdr_pass=True
split_002,alpha360_CLOSE18,3,3,2,0.6666666666666666,1,1.0,1.0,0.0651155315555259,0.03853681050781332,0.001899490508031957,-0.024160542803163217,True,0.0032131330208253,1.0,1.0,stable_core,eligible_windows=3;selection_frequency=0.667;direction_agreement=1.000;direction_adjusted_validation_positive_ratio=1.000;worst_development_degradation=-0.024160542803163217;upstream_fdr_pass=True
split_002,alpha360_CLOSE19,3,3,3,1.0,1,1.0,1.0,0.06765788039756633,0.03768661979592617,-0.02755471236093577,-0.056295236347138795,True,0.0057285571571285,1.0,1.0,conditional_signal,eligible_windows=3;selection_frequency=1.000;direction_agreement=1.000;direction_adjusted_validation_positive_ratio=1.000;worst_development_degradation=-0.056295236347138795;upstream_fdr_pass=True
split_002,alpha360_CLOSE2,3,3,0,0.0,1,1.0,0.6666666666666666,0.013638791423905429,0.040797457520158835,,,False,0.1757550408069439,1.0,1.0,holdout,eligible_windows=3;selection_frequency=0.000;direction_agreement=1.000;direction_adjusted_validation_positive_ratio=0.667;worst_development_degradation=nan;upstream_fdr_pass=False
split_002,alpha360_CLOSE20,3,3,3,1.0,1,1.0,1.0,0.06990401496517251,0.041691076847152356,-0.025833217490346935,-0.053100278122766575,True,0.0032131330208253,1.0,1.0,conditional_signal,eligible_windows=3;selection_frequency=1.000;direction_agreement=1.000;direction_adjusted_validation_positive_ratio=1.000;worst_development_degradation=-0.053100278122766575;upstream_fdr_pass=True
split_002,alpha360_CLOSE21,3,3,3,1.0,1,1.0,1.0,0.07221561584460523,0.04300447967822787,-0.026654229369365602,-0.04942225516461782,True,0.0032131330208253,1.0,1.0,conditional_signal,eligible_windows=3;selection_frequency=1.000;direction_agreement=1.000;direction_adjusted_validation_positive_ratio=1.000;worst_development_degradation=-0.04942225516461782;upstream_fdr_pass=True
split_002,alpha360_CLOSE22,3,3,3,1.0,1,1.0,1.0,0.07495588669891119,0.04314664669967955,-0.028856348307791532,-0.04270007318703465,True,0.0057285571571285,1.0,1.0,conditional_signal,eligible_windows=3;selection_frequency=1.000;direction_agreement=1.000;direction_adjusted_validation_positive_ratio=1.000;worst_development_degradation=-0.04270007318703465;upstream_fdr_pass=True
split_002,alpha360_CLOSE23,3,3,3,1.0,1,1.0,1.0,0.07771115125376939,0.04263427506708868,-0.03153864379913278,-0.03867739345582289,True,0.004396918870603,1.0,1.0,conditional_signal,eligible_windows=3;selection_frequency=1.000;direction_agreement=1.000;direction_adjusted_validation_positive_ratio=1.000;worst_development_degradation=-0.03867739345582289;upstream_fdr_pass=True
split_002,alpha360_CLOSE24,3,3,3,1.0,1,1.0,1.0,0.08029672124448196,0.044560436773129396,-0.03498043298478251,-0.03573628447135257,True,0.0032131330208253,1.0,1.0,conditional_signal,eligible_windows=3;selection_frequency=1.000;direction_agreement=1.000;direction_adjusted_validation_positive_ratio=1.000;worst_development_degradation=-0.03573628447135257;upstream_fdr_pass=True
split_002,alpha360_CLOSE25,3,3,3,1.0,1,1.0,1.0,0.08285045078900231,0.04723166829871685,-0.03561878249028547,-0.03870420002420358,True,0.0032131330208253,1.0,1.0,conditional_signal,eligible_windows=3;selection_frequency=1.000;direction_agreement=1.000;direction_adjusted_validation_positive_ratio=1.000;worst_development_degradation=-0.03870420002420358;upstream_fdr_pass=True
split_002,alpha360_CLOSE26,3,3,3,1.0,1,1.0,1.0,0.08473490711724327,0.051330484168788694,-0.033404422948454575,-0.03950809307865839,True,0.0032131330208253,1.0,1.0,conditional_signal,eligible_windows=3;selection_frequency=1.000;direction_agreement=1.000;direction_adjusted_validation_positive_ratio=1.000;worst_development_degradation=-0.03950809307865839;upstream_fdr_pass=True
split_002,alpha360_CLOSE27,3,3,3,1.0,1,1.0,1.0,0.08669678206546949,0.05427449630479168,-0.03890598889875141,-0.040375394781057845,True,0.0032131330208253,1.0,1.0,conditional_signal,eligible_windows=3;selection_frequency=1.000;direction_agreement=1.000;direction_adjusted_validation_positive_ratio=1.000;worst_development_degradation=-0.040375394781057845;upstream_fdr_pass=True
split_002,alpha360_CLOSE28,3,3,3,1.0,1,1.0,1.0,0.08834236912452907,0.04677590864228257,-0.0413104368013953,-0.049928258798943116,True,0.0032131330208253,1.0,1.0,conditional_signal,eligible_windows=3;selection_frequency=1.000;direction_agreement=1.000;direction_adjusted_validation_positive_ratio=1.000;worst_development_degradation=-0.049928258798943116;upstream_fdr_pass=True
split_002,alpha360_CLOSE29,3,3,3,1.0,1,1.0,1.0,0.0898984943117653,0.041194296959677836,-0.04311321709415759,-0.057821805620647364,True,0.0032131330208253,1.0,1.0,conditional_signal,eligible_windows=3;selection_frequency=1.000;direction_agreement=1.000;direction_adjusted_validation_positive_ratio=1.000;worst_development_degradation=-0.057821805620647364;upstream_fdr_pass=True
split_002,alpha360_CLOSE3,3,3,0,0.0,1,1.0,0.6666666666666666,0.01764835703143598,0.043871387700566686,,,False,0.0975666669097326,1.0,1.0,holdout,eligible_windows=3;selection_frequency=0.000;direction_agreement=1.000;direction_adjusted_validation_positive_ratio=0.667;worst_development_degradation=nan;upstream_fdr_pass=False
split_002,alpha360_CLOSE30,3,3,3,1.0,1,1.0,1.0,0.09102230000589963,0.04099897258634693,-0.04301706349991737,-0.06712111711318719,True,0.0032131330208253,1.0,1.0,conditional_signal,eligible_windows=3;selection_frequency=1.000;direction_agreement=1.000;direction_adjusted_validation_positive_ratio=1.000;worst_development_degradation=-0.06712111711318719;upstream_fdr_pass=True
split_002,alpha360_CLOSE31,3,3,3,1.0,1,1.0,1.0,0.09170178048579018,0.0403806427644048,-0.04398581271536353,-0.07716834355617413,True,0.0032131330208253,1.0,1.0,conditional_signal,eligible_windows=3;selection_frequency=1.000;direction_agreement=1.000;direction_adjusted_validation_positive_ratio=1.000;worst_development_degradation=-0.07716834355617413;upstream_fdr_pass=True
split_002,alpha360_CLOSE32,3,3,3,1.0,1,1.0,1.0,0.09259141972986006,0.039867165001535136,-0.044886458553445564,-0.08542908722261734,True,0.0057285571571285,1.0,1.0,conditional_signal,eligible_windows=3;selection_frequency=1.000;direction_agreement=1.000;direction_adjusted_validation_positive_ratio=1.000;worst_development_degradation=-0.08542908722261734;upstream_fdr_pass=True
split_002,alpha360_CLOSE33,3,3,3,1.0,1,1.0,1.0,0.09327573989617495,0.04013496276308649,-0.044731273613016945,-0.09078169687730545,True,0.0032131330208253,1.0,1.0,conditional_signal,eligible_windows=3;selection_frequency=1.000;direction_agreement=1.000;direction_adjusted_validation_positive_ratio=1.000;worst_development_degradation=-0.09078169687730545;upstream_fdr_pass=True
split_002,alpha360_CLOSE34,3,3,3,1.0,1,1.0,1.0,0.09362793068169703,0.03959098874933264,-0.045152850049259556,-0.09673164097243529,True,0.0032131330208253,1.0,1.0,conditional_signal,eligible_windows=3;selection_frequency=1.000;direction_agreement=1.000;direction_adjusted_validation_positive_ratio=1.000;worst_development_degradation=-0.09673164097243529;upstream_fdr_pass=True
split_002,alpha360_CLOSE35,3,3,2,0.6666666666666666,1,1.0,1.0,0.09393582825011995,0.03827856932337277,-0.021931338249951846,-0.046266987364968024,True,0.004396918870603,1.0,1.0,conditional_signal,eligible_windows=3;selection_frequency=0.667;direction_agreement=1.000;direction_adjusted_validation_positive_ratio=1.000;worst_development_degradation=-0.046266987364968024;upstream_fdr_pass=True
split_002,alpha360_CLOSE36,3,3,2,0.6666666666666666,1,1.0,1.0,0.09426621715813525,0.03659396832704147,-0.022173609816813607,-0.04781291395552717,True,0.0032131330208253,1.0,1.0,conditional_signal,eligible_windows=3;selection_frequency=0.667;direction_agreement=1.000;direction_adjusted_validation_positive_ratio=1.000;worst_development_degradation=-0.04781291395552717;upstream_fdr_pass=True
split_002,alpha360_CLOSE37,3,3,2,0.6666666666666666,1,1.0,0.6666666666666666,0.09450450976822874,0.03669982869407959,-0.021573033297617526,-0.04742846535623904,True,0.0057285571571285,1.0,1.0,conditional_signal,eligible_windows=3;selection_frequency=0.667;direction_agreement=1.000;direction_adjusted_validation_positive_ratio=0.667;worst_development_degradation=-0.04742846535623904;upstream_fdr_pass=True
split_002,alpha360_CLOSE38,3,3,2,0.6666666666666666,1,1.0,0.6666666666666666,0.09422325220437366,0.036592345233558185,-0.020325146318331218,-0.04679792115038503,True,0.0032131330208253,1.0,1.0,conditional_signal,eligible_windows=3;selection_frequency=0.667;direction_agreement=1.000;direction_adjusted_validation_positive_ratio=0.667;worst_development_degradation=-0.04679792115038503;upstream_fdr_pass=True
split_002,alpha360_CLOSE39,3,3,2,0.6666666666666666,1,1.0,0.6666666666666666,0.09386289014998292,0.035396835159027654,-0.019486074049989623,-0.04711529279803629,True,0.004396918870603,1.0,1.0,conditional_signal,eligible_windows=3;selection_frequency=0.667;direction_agreement=1.000;direction_adjusted_validation_positive_ratio=0.667;worst_development_degradation=-0.04711529279803629;upstream_fdr_pass=True
split_002,alpha360_CLOSE4,3,3,2,0.6666666666666666,1,1.0,0.6666666666666666,0.02073267212097713,0.04469729545464428,0.038180503849034486,0.024503851972688714,True,0.0434152461711516,1.0,1.0,stable_core,eligible_windows=3;selection_frequency=0.667;direction_agreement=1.000;direction_adjusted_validation_positive_ratio=0.667;worst_development_degradation=0.024503851972688714;upstream_fdr_pass=True
split_002,alpha360_CLOSE40,3,3,2,0.6666666666666666,1,1.0,0.6666666666666666,0.09347108021399468,0.03470179659595628,-0.018926257344598484,-0.047001889562887575,True,0.0032131330208253,1.0,1.0,conditional_signal,eligible_windows=3;selection_frequency=0.667;direction_agreement=1.000;direction_adjusted_validation_positive_ratio=0.667;worst_development_degradation=-0.047001889562887575;upstream_fdr_pass=True
split_002,alpha360_CLOSE41,3,3,2,0.6666666666666666,1,1.0,0.6666666666666666,0.09264784146754777,0.03455612610426749,-0.01899469942899871,-0.046292391148841205,True,0.0032131330208253,1.0,1.0,conditional_signal,eligible_windows=3;selection_frequency=0.667;direction_agreement=1.000;direction_adjusted_validation_positive_ratio=0.667;worst_development_degradation=-0.046292391148841205;upstream_fdr_pass=True
split_002,alpha360_CLOSE42,3,3,2,0.6666666666666666,1,1.0,0.6666666666666666,0.09141941914783777,0.03392852252328405,-0.017768380355548275,-0.04604759026424499,True,0.0032131330208253,1.0,1.0,conditional_signal,eligible_windows=3;selection_frequency=0.667;direction_agreement=1.000;direction_adjusted_validation_positive_ratio=0.667;worst_development_degradation=-0.04604759026424499;upstream_fdr_pass=True
split_002,alpha360_CLOSE43,3,3,2,0.6666666666666666,1,1.0,0.6666666666666666,0.09012258468832109,0.032780447645953795,-0.016511506749878717,-0.04649056933758984,True,0.0032131330208253,1.0,1.0,conditional_signal,eligible_windows=3;selection_frequency=0.667;direction_agreement=1.000;direction_adjusted_validation_positive_ratio=0.667;worst_development_degradation=-0.04649056933758984;upstream_fdr_pass=True
split_002,alpha360_CLOSE44,3,3,2,0.6666666666666666,1,1.0,0.6666666666666666,0.08883703906999163,0.03416069773965709,-0.012465816168505728,-0.04445733532731917,True,0.0057285571571285,1.0,1.0,conditional_signal,eligible_windows=3;selection_frequency=0.667;direction_agreement=1.000;direction_adjusted_validation_positive_ratio=0.667;worst_development_degradation=-0.04445733532731917;upstream_fdr_pass=True
split_002,alpha360_CLOSE45,3,3,2,0.6666666666666666,1,1.0,0.6666666666666666,0.08723747637052155,0.03293670673873152,-0.010573752604771933,-0.04488989783497496,True,0.0057285571571285,1.0,1.0,conditional_signal,eligible_windows=3;selection_frequency=0.667;direction_agreement=1.000;direction_adjusted_validation_positive_ratio=0.667;worst_development_degradation=-0.04488989783497496;upstream_fdr_pass=True
split_002,alpha360_CLOSE46,3,3,2,0.6666666666666666,1,1.0,0.6666666666666666,0.08572573560242189,0.029167210935298154,-0.010909541359516522,-0.04790429411930254,True,0.0032131330208253,1.0,1.0,conditional_signal,eligible_windows=3;selection_frequency=0.667;direction_agreement=1.000;direction_adjusted_validation_positive_ratio=0.667;worst_development_degradation=-0.04790429411930254;upstream_fdr_pass=True
split_002,alpha360_CLOSE47,3,3,2,0.6666666666666666,1,1.0,0.6666666666666666,0.08413093115294494,0.024415661866653372,-0.012193495691257949,-0.051905727815148774,True,0.004396918870603,1.0,1.0,conditional_signal,eligible_windows=3;selection_frequency=0.667;direction_agreement=1.000;direction_adjusted_validation_positive_ratio=0.667;worst_development_degradation=-0.051905727815148774;upstream_fdr_pass=True
split_002,alpha360_CLOSE48,3,3,2,0.6666666666666666,1,1.0,0.6666666666666666,0.08274221572563523,0.021109346958103556,-0.01333035313707822,-0.054495845233793805,True,0.0032131330208253,1.0,1.0,conditional_signal,eligible_windows=3;selection_frequency=0.667;direction_agreement=1.000;direction_adjusted_validation_positive_ratio=0.667;worst_development_degradation=-0.054495845233793805;upstream_fdr_pass=True
split_002,alpha360_CLOSE49,3,3,2,0.6666666666666666,1,1.0,0.6666666666666666,0.08150557361099332,0.020034265487907914,-0.013584561300625415,-0.0549310265798412,True,0.0057285571571285,1.0,1.0,conditional_signal,eligible_windows=3;selection_frequency=0.667;direction_agreement=1.000;direction_adjusted_validation_positive_ratio=0.667;worst_development_degradation=-0.0549310265798412;upstream_fdr_pass=True
split_002,alpha360_CLOSE5,3,3,2,0.6666666666666666,1,1.0,0.6666666666666666,0.023414686569159855,0.044648746629638844,0.03961498826614321,0.02123406006047899,True,0.0361622345590281,1.0,1.0,stable_core,eligible_windows=3;selection_frequency=0.667;direction_agreement=1.000;direction_adjusted_validation_positive_ratio=0.667;worst_development_degradation=0.02123406006047899;upstream_fdr_pass=True
split_002,alpha360_CLOSE50,3,3,2,0.6666666666666666,1,1.0,0.6666666666666666,0.08061582429584008,0.02083468007995739,-0.012222698691595115,-0.05372552005854487,True,0.004396918870603,1.0,1.0,conditional_signal,eligible_windows=3;selection_frequency=0.667;direction_agreement=1.000;direction_adjusted_validation_positive_ratio=0.667;worst_development_degradation=-0.05372552005854487;upstream_fdr_pass=True
split_002,alpha360_CLOSE51,3,3,2,0.6666666666666666,1,1.0,0.6666666666666666,0.07978075841881214,0.023626003288255804,-0.009500429055271306,-0.05055413155755731,True,0.004396918870603,1.0,1.0,conditional_signal,eligible_windows=3;selection_frequency=0.667;direction_agreement=1.000;direction_adjusted_validation_positive_ratio=0.667;worst_development_degradation=-0.05055413155755731;upstream_fdr_pass=True
split_002,alpha360_CLOSE52,3,3,2,0.6666666666666666,1,1.0,0.6666666666666666,0.07886472988454257,0.024937128283753603,-0.00793354847898911,-0.04876492128407006,True,0.004396918870603,1.0,1.0,conditional_signal,eligible_windows=3;selection_frequency=0.667;direction_agreement=1.000;direction_adjusted_validation_positive_ratio=0.667;worst_development_degradation=-0.04876492128407006;upstream_fdr_pass=True
split_002,alpha360_CLOSE53,3,3,2,0.6666666666666666,1,1.0,0.6666666666666666,0.07773377164718795,0.025415256081390364,-0.0069114278389197994,-0.047334974914987255,True,0.0057285571571285,1.0,1.0,conditional_signal,eligible_windows=3;selection_frequency=0.667;direction_agreement=1.000;direction_adjusted_validation_positive_ratio=0.667;worst_development_degradation=-0.047334974914987255;upstream_fdr_pass=True
split_002,alpha360_CLOSE54,3,3,2,0.6666666666666666,1,1.0,0.6666666666666666,0.07686470247095309,0.024617349709724255,-0.007266859319443233,-0.04724773930318903,True,0.0032131330208253,1.0,1.0,conditional_signal,eligible_windows=3;selection_frequency=0.667;direction_agreement=1.000;direction_adjusted_validation_positive_ratio=0.667;worst_development_degradation=-0.04724773930318903;upstream_fdr_pass=True
split_002,alpha360_CLOSE55,3,3,2,0.6666666666666666,1,1.0,0.6666666666666666,0.07615911775956571,0.024020182032563613,-0.006966015822110563,-0.046933965180540764,True,0.0032131330208253,1.0,1.0,conditional_signal,eligible_windows=3;selection_frequency=0.667;direction_agreement=1.000;direction_adjusted_validation_positive_ratio=0.667;worst_development_degradation=-0.046933965180540764;upstream_fdr_pass=True
split_002,alpha360_CLOSE56,3,3,2,0.6666666666666666,1,1.0,0.6666666666666666,0.07558555105435245,0.023551325543927616,-0.0067487538919470715,-0.046745895776549314,True,0.004396918870603,1.0,1.0,conditional_signal,eligible_windows=3;selection_frequency=0.667;direction_agreement=1.000;direction_adjusted_validation_positive_ratio=0.667;worst_development_degradation=-0.046745895776549314;upstream_fdr_pass=True
split_002,alpha360_CLOSE57,3,3,2,0.6666666666666666,1,1.0,0.6666666666666666,0.07533703988679759,0.022338924135356632,-0.006910021791825659,-0.04748250407645304,True,0.004396918870603,1.0,1.0,conditional_signal,eligible_windows=3;selection_frequency=0.667;direction_agreement=1.000;direction_adjusted_validation_positive_ratio=0.667;worst_development_degradation=-0.04748250407645304;upstream_fdr_pass=True
split_002,alpha360_CLOSE58,3,3,2,0.6666666666666666,1,1.0,0.6666666666666666,0.0753064093921793,0.022613181040804675,-0.006822443364172259,-0.04697663861758854,True,0.004396918870603,1.0,1.0,conditional_signal,eligible_windows=3;selection_frequency=0.667;direction_agreement=1.000;direction_adjusted_validation_positive_ratio=0.667;worst_development_degradation=-0.04697663861758854;upstream_fdr_pass=True
split_002,alpha360_CLOSE59,3,3,2,0.6666666666666666,1,1.0,0.6666666666666666,0.07551534715559909,0.025459159616121423,-0.006847514756377918,-0.04409570435761344,True,0.0097566666909732,1.0,1.0,conditional_signal,eligible_windows=3;selection_frequency=0.667;direction_agreement=1.000;direction_adjusted_validation_positive_ratio=0.667;worst_development_degradation=-0.04409570435761344;upstream_fdr_pass=True
split_002,alpha360_CLOSE6,3,3,2,0.6666666666666666,1,1.0,0.6666666666666666,0.027941832766816804,0.03877662098707107,0.03723871198820031,0.010834788220254264,True,0.0190951905237619,1.0,1.0,stable_core,eligible_windows=3;selection_frequency=0.667;direction_agreement=1.000;direction_adjusted_validation_positive_ratio=0.667;worst_development_degradation=0.010834788220254264;upstream_fdr_pass=True
split_002,alpha360_CLOSE7,3,3,2,0.6666666666666666,1,1.0,0.6666666666666666,0.032505341581678567,0.03625780772969696,0.03476398070784468,0.003582587670258444,True,0.0097566666909732,1.0,1.0,stable_core,eligible_windows=3;selection_frequency=0.667;direction_agreement=1.000;direction_adjusted_validation_positive_ratio=0.667;worst_development_degradation=0.003582587670258444;upstream_fdr_pass=True
split_002,alpha360_CLOSE8,3,3,2,0.6666666666666666,1,1.0,1.0,0.03597767410315452,0.033723372001435596,0.03355302547797677,-0.002471767210125604,True,0.0084385311658038,1.0,1.0,stable_core,eligible_windows=3;selection_frequency=0.667;direction_agreement=1.000;direction_adjusted_validation_positive_ratio=1.000;worst_development_degradation=-0.002471767210125604;upstream_fdr_pass=True
split_002,alpha360_CLOSE9,3,3,2,0.6666666666666666,1,1.0,0.6666666666666666,0.03948880501298416,0.038589137327711145,0.03325836990708768,-0.0008996676852730118,True,0.0097566666909732,1.0,1.0,stable_core,eligible_windows=3;selection_frequency=0.667;direction_agreement=1.000;direction_adjusted_validation_positive_ratio=0.667;worst_development_degradation=-0.0008996676852730118;upstream_fdr_pass=True
split_002,alpha360_HIGH0,3,3,2,0.6666666666666666,-1,1.0,0.6666666666666666,-0.045468941437401225,-0.025124431243643525,0.04564570473665497,-0.010225952931576666,True,0.0032131330208253,1.0,1.0,stable_core,eligible_windows=3;selection_frequency=0.667;direction_agreement=1.000;direction_adjusted_validation_positive_ratio=0.667;worst_development_degradation=-0.010225952931576666;upstream_fdr_pass=True
split_002,alpha360_HIGH1,3,3,0,0.0,-1,1.0,0.3333333333333333,-0.015540181920232474,0.014172491164064915,,,False,0.0731381825721448,1.0,1.0,holdout,eligible_windows=3;selection_frequency=0.000;direction_agreement=1.000;direction_adjusted_validation_positive_ratio=0.333;worst_development_degradation=nan;upstream_fdr_pass=False
split_002,alpha360_HIGH10,3,3,2,0.6666666666666666,1,1.0,0.6666666666666666,0.033885686225942076,0.05191314044155667,0.041281837013898454,0.018668159902395044,True,0.0361622345590281,1.0,1.0,stable_core,eligible_windows=3;selection_frequency=0.667;direction_agreement=1.000;direction_adjusted_validation_positive_ratio=0.667;worst_development_degradation=0.018668159902395044;upstream_fdr_pass=True
split_002,alpha360_HIGH11,3,3,2,0.6666666666666666,1,1.0,0.6666666666666666,0.03824450436308019,0.04841756079328412,0.03700311677451819,0.011398251722262588,True,0.0190951905237619,1.0,1.0,stable_core,eligible_windows=3;selection_frequency=0.667;direction_agreement=1.000;direction_adjusted_validation_positive_ratio=0.667;worst_development_degradation=0.011398251722262588;upstream_fdr_pass=True
split_002,alpha360_HIGH12,3,3,2,0.6666666666666666,1,1.0,0.6666666666666666,0.041711631893582714,0.047204603693489916,0.03418834518925165,0.007313682929303976,True,0.0190951905237619,1.0,1.0,stable_core,eligible_windows=3;selection_frequency=0.667;direction_agreement=1.000;direction_adjusted_validation_positive_ratio=0.667;worst_development_degradation=0.007313682929303976;upstream_fdr_pass=True
split_002,alpha360_HIGH13,3,3,2,0.6666666666666666,1,1.0,0.6666666666666666,0.04471548022710193,0.05032258214108169,0.0333714836137031,0.007895339020774807,True,0.0164466406077144,1.0,1.0,stable_core,eligible_windows=3;selection_frequency=0.667;direction_agreement=1.000;direction_adjusted_validation_positive_ratio=0.667;worst_development_degradation=0.007895339020774807;upstream_fdr_pass=True
split_002,alpha360_HIGH14,3,3,2,0.6666666666666666,1,1.0,0.6666666666666666,0.048111259462447785,0.05469826885923838,0.032970616006768844,0.00961160807479678,True,0.0111654455329873,1.0,1.0,stable_core,eligible_windows=3;selection_frequency=0.667;direction_agreement=1.000;direction_adjusted_validation_positive_ratio=0.667;worst_development_degradation=0.00961160807479678;upstream_fdr_pass=True
split_002,alpha360_HIGH15,3,3,2,0.6666666666666666,1,1.0,0.6666666666666666,0.05135456868610755,0.05885785259763202,0.03075759371363649,0.01141189821506533,True,0.0164466406077144,1.0,1.0,stable_core,eligible_windows=3;selection_frequency=0.667;direction_agreement=1.000;direction_adjusted_validation_positive_ratio=0.667;worst_development_degradation=0.01141189821506533;upstream_fdr_pass=True
split_002,alpha360_HIGH16,3,3,2,0.6666666666666666,1,1.0,0.6666666666666666,0.053537998487180695,0.06274736567846051,0.027832777419186657,0.013059847992973689,True,0.0152239559984434,1.0,1.0,stable_core,eligible_windows=3;selection_frequency=0.667;direction_agreement=1.000;direction_adjusted_validation_positive_ratio=0.667;worst_development_degradation=0.013059847992973689;upstream_fdr_pass=True
split_002,alpha360_HIGH17,3,3,2,0.6666666666666666,1,1.0,0.6666666666666666,0.05594513738325487,0.05855761810913811,0.02168348657748964,0.0062717734579182186,True,0.0152239559984434,1.0,1.0,stable_core,eligible_windows=3;selection_frequency=0.667;direction_agreement=1.000;direction_adjusted_validation_positive_ratio=0.667;worst_development_degradation=0.0062717734579182186;upstream_fdr_pass=True
split_002,alpha360_HIGH18,3,3,2,0.6666666666666666,1,1.0,0.6666666666666666,0.058864925330652636,0.0548766212458914,0.015863410079515576,-0.000405774164854579,True,0.0111654455329873,1.0,1.0,stable_core,eligible_windows=3;selection_frequency=0.667;direction_agreement=1.000;direction_adjusted_validation_positive_ratio=0.667;worst_development_degradation=-0.000405774164854579;upstream_fdr_pass=True
split_002,alpha360_HIGH19,3,3,2,0.6666666666666666,1,1.0,0.6666666666666666,0.06143022005603157,0.05481642421003361,0.011865340500635525,-0.003018794947139948,True,0.0097566666909732,1.0,1.0,stable_core,eligible_windows=3;selection_frequency=0.667;direction_agreement=1.000;direction_adjusted_validation_positive_ratio=0.667;worst_development_degradation=-0.003018794947139948;upstream_fdr_pass=True
split_002,alpha360_HIGH2,3,3,0,0.0,-1,1.0,0.3333333333333333,-0.004277171223645562,0.034047815977921066,,,False,0.3780352548585936,1.0,1.0,holdout,eligible_windows=3;selection_frequency=0.000;direction_agreement=1.000;direction_adjusted_validation_positive_ratio=0.333;worst_development_degradation=nan;upstream_fdr_pass=False
split_002,alpha360_HIGH20,3,3,2,0.6666666666666666,1,1.0,0.6666666666666666,0.06371941719959714,0.05756076686118946,0.00956316672461657,-0.002569584568696111,True,0.0070166054418022,1.0,1.0,stable_core,eligible_windows=3;selection_frequency=0.667;direction_agreement=1.000;direction_adjusted_validation_positive_ratio=0.667;worst_development_degradation=-0.002569584568696111;upstream_fdr_pass=True
split_002,alpha360_HIGH21,3,3,2,0.6666666666666666,1,1.0,1.0,0.06644788992184762,0.058066122208084145,0.00624499659100794,-0.004501296120158274,True,0.0057285571571285,1.0,1.0,stable_core,eligible_windows=3;selection_frequency=0.667;direction_agreement=1.000;direction_adjusted_validation_positive_ratio=1.000;worst_development_degradation=-0.004501296120158274;upstream_fdr_pass=True
split_002,alpha360_HIGH22,3,3,3,1.0,1,1.0,1.0,0.06935381553596602,0.057222210318781205,-0.00770237312742221,-0.05857265097065839,True,0.0057285571571285,1.0,1.0,conditional_signal,eligible_windows=3;selection_frequency=1.000;direction_agreement=1.000;direction_adjusted_validation_positive_ratio=1.000;worst_development_degradation=-0.05857265097065839;upstream_fdr_pass=True
split_002,alpha360_HIGH23,3,3,3,1.0,1,1.0,1.0,0.07196970980965826,0.05645240703284745,-0.010524672167129899,-0.05317636232382201,True,0.0057285571571285,1.0,1.0,conditional_signal,eligible_windows=3;selection_frequency=1.000;direction_agreement=1.000;direction_adjusted_validation_positive_ratio=1.000;worst_development_degradation=-0.05317636232382201;upstream_fdr_pass=True
split_002,alpha360_HIGH24,3,3,3,1.0,1,1.0,1.0,0.07450117241083044,0.055486786670043184,-0.01359228385757677,-0.05060490329098352,True,0.0057285571571285,1.0,1.0,conditional_signal,eligible_windows=3;selection_frequency=1.000;direction_agreement=1.000;direction_adjusted_validation_positive_ratio=1.000;worst_development_degradation=-0.05060490329098352;upstream_fdr_pass=True
split_002,alpha360_HIGH25,3,3,3,1.0,1,1.0,1.0,0.07694490249791709,0.053720726385218034,-0.01734878879522607,-0.049552033671675516,True,0.0057285571571285,1.0,1.0,conditional_signal,eligible_windows=3;selection_frequency=1.000;direction_agreement=1.000;direction_adjusted_validation_positive_ratio=1.000;worst_development_degradation=-0.049552033671675516;upstream_fdr_pass=True
split_002,alpha360_HIGH26,3,3,3,1.0,1,1.0,1.0,0.07891401030431715,0.053769034154674024,-0.02665836453844747,-0.047212596867145525,True,0.0057285571571285,1.0,1.0,conditional_signal,eligible_windows=3;selection_frequency=1.000;direction_agreement=1.000;direction_adjusted_validation_positive_ratio=1.000;worst_development_degradation=-0.047212596867145525;upstream_fdr_pass=True
split_002,alpha360_HIGH27,3,3,3,1.0,1,1.0,1.0,0.08083889178007043,0.05150680681415063,-0.03779306207557339,-0.04383237698543623,True,0.0032131330208253,1.0,1.0,conditional_signal,eligible_windows=3;selection_frequency=1.000;direction_agreement=1.000;direction_adjusted_validation_positive_ratio=1.000;worst_development_degradation=-0.04383237698543623;upstream_fdr_pass=True
split_002,alpha360_HIGH28,3,3,3,1.0,1,1.0,1.0,0.08250947665723697,0.04497066775845917,-0.0375388088987778,-0.04761321680990887,True,0.0032131330208253,1.0,1.0,conditional_signal,eligible_windows=3;selection_frequency=1.000;direction_agreement=1.000;direction_adjusted_validation_positive_ratio=1.000;worst_development_degradation=-0.04761321680990887;upstream_fdr_pass=True
split_002,alpha360_HIGH29,3,3,3,1.0,1,1.0,1.0,0.08393639604903448,0.05241837975419393,-0.03151801629484055,-0.056593438631481835,True,0.0070166054418022,1.0,1.0,conditional_signal,eligible_windows=3;selection_frequency=1.000;direction_agreement=1.000;direction_adjusted_validation_positive_ratio=1.000;worst_development_degradation=-0.056593438631481835;upstream_fdr_pass=True
split_002,alpha360_HIGH3,3,3,0,0.0,1,1.0,0.6666666666666666,0.0033485984601321433,0.053264848506864595,,,False,0.9432909432909432,1.0,1.0,holdout,eligible_windows=3;selection_frequency=0.000;direction_agreement=1.000;direction_adjusted_validation_positive_ratio=0.667;worst_development_degradation=nan;upstream_fdr_pass=False
split_002,alpha360_HIGH30,3,3,3,1.0,1,1.0,1.0,0.0849876706338495,0.054405163819081295,-0.026556662485574735,-0.0674191762501893,True,0.0032131330208253,1.0,1.0,conditional_signal,eligible_windows=3;selection_frequency=1.000;direction_agreement=1.000;direction_adjusted_validation_positive_ratio=1.000;worst_development_degradation=-0.0674191762501893;upstream_fdr_pass=True
split_002,alpha360_HIGH31,3,3,3,1.0,1,1.0,1.0,0.08583493721201653,0.05335437778450005,-0.024114947600117544,-0.07698083404483055,True,0.0032131330208253,1.0,1.0,conditional_signal,eligible_windows=3;selection_frequency=1.000;direction_agreement=1.000;direction_adjusted_validation_positive_ratio=1.000;worst_development_degradation=-0.07698083404483055;upstream_fdr_pass=True
split_002,alpha360_HIGH32,3,3,3,1.0,1,1.0,1.0,0.08662790889455783,0.05324953596790545,-0.024525537586567392,-0.08401872536285515,True,0.0070166054418022,1.0,1.0,conditional_signal,eligible_windows=3;selection_frequency=1.000;direction_agreement=1.000;direction_adjusted_validation_positive_ratio=1.000;worst_development_degradation=-0.08401872536285515;upstream_fdr_pass=True
split_002,alpha360_HIGH33,3,3,3,1.0,1,1.0,1.0,0.08728594523742877,0.05280951910277761,-0.025179832643359386,-0.08945017710027364,True,0.0070166054418022,1.0,1.0,conditional_signal,eligible_windows=3;selection_frequency=1.000;direction_agreement=1.000;direction_adjusted_validation_positive_ratio=1.000;worst_development_degradation=-0.08945017710027364;upstream_fdr_pass=True
split_002,alpha360_HIGH34,3,3,2,0.6666666666666666,1,1.0,1.0,0.08772296930945933,0.051879466540192945,-0.017388646059208215,-0.026101165913801003,True,0.004396918870603,1.0,1.0,stable_core,eligible_windows=3;selection_frequency=0.667;direction_agreement=1.000;direction_adjusted_validation_positive_ratio=1.000;worst_development_degradation=-0.026101165913801003;upstream_fdr_pass=True
split_002,alpha360_HIGH35,3,3,2,0.6666666666666666,1,1.0,1.0,0.0881662316418415,0.05006207235274437,-0.0172075993016149,-0.02792527096805434,True,0.0032131330208253,1.0,1.0,stable_core,eligible_windows=3;selection_frequency=0.667;direction_agreement=1.000;direction_adjusted_validation_positive_ratio=1.000;worst_development_degradation=-0.02792527096805434;upstream_fdr_pass=True
split_002,alpha360_HIGH36,3,3,2,0.6666666666666666,1,1.0,0.6666666666666666,0.08858227011975131,0.04869133166305005,-0.017452326773001417,-0.029189509082877013,True,0.004396918870603,1.0,1.0,stable_core,eligible_windows=3;selection_frequency=0.667;direction_agreement=1.000;direction_adjusted_validation_positive_ratio=0.667;worst_development_degradation=-0.029189509082877013;upstream_fdr_pass=True
split_002,alpha360_HIGH37,3,3,2,0.6666666666666666,1,1.0,0.6666666666666666,0.08868636409946414,0.04860480094490337,-0.016475964719839503,-0.028939528002933965,True,0.004396918870603,1.0,1.0,stable_core,eligible_windows=3;selection_frequency=0.667;direction_agreement=1.000;direction_adjusted_validation_positive_ratio=0.667;worst_development_degradation=-0.028939528002933965;upstream_fdr_pass=True
split_002,alpha360_HIGH38,3,3,2,0.6666666666666666,1,1.0,0.6666666666666666,0.08848488660036408,0.04787953686091943,-0.015905800902610297,-0.02900885996531885,True,0.0057285571571285,1.0,1.0,stable_core,eligible_windows=3;selection_frequency=0.667;direction_agreement=1.000;direction_adjusted_validation_positive_ratio=0.667;worst_development_degradation=-0.02900885996531885;upstream_fdr_pass=True
split_002,alpha360_HIGH39,3,3,2,0.6666666666666666,1,1.0,0.6666666666666666,0.0883147321705035,0.04725139512843178,-0.014858531103381901,-0.029053036710113736,True,0.0032131330208253,1.0,1.0,stable_core,eligible_windows=3;selection_frequency=0.667;direction_agreement=1.000;direction_adjusted_validation_positive_ratio=0.667;worst_development_degradation=-0.029053036710113736;upstream_fdr_pass=True
split_002,alpha360_HIGH4,3,3,0,0.0,1,1.0,0.6666666666666666,0.008690997214658672,0.06634622700190784,,,False,0.691021941021941,1.0,1.0,holdout,eligible_windows=3;selection_frequency=0.000;direction_agreement=1.000;direction_adjusted_validation_positive_ratio=0.667;worst_development_degradation=nan;upstream_fdr_pass=False
split_002,alpha360_HIGH40,3,3,2,0.6666666666666666,1,1.0,0.6666666666666666,0.08796163958588535,0.047194044195331346,-0.014194369194722587,-0.02850602546815107,True,0.0070166054418022,1.0,1.0,stable_core,eligible_windows=3;selection_frequency=0.667;direction_agreement=1.000;direction_adjusted_validation_positive_ratio=0.667;worst_development_degradation=-0.02850602546815107;upstream_fdr_pass=True
split_002,alpha360_HIGH41,3,3,2,0.6666666666666666,1,1.0,0.6666666666666666,0.0869712055600035,0.04713716811558805,-0.013615569916999633,-0.027769837696214585,True,0.0032131330208253,1.0,1.0,stable_core,eligible_windows=3;selection_frequency=0.667;direction_agreement=1.000;direction_adjusted_validation_positive_ratio=0.667;worst_development_degradation=-0.027769837696214585;upstream_fdr_pass=True
split_002,alpha360_HIGH42,3,3,2,0.6666666666666666,1,1.0,0.6666666666666666,0.08581846148534443,0.045860861582755805,-0.012702499670436893,-0.028374043972486357,True,0.0057285571571285,1.0,1.0,stable_core,eligible_windows=3;selection_frequency=0.667;direction_agreement=1.000;direction_adjusted_validation_positive_ratio=0.667;worst_development_degradation=-0.028374043972486357;upstream_fdr_pass=True
split_002,alpha360_HIGH43,3,3,2,0.6666666666666666,1,1.0,0.6666666666666666,0.08466636634910339,0.045358778095340065,-0.010564544161080987,-0.02823473387935655,True,0.004396918870603,1.0,1.0,stable_core,eligible_windows=3;selection_frequency=0.667;direction_agreement=1.000;direction_adjusted_validation_positive_ratio=0.667;worst_development_degradation=-0.02823473387935655;upstream_fdr_pass=True
split_002,alpha360_HIGH44,3,3,2,0.6666666666666666,1,1.0,0.6666666666666666,0.08332562560595413,0.04508783330454284,-0.007379418985624567,-0.027870632173971566,True,0.004396918870603,1.0,1.0,stable_core,eligible_windows=3;selection_frequency=0.667;direction_agreement=1.000;direction_adjusted_validation_positive_ratio=0.667;worst_development_degradation=-0.027870632173971566;upstream_fdr_pass=True
split_002,alpha360_HIGH45,3,3,2,0.6666666666666666,1,1.0,0.6666666666666666,0.08183817254194842,0.04313382247150823,-0.006235207109118113,-0.029105496178816588,True,0.0084385311658038,1.0,1.0,stable_core,eligible_windows=3;selection_frequency=0.667;direction_agreement=1.000;direction_adjusted_validation_positive_ratio=0.667;worst_development_degradation=-0.029105496178816588;upstream_fdr_pass=True
split_002,alpha360_HIGH46,3,3,2,0.6666666666666666,1,1.0,0.6666666666666666,0.0803526382059164,0.038776070558919754,-0.007001832502453238,-0.03285913992106006,True,0.004396918870603,1.0,1.0,conditional_signal,eligible_windows=3;selection_frequency=0.667;direction_agreement=1.000;direction_adjusted_validation_positive_ratio=0.667;worst_development_degradation=-0.03285913992106006;upstream_fdr_pass=True
split_002,alpha360_HIGH47,3,3,2,0.6666666666666666,1,1.0,0.6666666666666666,0.07896083462966877,0.033726225245868234,-0.008492815874407238,-0.037284699900104294,True,0.0057285571571285,1.0,1.0,conditional_signal,eligible_windows=3;selection_frequency=0.667;direction_agreement=1.000;direction_adjusted_validation_positive_ratio=0.667;worst_development_degradation=-0.037284699900104294;upstream_fdr_pass=True
split_002,alpha360_HIGH48,3,3,2,0.6666666666666666,1,1.0,0.6666666666666666,0.07773164440453872,0.03125793754704389,-0.00890868624529791,-0.03910637668443128,True,0.0032131330208253,1.0,1.0,conditional_signal,eligible_windows=3;selection_frequency=0.667;direction_agreement=1.000;direction_adjusted_validation_positive_ratio=0.667;worst_development_degradation=-0.03910637668443128;upstream_fdr_pass=True
split_002,alpha360_HIGH49,3,3,2,0.6666666666666666,1,1.0,0.6666666666666666,0.07680774014759308,0.03098125767349979,-0.008554873253613846,-0.03893073940049021,True,0.0084385311658038,1.0,1.0,conditional_signal,eligible_windows=3;selection_frequency=0.667;direction_agreement=1.000;direction_adjusted_validation_positive_ratio=0.667;worst_development_degradation=-0.03893073940049021;upstream_fdr_pass=True
split_002,alpha360_HIGH5,3,3,0,0.0,1,1.0,0.6666666666666666,0.01314493688369953,0.06112342848450449,,,False,0.4218776392689436,1.0,1.0,holdout,eligible_windows=3;selection_frequency=0.000;direction_agreement=1.000;direction_adjusted_validation_positive_ratio=0.667;worst_development_degradation=nan;upstream_fdr_pass=False
split_002,alpha360_HIGH50,3,3,2,0.6666666666666666,1,1.0,0.6666666666666666,0.07584477782483467,0.032511116574000215,-0.006330880173672844,-0.0368872937923531,True,0.0111654455329873,1.0,1.0,conditional_signal,eligible_windows=3;selection_frequency=0.667;direction_agreement=1.000;direction_adjusted_validation_positive_ratio=0.667;worst_development_degradation=-0.0368872937923531;upstream_fdr_pass=True
split_002,alpha360_HIGH51,3,3,2,0.6666666666666666,1,1.0,0.6666666666666666,0.07518000521407353,0.0341933517206598,-0.004168911628293529,-0.03497293967385854,True,0.0070166054418022,1.0,1.0,conditional_signal,eligible_windows=3;selection_frequency=0.667;direction_agreement=1.000;direction_adjusted_validation_positive_ratio=0.667;worst_development_degradation=-0.03497293967385854;upstream_fdr_pass=True
split_002,alpha360_HIGH52,3,3,2,0.6666666666666666,1,1.0,0.6666666666666666,0.07424921656624578,0.03498908926482101,-0.0029012649582717334,-0.033602293277949696,True,0.004396918870603,1.0,1.0,conditional_signal,eligible_windows=3;selection_frequency=0.667;direction_agreement=1.000;direction_adjusted_validation_positive_ratio=0.667;worst_development_degradation=-0.033602293277949696;upstream_fdr_pass=True
split_002,alpha360_HIGH53,3,3,2,0.6666666666666666,1,1.0,0.6666666666666666,0.07336822712097847,0.03484994216283807,-0.00268751687223516,-0.032956169091269666,True,0.004396918870603,1.0,1.0,conditional_signal,eligible_windows=3;selection_frequency=0.667;direction_agreement=1.000;direction_adjusted_validation_positive_ratio=0.667;worst_development_degradation=-0.032956169091269666;upstream_fdr_pass=True
split_002,alpha360_HIGH54,3,3,2,0.6666666666666666,1,1.0,0.6666666666666666,0.0726534697145448,0.03374946090285091,-0.0027009381681119236,-0.03321582474761831,True,0.004396918870603,1.0,1.0,conditional_signal,eligible_windows=3;selection_frequency=0.667;direction_agreement=1.000;direction_adjusted_validation_positive_ratio=0.667;worst_development_degradation=-0.03321582474761831;upstream_fdr_pass=True
split_002,alpha360_HIGH55,3,3,2,0.6666666666666666,1,1.0,0.6666666666666666,0.07211896018326273,0.03311724901507282,-0.002488311532860374,-0.033183383245511414,True,0.0125214364090242,1.0,1.0,conditional_signal,eligible_windows=3;selection_frequency=0.667;direction_agreement=1.000;direction_adjusted_validation_positive_ratio=0.667;worst_development_degradation=-0.033183383245511414;upstream_fdr_pass=True
split_002,alpha360_HIGH56,3,3,2,0.6666666666666666,1,1.0,0.6666666666666666,0.07177252857074083,0.03244136213486613,-0.002067417195960961,-0.03341022953454396,True,0.0097566666909732,1.0,1.0,conditional_signal,eligible_windows=3;selection_frequency=0.667;direction_agreement=1.000;direction_adjusted_validation_positive_ratio=0.667;worst_development_degradation=-0.03341022953454396;upstream_fdr_pass=True
split_002,alpha360_HIGH57,3,3,2,0.6666666666666666,1,1.0,0.6666666666666666,0.07168247605377862,0.0319589610108958,-0.0020736028280854447,-0.03366092537826166,True,0.0111654455329873,1.0,1.0,conditional_signal,eligible_windows=3;selection_frequency=0.667;direction_agreement=1.000;direction_adjusted_validation_positive_ratio=0.667;worst_development_degradation=-0.03366092537826166;upstream_fdr_pass=True
split_002,alpha360_HIGH58,3,3,2,0.6666666666666666,1,1.0,0.6666666666666666,0.07184731896697824,0.0325561459776995,-0.002635635331271341,-0.033045070004239036,True,0.0057285571571285,1.0,1.0,conditional_signal,eligible_windows=3;selection_frequency=0.667;direction_agreement=1.000;direction_adjusted_validation_positive_ratio=0.667;worst_development_degradation=-0.033045070004239036;upstream_fdr_pass=True
split_002,alpha360_HIGH59,3,3,2,0.6666666666666666,1,1.0,0.6666666666666666,0.0720480864192678,0.036104993263499814,-0.0027253249988072777,-0.029516790372260425,True,0.0138594124769239,1.0,1.0,stable_core,eligible_windows=3;selection_frequency=0.667;direction_agreement=1.000;direction_adjusted_validation_positive_ratio=0.667;worst_development_degradation=-0.029516790372260425;upstream_fdr_pass=True
split_002,alpha360_HIGH6,3,3,0,0.0,1,1.0,0.6666666666666666,0.01764267257604685,0.054211090795549886,,,False,0.2174366729161249,1.0,1.0,holdout,eligible_windows=3;selection_frequency=0.000;direction_agreement=1.000;direction_adjusted_validation_positive_ratio=0.667;worst_development_degradation=nan;upstream_fdr_pass=False
split_002,alpha360_HIGH7,3,3,0,0.0,1,1.0,0.6666666666666666,0.02149649272385307,0.050882963590930544,,,False,0.1412637096473686,1.0,1.0,holdout,eligible_windows=3;selection_frequency=0.000;direction_agreement=1.000;direction_adjusted_validation_positive_ratio=0.667;worst_development_degradation=nan;upstream_fdr_pass=False
split_002,alpha360_HIGH8,3,3,0,0.0,1,1.0,0.6666666666666666,0.0257724735249858,0.05207876339251673,,,False,0.0684818028271538,1.0,1.0,holdout,eligible_windows=3;selection_frequency=0.000;direction_agreement=1.000;direction_adjusted_validation_positive_ratio=0.667;worst_development_degradation=nan;upstream_fdr_pass=False
split_002,alpha360_HIGH9,3,3,0,0.0,1,1.0,0.6666666666666666,0.02956975271067062,0.05457580300740518,,,False,0.0545047185823884,1.0,1.0,holdout,eligible_windows=3;selection_frequency=0.000;direction_agreement=1.000;direction_adjusted_validation_positive_ratio=0.667;worst_development_degradation=nan;upstream_fdr_pass=False
split_002,alpha360_LOW0,3,3,2,0.6666666666666666,1,1.0,0.6666666666666666,0.05348518982154675,0.05508459270405007,0.029182449473883938,0.007090789631108145,True,0.0032131330208253,1.0,1.0,stable_core,eligible_windows=3;selection_frequency=0.667;direction_agreement=1.000;direction_adjusted_validation_positive_ratio=0.667;worst_development_degradation=0.007090789631108145;upstream_fdr_pass=True
split_002,alpha360_LOW1,3,3,3,1.0,1,1.0,1.0,0.03701675565071319,0.050051922916726575,0.011735346514872458,-0.02354953897559143,True,0.0032131330208253,1.0,1.0,stable_core,eligible_windows=3;selection_frequency=1.000;direction_agreement=1.000;direction_adjusted_validation_positive_ratio=1.000;worst_development_degradation=-0.02354953897559143;upstream_fdr_pass=True
split_002,alpha360_LOW10,3,3,3,1.0,1,1.0,1.0,0.05489658219333619,0.028846156827056397,-0.02668523158722144,-0.029054571700615917,True,0.0032131330208253,1.0,1.0,stable_core,eligible_windows=3;selection_frequency=1.000;direction_agreement=1.000;direction_adjusted_validation_positive_ratio=1.000;worst_development_degradation=-0.029054571700615917;upstream_fdr_pass=True
split_002,alpha360_LOW11,3,3,3,1.0,1,1.0,1.0,0.058122048986502126,0.026367008102613155,-0.031755040883888974,-0.03328809874835509,True,0.0032131330208253,1.0,1.0,conditional_signal,eligible_windows=3;selection_frequency=1.000;direction_agreement=1.000;direction_adjusted_validation_positive_ratio=1.000;worst_development_degradation=-0.03328809874835509;upstream_fdr_pass=True
split_002,alpha360_LOW12,3,3,3,1.0,1,1.0,1.0,0.060326295704793614,0.02386554203944698,-0.03646075366534664,-0.03717544972607693,True,0.0032131330208253,1.0,1.0,conditional_signal,eligible_windows=3;selection_frequency=1.000;direction_agreement=1.000;direction_adjusted_validation_positive_ratio=1.000;worst_development_degradation=-0.03717544972607693;upstream_fdr_pass=True
split_002,alpha360_LOW13,3,3,3,1.0,1,1.0,1.0,0.062186019733052114,0.02574674512367805,-0.036439274609374066,-0.037743885909092306,True,0.0032131330208253,1.0,1.0,conditional_signal,eligible_windows=3;selection_frequency=1.000;direction_agreement=1.000;direction_adjusted_validation_positive_ratio=1.000;worst_development_degradation=-0.037743885909092306;upstream_fdr_pass=True
split_002,alpha360_LOW14,3,3,3,1.0,1,1.0,1.0,0.06387727970723489,0.030228464075575327,-0.033648815631659564,-0.03729520279133063,True,0.0032131330208253,1.0,1.0,conditional_signal,eligible_windows=3;selection_frequency=1.000;direction_agreement=1.000;direction_adjusted_validation_positive_ratio=1.000;worst_development_degradation=-0.03729520279133063;upstream_fdr_pass=True
split_002,alpha360_LOW15,3,3,3,1.0,1,1.0,1.0,0.0658727597202005,0.03481474609768157,-0.03055102817913235,-0.03841612848206944,True,0.004396918870603,1.0,1.0,conditional_signal,eligible_windows=3;selection_frequency=1.000;direction_agreement=1.000;direction_adjusted_validation_positive_ratio=1.000;worst_development_degradation=-0.03841612848206944;upstream_fdr_pass=True
split_002,alpha360_LOW16,3,3,3,1.0,1,1.0,1.0,0.0685453683649351,0.03626321339023161,-0.030934883399079197,-0.039466742675732705,True,0.004396918870603,1.0,1.0,conditional_signal,eligible_windows=3;selection_frequency=1.000;direction_agreement=1.000;direction_adjusted_validation_positive_ratio=1.000;worst_development_degradation=-0.039466742675732705;upstream_fdr_pass=True
split_002,alpha360_LOW17,3,3,3,1.0,1,1.0,1.0,0.07135180906386374,0.03420996106930897,-0.035483289285526284,-0.040387030305878244,True,0.0032131330208253,1.0,1.0,conditional_signal,eligible_windows=3;selection_frequency=1.000;direction_agreement=1.000;direction_adjusted_validation_positive_ratio=1.000;worst_development_degradation=-0.040387030305878244;upstream_fdr_pass=True
split_002,alpha360_LOW18,3,3,3,1.0,1,1.0,1.0,0.07378523298778551,0.03165759585317335,-0.04189669848197302,-0.042127637134612164,True,0.0032131330208253,1.0,1.0,conditional_signal,eligible_windows=3;selection_frequency=1.000;direction_agreement=1.000;direction_adjusted_validation_positive_ratio=1.000;worst_development_degradation=-0.042127637134612164;upstream_fdr_pass=True
split_002,alpha360_LOW19,3,3,3,1.0,1,1.0,1.0,0.07594351123024488,0.035137740810208734,-0.04080577042003615,-0.0428061213645473,True,0.004396918870603,1.0,1.0,conditional_signal,eligible_windows=3;selection_frequency=1.000;direction_agreement=1.000;direction_adjusted_validation_positive_ratio=1.000;worst_development_degradation=-0.0428061213645473;upstream_fdr_pass=True
split_002,alpha360_LOW2,3,3,3,1.0,1,1.0,1.0,0.035095678559255154,0.03127211963620184,-0.005161187094660291,-0.00778613045166323,True,0.0032131330208253,1.0,1.0,stable_core,eligible_windows=3;selection_frequency=1.000;direction_agreement=1.000;direction_adjusted_validation_positive_ratio=1.000;worst_development_degradation=-0.00778613045166323;upstream_fdr_pass=True
split_002,alpha360_LOW20,3,3,3,1.0,1,1.0,1.0,0.07812095353094217,0.039735420405828684,-0.03838553312511349,-0.042281030830421576,True,0.0032131330208253,1.0,1.0,conditional_signal,eligible_windows=3;selection_frequency=1.000;direction_agreement=1.000;direction_adjusted_validation_positive_ratio=1.000;worst_development_degradation=-0.042281030830421576;upstream_fdr_pass=True
split_002,alpha360_LOW21,3,3,3,1.0,1,1.0,1.0,0.08065231473342324,0.045828650806410506,-0.034823663927012735,-0.043052135746549924,True,0.0032131330208253,1.0,1.0,conditional_signal,eligible_windows=3;selection_frequency=1.000;direction_agreement=1.000;direction_adjusted_validation_positive_ratio=1.000;worst_development_degradation=-0.043052135746549924;upstream_fdr_pass=True
split_002,alpha360_LOW22,3,3,3,1.0,1,1.0,1.0,0.08347708350560067,0.05419484672495556,-0.029282236780645107,-0.045889504055413026,True,0.004396918870603,1.0,1.0,conditional_signal,eligible_windows=3;selection_frequency=1.000;direction_agreement=1.000;direction_adjusted_validation_positive_ratio=1.000;worst_development_degradation=-0.045889504055413026;upstream_fdr_pass=True
split_002,alpha360_LOW23,3,3,3,1.0,1,1.0,1.0,0.08596767708403513,0.06006498968948404,-0.025902687394551094,-0.048642425586653514,True,0.0032131330208253,1.0,1.0,conditional_signal,eligible_windows=3;selection_frequency=1.000;direction_agreement=1.000;direction_adjusted_validation_positive_ratio=1.000;worst_development_degradation=-0.048642425586653514;upstream_fdr_pass=True
split_002,alpha360_LOW24,3,3,3,1.0,1,1.0,1.0,0.08841574861415566,0.06306566465723826,-0.025350083956917402,-0.05164769417804486,True,0.0032131330208253,1.0,1.0,conditional_signal,eligible_windows=3;selection_frequency=1.000;direction_agreement=1.000;direction_adjusted_validation_positive_ratio=1.000;worst_development_degradation=-0.05164769417804486;upstream_fdr_pass=True
split_002,alpha360_LOW25,3,3,3,1.0,1,1.0,1.0,0.0905293579550992,0.06530721385034974,-0.03114208898725096,-0.054025080071478514,True,0.0032131330208253,1.0,1.0,conditional_signal,eligible_windows=3;selection_frequency=1.000;direction_agreement=1.000;direction_adjusted_validation_positive_ratio=1.000;worst_development_degradation=-0.054025080071478514;upstream_fdr_pass=True
split_002,alpha360_LOW26,3,3,3,1.0,1,1.0,1.0,0.09239425405159817,0.058609920264317994,-0.040358996333361444,-0.054934108087753564,True,0.004396918870603,1.0,1.0,conditional_signal,eligible_windows=3;selection_frequency=1.000;direction_agreement=1.000;direction_adjusted_validation_positive_ratio=1.000;worst_development_degradation=-0.054934108087753564;upstream_fdr_pass=True
split_002,alpha360_LOW27,3,3,3,1.0,1,1.0,1.0,0.09403887563399235,0.05078251067075449,-0.050468474197232736,-0.05505237427670377,True,0.0032131330208253,1.0,1.0,conditional_signal,eligible_windows=3;selection_frequency=1.000;direction_agreement=1.000;direction_adjusted_validation_positive_ratio=1.000;worst_development_degradation=-0.05505237427670377;upstream_fdr_pass=True
split_002,alpha360_LOW28,3,3,3,1.0,1,1.0,1.0,0.09546995856063517,0.04376535507654149,-0.05619339465445357,-0.05962839029714645,True,0.0032131330208253,1.0,1.0,conditional_signal,eligible_windows=3;selection_frequency=1.000;direction_agreement=1.000;direction_adjusted_validation_positive_ratio=1.000;worst_development_degradation=-0.05962839029714645;upstream_fdr_pass=True
split_002,alpha360_LOW29,3,3,3,1.0,1,1.0,1.0,0.0967233029077632,0.03780064563844977,-0.057128263250417116,-0.06776376907191556,True,0.0032131330208253,1.0,1.0,conditional_signal,eligible_windows=3;selection_frequency=1.000;direction_agreement=1.000;direction_adjusted_validation_positive_ratio=1.000;worst_development_degradation=-0.06776376907191556;upstream_fdr_pass=True
split_002,alpha360_LOW3,3,3,3,1.0,1,1.0,1.0,0.03643722427504311,0.03380816422718627,-0.002629060047856839,-0.01611625350037513,True,0.0032131330208253,1.0,1.0,stable_core,eligible_windows=3;selection_frequency=1.000;direction_agreement=1.000;direction_adjusted_validation_positive_ratio=1.000;worst_development_degradation=-0.01611625350037513;upstream_fdr_pass=True
split_002,alpha360_LOW30,3,3,3,1.0,1,1.0,1.0,0.09749403990310179,0.03308804609044975,-0.05777364009149868,-0.0773035194581213,True,0.0032131330208253,1.0,1.0,conditional_signal,eligible_windows=3;selection_frequency=1.000;direction_agreement=1.000;direction_adjusted_validation_positive_ratio=1.000;worst_development_degradation=-0.0773035194581213;upstream_fdr_pass=True
split_002,alpha360_LOW31,3,3,3,1.0,1,1.0,1.0,0.0982295746426376,0.032523872558943186,-0.05860002734940945,-0.08626885823692781,True,0.0032131330208253,1.0,1.0,conditional_signal,eligible_windows=3;selection_frequency=1.000;direction_agreement=1.000;direction_adjusted_validation_positive_ratio=1.000;worst_development_degradation=-0.08626885823692781;upstream_fdr_pass=True
split_002,alpha360_LOW32,3,3,3,1.0,1,1.0,1.0,0.09912630448454796,0.03293957421512812,-0.058543918711628895,-0.09165662734511326,True,0.0032131330208253,1.0,1.0,conditional_signal,eligible_windows=3;selection_frequency=1.000;direction_agreement=1.000;direction_adjusted_validation_positive_ratio=1.000;worst_development_degradation=-0.09165662734511326;upstream_fdr_pass=True
split_002,alpha360_LOW33,3,3,3,1.0,1,1.0,1.0,0.09932447002316429,0.03375305396246575,-0.05739495818098336,-0.09729775295930379,True,0.0032131330208253,1.0,1.0,conditional_signal,eligible_windows=3;selection_frequency=1.000;direction_agreement=1.000;direction_adjusted_validation_positive_ratio=1.000;worst_development_degradation=-0.09729775295930379;upstream_fdr_pass=True
split_002,alpha360_LOW34,3,3,2,0.6666666666666666,1,1.0,1.0,0.09948824468701217,0.03233906744542926,-0.024831108095204966,-0.05844055574865949,True,0.0032131330208253,1.0,1.0,conditional_signal,eligible_windows=3;selection_frequency=0.667;direction_agreement=1.000;direction_adjusted_validation_positive_ratio=1.000;worst_development_degradation=-0.05844055574865949;upstream_fdr_pass=True
split_002,alpha360_LOW35,3,3,2,0.6666666666666666,1,1.0,1.0,0.09973649633321151,0.030588538756595462,-0.024622290231696244,-0.05991417469141916,True,0.0032131330208253,1.0,1.0,conditional_signal,eligible_windows=3;selection_frequency=0.667;direction_agreement=1.000;direction_adjusted_validation_positive_ratio=1.000;worst_development_degradation=-0.05991417469141916;upstream_fdr_pass=True
split_002,alpha360_LOW36,3,3,2,0.6666666666666666,1,1.0,1.0,0.0998800465787856,0.0293982741924853,-0.024342116057271313,-0.06079063980576988,True,0.0032131330208253,1.0,1.0,conditional_signal,eligible_windows=3;selection_frequency=0.667;direction_agreement=1.000;direction_adjusted_validation_positive_ratio=1.000;worst_development_degradation=-0.06079063980576988;upstream_fdr_pass=True
split_002,alpha360_LOW37,3,3,2,0.6666666666666666,1,1.0,0.6666666666666666,0.09967042867625704,0.02868811885200547,-0.02330960420607613,-0.06085313190703045,True,0.004396918870603,1.0,1.0,conditional_signal,eligible_windows=3;selection_frequency=0.667;direction_agreement=1.000;direction_adjusted_validation_positive_ratio=0.667;worst_development_degradation=-0.06085313190703045;upstream_fdr_pass=True
split_002,alpha360_LOW38,3,3,2,0.6666666666666666,1,1.0,0.6666666666666666,0.09934929213442463,0.027948440759504894,-0.022306902512213074,-0.06082172633075317,True,0.0032131330208253,1.0,1.0,conditional_signal,eligible_windows=3;selection_frequency=0.667;direction_agreement=1.000;direction_adjusted_validation_positive_ratio=0.667;worst_development_degradation=-0.06082172633075317;upstream_fdr_pass=True
split_002,alpha360_LOW39,3,3,2,0.6666666666666666,1,1.0,0.6666666666666666,0.09880713748853291,0.026740540330801744,-0.021752960185243878,-0.0609509549052699,True,0.0032131330208253,1.0,1.0,conditional_signal,eligible_windows=3;selection_frequency=0.667;direction_agreement=1.000;direction_adjusted_validation_positive_ratio=0.667;worst_development_degradation=-0.0609509549052699;upstream_fdr_pass=True
split_002,alpha360_LOW4,3,3,3,1.0,1,1.0,1.0,0.03799618531493197,0.035340479435991154,-0.0026557058789408172,-0.02064761530741646,True,0.0032131330208253,1.0,1.0,stable_core,eligible_windows=3;selection_frequency=1.000;direction_agreement=1.000;direction_adjusted_validation_positive_ratio=1.000;worst_development_degradation=-0.02064761530741646;upstream_fdr_pass=True
split_002,alpha360_LOW40,3,3,2,0.6666666666666666,1,1.0,0.6666666666666666,0.09809523856885173,0.02683794019458774,-0.021275129046347083,-0.05988079076153126,True,0.0032131330208253,1.0,1.0,conditional_signal,eligible_windows=3;selection_frequency=0.667;direction_agreement=1.000;direction_adjusted_validation_positive_ratio=0.667;worst_development_degradation=-0.05988079076153126;upstream_fdr_pass=True
split_002,alpha360_LOW41,3,3,2,0.6666666666666666,1,1.0,0.6666666666666666,0.09698984797445719,0.0265265970039402,-0.020725889893453735,-0.05918255790039433,True,0.0032131330208253,1.0,1.0,conditional_signal,eligible_windows=3;selection_frequency=0.667;direction_agreement=1.000;direction_adjusted_validation_positive_ratio=0.667;worst_development_degradation=-0.05918255790039433;upstream_fdr_pass=True
split_002,alpha360_LOW42,3,3,2,0.6666666666666666,1,1.0,0.6666666666666666,0.09556218692312399,0.025513308647526482,-0.0193332349604585,-0.05929847430920577,True,0.0032131330208253,1.0,1.0,conditional_signal,eligible_windows=3;selection_frequency=0.667;direction_agreement=1.000;direction_adjusted_validation_positive_ratio=0.667;worst_development_degradation=-0.05929847430920577;upstream_fdr_pass=True
split_002,alpha360_LOW43,3,3,2,0.6666666666666666,1,1.0,0.6666666666666666,0.09419872667619975,0.026596935763089267,-0.015946750952573436,-0.05749287162139762,True,0.004396918870603,1.0,1.0,conditional_signal,eligible_windows=3;selection_frequency=0.667;direction_agreement=1.000;direction_adjusted_validation_positive_ratio=0.667;worst_development_degradation=-0.05749287162139762;upstream_fdr_pass=True
split_002,alpha360_LOW44,3,3,2,0.6666666666666666,1,1.0,0.6666666666666666,0.09272753855147957,0.026949648174501278,-0.013367336643850855,-0.05638099717770552,True,0.004396918870603,1.0,1.0,conditional_signal,eligible_windows=3;selection_frequency=0.667;direction_agreement=1.000;direction_adjusted_validation_positive_ratio=0.667;worst_development_degradation=-0.05638099717770552;upstream_fdr_pass=True
split_002,alpha360_LOW45,3,3,2,0.6666666666666666,1,1.0,0.6666666666666666,0.09117374866144748,0.02391940272086287,-0.013181381715385108,-0.0586263508103585,True,0.0032131330208253,1.0,1.0,conditional_signal,eligible_windows=3;selection_frequency=0.667;direction_agreement=1.000;direction_adjusted_validation_positive_ratio=0.667;worst_development_degradation=-0.0586263508103585;upstream_fdr_pass=True
split_002,alpha360_LOW46,3,3,2,0.6666666666666666,1,1.0,0.6666666666666666,0.0895610439725151,0.018980304918525464,-0.014607047144303026,-0.0627087343051268,True,0.0032131330208253,1.0,1.0,conditional_signal,eligible_windows=3;selection_frequency=0.667;direction_agreement=1.000;direction_adjusted_validation_positive_ratio=0.667;worst_development_degradation=-0.0627087343051268;upstream_fdr_pass=True
split_002,alpha360_LOW47,3,3,2,0.6666666666666666,1,1.0,0.6666666666666666,0.08800282732811524,0.014877717365100102,-0.016076458945352028,-0.06607938450333607,True,0.0032131330208253,1.0,1.0,conditional_signal,eligible_windows=3;selection_frequency=0.667;direction_agreement=1.000;direction_adjusted_validation_positive_ratio=0.667;worst_development_degradation=-0.06607938450333607;upstream_fdr_pass=True
split_002,alpha360_LOW48,3,3,2,0.6666666666666666,1,1.0,0.6666666666666666,0.08664702910687916,0.012500973741130763,-0.016897253494297666,-0.06777746518101341,True,0.0032131330208253,1.0,1.0,conditional_signal,eligible_windows=3;selection_frequency=0.667;direction_agreement=1.000;direction_adjusted_validation_positive_ratio=0.667;worst_development_degradation=-0.06777746518101341;upstream_fdr_pass=True
split_002,alpha360_LOW49,3,3,2,0.6666666666666666,1,1.0,0.6666666666666666,0.08547968674847539,0.012733496737114575,-0.016288988554313676,-0.06691518966352569,True,0.0032131330208253,1.0,1.0,conditional_signal,eligible_windows=3;selection_frequency=0.667;direction_agreement=1.000;direction_adjusted_validation_positive_ratio=0.667;worst_development_degradation=-0.06691518966352569;upstream_fdr_pass=True
split_002,alpha360_LOW5,3,3,3,1.0,1,1.0,1.0,0.04001867243787193,0.03462707360957992,-0.005887767910764306,-0.021005339041978734,True,0.0032131330208253,1.0,1.0,stable_core,eligible_windows=3;selection_frequency=1.000;direction_agreement=1.000;direction_adjusted_validation_positive_ratio=1.000;worst_development_degradation=-0.021005339041978734;upstream_fdr_pass=True
split_002,alpha360_LOW50,3,3,2,0.6666666666666666,1,1.0,0.6666666666666666,0.08468417620123084,0.015296917313933917,-0.014247678443760757,-0.06398620055175314,True,0.0057285571571285,1.0,1.0,conditional_signal,eligible_windows=3;selection_frequency=0.667;direction_agreement=1.000;direction_adjusted_validation_positive_ratio=0.667;worst_development_degradation=-0.06398620055175314;upstream_fdr_pass=True
split_002,alpha360_LOW51,3,3,2,0.6666666666666666,1,1.0,0.6666666666666666,0.0836490253907421,0.017367454339858972,-0.011962750114458649,-0.061390516045755426,True,0.0032131330208253,1.0,1.0,conditional_signal,eligible_windows=3;selection_frequency=0.667;direction_agreement=1.000;direction_adjusted_validation_positive_ratio=0.667;worst_development_degradation=-0.061390516045755426;upstream_fdr_pass=True
split_002,alpha360_LOW52,3,3,2,0.6666666666666666,1,1.0,0.6666666666666666,0.08250093816022346,0.018507530497636,-0.010497638095185786,-0.05943408740669884,True,0.004396918870603,1.0,1.0,conditional_signal,eligible_windows=3;selection_frequency=0.667;direction_agreement=1.000;direction_adjusted_validation_positive_ratio=0.667;worst_development_degradation=-0.05943408740669884;upstream_fdr_pass=True
split_002,alpha360_LOW53,3,3,2,0.6666666666666666,1,1.0,0.6666666666666666,0.08135538443761185,0.017686169470067348,-0.010572983500671984,-0.0593100715090025,True,0.004396918870603,1.0,1.0,conditional_signal,eligible_windows=3;selection_frequency=0.667;direction_agreement=1.000;direction_adjusted_validation_positive_ratio=0.667;worst_development_degradation=-0.0593100715090025;upstream_fdr_pass=True
split_002,alpha360_LOW54,3,3,2,0.6666666666666666,1,1.0,0.6666666666666666,0.08050522951599315,0.017310417347613582,-0.010538814874146131,-0.05868451043604801,True,0.0032131330208253,1.0,1.0,conditional_signal,eligible_windows=3;selection_frequency=0.667;direction_agreement=1.000;direction_adjusted_validation_positive_ratio=0.667;worst_development_degradation=-0.05868451043604801;upstream_fdr_pass=True
split_002,alpha360_LOW55,3,3,2,0.6666666666666666,1,1.0,0.6666666666666666,0.07981051324465596,0.016940769258763914,-0.010145109120512075,-0.058201343102284926,True,0.0032131330208253,1.0,1.0,conditional_signal,eligible_windows=3;selection_frequency=0.667;direction_agreement=1.000;direction_adjusted_validation_positive_ratio=0.667;worst_development_degradation=-0.058201343102284926;upstream_fdr_pass=True
split_002,alpha360_LOW56,3,3,2,0.6666666666666666,1,1.0,1.0,0.07935645874208122,0.0155113839141247,-0.010528670425072682,-0.05893392467231859,True,0.0057285571571285,1.0,1.0,conditional_signal,eligible_windows=3;selection_frequency=0.667;direction_agreement=1.000;direction_adjusted_validation_positive_ratio=1.000;worst_development_degradation=-0.05893392467231859;upstream_fdr_pass=True
split_002,alpha360_LOW57,3,3,2,0.6666666666666666,1,1.0,1.0,0.07919857340803677,0.015116961269394658,-0.010555780935103024,-0.05891046477699877,True,0.0032131330208253,1.0,1.0,conditional_signal,eligible_windows=3;selection_frequency=0.667;direction_agreement=1.000;direction_adjusted_validation_positive_ratio=1.000;worst_development_degradation=-0.05891046477699877;upstream_fdr_pass=True
split_002,alpha360_LOW58,3,3,2,0.6666666666666666,1,1.0,1.0,0.07915531747845608,0.01636247666063454,-0.010413027342527397,-0.05732757619058317,True,0.004396918870603,1.0,1.0,conditional_signal,eligible_windows=3;selection_frequency=0.667;direction_agreement=1.000;direction_adjusted_validation_positive_ratio=1.000;worst_development_degradation=-0.05732757619058317;upstream_fdr_pass=True
split_002,alpha360_LOW59,3,3,2,0.6666666666666666,1,1.0,0.6666666666666666,0.0792216678057915,0.019821553436228857,-0.010037469512516498,-0.05371862889836634,True,0.004396918870603,1.0,1.0,conditional_signal,eligible_windows=3;selection_frequency=0.667;direction_agreement=1.000;direction_adjusted_validation_positive_ratio=0.667;worst_development_degradation=-0.05371862889836634;upstream_fdr_pass=True
split_002,alpha360_LOW6,3,3,3,1.0,1,1.0,1.0,0.043016947840706,0.030184930033263883,-0.013816648161444033,-0.018839708625732744,True,0.0032131330208253,1.0,1.0,stable_core,eligible_windows=3;selection_frequency=1.000;direction_agreement=1.000;direction_adjusted_validation_positive_ratio=1.000;worst_development_degradation=-0.018839708625732744;upstream_fdr_pass=True
split_002,alpha360_LOW7,3,3,3,1.0,1,1.0,1.0,0.04580750521131668,0.026573914233898783,-0.020532046209174534,-0.020697689688659024,True,0.0032131330208253,1.0,1.0,stable_core,eligible_windows=3;selection_frequency=1.000;direction_agreement=1.000;direction_adjusted_validation_positive_ratio=1.000;worst_development_degradation=-0.020697689688659024;upstream_fdr_pass=True
split_002,alpha360_LOW8,3,3,3,1.0,1,1.0,1.0,0.04876657004343412,0.028745550477160348,-0.02120535009201431,-0.023585629622244014,True,0.0032131330208253,1.0,1.0,stable_core,eligible_windows=3;selection_frequency=1.000;direction_agreement=1.000;direction_adjusted_validation_positive_ratio=1.000;worst_development_degradation=-0.023585629622244014;upstream_fdr_pass=True
split_002,alpha360_LOW9,3,3,3,1.0,1,1.0,1.0,0.05178178039622786,0.02996492710789147,-0.02272263432960569,-0.026692215955165133,True,0.0032131330208253,1.0,1.0,stable_core,eligible_windows=3;selection_frequency=1.000;direction_agreement=1.000;direction_adjusted_validation_positive_ratio=1.000;worst_development_degradation=-0.026692215955165133;upstream_fdr_pass=True
split_002,alpha360_OPEN0,3,3,0,0.0,1,1.0,0.6666666666666666,0.013176980368495798,0.023663586281308466,,,False,0.0675984321022488,1.0,1.0,holdout,eligible_windows=3;selection_frequency=0.000;direction_agreement=1.000;direction_adjusted_validation_positive_ratio=0.667;worst_development_degradation=nan;upstream_fdr_pass=False
split_002,alpha360_OPEN1,3,3,0,0.0,1,1.0,0.6666666666666666,0.01665476809968338,0.03554210430201018,,,False,0.0684818028271538,1.0,1.0,holdout,eligible_windows=3;selection_frequency=0.000;direction_agreement=1.000;direction_adjusted_validation_positive_ratio=0.667;worst_development_degradation=nan;upstream_fdr_pass=False
split_002,alpha360_OPEN10,3,3,2,0.6666666666666666,1,1.0,1.0,0.04700093606744875,0.033407610191931815,0.022956483723657,-0.013593325875516933,True,0.004396918870603,1.0,1.0,stable_core,eligible_windows=3;selection_frequency=0.667;direction_agreement=1.000;direction_adjusted_validation_positive_ratio=1.000;worst_development_degradation=-0.013593325875516933;upstream_fdr_pass=True
split_002,alpha360_OPEN11,3,3,2,0.6666666666666666,1,1.0,1.0,0.04991584515046003,0.030170125497789708,0.01933825593012211,-0.01974571965267032,True,0.0070166054418022,1.0,1.0,stable_core,eligible_windows=3;selection_frequency=0.667;direction_agreement=1.000;direction_adjusted_validation_positive_ratio=1.000;worst_development_degradation=-0.01974571965267032;upstream_fdr_pass=True
split_002,alpha360_OPEN12,3,3,2,0.6666666666666666,1,1.0,1.0,0.05213150163261913,0.030704133397653332,0.015956656257269837,-0.021427368234965796,True,0.0070166054418022,1.0,1.0,stable_core,eligible_windows=3;selection_frequency=0.667;direction_agreement=1.000;direction_adjusted_validation_positive_ratio=1.000;worst_development_degradation=-0.021427368234965796;upstream_fdr_pass=True
split_002,alpha360_OPEN13,3,3,2,0.6666666666666666,1,1.0,1.0,0.05453156031365972,0.03436339945276513,0.016158811740905363,-0.01992380068515885,True,0.004396918870603,1.0,1.0,stable_core,eligible_windows=3;selection_frequency=0.667;direction_agreement=1.000;direction_adjusted_validation_positive_ratio=1.000;worst_development_degradation=-0.01992380068515885;upstream_fdr_pass=True
split_002,alpha360_OPEN14,3,3,2,0.6666666666666666,1,1.0,1.0,0.057742139754202844,0.038178865604274324,0.015605355690806916,-0.0182497509047342,True,0.0032131330208253,1.0,1.0,stable_core,eligible_windows=3;selection_frequency=0.667;direction_agreement=1.000;direction_adjusted_validation_positive_ratio=1.000;worst_development_degradation=-0.0182497509047342;upstream_fdr_pass=True
split_002,alpha360_OPEN15,3,3,2,0.6666666666666666,1,1.0,1.0,0.06080348136658526,0.04458176310698739,0.013632784884770141,-0.013818495300670912,True,0.0032131330208253,1.0,1.0,stable_core,eligible_windows=3;selection_frequency=0.667;direction_agreement=1.000;direction_adjusted_validation_positive_ratio=1.000;worst_development_degradation=-0.013818495300670912;upstream_fdr_pass=True
split_002,alpha360_OPEN16,3,3,3,1.0,1,1.0,1.0,0.06289100302207826,0.04377598265405237,-0.016761359642514344,-0.05185715144811209,True,0.004396918870603,1.0,1.0,conditional_signal,eligible_windows=3;selection_frequency=1.000;direction_agreement=1.000;direction_adjusted_validation_positive_ratio=1.000;worst_development_degradation=-0.05185715144811209;upstream_fdr_pass=True
split_002,alpha360_OPEN17,3,3,3,1.0,1,1.0,1.0,0.06569316330330674,0.03956121604776784,-0.023885582394125457,-0.052734223605351765,True,0.0057285571571285,1.0,1.0,conditional_signal,eligible_windows=3;selection_frequency=1.000;direction_agreement=1.000;direction_adjusted_validation_positive_ratio=1.000;worst_development_degradation=-0.052734223605351765;upstream_fdr_pass=True
split_002,alpha360_OPEN18,3,3,3,1.0,1,1.0,1.0,0.06834006563440666,0.03689087870369449,-0.029128553567723252,-0.05413192073968051,True,0.0057285571571285,1.0,1.0,conditional_signal,eligible_windows=3;selection_frequency=1.000;direction_agreement=1.000;direction_adjusted_validation_positive_ratio=1.000;worst_development_degradation=-0.05413192073968051;upstream_fdr_pass=True
split_002,alpha360_OPEN19,3,3,3,1.0,1,1.0,1.0,0.07053946230154208,0.039377436424537844,-0.028877466903119105,-0.05088137938197427,True,0.0057285571571285,1.0,1.0,conditional_signal,eligible_windows=3;selection_frequency=1.000;direction_agreement=1.000;direction_adjusted_validation_positive_ratio=1.000;worst_development_degradation=-0.05088137938197427;upstream_fdr_pass=True
split_002,alpha360_OPEN2,3,3,2,0.6666666666666666,1,1.0,0.6666666666666666,0.01992141290065924,0.0445249259837545,0.033070420152518,0.026158661650194356,True,0.0276741891648723,1.0,1.0,stable_core,eligible_windows=3;selection_frequency=0.667;direction_agreement=1.000;direction_adjusted_validation_positive_ratio=0.667;worst_development_degradation=0.026158661650194356;upstream_fdr_pass=True
split_002,alpha360_OPEN20,3,3,3,1.0,1,1.0,1.0,0.07283788975532729,0.04097784735577652,-0.02933658257796727,-0.0473694020203579,True,0.004396918870603,1.0,1.0,conditional_signal,eligible_windows=3;selection_frequency=1.000;direction_agreement=1.000;direction_adjusted_validation_positive_ratio=1.000;worst_development_degradation=-0.0473694020203579;upstream_fdr_pass=True
split_002,alpha360_OPEN21,3,3,3,1.0,1,1.0,1.0,0.07559764630231443,0.0416922164834443,-0.031019251115687166,-0.04120163650715061,True,0.0032131330208253,1.0,1.0,conditional_signal,eligible_windows=3;selection_frequency=1.000;direction_agreement=1.000;direction_adjusted_validation_positive_ratio=1.000;worst_development_degradation=-0.04120163650715061;upstream_fdr_pass=True
split_002,alpha360_OPEN22,3,3,3,1.0,1,1.0,1.0,0.07836819875082353,0.04134355433753999,-0.03391995796277239,-0.03702464441328354,True,0.0032131330208253,1.0,1.0,conditional_signal,eligible_windows=3;selection_frequency=1.000;direction_agreement=1.000;direction_adjusted_validation_positive_ratio=1.000;worst_development_degradation=-0.03702464441328354;upstream_fdr_pass=True
split_002,alpha360_OPEN23,3,3,3,1.0,1,1.0,1.0,0.08090633171284976,0.04693419330156669,-0.033972138411283076,-0.03714179893943086,True,0.0032131330208253,1.0,1.0,conditional_signal,eligible_windows=3;selection_frequency=1.000;direction_agreement=1.000;direction_adjusted_validation_positive_ratio=1.000;worst_development_degradation=-0.03714179893943086;upstream_fdr_pass=True
split_002,alpha360_OPEN24,3,3,3,1.0,1,1.0,1.0,0.08341372932584497,0.04903514861785996,-0.03437858070798501,-0.040644561277426994,True,0.0032131330208253,1.0,1.0,conditional_signal,eligible_windows=3;selection_frequency=1.000;direction_agreement=1.000;direction_adjusted_validation_positive_ratio=1.000;worst_development_degradation=-0.040644561277426994;upstream_fdr_pass=True
split_002,alpha360_OPEN25,3,3,3,1.0,1,1.0,1.0,0.08541034315527062,0.052837466925489796,-0.03257287622978082,-0.0420989990678743,True,0.004396918870603,1.0,1.0,conditional_signal,eligible_windows=3;selection_frequency=1.000;direction_agreement=1.000;direction_adjusted_validation_positive_ratio=1.000;worst_development_degradation=-0.0420989990678743;upstream_fdr_pass=True
split_002,alpha360_OPEN26,3,3,3,1.0,1,1.0,1.0,0.08745018251186311,0.05596770587121923,-0.038111970809273,-0.043081292963219865,True,0.0032131330208253,1.0,1.0,conditional_signal,eligible_windows=3;selection_frequency=1.000;direction_agreement=1.000;direction_adjusted_validation_positive_ratio=1.000;worst_development_degradation=-0.043081292963219865;upstream_fdr_pass=True
split_002,alpha360_OPEN27,3,3,3,1.0,1,1.0,1.0,0.08911693114579389,0.04830844952844551,-0.043079380775593576,-0.04885569626065815,True,0.0032131330208253,1.0,1.0,conditional_signal,eligible_windows=3;selection_frequency=1.000;direction_agreement=1.000;direction_adjusted_validation_positive_ratio=1.000;worst_development_degradation=-0.04885569626065815;upstream_fdr_pass=True
split_002,alpha360_OPEN28,3,3,3,1.0,1,1.0,1.0,0.09073320818943942,0.042030391775057005,-0.04494711104358019,-0.05751527775865051,True,0.0032131330208253,1.0,1.0,conditional_signal,eligible_windows=3;selection_frequency=1.000;direction_agreement=1.000;direction_adjusted_validation_positive_ratio=1.000;worst_development_degradation=-0.05751527775865051;upstream_fdr_pass=True
split_002,alpha360_OPEN29,3,3,3,1.0,1,1.0,1.0,0.09184384805592515,0.03994565997770936,-0.044965894448182935,-0.06667391053708698,True,0.0032131330208253,1.0,1.0,conditional_signal,eligible_windows=3;selection_frequency=1.000;direction_agreement=1.000;direction_adjusted_validation_positive_ratio=1.000;worst_development_degradation=-0.06667391053708698;upstream_fdr_pass=True
split_002,alpha360_OPEN3,3,3,2,0.6666666666666666,1,1.0,0.6666666666666666,0.022494607941324626,0.046175235094541224,0.03803170507055199,0.02374923135133974,True,0.0204740554849964,1.0,1.0,stable_core,eligible_windows=3;selection_frequency=0.667;direction_agreement=1.000;direction_adjusted_validation_positive_ratio=0.667;worst_development_degradation=0.02374923135133974;upstream_fdr_pass=True
split_002,alpha360_OPEN30,3,3,3,1.0,1,1.0,1.0,0.09253746478454367,0.03900872934640337,-0.04629021703306507,-0.07671135385963829,True,0.0032131330208253,1.0,1.0,conditional_signal,eligible_windows=3;selection_frequency=1.000;direction_agreement=1.000;direction_adjusted_validation_positive_ratio=1.000;worst_development_degradation=-0.07671135385963829;upstream_fdr_pass=True
split_002,alpha360_OPEN31,3,3,3,1.0,1,1.0,1.0,0.09341801912749477,0.03805916113043883,-0.04758690240540401,-0.08537851105113148,True,0.004396918870603,1.0,1.0,conditional_signal,eligible_windows=3;selection_frequency=1.000;direction_agreement=1.000;direction_adjusted_validation_positive_ratio=1.000;worst_development_degradation=-0.08537851105113148;upstream_fdr_pass=True
split_002,alpha360_OPEN32,3,3,3,1.0,1,1.0,1.0,0.09420254377931542,0.038940403725929475,-0.04691026540189957,-0.0906458363693232,True,0.0032131330208253,1.0,1.0,conditional_signal,eligible_windows=3;selection_frequency=1.000;direction_agreement=1.000;direction_adjusted_validation_positive_ratio=1.000;worst_development_degradation=-0.0906458363693232;upstream_fdr_pass=True
split_002,alpha360_OPEN33,3,3,3,1.0,1,1.0,1.0,0.09446303165234095,0.038464109265640284,-0.047171650453985026,-0.09649824588811982,True,0.004396918870603,1.0,1.0,conditional_signal,eligible_windows=3;selection_frequency=1.000;direction_agreement=1.000;direction_adjusted_validation_positive_ratio=1.000;worst_development_degradation=-0.09649824588811982;upstream_fdr_pass=True
split_002,alpha360_OPEN34,3,3,2,0.6666666666666666,1,1.0,1.0,0.09471428429811568,0.037149568484435125,-0.0220801676694194,-0.048204994704817025,True,0.0032131330208253,1.0,1.0,conditional_signal,eligible_windows=3;selection_frequency=0.667;direction_agreement=1.000;direction_adjusted_validation_positive_ratio=1.000;worst_development_degradation=-0.048204994704817025;upstream_fdr_pass=True
split_002,alpha360_OPEN35,3,3,2,0.6666666666666666,1,1.0,1.0,0.09494002381731705,0.03497552035339277,-0.02250878998606036,-0.05019702246690082,True,0.0032131330208253,1.0,1.0,conditional_signal,eligible_windows=3;selection_frequency=0.667;direction_agreement=1.000;direction_adjusted_validation_positive_ratio=1.000;worst_development_degradation=-0.05019702246690082;upstream_fdr_pass=True
split_002,alpha360_OPEN36,3,3,2,0.6666666666666666,1,1.0,0.6666666666666666,0.09511679251998209,0.03523731350829,-0.021745506046356236,-0.04959148597987602,True,0.0032131330208253,1.0,1.0,conditional_signal,eligible_windows=3;selection_frequency=0.667;direction_agreement=1.000;direction_adjusted_validation_positive_ratio=0.667;worst_development_degradation=-0.04959148597987602;upstream_fdr_pass=True
split_002,alpha360_OPEN37,3,3,2,0.6666666666666666,1,1.0,0.6666666666666666,0.09488315158076005,0.034575551660951775,-0.020642699367669853,-0.04961119912951109,True,0.004396918870603,1.0,1.0,conditional_signal,eligible_windows=3;selection_frequency=0.667;direction_agreement=1.000;direction_adjusted_validation_positive_ratio=0.667;worst_development_degradation=-0.04961119912951109;upstream_fdr_pass=True
split_002,alpha360_OPEN38,3,3,2,0.6666666666666666,1,1.0,0.6666666666666666,0.09454534459350468,0.033351220208063775,-0.019913107618979416,-0.05000081082930288,True,0.0032131330208253,1.0,1.0,conditional_signal,eligible_windows=3;selection_frequency=0.667;direction_agreement=1.000;direction_adjusted_validation_positive_ratio=0.667;worst_development_degradation=-0.05000081082930288;upstream_fdr_pass=True
split_002,alpha360_OPEN39,3,3,2,0.6666666666666666,1,1.0,0.6666666666666666,0.09416487355484526,0.03285202667188434,-0.019387233984963965,-0.049702325195679596,True,0.004396918870603,1.0,1.0,conditional_signal,eligible_windows=3;selection_frequency=0.667;direction_agreement=1.000;direction_adjusted_validation_positive_ratio=0.667;worst_development_degradation=-0.049702325195679596;upstream_fdr_pass=True
split_002,alpha360_OPEN4,3,3,2,0.6666666666666666,1,1.0,0.6666666666666666,0.025533638947512163,0.04750747690556788,0.04029756361688507,0.021973837958055714,True,0.0253796836075317,1.0,1.0,stable_core,eligible_windows=3;selection_frequency=0.667;direction_agreement=1.000;direction_adjusted_validation_positive_ratio=0.667;worst_development_degradation=0.021973837958055714;upstream_fdr_pass=True
split_002,alpha360_OPEN40,3,3,2,0.6666666666666666,1,1.0,0.6666666666666666,0.09336763250300797,0.03316598736965902,-0.019062328691659705,-0.048495863086915295,True,0.0032131330208253,1.0,1.0,conditional_signal,eligible_windows=3;selection_frequency=0.667;direction_agreement=1.000;direction_adjusted_validation_positive_ratio=0.667;worst_development_degradation=-0.048495863086915295;upstream_fdr_pass=True
split_002,alpha360_OPEN41,3,3,2,0.6666666666666666,1,1.0,0.6666666666666666,0.09217486897108979,0.032435755151511224,-0.017912114825637728,-0.04835242850314029,True,0.0032131330208253,1.0,1.0,conditional_signal,eligible_windows=3;selection_frequency=0.667;direction_agreement=1.000;direction_adjusted_validation_positive_ratio=0.667;worst_development_degradation=-0.04835242850314029;upstream_fdr_pass=True
split_002,alpha360_OPEN42,3,3,2,0.6666666666666666,1,1.0,0.6666666666666666,0.09087285137473775,0.03129327899750876,-0.01678435709605904,-0.04879584805607202,True,0.0032131330208253,1.0,1.0,conditional_signal,eligible_windows=3;selection_frequency=0.667;direction_agreement=1.000;direction_adjusted_validation_positive_ratio=0.667;worst_development_degradation=-0.04879584805607202;upstream_fdr_pass=True
split_002,alpha360_OPEN43,3,3,2,0.6666666666666666,1,1.0,0.6666666666666666,0.08962217692328915,0.03304664395967146,-0.012658566020405642,-0.046384412775964494,True,0.004396918870603,1.0,1.0,conditional_signal,eligible_windows=3;selection_frequency=0.667;direction_agreement=1.000;direction_adjusted_validation_positive_ratio=0.667;worst_development_degradation=-0.046384412775964494;upstream_fdr_pass=True
split_002,alpha360_OPEN44,3,3,2,0.6666666666666666,1,1.0,0.6666666666666666,0.08804814675649893,0.031921191767436394,-0.010990918312456889,-0.04668896914350573,True,0.0032131330208253,1.0,1.0,conditional_signal,eligible_windows=3;selection_frequency=0.667;direction_agreement=1.000;direction_adjusted_validation_positive_ratio=0.667;worst_development_degradation=-0.04668896914350573;upstream_fdr_pass=True
split_002,alpha360_OPEN45,3,3,2,0.6666666666666666,1,1.0,0.6666666666666666,0.08654770811408925,0.028204924462635377,-0.01120954086215245,-0.04960429369499225,True,0.0032131330208253,1.0,1.0,conditional_signal,eligible_windows=3;selection_frequency=0.667;direction_agreement=1.000;direction_adjusted_validation_positive_ratio=0.667;worst_development_degradation=-0.04960429369499225;upstream_fdr_pass=True
split_002,alpha360_OPEN46,3,3,2,0.6666666666666666,1,1.0,0.6666666666666666,0.08489972348906784,0.023376131866936423,-0.012599339947281747,-0.05366174065961549,True,0.0032131330208253,1.0,1.0,conditional_signal,eligible_windows=3;selection_frequency=0.667;direction_agreement=1.000;direction_adjusted_validation_positive_ratio=0.667;worst_development_degradation=-0.05366174065961549;upstream_fdr_pass=True
split_002,alpha360_OPEN47,3,3,2,0.6666666666666666,1,1.0,0.6666666666666666,0.0834278855671884,0.020055044225779625,-0.013605845067673802,-0.056235370560773865,True,0.004396918870603,1.0,1.0,conditional_signal,eligible_windows=3;selection_frequency=0.667;direction_agreement=1.000;direction_adjusted_validation_positive_ratio=0.667;worst_development_degradation=-0.056235370560773865;upstream_fdr_pass=True
split_002,alpha360_OPEN48,3,3,2,0.6666666666666666,1,1.0,0.6666666666666666,0.08221055246423832,0.01918029004984635,-0.013744986085026452,-0.056468411458028195,True,0.0032131330208253,1.0,1.0,conditional_signal,eligible_windows=3;selection_frequency=0.667;direction_agreement=1.000;direction_adjusted_validation_positive_ratio=0.667;worst_development_degradation=-0.056468411458028195;upstream_fdr_pass=True
split_002,alpha360_OPEN49,3,3,2,0.6666666666666666,1,1.0,0.6666666666666666,0.08133575672891954,0.0196565048244154,-0.012708549384121783,-0.05560307134279209,True,0.0032131330208253,1.0,1.0,conditional_signal,eligible_windows=3;selection_frequency=0.667;direction_agreement=1.000;direction_adjusted_validation_positive_ratio=0.667;worst_development_degradation=-0.05560307134279209;upstream_fdr_pass=True
split_002,alpha360_OPEN5,3,3,2,0.6666666666666666,1,1.0,0.6666666666666666,0.02963126200981096,0.042110513622903266,0.03770194098078101,0.012479251613092306,True,0.0125214364090242,1.0,1.0,stable_core,eligible_windows=3;selection_frequency=0.667;direction_agreement=1.000;direction_adjusted_validation_positive_ratio=0.667;worst_development_degradation=0.012479251613092306;upstream_fdr_pass=True
split_002,alpha360_OPEN50,3,3,2,0.6666666666666666,1,1.0,0.6666666666666666,0.08048344151737956,0.022561923836711666,-0.010088812239973696,-0.05230292788972697,True,0.0032131330208253,1.0,1.0,conditional_signal,eligible_windows=3;selection_frequency=0.667;direction_agreement=1.000;direction_adjusted_validation_positive_ratio=0.667;worst_development_degradation=-0.05230292788972697;upstream_fdr_pass=True
split_002,alpha360_OPEN51,3,3,2,0.6666666666666666,1,1.0,0.6666666666666666,0.07951084954599452,0.02414082062632016,-0.008274345557641373,-0.05023392040026857,True,0.004396918870603,1.0,1.0,conditional_signal,eligible_windows=3;selection_frequency=0.667;direction_agreement=1.000;direction_adjusted_validation_positive_ratio=0.667;worst_development_degradation=-0.05023392040026857;upstream_fdr_pass=True
split_002,alpha360_OPEN52,3,3,2,0.6666666666666666,1,1.0,0.6666666666666666,0.07827143121209093,0.02475189414821038,-0.007041274399541955,-0.04860844671886114,True,0.004396918870603,1.0,1.0,conditional_signal,eligible_windows=3;selection_frequency=0.667;direction_agreement=1.000;direction_adjusted_validation_positive_ratio=0.667;worst_development_degradation=-0.04860844671886114;upstream_fdr_pass=True
split_002,alpha360_OPEN53,3,3,2,0.6666666666666666,1,1.0,0.6666666666666666,0.07740327447880493,0.02372674120205833,-0.00773032366272423,-0.048805585290362434,True,0.0057285571571285,1.0,1.0,conditional_signal,eligible_windows=3;selection_frequency=0.667;direction_agreement=1.000;direction_adjusted_validation_positive_ratio=0.667;worst_development_degradation=-0.048805585290362434;upstream_fdr_pass=True
split_002,alpha360_OPEN54,3,3,2,0.6666666666666666,1,1.0,0.6666666666666666,0.07672212095382662,0.023249462145810126,-0.00729712438324652,-0.04840489975119862,True,0.004396918870603,1.0,1.0,conditional_signal,eligible_windows=3;selection_frequency=0.667;direction_agreement=1.000;direction_adjusted_validation_positive_ratio=0.667;worst_development_degradation=-0.04840489975119862;upstream_fdr_pass=True
split_002,alpha360_OPEN55,3,3,2,0.6666666666666666,1,1.0,0.6666666666666666,0.07616829131710197,0.022654060874010774,-0.0071948041185465675,-0.04834976906236968,True,0.004396918870603,1.0,1.0,conditional_signal,eligible_windows=3;selection_frequency=0.667;direction_agreement=1.000;direction_adjusted_validation_positive_ratio=0.667;worst_development_degradation=-0.04834976906236968;upstream_fdr_pass=True
split_002,alpha360_OPEN56,3,3,2,0.6666666666666666,1,1.0,1.0,0.07586990387373586,0.021407873840865267,-0.007341460875046332,-0.0490271254588946,True,0.0057285571571285,1.0,1.0,conditional_signal,eligible_windows=3;selection_frequency=0.667;direction_agreement=1.000;direction_adjusted_validation_positive_ratio=1.000;worst_development_degradation=-0.0490271254588946;upstream_fdr_pass=True
split_002,alpha360_OPEN57,3,3,2,0.6666666666666666,1,1.0,1.0,0.07577375447595361,0.02170511351597161,-0.007230397751739739,-0.048462454811209005,True,0.004396918870603,1.0,1.0,conditional_signal,eligible_windows=3;selection_frequency=0.667;direction_agreement=1.000;direction_adjusted_validation_positive_ratio=1.000;worst_development_degradation=-0.048462454811209005;upstream_fdr_pass=True
split_002,alpha360_OPEN58,3,3,2,0.6666666666666666,1,1.0,0.6666666666666666,0.07596595384296555,0.024558790847345417,-0.007120526092497352,-0.045554232841723524,True,0.0070166054418022,1.0,1.0,conditional_signal,eligible_windows=3;selection_frequency=0.667;direction_agreement=1.000;direction_adjusted_validation_positive_ratio=0.667;worst_development_degradation=-0.045554232841723524;upstream_fdr_pass=True
split_002,alpha360_OPEN59,3,3,2,0.6666666666666666,1,1.0,0.6666666666666666,0.07603449739197932,0.027763969199799805,-0.007355184658119518,-0.04226914451435318,True,0.0057285571571285,1.0,1.0,conditional_signal,eligible_windows=3;selection_frequency=0.667;direction_agreement=1.000;direction_adjusted_validation_positive_ratio=0.667;worst_development_degradation=-0.04226914451435318;upstream_fdr_pass=True
split_002,alpha360_OPEN6,3,3,2,0.6666666666666666,1,1.0,1.0,0.03375399245195378,0.03561103827722301,0.03377355331013118,0.0015435626269215894,True,0.0097566666909732,1.0,1.0,stable_core,eligible_windows=3;selection_frequency=0.667;direction_agreement=1.000;direction_adjusted_validation_positive_ratio=1.000;worst_development_degradation=0.0015435626269215894;upstream_fdr_pass=True
split_002,alpha360_OPEN7,3,3,2,0.6666666666666666,1,1.0,1.0,0.03698670502050784,0.03265841517224548,0.031822595392658,-0.004818180005816401,True,0.004396918870603,1.0,1.0,stable_core,eligible_windows=3;selection_frequency=0.667;direction_agreement=1.000;direction_adjusted_validation_positive_ratio=1.000;worst_development_degradation=-0.004818180005816401;upstream_fdr_pass=True
split_002,alpha360_OPEN8,3,3,2,0.6666666666666666,1,1.0,1.0,0.04058818816931122,0.03396099235467345,0.030232262131152463,-0.006627195814637769,True,0.0070166054418022,1.0,1.0,stable_core,eligible_windows=3;selection_frequency=0.667;direction_agreement=1.000;direction_adjusted_validation_positive_ratio=1.000;worst_development_degradation=-0.006627195814637769;upstream_fdr_pass=True
split_002,alpha360_OPEN9,3,3,2,0.6666666666666666,1,1.0,1.0,0.043660531681480486,0.034382382377987235,0.02701061202673972,-0.00927814930349325,True,0.004396918870603,1.0,1.0,stable_core,eligible_windows=3;selection_frequency=0.667;direction_agreement=1.000;direction_adjusted_validation_positive_ratio=1.000;worst_development_degradation=-0.00927814930349325;upstream_fdr_pass=True
split_002,alpha360_VOLUME1,3,3,0,0.0,1,1.0,0.6666666666666666,0.0013308908381577365,0.0040596116959574205,,,False,0.8508805306984366,1.0,1.0,holdout,eligible_windows=3;selection_frequency=0.000;direction_agreement=1.000;direction_adjusted_validation_positive_ratio=0.667;worst_development_degradation=nan;upstream_fdr_pass=False
split_002,alpha360_VOLUME10,3,3,0,0.0,1,1.0,0.6666666666666666,0.005877221243333926,0.01908532120630731,,,False,0.2554062099516645,1.0,1.0,holdout,eligible_windows=3;selection_frequency=0.000;direction_agreement=1.000;direction_adjusted_validation_positive_ratio=0.667;worst_development_degradation=nan;upstream_fdr_pass=False
split_002,alpha360_VOLUME11,3,3,0,0.0,1,1.0,0.6666666666666666,0.007648905817001354,0.02165018973033743,,,False,0.1711581101825004,1.0,1.0,holdout,eligible_windows=3;selection_frequency=0.000;direction_agreement=1.000;direction_adjusted_validation_positive_ratio=0.667;worst_development_degradation=nan;upstream_fdr_pass=False
split_002,alpha360_VOLUME12,3,3,0,0.0,1,1.0,0.6666666666666666,0.009459951151499266,0.023236625983704646,,,False,0.0895196546572693,1.0,1.0,holdout,eligible_windows=3;selection_frequency=0.000;direction_agreement=1.000;direction_adjusted_validation_positive_ratio=0.667;worst_development_degradation=nan;upstream_fdr_pass=False
split_002,alpha360_VOLUME13,3,3,0,0.0,1,1.0,0.6666666666666666,0.01076948165668841,0.026327078687966188,,,False,0.0852400833916545,1.0,1.0,holdout,eligible_windows=3;selection_frequency=0.000;direction_agreement=1.000;direction_adjusted_validation_positive_ratio=0.667;worst_development_degradation=nan;upstream_fdr_pass=False
split_002,alpha360_VOLUME14,3,3,2,0.6666666666666666,1,1.0,0.6666666666666666,0.012865824557269347,0.026430420991408066,0.04699360653084444,0.01356459643413872,True,0.0457761416665526,1.0,1.0,stable_core,eligible_windows=3;selection_frequency=0.667;direction_agreement=1.000;direction_adjusted_validation_positive_ratio=0.667;worst_development_degradation=0.01356459643413872;upstream_fdr_pass=True
split_002,alpha360_VOLUME15,3,3,2,0.6666666666666666,1,1.0,0.6666666666666666,0.013730464712274544,0.027252014112397145,0.04593877722034215,0.0135215494001226,True,0.0434152461711516,1.0,1.0,stable_core,eligible_windows=3;selection_frequency=0.667;direction_agreement=1.000;direction_adjusted_validation_positive_ratio=0.667;worst_development_degradation=0.0135215494001226;upstream_fdr_pass=True
split_002,alpha360_VOLUME16,3,3,2,0.6666666666666666,1,1.0,0.6666666666666666,0.015479261969300929,0.03327379723525171,0.04806987013168985,0.01841984672241297,True,0.0400198603791418,1.0,1.0,stable_core,eligible_windows=3;selection_frequency=0.667;direction_agreement=1.000;direction_adjusted_validation_positive_ratio=0.667;worst_development_degradation=0.01841984672241297;upstream_fdr_pass=True
split_002,alpha360_VOLUME17,3,3,2,0.6666666666666666,1,1.0,0.6666666666666666,0.016175097903285578,0.031349925436317545,0.047743161961496104,0.015776595861384534,True,0.0387632367632367,1.0,1.0,stable_core,eligible_windows=3;selection_frequency=0.667;direction_agreement=1.000;direction_adjusted_validation_positive_ratio=0.667;worst_development_degradation=0.015776595861384534;upstream_fdr_pass=True
split_002,alpha360_VOLUME18,3,3,2,0.6666666666666666,1,1.0,0.6666666666666666,0.018031009396175555,0.027975153813256475,0.04324562440292188,0.010822726256632508,True,0.022848945925869,1.0,1.0,stable_core,eligible_windows=3;selection_frequency=0.667;direction_agreement=1.000;direction_adjusted_validation_positive_ratio=0.667;worst_development_degradation=0.010822726256632508;upstream_fdr_pass=True
split_002,alpha360_VOLUME19,3,3,2,0.6666666666666666,1,1.0,0.6666666666666666,0.019921067063232004,0.030188807845485267,0.0437520876251361,0.011705098561014347,True,0.0351042896497441,1.0,1.0,stable_core,eligible_windows=3;selection_frequency=0.667;direction_agreement=1.000;direction_adjusted_validation_positive_ratio=0.667;worst_development_degradation=0.011705098561014347;upstream_fdr_pass=True
split_002,alpha360_VOLUME2,3,3,0,0.0,1,1.0,0.6666666666666666,0.0016940855323906955,0.011662052729581762,,,False,0.6807464980839594,1.0,1.0,holdout,eligible_windows=3;selection_frequency=0.000;direction_agreement=1.000;direction_adjusted_validation_positive_ratio=0.667;worst_development_degradation=nan;upstream_fdr_pass=False
split_002,alpha360_VOLUME20,3,3,2,0.6666666666666666,1,1.0,0.6666666666666666,0.021259095706444613,0.029725508280407865,0.043675285748917755,0.009662447374781828,True,0.0276741891648723,1.0,1.0,stable_core,eligible_windows=3;selection_frequency=0.667;direction_agreement=1.000;direction_adjusted_validation_positive_ratio=0.667;worst_development_degradation=0.009662447374781828;upstream_fdr_pass=True
split_002,alpha360_VOLUME21,3,3,2,0.6666666666666666,1,1.0,0.6666666666666666,0.02295528535421398,0.025203710616514562,0.04044370368941966,0.0036438411333533788,True,0.0301915743394182,1.0,1.0,stable_core,eligible_windows=3;selection_frequency=0.667;direction_agreement=1.000;direction_adjusted_validation_positive_ratio=0.667;worst_development_degradation=0.0036438411333533788;upstream_fdr_pass=True
split_002,alpha360_VOLUME22,3,3,2,0.6666666666666666,1,1.0,0.6666666666666666,0.024018098717839494,0.02150048639942792,0.0409540944758405,-0.0011413469909613352,True,0.0288785288785288,1.0,1.0,stable_core,eligible_windows=3;selection_frequency=0.667;direction_agreement=1.000;direction_adjusted_validation_positive_ratio=0.667;worst_development_degradation=-0.0011413469909613352;upstream_fdr_pass=True
split_002,alpha360_VOLUME23,3,3,2,0.6666666666666666,1,1.0,0.6666666666666666,0.025918787321426932,0.021159626951367742,0.03932738844719698,-0.0028099216912477465,True,0.0276741891648723,1.0,1.0,stable_core,eligible_windows=3;selection_frequency=0.667;direction_agreement=1.000;direction_adjusted_validation_positive_ratio=0.667;worst_development_degradation=-0.0028099216912477465;upstream_fdr_pass=True
split_002,alpha360_VOLUME24,3,3,2,0.6666666666666666,1,1.0,0.6666666666666666,0.027675783156295576,0.01952665390618293,0.03503036914811629,-0.0058347465221177675,True,0.0240712677153355,1.0,1.0,stable_core,eligible_windows=3;selection_frequency=0.667;direction_agreement=1.000;direction_adjusted_validation_positive_ratio=0.667;worst_development_degradation=-0.0058347465221177675;upstream_fdr_pass=True
split_002,alpha360_VOLUME25,3,3,2,0.6666666666666666,1,1.0,0.6666666666666666,0.029721014029088395,0.019341917378606834,0.031034521603377933,-0.007755483557193257,True,0.0216522138768359,1.0,1.0,stable_core,eligible_windows=3;selection_frequency=0.667;direction_agreement=1.000;direction_adjusted_validation_positive_ratio=0.667;worst_development_degradation=-0.007755483557193257;upstream_fdr_pass=True
split_002,alpha360_VOLUME26,3,3,2,0.6666666666666666,1,1.0,0.6666666666666666,0.03118658773677291,0.023537637658941388,0.031073042016360505,-0.004717312418344426,True,0.022848945925869,1.0,1.0,stable_core,eligible_windows=3;selection_frequency=0.667;direction_agreement=1.000;direction_adjusted_validation_positive_ratio=0.667;worst_development_degradation=-0.004717312418344426;upstream_fdr_pass=True
split_002,alpha360_VOLUME27,3,3,2,0.6666666666666666,1,1.0,1.0,0.03283102069934189,0.027962357659651084,0.02924605042706676,-0.0016540493501330487,True,0.0177826607981818,1.0,1.0,stable_core,eligible_windows=3;selection_frequency=0.667;direction_agreement=1.000;direction_adjusted_validation_positive_ratio=1.000;worst_development_degradation=-0.0016540493501330487;upstream_fdr_pass=True
split_002,alpha360_VOLUME28,3,3,3,1.0,1,1.0,1.0,0.03506868860696801,0.031247874361992094,-0.00035304032918257247,-0.025528615620681722,True,0.0216522138768359,1.0,1.0,stable_core,eligible_windows=3;selection_frequency=1.000;direction_agreement=1.000;direction_adjusted_validation_positive_ratio=1.000;worst_development_degradation=-0.025528615620681722;upstream_fdr_pass=True
split_002,alpha360_VOLUME29,3,3,3,1.0,1,1.0,1.0,0.03703156299252022,0.0323544911127822,-0.00105691067913833,-0.021311662627953087,True,0.0138594124769239,1.0,1.0,stable_core,eligible_windows=3;selection_frequency=1.000;direction_agreement=1.000;direction_adjusted_validation_positive_ratio=1.000;worst_development_degradation=-0.021311662627953087;upstream_fdr_pass=True
split_002,alpha360_VOLUME3,3,3,0,0.0,1,1.0,0.6666666666666666,0.002414197583103993,0.007232653330494833,,,False,0.580338157140665,1.0,1.0,holdout,eligible_windows=3;selection_frequency=0.000;direction_agreement=1.000;direction_adjusted_validation_positive_ratio=0.667;worst_development_degradation=nan;upstream_fdr_pass=False
split_002,alpha360_VOLUME30,3,3,3,1.0,1,1.0,1.0,0.03880116871111029,0.035280056444225064,0.00034586192696385576,-0.017937401069268003,True,0.0111654455329873,1.0,1.0,stable_core,eligible_windows=3;selection_frequency=1.000;direction_agreement=1.000;direction_adjusted_validation_positive_ratio=1.000;worst_development_degradation=-0.017937401069268003;upstream_fdr_pass=True
split_002,alpha360_VOLUME31,3,3,3,1.0,1,1.0,1.0,0.038858006135706995,0.03197456974239349,-0.0035509255362428938,-0.010691232459855385,True,0.0125214364090242,1.0,1.0,stable_core,eligible_windows=3;selection_frequency=1.000;direction_agreement=1.000;direction_adjusted_validation_positive_ratio=1.000;worst_development_degradation=-0.010691232459855385;upstream_fdr_pass=True
split_002,alpha360_VOLUME32,3,3,3,1.0,1,1.0,1.0,0.03956519691541577,0.0347326989248721,-0.0026016007730247023,-0.004832497990543666,True,0.0097566666909732,1.0,1.0,stable_core,eligible_windows=3;selection_frequency=1.000;direction_agreement=1.000;direction_adjusted_validation_positive_ratio=1.000;worst_development_degradation=-0.004832497990543666;upstream_fdr_pass=True
split_002,alpha360_VOLUME33,3,3,3,1.0,1,1.0,1.0,0.04127294358224574,0.042941264852326695,0.001668321270080958,-0.008409164657277639,True,0.0070166054418022,1.0,1.0,stable_core,eligible_windows=3;selection_frequency=1.000;direction_agreement=1.000;direction_adjusted_validation_positive_ratio=1.000;worst_development_degradation=-0.008409164657277639;upstream_fdr_pass=True
split_002,alpha360_VOLUME34,3,3,3,1.0,1,1.0,1.0,0.042331609618499216,0.05346191311934678,0.011130303500847566,-0.010684915336046673,True,0.0138594124769239,1.0,1.0,stable_core,eligible_windows=3;selection_frequency=1.000;direction_agreement=1.000;direction_adjusted_validation_positive_ratio=1.000;worst_development_degradation=-0.010684915336046673;upstream_fdr_pass=True
split_002,alpha360_VOLUME35,3,3,3,1.0,1,1.0,1.0,0.04336193011793842,0.05745338305232781,0.01409145293438939,-0.01281123771381322,True,0.0070166054418022,1.0,1.0,stable_core,eligible_windows=3;selection_frequency=1.000;direction_agreement=1.000;direction_adjusted_validation_positive_ratio=1.000;worst_development_degradation=-0.01281123771381322;upstream_fdr_pass=True
split_002,alpha360_VOLUME36,3,3,3,1.0,1,1.0,1.0,0.044356705811409526,0.05900948668534297,0.012632190457181496,-0.013521917618113978,True,0.0084385311658038,1.0,1.0,stable_core,eligible_windows=3;selection_frequency=1.000;direction_agreement=1.000;direction_adjusted_validation_positive_ratio=1.000;worst_development_degradation=-0.013521917618113978;upstream_fdr_pass=True
split_002,alpha360_VOLUME37,3,3,3,1.0,1,1.0,1.0,0.04563813453529683,0.054792951214618815,0.006875114169390267,-0.01180212381107864,True,0.0070166054418022,1.0,1.0,stable_core,eligible_windows=3;selection_frequency=1.000;direction_agreement=1.000;direction_adjusted_validation_positive_ratio=1.000;worst_development_degradation=-0.01180212381107864;upstream_fdr_pass=True
split_002,alpha360_VOLUME38,3,3,3,1.0,1,1.0,1.0,0.047056801678408804,0.05462452137031103,0.005441810937739516,-0.012499162494426869,True,0.004396918870603,1.0,1.0,stable_core,eligible_windows=3;selection_frequency=1.000;direction_agreement=1.000;direction_adjusted_validation_positive_ratio=1.000;worst_development_degradation=-0.012499162494426869;upstream_fdr_pass=True
split_002,alpha360_VOLUME39,3,3,3,1.0,1,1.0,1.0,0.048074060459033535,0.05445358507636562,0.004437323373025319,-0.012550272666786252,True,0.0032131330208253,1.0,1.0,stable_core,eligible_windows=3;selection_frequency=1.000;direction_agreement=1.000;direction_adjusted_validation_positive_ratio=1.000;worst_development_degradation=-0.012550272666786252;upstream_fdr_pass=True
split_002,alpha360_VOLUME4,3,3,0,0.0,1,1.0,0.6666666666666666,0.003829211865195747,0.015685792068440264,,,False,0.5504526969093898,1.0,1.0,holdout,eligible_windows=3;selection_frequency=0.000;direction_agreement=1.000;direction_adjusted_validation_positive_ratio=0.667;worst_development_degradation=nan;upstream_fdr_pass=False
split_002,alpha360_VOLUME40,3,3,3,1.0,1,1.0,1.0,0.04988613349771245,0.05365692286201251,0.0017310788752699369,-0.01463892712693813,True,0.0032131330208253,1.0,1.0,stable_core,eligible_windows=3;selection_frequency=1.000;direction_agreement=1.000;direction_adjusted_validation_positive_ratio=1.000;worst_development_degradation=-0.01463892712693813;upstream_fdr_pass=True
split_002,alpha360_VOLUME41,3,3,3,1.0,1,1.0,1.0,0.05008645653521371,0.05455257967833284,0.002367018681638265,-0.01352513388719008,True,0.0070166054418022,1.0,1.0,stable_core,eligible_windows=3;selection_frequency=1.000;direction_agreement=1.000;direction_adjusted_validation_positive_ratio=1.000;worst_development_degradation=-0.01352513388719008;upstream_fdr_pass=True
split_002,alpha360_VOLUME42,3,3,3,1.0,1,1.0,1.0,0.05075562891043519,0.05319484584129902,-0.00017224589206477764,-0.015429669199038348,True,0.004396918870603,1.0,1.0,stable_core,eligible_windows=3;selection_frequency=1.000;direction_agreement=1.000;direction_adjusted_validation_positive_ratio=1.000;worst_development_degradation=-0.015429669199038348;upstream_fdr_pass=True
split_002,alpha360_VOLUME43,3,3,3,1.0,1,1.0,1.0,0.051438916287458426,0.05618231774581659,0.002047299156520979,-0.020149293898636584,True,0.0032131330208253,1.0,1.0,stable_core,eligible_windows=3;selection_frequency=1.000;direction_agreement=1.000;direction_adjusted_validation_positive_ratio=1.000;worst_development_degradation=-0.020149293898636584;upstream_fdr_pass=True
split_002,alpha360_VOLUME44,3,3,3,1.0,1,1.0,1.0,0.051857162756908846,0.056709317126755886,0.0022498293567978986,-0.023482843235291928,True,0.0032131330208253,1.0,1.0,stable_core,eligible_windows=3;selection_frequency=1.000;direction_agreement=1.000;direction_adjusted_validation_positive_ratio=1.000;worst_development_degradation=-0.023482843235291928;upstream_fdr_pass=True
split_002,alpha360_VOLUME45,3,3,3,1.0,1,1.0,1.0,0.05216183819977273,0.055504458247801536,0.0009142010411481438,-0.024789961212355542,True,0.0032131330208253,1.0,1.0,stable_core,eligible_windows=3;selection_frequency=1.000;direction_agreement=1.000;direction_adjusted_validation_positive_ratio=1.000;worst_development_degradation=-0.024789961212355542;upstream_fdr_pass=True
split_002,alpha360_VOLUME46,3,3,3,1.0,1,1.0,1.0,0.052050033002607576,0.05371467133818821,-0.0009956226373341107,-0.02717553694802836,True,0.0032131330208253,1.0,1.0,stable_core,eligible_windows=3;selection_frequency=1.000;direction_agreement=1.000;direction_adjusted_validation_positive_ratio=1.000;worst_development_degradation=-0.02717553694802836;upstream_fdr_pass=True
split_002,alpha360_VOLUME47,3,3,3,1.0,1,1.0,1.0,0.051877513535935296,0.053616414435049685,-0.0013018429034777415,-0.031668271385155045,True,0.0032131330208253,1.0,1.0,conditional_signal,eligible_windows=3;selection_frequency=1.000;direction_agreement=1.000;direction_adjusted_validation_positive_ratio=1.000;worst_development_degradation=-0.031668271385155045;upstream_fdr_pass=True
split_002,alpha360_VOLUME48,3,3,3,1.0,1,1.0,1.0,0.051310223836489,0.05619039835334373,0.002294398949637587,-0.036689910407020396,True,0.0032131330208253,1.0,1.0,conditional_signal,eligible_windows=3;selection_frequency=1.000;direction_agreement=1.000;direction_adjusted_validation_positive_ratio=1.000;worst_development_degradation=-0.036689910407020396;upstream_fdr_pass=True
split_002,alpha360_VOLUME49,3,3,2,0.6666666666666666,1,1.0,1.0,0.05119100341774426,0.05841653662401326,0.015495110288124888,0.005110637219608999,True,0.004396918870603,1.0,1.0,stable_core,eligible_windows=3;selection_frequency=0.667;direction_agreement=1.000;direction_adjusted_validation_positive_ratio=1.000;worst_development_degradation=0.005110637219608999;upstream_fdr_pass=True
split_002,alpha360_VOLUME5,3,3,0,0.0,1,1.0,0.6666666666666666,0.0034060798045306285,0.017573939869780366,,,False,0.6390921578421578,1.0,1.0,holdout,eligible_windows=3;selection_frequency=0.000;direction_agreement=1.000;direction_adjusted_validation_positive_ratio=0.667;worst_development_degradation=nan;upstream_fdr_pass=False
split_002,alpha360_VOLUME50,3,3,2,0.6666666666666666,1,1.0,1.0,0.05033379092843574,0.06064685024199077,0.018157397747431324,0.008869571958111215,True,0.0032131330208253,1.0,1.0,stable_core,eligible_windows=3;selection_frequency=0.667;direction_agreement=1.000;direction_adjusted_validation_positive_ratio=1.000;worst_development_degradation=0.008869571958111215;upstream_fdr_pass=True
split_002,alpha360_VOLUME51,3,3,3,1.0,1,1.0,1.0,0.05078911412586102,0.06298018760682465,0.011451611400762882,-0.03984764818254933,True,0.0032131330208253,1.0,1.0,conditional_signal,eligible_windows=3;selection_frequency=1.000;direction_agreement=1.000;direction_adjusted_validation_positive_ratio=1.000;worst_development_degradation=-0.03984764818254933;upstream_fdr_pass=True
split_002,alpha360_VOLUME52,3,3,3,1.0,1,1.0,1.0,0.050578015669709785,0.06483231188150321,0.013897289427208574,-0.0401933080072743,True,0.004396918870603,1.0,1.0,conditional_signal,eligible_windows=3;selection_frequency=1.000;direction_agreement=1.000;direction_adjusted_validation_positive_ratio=1.000;worst_development_degradation=-0.0401933080072743;upstream_fdr_pass=True
split_002,alpha360_VOLUME53,3,3,3,1.0,1,1.0,1.0,0.05013376022842443,0.06534947997702259,0.014653144872319467,-0.038416529055233156,True,0.0032131330208253,1.0,1.0,conditional_signal,eligible_windows=3;selection_frequency=1.000;direction_agreement=1.000;direction_adjusted_validation_positive_ratio=1.000;worst_development_degradation=-0.038416529055233156;upstream_fdr_pass=True
split_002,alpha360_VOLUME54,3,3,2,0.6666666666666666,1,1.0,1.0,0.04998684579931707,0.06566298781514482,0.024671220341806462,0.0156680674821751,True,0.0032131330208253,1.0,1.0,stable_core,eligible_windows=3;selection_frequency=0.667;direction_agreement=1.000;direction_adjusted_validation_positive_ratio=1.000;worst_development_degradation=0.0156680674821751;upstream_fdr_pass=True
split_002,alpha360_VOLUME55,3,3,2,0.6666666666666666,1,1.0,1.0,0.04977960314164639,0.07001108706828162,0.029542698560772365,0.02023148392663523,True,0.004396918870603,1.0,1.0,stable_core,eligible_windows=3;selection_frequency=0.667;direction_agreement=1.000;direction_adjusted_validation_positive_ratio=1.000;worst_development_degradation=0.02023148392663523;upstream_fdr_pass=True
split_002,alpha360_VOLUME56,3,3,2,0.6666666666666666,1,1.0,1.0,0.04931789432557637,0.07288360326415896,0.034279837724405515,0.02356570893858259,True,0.0032131330208253,1.0,1.0,stable_core,eligible_windows=3;selection_frequency=0.667;direction_agreement=1.000;direction_adjusted_validation_positive_ratio=1.000;worst_development_degradation=0.02356570893858259;upstream_fdr_pass=True
split_002,alpha360_VOLUME57,3,3,2,0.6666666666666666,1,1.0,1.0,0.04938593435313288,0.07275826712731291,0.035365244865034964,0.023372332774180028,True,0.0032131330208253,1.0,1.0,stable_core,eligible_windows=3;selection_frequency=0.667;direction_agreement=1.000;direction_adjusted_validation_positive_ratio=1.000;worst_development_degradation=0.023372332774180028;upstream_fdr_pass=True
split_002,alpha360_VOLUME58,3,3,2,0.6666666666666666,1,1.0,1.0,0.04934508137759326,0.07219443487436727,0.036399408244574424,0.022849353496774014,True,0.004396918870603,1.0,1.0,stable_core,eligible_windows=3;selection_frequency=0.667;direction_agreement=1.000;direction_adjusted_validation_positive_ratio=1.000;worst_development_degradation=0.022849353496774014;upstream_fdr_pass=True
split_002,alpha360_VOLUME59,3,3,2,0.6666666666666666,1,1.0,1.0,0.04986315818887826,0.07037121430663526,0.03436309061419999,0.020508056117757002,True,0.004396918870603,1.0,1.0,stable_core,eligible_windows=3;selection_frequency=0.667;direction_agreement=1.000;direction_adjusted_validation_positive_ratio=1.000;worst_development_degradation=0.020508056117757002;upstream_fdr_pass=True
split_002,alpha360_VOLUME6,3,3,0,0.0,1,1.0,0.6666666666666666,0.003817418210714116,0.01877792440519287,,,False,0.4977845121385791,1.0,1.0,holdout,eligible_windows=3;selection_frequency=0.000;direction_agreement=1.000;direction_adjusted_validation_positive_ratio=0.667;worst_development_degradation=nan;upstream_fdr_pass=False
split_002,alpha360_VOLUME7,3,3,0,0.0,1,1.0,0.6666666666666666,0.004144417712927479,0.02259592306997827,,,False,0.3662240198825564,1.0,1.0,holdout,eligible_windows=3;selection_frequency=0.000;direction_agreement=1.000;direction_adjusted_validation_positive_ratio=0.667;worst_development_degradation=nan;upstream_fdr_pass=False
split_002,alpha360_VOLUME8,3,3,0,0.0,1,1.0,0.6666666666666666,0.004668467239230718,0.02312770588309649,,,False,0.3121812398128187,1.0,1.0,holdout,eligible_windows=3;selection_frequency=0.000;direction_agreement=1.000;direction_adjusted_validation_positive_ratio=0.667;worst_development_degradation=nan;upstream_fdr_pass=False
split_002,alpha360_VOLUME9,3,3,0,0.0,1,1.0,0.6666666666666666,0.005251535369923014,0.02334840226918676,,,False,0.3099029683188099,1.0,1.0,holdout,eligible_windows=3;selection_frequency=0.000;direction_agreement=1.000;direction_adjusted_validation_positive_ratio=0.667;worst_development_degradation=nan;upstream_fdr_pass=False
split_002,alpha360_VWAP0,3,3,0,0.0,1,1.0,0.6666666666666666,0.005715761761766404,0.012545808299718473,,,False,0.6787094892684954,1.0,1.0,holdout,eligible_windows=3;selection_frequency=0.000;direction_agreement=1.000;direction_adjusted_validation_positive_ratio=0.667;worst_development_degradation=nan;upstream_fdr_pass=False
split_002,alpha360_VWAP1,3,3,0,0.0,1,1.0,0.6666666666666666,0.010156839817433927,0.03443098449929024,,,False,0.3215867602119648,1.0,1.0,holdout,eligible_windows=3;selection_frequency=0.000;direction_agreement=1.000;direction_adjusted_validation_positive_ratio=0.667;worst_development_degradation=nan;upstream_fdr_pass=False
split_002,alpha360_VWAP10,3,3,2,0.6666666666666666,1,1.0,1.0,0.043837755754160955,0.04265044941474093,0.030871610498369405,-0.0011873063394200259,True,0.0125214364090242,1.0,1.0,stable_core,eligible_windows=3;selection_frequency=0.667;direction_agreement=1.000;direction_adjusted_validation_positive_ratio=1.000;worst_development_degradation=-0.0011873063394200259;upstream_fdr_pass=True
split_002,alpha360_VWAP11,3,3,2,0.6666666666666666,1,1.0,1.0,0.047231545851751947,0.0386925509691856,0.026441029679840886,-0.008538994882566348,True,0.0084385311658038,1.0,1.0,stable_core,eligible_windows=3;selection_frequency=0.667;direction_agreement=1.000;direction_adjusted_validation_positive_ratio=1.000;worst_development_degradation=-0.008538994882566348;upstream_fdr_pass=True
split_002,alpha360_VWAP12,3,3,2,0.6666666666666666,1,1.0,0.6666666666666666,0.049908041947059445,0.03686152861181849,0.022921027129681023,-0.013046513335240956,True,0.0070166054418022,1.0,1.0,stable_core,eligible_windows=3;selection_frequency=0.667;direction_agreement=1.000;direction_adjusted_validation_positive_ratio=0.667;worst_development_degradation=-0.013046513335240956;upstream_fdr_pass=True
split_002,alpha360_VWAP13,3,3,2,0.6666666666666666,1,1.0,0.6666666666666666,0.05219615032890842,0.03878133709525491,0.021084336513183206,-0.01335755339044744,True,0.0070166054418022,1.0,1.0,stable_core,eligible_windows=3;selection_frequency=0.667;direction_agreement=1.000;direction_adjusted_validation_positive_ratio=0.667;worst_development_degradation=-0.01335755339044744;upstream_fdr_pass=True
split_002,alpha360_VWAP14,3,3,2,0.6666666666666666,1,1.0,1.0,0.055177155341202856,0.04322409174896763,0.020998962831201694,-0.01111608030522767,True,0.004396918870603,1.0,1.0,stable_core,eligible_windows=3;selection_frequency=0.667;direction_agreement=1.000;direction_adjusted_validation_positive_ratio=1.000;worst_development_degradation=-0.01111608030522767;upstream_fdr_pass=True
split_002,alpha360_VWAP15,3,3,2,0.6666666666666666,1,1.0,1.0,0.05810675565923271,0.04727524947489415,0.019593689372246082,-0.008933398137336193,True,0.004396918870603,1.0,1.0,stable_core,eligible_windows=3;selection_frequency=0.667;direction_agreement=1.000;direction_adjusted_validation_positive_ratio=1.000;worst_development_degradation=-0.008933398137336193;upstream_fdr_pass=True
split_002,alpha360_VWAP16,3,3,2,0.6666666666666666,1,1.0,1.0,0.06093054093506783,0.05069331042369657,0.01604635103421312,-0.007517809352231376,True,0.0057285571571285,1.0,1.0,stable_core,eligible_windows=3;selection_frequency=0.667;direction_agreement=1.000;direction_adjusted_validation_positive_ratio=1.000;worst_development_degradation=-0.007517809352231376;upstream_fdr_pass=True
split_002,alpha360_VWAP17,3,3,2,0.6666666666666666,1,1.0,1.0,0.06320649630064348,0.04815086285140714,0.010211183318956499,-0.012432306806751559,True,0.0057285571571285,1.0,1.0,stable_core,eligible_windows=3;selection_frequency=0.667;direction_agreement=1.000;direction_adjusted_validation_positive_ratio=1.000;worst_development_degradation=-0.012432306806751559;upstream_fdr_pass=True
split_002,alpha360_VWAP18,3,3,2,0.6666666666666666,1,1.0,1.0,0.06594230546806669,0.0432609102167323,0.004057450575572191,-0.020116751850587977,True,0.0032131330208253,1.0,1.0,stable_core,eligible_windows=3;selection_frequency=0.667;direction_agreement=1.000;direction_adjusted_validation_positive_ratio=1.000;worst_development_degradation=-0.020116751850587977;upstream_fdr_pass=True
split_002,alpha360_VWAP19,3,3,3,1.0,1,1.0,1.0,0.0684045850195538,0.04335774450017298,-0.02247443790407557,-0.05814445208248425,True,0.0057285571571285,1.0,1.0,conditional_signal,eligible_windows=3;selection_frequency=1.000;direction_agreement=1.000;direction_adjusted_validation_positive_ratio=1.000;worst_development_degradation=-0.05814445208248425;upstream_fdr_pass=True
split_002,alpha360_VWAP2,3,3,0,0.0,1,1.0,0.6666666666666666,0.014963694931757962,0.04841025951828305,,,False,0.1725847809036717,1.0,1.0,holdout,eligible_windows=3;selection_frequency=0.000;direction_agreement=1.000;direction_adjusted_validation_positive_ratio=0.667;worst_development_degradation=nan;upstream_fdr_pass=False
split_002,alpha360_VWAP20,3,3,3,1.0,1,1.0,1.0,0.07057411253844649,0.046563246473463465,-0.021355349970590243,-0.05498669512302091,True,0.0032131330208253,1.0,1.0,conditional_signal,eligible_windows=3;selection_frequency=1.000;direction_agreement=1.000;direction_adjusted_validation_positive_ratio=1.000;worst_development_degradation=-0.05498669512302091;upstream_fdr_pass=True
split_002,alpha360_VWAP21,3,3,3,1.0,1,1.0,1.0,0.07315220610618568,0.04746874548194393,-0.022753887269223304,-0.05126533922613787,True,0.004396918870603,1.0,1.0,conditional_signal,eligible_windows=3;selection_frequency=1.000;direction_agreement=1.000;direction_adjusted_validation_positive_ratio=1.000;worst_development_degradation=-0.05126533922613787;upstream_fdr_pass=True
split_002,alpha360_VWAP22,3,3,3,1.0,1,1.0,1.0,0.0760089373360313,0.04705133186997974,-0.02550376657342776,-0.04413737328953904,True,0.0057285571571285,1.0,1.0,conditional_signal,eligible_windows=3;selection_frequency=1.000;direction_agreement=1.000;direction_adjusted_validation_positive_ratio=1.000;worst_development_degradation=-0.04413737328953904;upstream_fdr_pass=True
split_002,alpha360_VWAP23,3,3,3,1.0,1,1.0,1.0,0.07857270742999477,0.04635064716805544,-0.02823550534942605,-0.03966305064412697,True,0.004396918870603,1.0,1.0,conditional_signal,eligible_windows=3;selection_frequency=1.000;direction_agreement=1.000;direction_adjusted_validation_positive_ratio=1.000;worst_development_degradation=-0.03966305064412697;upstream_fdr_pass=True
split_002,alpha360_VWAP24,3,3,3,1.0,1,1.0,1.0,0.08105580923510465,0.04537667798047657,-0.031233969362921117,-0.037469456887515955,True,0.0032131330208253,1.0,1.0,conditional_signal,eligible_windows=3;selection_frequency=1.000;direction_agreement=1.000;direction_adjusted_validation_positive_ratio=1.000;worst_development_degradation=-0.037469456887515955;upstream_fdr_pass=True
split_002,alpha360_VWAP25,3,3,3,1.0,1,1.0,1.0,0.08346448140430816,0.046180140118635665,-0.03487623628786916,-0.0372843412856725,True,0.0032131330208253,1.0,1.0,conditional_signal,eligible_windows=3;selection_frequency=1.000;direction_agreement=1.000;direction_adjusted_validation_positive_ratio=1.000;worst_development_degradation=-0.0372843412856725;upstream_fdr_pass=True
split_002,alpha360_VWAP26,3,3,3,1.0,1,1.0,1.0,0.08538223442127392,0.050134665240221796,-0.035247569181052124,-0.03579826296273282,True,0.0032131330208253,1.0,1.0,conditional_signal,eligible_windows=3;selection_frequency=1.000;direction_agreement=1.000;direction_adjusted_validation_positive_ratio=1.000;worst_development_degradation=-0.03579826296273282;upstream_fdr_pass=True
split_002,alpha360_VWAP27,3,3,3,1.0,1,1.0,1.0,0.08725331973432675,0.05258168463117339,-0.03627357313112037,-0.04236212026296863,True,0.0032131330208253,1.0,1.0,conditional_signal,eligible_windows=3;selection_frequency=1.000;direction_agreement=1.000;direction_adjusted_validation_positive_ratio=1.000;worst_development_degradation=-0.04236212026296863;upstream_fdr_pass=True
split_002,alpha360_VWAP28,3,3,3,1.0,1,1.0,1.0,0.08881612124568193,0.04504471598760657,-0.037434570246171785,-0.05235177917680649,True,0.0032131330208253,1.0,1.0,conditional_signal,eligible_windows=3;selection_frequency=1.000;direction_agreement=1.000;direction_adjusted_validation_positive_ratio=1.000;worst_development_degradation=-0.05235177917680649;upstream_fdr_pass=True
split_002,alpha360_VWAP29,3,3,3,1.0,1,1.0,1.0,0.09022600647181911,0.044388310083585146,-0.03906807685693218,-0.06067076480935069,True,0.0032131330208253,1.0,1.0,conditional_signal,eligible_windows=3;selection_frequency=1.000;direction_agreement=1.000;direction_adjusted_validation_positive_ratio=1.000;worst_development_degradation=-0.06067076480935069;upstream_fdr_pass=True
split_002,alpha360_VWAP3,3,3,0,0.0,1,1.0,0.6666666666666666,0.018686738935688216,0.051096078383480834,,,False,0.0819886433269333,1.0,1.0,holdout,eligible_windows=3;selection_frequency=0.000;direction_agreement=1.000;direction_adjusted_validation_positive_ratio=0.667;worst_development_degradation=nan;upstream_fdr_pass=False
split_002,alpha360_VWAP30,3,3,3,1.0,1,1.0,1.0,0.09123289032043283,0.04465645544023466,-0.039373387294545405,-0.07082073319968069,True,0.0032131330208253,1.0,1.0,conditional_signal,eligible_windows=3;selection_frequency=1.000;direction_agreement=1.000;direction_adjusted_validation_positive_ratio=1.000;worst_development_degradation=-0.07082073319968069;upstream_fdr_pass=True
split_002,alpha360_VWAP31,3,3,3,1.0,1,1.0,1.0,0.09200335952025561,0.04397812318528402,-0.04044299752925219,-0.0803167485751364,True,0.0032131330208253,1.0,1.0,conditional_signal,eligible_windows=3;selection_frequency=1.000;direction_agreement=1.000;direction_adjusted_validation_positive_ratio=1.000;worst_development_degradation=-0.0803167485751364;upstream_fdr_pass=True
split_002,alpha360_VWAP32,3,3,3,1.0,1,1.0,1.0,0.09286299357793582,0.04372397110090519,-0.040998415769263566,-0.08687723646182768,True,0.0057285571571285,1.0,1.0,conditional_signal,eligible_windows=3;selection_frequency=1.000;direction_agreement=1.000;direction_adjusted_validation_positive_ratio=1.000;worst_development_degradation=-0.08687723646182768;upstream_fdr_pass=True
split_002,alpha360_VWAP33,3,3,3,1.0,1,1.0,1.0,0.0933795473104573,0.04402312711143628,-0.040706242517743095,-0.09219780239087937,True,0.0032131330208253,1.0,1.0,conditional_signal,eligible_windows=3;selection_frequency=1.000;direction_agreement=1.000;direction_adjusted_validation_positive_ratio=1.000;worst_development_degradation=-0.09219780239087937;upstream_fdr_pass=True
split_002,alpha360_VWAP34,3,3,2,0.6666666666666666,1,1.0,1.0,0.09372933117974945,0.04294370473505674,-0.020955781524968867,-0.04165029600723534,True,0.0032131330208253,1.0,1.0,conditional_signal,eligible_windows=3;selection_frequency=0.667;direction_agreement=1.000;direction_adjusted_validation_positive_ratio=1.000;worst_development_degradation=-0.04165029600723534;upstream_fdr_pass=True
split_002,alpha360_VWAP35,3,3,2,0.6666666666666666,1,1.0,1.0,0.09409453023380475,0.041483766544960096,-0.020444074390360924,-0.04297453454321541,True,0.0032131330208253,1.0,1.0,conditional_signal,eligible_windows=3;selection_frequency=0.667;direction_agreement=1.000;direction_adjusted_validation_positive_ratio=1.000;worst_development_degradation=-0.04297453454321541;upstream_fdr_pass=True
split_002,alpha360_VWAP36,3,3,2,0.6666666666666666,1,1.0,1.0,0.09438052124655404,0.0399647946720245,-0.020592060797571393,-0.04428870697914633,True,0.0032131330208253,1.0,1.0,conditional_signal,eligible_windows=3;selection_frequency=0.667;direction_agreement=1.000;direction_adjusted_validation_positive_ratio=1.000;worst_development_degradation=-0.04428870697914633;upstream_fdr_pass=True
split_002,alpha360_VWAP37,3,3,2,0.6666666666666666,1,1.0,0.6666666666666666,0.09440660766856125,0.039444811321748804,-0.01984564672602234,-0.044351777411885784,True,0.0032131330208253,1.0,1.0,conditional_signal,eligible_windows=3;selection_frequency=0.667;direction_agreement=1.000;direction_adjusted_validation_positive_ratio=0.667;worst_development_degradation=-0.044351777411885784;upstream_fdr_pass=True
split_002,alpha360_VWAP38,3,3,2,0.6666666666666666,1,1.0,0.6666666666666666,0.09413151581380143,0.039047744347560295,-0.018903608013558733,-0.04400862479705145,True,0.0032131330208253,1.0,1.0,conditional_signal,eligible_windows=3;selection_frequency=0.667;direction_agreement=1.000;direction_adjusted_validation_positive_ratio=0.667;worst_development_degradation=-0.04400862479705145;upstream_fdr_pass=True
split_002,alpha360_VWAP39,3,3,2,0.6666666666666666,1,1.0,0.6666666666666666,0.09379035888018855,0.03795567754283656,-0.018102218424981262,-0.044250061297825674,True,0.0032131330208253,1.0,1.0,conditional_signal,eligible_windows=3;selection_frequency=0.667;direction_agreement=1.000;direction_adjusted_validation_positive_ratio=0.667;worst_development_degradation=-0.044250061297825674;upstream_fdr_pass=True
split_002,alpha360_VWAP4,3,3,2,0.6666666666666666,1,1.0,0.6666666666666666,0.021663796046977626,0.05293878445119532,0.043233349319267034,0.03190838196518314,True,0.0434152461711516,1.0,1.0,stable_core,eligible_windows=3;selection_frequency=0.667;direction_agreement=1.000;direction_adjusted_validation_positive_ratio=0.667;worst_development_degradation=0.03190838196518314;upstream_fdr_pass=True
split_002,alpha360_VWAP40,3,3,2,0.6666666666666666,1,1.0,0.6666666666666666,0.09334180964940712,0.03785744994183973,-0.017457014467802054,-0.043597587504880006,True,0.0057285571571285,1.0,1.0,conditional_signal,eligible_windows=3;selection_frequency=0.667;direction_agreement=1.000;direction_adjusted_validation_positive_ratio=0.667;worst_development_degradation=-0.043597587504880006;upstream_fdr_pass=True
split_002,alpha360_VWAP41,3,3,2,0.6666666666666666,1,1.0,0.6666666666666666,0.09232144423009728,0.038001054510330354,-0.01700032269777159,-0.04248753333862279,True,0.0032131330208253,1.0,1.0,conditional_signal,eligible_windows=3;selection_frequency=0.667;direction_agreement=1.000;direction_adjusted_validation_positive_ratio=0.667;worst_development_degradation=-0.04248753333862279;upstream_fdr_pass=True
split_002,alpha360_VWAP42,3,3,2,0.6666666666666666,1,1.0,0.6666666666666666,0.0910280125886458,0.03687749124492446,-0.015840304129734303,-0.042780400305415876,True,0.004396918870603,1.0,1.0,conditional_signal,eligible_windows=3;selection_frequency=0.667;direction_agreement=1.000;direction_adjusted_validation_positive_ratio=0.667;worst_development_degradation=-0.042780400305415876;upstream_fdr_pass=True
split_002,alpha360_VWAP43,3,3,2,0.6666666666666666,1,1.0,0.6666666666666666,0.089778291513492,0.0367021559863004,-0.01364155291455526,-0.04227230845524162,True,0.004396918870603,1.0,1.0,conditional_signal,eligible_windows=3;selection_frequency=0.667;direction_agreement=1.000;direction_adjusted_validation_positive_ratio=0.667;worst_development_degradation=-0.04227230845524162;upstream_fdr_pass=True
split_002,alpha360_VWAP44,3,3,2,0.6666666666666666,1,1.0,0.6666666666666666,0.08839859998009827,0.03716398146854882,-0.01019864796657892,-0.041123987318585714,True,0.0032131330208253,1.0,1.0,conditional_signal,eligible_windows=3;selection_frequency=0.667;direction_agreement=1.000;direction_adjusted_validation_positive_ratio=0.667;worst_development_degradation=-0.041123987318585714;upstream_fdr_pass=True
split_002,alpha360_VWAP45,3,3,2,0.6666666666666666,1,1.0,0.6666666666666666,0.08683635822499945,0.03515449216239913,-0.00923625802556003,-0.0423747517595187,True,0.004396918870603,1.0,1.0,conditional_signal,eligible_windows=3;selection_frequency=0.667;direction_agreement=1.000;direction_adjusted_validation_positive_ratio=0.667;worst_development_degradation=-0.0423747517595187;upstream_fdr_pass=True
split_002,alpha360_VWAP46,3,3,2,0.6666666666666666,1,1.0,0.6666666666666666,0.08526811135322505,0.03059749141990837,-0.010148066400194371,-0.04622388161657128,True,0.004396918870603,1.0,1.0,conditional_signal,eligible_windows=3;selection_frequency=0.667;direction_agreement=1.000;direction_adjusted_validation_positive_ratio=0.667;worst_development_degradation=-0.04622388161657128;upstream_fdr_pass=True
split_002,alpha360_VWAP47,3,3,2,0.6666666666666666,1,1.0,0.6666666666666666,0.08374744124944039,0.025492942285403004,-0.011802957168381641,-0.050634237297880656,True,0.004396918870603,1.0,1.0,conditional_signal,eligible_windows=3;selection_frequency=0.667;direction_agreement=1.000;direction_adjusted_validation_positive_ratio=0.667;worst_development_degradation=-0.050634237297880656;upstream_fdr_pass=True
split_002,alpha360_VWAP48,3,3,2,0.6666666666666666,1,1.0,0.6666666666666666,0.08241527150508478,0.02269156659086859,-0.012479619115105284,-0.052765559364537765,True,0.0032131330208253,1.0,1.0,conditional_signal,eligible_windows=3;selection_frequency=0.667;direction_agreement=1.000;direction_adjusted_validation_positive_ratio=0.667;worst_development_degradation=-0.052765559364537765;upstream_fdr_pass=True
split_002,alpha360_VWAP49,3,3,2,0.6666666666666666,1,1.0,0.6666666666666666,0.08128551854273854,0.02257612442559558,-0.012185974624694909,-0.05226378205876059,True,0.004396918870603,1.0,1.0,conditional_signal,eligible_windows=3;selection_frequency=0.667;direction_agreement=1.000;direction_adjusted_validation_positive_ratio=0.667;worst_development_degradation=-0.05226378205876059;upstream_fdr_pass=True
split_002,alpha360_VWAP5,3,3,2,0.6666666666666666,1,1.0,0.6666666666666666,0.024663504091429124,0.050082294509814586,0.043667140983368324,0.025418790418385462,True,0.0339599424965278,1.0,1.0,stable_core,eligible_windows=3;selection_frequency=0.667;direction_agreement=1.000;direction_adjusted_validation_positive_ratio=0.667;worst_development_degradation=0.025418790418385462;upstream_fdr_pass=True
split_002,alpha360_VWAP50,3,3,2,0.6666666666666666,1,1.0,0.6666666666666666,0.08038864828340676,0.024338872091400537,-0.010349630436717286,-0.050038300501423494,True,0.004396918870603,1.0,1.0,conditional_signal,eligible_windows=3;selection_frequency=0.667;direction_agreement=1.000;direction_adjusted_validation_positive_ratio=0.667;worst_development_degradation=-0.050038300501423494;upstream_fdr_pass=True
split_002,alpha360_VWAP51,3,3,2,0.6666666666666666,1,1.0,0.6666666666666666,0.07958264593106429,0.026259366364082208,-0.007994163416350075,-0.04778990862570797,True,0.004396918870603,1.0,1.0,conditional_signal,eligible_windows=3;selection_frequency=0.667;direction_agreement=1.000;direction_adjusted_validation_positive_ratio=0.667;worst_development_degradation=-0.04778990862570797;upstream_fdr_pass=True
split_002,alpha360_VWAP52,3,3,2,0.6666666666666666,1,1.0,0.6666666666666666,0.07857351832807324,0.02746058869149779,-0.006424103711056294,-0.04598414857801663,True,0.0070166054418022,1.0,1.0,conditional_signal,eligible_windows=3;selection_frequency=0.667;direction_agreement=1.000;direction_adjusted_validation_positive_ratio=0.667;worst_development_degradation=-0.04598414857801663;upstream_fdr_pass=True
split_002,alpha360_VWAP53,3,3,2,0.6666666666666666,1,1.0,0.6666666666666666,0.07750298741315652,0.027305197902184088,-0.006024317567510189,-0.04524909285762719,True,0.0032131330208253,1.0,1.0,conditional_signal,eligible_windows=3;selection_frequency=0.667;direction_agreement=1.000;direction_adjusted_validation_positive_ratio=0.667;worst_development_degradation=-0.04524909285762719;upstream_fdr_pass=True
split_002,alpha360_VWAP54,3,3,2,0.6666666666666666,1,1.0,0.6666666666666666,0.0766401523050771,0.026426701296257515,-0.006099047590626294,-0.04515050981884351,True,0.0070166054418022,1.0,1.0,conditional_signal,eligible_windows=3;selection_frequency=0.667;direction_agreement=1.000;direction_adjusted_validation_positive_ratio=0.667;worst_development_degradation=-0.04515050981884351;upstream_fdr_pass=True
split_002,alpha360_VWAP55,3,3,2,0.6666666666666666,1,1.0,0.6666666666666666,0.07600213494565246,0.02600665253807897,-0.0057333343939848826,-0.04478422117517319,True,0.0032131330208253,1.0,1.0,conditional_signal,eligible_windows=3;selection_frequency=0.667;direction_agreement=1.000;direction_adjusted_validation_positive_ratio=0.667;worst_development_degradation=-0.04478422117517319;upstream_fdr_pass=True
split_002,alpha360_VWAP56,3,3,2,0.6666666666666666,1,1.0,0.6666666666666666,0.07548707034455521,0.02521146927696934,-0.005549618647331486,-0.044915205297764785,True,0.004396918870603,1.0,1.0,conditional_signal,eligible_windows=3;selection_frequency=0.667;direction_agreement=1.000;direction_adjusted_validation_positive_ratio=0.667;worst_development_degradation=-0.044915205297764785;upstream_fdr_pass=True
split_002,alpha360_VWAP57,3,3,2,0.6666666666666666,1,1.0,1.0,0.07531954883020289,0.024619972875585112,-0.005525914161758606,-0.04510359819373723,True,0.0070166054418022,1.0,1.0,conditional_signal,eligible_windows=3;selection_frequency=0.667;direction_agreement=1.000;direction_adjusted_validation_positive_ratio=1.000;worst_development_degradation=-0.04510359819373723;upstream_fdr_pass=True
split_002,alpha360_VWAP58,3,3,2,0.6666666666666666,1,1.0,0.6666666666666666,0.07536845749999929,0.024862164532027508,-0.0058759085385989215,-0.044679642948241755,True,0.004396918870603,1.0,1.0,conditional_signal,eligible_windows=3;selection_frequency=0.667;direction_agreement=1.000;direction_adjusted_validation_positive_ratio=0.667;worst_development_degradation=-0.044679642948241755;upstream_fdr_pass=True
split_002,alpha360_VWAP59,3,3,2,0.6666666666666666,1,1.0,0.6666666666666666,0.07553208325493163,0.028258057644039693,-0.005719102859796151,-0.04123477356604661,True,0.0070166054418022,1.0,1.0,conditional_signal,eligible_windows=3;selection_frequency=0.667;direction_agreement=1.000;direction_adjusted_validation_positive_ratio=0.667;worst_development_degradation=-0.04123477356604661;upstream_fdr_pass=True
split_002,alpha360_VWAP6,3,3,2,0.6666666666666666,1,1.0,0.6666666666666666,0.029472882187339903,0.04446553514341338,0.04016072947093508,0.014992652956073476,True,0.0216522138768359,1.0,1.0,stable_core,eligible_windows=3;selection_frequency=0.667;direction_agreement=1.000;direction_adjusted_validation_positive_ratio=0.667;worst_development_degradation=0.014992652956073476;upstream_fdr_pass=True
split_002,alpha360_VWAP7,3,3,2,0.6666666666666666,1,1.0,0.6666666666666666,0.033446270148606023,0.04003861335758366,0.037358486625896636,0.006534124679824872,True,0.0097566666909732,1.0,1.0,stable_core,eligible_windows=3;selection_frequency=0.667;direction_agreement=1.000;direction_adjusted_validation_positive_ratio=0.667;worst_development_degradation=0.006534124679824872;upstream_fdr_pass=True
split_002,alpha360_VWAP8,3,3,2,0.6666666666666666,1,1.0,0.6666666666666666,0.037194172797462365,0.04127262242165071,0.03746626658425227,0.004078449624188345,True,0.0070166054418022,1.0,1.0,stable_core,eligible_windows=3;selection_frequency=0.667;direction_agreement=1.000;direction_adjusted_validation_positive_ratio=0.667;worst_development_degradation=0.004078449624188345;upstream_fdr_pass=True
split_002,alpha360_VWAP9,3,3,2,0.6666666666666666,1,1.0,0.6666666666666666,0.04060705606592814,0.04472239079973121,0.0353398887153132,0.004115334733803072,True,0.0032131330208253,1.0,1.0,stable_core,eligible_windows=3;selection_frequency=0.667;direction_agreement=1.000;direction_adjusted_validation_positive_ratio=0.667;worst_development_degradation=0.004115334733803072;upstream_fdr_pass=True
split_002,amount_cv_20,3,3,2,0.6666666666666666,-1,1.0,0.6666666666666666,-0.026822027693221912,-0.024124273800950762,0.03999535401610803,0.0032988632751151173,True,0.0032131330208253,1.0,1.0,stable_core,eligible_windows=3;selection_frequency=0.667;direction_agreement=1.000;direction_adjusted_validation_positive_ratio=0.667;worst_development_degradation=0.0032988632751151173;upstream_fdr_pass=True
split_002,amount_mean_20,3,3,3,1.0,-1,1.0,1.0,-0.10782509671059043,-0.07095568347739441,-0.027217424679334815,-0.0544762272286167,True,0.0032131330208253,1.0,1.0,conditional_signal,eligible_windows=3;selection_frequency=1.000;direction_agreement=1.000;direction_adjusted_validation_positive_ratio=1.000;worst_development_degradation=-0.0544762272286167;upstream_fdr_pass=True
split_002,amount_std_20,3,3,3,1.0,-1,1.0,1.0,-0.11010148279959638,-0.05869434567852583,-0.045972910781591964,-0.056093544575144746,True,0.0032131330208253,1.0,1.0,conditional_signal,eligible_windows=3;selection_frequency=1.000;direction_agreement=1.000;direction_adjusted_validation_positive_ratio=1.000;worst_development_degradation=-0.056093544575144746;upstream_fdr_pass=True
split_002,amplitude_20,3,3,2,0.6666666666666666,-1,1.0,0.6666666666666666,-0.10792754954148806,-0.033147069459327036,0.058286074180878035,-0.06316561752703455,True,0.0032131330208253,1.0,1.0,conditional_signal,eligible_windows=3;selection_frequency=0.667;direction_agreement=1.000;direction_adjusted_validation_positive_ratio=0.667;worst_development_degradation=-0.06316561752703455;upstream_fdr_pass=True
split_002,corr_ret_amount_20,3,3,2,0.6666666666666666,-1,1.0,0.6666666666666666,-0.038656933647613204,-0.05308408560959926,0.012048807643864613,0.009147125438686059,True,0.0032131330208253,1.0,1.0,stable_core,eligible_windows=3;selection_frequency=0.667;direction_agreement=1.000;direction_adjusted_validation_positive_ratio=0.667;worst_development_degradation=0.009147125438686059;upstream_fdr_pass=True
split_002,corr_ret_volume_20,3,3,2,0.6666666666666666,-1,1.0,0.6666666666666666,-0.0405431004712432,-0.05366390541687208,0.01321568940246623,0.007762897167447637,True,0.0032131330208253,1.0,1.0,stable_core,eligible_windows=3;selection_frequency=0.667;direction_agreement=1.000;direction_adjusted_validation_positive_ratio=0.667;worst_development_degradation=0.007762897167447637;upstream_fdr_pass=True
split_002,downside_std_20,3,3,1,0.3333333333333333,-1,1.0,0.6666666666666666,-0.058225398272436224,-0.004427358117032899,0.21087099604896747,0.21087099604896747,True,0.004396918870603,1.0,1.0,conditional_signal,eligible_windows=3;selection_frequency=0.333;direction_agreement=1.000;direction_adjusted_validation_positive_ratio=0.667;worst_development_degradation=0.21087099604896747;upstream_fdr_pass=True
split_002,kunquant_alpha101_alpha002,3,3,2,0.6666666666666666,1,1.0,0.6666666666666666,0.011219218463944436,0.043711862374855706,0.04071951965544752,0.03249264391091127,True,0.0216522138768359,1.0,1.0,stable_core,eligible_windows=3;selection_frequency=0.667;direction_agreement=1.000;direction_adjusted_validation_positive_ratio=0.667;worst_development_degradation=0.03249264391091127;upstream_fdr_pass=True
split_002,kunquant_alpha101_alpha003,3,3,1,0.3333333333333333,1,1.0,0.3333333333333333,0.025430608446215572,-0.034801457668378555,0.01576892977493212,0.01576892977493212,True,0.0057285571571285,1.0,1.0,conditional_signal,eligible_windows=3;selection_frequency=0.333;direction_agreement=1.000;direction_adjusted_validation_positive_ratio=0.333;worst_development_degradation=0.01576892977493212;upstream_fdr_pass=True
split_002,kunquant_alpha101_alpha004,3,3,2,0.6666666666666666,1,1.0,0.6666666666666666,0.028435711492438915,0.055653993608954275,0.03814017393978353,0.02962942808369915,True,0.0216522138768359,1.0,1.0,stable_core,eligible_windows=3;selection_frequency=0.667;direction_agreement=1.000;direction_adjusted_validation_positive_ratio=0.667;worst_development_degradation=0.02962942808369915;upstream_fdr_pass=True
split_002,kunquant_alpha101_alpha005,3,3,0,0.0,1,1.0,0.6666666666666666,0.0366048345424283,0.05841059959847987,,,False,0.0884556619850737,1.0,1.0,holdout,eligible_windows=3;selection_frequency=0.000;direction_agreement=1.000;direction_adjusted_validation_positive_ratio=0.667;worst_development_degradation=nan;upstream_fdr_pass=False
split_002,kunquant_alpha101_alpha006,3,3,1,0.3333333333333333,1,1.0,0.3333333333333333,0.024414460409550236,-0.021297333384885903,0.037115448666117684,0.037115448666117684,True,0.0097566666909732,1.0,1.0,conditional_signal,eligible_windows=3;selection_frequency=0.333;direction_agreement=1.000;direction_adjusted_validation_positive_ratio=0.333;worst_development_degradation=0.037115448666117684;upstream_fdr_pass=True
split_002,kunquant_alpha101_alpha008,3,3,0,0.0,1,0.6666666666666666,0.6666666666666666,0.0017365671709693188,0.01646692175529255,,,False,0.284040959040959,1.0,1.0,holdout,eligible_windows=3;selection_frequency=0.000;direction_agreement=0.667;direction_adjusted_validation_positive_ratio=0.667;worst_development_degradation=nan;upstream_fdr_pass=False
split_002,kunquant_alpha101_alpha009,3,3,0,0.0,1,1.0,1.0,0.005661684174546148,0.01600324433924886,,,False,0.1443123248432982,1.0,1.0,holdout,eligible_windows=3;selection_frequency=0.000;direction_agreement=1.000;direction_adjusted_validation_positive_ratio=1.000;worst_development_degradation=nan;upstream_fdr_pass=False
split_002,kunquant_alpha101_alpha010,3,3,0,0.0,1,1.0,1.0,0.001902777741632149,0.011801683871814198,,,False,0.3828307614715381,1.0,1.0,holdout,eligible_windows=3;selection_frequency=0.000;direction_agreement=1.000;direction_adjusted_validation_positive_ratio=1.000;worst_development_degradation=nan;upstream_fdr_pass=False
split_002,kunquant_alpha101_alpha011,3,3,2,0.6666666666666666,1,1.0,1.0,0.04032862116395263,0.025657721624949642,0.028833799450786766,-0.01626779768590577,True,0.0070166054418022,1.0,1.0,stable_core,eligible_windows=3;selection_frequency=0.667;direction_agreement=1.000;direction_adjusted_validation_positive_ratio=1.000;worst_development_degradation=-0.01626779768590577;upstream_fdr_pass=True
split_002,kunquant_alpha101_alpha012,3,3,2,0.6666666666666666,1,1.0,0.6666666666666666,0.02006572401021867,0.028198875284674206,0.01565689122619525,0.009762637151313806,True,0.0032131330208253,1.0,1.0,stable_core,eligible_windows=3;selection_frequency=0.667;direction_agreement=1.000;direction_adjusted_validation_positive_ratio=0.667;worst_development_degradation=0.009762637151313806;upstream_fdr_pass=True
split_002,kunquant_alpha101_alpha013,3,3,2,0.6666666666666666,1,1.0,0.6666666666666666,0.02991959519027756,0.03360704226658008,0.021971056542381063,0.006009620833147607,True,0.0032131330208253,1.0,1.0,stable_core,eligible_windows=3;selection_frequency=0.667;direction_agreement=1.000;direction_adjusted_validation_positive_ratio=0.667;worst_development_degradation=0.006009620833147607;upstream_fdr_pass=True
split_002,kunquant_alpha101_alpha014,3,3,1,0.3333333333333333,1,1.0,0.3333333333333333,0.016923178883520042,-0.0270725247352036,0.03218717105121214,0.03218717105121214,True,0.0351042896497441,1.0,1.0,conditional_signal,eligible_windows=3;selection_frequency=0.333;direction_agreement=1.000;direction_adjusted_validation_positive_ratio=0.333;worst_development_degradation=0.03218717105121214;upstream_fdr_pass=True
split_002,kunquant_alpha101_alpha015,3,3,2,0.6666666666666666,1,1.0,0.6666666666666666,0.02130483838048011,0.029200320501104937,0.027906508854601508,0.012233323498595218,True,0.0032131330208253,1.0,1.0,stable_core,eligible_windows=3;selection_frequency=0.667;direction_agreement=1.000;direction_adjusted_validation_positive_ratio=0.667;worst_development_degradation=0.012233323498595218;upstream_fdr_pass=True
split_002,kunquant_alpha101_alpha016,3,3,2,0.6666666666666666,1,1.0,0.6666666666666666,0.02580861299943013,0.01665748145096674,0.022292552460518013,-0.0054641169575549535,True,0.0032131330208253,1.0,1.0,stable_core,eligible_windows=3;selection_frequency=0.667;direction_agreement=1.000;direction_adjusted_validation_positive_ratio=0.667;worst_development_degradation=-0.0054641169575549535;upstream_fdr_pass=True
split_002,kunquant_alpha101_alpha017,3,3,0,0.0,-1,1.0,0.3333333333333333,-0.005994957341715172,0.0017301131469402349,,,False,0.550638041204079,1.0,1.0,holdout,eligible_windows=3;selection_frequency=0.000;direction_agreement=1.000;direction_adjusted_validation_positive_ratio=0.333;worst_development_degradation=nan;upstream_fdr_pass=False
split_002,kunquant_alpha101_alpha018,3,3,0,0.0,1,1.0,0.3333333333333333,0.004531310080606802,-0.00404484244548212,,,False,0.550266767932383,1.0,1.0,holdout,eligible_windows=3;selection_frequency=0.000;direction_agreement=1.000;direction_adjusted_validation_positive_ratio=0.333;worst_development_degradation=nan;upstream_fdr_pass=False
split_002,kunquant_alpha101_alpha020,3,3,3,1.0,-1,1.0,1.0,-0.024368083042773856,-0.024261436960890493,-0.00010664608188336311,-0.007353652184790827,True,0.0032131330208253,1.0,1.0,stable_core,eligible_windows=3;selection_frequency=1.000;direction_agreement=1.000;direction_adjusted_validation_positive_ratio=1.000;worst_development_degradation=-0.007353652184790827;upstream_fdr_pass=True
split_002,kunquant_alpha101_alpha022,3,3,0,0.0,1,1.0,1.0,0.001681697166041953,0.011308712732115384,,,False,0.176605777642047,1.0,1.0,holdout,eligible_windows=3;selection_frequency=0.000;direction_agreement=1.000;direction_adjusted_validation_positive_ratio=1.000;worst_development_degradation=nan;upstream_fdr_pass=False
split_002,kunquant_alpha101_alpha024,3,3,2,0.6666666666666666,1,1.0,0.6666666666666666,0.021523208179903927,0.07955591559443295,0.07403225026853721,0.06513917161545318,True,0.022848945925869,1.0,1.0,stable_core,eligible_windows=3;selection_frequency=0.667;direction_agreement=1.000;direction_adjusted_validation_positive_ratio=0.667;worst_development_degradation=0.06513917161545318;upstream_fdr_pass=True
split_002,kunquant_alpha101_alpha025,3,3,0,0.0,1,1.0,0.6666666666666666,0.004097710549285017,0.014121644892201893,,,False,0.3287056081173728,1.0,1.0,holdout,eligible_windows=3;selection_frequency=0.000;direction_agreement=1.000;direction_adjusted_validation_positive_ratio=0.667;worst_development_degradation=nan;upstream_fdr_pass=False
split_002,kunquant_alpha101_alpha026,3,3,2,0.6666666666666666,1,1.0,0.6666666666666666,0.024645423618047724,0.04196956529114155,0.040538286806533874,0.017324141673093825,True,0.0032131330208253,1.0,1.0,stable_core,eligible_windows=3;selection_frequency=0.667;direction_agreement=1.000;direction_adjusted_validation_positive_ratio=0.667;worst_development_degradation=0.017324141673093825;upstream_fdr_pass=True
split_002,kunquant_alpha101_alpha028,3,3,0,0.0,-1,1.0,0.3333333333333333,-0.0031776317775924867,0.0018807854675873203,,,False,0.1475997500732483,1.0,1.0,holdout,eligible_windows=3;selection_frequency=0.000;direction_agreement=1.000;direction_adjusted_validation_positive_ratio=0.333;worst_development_degradation=nan;upstream_fdr_pass=False
split_002,kunquant_alpha101_alpha029,3,3,3,1.0,1,1.0,1.0,0.012332708098071356,0.02310364110919443,0.011538391382473584,0.008564917396603406,True,0.0032131330208253,1.0,1.0,stable_core,eligible_windows=3;selection_frequency=1.000;direction_agreement=1.000;direction_adjusted_validation_positive_ratio=1.000;worst_development_degradation=0.008564917396603406;upstream_fdr_pass=True
split_002,kunquant_alpha101_alpha030,3,3,0,0.0,1,1.0,0.6666666666666666,0.006299031691747402,0.0038944823541545368,,,False,0.2998640432415266,1.0,1.0,holdout,eligible_windows=3;selection_frequency=0.000;direction_agreement=1.000;direction_adjusted_validation_positive_ratio=0.667;worst_development_degradation=nan;upstream_fdr_pass=False
split_002,kunquant_alpha101_alpha031,3,3,0,0.0,1,1.0,0.6666666666666666,0.018700012575527152,0.030462518040562832,,,False,0.2533101416350147,1.0,1.0,holdout,eligible_windows=3;selection_frequency=0.000;direction_agreement=1.000;direction_adjusted_validation_positive_ratio=0.667;worst_development_degradation=nan;upstream_fdr_pass=False
split_002,kunquant_alpha101_alpha033,3,3,0,0.0,1,1.0,0.6666666666666666,0.013176980368495798,0.023663586281308466,,,False,0.0918038005950093,1.0,1.0,holdout,eligible_windows=3;selection_frequency=0.000;direction_agreement=1.000;direction_adjusted_validation_positive_ratio=0.667;worst_development_degradation=nan;upstream_fdr_pass=False
split_002,kunquant_alpha101_alpha034,3,3,0,0.0,1,1.0,1.0,0.008324555337714883,0.02168981441516591,,,False,0.0852400833916545,1.0,1.0,holdout,eligible_windows=3;selection_frequency=0.000;direction_agreement=1.000;direction_adjusted_validation_positive_ratio=1.000;worst_development_degradation=nan;upstream_fdr_pass=False
split_002,kunquant_alpha101_alpha035,3,3,3,1.0,-1,1.0,1.0,-0.027110731241367297,-0.02934068523743405,0.0013059623248627,-0.0037565279971076074,True,0.0138594124769239,1.0,1.0,stable_core,eligible_windows=3;selection_frequency=1.000;direction_agreement=1.000;direction_adjusted_validation_positive_ratio=1.000;worst_development_degradation=-0.0037565279971076074;upstream_fdr_pass=True
split_002,kunquant_alpha101_alpha038,3,3,0,0.0,1,1.0,0.6666666666666666,0.008625029510069467,0.01687924081672865,,,False,0.4053108182140439,1.0,1.0,holdout,eligible_windows=3;selection_frequency=0.000;direction_agreement=1.000;direction_adjusted_validation_positive_ratio=0.667;worst_development_degradation=nan;upstream_fdr_pass=False
split_002,kunquant_alpha101_alpha040,3,3,2,0.6666666666666666,1,1.0,0.6666666666666666,0.059781023814063985,0.03063448173541135,0.011742084078560195,-0.029146542078652634,True,0.0032131330208253,1.0,1.0,stable_core,eligible_windows=3;selection_frequency=0.667;direction_agreement=1.000;direction_adjusted_validation_positive_ratio=0.667;worst_development_degradation=-0.029146542078652634;upstream_fdr_pass=True
split_002,kunquant_alpha101_alpha041,3,3,0,0.0,-1,1.0,0.6666666666666666,-0.03662936979416429,-0.05723013130302825,,,False,0.0861569369856662,1.0,1.0,holdout,eligible_windows=3;selection_frequency=0.000;direction_agreement=1.000;direction_adjusted_validation_positive_ratio=0.667;worst_development_degradation=nan;upstream_fdr_pass=False
split_002,kunquant_alpha101_alpha042,3,3,0,0.0,1,1.0,0.6666666666666666,0.03684622447828604,0.057745388946565404,,,False,0.0764882397152566,1.0,1.0,holdout,eligible_windows=3;selection_frequency=0.000;direction_agreement=1.000;direction_adjusted_validation_positive_ratio=0.667;worst_development_degradation=nan;upstream_fdr_pass=False
split_002,kunquant_alpha101_alpha043,3,3,1,0.3333333333333333,1,1.0,0.3333333333333333,0.016902503161452902,-0.0032460453196917747,0.005431914297778808,0.005431914297778808,True,0.0097566666909732,1.0,1.0,conditional_signal,eligible_windows=3;selection_frequency=0.333;direction_agreement=1.000;direction_adjusted_validation_positive_ratio=0.333;worst_development_degradation=0.005431914297778808;upstream_fdr_pass=True
split_002,kunquant_alpha101_alpha044,3,3,2,0.6666666666666666,1,1.0,0.6666666666666666,0.03003845441444163,0.03401627351569457,0.02310442789674426,0.005601583654837972,True,0.0032131330208253,1.0,1.0,stable_core,eligible_windows=3;selection_frequency=0.667;direction_agreement=1.000;direction_adjusted_validation_positive_ratio=0.667;worst_development_degradation=0.005601583654837972;upstream_fdr_pass=True
split_002,kunquant_alpha101_alpha045,3,3,2,0.6666666666666666,1,1.0,0.6666666666666666,0.010691209334712798,0.011595176411133095,0.0022786377614224607,0.0009039670764202975,True,0.0032131330208253,1.0,1.0,stable_core,eligible_windows=3;selection_frequency=0.667;direction_agreement=1.000;direction_adjusted_validation_positive_ratio=0.667;worst_development_degradation=0.0009039670764202975;upstream_fdr_pass=True
split_002,kunquant_alpha101_alpha046,3,3,0,0.0,1,1.0,1.0,0.006844336241779138,0.04523912762526245,,,False,0.2078488521787491,1.0,1.0,holdout,eligible_windows=3;selection_frequency=0.000;direction_agreement=1.000;direction_adjusted_validation_positive_ratio=1.000;worst_development_degradation=nan;upstream_fdr_pass=False
split_002,kunquant_alpha101_alpha047,3,3,0,0.0,-1,0.6666666666666666,0.6666666666666666,-0.001077912935010114,0.001330189712313384,,,False,0.4651588411588411,1.0,1.0,holdout,eligible_windows=3;selection_frequency=0.000;direction_agreement=0.667;direction_adjusted_validation_positive_ratio=0.667;worst_development_degradation=nan;upstream_fdr_pass=False
split_002,kunquant_alpha101_alpha049,3,3,0,0.0,-1,0.6666666666666666,0.6666666666666666,-0.0008571176820810962,0.014629041155680284,,,False,0.9179495203591588,1.0,1.0,holdout,eligible_windows=3;selection_frequency=0.000;direction_agreement=0.667;direction_adjusted_validation_positive_ratio=0.667;worst_development_degradation=nan;upstream_fdr_pass=False
split_002,kunquant_alpha101_alpha050,3,3,2,0.6666666666666666,1,1.0,0.6666666666666666,0.026092934875384215,0.024363446719715583,0.014760458824986127,0.00020924932172909985,True,0.004396918870603,1.0,1.0,stable_core,eligible_windows=3;selection_frequency=0.667;direction_agreement=1.000;direction_adjusted_validation_positive_ratio=0.667;worst_development_degradation=0.00020924932172909985;upstream_fdr_pass=True
split_002,kunquant_alpha101_alpha051,3,3,0,0.0,-1,1.0,0.3333333333333333,-0.006877966381787642,0.00883844591634093,,,False,0.460549066318297,1.0,1.0,holdout,eligible_windows=3;selection_frequency=0.000;direction_agreement=1.000;direction_adjusted_validation_positive_ratio=0.333;worst_development_degradation=nan;upstream_fdr_pass=False
split_002,kunquant_alpha101_alpha053,3,3,0,0.0,-1,1.0,0.3333333333333333,-0.003846359689444462,0.004756517286209077,,,False,0.7167316504758724,1.0,1.0,holdout,eligible_windows=3;selection_frequency=0.000;direction_agreement=1.000;direction_adjusted_validation_positive_ratio=0.333;worst_development_degradation=nan;upstream_fdr_pass=False
split_002,kunquant_alpha101_alpha054,3,3,0,0.0,1,0.6666666666666666,0.3333333333333333,0.0010552757782034596,0.014040683824885436,,,False,0.7673059764662817,1.0,1.0,holdout,eligible_windows=3;selection_frequency=0.000;direction_agreement=0.667;direction_adjusted_validation_positive_ratio=0.333;worst_development_degradation=nan;upstream_fdr_pass=False
split_002,kunquant_alpha101_alpha055,3,3,2,0.6666666666666666,1,1.0,0.6666666666666666,0.02577865794832793,0.04403813267940722,0.029074665565436746,0.02124934901669961,True,0.0032131330208253,1.0,1.0,stable_core,eligible_windows=3;selection_frequency=0.667;direction_agreement=1.000;direction_adjusted_validation_positive_ratio=0.667;worst_development_degradation=0.02124934901669961;upstream_fdr_pass=True
split_002,kunquant_alpha101_alpha057,3,3,0,0.0,-1,1.0,0.3333333333333333,-0.01679496932075694,0.053310263049511274,,,False,0.2924646069404805,1.0,1.0,holdout,eligible_windows=3;selection_frequency=0.000;direction_agreement=1.000;direction_adjusted_validation_positive_ratio=0.333;worst_development_degradation=nan;upstream_fdr_pass=False
split_002,kunquant_alpha101_alpha060,3,3,0,0.0,-1,1.0,0.6666666666666666,-0.004668686503124399,-0.007980957223545922,,,False,0.1978537813305455,1.0,1.0,holdout,eligible_windows=3;selection_frequency=0.000;direction_agreement=1.000;direction_adjusted_validation_positive_ratio=0.667;worst_development_degradation=nan;upstream_fdr_pass=False
split_002,kunquant_alpha101_alpha062,3,3,2,0.6666666666666666,1,1.0,0.6666666666666666,0.030138174013087233,0.011237553772030005,-0.012750626718276887,-0.020773596943231054,True,0.0032131330208253,1.0,1.0,stable_core,eligible_windows=3;selection_frequency=0.667;direction_agreement=1.000;direction_adjusted_validation_positive_ratio=0.667;worst_development_degradation=-0.020773596943231054;upstream_fdr_pass=True
split_002,kunquant_alpha101_alpha064,3,3,0,0.0,1,1.0,0.3333333333333333,0.0020209370596451586,-0.00650716790913492,,,False,0.7722490923710436,0.9050632911392406,0.9714467005076142,holdout,eligible_windows=3;selection_frequency=0.000;direction_agreement=1.000;direction_adjusted_validation_positive_ratio=0.333;worst_development_degradation=nan;upstream_fdr_pass=False
split_002,kunquant_alpha101_alpha066,3,3,1,0.3333333333333333,1,1.0,0.3333333333333333,0.0065166270572394195,-0.00245734514976197,0.013059585723238079,0.013059585723238079,True,0.0084385311658038,1.0,1.0,conditional_signal,eligible_windows=3;selection_frequency=0.333;direction_agreement=1.000;direction_adjusted_validation_positive_ratio=0.333;worst_development_degradation=0.013059585723238079;upstream_fdr_pass=True
split_002,kunquant_alpha101_alpha071,3,3,0,0.0,-1,1.0,1.0,-0.013234523065963432,-0.04729970802940982,,,False,0.1175879775520709,1.0,1.0,holdout,eligible_windows=3;selection_frequency=0.000;direction_agreement=1.000;direction_adjusted_validation_positive_ratio=1.000;worst_development_degradation=nan;upstream_fdr_pass=False
split_002,kunquant_alpha101_alpha072,3,3,1,0.3333333333333333,1,1.0,0.3333333333333333,0.016279447372091967,-0.008473074315446244,0.025716818170061932,0.025716818170061932,True,0.0434152461711516,1.0,1.0,conditional_signal,eligible_windows=3;selection_frequency=0.333;direction_agreement=1.000;direction_adjusted_validation_positive_ratio=0.333;worst_development_degradation=0.025716818170061932;upstream_fdr_pass=True
split_002,kunquant_alpha101_alpha073,3,3,0,0.0,-1,0.6666666666666666,0.3333333333333333,-0.000559142074778722,-0.020534355307937156,,,False,0.6485215252765956,1.0,1.0,holdout,eligible_windows=3;selection_frequency=0.000;direction_agreement=0.667;direction_adjusted_validation_positive_ratio=0.333;worst_development_degradation=nan;upstream_fdr_pass=False
split_002,kunquant_alpha101_alpha074,3,3,1,0.3333333333333333,1,1.0,0.3333333333333333,0.019108009883287324,-0.02360055153366877,-0.0040404363797043995,-0.0040404363797043995,True,0.0111654455329873,1.0,1.0,conditional_signal,eligible_windows=3;selection_frequency=0.333;direction_agreement=1.000;direction_adjusted_validation_positive_ratio=0.333;worst_development_degradation=-0.0040404363797043995;upstream_fdr_pass=True
split_002,kunquant_alpha101_alpha077,3,3,3,1.0,-1,1.0,1.0,-0.015276701579015754,-0.04041592624350994,0.026731345858043383,0.0019201816642840028,True,0.0240712677153355,1.0,1.0,stable_core,eligible_windows=3;selection_frequency=1.000;direction_agreement=1.000;direction_adjusted_validation_positive_ratio=1.000;worst_development_degradation=0.0019201816642840028;upstream_fdr_pass=True
split_002,kunquant_alpha101_alpha078,3,3,0,0.0,1,1.0,0.0,0.01885616748483411,-0.018563761711736983,,,True,0.022848945925869,1.0,1.0,monitor,eligible_windows=3;selection_frequency=0.000;direction_agreement=1.000;direction_adjusted_validation_positive_ratio=0.000;worst_development_degradation=nan;upstream_fdr_pass=True
split_002,kunquant_alpha101_alpha083,3,3,2,0.6666666666666666,1,1.0,1.0,0.07780929124677734,0.07643402164324023,0.022098278445135594,-0.0013752696035371076,True,0.0032131330208253,1.0,1.0,stable_core,eligible_windows=3;selection_frequency=0.667;direction_agreement=1.000;direction_adjusted_validation_positive_ratio=1.000;worst_development_degradation=-0.0013752696035371076;upstream_fdr_pass=True
split_002,kunquant_alpha101_alpha084,3,3,2,0.6666666666666666,-1,1.0,1.0,-0.028223241029537754,-0.05289366745932293,0.0324085880674821,0.02467042642978518,True,0.0070166054418022,1.0,1.0,stable_core,eligible_windows=3;selection_frequency=0.667;direction_agreement=1.000;direction_adjusted_validation_positive_ratio=1.000;worst_development_degradation=0.02467042642978518;upstream_fdr_pass=True
split_002,kunquant_alpha101_alpha085,3,3,0,0.0,1,1.0,0.6666666666666666,0.014641621947553349,0.011290860781879552,,,False,0.0696178821178821,1.0,1.0,holdout,eligible_windows=3;selection_frequency=0.000;direction_agreement=1.000;direction_adjusted_validation_positive_ratio=0.667;worst_development_degradation=nan;upstream_fdr_pass=False
split_002,kunquant_alpha101_alpha088,3,3,2,0.6666666666666666,1,1.0,0.6666666666666666,0.09869363781110248,0.09389632142140146,0.04954758794029636,0.006098453519452582,True,0.0032131330208253,1.0,1.0,stable_core,eligible_windows=3;selection_frequency=0.667;direction_agreement=1.000;direction_adjusted_validation_positive_ratio=0.667;worst_development_degradation=0.006098453519452582;upstream_fdr_pass=True
split_002,kunquant_alpha101_alpha092,3,3,0,0.0,-1,1.0,0.6666666666666666,-0.004356369822075814,-0.014038679364156792,,,False,0.13270986616246,1.0,1.0,holdout,eligible_windows=3;selection_frequency=0.000;direction_agreement=1.000;direction_adjusted_validation_positive_ratio=0.667;worst_development_degradation=nan;upstream_fdr_pass=False
split_002,kunquant_alpha101_alpha094,3,3,3,1.0,1,1.0,1.0,0.054553473981358916,0.08978632674156373,0.03523285276020481,0.008253721821466345,True,0.0032131330208253,1.0,1.0,stable_core,eligible_windows=3;selection_frequency=1.000;direction_agreement=1.000;direction_adjusted_validation_positive_ratio=1.000;worst_development_degradation=0.008253721821466345;upstream_fdr_pass=True
split_002,kunquant_alpha101_alpha095,3,3,0,0.0,-1,1.0,0.0,-0.002074376013462287,0.021355701279763342,,,False,0.973026973026973,1.0,1.0,holdout,eligible_windows=3;selection_frequency=0.000;direction_agreement=1.000;direction_adjusted_validation_positive_ratio=0.000;worst_development_degradation=nan;upstream_fdr_pass=False
split_002,kunquant_alpha101_alpha096,3,3,0,0.0,-1,0.6666666666666666,0.3333333333333333,-8.16424310894972e-05,-0.008865214363695494,,,False,0.9205891852508392,1.0,1.0,holdout,eligible_windows=3;selection_frequency=0.000;direction_agreement=0.667;direction_adjusted_validation_positive_ratio=0.333;worst_development_degradation=nan;upstream_fdr_pass=False
split_002,kunquant_alpha101_alpha098,3,3,0,0.0,1,1.0,0.0,0.002054041716093605,-0.011808372382526812,,,False,0.7228264043648659,1.0,1.0,holdout,eligible_windows=3;selection_frequency=0.000;direction_agreement=1.000;direction_adjusted_validation_positive_ratio=0.000;worst_development_degradation=nan;upstream_fdr_pass=False
split_002,kunquant_alpha101_alpha101,3,3,0,0.0,-1,1.0,1.0,-0.011373457069123764,-0.014781407756462122,,,False,0.0580597009168437,1.0,1.0,holdout,eligible_windows=3;selection_frequency=0.000;direction_agreement=1.000;direction_adjusted_validation_positive_ratio=1.000;worst_development_degradation=nan;upstream_fdr_pass=False
split_002,max_drawdown_20,3,3,0,0.0,-1,1.0,0.3333333333333333,-0.02031494682688654,0.013810372468816246,,,False,0.1053348825087955,1.0,1.0,holdout,eligible_windows=3;selection_frequency=0.000;direction_agreement=1.000;direction_adjusted_validation_positive_ratio=0.333;worst_development_degradation=nan;upstream_fdr_pass=False
split_002,ret_10,3,3,2,0.6666666666666666,-1,1.0,1.0,-0.04265971008679658,-0.037344371749902405,0.028327884650987418,-0.005315338336894175,True,0.0057285571571285,1.0,1.0,stable_core,eligible_windows=3;selection_frequency=0.667;direction_agreement=1.000;direction_adjusted_validation_positive_ratio=1.000;worst_development_degradation=-0.005315338336894175;upstream_fdr_pass=True
split_002,ret_20,3,3,3,1.0,-1,1.0,1.0,-0.06990402084924081,-0.041690960168362684,-0.025833343517586704,-0.05310025282498115,True,0.004396918870603,1.0,1.0,conditional_signal,eligible_windows=3;selection_frequency=1.000;direction_agreement=1.000;direction_adjusted_validation_positive_ratio=1.000;worst_development_degradation=-0.05310025282498115;upstream_fdr_pass=True
split_002,ret_5,3,3,2,0.6666666666666666,-1,1.0,0.6666666666666666,-0.02341468584993242,-0.04464857509397281,0.039614969298742,0.02123388924404039,True,0.0361622345590281,1.0,1.0,stable_core,eligible_windows=3;selection_frequency=0.667;direction_agreement=1.000;direction_adjusted_validation_positive_ratio=0.667;worst_development_degradation=0.02123388924404039;upstream_fdr_pass=True
split_002,rev_20_exclude_5,3,3,3,1.0,1,1.0,1.0,0.06307483639726101,0.02164128415600857,-0.040172541441615084,-0.04265251539058814,True,0.004396918870603,1.0,1.0,conditional_signal,eligible_windows=3;selection_frequency=1.000;direction_agreement=1.000;direction_adjusted_validation_positive_ratio=1.000;worst_development_degradation=-0.04265251539058814;upstream_fdr_pass=True
split_002,rev_5,3,3,2,0.6666666666666666,1,1.0,0.6666666666666666,0.02341468584993242,0.04464857509397281,0.039614969298742,0.02123388924404039,True,0.0411894268753115,1.0,1.0,stable_core,eligible_windows=3;selection_frequency=0.667;direction_agreement=1.000;direction_adjusted_validation_positive_ratio=0.667;worst_development_degradation=0.02123388924404039;upstream_fdr_pass=True
split_002,std_20,3,3,2,0.6666666666666666,-1,1.0,0.6666666666666666,-0.0949243764613452,-0.022217125533185847,0.05758837632544386,-0.06404733292185827,True,0.0032131330208253,1.0,1.0,conditional_signal,eligible_windows=3;selection_frequency=0.667;direction_agreement=1.000;direction_adjusted_validation_positive_ratio=0.667;worst_development_degradation=-0.06404733292185827;upstream_fdr_pass=True
split_002,ta_momentum_ao,3,3,3,1.0,-1,1.0,1.0,-0.06696546684082225,-0.04995055465170942,-0.01701491218911283,-0.028939267401282297,True,0.0057285571571285,1.0,1.0,stable_core,eligible_windows=3;selection_frequency=1.000;direction_agreement=1.000;direction_adjusted_validation_positive_ratio=1.000;worst_development_degradation=-0.028939267401282297;upstream_fdr_pass=True
split_002,ta_momentum_kama,3,3,0,0.0,-1,1.0,0.6666666666666666,-0.03272221359544372,-0.04861277689380273,,,False,0.1547715442452284,1.0,1.0,holdout,eligible_windows=3;selection_frequency=0.000;direction_agreement=1.000;direction_adjusted_validation_positive_ratio=0.667;worst_development_degradation=nan;upstream_fdr_pass=False
split_002,ta_momentum_ppo,3,3,3,1.0,-1,1.0,1.0,-0.09151302738743944,-0.0452205791257777,-0.04797275879487101,-0.056424683314302844,True,0.004396918870603,1.0,1.0,conditional_signal,eligible_windows=3;selection_frequency=1.000;direction_agreement=1.000;direction_adjusted_validation_positive_ratio=1.000;worst_development_degradation=-0.056424683314302844;upstream_fdr_pass=True
split_002,ta_momentum_ppo_hist,3,3,0,0.0,-1,0.6666666666666666,0.3333333333333333,-0.009546735663980099,-0.02470090504791544,,,False,0.3026824415254167,1.0,1.0,holdout,eligible_windows=3;selection_frequency=0.000;direction_agreement=0.667;direction_adjusted_validation_positive_ratio=0.333;worst_development_degradation=nan;upstream_fdr_pass=False
split_002,ta_momentum_ppo_signal,3,3,2,0.6666666666666666,-1,1.0,1.0,-0.0943761246731148,-0.028066224638513316,-0.03005785747784382,-0.05727511456264725,True,0.004396918870603,1.0,1.0,conditional_signal,eligible_windows=3;selection_frequency=0.667;direction_agreement=1.000;direction_adjusted_validation_positive_ratio=1.000;worst_development_degradation=-0.05727511456264725;upstream_fdr_pass=True
split_002,ta_momentum_pvo,3,3,2,0.6666666666666666,-1,1.0,1.0,-0.04722929232958817,-0.0658582197825717,0.04398529905269528,0.023859085438416167,True,0.0084385311658038,1.0,1.0,stable_core,eligible_windows=3;selection_frequency=0.667;direction_agreement=1.000;direction_adjusted_validation_positive_ratio=1.000;worst_development_degradation=0.023859085438416167;upstream_fdr_pass=True
split_002,ta_momentum_pvo_hist,3,3,0,0.0,1,1.0,0.3333333333333333,0.01231586951710949,-0.027198117768933616,,,False,0.1355690572772423,1.0,1.0,holdout,eligible_windows=3;selection_frequency=0.000;direction_agreement=1.000;direction_adjusted_validation_positive_ratio=0.333;worst_development_degradation=nan;upstream_fdr_pass=False
split_002,ta_momentum_pvo_signal,3,3,3,1.0,-1,1.0,1.0,-0.057407252944561234,-0.06085782864124971,0.008366275387978878,-0.029878578163092473,True,0.0084385311658038,1.0,1.0,stable_core,eligible_windows=3;selection_frequency=1.000;direction_agreement=1.000;direction_adjusted_validation_positive_ratio=1.000;worst_development_degradation=-0.029878578163092473;upstream_fdr_pass=True
split_002,ta_momentum_roc,3,3,2,0.6666666666666666,-1,1.0,1.0,-0.049035109291891726,-0.03150882077457319,0.020017050842658334,-0.017526288517318536,True,0.0032131330208253,1.0,1.0,stable_core,eligible_windows=3;selection_frequency=0.667;direction_agreement=1.000;direction_adjusted_validation_positive_ratio=1.000;worst_development_degradation=-0.017526288517318536;upstream_fdr_pass=True
split_002,ta_momentum_rsi,3,3,3,1.0,-1,1.0,1.0,-0.0669213140918805,-0.0587037940615908,-0.013426383249856344,-0.015098149340853358,True,0.004396918870603,1.0,1.0,stable_core,eligible_windows=3;selection_frequency=1.000;direction_agreement=1.000;direction_adjusted_validation_positive_ratio=1.000;worst_development_degradation=-0.015098149340853358;upstream_fdr_pass=True
split_002,ta_momentum_stoch,3,3,2,0.6666666666666666,-1,1.0,1.0,-0.02954483423416398,-0.048859116108454996,0.0448279217592298,0.01838203865741537,True,0.0276741891648723,1.0,1.0,stable_core,eligible_windows=3;selection_frequency=0.667;direction_agreement=1.000;direction_adjusted_validation_positive_ratio=1.000;worst_development_degradation=0.01838203865741537;upstream_fdr_pass=True
split_002,ta_momentum_stoch_rsi,3,3,0,0.0,1,0.6666666666666666,0.6666666666666666,0.005048451493163076,-0.04077116733194071,,,False,0.8604391070351736,1.0,1.0,holdout,eligible_windows=3;selection_frequency=0.000;direction_agreement=0.667;direction_adjusted_validation_positive_ratio=0.667;worst_development_degradation=nan;upstream_fdr_pass=False
split_002,ta_momentum_stoch_rsi_d,3,3,0,0.0,1,0.6666666666666666,0.6666666666666666,0.008073013864189708,-0.048690217897490555,,,False,0.9539006720416016,1.0,1.0,holdout,eligible_windows=3;selection_frequency=0.000;direction_agreement=0.667;direction_adjusted_validation_positive_ratio=0.667;worst_development_degradation=nan;upstream_fdr_pass=False
split_002,ta_momentum_stoch_rsi_k,3,3,0,0.0,1,1.0,0.3333333333333333,0.007818320682728835,-0.04538149014366889,,,False,0.973026973026973,1.0,1.0,holdout,eligible_windows=3;selection_frequency=0.000;direction_agreement=1.000;direction_adjusted_validation_positive_ratio=0.333;worst_development_degradation=nan;upstream_fdr_pass=False
split_002,ta_momentum_stoch_signal,3,3,2,0.6666666666666666,-1,1.0,1.0,-0.03212593339730331,-0.04892674317809991,0.04465409115977429,0.016326454406198912,True,0.0326679430549084,1.0,1.0,stable_core,eligible_windows=3;selection_frequency=0.667;direction_agreement=1.000;direction_adjusted_validation_positive_ratio=1.000;worst_development_degradation=0.016326454406198912;upstream_fdr_pass=True
split_002,ta_momentum_tsi,3,3,3,1.0,-1,1.0,1.0,-0.08531092265955513,-0.033617393814886105,-0.04228110104006997,-0.0811620578001495,True,0.0032131330208253,1.0,1.0,conditional_signal,eligible_windows=3;selection_frequency=1.000;direction_agreement=1.000;direction_adjusted_validation_positive_ratio=1.000;worst_development_degradation=-0.0811620578001495;upstream_fdr_pass=True
split_002,ta_momentum_uo,3,3,2,0.6666666666666666,-1,1.0,0.6666666666666666,-0.03944985265957281,-0.06857172658488504,0.044802957018877765,0.03119282227651602,True,0.0070166054418022,1.0,1.0,stable_core,eligible_windows=3;selection_frequency=0.667;direction_agreement=1.000;direction_adjusted_validation_positive_ratio=0.667;worst_development_degradation=0.03119282227651602;upstream_fdr_pass=True
split_002,ta_momentum_wr,3,3,2,0.6666666666666666,-1,1.0,1.0,-0.02954483423416398,-0.048859116108454996,0.0448279217592298,0.01838203865741537,True,0.0266211775645737,1.0,1.0,stable_core,eligible_windows=3;selection_frequency=0.667;direction_agreement=1.000;direction_adjusted_validation_positive_ratio=1.000;worst_development_degradation=0.01838203865741537;upstream_fdr_pass=True
split_002,ta_trend_adx,3,3,0,0.0,-1,0.6666666666666666,0.6666666666666666,-0.002073826329013088,-0.014788624501909325,,,False,0.8443155018497485,1.0,1.0,holdout,eligible_windows=3;selection_frequency=0.000;direction_agreement=0.667;direction_adjusted_validation_positive_ratio=0.667;worst_development_degradation=nan;upstream_fdr_pass=False
split_002,ta_trend_adx_neg,3,3,3,1.0,1,1.0,1.0,0.06251187349795209,0.06175177210714242,-0.0007601013908096685,-0.04762501265421031,True,0.004396918870603,1.0,1.0,conditional_signal,eligible_windows=3;selection_frequency=1.000;direction_agreement=1.000;direction_adjusted_validation_positive_ratio=1.000;worst_development_degradation=-0.04762501265421031;upstream_fdr_pass=True
split_002,ta_trend_adx_pos,3,3,2,0.6666666666666666,-1,1.0,0.6666666666666666,-0.06697920710635343,-0.05925372573765231,0.030093543450743908,-0.007725481368701118,True,0.0032131330208253,1.0,1.0,stable_core,eligible_windows=3;selection_frequency=0.667;direction_agreement=1.000;direction_adjusted_validation_positive_ratio=0.667;worst_development_degradation=-0.007725481368701118;upstream_fdr_pass=True
split_002,ta_trend_aroon_down,3,3,2,0.6666666666666666,1,1.0,0.6666666666666666,0.0560065821589111,0.042183583340640554,-0.000648717181254057,-0.013822998818270545,True,0.0032131330208253,1.0,1.0,stable_core,eligible_windows=3;selection_frequency=0.667;direction_agreement=1.000;direction_adjusted_validation_positive_ratio=0.667;worst_development_degradation=-0.013822998818270545;upstream_fdr_pass=True
split_002,ta_trend_aroon_ind,3,3,3,1.0,-1,1.0,1.0,-0.06904166068227525,-0.04584952317659702,-0.021201001431636064,-0.023632768006508792,True,0.004396918870603,1.0,1.0,stable_core,eligible_windows=3;selection_frequency=1.000;direction_agreement=1.000;direction_adjusted_validation_positive_ratio=1.000;worst_development_degradation=-0.023632768006508792;upstream_fdr_pass=True
split_002,ta_trend_aroon_up,3,3,3,1.0,-1,1.0,1.0,-0.06468310826115677,-0.03390194635777266,-0.034674695661165156,-0.041443341362350644,True,0.0032131330208253,1.0,1.0,conditional_signal,eligible_windows=3;selection_frequency=1.000;direction_agreement=1.000;direction_adjusted_validation_positive_ratio=1.000;worst_development_degradation=-0.041443341362350644;upstream_fdr_pass=True
split_002,ta_trend_cci,3,3,3,1.0,-1,1.0,1.0,-0.04666861590425854,-0.04285629025325642,-0.003311509201414972,-0.010244644498322977,True,0.0057285571571285,1.0,1.0,stable_core,eligible_windows=3;selection_frequency=1.000;direction_agreement=1.000;direction_adjusted_validation_positive_ratio=1.000;worst_development_degradation=-0.010244644498322977;upstream_fdr_pass=True
split_002,ta_trend_dpo,3,3,3,1.0,1,1.0,1.0,0.015901054177016,0.02833538837893404,0.010411010186982123,0.009914985307404835,True,0.0164466406077144,1.0,1.0,stable_core,eligible_windows=3;selection_frequency=1.000;direction_agreement=1.000;direction_adjusted_validation_positive_ratio=1.000;worst_development_degradation=0.009914985307404835;upstream_fdr_pass=True
split_002,ta_trend_ema_fast,3,3,0,0.0,-1,1.0,0.6666666666666666,-0.034559659274868926,-0.052859292740471055,,,False,0.1131949131949132,1.0,1.0,holdout,eligible_windows=3;selection_frequency=0.000;direction_agreement=1.000;direction_adjusted_validation_positive_ratio=0.667;worst_development_degradation=nan;upstream_fdr_pass=False
split_002,ta_trend_ema_slow,3,3,0,0.0,-1,1.0,0.6666666666666666,-0.031671644889156164,-0.05147359204441056,,,False,0.1774535809018567,1.0,1.0,holdout,eligible_windows=3;selection_frequency=0.000;direction_agreement=1.000;direction_adjusted_validation_positive_ratio=0.667;worst_development_degradation=nan;upstream_fdr_pass=False
split_002,ta_trend_ichimoku_a,3,3,0,0.0,-1,1.0,0.6666666666666666,-0.033570268117874884,-0.05244089685823268,,,False,0.1443123248432982,1.0,1.0,holdout,eligible_windows=3;selection_frequency=0.000;direction_agreement=1.000;direction_adjusted_validation_positive_ratio=0.667;worst_development_degradation=nan;upstream_fdr_pass=False
split_002,ta_trend_ichimoku_b,3,3,0,0.0,-1,1.0,0.6666666666666666,-0.02849783223117069,-0.052565850688846005,,,False,0.2352800260963526,1.0,1.0,holdout,eligible_windows=3;selection_frequency=0.000;direction_agreement=1.000;direction_adjusted_validation_positive_ratio=0.667;worst_development_degradation=nan;upstream_fdr_pass=False
split_002,ta_trend_ichimoku_base,3,3,0,0.0,-1,1.0,0.6666666666666666,-0.031828859057285,-0.05087418681805236,,,False,0.1717241092241092,1.0,1.0,holdout,eligible_windows=3;selection_frequency=0.000;direction_agreement=1.000;direction_adjusted_validation_positive_ratio=0.667;worst_development_degradation=nan;upstream_fdr_pass=False
split_002,ta_trend_ichimoku_conv,3,3,0,0.0,-1,1.0,0.6666666666666666,-0.03586713153116634,-0.05402673252457533,,,False,0.1008573244936881,1.0,1.0,holdout,eligible_windows=3;selection_frequency=0.000;direction_agreement=1.000;direction_adjusted_validation_positive_ratio=0.667;worst_development_degradation=nan;upstream_fdr_pass=False
split_002,ta_trend_kst,3,3,3,1.0,-1,1.0,1.0,-0.09374445275256699,-0.024754507503865528,-0.0626731950365165,-0.09556189667377069,True,0.0032131330208253,1.0,1.0,conditional_signal,eligible_windows=3;selection_frequency=1.000;direction_agreement=1.000;direction_adjusted_validation_positive_ratio=1.000;worst_development_degradation=-0.09556189667377069;upstream_fdr_pass=True
split_002,ta_trend_kst_diff,3,3,0,0.0,-1,1.0,0.6666666666666666,-0.0145533022357948,-0.025241138957871407,,,False,0.2540111915111915,1.0,1.0,holdout,eligible_windows=3;selection_frequency=0.000;direction_agreement=1.000;direction_adjusted_validation_positive_ratio=0.667;worst_development_degradation=nan;upstream_fdr_pass=False
split_002,ta_trend_kst_sig,3,3,2,0.6666666666666666,-1,1.0,0.6666666666666666,-0.08960236565178749,-0.021911405540605895,-0.016263944774439505,-0.06059332003264401,True,0.0032131330208253,1.0,1.0,conditional_signal,eligible_windows=3;selection_frequency=0.667;direction_agreement=1.000;direction_adjusted_validation_positive_ratio=0.667;worst_development_degradation=-0.06059332003264401;upstream_fdr_pass=True
split_002,ta_trend_macd,3,3,3,1.0,-1,1.0,1.0,-0.07596636719598178,-0.052822735797820944,-0.014194906957552808,-0.0670558464591792,True,0.004396918870603,1.0,1.0,conditional_signal,eligible_windows=3;selection_frequency=1.000;direction_agreement=1.000;direction_adjusted_validation_positive_ratio=1.000;worst_development_degradation=-0.0670558464591792;upstream_fdr_pass=True
split_002,ta_trend_macd_diff,3,3,0,0.0,-1,0.6666666666666666,0.3333333333333333,-0.0049281464830233015,-0.0592276862638423,,,False,0.3461392028167273,1.0,1.0,holdout,eligible_windows=3;selection_frequency=0.000;direction_agreement=0.667;direction_adjusted_validation_positive_ratio=0.333;worst_development_degradation=nan;upstream_fdr_pass=False
split_002,ta_trend_macd_signal,3,3,2,0.6666666666666666,-1,1.0,0.6666666666666666,-0.0796655737010341,-0.030756734108158396,-0.0167624513931049,-0.03824535982185201,True,0.0032131330208253,1.0,1.0,conditional_signal,eligible_windows=3;selection_frequency=0.667;direction_agreement=1.000;direction_adjusted_validation_positive_ratio=0.667;worst_development_degradation=-0.03824535982185201;upstream_fdr_pass=True
split_002,ta_trend_mass_index,3,3,3,1.0,-1,1.0,1.0,-0.054467208971061075,-0.04037406896731641,-0.014093140003744668,-0.038631272129417,True,0.0164466406077144,1.0,1.0,conditional_signal,eligible_windows=3;selection_frequency=1.000;direction_agreement=1.000;direction_adjusted_validation_positive_ratio=1.000;worst_development_degradation=-0.038631272129417;upstream_fdr_pass=True
split_002,ta_trend_psar_down,3,2,0,0.0,-1,1.0,1.0,-0.04019419989780398,-0.07614399390910408,,,False,0.0545047185823884,1.0,1.0,holdout,eligible_windows=2;selection_frequency=0.000;direction_agreement=1.000;direction_adjusted_validation_positive_ratio=1.000;worst_development_degradation=nan;upstream_fdr_pass=False
split_002,ta_trend_psar_down_indicator,3,2,0,0.0,-1,1.0,1.0,-0.0054874790819583645,-0.0011641356082114046,,,True,0.0361622345590281,0.9978902953586498,0.9992,monitor,eligible_windows=2;selection_frequency=0.000;direction_agreement=1.000;direction_adjusted_validation_positive_ratio=1.000;worst_development_degradation=nan;upstream_fdr_pass=True
split_002,ta_trend_psar_up,3,3,0,0.0,-1,1.0,0.6666666666666666,-0.026136751885566672,-0.020428557436237567,,,False,0.5410303981732553,0.9978902953586498,0.9993654822335025,holdout,eligible_windows=3;selection_frequency=0.000;direction_agreement=1.000;direction_adjusted_validation_positive_ratio=0.667;worst_development_degradation=nan;upstream_fdr_pass=False
split_002,ta_trend_psar_up_indicator,3,2,1,0.5,-1,1.0,1.0,-0.0032064988382826043,-0.007418200774681425,0.009143021633369667,0.009143021633369667,True,0.0266211775645737,1.0,1.0,monitor,eligible_windows=2;selection_frequency=0.500;direction_agreement=1.000;direction_adjusted_validation_positive_ratio=1.000;worst_development_degradation=0.009143021633369667;upstream_fdr_pass=True
split_002,ta_trend_sma_fast,3,3,0,0.0,-1,1.0,0.6666666666666666,-0.03463261424490121,-0.05313330156044195,,,False,0.1123957416904975,1.0,1.0,holdout,eligible_windows=3;selection_frequency=0.000;direction_agreement=1.000;direction_adjusted_validation_positive_ratio=0.667;worst_development_degradation=nan;upstream_fdr_pass=False
split_002,ta_trend_sma_slow,3,3,0,0.0,-1,1.0,0.6666666666666666,-0.030887414892683884,-0.05023278932420248,,,False,0.2086387026352721,1.0,1.0,holdout,eligible_windows=3;selection_frequency=0.000;direction_agreement=1.000;direction_adjusted_validation_positive_ratio=0.667;worst_development_degradation=nan;upstream_fdr_pass=False
split_002,ta_trend_stc,3,3,0,0.0,-1,1.0,0.3333333333333333,-0.014450464786924126,0.0016951239190063998,,,False,0.2771676484051066,1.0,1.0,holdout,eligible_windows=3;selection_frequency=0.000;direction_agreement=1.000;direction_adjusted_validation_positive_ratio=0.333;worst_development_degradation=nan;upstream_fdr_pass=False
split_002,ta_trend_trix,3,3,2,0.6666666666666666,-1,1.0,0.6666666666666666,-0.09351619803003525,-0.02671117657776617,-0.02867754228090858,-0.057961405240399125,True,0.0032131330208253,1.0,1.0,conditional_signal,eligible_windows=3;selection_frequency=0.667;direction_agreement=1.000;direction_adjusted_validation_positive_ratio=0.667;worst_development_degradation=-0.057961405240399125;upstream_fdr_pass=True
split_002,ta_trend_vortex_ind_diff,3,3,3,1.0,-1,1.0,1.0,-0.045637878249999264,-0.060532250283461465,0.016370606509904163,-0.020174347978384428,True,0.0097566666909732,1.0,1.0,stable_core,eligible_windows=3;selection_frequency=1.000;direction_agreement=1.000;direction_adjusted_validation_positive_ratio=1.000;worst_development_degradation=-0.020174347978384428;upstream_fdr_pass=True
split_002,ta_trend_vortex_ind_neg,3,3,3,1.0,1,1.0,1.0,0.047613417340758385,0.053778569748381966,0.007332870268420874,-0.022907378822423413,True,0.0057285571571285,1.0,1.0,stable_core,eligible_windows=3;selection_frequency=1.000;direction_agreement=1.000;direction_adjusted_validation_positive_ratio=1.000;worst_development_degradation=-0.022907378822423413;upstream_fdr_pass=True
split_002,ta_trend_vortex_ind_pos,3,3,3,1.0,-1,1.0,1.0,-0.04185956031012997,-0.06037985815868856,0.020029402786132293,-0.01553730635302042,True,0.0313706701461803,1.0,1.0,stable_core,eligible_windows=3;selection_frequency=1.000;direction_agreement=1.000;direction_adjusted_validation_positive_ratio=1.000;worst_development_degradation=-0.01553730635302042;upstream_fdr_pass=True
split_002,ta_volatility_atr,3,3,3,1.0,-1,1.0,1.0,-0.06342918457983922,-0.0787814106850203,0.010375085872586107,-0.004688974708851039,True,0.0032131330208253,1.0,1.0,stable_core,eligible_windows=3;selection_frequency=1.000;direction_agreement=1.000;direction_adjusted_validation_positive_ratio=1.000;worst_development_degradation=-0.004688974708851039;upstream_fdr_pass=True
split_002,ta_volatility_bbh,3,3,0,0.0,-1,1.0,0.6666666666666666,-0.034875098923565044,-0.05019299935900885,,,False,0.0975666669097326,1.0,1.0,holdout,eligible_windows=3;selection_frequency=0.000;direction_agreement=1.000;direction_adjusted_validation_positive_ratio=0.667;worst_development_degradation=nan;upstream_fdr_pass=False
split_002,ta_volatility_bbhi,3,3,3,1.0,-1,1.0,1.0,-0.027476839483073882,-0.03167139687981034,0.0026051315765106414,-0.003729668554356521,True,0.0032131330208253,1.0,1.0,stable_core,eligible_windows=3;selection_frequency=1.000;direction_agreement=1.000;direction_adjusted_validation_positive_ratio=1.000;worst_development_degradation=-0.003729668554356521;upstream_fdr_pass=True
split_002,ta_volatility_bbl,3,3,0,0.0,-1,1.0,0.6666666666666666,-0.029185127500600674,-0.052290873946960505,,,False,0.2590345895715023,1.0,1.0,holdout,eligible_windows=3;selection_frequency=0.000;direction_agreement=1.000;direction_adjusted_validation_positive_ratio=0.667;worst_development_degradation=nan;upstream_fdr_pass=False
split_002,ta_volatility_bbm,3,3,0,0.0,-1,1.0,0.6666666666666666,-0.03253463334844423,-0.05096464042176809,,,False,0.1691240696476298,1.0,1.0,holdout,eligible_windows=3;selection_frequency=0.000;direction_agreement=1.000;direction_adjusted_validation_positive_ratio=0.667;worst_development_degradation=nan;upstream_fdr_pass=False
split_002,ta_volatility_bbp,3,3,3,1.0,-1,1.0,1.0,-0.045074035555580906,-0.048777452334328716,0.003946509003309298,-0.011171785552718902,True,0.004396918870603,1.0,1.0,stable_core,eligible_windows=3;selection_frequency=1.000;direction_agreement=1.000;direction_adjusted_validation_positive_ratio=1.000;worst_development_degradation=-0.011171785552718902;upstream_fdr_pass=True
split_002,ta_volatility_bbw,3,3,2,0.6666666666666666,-1,1.0,0.6666666666666666,-0.0643840144386838,-0.025212800608505115,0.03420974175184412,-0.022999940034405225,True,0.0057285571571285,1.0,1.0,stable_core,eligible_windows=3;selection_frequency=0.667;direction_agreement=1.000;direction_adjusted_validation_positive_ratio=0.667;worst_development_degradation=-0.022999940034405225;upstream_fdr_pass=True
split_002,ta_volatility_dch,3,3,0,0.0,-1,1.0,0.6666666666666666,-0.03603023409957789,-0.051108579380565046,,,False,0.0775965607426281,1.0,1.0,holdout,eligible_windows=3;selection_frequency=0.000;direction_agreement=1.000;direction_adjusted_validation_positive_ratio=0.667;worst_development_degradation=nan;upstream_fdr_pass=False
split_002,ta_volatility_dcl,3,3,0,0.0,-1,1.0,0.6666666666666666,-0.029857420322642887,-0.051723287665910264,,,False,0.2345422890567694,1.0,1.0,holdout,eligible_windows=3;selection_frequency=0.000;direction_agreement=1.000;direction_adjusted_validation_positive_ratio=0.667;worst_development_degradation=nan;upstream_fdr_pass=False
split_002,ta_volatility_dcm,3,3,0,0.0,-1,1.0,0.6666666666666666,-0.033433398749533605,-0.05126673764039395,,,False,0.16007244503748,1.0,1.0,holdout,eligible_windows=3;selection_frequency=0.000;direction_agreement=1.000;direction_adjusted_validation_positive_ratio=0.667;worst_development_degradation=nan;upstream_fdr_pass=False
split_002,ta_volatility_dcp,3,3,2,0.6666666666666666,-1,1.0,1.0,-0.03907964252403933,-0.05782172165885735,0.04026734108309952,0.019348941606650315,True,0.0138594124769239,1.0,1.0,stable_core,eligible_windows=3;selection_frequency=0.667;direction_agreement=1.000;direction_adjusted_validation_positive_ratio=1.000;worst_development_degradation=0.019348941606650315;upstream_fdr_pass=True
split_002,ta_volatility_dcw,3,3,2,0.6666666666666666,-1,1.0,0.6666666666666666,-0.07694773880440262,-0.02819533596120191,0.04455775166649101,-0.032558133383908096,True,0.0032131330208253,1.0,1.0,conditional_signal,eligible_windows=3;selection_frequency=0.667;direction_agreement=1.000;direction_adjusted_validation_positive_ratio=0.667;worst_development_degradation=-0.032558133383908096;upstream_fdr_pass=True
split_002,ta_volatility_kcc,3,3,0,0.0,-1,1.0,0.6666666666666666,-0.03498805146547083,-0.053693234157142375,,,False,0.1141933605962383,1.0,1.0,holdout,eligible_windows=3;selection_frequency=0.000;direction_agreement=1.000;direction_adjusted_validation_positive_ratio=0.667;worst_development_degradation=nan;upstream_fdr_pass=False
split_002,ta_volatility_kch,3,3,0,0.0,-1,1.0,0.6666666666666666,-0.03653292980353569,-0.053172222602165885,,,False,0.0861569369856662,1.0,1.0,holdout,eligible_windows=3;selection_frequency=0.000;direction_agreement=1.000;direction_adjusted_validation_positive_ratio=0.667;worst_development_degradation=nan;upstream_fdr_pass=False
split_002,ta_volatility_kcl,3,3,0,0.0,-1,1.0,0.6666666666666666,-0.03312914569303057,-0.05203137496842626,,,False,0.1717241092241092,1.0,1.0,holdout,eligible_windows=3;selection_frequency=0.000;direction_agreement=1.000;direction_adjusted_validation_positive_ratio=0.667;worst_development_degradation=nan;upstream_fdr_pass=False
split_002,ta_volatility_kcli,3,2,2,1.0,1,1.0,1.0,0.016685028702979218,0.019795722962111816,0.03363788242628369,0.003110694259132598,True,0.0457761416665526,1.0,1.0,monitor,eligible_windows=2;selection_frequency=1.000;direction_agreement=1.000;direction_adjusted_validation_positive_ratio=1.000;worst_development_degradation=0.003110694259132598;upstream_fdr_pass=True
split_002,ta_volatility_kcp,3,3,3,1.0,-1,1.0,1.0,-0.027691788055723494,-0.042786276958937115,0.01338964760539647,-0.004219725395526994,True,0.0177826607981818,1.0,1.0,stable_core,eligible_windows=3;selection_frequency=1.000;direction_agreement=1.000;direction_adjusted_validation_positive_ratio=1.000;worst_development_degradation=-0.004219725395526994;upstream_fdr_pass=True
split_002,ta_volatility_kcw,3,3,2,0.6666666666666666,-1,1.0,0.6666666666666666,-0.10740789879980141,-0.049805610225394335,0.05634632043610607,-0.04482686395216446,True,0.0032131330208253,1.0,1.0,conditional_signal,eligible_windows=3;selection_frequency=0.667;direction_agreement=1.000;direction_adjusted_validation_positive_ratio=0.667;worst_development_degradation=-0.04482686395216446;upstream_fdr_pass=True
split_002,ta_volatility_ui,3,3,0,0.0,-1,0.6666666666666666,0.6666666666666666,-0.007073683852089186,0.022702254278862712,,,False,0.29925298582015,1.0,1.0,holdout,eligible_windows=3;selection_frequency=0.000;direction_agreement=0.667;direction_adjusted_validation_positive_ratio=0.667;worst_development_degradation=nan;upstream_fdr_pass=False
split_002,ta_volume_adi,3,3,0,0.0,-1,1.0,0.6666666666666666,-0.01751070054451531,-0.03740586865429304,,,False,0.6390463996097799,1.0,1.0,holdout,eligible_windows=3;selection_frequency=0.000;direction_agreement=1.000;direction_adjusted_validation_positive_ratio=0.667;worst_development_degradation=nan;upstream_fdr_pass=False
split_002,ta_volume_cmf,3,3,2,0.6666666666666666,-1,1.0,0.6666666666666666,-0.05403344650553613,-0.07107703423460973,0.020801927592498194,0.017841793751632584,True,0.0032131330208253,1.0,1.0,stable_core,eligible_windows=3;selection_frequency=0.667;direction_agreement=1.000;direction_adjusted_validation_positive_ratio=0.667;worst_development_degradation=0.017841793751632584;upstream_fdr_pass=True
split_002,ta_volume_em,3,3,2,0.6666666666666666,-1,1.0,1.0,-0.01070762626353594,-0.02284018658008636,0.012908313237970398,0.01213256031655042,True,0.0351042896497441,1.0,1.0,stable_core,eligible_windows=3;selection_frequency=0.667;direction_agreement=1.000;direction_adjusted_validation_positive_ratio=1.000;worst_development_degradation=0.01213256031655042;upstream_fdr_pass=True
split_002,ta_volume_fi,3,3,3,1.0,-1,1.0,1.0,-0.06164795283244963,-0.07368850297300197,0.012040550140552345,-0.03461264528907779,True,0.0032131330208253,1.0,1.0,conditional_signal,eligible_windows=3;selection_frequency=1.000;direction_agreement=1.000;direction_adjusted_validation_positive_ratio=1.000;worst_development_degradation=-0.03461264528907779;upstream_fdr_pass=True
split_002,ta_volume_mfi,3,3,3,1.0,-1,1.0,1.0,-0.03693941607432109,-0.04554986740503577,0.008622371051617748,-0.020972997358803213,True,0.0216522138768359,1.0,1.0,stable_core,eligible_windows=3;selection_frequency=1.000;direction_agreement=1.000;direction_adjusted_validation_positive_ratio=1.000;worst_development_degradation=-0.020972997358803213;upstream_fdr_pass=True
split_002,ta_volume_obv,3,3,0,0.0,-1,1.0,0.0,-0.017178469314361577,0.04089838789419403,,,False,0.4559244928426309,1.0,1.0,holdout,eligible_windows=3;selection_frequency=0.000;direction_agreement=1.000;direction_adjusted_validation_positive_ratio=0.000;worst_development_degradation=nan;upstream_fdr_pass=False
split_002,ta_volume_sma_em,3,3,3,1.0,-1,1.0,1.0,-0.03748663489241997,-0.04734377610327267,0.007770596741175154,-0.023272103671180166,True,0.0057285571571285,1.0,1.0,stable_core,eligible_windows=3;selection_frequency=1.000;direction_agreement=1.000;direction_adjusted_validation_positive_ratio=1.000;worst_development_degradation=-0.023272103671180166;upstream_fdr_pass=True
split_002,ta_volume_vwap,3,3,0,0.0,-1,1.0,0.6666666666666666,-0.034755763402275236,-0.05219010099316364,,,False,0.1131949131949132,1.0,1.0,holdout,eligible_windows=3;selection_frequency=0.000;direction_agreement=1.000;direction_adjusted_validation_positive_ratio=0.667;worst_development_degradation=nan;upstream_fdr_pass=False
split_002,volume_ratio_5_20,3,3,0,0.0,-1,1.0,0.6666666666666666,-0.01246573987970058,-0.04414638795213714,,,False,0.1494333131657075,1.0,1.0,holdout,eligible_windows=3;selection_frequency=0.000;direction_agreement=1.000;direction_adjusted_validation_positive_ratio=0.667;worst_development_degradation=nan;upstream_fdr_pass=False
split_003,alpha158_BETA10,3,3,2,0.6666666666666666,-1,1.0,0.6666666666666666,-0.03055711400264767,-0.01680761391605537,0.022953528150039763,-0.01170653059697735,True,0.0044162885572577,1.0,1.0,stable_core,eligible_windows=3;selection_frequency=0.667;direction_agreement=1.000;direction_adjusted_validation_positive_ratio=0.667;worst_development_degradation=-0.01170653059697735;upstream_fdr_pass=True
split_003,alpha158_BETA20,3,3,2,0.6666666666666666,-1,1.0,0.6666666666666666,-0.05663097416559632,-0.014870637318227728,0.034849133351447674,-0.04268478496723348,True,0.0032208755100321,1.0,1.0,conditional_signal,eligible_windows=3;selection_frequency=0.667;direction_agreement=1.000;direction_adjusted_validation_positive_ratio=0.667;worst_development_degradation=-0.04268478496723348;upstream_fdr_pass=True
split_003,alpha158_BETA30,3,3,2,0.6666666666666666,-1,1.0,0.6666666666666666,-0.07185086788061815,-0.042914538854392933,0.04991436315839082,-0.03577606547620665,True,0.0032208755100321,1.0,1.0,conditional_signal,eligible_windows=3;selection_frequency=0.667;direction_agreement=1.000;direction_adjusted_validation_positive_ratio=0.667;worst_development_degradation=-0.03577606547620665;upstream_fdr_pass=True
split_003,alpha158_BETA5,3,3,1,0.3333333333333333,-1,1.0,0.6666666666666666,-0.017791995502343443,-0.006341142300743718,0.017572244634041043,0.017572244634041043,True,0.0106507038777955,1.0,1.0,conditional_signal,eligible_windows=3;selection_frequency=0.333;direction_agreement=1.000;direction_adjusted_validation_positive_ratio=0.667;worst_development_degradation=0.017572244634041043;upstream_fdr_pass=True
split_003,alpha158_BETA60,3,3,2,0.6666666666666666,-1,1.0,0.6666666666666666,-0.06822762952633757,-0.02013354703178185,0.014063971379241227,-0.04809408249455572,True,0.0056758528096107,1.0,1.0,conditional_signal,eligible_windows=3;selection_frequency=0.667;direction_agreement=1.000;direction_adjusted_validation_positive_ratio=0.667;worst_development_degradation=-0.04809408249455572;upstream_fdr_pass=True
split_003,alpha158_CNTD10,3,3,1,0.3333333333333333,-1,1.0,0.3333333333333333,-0.016162174032411346,0.0034045835960443928,0.015083130952176598,0.015083130952176598,True,0.0405049495958586,1.0,1.0,conditional_signal,eligible_windows=3;selection_frequency=0.333;direction_agreement=1.000;direction_adjusted_validation_positive_ratio=0.333;worst_development_degradation=0.015083130952176598;upstream_fdr_pass=True
split_003,alpha158_CNTD20,3,3,1,0.3333333333333333,-1,1.0,0.3333333333333333,-0.03021973170470308,0.028012789223848516,0.06258643007169723,0.06258643007169723,True,0.0405049495958586,1.0,1.0,conditional_signal,eligible_windows=3;selection_frequency=0.333;direction_agreement=1.000;direction_adjusted_validation_positive_ratio=0.333;worst_development_degradation=0.06258643007169723;upstream_fdr_pass=True
split_003,alpha158_CNTD30,3,3,1,0.3333333333333333,-1,1.0,0.3333333333333333,-0.04216634682084879,0.030659895077052912,0.058352745767774966,0.058352745767774966,True,0.0140836175318933,1.0,1.0,conditional_signal,eligible_windows=3;selection_frequency=0.333;direction_agreement=1.000;direction_adjusted_validation_positive_ratio=0.333;worst_development_degradation=0.058352745767774966;upstream_fdr_pass=True
split_003,alpha158_CNTD5,3,3,0,0.0,-1,1.0,0.6666666666666666,-0.009881220014109779,-0.0073045906415149285,,,True,0.0438444534189215,1.0,1.0,monitor,eligible_windows=3;selection_frequency=0.000;direction_agreement=1.000;direction_adjusted_validation_positive_ratio=0.667;worst_development_degradation=nan;upstream_fdr_pass=True
split_003,alpha158_CNTD60,3,3,1,0.3333333333333333,-1,1.0,0.3333333333333333,-0.042033391421672825,0.04514170089246715,0.02086913884302022,0.02086913884302022,True,0.0492454913507545,1.0,1.0,conditional_signal,eligible_windows=3;selection_frequency=0.333;direction_agreement=1.000;direction_adjusted_validation_positive_ratio=0.333;worst_development_degradation=0.02086913884302022;upstream_fdr_pass=True
split_003,alpha158_CNTN10,3,3,0,0.0,1,1.0,0.6666666666666666,0.01149745197762926,0.001354693225473462,,,False,0.1779324571532363,1.0,1.0,holdout,eligible_windows=3;selection_frequency=0.000;direction_agreement=1.000;direction_adjusted_validation_positive_ratio=0.667;worst_development_degradation=nan;upstream_fdr_pass=False
split_003,alpha158_CNTN20,3,3,0,0.0,1,1.0,0.3333333333333333,0.020940849941388024,-0.03902657007697199,,,False,0.1305422457342323,1.0,1.0,holdout,eligible_windows=3;selection_frequency=0.000;direction_agreement=1.000;direction_adjusted_validation_positive_ratio=0.333;worst_development_degradation=nan;upstream_fdr_pass=False
split_003,alpha158_CNTN30,3,3,0,0.0,1,1.0,0.3333333333333333,0.028257163737424398,-0.045761895499540184,,,False,0.078828863444248,1.0,1.0,holdout,eligible_windows=3;selection_frequency=0.000;direction_agreement=1.000;direction_adjusted_validation_positive_ratio=0.333;worst_development_degradation=nan;upstream_fdr_pass=False
split_003,alpha158_CNTN60,3,3,0,0.0,1,1.0,0.3333333333333333,0.02398547428838595,-0.041674415248165765,,,False,0.3504794418180245,1.0,1.0,holdout,eligible_windows=3;selection_frequency=0.000;direction_agreement=1.000;direction_adjusted_validation_positive_ratio=0.333;worst_development_degradation=nan;upstream_fdr_pass=False
split_003,alpha158_CNTP10,3,3,1,0.3333333333333333,-1,1.0,0.3333333333333333,-0.02339848480339817,0.007020093421575271,0.021950189502332292,0.021950189502332292,True,0.0163621689045417,1.0,1.0,conditional_signal,eligible_windows=3;selection_frequency=0.333;direction_agreement=1.000;direction_adjusted_validation_positive_ratio=0.333;worst_development_degradation=0.021950189502332292;upstream_fdr_pass=True
split_003,alpha158_CNTP20,3,3,1,0.3333333333333333,-1,1.0,0.3333333333333333,-0.038526399348997604,0.013401435493836692,0.06607838629293071,0.06607838629293071,True,0.0082340657289322,1.0,1.0,conditional_signal,eligible_windows=3;selection_frequency=0.333;direction_agreement=1.000;direction_adjusted_validation_positive_ratio=0.333;worst_development_degradation=0.06607838629293071;upstream_fdr_pass=True
split_003,alpha158_CNTP30,3,3,1,0.3333333333333333,-1,1.0,0.3333333333333333,-0.05445677279018451,0.01157060769850349,0.05832042781770444,0.05832042781770444,True,0.00201304719377,1.0,1.0,conditional_signal,eligible_windows=3;selection_frequency=0.333;direction_agreement=1.000;direction_adjusted_validation_positive_ratio=0.333;worst_development_degradation=0.05832042781770444;upstream_fdr_pass=True
split_003,alpha158_CNTP5,3,3,1,0.3333333333333333,-1,1.0,0.6666666666666666,-0.015351396813676789,-0.006404445944337778,-0.002223282092877532,-0.002223282092877532,True,0.0056758528096107,1.0,1.0,conditional_signal,eligible_windows=3;selection_frequency=0.333;direction_agreement=1.000;direction_adjusted_validation_positive_ratio=0.667;worst_development_degradation=-0.002223282092877532;upstream_fdr_pass=True
split_003,alpha158_CNTP60,3,3,1,0.3333333333333333,-1,1.0,0.3333333333333333,-0.05735967394166876,0.040916219153499835,0.022166056967419807,0.022166056967419807,True,0.0082340657289322,1.0,1.0,conditional_signal,eligible_windows=3;selection_frequency=0.333;direction_agreement=1.000;direction_adjusted_validation_positive_ratio=0.333;worst_development_degradation=0.022166056967419807;upstream_fdr_pass=True
split_003,alpha158_CORD10,3,3,3,1.0,-1,1.0,1.0,-0.031124240513943042,-0.059549957309276313,0.027374573369470162,0.023553231084556356,True,0.00201304719377,1.0,1.0,stable_core,eligible_windows=3;selection_frequency=1.000;direction_agreement=1.000;direction_adjusted_validation_positive_ratio=1.000;worst_development_degradation=0.023553231084556356;upstream_fdr_pass=True
split_003,alpha158_CORD20,3,3,3,1.0,-1,1.0,1.0,-0.04378213944178032,-0.07651948567215863,0.03364350701105819,-0.020642585744182786,True,0.0032208755100321,1.0,1.0,stable_core,eligible_windows=3;selection_frequency=1.000;direction_agreement=1.000;direction_adjusted_validation_positive_ratio=1.000;worst_development_degradation=-0.020642585744182786;upstream_fdr_pass=True
split_003,alpha158_CORD30,3,3,2,0.6666666666666666,-1,1.0,1.0,-0.05127222870126161,-0.0944116974247217,0.04784949934583921,0.0431394687234601,True,0.0032208755100321,1.0,1.0,stable_core,eligible_windows=3;selection_frequency=0.667;direction_agreement=1.000;direction_adjusted_validation_positive_ratio=1.000;worst_development_degradation=0.0431394687234601;upstream_fdr_pass=True
split_003,alpha158_CORD5,3,3,3,1.0,-1,1.0,1.0,-0.019804202390903896,-0.03934634891860651,0.02420634493300243,0.007780428573371561,True,0.00201304719377,1.0,1.0,stable_core,eligible_windows=3;selection_frequency=1.000;direction_agreement=1.000;direction_adjusted_validation_positive_ratio=1.000;worst_development_degradation=0.007780428573371561;upstream_fdr_pass=True
split_003,alpha158_CORD60,3,3,3,1.0,-1,1.0,1.0,-0.03882236401812673,-0.09002698774318771,0.054225002070632064,-0.036007376573573495,True,0.0163621689045417,1.0,1.0,conditional_signal,eligible_windows=3;selection_frequency=1.000;direction_agreement=1.000;direction_adjusted_validation_positive_ratio=1.000;worst_development_degradation=-0.036007376573573495;upstream_fdr_pass=True
split_003,alpha158_CORR10,3,3,3,1.0,-1,1.0,1.0,-0.039458588983193044,-0.0944820632076585,0.05502347422446546,0.021671186825696166,True,0.00201304719377,1.0,1.0,stable_core,eligible_windows=3;selection_frequency=1.000;direction_agreement=1.000;direction_adjusted_validation_positive_ratio=1.000;worst_development_degradation=0.021671186825696166;upstream_fdr_pass=True
split_003,alpha158_CORR20,3,3,3,1.0,-1,1.0,1.0,-0.042378033418266,-0.07916994408084257,0.036791910662576574,0.012946060181941756,True,0.0044162885572577,1.0,1.0,stable_core,eligible_windows=3;selection_frequency=1.000;direction_agreement=1.000;direction_adjusted_validation_positive_ratio=1.000;worst_development_degradation=0.012946060181941756;upstream_fdr_pass=True
split_003,alpha158_CORR30,3,3,3,1.0,-1,1.0,1.0,-0.03257277297667574,-0.053137604765747706,0.02618389288638671,0.020564831789071966,True,0.0482422507070394,1.0,1.0,stable_core,eligible_windows=3;selection_frequency=1.000;direction_agreement=1.000;direction_adjusted_validation_positive_ratio=1.000;worst_development_degradation=0.020564831789071966;upstream_fdr_pass=True
split_003,alpha158_CORR5,3,3,3,1.0,-1,1.0,1.0,-0.028234299198194677,-0.07843665245996032,0.044602464786477884,0.02584222404783525,True,0.00201304719377,1.0,1.0,stable_core,eligible_windows=3;selection_frequency=1.000;direction_agreement=1.000;direction_adjusted_validation_positive_ratio=1.000;worst_development_degradation=0.02584222404783525;upstream_fdr_pass=True
split_003,alpha158_CORR60,3,3,0,0.0,-1,1.0,1.0,-0.004096290584708762,-0.07048428301993026,,,False,0.7715449687926752,1.0,1.0,holdout,eligible_windows=3;selection_frequency=0.000;direction_agreement=1.000;direction_adjusted_validation_positive_ratio=1.000;worst_development_degradation=nan;upstream_fdr_pass=False
split_003,alpha158_HIGH0,3,3,3,1.0,-1,1.0,1.0,-0.04395867992318163,-0.06482149372561513,0.020862813802433502,0.004762807060653754,True,0.0032208755100321,1.0,1.0,stable_core,eligible_windows=3;selection_frequency=1.000;direction_agreement=1.000;direction_adjusted_validation_positive_ratio=1.000;worst_development_degradation=0.004762807060653754;upstream_fdr_pass=True
split_003,alpha158_IMAX10,3,3,1,0.3333333333333333,-1,1.0,0.6666666666666666,-0.02133025214484885,-0.006782877149969271,0.01430698740990554,0.01430698740990554,True,0.00201304719377,1.0,1.0,conditional_signal,eligible_windows=3;selection_frequency=0.333;direction_agreement=1.000;direction_adjusted_validation_positive_ratio=0.667;worst_development_degradation=0.01430698740990554;upstream_fdr_pass=True
split_003,alpha158_IMAX20,3,3,1,0.3333333333333333,-1,1.0,0.6666666666666666,-0.0467543570323012,-0.00913468429347765,0.02933803407570948,0.02933803407570948,True,0.00201304719377,1.0,1.0,conditional_signal,eligible_windows=3;selection_frequency=0.333;direction_agreement=1.000;direction_adjusted_validation_positive_ratio=0.667;worst_development_degradation=0.02933803407570948;upstream_fdr_pass=True
split_003,alpha158_IMAX30,3,3,2,0.6666666666666666,-1,1.0,0.6666666666666666,-0.0601172762280913,-0.03949811092588106,-0.00916847646708525,-0.02548854113961551,True,0.00201304719377,1.0,1.0,stable_core,eligible_windows=3;selection_frequency=0.667;direction_agreement=1.000;direction_adjusted_validation_positive_ratio=0.667;worst_development_degradation=-0.02548854113961551;upstream_fdr_pass=True
split_003,alpha158_IMAX60,3,3,2,0.6666666666666666,-1,1.0,0.6666666666666666,-0.043576075953877545,-0.02151752100235698,0.008018543922748415,-0.022058554951520565,True,0.0140836175318933,1.0,1.0,stable_core,eligible_windows=3;selection_frequency=0.667;direction_agreement=1.000;direction_adjusted_validation_positive_ratio=0.667;worst_development_degradation=-0.022058554951520565;upstream_fdr_pass=True
split_003,alpha158_IMIN10,3,3,2,0.6666666666666666,1,1.0,1.0,0.019753420656517844,0.033751975863417175,0.02353921744227499,0.014284548829845898,True,0.0032208755100321,1.0,1.0,stable_core,eligible_windows=3;selection_frequency=0.667;direction_agreement=1.000;direction_adjusted_validation_positive_ratio=1.000;worst_development_degradation=0.014284548829845898;upstream_fdr_pass=True
split_003,alpha158_IMIN20,3,3,2,0.6666666666666666,1,1.0,0.6666666666666666,0.039490126301248145,0.018218180751202774,0.02663324668725446,-0.02127194555004537,True,0.00201304719377,1.0,1.0,stable_core,eligible_windows=3;selection_frequency=0.667;direction_agreement=1.000;direction_adjusted_validation_positive_ratio=0.667;worst_development_degradation=-0.02127194555004537;upstream_fdr_pass=True
split_003,alpha158_IMIN30,3,3,2,0.6666666666666666,1,1.0,0.6666666666666666,0.053078514603586785,0.036428889106632514,0.0442377362585777,-0.020652566925320498,True,0.006990917032758,1.0,1.0,stable_core,eligible_windows=3;selection_frequency=0.667;direction_agreement=1.000;direction_adjusted_validation_positive_ratio=0.667;worst_development_degradation=-0.020652566925320498;upstream_fdr_pass=True
split_003,alpha158_IMIN5,3,3,2,0.6666666666666666,1,1.0,0.6666666666666666,0.011068870470767824,0.016533219939790424,0.008026744596793516,-0.0008443656551452364,True,0.0044162885572577,1.0,1.0,stable_core,eligible_windows=3;selection_frequency=0.667;direction_agreement=1.000;direction_adjusted_validation_positive_ratio=0.667;worst_development_degradation=-0.0008443656551452364;upstream_fdr_pass=True
split_003,alpha158_IMIN60,3,3,1,0.3333333333333333,1,1.0,0.3333333333333333,0.07122286578687208,-0.008019995573751713,0.08032688463403019,0.08032688463403019,True,0.0044162885572577,1.0,1.0,conditional_signal,eligible_windows=3;selection_frequency=0.333;direction_agreement=1.000;direction_adjusted_validation_positive_ratio=0.333;worst_development_degradation=0.08032688463403019;upstream_fdr_pass=True
split_003,alpha158_IMXD10,3,3,2,0.6666666666666666,-1,1.0,0.6666666666666666,-0.022088466529247234,-0.022976035416396052,0.014180032447657857,0.000887568887148818,True,0.00201304719377,1.0,1.0,stable_core,eligible_windows=3;selection_frequency=0.667;direction_agreement=1.000;direction_adjusted_validation_positive_ratio=0.667;worst_development_degradation=0.000887568887148818;upstream_fdr_pass=True
split_003,alpha158_IMXD20,3,3,2,0.6666666666666666,-1,1.0,0.6666666666666666,-0.04981410048732134,-0.012573979464316636,0.005019027660222827,-0.037293050028755534,True,0.00201304719377,1.0,1.0,conditional_signal,eligible_windows=3;selection_frequency=0.667;direction_agreement=1.000;direction_adjusted_validation_positive_ratio=0.667;worst_development_degradation=-0.037293050028755534;upstream_fdr_pass=True
split_003,alpha158_IMXD30,3,3,2,0.6666666666666666,-1,1.0,0.6666666666666666,-0.0664098862917457,-0.03453657880370386,-0.0011428846497965502,-0.03727522253957447,True,0.00201304719377,1.0,1.0,conditional_signal,eligible_windows=3;selection_frequency=0.667;direction_agreement=1.000;direction_adjusted_validation_positive_ratio=0.667;worst_development_degradation=-0.03727522253957447;upstream_fdr_pass=True
split_003,alpha158_IMXD5,3,3,1,0.3333333333333333,-1,1.0,0.6666666666666666,-0.011581107435712086,-0.009871948423522152,0.011021048173852604,0.011021048173852604,True,0.0210011799660598,1.0,1.0,conditional_signal,eligible_windows=3;selection_frequency=0.333;direction_agreement=1.000;direction_adjusted_validation_positive_ratio=0.667;worst_development_degradation=0.011021048173852604;upstream_fdr_pass=True
split_003,alpha158_IMXD60,3,3,2,0.6666666666666666,-1,1.0,0.6666666666666666,-0.06773528232422875,-0.010217454006544717,0.002169457517003332,-0.05751782831768403,True,0.0044162885572577,1.0,1.0,conditional_signal,eligible_windows=3;selection_frequency=0.667;direction_agreement=1.000;direction_adjusted_validation_positive_ratio=0.667;worst_development_degradation=-0.05751782831768403;upstream_fdr_pass=True
split_003,alpha158_KLEN,3,3,3,1.0,-1,1.0,1.0,-0.079914823026463,-0.10756925512669793,0.03531142420958866,-0.005486899429412176,True,0.00201304719377,1.0,1.0,stable_core,eligible_windows=3;selection_frequency=1.000;direction_agreement=1.000;direction_adjusted_validation_positive_ratio=1.000;worst_development_degradation=-0.005486899429412176;upstream_fdr_pass=True
split_003,alpha158_KLOW,3,3,2,0.6666666666666666,-1,1.0,1.0,-0.040353242943244,-0.04056544780298711,0.019412415107883812,0.0002122048597431106,True,0.00201304719377,1.0,1.0,stable_core,eligible_windows=3;selection_frequency=0.667;direction_agreement=1.000;direction_adjusted_validation_positive_ratio=1.000;worst_development_degradation=0.0002122048597431106;upstream_fdr_pass=True
split_003,alpha158_KLOW2,3,3,0,0.0,1,1.0,0.6666666666666666,0.004170285815415773,0.011274557169233642,,,False,0.2811236382664954,1.0,1.0,holdout,eligible_windows=3;selection_frequency=0.000;direction_agreement=1.000;direction_adjusted_validation_positive_ratio=0.667;worst_development_degradation=nan;upstream_fdr_pass=False
split_003,alpha158_KMID,3,3,3,1.0,-1,1.0,1.0,-0.012074134592202464,-0.012999310525082044,0.0024660050044050773,0.0009251759328795794,True,0.0056758528096107,1.0,1.0,stable_core,eligible_windows=3;selection_frequency=1.000;direction_agreement=1.000;direction_adjusted_validation_positive_ratio=1.000;worst_development_degradation=0.0009251759328795794;upstream_fdr_pass=True
split_003,alpha158_KMID2,3,3,3,1.0,-1,1.0,1.0,-0.009453618332756722,-0.014661921647562628,0.004342678594586893,0.0023550141918766074,True,0.0140836175318933,1.0,1.0,stable_core,eligible_windows=3;selection_frequency=1.000;direction_agreement=1.000;direction_adjusted_validation_positive_ratio=1.000;worst_development_degradation=0.0023550141918766074;upstream_fdr_pass=True
split_003,alpha158_KSFT,3,3,0,0.0,-1,1.0,0.3333333333333333,-0.004899318030474389,0.009919908289213998,,,False,0.3562333892522572,1.0,1.0,holdout,eligible_windows=3;selection_frequency=0.000;direction_agreement=1.000;direction_adjusted_validation_positive_ratio=0.333;worst_development_degradation=nan;upstream_fdr_pass=False
split_003,alpha158_KSFT2,3,3,0,0.0,-1,1.0,0.3333333333333333,-0.008659790367579837,0.0008948957127446943,,,False,0.0556943056943056,1.0,1.0,holdout,eligible_windows=3;selection_frequency=0.000;direction_agreement=1.000;direction_adjusted_validation_positive_ratio=0.333;worst_development_degradation=nan;upstream_fdr_pass=False
split_003,alpha158_KUP,3,3,3,1.0,-1,1.0,1.0,-0.04190249043631364,-0.04687685927542543,0.004974368839111794,-0.0016391010947434184,True,0.00201304719377,1.0,1.0,stable_core,eligible_windows=3;selection_frequency=1.000;direction_agreement=1.000;direction_adjusted_validation_positive_ratio=1.000;worst_development_degradation=-0.0016391010947434184;upstream_fdr_pass=True
split_003,alpha158_KUP2,3,3,0,0.0,-1,1.0,0.6666666666666666,-0.002532223307193956,-0.0021490193753804154,,,False,0.3214759923620683,1.0,1.0,holdout,eligible_windows=3;selection_frequency=0.000;direction_agreement=1.000;direction_adjusted_validation_positive_ratio=0.667;worst_development_degradation=nan;upstream_fdr_pass=False
split_003,alpha158_LOW0,3,3,3,1.0,1,1.0,1.0,0.05107220058924826,0.05711123369821305,0.009872831753531333,-0.01477830542779645,True,0.00201304719377,1.0,1.0,stable_core,eligible_windows=3;selection_frequency=1.000;direction_agreement=1.000;direction_adjusted_validation_positive_ratio=1.000;worst_development_degradation=-0.01477830542779645;upstream_fdr_pass=True
split_003,alpha158_MA10,3,3,2,0.6666666666666666,1,1.0,1.0,0.02593789599457751,0.013884797500531195,0.018362833078272776,-0.00975433018201441,True,0.0044162885572577,1.0,1.0,stable_core,eligible_windows=3;selection_frequency=0.667;direction_agreement=1.000;direction_adjusted_validation_positive_ratio=1.000;worst_development_degradation=-0.00975433018201441;upstream_fdr_pass=True
split_003,alpha158_MA20,3,3,1,0.3333333333333333,1,1.0,0.6666666666666666,0.04688980419011987,0.00974150860522564,0.09447870903011771,0.09447870903011771,True,0.0044162885572577,1.0,1.0,conditional_signal,eligible_windows=3;selection_frequency=0.333;direction_agreement=1.000;direction_adjusted_validation_positive_ratio=0.667;worst_development_degradation=0.09447870903011771;upstream_fdr_pass=True
split_003,alpha158_MA30,3,3,2,0.6666666666666666,1,1.0,0.6666666666666666,0.06460496022020557,0.022728356123135375,0.04100614786445918,-0.041941028381263186,True,0.0032208755100321,1.0,1.0,conditional_signal,eligible_windows=3;selection_frequency=0.667;direction_agreement=1.000;direction_adjusted_validation_positive_ratio=0.667;worst_development_degradation=-0.041941028381263186;upstream_fdr_pass=True
split_003,alpha158_MA5,3,3,1,0.3333333333333333,1,1.0,1.0,0.014597698078856716,0.0013024088770197065,0.014632445388242852,0.014632445388242852,True,0.0129521641149548,1.0,1.0,conditional_signal,eligible_windows=3;selection_frequency=0.333;direction_agreement=1.000;direction_adjusted_validation_positive_ratio=1.000;worst_development_degradation=0.014632445388242852;upstream_fdr_pass=True
split_003,alpha158_MA60,3,3,2,0.6666666666666666,1,1.0,0.6666666666666666,0.08296339459333499,0.02262384589328964,0.04293531635530175,-0.06189666450478004,True,0.00201304719377,1.0,1.0,conditional_signal,eligible_windows=3;selection_frequency=0.667;direction_agreement=1.000;direction_adjusted_validation_positive_ratio=0.667;worst_development_degradation=-0.06189666450478004;upstream_fdr_pass=True
split_003,alpha158_MAX10,3,3,0,0.0,-1,1.0,1.0,-0.024336724122774003,-0.0672161990927195,,,False,0.1192645738100283,1.0,1.0,holdout,eligible_windows=3;selection_frequency=0.000;direction_agreement=1.000;direction_adjusted_validation_positive_ratio=1.000;worst_development_degradation=nan;upstream_fdr_pass=False
split_003,alpha158_MAX20,3,3,0,0.0,-1,1.0,0.6666666666666666,-0.008658432083602804,-0.056915572449648996,,,False,0.5837588337588336,1.0,1.0,holdout,eligible_windows=3;selection_frequency=0.000;direction_agreement=1.000;direction_adjusted_validation_positive_ratio=0.667;worst_development_degradation=nan;upstream_fdr_pass=False
split_003,alpha158_MAX30,3,3,0,0.0,1,0.6666666666666666,0.6666666666666666,0.004852357358823988,-0.034294035967393006,,,False,0.8167376430216309,1.0,1.0,holdout,eligible_windows=3;selection_frequency=0.000;direction_agreement=0.667;direction_adjusted_validation_positive_ratio=0.667;worst_development_degradation=nan;upstream_fdr_pass=False
split_003,alpha158_MAX5,3,3,3,1.0,-1,1.0,1.0,-0.03726215957330696,-0.06681783109454124,0.01926903954846034,0.011995256043360068,True,0.0174239168652576,1.0,1.0,stable_core,eligible_windows=3;selection_frequency=1.000;direction_agreement=1.000;direction_adjusted_validation_positive_ratio=1.000;worst_development_degradation=0.011995256043360068;upstream_fdr_pass=True
split_003,alpha158_MAX60,3,3,0,0.0,1,1.0,0.3333333333333333,0.017810242143799428,-0.023866740822206387,,,False,0.4173150792869102,1.0,1.0,holdout,eligible_windows=3;selection_frequency=0.000;direction_agreement=1.000;direction_adjusted_validation_positive_ratio=0.333;worst_development_degradation=nan;upstream_fdr_pass=False
split_003,alpha158_MIN10,3,3,3,1.0,1,1.0,1.0,0.06545672366529667,0.06734720351522999,0.0012384501689376992,-0.0036052831522777537,True,0.00201304719377,1.0,1.0,stable_core,eligible_windows=3;selection_frequency=1.000;direction_agreement=1.000;direction_adjusted_validation_positive_ratio=1.000;worst_development_degradation=-0.0036052831522777537;upstream_fdr_pass=True
split_003,alpha158_MIN20,3,3,3,1.0,1,1.0,1.0,0.07347626851127305,0.060285363493879286,-0.005367029956284346,-0.025244561133242194,True,0.00201304719377,1.0,1.0,stable_core,eligible_windows=3;selection_frequency=1.000;direction_agreement=1.000;direction_adjusted_validation_positive_ratio=1.000;worst_development_degradation=-0.025244561133242194;upstream_fdr_pass=True
split_003,alpha158_MIN30,3,3,3,1.0,1,1.0,1.0,0.08401897233774111,0.0630292411120981,-0.01462131008958227,-0.04912051708911394,True,0.00201304719377,1.0,1.0,conditional_signal,eligible_windows=3;selection_frequency=1.000;direction_agreement=1.000;direction_adjusted_validation_positive_ratio=1.000;worst_development_degradation=-0.04912051708911394;upstream_fdr_pass=True
split_003,alpha158_MIN5,3,3,3,1.0,1,1.0,1.0,0.060019295123813814,0.052538618762879685,0.0009227993193185319,-0.008694627281478073,True,0.00201304719377,1.0,1.0,stable_core,eligible_windows=3;selection_frequency=1.000;direction_agreement=1.000;direction_adjusted_validation_positive_ratio=1.000;worst_development_degradation=-0.008694627281478073;upstream_fdr_pass=True
split_003,alpha158_MIN60,3,3,3,1.0,1,1.0,1.0,0.09524318883704655,0.045424233383510745,-0.04502602417422583,-0.05241467329999146,True,0.00201304719377,1.0,1.0,conditional_signal,eligible_windows=3;selection_frequency=1.000;direction_agreement=1.000;direction_adjusted_validation_positive_ratio=1.000;worst_development_degradation=-0.05241467329999146;upstream_fdr_pass=True
split_003,alpha158_OPEN0,3,3,3,1.0,1,1.0,1.0,0.01207432608953079,0.013000498872346933,0.0024655898570353427,0.0009261727828161429,True,0.0082340657289322,1.0,1.0,stable_core,eligible_windows=3;selection_frequency=1.000;direction_agreement=1.000;direction_adjusted_validation_positive_ratio=1.000;worst_development_degradation=0.0009261727828161429;upstream_fdr_pass=True
split_003,alpha158_QTLD10,3,3,3,1.0,1,1.0,1.0,0.03969175722008256,0.042211997385719055,0.0025202401656364976,-0.007350964824548379,True,0.00201304719377,1.0,1.0,stable_core,eligible_windows=3;selection_frequency=1.000;direction_agreement=1.000;direction_adjusted_validation_positive_ratio=1.000;worst_development_degradation=-0.007350964824548379;upstream_fdr_pass=True
split_003,alpha158_QTLD20,3,3,3,1.0,1,1.0,1.0,0.0562121076443173,0.03724618539832651,-0.01883078724767226,-0.03806994765827102,True,0.00201304719377,1.0,1.0,conditional_signal,eligible_windows=3;selection_frequency=1.000;direction_agreement=1.000;direction_adjusted_validation_positive_ratio=1.000;worst_development_degradation=-0.03806994765827102;upstream_fdr_pass=True
split_003,alpha158_QTLD30,3,3,2,0.6666666666666666,1,1.0,0.6666666666666666,0.0711966773691507,0.04121246410931464,0.039409471119755415,-0.029984213259836058,True,0.00201304719377,1.0,1.0,stable_core,eligible_windows=3;selection_frequency=0.667;direction_agreement=1.000;direction_adjusted_validation_positive_ratio=0.667;worst_development_degradation=-0.029984213259836058;upstream_fdr_pass=True
split_003,alpha158_QTLD5,3,3,3,1.0,1,1.0,1.0,0.028744346413217565,0.027939865734959136,0.001037029941775982,-0.00241587452710474,True,0.00201304719377,1.0,1.0,stable_core,eligible_windows=3;selection_frequency=1.000;direction_agreement=1.000;direction_adjusted_validation_positive_ratio=1.000;worst_development_degradation=-0.00241587452710474;upstream_fdr_pass=True
split_003,alpha158_QTLD60,3,3,2,0.6666666666666666,1,1.0,0.6666666666666666,0.09198572696068842,0.033243803105524126,0.03738479714711293,-0.058741923855164295,True,0.00201304719377,1.0,1.0,conditional_signal,eligible_windows=3;selection_frequency=0.667;direction_agreement=1.000;direction_adjusted_validation_positive_ratio=0.667;worst_development_degradation=-0.058741923855164295;upstream_fdr_pass=True
split_003,alpha158_QTLU10,3,3,0,0.0,1,1.0,0.3333333333333333,0.010420223747192774,-0.015580488556798588,,,False,0.1741580894675357,1.0,1.0,holdout,eligible_windows=3;selection_frequency=0.000;direction_agreement=1.000;direction_adjusted_validation_positive_ratio=0.333;worst_development_degradation=nan;upstream_fdr_pass=False
split_003,alpha158_QTLU20,3,3,1,0.3333333333333333,1,1.0,0.3333333333333333,0.0313882968195578,-0.013951023324854248,0.07734387552601786,0.07734387552601786,True,0.0323966876929174,1.0,1.0,conditional_signal,eligible_windows=3;selection_frequency=0.333;direction_agreement=1.000;direction_adjusted_validation_positive_ratio=0.333;worst_development_degradation=0.07734387552601786;upstream_fdr_pass=True
split_003,alpha158_QTLU30,3,3,1,0.3333333333333333,1,1.0,0.6666666666666666,0.044842143833165794,0.004108305842321333,0.09216577052501387,0.09216577052501387,True,0.0094894963049121,1.0,1.0,conditional_signal,eligible_windows=3;selection_frequency=0.333;direction_agreement=1.000;direction_adjusted_validation_positive_ratio=0.667;worst_development_degradation=0.09216577052501387;upstream_fdr_pass=True
split_003,alpha158_QTLU5,3,3,0,0.0,-1,0.6666666666666666,1.0,-0.00030282088006810463,-0.01942360021436413,,,False,0.8149399768159223,1.0,1.0,holdout,eligible_windows=3;selection_frequency=0.000;direction_agreement=0.667;direction_adjusted_validation_positive_ratio=1.000;worst_development_degradation=nan;upstream_fdr_pass=False
split_003,alpha158_QTLU60,3,3,2,0.6666666666666666,1,1.0,0.6666666666666666,0.06373999462462351,0.011034699442068047,0.028313168584016238,-0.05768811136835428,True,0.0056758528096107,1.0,1.0,conditional_signal,eligible_windows=3;selection_frequency=0.667;direction_agreement=1.000;direction_adjusted_validation_positive_ratio=0.667;worst_development_degradation=-0.05768811136835428;upstream_fdr_pass=True
split_003,alpha158_RANK10,3,3,3,1.0,-1,1.0,1.0,-0.020152475352818593,-0.024054802433390626,0.0028997997915175475,-0.008645299481289738,True,0.0032208755100321,1.0,1.0,stable_core,eligible_windows=3;selection_frequency=1.000;direction_agreement=1.000;direction_adjusted_validation_positive_ratio=1.000;worst_development_degradation=-0.008645299481289738;upstream_fdr_pass=True
split_003,alpha158_RANK20,3,3,2,0.6666666666666666,-1,1.0,0.6666666666666666,-0.036709211813494534,-0.02132458138947741,0.005314725710203777,-0.015384630424017123,True,0.00201304719377,1.0,1.0,stable_core,eligible_windows=3;selection_frequency=0.667;direction_agreement=1.000;direction_adjusted_validation_positive_ratio=0.667;worst_development_degradation=-0.015384630424017123;upstream_fdr_pass=True
split_003,alpha158_RANK30,3,3,2,0.6666666666666666,-1,1.0,0.6666666666666666,-0.051326046214287116,-0.02839919673843158,0.013084758437612594,-0.022926849475855535,True,0.0032208755100321,1.0,1.0,stable_core,eligible_windows=3;selection_frequency=0.667;direction_agreement=1.000;direction_adjusted_validation_positive_ratio=0.667;worst_development_degradation=-0.022926849475855535;upstream_fdr_pass=True
split_003,alpha158_RANK60,3,3,2,0.6666666666666666,-1,1.0,0.6666666666666666,-0.07371216203609549,-0.024915818724859283,0.01611749394695659,-0.0487963433112362,True,0.00201304719377,1.0,1.0,conditional_signal,eligible_windows=3;selection_frequency=0.667;direction_agreement=1.000;direction_adjusted_validation_positive_ratio=0.667;worst_development_degradation=-0.0487963433112362;upstream_fdr_pass=True
split_003,alpha158_RESI10,3,3,0,0.0,-1,0.6666666666666666,0.6666666666666666,-0.001471514835313526,0.0015864299551178295,,,False,0.6281699810205204,1.0,1.0,holdout,eligible_windows=3;selection_frequency=0.000;direction_agreement=0.667;direction_adjusted_validation_positive_ratio=0.667;worst_development_degradation=nan;upstream_fdr_pass=False
split_003,alpha158_RESI20,3,3,0,0.0,1,0.6666666666666666,0.3333333333333333,0.005943849487041203,0.010123631965193983,,,False,0.8052433151067445,1.0,1.0,holdout,eligible_windows=3;selection_frequency=0.000;direction_agreement=0.667;direction_adjusted_validation_positive_ratio=0.333;worst_development_degradation=nan;upstream_fdr_pass=False
split_003,alpha158_RESI30,3,3,0,0.0,1,0.6666666666666666,0.3333333333333333,0.010732058588586845,0.014137223629260879,,,False,0.7379282279741698,1.0,1.0,holdout,eligible_windows=3;selection_frequency=0.000;direction_agreement=0.667;direction_adjusted_validation_positive_ratio=0.333;worst_development_degradation=nan;upstream_fdr_pass=False
split_003,alpha158_RESI5,3,3,0,0.0,-1,1.0,1.0,-0.0031344468563576475,-0.007807486374514583,,,False,0.2277915011033982,1.0,1.0,holdout,eligible_windows=3;selection_frequency=0.000;direction_agreement=1.000;direction_adjusted_validation_positive_ratio=1.000;worst_development_degradation=nan;upstream_fdr_pass=False
split_003,alpha158_RESI60,3,3,0,0.0,-1,1.0,0.6666666666666666,-0.02478211309959243,-0.026063939840763585,,,False,0.0610716869337558,1.0,1.0,holdout,eligible_windows=3;selection_frequency=0.000;direction_agreement=1.000;direction_adjusted_validation_positive_ratio=0.667;worst_development_degradation=nan;upstream_fdr_pass=False
split_003,alpha158_ROC10,3,3,1,0.3333333333333333,1,1.0,0.6666666666666666,0.0370095003568061,0.009857884340376547,0.06959960747185252,0.06959960747185252,True,0.0032208755100321,1.0,1.0,conditional_signal,eligible_windows=3;selection_frequency=0.333;direction_agreement=1.000;direction_adjusted_validation_positive_ratio=0.667;worst_development_degradation=0.06959960747185252;upstream_fdr_pass=True
split_003,alpha158_ROC20,3,3,2,0.6666666666666666,1,1.0,0.6666666666666666,0.0628783778783224,0.01988216026346561,0.038299305109933984,-0.04351329419716196,True,0.0044162885572577,1.0,1.0,conditional_signal,eligible_windows=3;selection_frequency=0.667;direction_agreement=1.000;direction_adjusted_validation_positive_ratio=0.667;worst_development_degradation=-0.04351329419716196;upstream_fdr_pass=True
split_003,alpha158_ROC30,3,3,2,0.6666666666666666,1,1.0,0.6666666666666666,0.07913764260197327,0.042877954775521324,0.04808038763907199,-0.04191346424537773,True,0.00201304719377,1.0,1.0,conditional_signal,eligible_windows=3;selection_frequency=0.667;direction_agreement=1.000;direction_adjusted_validation_positive_ratio=0.667;worst_development_degradation=-0.04191346424537773;upstream_fdr_pass=True
split_003,alpha158_ROC5,3,3,2,0.6666666666666666,1,1.0,0.6666666666666666,0.020625941182532068,0.014703335913840687,0.012099492349906257,-0.0032976007359388475,True,0.00201304719377,1.0,1.0,stable_core,eligible_windows=3;selection_frequency=0.667;direction_agreement=1.000;direction_adjusted_validation_positive_ratio=0.667;worst_development_degradation=-0.0032976007359388475;upstream_fdr_pass=True
split_003,alpha158_ROC60,3,3,1,0.3333333333333333,1,1.0,0.6666666666666666,0.06920576736849149,0.0007455869761897277,0.08101440932260516,0.08101440932260516,True,0.00201304719377,1.0,1.0,conditional_signal,eligible_windows=3;selection_frequency=0.333;direction_agreement=1.000;direction_adjusted_validation_positive_ratio=0.667;worst_development_degradation=0.08101440932260516;upstream_fdr_pass=True
split_003,alpha158_RSQR10,3,3,0,0.0,1,1.0,0.3333333333333333,0.008686062299610114,-0.002649504192387075,,,False,0.1779324571532363,1.0,1.0,holdout,eligible_windows=3;selection_frequency=0.000;direction_agreement=1.000;direction_adjusted_validation_positive_ratio=0.333;worst_development_degradation=nan;upstream_fdr_pass=False
split_003,alpha158_RSQR20,3,3,0,0.0,1,1.0,0.6666666666666666,0.017156702214136343,0.02670655885983198,,,False,0.1455771950821456,1.0,1.0,holdout,eligible_windows=3;selection_frequency=0.000;direction_agreement=1.000;direction_adjusted_validation_positive_ratio=0.667;worst_development_degradation=nan;upstream_fdr_pass=False
split_003,alpha158_RSQR30,3,3,2,0.6666666666666666,1,1.0,0.6666666666666666,0.027457240213188957,0.02750820098157289,0.012390302887875139,-0.004688811282955986,True,0.0185992115491187,1.0,1.0,stable_core,eligible_windows=3;selection_frequency=0.667;direction_agreement=1.000;direction_adjusted_validation_positive_ratio=0.667;worst_development_degradation=-0.004688811282955986;upstream_fdr_pass=True
split_003,alpha158_RSQR5,3,3,0,0.0,1,1.0,0.6666666666666666,0.005734118488974074,0.013112318758349357,,,False,0.4264393952381471,1.0,1.0,holdout,eligible_windows=3;selection_frequency=0.000;direction_agreement=1.000;direction_adjusted_validation_positive_ratio=0.667;worst_development_degradation=nan;upstream_fdr_pass=False
split_003,alpha158_RSQR60,3,3,0,0.0,1,0.6666666666666666,0.3333333333333333,0.008927103081961058,0.0038168393243527368,,,False,0.2412826789823595,1.0,1.0,holdout,eligible_windows=3;selection_frequency=0.000;direction_agreement=0.667;direction_adjusted_validation_positive_ratio=0.333;worst_development_degradation=nan;upstream_fdr_pass=False
split_003,alpha158_RSV10,3,3,1,0.3333333333333333,-1,1.0,0.6666666666666666,-0.016325846679633715,-0.008753000703013231,0.014389894011584043,0.014389894011584043,True,0.0140836175318933,1.0,1.0,conditional_signal,eligible_windows=3;selection_frequency=0.333;direction_agreement=1.000;direction_adjusted_validation_positive_ratio=0.667;worst_development_degradation=0.014389894011584043;upstream_fdr_pass=True
split_003,alpha158_RSV20,3,3,2,0.6666666666666666,-1,1.0,0.6666666666666666,-0.03281848329376487,-0.01075496357546182,0.01532588234477822,-0.02206351971830305,True,0.0044162885572577,1.0,1.0,stable_core,eligible_windows=3;selection_frequency=0.667;direction_agreement=1.000;direction_adjusted_validation_positive_ratio=0.667;worst_development_degradation=-0.02206351971830305;upstream_fdr_pass=True
split_003,alpha158_RSV30,3,3,2,0.6666666666666666,-1,1.0,0.6666666666666666,-0.04990438487935101,-0.020414340279259195,0.023146015335295637,-0.029490044600091816,True,0.006990917032758,1.0,1.0,stable_core,eligible_windows=3;selection_frequency=0.667;direction_agreement=1.000;direction_adjusted_validation_positive_ratio=0.667;worst_development_degradation=-0.029490044600091816;upstream_fdr_pass=True
split_003,alpha158_RSV5,3,3,0,0.0,-1,1.0,0.6666666666666666,-0.010737340654616527,-0.0007152522157856618,,,False,0.0677518357930729,1.0,1.0,holdout,eligible_windows=3;selection_frequency=0.000;direction_agreement=1.000;direction_adjusted_validation_positive_ratio=0.667;worst_development_degradation=nan;upstream_fdr_pass=False
split_003,alpha158_RSV60,3,3,2,0.6666666666666666,-1,1.0,0.6666666666666666,-0.06514191356324477,-0.011427096061766097,0.024554379730724652,-0.05371481750147867,True,0.0056758528096107,1.0,1.0,conditional_signal,eligible_windows=3;selection_frequency=0.667;direction_agreement=1.000;direction_adjusted_validation_positive_ratio=0.667;worst_development_degradation=-0.05371481750147867;upstream_fdr_pass=True
split_003,alpha158_STD10,3,3,3,1.0,-1,1.0,1.0,-0.06466539075783508,-0.10226601825503549,0.049050900689685394,-0.007978348616090584,True,0.00201304719377,1.0,1.0,stable_core,eligible_windows=3;selection_frequency=1.000;direction_agreement=1.000;direction_adjusted_validation_positive_ratio=1.000;worst_development_degradation=-0.007978348616090584;upstream_fdr_pass=True
split_003,alpha158_STD20,3,3,3,1.0,-1,1.0,1.0,-0.05957729078935821,-0.09534303668558028,0.04869609002545394,-0.04266182714231792,True,0.0032208755100321,1.0,1.0,conditional_signal,eligible_windows=3;selection_frequency=1.000;direction_agreement=1.000;direction_adjusted_validation_positive_ratio=1.000;worst_development_degradation=-0.04266182714231792;upstream_fdr_pass=True
split_003,alpha158_STD30,3,3,3,1.0,-1,1.0,1.0,-0.05126125026832706,-0.06516023338218643,0.03212786546796891,-0.034548730307186346,True,0.0163621689045417,1.0,1.0,conditional_signal,eligible_windows=3;selection_frequency=1.000;direction_agreement=1.000;direction_adjusted_validation_positive_ratio=1.000;worst_development_degradation=-0.034548730307186346;upstream_fdr_pass=True
split_003,alpha158_STD5,3,3,3,1.0,-1,1.0,1.0,-0.06458665541214721,-0.0920092403352626,0.032598042634492994,0.005655552446108131,True,0.0032208755100321,1.0,1.0,stable_core,eligible_windows=3;selection_frequency=1.000;direction_agreement=1.000;direction_adjusted_validation_positive_ratio=1.000;worst_development_degradation=0.005655552446108131;upstream_fdr_pass=True
split_003,alpha158_STD60,3,3,3,1.0,-1,1.0,1.0,-0.04488938196113876,-0.061281884969548304,0.031441166582594736,0.003937115320104871,True,0.0302139090565853,1.0,1.0,stable_core,eligible_windows=3;selection_frequency=1.000;direction_agreement=1.000;direction_adjusted_validation_positive_ratio=1.000;worst_development_degradation=0.003937115320104871;upstream_fdr_pass=True
split_003,alpha158_SUMD10,3,3,2,0.6666666666666666,-1,1.0,0.6666666666666666,-0.025391585340846855,-0.014338953301329635,0.011296662429035011,-0.01105263203951722,True,0.0032208755100321,1.0,1.0,stable_core,eligible_windows=3;selection_frequency=0.667;direction_agreement=1.000;direction_adjusted_validation_positive_ratio=0.667;worst_development_degradation=-0.01105263203951722;upstream_fdr_pass=True
split_003,alpha158_SUMD20,3,3,2,0.6666666666666666,-1,1.0,0.6666666666666666,-0.05330709106955093,-0.01781560066782884,0.026539886737688083,-0.03549149040172209,True,0.00201304719377,1.0,1.0,conditional_signal,eligible_windows=3;selection_frequency=0.667;direction_agreement=1.000;direction_adjusted_validation_positive_ratio=0.667;worst_development_degradation=-0.03549149040172209;upstream_fdr_pass=True
split_003,alpha158_SUMD30,3,3,2,0.6666666666666666,-1,1.0,0.6666666666666666,-0.07461697231263927,-0.038101615881062055,0.029681925252061665,-0.039265168595672646,True,0.00201304719377,1.0,1.0,conditional_signal,eligible_windows=3;selection_frequency=0.667;direction_agreement=1.000;direction_adjusted_validation_positive_ratio=0.667;worst_development_degradation=-0.039265168595672646;upstream_fdr_pass=True
split_003,alpha158_SUMD5,3,3,2,0.6666666666666666,-1,1.0,0.6666666666666666,-0.012406277051404808,-0.013387901027680883,0.0020323947392669236,0.0009816239762760748,True,0.0106507038777955,1.0,1.0,stable_core,eligible_windows=3;selection_frequency=0.667;direction_agreement=1.000;direction_adjusted_validation_positive_ratio=0.667;worst_development_degradation=0.0009816239762760748;upstream_fdr_pass=True
split_003,alpha158_SUMD60,3,3,1,0.3333333333333333,-1,1.0,0.6666666666666666,-0.06448814575129407,-0.00471297323143842,0.0909213345967552,0.0909213345967552,True,0.0032208755100321,1.0,1.0,conditional_signal,eligible_windows=3;selection_frequency=0.333;direction_agreement=1.000;direction_adjusted_validation_positive_ratio=0.667;worst_development_degradation=0.0909213345967552;upstream_fdr_pass=True
split_003,alpha158_SUMN10,3,3,2,0.6666666666666666,1,1.0,0.6666666666666666,0.025393138087199736,0.01433915347838395,0.011295374899096756,-0.011053984608815785,True,0.0044162885572577,1.0,1.0,stable_core,eligible_windows=3;selection_frequency=0.667;direction_agreement=1.000;direction_adjusted_validation_positive_ratio=0.667;worst_development_degradation=-0.011053984608815785;upstream_fdr_pass=True
split_003,alpha158_SUMN20,3,3,2,0.6666666666666666,1,1.0,0.6666666666666666,0.053307153588483626,0.017815536999497342,0.02653973635163212,-0.03549161658898628,True,0.0032208755100321,1.0,1.0,conditional_signal,eligible_windows=3;selection_frequency=0.667;direction_agreement=1.000;direction_adjusted_validation_positive_ratio=0.667;worst_development_degradation=-0.03549161658898628;upstream_fdr_pass=True
split_003,alpha158_SUMN30,3,3,2,0.6666666666666666,1,1.0,0.6666666666666666,0.07461694660133054,0.03810173207089668,0.02968206453603879,-0.039265009720162905,True,0.00201304719377,1.0,1.0,conditional_signal,eligible_windows=3;selection_frequency=0.667;direction_agreement=1.000;direction_adjusted_validation_positive_ratio=0.667;worst_development_degradation=-0.039265009720162905;upstream_fdr_pass=True
split_003,alpha158_SUMN5,3,3,2,0.6666666666666666,1,1.0,0.6666666666666666,0.012393045269146145,0.013387861293782926,0.0020487897240358006,0.0009948160246367813,True,0.0152761524190095,1.0,1.0,stable_core,eligible_windows=3;selection_frequency=0.667;direction_agreement=1.000;direction_adjusted_validation_positive_ratio=0.667;worst_development_degradation=0.0009948160246367813;upstream_fdr_pass=True
split_003,alpha158_SUMN60,3,3,1,0.3333333333333333,1,1.0,0.6666666666666666,0.06448814576697953,0.004712999592273077,0.09092128080209375,0.09092128080209375,True,0.0032208755100321,1.0,1.0,conditional_signal,eligible_windows=3;selection_frequency=0.333;direction_agreement=1.000;direction_adjusted_validation_positive_ratio=0.667;worst_development_degradation=0.09092128080209375;upstream_fdr_pass=True
split_003,alpha158_SUMP10,3,3,2,0.6666666666666666,-1,1.0,0.6666666666666666,-0.025390289188528366,-0.014339185375540206,0.011297872802891188,-0.01105110381298816,True,0.006990917032758,1.0,1.0,stable_core,eligible_windows=3;selection_frequency=0.667;direction_agreement=1.000;direction_adjusted_validation_positive_ratio=0.667;worst_development_degradation=-0.01105110381298816;upstream_fdr_pass=True
split_003,alpha158_SUMP20,3,3,2,0.6666666666666666,-1,1.0,0.6666666666666666,-0.05330713413308973,-0.017815552721095522,0.026539819303045872,-0.03549158141199421,True,0.0044162885572577,1.0,1.0,conditional_signal,eligible_windows=3;selection_frequency=0.667;direction_agreement=1.000;direction_adjusted_validation_positive_ratio=0.667;worst_development_degradation=-0.03549158141199421;upstream_fdr_pass=True
split_003,alpha158_SUMP30,3,3,2,0.6666666666666666,-1,1.0,0.6666666666666666,-0.0746169556181331,-0.03810173285851219,0.0296820157357726,-0.03926503699277449,True,0.00201304719377,1.0,1.0,conditional_signal,eligible_windows=3;selection_frequency=0.667;direction_agreement=1.000;direction_adjusted_validation_positive_ratio=0.667;worst_development_degradation=-0.03926503699277449;upstream_fdr_pass=True
split_003,alpha158_SUMP5,3,3,2,0.6666666666666666,-1,1.0,0.6666666666666666,-0.012416155767302888,-0.013387737279743175,0.002019275963429679,0.0009715815124402873,True,0.0140836175318933,1.0,1.0,stable_core,eligible_windows=3;selection_frequency=0.667;direction_agreement=1.000;direction_adjusted_validation_positive_ratio=0.667;worst_development_degradation=0.0009715815124402873;upstream_fdr_pass=True
split_003,alpha158_SUMP60,3,3,1,0.3333333333333333,-1,1.0,0.6666666666666666,-0.06448815003195989,-0.00471309734490327,0.09092132361728579,0.09092132361728579,True,0.0032208755100321,1.0,1.0,conditional_signal,eligible_windows=3;selection_frequency=0.333;direction_agreement=1.000;direction_adjusted_validation_positive_ratio=0.667;worst_development_degradation=0.09092132361728579;upstream_fdr_pass=True
split_003,alpha158_VMA10,3,3,0,0.0,1,1.0,0.6666666666666666,0.0035568629592512514,0.004016912372903686,,,False,0.2076370231710037,1.0,1.0,holdout,eligible_windows=3;selection_frequency=0.000;direction_agreement=1.000;direction_adjusted_validation_positive_ratio=0.667;worst_development_degradation=nan;upstream_fdr_pass=False
split_003,alpha158_VMA20,3,3,0,0.0,1,1.0,1.0,0.010736694193152329,0.015096065033951667,,,False,0.0515001635842266,1.0,1.0,holdout,eligible_windows=3;selection_frequency=0.000;direction_agreement=1.000;direction_adjusted_validation_positive_ratio=1.000;worst_development_degradation=nan;upstream_fdr_pass=False
split_003,alpha158_VMA30,3,3,2,0.6666666666666666,1,1.0,0.6666666666666666,0.020684628446790747,0.03705302719482234,0.030162448542108842,0.016368398748031594,True,0.0129521641149548,1.0,1.0,stable_core,eligible_windows=3;selection_frequency=0.667;direction_agreement=1.000;direction_adjusted_validation_positive_ratio=0.667;worst_development_degradation=0.016368398748031594;upstream_fdr_pass=True
split_003,alpha158_VMA5,3,3,0,0.0,1,1.0,0.3333333333333333,0.0028044668990486288,-0.0030054846859010526,,,False,0.234558710520249,1.0,1.0,holdout,eligible_windows=3;selection_frequency=0.000;direction_agreement=1.000;direction_adjusted_validation_positive_ratio=0.333;worst_development_degradation=nan;upstream_fdr_pass=False
split_003,alpha158_VMA60,3,3,2,0.6666666666666666,1,1.0,0.6666666666666666,0.04125100563764044,0.07160696302067868,0.0376571880425734,0.030355957383038236,True,0.00201304719377,1.0,1.0,stable_core,eligible_windows=3;selection_frequency=0.667;direction_agreement=1.000;direction_adjusted_validation_positive_ratio=0.667;worst_development_degradation=0.030355957383038236;upstream_fdr_pass=True
split_003,alpha158_VSTD10,3,3,0,0.0,-1,1.0,1.0,-0.009687216839533132,-0.012840086309589249,,,False,0.0548195260237145,1.0,1.0,holdout,eligible_windows=3;selection_frequency=0.000;direction_agreement=1.000;direction_adjusted_validation_positive_ratio=1.000;worst_development_degradation=nan;upstream_fdr_pass=False
split_003,alpha158_VSTD20,3,3,0,0.0,-1,0.6666666666666666,0.3333333333333333,-0.002572338227947011,-0.006272202062417775,,,False,0.6991303627248326,1.0,1.0,holdout,eligible_windows=3;selection_frequency=0.000;direction_agreement=0.667;direction_adjusted_validation_positive_ratio=0.333;worst_development_degradation=nan;upstream_fdr_pass=False
split_003,alpha158_VSTD30,3,3,0,0.0,1,1.0,0.6666666666666666,0.00923543836084732,0.015089222369860125,,,False,0.344707343130056,1.0,1.0,holdout,eligible_windows=3;selection_frequency=0.000;direction_agreement=1.000;direction_adjusted_validation_positive_ratio=0.667;worst_development_degradation=nan;upstream_fdr_pass=False
split_003,alpha158_VSTD5,3,3,2,0.6666666666666666,-1,1.0,1.0,-0.00757690632671948,-0.010778023471399426,0.003914813601806409,1.0710060159188975e-05,True,0.0198024198024198,1.0,1.0,stable_core,eligible_windows=3;selection_frequency=0.667;direction_agreement=1.000;direction_adjusted_validation_positive_ratio=1.000;worst_development_degradation=1.0710060159188975e-05;upstream_fdr_pass=True
split_003,alpha158_VSTD60,3,3,2,0.6666666666666666,1,1.0,0.6666666666666666,0.037651974845569945,0.050614761355708894,0.019708300532643608,0.012962786510138949,True,0.006990917032758,1.0,1.0,stable_core,eligible_windows=3;selection_frequency=0.667;direction_agreement=1.000;direction_adjusted_validation_positive_ratio=0.667;worst_development_degradation=0.012962786510138949;upstream_fdr_pass=True
split_003,alpha158_VSUMD10,3,3,2,0.6666666666666666,-1,1.0,1.0,-0.007246239316534319,-0.023616189977837643,0.01826901965976377,0.012289285375862012,True,0.0482422507070394,1.0,1.0,stable_core,eligible_windows=3;selection_frequency=0.667;direction_agreement=1.000;direction_adjusted_validation_positive_ratio=1.000;worst_development_degradation=0.012289285375862012;upstream_fdr_pass=True
split_003,alpha158_VSUMD20,3,3,2,0.6666666666666666,-1,1.0,1.0,-0.020856916702186055,-0.04194573003058353,0.03287409323596671,0.021088813328397474,True,0.0056758528096107,1.0,1.0,stable_core,eligible_windows=3;selection_frequency=0.667;direction_agreement=1.000;direction_adjusted_validation_positive_ratio=1.000;worst_development_degradation=0.021088813328397474;upstream_fdr_pass=True
split_003,alpha158_VSUMD30,3,3,2,0.6666666666666666,-1,1.0,0.6666666666666666,-0.034177252123362596,-0.05642043855097947,0.028228462426068704,0.02224318642761687,True,0.0032208755100321,1.0,1.0,stable_core,eligible_windows=3;selection_frequency=0.667;direction_agreement=1.000;direction_adjusted_validation_positive_ratio=0.667;worst_development_degradation=0.02224318642761687;upstream_fdr_pass=True
split_003,alpha158_VSUMD5,3,3,0,0.0,-1,1.0,0.6666666666666666,-0.00524571207203871,-0.003991828046764489,,,False,0.1151517401517401,1.0,1.0,holdout,eligible_windows=3;selection_frequency=0.000;direction_agreement=1.000;direction_adjusted_validation_positive_ratio=0.667;worst_development_degradation=nan;upstream_fdr_pass=False
split_003,alpha158_VSUMD60,3,3,3,1.0,-1,1.0,1.0,-0.04332587576631921,-0.059721852854072235,0.02216236534767617,-0.006984877046232622,True,0.00201304719377,1.0,1.0,stable_core,eligible_windows=3;selection_frequency=1.000;direction_agreement=1.000;direction_adjusted_validation_positive_ratio=1.000;worst_development_degradation=-0.006984877046232622;upstream_fdr_pass=True
split_003,alpha158_VSUMN10,3,3,0,0.0,1,1.0,1.0,0.0072462496668374,0.023616153821171597,,,False,0.0578141581601789,1.0,1.0,holdout,eligible_windows=3;selection_frequency=0.000;direction_agreement=1.000;direction_adjusted_validation_positive_ratio=1.000;worst_development_degradation=nan;upstream_fdr_pass=False
split_003,alpha158_VSUMN20,3,3,2,0.6666666666666666,1,1.0,1.0,0.020856924178238267,0.041945775381714394,0.03287406878405294,0.021088851203476127,True,0.0044162885572577,1.0,1.0,stable_core,eligible_windows=3;selection_frequency=0.667;direction_agreement=1.000;direction_adjusted_validation_positive_ratio=1.000;worst_development_degradation=0.021088851203476127;upstream_fdr_pass=True
split_003,alpha158_VSUMN30,3,3,2,0.6666666666666666,1,1.0,0.6666666666666666,0.03417725633020463,0.05642054485811897,0.02822849960556921,0.022243288527914337,True,0.00201304719377,1.0,1.0,stable_core,eligible_windows=3;selection_frequency=0.667;direction_agreement=1.000;direction_adjusted_validation_positive_ratio=0.667;worst_development_degradation=0.022243288527914337;upstream_fdr_pass=True
split_003,alpha158_VSUMN5,3,3,0,0.0,1,1.0,0.6666666666666666,0.0052457102143697336,0.003991761250974142,,,False,0.1121437884149748,1.0,1.0,holdout,eligible_windows=3;selection_frequency=0.000;direction_agreement=1.000;direction_adjusted_validation_positive_ratio=0.667;worst_development_degradation=nan;upstream_fdr_pass=False
split_003,alpha158_VSUMN60,3,3,3,1.0,1,1.0,1.0,0.04332586012625313,0.05972182472943575,0.022162332091892938,-0.006985131732543809,True,0.00201304719377,1.0,1.0,stable_core,eligible_windows=3;selection_frequency=1.000;direction_agreement=1.000;direction_adjusted_validation_positive_ratio=1.000;worst_development_degradation=-0.006985131732543809;upstream_fdr_pass=True
split_003,alpha158_VSUMP10,3,3,2,0.6666666666666666,-1,1.0,1.0,-0.007246243004550887,-0.023616148879596496,0.018269001887188892,0.012289238934050279,True,0.0394542845347854,1.0,1.0,stable_core,eligible_windows=3;selection_frequency=0.667;direction_agreement=1.000;direction_adjusted_validation_positive_ratio=1.000;worst_development_degradation=0.012289238934050279;upstream_fdr_pass=True
split_003,alpha158_VSUMP20,3,3,2,0.6666666666666666,-1,1.0,1.0,-0.020856922263640578,-0.0419458666434737,0.032874128841056595,0.021088944379833125,True,0.0056758528096107,1.0,1.0,stable_core,eligible_windows=3;selection_frequency=0.667;direction_agreement=1.000;direction_adjusted_validation_positive_ratio=1.000;worst_development_degradation=0.021088944379833125;upstream_fdr_pass=True
split_003,alpha158_VSUMP30,3,3,2,0.6666666666666666,-1,1.0,0.6666666666666666,-0.0341772716032027,-0.05642053882949272,0.02822848938525231,0.02224326722629002,True,0.0044162885572577,1.0,1.0,stable_core,eligible_windows=3;selection_frequency=0.667;direction_agreement=1.000;direction_adjusted_validation_positive_ratio=0.667;worst_development_degradation=0.02224326722629002;upstream_fdr_pass=True
split_003,alpha158_VSUMP5,3,3,0,0.0,-1,1.0,0.6666666666666666,-0.005245711722739251,-0.0039918418168794064,,,False,0.1278352519963258,1.0,1.0,holdout,eligible_windows=3;selection_frequency=0.000;direction_agreement=1.000;direction_adjusted_validation_positive_ratio=0.667;worst_development_degradation=nan;upstream_fdr_pass=False
split_003,alpha158_VSUMP60,3,3,3,1.0,-1,1.0,1.0,-0.04332584589762904,-0.05972178088311305,0.022162305727338627,-0.006984928965845134,True,0.00201304719377,1.0,1.0,stable_core,eligible_windows=3;selection_frequency=1.000;direction_agreement=1.000;direction_adjusted_validation_positive_ratio=1.000;worst_development_degradation=-0.006984928965845134;upstream_fdr_pass=True
split_003,alpha158_VWAP0,3,3,0,0.0,1,1.0,0.3333333333333333,0.005793786661658236,-0.006814568815646934,,,False,0.2384607392607392,1.0,1.0,holdout,eligible_windows=3;selection_frequency=0.000;direction_agreement=1.000;direction_adjusted_validation_positive_ratio=0.333;worst_development_degradation=nan;upstream_fdr_pass=False
split_003,alpha158_WVMA10,3,3,0,0.0,1,0.6666666666666666,0.3333333333333333,0.001994261731294966,0.011139967236398714,,,False,0.3304704773899087,1.0,1.0,holdout,eligible_windows=3;selection_frequency=0.000;direction_agreement=0.667;direction_adjusted_validation_positive_ratio=0.333;worst_development_degradation=nan;upstream_fdr_pass=False
split_003,alpha158_WVMA20,3,3,0,0.0,-1,0.6666666666666666,1.0,-0.005112825681739369,-0.004164938083619807,,,False,0.1689908786156747,1.0,1.0,holdout,eligible_windows=3;selection_frequency=0.000;direction_agreement=0.667;direction_adjusted_validation_positive_ratio=1.000;worst_development_degradation=nan;upstream_fdr_pass=False
split_003,alpha158_WVMA30,3,3,0,0.0,-1,0.6666666666666666,0.6666666666666666,-0.005622733192123553,0.0027893352866494373,,,False,0.5336291615361383,1.0,1.0,holdout,eligible_windows=3;selection_frequency=0.000;direction_agreement=0.667;direction_adjusted_validation_positive_ratio=0.667;worst_development_degradation=nan;upstream_fdr_pass=False
split_003,alpha158_WVMA5,3,3,0,0.0,1,0.6666666666666666,0.6666666666666666,0.0025868677955638653,0.009513790052190416,,,False,0.8225620533312842,1.0,1.0,holdout,eligible_windows=3;selection_frequency=0.000;direction_agreement=0.667;direction_adjusted_validation_positive_ratio=0.667;worst_development_degradation=nan;upstream_fdr_pass=False
split_003,alpha158_WVMA60,3,3,0,0.0,1,0.6666666666666666,0.3333333333333333,0.001916205459144405,-0.0011984664531461873,,,False,0.8673236537898192,1.0,1.0,holdout,eligible_windows=3;selection_frequency=0.000;direction_agreement=0.667;direction_adjusted_validation_positive_ratio=0.333;worst_development_degradation=nan;upstream_fdr_pass=False
split_003,alpha360_CLOSE1,3,3,0,0.0,1,1.0,0.6666666666666666,0.006555244672144473,0.007726849102572454,,,False,0.1298600896590846,1.0,1.0,holdout,eligible_windows=3;selection_frequency=0.000;direction_agreement=1.000;direction_adjusted_validation_positive_ratio=0.667;worst_development_degradation=nan;upstream_fdr_pass=False
split_003,alpha360_CLOSE10,3,3,1,0.3333333333333333,1,1.0,0.6666666666666666,0.0370095003568061,0.009857884340376547,0.06959960747185252,0.06959960747185252,True,0.00201304719377,1.0,1.0,conditional_signal,eligible_windows=3;selection_frequency=0.333;direction_agreement=1.000;direction_adjusted_validation_positive_ratio=0.667;worst_development_degradation=0.06959960747185252;upstream_fdr_pass=True
split_003,alpha360_CLOSE11,3,3,1,0.3333333333333333,1,1.0,0.6666666666666666,0.04059721185131684,0.00317331134196176,0.07216527876435853,0.07216527876435853,True,0.0032208755100321,1.0,1.0,conditional_signal,eligible_windows=3;selection_frequency=0.333;direction_agreement=1.000;direction_adjusted_validation_positive_ratio=0.667;worst_development_degradation=0.07216527876435853;upstream_fdr_pass=True
split_003,alpha360_CLOSE12,3,3,1,0.3333333333333333,1,1.0,0.6666666666666666,0.043930651497254614,0.0012727059518066503,0.07704626052688238,0.07704626052688238,True,0.0032208755100321,1.0,1.0,conditional_signal,eligible_windows=3;selection_frequency=0.333;direction_agreement=1.000;direction_adjusted_validation_positive_ratio=0.667;worst_development_degradation=0.07704626052688238;upstream_fdr_pass=True
split_003,alpha360_CLOSE13,3,3,1,0.3333333333333333,1,1.0,0.6666666666666666,0.04647125547571657,0.005167624478051965,0.0840689022393827,0.0840689022393827,True,0.0032208755100321,1.0,1.0,conditional_signal,eligible_windows=3;selection_frequency=0.333;direction_agreement=1.000;direction_adjusted_validation_positive_ratio=0.667;worst_development_degradation=0.0840689022393827;upstream_fdr_pass=True
split_003,alpha360_CLOSE14,3,3,1,0.3333333333333333,1,1.0,0.6666666666666666,0.04918396371522565,0.007546921741818644,0.09306632406013965,0.09306632406013965,True,0.00201304719377,1.0,1.0,conditional_signal,eligible_windows=3;selection_frequency=0.333;direction_agreement=1.000;direction_adjusted_validation_positive_ratio=0.667;worst_development_degradation=0.09306632406013965;upstream_fdr_pass=True
split_003,alpha360_CLOSE15,3,3,1,0.3333333333333333,1,1.0,0.6666666666666666,0.05195530135217396,0.008571406759212863,0.10044533656360732,0.10044533656360732,True,0.00201304719377,1.0,1.0,conditional_signal,eligible_windows=3;selection_frequency=0.333;direction_agreement=1.000;direction_adjusted_validation_positive_ratio=0.667;worst_development_degradation=0.10044533656360732;upstream_fdr_pass=True
split_003,alpha360_CLOSE16,3,3,2,0.6666666666666666,1,1.0,0.6666666666666666,0.05402003041693019,0.012927671597261017,0.03417933139327486,-0.041092358819669175,True,0.0032208755100321,1.0,1.0,conditional_signal,eligible_windows=3;selection_frequency=0.667;direction_agreement=1.000;direction_adjusted_validation_positive_ratio=0.667;worst_development_degradation=-0.041092358819669175;upstream_fdr_pass=True
split_003,alpha360_CLOSE17,3,3,2,0.6666666666666666,1,1.0,0.6666666666666666,0.0558542776599453,0.017014721315296556,0.03890620989463657,-0.038839556344648744,True,0.00201304719377,1.0,1.0,conditional_signal,eligible_windows=3;selection_frequency=0.667;direction_agreement=1.000;direction_adjusted_validation_positive_ratio=0.667;worst_development_degradation=-0.038839556344648744;upstream_fdr_pass=True
split_003,alpha360_CLOSE18,3,3,2,0.6666666666666666,1,1.0,0.6666666666666666,0.058518303689406956,0.0211004122297069,0.040488401093913134,-0.03741789145970006,True,0.00201304719377,1.0,1.0,conditional_signal,eligible_windows=3;selection_frequency=0.667;direction_agreement=1.000;direction_adjusted_validation_positive_ratio=0.667;worst_development_degradation=-0.03741789145970006;upstream_fdr_pass=True
split_003,alpha360_CLOSE19,3,3,2,0.6666666666666666,1,1.0,0.6666666666666666,0.06102805043598902,0.0204982365111097,0.04001230544339652,-0.040529813924879324,True,0.00201304719377,1.0,1.0,conditional_signal,eligible_windows=3;selection_frequency=0.667;direction_agreement=1.000;direction_adjusted_validation_positive_ratio=0.667;worst_development_degradation=-0.040529813924879324;upstream_fdr_pass=True
split_003,alpha360_CLOSE2,3,3,1,0.3333333333333333,1,1.0,0.6666666666666666,0.011608901438284906,0.0016152652817430276,0.005868782198621291,0.005868782198621291,True,0.0278976921445161,1.0,1.0,conditional_signal,eligible_windows=3;selection_frequency=0.333;direction_agreement=1.000;direction_adjusted_validation_positive_ratio=0.667;worst_development_degradation=0.005868782198621291;upstream_fdr_pass=True
split_003,alpha360_CLOSE20,3,3,2,0.6666666666666666,1,1.0,0.6666666666666666,0.0628783778783224,0.01988216026346561,0.038299305109933984,-0.04351329419716196,True,0.00201304719377,1.0,1.0,conditional_signal,eligible_windows=3;selection_frequency=0.667;direction_agreement=1.000;direction_adjusted_validation_positive_ratio=0.667;worst_development_degradation=-0.04351329419716196;upstream_fdr_pass=True
split_003,alpha360_CLOSE21,3,3,2,0.6666666666666666,1,1.0,0.6666666666666666,0.06453699321796057,0.02262462154602899,0.03925402567539579,-0.043093752994866764,True,0.00201304719377,1.0,1.0,conditional_signal,eligible_windows=3;selection_frequency=0.667;direction_agreement=1.000;direction_adjusted_validation_positive_ratio=0.667;worst_development_degradation=-0.043093752994866764;upstream_fdr_pass=True
split_003,alpha360_CLOSE22,3,3,2,0.6666666666666666,1,1.0,0.6666666666666666,0.06640773188984665,0.027138706477288388,0.04085151287333686,-0.04127833973728012,True,0.0032208755100321,1.0,1.0,conditional_signal,eligible_windows=3;selection_frequency=0.667;direction_agreement=1.000;direction_adjusted_validation_positive_ratio=0.667;worst_development_degradation=-0.04127833973728012;upstream_fdr_pass=True
split_003,alpha360_CLOSE23,3,3,2,0.6666666666666666,1,1.0,0.6666666666666666,0.06798124248762852,0.02904627942569102,0.04207071129810682,-0.04217705052845912,True,0.00201304719377,1.0,1.0,conditional_signal,eligible_windows=3;selection_frequency=0.667;direction_agreement=1.000;direction_adjusted_validation_positive_ratio=0.667;worst_development_degradation=-0.04217705052845912;upstream_fdr_pass=True
split_003,alpha360_CLOSE24,3,3,2,0.6666666666666666,1,1.0,0.6666666666666666,0.06949036101639441,0.02961563843311671,0.043099258436021595,-0.044276348613981664,True,0.00201304719377,1.0,1.0,conditional_signal,eligible_windows=3;selection_frequency=0.667;direction_agreement=1.000;direction_adjusted_validation_positive_ratio=0.667;worst_development_degradation=-0.044276348613981664;upstream_fdr_pass=True
split_003,alpha360_CLOSE25,3,3,2,0.6666666666666666,1,1.0,0.6666666666666666,0.07122216927782102,0.030539621334524474,0.0449483930747927,-0.04588186725680161,True,0.00201304719377,1.0,1.0,conditional_signal,eligible_windows=3;selection_frequency=0.667;direction_agreement=1.000;direction_adjusted_validation_positive_ratio=0.667;worst_development_degradation=-0.04588186725680161;upstream_fdr_pass=True
split_003,alpha360_CLOSE26,3,3,2,0.6666666666666666,1,1.0,0.6666666666666666,0.07224353579163244,0.03379380093640875,0.047519219825113354,-0.0444668198094386,True,0.0032208755100321,1.0,1.0,conditional_signal,eligible_windows=3;selection_frequency=0.667;direction_agreement=1.000;direction_adjusted_validation_positive_ratio=0.667;worst_development_degradation=-0.0444668198094386;upstream_fdr_pass=True
split_003,alpha360_CLOSE27,3,3,2,0.6666666666666666,1,1.0,0.6666666666666666,0.07429772977481063,0.03988465113748424,0.0506754708273679,-0.040183431174356965,True,0.00201304719377,1.0,1.0,conditional_signal,eligible_windows=3;selection_frequency=0.667;direction_agreement=1.000;direction_adjusted_validation_positive_ratio=0.667;worst_development_degradation=-0.040183431174356965;upstream_fdr_pass=True
split_003,alpha360_CLOSE28,3,3,2,0.6666666666666666,1,1.0,0.6666666666666666,0.0761536249029289,0.04497634115341197,0.05196232134791748,-0.036691717553718695,True,0.00201304719377,1.0,1.0,conditional_signal,eligible_windows=3;selection_frequency=0.667;direction_agreement=1.000;direction_adjusted_validation_positive_ratio=0.667;worst_development_degradation=-0.036691717553718695;upstream_fdr_pass=True
split_003,alpha360_CLOSE29,3,3,2,0.6666666666666666,1,1.0,0.6666666666666666,0.0778720946893413,0.04552591514386549,0.05048540104851413,-0.03786232133610208,True,0.00201304719377,1.0,1.0,conditional_signal,eligible_windows=3;selection_frequency=0.667;direction_agreement=1.000;direction_adjusted_validation_positive_ratio=0.667;worst_development_degradation=-0.03786232133610208;upstream_fdr_pass=True
split_003,alpha360_CLOSE3,3,3,1,0.3333333333333333,1,1.0,0.6666666666666666,0.015242926474571018,0.0009447775419830393,0.013424200068418587,0.013424200068418587,True,0.0163621689045417,1.0,1.0,conditional_signal,eligible_windows=3;selection_frequency=0.333;direction_agreement=1.000;direction_adjusted_validation_positive_ratio=0.667;worst_development_degradation=0.013424200068418587;upstream_fdr_pass=True
split_003,alpha360_CLOSE30,3,3,2,0.6666666666666666,1,1.0,0.6666666666666666,0.07913764260197327,0.042877954775521324,0.04808038763907199,-0.04191346424537773,True,0.00201304719377,1.0,1.0,conditional_signal,eligible_windows=3;selection_frequency=0.667;direction_agreement=1.000;direction_adjusted_validation_positive_ratio=0.667;worst_development_degradation=-0.04191346424537773;upstream_fdr_pass=True
split_003,alpha360_CLOSE31,3,3,2,0.6666666666666666,1,1.0,0.6666666666666666,0.08001945118115032,0.03832409970746617,0.044730199051816515,-0.047454129291927286,True,0.00201304719377,1.0,1.0,conditional_signal,eligible_windows=3;selection_frequency=0.667;direction_agreement=1.000;direction_adjusted_validation_positive_ratio=0.667;worst_development_degradation=-0.047454129291927286;upstream_fdr_pass=True
split_003,alpha360_CLOSE32,3,3,2,0.6666666666666666,1,1.0,0.6666666666666666,0.08087234464339796,0.036618211228793815,0.043030807144344575,-0.05017475058213548,True,0.00201304719377,1.0,1.0,conditional_signal,eligible_windows=3;selection_frequency=0.667;direction_agreement=1.000;direction_adjusted_validation_positive_ratio=0.667;worst_development_degradation=-0.05017475058213548;upstream_fdr_pass=True
split_003,alpha360_CLOSE33,3,3,2,0.6666666666666666,1,1.0,0.6666666666666666,0.08162779369759846,0.036860857367200246,0.04342725256650727,-0.05045415622249128,True,0.00201304719377,1.0,1.0,conditional_signal,eligible_windows=3;selection_frequency=0.667;direction_agreement=1.000;direction_adjusted_validation_positive_ratio=0.667;worst_development_degradation=-0.05045415622249128;upstream_fdr_pass=True
split_003,alpha360_CLOSE34,3,3,2,0.6666666666666666,1,1.0,0.6666666666666666,0.08222693041471436,0.03517348214638298,0.04268711444352984,-0.05242902129867551,True,0.00201304719377,1.0,1.0,conditional_signal,eligible_windows=3;selection_frequency=0.667;direction_agreement=1.000;direction_adjusted_validation_positive_ratio=0.667;worst_development_degradation=-0.05242902129867551;upstream_fdr_pass=True
split_003,alpha360_CLOSE35,3,3,2,0.6666666666666666,1,1.0,0.6666666666666666,0.0827801255527206,0.034259652261724456,0.043058190545373465,-0.05359922183251393,True,0.00201304719377,1.0,1.0,conditional_signal,eligible_windows=3;selection_frequency=0.667;direction_agreement=1.000;direction_adjusted_validation_positive_ratio=0.667;worst_development_degradation=-0.05359922183251393;upstream_fdr_pass=True
split_003,alpha360_CLOSE36,3,3,2,0.6666666666666666,1,1.0,0.6666666666666666,0.08346414228478088,0.03264319686889818,0.04141827806638794,-0.055470341636699595,True,0.00201304719377,1.0,1.0,conditional_signal,eligible_windows=3;selection_frequency=0.667;direction_agreement=1.000;direction_adjusted_validation_positive_ratio=0.667;worst_development_degradation=-0.055470341636699595;upstream_fdr_pass=True
split_003,alpha360_CLOSE37,3,3,2,0.6666666666666666,1,1.0,0.6666666666666666,0.08401205839980641,0.02889144536968208,0.039259255161877164,-0.059483847423828576,True,0.00201304719377,1.0,1.0,conditional_signal,eligible_windows=3;selection_frequency=0.667;direction_agreement=1.000;direction_adjusted_validation_positive_ratio=0.667;worst_development_degradation=-0.059483847423828576;upstream_fdr_pass=True
split_003,alpha360_CLOSE38,3,3,2,0.6666666666666666,1,1.0,0.6666666666666666,0.08424235997838538,0.02555537981302483,0.037816026805376664,-0.06256013353447244,True,0.00201304719377,1.0,1.0,conditional_signal,eligible_windows=3;selection_frequency=0.667;direction_agreement=1.000;direction_adjusted_validation_positive_ratio=0.667;worst_development_degradation=-0.06256013353447244;upstream_fdr_pass=True
split_003,alpha360_CLOSE39,3,3,2,0.6666666666666666,1,1.0,0.6666666666666666,0.08443855793238526,0.02380424462748853,0.03720087398684878,-0.06397733746966036,True,0.00201304719377,1.0,1.0,conditional_signal,eligible_windows=3;selection_frequency=0.667;direction_agreement=1.000;direction_adjusted_validation_positive_ratio=0.667;worst_development_degradation=-0.06397733746966036;upstream_fdr_pass=True
split_003,alpha360_CLOSE4,3,3,1,0.3333333333333333,1,1.0,0.6666666666666666,0.018790447873440946,0.009208482994303411,0.01948614032232864,0.01948614032232864,True,0.0106507038777955,1.0,1.0,conditional_signal,eligible_windows=3;selection_frequency=0.333;direction_agreement=1.000;direction_adjusted_validation_positive_ratio=0.667;worst_development_degradation=0.01948614032232864;upstream_fdr_pass=True
split_003,alpha360_CLOSE40,3,3,2,0.6666666666666666,1,1.0,0.6666666666666666,0.08457657754185255,0.021942583885125003,0.036540466839889325,-0.06562457024188105,True,0.00201304719377,1.0,1.0,conditional_signal,eligible_windows=3;selection_frequency=0.667;direction_agreement=1.000;direction_adjusted_validation_positive_ratio=0.667;worst_development_degradation=-0.06562457024188105;upstream_fdr_pass=True
split_003,alpha360_CLOSE41,3,3,2,0.6666666666666666,1,1.0,0.6666666666666666,0.08430546062310719,0.018704146828007168,0.03435197976647925,-0.0683081349531502,True,0.00201304719377,1.0,1.0,conditional_signal,eligible_windows=3;selection_frequency=0.667;direction_agreement=1.000;direction_adjusted_validation_positive_ratio=0.667;worst_development_degradation=-0.0683081349531502;upstream_fdr_pass=True
split_003,alpha360_CLOSE42,3,3,2,0.6666666666666666,1,1.0,0.6666666666666666,0.0837645198434533,0.014920817275013898,0.03138891286982567,-0.07101965270270892,True,0.00201304719377,1.0,1.0,conditional_signal,eligible_windows=3;selection_frequency=0.667;direction_agreement=1.000;direction_adjusted_validation_positive_ratio=0.667;worst_development_degradation=-0.07101965270270892;upstream_fdr_pass=True
split_003,alpha360_CLOSE43,3,3,2,0.6666666666666666,1,1.0,0.6666666666666666,0.083206943535868,0.012774219813311834,0.030161572344475314,-0.07207819864437291,True,0.00201304719377,1.0,1.0,conditional_signal,eligible_windows=3;selection_frequency=0.667;direction_agreement=1.000;direction_adjusted_validation_positive_ratio=0.667;worst_development_degradation=-0.07207819864437291;upstream_fdr_pass=True
split_003,alpha360_CLOSE44,3,3,2,0.6666666666666666,1,1.0,0.6666666666666666,0.08277144397305784,0.014320176743467822,0.0302663598622881,-0.06905229043242038,True,0.00201304719377,1.0,1.0,conditional_signal,eligible_windows=3;selection_frequency=0.667;direction_agreement=1.000;direction_adjusted_validation_positive_ratio=0.667;worst_development_degradation=-0.06905229043242038;upstream_fdr_pass=True
split_003,alpha360_CLOSE45,3,3,2,0.6666666666666666,1,1.0,0.6666666666666666,0.0815413956601497,0.015262702129705688,0.0311067169453478,-0.06627869353044401,True,0.00201304719377,1.0,1.0,conditional_signal,eligible_windows=3;selection_frequency=0.667;direction_agreement=1.000;direction_adjusted_validation_positive_ratio=0.667;worst_development_degradation=-0.06627869353044401;upstream_fdr_pass=True
split_003,alpha360_CLOSE46,3,3,2,0.6666666666666666,1,1.0,0.6666666666666666,0.07981070673693524,0.01639424416253348,0.03360037475039881,-0.06341646257440177,True,0.00201304719377,1.0,1.0,conditional_signal,eligible_windows=3;selection_frequency=0.667;direction_agreement=1.000;direction_adjusted_validation_positive_ratio=0.667;worst_development_degradation=-0.06341646257440177;upstream_fdr_pass=True
split_003,alpha360_CLOSE47,3,3,2,0.6666666666666666,1,1.0,0.6666666666666666,0.07817033622727201,0.014910880241613045,0.03403843830772488,-0.06325945598565896,True,0.00201304719377,1.0,1.0,conditional_signal,eligible_windows=3;selection_frequency=0.667;direction_agreement=1.000;direction_adjusted_validation_positive_ratio=0.667;worst_development_degradation=-0.06325945598565896;upstream_fdr_pass=True
split_003,alpha360_CLOSE48,3,3,2,0.6666666666666666,1,1.0,0.6666666666666666,0.07665445955091911,0.015299006595950931,0.03445377163708053,-0.06135545295496818,True,0.00201304719377,1.0,1.0,conditional_signal,eligible_windows=3;selection_frequency=0.667;direction_agreement=1.000;direction_adjusted_validation_positive_ratio=0.667;worst_development_degradation=-0.06135545295496818;upstream_fdr_pass=True
split_003,alpha360_CLOSE49,3,3,2,0.6666666666666666,1,1.0,0.6666666666666666,0.07515154642647318,0.018456426109461736,0.034725569313445004,-0.05669512031701144,True,0.00201304719377,1.0,1.0,conditional_signal,eligible_windows=3;selection_frequency=0.667;direction_agreement=1.000;direction_adjusted_validation_positive_ratio=0.667;worst_development_degradation=-0.05669512031701144;upstream_fdr_pass=True
split_003,alpha360_CLOSE5,3,3,2,0.6666666666666666,1,1.0,0.6666666666666666,0.020625941182532068,0.014703335913840687,0.012099492349906257,-0.0032976007359388475,True,0.0044162885572577,1.0,1.0,stable_core,eligible_windows=3;selection_frequency=0.667;direction_agreement=1.000;direction_adjusted_validation_positive_ratio=0.667;worst_development_degradation=-0.0032976007359388475;upstream_fdr_pass=True
split_003,alpha360_CLOSE50,3,3,2,0.6666666666666666,1,1.0,0.6666666666666666,0.07390234930376552,0.022945333993886322,0.03650449559145584,-0.0509570153098792,True,0.00201304719377,1.0,1.0,conditional_signal,eligible_windows=3;selection_frequency=0.667;direction_agreement=1.000;direction_adjusted_validation_positive_ratio=0.667;worst_development_degradation=-0.0509570153098792;upstream_fdr_pass=True
split_003,alpha360_CLOSE51,3,3,2,0.6666666666666666,1,1.0,0.6666666666666666,0.0728173206692494,0.026096972890614644,0.0377228234574536,-0.04672034777863475,True,0.00201304719377,1.0,1.0,conditional_signal,eligible_windows=3;selection_frequency=0.667;direction_agreement=1.000;direction_adjusted_validation_positive_ratio=0.667;worst_development_degradation=-0.04672034777863475;upstream_fdr_pass=True
split_003,alpha360_CLOSE52,3,3,2,0.6666666666666666,1,1.0,0.6666666666666666,0.07194657678843372,0.02519728985320253,0.03513208932795588,-0.046749286935231185,True,0.00201304719377,1.0,1.0,conditional_signal,eligible_windows=3;selection_frequency=0.667;direction_agreement=1.000;direction_adjusted_validation_positive_ratio=0.667;worst_development_degradation=-0.046749286935231185;upstream_fdr_pass=True
split_003,alpha360_CLOSE53,3,3,2,0.6666666666666666,1,1.0,0.6666666666666666,0.07088757808761316,0.02144416700837791,0.031090725103019093,-0.04944341107923525,True,0.00201304719377,1.0,1.0,conditional_signal,eligible_windows=3;selection_frequency=0.667;direction_agreement=1.000;direction_adjusted_validation_positive_ratio=0.667;worst_development_degradation=-0.04944341107923525;upstream_fdr_pass=True
split_003,alpha360_CLOSE54,3,3,2,0.6666666666666666,1,1.0,0.6666666666666666,0.06996422736780067,0.018734659004887893,0.026971685180058838,-0.05122956836291277,True,0.00201304719377,1.0,1.0,conditional_signal,eligible_windows=3;selection_frequency=0.667;direction_agreement=1.000;direction_adjusted_validation_positive_ratio=0.667;worst_development_degradation=-0.05122956836291277;upstream_fdr_pass=True
split_003,alpha360_CLOSE55,3,3,2,0.6666666666666666,1,1.0,0.6666666666666666,0.06939104480457375,0.017192304511741224,0.022919226148075282,-0.05219874029283253,True,0.00201304719377,1.0,1.0,conditional_signal,eligible_windows=3;selection_frequency=0.667;direction_agreement=1.000;direction_adjusted_validation_positive_ratio=0.667;worst_development_degradation=-0.05219874029283253;upstream_fdr_pass=True
split_003,alpha360_CLOSE56,3,3,2,0.6666666666666666,1,1.0,0.6666666666666666,0.06886976958969811,0.015611614566883683,0.01899765311513559,-0.053258155022814425,True,0.00201304719377,1.0,1.0,conditional_signal,eligible_windows=3;selection_frequency=0.667;direction_agreement=1.000;direction_adjusted_validation_positive_ratio=0.667;worst_development_degradation=-0.053258155022814425;upstream_fdr_pass=True
split_003,alpha360_CLOSE57,3,3,2,0.6666666666666666,1,1.0,0.6666666666666666,0.06878432335039492,0.012145013809759766,0.014528509312165615,-0.05663930954063515,True,0.0032208755100321,1.0,1.0,conditional_signal,eligible_windows=3;selection_frequency=0.667;direction_agreement=1.000;direction_adjusted_validation_positive_ratio=0.667;worst_development_degradation=-0.05663930954063515;upstream_fdr_pass=True
split_003,alpha360_CLOSE58,3,3,1,0.3333333333333333,1,1.0,0.6666666666666666,0.06898589063123486,0.007080934396462903,0.08381396202402941,0.08381396202402941,True,0.00201304719377,1.0,1.0,conditional_signal,eligible_windows=3;selection_frequency=0.333;direction_agreement=1.000;direction_adjusted_validation_positive_ratio=0.667;worst_development_degradation=0.08381396202402941;upstream_fdr_pass=True
split_003,alpha360_CLOSE59,3,3,1,0.3333333333333333,1,1.0,0.6666666666666666,0.06924795198315874,0.0032768570771104675,0.08292495621866242,0.08292495621866242,True,0.00201304719377,1.0,1.0,conditional_signal,eligible_windows=3;selection_frequency=0.333;direction_agreement=1.000;direction_adjusted_validation_positive_ratio=0.667;worst_development_degradation=0.08292495621866242;upstream_fdr_pass=True
split_003,alpha360_CLOSE6,3,3,2,0.6666666666666666,1,1.0,0.6666666666666666,0.023611138168358855,0.018746594469069906,0.017351620189078747,-0.0028481997578268317,True,0.00201304719377,1.0,1.0,stable_core,eligible_windows=3;selection_frequency=0.667;direction_agreement=1.000;direction_adjusted_validation_positive_ratio=0.667;worst_development_degradation=-0.0028481997578268317;upstream_fdr_pass=True
split_003,alpha360_CLOSE7,3,3,2,0.6666666666666666,1,1.0,0.6666666666666666,0.027611329901169615,0.022444063413101668,0.019131349510315115,-0.0029483680191600727,True,0.00201304719377,1.0,1.0,stable_core,eligible_windows=3;selection_frequency=0.667;direction_agreement=1.000;direction_adjusted_validation_positive_ratio=0.667;worst_development_degradation=-0.0029483680191600727;upstream_fdr_pass=True
split_003,alpha360_CLOSE8,3,3,2,0.6666666666666666,1,1.0,1.0,0.03064182493976538,0.019858940240641172,0.02188613341481896,-0.008693078305765208,True,0.00201304719377,1.0,1.0,stable_core,eligible_windows=3;selection_frequency=0.667;direction_agreement=1.000;direction_adjusted_validation_positive_ratio=1.000;worst_development_degradation=-0.008693078305765208;upstream_fdr_pass=True
split_003,alpha360_CLOSE9,3,3,2,0.6666666666666666,1,1.0,1.0,0.033808661725930056,0.016090424094831624,0.02379891214883361,-0.015502983558092504,True,0.00201304719377,1.0,1.0,stable_core,eligible_windows=3;selection_frequency=0.667;direction_agreement=1.000;direction_adjusted_validation_positive_ratio=1.000;worst_development_degradation=-0.015502983558092504;upstream_fdr_pass=True
split_003,alpha360_HIGH0,3,3,3,1.0,-1,1.0,1.0,-0.04395867992318163,-0.06482149372561513,0.020862813802433502,0.004762807060653754,True,0.0044162885572577,1.0,1.0,stable_core,eligible_windows=3;selection_frequency=1.000;direction_agreement=1.000;direction_adjusted_validation_positive_ratio=1.000;worst_development_degradation=0.004762807060653754;upstream_fdr_pass=True
split_003,alpha360_HIGH1,3,3,0,0.0,-1,1.0,1.0,-0.01504858873337481,-0.03423034729800599,,,False,0.1402944163274742,1.0,1.0,holdout,eligible_windows=3;selection_frequency=0.000;direction_agreement=1.000;direction_adjusted_validation_positive_ratio=1.000;worst_development_degradation=nan;upstream_fdr_pass=False
split_003,alpha360_HIGH10,3,3,1,0.3333333333333333,1,1.0,0.3333333333333333,0.0307904284117549,-0.0031001735270405678,0.05976362247453062,0.05976362247453062,True,0.0056758528096107,1.0,1.0,conditional_signal,eligible_windows=3;selection_frequency=0.333;direction_agreement=1.000;direction_adjusted_validation_positive_ratio=0.333;worst_development_degradation=0.05976362247453062;upstream_fdr_pass=True
split_003,alpha360_HIGH11,3,3,1,0.3333333333333333,1,1.0,0.3333333333333333,0.03463305014788242,-0.0103848342274225,0.06449707434708395,0.06449707434708395,True,0.006990917032758,1.0,1.0,conditional_signal,eligible_windows=3;selection_frequency=0.333;direction_agreement=1.000;direction_adjusted_validation_positive_ratio=0.333;worst_development_degradation=0.06449707434708395;upstream_fdr_pass=True
split_003,alpha360_HIGH12,3,3,1,0.3333333333333333,1,1.0,0.3333333333333333,0.03777974443470304,-0.007932107477862948,0.07006917132082333,0.07006917132082333,True,0.0032208755100321,1.0,1.0,conditional_signal,eligible_windows=3;selection_frequency=0.333;direction_agreement=1.000;direction_adjusted_validation_positive_ratio=0.333;worst_development_degradation=0.07006917132082333;upstream_fdr_pass=True
split_003,alpha360_HIGH13,3,3,1,0.3333333333333333,1,1.0,0.3333333333333333,0.040413966030081024,-0.003340726103481154,0.0780014190573294,0.0780014190573294,True,0.0032208755100321,1.0,1.0,conditional_signal,eligible_windows=3;selection_frequency=0.333;direction_agreement=1.000;direction_adjusted_validation_positive_ratio=0.333;worst_development_degradation=0.0780014190573294;upstream_fdr_pass=True
split_003,alpha360_HIGH14,3,3,1,0.3333333333333333,1,1.0,0.3333333333333333,0.0434571009295434,-0.0021047667464414027,0.0860139634151062,0.0860139634151062,True,0.00201304719377,1.0,1.0,conditional_signal,eligible_windows=3;selection_frequency=0.333;direction_agreement=1.000;direction_adjusted_validation_positive_ratio=0.333;worst_development_degradation=0.0860139634151062;upstream_fdr_pass=True
split_003,alpha360_HIGH15,3,3,1,0.3333333333333333,1,1.0,0.3333333333333333,0.0460440585179937,-0.00013873187963161642,0.09436894563272133,0.09436894563272133,True,0.00201304719377,1.0,1.0,conditional_signal,eligible_windows=3;selection_frequency=0.333;direction_agreement=1.000;direction_adjusted_validation_positive_ratio=0.333;worst_development_degradation=0.09436894563272133;upstream_fdr_pass=True
split_003,alpha360_HIGH16,3,3,1,0.3333333333333333,1,1.0,0.6666666666666666,0.04825449602925787,0.004313432782765414,0.10184173940131178,0.10184173940131178,True,0.0056758528096107,1.0,1.0,conditional_signal,eligible_windows=3;selection_frequency=0.333;direction_agreement=1.000;direction_adjusted_validation_positive_ratio=0.667;worst_development_degradation=0.10184173940131178;upstream_fdr_pass=True
split_003,alpha360_HIGH17,3,3,1,0.3333333333333333,1,1.0,0.6666666666666666,0.05056178916160488,0.007892235418073228,0.1071500050694171,0.1071500050694171,True,0.00201304719377,1.0,1.0,conditional_signal,eligible_windows=3;selection_frequency=0.333;direction_agreement=1.000;direction_adjusted_validation_positive_ratio=0.667;worst_development_degradation=0.1071500050694171;upstream_fdr_pass=True
split_003,alpha360_HIGH18,3,3,2,0.6666666666666666,1,1.0,0.6666666666666666,0.05297359908503427,0.010946533452270247,0.03319215230957449,-0.042382729129201505,True,0.0032208755100321,1.0,1.0,conditional_signal,eligible_windows=3;selection_frequency=0.667;direction_agreement=1.000;direction_adjusted_validation_positive_ratio=0.667;worst_development_degradation=-0.042382729129201505;upstream_fdr_pass=True
split_003,alpha360_HIGH19,3,3,2,0.6666666666666666,1,1.0,0.6666666666666666,0.054936852655565326,0.010608658655632111,0.032563699752444254,-0.045324562154155076,True,0.0044162885572577,1.0,1.0,conditional_signal,eligible_windows=3;selection_frequency=0.667;direction_agreement=1.000;direction_adjusted_validation_positive_ratio=0.667;worst_development_degradation=-0.045324562154155076;upstream_fdr_pass=True
split_003,alpha360_HIGH2,3,3,0,0.0,-1,1.0,1.0,-0.003183845566982666,-0.018961336933023494,,,False,0.8052433151067445,1.0,1.0,holdout,eligible_windows=3;selection_frequency=0.000;direction_agreement=1.000;direction_adjusted_validation_positive_ratio=1.000;worst_development_degradation=nan;upstream_fdr_pass=False
split_003,alpha360_HIGH20,3,3,2,0.6666666666666666,1,1.0,0.6666666666666666,0.0567521455734881,0.012809350971642259,0.033507811640172205,-0.04543184352380112,True,0.0044162885572577,1.0,1.0,conditional_signal,eligible_windows=3;selection_frequency=0.667;direction_agreement=1.000;direction_adjusted_validation_positive_ratio=0.667;worst_development_degradation=-0.04543184352380112;upstream_fdr_pass=True
split_003,alpha360_HIGH21,3,3,2,0.6666666666666666,1,1.0,0.6666666666666666,0.05862241936620315,0.016891993436221185,0.03462436734564336,-0.04408289353129592,True,0.0032208755100321,1.0,1.0,conditional_signal,eligible_windows=3;selection_frequency=0.667;direction_agreement=1.000;direction_adjusted_validation_positive_ratio=0.667;worst_development_degradation=-0.04408289353129592;upstream_fdr_pass=True
split_003,alpha360_HIGH22,3,3,2,0.6666666666666666,1,1.0,0.6666666666666666,0.060331491375599955,0.020905300511805627,0.03658845940392044,-0.0429384000306863,True,0.0032208755100321,1.0,1.0,conditional_signal,eligible_windows=3;selection_frequency=0.667;direction_agreement=1.000;direction_adjusted_validation_positive_ratio=0.667;worst_development_degradation=-0.0429384000306863;upstream_fdr_pass=True
split_003,alpha360_HIGH23,3,3,2,0.6666666666666666,1,1.0,0.6666666666666666,0.061783157873675894,0.020971156234857506,0.03785030973214627,-0.04557072174456726,True,0.0032208755100321,1.0,1.0,conditional_signal,eligible_windows=3;selection_frequency=0.667;direction_agreement=1.000;direction_adjusted_validation_positive_ratio=0.667;worst_development_degradation=-0.04557072174456726;upstream_fdr_pass=True
split_003,alpha360_HIGH24,3,3,2,0.6666666666666666,1,1.0,0.6666666666666666,0.06339751318343535,0.022369248112255803,0.03944920178521945,-0.04668647553342783,True,0.0032208755100321,1.0,1.0,conditional_signal,eligible_windows=3;selection_frequency=0.667;direction_agreement=1.000;direction_adjusted_validation_positive_ratio=0.667;worst_development_degradation=-0.04668647553342783;upstream_fdr_pass=True
split_003,alpha360_HIGH25,3,3,2,0.6666666666666666,1,1.0,0.6666666666666666,0.06491218880288271,0.02515931924163939,0.041866695729825966,-0.04624305059442736,True,0.00201304719377,1.0,1.0,conditional_signal,eligible_windows=3;selection_frequency=0.667;direction_agreement=1.000;direction_adjusted_validation_positive_ratio=0.667;worst_development_degradation=-0.04624305059442736;upstream_fdr_pass=True
split_003,alpha360_HIGH26,3,3,2,0.6666666666666666,1,1.0,0.6666666666666666,0.06581842877137374,0.029489008751785457,0.04459491760422375,-0.04376400482197782,True,0.00201304719377,1.0,1.0,conditional_signal,eligible_windows=3;selection_frequency=0.667;direction_agreement=1.000;direction_adjusted_validation_positive_ratio=0.667;worst_development_degradation=-0.04376400482197782;upstream_fdr_pass=True
split_003,alpha360_HIGH27,3,3,2,0.6666666666666666,1,1.0,0.6666666666666666,0.0678450358297741,0.034805997877726334,0.04695334177797765,-0.04018798672123706,True,0.00201304719377,1.0,1.0,conditional_signal,eligible_windows=3;selection_frequency=0.667;direction_agreement=1.000;direction_adjusted_validation_positive_ratio=0.667;worst_development_degradation=-0.04018798672123706;upstream_fdr_pass=True
split_003,alpha360_HIGH28,3,3,2,0.6666666666666666,1,1.0,0.6666666666666666,0.06977737861181318,0.03816467159684229,0.047354835941844906,-0.038536269649693734,True,0.00201304719377,1.0,1.0,conditional_signal,eligible_windows=3;selection_frequency=0.667;direction_agreement=1.000;direction_adjusted_validation_positive_ratio=0.667;worst_development_degradation=-0.038536269649693734;upstream_fdr_pass=True
split_003,alpha360_HIGH29,3,3,2,0.6666666666666666,1,1.0,0.6666666666666666,0.07139355915476278,0.03817056169123326,0.04623850755640398,-0.0402228871844961,True,0.00201304719377,1.0,1.0,conditional_signal,eligible_windows=3;selection_frequency=0.667;direction_agreement=1.000;direction_adjusted_validation_positive_ratio=0.667;worst_development_degradation=-0.0402228871844961;upstream_fdr_pass=True
split_003,alpha360_HIGH3,3,3,0,0.0,1,0.6666666666666666,0.6666666666666666,0.0034774396928560257,-0.008311839924190883,,,False,0.4895555455431039,1.0,1.0,holdout,eligible_windows=3;selection_frequency=0.000;direction_agreement=0.667;direction_adjusted_validation_positive_ratio=0.667;worst_development_degradation=nan;upstream_fdr_pass=False
split_003,alpha360_HIGH30,3,3,2,0.6666666666666666,1,1.0,0.6666666666666666,0.07263003140669315,0.035180118244771005,0.043734549875464296,-0.044523424155631736,True,0.00201304719377,1.0,1.0,conditional_signal,eligible_windows=3;selection_frequency=0.667;direction_agreement=1.000;direction_adjusted_validation_positive_ratio=0.667;worst_development_degradation=-0.044523424155631736;upstream_fdr_pass=True
split_003,alpha360_HIGH31,3,3,2,0.6666666666666666,1,1.0,0.6666666666666666,0.07358479809582164,0.031966056869557044,0.041311088189183366,-0.04886099605763401,True,0.00201304719377,1.0,1.0,conditional_signal,eligible_windows=3;selection_frequency=0.667;direction_agreement=1.000;direction_adjusted_validation_positive_ratio=0.667;worst_development_degradation=-0.04886099605763401;upstream_fdr_pass=True
split_003,alpha360_HIGH32,3,3,2,0.6666666666666666,1,1.0,0.6666666666666666,0.07443842762853421,0.03050605517360542,0.040703940818693565,-0.05121699968766943,True,0.00201304719377,1.0,1.0,conditional_signal,eligible_windows=3;selection_frequency=0.667;direction_agreement=1.000;direction_adjusted_validation_positive_ratio=0.667;worst_development_degradation=-0.05121699968766943;upstream_fdr_pass=True
split_003,alpha360_HIGH33,3,3,2,0.6666666666666666,1,1.0,0.6666666666666666,0.07526048394994861,0.03019874026360861,0.04058441063300247,-0.052078139758776176,True,0.00201304719377,1.0,1.0,conditional_signal,eligible_windows=3;selection_frequency=0.667;direction_agreement=1.000;direction_adjusted_validation_positive_ratio=0.667;worst_development_degradation=-0.052078139758776176;upstream_fdr_pass=True
split_003,alpha360_HIGH34,3,3,2,0.6666666666666666,1,1.0,0.6666666666666666,0.07596909817775671,0.028834738598479116,0.040180893858376705,-0.053821207441559285,True,0.00201304719377,1.0,1.0,conditional_signal,eligible_windows=3;selection_frequency=0.667;direction_agreement=1.000;direction_adjusted_validation_positive_ratio=0.667;worst_development_degradation=-0.053821207441559285;upstream_fdr_pass=True
split_003,alpha360_HIGH35,3,3,2,0.6666666666666666,1,1.0,0.6666666666666666,0.07666903273513567,0.028171010898319505,0.0397907756376943,-0.05475174036107403,True,0.0032208755100321,1.0,1.0,conditional_signal,eligible_windows=3;selection_frequency=0.667;direction_agreement=1.000;direction_adjusted_validation_positive_ratio=0.667;worst_development_degradation=-0.05475174036107403;upstream_fdr_pass=True
split_003,alpha360_HIGH36,3,3,2,0.6666666666666666,1,1.0,0.6666666666666666,0.07738891924876536,0.026769477642959526,0.038458341204824456,-0.0564800445410052,True,0.00201304719377,1.0,1.0,conditional_signal,eligible_windows=3;selection_frequency=0.667;direction_agreement=1.000;direction_adjusted_validation_positive_ratio=0.667;worst_development_degradation=-0.0564800445410052;upstream_fdr_pass=True
split_003,alpha360_HIGH37,3,3,2,0.6666666666666666,1,1.0,0.6666666666666666,0.07794738907816126,0.022947881429857882,0.03657613886189347,-0.06045970483775231,True,0.00201304719377,1.0,1.0,conditional_signal,eligible_windows=3;selection_frequency=0.667;direction_agreement=1.000;direction_adjusted_validation_positive_ratio=0.667;worst_development_degradation=-0.06045970483775231;upstream_fdr_pass=True
split_003,alpha360_HIGH38,3,3,2,0.6666666666666666,1,1.0,0.6666666666666666,0.07830523193439953,0.020014046065370588,0.03535370109728836,-0.06327449404732394,True,0.00201304719377,1.0,1.0,conditional_signal,eligible_windows=3;selection_frequency=0.667;direction_agreement=1.000;direction_adjusted_validation_positive_ratio=0.667;worst_development_degradation=-0.06327449404732394;upstream_fdr_pass=True
split_003,alpha360_HIGH39,3,3,2,0.6666666666666666,1,1.0,0.6666666666666666,0.0787341521361362,0.018046454669365254,0.03485246764627212,-0.06518814242909912,True,0.00201304719377,1.0,1.0,conditional_signal,eligible_windows=3;selection_frequency=0.667;direction_agreement=1.000;direction_adjusted_validation_positive_ratio=0.667;worst_development_degradation=-0.06518814242909912;upstream_fdr_pass=True
split_003,alpha360_HIGH4,3,3,0,0.0,1,1.0,0.3333333333333333,0.00791166898425549,-0.00374478437841162,,,False,0.2242144951822371,1.0,1.0,holdout,eligible_windows=3;selection_frequency=0.000;direction_agreement=1.000;direction_adjusted_validation_positive_ratio=0.333;worst_development_degradation=nan;upstream_fdr_pass=False
split_003,alpha360_HIGH40,3,3,2,0.6666666666666666,1,1.0,0.6666666666666666,0.07889964687038664,0.01598272034635862,0.03356120072276772,-0.06710228290872394,True,0.0032208755100321,1.0,1.0,conditional_signal,eligible_windows=3;selection_frequency=0.667;direction_agreement=1.000;direction_adjusted_validation_positive_ratio=0.667;worst_development_degradation=-0.06710228290872394;upstream_fdr_pass=True
split_003,alpha360_HIGH41,3,3,2,0.6666666666666666,1,1.0,0.6666666666666666,0.07855365264367675,0.012528572186099499,0.03119550498922323,-0.06978819503744801,True,0.00201304719377,1.0,1.0,conditional_signal,eligible_windows=3;selection_frequency=0.667;direction_agreement=1.000;direction_adjusted_validation_positive_ratio=0.667;worst_development_degradation=-0.06978819503744801;upstream_fdr_pass=True
split_003,alpha360_HIGH42,3,3,1,0.3333333333333333,1,1.0,0.6666666666666666,0.07807441212071693,0.008982777974058396,0.12913169181998824,0.12913169181998824,True,0.0032208755100321,1.0,1.0,conditional_signal,eligible_windows=3;selection_frequency=0.333;direction_agreement=1.000;direction_adjusted_validation_positive_ratio=0.667;worst_development_degradation=0.12913169181998824;upstream_fdr_pass=True
split_003,alpha360_HIGH43,3,3,1,0.3333333333333333,1,1.0,0.6666666666666666,0.07769576634255981,0.008557570316053852,0.12658753297920272,0.12658753297920272,True,0.00201304719377,1.0,1.0,conditional_signal,eligible_windows=3;selection_frequency=0.333;direction_agreement=1.000;direction_adjusted_validation_positive_ratio=0.667;worst_development_degradation=0.12658753297920272;upstream_fdr_pass=True
split_003,alpha360_HIGH44,3,3,2,0.6666666666666666,1,1.0,0.6666666666666666,0.07722627967896314,0.010275190059691939,0.028009151532938238,-0.06840084846604752,True,0.00201304719377,1.0,1.0,conditional_signal,eligible_windows=3;selection_frequency=0.667;direction_agreement=1.000;direction_adjusted_validation_positive_ratio=0.667;worst_development_degradation=-0.06840084846604752;upstream_fdr_pass=True
split_003,alpha360_HIGH45,3,3,2,0.6666666666666666,1,1.0,0.6666666666666666,0.07647307844484469,0.01140404842696303,0.0293796300612459,-0.06555210569115716,True,0.00201304719377,1.0,1.0,conditional_signal,eligible_windows=3;selection_frequency=0.667;direction_agreement=1.000;direction_adjusted_validation_positive_ratio=0.667;worst_development_degradation=-0.06555210569115716;upstream_fdr_pass=True
split_003,alpha360_HIGH46,3,3,2,0.6666666666666666,1,1.0,0.6666666666666666,0.0752890556551966,0.011217916978492275,0.030536231040540554,-0.06407113867670433,True,0.00201304719377,1.0,1.0,conditional_signal,eligible_windows=3;selection_frequency=0.667;direction_agreement=1.000;direction_adjusted_validation_positive_ratio=0.667;worst_development_degradation=-0.06407113867670433;upstream_fdr_pass=True
split_003,alpha360_HIGH47,3,3,2,0.6666666666666666,1,1.0,0.6666666666666666,0.07379433754784877,0.010354136197626908,0.030674942253252777,-0.06344020135022185,True,0.00201304719377,1.0,1.0,conditional_signal,eligible_windows=3;selection_frequency=0.667;direction_agreement=1.000;direction_adjusted_validation_positive_ratio=0.667;worst_development_degradation=-0.06344020135022185;upstream_fdr_pass=True
split_003,alpha360_HIGH48,3,3,2,0.6666666666666666,1,1.0,0.6666666666666666,0.07235619813301616,0.011850896969290401,0.03093604670365279,-0.060505301163725767,True,0.0056758528096107,1.0,1.0,conditional_signal,eligible_windows=3;selection_frequency=0.667;direction_agreement=1.000;direction_adjusted_validation_positive_ratio=0.667;worst_development_degradation=-0.060505301163725767;upstream_fdr_pass=True
split_003,alpha360_HIGH49,3,3,2,0.6666666666666666,1,1.0,0.6666666666666666,0.07107857235267888,0.01583309637484295,0.03223100827920544,-0.055245475977835926,True,0.0044162885572577,1.0,1.0,conditional_signal,eligible_windows=3;selection_frequency=0.667;direction_agreement=1.000;direction_adjusted_validation_positive_ratio=0.667;worst_development_degradation=-0.055245475977835926;upstream_fdr_pass=True
split_003,alpha360_HIGH5,3,3,0,0.0,1,1.0,0.3333333333333333,0.011329672245477903,-0.0006250904870130048,,,False,0.1183386596540053,1.0,1.0,holdout,eligible_windows=3;selection_frequency=0.000;direction_agreement=1.000;direction_adjusted_validation_positive_ratio=0.333;worst_development_degradation=nan;upstream_fdr_pass=False
split_003,alpha360_HIGH50,3,3,2,0.6666666666666666,1,1.0,0.6666666666666666,0.069759921872025,0.020057743872927365,0.034157804094506944,-0.04970217799909763,True,0.0044162885572577,1.0,1.0,conditional_signal,eligible_windows=3;selection_frequency=0.667;direction_agreement=1.000;direction_adjusted_validation_positive_ratio=0.667;worst_development_degradation=-0.04970217799909763;upstream_fdr_pass=True
split_003,alpha360_HIGH51,3,3,2,0.6666666666666666,1,1.0,0.6666666666666666,0.0688760175146558,0.02225752723337431,0.034480200614958566,-0.0466184902812815,True,0.00201304719377,1.0,1.0,conditional_signal,eligible_windows=3;selection_frequency=0.667;direction_agreement=1.000;direction_adjusted_validation_positive_ratio=0.667;worst_development_degradation=-0.0466184902812815;upstream_fdr_pass=True
split_003,alpha360_HIGH52,3,3,2,0.6666666666666666,1,1.0,0.6666666666666666,0.06794895201902192,0.020421548969433954,0.030861759520364112,-0.04752740304958796,True,0.00201304719377,1.0,1.0,conditional_signal,eligible_windows=3;selection_frequency=0.667;direction_agreement=1.000;direction_adjusted_validation_positive_ratio=0.667;worst_development_degradation=-0.04752740304958796;upstream_fdr_pass=True
split_003,alpha360_HIGH53,3,3,2,0.6666666666666666,1,1.0,0.6666666666666666,0.06709113163945214,0.017265651123038187,0.02705955244231232,-0.04982548051641396,True,0.0032208755100321,1.0,1.0,conditional_signal,eligible_windows=3;selection_frequency=0.667;direction_agreement=1.000;direction_adjusted_validation_positive_ratio=0.667;worst_development_degradation=-0.04982548051641396;upstream_fdr_pass=True
split_003,alpha360_HIGH54,3,3,2,0.6666666666666666,1,1.0,0.6666666666666666,0.06638957488405674,0.01504239137915046,0.02282849049257535,-0.051347183504906274,True,0.0032208755100321,1.0,1.0,conditional_signal,eligible_windows=3;selection_frequency=0.667;direction_agreement=1.000;direction_adjusted_validation_positive_ratio=0.667;worst_development_degradation=-0.051347183504906274;upstream_fdr_pass=True
split_003,alpha360_HIGH55,3,3,2,0.6666666666666666,1,1.0,0.6666666666666666,0.06595357643825171,0.013180297716879664,0.018567709981659325,-0.05277327872137205,True,0.0032208755100321,1.0,1.0,conditional_signal,eligible_windows=3;selection_frequency=0.667;direction_agreement=1.000;direction_adjusted_validation_positive_ratio=0.667;worst_development_degradation=-0.05277327872137205;upstream_fdr_pass=True
split_003,alpha360_HIGH56,3,3,2,0.6666666666666666,1,1.0,0.6666666666666666,0.06567764050868023,0.010709526506248441,0.014389180454361924,-0.05496811400243179,True,0.0032208755100321,1.0,1.0,conditional_signal,eligible_windows=3;selection_frequency=0.667;direction_agreement=1.000;direction_adjusted_validation_positive_ratio=0.667;worst_development_degradation=-0.05496811400243179;upstream_fdr_pass=True
split_003,alpha360_HIGH57,3,3,1,0.3333333333333333,1,1.0,0.6666666666666666,0.06576107479132086,0.006186840180374607,0.0805707860593956,0.0805707860593956,True,0.0044162885572577,1.0,1.0,conditional_signal,eligible_windows=3;selection_frequency=0.333;direction_agreement=1.000;direction_adjusted_validation_positive_ratio=0.667;worst_development_degradation=0.0805707860593956;upstream_fdr_pass=True
split_003,alpha360_HIGH58,3,3,1,0.3333333333333333,1,1.0,0.6666666666666666,0.06609915067365478,0.0011179913347591397,0.08033825704071335,0.08033825704071335,True,0.00201304719377,1.0,1.0,conditional_signal,eligible_windows=3;selection_frequency=0.333;direction_agreement=1.000;direction_adjusted_validation_positive_ratio=0.667;worst_development_degradation=0.08033825704071335;upstream_fdr_pass=True
split_003,alpha360_HIGH59,3,3,1,0.3333333333333333,1,1.0,0.3333333333333333,0.06633469339822347,-0.002967618271043249,0.0787029541299322,0.0787029541299322,True,0.0044162885572577,1.0,1.0,conditional_signal,eligible_windows=3;selection_frequency=0.333;direction_agreement=1.000;direction_adjusted_validation_positive_ratio=0.333;worst_development_degradation=0.0787029541299322;upstream_fdr_pass=True
split_003,alpha360_HIGH6,3,3,1,0.3333333333333333,1,1.0,0.6666666666666666,0.015565566423555138,0.004841168103955519,0.03370120020093226,0.03370120020093226,True,0.0448703240222674,1.0,1.0,conditional_signal,eligible_windows=3;selection_frequency=0.333;direction_agreement=1.000;direction_adjusted_validation_positive_ratio=0.667;worst_development_degradation=0.03370120020093226;upstream_fdr_pass=True
split_003,alpha360_HIGH7,3,3,1,0.3333333333333333,1,1.0,0.6666666666666666,0.01932594748718349,0.005912393880096489,0.03969645915839452,0.03969645915839452,True,0.0221546409391713,1.0,1.0,conditional_signal,eligible_windows=3;selection_frequency=0.333;direction_agreement=1.000;direction_adjusted_validation_positive_ratio=0.667;worst_development_degradation=0.03969645915839452;upstream_fdr_pass=True
split_003,alpha360_HIGH8,3,3,1,0.3333333333333333,1,1.0,0.6666666666666666,0.02329650135905121,0.0036885915550686375,0.04768032670309892,0.04768032670309892,True,0.0174239168652576,1.0,1.0,conditional_signal,eligible_windows=3;selection_frequency=0.333;direction_agreement=1.000;direction_adjusted_validation_positive_ratio=0.667;worst_development_degradation=0.04768032670309892;upstream_fdr_pass=True
split_003,alpha360_HIGH9,3,3,1,0.3333333333333333,1,1.0,0.6666666666666666,0.026979744243930258,0.0006962469362381516,0.05535869488048045,0.05535869488048045,True,0.0129521641149548,1.0,1.0,conditional_signal,eligible_windows=3;selection_frequency=0.333;direction_agreement=1.000;direction_adjusted_validation_positive_ratio=0.667;worst_development_degradation=0.05535869488048045;upstream_fdr_pass=True
split_003,alpha360_LOW0,3,3,3,1.0,1,1.0,1.0,0.05107220058924826,0.05711123369821305,0.009872831753531333,-0.01477830542779645,True,0.00201304719377,1.0,1.0,stable_core,eligible_windows=3;selection_frequency=1.000;direction_agreement=1.000;direction_adjusted_validation_positive_ratio=1.000;worst_development_degradation=-0.01477830542779645;upstream_fdr_pass=True
split_003,alpha360_LOW1,3,3,3,1.0,1,1.0,1.0,0.03557498321450802,0.03330436732978126,2.8324110008325076e-05,-0.010295746161382239,True,0.00201304719377,1.0,1.0,stable_core,eligible_windows=3;selection_frequency=1.000;direction_agreement=1.000;direction_adjusted_validation_positive_ratio=1.000;worst_development_degradation=-0.010295746161382239;upstream_fdr_pass=True
split_003,alpha360_LOW10,3,3,2,0.6666666666666666,1,1.0,1.0,0.04764911542637154,0.018426494085401736,0.02676404092098533,-0.027925231804733726,True,0.00201304719377,1.0,1.0,stable_core,eligible_windows=3;selection_frequency=0.667;direction_agreement=1.000;direction_adjusted_validation_positive_ratio=1.000;worst_development_degradation=-0.027925231804733726;upstream_fdr_pass=True
split_003,alpha360_LOW11,3,3,2,0.6666666666666666,1,1.0,1.0,0.05066145360563406,0.010053467906478522,0.02318405472805647,-0.03861694564091609,True,0.00201304719377,1.0,1.0,conditional_signal,eligible_windows=3;selection_frequency=0.667;direction_agreement=1.000;direction_adjusted_validation_positive_ratio=1.000;worst_development_degradation=-0.03861694564091609;upstream_fdr_pass=True
split_003,alpha360_LOW12,3,3,2,0.6666666666666666,1,1.0,1.0,0.05308204854833766,0.012877708691161342,0.023962232841057883,-0.04020433985717632,True,0.00201304719377,1.0,1.0,conditional_signal,eligible_windows=3;selection_frequency=0.667;direction_agreement=1.000;direction_adjusted_validation_positive_ratio=1.000;worst_development_degradation=-0.04020433985717632;upstream_fdr_pass=True
split_003,alpha360_LOW13,3,3,2,0.6666666666666666,1,1.0,0.6666666666666666,0.0554458214101742,0.015729830390564685,0.028803917544124757,-0.039715991019609515,True,0.0032208755100321,1.0,1.0,conditional_signal,eligible_windows=3;selection_frequency=0.667;direction_agreement=1.000;direction_adjusted_validation_positive_ratio=0.667;worst_development_degradation=-0.039715991019609515;upstream_fdr_pass=True
split_003,alpha360_LOW14,3,3,2,0.6666666666666666,1,1.0,0.6666666666666666,0.05793193989347648,0.017646696534264074,0.03215870235710233,-0.04028524335921241,True,0.00201304719377,1.0,1.0,conditional_signal,eligible_windows=3;selection_frequency=0.667;direction_agreement=1.000;direction_adjusted_validation_positive_ratio=0.667;worst_development_degradation=-0.04028524335921241;upstream_fdr_pass=True
split_003,alpha360_LOW15,3,3,2,0.6666666666666666,1,1.0,0.6666666666666666,0.05993855970461535,0.0191110790060793,0.036414934849187064,-0.04082748069853605,True,0.00201304719377,1.0,1.0,conditional_signal,eligible_windows=3;selection_frequency=0.667;direction_agreement=1.000;direction_adjusted_validation_positive_ratio=0.667;worst_development_degradation=-0.04082748069853605;upstream_fdr_pass=True
split_003,alpha360_LOW16,3,3,2,0.6666666666666666,1,1.0,0.6666666666666666,0.061559642880641766,0.024317961543214854,0.04204506392739524,-0.03724168133742691,True,0.0032208755100321,1.0,1.0,conditional_signal,eligible_windows=3;selection_frequency=0.667;direction_agreement=1.000;direction_adjusted_validation_positive_ratio=0.667;worst_development_degradation=-0.03724168133742691;upstream_fdr_pass=True
split_003,alpha360_LOW17,3,3,2,0.6666666666666666,1,1.0,0.6666666666666666,0.06381972521834187,0.02766840730736237,0.044972884271575864,-0.036151317910979495,True,0.00201304719377,1.0,1.0,conditional_signal,eligible_windows=3;selection_frequency=0.667;direction_agreement=1.000;direction_adjusted_validation_positive_ratio=0.667;worst_development_degradation=-0.036151317910979495;upstream_fdr_pass=True
split_003,alpha360_LOW18,3,3,2,0.6666666666666666,1,1.0,0.6666666666666666,0.06627185959633428,0.028721231019446854,0.04435048894938219,-0.03755062857688742,True,0.0032208755100321,1.0,1.0,conditional_signal,eligible_windows=3;selection_frequency=0.667;direction_agreement=1.000;direction_adjusted_validation_positive_ratio=0.667;worst_development_degradation=-0.03755062857688742;upstream_fdr_pass=True
split_003,alpha360_LOW19,3,3,2,0.6666666666666666,1,1.0,0.6666666666666666,0.06845115795004586,0.027386584085969286,0.043287149109614426,-0.041064573864076574,True,0.00201304719377,1.0,1.0,conditional_signal,eligible_windows=3;selection_frequency=0.667;direction_agreement=1.000;direction_adjusted_validation_positive_ratio=0.667;worst_development_degradation=-0.041064573864076574;upstream_fdr_pass=True
split_003,alpha360_LOW2,3,3,3,1.0,1,1.0,1.0,0.03248866529423717,0.021483645147714732,-0.009958741431607243,-0.01839117615385651,True,0.00201304719377,1.0,1.0,stable_core,eligible_windows=3;selection_frequency=1.000;direction_agreement=1.000;direction_adjusted_validation_positive_ratio=1.000;worst_development_degradation=-0.01839117615385651;upstream_fdr_pass=True
split_003,alpha360_LOW20,3,3,2,0.6666666666666666,1,1.0,0.6666666666666666,0.07052614665431253,0.02737839922072736,0.04201534584754924,-0.04327896282145012,True,0.00201304719377,1.0,1.0,conditional_signal,eligible_windows=3;selection_frequency=0.667;direction_agreement=1.000;direction_adjusted_validation_positive_ratio=0.667;worst_development_degradation=-0.04327896282145012;upstream_fdr_pass=True
split_003,alpha360_LOW21,3,3,2,0.6666666666666666,1,1.0,0.6666666666666666,0.07229464849066418,0.030516824863092196,0.042620418358598824,-0.04277484374274462,True,0.00201304719377,1.0,1.0,conditional_signal,eligible_windows=3;selection_frequency=0.667;direction_agreement=1.000;direction_adjusted_validation_positive_ratio=0.667;worst_development_degradation=-0.04277484374274462;upstream_fdr_pass=True
split_003,alpha360_LOW22,3,3,2,0.6666666666666666,1,1.0,0.6666666666666666,0.07398974028232633,0.033974695408990896,0.04353563031421551,-0.042116879227953125,True,0.00201304719377,1.0,1.0,conditional_signal,eligible_windows=3;selection_frequency=0.667;direction_agreement=1.000;direction_adjusted_validation_positive_ratio=0.667;worst_development_degradation=-0.042116879227953125;upstream_fdr_pass=True
split_003,alpha360_LOW23,3,3,2,0.6666666666666666,1,1.0,0.6666666666666666,0.07541940691774165,0.03464770496089238,0.04451007498935958,-0.04403134781545007,True,0.00201304719377,1.0,1.0,conditional_signal,eligible_windows=3;selection_frequency=0.667;direction_agreement=1.000;direction_adjusted_validation_positive_ratio=0.667;worst_development_degradation=-0.04403134781545007;upstream_fdr_pass=True
split_003,alpha360_LOW24,3,3,2,0.6666666666666666,1,1.0,0.6666666666666666,0.07690023500869292,0.03573500337415052,0.0456129426791936,-0.04541922422813781,True,0.00201304719377,1.0,1.0,conditional_signal,eligible_windows=3;selection_frequency=0.667;direction_agreement=1.000;direction_adjusted_validation_positive_ratio=0.667;worst_development_degradation=-0.04541922422813781;upstream_fdr_pass=True
split_003,alpha360_LOW25,3,3,2,0.6666666666666666,1,1.0,0.6666666666666666,0.07816927872169546,0.037802582736822965,0.04819275479803915,-0.045490519304636795,True,0.00201304719377,1.0,1.0,conditional_signal,eligible_windows=3;selection_frequency=0.667;direction_agreement=1.000;direction_adjusted_validation_positive_ratio=0.667;worst_development_degradation=-0.045490519304636795;upstream_fdr_pass=True
split_003,alpha360_LOW26,3,3,2,0.6666666666666666,1,1.0,0.6666666666666666,0.08010300589984438,0.042772323873416326,0.0514437667896098,-0.042321332748622584,True,0.00201304719377,1.0,1.0,conditional_signal,eligible_windows=3;selection_frequency=0.667;direction_agreement=1.000;direction_adjusted_validation_positive_ratio=0.667;worst_development_degradation=-0.042321332748622584;upstream_fdr_pass=True
split_003,alpha360_LOW27,3,3,2,0.6666666666666666,1,1.0,0.6666666666666666,0.0819080447730496,0.04821915294826152,0.053760632247584705,-0.03837424076863511,True,0.00201304719377,1.0,1.0,conditional_signal,eligible_windows=3;selection_frequency=0.667;direction_agreement=1.000;direction_adjusted_validation_positive_ratio=0.667;worst_development_degradation=-0.03837424076863511;upstream_fdr_pass=True
split_003,alpha360_LOW28,3,3,2,0.6666666666666666,1,1.0,0.6666666666666666,0.08357432147428549,0.05217484312834597,0.054146077363199666,-0.03587367413148279,True,0.00201304719377,1.0,1.0,conditional_signal,eligible_windows=3;selection_frequency=0.667;direction_agreement=1.000;direction_adjusted_validation_positive_ratio=0.667;worst_development_degradation=-0.03587367413148279;upstream_fdr_pass=True
split_003,alpha360_LOW29,3,3,2,0.6666666666666666,1,1.0,0.6666666666666666,0.0850142038397384,0.050971223768895,0.05178763523926342,-0.03858836794883162,True,0.00201304719377,1.0,1.0,conditional_signal,eligible_windows=3;selection_frequency=0.667;direction_agreement=1.000;direction_adjusted_validation_positive_ratio=0.667;worst_development_degradation=-0.03858836794883162;upstream_fdr_pass=True
split_003,alpha360_LOW3,3,3,3,1.0,1,1.0,1.0,0.032547113024368184,0.020154925303108882,-0.012392187721259301,-0.01700293678838865,True,0.00201304719377,1.0,1.0,stable_core,eligible_windows=3;selection_frequency=1.000;direction_agreement=1.000;direction_adjusted_validation_positive_ratio=1.000;worst_development_degradation=-0.01700293678838865;upstream_fdr_pass=True
split_003,alpha360_LOW30,3,3,2,0.6666666666666666,1,1.0,0.6666666666666666,0.08598485473573295,0.04687402508997179,0.048795723672021424,-0.04372730204697157,True,0.00201304719377,1.0,1.0,conditional_signal,eligible_windows=3;selection_frequency=0.667;direction_agreement=1.000;direction_adjusted_validation_positive_ratio=0.667;worst_development_degradation=-0.04372730204697157;upstream_fdr_pass=True
split_003,alpha360_LOW31,3,3,2,0.6666666666666666,1,1.0,0.6666666666666666,0.0867849977395632,0.042560965760364916,0.04554066032434113,-0.04911989478971203,True,0.00201304719377,1.0,1.0,conditional_signal,eligible_windows=3;selection_frequency=0.667;direction_agreement=1.000;direction_adjusted_validation_positive_ratio=0.667;worst_development_degradation=-0.04911989478971203;upstream_fdr_pass=True
split_003,alpha360_LOW32,3,3,2,0.6666666666666666,1,1.0,0.6666666666666666,0.0876484116751146,0.04212920150411169,0.04462890218474342,-0.05037495696451606,True,0.00201304719377,1.0,1.0,conditional_signal,eligible_windows=3;selection_frequency=0.667;direction_agreement=1.000;direction_adjusted_validation_positive_ratio=0.667;worst_development_degradation=-0.05037495696451606;upstream_fdr_pass=True
split_003,alpha360_LOW33,3,3,2,0.6666666666666666,1,1.0,0.6666666666666666,0.08801478143969362,0.040780419656637805,0.0449001558607624,-0.05181600406602326,True,0.00201304719377,1.0,1.0,conditional_signal,eligible_windows=3;selection_frequency=0.667;direction_agreement=1.000;direction_adjusted_validation_positive_ratio=0.667;worst_development_degradation=-0.05181600406602326;upstream_fdr_pass=True
split_003,alpha360_LOW34,3,3,2,0.6666666666666666,1,1.0,0.6666666666666666,0.08838734864102109,0.039862418122345575,0.04521038209144007,-0.052846102562105424,True,0.00201304719377,1.0,1.0,conditional_signal,eligible_windows=3;selection_frequency=0.667;direction_agreement=1.000;direction_adjusted_validation_positive_ratio=0.667;worst_development_degradation=-0.052846102562105424;upstream_fdr_pass=True
split_003,alpha360_LOW35,3,3,2,0.6666666666666666,1,1.0,0.6666666666666666,0.08897758875078156,0.0386857396221354,0.044715585757736306,-0.05420475219770842,True,0.00201304719377,1.0,1.0,conditional_signal,eligible_windows=3;selection_frequency=0.667;direction_agreement=1.000;direction_adjusted_validation_positive_ratio=0.667;worst_development_degradation=-0.05420475219770842;upstream_fdr_pass=True
split_003,alpha360_LOW36,3,3,2,0.6666666666666666,1,1.0,0.6666666666666666,0.08949079341395698,0.0356784882290629,0.042660272603606046,-0.057325811598697166,True,0.00201304719377,1.0,1.0,conditional_signal,eligible_windows=3;selection_frequency=0.667;direction_agreement=1.000;direction_adjusted_validation_positive_ratio=0.667;worst_development_degradation=-0.057325811598697166;upstream_fdr_pass=True
split_003,alpha360_LOW37,3,3,2,0.6666666666666666,1,1.0,0.6666666666666666,0.08970064679056242,0.03196235253536997,0.04059181234113886,-0.060846774176033486,True,0.00201304719377,1.0,1.0,conditional_signal,eligible_windows=3;selection_frequency=0.667;direction_agreement=1.000;direction_adjusted_validation_positive_ratio=0.667;worst_development_degradation=-0.060846774176033486;upstream_fdr_pass=True
split_003,alpha360_LOW38,3,3,2,0.6666666666666666,1,1.0,0.6666666666666666,0.08994725672235238,0.02981765881923344,0.039734246024093665,-0.06268945237426556,True,0.00201304719377,1.0,1.0,conditional_signal,eligible_windows=3;selection_frequency=0.667;direction_agreement=1.000;direction_adjusted_validation_positive_ratio=0.667;worst_development_degradation=-0.06268945237426556;upstream_fdr_pass=True
split_003,alpha360_LOW39,3,3,2,0.6666666666666666,1,1.0,0.6666666666666666,0.08994514020163902,0.027762589819465906,0.039128738001262126,-0.06431026424820019,True,0.00201304719377,1.0,1.0,conditional_signal,eligible_windows=3;selection_frequency=0.667;direction_agreement=1.000;direction_adjusted_validation_positive_ratio=0.667;worst_development_degradation=-0.06431026424820019;upstream_fdr_pass=True
split_003,alpha360_LOW4,3,3,3,1.0,1,1.0,1.0,0.03293050410029655,0.029226514284402916,-0.003621862611742393,-0.021132662098118087,True,0.00201304719377,1.0,1.0,stable_core,eligible_windows=3;selection_frequency=1.000;direction_agreement=1.000;direction_adjusted_validation_positive_ratio=1.000;worst_development_degradation=-0.021132662098118087;upstream_fdr_pass=True
split_003,alpha360_LOW40,3,3,2,0.6666666666666666,1,1.0,0.6666666666666666,0.08977667526292739,0.02476499108231433,0.03746588968938597,-0.06682708406779037,True,0.00201304719377,1.0,1.0,conditional_signal,eligible_windows=3;selection_frequency=0.667;direction_agreement=1.000;direction_adjusted_validation_positive_ratio=0.667;worst_development_degradation=-0.06682708406779037;upstream_fdr_pass=True
split_003,alpha360_LOW41,3,3,2,0.6666666666666666,1,1.0,0.6666666666666666,0.08930787724254252,0.02084261119422933,0.03510524850228286,-0.06980526488888233,True,0.00201304719377,1.0,1.0,conditional_signal,eligible_windows=3;selection_frequency=0.667;direction_agreement=1.000;direction_adjusted_validation_positive_ratio=0.667;worst_development_degradation=-0.06980526488888233;upstream_fdr_pass=True
split_003,alpha360_LOW42,3,3,2,0.6666666666666666,1,1.0,0.6666666666666666,0.0886692429129916,0.01744020238187324,0.03288628046791699,-0.0719826074381624,True,0.00201304719377,1.0,1.0,conditional_signal,eligible_windows=3;selection_frequency=0.667;direction_agreement=1.000;direction_adjusted_validation_positive_ratio=0.667;worst_development_degradation=-0.0719826074381624;upstream_fdr_pass=True
split_003,alpha360_LOW43,3,3,2,0.6666666666666666,1,1.0,0.6666666666666666,0.08803265007113281,0.01753848983979795,0.03238067312598891,-0.07049416023133487,True,0.0032208755100321,1.0,1.0,conditional_signal,eligible_windows=3;selection_frequency=0.667;direction_agreement=1.000;direction_adjusted_validation_positive_ratio=0.667;worst_development_degradation=-0.07049416023133487;upstream_fdr_pass=True
split_003,alpha360_LOW44,3,3,2,0.6666666666666666,1,1.0,0.6666666666666666,0.08634318566632153,0.018540670459107837,0.032885205534822354,-0.0678025152072137,True,0.00201304719377,1.0,1.0,conditional_signal,eligible_windows=3;selection_frequency=0.667;direction_agreement=1.000;direction_adjusted_validation_positive_ratio=0.667;worst_development_degradation=-0.0678025152072137;upstream_fdr_pass=True
split_003,alpha360_LOW45,3,3,2,0.6666666666666666,1,1.0,0.6666666666666666,0.08461108490077124,0.01961047758571518,0.03464142382928205,-0.06500060731505605,True,0.00201304719377,1.0,1.0,conditional_signal,eligible_windows=3;selection_frequency=0.667;direction_agreement=1.000;direction_adjusted_validation_positive_ratio=0.667;worst_development_degradation=-0.06500060731505605;upstream_fdr_pass=True
split_003,alpha360_LOW46,3,3,2,0.6666666666666666,1,1.0,0.6666666666666666,0.08288775911470857,0.01869391094338812,0.0358998700830354,-0.06419384817132046,True,0.0032208755100321,1.0,1.0,conditional_signal,eligible_windows=3;selection_frequency=0.667;direction_agreement=1.000;direction_adjusted_validation_positive_ratio=0.667;worst_development_degradation=-0.06419384817132046;upstream_fdr_pass=True
split_003,alpha360_LOW47,3,3,2,0.6666666666666666,1,1.0,0.6666666666666666,0.0813209669251129,0.018118028447843458,0.03641149169100924,-0.06320293847726943,True,0.00201304719377,1.0,1.0,conditional_signal,eligible_windows=3;selection_frequency=0.667;direction_agreement=1.000;direction_adjusted_validation_positive_ratio=0.667;worst_development_degradation=-0.06320293847726943;upstream_fdr_pass=True
split_003,alpha360_LOW48,3,3,2,0.6666666666666666,1,1.0,0.6666666666666666,0.07981782744355204,0.019404897330167488,0.03679333169323515,-0.06041293011338455,True,0.00201304719377,1.0,1.0,conditional_signal,eligible_windows=3;selection_frequency=0.667;direction_agreement=1.000;direction_adjusted_validation_positive_ratio=0.667;worst_development_degradation=-0.06041293011338455;upstream_fdr_pass=True
split_003,alpha360_LOW49,3,3,2,0.6666666666666666,1,1.0,0.6666666666666666,0.07836025414160354,0.023648461715297567,0.03784929798869939,-0.05471179242630597,True,0.00201304719377,1.0,1.0,conditional_signal,eligible_windows=3;selection_frequency=0.667;direction_agreement=1.000;direction_adjusted_validation_positive_ratio=0.667;worst_development_degradation=-0.05471179242630597;upstream_fdr_pass=True
split_003,alpha360_LOW5,3,3,3,1.0,1,1.0,1.0,0.03422136908509681,0.03319743882452918,-0.0010239302605676362,-0.0198752054109701,True,0.00201304719377,1.0,1.0,stable_core,eligible_windows=3;selection_frequency=1.000;direction_agreement=1.000;direction_adjusted_validation_positive_ratio=1.000;worst_development_degradation=-0.0198752054109701;upstream_fdr_pass=True
split_003,alpha360_LOW50,3,3,2,0.6666666666666666,1,1.0,0.6666666666666666,0.07728357757159328,0.027781407492739302,0.03931573154277022,-0.04950217007885398,True,0.00201304719377,1.0,1.0,conditional_signal,eligible_windows=3;selection_frequency=0.667;direction_agreement=1.000;direction_adjusted_validation_positive_ratio=0.667;worst_development_degradation=-0.04950217007885398;upstream_fdr_pass=True
split_003,alpha360_LOW51,3,3,2,0.6666666666666666,1,1.0,0.6666666666666666,0.07611331797415803,0.02911983180622744,0.0389333229545199,-0.04699348616793059,True,0.0032208755100321,1.0,1.0,conditional_signal,eligible_windows=3;selection_frequency=0.667;direction_agreement=1.000;direction_adjusted_validation_positive_ratio=0.667;worst_development_degradation=-0.04699348616793059;upstream_fdr_pass=True
split_003,alpha360_LOW52,3,3,2,0.6666666666666666,1,1.0,0.6666666666666666,0.07508628326967393,0.02673059589645117,0.035448381310131456,-0.04835568737322275,True,0.0032208755100321,1.0,1.0,conditional_signal,eligible_windows=3;selection_frequency=0.667;direction_agreement=1.000;direction_adjusted_validation_positive_ratio=0.667;worst_development_degradation=-0.04835568737322275;upstream_fdr_pass=True
split_003,alpha360_LOW53,3,3,2,0.6666666666666666,1,1.0,0.6666666666666666,0.07395565387299753,0.023133686470981456,0.031034167199846457,-0.050821967402016076,True,0.00201304719377,1.0,1.0,conditional_signal,eligible_windows=3;selection_frequency=0.667;direction_agreement=1.000;direction_adjusted_validation_positive_ratio=0.667;worst_development_degradation=-0.050821967402016076;upstream_fdr_pass=True
split_003,alpha360_LOW54,3,3,2,0.6666666666666666,1,1.0,0.6666666666666666,0.07319675578951701,0.02046491966472932,0.02679990206309971,-0.05273183612478769,True,0.00201304719377,1.0,1.0,conditional_signal,eligible_windows=3;selection_frequency=0.667;direction_agreement=1.000;direction_adjusted_validation_positive_ratio=0.667;worst_development_degradation=-0.05273183612478769;upstream_fdr_pass=True
split_003,alpha360_LOW55,3,3,2,0.6666666666666666,1,1.0,0.6666666666666666,0.0726066491624684,0.019355557100613683,0.02201422574191108,-0.053251092061854716,True,0.0032208755100321,1.0,1.0,conditional_signal,eligible_windows=3;selection_frequency=0.667;direction_agreement=1.000;direction_adjusted_validation_positive_ratio=0.667;worst_development_degradation=-0.053251092061854716;upstream_fdr_pass=True
split_003,alpha360_LOW56,3,3,2,0.6666666666666666,1,1.0,0.6666666666666666,0.07226703526638581,0.017318588412151937,0.018252509198698787,-0.054948446854233876,True,0.00201304719377,1.0,1.0,conditional_signal,eligible_windows=3;selection_frequency=0.667;direction_agreement=1.000;direction_adjusted_validation_positive_ratio=0.667;worst_development_degradation=-0.054948446854233876;upstream_fdr_pass=True
split_003,alpha360_LOW57,3,3,2,0.6666666666666666,1,1.0,0.6666666666666666,0.07227327035975574,0.01357531427940321,0.014155922075224071,-0.058697956080352526,True,0.00201304719377,1.0,1.0,conditional_signal,eligible_windows=3;selection_frequency=0.667;direction_agreement=1.000;direction_adjusted_validation_positive_ratio=0.667;worst_development_degradation=-0.058697956080352526;upstream_fdr_pass=True
split_003,alpha360_LOW58,3,3,1,0.3333333333333333,1,1.0,0.6666666666666666,0.07244996468960052,0.009066993649258072,0.08447123393929432,0.08447123393929432,True,0.00201304719377,1.0,1.0,conditional_signal,eligible_windows=3;selection_frequency=0.333;direction_agreement=1.000;direction_adjusted_validation_positive_ratio=0.667;worst_development_degradation=0.08447123393929432;upstream_fdr_pass=True
split_003,alpha360_LOW59,3,3,1,0.3333333333333333,1,1.0,0.6666666666666666,0.0725922768117314,0.005896860723713112,0.08292417145033174,0.08292417145033174,True,0.00201304719377,1.0,1.0,conditional_signal,eligible_windows=3;selection_frequency=0.333;direction_agreement=1.000;direction_adjusted_validation_positive_ratio=0.667;worst_development_degradation=0.08292417145033174;upstream_fdr_pass=True
split_003,alpha360_LOW6,3,3,3,1.0,1,1.0,1.0,0.03688299146801436,0.036441378719054326,-0.00043616988624656933,-0.024909473961968836,True,0.00201304719377,1.0,1.0,stable_core,eligible_windows=3;selection_frequency=1.000;direction_agreement=1.000;direction_adjusted_validation_positive_ratio=1.000;worst_development_degradation=-0.024909473961968836;upstream_fdr_pass=True
split_003,alpha360_LOW7,3,3,3,1.0,1,1.0,1.0,0.039362819852609705,0.03691348627573481,-0.002229716432402766,-0.02701206341465868,True,0.00201304719377,1.0,1.0,stable_core,eligible_windows=3;selection_frequency=1.000;direction_agreement=1.000;direction_adjusted_validation_positive_ratio=1.000;worst_development_degradation=-0.02701206341465868;upstream_fdr_pass=True
split_003,alpha360_LOW8,3,3,3,1.0,1,1.0,1.0,0.04196084857397561,0.03260021386507791,-0.008997031435469378,-0.02832655673866534,True,0.00201304719377,1.0,1.0,stable_core,eligible_windows=3;selection_frequency=1.000;direction_agreement=1.000;direction_adjusted_validation_positive_ratio=1.000;worst_development_degradation=-0.02832655673866534;upstream_fdr_pass=True
split_003,alpha360_LOW9,3,3,3,1.0,1,1.0,1.0,0.04469139416266164,0.0268678413724965,-0.01708767753317594,-0.03332406182279464,True,0.00201304719377,1.0,1.0,conditional_signal,eligible_windows=3;selection_frequency=1.000;direction_agreement=1.000;direction_adjusted_validation_positive_ratio=1.000;worst_development_degradation=-0.03332406182279464;upstream_fdr_pass=True
split_003,alpha360_OPEN0,3,3,3,1.0,1,1.0,1.0,0.01207432608953079,0.013000498872346933,0.0024655898570353427,0.0009261727828161429,True,0.0106507038777955,1.0,1.0,stable_core,eligible_windows=3;selection_frequency=1.000;direction_agreement=1.000;direction_adjusted_validation_positive_ratio=1.000;worst_development_degradation=0.0009261727828161429;upstream_fdr_pass=True
split_003,alpha360_OPEN1,3,3,1,0.3333333333333333,1,1.0,0.6666666666666666,0.014636074585924506,0.0019917133620873466,0.014832861592348982,0.014832861592348982,True,0.0056758528096107,1.0,1.0,conditional_signal,eligible_windows=3;selection_frequency=0.333;direction_agreement=1.000;direction_adjusted_validation_positive_ratio=0.667;worst_development_degradation=0.014832861592348982;upstream_fdr_pass=True
split_003,alpha360_OPEN10,3,3,1,0.3333333333333333,1,1.0,0.6666666666666666,0.04127719311322589,0.006529000764038678,0.07201560292799757,0.07201560292799757,True,0.00201304719377,1.0,1.0,conditional_signal,eligible_windows=3;selection_frequency=0.333;direction_agreement=1.000;direction_adjusted_validation_positive_ratio=0.667;worst_development_degradation=0.07201560292799757;upstream_fdr_pass=True
split_003,alpha360_OPEN11,3,3,1,0.3333333333333333,1,1.0,0.6666666666666666,0.04447542526918379,0.0031395689164277706,0.07695803266049646,0.07695803266049646,True,0.00201304719377,1.0,1.0,conditional_signal,eligible_windows=3;selection_frequency=0.333;direction_agreement=1.000;direction_adjusted_validation_positive_ratio=0.667;worst_development_degradation=0.07695803266049646;upstream_fdr_pass=True
split_003,alpha360_OPEN12,3,3,1,0.3333333333333333,1,1.0,0.6666666666666666,0.04688403078835392,0.0073580366932965114,0.0814851934323032,0.0814851934323032,True,0.00201304719377,1.0,1.0,conditional_signal,eligible_windows=3;selection_frequency=0.333;direction_agreement=1.000;direction_adjusted_validation_positive_ratio=0.667;worst_development_degradation=0.0814851934323032;upstream_fdr_pass=True
split_003,alpha360_OPEN13,3,3,1,0.3333333333333333,1,1.0,0.6666666666666666,0.049564976543293324,0.00958926457269542,0.09106846783050193,0.09106846783050193,True,0.0044162885572577,1.0,1.0,conditional_signal,eligible_windows=3;selection_frequency=0.333;direction_agreement=1.000;direction_adjusted_validation_positive_ratio=0.667;worst_development_degradation=0.09106846783050193;upstream_fdr_pass=True
split_003,alpha360_OPEN14,3,3,1,0.3333333333333333,1,1.0,0.6666666666666666,0.052461395538430274,0.009890734984978167,0.09836993549700689,0.09836993549700689,True,0.00201304719377,1.0,1.0,conditional_signal,eligible_windows=3;selection_frequency=0.333;direction_agreement=1.000;direction_adjusted_validation_positive_ratio=0.667;worst_development_degradation=0.09836993549700689;upstream_fdr_pass=True
split_003,alpha360_OPEN15,3,3,2,0.6666666666666666,1,1.0,0.6666666666666666,0.05450736323052466,0.013235064672489156,0.03448445384806178,-0.041272298558035506,True,0.0032208755100321,1.0,1.0,conditional_signal,eligible_windows=3;selection_frequency=0.667;direction_agreement=1.000;direction_adjusted_validation_positive_ratio=0.667;worst_development_degradation=-0.041272298558035506;upstream_fdr_pass=True
split_003,alpha360_OPEN16,3,3,2,0.6666666666666666,1,1.0,0.6666666666666666,0.05639379598941925,0.01714445287710114,0.039476057819930285,-0.03924934311231811,True,0.00201304719377,1.0,1.0,conditional_signal,eligible_windows=3;selection_frequency=0.667;direction_agreement=1.000;direction_adjusted_validation_positive_ratio=0.667;worst_development_degradation=-0.03924934311231811;upstream_fdr_pass=True
split_003,alpha360_OPEN17,3,3,2,0.6666666666666666,1,1.0,0.6666666666666666,0.05902407344928927,0.021468870878417635,0.04100886987478365,-0.03755520257087164,True,0.00201304719377,1.0,1.0,conditional_signal,eligible_windows=3;selection_frequency=0.667;direction_agreement=1.000;direction_adjusted_validation_positive_ratio=0.667;worst_development_degradation=-0.03755520257087164;upstream_fdr_pass=True
split_003,alpha360_OPEN18,3,3,2,0.6666666666666666,1,1.0,0.6666666666666666,0.061570810250619806,0.02122946734578066,0.040315049253610104,-0.04034134290483915,True,0.00201304719377,1.0,1.0,conditional_signal,eligible_windows=3;selection_frequency=0.667;direction_agreement=1.000;direction_adjusted_validation_positive_ratio=0.667;worst_development_degradation=-0.04034134290483915;upstream_fdr_pass=True
split_003,alpha360_OPEN19,3,3,2,0.6666666666666666,1,1.0,0.6666666666666666,0.06355530115466533,0.019870850932645772,0.038558672015394035,-0.04404717006653257,True,0.00201304719377,1.0,1.0,conditional_signal,eligible_windows=3;selection_frequency=0.667;direction_agreement=1.000;direction_adjusted_validation_positive_ratio=0.667;worst_development_degradation=-0.04404717006653257;upstream_fdr_pass=True
split_003,alpha360_OPEN2,3,3,1,0.3333333333333333,1,1.0,0.6666666666666666,0.017538854908797776,0.006641832344819079,0.015600488837990215,0.015600488837990215,True,0.006990917032758,1.0,1.0,conditional_signal,eligible_windows=3;selection_frequency=0.333;direction_agreement=1.000;direction_adjusted_validation_positive_ratio=0.667;worst_development_degradation=0.015600488837990215;upstream_fdr_pass=True
split_003,alpha360_OPEN20,3,3,2,0.6666666666666666,1,1.0,0.6666666666666666,0.06511684333110977,0.022274823817098072,0.03899040786946423,-0.04395260260896906,True,0.0032208755100321,1.0,1.0,conditional_signal,eligible_windows=3;selection_frequency=0.667;direction_agreement=1.000;direction_adjusted_validation_positive_ratio=0.667;worst_development_degradation=-0.04395260260896906;upstream_fdr_pass=True
split_003,alpha360_OPEN21,3,3,2,0.6666666666666666,1,1.0,0.6666666666666666,0.06709056168943967,0.027021312568348877,0.0403409624123724,-0.04194888050937061,True,0.00201304719377,1.0,1.0,conditional_signal,eligible_windows=3;selection_frequency=0.667;direction_agreement=1.000;direction_adjusted_validation_positive_ratio=0.667;worst_development_degradation=-0.04194888050937061;upstream_fdr_pass=True
split_003,alpha360_OPEN22,3,3,2,0.6666666666666666,1,1.0,0.6666666666666666,0.06860051314215916,0.02982962613084906,0.04184401936190087,-0.041921856078536456,True,0.00201304719377,1.0,1.0,conditional_signal,eligible_windows=3;selection_frequency=0.667;direction_agreement=1.000;direction_adjusted_validation_positive_ratio=0.667;worst_development_degradation=-0.041921856078536456;upstream_fdr_pass=True
split_003,alpha360_OPEN23,3,3,2,0.6666666666666666,1,1.0,0.6666666666666666,0.07005886887899528,0.029632209201409555,0.0429206881397743,-0.0447420578175313,True,0.00201304719377,1.0,1.0,conditional_signal,eligible_windows=3;selection_frequency=0.667;direction_agreement=1.000;direction_adjusted_validation_positive_ratio=0.667;worst_development_degradation=-0.0447420578175313;upstream_fdr_pass=True
split_003,alpha360_OPEN24,3,3,2,0.6666666666666666,1,1.0,0.6666666666666666,0.071736358586732,0.030326812772543593,0.04430874366184539,-0.046561172621184324,True,0.00201304719377,1.0,1.0,conditional_signal,eligible_windows=3;selection_frequency=0.667;direction_agreement=1.000;direction_adjusted_validation_positive_ratio=0.667;worst_development_degradation=-0.046561172621184324;upstream_fdr_pass=True
split_003,alpha360_OPEN25,3,3,2,0.6666666666666666,1,1.0,0.6666666666666666,0.0728976033731455,0.03375148680027213,0.04717626745871932,-0.04508886957229224,True,0.00201304719377,1.0,1.0,conditional_signal,eligible_windows=3;selection_frequency=0.667;direction_agreement=1.000;direction_adjusted_validation_positive_ratio=0.667;worst_development_degradation=-0.04508886957229224;upstream_fdr_pass=True
split_003,alpha360_OPEN26,3,3,2,0.6666666666666666,1,1.0,0.6666666666666666,0.07505540047172045,0.03997652253117434,0.05045938991908367,-0.0407462811360894,True,0.0032208755100321,1.0,1.0,conditional_signal,eligible_windows=3;selection_frequency=0.667;direction_agreement=1.000;direction_adjusted_validation_positive_ratio=0.667;worst_development_degradation=-0.0407462811360894;upstream_fdr_pass=True
split_003,alpha360_OPEN27,3,3,2,0.6666666666666666,1,1.0,0.6666666666666666,0.07689672422443006,0.044754713220068534,0.05167697110917789,-0.037542318834052374,True,0.00201304719377,1.0,1.0,conditional_signal,eligible_windows=3;selection_frequency=0.667;direction_agreement=1.000;direction_adjusted_validation_positive_ratio=0.667;worst_development_degradation=-0.037542318834052374;upstream_fdr_pass=True
split_003,alpha360_OPEN28,3,3,2,0.6666666666666666,1,1.0,0.6666666666666666,0.07869323454913793,0.04623771903016885,0.05054604427735765,-0.03779139292273287,True,0.00201304719377,1.0,1.0,conditional_signal,eligible_windows=3;selection_frequency=0.667;direction_agreement=1.000;direction_adjusted_validation_positive_ratio=0.667;worst_development_degradation=-0.03779139292273287;upstream_fdr_pass=True
split_003,alpha360_OPEN29,3,3,2,0.6666666666666666,1,1.0,0.6666666666666666,0.07997790623379634,0.04396858351962515,0.04813895887954685,-0.041480526954212234,True,0.00201304719377,1.0,1.0,conditional_signal,eligible_windows=3;selection_frequency=0.667;direction_agreement=1.000;direction_adjusted_validation_positive_ratio=0.667;worst_development_degradation=-0.041480526954212234;upstream_fdr_pass=True
split_003,alpha360_OPEN3,3,3,2,0.6666666666666666,1,1.0,0.6666666666666666,0.020613598136672753,0.012829094647581734,0.007131631790000993,-0.005050945289223719,True,0.0032208755100321,1.0,1.0,stable_core,eligible_windows=3;selection_frequency=0.667;direction_agreement=1.000;direction_adjusted_validation_positive_ratio=0.667;worst_development_degradation=-0.005050945289223719;upstream_fdr_pass=True
split_003,alpha360_OPEN30,3,3,2,0.6666666666666666,1,1.0,0.6666666666666666,0.08092293648841647,0.039556043107706704,0.045183981479312914,-0.04687751231653613,True,0.00201304719377,1.0,1.0,conditional_signal,eligible_windows=3;selection_frequency=0.667;direction_agreement=1.000;direction_adjusted_validation_positive_ratio=0.667;worst_development_degradation=-0.04687751231653613;upstream_fdr_pass=True
split_003,alpha360_OPEN31,3,3,2,0.6666666666666666,1,1.0,0.6666666666666666,0.081734843635262,0.037014859297095026,0.042850309343173534,-0.0504536179528349,True,0.00201304719377,1.0,1.0,conditional_signal,eligible_windows=3;selection_frequency=0.667;direction_agreement=1.000;direction_adjusted_validation_positive_ratio=0.667;worst_development_degradation=-0.0504536179528349;upstream_fdr_pass=True
split_003,alpha360_OPEN32,3,3,2,0.6666666666666666,1,1.0,0.6666666666666666,0.08257227925700111,0.03716931378995583,0.04304820206354739,-0.0509716136233805,True,0.00201304719377,1.0,1.0,conditional_signal,eligible_windows=3;selection_frequency=0.667;direction_agreement=1.000;direction_adjusted_validation_positive_ratio=0.667;worst_development_degradation=-0.0509716136233805;upstream_fdr_pass=True
split_003,alpha360_OPEN33,3,3,2,0.6666666666666666,1,1.0,0.6666666666666666,0.08307113940656952,0.035315220584823025,0.04242291570818339,-0.053051670673152924,True,0.00201304719377,1.0,1.0,conditional_signal,eligible_windows=3;selection_frequency=0.667;direction_agreement=1.000;direction_adjusted_validation_positive_ratio=0.667;worst_development_degradation=-0.053051670673152924;upstream_fdr_pass=True
split_003,alpha360_OPEN34,3,3,2,0.6666666666666666,1,1.0,0.6666666666666666,0.08357456156532844,0.0346401632168266,0.042964877651097085,-0.05392859332760412,True,0.00201304719377,1.0,1.0,conditional_signal,eligible_windows=3;selection_frequency=0.667;direction_agreement=1.000;direction_adjusted_validation_positive_ratio=0.667;worst_development_degradation=-0.05392859332760412;upstream_fdr_pass=True
split_003,alpha360_OPEN35,3,3,2,0.6666666666666666,1,1.0,0.6666666666666666,0.08417962853275014,0.03280520479989368,0.04158104646865031,-0.05592749216082236,True,0.00201304719377,1.0,1.0,conditional_signal,eligible_windows=3;selection_frequency=0.667;direction_agreement=1.000;direction_adjusted_validation_positive_ratio=0.667;worst_development_degradation=-0.05592749216082236;upstream_fdr_pass=True
split_003,alpha360_OPEN36,3,3,2,0.6666666666666666,1,1.0,0.6666666666666666,0.08466855309677218,0.029288902836140506,0.039613563939096944,-0.05959709353449491,True,0.00201304719377,1.0,1.0,conditional_signal,eligible_windows=3;selection_frequency=0.667;direction_agreement=1.000;direction_adjusted_validation_positive_ratio=0.667;worst_development_degradation=-0.05959709353449491;upstream_fdr_pass=True
split_003,alpha360_OPEN37,3,3,2,0.6666666666666666,1,1.0,0.6666666666666666,0.08495399618862282,0.025851062505998716,0.03794912738257891,-0.06284971324901067,True,0.00201304719377,1.0,1.0,conditional_signal,eligible_windows=3;selection_frequency=0.667;direction_agreement=1.000;direction_adjusted_validation_positive_ratio=0.667;worst_development_degradation=-0.06284971324901067;upstream_fdr_pass=True
split_003,alpha360_OPEN38,3,3,2,0.6666666666666666,1,1.0,0.6666666666666666,0.08516724169931462,0.024045468390492826,0.03757859921880663,-0.06434697569723477,True,0.00201304719377,1.0,1.0,conditional_signal,eligible_windows=3;selection_frequency=0.667;direction_agreement=1.000;direction_adjusted_validation_positive_ratio=0.667;worst_development_degradation=-0.06434697569723477;upstream_fdr_pass=True
split_003,alpha360_OPEN39,3,3,2,0.6666666666666666,1,1.0,0.6666666666666666,0.08533282916005476,0.022221887452636428,0.03716938605244273,-0.0659617345797357,True,0.00201304719377,1.0,1.0,conditional_signal,eligible_windows=3;selection_frequency=0.667;direction_agreement=1.000;direction_adjusted_validation_positive_ratio=0.667;worst_development_degradation=-0.0659617345797357;upstream_fdr_pass=True
split_003,alpha360_OPEN4,3,3,2,0.6666666666666666,1,1.0,0.6666666666666666,0.022600972945933346,0.018169239159617115,0.013571673451613014,-0.0017702998725062542,True,0.0032208755100321,1.0,1.0,stable_core,eligible_windows=3;selection_frequency=0.667;direction_agreement=1.000;direction_adjusted_validation_positive_ratio=0.667;worst_development_degradation=-0.0017702998725062542;upstream_fdr_pass=True
split_003,alpha360_OPEN40,3,3,2,0.6666666666666666,1,1.0,0.6666666666666666,0.08507746602015735,0.019129265957673513,0.03465976013878718,-0.06854263415801763,True,0.00201304719377,1.0,1.0,conditional_signal,eligible_windows=3;selection_frequency=0.667;direction_agreement=1.000;direction_adjusted_validation_positive_ratio=0.667;worst_development_degradation=-0.06854263415801763;upstream_fdr_pass=True
split_003,alpha360_OPEN41,3,3,2,0.6666666666666666,1,1.0,0.6666666666666666,0.08458144144628067,0.015212695311770955,0.031906806967120484,-0.07141781215724739,True,0.00201304719377,1.0,1.0,conditional_signal,eligible_windows=3;selection_frequency=0.667;direction_agreement=1.000;direction_adjusted_validation_positive_ratio=0.667;worst_development_degradation=-0.07141781215724739;upstream_fdr_pass=True
split_003,alpha360_OPEN42,3,3,2,0.6666666666666666,1,1.0,0.6666666666666666,0.08401404619685285,0.012949791515217584,0.030416267944167234,-0.07257440641679593,True,0.00201304719377,1.0,1.0,conditional_signal,eligible_windows=3;selection_frequency=0.667;direction_agreement=1.000;direction_adjusted_validation_positive_ratio=0.667;worst_development_degradation=-0.07257440641679593;upstream_fdr_pass=True
split_003,alpha360_OPEN43,3,3,2,0.6666666666666666,1,1.0,0.6666666666666666,0.08359018720173682,0.014189637121650445,0.029868000894066535,-0.06993146229991057,True,0.0032208755100321,1.0,1.0,conditional_signal,eligible_windows=3;selection_frequency=0.667;direction_agreement=1.000;direction_adjusted_validation_positive_ratio=0.667;worst_development_degradation=-0.06993146229991057;upstream_fdr_pass=True
split_003,alpha360_OPEN44,3,3,2,0.6666666666666666,1,1.0,0.6666666666666666,0.08230369564683523,0.015147922499506264,0.03090120453554402,-0.06715577314732897,True,0.00201304719377,1.0,1.0,conditional_signal,eligible_windows=3;selection_frequency=0.667;direction_agreement=1.000;direction_adjusted_validation_positive_ratio=0.667;worst_development_degradation=-0.06715577314732897;upstream_fdr_pass=True
split_003,alpha360_OPEN45,3,3,2,0.6666666666666666,1,1.0,0.6666666666666666,0.08058960264389115,0.01658080805739153,0.03346205788406395,-0.0640087945864996,True,0.00201304719377,1.0,1.0,conditional_signal,eligible_windows=3;selection_frequency=0.667;direction_agreement=1.000;direction_adjusted_validation_positive_ratio=0.667;worst_development_degradation=-0.0640087945864996;upstream_fdr_pass=True
split_003,alpha360_OPEN46,3,3,2,0.6666666666666666,1,1.0,0.6666666666666666,0.07891720856607264,0.014934540027448179,0.03416023071020315,-0.06398266853862446,True,0.00201304719377,1.0,1.0,conditional_signal,eligible_windows=3;selection_frequency=0.667;direction_agreement=1.000;direction_adjusted_validation_positive_ratio=0.667;worst_development_degradation=-0.06398266853862446;upstream_fdr_pass=True
split_003,alpha360_OPEN47,3,3,2,0.6666666666666666,1,1.0,0.6666666666666666,0.07736482090980756,0.015170711952460305,0.03462390129162812,-0.062194108957347255,True,0.00201304719377,1.0,1.0,conditional_signal,eligible_windows=3;selection_frequency=0.667;direction_agreement=1.000;direction_adjusted_validation_positive_ratio=0.667;worst_development_degradation=-0.062194108957347255;upstream_fdr_pass=True
split_003,alpha360_OPEN48,3,3,2,0.6666666666666666,1,1.0,0.6666666666666666,0.07588230782806743,0.018034981801839677,0.03489774964022922,-0.057847326026227754,True,0.00201304719377,1.0,1.0,conditional_signal,eligible_windows=3;selection_frequency=0.667;direction_agreement=1.000;direction_adjusted_validation_positive_ratio=0.667;worst_development_degradation=-0.057847326026227754;upstream_fdr_pass=True
split_003,alpha360_OPEN49,3,3,2,0.6666666666666666,1,1.0,0.6666666666666666,0.0745981743363652,0.022808703860437277,0.03691068082566338,-0.051789470475927926,True,0.0032208755100321,1.0,1.0,conditional_signal,eligible_windows=3;selection_frequency=0.667;direction_agreement=1.000;direction_adjusted_validation_positive_ratio=0.667;worst_development_degradation=-0.051789470475927926;upstream_fdr_pass=True
split_003,alpha360_OPEN5,3,3,2,0.6666666666666666,1,1.0,1.0,0.0249904271343574,0.021217663602928524,0.017122326331454708,-0.0019111079165848727,True,0.0044162885572577,1.0,1.0,stable_core,eligible_windows=3;selection_frequency=0.667;direction_agreement=1.000;direction_adjusted_validation_positive_ratio=1.000;worst_development_degradation=-0.0019111079165848727;upstream_fdr_pass=True
split_003,alpha360_OPEN50,3,3,2,0.6666666666666666,1,1.0,0.6666666666666666,0.073480893689532,0.025888293610106177,0.03833548542454619,-0.047592600079425826,True,0.00201304719377,1.0,1.0,conditional_signal,eligible_windows=3;selection_frequency=0.667;direction_agreement=1.000;direction_adjusted_validation_positive_ratio=0.667;worst_development_degradation=-0.047592600079425826;upstream_fdr_pass=True
split_003,alpha360_OPEN51,3,3,2,0.6666666666666666,1,1.0,0.6666666666666666,0.07253577398875252,0.025254754084963676,0.036029978214231304,-0.04728101990378884,True,0.00201304719377,1.0,1.0,conditional_signal,eligible_windows=3;selection_frequency=0.667;direction_agreement=1.000;direction_adjusted_validation_positive_ratio=0.667;worst_development_degradation=-0.04728101990378884;upstream_fdr_pass=True
split_003,alpha360_OPEN52,3,3,2,0.6666666666666666,1,1.0,0.6666666666666666,0.07137094321166323,0.021549403198613988,0.03160238101557104,-0.04982154001304925,True,0.00201304719377,1.0,1.0,conditional_signal,eligible_windows=3;selection_frequency=0.667;direction_agreement=1.000;direction_adjusted_validation_positive_ratio=0.667;worst_development_degradation=-0.04982154001304925;upstream_fdr_pass=True
split_003,alpha360_OPEN53,3,3,2,0.6666666666666666,1,1.0,0.6666666666666666,0.07044991796651666,0.018915386098726162,0.027321398453871958,-0.0515345318677905,True,0.00201304719377,1.0,1.0,conditional_signal,eligible_windows=3;selection_frequency=0.667;direction_agreement=1.000;direction_adjusted_validation_positive_ratio=0.667;worst_development_degradation=-0.0515345318677905;upstream_fdr_pass=True
split_003,alpha360_OPEN54,3,3,2,0.6666666666666666,1,1.0,0.6666666666666666,0.06991138432373638,0.01740683324974948,0.02334874053537675,-0.052504551073986896,True,0.00201304719377,1.0,1.0,conditional_signal,eligible_windows=3;selection_frequency=0.667;direction_agreement=1.000;direction_adjusted_validation_positive_ratio=0.667;worst_development_degradation=-0.052504551073986896;upstream_fdr_pass=True
split_003,alpha360_OPEN55,3,3,2,0.6666666666666666,1,1.0,0.6666666666666666,0.06939791978352289,0.016146262852208222,0.019330725718639755,-0.053251656931314666,True,0.00201304719377,1.0,1.0,conditional_signal,eligible_windows=3;selection_frequency=0.667;direction_agreement=1.000;direction_adjusted_validation_positive_ratio=0.667;worst_development_degradation=-0.053251656931314666;upstream_fdr_pass=True
split_003,alpha360_OPEN56,3,3,2,0.6666666666666666,1,1.0,0.6666666666666666,0.06928499583567913,0.012341380842777005,0.014748369142172795,-0.05694361499290212,True,0.00201304719377,1.0,1.0,conditional_signal,eligible_windows=3;selection_frequency=0.667;direction_agreement=1.000;direction_adjusted_validation_positive_ratio=0.667;worst_development_degradation=-0.05694361499290212;upstream_fdr_pass=True
split_003,alpha360_OPEN57,3,3,1,0.3333333333333333,1,1.0,0.6666666666666666,0.0694014486866714,0.0076830428829303046,0.08442612979485288,0.08442612979485288,True,0.00201304719377,1.0,1.0,conditional_signal,eligible_windows=3;selection_frequency=0.333;direction_agreement=1.000;direction_adjusted_validation_positive_ratio=0.667;worst_development_degradation=0.08442612979485288;upstream_fdr_pass=True
split_003,alpha360_OPEN58,3,3,1,0.3333333333333333,1,1.0,0.6666666666666666,0.0696957575574963,0.00374440172319618,0.08341263808702529,0.08341263808702529,True,0.0032208755100321,1.0,1.0,conditional_signal,eligible_windows=3;selection_frequency=0.333;direction_agreement=1.000;direction_adjusted_validation_positive_ratio=0.667;worst_development_degradation=0.08341263808702529;upstream_fdr_pass=True
split_003,alpha360_OPEN59,3,3,1,0.3333333333333333,1,1.0,0.6666666666666666,0.06976583402460487,0.001184733761954913,0.08093266107100075,0.08093266107100075,True,0.00201304719377,1.0,1.0,conditional_signal,eligible_windows=3;selection_frequency=0.333;direction_agreement=1.000;direction_adjusted_validation_positive_ratio=0.667;worst_development_degradation=0.08093266107100075;upstream_fdr_pass=True
split_003,alpha360_OPEN6,3,3,2,0.6666666666666666,1,1.0,0.6666666666666666,0.028808278359410633,0.02459306140551313,0.018405558649040296,-0.002060048503025984,True,0.00201304719377,1.0,1.0,stable_core,eligible_windows=3;selection_frequency=0.667;direction_agreement=1.000;direction_adjusted_validation_positive_ratio=0.667;worst_development_degradation=-0.002060048503025984;upstream_fdr_pass=True
split_003,alpha360_OPEN7,3,3,2,0.6666666666666666,1,1.0,1.0,0.03154471209834442,0.02232549741525318,0.022109599464625027,-0.0073156741032575565,True,0.0032208755100321,1.0,1.0,stable_core,eligible_windows=3;selection_frequency=0.667;direction_agreement=1.000;direction_adjusted_validation_positive_ratio=1.000;worst_development_degradation=-0.0073156741032575565;upstream_fdr_pass=True
split_003,alpha360_OPEN8,3,3,2,0.6666666666666666,1,1.0,1.0,0.0346702176463452,0.017696851775898324,0.023232982319371015,-0.014896924454032671,True,0.0032208755100321,1.0,1.0,stable_core,eligible_windows=3;selection_frequency=0.667;direction_agreement=1.000;direction_adjusted_validation_positive_ratio=1.000;worst_development_degradation=-0.014896924454032671;upstream_fdr_pass=True
split_003,alpha360_OPEN9,3,3,2,0.6666666666666666,1,1.0,1.0,0.03777862324000518,0.012287296254442607,0.02419510199796277,-0.023079799485962546,True,0.00201304719377,1.0,1.0,stable_core,eligible_windows=3;selection_frequency=0.667;direction_agreement=1.000;direction_adjusted_validation_positive_ratio=1.000;worst_development_degradation=-0.023079799485962546;upstream_fdr_pass=True
split_003,alpha360_VOLUME1,3,3,0,0.0,1,1.0,0.6666666666666666,0.0013665822929031495,0.000752244274761732,,,False,0.4085413019582298,1.0,1.0,holdout,eligible_windows=3;selection_frequency=0.000;direction_agreement=1.000;direction_adjusted_validation_positive_ratio=0.667;worst_development_degradation=nan;upstream_fdr_pass=False
split_003,alpha360_VOLUME10,3,3,2,0.6666666666666666,1,1.0,1.0,0.0071005752113652565,0.023998186534757226,0.015904641124518937,0.014911670925645904,True,0.0448703240222674,1.0,1.0,stable_core,eligible_windows=3;selection_frequency=0.667;direction_agreement=1.000;direction_adjusted_validation_positive_ratio=1.000;worst_development_degradation=0.014911670925645904;upstream_fdr_pass=True
split_003,alpha360_VOLUME11,3,3,2,0.6666666666666666,1,1.0,1.0,0.009050220418951854,0.02431826124371201,0.0174888830275648,0.015268040824760156,True,0.0323966876929174,1.0,1.0,stable_core,eligible_windows=3;selection_frequency=0.667;direction_agreement=1.000;direction_adjusted_validation_positive_ratio=1.000;worst_development_degradation=0.015268040824760156;upstream_fdr_pass=True
split_003,alpha360_VOLUME12,3,3,3,1.0,1,1.0,1.0,0.010858615731166253,0.020095060006814193,0.00923644427564794,0.005523396472581207,True,0.0129521641149548,1.0,1.0,stable_core,eligible_windows=3;selection_frequency=1.000;direction_agreement=1.000;direction_adjusted_validation_positive_ratio=1.000;worst_development_degradation=0.005523396472581207;upstream_fdr_pass=True
split_003,alpha360_VOLUME13,3,3,3,1.0,1,1.0,1.0,0.011874326386619541,0.022448605798661505,0.01140458130003389,0.008901318874503293,True,0.0119108614158119,1.0,1.0,stable_core,eligible_windows=3;selection_frequency=1.000;direction_agreement=1.000;direction_adjusted_validation_positive_ratio=1.000;worst_development_degradation=0.008901318874503293;upstream_fdr_pass=True
split_003,alpha360_VOLUME14,3,3,3,1.0,1,1.0,1.0,0.013571357994505541,0.021044012293413832,0.007877197395657629,0.006641355457186996,True,0.0082340657289322,1.0,1.0,stable_core,eligible_windows=3;selection_frequency=1.000;direction_agreement=1.000;direction_adjusted_validation_positive_ratio=1.000;worst_development_degradation=0.006641355457186996;upstream_fdr_pass=True
split_003,alpha360_VOLUME15,3,3,3,1.0,1,1.0,1.0,0.0144728757040624,0.022015870551753476,0.007542994847691076,0.0002856068246539969,True,0.0106507038777955,1.0,1.0,stable_core,eligible_windows=3;selection_frequency=1.000;direction_agreement=1.000;direction_adjusted_validation_positive_ratio=1.000;worst_development_degradation=0.0002856068246539969;upstream_fdr_pass=True
split_003,alpha360_VOLUME16,3,3,2,0.6666666666666666,1,1.0,1.0,0.016213725241650302,0.023993482233104074,0.0220774054242472,0.007779756991453772,True,0.0044162885572577,1.0,1.0,stable_core,eligible_windows=3;selection_frequency=0.667;direction_agreement=1.000;direction_adjusted_validation_positive_ratio=1.000;worst_development_degradation=0.007779756991453772;upstream_fdr_pass=True
split_003,alpha360_VOLUME17,3,3,2,0.6666666666666666,1,1.0,1.0,0.016925368890305922,0.0256773056179026,0.026722087197313105,0.00875193672759668,True,0.0094894963049121,1.0,1.0,stable_core,eligible_windows=3;selection_frequency=0.667;direction_agreement=1.000;direction_adjusted_validation_positive_ratio=1.000;worst_development_degradation=0.00875193672759668;upstream_fdr_pass=True
split_003,alpha360_VOLUME18,3,3,2,0.6666666666666666,1,1.0,0.6666666666666666,0.018326538814166557,0.03366360760452532,0.03138644580292733,0.01533706879035876,True,0.0044162885572577,1.0,1.0,stable_core,eligible_windows=3;selection_frequency=0.667;direction_agreement=1.000;direction_adjusted_validation_positive_ratio=0.667;worst_development_degradation=0.01533706879035876;upstream_fdr_pass=True
split_003,alpha360_VOLUME19,3,3,2,0.6666666666666666,1,1.0,0.6666666666666666,0.01971939611042357,0.03793855789721269,0.03343252816126862,0.01821916178678912,True,0.0044162885572577,1.0,1.0,stable_core,eligible_windows=3;selection_frequency=0.667;direction_agreement=1.000;direction_adjusted_validation_positive_ratio=0.667;worst_development_degradation=0.01821916178678912;upstream_fdr_pass=True
split_003,alpha360_VOLUME2,3,3,0,0.0,1,1.0,0.6666666666666666,0.0019057663254416668,0.002700050985223807,,,False,0.2159391497032854,1.0,1.0,holdout,eligible_windows=3;selection_frequency=0.000;direction_agreement=1.000;direction_adjusted_validation_positive_ratio=0.667;worst_development_degradation=nan;upstream_fdr_pass=False
split_003,alpha360_VOLUME20,3,3,2,0.6666666666666666,1,1.0,0.6666666666666666,0.020794047140945276,0.044825657428776984,0.03650594771168052,0.024031610287831708,True,0.0044162885572577,1.0,1.0,stable_core,eligible_windows=3;selection_frequency=0.667;direction_agreement=1.000;direction_adjusted_validation_positive_ratio=0.667;worst_development_degradation=0.024031610287831708;upstream_fdr_pass=True
split_003,alpha360_VOLUME21,3,3,2,0.6666666666666666,1,1.0,0.6666666666666666,0.022052807676645705,0.049498125300368796,0.03704318332455829,0.02744531762372309,True,0.0094894963049121,1.0,1.0,stable_core,eligible_windows=3;selection_frequency=0.667;direction_agreement=1.000;direction_adjusted_validation_positive_ratio=0.667;worst_development_degradation=0.02744531762372309;upstream_fdr_pass=True
split_003,alpha360_VOLUME22,3,3,2,0.6666666666666666,1,1.0,0.6666666666666666,0.023289172297535316,0.04970897986604961,0.03702427071395253,0.02641980756851429,True,0.0094894963049121,1.0,1.0,stable_core,eligible_windows=3;selection_frequency=0.667;direction_agreement=1.000;direction_adjusted_validation_positive_ratio=0.667;worst_development_degradation=0.02641980756851429;upstream_fdr_pass=True
split_003,alpha360_VOLUME23,3,3,2,0.6666666666666666,1,1.0,0.6666666666666666,0.024800899551507945,0.049177810037462175,0.038234754187542894,0.02437691048595423,True,0.0044162885572577,1.0,1.0,stable_core,eligible_windows=3;selection_frequency=0.667;direction_agreement=1.000;direction_adjusted_validation_positive_ratio=0.667;worst_development_degradation=0.02437691048595423;upstream_fdr_pass=True
split_003,alpha360_VOLUME24,3,3,2,0.6666666666666666,1,1.0,0.6666666666666666,0.025808664872256568,0.05079828732623426,0.039759444331633434,0.024989622453977692,True,0.0094894963049121,1.0,1.0,stable_core,eligible_windows=3;selection_frequency=0.667;direction_agreement=1.000;direction_adjusted_validation_positive_ratio=0.667;worst_development_degradation=0.024989622453977692;upstream_fdr_pass=True
split_003,alpha360_VOLUME25,3,3,2,0.6666666666666666,1,1.0,0.6666666666666666,0.027000573442872846,0.05152790378497787,0.038194153603598034,0.02452733034210502,True,0.0119108614158119,1.0,1.0,stable_core,eligible_windows=3;selection_frequency=0.667;direction_agreement=1.000;direction_adjusted_validation_positive_ratio=0.667;worst_development_degradation=0.02452733034210502;upstream_fdr_pass=True
split_003,alpha360_VOLUME26,3,3,2,0.6666666666666666,1,1.0,0.6666666666666666,0.028138911218004513,0.04994847786464824,0.03683445997294046,0.021809566646643727,True,0.0106507038777955,1.0,1.0,stable_core,eligible_windows=3;selection_frequency=0.667;direction_agreement=1.000;direction_adjusted_validation_positive_ratio=0.667;worst_development_degradation=0.021809566646643727;upstream_fdr_pass=True
split_003,alpha360_VOLUME27,3,3,2,0.6666666666666666,1,1.0,0.6666666666666666,0.02906822724237426,0.05286018400364341,0.037013120286679434,0.023791956761269148,True,0.0056758528096107,1.0,1.0,stable_core,eligible_windows=3;selection_frequency=0.667;direction_agreement=1.000;direction_adjusted_validation_positive_ratio=0.667;worst_development_degradation=0.023791956761269148;upstream_fdr_pass=True
split_003,alpha360_VOLUME28,3,3,2,0.6666666666666666,1,1.0,0.6666666666666666,0.030567152234295236,0.055393218502637995,0.03665324700269239,0.02482606626834276,True,0.0044162885572577,1.0,1.0,stable_core,eligible_windows=3;selection_frequency=0.667;direction_agreement=1.000;direction_adjusted_validation_positive_ratio=0.667;worst_development_degradation=0.02482606626834276;upstream_fdr_pass=True
split_003,alpha360_VOLUME29,3,3,2,0.6666666666666666,1,1.0,0.6666666666666666,0.031939140786047156,0.05810746065977503,0.03771031614202481,0.026168319873727877,True,0.0032208755100321,1.0,1.0,stable_core,eligible_windows=3;selection_frequency=0.667;direction_agreement=1.000;direction_adjusted_validation_positive_ratio=0.667;worst_development_degradation=0.026168319873727877;upstream_fdr_pass=True
split_003,alpha360_VOLUME3,3,3,0,0.0,1,1.0,0.6666666666666666,0.0027818882882141237,0.0022295276019772283,,,False,0.13678002529916,1.0,1.0,holdout,eligible_windows=3;selection_frequency=0.000;direction_agreement=1.000;direction_adjusted_validation_positive_ratio=0.667;worst_development_degradation=nan;upstream_fdr_pass=False
split_003,alpha360_VOLUME30,3,3,2,0.6666666666666666,1,1.0,0.6666666666666666,0.03332966580251192,0.05806221386546133,0.036784223812924205,0.02473254806294941,True,0.00201304719377,1.0,1.0,stable_core,eligible_windows=3;selection_frequency=0.667;direction_agreement=1.000;direction_adjusted_validation_positive_ratio=0.667;worst_development_degradation=0.02473254806294941;upstream_fdr_pass=True
split_003,alpha360_VOLUME31,3,3,2,0.6666666666666666,1,1.0,0.6666666666666666,0.03367891680229386,0.0554434021256535,0.03570561959386968,0.021764485323359638,True,0.00201304719377,1.0,1.0,stable_core,eligible_windows=3;selection_frequency=0.667;direction_agreement=1.000;direction_adjusted_validation_positive_ratio=0.667;worst_development_degradation=0.021764485323359638;upstream_fdr_pass=True
split_003,alpha360_VOLUME32,3,3,2,0.6666666666666666,1,1.0,0.6666666666666666,0.03475647347245846,0.05577225933737394,0.03599909190478305,0.02101578586491548,True,0.0032208755100321,1.0,1.0,stable_core,eligible_windows=3;selection_frequency=0.667;direction_agreement=1.000;direction_adjusted_validation_positive_ratio=0.667;worst_development_degradation=0.02101578586491548;upstream_fdr_pass=True
split_003,alpha360_VOLUME33,3,3,2,0.6666666666666666,1,1.0,0.6666666666666666,0.036255625466124014,0.05924584760610698,0.035946826270343554,0.022990222139982967,True,0.00201304719377,1.0,1.0,stable_core,eligible_windows=3;selection_frequency=0.667;direction_agreement=1.000;direction_adjusted_validation_positive_ratio=0.667;worst_development_degradation=0.022990222139982967;upstream_fdr_pass=True
split_003,alpha360_VOLUME34,3,3,2,0.6666666666666666,1,1.0,0.6666666666666666,0.03722924701362264,0.0604764964023317,0.03583294139362847,0.023247249388709063,True,0.00201304719377,1.0,1.0,stable_core,eligible_windows=3;selection_frequency=0.667;direction_agreement=1.000;direction_adjusted_validation_positive_ratio=0.667;worst_development_degradation=0.023247249388709063;upstream_fdr_pass=True
split_003,alpha360_VOLUME35,3,3,2,0.6666666666666666,1,1.0,0.6666666666666666,0.03810673389128314,0.061157350060750404,0.03367960257770333,0.023050616169467263,True,0.0044162885572577,1.0,1.0,stable_core,eligible_windows=3;selection_frequency=0.667;direction_agreement=1.000;direction_adjusted_validation_positive_ratio=0.667;worst_development_degradation=0.023050616169467263;upstream_fdr_pass=True
split_003,alpha360_VOLUME36,3,3,2,0.6666666666666666,1,1.0,0.6666666666666666,0.038706918299072364,0.06475918403228693,0.0332597114556832,0.02605226573321457,True,0.0032208755100321,1.0,1.0,stable_core,eligible_windows=3;selection_frequency=0.667;direction_agreement=1.000;direction_adjusted_validation_positive_ratio=0.667;worst_development_degradation=0.02605226573321457;upstream_fdr_pass=True
split_003,alpha360_VOLUME37,3,3,2,0.6666666666666666,1,1.0,1.0,0.0399740759714289,0.062027953567367664,0.03161431464833091,0.022053877595938763,True,0.00201304719377,1.0,1.0,stable_core,eligible_windows=3;selection_frequency=0.667;direction_agreement=1.000;direction_adjusted_validation_positive_ratio=1.000;worst_development_degradation=0.022053877595938763;upstream_fdr_pass=True
split_003,alpha360_VOLUME38,3,3,2,0.6666666666666666,1,1.0,1.0,0.041405103242766764,0.06113151450876829,0.030855711104950712,0.019726411266001526,True,0.00201304719377,1.0,1.0,stable_core,eligible_windows=3;selection_frequency=0.667;direction_agreement=1.000;direction_adjusted_validation_positive_ratio=1.000;worst_development_degradation=0.019726411266001526;upstream_fdr_pass=True
split_003,alpha360_VOLUME39,3,3,2,0.6666666666666666,1,1.0,1.0,0.04229132399425766,0.0614341942637955,0.03216072709659938,0.019142870269537836,True,0.0032208755100321,1.0,1.0,stable_core,eligible_windows=3;selection_frequency=0.667;direction_agreement=1.000;direction_adjusted_validation_positive_ratio=1.000;worst_development_degradation=0.019142870269537836;upstream_fdr_pass=True
split_003,alpha360_VOLUME4,3,3,0,0.0,1,1.0,0.6666666666666666,0.004375951686906185,0.0045101764056073475,,,False,0.1269268546579471,1.0,1.0,holdout,eligible_windows=3;selection_frequency=0.000;direction_agreement=1.000;direction_adjusted_validation_positive_ratio=0.667;worst_development_degradation=nan;upstream_fdr_pass=False
split_003,alpha360_VOLUME40,3,3,2,0.6666666666666666,1,1.0,0.6666666666666666,0.044030852999212756,0.06354306923618817,0.03301724455433405,0.019512216236975417,True,0.00201304719377,1.0,1.0,stable_core,eligible_windows=3;selection_frequency=0.667;direction_agreement=1.000;direction_adjusted_validation_positive_ratio=0.667;worst_development_degradation=0.019512216236975417;upstream_fdr_pass=True
split_003,alpha360_VOLUME41,3,3,2,0.6666666666666666,1,1.0,0.6666666666666666,0.04442990979806474,0.06351597172479453,0.034217515262150736,0.01908606192672979,True,0.00201304719377,1.0,1.0,stable_core,eligible_windows=3;selection_frequency=0.667;direction_agreement=1.000;direction_adjusted_validation_positive_ratio=0.667;worst_development_degradation=0.01908606192672979;upstream_fdr_pass=True
split_003,alpha360_VOLUME42,3,3,2,0.6666666666666666,1,1.0,1.0,0.04534977562281266,0.06032072378691987,0.032146137528264285,0.014970948164107212,True,0.00201304719377,1.0,1.0,stable_core,eligible_windows=3;selection_frequency=0.667;direction_agreement=1.000;direction_adjusted_validation_positive_ratio=1.000;worst_development_degradation=0.014970948164107212;upstream_fdr_pass=True
split_003,alpha360_VOLUME43,3,3,2,0.6666666666666666,1,1.0,1.0,0.046363853229957425,0.05752138166394881,0.03006188153207218,0.011157528433991384,True,0.00201304719377,1.0,1.0,stable_core,eligible_windows=3;selection_frequency=0.667;direction_agreement=1.000;direction_adjusted_validation_positive_ratio=1.000;worst_development_degradation=0.011157528433991384;upstream_fdr_pass=True
split_003,alpha360_VOLUME44,3,3,2,0.6666666666666666,1,1.0,1.0,0.04661241578858851,0.06056662445740104,0.029894539656140005,0.013954208668812529,True,0.00201304719377,1.0,1.0,stable_core,eligible_windows=3;selection_frequency=0.667;direction_agreement=1.000;direction_adjusted_validation_positive_ratio=1.000;worst_development_degradation=0.013954208668812529;upstream_fdr_pass=True
split_003,alpha360_VOLUME45,3,3,2,0.6666666666666666,1,1.0,1.0,0.0469918473356314,0.06308377817414854,0.030151323251293553,0.016480822566401862,True,0.00201304719377,1.0,1.0,stable_core,eligible_windows=3;selection_frequency=0.667;direction_agreement=1.000;direction_adjusted_validation_positive_ratio=1.000;worst_development_degradation=0.016480822566401862;upstream_fdr_pass=True
split_003,alpha360_VOLUME46,3,3,2,0.6666666666666666,1,1.0,1.0,0.047320808185058655,0.06463679764364984,0.030746519922961714,0.018275283948198322,True,0.00201304719377,1.0,1.0,stable_core,eligible_windows=3;selection_frequency=0.667;direction_agreement=1.000;direction_adjusted_validation_positive_ratio=1.000;worst_development_degradation=0.018275283948198322;upstream_fdr_pass=True
split_003,alpha360_VOLUME47,3,3,2,0.6666666666666666,1,1.0,1.0,0.047680344244043965,0.06255978447675455,0.030710730238801654,0.016182935100927213,True,0.00201304719377,1.0,1.0,stable_core,eligible_windows=3;selection_frequency=0.667;direction_agreement=1.000;direction_adjusted_validation_positive_ratio=1.000;worst_development_degradation=0.016182935100927213;upstream_fdr_pass=True
split_003,alpha360_VOLUME48,3,3,2,0.6666666666666666,1,1.0,1.0,0.04755575738377286,0.06169207079617891,0.03216434577527025,0.01590347764133558,True,0.00201304719377,1.0,1.0,stable_core,eligible_windows=3;selection_frequency=0.667;direction_agreement=1.000;direction_adjusted_validation_positive_ratio=1.000;worst_development_degradation=0.01590347764133558;upstream_fdr_pass=True
split_003,alpha360_VOLUME49,3,3,2,0.6666666666666666,1,1.0,1.0,0.047616281762504514,0.0646017663820381,0.032714700823834555,0.019166112199910545,True,0.0044162885572577,1.0,1.0,stable_core,eligible_windows=3;selection_frequency=0.667;direction_agreement=1.000;direction_adjusted_validation_positive_ratio=1.000;worst_development_degradation=0.019166112199910545;upstream_fdr_pass=True
split_003,alpha360_VOLUME5,3,3,0,0.0,1,1.0,0.6666666666666666,0.0041410805990598045,0.008149165448573905,,,False,0.1325524475524475,1.0,1.0,holdout,eligible_windows=3;selection_frequency=0.000;direction_agreement=1.000;direction_adjusted_validation_positive_ratio=0.667;worst_development_degradation=nan;upstream_fdr_pass=False
split_003,alpha360_VOLUME50,3,3,2,0.6666666666666666,1,1.0,1.0,0.04710901388750275,0.07295609164096896,0.037682833893447745,0.02887317247513408,True,0.00201304719377,1.0,1.0,stable_core,eligible_windows=3;selection_frequency=0.667;direction_agreement=1.000;direction_adjusted_validation_positive_ratio=1.000;worst_development_degradation=0.02887317247513408;upstream_fdr_pass=True
split_003,alpha360_VOLUME51,3,3,3,1.0,1,1.0,1.0,0.047608724948947675,0.07895527266459926,0.03480838332770667,-0.03497464581210495,True,0.00201304719377,1.0,1.0,conditional_signal,eligible_windows=3;selection_frequency=1.000;direction_agreement=1.000;direction_adjusted_validation_positive_ratio=1.000;worst_development_degradation=-0.03497464581210495;upstream_fdr_pass=True
split_003,alpha360_VOLUME52,3,3,3,1.0,1,1.0,1.0,0.04762509092385282,0.0787033163443259,0.03502104706499542,-0.034664139683886055,True,0.00201304719377,1.0,1.0,conditional_signal,eligible_windows=3;selection_frequency=1.000;direction_agreement=1.000;direction_adjusted_validation_positive_ratio=1.000;worst_development_degradation=-0.034664139683886055;upstream_fdr_pass=True
split_003,alpha360_VOLUME53,3,3,3,1.0,1,1.0,1.0,0.047336640743074566,0.07816694441862272,0.03486010579522369,-0.03528071862740274,True,0.00201304719377,1.0,1.0,conditional_signal,eligible_windows=3;selection_frequency=1.000;direction_agreement=1.000;direction_adjusted_validation_positive_ratio=1.000;worst_development_degradation=-0.03528071862740274;upstream_fdr_pass=True
split_003,alpha360_VOLUME54,3,3,3,1.0,1,1.0,1.0,0.04709073105769475,0.07583799911170287,0.03304571733216713,-0.03579704797332532,True,0.00201304719377,1.0,1.0,conditional_signal,eligible_windows=3;selection_frequency=1.000;direction_agreement=1.000;direction_adjusted_validation_positive_ratio=1.000;worst_development_degradation=-0.03579704797332532;upstream_fdr_pass=True
split_003,alpha360_VOLUME55,3,3,3,1.0,1,1.0,1.0,0.04729382777050925,0.07276426915618213,0.029916318440689274,-0.03480181892613715,True,0.00201304719377,1.0,1.0,conditional_signal,eligible_windows=3;selection_frequency=1.000;direction_agreement=1.000;direction_adjusted_validation_positive_ratio=1.000;worst_development_degradation=-0.03480181892613715;upstream_fdr_pass=True
split_003,alpha360_VOLUME56,3,3,3,1.0,1,1.0,1.0,0.047117500437555186,0.06993903500854272,0.027610104935647146,-0.031175035246966094,True,0.00201304719377,1.0,1.0,conditional_signal,eligible_windows=3;selection_frequency=1.000;direction_agreement=1.000;direction_adjusted_validation_positive_ratio=1.000;worst_development_degradation=-0.031175035246966094;upstream_fdr_pass=True
split_003,alpha360_VOLUME57,3,3,3,1.0,1,1.0,1.0,0.04735750269338397,0.068477687006241,0.026090551058483104,-0.030882550813049123,True,0.00201304719377,1.0,1.0,conditional_signal,eligible_windows=3;selection_frequency=1.000;direction_agreement=1.000;direction_adjusted_validation_positive_ratio=1.000;worst_development_degradation=-0.030882550813049123;upstream_fdr_pass=True
split_003,alpha360_VOLUME58,3,3,3,1.0,1,1.0,1.0,0.04759251501551522,0.06454161998522012,0.02210064699218084,-0.02733541225864708,True,0.00201304719377,1.0,1.0,stable_core,eligible_windows=3;selection_frequency=1.000;direction_agreement=1.000;direction_adjusted_validation_positive_ratio=1.000;worst_development_degradation=-0.02733541225864708;upstream_fdr_pass=True
split_003,alpha360_VOLUME59,3,3,3,1.0,1,1.0,1.0,0.047939543394459556,0.061234747280649524,0.018403417269238442,-0.02583126435205883,True,0.00201304719377,1.0,1.0,stable_core,eligible_windows=3;selection_frequency=1.000;direction_agreement=1.000;direction_adjusted_validation_positive_ratio=1.000;worst_development_degradation=-0.02583126435205883;upstream_fdr_pass=True
split_003,alpha360_VOLUME6,3,3,0,0.0,1,1.0,0.6666666666666666,0.0044493777617061695,0.009078336323709035,,,False,0.0953138542272668,1.0,1.0,holdout,eligible_windows=3;selection_frequency=0.000;direction_agreement=1.000;direction_adjusted_validation_positive_ratio=0.667;worst_development_degradation=nan;upstream_fdr_pass=False
split_003,alpha360_VOLUME7,3,3,0,0.0,1,1.0,0.6666666666666666,0.0050033387714197575,0.008775561935317236,,,False,0.073367455871744,1.0,1.0,holdout,eligible_windows=3;selection_frequency=0.000;direction_agreement=1.000;direction_adjusted_validation_positive_ratio=0.667;worst_development_degradation=nan;upstream_fdr_pass=False
split_003,alpha360_VOLUME8,3,3,0,0.0,1,1.0,1.0,0.005564773230020265,0.014653998145922126,,,False,0.0548195260237145,1.0,1.0,holdout,eligible_windows=3;selection_frequency=0.000;direction_agreement=1.000;direction_adjusted_validation_positive_ratio=1.000;worst_development_degradation=nan;upstream_fdr_pass=False
split_003,alpha360_VOLUME9,3,3,0,0.0,1,1.0,1.0,0.006251829813522035,0.020339093905749204,,,False,0.0567560688877846,1.0,1.0,holdout,eligible_windows=3;selection_frequency=0.000;direction_agreement=1.000;direction_adjusted_validation_positive_ratio=1.000;worst_development_degradation=nan;upstream_fdr_pass=False
split_003,alpha360_VWAP0,3,3,0,0.0,1,1.0,0.3333333333333333,0.005793786661658236,-0.006814568815646934,,,False,0.2419637778489453,1.0,1.0,holdout,eligible_windows=3;selection_frequency=0.000;direction_agreement=1.000;direction_adjusted_validation_positive_ratio=0.333;worst_development_degradation=nan;upstream_fdr_pass=False
split_003,alpha360_VWAP1,3,3,0,0.0,1,1.0,0.6666666666666666,0.00963720369325699,0.0006389543456447415,,,False,0.0842530552922375,1.0,1.0,holdout,eligible_windows=3;selection_frequency=0.000;direction_agreement=1.000;direction_adjusted_validation_positive_ratio=0.667;worst_development_degradation=nan;upstream_fdr_pass=False
split_003,alpha360_VWAP10,3,3,1,0.3333333333333333,1,1.0,0.6666666666666666,0.038631423330246925,0.00807792401534611,0.06885919739481655,0.06885919739481655,True,0.00201304719377,1.0,1.0,conditional_signal,eligible_windows=3;selection_frequency=0.333;direction_agreement=1.000;direction_adjusted_validation_positive_ratio=0.667;worst_development_degradation=0.06885919739481655;upstream_fdr_pass=True
split_003,alpha360_VWAP11,3,3,1,0.3333333333333333,1,1.0,0.6666666666666666,0.042173687725217616,0.0007867047280039518,0.07235015438680684,0.07235015438680684,True,0.0032208755100321,1.0,1.0,conditional_signal,eligible_windows=3;selection_frequency=0.333;direction_agreement=1.000;direction_adjusted_validation_positive_ratio=0.667;worst_development_degradation=0.07235015438680684;upstream_fdr_pass=True
split_003,alpha360_VWAP12,3,3,1,0.3333333333333333,1,1.0,0.6666666666666666,0.04520182789275848,0.0019280700343615332,0.0764970249851902,0.0764970249851902,True,0.00201304719377,1.0,1.0,conditional_signal,eligible_windows=3;selection_frequency=0.333;direction_agreement=1.000;direction_adjusted_validation_positive_ratio=0.667;worst_development_degradation=0.0764970249851902;upstream_fdr_pass=True
split_003,alpha360_VWAP13,3,3,1,0.3333333333333333,1,1.0,0.6666666666666666,0.0476041758101111,0.005947329499351643,0.08494030351026682,0.08494030351026682,True,0.00201304719377,1.0,1.0,conditional_signal,eligible_windows=3;selection_frequency=0.333;direction_agreement=1.000;direction_adjusted_validation_positive_ratio=0.667;worst_development_degradation=0.08494030351026682;upstream_fdr_pass=True
split_003,alpha360_VWAP14,3,3,1,0.3333333333333333,1,1.0,0.6666666666666666,0.050302116262606986,0.007903311750676075,0.09287910567019697,0.09287910567019697,True,0.0032208755100321,1.0,1.0,conditional_signal,eligible_windows=3;selection_frequency=0.333;direction_agreement=1.000;direction_adjusted_validation_positive_ratio=0.667;worst_development_degradation=0.09287910567019697;upstream_fdr_pass=True
split_003,alpha360_VWAP15,3,3,1,0.3333333333333333,1,1.0,0.6666666666666666,0.05265986899014577,0.00907633036096139,0.1017297800149502,0.1017297800149502,True,0.00201304719377,1.0,1.0,conditional_signal,eligible_windows=3;selection_frequency=0.333;direction_agreement=1.000;direction_adjusted_validation_positive_ratio=0.667;worst_development_degradation=0.1017297800149502;upstream_fdr_pass=True
split_003,alpha360_VWAP16,3,3,2,0.6666666666666666,1,1.0,0.6666666666666666,0.054622956158173544,0.01377725291223963,0.03462829721261253,-0.040845703245933916,True,0.00201304719377,1.0,1.0,conditional_signal,eligible_windows=3;selection_frequency=0.667;direction_agreement=1.000;direction_adjusted_validation_positive_ratio=0.667;worst_development_degradation=-0.040845703245933916;upstream_fdr_pass=True
split_003,alpha360_VWAP17,3,3,2,0.6666666666666666,1,1.0,0.6666666666666666,0.05675532372605855,0.01707580135864296,0.03802234689633552,-0.03967952236741559,True,0.00201304719377,1.0,1.0,conditional_signal,eligible_windows=3;selection_frequency=0.667;direction_agreement=1.000;direction_adjusted_validation_positive_ratio=0.667;worst_development_degradation=-0.03967952236741559;upstream_fdr_pass=True
split_003,alpha360_VWAP18,3,3,2,0.6666666666666666,1,1.0,0.6666666666666666,0.0593898090589874,0.020029893515780637,0.03871185813060417,-0.03935991554320677,True,0.00201304719377,1.0,1.0,conditional_signal,eligible_windows=3;selection_frequency=0.667;direction_agreement=1.000;direction_adjusted_validation_positive_ratio=0.667;worst_development_degradation=-0.03935991554320677;upstream_fdr_pass=True
split_003,alpha360_VWAP19,3,3,2,0.6666666666666666,1,1.0,0.6666666666666666,0.06176585845958623,0.01929298700876928,0.03826324154153711,-0.04257700935955771,True,0.00201304719377,1.0,1.0,conditional_signal,eligible_windows=3;selection_frequency=0.667;direction_agreement=1.000;direction_adjusted_validation_positive_ratio=0.667;worst_development_degradation=-0.04257700935955771;upstream_fdr_pass=True
split_003,alpha360_VWAP2,3,3,1,0.3333333333333333,1,1.0,0.3333333333333333,0.013119759169423973,-0.004195192918328009,0.00974472176561986,0.00974472176561986,True,0.0232569628174023,1.0,1.0,conditional_signal,eligible_windows=3;selection_frequency=0.333;direction_agreement=1.000;direction_adjusted_validation_positive_ratio=0.333;worst_development_degradation=0.00974472176561986;upstream_fdr_pass=True
split_003,alpha360_VWAP20,3,3,2,0.6666666666666666,1,1.0,0.6666666666666666,0.06339816425602891,0.020029686602578336,0.03797146172754002,-0.044032773276567155,True,0.0032208755100321,1.0,1.0,conditional_signal,eligible_windows=3;selection_frequency=0.667;direction_agreement=1.000;direction_adjusted_validation_positive_ratio=0.667;worst_development_degradation=-0.044032773276567155;upstream_fdr_pass=True
split_003,alpha360_VWAP21,3,3,2,0.6666666666666666,1,1.0,0.6666666666666666,0.06519927822157123,0.02318269455180854,0.03871809634990289,-0.0435055000783249,True,0.00201304719377,1.0,1.0,conditional_signal,eligible_windows=3;selection_frequency=0.667;direction_agreement=1.000;direction_adjusted_validation_positive_ratio=0.667;worst_development_degradation=-0.0435055000783249;upstream_fdr_pass=True
split_003,alpha360_VWAP22,3,3,2,0.6666666666666666,1,1.0,0.6666666666666666,0.06697439618669708,0.02752159968552668,0.04031901613388006,-0.04199661236185935,True,0.00201304719377,1.0,1.0,conditional_signal,eligible_windows=3;selection_frequency=0.667;direction_agreement=1.000;direction_adjusted_validation_positive_ratio=0.667;worst_development_degradation=-0.04199661236185935;upstream_fdr_pass=True
split_003,alpha360_VWAP23,3,3,2,0.6666666666666666,1,1.0,0.6666666666666666,0.0684190292971106,0.02814704226982804,0.0415659009281267,-0.04401589901001313,True,0.00201304719377,1.0,1.0,conditional_signal,eligible_windows=3;selection_frequency=0.667;direction_agreement=1.000;direction_adjusted_validation_positive_ratio=0.667;worst_development_degradation=-0.04401589901001313;upstream_fdr_pass=True
split_003,alpha360_VWAP24,3,3,2,0.6666666666666666,1,1.0,0.6666666666666666,0.06994919541445646,0.029515669036332494,0.04298360736637809,-0.04513770839487217,True,0.00201304719377,1.0,1.0,conditional_signal,eligible_windows=3;selection_frequency=0.667;direction_agreement=1.000;direction_adjusted_validation_positive_ratio=0.667;worst_development_degradation=-0.04513770839487217;upstream_fdr_pass=True
split_003,alpha360_VWAP25,3,3,2,0.6666666666666666,1,1.0,0.6666666666666666,0.07146837006653135,0.031511612511554585,0.04504857809104414,-0.045529001334829525,True,0.00201304719377,1.0,1.0,conditional_signal,eligible_windows=3;selection_frequency=0.667;direction_agreement=1.000;direction_adjusted_validation_positive_ratio=0.667;worst_development_degradation=-0.045529001334829525;upstream_fdr_pass=True
split_003,alpha360_VWAP26,3,3,2,0.6666666666666666,1,1.0,0.6666666666666666,0.07269399174592962,0.03537139511413401,0.047658578625564885,-0.04351289653493695,True,0.00201304719377,1.0,1.0,conditional_signal,eligible_windows=3;selection_frequency=0.667;direction_agreement=1.000;direction_adjusted_validation_positive_ratio=0.667;worst_development_degradation=-0.04351289653493695;upstream_fdr_pass=True
split_003,alpha360_VWAP27,3,3,2,0.6666666666666666,1,1.0,0.6666666666666666,0.07468892572971521,0.04118223632863686,0.050323613887998206,-0.03939795290811369,True,0.00201304719377,1.0,1.0,conditional_signal,eligible_windows=3;selection_frequency=0.667;direction_agreement=1.000;direction_adjusted_validation_positive_ratio=0.667;worst_development_degradation=-0.03939795290811369;upstream_fdr_pass=True
split_003,alpha360_VWAP28,3,3,2,0.6666666666666666,1,1.0,0.6666666666666666,0.07651477637253523,0.04560025814548628,0.05127702171833379,-0.0365499558486041,True,0.00201304719377,1.0,1.0,conditional_signal,eligible_windows=3;selection_frequency=0.667;direction_agreement=1.000;direction_adjusted_validation_positive_ratio=0.667;worst_development_degradation=-0.0365499558486041;upstream_fdr_pass=True
split_003,alpha360_VWAP29,3,3,2,0.6666666666666666,1,1.0,0.6666666666666666,0.07811948980818546,0.04550400817844978,0.04982349964447983,-0.03830249116428862,True,0.00201304719377,1.0,1.0,conditional_signal,eligible_windows=3;selection_frequency=0.667;direction_agreement=1.000;direction_adjusted_validation_positive_ratio=0.667;worst_development_degradation=-0.03830249116428862;upstream_fdr_pass=True
split_003,alpha360_VWAP3,3,3,1,0.3333333333333333,1,1.0,0.6666666666666666,0.016761024753256158,0.003854814604371519,0.014613971340626426,0.014613971340626426,True,0.0174239168652576,1.0,1.0,conditional_signal,eligible_windows=3;selection_frequency=0.333;direction_agreement=1.000;direction_adjusted_validation_positive_ratio=0.667;worst_development_degradation=0.014613971340626426;upstream_fdr_pass=True
split_003,alpha360_VWAP30,3,3,2,0.6666666666666666,1,1.0,0.6666666666666666,0.07929184293094395,0.04225366458431102,0.04715099116615669,-0.04282452517514949,True,0.00201304719377,1.0,1.0,conditional_signal,eligible_windows=3;selection_frequency=0.667;direction_agreement=1.000;direction_adjusted_validation_positive_ratio=0.667;worst_development_degradation=-0.04282452517514949;upstream_fdr_pass=True
split_003,alpha360_VWAP31,3,3,2,0.6666666666666666,1,1.0,0.6666666666666666,0.08018801072287794,0.038329584743580676,0.044276845422636296,-0.047875722514051984,True,0.00201304719377,1.0,1.0,conditional_signal,eligible_windows=3;selection_frequency=0.667;direction_agreement=1.000;direction_adjusted_validation_positive_ratio=0.667;worst_development_degradation=-0.047875722514051984;upstream_fdr_pass=True
split_003,alpha360_VWAP32,3,3,2,0.6666666666666666,1,1.0,0.6666666666666666,0.08103096452396842,0.03689142083819692,0.04320425351592735,-0.05024889281187293,True,0.00201304719377,1.0,1.0,conditional_signal,eligible_windows=3;selection_frequency=0.667;direction_agreement=1.000;direction_adjusted_validation_positive_ratio=0.667;worst_development_degradation=-0.05024889281187293;upstream_fdr_pass=True
split_003,alpha360_VWAP33,3,3,2,0.6666666666666666,1,1.0,0.6666666666666666,0.08168232156350984,0.036420039282044146,0.04335804178942755,-0.05109234743595389,True,0.00201304719377,1.0,1.0,conditional_signal,eligible_windows=3;selection_frequency=0.667;direction_agreement=1.000;direction_adjusted_validation_positive_ratio=0.667;worst_development_degradation=-0.05109234743595389;upstream_fdr_pass=True
split_003,alpha360_VWAP34,3,3,2,0.6666666666666666,1,1.0,0.6666666666666666,0.08227038183554651,0.03506316192158624,0.043035187392335944,-0.05274833625564213,True,0.00201304719377,1.0,1.0,conditional_signal,eligible_windows=3;selection_frequency=0.667;direction_agreement=1.000;direction_adjusted_validation_positive_ratio=0.667;worst_development_degradation=-0.05274833625564213;upstream_fdr_pass=True
split_003,alpha360_VWAP35,3,3,2,0.6666666666666666,1,1.0,0.6666666666666666,0.08291403331780736,0.03428996697725048,0.04288922852005937,-0.05376132302307218,True,0.00201304719377,1.0,1.0,conditional_signal,eligible_windows=3;selection_frequency=0.667;direction_agreement=1.000;direction_adjusted_validation_positive_ratio=0.667;worst_development_degradation=-0.05376132302307218;upstream_fdr_pass=True
split_003,alpha360_VWAP36,3,3,2,0.6666666666666666,1,1.0,0.6666666666666666,0.08354625878499153,0.03249580594532822,0.0413419684974213,-0.055776881957684224,True,0.00201304719377,1.0,1.0,conditional_signal,eligible_windows=3;selection_frequency=0.667;direction_agreement=1.000;direction_adjusted_validation_positive_ratio=0.667;worst_development_degradation=-0.055776881957684224;upstream_fdr_pass=True
split_003,alpha360_VWAP37,3,3,2,0.6666666666666666,1,1.0,0.6666666666666666,0.08396633377341364,0.028752500923986457,0.039406492215574906,-0.05956803830167484,True,0.00201304719377,1.0,1.0,conditional_signal,eligible_windows=3;selection_frequency=0.667;direction_agreement=1.000;direction_adjusted_validation_positive_ratio=0.667;worst_development_degradation=-0.05956803830167484;upstream_fdr_pass=True
split_003,alpha360_VWAP38,3,3,2,0.6666666666666666,1,1.0,0.6666666666666666,0.08424858508194007,0.025950664167419195,0.03822216756727505,-0.06215440765789388,True,0.00201304719377,1.0,1.0,conditional_signal,eligible_windows=3;selection_frequency=0.667;direction_agreement=1.000;direction_adjusted_validation_positive_ratio=0.667;worst_development_degradation=-0.06215440765789388;upstream_fdr_pass=True
split_003,alpha360_VWAP39,3,3,2,0.6666666666666666,1,1.0,0.6666666666666666,0.08447704695673605,0.02396892133291161,0.03761356682006055,-0.0638787171294817,True,0.00201304719377,1.0,1.0,conditional_signal,eligible_windows=3;selection_frequency=0.667;direction_agreement=1.000;direction_adjusted_validation_positive_ratio=0.667;worst_development_degradation=-0.0638787171294817;upstream_fdr_pass=True
split_003,alpha360_VWAP4,3,3,2,0.6666666666666666,1,1.0,0.6666666666666666,0.01989714611743928,0.011310825050125883,0.009544815129903166,-0.005160306903838174,True,0.0056758528096107,1.0,1.0,stable_core,eligible_windows=3;selection_frequency=0.667;direction_agreement=1.000;direction_adjusted_validation_positive_ratio=0.667;worst_development_degradation=-0.005160306903838174;upstream_fdr_pass=True
split_003,alpha360_VWAP40,3,3,2,0.6666666666666666,1,1.0,0.6666666666666666,0.08456317360636945,0.02153667897712009,0.03638668826637989,-0.06605865974030489,True,0.00201304719377,1.0,1.0,conditional_signal,eligible_windows=3;selection_frequency=0.667;direction_agreement=1.000;direction_adjusted_validation_positive_ratio=0.667;worst_development_degradation=-0.06605865974030489;upstream_fdr_pass=True
split_003,alpha360_VWAP41,3,3,2,0.6666666666666666,1,1.0,0.6666666666666666,0.08416605213217412,0.017871897092614098,0.034115908295210294,-0.06891171264226288,True,0.00201304719377,1.0,1.0,conditional_signal,eligible_windows=3;selection_frequency=0.667;direction_agreement=1.000;direction_adjusted_validation_positive_ratio=0.667;worst_development_degradation=-0.06891171264226288;upstream_fdr_pass=True
split_003,alpha360_VWAP42,3,3,2,0.6666666666666666,1,1.0,0.6666666666666666,0.08358354228390576,0.014104149283535034,0.03132369768367945,-0.0715760708254667,True,0.00201304719377,1.0,1.0,conditional_signal,eligible_windows=3;selection_frequency=0.667;direction_agreement=1.000;direction_adjusted_validation_positive_ratio=0.667;worst_development_degradation=-0.0715760708254667;upstream_fdr_pass=True
split_003,alpha360_VWAP43,3,3,2,0.6666666666666666,1,1.0,0.6666666666666666,0.08309738096798505,0.013264840266125455,0.030294519075647258,-0.07125377777605973,True,0.00201304719377,1.0,1.0,conditional_signal,eligible_windows=3;selection_frequency=0.667;direction_agreement=1.000;direction_adjusted_validation_positive_ratio=0.667;worst_development_degradation=-0.07125377777605973;upstream_fdr_pass=True
split_003,alpha360_VWAP44,3,3,2,0.6666666666666666,1,1.0,0.6666666666666666,0.08257705162741799,0.014821652148940895,0.030844539657562495,-0.06807667112497431,True,0.00201304719377,1.0,1.0,conditional_signal,eligible_windows=3;selection_frequency=0.667;direction_agreement=1.000;direction_adjusted_validation_positive_ratio=0.667;worst_development_degradation=-0.06807667112497431;upstream_fdr_pass=True
split_003,alpha360_VWAP45,3,3,2,0.6666666666666666,1,1.0,0.6666666666666666,0.08113060728095621,0.01574458474159424,0.03206309204065571,-0.06538602253936197,True,0.0032208755100321,1.0,1.0,conditional_signal,eligible_windows=3;selection_frequency=0.667;direction_agreement=1.000;direction_adjusted_validation_positive_ratio=0.667;worst_development_degradation=-0.06538602253936197;upstream_fdr_pass=True
split_003,alpha360_VWAP46,3,3,2,0.6666666666666666,1,1.0,0.6666666666666666,0.07938111932921249,0.015501813866200646,0.033437107783146916,-0.06387930546301185,True,0.00201304719377,1.0,1.0,conditional_signal,eligible_windows=3;selection_frequency=0.667;direction_agreement=1.000;direction_adjusted_validation_positive_ratio=0.667;worst_development_degradation=-0.06387930546301185;upstream_fdr_pass=True
split_003,alpha360_VWAP47,3,3,2,0.6666666666666666,1,1.0,0.6666666666666666,0.07780123039761391,0.014451928158461132,0.03373901840001588,-0.06334930223915278,True,0.0032208755100321,1.0,1.0,conditional_signal,eligible_windows=3;selection_frequency=0.667;direction_agreement=1.000;direction_adjusted_validation_positive_ratio=0.667;worst_development_degradation=-0.06334930223915278;upstream_fdr_pass=True
split_003,alpha360_VWAP48,3,3,2,0.6666666666666666,1,1.0,0.6666666666666666,0.07630850699518339,0.015373582849301567,0.03407968659412953,-0.06093492414588182,True,0.0032208755100321,1.0,1.0,conditional_signal,eligible_windows=3;selection_frequency=0.667;direction_agreement=1.000;direction_adjusted_validation_positive_ratio=0.667;worst_development_degradation=-0.06093492414588182;upstream_fdr_pass=True
split_003,alpha360_VWAP49,3,3,2,0.6666666666666666,1,1.0,0.6666666666666666,0.07486419849911109,0.01925124788080369,0.034850425714170505,-0.0556129506183074,True,0.00201304719377,1.0,1.0,conditional_signal,eligible_windows=3;selection_frequency=0.667;direction_agreement=1.000;direction_adjusted_validation_positive_ratio=0.667;worst_development_degradation=-0.0556129506183074;upstream_fdr_pass=True
split_003,alpha360_VWAP5,3,3,2,0.6666666666666666,1,1.0,0.6666666666666666,0.021933893839257045,0.015153515002615789,0.013120955792147853,-0.0038678027274417874,True,0.0044162885572577,1.0,1.0,stable_core,eligible_windows=3;selection_frequency=0.667;direction_agreement=1.000;direction_adjusted_validation_positive_ratio=0.667;worst_development_degradation=-0.0038678027274417874;upstream_fdr_pass=True
split_003,alpha360_VWAP50,3,3,2,0.6666666666666666,1,1.0,0.6666666666666666,0.0736327547129148,0.02369321531767877,0.036640432351778454,-0.049939539395236036,True,0.00201304719377,1.0,1.0,conditional_signal,eligible_windows=3;selection_frequency=0.667;direction_agreement=1.000;direction_adjusted_validation_positive_ratio=0.667;worst_development_degradation=-0.049939539395236036;upstream_fdr_pass=True
split_003,alpha360_VWAP51,3,3,2,0.6666666666666666,1,1.0,0.6666666666666666,0.0725939416566219,0.02620730705407053,0.037256904526129904,-0.04638663460255138,True,0.00201304719377,1.0,1.0,conditional_signal,eligible_windows=3;selection_frequency=0.667;direction_agreement=1.000;direction_adjusted_validation_positive_ratio=0.667;worst_development_degradation=-0.04638663460255138;upstream_fdr_pass=True
split_003,alpha360_VWAP52,3,3,2,0.6666666666666666,1,1.0,0.6666666666666666,0.07164319090047382,0.024549627964140102,0.03400147317192659,-0.04709356293633371,True,0.00201304719377,1.0,1.0,conditional_signal,eligible_windows=3;selection_frequency=0.667;direction_agreement=1.000;direction_adjusted_validation_positive_ratio=0.667;worst_development_degradation=-0.04709356293633371;upstream_fdr_pass=True
split_003,alpha360_VWAP53,3,3,2,0.6666666666666666,1,1.0,0.6666666666666666,0.07063327747414291,0.021052245730739876,0.03017634752351003,-0.04958103174340304,True,0.00201304719377,1.0,1.0,conditional_signal,eligible_windows=3;selection_frequency=0.667;direction_agreement=1.000;direction_adjusted_validation_positive_ratio=0.667;worst_development_degradation=-0.04958103174340304;upstream_fdr_pass=True
split_003,alpha360_VWAP54,3,3,2,0.6666666666666666,1,1.0,0.6666666666666666,0.06977677413985915,0.018343049036523614,0.025825669789023897,-0.051433725103335534,True,0.00201304719377,1.0,1.0,conditional_signal,eligible_windows=3;selection_frequency=0.667;direction_agreement=1.000;direction_adjusted_validation_positive_ratio=0.667;worst_development_degradation=-0.051433725103335534;upstream_fdr_pass=True
split_003,alpha360_VWAP55,3,3,2,0.6666666666666666,1,1.0,0.6666666666666666,0.06926428905623991,0.01676562885289997,0.021220088814104834,-0.05249866020333994,True,0.00201304719377,1.0,1.0,conditional_signal,eligible_windows=3;selection_frequency=0.667;direction_agreement=1.000;direction_adjusted_validation_positive_ratio=0.667;worst_development_degradation=-0.05249866020333994;upstream_fdr_pass=True
split_003,alpha360_VWAP56,3,3,2,0.6666666666666666,1,1.0,0.6666666666666666,0.06882103693518478,0.01481481162442976,0.017318842675993224,-0.05400622531075502,True,0.00201304719377,1.0,1.0,conditional_signal,eligible_windows=3;selection_frequency=0.667;direction_agreement=1.000;direction_adjusted_validation_positive_ratio=0.667;worst_development_degradation=-0.05400622531075502;upstream_fdr_pass=True
split_003,alpha360_VWAP57,3,3,2,0.6666666666666666,1,1.0,0.6666666666666666,0.06881381819091191,0.010913642550328414,0.013217916510353023,-0.057900175640583494,True,0.00201304719377,1.0,1.0,conditional_signal,eligible_windows=3;selection_frequency=0.667;direction_agreement=1.000;direction_adjusted_validation_positive_ratio=0.667;worst_development_degradation=-0.057900175640583494;upstream_fdr_pass=True
split_003,alpha360_VWAP58,3,3,1,0.3333333333333333,1,1.0,0.6666666666666666,0.06907617853317743,0.005954558469022463,0.08285765650640901,0.08285765650640901,True,0.00201304719377,1.0,1.0,conditional_signal,eligible_windows=3;selection_frequency=0.333;direction_agreement=1.000;direction_adjusted_validation_positive_ratio=0.667;worst_development_degradation=0.08285765650640901;upstream_fdr_pass=True
split_003,alpha360_VWAP59,3,3,1,0.3333333333333333,1,1.0,0.6666666666666666,0.06931134996084133,0.0020514517685031428,0.08168489508265563,0.08168489508265563,True,0.00201304719377,1.0,1.0,conditional_signal,eligible_windows=3;selection_frequency=0.333;direction_agreement=1.000;direction_adjusted_validation_positive_ratio=0.667;worst_development_degradation=0.08168489508265563;upstream_fdr_pass=True
split_003,alpha360_VWAP6,3,3,2,0.6666666666666666,1,1.0,0.6666666666666666,0.025482195942235233,0.019830070611927982,0.017553026612411066,-0.0030770426340006145,True,0.0032208755100321,1.0,1.0,stable_core,eligible_windows=3;selection_frequency=0.667;direction_agreement=1.000;direction_adjusted_validation_positive_ratio=0.667;worst_development_degradation=-0.0030770426340006145;upstream_fdr_pass=True
split_003,alpha360_VWAP7,3,3,2,0.6666666666666666,1,1.0,0.6666666666666666,0.028666165154995607,0.021432793346942397,0.020235090701175892,-0.004671468767875015,True,0.00201304719377,1.0,1.0,stable_core,eligible_windows=3;selection_frequency=0.667;direction_agreement=1.000;direction_adjusted_validation_positive_ratio=0.667;worst_development_degradation=-0.004671468767875015;upstream_fdr_pass=True
split_003,alpha360_VWAP8,3,3,2,0.6666666666666666,1,1.0,0.6666666666666666,0.03202912373510304,0.018118004080422797,0.02135216528051867,-0.011381362133091075,True,0.00201304719377,1.0,1.0,stable_core,eligible_windows=3;selection_frequency=0.667;direction_agreement=1.000;direction_adjusted_validation_positive_ratio=0.667;worst_development_degradation=-0.011381362133091075;upstream_fdr_pass=True
split_003,alpha360_VWAP9,3,3,2,0.6666666666666666,1,1.0,1.0,0.03532248179875159,0.014147190537819435,0.022409882726623295,-0.018517344848886067,True,0.00201304719377,1.0,1.0,stable_core,eligible_windows=3;selection_frequency=0.667;direction_agreement=1.000;direction_adjusted_validation_positive_ratio=1.000;worst_development_degradation=-0.018517344848886067;upstream_fdr_pass=True
split_003,amount_cv_20,3,3,3,1.0,-1,1.0,1.0,-0.032207853859803806,-0.04963227202062822,0.014394241641646884,0.009842364507325538,True,0.00201304719377,1.0,1.0,stable_core,eligible_windows=3;selection_frequency=1.000;direction_agreement=1.000;direction_adjusted_validation_positive_ratio=1.000;worst_development_degradation=0.009842364507325538;upstream_fdr_pass=True
split_003,amount_mean_20,3,3,2,0.6666666666666666,-1,1.0,0.6666666666666666,-0.10022509941859958,-0.10588944032713203,0.03912846400500175,0.003681526919493555,True,0.00201304719377,1.0,1.0,stable_core,eligible_windows=3;selection_frequency=0.667;direction_agreement=1.000;direction_adjusted_validation_positive_ratio=0.667;worst_development_degradation=0.003681526919493555;upstream_fdr_pass=True
split_003,amount_std_20,3,3,2,0.6666666666666666,-1,1.0,0.6666666666666666,-0.10390695371837354,-0.10324291673342341,0.033088584825282916,-0.0006640369849501282,True,0.00201304719377,1.0,1.0,stable_core,eligible_windows=3;selection_frequency=0.667;direction_agreement=1.000;direction_adjusted_validation_positive_ratio=0.667;worst_development_degradation=-0.0006640369849501282;upstream_fdr_pass=True
split_003,amplitude_20,3,3,3,1.0,-1,1.0,1.0,-0.10412818072490973,-0.13860339942395816,0.037920958594041376,0.03416003493497061,True,0.00201304719377,1.0,1.0,stable_core,eligible_windows=3;selection_frequency=1.000;direction_agreement=1.000;direction_adjusted_validation_positive_ratio=1.000;worst_development_degradation=0.03416003493497061;upstream_fdr_pass=True
split_003,corr_ret_amount_20,3,3,2,0.6666666666666666,-1,1.0,0.6666666666666666,-0.0389196110236117,-0.025814085333695974,-0.0001128431785488021,-0.004403151516616889,True,0.00201304719377,1.0,1.0,stable_core,eligible_windows=3;selection_frequency=0.667;direction_agreement=1.000;direction_adjusted_validation_positive_ratio=0.667;worst_development_degradation=-0.004403151516616889;upstream_fdr_pass=True
split_003,corr_ret_volume_20,3,3,2,0.6666666666666666,-1,1.0,0.6666666666666666,-0.04047675448773613,-0.0315260077396873,0.001398750714684413,-0.0017698720346740887,True,0.00201304719377,1.0,1.0,stable_core,eligible_windows=3;selection_frequency=0.667;direction_agreement=1.000;direction_adjusted_validation_positive_ratio=0.667;worst_development_degradation=-0.0017698720346740887;upstream_fdr_pass=True
split_003,downside_std_20,3,3,3,1.0,-1,1.0,1.0,-0.06310081253784079,-0.09790430690495833,0.04938991478186277,0.005680150179446189,True,0.0129521641149548,1.0,1.0,stable_core,eligible_windows=3;selection_frequency=1.000;direction_agreement=1.000;direction_adjusted_validation_positive_ratio=1.000;worst_development_degradation=0.005680150179446189;upstream_fdr_pass=True
split_003,kunquant_alpha101_alpha002,3,3,3,1.0,1,1.0,1.0,0.011191638456043427,0.037680385403904657,0.026488746947861228,0.02636541763753751,True,0.0129521641149548,1.0,1.0,stable_core,eligible_windows=3;selection_frequency=1.000;direction_agreement=1.000;direction_adjusted_validation_positive_ratio=1.000;worst_development_degradation=0.02636541763753751;upstream_fdr_pass=True
split_003,kunquant_alpha101_alpha003,3,3,3,1.0,1,1.0,1.0,0.02111794495300499,0.051148383063567046,0.02934203941393451,0.005638211385051932,True,0.0082340657289322,1.0,1.0,stable_core,eligible_windows=3;selection_frequency=1.000;direction_agreement=1.000;direction_adjusted_validation_positive_ratio=1.000;worst_development_degradation=0.005638211385051932;upstream_fdr_pass=True
split_003,kunquant_alpha101_alpha004,3,3,2,0.6666666666666666,1,1.0,0.6666666666666666,0.025711847809178904,0.018755185246687338,0.014392209154322023,-0.0036908198521258956,True,0.0032208755100321,1.0,1.0,stable_core,eligible_windows=3;selection_frequency=0.667;direction_agreement=1.000;direction_adjusted_validation_positive_ratio=0.667;worst_development_degradation=-0.0036908198521258956;upstream_fdr_pass=True
split_003,kunquant_alpha101_alpha005,3,3,2,0.6666666666666666,1,1.0,0.6666666666666666,0.03182130897330452,0.028203333299498805,0.0018878810150748833,-0.010141597451178722,True,0.0129521641149548,1.0,1.0,stable_core,eligible_windows=3;selection_frequency=0.667;direction_agreement=1.000;direction_adjusted_validation_positive_ratio=0.667;worst_development_degradation=-0.010141597451178722;upstream_fdr_pass=True
split_003,kunquant_alpha101_alpha006,3,3,3,1.0,1,1.0,1.0,0.018680206234019663,0.058583903613502096,0.03990369737948243,0.010666944744980908,True,0.0152761524190095,1.0,1.0,stable_core,eligible_windows=3;selection_frequency=1.000;direction_agreement=1.000;direction_adjusted_validation_positive_ratio=1.000;worst_development_degradation=0.010666944744980908;upstream_fdr_pass=True
split_003,kunquant_alpha101_alpha008,3,3,0,0.0,1,1.0,0.6666666666666666,0.0034269958144480844,0.0005077784382820376,,,False,0.0863830047503516,1.0,1.0,holdout,eligible_windows=3;selection_frequency=0.000;direction_agreement=1.000;direction_adjusted_validation_positive_ratio=0.667;worst_development_degradation=nan;upstream_fdr_pass=False
split_003,kunquant_alpha101_alpha009,3,3,3,1.0,1,1.0,1.0,0.004612428003936981,0.012153612456649306,0.007541184452712325,0.004513114313789829,True,0.0278976921445161,1.0,1.0,stable_core,eligible_windows=3;selection_frequency=1.000;direction_agreement=1.000;direction_adjusted_validation_positive_ratio=1.000;worst_development_degradation=0.004513114313789829;upstream_fdr_pass=True
split_003,kunquant_alpha101_alpha010,3,3,0,0.0,1,1.0,1.0,0.0015099309980772483,0.012570555863707731,,,False,0.1602240124407612,1.0,1.0,holdout,eligible_windows=3;selection_frequency=0.000;direction_agreement=1.000;direction_adjusted_validation_positive_ratio=1.000;worst_development_degradation=nan;upstream_fdr_pass=False
split_003,kunquant_alpha101_alpha011,3,3,2,0.6666666666666666,1,1.0,0.6666666666666666,0.03454002533487552,0.041167067234739896,0.011794861687145327,0.0006542201748773596,True,0.0032208755100321,1.0,1.0,stable_core,eligible_windows=3;selection_frequency=0.667;direction_agreement=1.000;direction_adjusted_validation_positive_ratio=0.667;worst_development_degradation=0.0006542201748773596;upstream_fdr_pass=True
split_003,kunquant_alpha101_alpha012,3,3,3,1.0,1,1.0,1.0,0.020994841755647725,0.04209947036446075,0.025311652547908587,0.011361843528680068,True,0.00201304719377,1.0,1.0,stable_core,eligible_windows=3;selection_frequency=1.000;direction_agreement=1.000;direction_adjusted_validation_positive_ratio=1.000;worst_development_degradation=0.011361843528680068;upstream_fdr_pass=True
split_003,kunquant_alpha101_alpha013,3,3,3,1.0,1,1.0,1.0,0.03047011484375789,0.08510605395804215,0.05463593911428426,0.014827826654094586,True,0.0044162885572577,1.0,1.0,stable_core,eligible_windows=3;selection_frequency=1.000;direction_agreement=1.000;direction_adjusted_validation_positive_ratio=1.000;worst_development_degradation=0.014827826654094586;upstream_fdr_pass=True
split_003,kunquant_alpha101_alpha014,3,3,3,1.0,1,1.0,1.0,0.011808195608896626,0.048169540937781655,0.03636134532888503,0.00896352106693604,True,0.041622078988627,1.0,1.0,stable_core,eligible_windows=3;selection_frequency=1.000;direction_agreement=1.000;direction_adjusted_validation_positive_ratio=1.000;worst_development_degradation=0.00896352106693604;upstream_fdr_pass=True
split_003,kunquant_alpha101_alpha015,3,3,3,1.0,1,1.0,1.0,0.02309004628922664,0.061250882416380915,0.03816083612715428,0.03514110002341459,True,0.0056758528096107,1.0,1.0,stable_core,eligible_windows=3;selection_frequency=1.000;direction_agreement=1.000;direction_adjusted_validation_positive_ratio=1.000;worst_development_degradation=0.03514110002341459;upstream_fdr_pass=True
split_003,kunquant_alpha101_alpha016,3,3,3,1.0,1,1.0,1.0,0.028154229143238483,0.0819628278494767,0.05195045322606736,0.022535204557731343,True,0.0044162885572577,1.0,1.0,stable_core,eligible_windows=3;selection_frequency=1.000;direction_agreement=1.000;direction_adjusted_validation_positive_ratio=1.000;worst_development_degradation=0.022535204557731343;upstream_fdr_pass=True
split_003,kunquant_alpha101_alpha017,3,3,0,0.0,-1,1.0,0.6666666666666666,-0.0070230408995164235,-0.009877115907917162,,,False,0.8141494868767596,1.0,1.0,holdout,eligible_windows=3;selection_frequency=0.000;direction_agreement=1.000;direction_adjusted_validation_positive_ratio=0.667;worst_development_degradation=nan;upstream_fdr_pass=False
split_003,kunquant_alpha101_alpha018,3,3,0,0.0,1,1.0,0.6666666666666666,0.008961532950100944,0.0038583406993360644,,,False,0.1648988266635325,1.0,1.0,holdout,eligible_windows=3;selection_frequency=0.000;direction_agreement=1.000;direction_adjusted_validation_positive_ratio=0.667;worst_development_degradation=nan;upstream_fdr_pass=False
split_003,kunquant_alpha101_alpha020,3,3,2,0.6666666666666666,-1,1.0,1.0,-0.02551048815456546,-0.042175207253932326,0.01729584180450739,0.016060643168417082,True,0.00201304719377,1.0,1.0,stable_core,eligible_windows=3;selection_frequency=0.667;direction_agreement=1.000;direction_adjusted_validation_positive_ratio=1.000;worst_development_degradation=0.016060643168417082;upstream_fdr_pass=True
split_003,kunquant_alpha101_alpha022,3,3,0,0.0,1,1.0,1.0,0.0024322264567024506,0.01412754535968339,,,False,0.0778194408331394,1.0,1.0,holdout,eligible_windows=3;selection_frequency=0.000;direction_agreement=1.000;direction_adjusted_validation_positive_ratio=1.000;worst_development_degradation=nan;upstream_fdr_pass=False
split_003,kunquant_alpha101_alpha024,3,3,2,0.6666666666666666,1,1.0,0.6666666666666666,0.025395276533239898,0.022433061107253273,0.01875202476248595,-0.0035153692780831615,True,0.0119108614158119,1.0,1.0,stable_core,eligible_windows=3;selection_frequency=0.667;direction_agreement=1.000;direction_adjusted_validation_positive_ratio=0.667;worst_development_degradation=-0.0035153692780831615;upstream_fdr_pass=True
split_003,kunquant_alpha101_alpha025,3,3,0,0.0,1,1.0,1.0,0.0029766748456677996,0.0013356427116028898,,,False,0.1648988266635325,1.0,1.0,holdout,eligible_windows=3;selection_frequency=0.000;direction_agreement=1.000;direction_adjusted_validation_positive_ratio=1.000;worst_development_degradation=nan;upstream_fdr_pass=False
split_003,kunquant_alpha101_alpha026,3,3,3,1.0,1,1.0,1.0,0.02643544322998284,0.060058625654176065,0.033623182424193224,0.01697706256257714,True,0.00201304719377,1.0,1.0,stable_core,eligible_windows=3;selection_frequency=1.000;direction_agreement=1.000;direction_adjusted_validation_positive_ratio=1.000;worst_development_degradation=0.01697706256257714;upstream_fdr_pass=True
split_003,kunquant_alpha101_alpha028,3,3,0,0.0,-1,1.0,0.3333333333333333,-0.0069765899300011655,0.0018656673729255998,,,False,0.1305422457342323,1.0,1.0,holdout,eligible_windows=3;selection_frequency=0.000;direction_agreement=1.000;direction_adjusted_validation_positive_ratio=0.333;worst_development_degradation=nan;upstream_fdr_pass=False
split_003,kunquant_alpha101_alpha029,3,3,2,0.6666666666666666,1,1.0,1.0,0.011965309728218961,0.010457074912824639,-0.0009412221266201521,-0.0015082348153943222,True,0.00201304719377,1.0,1.0,stable_core,eligible_windows=3;selection_frequency=0.667;direction_agreement=1.000;direction_adjusted_validation_positive_ratio=1.000;worst_development_degradation=-0.0015082348153943222;upstream_fdr_pass=True
split_003,kunquant_alpha101_alpha030,3,3,0,0.0,1,1.0,0.3333333333333333,0.003383602964857309,-0.014459823929552616,,,False,0.277320453791042,1.0,1.0,holdout,eligible_windows=3;selection_frequency=0.000;direction_agreement=1.000;direction_adjusted_validation_positive_ratio=0.333;worst_development_degradation=nan;upstream_fdr_pass=False
split_003,kunquant_alpha101_alpha031,3,3,0,0.0,1,1.0,0.6666666666666666,0.01536785895133063,0.00033355498279760975,,,False,0.0667181355649514,1.0,1.0,holdout,eligible_windows=3;selection_frequency=0.000;direction_agreement=1.000;direction_adjusted_validation_positive_ratio=0.667;worst_development_degradation=nan;upstream_fdr_pass=False
split_003,kunquant_alpha101_alpha033,3,3,3,1.0,1,1.0,1.0,0.01207432608953079,0.013000498872346933,0.0024655898570353427,0.0009261727828161429,True,0.0129521641149548,1.0,1.0,stable_core,eligible_windows=3;selection_frequency=1.000;direction_agreement=1.000;direction_adjusted_validation_positive_ratio=1.000;worst_development_degradation=0.0009261727828161429;upstream_fdr_pass=True
split_003,kunquant_alpha101_alpha034,3,3,2,0.6666666666666666,1,1.0,0.6666666666666666,0.007288100008465326,0.012497371721617728,0.006457348799586107,0.005209271713152401,True,0.0323966876929174,1.0,1.0,stable_core,eligible_windows=3;selection_frequency=0.667;direction_agreement=1.000;direction_adjusted_validation_positive_ratio=0.667;worst_development_degradation=0.005209271713152401;upstream_fdr_pass=True
split_003,kunquant_alpha101_alpha035,3,3,3,1.0,-1,1.0,1.0,-0.022001845939149348,-0.023448184898573192,0.0020925005431967104,-0.006389471713135489,True,0.00201304719377,1.0,1.0,stable_core,eligible_windows=3;selection_frequency=1.000;direction_agreement=1.000;direction_adjusted_validation_positive_ratio=1.000;worst_development_degradation=-0.006389471713135489;upstream_fdr_pass=True
split_003,kunquant_alpha101_alpha038,3,3,0,0.0,1,1.0,0.6666666666666666,0.0054191093998670675,0.009724136993113456,,,False,0.138313673081885,1.0,1.0,holdout,eligible_windows=3;selection_frequency=0.000;direction_agreement=1.000;direction_adjusted_validation_positive_ratio=0.667;worst_development_degradation=nan;upstream_fdr_pass=False
split_003,kunquant_alpha101_alpha040,3,3,3,1.0,1,1.0,1.0,0.05830781582492775,0.08214015128471511,0.028422584889292675,0.023832335459787357,True,0.00201304719377,1.0,1.0,stable_core,eligible_windows=3;selection_frequency=1.000;direction_agreement=1.000;direction_adjusted_validation_positive_ratio=1.000;worst_development_degradation=0.023832335459787357;upstream_fdr_pass=True
split_003,kunquant_alpha101_alpha041,3,3,2,0.6666666666666666,-1,1.0,0.6666666666666666,-0.031679046905775575,-0.028267370138777864,0.002151334158889559,-0.009988929370290493,True,0.0129521641149548,1.0,1.0,stable_core,eligible_windows=3;selection_frequency=0.667;direction_agreement=1.000;direction_adjusted_validation_positive_ratio=0.667;worst_development_degradation=-0.009988929370290493;upstream_fdr_pass=True
split_003,kunquant_alpha101_alpha042,3,3,2,0.6666666666666666,1,1.0,0.6666666666666666,0.03193188948987074,0.028363111290797476,0.0021980657646725518,-0.01011675702895114,True,0.0106507038777955,1.0,1.0,stable_core,eligible_windows=3;selection_frequency=0.667;direction_agreement=1.000;direction_adjusted_validation_positive_ratio=0.667;worst_development_degradation=-0.01011675702895114;upstream_fdr_pass=True
split_003,kunquant_alpha101_alpha043,3,3,2,0.6666666666666666,1,1.0,0.6666666666666666,0.013090254221945248,0.018607672141529624,0.013149297426745282,0.004167920978531706,True,0.0044162885572577,1.0,1.0,stable_core,eligible_windows=3;selection_frequency=0.667;direction_agreement=1.000;direction_adjusted_validation_positive_ratio=0.667;worst_development_degradation=0.004167920978531706;upstream_fdr_pass=True
split_003,kunquant_alpha101_alpha044,3,3,3,1.0,1,1.0,1.0,0.03081947261539745,0.06217571937261955,0.0313562467572221,0.015249548435601498,True,0.0032208755100321,1.0,1.0,stable_core,eligible_windows=3;selection_frequency=1.000;direction_agreement=1.000;direction_adjusted_validation_positive_ratio=1.000;worst_development_degradation=0.015249548435601498;upstream_fdr_pass=True
split_003,kunquant_alpha101_alpha045,3,3,3,1.0,1,1.0,1.0,0.010497945654185967,0.022277916753323187,0.013811276911103985,0.001421706906253489,True,0.00201304719377,1.0,1.0,stable_core,eligible_windows=3;selection_frequency=1.000;direction_agreement=1.000;direction_adjusted_validation_positive_ratio=1.000;worst_development_degradation=0.001421706906253489;upstream_fdr_pass=True
split_003,kunquant_alpha101_alpha046,3,3,1,0.3333333333333333,1,1.0,0.3333333333333333,0.005924130023150846,-0.0006386084206576077,0.03853490800994975,0.03853490800994975,True,0.0359318101253585,1.0,1.0,conditional_signal,eligible_windows=3;selection_frequency=0.333;direction_agreement=1.000;direction_adjusted_validation_positive_ratio=0.333;worst_development_degradation=0.03853490800994975;upstream_fdr_pass=True
split_003,kunquant_alpha101_alpha047,3,3,0,0.0,-1,0.6666666666666666,0.6666666666666666,-0.002596951323393332,-0.03181999177437648,,,False,0.946886696511884,1.0,1.0,holdout,eligible_windows=3;selection_frequency=0.000;direction_agreement=0.667;direction_adjusted_validation_positive_ratio=0.667;worst_development_degradation=nan;upstream_fdr_pass=False
split_003,kunquant_alpha101_alpha049,3,3,0,0.0,-1,0.6666666666666666,0.3333333333333333,-0.002126439987003213,0.0019459880111042222,,,False,0.7083085626030412,1.0,1.0,holdout,eligible_windows=3;selection_frequency=0.000;direction_agreement=0.667;direction_adjusted_validation_positive_ratio=0.333;worst_development_degradation=nan;upstream_fdr_pass=False
split_003,kunquant_alpha101_alpha050,3,3,3,1.0,1,1.0,1.0,0.026751973399693384,0.059854016751124575,0.03282691577423555,0.020517300916444887,True,0.0082340657289322,1.0,1.0,stable_core,eligible_windows=3;selection_frequency=1.000;direction_agreement=1.000;direction_adjusted_validation_positive_ratio=1.000;worst_development_degradation=0.020517300916444887;upstream_fdr_pass=True
split_003,kunquant_alpha101_alpha051,3,3,0,0.0,-1,1.0,0.6666666666666666,-0.0077133825345810985,-0.006928062321234882,,,False,0.5074754438108475,1.0,1.0,holdout,eligible_windows=3;selection_frequency=0.000;direction_agreement=1.000;direction_adjusted_validation_positive_ratio=0.667;worst_development_degradation=nan;upstream_fdr_pass=False
split_003,kunquant_alpha101_alpha053,3,3,0,0.0,-1,1.0,0.3333333333333333,-0.0017925784922606623,0.010443706255012633,,,False,0.977022977022977,1.0,1.0,holdout,eligible_windows=3;selection_frequency=0.000;direction_agreement=1.000;direction_adjusted_validation_positive_ratio=0.333;worst_development_degradation=nan;upstream_fdr_pass=False
split_003,kunquant_alpha101_alpha054,3,3,0,0.0,-1,0.6666666666666666,0.3333333333333333,-0.0006587509700501513,-0.00849816071436117,,,False,0.82434282584885,1.0,1.0,holdout,eligible_windows=3;selection_frequency=0.000;direction_agreement=0.667;direction_adjusted_validation_positive_ratio=0.333;worst_development_degradation=nan;upstream_fdr_pass=False
split_003,kunquant_alpha101_alpha055,3,3,3,1.0,1,1.0,1.0,0.025599804616159294,0.0496865477742033,0.025847273104419057,0.023589665408567276,True,0.00201304719377,1.0,1.0,stable_core,eligible_windows=3;selection_frequency=1.000;direction_agreement=1.000;direction_adjusted_validation_positive_ratio=1.000;worst_development_degradation=0.023589665408567276;upstream_fdr_pass=True
split_003,kunquant_alpha101_alpha057,3,3,0,0.0,-1,1.0,1.0,-0.007069620154898808,-0.01139280060688358,,,False,0.6765572888649811,1.0,1.0,holdout,eligible_windows=3;selection_frequency=0.000;direction_agreement=1.000;direction_adjusted_validation_positive_ratio=1.000;worst_development_degradation=nan;upstream_fdr_pass=False
split_003,kunquant_alpha101_alpha060,3,3,0,0.0,-1,1.0,0.6666666666666666,-0.005388287632747111,-0.0009122502914004724,,,False,0.2426427076108605,1.0,1.0,holdout,eligible_windows=3;selection_frequency=0.000;direction_agreement=1.000;direction_adjusted_validation_positive_ratio=0.667;worst_development_degradation=nan;upstream_fdr_pass=False
split_003,kunquant_alpha101_alpha062,3,3,3,1.0,1,1.0,1.0,0.02609054394170194,0.02973897196704351,0.0036484280253415713,-0.009085680986910389,True,0.00201304719377,1.0,1.0,stable_core,eligible_windows=3;selection_frequency=1.000;direction_agreement=1.000;direction_adjusted_validation_positive_ratio=1.000;worst_development_degradation=-0.009085680986910389;upstream_fdr_pass=True
split_003,kunquant_alpha101_alpha064,3,3,0,0.0,1,0.6666666666666666,0.3333333333333333,6.464357716321463e-05,1.5187317024189378e-05,,,False,0.2817372801524941,0.918918918918919,0.9752202643171806,holdout,eligible_windows=3;selection_frequency=0.000;direction_agreement=0.667;direction_adjusted_validation_positive_ratio=0.333;worst_development_degradation=nan;upstream_fdr_pass=False
split_003,kunquant_alpha101_alpha066,3,3,1,0.3333333333333333,1,1.0,0.3333333333333333,0.00618960362793644,-0.0017381305167381528,0.005968240282750967,0.005968240282750967,True,0.0056758528096107,1.0,1.0,conditional_signal,eligible_windows=3;selection_frequency=0.333;direction_agreement=1.000;direction_adjusted_validation_positive_ratio=0.333;worst_development_degradation=0.005968240282750967;upstream_fdr_pass=True
split_003,kunquant_alpha101_alpha071,3,3,2,0.6666666666666666,-1,1.0,1.0,-0.011787956015640984,-0.01146752547232111,-0.0014827302471215305,-0.008064637958378132,True,0.0185992115491187,1.0,1.0,stable_core,eligible_windows=3;selection_frequency=0.667;direction_agreement=1.000;direction_adjusted_validation_positive_ratio=1.000;worst_development_degradation=-0.008064637958378132;upstream_fdr_pass=True
split_003,kunquant_alpha101_alpha072,3,3,2,0.6666666666666666,1,1.0,1.0,0.012188933429009414,0.04346833230174962,0.041941719235006315,0.0312793988727402,True,0.029057898623116,1.0,1.0,stable_core,eligible_windows=3;selection_frequency=0.667;direction_agreement=1.000;direction_adjusted_validation_positive_ratio=1.000;worst_development_degradation=0.0312793988727402;upstream_fdr_pass=True
split_003,kunquant_alpha101_alpha073,3,3,0,0.0,-1,1.0,0.3333333333333333,-0.0004618875871602491,0.007956761909616599,,,False,0.2338624457404554,1.0,1.0,holdout,eligible_windows=3;selection_frequency=0.000;direction_agreement=1.000;direction_adjusted_validation_positive_ratio=0.333;worst_development_degradation=nan;upstream_fdr_pass=False
split_003,kunquant_alpha101_alpha074,3,3,0,0.0,1,1.0,1.0,0.013882926627366851,0.0445456598895342,,,False,0.0556943056943056,1.0,1.0,holdout,eligible_windows=3;selection_frequency=0.000;direction_agreement=1.000;direction_adjusted_validation_positive_ratio=1.000;worst_development_degradation=nan;upstream_fdr_pass=False
split_003,kunquant_alpha101_alpha077,3,3,1,0.3333333333333333,-1,1.0,0.3333333333333333,-0.01708770356451388,0.017806147145800564,0.006958521902837588,0.006958521902837588,True,0.0044162885572577,1.0,1.0,conditional_signal,eligible_windows=3;selection_frequency=0.333;direction_agreement=1.000;direction_adjusted_validation_positive_ratio=0.333;worst_development_degradation=0.006958521902837588;upstream_fdr_pass=True
split_003,kunquant_alpha101_alpha078,3,3,0,0.0,1,1.0,0.6666666666666666,0.015498545522494621,0.00376743733965312,,,False,0.0600228786757284,1.0,1.0,holdout,eligible_windows=3;selection_frequency=0.000;direction_agreement=1.000;direction_adjusted_validation_positive_ratio=0.667;worst_development_degradation=nan;upstream_fdr_pass=False
split_003,kunquant_alpha101_alpha083,3,3,2,0.6666666666666666,1,1.0,1.0,0.07610395369314477,0.1045959295320023,0.04820737813442335,0.028491975838857528,True,0.00201304719377,1.0,1.0,stable_core,eligible_windows=3;selection_frequency=0.667;direction_agreement=1.000;direction_adjusted_validation_positive_ratio=1.000;worst_development_degradation=0.028491975838857528;upstream_fdr_pass=True
split_003,kunquant_alpha101_alpha084,3,3,1,0.3333333333333333,-1,1.0,1.0,-0.025271076865073912,-0.007819035876012249,-0.006195109407102314,-0.006195109407102314,True,0.00201304719377,1.0,1.0,conditional_signal,eligible_windows=3;selection_frequency=0.333;direction_agreement=1.000;direction_adjusted_validation_positive_ratio=1.000;worst_development_degradation=-0.006195109407102314;upstream_fdr_pass=True
split_003,kunquant_alpha101_alpha085,3,3,0,0.0,1,1.0,1.0,0.012414910376138122,0.024252793357151595,,,False,0.0842530552922375,1.0,1.0,holdout,eligible_windows=3;selection_frequency=0.000;direction_agreement=1.000;direction_adjusted_validation_positive_ratio=1.000;worst_development_degradation=nan;upstream_fdr_pass=False
split_003,kunquant_alpha101_alpha088,3,3,3,1.0,1,1.0,1.0,0.09625435914300316,0.107241820827091,0.02177371673337529,-0.01364190666654215,True,0.00201304719377,1.0,1.0,stable_core,eligible_windows=3;selection_frequency=1.000;direction_agreement=1.000;direction_adjusted_validation_positive_ratio=1.000;worst_development_degradation=-0.01364190666654215;upstream_fdr_pass=True
split_003,kunquant_alpha101_alpha092,3,3,0,0.0,-1,1.0,0.6666666666666666,-0.004572844962226312,-0.0040711510375116295,,,False,0.1130848846584887,1.0,1.0,holdout,eligible_windows=3;selection_frequency=0.000;direction_agreement=1.000;direction_adjusted_validation_positive_ratio=0.667;worst_development_degradation=nan;upstream_fdr_pass=False
split_003,kunquant_alpha101_alpha094,3,3,3,1.0,1,1.0,1.0,0.052423906852230646,0.05289017261432331,0.0025384124284039272,-0.04168117586333247,True,0.00201304719377,1.0,1.0,conditional_signal,eligible_windows=3;selection_frequency=1.000;direction_agreement=1.000;direction_adjusted_validation_positive_ratio=1.000;worst_development_degradation=-0.04168117586333247;upstream_fdr_pass=True
split_003,kunquant_alpha101_alpha095,3,3,0,0.0,-1,0.6666666666666666,0.3333333333333333,-0.0007324815406883313,-0.023012218031024455,,,False,0.9131859131859132,1.0,1.0,holdout,eligible_windows=3;selection_frequency=0.000;direction_agreement=0.667;direction_adjusted_validation_positive_ratio=0.333;worst_development_degradation=nan;upstream_fdr_pass=False
split_003,kunquant_alpha101_alpha096,3,3,0,0.0,-1,0.6666666666666666,0.6666666666666666,-0.000497207344291473,0.002284587477850728,,,False,0.950471684004618,1.0,1.0,holdout,eligible_windows=3;selection_frequency=0.000;direction_agreement=0.667;direction_adjusted_validation_positive_ratio=0.667;worst_development_degradation=nan;upstream_fdr_pass=False
split_003,kunquant_alpha101_alpha098,3,3,0,0.0,1,1.0,1.0,0.0014137441216595156,0.021164462918665645,,,False,0.7907741113847984,1.0,1.0,holdout,eligible_windows=3;selection_frequency=0.000;direction_agreement=1.000;direction_adjusted_validation_positive_ratio=1.000;worst_development_degradation=nan;upstream_fdr_pass=False
split_003,kunquant_alpha101_alpha101,3,3,3,1.0,-1,1.0,1.0,-0.009562078307809398,-0.014208722729955731,0.004646644422146334,0.002267365952476126,True,0.0106507038777955,1.0,1.0,stable_core,eligible_windows=3;selection_frequency=1.000;direction_agreement=1.000;direction_adjusted_validation_positive_ratio=1.000;worst_development_degradation=0.002267365952476126;upstream_fdr_pass=True
split_003,max_drawdown_20,3,3,0,0.0,-1,1.0,1.0,-0.027095094051004586,-0.07605949292929741,,,False,0.1884760296429664,1.0,1.0,holdout,eligible_windows=3;selection_frequency=0.000;direction_agreement=1.000;direction_adjusted_validation_positive_ratio=1.000;worst_development_degradation=nan;upstream_fdr_pass=False
split_003,ret_10,3,3,1,0.3333333333333333,-1,1.0,0.6666666666666666,-0.03700948282494088,-0.009858099048530418,0.06959974941437791,0.06959974941437791,True,0.00201304719377,1.0,1.0,conditional_signal,eligible_windows=3;selection_frequency=0.333;direction_agreement=1.000;direction_adjusted_validation_positive_ratio=0.667;worst_development_degradation=0.06959974941437791;upstream_fdr_pass=True
split_003,ret_20,3,3,2,0.6666666666666666,-1,1.0,0.6666666666666666,-0.06287837579482673,-0.01988210618822324,0.03829927040283909,-0.043513354455354994,True,0.00201304719377,1.0,1.0,conditional_signal,eligible_windows=3;selection_frequency=0.667;direction_agreement=1.000;direction_adjusted_validation_positive_ratio=0.667;worst_development_degradation=-0.043513354455354994;upstream_fdr_pass=True
split_003,ret_5,3,3,2,0.6666666666666666,-1,1.0,0.6666666666666666,-0.020625940052321563,-0.01470318370816157,0.012099328569014654,-0.003297744516611495,True,0.0032208755100321,1.0,1.0,stable_core,eligible_windows=3;selection_frequency=0.667;direction_agreement=1.000;direction_adjusted_validation_positive_ratio=0.667;worst_development_degradation=-0.003297744516611495;upstream_fdr_pass=True
split_003,rev_20_exclude_5,3,3,2,0.6666666666666666,1,1.0,0.6666666666666666,0.05426087157985457,0.021974211812800813,0.032315055085352734,-0.03725878275788077,True,0.00201304719377,1.0,1.0,conditional_signal,eligible_windows=3;selection_frequency=0.667;direction_agreement=1.000;direction_adjusted_validation_positive_ratio=0.667;worst_development_degradation=-0.03725878275788077;upstream_fdr_pass=True
split_003,rev_5,3,3,2,0.6666666666666666,1,1.0,0.6666666666666666,0.020625940052321563,0.01470318370816157,0.012099328569014654,-0.003297744516611495,True,0.0082340657289322,1.0,1.0,stable_core,eligible_windows=3;selection_frequency=0.667;direction_agreement=1.000;direction_adjusted_validation_positive_ratio=0.667;worst_development_degradation=-0.003297744516611495;upstream_fdr_pass=True
split_003,std_20,3,3,3,1.0,-1,1.0,1.0,-0.09328973826236418,-0.12716248461674368,0.04506639665786466,0.015692370487347104,True,0.00201304719377,1.0,1.0,stable_core,eligible_windows=3;selection_frequency=1.000;direction_agreement=1.000;direction_adjusted_validation_positive_ratio=1.000;worst_development_degradation=0.015692370487347104;upstream_fdr_pass=True
split_003,ta_momentum_ao,3,3,2,0.6666666666666666,-1,1.0,0.6666666666666666,-0.05839536271713412,-0.022695560011099757,0.015303517263609925,-0.03768828332131869,True,0.00201304719377,1.0,1.0,conditional_signal,eligible_windows=3;selection_frequency=0.667;direction_agreement=1.000;direction_adjusted_validation_positive_ratio=0.667;worst_development_degradation=-0.03768828332131869;upstream_fdr_pass=True
split_003,ta_momentum_kama,3,3,2,0.6666666666666666,-1,1.0,0.6666666666666666,-0.026719729505932092,-0.019455984484437517,-0.005562483647742944,-0.015439467312260927,True,0.0244362584399147,1.0,1.0,stable_core,eligible_windows=3;selection_frequency=0.667;direction_agreement=1.000;direction_adjusted_validation_positive_ratio=0.667;worst_development_degradation=-0.015439467312260927;upstream_fdr_pass=True
split_003,ta_momentum_ppo,3,3,2,0.6666666666666666,-1,1.0,0.6666666666666666,-0.0801887395166429,-0.024942514933946953,0.04233896754622245,-0.05924449975677747,True,0.00201304719377,1.0,1.0,conditional_signal,eligible_windows=3;selection_frequency=0.667;direction_agreement=1.000;direction_adjusted_validation_positive_ratio=0.667;worst_development_degradation=-0.05924449975677747;upstream_fdr_pass=True
split_003,ta_momentum_ppo_hist,3,3,0,0.0,-1,1.0,0.6666666666666666,-0.00519914620168263,-0.04803990647916989,,,False,0.1602240124407612,1.0,1.0,holdout,eligible_windows=3;selection_frequency=0.000;direction_agreement=1.000;direction_adjusted_validation_positive_ratio=0.667;worst_development_degradation=nan;upstream_fdr_pass=False
split_003,ta_momentum_ppo_signal,3,3,2,0.6666666666666666,-1,1.0,0.6666666666666666,-0.08524672940026501,-0.03192568581810941,0.04154894594099888,-0.05610733817137656,True,0.00201304719377,1.0,1.0,conditional_signal,eligible_windows=3;selection_frequency=0.667;direction_agreement=1.000;direction_adjusted_validation_positive_ratio=0.667;worst_development_degradation=-0.05610733817137656;upstream_fdr_pass=True
split_003,ta_momentum_pvo,3,3,2,0.6666666666666666,-1,1.0,0.6666666666666666,-0.04260354135503873,-0.07275502800565443,0.04157227357163111,0.030151486650615705,True,0.00201304719377,1.0,1.0,stable_core,eligible_windows=3;selection_frequency=0.667;direction_agreement=1.000;direction_adjusted_validation_positive_ratio=0.667;worst_development_degradation=0.030151486650615705;upstream_fdr_pass=True
split_003,ta_momentum_pvo_hist,3,3,0,0.0,1,1.0,0.3333333333333333,0.007992951086675344,-0.001599960055000647,,,False,0.4049859089105556,1.0,1.0,holdout,eligible_windows=3;selection_frequency=0.000;direction_agreement=1.000;direction_adjusted_validation_positive_ratio=0.333;worst_development_degradation=nan;upstream_fdr_pass=False
split_003,ta_momentum_pvo_signal,3,3,2,0.6666666666666666,-1,1.0,0.6666666666666666,-0.05050042723046359,-0.08914891233841407,0.044152471193599045,0.03864848510795048,True,0.0032208755100321,1.0,1.0,stable_core,eligible_windows=3;selection_frequency=0.667;direction_agreement=1.000;direction_adjusted_validation_positive_ratio=0.667;worst_development_degradation=0.03864848510795048;upstream_fdr_pass=True
split_003,ta_momentum_roc,3,3,1,0.3333333333333333,-1,1.0,0.6666666666666666,-0.043930659766558806,-0.001272583691461276,0.07704632662762159,0.07704632662762159,True,0.00201304719377,1.0,1.0,conditional_signal,eligible_windows=3;selection_frequency=0.333;direction_agreement=1.000;direction_adjusted_validation_positive_ratio=0.667;worst_development_degradation=0.07704632662762159;upstream_fdr_pass=True
split_003,ta_momentum_rsi,3,3,2,0.6666666666666666,-1,1.0,0.6666666666666666,-0.058760614702596685,-0.014855812482929161,0.01730851534310815,-0.04390480221966753,True,0.0032208755100321,1.0,1.0,conditional_signal,eligible_windows=3;selection_frequency=0.667;direction_agreement=1.000;direction_adjusted_validation_positive_ratio=0.667;worst_development_degradation=-0.04390480221966753;upstream_fdr_pass=True
split_003,ta_momentum_stoch,3,3,1,0.3333333333333333,-1,1.0,1.0,-0.023582643920096156,-0.0030005322875589257,0.02333048834146329,0.02333048834146329,True,0.0032208755100321,1.0,1.0,conditional_signal,eligible_windows=3;selection_frequency=0.333;direction_agreement=1.000;direction_adjusted_validation_positive_ratio=1.000;worst_development_degradation=0.02333048834146329;upstream_fdr_pass=True
split_003,ta_momentum_stoch_rsi,3,3,0,0.0,1,0.6666666666666666,0.3333333333333333,0.007959095988440482,0.0027092392165649613,,,False,0.4260614385614386,1.0,1.0,holdout,eligible_windows=3;selection_frequency=0.000;direction_agreement=0.667;direction_adjusted_validation_positive_ratio=0.333;worst_development_degradation=nan;upstream_fdr_pass=False
split_003,ta_momentum_stoch_rsi_d,3,3,0,0.0,1,0.6666666666666666,0.6666666666666666,0.011806737824263162,-0.003532282199771293,,,False,0.5474741641665907,1.0,1.0,holdout,eligible_windows=3;selection_frequency=0.000;direction_agreement=0.667;direction_adjusted_validation_positive_ratio=0.667;worst_development_degradation=nan;upstream_fdr_pass=False
split_003,ta_momentum_stoch_rsi_k,3,3,0,0.0,1,0.6666666666666666,0.3333333333333333,0.011178121769307164,0.0037143353111384315,,,False,0.5390105250786366,1.0,1.0,holdout,eligible_windows=3;selection_frequency=0.000;direction_agreement=0.667;direction_adjusted_validation_positive_ratio=0.333;worst_development_degradation=nan;upstream_fdr_pass=False
split_003,ta_momentum_stoch_signal,3,3,1,0.3333333333333333,-1,1.0,0.3333333333333333,-0.026326599228864555,0.005964439803328681,0.036402125497067235,0.036402125497067235,True,0.0056758528096107,1.0,1.0,conditional_signal,eligible_windows=3;selection_frequency=0.333;direction_agreement=1.000;direction_adjusted_validation_positive_ratio=0.333;worst_development_degradation=0.036402125497067235;upstream_fdr_pass=True
split_003,ta_momentum_tsi,3,3,2,0.6666666666666666,-1,1.0,0.6666666666666666,-0.07699243920820563,-0.02271966164436032,0.026626743165705402,-0.05457625380487088,True,0.00201304719377,1.0,1.0,conditional_signal,eligible_windows=3;selection_frequency=0.667;direction_agreement=1.000;direction_adjusted_validation_positive_ratio=0.667;worst_development_degradation=-0.05457625380487088;upstream_fdr_pass=True
split_003,ta_momentum_uo,3,3,1,0.3333333333333333,-1,1.0,0.6666666666666666,-0.037904649884232124,-0.0015168960395870515,0.02879965294832469,0.02879965294832469,True,0.00201304719377,1.0,1.0,conditional_signal,eligible_windows=3;selection_frequency=0.333;direction_agreement=1.000;direction_adjusted_validation_positive_ratio=0.667;worst_development_degradation=0.02879965294832469;upstream_fdr_pass=True
split_003,ta_momentum_wr,3,3,1,0.3333333333333333,-1,1.0,1.0,-0.023582643920096156,-0.0030005322875589257,0.02333048834146329,0.02333048834146329,True,0.0044162885572577,1.0,1.0,conditional_signal,eligible_windows=3;selection_frequency=0.333;direction_agreement=1.000;direction_adjusted_validation_positive_ratio=1.000;worst_development_degradation=0.02333048834146329;upstream_fdr_pass=True
split_003,ta_trend_adx,3,3,0,0.0,1,0.6666666666666666,0.3333333333333333,0.000481251812428577,0.001018772786434047,,,False,0.7995566077757859,1.0,1.0,holdout,eligible_windows=3;selection_frequency=0.000;direction_agreement=0.667;direction_adjusted_validation_positive_ratio=0.333;worst_development_degradation=nan;upstream_fdr_pass=False
split_003,ta_trend_adx_neg,3,3,2,0.6666666666666666,1,1.0,0.6666666666666666,0.055723806477885156,0.017149752420622312,0.017048513965268068,-0.038574054057262844,True,0.00201304719377,1.0,1.0,conditional_signal,eligible_windows=3;selection_frequency=0.667;direction_agreement=1.000;direction_adjusted_validation_positive_ratio=0.667;worst_development_degradation=-0.038574054057262844;upstream_fdr_pass=True
split_003,ta_trend_adx_pos,3,3,2,0.6666666666666666,-1,1.0,0.6666666666666666,-0.0630938184829323,-0.037783984453398325,0.010989204585736614,-0.017616471140200804,True,0.00201304719377,1.0,1.0,stable_core,eligible_windows=3;selection_frequency=0.667;direction_agreement=1.000;direction_adjusted_validation_positive_ratio=0.667;worst_development_degradation=-0.017616471140200804;upstream_fdr_pass=True
split_003,ta_trend_aroon_down,3,3,2,0.6666666666666666,1,1.0,0.6666666666666666,0.04710931053415735,0.028605926626234686,0.03838758177564022,-0.022376663138578883,True,0.00201304719377,1.0,1.0,stable_core,eligible_windows=3;selection_frequency=0.667;direction_agreement=1.000;direction_adjusted_validation_positive_ratio=0.667;worst_development_degradation=-0.022376663138578883;upstream_fdr_pass=True
split_003,ta_trend_aroon_ind,3,3,2,0.6666666666666666,-1,1.0,0.6666666666666666,-0.058857507917438774,-0.02508623253994034,0.002506285561538219,-0.0389344346046404,True,0.00201304719377,1.0,1.0,conditional_signal,eligible_windows=3;selection_frequency=0.667;direction_agreement=1.000;direction_adjusted_validation_positive_ratio=0.667;worst_development_degradation=-0.0389344346046404;upstream_fdr_pass=True
split_003,ta_trend_aroon_up,3,3,2,0.6666666666666666,-1,1.0,0.6666666666666666,-0.05551891088057371,-0.03049571179268904,-0.004603368020860948,-0.030030430825513064,True,0.00201304719377,1.0,1.0,conditional_signal,eligible_windows=3;selection_frequency=0.667;direction_agreement=1.000;direction_adjusted_validation_positive_ratio=0.667;worst_development_degradation=-0.030030430825513064;upstream_fdr_pass=True
split_003,ta_trend_cci,3,3,2,0.6666666666666666,-1,1.0,0.6666666666666666,-0.03989678413123777,-0.011638887874965573,-0.0021275646235769524,-0.028257896256272196,True,0.00201304719377,1.0,1.0,stable_core,eligible_windows=3;selection_frequency=0.667;direction_agreement=1.000;direction_adjusted_validation_positive_ratio=0.667;worst_development_degradation=-0.028257896256272196;upstream_fdr_pass=True
split_003,ta_trend_dpo,3,3,2,0.6666666666666666,1,1.0,0.6666666666666666,0.013732288961403827,0.02579646736443351,0.011684172062976311,0.011304165722922938,True,0.00201304719377,1.0,1.0,stable_core,eligible_windows=3;selection_frequency=0.667;direction_agreement=1.000;direction_adjusted_validation_positive_ratio=0.667;worst_development_degradation=0.011304165722922938;upstream_fdr_pass=True
split_003,ta_trend_ema_fast,3,3,2,0.6666666666666666,-1,1.0,0.6666666666666666,-0.029373154670000474,-0.027379928040792968,0.001044556797849993,-0.008926036228141716,True,0.0174239168652576,1.0,1.0,stable_core,eligible_windows=3;selection_frequency=0.667;direction_agreement=1.000;direction_adjusted_validation_positive_ratio=0.667;worst_development_degradation=-0.008926036228141716;upstream_fdr_pass=True
split_003,ta_trend_ema_slow,3,3,2,0.6666666666666666,-1,1.0,0.6666666666666666,-0.02697552431605403,-0.026323909011971108,0.0001535237372544771,-0.007543814053414168,True,0.0232569628174023,1.0,1.0,stable_core,eligible_windows=3;selection_frequency=0.667;direction_agreement=1.000;direction_adjusted_validation_positive_ratio=0.667;worst_development_degradation=-0.007543814053414168;upstream_fdr_pass=True
split_003,ta_trend_ichimoku_a,3,3,2,0.6666666666666666,-1,1.0,0.6666666666666666,-0.02876681686059806,-0.026813123512647346,0.0005495446550442765,-0.008699704449248443,True,0.0106507038777955,1.0,1.0,stable_core,eligible_windows=3;selection_frequency=0.667;direction_agreement=1.000;direction_adjusted_validation_positive_ratio=0.667;worst_development_degradation=-0.008699704449248443;upstream_fdr_pass=True
split_003,ta_trend_ichimoku_b,3,3,2,0.6666666666666666,-1,1.0,0.6666666666666666,-0.024966594730424486,-0.026786743019527038,0.0004304136848920625,-0.004624358201741941,True,0.0438444534189215,1.0,1.0,stable_core,eligible_windows=3;selection_frequency=0.667;direction_agreement=1.000;direction_adjusted_validation_positive_ratio=0.667;worst_development_degradation=-0.004624358201741941;upstream_fdr_pass=True
split_003,ta_trend_ichimoku_base,3,3,2,0.6666666666666666,-1,1.0,0.6666666666666666,-0.027293361197456373,-0.026029045585617482,-0.00027678536823055357,-0.007963318651101645,True,0.0278976921445161,1.0,1.0,stable_core,eligible_windows=3;selection_frequency=0.667;direction_agreement=1.000;direction_adjusted_validation_positive_ratio=0.667;worst_development_degradation=-0.007963318651101645;upstream_fdr_pass=True
split_003,ta_trend_ichimoku_conv,3,3,2,0.6666666666666666,-1,1.0,0.6666666666666666,-0.030595711514198688,-0.028646194752424685,0.0018901234998102041,-0.00884369531048828,True,0.0152761524190095,1.0,1.0,stable_core,eligible_windows=3;selection_frequency=0.667;direction_agreement=1.000;direction_adjusted_validation_positive_ratio=0.667;worst_development_degradation=-0.00884369531048828;upstream_fdr_pass=True
split_003,ta_trend_kst,3,3,2,0.6666666666666666,-1,1.0,0.6666666666666666,-0.0827685977235609,-0.0365898004436739,0.040732098556711366,-0.05132470745632201,True,0.00201304719377,1.0,1.0,conditional_signal,eligible_windows=3;selection_frequency=0.667;direction_agreement=1.000;direction_adjusted_validation_positive_ratio=0.667;worst_development_degradation=-0.05132470745632201;upstream_fdr_pass=True
split_003,ta_trend_kst_diff,3,3,0,0.0,-1,1.0,0.6666666666666666,-0.010736516392402681,-0.01782315221119869,,,False,0.1610569758110741,1.0,1.0,holdout,eligible_windows=3;selection_frequency=0.000;direction_agreement=1.000;direction_adjusted_validation_positive_ratio=0.667;worst_development_degradation=nan;upstream_fdr_pass=False
split_003,ta_trend_kst_sig,3,3,2,0.6666666666666666,-1,1.0,0.6666666666666666,-0.08240903328892304,-0.04243132646790973,0.03385442803372215,-0.04243838859669269,True,0.0032208755100321,1.0,1.0,conditional_signal,eligible_windows=3;selection_frequency=0.667;direction_agreement=1.000;direction_adjusted_validation_positive_ratio=0.667;worst_development_degradation=-0.04243838859669269;upstream_fdr_pass=True
split_003,ta_trend_macd,3,3,2,0.6666666666666666,-1,1.0,0.6666666666666666,-0.06811210009393208,-0.016324164763763437,0.01772996554565139,-0.0527780991885586,True,0.00201304719377,1.0,1.0,conditional_signal,eligible_windows=3;selection_frequency=0.667;direction_agreement=1.000;direction_adjusted_validation_positive_ratio=0.667;worst_development_degradation=-0.0527780991885586;upstream_fdr_pass=True
split_003,ta_trend_macd_diff,3,3,0,0.0,-1,1.0,1.0,-0.0009257963292768774,-0.019978085965057818,,,False,0.1374347045988836,1.0,1.0,holdout,eligible_windows=3;selection_frequency=0.000;direction_agreement=1.000;direction_adjusted_validation_positive_ratio=1.000;worst_development_degradation=nan;upstream_fdr_pass=False
split_003,ta_trend_macd_signal,3,3,2,0.6666666666666666,-1,1.0,0.6666666666666666,-0.07337458910637293,-0.019360318237197974,0.018934335820181745,-0.054331905535003625,True,0.00201304719377,1.0,1.0,conditional_signal,eligible_windows=3;selection_frequency=0.667;direction_agreement=1.000;direction_adjusted_validation_positive_ratio=0.667;worst_development_degradation=-0.054331905535003625;upstream_fdr_pass=True
split_003,ta_trend_mass_index,3,3,2,0.6666666666666666,-1,1.0,0.6666666666666666,-0.04814541747117588,-0.06198970901737409,0.044047050735588456,0.013844291546198213,True,0.0032208755100321,1.0,1.0,stable_core,eligible_windows=3;selection_frequency=0.667;direction_agreement=1.000;direction_adjusted_validation_positive_ratio=0.667;worst_development_degradation=0.013844291546198213;upstream_fdr_pass=True
split_003,ta_trend_psar_down,3,3,2,0.6666666666666666,-1,1.0,0.6666666666666666,-0.036819684650697244,-0.029059538757049797,-0.0006267171821506459,-0.013804867139291872,True,0.0032208755100321,0.9900881057268722,1.0,stable_core,eligible_windows=3;selection_frequency=0.667;direction_agreement=1.000;direction_adjusted_validation_positive_ratio=0.667;worst_development_degradation=-0.013804867139291872;upstream_fdr_pass=True
split_003,ta_trend_psar_down_indicator,3,2,0,0.0,-1,1.0,0.5,-0.005306398774863608,-0.00023873580909139513,,,True,0.0094894963049121,0.9981981981981982,0.9993112947658402,monitor,eligible_windows=2;selection_frequency=0.000;direction_agreement=1.000;direction_adjusted_validation_positive_ratio=0.500;worst_development_degradation=nan;upstream_fdr_pass=True
split_003,ta_trend_psar_up,3,2,0,0.0,-1,1.0,0.5,-0.01767413544653154,-0.016007024117201455,,,False,0.1486404863670102,0.9981981981981982,0.9993112947658402,holdout,eligible_windows=2;selection_frequency=0.000;direction_agreement=1.000;direction_adjusted_validation_positive_ratio=0.500;worst_development_degradation=nan;upstream_fdr_pass=False
split_003,ta_trend_psar_up_indicator,3,3,1,0.3333333333333333,-1,1.0,1.0,-0.003283008780821918,-0.006647828754348347,0.015955887484484736,0.015955887484484736,True,0.0044162885572577,0.9977973568281938,1.0,conditional_signal,eligible_windows=3;selection_frequency=0.333;direction_agreement=1.000;direction_adjusted_validation_positive_ratio=1.000;worst_development_degradation=0.015955887484484736;upstream_fdr_pass=True
split_003,ta_trend_sma_fast,3,3,2,0.6666666666666666,-1,1.0,0.6666666666666666,-0.029399197274063517,-0.02763922004310255,0.0009111303028611975,-0.00878516996166527,True,0.0163621689045417,1.0,1.0,stable_core,eligible_windows=3;selection_frequency=0.667;direction_agreement=1.000;direction_adjusted_validation_positive_ratio=0.667;worst_development_degradation=-0.00878516996166527;upstream_fdr_pass=True
split_003,ta_trend_sma_slow,3,3,2,0.6666666666666666,-1,1.0,0.6666666666666666,-0.026162010038238405,-0.02499634079811764,-0.0010390557964638815,-0.008175732949284892,True,0.0313657461671902,1.0,1.0,stable_core,eligible_windows=3;selection_frequency=0.667;direction_agreement=1.000;direction_adjusted_validation_positive_ratio=0.667;worst_development_degradation=-0.008175732949284892;upstream_fdr_pass=True
split_003,ta_trend_stc,3,3,0,0.0,-1,1.0,1.0,-0.010685695120326286,-0.016617470657732447,,,False,0.2277915011033982,1.0,1.0,holdout,eligible_windows=3;selection_frequency=0.000;direction_agreement=1.000;direction_adjusted_validation_positive_ratio=1.000;worst_development_degradation=nan;upstream_fdr_pass=False
split_003,ta_trend_trix,3,3,2,0.6666666666666666,-1,1.0,0.6666666666666666,-0.08428575623383659,-0.03580903414248116,0.04240162344778205,-0.05157111367704013,True,0.00201304719377,1.0,1.0,conditional_signal,eligible_windows=3;selection_frequency=0.667;direction_agreement=1.000;direction_adjusted_validation_positive_ratio=0.667;worst_development_degradation=-0.05157111367704013;upstream_fdr_pass=True
split_003,ta_trend_vortex_ind_diff,3,3,1,0.3333333333333333,-1,1.0,0.6666666666666666,-0.03893072978130513,-0.009439117326938199,0.0405625444444159,0.0405625444444159,True,0.0032208755100321,1.0,1.0,conditional_signal,eligible_windows=3;selection_frequency=0.333;direction_agreement=1.000;direction_adjusted_validation_positive_ratio=0.667;worst_development_degradation=0.0405625444444159;upstream_fdr_pass=True
split_003,ta_trend_vortex_ind_neg,3,3,2,0.6666666666666666,1,1.0,0.6666666666666666,0.04121323868651831,0.011845848435630628,0.008867227318277635,-0.02936739025088768,True,0.0032208755100321,1.0,1.0,stable_core,eligible_windows=3;selection_frequency=0.667;direction_agreement=1.000;direction_adjusted_validation_positive_ratio=0.667;worst_development_degradation=-0.02936739025088768;upstream_fdr_pass=True
split_003,ta_trend_vortex_ind_pos,3,3,1,0.3333333333333333,-1,1.0,0.6666666666666666,-0.03504865213376787,-0.007635249473452116,0.028127000615158694,0.028127000615158694,True,0.0082340657289322,1.0,1.0,conditional_signal,eligible_windows=3;selection_frequency=0.333;direction_agreement=1.000;direction_adjusted_validation_positive_ratio=0.667;worst_development_degradation=0.028127000615158694;upstream_fdr_pass=True
split_003,ta_volatility_atr,3,3,3,1.0,-1,1.0,1.0,-0.06473011253157389,-0.06903047082253966,0.0043003582909657695,-0.05367560671213853,True,0.00201304719377,1.0,1.0,conditional_signal,eligible_windows=3;selection_frequency=1.000;direction_agreement=1.000;direction_adjusted_validation_positive_ratio=1.000;worst_development_degradation=-0.05367560671213853;upstream_fdr_pass=True
split_003,ta_volatility_bbh,3,3,2,0.6666666666666666,-1,1.0,0.6666666666666666,-0.03015609841160793,-0.029496952266405273,-0.0006486045568002714,-0.007282319105482209,True,0.0129521641149548,1.0,1.0,stable_core,eligible_windows=3;selection_frequency=0.667;direction_agreement=1.000;direction_adjusted_validation_positive_ratio=0.667;worst_development_degradation=-0.007282319105482209;upstream_fdr_pass=True
split_003,ta_volatility_bbhi,3,3,2,0.6666666666666666,-1,1.0,1.0,-0.025504811230374944,-0.021403783722102995,4.658263526401488e-06,-0.0032280487090110763,True,0.00201304719377,1.0,1.0,stable_core,eligible_windows=3;selection_frequency=0.667;direction_agreement=1.000;direction_adjusted_validation_positive_ratio=1.000;worst_development_degradation=-0.0032280487090110763;upstream_fdr_pass=True
split_003,ta_volatility_bbl,3,3,0,0.0,-1,1.0,0.6666666666666666,-0.023850635328835235,-0.022039297340272147,,,False,0.0556943056943056,1.0,1.0,holdout,eligible_windows=3;selection_frequency=0.000;direction_agreement=1.000;direction_adjusted_validation_positive_ratio=0.667;worst_development_degradation=nan;upstream_fdr_pass=False
split_003,ta_volatility_bbm,3,3,2,0.6666666666666666,-1,1.0,0.6666666666666666,-0.027501477634225193,-0.02621054284673994,-0.00013891721705829203,-0.008360791641438978,True,0.0256112500638048,1.0,1.0,stable_core,eligible_windows=3;selection_frequency=0.667;direction_agreement=1.000;direction_adjusted_validation_positive_ratio=0.667;worst_development_degradation=-0.008360791641438978;upstream_fdr_pass=True
split_003,ta_volatility_bbp,3,3,2,0.6666666666666666,-1,1.0,0.6666666666666666,-0.038341083603388136,-0.014007690648001678,0.0027982155604967945,-0.02433339295538646,True,0.00201304719377,1.0,1.0,stable_core,eligible_windows=3;selection_frequency=0.667;direction_agreement=1.000;direction_adjusted_validation_positive_ratio=0.667;worst_development_degradation=-0.02433339295538646;upstream_fdr_pass=True
split_003,ta_volatility_bbw,3,3,3,1.0,-1,1.0,1.0,-0.06404822044982433,-0.09929981961150688,0.048211407976530285,-0.03704972573348487,True,0.0032208755100321,1.0,1.0,conditional_signal,eligible_windows=3;selection_frequency=1.000;direction_agreement=1.000;direction_adjusted_validation_positive_ratio=1.000;worst_development_degradation=-0.03704972573348487;upstream_fdr_pass=True
split_003,ta_volatility_dch,3,3,2,0.6666666666666666,-1,1.0,0.6666666666666666,-0.03137025639715256,-0.030589984265939084,0.00017358007654098492,-0.007207895336311616,True,0.0056758528096107,1.0,1.0,stable_core,eligible_windows=3;selection_frequency=0.667;direction_agreement=1.000;direction_adjusted_validation_positive_ratio=0.667;worst_development_degradation=-0.007207895336311616;upstream_fdr_pass=True
split_003,ta_volatility_dcl,3,3,2,0.6666666666666666,-1,1.0,0.6666666666666666,-0.024633380543687113,-0.023035919961224817,0.001393762075466081,-0.008972351950616762,True,0.0492454913507545,1.0,1.0,stable_core,eligible_windows=3;selection_frequency=0.667;direction_agreement=1.000;direction_adjusted_validation_positive_ratio=0.667;worst_development_degradation=-0.008972351950616762;upstream_fdr_pass=True
split_003,ta_volatility_dcm,3,3,2,0.6666666666666666,-1,1.0,0.6666666666666666,-0.028473664290013186,-0.027231767958832715,0.0006229074181867793,-0.008102829044420428,True,0.0174239168652576,1.0,1.0,stable_core,eligible_windows=3;selection_frequency=0.667;direction_agreement=1.000;direction_adjusted_validation_positive_ratio=0.667;worst_development_degradation=-0.008102829044420428;upstream_fdr_pass=True
split_003,ta_volatility_dcp,3,3,2,0.6666666666666666,-1,1.0,0.6666666666666666,-0.033232581742767955,-0.010412609897515367,0.013531683205062752,-0.022819971845252588,True,0.0032208755100321,1.0,1.0,stable_core,eligible_windows=3;selection_frequency=0.667;direction_agreement=1.000;direction_adjusted_validation_positive_ratio=0.667;worst_development_degradation=-0.022819971845252588;upstream_fdr_pass=True
split_003,ta_volatility_dcw,3,3,3,1.0,-1,1.0,1.0,-0.07512036242249012,-0.10726433779135085,0.044523729665818246,-0.030312795633479536,True,0.00201304719377,1.0,1.0,conditional_signal,eligible_windows=3;selection_frequency=1.000;direction_agreement=1.000;direction_adjusted_validation_positive_ratio=1.000;worst_development_degradation=-0.030312795633479536;upstream_fdr_pass=True
split_003,ta_volatility_kcc,3,3,2,0.6666666666666666,-1,1.0,0.6666666666666666,-0.029750608393659336,-0.027819654132244687,0.0011231037469178213,-0.008929546512890338,True,0.0221546409391713,1.0,1.0,stable_core,eligible_windows=3;selection_frequency=0.667;direction_agreement=1.000;direction_adjusted_validation_positive_ratio=0.667;worst_development_degradation=-0.008929546512890338;upstream_fdr_pass=True
split_003,ta_volatility_kch,3,3,2,0.6666666666666666,-1,1.0,0.6666666666666666,-0.031186844081899628,-0.02958664221305613,0.0020055094542240134,-0.008500077920660626,True,0.0140836175318933,1.0,1.0,stable_core,eligible_windows=3;selection_frequency=0.667;direction_agreement=1.000;direction_adjusted_validation_positive_ratio=0.667;worst_development_degradation=-0.008500077920660626;upstream_fdr_pass=True
split_003,ta_volatility_kcl,3,3,2,0.6666666666666666,-1,1.0,0.6666666666666666,-0.02778439020241872,-0.02549946963008856,0.0005159894958489224,-0.009432977552415484,True,0.0174239168652576,1.0,1.0,stable_core,eligible_windows=3;selection_frequency=0.667;direction_agreement=1.000;direction_adjusted_validation_positive_ratio=0.667;worst_development_degradation=-0.009432977552415484;upstream_fdr_pass=True
split_003,ta_volatility_kcli,3,3,1,0.3333333333333333,1,1.0,1.0,0.013658599240151984,0.006579105208700015,0.014801023746237645,0.014801023746237645,True,0.0163621689045417,0.9944933920704846,1.0,conditional_signal,eligible_windows=3;selection_frequency=0.333;direction_agreement=1.000;direction_adjusted_validation_positive_ratio=1.000;worst_development_degradation=0.014801023746237645;upstream_fdr_pass=True
split_003,ta_volatility_kcp,3,3,2,0.6666666666666666,-1,1.0,1.0,-0.022349467323677895,-0.017849271196785317,0.006560461229883192,-0.004500196126892578,True,0.0044162885572577,1.0,1.0,stable_core,eligible_windows=3;selection_frequency=0.667;direction_agreement=1.000;direction_adjusted_validation_positive_ratio=1.000;worst_development_degradation=-0.004500196126892578;upstream_fdr_pass=True
split_003,ta_volatility_kcw,3,3,3,1.0,-1,1.0,1.0,-0.10287044326587144,-0.14742228848628763,0.050950827908758545,0.02518078007063848,True,0.00201304719377,1.0,1.0,stable_core,eligible_windows=3;selection_frequency=1.000;direction_agreement=1.000;direction_adjusted_validation_positive_ratio=1.000;worst_development_degradation=0.02518078007063848;upstream_fdr_pass=True
split_003,ta_volatility_ui,3,3,0,0.0,-1,1.0,0.6666666666666666,-0.015013900464873026,-0.05559149999388245,,,False,0.4320212497782591,1.0,1.0,holdout,eligible_windows=3;selection_frequency=0.000;direction_agreement=1.000;direction_adjusted_validation_positive_ratio=0.667;worst_development_degradation=nan;upstream_fdr_pass=False
split_003,ta_volume_adi,3,3,0,0.0,-1,1.0,0.0,-0.02133283242446166,0.026298673190653023,,,False,0.1374347045988836,1.0,1.0,holdout,eligible_windows=3;selection_frequency=0.000;direction_agreement=1.000;direction_adjusted_validation_positive_ratio=0.000;worst_development_degradation=nan;upstream_fdr_pass=False
split_003,ta_volume_cmf,3,3,1,0.3333333333333333,-1,1.0,0.3333333333333333,-0.0454232064601209,0.024748674579295603,0.05425148622273262,0.05425148622273262,True,0.0032208755100321,1.0,1.0,conditional_signal,eligible_windows=3;selection_frequency=0.333;direction_agreement=1.000;direction_adjusted_validation_positive_ratio=0.333;worst_development_degradation=0.05425148622273262;upstream_fdr_pass=True
split_003,ta_volume_em,3,3,2,0.6666666666666666,-1,1.0,1.0,-0.008571190884826215,-0.01227143401116838,0.0036547350358158044,0.003464714539560588,True,0.006990917032758,1.0,1.0,stable_core,eligible_windows=3;selection_frequency=0.667;direction_agreement=1.000;direction_adjusted_validation_positive_ratio=1.000;worst_development_degradation=0.003464714539560588;upstream_fdr_pass=True
split_003,ta_volume_fi,3,3,2,0.6666666666666666,-1,1.0,1.0,-0.05699429233917944,-0.0362727702306616,0.025032924757084633,-0.01745998464963979,True,0.00201304719377,1.0,1.0,stable_core,eligible_windows=3;selection_frequency=0.667;direction_agreement=1.000;direction_adjusted_validation_positive_ratio=1.000;worst_development_degradation=-0.01745998464963979;upstream_fdr_pass=True
split_003,ta_volume_mfi,3,3,2,0.6666666666666666,-1,1.0,0.6666666666666666,-0.030974121279092163,-0.014749569658356878,0.025994533114222507,-0.015218187126055204,True,0.0082340657289322,1.0,1.0,stable_core,eligible_windows=3;selection_frequency=0.667;direction_agreement=1.000;direction_adjusted_validation_positive_ratio=0.667;worst_development_degradation=-0.015218187126055204;upstream_fdr_pass=True
split_003,ta_volume_obv,3,3,0,0.0,-1,1.0,0.3333333333333333,-0.01093176998537402,0.007421460969641931,,,False,0.7936438561438561,1.0,1.0,holdout,eligible_windows=3;selection_frequency=0.000;direction_agreement=1.000;direction_adjusted_validation_positive_ratio=0.333;worst_development_degradation=nan;upstream_fdr_pass=False
split_003,ta_volume_sma_em,3,3,1,0.3333333333333333,-1,1.0,0.6666666666666666,-0.03330968469628954,-0.00377123075353563,-0.0086604585797324,-0.0086604585797324,True,0.00201304719377,1.0,1.0,conditional_signal,eligible_windows=3;selection_frequency=0.333;direction_agreement=1.000;direction_adjusted_validation_positive_ratio=0.667;worst_development_degradation=-0.0086604585797324;upstream_fdr_pass=True
split_003,ta_volume_vwap,3,3,2,0.6666666666666666,-1,1.0,0.6666666666666666,-0.02957875624569815,-0.02817835858611073,0.0011587175609523836,-0.00831355291765102,True,0.0129521641149548,1.0,1.0,stable_core,eligible_windows=3;selection_frequency=0.667;direction_agreement=1.000;direction_adjusted_validation_positive_ratio=0.667;worst_development_degradation=-0.00831355291765102;upstream_fdr_pass=True
split_003,volume_ratio_5_20,3,3,2,0.6666666666666666,-1,1.0,1.0,-0.01358295526925412,-0.0212354224205452,0.020135999699309157,0.00765246715129108,True,0.0232569628174023,1.0,1.0,stable_core,eligible_windows=3;selection_frequency=0.667;direction_agreement=1.000;direction_adjusted_validation_positive_ratio=1.000;worst_development_degradation=0.00765246715129108;upstream_fdr_pass=True
