datetime,instrument,open,close,volume,amount,can_buy,can_sell,limit_up,limit_down,suspended,factor,change,execution_price
2026-02-04,SH600000,9.999999,10.13,672489.6,678972.1,True,True,False,False,False,0.649013,0.010978044,9.999999
2026-02-04,SH600004,9.44,9.62,341490.47,326996.53,True,True,False,False,False,0.30686072,0.017989418,9.44
2026-02-04,SH600006,6.8599997,6.9600005,140288.75,96930.734,True,True,False,False,False,0.75726163,0.013100437,6.8599997
2026-02-04,SH600007,20.1,20.77,35904.59,73896.336,True,True,False,False,False,0.30865976,0.03076923,20.1
2026-02-04,SH600008,3.07,3.09,967041.4,297936.16,True,True,False,False,False,0.5864999,0.0032467532,3.07
2026-02-04,SH600009,30.43,31.189999,301049.8,934290.4,True,True,False,False,False,0.21363467,0.021283563,30.43
2026-02-04,SH600010,2.4399998,2.46,6664595.5,1634033.6,True,True,False,False,False,1.312246,0.0040816325,2.4399998
2026-02-04,SH600011,6.8399997,6.96,646450.7,447390.47,True,True,False,False,False,0.38784677,0.016058395,6.8399997
2026-02-04,SH600012,14.3,14.31,74044.66,107011.79,True,True,False,False,False,0.69284064,0.0013995802,14.3
2026-02-04,SH600015,6.42,6.48,559439.9,361524.0,True,True,False,False,False,0.86614,0.009345794,6.42
2026-02-04,SH600016,3.7299998,3.79,3714544.0,1401073.8,True,True,False,False,False,1.9773281,0.01608579,3.7299998
2026-02-04,SH600017,3.11,3.18,532148.25,168159.5,True,True,False,False,False,0.56262493,0.022508038,3.11
2026-02-04,SH600018,4.96,5.06,935996.7,471041.0,True,True,False,False,False,0.4458373,0.02016129,4.96
2026-02-04,SH600019,6.9999995,7.2199993,1573242.9,1124177.1,True,True,False,False,False,0.5624315,0.02849003,6.9999995
2026-02-04,SH600020,3.9900002,4.07,187478.1,75849.766,True,True,False,False,False,0.609414,0.0175,3.9900002
2026-02-04,SH600021,21.12,21.220001,461315.44,974446.9,True,True,False,False,False,0.2723704,-0.00047103156,21.12
2026-02-04,SH600022,1.59,1.6500001,1821661.9,295205.78,True,True,False,False,False,0.9433962,0.03125,1.59
2026-02-04,SH600023,4.91,4.9700003,755983.8,374442.75,True,True,False,False,False,0.22522523,0.010162601,4.91
2026-02-04,SH600025,8.9800005,9.12,260200.0,236604.38,True,True,False,False,False,0.39466655,0.0155902,8.9800005
2026-02-04,SH600026,16.0,16.76,729396.75,1193489.9,True,True,False,False,False,0.42639595,0.056080654,16.0
2026-02-04,SH600027,4.81,4.88,704831.94,342303.25,True,True,False,False,False,0.508433,0.010351967,4.81
2026-02-04,SH600028,6.35,6.5,2446846.2,1580214.8,True,True,False,False,False,1.0434016,0.031746034,6.35
2026-02-04,SH600029,7.63,8.18,1666710.4,1347710.8,True,True,False,False,False,0.4389005,0.06928105,7.63
2026-02-04,SH600030,27.85,28.38,1572192.4,4440801.0,True,True,False,False,False,1.3111198,0.014658563,27.85
2026-02-04,SH600031,22.91,23.26,859732.56,1988180.8,True,True,False,False,False,2.5183372,0.00779896,22.91
2026-02-04,SH600032,7.9100003,8.08,151077.73,121735.195,True,True,False,False,False,0.2046368,0.021491783,7.9100003
2026-02-04,SH600033,3.76,3.84,520048.56,198770.6,True,True,False,False,False,1.0022364,0.018567638,3.76
2026-02-04,SH600035,3.91,3.9699998,165358.1,65323.59,True,True,False,False,False,0.60428584,0.0127551025,3.91
2026-02-04,SH600036,38.3,39.01,1021316.3,3961153.5,True,True,False,False,False,0.608157,0.018537859,38.3
2026-02-04,SH600037,8.19,8.08,231002.0,186071.12,True,True,False,False,False,0.19828081,-0.018226003,8.19
2026-02-05,SH600000,10.150001,10.23,972236.9,992778.94,True,True,False,False,False,0.6490148,0.009871668,10.150001
2026-02-05,SH600004,9.62,9.639999,253489.9,244212.61,True,True,False,False,False,0.30681685,0.002079002,9.62
2026-02-05,SH600006,6.93,6.9199996,130895.69,90680.1,True,True,False,False,False,0.75729495,-0.0057471264,6.93
2026-02-05,SH600007,20.8,20.91,28568.51,59680.926,True,True,False,False,False,0.308658,0.006740491,20.8
2026-02-05,SH600008,3.09,3.08,749096.75,230652.8,True,True,False,False,False,0.58654034,-0.003236246,3.09
2026-02-05,SH600009,31.18,31.24,183104.1,572031.06,True,True,False,False,False,0.21364115,0.0016030779,31.18
2026-02-05,SH600010,2.43,2.3899999,6464456.0,1553264.9,True,True,False,False,False,1.3127615,-0.028455285,2.43
2026-02-05,SH600011,6.91,6.9300003,498614.22,344852.53,True,True,False,False,False,0.3878331,-0.004310345,6.91
2026-02-05,SH600012,14.360001,14.35,42212.008,60706.734,True,True,False,False,False,0.69284064,0.002795248,14.360001
2026-02-05,SH600015,6.4900002,6.58,741872.3,485607.06,True,True,False,False,False,0.86615515,0.015432099,6.4900002
2026-02-05,SH600016,3.7900002,3.84,5024338.5,1923400.2,True,True,False,False,False,1.9772584,0.013192612,3.7900002
2026-02-05,SH600017,3.17,3.15,375306.75,118521.59,True,True,False,False,False,0.5625692,-0.009433962,3.17
2026-02-05,SH600018,5.06,5.0499997,575335.56,290436.1,True,True,False,False,False,0.44619766,-0.0019762847,5.06
2026-02-05,SH600019,7.1899996,7.1199994,1149521.5,822607.7,True,True,False,False,False,0.562259,-0.013850415,7.1899996
2026-02-05,SH600020,4.0699997,4.08,187577.97,76579.99,True,True,False,False,False,0.6095286,0.0024570024,4.0699997
2026-02-05,SH600021,21.22,20.32,606106.2,1244946.2,True,True,False,False,False,0.27240053,-0.042412817,21.22
2026-02-05,SH600022,1.64,1.62,1415570.5,230908.9,True,True,False,False,False,0.9433962,-0.018181818,1.64
2026-02-05,SH600023,4.9700003,4.95,416055.62,206444.78,True,True,False,False,False,0.22522523,-0.0040241447,4.9700003
2026-02-05,SH600025,9.12,9.15,178722.42,163395.64,True,True,False,False,False,0.39477372,0.0032894737,9.12
2026-02-05,SH600026,16.69,16.16,585545.4,956539.8,True,True,False,False,False,0.42647845,-0.035799522,16.69
2026-02-05,SH600027,4.8700004,4.8700004,600046.06,291400.06,True,True,False,False,False,0.5085664,-0.0020491802,4.8700004
2026-02-05,SH600028,6.5099998,6.4,2169579.5,1391003.4,True,True,False,False,False,1.043578,-0.015384615,6.5099998
2026-02-05,SH600029,8.18,8.25,1118131.4,924232.0,True,True,False,False,False,0.43892533,0.0085574575,8.18
2026-02-05,SH600030,28.29,28.29,1156841.6,3276268.2,True,True,False,False,False,1.3111281,-0.0031712474,28.29
2026-02-05,SH600031,23.249998,23.27,682882.75,1586163.9,True,True,False,False,False,2.5183446,0.00042992263,23.249998
2026-02-05,SH600032,8.08,7.9,97091.734,77129.83,True,True,False,False,False,0.20478757,-0.022277229,8.08
2026-02-05,SH600033,3.8600001,3.9,826788.5,323545.34,True,True,False,False,False,1.002173,0.015625,3.8600001
2026-02-05,SH600035,3.9699998,3.9699998,130708.016,51864.242,True,True,False,False,False,0.60428584,0.0,3.9699998
2026-02-05,SH600036,38.94,39.71,1218894.5,4810049.0,True,True,False,False,False,0.6081379,0.017944116,38.94
2026-02-05,SH600037,8.01,8.05,163853.0,132440.81,True,True,False,False,False,0.19827746,-0.0037128713,8.01
2026-02-06,SH600000,10.24,10.12,759255.44,769321.56,True,True,False,False,False,0.6489973,-0.010752688,10.24
2026-02-06,SH600004,9.62,9.51,230746.44,220105.92,True,True,False,False,False,0.30680487,-0.013485477,9.62
2026-02-06,SH600006,6.93,6.91,128179.01,88833.555,True,True,False,False,False,0.7572308,-0.0014450867,6.93
2026-02-06,SH600007,20.81,20.78,25248.09,52793.492,True,True,False,False,False,0.30864528,-0.006217121,20.81
2026-02-06,SH600008,3.07,3.06,888343.25,273165.7,True,True,False,False,False,0.58662194,-0.0064935065,3.07
2026-02-06,SH600009,31.05,30.94,147713.28,458185.44,True,True,False,False,False,0.21362391,-0.009603073,31.05
2026-02-06,SH600010,2.37,2.3799999,5928580.0,1413871.5,True,True,False,False,False,1.3123688,-0.0041841003,2.37
2026-02-06,SH600011,6.8999996,6.92,470803.78,327077.72,True,True,False,False,False,0.3878638,-0.0014430014,6.8999996
2026-02-06,SH600012,14.3,14.2,41690.0,59410.57,True,True,False,False,False,0.69284064,-0.010452962,14.3
2026-02-06,SH600015,6.58,6.58,636685.5,418421.7,True,True,False,False,False,0.86615515,0.0,6.58
2026-02-06,SH600016,3.84,3.8799999,4842443.0,1869581.9,True,True,False,False,False,1.9772874,0.010416667,3.84
2026-02-06,SH600017,3.15,3.1299999,383612.03,120774.69,True,True,False,False,False,0.56220126,-0.0063492064,3.15
2026-02-06,SH600018,5.04,5.04,547237.94,276181.28,True,True,False,False,False,0.44603592,-0.001980198,5.04
2026-02-06,SH600019,7.08,7.1,864216.8,615831.9,True,True,False,False,False,0.5622239,-0.0028089888,7.08
2026-02-06,SH600020,4.0699997,4.08,132238.17,54111.81,True,True,False,False,False,0.6095286,0.0,4.0699997
2026-02-06,SH600021,20.0,20.42,364874.66,745689.25,True,True,False,False,False,0.27236566,0.00492126,20.0
2026-02-06,SH600022,1.6100001,1.6100001,1189627.8,192239.6,True,True,False,False,False,0.9433962,-0.0061728396,1.6100001
2026-02-06,SH600023,4.95,4.96,502182.94,249106.6,True,True,False,False,False,0.22522523,0.002020202,4.95
2026-02-06,SH600025,9.16,9.19,196453.0,180245.53,True,True,False,False,False,0.39479926,0.004371585,9.16
2026-02-06,SH600026,15.95,15.97,411086.47,654117.94,True,True,False,False,False,0.42647532,-0.011757426,15.95
2026-02-06,SH600027,4.85,4.8700004,458665.56,223594.6,True,True,False,False,False,0.5085664,0.0,4.85
2026-02-06,SH600028,6.2999997,6.5,2210681.2,1427880.8,True,True,False,False,False,1.0434016,0.015625,6.2999997
2026-02-06,SH600029,8.21,8.22,660715.75,542103.1,True,True,False,False,False,0.438646,-0.0036363637,8.21
2026-02-06,SH600030,28.199999,28.159998,1074026.5,3027616.8,True,True,False,False,False,1.3110852,-0.0045952634,28.199999
2026-02-06,SH600031,23.05,22.98,477209.72,1102389.0,True,True,False,False,False,2.518336,-0.012462398,23.05
2026-02-06,SH600032,7.87,7.93,77660.516,61850.86,True,True,False,False,False,0.20476197,0.0037974683,7.87
2026-02-06,SH600033,3.8799999,3.8199997,529887.5,203066.86,True,True,False,False,False,1.0021594,-0.020512821,3.8799999
2026-02-06,SH600035,3.9599998,3.95,128636.0,51021.19,True,True,False,False,False,0.6040199,-0.005037783,3.9599998
2026-02-06,SH600036,39.7,39.600002,802979.75,3178037.8,True,True,False,False,False,0.60814524,-0.002770083,39.7
2026-02-06,SH600037,8.01,7.93,186412.0,148879.25,True,True,False,False,False,0.19830813,-0.014906832,8.01
2026-02-09,SH600000,10.11,10.18,611715.44,621933.9,True,True,False,False,False,0.6490139,0.0059288535,10.11
2026-02-09,SH600004,9.550001,9.540001,164432.14,156575.11,True,True,False,False,False,0.30679843,0.0031545742,9.550001
2026-02-09,SH600006,6.9399996,6.95,110847.65,76923.266,True,True,False,False,False,0.75719786,0.005788712,6.9399996
2026-02-09,SH600007,20.800001,20.74,20723.338,43027.082,True,True,False,False,False,0.30863616,-0.0019249278,20.800001
2026-02-09,SH600008,3.08,3.09,720049.6,221596.39,True,True,False,False,False,0.5864999,0.009803922,3.08
2026-02-09,SH600009,31.019999,31.259998,124988.4,389134.3,True,True,False,False,False,0.21363504,0.010342599,31.019999
2026-02-09,SH600010,2.4099998,2.53,15689418.0,3901226.2,True,True,False,False,False,1.3123765,0.063025214,2.4099998
2026-02-09,SH600011,6.94,6.96,499876.16,348019.34,True,True,False,False,False,0.38784677,0.0057803467,6.94
2026-02-09,SH600012,14.2,14.26,35160.82,49956.766,True,True,False,False,False,0.69284064,0.0042253523,14.2
2026-02-09,SH600015,6.58,6.6099997,466659.28,308063.84,True,True,False,False,False,0.8660326,0.0045592706,6.58
2026-02-09,SH600016,3.87,3.9299998,4027832.2,1576946.8,True,True,False,False,False,1.977357,0.012886598,3.87
2026-02-09,SH600017,3.15,3.14,374526.97,117633.67,True,True,False,False,False,0.5623858,0.0031948881,3.15
2026-02-09,SH600018,5.0499997,5.0499997,413041.03,208689.9,True,True,False,False,False,0.44619766,0.001984127,5.0499997
2026-02-09,SH600019,7.1699996,7.1199994,1156474.8,829103.9,True,True,False,False,False,0.562259,0.0028169013,7.1699996
2026-02-09,SH600020,4.1,4.1,121764.73,49911.688,True,True,False,False,False,0.60943604,0.004901961,4.1
2026-02-09,SH600021,20.59,20.45,372613.38,764036.8,True,True,False,False,False,0.27236092,0.0014691479,20.59
2026-02-09,SH600022,1.62,1.63,1574098.9,256987.84,True,True,False,False,False,0.9433962,0.0124223605,1.62
2026-02-09,SH600023,4.9700003,4.98,418726.28,208330.42,True,True,False,False,False,0.22522523,0.004032258,4.9700003
2026-02-09,SH600025,9.2,9.14,163980.02,149902.36,True,True,False,False,False,0.39485496,-0.0054406966,9.2
2026-02-09,SH600026,16.35,16.43,520029.62,860189.1,True,True,False,False,False,0.42646116,0.028804008,16.35
2026-02-09,SH600027,4.89,4.89,475886.1,232309.23,True,True,False,False,False,0.5083001,0.0041067763,4.89
2026-02-09,SH600028,6.5,6.5,1624289.5,1056459.2,True,True,False,False,False,1.0434016,0.0,6.5
2026-02-09,SH600029,8.160001,8.29,783029.8,650736.6,True,True,False,False,False,0.43867284,0.008515815,8.160001
2026-02-09,SH600030,28.009998,28.06,970534.4,2718596.5,True,True,False,False,False,1.3247205,-0.0035511365,28.009998
2026-02-09,SH600031,23.380001,23.58,725567.0,1714567.1,True,True,False,False,False,2.5183473,0.02610966,23.380001
2026-02-09,SH600032,7.9700003,8.0,81397.88,65153.7,True,True,False,False,False,0.20470297,0.008827238,7.9700003
2026-02-09,SH600033,3.84,3.84,356776.56,137123.45,True,True,False,False,False,1.0022364,0.005235602,3.84
2026-02-09,SH600035,3.96,3.9699998,100876.4,40087.49,True,True,False,False,False,0.60428584,0.005063291,3.96
2026-02-09,SH600036,39.6,39.48,658948.9,2601539.0,True,True,False,False,False,0.60814035,-0.003030303,39.6
2026-02-09,SH600037,8.05,8.25,245071.36,200317.31,True,True,False,False,False,0.19828513,0.04035309,8.05
2026-02-10,SH600000,10.190001,10.18,464297.78,472864.72,True,True,False,False,False,0.6490139,0.0,10.190001
2026-02-10,SH600004,9.54,9.5199995,153996.81,146486.58,True,True,False,False,False,0.30684274,-0.002096436,9.54
2026-02-10,SH600006,6.95,6.9199996,97831.02,67807.39,True,True,False,False,False,0.75729495,-0.004316547,6.95
2026-02-10,SH600007,20.84,20.78,14246.09,29518.564,True,True,False,False,False,0.30864528,0.0019286403,20.84
2026-02-10,SH600008,3.08,3.07,547530.25,168243.3,True,True,False,False,False,0.586581,-0.006472492,3.08
2026-02-10,SH600009,31.250002,31.300001,91438.58,285148.56,True,True,False,False,False,0.21362282,0.0012795905,31.250002
2026-02-10,SH600010,2.5400002,2.6100001,15822027.0,4091318.5,True,True,False,False,False,1.3122605,0.031620555,2.5400002
2026-02-10,SH600011,6.96,6.94,341608.72,237028.23,True,True,False,False,False,0.38780245,-0.0028735632,6.96
2026-02-10,SH600012,14.280001,14.41,30524.72,43836.438,True,True,False,False,False,0.69284064,0.010518934,14.280001
2026-02-10,SH600015,6.6,6.6499996,410567.56,272487.16,True,True,False,False,False,0.8660813,0.006051437,6.6
2026-02-10,SH600016,3.93,3.97,3917423.5,1550937.2,True,True,False,False,False,1.9772485,0.010178117,3.93
2026-02-10,SH600017,3.13,3.1200001,402034.0,125437.1,True,True,False,False,False,0.5625124,-0.006369427,3.13
2026-02-10,SH600018,5.05,5.07,479569.53,242714.55,True,True,False,False,False,0.44599876,0.003960396,5.05
2026-02-10,SH600019,7.1200004,7.06,881789.7,623258.44,True,True,False,False,False,0.56238574,-0.008426966,7.1200004
2026-02-10,SH600020,4.1,4.14,161505.05,66513.0,True,True,False,False,False,0.60957056,0.009756098,4.1
2026-02-10,SH600021,20.449999,20.37,260306.4,530440.1,True,True,False,False,False,0.27235475,-0.0039119804,20.449999
2026-02-10,SH600022,1.63,1.62,1050712.4,170161.95,True,True,False,False,False,0.9433962,-0.006134969,1.63
2026-02-10,SH600023,4.98,4.9700003,327972.1,163013.66,True,True,False,False,False,0.22522523,-0.002008032,4.98
2026-02-10,SH600025,9.14,9.16,128491.0,117471.61,True,True,False,False,False,0.39469263,0.0021881838,9.14
2026-02-10,SH600026,16.45,17.14,580063.4,976222.4,True,True,False,False,False,0.42640364,0.043213632,16.45
2026-02-10,SH600027,4.89,4.88,332663.3,162127.25,True,True,False,False,False,0.508433,-0.0020449897,4.89
2026-02-10,SH600028,6.51,6.46,1640655.8,1063304.1,True,True,False,False,False,1.0434715,-0.006153846,6.51
2026-02-10,SH600029,8.309999,8.12,903478.2,727468.1,True,True,False,False,False,0.4386522,-0.020506635,8.309999
2026-02-10,SH600030,28.060001,28.090002,756298.06,2124582.8,True,True,False,False,False,1.3247268,0.0010691376,28.060001
2026-02-10,SH600031,23.679998,23.779999,603072.06,1428750.5,True,True,False,False,False,2.5183313,0.008481764,23.679998
2026-02-10,SH600032,7.9900002,7.86,62124.0,49082.508,True,True,False,False,False,0.204822,-0.0175,7.9900002
2026-02-10,SH600033,3.84,3.84,256006.16,97956.234,True,True,False,False,False,1.0022364,0.0,3.84
2026-02-10,SH600035,3.98,3.9699998,62519.996,24823.006,True,True,False,False,False,0.60428584,0.0,3.98
2026-02-10,SH600036,39.489998,39.34,495964.7,1953983.8,True,True,False,False,False,0.60815847,-0.0035460992,39.489998
2026-02-10,SH600037,8.27,8.540001,511228.88,434212.1,True,True,False,False,False,0.19830179,0.035151515,8.27
2026-02-11,SH600000,10.18,10.17,393388.3,399584.94,True,True,False,False,False,0.6489983,-0.0009823183,10.18
2026-02-11,SH600004,9.53,9.5199995,93952.67,89474.18,True,True,False,False,False,0.30684274,0.0,9.53
2026-02-11,SH600006,6.93,6.91,94202.375,65245.637,True,True,False,False,False,0.7572308,-0.0014450867,6.93
2026-02-11,SH600007,20.800001,20.74,17139.1,35464.207,True,True,False,False,False,0.30863616,-0.0019249278,20.800001
2026-02-11,SH600008,3.07,3.08,510610.8,157174.33,True,True,False,False,False,0.58654034,0.0032573289,3.07
2026-02-11,SH600009,31.34,31.25,76255.19,238155.17,True,True,False,False,False,0.2136381,-0.0015974441,31.34
2026-02-11,SH600010,2.59,2.67,14761762.0,3922633.0,True,True,False,False,False,1.3126171,0.022988506,2.59
2026-02-11,SH600011,6.94,6.94,387924.72,269448.84,True,True,False,False,False,0.38780245,0.0,6.94
2026-02-11,SH600012,14.41,14.46,45163.0,65154.02,True,True,False,False,False,0.69284064,0.0034698127,14.41
2026-02-11,SH600015,6.64,6.6699996,412731.25,274937.16,True,True,False,False,False,0.8660006,0.0030075188,6.64
2026-02-11,SH600016,3.9699998,4.0,3424847.2,1365763.4,True,True,False,False,False,1.9773707,0.007556675,3.9699998
2026-02-11,SH600017,3.1200001,3.14,277134.5,86758.36,True,True,False,False,False,0.5623858,0.0064102565,3.1200001
2026-02-11,SH600018,5.07,5.09,440637.44,224228.36,True,True,False,False,False,0.44631982,0.003944773,5.07
2026-02-11,SH600019,7.06,7.18,1173793.5,838301.3,True,True,False,False,False,0.5623631,0.016997168,7.06
2026-02-11,SH600020,4.14,4.1299996,112499.0,46526.445,True,True,False,False,False,0.60945773,-0.002415459,4.14
2026-02-11,SH600021,20.369999,20.3,282234.7,575992.06,True,True,False,False,False,0.27238482,-0.0034364262,20.369999
2026-02-11,SH600022,1.62,1.64,1185996.5,193599.69,True,True,False,False,False,0.9433962,0.012345679,1.62
2026-02-11,SH600023,4.98,4.98,350249.94,174457.1,True,True,False,False,False,0.22522523,0.0020120724,4.98
2026-02-11,SH600025,9.16,9.14,103233.234,94445.375,True,True,False,False,False,0.39485496,-0.0021834061,9.16
2026-02-11,SH600026,17.13,17.03,348531.22,593430.4,True,True,False,False,False,0.42638057,-0.0064177364,17.13
2026-02-11,SH600027,4.8799996,4.89,370372.0,181027.1,True,True,False,False,False,0.5083001,0.0020491802,4.8799996
2026-02-11,SH600028,6.4700003,6.54,1663085.0,1080708.6,True,True,False,False,False,1.0436832,0.012383901,6.4700003
2026-02-11,SH600029,8.12,7.94,1077257.5,861203.2,True,True,False,False,False,0.43885845,-0.022167487,8.12
2026-02-11,SH600030,28.11,28.04,836659.8,2346138.8,True,True,False,False,False,1.3247399,-0.0017799928,28.11
2026-02-11,SH600031,23.84,23.920002,680064.56,1629492.4,True,True,False,False,False,2.5183318,0.0058873002,23.84
2026-02-11,SH600032,7.92,7.88,62331.92,49311.94,True,True,False,False,False,0.20480475,0.0025445293,7.92
2026-02-11,SH600033,3.8299997,3.8299997,186338.38,71405.09,True,True,False,False,False,1.002198,-0.0026041667,3.8299997
2026-02-11,SH600035,3.9699998,3.9699998,70126.2,27843.695,True,True,False,False,False,0.60428584,0.0,3.9699998
2026-02-11,SH600036,39.36,39.399998,528816.94,2080370.2,True,True,False,False,False,0.6081371,0.0015251653,39.36
2026-02-11,SH600037,8.5,8.31,304019.0,252552.36,True,True,False,False,False,0.1982916,-0.026932085,8.5
2026-02-12,SH600000,10.17,9.9800005,983762.56,985620.9,True,True,False,False,False,0.6490102,-0.0186824,10.17
2026-02-12,SH600004,9.530001,9.44,196518.98,185929.78,True,True,False,False,False,0.30677965,-0.008403362,9.530001
2026-02-12,SH600006,6.92,6.85,124578.0,85588.21,True,True,False,False,False,0.75713474,-0.008683068,6.92
2026-02-12,SH600007,20.75,20.86,21071.01,43768.12,True,True,False,False,False,0.3086634,0.005785921,20.75
2026-02-12,SH600008,3.0800002,3.04,890677.8,272142.34,True,True,False,False,False,0.5865158,-0.012987013,3.0800002
2026-02-12,SH600009,31.2,31.02,96373.54,299345.72,True,True,False,False,False,0.21362123,-0.00736,31.2
2026-02-12,SH600010,2.65,2.68,11415867.0,3050506.0,True,True,False,False,False,1.3123834,0.0037453184,2.65
2026-02-12,SH600011,6.9799995,6.97,571415.4,398605.44,True,True,False,False,False,0.38781625,0.004322767,6.9799995
2026-02-12,SH600012,14.45,14.070001,73063.0,103441.49,True,True,False,False,False,0.69284064,-0.026970955,14.45
2026-02-12,SH600015,6.66,6.6000004,455992.56,301553.1,True,True,False,False,False,0.8660733,-0.010494753,6.66
2026-02-12,SH600016,4.0,3.94,3502046.8,1383557.8,True,True,False,False,False,1.9772613,-0.015,4.0
2026-02-12,SH600017,3.13,3.11,343459.06,107290.586,True,True,False,False,False,0.5623271,-0.00955414,3.13
2026-02-12,SH600018,5.1,5.0499997,414410.0,210043.28,True,True,False,False,False,0.44619766,-0.007858546,5.1
2026-02-12,SH600019,7.1699996,7.1199994,933478.5,666037.1,True,True,False,False,False,0.562259,-0.008356546,7.1699996
2026-02-12,SH600020,4.14,4.08,163592.02,67074.6,True,True,False,False,False,0.6095286,-0.012106538,4.14
2026-02-12,SH600021,20.479998,20.4,410534.03,839385.75,True,True,False,False,False,0.27235,0.0049261083,20.479998
2026-02-12,SH600022,1.64,1.64,1352191.4,221630.75,True,True,False,False,False,0.9433962,0.0,1.64
2026-02-12,SH600023,4.99,5.01,647656.75,324316.5,True,True,False,False,False,0.22522523,0.006024096,4.99
2026-02-12,SH600025,9.179999,9.08,141958.02,129123.16,True,True,False,False,False,0.39464024,-0.0065645515,9.179999
2026-02-12,SH600026,17.48,18.73,876870.9,1615505.1,False,True,True,False,False,0.42640078,0.09982384,17.48
2026-02-12,SH600027,4.8999996,4.9199996,639742.06,314573.88,True,True,False,False,False,0.50835544,0.006134969,4.8999996
2026-02-12,SH600028,6.5299997,6.6,1861215.0,1225551.0,True,True,False,False,False,1.043578,0.0091743115,6.5299997
2026-02-12,SH600029,7.9300003,7.76,812162.9,635128.0,True,True,False,False,False,0.43874216,-0.022670025,7.9300003
2026-02-12,SH600030,28.029999,27.869999,957854.2,2671181.2,True,True,False,False,False,1.3247277,-0.0060627675,28.029999
2026-02-12,SH600031,23.99,23.960001,476174.72,1137666.2,True,True,False,False,False,2.5183403,0.0016722408,23.99
2026-02-12,SH600032,7.89,7.94,69820.73,55359.785,True,True,False,False,False,0.20475347,0.007614213,7.89
2026-02-12,SH600033,3.8300002,3.7700002,379959.06,143895.1,True,True,False,False,False,1.0022628,-0.015665796,3.8300002
2026-02-12,SH600035,3.9799998,3.94,118290.0,46751.445,True,True,False,False,False,0.6038859,-0.007556675,3.9799998
2026-02-12,SH600036,39.399998,38.989998,777525.75,3028037.8,True,True,False,False,False,0.60815614,-0.010406092,39.399998
2026-02-12,SH600037,8.34,8.14,234004.23,190467.05,True,True,False,False,False,0.19828744,-0.02045728,8.34
2026-02-13,SH600000,9.9800005,9.89,700407.2,696614.5,True,True,False,False,False,0.64898473,-0.009018037,9.9800005
2026-02-13,SH600004,9.450001,9.370001,158937.0,149517.88,True,True,False,False,False,0.30687603,-0.007415254,9.450001
2026-02-13,SH600006,6.8500004,6.8700004,165317.98,113787.64,True,True,False,False,False,0.75726414,0.002919708,6.8500004
2026-02-13,SH600007,20.86,20.56,15587.999,32345.45,True,True,False,False,False,0.3086286,-0.014381591,20.86
2026-02-13,SH600008,3.04,3.02,692492.8,209732.6,True,True,False,False,False,0.58659834,-0.0065789474,3.04
2026-02-13,SH600009,31.019999,30.75,92659.3,286089.4,True,True,False,False,False,0.21363863,-0.008704062,31.019999
2026-02-13,SH600010,2.6399999,2.62,10059913.0,2631509.0,True,True,False,False,False,1.3126193,-0.02238806,2.6399999
2026-02-13,SH600011,6.97,6.97,483869.66,335908.25,True,True,False,False,False,0.38781625,0.0,6.97
2026-02-13,SH600012,14.070001,14.15,52459.27,74503.28,True,True,False,False,False,0.69284064,0.0056858566,14.070001
2026-02-13,SH600015,6.68,6.73,1105224.2,745141.3,True,True,False,False,False,0.8661769,0.01969697,6.68
2026-02-13,SH600016,3.9299998,3.9299998,2266114.0,893357.5,True,True,False,False,False,1.977357,-0.002538071,3.9299998
2026-02-13,SH600017,3.11,3.03,458047.88,140104.72,True,True,False,False,False,0.5623353,-0.025723472,3.11
2026-02-13,SH600018,5.05,5.0099998,403637.6,203014.12,True,True,False,False,False,0.44607356,-0.007920792,5.05
2026-02-13,SH600019,7.1000004,6.92,1949458.9,1360328.4,True,True,False,False,False,0.56237364,-0.028089888,7.1000004
2026-02-13,SH600020,4.08,4.04,102795.99,41790.1,True,True,False,False,False,0.6093916,-0.009803922,4.08
2026-02-13,SH600021,20.4,20.16,375111.8,758857.3,True,True,False,False,False,0.27238837,-0.011764706,20.4
2026-02-13,SH600022,1.64,1.58,1692023.8,271101.38,True,True,False,False,False,0.9433962,-0.036585364,1.64
2026-02-13,SH600023,5.01,4.96,601207.56,299139.5,True,True,False,False,False,0.22522523,-0.00998004,5.01
2026-02-13,SH600025,9.08,9.0199995,156542.7,141435.3,True,True,False,False,False,0.39477798,-0.0066079297,9.08
2026-02-13,SH600026,18.41,16.95,1042272.6,1801994.9,True,False,False,True,False,0.42639986,-0.0950347,18.41
2026-02-13,SH600027,4.9199996,4.85,571982.0,278773.38,True,True,False,False,False,0.50837773,-0.014227643,4.9199996
2026-02-13,SH600028,6.53,6.3700004,2318887.8,1486343.9,True,True,False,False,False,1.0434519,-0.034848485,6.53
2026-02-13,SH600029,7.77,7.6,461310.12,353049.12,True,True,False,False,False,0.43882257,-0.020618556,7.77
2026-02-13,SH600030,27.869999,27.619999,1090465.1,3032551.5,True,True,False,False,False,1.324722,-0.008970219,27.869999
2026-02-13,SH600031,23.759998,23.119999,591021.44,1376226.1,True,True,False,False,False,2.5183368,-0.03505843,23.759998
2026-02-13,SH600032,7.9500003,7.78,76564.99,59980.1,True,True,False,False,False,0.20463742,-0.020151133,7.9500003
2026-02-13,SH600033,3.7799997,3.7199998,280645.9,105090.63,True,True,False,False,False,1.0020655,-0.0132626,3.7799997
2026-02-13,SH600035,3.94,3.91,78872.0,30988.234,True,True,False,False,False,0.6038997,-0.007614213,3.94
2026-02-13,SH600036,38.95,38.709995,705370.3,2738390.0,True,True,False,False,False,0.6081446,-0.0071813287,38.95
2026-02-13,SH600037,8.110001,8.01,178179.1,144000.31,True,True,False,False,False,0.19830221,-0.015970515,8.110001
2026-02-24,SH600000,9.98,9.9,547393.4,544210.56,True,True,False,False,False,0.64900076,0.0010111224,9.98
2026-02-24,SH600004,9.4,9.4,145065.8,136343.11,True,True,False,False,False,0.3068693,0.0032017075,9.4
2026-02-24,SH600006,6.9,6.95,134953.2,93548.14,True,True,False,False,False,0.75719786,0.011644833,6.9
2026-02-24,SH600007,20.56,20.580002,15725.76,32369.828,True,True,False,False,False,0.30866703,0.00097276265,20.56
2026-02-24,SH600008,3.03,3.06,774159.2,236385.02,True,True,False,False,False,0.58662194,0.013245033,3.03
2026-02-24,SH600009,30.9,30.73,102676.516,315930.7,True,True,False,False,False,0.2136227,-0.0006504065,30.9
2026-02-24,SH600010,2.68,2.6599998,10234846.0,2726255.2,True,True,False,False,False,1.312265,0.015267176,2.68
2026-02-24,SH600011,6.98,7.05,582413.5,409688.03,True,True,False,False,False,0.3877831,0.011477762,6.98
2026-02-24,SH600012,14.24,14.06,39584.0,55963.297,True,True,False,False,False,0.69284064,-0.006360424,14.24
2026-02-24,SH600015,6.75,6.74,614699.44,414093.6,True,True,False,False,False,0.86613685,0.0014858841,6.75
2026-02-24,SH600016,3.9499998,3.8999999,2298774.2,899003.94,True,True,False,False,False,1.9773707,-0.007633588,3.9499998
2026-02-24,SH600017,3.05,3.1,506673.72,156692.56,True,True,False,False,False,0.56264067,0.02310231,3.05
2026-02-24,SH600018,5.04,5.08,539263.0,273674.97,True,True,False,False,False,0.4461596,0.013972056,5.04
2026-02-24,SH600019,6.99,7.0099998,1008619.3,705450.6,True,True,False,False,False,0.56241494,0.01300578,6.99
2026-02-24,SH600020,4.06,4.0899997,123402.0,50488.24,True,True,False,False,False,0.6096426,0.012376238,4.06
2026-02-24,SH600021,20.31,20.66,441219.38,909502.06,True,True,False,False,False,0.27238387,0.024801588,20.31
2026-02-24,SH600022,1.6,1.64,1845084.6,300203.88,True,True,False,False,False,0.9433962,0.03797468,1.6
2026-02-24,SH600023,4.9700003,5.05,910829.3,458080.97,True,True,False,False,False,0.22522523,0.01814516,4.9700003
2026-02-24,SH600025,9.0199995,9.17,259823.0,237877.39,True,True,False,False,False,0.39461175,0.016629713,9.0199995
2026-02-24,SH600026,18.65,18.65,865325.56,1607830.2,False,True,True,False,False,0.42641836,0.100294985,18.65
2026-02-24,SH600027,4.86,4.89,1017736.7,497600.56,True,True,False,False,False,0.5083001,0.008247423,4.86
2026-02-24,SH600028,6.47,6.58,2375437.0,1560662.5,True,True,False,False,False,1.0436128,0.032967035,6.47
2026-02-24,SH600029,7.62,7.46,811137.75,611678.1,True,True,False,False,False,0.4387662,-0.018421052,7.62
2026-02-24,SH600030,27.76,27.63,847928.06,2346720.2,True,True,False,False,False,1.3247483,0.00036205648,27.76
2026-02-24,SH600031,23.32,23.949999,805322.7,1919667.4,True,True,False,False,False,2.5183334,0.035899654,23.32
2026-02-24,SH600032,7.85,8.1,166829.0,134213.38,True,True,False,False,False,0.20462047,0.041131105,7.85
2026-02-24,SH600033,3.7399998,3.76,230877.53,86643.69,True,True,False,False,False,1.0022238,0.010752688,3.7399998
2026-02-24,SH600035,3.93,3.9699998,150077.44,59448.387,True,True,False,False,False,0.60428584,0.015345269,3.93
2026-02-24,SH600036,39.2,38.940002,754674.4,2950567.0,True,True,False,False,False,0.608142,0.0059416173,39.2
2026-02-24,SH600037,8.08,7.99,184150.05,146961.77,True,True,False,False,False,0.19831468,-0.0024968788,8.08
2026-02-25,SH600000,9.9,9.79,874234.3,862104.94,True,True,False,False,False,0.6489826,-0.011111111,9.9
2026-02-25,SH600004,9.400001,9.42,134060.22,126488.03,True,True,False,False,False,0.3068244,0.0021276595,9.400001
2026-02-25,SH600006,6.9500003,6.9600005,163159.84,113856.98,True,True,False,False,False,0.75726163,0.0014388489,6.9500003
2026-02-25,SH600007,20.580002,20.580002,16605.0,34336.76,True,True,False,False,False,0.30866703,0.0,20.580002
2026-02-25,SH600008,3.06,3.11,1557991.8,485226.62,True,True,False,False,False,0.5866045,0.01633987,3.06
2026-02-25,SH600009,30.71,30.619999,114631.336,352193.16,True,True,False,False,False,0.21363477,-0.003579564,30.71
2026-02-25,SH600010,2.67,2.93,20762998.0,5880190.5,False,True,True,False,False,1.3123933,0.10150376,2.67
2026-02-25,SH600011,7.07,6.98,1579105.8,1112362.2,True,True,False,False,False,0.3877858,-0.009929078,7.07
2026-02-25,SH600012,14.06,13.780001,82457.29,115284.27,True,True,False,False,False,0.69284064,-0.019914651,14.06
2026-02-25,SH600015,6.7400002,6.6499996,760693.4,508911.3,True,True,False,False,False,0.8660813,-0.013353116,6.7400002
2026-02-25,SH600016,3.9,3.8899999,2792899.8,1091766.0,True,True,False,False,False,1.9773291,-0.0025641026,3.9
2026-02-25,SH600017,3.1100001,3.1599998,624262.5,197463.2,True,True,False,False,False,0.5622608,0.019354839,3.1100001
2026-02-25,SH600018,5.1,5.06,949889.7,484087.16,True,True,False,False,False,0.4458373,-0.003937008,5.1
2026-02-25,SH600019,6.9999995,7.02,5508513.0,3921849.0,True,True,False,False,False,0.5623155,0.0014265336,6.9999995
2026-02-25,SH600020,4.09,4.11,137052.56,56541.46,True,True,False,False,False,0.6095497,0.004889976,4.09
2026-02-25,SH600021,20.68,20.88,375330.2,780842.4,True,True,False,False,False,0.2723864,0.010648596,20.68
2026-02-25,SH600022,1.64,1.74,5725075.5,1004512.94,True,True,False,False,False,0.9433962,0.06097561,1.64
2026-02-25,SH600023,5.05,5.1,1001635.8,511447.88,True,True,False,False,False,0.22522523,0.00990099,5.05
2026-02-25,SH600025,9.2300005,9.16,195102.0,179355.1,True,True,False,False,False,0.39469263,-0.0010905125,9.2300005
2026-02-25,SH600026,19.470001,20.150002,1508813.8,3063062.0,True,True,False,False,False,0.42641896,0.08042896,19.470001
2026-02-25,SH600027,4.9,4.9,2189266.8,1079549.9,True,True,False,False,False,0.5081678,0.0020449897,4.9
2026-02-25,SH600028,6.57,6.5200005,2381662.8,1566595.2,True,True,False,False,False,1.0433669,-0.009118541,6.57
2026-02-25,SH600029,7.44,7.4800005,1302588.6,976330.6,True,True,False,False,False,0.4386267,0.0026809652,7.44
2026-02-25,SH600030,27.64,27.74,1016230.25,2823641.8,True,True,False,False,False,1.3247478,0.00398118,27.64
2026-02-25,SH600031,23.95,23.980001,626306.3,1508227.2,True,True,False,False,False,2.5183349,0.0012526097,23.95
2026-02-25,SH600032,8.08,8.09,102890.93,83488.86,True,True,False,False,False,0.20462862,-0.001234568,8.08
2026-02-25,SH600033,3.76,3.78,357909.3,136193.75,True,True,False,False,False,1.0020028,0.005319149,3.76
2026-02-25,SH600035,3.9800003,4.0,144353.0,57780.047,True,True,False,False,False,0.60426927,0.007556675,3.9800003
2026-02-25,SH600036,38.9,38.78,723971.44,2817141.5,True,True,False,False,False,0.60815954,-0.0041088853,38.9
2026-02-25,SH600037,7.99,8.0,164198.0,131717.66,True,True,False,False,False,0.19828647,0.0012515645,7.99
2026-02-26,SH600000,9.8,9.7300005,760250.0,740273.7,True,True,False,False,False,0.64900535,-0.006128703,9.8
2026-02-26,SH600004,9.43,9.39,127093.65,119432.914,True,True,False,False,False,0.30683097,-0.0031847134,9.43
2026-02-26,SH600006,6.97,6.91,135358.02,93712.51,True,True,False,False,False,0.7572308,-0.007183908,6.97
2026-02-26,SH600007,20.52,20.41,21286.25,43526.094,True,True,False,False,False,0.30864492,-0.008260447,20.52
2026-02-26,SH600008,3.1100001,3.16,1194308.5,375418.44,True,True,False,False,False,0.5865875,0.01607717,3.1100001
2026-02-26,SH600009,30.630001,30.490002,113042.44,345270.94,True,True,False,False,False,0.21363087,-0.004245591,30.630001
2026-02-26,SH600010,3.0,2.98,30998284.0,9126966.0,True,True,False,False,False,1.3123951,0.017064847,3.0
2026-02-26,SH600011,6.9899993,7.0899997,822350.3,581788.2,True,True,False,False,False,0.38787025,0.015759312,6.9899993
2026-02-26,SH600012,13.830001,14.05,61253.617,85273.69,True,True,False,False,False,0.69284064,0.019593613,13.830001
2026-02-26,SH600015,6.65,6.6699996,419140.47,279298.6,True,True,False,False,False,0.8660006,0.0030075188,6.65
2026-02-26,SH600016,3.8999999,3.8799999,2455385.2,955478.06,True,True,False,False,False,1.9772874,-0.002570694,3.8999999
2026-02-26,SH600017,3.16,3.15,376130.8,118346.83,True,True,False,False,False,0.5625692,-0.003164557,3.16
2026-02-26,SH600018,5.06,5.07,437358.1,221850.08,True,True,False,False,False,0.44599876,0.0019762847,5.06
2026-02-26,SH600019,7.06,7.06,2206996.8,1567567.6,True,True,False,False,False,0.56238574,0.0056980057,7.06
2026-02-26,SH600020,4.1,4.0899997,138841.56,56768.44,True,True,False,False,False,0.6096426,-0.00486618,4.1
2026-02-26,SH600021,20.99,20.92,476003.53,995350.94,True,True,False,False,False,0.2723618,0.0019157088,20.99
2026-02-26,SH600022,1.74,1.75,5326266.5,941965.7,True,True,False,False,False,0.9433962,0.0057471264,1.74
2026-02-26,SH600023,5.1200004,5.19,1079406.0,557855.25,True,True,False,False,False,0.22522523,0.01764706,5.1200004
2026-02-26,SH600025,9.16,9.27,235993.12,217651.6,True,True,False,False,False,0.39484966,0.012008734,9.16
2026-02-26,SH600026,20.220001,20.44,1118527.1,2290629.2,True,True,False,False,False,0.42642936,0.014392059,20.220001
2026-02-26,SH600027,4.9099994,4.9799995,1326951.0,658643.6,True,True,False,False,False,0.50846404,0.01632653,4.9099994
2026-02-26,SH600028,6.5,6.49,1354741.8,880706.4,True,True,False,False,False,1.0435957,-0.004601227,6.5
2026-02-26,SH600029,7.52,7.59,817639.0,622435.6,True,True,False,False,False,0.4387216,0.014705882,7.52
2026-02-26,SH600030,27.75,27.38,1326288.5,3647542.5,True,True,False,False,False,1.3247428,-0.012977649,27.75
2026-02-26,SH600031,23.96,23.35,557225.7,1308619.5,True,True,False,False,False,2.518342,-0.026271893,23.96
2026-02-26,SH600032,8.08,8.16,104006.87,84573.18,True,True,False,False,False,0.2048146,0.008652657,8.08
2026-02-26,SH600033,3.79,3.76,357624.28,134730.77,True,True,False,False,False,1.0022238,-0.005291005,3.79
2026-02-26,SH600035,4.0,3.9900002,81826.37,32625.646,True,True,False,False,False,0.6041376,-0.0025,4.0
2026-02-26,SH600036,38.8,38.699997,593325.4,2297277.2,True,True,False,False,False,0.60815626,-0.002062919,38.8
2026-02-26,SH600037,8.01,8.150001,297522.22,241572.48,True,True,False,False,False,0.19830291,0.01875,8.01
2026-02-27,SH600000,9.73,9.719999,802810.3,781977.7,True,True,False,False,False,0.6489891,-0.0010277493,9.73
2026-02-27,SH600004,9.389999,9.4,108057.914,101490.53,True,True,False,False,False,0.3068693,0.0010649627,9.389999
2026-02-27,SH600006,6.9,6.94,109145.41,75587.42,True,True,False,False,False,0.75713384,0.004341534,6.9
2026-02-27,SH600007,20.300001,20.400002,18156.61,36952.59,True,True,False,False,False,0.30865967,-0.0004899559,20.300001
2026-02-27,SH600008,3.1499999,3.18,1094691.8,347263.78,True,True,False,False,False,0.5865087,0.006329114,3.1499999
2026-02-27,SH600009,30.49,30.51,67119.68,204728.33,True,True,False,False,False,0.21362461,0.0006559528,30.49
2026-02-27,SH600010,2.96,3.2400002,40778616.0,13033076.0,True,True,False,False,False,1.3126929,0.087248325,2.96
2026-02-27,SH600011,7.1,7.2400002,2092330.4,1506811.6,True,True,False,False,False,0.38783395,0.021156559,7.1
2026-02-27,SH600012,13.96,14.19,59907.336,84926.33,True,True,False,False,False,0.69284064,0.009964413,13.96
2026-02-27,SH600015,6.66,6.6899996,543995.0,364627.28,True,True,False,False,False,0.8661294,0.0029985008,6.66
2026-02-27,SH600016,3.8799999,3.8799999,1954522.4,760640.94,True,True,False,False,False,1.9772874,0.0,3.8799999
2026-02-27,SH600017,3.16,3.23,671290.0,214804.19,True,True,False,False,False,0.5625555,0.025396826,3.16
2026-02-27,SH600018,5.08,5.09,911020.2,463768.06,True,True,False,False,False,0.44631982,0.003944773,5.08
2026-02-27,SH600019,7.0600004,7.2000003,3167440.2,2267434.0,True,True,False,False,False,0.56239736,0.019830028,7.0600004
2026-02-27,SH600020,4.09,4.14,141865.97,58577.19,True,True,False,False,False,0.60957056,0.012224939,4.09
2026-02-27,SH600021,20.800001,21.85,929599.94,2000284.5,True,True,False,False,False,0.27238247,0.044455066,20.800001
2026-02-27,SH600022,1.7600001,1.7700001,3164326.0,562636.5,True,True,False,False,False,0.9433962,0.011428571,1.7600001
2026-02-27,SH600023,5.2000003,5.33,1392419.9,735136.75,True,True,False,False,False,0.22522523,0.026974952,5.2000003
2026-02-27,SH600025,9.290001,9.37,272918.06,255021.17,True,True,False,False,False,0.39474043,0.010787486,9.290001
2026-02-27,SH600026,20.5,20.58,943151.06,1929007.0,True,True,False,False,False,0.42648333,0.006849315,20.5
2026-02-27,SH600027,4.9799995,5.0999994,2590662.5,1309273.4,True,True,False,False,False,0.5082388,0.024096385,4.9799995
2026-02-27,SH600028,6.5,6.46,1056622.8,683731.0,True,True,False,False,False,1.0434715,-0.004622496,6.5
2026-02-27,SH600029,7.5999994,7.3399997,996070.3,737201.6,True,True,False,False,False,0.43891683,-0.032938078,7.5999994
2026-02-27,SH600030,27.359999,27.369999,877587.6,2400314.8,True,True,False,False,False,1.3247163,-0.0003652301,27.359999
2026-02-27,SH600031,23.44,23.15,532364.9,1236986.8,True,True,False,False,False,2.5183382,-0.00856531,23.44
2026-02-27,SH600032,8.13,8.3,153777.73,127128.31,True,True,False,False,False,0.2047,0.017156864,8.13
2026-02-27,SH600033,3.7600002,3.81,342193.56,129580.445,True,True,False,False,False,1.0021205,0.013297873,3.7600002
2026-02-27,SH600035,3.99,4.0499997,160217.19,64383.914,True,True,False,False,False,0.60410714,0.015037594,3.99
2026-02-27,SH600036,38.750004,38.750004,637034.7,2472164.5,True,True,False,False,False,0.6081462,0.0012919897,38.750004
2026-02-27,SH600037,8.11,8.08,214416.73,173036.7,True,True,False,False,False,0.19828081,-0.008588957,8.11
2026-03-02,SH600000,9.690001,9.68,734046.06,710795.8,True,True,False,False,False,0.64900434,-0.004115226,9.690001
2026-03-02,SH600004,9.28,9.25,267180.84,247663.66,True,True,False,False,False,0.30677992,-0.015957447,9.28
2026-03-02,SH600006,6.8999996,6.83,182661.73,125064.21,True,True,False,False,False,0.75729793,-0.015850144,6.8999996
2026-03-02,SH600007,20.21,20.179998,26663.352,53945.01,True,True,False,False,False,0.30864283,-0.010784314,20.21
2026-03-02,SH600008,3.16,3.18,1287687.0,409116.84,True,True,False,False,False,0.5865087,0.0,3.16
2026-03-02,SH600009,30.16,29.96,183559.0,550876.94,True,True,False,False,False,0.21364087,-0.018026877,30.16
2026-03-02,SH600010,3.25,3.3199997,33604576.0,11021266.0,True,True,False,False,False,1.3125942,0.024691358,3.25
2026-03-02,SH600011,7.21,7.3999996,2091642.1,1544925.8,True,True,False,False,False,0.38786954,0.022099448,7.21
2026-03-02,SH600012,14.26,14.51,105666.65,152888.6,True,True,False,False,False,0.69284064,0.022551091,14.26
2026-03-02,SH600015,6.6800003,6.78,1091221.8,737455.06,True,True,False,False,False,0.86618394,0.013452915,6.6800003
2026-03-02,SH600016,3.8700001,3.95,4091413.0,1603318.4,True,True,False,False,False,1.9773024,0.018041236,3.8700001
2026-03-02,SH600017,3.21,3.24,659385.1,212711.34,True,True,False,False,False,0.5622548,0.0030959751,3.21
2026-03-02,SH600018,5.06,5.1299996,1165433.8,596214.2,True,True,False,False,False,0.4459257,0.007858546,5.06
2026-03-02,SH600019,7.1500006,7.31,2699761.5,1956121.8,True,True,False,False,False,0.5622457,0.015277778,7.1500006
2026-03-02,SH600020,4.12,4.1299996,173760.4,71669.7,True,True,False,False,False,0.60945773,-0.002415459,4.12
2026-03-02,SH600021,21.51,21.699999,808493.0,1756707.1,True,True,False,False,False,0.27235183,-0.0068649887,21.51
2026-03-02,SH600022,1.7700001,1.7600001,2585555.0,453905.8,True,True,False,False,False,0.9433962,-0.0056497175,1.7700001
2026-03-02,SH600023,5.2999997,5.4300003,1688930.5,910274.6,True,True,False,False,False,0.22522523,0.018761726,5.2999997
2026-03-02,SH600025,9.36,9.639999,519284.06,496634.25,True,True,False,False,False,0.39465636,0.028815368,9.36
2026-03-02,SH600026,22.64,22.64,2185338.0,4788336.5,False,True,True,False,False,0.4264755,0.10009718,22.64
2026-03-02,SH600027,5.06,5.19,2446349.8,1262792.5,True,True,False,False,False,0.5083971,0.01764706,5.06
2026-03-02,SH600028,6.8,7.1100006,10885720.0,7429154.5,False,True,True,False,False,1.0435618,0.1006192,6.8
2026-03-02,SH600029,6.98,7.0,1825949.8,1277541.1,True,True,False,False,False,0.4388807,-0.046321526,6.98
2026-03-02,SH600030,27.109999,27.069998,1309693.8,3544086.0,True,True,False,False,False,1.3247241,-0.010960906,27.109999
2026-03-02,SH600031,23.0,22.97,547965.94,1263505.0,True,True,False,False,False,2.5183287,-0.007775378,23.0
2026-03-02,SH600032,8.3,8.38,223606.58,187152.34,True,True,False,False,False,0.20463622,0.009638554,8.3
2026-03-02,SH600033,3.77,3.78,389132.2,146853.95,True,True,False,False,False,1.0020028,-0.007874016,3.77
2026-03-02,SH600035,4.03,4.02,153353.22,61643.43,True,True,False,False,False,0.6041222,-0.0074074073,4.03
2026-03-02,SH600036,38.6,38.67,685473.1,2649577.5,True,True,False,False,False,0.6081429,-0.002064516,38.6
2026-03-02,SH600037,7.96,7.8700004,250502.02,197753.12,True,True,False,False,False,0.19830148,-0.025990099,7.96
2026-03-03,SH600000,9.66,9.7300005,1129364.4,1098196.8,True,True,False,False,False,0.64900535,0.005165289,9.66
2026-03-03,SH600004,9.25,9.139999,235204.0,216267.94,True,True,False,False,False,0.3068459,-0.011891892,9.25
2026-03-03,SH600006,6.8300004,6.69,226607.1,152764.97,True,True,False,False,False,0.7572694,-0.020497805,6.8300004
2026-03-03,SH600007,20.269999,20.039999,30143.66,60602.363,True,True,False,False,False,0.30864456,-0.006937562,20.269999
2026-03-03,SH600008,3.17,3.1499999,1306179.4,414067.7,True,True,False,False,False,0.5866273,-0.009433962,3.17
2026-03-03,SH600009,29.970001,29.92,122516.375,367606.44,True,True,False,False,False,0.2136309,-0.0013351135,29.970001
2026-03-03,SH600010,3.27,3.01,28325962.0,8824403.0,True,True,False,False,False,1.3122923,-0.09337349,3.27
2026-03-03,SH600011,7.44,7.4300003,1827409.8,1363083.1,True,True,False,False,False,0.38778353,0.004054054,7.44
2026-03-03,SH600012,14.51,14.65,72687.0,106247.78,True,True,False,False,False,0.69284064,0.009648519,14.51
2026-03-03,SH600015,6.77,6.79,1001668.8,681741.06,True,True,False,False,False,0.8661442,0.0014749262,6.77
2026-03-03,SH600016,3.94,3.92,3505784.0,1380067.8,True,True,False,False,False,1.9773157,-0.0075949365,3.94
2026-03-03,SH600017,3.2400002,3.23,787197.1,256056.28,True,True,False,False,False,0.5625555,-0.0030864198,3.2400002
2026-03-03,SH600018,5.13,5.19,1775940.2,921168.9,True,True,False,False,False,0.44585437,0.0116959065,5.13
2026-03-03,SH600019,7.26,7.18,2031600.4,1472081.5,True,True,False,False,False,0.5623631,-0.017783858,7.26
2026-03-03,SH600020,4.13,4.14,207233.4,86026.1,True,True,False,False,False,0.60957056,0.0024213076,4.13
2026-03-03,SH600021,21.669998,20.96,736891.4,1568059.1,True,True,False,False,False,0.2723923,-0.034101382,21.669998
2026-03-03,SH600022,1.75,1.71,2400476.5,415505.25,True,True,False,False,False,0.9433962,-0.028409092,1.75
2026-03-03,SH600023,5.4300003,5.4,1669790.2,906509.1,True,True,False,False,False,0.22522523,-0.005524862,5.4300003
2026-03-03,SH600025,9.66,9.81,600468.2,588507.0,True,True,False,False,False,0.39467838,0.017634856,9.66
2026-03-03,SH600026,24.449999,24.9,1331934.8,3256713.2,False,True,True,False,False,0.4264807,0.09982332,24.449999
2026-03-03,SH600027,5.2,5.16,2235384.0,1160860.6,True,True,False,False,False,0.50834495,-0.0057803467,5.2
2026-03-03,SH600028,7.1499996,7.819999,15024383.0,11427390.0,False,True,True,False,False,1.0435487,0.09985935,7.1499996
2026-03-03,SH600029,6.9500003,6.78,1248834.8,852520.0,True,True,False,False,False,0.4386765,-0.03142857,6.9500003
2026-03-03,SH600030,27.06,26.8,1607211.5,4345572.0,True,True,False,False,False,1.3247386,-0.009974141,27.06
2026-03-03,SH600031,23.13,22.19,871914.7,1951778.5,True,True,False,False,False,2.5183277,-0.033957336,23.13
2026-03-03,SH600032,8.349999,8.31,226384.45,188833.61,True,True,False,False,False,0.20469195,-0.008353222,8.349999
2026-03-03,SH600033,3.78,3.7999997,621365.0,236460.55,True,True,False,False,False,1.0020815,0.005291005,3.78
2026-03-03,SH600035,4.0099998,4.0099998,192125.0,77389.17,True,True,False,False,False,0.60399085,-0.0024875621,4.0099998
2026-03-03,SH600036,38.66,39.18,1384656.4,5423935.0,True,True,False,False,False,0.6081519,0.013188519,38.66
2026-03-03,SH600037,7.8599997,7.5899997,265015.94,204491.56,True,True,False,False,False,0.19829996,-0.035578147,7.8599997
2026-03-04,SH600000,9.690001,9.6,1617555.5,1544304.0,True,True,False,False,False,0.64899457,-0.01336074,9.690001
2026-03-04,SH600004,9.09,9.03,172863.88,156417.62,True,True,False,False,False,0.3067869,-0.012035011,9.09
2026-03-04,SH600006,6.65,6.86,346791.16,232620.52,True,True,False,False,False,0.7571995,0.025411062,6.65
2026-03-04,SH600007,20.05,19.8,25273.262,50276.438,True,True,False,False,False,0.30865762,-0.011976048,20.05
2026-03-04,SH600008,3.1399999,3.13,1270906.5,399768.22,True,True,False,False,False,0.58652425,-0.0063492064,3.1399999
2026-03-04,SH600009,29.779999,29.33,139194.25,410175.72,True,True,False,False,False,0.21363746,-0.01971925,29.779999
2026-03-04,SH600010,2.9599998,3.09,21601874.0,6710149.5,True,True,False,False,False,1.3127023,0.026578072,2.9599998
2026-03-04,SH600011,7.3700004,7.39,1318698.8,970593.56,True,True,False,False,False,0.38779914,-0.00538358,7.3700004
2026-03-04,SH600012,14.65,14.45,58024.008,83967.8,True,True,False,False,False,0.69284064,-0.013651877,14.65
2026-03-04,SH600015,6.7799997,6.75,758688.4,511094.03,True,True,False,False,False,0.86609685,-0.005891016,6.7799997
2026-03-04,SH600016,3.91,3.84,3904098.8,1501201.0,True,True,False,False,False,1.9772584,-0.020408163,3.91
2026-03-04,SH600017,3.2,3.1599998,729001.9,230458.75,True,True,False,False,False,0.5622608,-0.021671826,3.2
2026-03-04,SH600018,5.16,5.0499997,1431763.6,721840.9,True,True,False,False,False,0.44619766,-0.026974952,5.16
2026-03-04,SH600019,7.16,7.1,1618453.1,1151654.6,True,True,False,False,False,0.5622239,-0.011142061,7.16
2026-03-04,SH600020,4.13,4.05,189203.03,77025.12,True,True,False,False,False,0.60950714,-0.02173913,4.13
2026-03-04,SH600021,20.6,20.72,527500.75,1101473.6,True,True,False,False,False,0.27237445,-0.011450382,20.6
2026-03-04,SH600022,1.69,1.7,1933917.4,330384.12,True,True,False,False,False,0.9433962,-0.0058479533,1.69
2026-03-04,SH600023,5.37,5.41,1367439.6,739075.5,True,True,False,False,False,0.22522523,0.0018518518,5.37
2026-03-04,SH600025,9.79,10.0,653138.9,644897.5,True,True,False,False,False,0.3948718,0.019367991,9.79
2026-03-04,SH600026,24.99,23.79,2528022.0,5880382.5,True,True,False,False,False,0.4264037,-0.044578314,24.99
2026-03-04,SH600027,5.13,5.13,1506128.5,770462.94,True,True,False,False,False,0.50829214,-0.0058139535,5.13
2026-03-04,SH600028,8.1,7.3999996,12338146.0,9275791.0,True,True,False,False,False,1.043578,-0.05370844,8.1
2026-03-04,SH600029,6.7200003,6.66,1008032.25,676548.44,True,True,False,False,False,0.4388409,-0.017699115,6.7200003
2026-03-04,SH600030,26.6,26.14,1500801.1,3949873.5,True,True,False,False,False,1.3247415,-0.024626866,26.6
2026-03-04,SH600031,22.0,22.01,510118.03,1120708.5,True,True,False,False,False,2.518339,-0.008111762,22.0
2026-03-04,SH600032,8.25,8.35,199138.6,165858.38,True,True,False,False,False,0.20465998,0.004813478,8.25
2026-03-04,SH600033,3.78,3.74,673545.2,250556.19,True,True,False,False,False,1.002145,-0.015789473,3.78
2026-03-04,SH600035,3.99,3.94,208529.17,82379.484,True,True,False,False,False,0.6038859,-0.017456358,3.99
2026-03-04,SH600036,39.010002,38.600002,1151939.0,4442287.5,True,True,False,False,False,0.6081521,-0.014803471,39.010002
2026-03-04,SH600037,7.56,7.49,184920.66,139019.25,True,True,False,False,False,0.19827257,-0.0131752305,7.56
2026-03-05,SH600000,9.56,9.780001,1197452.6,1163684.5,True,True,False,False,False,0.6490063,0.01875,9.56
2026-03-05,SH600004,9.070001,9.059999,112556.21,102147.695,True,True,False,False,False,0.3067802,0.003322259,9.070001
2026-03-05,SH600006,6.88,6.78,203771.11,139219.25,True,True,False,False,False,0.75726676,-0.011661808,6.88
2026-03-05,SH600007,19.86,19.680002,26642.998,52613.562,True,True,False,False,False,0.30862886,-0.006060606,19.86
2026-03-05,SH600008,3.15,3.1399999,1004492.9,316575.8,True,True,False,False,False,0.58666736,0.0031948881,3.15
2026-03-05,SH600009,29.49,29.38,79212.64,233367.92,True,True,False,False,False,0.21362118,0.0017047392,29.49
2026-03-05,SH600010,3.15,3.1,15487210.0,4834324.5,True,True,False,False,False,1.3125,0.003236246,3.15
2026-03-05,SH600011,7.39,7.48,1201462.1,897284.25,True,True,False,False,False,0.38783777,0.012178619,7.39
2026-03-05,SH600012,14.380001,14.41,56001.35,80391.25,True,True,False,False,False,0.69284064,-0.0027681661,14.380001
2026-03-05,SH600015,6.73,6.84,754774.56,514019.47,True,True,False,False,False,0.8661514,0.013333334,6.73
2026-03-05,SH600016,3.84,3.8799999,2325341.5,898957.94,True,True,False,False,False,1.9772874,0.010416667,3.84
2026-03-05,SH600017,3.17,3.1200001,515680.56,161513.23,True,True,False,False,False,0.5625124,-0.012658228,3.17
2026-03-05,SH600018,5.06,5.09,749959.06,380567.2,True,True,False,False,False,0.44631982,0.007920792,5.06
2026-03-05,SH600019,7.14,7.1199994,1379141.2,982884.06,True,True,False,False,False,0.562259,0.0028169013,7.14
2026-03-05,SH600020,4.07,4.03,136842.94,55479.74,True,True,False,False,False,0.6096012,-0.004938272,4.07
2026-03-05,SH600021,21.099998,21.989998,1330483.0,2918961.2,True,True,False,False,False,0.27237925,0.061293438,21.099998
2026-03-05,SH600022,1.71,1.68,1670922.5,283226.53,True,True,False,False,False,0.9433962,-0.011764706,1.71
2026-03-05,SH600023,5.45,5.49,1093971.5,599598.8,True,True,False,False,False,0.22522523,0.014787431,5.45
2026-03-05,SH600025,9.900001,10.1,462664.1,464602.6,True,True,False,False,False,0.39477023,0.01,9.900001
2026-03-05,SH600026,23.07,24.980001,2210334.5,5381331.0,True,True,False,False,False,0.4264673,0.05002102,23.07
2026-03-05,SH600027,5.16,5.19,1373860.9,711926.94,True,True,False,False,False,0.5083971,0.0116959065,5.16
2026-03-05,SH600028,7.2500005,7.03,7647159.0,5376795.5,True,True,False,False,False,1.0436921,-0.05,7.2500005
2026-03-05,SH600029,6.71,6.56,811743.5,535485.94,True,True,False,False,False,0.43885154,-0.015015015,6.71
2026-03-05,SH600030,26.33,26.21,818990.56,2150433.8,True,True,False,False,False,1.3247066,0.0026778884,26.33
2026-03-05,SH600031,22.26,22.079998,649321.0,1446539.8,True,True,False,False,False,2.5183287,0.0031803725,22.26
2026-03-05,SH600032,8.41,8.35,188705.83,158609.86,True,True,False,False,False,0.20465998,0.0,8.41
2026-03-05,SH600033,3.75,3.74,339113.5,127123.61,True,True,False,False,False,1.002145,0.0,3.75
2026-03-05,SH600035,3.9599998,3.95,119222.96,47167.08,True,True,False,False,False,0.6040199,0.002538071,3.9599998
2026-03-05,SH600036,38.660004,39.15,783369.75,3058464.0,True,True,False,False,False,0.6081387,0.014248705,38.660004
2026-03-05,SH600037,7.59,7.55,156642.98,118440.47,True,True,False,False,False,0.19827977,0.008010681,7.59
2026-03-06,SH600000,9.74,9.89,727260.25,714778.1,True,True,False,False,False,0.64898473,0.011247444,9.74
2026-03-06,SH600004,9.059999,9.139999,97295.805,88567.42,True,True,False,False,False,0.3068459,0.008830022,9.059999
2026-03-06,SH600006,6.7499995,6.78,97885.6,66420.695,True,True,False,False,False,0.75726676,0.0,6.7499995
2026-03-06,SH600007,19.710001,19.89,19407.0,38382.348,True,True,False,False,False,0.30866143,0.010670732,19.710001
2026-03-06,SH600008,3.1399999,3.1899998,890651.8,281957.47,True,True,False,False,False,0.5866496,0.015923567,3.1399999
2026-03-06,SH600009,29.49,29.69,84273.914,248689.44,True,True,False,False,False,0.21363614,0.010551396,29.49
2026-03-06,SH600010,3.07,3.06,13110516.0,3993949.5,True,True,False,False,False,1.3122958,-0.012903226,3.07
2026-03-06,SH600011,7.45,7.6099997,1106836.9,837734.3,True,True,False,False,False,0.3878598,0.017379679,7.45
2026-03-06,SH600012,14.380001,14.610001,41645.86,60537.926,True,True,False,False,False,0.69284064,0.013879251,14.380001
2026-03-06,SH600015,6.84,6.86,544467.2,372834.88,True,True,False,False,False,0.8660727,0.0029239766,6.84
2026-03-06,SH600016,3.87,3.8799999,2230495.5,860633.3,True,True,False,False,False,1.9772874,0.0,3.87
2026-03-06,SH600017,3.11,3.18,488463.66,153656.5,True,True,False,False,False,0.56262493,0.01923077,3.11
2026-03-06,SH600018,5.08,5.1299996,549786.2,280207.2,True,True,False,False,False,0.4459257,0.007858546,5.08
2026-03-06,SH600019,7.11,7.1,1328564.0,939942.6,True,True,False,False,False,0.5622239,-0.0028089888,7.11
2026-03-06,SH600020,4.0299997,4.08,154911.19,62950.36,True,True,False,False,False,0.6095286,0.012406948,4.0299997
2026-03-06,SH600021,21.88,21.75,669422.9,1458743.5,True,True,False,False,False,0.27236208,-0.010914052,21.88
2026-03-06,SH600022,1.68,1.7,1554079.0,262064.03,True,True,False,False,False,0.9433962,0.011904762,1.68
2026-03-06,SH600023,5.49,5.48,823853.1,451461.2,True,True,False,False,False,0.22522523,-0.0018214936,5.49
2026-03-06,SH600025,10.09,10.3,632974.3,647443.7,True,True,False,False,False,0.39488423,0.01980198,10.09
2026-03-06,SH600026,24.490002,25.24,1927675.5,4814137.5,True,True,False,False,False,0.42644665,0.010408327,24.490002
2026-03-06,SH600027,5.18,5.2300005,1299306.0,677933.7,True,True,False,False,False,0.5083244,0.007707129,5.18
2026-03-06,SH600028,6.94,6.88,5751864.0,3927505.0,True,True,False,False,False,1.0434446,-0.021337127,6.94
2026-03-06,SH600029,6.57,6.63,895669.6,589677.75,True,True,False,False,False,0.43888292,0.010670732,6.57
2026-03-06,SH600030,26.180002,26.429998,776733.3,2046673.1,True,True,False,False,False,1.3247058,0.008393743,26.180002
2026-03-06,SH600031,22.119999,22.029999,659719.3,1450350.1,True,True,False,False,False,2.518333,-0.0022644927,22.119999
2026-03-06,SH600032,8.33,8.45,181288.0,153002.23,True,True,False,False,False,0.20481575,0.011976048,8.33
2026-03-06,SH600033,3.73,3.81,368956.2,139279.28,True,True,False,False,False,1.0021205,0.018716577,3.73
2026-03-06,SH600035,3.9500003,4.0,125342.0,49813.215,True,True,False,False,False,0.60426927,0.012658228,3.9500003
2026-03-06,SH600036,39.1,39.2,465956.7,1822138.8,True,True,False,False,False,0.60815275,0.0012771392,39.1
2026-03-06,SH600037,7.53,7.6600003,146462.0,111522.195,True,True,False,False,False,0.1982774,0.014569537,7.53
2026-03-09,SH600000,9.83,9.85,1168405.0,1156617.4,True,True,False,False,False,0.64899975,-0.0040444895,9.83
2026-03-09,SH600004,9.049999,9.049999,131410.14,118741.164,True,True,False,False,False,0.30686662,-0.009846827,9.049999
2026-03-09,SH600006,6.75,6.7099996,139484.11,93438.51,True,True,False,False,False,0.7571029,-0.010324484,6.75
2026-03-09,SH600007,19.890001,19.789999,31572.37,62033.367,True,True,False,False,False,0.30867282,-0.0050276523,19.890001
2026-03-09,SH600008,3.17,3.18,1203655.9,383925.88,True,True,False,False,False,0.5865087,-0.0031347962,3.17
2026-03-09,SH600009,29.369999,29.13,123957.875,361357.4,True,True,False,False,False,0.213633,-0.01886157,29.369999
2026-03-09,SH600010,3.0,3.0399997,11834767.0,3555293.2,True,True,False,False,False,1.3127056,-0.006535948,3.0
2026-03-09,SH600011,7.54,7.58,1116274.6,847961.1,True,True,False,False,False,0.38784733,-0.0039421814,7.54
2026-03-09,SH600012,14.620001,14.630001,70428.73,103807.98,True,True,False,False,False,0.69284064,0.0013689254,14.620001
2026-03-09,SH600015,6.85,6.83,639461.5,437646.72,True,True,False,False,False,0.8661909,-0.004373178,6.85
2026-03-09,SH600016,3.8600001,3.8799999,3133399.2,1215624.0,True,True,False,False,False,1.9772874,0.0,3.8600001
2026-03-09,SH600017,3.18,3.1599998,454832.0,143826.06,True,True,False,False,False,0.5622608,-0.006289308,3.18
2026-03-09,SH600018,5.1,5.09,827483.2,422639.75,True,True,False,False,False,0.44631982,-0.007797271,5.1
2026-03-09,SH600019,7.04,7.05,1628427.4,1150747.9,True,True,False,False,False,0.5622518,-0.0070422534,7.04
2026-03-09,SH600020,4.0699997,4.08,131297.61,53533.78,True,True,False,False,False,0.6095286,0.0,4.0699997
2026-03-09,SH600021,21.5,21.81,716971.1,1560941.2,True,True,False,False,False,0.2723532,0.0027586208,21.5
2026-03-09,SH600022,1.7,1.69,1692322.4,285658.8,True,True,False,False,False,0.9433962,-0.005882353,1.7
2026-03-09,SH600023,5.4700003,5.5,1146411.6,633038.2,True,True,False,False,False,0.22522523,0.003649635,5.4700003
2026-03-09,SH600025,10.3,10.370001,529679.44,551695.6,True,True,False,False,False,0.3946913,0.0067961165,10.3
2026-03-09,SH600026,26.12,22.72,2080140.4,5003102.0,True,False,False,True,False,0.4264608,-0.09984152,26.12
2026-03-09,SH600027,5.2,5.19,1484157.0,774894.6,True,True,False,False,False,0.5083971,-0.0076481835,5.2
2026-03-09,SH600028,7.4499993,7.0,10779225.0,7711711.0,True,True,False,False,False,1.043578,0.017441861,7.4499993
2026-03-09,SH600029,6.3599997,6.32,2120098.2,1320815.6,True,True,False,False,False,0.43879682,-0.046757165,6.3599997
2026-03-09,SH600030,26.01,25.88,1269465.2,3279905.5,True,True,False,False,False,1.3247076,-0.020809686,26.01
2026-03-09,SH600031,21.67,21.27,888106.44,1881735.8,True,True,False,False,False,2.5183477,-0.034498412,21.67
2026-03-09,SH600032,8.5,8.63,271457.0,233248.73,True,True,False,False,False,0.204674,0.021301774,8.5
2026-03-09,SH600033,3.7699997,3.76,332208.06,125325.555,True,True,False,False,False,1.0022238,-0.0131233595,3.7699997
2026-03-09,SH600035,3.99,3.9799998,171236.72,68316.32,True,True,False,False,False,0.6040053,-0.005,3.99
2026-03-09,SH600036,38.9,38.79,766774.9,2983734.0,True,True,False,False,False,0.60814786,-0.010459184,38.9
2026-03-09,SH600037,7.5799994,7.7799997,211636.95,162115.52,True,True,False,False,False,0.19829133,0.015665796,7.5799994
2026-03-10,SH600000,9.83,9.96,649163.94,643507.1,True,True,False,False,False,0.6489784,0.011167512,9.83
2026-03-10,SH600004,9.13,9.13,103296.766,94234.1,True,True,False,False,False,0.30680645,0.008839779,9.13
2026-03-10,SH600006,6.73,6.8799996,234254.67,160250.02,True,True,False,False,False,0.7573286,0.025335321,6.73
2026-03-10,SH600007,19.72,19.9,19029.83,37586.68,True,True,False,False,False,0.3086463,0.0055583627,19.72
2026-03-10,SH600008,3.1800003,3.16,901336.7,285931.88,True,True,False,False,False,0.5865875,-0.006289308,3.1800003
2026-03-10,SH600009,29.310001,29.400002,77028.1,226303.77,True,True,False,False,False,0.21363783,0.009268795,29.310001
2026-03-10,SH600010,3.07,3.03,12298072.0,3740403.8,True,True,False,False,False,1.3123969,-0.0032894737,3.07
2026-03-10,SH600011,7.5799994,7.52,1105706.5,834379.6,True,True,False,False,False,0.38782212,-0.007915568,7.5799994
2026-03-10,SH600012,14.67,14.42,72001.33,103890.72,True,True,False,False,False,0.69284064,-0.014354067,14.67
2026-03-10,SH600015,6.82,6.92,688014.0,473571.56,True,True,False,False,False,0.8660415,0.013177159,6.82
2026-03-10,SH600016,3.88,3.94,3475271.2,1363452.2,True,True,False,False,False,1.9772613,0.0154639175,3.88
2026-03-10,SH600017,3.17,3.18,366151.0,116356.22,True,True,False,False,False,0.56262493,0.006329114,3.17
2026-03-10,SH600018,5.09,5.11,488101.0,248324.16,True,True,False,False,False,0.446122,0.003929273,5.09
2026-03-10,SH600019,7.07,7.0,1760501.1,1235225.5,True,True,False,False,False,0.56228006,-0.0070921984,7.07
2026-03-10,SH600020,4.08,4.0899997,113678.94,46447.42,True,True,False,False,False,0.6096426,0.0024509805,4.08
2026-03-10,SH600021,21.859999,21.59,712880.94,1544696.5,True,True,False,False,False,0.27235046,-0.010087116,21.859999
2026-03-10,SH600022,1.69,1.67,2048876.4,344515.84,True,True,False,False,False,0.9433962,-0.01183432,1.69
2026-03-10,SH600023,5.5,5.46,771614.56,422174.12,True,True,False,False,False,0.22522523,-0.0072727273,5.5
2026-03-10,SH600025,10.31,10.370001,401029.38,414236.84,True,True,False,False,False,0.3946913,0.0,10.31
2026-03-10,SH600026,21.6,23.26,1970664.0,4694713.5,True,True,False,False,False,0.42643675,0.023767605,21.6
2026-03-10,SH600027,5.2,5.1499996,1161154.4,600285.56,True,True,False,False,False,0.50847095,-0.007707129,5.2
2026-03-10,SH600028,6.5,6.56,6425512.5,4201781.5,True,True,False,False,False,1.0436479,-0.06285714,6.5
2026-03-10,SH600029,6.55,6.47,1701432.9,1109411.6,True,True,False,False,False,0.43898088,0.023734177,6.55
2026-03-10,SH600030,26.1,26.13,908377.44,2371463.2,True,True,False,False,False,1.3247137,0.009659969,26.1
2026-03-10,SH600031,21.65,22.06,769123.7,1687923.1,True,True,False,False,False,2.5183346,0.037141513,21.65
2026-03-10,SH600032,8.6,8.6,231956.98,199014.6,True,True,False,False,False,0.2046972,-0.0034762456,8.6
2026-03-10,SH600033,3.7700002,3.7700002,272687.47,102959.77,True,True,False,False,False,1.0022628,0.0026595744,3.7700002
2026-03-10,SH600035,3.99,3.9799998,87007.01,34611.863,True,True,False,False,False,0.6040053,0.0,3.99
2026-03-10,SH600036,38.94,39.219997,613717.06,2399803.8,True,True,False,False,False,0.6081536,0.011085331,38.94
2026-03-10,SH600037,7.82,7.93,239611.44,190022.69,True,True,False,False,False,0.19830813,0.019280206,7.82
2026-03-11,SH600000,9.969999,10.07,1008845.7,1010756.0,True,True,False,False,False,0.64899635,0.011044176,9.969999
2026-03-11,SH600004,9.17,9.150001,81666.9,74547.6,True,True,False,False,False,0.30688524,0.0021905806,9.17
2026-03-11,SH600006,6.93,6.9900002,238740.23,165867.2,True,True,False,False,False,0.75716525,0.015988372,6.93
2026-03-11,SH600007,19.91,20.0,18462.498,36939.633,True,True,False,False,False,0.3086351,0.0050251256,19.91
2026-03-11,SH600008,3.1599998,3.24,1559292.0,498290.1,True,True,False,False,False,0.5866324,0.025316456,3.1599998
2026-03-11,SH600009,29.4,29.33,77780.125,228128.64,True,True,False,False,False,0.21363746,-0.0023809525,29.4
2026-03-11,SH600010,3.0,2.96,12417875.0,3682075.2,True,True,False,False,False,1.3122889,-0.02310231,3.0
2026-03-11,SH600011,7.5299997,7.7099996,1388851.1,1054136.6,True,True,False,False,False,0.3878689,0.025265958,7.5299997
2026-03-11,SH600012,14.42,14.74,62648.1,91298.27,True,True,False,False,False,0.69284064,0.022191402,14.42
2026-03-11,SH600015,6.92,6.9600005,488540.06,339393.56,True,True,False,False,False,0.8660879,0.0057803467,6.92
2026-03-11,SH600016,3.93,3.97,2849645.8,1127076.0,True,True,False,False,False,1.9772485,0.007614213,3.93
2026-03-11,SH600017,3.1799998,3.24,560643.0,178637.7,True,True,False,False,False,0.5622548,0.018867925,3.1799998
2026-03-11,SH600018,5.0999994,5.1499996,635919.1,325208.53,True,True,False,False,False,0.44624332,0.007827789,5.0999994
2026-03-11,SH600019,7.0099998,7.0399995,1177930.5,823415.6,True,True,False,False,False,0.56235075,0.0057142857,7.0099998
2026-03-11,SH600020,4.0899997,4.1299996,165387.14,67739.72,True,True,False,False,False,0.60945773,0.009779952,4.0899997
2026-03-11,SH600021,21.59,21.25,558126.0,1185212.2,True,True,False,False,False,0.27236584,-0.015748031,21.59
2026-03-11,SH600022,1.6600001,1.68,2212222.2,365710.6,True,True,False,False,False,0.9433962,0.005988024,1.6600001
2026-03-11,SH600023,5.45,5.5299997,861781.2,470016.28,True,True,False,False,False,0.22522523,0.012820513,5.45
2026-03-11,SH600025,10.320001,10.550001,461587.8,481966.3,True,True,False,False,False,0.3946409,0.017357763,10.320001
2026-03-11,SH600026,23.17,22.76,1393857.0,3142135.8,True,True,False,False,False,0.426404,-0.02149613,23.17
2026-03-11,SH600027,5.1699996,5.2799997,1806658.6,940114.0,True,True,False,False,False,0.50855005,0.025242718,5.1699996
2026-03-11,SH600028,6.5,6.51,4601433.0,2971860.8,True,True,False,False,False,1.0435604,-0.0076219514,6.5
2026-03-11,SH600029,6.5299997,6.3599997,1292646.9,822260.06,True,True,False,False,False,0.43887377,-0.017001545,6.5299997
2026-03-11,SH600030,26.14,26.1,884026.0,2304795.5,True,True,False,False,False,1.3247069,-0.0011481056,26.14
2026-03-11,SH600031,22.3,22.25,637708.0,1408130.8,True,True,False,False,False,2.518331,0.008612874,22.3
2026-03-11,SH600032,8.59,9.110001,551069.25,488416.72,True,True,False,False,False,0.20475812,0.059302326,8.59
2026-03-11,SH600033,3.78,3.81,468035.3,177074.19,True,True,False,False,False,1.0021205,0.010610079,3.78
2026-03-11,SH600035,3.9800003,4.0,118114.56,47004.918,True,True,False,False,False,0.60426927,0.0050251256,3.9800003
2026-03-11,SH600036,39.3,39.5,689407.06,2710371.0,True,True,False,False,False,0.6081412,0.007139215,39.3
2026-03-11,SH600037,7.9199996,7.97,159781.55,126988.53,True,True,False,False,False,0.1982831,0.005044136,7.9199996
2026-03-12,SH600000,10.04,10.18,894183.25,905889.2,True,True,False,False,False,0.6490139,0.010923536,10.04
2026-03-12,SH600004,9.12,9.17,106013.38,97032.4,True,True,False,False,False,0.30683908,0.0021857924,9.12
2026-03-12,SH600006,7.0000005,6.94,140442.42,97573.02,True,True,False,False,False,0.75713384,-0.0071530757,7.0000005
2026-03-12,SH600007,20.06,19.89,11757.33,23416.475,True,True,False,False,False,0.30866143,-0.0055,20.06
2026-03-12,SH600008,3.2399998,3.27,1379032.0,450291.88,True,True,False,False,False,0.586517,0.009259259,3.2399998
2026-03-12,SH600009,29.33,29.37,61652.09,180644.78,True,True,False,False,False,0.21362443,0.0013637913,29.33
2026-03-12,SH600010,2.95,2.95,8245922.5,2428306.0,True,True,False,False,False,1.3125,-0.0033783785,2.95
2026-03-12,SH600011,7.7099996,7.8799996,1438440.2,1123557.9,True,True,False,False,False,0.38787457,0.022049287,7.7099996
2026-03-12,SH600012,14.7,14.95,58520.04,87192.8,True,True,False,False,False,0.69284064,0.014246947,14.7
2026-03-12,SH600015,6.96,7.04,636290.7,445889.56,True,True,False,False,False,0.8661793,0.011494253,6.96
2026-03-12,SH600016,3.97,3.99,3415291.0,1362434.4,True,True,False,False,False,1.9773302,0.005037783,3.97
2026-03-12,SH600017,3.23,3.3000002,773720.6,254275.25,True,True,False,False,False,0.56236786,0.018518519,3.23
2026-03-12,SH600018,5.15,5.21,835045.9,433744.44,True,True,False,False,False,0.44616857,0.011650485,5.15
2026-03-12,SH600019,7.03,7.09,1472707.2,1042583.8,True,True,False,False,False,0.5623221,0.007102273,7.03
2026-03-12,SH600020,4.1200004,4.2,256186.53,107026.23,True,True,False,False,False,0.6096113,0.016949153,4.1200004
2026-03-12,SH600021,21.2,21.85,844618.8,1813560.2,True,True,False,False,False,0.27238247,0.028235294,21.2
2026-03-12,SH600022,1.68,1.74,2901943.2,498632.12,True,True,False,False,False,0.9433962,0.035714287,1.68
2026-03-12,SH600023,5.5299997,5.65,1268243.9,710368.4,True,True,False,False,False,0.22522523,0.02169982,5.5299997
2026-03-12,SH600025,10.579999,10.579999,356002.4,375677.38,True,True,False,False,False,0.39473367,0.0028436019,10.579999
2026-03-12,SH600026,22.56,22.470001,1189412.2,2643662.5,True,True,False,False,False,0.42639434,-0.012741652,22.56
2026-03-12,SH600027,5.2799997,5.41,1944424.0,1042488.4,True,True,False,False,False,0.5082155,0.024621213,5.2799997
2026-03-12,SH600028,6.56,6.46,4909668.5,3197303.2,True,True,False,False,False,1.0434715,-0.0076804915,6.56
2026-03-12,SH600029,6.28,6.32,1019827.9,642058.5,True,True,False,False,False,0.43879682,-0.006289308,6.28
2026-03-12,SH600030,25.999998,25.93,918617.5,2381053.2,True,True,False,False,False,1.3246934,-0.00651341,25.999998
2026-03-12,SH600031,22.099998,21.509998,1037122.7,2227862.8,True,True,False,False,False,2.5183396,-0.033258427,22.099998
2026-03-12,SH600032,9.0199995,9.24,927044.2,851735.0,True,True,False,False,False,0.20466332,0.014270033,9.0199995
2026-03-12,SH600033,3.7999997,3.86,607938.44,233999.52,True,True,False,False,False,1.0020199,0.0131233595,3.7999997
2026-03-12,SH600035,3.99,4.03,179724.55,72397.54,True,True,False,False,False,0.604253,0.0075,3.99
2026-03-12,SH600036,39.449997,39.5,527723.3,2081987.1,True,True,False,False,False,0.6081412,0.0,39.449997
2026-03-12,SH600037,7.92,8.01,179548.64,143958.67,True,True,False,False,False,0.19830221,0.0050188205,7.92
2026-03-13,SH600000,10.159999,10.259999,996767.1,1024835.94,True,True,False,False,False,0.64898485,0.007858546,10.159999
2026-03-13,SH600004,9.150001,9.200001,121748.25,112114.97,True,True,False,False,False,0.30683228,0.0032715376,9.150001
2026-03-13,SH600006,6.8999996,6.8999996,148760.23,103134.98,True,True,False,False,False,0.7571665,-0.0057636886,6.8999996
2026-03-13,SH600007,19.89,20.07,16952.451,34038.727,True,True,False,False,False,0.30866897,0.009049774,19.89
2026-03-13,SH600008,3.2700002,3.2300003,936278.0,304544.12,True,True,False,False,False,0.5866713,-0.012232416,3.2700002
2026-03-13,SH600009,29.260002,29.27,77603.47,227497.98,True,True,False,False,False,0.21363379,-0.0034048348,29.260002
2026-03-13,SH600010,2.93,2.8700001,14454089.0,4227243.5,True,True,False,False,False,1.3126088,-0.027118644,2.93
2026-03-13,SH600011,7.9500003,7.85,1763220.9,1394451.5,True,True,False,False,False,0.3878626,-0.0038071065,7.9500003
2026-03-13,SH600012,14.900001,15.130001,76080.0,115224.016,True,True,False,False,False,0.69284064,0.012040134,14.900001
2026-03-13,SH600015,7.0299997,7.16,1087687.8,777473.0,True,True,False,False,False,0.8661171,0.017045455,7.0299997
2026-03-13,SH600016,3.99,3.96,3390901.2,1350436.5,True,True,False,False,False,1.9773434,-0.007518797,3.99
2026-03-13,SH600017,3.29,3.28,568938.3,187099.69,True,True,False,False,False,0.5624882,-0.006060606,3.29
2026-03-13,SH600018,5.21,5.18,581198.6,302035.75,True,True,False,False,False,0.44620574,-0.0057581575,5.21
2026-03-13,SH600019,7.1000004,7.11,1573110.0,1123510.0,True,True,False,False,False,0.56235695,0.0028208746,7.1000004
2026-03-13,SH600020,4.19,4.19,138026.72,57961.055,True,True,False,False,False,0.60950017,-0.0023809525,4.19
2026-03-13,SH600021,21.859999,21.199999,552338.7,1184787.4,True,True,False,False,False,0.27235535,-0.029748283,21.859999
2026-03-13,SH600022,1.72,1.74,2527480.5,444104.6,True,True,False,False,False,0.9433962,0.0,1.72
2026-03-13,SH600023,5.68,5.57,910045.6,509764.7,True,True,False,False,False,0.22522523,-0.014159292,5.68
2026-03-13,SH600025,10.580001,10.49,364200.66,384353.9,True,True,False,False,False,0.39475936,-0.008506617,10.580001
2026-03-13,SH600026,22.559998,22.109999,858286.94,1920295.2,True,True,False,False,False,0.42641014,-0.016021362,22.559998
2026-03-13,SH600027,5.42,5.32,1705471.2,914165.9,True,True,False,False,False,0.5084774,-0.01663586,5.42
2026-03-13,SH600028,6.49,6.33,4759634.0,3036060.5,True,True,False,False,False,1.0435237,-0.02012384,6.49
2026-03-13,SH600029,6.2700005,6.29,1191937.8,753818.9,True,True,False,False,False,0.4388409,-0.004746835,6.2700005
2026-03-13,SH600030,25.73,25.75,806477.44,2080610.9,True,True,False,False,False,1.3247292,-0.0069417665,25.73
2026-03-13,SH600031,21.390001,21.29,568707.1,1222612.2,True,True,False,False,False,2.5183415,-0.010227801,21.390001
2026-03-13,SH600032,9.240001,8.99,586479.94,532131.3,True,True,False,False,False,0.2046278,-0.027056277,9.240001
2026-03-13,SH600033,3.86,3.84,478566.72,184331.4,True,True,False,False,False,1.0022364,-0.005181347,3.86
2026-03-13,SH600035,4.03,4.02,172579.62,69577.695,True,True,False,False,False,0.6041222,-0.0024813896,4.03
2026-03-13,SH600036,39.46,39.76,765276.7,3041556.0,True,True,False,False,False,0.60815173,0.0065822783,39.46
2026-03-13,SH600037,8.009999,7.84,143864.02,114098.94,True,True,False,False,False,0.19829813,-0.02122347,8.009999
2026-03-16,SH600000,10.219999,10.289999,664904.7,683009.1,True,True,False,False,False,0.6489931,0.0029239766,10.219999
2026-03-16,SH600004,9.22,9.200001,95592.51,87915.586,True,True,False,False,False,0.30683228,0.0,9.22
2026-03-16,SH600006,6.9,6.98,186480.0,129419.69,True,True,False,False,False,0.7571016,0.011594203,6.9
2026-03-16,SH600007,20.07,20.26,25675.998,51756.855,True,True,False,False,False,0.3086615,0.009466866,20.07
2026-03-16,SH600008,3.25,3.24,1019937.94,330516.3,True,True,False,False,False,0.5866324,0.0030959751,3.25
2026-03-16,SH600009,29.269999,29.39,74887.86,219441.47,True,True,False,False,False,0.21364109,0.0040997607,29.269999
2026-03-16,SH600010,2.85,2.82,12937339.0,3604420.8,True,True,False,False,False,1.3126109,-0.017421603,2.85
2026-03-16,SH600011,7.83,7.6400003,1514816.6,1166664.0,True,True,False,False,False,0.38787213,-0.026751593,7.83
2026-03-16,SH600012,15.140001,15.390001,65928.375,101007.33,True,True,False,False,False,0.69284064,0.0171844,15.140001
2026-03-16,SH600015,7.1699996,7.1499996,865866.06,622564.4,True,True,False,False,False,0.86615485,-0.001396648,7.1699996
2026-03-16,SH600016,3.96,3.9299998,2419610.2,951834.4,True,True,False,False,False,1.977357,-0.007575758,3.96
2026-03-16,SH600017,3.27,3.28,430107.03,141064.7,True,True,False,False,False,0.5624882,0.0,3.27
2026-03-16,SH600018,5.1899996,5.2000003,634535.06,330105.03,True,True,False,False,False,0.44601178,0.0038610038,5.1899996
2026-03-16,SH600019,7.12,6.8799996,2984182.5,2071165.9,True,True,False,False,False,0.56230193,-0.032348804,7.12
2026-03-16,SH600020,4.18,4.18,142527.0,59805.47,True,True,False,False,False,0.60938853,-0.002386635,4.18
2026-03-16,SH600021,21.02,20.37,561755.6,1150278.4,True,True,False,False,False,0.27235475,-0.039150942,21.02
2026-03-16,SH600022,1.73,1.67,2487775.2,420039.47,True,True,False,False,False,0.9433962,-0.040229887,1.73
2026-03-16,SH600023,5.57,5.48,767981.2,422897.9,True,True,False,False,False,0.22522523,-0.016157988,5.57
2026-03-16,SH600025,10.459999,10.419999,351927.66,369161.22,True,True,False,False,False,0.39464295,-0.0066730217,10.459999
2026-03-16,SH600026,21.979998,23.769999,1280741.5,2935400.0,True,True,False,False,False,0.42647824,0.07507915,21.979998
2026-03-16,SH600027,5.3099995,5.2799997,1622118.8,860745.0,True,True,False,False,False,0.50855005,-0.007518797,5.3099995
2026-03-16,SH600028,6.35,6.33,2864215.2,1818960.2,True,True,False,False,False,1.0435237,0.0,6.35
2026-03-16,SH600029,6.2799997,6.17,1522406.8,941681.7,True,True,False,False,False,0.43860382,-0.0190779,6.2799997
2026-03-16,SH600030,25.659998,25.499998,1156698.0,2943468.2,True,True,False,False,False,1.3247231,-0.009708738,25.659998
2026-03-16,SH600031,21.27,20.85,718456.7,1499489.8,True,True,False,False,False,2.5183458,-0.02066698,21.27
2026-03-16,SH600032,8.96,8.63,438599.75,381657.8,True,True,False,False,False,0.204674,-0.040044494,8.96
2026-03-16,SH600033,3.84,3.86,388400.0,149235.23,True,True,False,False,False,1.0020199,0.0052083335,3.84
2026-03-16,SH600035,4.02,4.02,128261.83,51644.38,True,True,False,False,False,0.6041222,0.0,4.02
2026-03-16,SH600036,39.77,39.91,610944.5,2435209.0,True,True,False,False,False,0.608146,0.0037726357,39.77
2026-03-16,SH600037,7.84,7.86,134125.1,105460.52,True,True,False,False,False,0.19828546,0.0025510204,7.84
2026-03-17,SH600000,10.2699995,10.379999,762600.75,791761.94,True,True,False,False,False,0.6489798,0.008746356,10.2699995
2026-03-17,SH600004,9.22,9.21,86197.48,79647.27,True,True,False,False,False,0.3068714,0.0010869565,9.22
2026-03-17,SH600006,7.0,6.95,198342.02,139107.22,True,True,False,False,False,0.75719786,-0.004297994,7.0
2026-03-17,SH600007,20.279999,20.509998,22154.74,45295.9,True,True,False,False,False,0.308634,0.012339585,20.279999
2026-03-17,SH600008,3.24,3.2199998,699625.2,226730.98,True,True,False,False,False,0.58653224,-0.0061728396,3.24
2026-03-17,SH600009,29.44,29.490002,92284.17,273322.84,True,True,False,False,False,0.21363173,0.0034025179,29.44
2026-03-17,SH600010,2.82,2.78,8083774.0,2279511.5,True,True,False,False,False,1.3123876,-0.014184397,2.82
2026-03-17,SH600011,7.6199994,7.4900002,965334.1,731928.94,True,True,False,False,False,0.38780937,-0.019633507,7.6199994
2026-03-17,SH600012,15.34,15.54,59096.34,91627.83,True,True,False,False,False,0.69284064,0.009746589,15.34
2026-03-17,SH600015,7.1499996,7.2599998,804168.1,583137.1,True,True,False,False,False,0.8661311,0.015384615,7.1499996
2026-03-17,SH600016,3.93,3.92,2255639.0,888805.7,True,True,False,False,False,1.9773157,-0.0025445293,3.93
2026-03-17,SH600017,3.2799997,3.24,383349.03,125295.5,True,True,False,False,False,0.5622548,-0.0121951215,3.2799997
2026-03-17,SH600018,5.19,5.19,447062.72,232813.78,True,True,False,False,False,0.44585437,-0.0019230769,5.19
2026-03-17,SH600019,6.89,6.8399997,1873604.0,1296250.6,True,True,False,False,False,0.56222934,-0.0058139535,6.89
2026-03-17,SH600020,4.18,4.19,132091.84,55641.684,True,True,False,False,False,0.60950017,0.0023923444,4.18
2026-03-17,SH600021,20.369999,20.45,360524.97,735267.06,True,True,False,False,False,0.27236092,0.003927344,20.369999
2026-03-17,SH600022,1.67,1.71,3132297.0,538897.56,True,True,False,False,False,0.9433962,0.023952097,1.67
2026-03-17,SH600023,5.4700003,5.44,671420.2,368469.6,True,True,False,False,False,0.22522523,-0.00729927,5.4700003
2026-03-17,SH600025,10.42,10.309999,311532.97,323640.66,True,True,False,False,False,0.3948121,-0.0105566215,10.42
2026-03-17,SH600026,23.97,23.22,1041974.5,2470397.0,True,True,False,False,False,0.4263954,-0.02313841,23.97
2026-03-17,SH600027,5.25,5.2300005,1119230.4,590005.56,True,True,False,False,False,0.5083244,-0.009469697,5.25
2026-03-17,SH600028,6.3,6.25,3162492.5,1977977.9,True,True,False,False,False,1.0436697,-0.012638231,6.3
2026-03-17,SH600029,6.19,6.15,1284300.8,801529.75,True,True,False,False,False,0.43877295,-0.003241491,6.19
2026-03-17,SH600030,25.5,25.91,2211718.0,5770156.5,True,True,False,False,False,1.3247145,0.016078431,25.5
2026-03-17,SH600031,20.99,20.76,551206.3,1154245.4,True,True,False,False,False,2.5183406,-0.004316547,20.99
2026-03-17,SH600032,8.63,9.26,1114394.6,1036798.0,True,True,False,False,False,0.20464897,0.07300116,8.63
2026-03-17,SH600033,3.85,3.8299997,349381.94,134802.62,True,True,False,False,False,1.002198,-0.0077720205,3.85
2026-03-17,SH600035,4.02,4.02,124191.99,50087.895,True,True,False,False,False,0.6041222,0.0,4.02
2026-03-17,SH600036,39.89,40.120003,656229.25,2637804.8,True,True,False,False,False,0.60814273,0.0052618394,39.89
2026-03-17,SH600037,7.8799996,7.7200003,138680.0,108483.16,True,True,False,False,False,0.19828442,-0.017811704,7.8799996
2026-03-18,SH600000,10.379999,10.37,652218.9,676223.8,True,True,False,False,False,0.6490022,-0.00096339115,10.379999
2026-03-18,SH600004,9.21,9.139999,100402.0,91813.29,True,True,False,False,False,0.3068459,-0.007600434,9.21
2026-03-18,SH600006,6.96,6.9199996,118132.7,81522.07,True,True,False,False,False,0.75729495,-0.004316547,6.96
2026-03-18,SH600007,20.52,20.53,24238.37,49558.996,True,True,False,False,False,0.30867255,0.0009751341,20.52
2026-03-18,SH600008,3.22,3.2300003,1008862.7,323621.25,True,True,False,False,False,0.5866713,0.0031055901,3.22
2026-03-18,SH600009,29.47,29.33,68080.984,199481.92,True,True,False,False,False,0.21363746,-0.005425568,29.47
2026-03-18,SH600010,2.78,2.75,6891348.0,1887465.9,True,True,False,False,False,1.3125,-0.010791367,2.78
2026-03-18,SH600011,7.5,7.4900002,852767.3,638529.5,True,True,False,False,False,0.38780937,0.0,7.5
2026-03-18,SH600012,15.580001,15.42,41363.0,63888.66,True,True,False,False,False,0.69284064,-0.0077220076,15.580001
2026-03-18,SH600015,7.27,7.24,697518.25,504227.7,True,True,False,False,False,0.86601245,-0.002754821,7.27
2026-03-18,SH600016,3.92,3.91,2826980.8,1101887.5,True,True,False,False,False,1.9772742,-0.0025510204,3.92
2026-03-18,SH600017,3.25,3.22,397236.0,127954.29,True,True,False,False,False,0.5623766,-0.0061728396,3.25
2026-03-18,SH600018,5.18,5.17,519104.5,267577.28,True,True,False,False,False,0.44604808,-0.0038535646,5.18
2026-03-18,SH600019,6.84,6.7200003,1762245.6,1185866.1,True,True,False,False,False,0.56225073,-0.01754386,6.84
2026-03-18,SH600020,4.2000003,4.15,127796.94,53079.305,True,True,False,False,False,0.6093666,-0.00954654,4.2000003
2026-03-18,SH600021,20.4,20.529999,321559.56,662939.3,True,True,False,False,False,0.27236706,0.0039119804,20.4
2026-03-18,SH600022,1.7,1.67,2478171.8,416883.97,True,True,False,False,False,0.9433962,-0.023391813,1.7
2026-03-18,SH600023,5.46,5.46,656624.1,358225.84,True,True,False,False,False,0.22522523,0.0036764706,5.46
2026-03-18,SH600025,10.300001,10.26,273511.47,280179.5,True,True,False,False,False,0.3948618,-0.0048496607,10.300001
2026-03-18,SH600026,23.11,24.88,1413915.9,3482161.8,True,True,False,False,False,0.42646143,0.071490094,23.11
2026-03-18,SH600027,5.2200003,5.2300005,1022515.3,534420.06,True,True,False,False,False,0.5083244,0.0,5.2200003
2026-03-18,SH600028,6.2200003,6.1200004,3138344.5,1918879.0,True,True,False,False,False,1.0433531,-0.0208,6.2200003
2026-03-18,SH600029,6.2200003,6.0899997,1245951.5,758874.1,True,True,False,False,False,0.43886378,-0.009756098,6.2200003
2026-03-18,SH600030,25.900002,25.970001,859658.5,2224720.8,True,True,False,False,False,1.3247283,0.0023157082,25.900002
2026-03-18,SH600031,20.82,20.7,638749.5,1309548.0,True,True,False,False,False,2.518337,-0.0028901733,20.82
2026-03-18,SH600032,9.179999,9.0199995,924767.6,843393.7,True,True,False,False,False,0.20460583,-0.025917927,9.179999
2026-03-18,SH600033,3.8299997,3.79,353999.7,133907.33,True,True,False,False,False,1.0020423,-0.010443864,3.8299997
2026-03-18,SH600035,4.0299997,3.9799998,167953.58,66744.79,True,True,False,False,False,0.6040053,-0.0099502485,4.0299997
2026-03-18,SH600036,40.129997,39.92,705831.44,2822439.8,True,True,False,False,False,0.6081582,-0.0049850447,40.129997
2026-03-18,SH600037,7.74,8.01,202538.8,159172.94,True,True,False,False,False,0.19830221,0.037564766,7.74
2026-03-19,SH600000,10.32,10.32,758671.56,784461.9,True,True,False,False,False,0.64900124,-0.004821601,10.32
2026-03-19,SH600004,9.1,9.059999,86021.164,78200.69,True,True,False,False,False,0.3067802,-0.008752735,9.1
2026-03-19,SH600006,6.87,6.74,156614.92,106378.125,True,True,False,False,False,0.757301,-0.02601156,6.87
2026-03-19,SH600007,20.4,20.33,17880.06,36618.383,True,True,False,False,False,0.30862632,-0.009741841,20.4
2026-03-19,SH600008,3.2099998,3.2199998,998618.56,321915.97,True,True,False,False,False,0.58653224,-0.0030959751,3.2099998
2026-03-19,SH600009,29.11,29.08,79438.86,231193.28,True,True,False,False,False,0.21362603,-0.008523696,29.11
2026-03-19,SH600010,2.7,2.6100001,9798438.0,2586761.0,True,True,False,False,False,1.3122605,-0.05090909,2.7
2026-03-19,SH600011,7.4399996,7.48,1108613.6,829014.06,True,True,False,False,False,0.38783777,-0.0013351135,7.4399996
2026-03-19,SH600012,15.35,15.7,80918.0,126574.266,True,True,False,False,False,0.69284064,0.018158237,15.35
2026-03-19,SH600015,7.22,7.13,740449.06,531456.2,True,True,False,False,False,0.8660344,-0.01519337,7.22
2026-03-19,SH600016,3.9,3.8600001,2030028.2,788626.9,True,True,False,False,False,1.9773427,-0.012787724,3.9
2026-03-19,SH600017,3.21,3.1899998,362626.0,116143.44,True,True,False,False,False,0.5623193,-0.00931677,3.21
2026-03-19,SH600018,5.15,5.16,506626.0,262289.4,True,True,False,False,False,0.44588983,-0.001934236,5.15
2026-03-19,SH600019,6.66,6.5899997,1143246.0,757658.0,True,True,False,False,False,0.5623787,-0.019345239,6.66
2026-03-19,SH600020,4.1299996,4.1,129582.75,53644.312,True,True,False,False,False,0.60943604,-0.012048192,4.1299996
2026-03-19,SH600021,20.3,20.04,350424.88,706570.56,True,True,False,False,False,0.27235034,-0.02386751,20.3
2026-03-19,SH600022,1.6500001,1.58,2976920.2,478957.5,True,True,False,False,False,0.9433962,-0.053892214,1.6500001
2026-03-19,SH600023,5.4300003,5.46,550882.7,302284.3,True,True,False,False,False,0.22522523,0.0,5.4300003
2026-03-19,SH600025,10.240001,10.26,254897.25,263137.6,True,True,False,False,False,0.3948618,0.0,10.240001
2026-03-19,SH600026,24.97,23.73,1221472.5,2907036.5,True,True,False,False,False,0.42643782,-0.046221863,24.97
2026-03-19,SH600027,5.21,5.2200003,1152220.2,604927.3,True,True,False,False,False,0.50844866,-0.0019120459,5.21
2026-03-19,SH600028,6.21,6.28,4115497.2,2563675.5,True,True,False,False,False,1.0434319,0.026143791,6.21
2026-03-19,SH600029,5.95,5.81,1614319.8,946223.4,True,True,False,False,False,0.438721,-0.04597701,5.95
2026-03-19,SH600030,25.750002,25.61,1071594.4,2749163.2,True,True,False,False,False,1.3247226,-0.013862149,25.750002
2026-03-19,SH600031,20.439999,19.759998,1036470.7,2066894.4,True,True,False,False,False,2.5183423,-0.04541063,20.439999
2026-03-19,SH600032,8.88,9.27,950875.25,883421.6,True,True,False,False,False,0.20464182,0.027716186,8.88
2026-03-19,SH600033,3.7699997,3.76,339498.0,128361.14,True,True,False,False,False,1.0022238,-0.007915568,3.7699997
2026-03-19,SH600035,3.9599996,3.9599996,119473.82,47477.934,True,True,False,False,False,0.6041532,-0.0050251256,3.9599996
2026-03-19,SH600036,39.879997,39.77,650246.9,2591832.0,True,True,False,False,False,0.60814035,-0.003757515,39.879997
2026-03-19,SH600037,7.8999996,7.9199996,236192.02,187523.84,True,True,False,False,False,0.19829224,-0.011235955,7.8999996
2026-03-20,SH600000,10.33,10.280001,748836.06,776364.44,True,True,False,False,False,0.64901567,-0.003875969,10.33
2026-03-20,SH600004,9.070001,9.04,108783.39,98802.57,True,True,False,False,False,0.3068268,-0.0022075055,9.070001
2026-03-20,SH600006,6.7799997,6.5899997,146837.11,97907.74,True,True,False,False,False,0.75720483,-0.022255193,6.7799997
2026-03-20,SH600007,20.35,20.279999,16503.38,33658.777,True,True,False,False,False,0.3086318,-0.0024594197,20.35
2026-03-20,SH600008,3.2199998,3.1899998,1220886.5,392975.56,True,True,False,False,False,0.5866496,-0.00931677,3.2199998
2026-03-20,SH600009,29.09,28.64,125248.8,361285.47,True,True,False,False,False,0.21363014,-0.0151306745,29.09
2026-03-20,SH600010,2.6200001,2.54,7552330.0,1952533.8,True,True,False,False,False,1.312746,-0.026819924,2.6200001
2026-03-20,SH600011,7.49,7.54,1316296.0,997050.8,True,True,False,False,False,0.38786298,0.00802139,7.49
2026-03-20,SH600012,15.650001,15.64,59900.586,94210.19,True,True,False,False,False,0.69284064,-0.003821656,15.650001
2026-03-20,SH600015,7.13,7.18,716916.8,515228.1,True,True,False,False,False,0.866042,0.007012623,7.13
2026-03-20,SH600016,3.86,3.83,2018340.6,778946.6,True,True,False,False,False,1.9773567,-0.0077720205,3.86
2026-03-20,SH600017,3.1899998,3.1999998,556731.0,178632.67,True,True,False,False,False,0.5625,0.0031347962,3.1899998
2026-03-20,SH600018,5.1600003,5.11,435903.66,224215.27,True,True,False,False,False,0.446122,-0.009689922,5.1600003
2026-03-20,SH600019,6.59,6.5699997,989248.25,650925.4,True,True,False,False,False,0.56234115,-0.0030349013,6.59
2026-03-20,SH600020,4.12,4.08,148793.0,61319.24,True,True,False,False,False,0.6095286,-0.004878049,4.12
2026-03-20,SH600021,20.0,19.4,467920.28,921959.1,True,True,False,False,False,0.27235758,-0.031936128,20.0
2026-03-20,SH600022,1.58,1.5400001,2242169.8,349449.47,True,True,False,False,False,0.9433962,-0.025316456,1.58
2026-03-20,SH600023,5.45,5.4300003,715379.25,390826.38,True,True,False,False,False,0.22522523,-0.0054945056,5.45
2026-03-20,SH600025,10.240001,10.2300005,233037.84,239086.6,True,True,False,False,False,0.3947665,-0.0029239766,10.240001
2026-03-20,SH600026,23.88,23.46,954832.94,2266722.0,True,True,False,False,False,0.42644948,-0.011378002,23.88
2026-03-20,SH600027,5.2200003,5.2300005,1888320.8,997169.44,True,True,False,False,False,0.5083244,0.0019157088,5.2200003
2026-03-20,SH600028,6.18,6.08,2897698.5,1765627.2,True,True,False,False,False,1.0434271,-0.031847134,6.18
2026-03-20,SH600029,5.88,5.77,1074594.6,627449.56,True,True,False,False,False,0.43863568,-0.0068846815,5.88
2026-03-20,SH600030,25.619999,25.3,1008962.56,2571973.2,True,True,False,False,False,1.3247024,-0.012104646,25.619999
2026-03-20,SH600031,19.86,19.43,622432.6,1224062.5,True,True,False,False,False,2.5183456,-0.016700406,19.86
2026-03-20,SH600032,9.28,9.780001,1127631.4,1082616.8,True,True,False,False,False,0.20470145,0.055016182,9.28
2026-03-20,SH600033,3.75,3.71,321842.0,120590.34,True,True,False,False,False,1.0020254,-0.013297873,3.75
2026-03-20,SH600035,3.97,3.92,125849.305,49698.336,True,True,False,False,False,0.6040347,-0.01010101,3.97
2026-03-20,SH600036,39.85,39.75,615802.75,2453063.2,True,True,False,False,False,0.6081395,-0.0005028916,39.85
2026-03-20,SH600037,7.93,7.57,235933.64,181608.12,True,True,False,False,False,0.1983131,-0.04419192,7.93
2026-03-23,SH600000,10.23,9.86,933945.06,933688.9,True,True,False,False,False,0.64901584,-0.04085603,10.23
2026-03-23,SH600004,8.98,8.7,241542.98,212469.88,True,True,False,False,False,0.30686373,-0.03761062,8.98
2026-03-23,SH600006,6.4999995,6.22,221021.64,140698.31,True,True,False,False,False,0.7571413,-0.056145675,6.4999995
2026-03-23,SH600007,20.300001,19.5,35752.758,70415.58,True,True,False,False,False,0.3086208,-0.03846154,20.300001
2026-03-23,SH600008,3.1799998,3.1,1554177.8,488174.25,True,True,False,False,False,0.58664495,-0.028213166,3.1799998
2026-03-23,SH600009,28.320002,27.369999,195245.22,539918.4,True,True,False,False,False,0.21362582,-0.044343576,28.320002
2026-03-23,SH600010,2.4800003,2.47,9291548.0,2317372.5,True,True,False,False,False,1.3126265,-0.027559055,2.4800003
2026-03-23,SH600011,7.4799995,7.3399997,1293637.8,956302.75,True,True,False,False,False,0.3878439,-0.0265252,7.4799995
2026-03-23,SH600012,15.570001,15.179999,68000.0,104187.09,True,True,False,False,False,0.69284064,-0.029411765,15.570001
2026-03-23,SH600015,7.13,6.9400005,1057293.9,740695.1,True,True,False,False,False,0.8661655,-0.033426184,7.13
2026-03-23,SH600016,3.81,3.7199998,3560504.0,1336837.8,True,True,False,False,False,1.9773128,-0.028720627,3.81
2026-03-23,SH600017,3.1799998,3.0,785050.0,240500.45,True,True,False,False,False,0.5622739,-0.0625,3.1799998
2026-03-23,SH600018,5.08,4.95,916974.5,459470.53,True,True,False,False,False,0.44615015,-0.031311154,5.08
2026-03-23,SH600019,6.5,6.25,1728443.8,1094225.5,True,True,False,False,False,0.56223315,-0.04870624,6.5
2026-03-23,SH600020,4.07,3.8200002,238997.98,93225.375,True,True,False,False,False,0.60944605,-0.063725494,4.07
2026-03-23,SH600021,19.009998,18.249998,569985.8,1062996.5,True,True,False,False,False,0.2723926,-0.05927835,19.009998
2026-03-23,SH600022,1.5100001,1.47,2062555.9,308292.4,True,True,False,False,False,0.9433962,-0.045454547,1.5100001
2026-03-23,SH600023,5.38,5.25,1022428.7,543444.8,True,True,False,False,False,0.22522523,-0.03314917,5.38
2026-03-23,SH600025,10.159999,10.049999,486741.56,493608.84,True,True,False,False,False,0.39482078,-0.017595308,10.159999
2026-03-23,SH600026,23.49,23.52,1057160.4,2521883.5,True,True,False,False,False,0.42641494,0.0025575447,23.49
2026-03-23,SH600027,5.19,5.12,1828456.2,944285.94,True,True,False,False,False,0.5084188,-0.021032505,5.19
2026-03-23,SH600028,6.08,6.04,3373413.8,2025777.8,True,True,False,False,False,1.0435021,-0.0065789474,6.08
2026-03-23,SH600029,5.65,5.4600005,1814238.1,1002144.94,True,True,False,False,False,0.438994,-0.05372617,5.65
2026-03-23,SH600030,25.000002,24.289999,1992656.2,4887377.5,True,True,False,False,False,1.324728,-0.03992095,25.000002
2026-03-23,SH600031,19.019999,18.65,1009948.6,1898184.1,True,True,False,False,False,2.518345,-0.04014411,19.019999
2026-03-23,SH600032,9.530001,10.76,1648136.4,1726100.0,False,True,True,False,False,0.204645,0.1002045,9.530001
2026-03-23,SH600033,3.69,3.4900002,555226.0,197569.3,True,True,False,False,False,1.0020559,-0.05929919,3.69
2026-03-23,SH600035,3.8999996,3.7199998,249384.44,94536.51,True,True,False,False,False,0.60428697,-0.05102041,3.8999996
2026-03-23,SH600036,39.579998,38.68,957738.3,3730145.5,True,True,False,False,False,0.6081554,-0.02691824,39.579998
2026-03-23,SH600037,7.4599996,7.0499997,302493.62,217684.53,True,True,False,False,False,0.19828242,-0.06869221,7.4599996
2026-03-24,SH600000,9.95,10.04,609858.9,611456.2,True,True,False,False,False,0.64898795,0.018255578,9.95
2026-03-24,SH600004,8.789999,8.839999,114401.17,100624.96,True,True,False,False,False,0.30678734,0.016091954,8.789999
2026-03-24,SH600006,6.31,6.35,150790.61,95164.766,True,True,False,False,False,0.75710475,0.020900322,6.31
2026-03-24,SH600007,19.65,20.039999,24554.002,48928.41,True,True,False,False,False,0.30864456,0.027692307,19.65
2026-03-24,SH600008,3.13,3.1499999,1162469.2,363909.47,True,True,False,False,False,0.5866273,0.016129032,3.13
2026-03-24,SH600009,27.56,27.6,84268.74,231563.8,True,True,False,False,False,0.21362023,0.008403362,27.56
2026-03-24,SH600010,2.51,2.51,7645778.0,1897878.2,True,True,False,False,False,1.312251,0.016194332,2.51
2026-03-24,SH600011,7.6,7.52,1796449.6,1340130.5,True,True,False,False,False,0.38782212,0.024523161,7.6
2026-03-24,SH600012,15.370001,15.42,52146.996,80263.3,True,True,False,False,False,0.69284064,0.015810277,15.370001
2026-03-24,SH600015,6.9800005,7.11,663219.5,469625.0,True,True,False,False,False,0.86610997,0.024495678,6.9800005
2026-03-24,SH600016,3.74,3.8100002,2702881.0,1021681.4,True,True,False,False,False,1.9772717,0.024193548,3.74
2026-03-24,SH600017,3.05,3.1200001,521691.62,160449.28,True,True,False,False,False,0.5625124,0.04,3.05
2026-03-24,SH600018,5.0,5.08,690487.2,349208.8,True,True,False,False,False,0.4461596,0.026262626,5.0
2026-03-24,SH600019,6.34,6.3900003,1248078.0,793501.56,True,True,False,False,False,0.5622496,0.0224,6.34
2026-03-24,SH600020,3.86,3.8899999,165556.03,64080.098,True,True,False,False,False,0.6096121,0.018324608,3.86
2026-03-24,SH600021,18.65,18.779999,417823.9,773132.56,True,True,False,False,False,0.27238235,0.029041097,18.65
2026-03-24,SH600022,1.49,1.5100001,2038746.6,302770.34,True,True,False,False,False,0.9433962,0.027210884,1.49
2026-03-24,SH600023,5.2999997,5.37,840074.06,446921.47,True,True,False,False,False,0.22522523,0.022857143,5.2999997
2026-03-24,SH600025,10.2,10.25,381671.75,388542.88,True,True,False,False,False,0.39462164,0.019900497,10.2
2026-03-24,SH600026,23.9,25.869999,1458179.8,3657523.0,False,True,True,False,False,0.4264218,0.09991497,23.9
2026-03-24,SH600027,5.1800003,5.27,1860642.4,967708.06,True,True,False,False,False,0.5082528,0.029296875,5.1800003
2026-03-24,SH600028,5.94,5.94,2569822.2,1516106.5,True,True,False,False,False,1.0436938,-0.01655629,5.94
2026-03-24,SH600029,5.54,5.62,1710797.4,953722.25,True,True,False,False,False,0.4388781,0.02930403,5.54
2026-03-24,SH600030,24.500002,24.360003,1279101.1,3112452.2,True,True,False,False,False,1.3246905,0.0028818443,24.500002
2026-03-24,SH600031,18.800001,19.130001,699908.75,1327036.6,True,True,False,False,False,2.5183265,0.025737265,18.800001
2026-03-24,SH600032,10.84,11.839999,1822379.9,1990205.5,False,True,True,False,False,0.20470966,0.10037175,10.84
2026-03-24,SH600033,3.5299997,3.6399999,429152.12,153714.53,True,True,False,False,False,1.0020489,0.042979944,3.5299997
2026-03-24,SH600035,3.75,3.8,106458.06,40163.16,True,True,False,False,False,0.6040965,0.021505376,3.75
2026-03-24,SH600036,38.8,39.25,616336.44,2408674.5,True,True,False,False,False,0.60814285,0.014736298,38.8
2026-03-24,SH600037,7.18,7.17,167952.66,119535.37,True,True,False,False,False,0.19829744,0.017021276,7.18
2026-03-25,SH600000,10.059999,10.099999,456784.03,458610.0,True,True,False,False,False,0.6490047,0.005976096,10.059999
2026-03-25,SH600004,8.87,8.98,115943.18,103666.94,True,True,False,False,False,0.3068406,0.015837105,8.87
2026-03-25,SH600006,6.3600006,6.4600005,122130.57,78599.31,True,True,False,False,False,0.757242,0.017322835,6.3600006
2026-03-25,SH600007,19.82,20.24,28508.502,57534.445,True,True,False,False,False,0.30862245,0.00998004,19.82
2026-03-25,SH600008,3.1499999,3.2499998,1523687.6,492941.03,True,True,False,False,False,0.5865937,0.031746034,3.1499999
2026-03-25,SH600009,27.68,27.98,76418.32,212838.56,True,True,False,False,False,0.21363656,0.013768116,27.68
2026-03-25,SH600010,2.54,2.58,8829617.0,2261878.5,True,True,False,False,False,1.3123789,0.027888447,2.54
2026-03-25,SH600011,7.5,7.6800003,2801552.5,2133247.2,True,True,False,False,False,0.38785663,0.021276595,7.5
2026-03-25,SH600012,15.429999,15.56,49588.26,76624.74,True,True,False,False,False,0.69284064,0.009079118,15.429999
2026-03-25,SH600015,7.12,7.18,610061.2,435642.53,True,True,False,False,False,0.866042,0.0098452885,7.12
2026-03-25,SH600016,3.81,3.8799999,2297835.5,882047.8,True,True,False,False,False,1.9772874,0.018372703,3.81
2026-03-25,SH600017,3.12,3.28,883750.56,285584.6,True,True,False,False,False,0.5624882,0.051282052,3.12
2026-03-25,SH600018,5.0999994,5.1499996,553483.06,283627.6,True,True,False,False,False,0.44624332,0.0137795275,5.0999994
2026-03-25,SH600019,6.3999996,6.42,844931.06,542152.25,True,True,False,False,False,0.56243575,0.0046948357,6.3999996
2026-03-25,SH600020,3.91,3.9800003,207269.98,81966.07,True,True,False,False,False,0.6093459,0.023136247,3.91
2026-03-25,SH600021,18.79,19.430002,518076.12,1002350.44,True,True,False,False,False,0.27235258,0.03461129,18.79
2026-03-25,SH600022,1.52,1.5500001,1877533.4,287698.22,True,True,False,False,False,0.9433962,0.026490066,1.52
2026-03-25,SH600023,5.38,5.51,1219332.0,668904.75,True,True,False,False,False,0.22522523,0.026070764,5.38
2026-03-25,SH600025,10.25,10.2300005,416273.44,426088.56,True,True,False,False,False,0.3947665,-0.0019512195,10.25
2026-03-25,SH600026,26.699999,25.33,1443012.5,3744678.8,True,True,False,False,False,0.426443,-0.020873599,26.699999
2026-03-25,SH600027,5.25,5.43,3308748.0,1781757.4,True,True,False,False,False,0.5083853,0.030360531,5.25
2026-03-25,SH600028,5.87,5.92,2533931.8,1483925.8,True,True,False,False,False,1.0433456,-0.0033670033,5.87
2026-03-25,SH600029,5.73,5.76,1573087.0,906273.44,True,True,False,False,False,0.43894973,0.024911031,5.73
2026-03-25,SH600030,24.399998,24.66,1134772.0,2792004.0,True,True,False,False,False,1.3247633,0.0123152705,24.399998
2026-03-25,SH600031,19.5,19.73,711148.9,1402196.4,True,True,False,False,False,2.5183403,0.031364348,19.5
2026-03-25,SH600032,11.65,13.02,1717214.8,2153556.0,False,True,True,False,False,0.20471172,0.09966216,11.65
2026-03-25,SH600033,3.64,3.8500001,609660.56,229154.1,True,True,False,False,False,1.0022745,0.057692308,3.64
2026-03-25,SH600035,3.8,3.91,196513.62,75868.06,True,True,False,False,False,0.6038997,0.028947368,3.8
2026-03-25,SH600036,39.329998,39.260002,653816.7,2556622.0,True,True,False,False,False,0.6081552,0.00025477706,39.329998
2026-03-25,SH600037,7.2,7.3399997,152329.34,111312.07,True,True,False,False,False,0.19830191,0.023709903,7.2
2026-03-26,SH600000,10.070001,10.06,360813.84,364208.12,True,True,False,False,False,0.64898056,-0.003960396,10.070001
2026-03-26,SH600004,8.99,8.95,93694.51,84295.72,True,True,False,False,False,0.30684757,-0.0033407572,8.99
2026-03-26,SH600006,6.47,6.3700004,115179.41,73991.02,True,True,False,False,False,0.75724447,-0.013931888,6.47
2026-03-26,SH600007,20.23,20.14,18514.0,37483.47,True,True,False,False,False,0.30863345,-0.0049407114,20.23
2026-03-26,SH600008,3.2499998,3.2499998,1092718.5,354101.97,True,True,False,False,False,0.5865937,0.0,3.2499998
2026-03-26,SH600009,27.980001,27.59,68387.695,190471.84,True,True,False,False,False,0.21362369,-0.013938528,27.980001
2026-03-26,SH600010,2.5700002,2.5,6275371.5,1586003.2,True,True,False,False,False,1.3125,-0.031007752,2.5700002
2026-03-26,SH600011,7.6699996,7.53,1988279.4,1500705.1,True,True,False,False,False,0.3877939,-0.01953125,7.6699996
2026-03-26,SH600012,15.48,15.64,82084.586,128498.125,True,True,False,False,False,0.69284064,0.005141388,15.48
2026-03-26,SH600015,7.1699996,7.1499996,473800.88,340173.06,True,True,False,False,False,0.86615485,-0.004178273,7.1699996
2026-03-26,SH600016,3.87,3.84,1580811.6,609744.6,True,True,False,False,False,1.9772584,-0.010309278,3.87
2026-03-26,SH600017,3.28,3.2900002,900198.9,297287.4,True,True,False,False,False,0.56266344,0.0030487804,3.28
2026-03-26,SH600018,5.14,5.12,416045.56,213960.58,True,True,False,False,False,0.44628134,-0.0058252425,5.14
2026-03-26,SH600019,6.42,6.31,783594.94,498357.66,True,True,False,False,False,0.5623518,-0.017133957,6.42
2026-03-26,SH600020,3.9699998,3.94,174032.0,69191.19,True,True,False,False,False,0.60953677,-0.010050251,3.9699998
2026-03-26,SH600021,19.439999,19.159998,337280.2,648578.2,True,True,False,False,False,0.27239805,-0.013896037,19.439999
2026-03-26,SH600022,1.5500001,1.5100001,1714174.6,261803.77,True,True,False,False,False,0.9433962,-0.025806451,1.5500001
2026-03-26,SH600023,5.5,5.66,1973048.9,1108650.4,True,True,False,False,False,0.22522523,0.027223231,5.5
2026-03-26,SH600025,10.21,10.27,293340.1,301003.6,True,True,False,False,False,0.3947894,0.0039100684,10.21
2026-03-26,SH600026,25.329998,23.9,1148116.2,2782224.0,True,True,False,False,False,0.42642015,-0.056454796,25.329998
2026-03-26,SH600027,5.43,5.33,2578720.0,1375969.2,True,True,False,False,False,0.50835544,-0.018416205,5.43
2026-03-26,SH600028,5.89,5.88,2200197.8,1296597.9,True,True,False,False,False,1.043422,-0.006756757,5.89
2026-03-26,SH600029,5.74,5.69,1870027.1,1085690.1,True,True,False,False,False,0.43891436,-0.012152778,5.74
2026-03-26,SH600030,24.58,24.130001,1138389.2,2763937.5,True,True,False,False,False,1.3247437,-0.021492295,24.58
2026-03-26,SH600031,19.7,19.26,418747.66,811711.75,True,True,False,False,False,2.518343,-0.023821592,19.7
2026-03-26,SH600032,12.77,12.61,2191815.5,2748207.5,True,True,False,False,False,0.20477226,-0.031490017,12.77
2026-03-26,SH600033,3.8,3.76,401989.97,152181.22,True,True,False,False,False,1.0022238,-0.023376623,3.8
2026-03-26,SH600035,3.8999999,3.8899999,128158.01,50005.137,True,True,False,False,False,0.6040498,-0.0051150895,3.8999999
2026-03-26,SH600036,39.149998,39.559998,616790.1,2437289.8,True,True,False,False,False,0.6081436,0.0076413653,39.149998
2026-03-26,SH600037,7.3400006,7.28,124534.05,90831.18,True,True,False,False,False,0.19829467,-0.008174387,7.3400006
2026-03-27,SH600000,10.01,10.0199995,392439.44,393449.1,True,True,False,False,False,0.64899534,-0.003976143,10.01
2026-03-27,SH600004,8.9,8.98,77611.375,69525.93,True,True,False,False,False,0.3068406,0.0033519552,8.9
2026-03-27,SH600006,6.2999997,6.3900003,116905.39,74309.97,True,True,False,False,False,0.7570697,0.0031397175,6.2999997
2026-03-27,SH600007,20.26,20.14,14879.55,30060.758,True,True,False,False,False,0.30863345,0.0,20.26
2026-03-27,SH600008,3.23,3.21,1027248.3,329937.6,True,True,False,False,False,0.5865711,-0.012307692,3.23
2026-03-27,SH600009,27.41,27.7,67274.94,185826.1,True,True,False,False,False,0.21363491,0.003986952,27.41
2026-03-27,SH600010,2.47,2.55,5973502.0,1512814.0,True,True,False,False,False,1.3125,0.02,2.47
2026-03-27,SH600011,7.4199996,7.4900002,1252434.4,936345.4,True,True,False,False,False,0.38780937,-0.005312085,7.4199996
2026-03-27,SH600012,15.650001,15.48,34222.78,53134.156,True,True,False,False,False,0.69284064,-0.010230179,15.650001
2026-03-27,SH600015,7.1299996,7.1400003,420011.0,299577.16,True,True,False,False,False,0.86619264,-0.0013986015,7.1299996
2026-03-27,SH600016,3.83,3.83,1532412.6,588113.4,True,True,False,False,False,1.9773567,-0.0026041667,3.83
2026-03-27,SH600017,3.23,3.17,1112543.4,353319.72,True,True,False,False,False,0.56244344,-0.036474165,3.23
2026-03-27,SH600018,5.1,5.06,539176.06,273287.38,True,True,False,False,False,0.4458373,-0.01171875,5.1
2026-03-27,SH600019,6.27,6.4300003,987826.6,630378.7,True,True,False,False,False,0.56232715,0.019017432,6.27
2026-03-27,SH600020,3.94,3.8999999,145058.64,56464.023,True,True,False,False,False,0.60939497,-0.010152284,3.94
2026-03-27,SH600021,18.98,19.220001,251474.5,480419.9,True,True,False,False,False,0.27238783,0.003131524,18.98
2026-03-27,SH600022,1.49,1.53,1284077.1,194618.78,True,True,False,False,False,0.9433962,0.013245033,1.49
2026-03-27,SH600023,5.6,5.71,1345105.8,760858.8,True,True,False,False,False,0.22522523,0.008833922,5.6
2026-03-27,SH600025,10.2,10.16,253230.98,257495.03,True,True,False,False,False,0.39464718,-0.010710808,10.2
2026-03-27,SH600026,23.490002,23.69,937878.8,2209666.8,True,True,False,False,False,0.42639726,-0.008786611,23.490002
2026-03-27,SH600027,5.16,5.0999994,3193411.8,1631971.4,True,True,False,False,False,0.5082388,-0.04315197,5.16
2026-03-27,SH600028,5.8700004,5.9,1928071.5,1132811.5,True,True,False,False,False,1.0433836,0.0034013605,5.8700004
2026-03-27,SH600029,5.65,5.76,1016334.9,584649.5,True,True,False,False,False,0.43894973,0.012302285,5.65
2026-03-27,SH600030,24.05,24.26,947720.2,2297623.2,True,True,False,False,False,1.3247207,0.0053874846,24.05
2026-03-27,SH600031,19.03,19.160002,553015.4,1058531.8,True,True,False,False,False,2.5183284,-0.005192108,19.03
2026-03-27,SH600032,12.07,11.71,1362070.6,1612307.0,True,True,False,False,False,0.20478393,-0.07137193,12.07
2026-03-27,SH600033,3.7199998,3.6999998,340085.0,126437.62,True,True,False,False,False,1.0019851,-0.015957447,3.7199998
2026-03-27,SH600035,3.8700001,3.85,192106.0,73870.81,True,True,False,False,False,0.6039281,-0.010282776,3.8700001
2026-03-27,SH600036,39.5,39.440002,468006.7,1846336.0,True,True,False,False,False,0.6081387,-0.003033367,39.5
2026-03-27,SH600037,7.25,7.4799995,179931.02,133604.8,True,True,False,False,False,0.19830269,0.027472528,7.25
2026-03-30,SH600000,9.97,10.01,385073.56,384072.53,True,True,False,False,False,0.6489795,-0.000998004,9.97
2026-03-30,SH600004,8.91,8.98,70581.92,62983.91,True,True,False,False,False,0.3068406,0.0,8.91
2026-03-30,SH600006,6.3199997,6.36,112026.555,70658.055,True,True,False,False,False,0.75717473,-0.0046948357,6.3199997
2026-03-30,SH600007,20.06,20.6,29523.559,60384.098,True,True,False,False,False,0.3086378,0.02284012,20.06
2026-03-30,SH600008,3.18,3.1499999,933470.6,293780.47,True,True,False,False,False,0.5866273,-0.018691588,3.18
2026-03-30,SH600009,27.42,27.73,66561.92,183314.6,True,True,False,False,False,0.21362458,0.0010830325,27.42
2026-03-30,SH600010,2.52,2.56,6054271.0,1530737.9,True,True,False,False,False,1.3122559,0.003921569,2.52
2026-03-30,SH600011,7.4100003,7.1600003,1767747.4,1276643.5,True,True,False,False,False,0.38786677,-0.044058744,7.4100003
2026-03-30,SH600012,15.3,15.330001,77849.37,118017.266,True,True,False,False,False,0.69284064,-0.009689922,15.3
2026-03-30,SH600015,7.1099997,7.1999993,576921.06,414655.06,True,True,False,False,False,0.86616164,0.008403362,7.1099997
2026-03-30,SH600016,3.81,3.85,1589114.9,609571.8,True,True,False,False,False,1.9773008,0.005221932,3.81
2026-03-30,SH600017,3.14,3.0900002,750536.7,231371.9,True,True,False,False,False,0.5624545,-0.025236594,3.14
2026-03-30,SH600018,5.03,5.09,421971.3,213618.56,True,True,False,False,False,0.44631982,0.0059288535,5.03
2026-03-30,SH600019,6.3900003,6.4900002,784593.5,506806.03,True,True,False,False,False,0.56244165,0.00933126,6.3900003
2026-03-30,SH600020,3.88,3.8999999,150135.14,58085.832,True,True,False,False,False,0.60939497,0.0,3.88
2026-03-30,SH600021,18.92,18.849998,290991.03,546216.25,True,True,False,False,False,0.27234986,-0.01925078,18.92
2026-03-30,SH600022,1.5100001,1.5400001,1312498.6,200442.92,True,True,False,False,False,0.9433962,0.006535948,1.5100001
2026-03-30,SH600023,5.65,5.5,1304043.9,716953.7,True,True,False,False,False,0.22522523,-0.036777582,5.65
2026-03-30,SH600025,10.14,10.1,233323.98,236479.16,True,True,False,False,False,0.39477023,-0.005905512,10.14
2026-03-30,SH600026,23.230001,22.6,1083890.1,2470419.5,True,True,False,False,False,0.42643306,-0.046010975,23.230001
2026-03-30,SH600027,5.05,4.84,3057435.8,1491732.2,True,True,False,False,False,0.50851184,-0.050980393,5.05
2026-03-30,SH600028,5.93,5.97,2073171.5,1234422.2,True,True,False,False,False,1.0434436,0.011864407,5.93
2026-03-30,SH600029,5.6400003,5.73,1087558.4,616909.75,True,True,False,False,False,0.43899894,-0.0052083335,5.6400003
2026-03-30,SH600030,23.989998,24.099998,909493.2,2185349.2,True,True,False,False,False,1.3247365,-0.0065952186,23.989998
2026-03-30,SH600031,18.81,18.869999,650713.5,1223161.9,True,True,False,False,False,2.5183427,-0.015135699,18.81
2026-03-30,SH600032,11.45,10.62,1207340.8,1305628.2,True,True,False,False,False,0.20473234,-0.09308284,11.45
2026-03-30,SH600033,3.6599998,3.8199997,604176.56,226571.42,True,True,False,False,False,1.0021594,0.032432433,3.6599998
2026-03-30,SH600035,3.8200004,3.8700001,144916.97,55454.938,True,True,False,False,False,0.6042014,0.005194805,3.8200004
2026-03-30,SH600036,39.24,39.48,646054.1,2544968.8,True,True,False,False,False,0.60814035,0.0010141988,39.24
2026-03-30,SH600037,7.38,7.4599996,144132.58,106875.61,True,True,False,False,False,0.19831604,-0.0026737968,7.38
2026-03-31,SH600000,10.01,10.18,965806.1,979341.0,True,True,False,False,False,0.6490139,0.016983017,10.01
2026-03-31,SH600004,9.0,8.97,94061.0,84774.016,True,True,False,False,False,0.30680045,-0.0011135858,9.0
2026-03-31,SH600006,6.3700004,6.3700004,123228.09,79086.516,True,True,False,False,False,0.75724447,0.001572327,6.3700004
2026-03-31,SH600007,20.599998,20.789999,34578.652,71725.79,True,True,False,False,False,0.30863082,0.009223301,20.599998
2026-03-31,SH600008,3.1499999,3.13,783321.4,247815.45,True,True,False,False,False,0.58652425,-0.0063492064,3.1499999
2026-03-31,SH600009,27.7,27.619999,72658.84,202194.4,True,True,False,False,False,0.21363795,-0.0039668228,27.7
2026-03-31,SH600010,2.5600002,2.51,6243388.5,1583932.9,True,True,False,False,False,1.312251,-0.01953125,2.5600002
2026-03-31,SH600011,7.16,7.02,1198357.5,848310.06,True,True,False,False,False,0.38787377,-0.019553073,7.16
2026-03-31,SH600012,15.34,15.45,45025.74,69650.4,True,True,False,False,False,0.69284064,0.007827789,15.34
2026-03-31,SH600015,7.26,7.32,1059667.9,780983.7,True,True,False,False,False,0.8661011,0.016666668,7.26
2026-03-31,SH600016,3.8400002,3.79,2959337.8,1131742.2,True,True,False,False,False,1.9773281,-0.015584416,3.8400002
2026-03-31,SH600017,3.1000001,3.0900002,610117.6,190840.25,True,True,False,False,False,0.5624545,0.0,3.1000001
2026-03-31,SH600018,5.1,5.09,435206.5,222641.69,True,True,False,False,False,0.44631982,0.0,5.1
2026-03-31,SH600019,6.48,6.41,704227.9,455371.84,True,True,False,False,False,0.5622885,-0.012326657,6.48
2026-03-31,SH600020,3.8999999,3.8700001,180575.05,70872.54,True,True,False,False,False,0.6093715,-0.0076923077,3.8999999
2026-03-31,SH600021,18.85,18.249998,390875.75,723993.06,True,True,False,False,False,0.2723926,-0.03183024,18.85
2026-03-31,SH600022,1.5400001,1.52,1164621.9,179175.67,True,True,False,False,False,0.9433962,-0.012987013,1.5400001
2026-03-31,SH600023,5.46,5.4300003,792119.7,432829.72,True,True,False,False,False,0.22522523,-0.012727273,5.46
2026-03-31,SH600025,10.099999,9.91,243710.7,244130.81,True,True,False,False,False,0.39490026,-0.018811882,10.099999
2026-03-31,SH600026,22.92,22.0,957433.4,2121221.2,True,True,False,False,False,0.4263923,-0.026548672,22.92
2026-03-31,SH600027,4.81,4.7100005,2311576.2,1097459.8,True,True,False,False,False,0.5084243,-0.026859503,4.81
2026-03-31,SH600028,5.96,5.88,1735745.6,1029783.44,True,True,False,False,False,1.043422,-0.015075377,5.96
2026-03-31,SH600029,5.74,5.65,1036098.56,593462.0,True,True,False,False,False,0.4388286,-0.013961606,5.74
2026-03-31,SH600030,24.1,24.04,1022485.44,2478632.5,True,True,False,False,False,1.3247216,-0.0024896266,24.1
2026-03-31,SH600031,19.000002,19.220001,1229970.0,2389497.8,True,True,False,False,False,2.5183322,0.01854796,19.000002
2026-03-31,SH600032,10.559999,9.97,1079298.9,1099818.1,True,True,False,False,False,0.20477274,-0.06120527,10.559999
2026-03-31,SH600033,3.8,3.84,640334.8,246696.81,True,True,False,False,False,1.0022364,0.005235602,3.8
2026-03-31,SH600035,3.86,3.86,110554.78,42910.21,True,True,False,False,False,0.6040651,-0.0025839794,3.86
2026-03-31,SH600036,39.54,39.32,663096.7,2617257.5,True,True,False,False,False,0.60815763,-0.004052685,39.54
2026-03-31,SH600037,7.47,7.3399997,133915.0,99566.51,True,True,False,False,False,0.19830191,-0.01608579,7.47
2026-04-01,SH600000,10.2,10.24,574164.6,590411.56,True,True,False,False,False,0.64899206,0.00589391,10.2
2026-04-01,SH600004,9.0199995,9.07,96403.19,87154.84,True,True,False,False,False,0.30681998,0.011148272,9.0199995
2026-04-01,SH600006,6.43,6.3900003,79785.34,51070.125,True,True,False,False,False,0.7570697,0.0031397175,6.43
2026-04-01,SH600007,20.91,21.099998,33366.902,70039.17,True,True,False,False,False,0.30865094,0.014911015,20.91
2026-04-01,SH600008,3.16,3.13,664125.2,208172.33,True,True,False,False,False,0.58652425,0.0,3.16
2026-04-01,SH600009,27.899998,28.119999,70366.38,196950.14,True,True,False,False,False,0.21363738,0.018102825,27.899998
2026-04-01,SH600010,2.55,2.6299999,14285244.0,3713937.2,True,True,False,False,False,1.3123811,0.047808766,2.55
2026-04-01,SH600011,7.07,7.0600004,877457.2,618110.75,True,True,False,False,False,0.3878569,0.0056980057,7.07
2026-04-01,SH600012,15.53,15.24,43386.66,66763.8,True,True,False,False,False,0.69284064,-0.013592233,15.53
2026-04-01,SH600015,7.36,7.38,829462.3,614124.06,True,True,False,False,False,0.8660716,0.008196721,7.36
2026-04-01,SH600016,3.81,3.78,2690835.8,1018300.0,True,True,False,False,False,1.9772851,-0.0026385225,3.81
2026-04-01,SH600017,3.1200001,3.08,572615.4,177732.81,True,True,False,False,False,0.5622672,-0.003236246,3.1200001
2026-04-01,SH600018,5.11,5.04,750848.3,379476.34,True,True,False,False,False,0.44603592,-0.009823183,5.11
2026-04-01,SH600019,6.4599996,6.48,787264.1,510898.34,True,True,False,False,False,0.56229603,0.010920437,6.4599996
2026-04-01,SH600020,3.9099998,3.8799999,125531.125,48812.598,True,True,False,False,False,0.6094921,0.0025839794,3.9099998
2026-04-01,SH600021,18.5,18.4,224864.83,412750.9,True,True,False,False,False,0.272366,0.008219178,18.5
2026-04-01,SH600022,1.5400001,1.53,1165016.5,178540.36,True,True,False,False,False,0.9433962,0.0065789474,1.5400001
2026-04-01,SH600023,5.4700003,5.4700003,744411.6,407113.7,True,True,False,False,False,0.22522523,0.0073664826,5.4700003
2026-04-01,SH600025,9.93,9.86,231631.98,228297.06,True,True,False,False,False,0.39462733,-0.005045409,9.93
2026-04-01,SH600026,22.38,23.65,1143219.2,2707940.5,True,True,False,False,False,0.42645183,0.075,22.38
2026-04-01,SH600027,4.74,4.73,1066213.9,504209.34,True,True,False,False,False,0.5081496,0.0042462847,4.74
2026-04-01,SH600028,5.88,5.89,1687393.1,994545.2,True,True,False,False,False,1.0435975,0.0017006802,5.88
2026-04-01,SH600029,5.7799997,5.93,1594179.4,936571.56,True,True,False,False,False,0.43897012,0.049557522,5.7799997
2026-04-01,SH600030,24.429998,24.51,1171459.5,2865740.0,True,True,False,False,False,1.3247272,0.019550748,24.429998
2026-04-01,SH600031,19.81,20.3,1304141.4,2619102.5,True,True,False,False,False,2.5183284,0.056191467,19.81
2026-04-01,SH600032,10.1,9.8,756529.4,745773.56,True,True,False,False,False,0.20468782,-0.017051153,10.1
2026-04-01,SH600033,3.81,3.78,394808.78,149673.55,True,True,False,False,False,1.0020028,-0.015625,3.81
2026-04-01,SH600035,3.8799996,3.8999999,97759.164,37967.71,True,True,False,False,False,0.6041851,0.010362694,3.8799996
2026-04-01,SH600036,39.56,39.82,881525.75,3510509.2,True,True,False,False,False,0.6081541,0.012716175,39.56
2026-04-01,SH600037,7.4800005,7.5,150650.0,112891.18,True,True,False,False,False,0.1982894,0.021798365,7.4800005
2026-04-02,SH600000,10.25,10.25,416383.22,427990.03,True,True,False,False,False,0.6490075,0.0009765625,10.25
2026-04-02,SH600004,9.059999,9.0199995,82300.85,74430.65,True,True,False,False,False,0.30687362,-0.005512679,9.059999
2026-04-02,SH600006,6.39,6.29,92332.0,58414.457,True,True,False,False,False,0.7573175,-0.015649453,6.39
2026-04-02,SH600007,21.109999,21.24,44294.43,92865.48,True,True,False,False,False,0.30864927,0.0066350712,21.109999
2026-04-02,SH600008,3.13,3.1,665588.75,206906.12,True,True,False,False,False,0.58664495,-0.009584664,3.13
2026-04-02,SH600009,28.01,27.880001,60958.484,170262.28,True,True,False,False,False,0.21362203,-0.008534851,28.01
2026-04-02,SH600010,2.6,2.62,11040074.0,2881502.8,True,True,False,False,False,1.3126193,-0.0038022813,2.6
2026-04-02,SH600011,7.0500007,7.03,697033.75,489698.28,True,True,False,False,False,0.38784346,-0.004249292,7.0500007
2026-04-02,SH600012,15.23,15.34,30300.8,46271.48,True,True,False,False,False,0.69284064,0.0065616798,15.23
2026-04-02,SH600015,7.4,7.4900002,946472.5,707613.0,True,True,False,False,False,0.8660498,0.014905149,7.4
2026-04-02,SH600016,3.78,3.76,1966187.0,739283.6,True,True,False,False,False,1.977342,-0.005291005,3.78
2026-04-02,SH600017,3.08,3.11,509972.5,158191.22,True,True,False,False,False,0.5623271,0.0097402595,3.08
2026-04-02,SH600018,5.0499997,5.08,545077.7,276415.5,True,True,False,False,False,0.4461596,0.007936508,5.0499997
2026-04-02,SH600019,6.4599996,6.4399996,588560.44,379422.28,True,True,False,False,False,0.5622189,-0.0061728396,6.4599996
2026-04-02,SH600020,3.8700001,3.8400002,111337.516,42980.734,True,True,False,False,False,0.60934764,-0.010309278,3.8700001
2026-04-02,SH600021,18.4,17.76,424667.75,761159.56,True,True,False,False,False,0.27237445,-0.034782607,18.4
2026-04-02,SH600022,1.53,1.5100001,1218010.4,184549.72,True,True,False,False,False,0.9433962,-0.013071896,1.53
2026-04-02,SH600023,5.4700003,5.51,742968.06,408965.47,True,True,False,False,False,0.22522523,0.0073126145,5.4700003
2026-04-02,SH600025,9.87,9.879999,190075.69,186927.67,True,True,False,False,False,0.39480174,0.0020283975,9.87
2026-04-02,SH600026,23.14,24.27,1207640.9,2984177.5,True,True,False,False,False,0.4264153,0.026215645,23.14
2026-04-02,SH600027,4.73,4.67,1117666.9,523107.34,True,True,False,False,False,0.50850594,-0.01268499,4.73
2026-04-02,SH600028,5.88,5.95,2051261.1,1215345.1,True,True,False,False,False,1.0434816,0.010186757,5.88
2026-04-02,SH600029,5.86,5.74,1287439.6,742291.4,True,True,False,False,False,0.43868315,-0.032040473,5.86
2026-04-02,SH600030,24.470001,24.130001,788735.7,1911165.1,True,True,False,False,False,1.3247437,-0.015503876,24.470001
2026-04-02,SH600031,20.12,20.070002,686695.2,1378866.8,True,True,False,False,False,2.5183454,-0.0113300495,20.12
2026-04-02,SH600032,9.8,9.37,810731.44,773443.2,True,True,False,False,False,0.20478249,-0.04387755,9.8
2026-04-02,SH600033,3.7600002,3.7700002,304763.97,115283.336,True,True,False,False,False,1.0022628,-0.0026455026,3.7600002
2026-04-02,SH600035,3.8900003,3.8800004,77653.555,30169.812,True,True,False,False,False,0.6039138,-0.0051282053,3.8900003
2026-04-02,SH600036,39.86,39.76,534629.9,2124222.8,True,True,False,False,False,0.60815173,-0.0015067805,39.86
2026-04-02,SH600037,7.48,7.33,105610.01,77794.19,True,True,False,False,False,0.19828473,-0.022666667,7.48
2026-04-03,SH600000,10.25,10.12,411518.2,417211.97,True,True,False,False,False,0.6489973,-0.012682927,10.25
2026-04-03,SH600004,9.010001,8.900001,59234.797,52918.426,True,True,False,False,False,0.30677366,-0.01330377,9.010001
2026-04-03,SH600006,6.3,6.19,98110.99,61008.453,True,True,False,False,False,0.75724953,-0.015898252,6.3
2026-04-03,SH600007,21.050001,21.08,31327.809,66191.27,True,True,False,False,False,0.3086795,-0.0075329565,21.050001
2026-04-03,SH600008,3.1,3.08,772556.06,237738.22,True,True,False,False,False,0.58654034,-0.006451613,3.1
2026-04-03,SH600009,27.88,27.689999,38083.0,105496.12,True,True,False,False,False,0.21363837,-0.0068149213,27.88
2026-04-03,SH600010,2.6200001,2.6599998,14274852.0,3822131.5,True,True,False,False,False,1.312265,0.015267176,2.6200001
2026-04-03,SH600011,7.0299997,6.89,776831.0,537043.1,True,True,False,False,False,0.38785014,-0.019914651,7.0299997
2026-04-03,SH600012,15.400001,14.95,72063.0,108076.43,True,True,False,False,False,0.69284064,-0.025423728,15.400001
2026-04-03,SH600015,7.47,7.3999996,827250.06,611089.75,True,True,False,False,False,0.8661879,-0.012016022,7.47
2026-04-03,SH600016,3.76,3.73,1945665.2,726716.6,True,True,False,False,False,1.9773562,-0.007978723,3.76
2026-04-03,SH600017,3.11,3.05,614428.06,190053.48,True,True,False,False,False,0.56220615,-0.019292604,3.11
2026-04-03,SH600018,5.0800004,5.02,448978.0,225726.77,True,True,False,False,False,0.44623616,-0.011811024,5.0800004
2026-04-03,SH600019,6.4500003,6.4000006,462026.5,296178.4,True,True,False,False,False,0.56239736,-0.0062111802,6.4500003
2026-04-03,SH600020,3.86,3.78,104276.625,39723.29,True,True,False,False,False,0.609646,-0.015625,3.86
2026-04-03,SH600021,17.759998,17.349998,352012.84,610228.56,True,True,False,False,False,0.27236256,-0.023085585,17.759998
2026-04-03,SH600022,1.5100001,1.49,1143323.6,170278.84,True,True,False,False,False,0.9433962,-0.013245033,1.5100001
2026-04-03,SH600023,5.51,5.41,600044.8,326258.97,True,True,False,False,False,0.22522523,-0.01814882,5.51
2026-04-03,SH600025,9.87,9.71,198417.0,192815.02,True,True,False,False,False,0.394782,-0.017206477,9.87
2026-04-03,SH600026,25.500002,24.85,926665.9,2342816.0,True,True,False,False,False,0.42643246,0.023897815,25.500002
2026-04-03,SH600027,4.67,4.5499997,1149395.2,526187.56,True,True,False,False,False,0.50827223,-0.025695931,4.67
2026-04-03,SH600028,5.95,5.8599997,1584404.8,929770.7,True,True,False,False,False,1.0434606,-0.01512605,5.95
2026-04-03,SH600029,5.7299995,5.67,666073.56,378787.25,True,True,False,False,False,0.43864435,-0.0121951215,5.7299995
2026-04-03,SH600030,24.220001,23.98,710233.56,1710796.9,True,True,False,False,False,1.3247067,-0.006216328,24.220001
2026-04-03,SH600031,20.069998,19.88,497320.3,996047.44,True,True,False,False,False,2.5183496,-0.009466866,20.069998
2026-04-03,SH600032,9.41,8.94,612237.44,554651.06,True,True,False,False,False,0.20466477,-0.045891143,9.41
2026-04-03,SH600033,3.78,3.6999998,284860.78,105591.47,True,True,False,False,False,1.0019851,-0.018567638,3.78
2026-04-03,SH600035,3.88,3.8100002,90717.0,34677.938,True,True,False,False,False,0.6042348,-0.018041236,3.88
2026-04-03,SH600036,39.76,39.399998,464485.38,1835962.1,True,True,False,False,False,0.6081371,-0.0090543255,39.76
2026-04-03,SH600037,7.33,7.15,111827.9,80489.445,True,True,False,False,False,0.19831136,-0.024556616,7.33
2026-04-07,SH600000,10.12,9.9800005,378826.1,380103.4,True,True,False,False,False,0.6490102,-0.013833992,10.12
2026-04-07,SH600004,8.9,8.85,59833.0,53081.31,True,True,False,False,False,0.30682808,-0.0056179776,8.9
2026-04-07,SH600006,6.1899996,6.2099996,56014.004,34796.812,True,True,False,False,False,0.7570697,0.0032310179,6.1899996
2026-04-07,SH600007,21.060001,21.28,36164.25,77063.89,True,True,False,False,False,0.30865812,0.009487666,21.060001
2026-04-07,SH600008,3.07,3.07,654582.0,200001.56,True,True,False,False,False,0.586581,-0.0032467532,3.07
2026-04-07,SH600009,27.689999,27.499998,41601.973,114801.6,True,True,False,False,False,0.21363018,-0.006861683,27.689999
2026-04-07,SH600010,2.66,2.79,13888609.0,3780326.2,True,True,False,False,False,1.312724,0.04887218,2.66
2026-04-07,SH600011,6.89,6.72,1310484.8,885795.1,True,True,False,False,False,0.387843,-0.02467344,6.89
2026-04-07,SH600012,15.09,14.45,58887.0,86007.61,True,True,False,False,False,0.69284064,-0.033444814,15.09
2026-04-07,SH600015,7.3799996,7.35,443228.94,325487.34,True,True,False,False,False,0.86618143,-0.006756757,7.3799996
2026-04-07,SH600016,3.73,3.69,2607031.2,965166.06,True,True,False,False,False,1.9773269,-0.010723861,3.73
2026-04-07,SH600017,3.05,3.05,430267.5,130066.05,True,True,False,False,False,0.56220615,0.0,3.05
2026-04-07,SH600018,5.0299997,4.99,378671.0,188959.38,True,True,False,False,False,0.44627514,-0.005976096,5.0299997
2026-04-07,SH600019,6.3899994,6.3799996,513859.28,327091.3,True,True,False,False,False,0.5623588,-0.003125,6.3899994
2026-04-07,SH600020,3.77,3.75,94955.05,35622.293,True,True,False,False,False,0.6096238,-0.007936508,3.77
2026-04-07,SH600021,17.300001,17.22,215157.95,372333.22,True,True,False,False,False,0.2724093,-0.0074927956,17.300001
2026-04-07,SH600022,1.48,1.5000001,805787.5,120036.016,True,True,False,False,False,0.9433962,0.0067114094,1.48
2026-04-07,SH600023,5.4,5.42,487058.44,263083.03,True,True,False,False,False,0.22522523,0.0018484289,5.4
2026-04-07,SH600025,9.72,9.570001,199336.0,191160.03,True,True,False,False,False,0.39486375,-0.014418126,9.72
2026-04-07,SH600026,25.76,25.95,877940.2,2271371.0,True,True,False,False,False,0.42640907,0.044265594,25.76
2026-04-07,SH600027,4.5499997,4.52,901619.8,407937.34,True,True,False,False,False,0.50821185,-0.0065934067,4.5499997
2026-04-07,SH600028,5.85,5.91,1583033.6,929845.25,True,True,False,False,False,1.0435586,0.0085324235,5.85
2026-04-07,SH600029,5.68,5.61,690652.0,386804.28,True,True,False,False,False,0.43874156,-0.01058201,5.68
2026-04-07,SH600030,23.99,23.92,714435.8,1708575.5,True,True,False,False,False,1.3246918,-0.0025020852,23.99
2026-04-07,SH600031,19.92,19.519999,579244.9,1133270.6,True,True,False,False,False,2.5183272,-0.018108651,19.92
2026-04-07,SH600032,8.94,9.07,504161.84,456056.72,True,True,False,False,False,0.20478785,0.014541387,8.94
2026-04-07,SH600033,3.6899998,3.6999998,218181.06,80551.32,True,True,False,False,False,1.0019851,0.0,3.6899998
2026-04-07,SH600035,3.8100002,3.79,98764.01,37476.188,True,True,False,False,False,0.60395736,-0.005249344,3.8100002
2026-04-07,SH600036,39.39,38.989998,528366.6,2071766.6,True,True,False,False,False,0.60815614,-0.010406092,39.39
2026-04-07,SH600037,7.1600003,7.2400002,90895.88,65528.688,True,True,False,False,False,0.1982736,0.012587412,7.1600003
2026-04-08,SH600000,10.0,10.09,482724.44,484910.4,True,True,False,False,False,0.64898896,0.011022044,10.0
2026-04-08,SH600004,8.97,9.049999,139731.75,126415.17,True,True,False,False,False,0.30686662,0.02259887,8.97
2026-04-08,SH600006,6.2799997,6.34,134566.02,85110.01,True,True,False,False,False,0.7573507,0.020933978,6.2799997
2026-04-08,SH600007,21.4,21.34,39145.09,83521.41,True,True,False,False,False,0.30863875,0.0028195488,21.4
2026-04-08,SH600008,3.09,3.17,1036833.25,324282.4,True,True,False,False,False,0.586548,0.03257329,3.09
2026-04-08,SH600009,28.000002,28.090002,105686.516,296774.53,True,True,False,False,False,0.21362336,0.021454545,28.000002
2026-04-08,SH600010,2.81,2.83,13873155.0,3893039.8,True,True,False,False,False,1.3123896,0.014336918,2.81
2026-04-08,SH600011,6.7799997,6.86,1079593.1,735903.44,True,True,False,False,False,0.38783634,0.020833334,6.7799997
2026-04-08,SH600012,14.54,14.76,100804.18,146309.98,True,True,False,False,False,0.69284064,0.021453287,14.54
2026-04-08,SH600015,7.35,7.4199996,633063.06,466573.75,True,True,False,False,False,0.86611503,0.00952381,7.35
2026-04-08,SH600016,3.71,3.75,2009098.9,748571.7,True,True,False,False,False,1.9772989,0.016260162,3.71
2026-04-08,SH600017,3.0800002,3.1200001,478882.47,148374.8,True,True,False,False,False,0.5625124,0.022950819,3.0800002
2026-04-08,SH600018,5.04,5.06,520748.3,262292.7,True,True,False,False,False,0.4458373,0.0140280565,5.04
2026-04-08,SH600019,6.44,6.4900002,943103.25,609075.5,True,True,False,False,False,0.56244165,0.01724138,6.44
2026-04-08,SH600020,3.7800002,3.86,110907.61,42406.184,True,True,False,False,False,0.60959023,0.029333333,3.7800002
2026-04-08,SH600021,17.5,18.28,481479.7,866717.4,True,True,False,False,False,0.27238724,0.061556328,17.5
2026-04-08,SH600022,1.52,1.5400001,1285158.4,196374.12,True,True,False,False,False,0.9433962,0.026666667,1.52
2026-04-08,SH600023,5.45,5.48,636868.5,346242.62,True,True,False,False,False,0.22522523,0.011070111,5.45
2026-04-08,SH600025,9.59,9.67,213941.84,206156.16,True,True,False,False,False,0.39475778,0.010449321,9.59
2026-04-08,SH600026,25.5,26.07,1317248.1,3444526.2,True,True,False,False,False,0.42643332,0.0046242774,25.5
2026-04-08,SH600027,4.56,4.64,1108762.6,509461.38,True,True,False,False,False,0.50844866,0.026548672,4.56
2026-04-08,SH600028,5.7999997,5.89,2263628.8,1323510.4,True,True,False,False,False,1.0435975,-0.0033840947,5.7999997
2026-04-08,SH600029,5.95,6.05,2280172.2,1376835.2,True,True,False,False,False,0.43878335,0.078431375,5.95
2026-04-08,SH600030,24.449999,24.7,1527459.8,3749420.2,True,True,False,False,False,1.324719,0.032608695,24.449999
2026-04-08,SH600031,20.2,20.859999,1190927.4,2470450.0,True,True,False,False,False,2.5183315,0.06864754,20.2
2026-04-08,SH600032,9.15,9.19,558145.06,511747.47,True,True,False,False,False,0.20469947,0.01323043,9.15
2026-04-08,SH600033,3.7299998,3.7999997,328870.84,124045.13,True,True,False,False,False,1.0020815,0.027027028,3.7299998
2026-04-08,SH600035,3.82,3.86,134656.11,51731.645,True,True,False,False,False,0.6040651,0.018469658,3.82
2026-04-08,SH600036,39.499996,39.62,669497.9,2643490.5,True,True,False,False,False,0.6081461,0.016157988,39.499996
2026-04-08,SH600037,7.37,7.5899997,180215.23,135246.12,True,True,False,False,False,0.19829996,0.04834254,7.37
2026-04-09,SH600000,10.07,9.93,460941.53,460220.75,True,True,False,False,False,0.6490092,-0.015857285,10.07
2026-04-09,SH600004,8.9800005,8.910001,91311.34,81665.15,True,True,False,False,False,0.30681416,-0.0154696135,8.9800005
2026-04-09,SH600006,6.2999997,6.25,99136.81,62234.086,True,True,False,False,False,0.75735474,-0.014195584,6.2999997
2026-04-09,SH600007,21.400002,21.59,27542.219,59412.695,True,True,False,False,False,0.3086774,0.011715089,21.400002
2026-04-09,SH600008,3.16,3.13,727755.3,228707.27,True,True,False,False,False,0.58652425,-0.012618297,3.16
2026-04-09,SH600009,27.9,27.76,69446.73,192457.9,True,True,False,False,False,0.21363877,-0.011747953,27.9
2026-04-09,SH600010,2.8000002,2.8700001,11788556.0,3369375.2,True,True,False,False,False,1.3126088,0.014134276,2.8000002
2026-04-09,SH600011,6.8100004,6.8300004,628007.06,428523.47,True,True,False,False,False,0.3878224,-0.004373178,6.8100004
2026-04-09,SH600012,14.69,14.84,56871.0,84160.07,True,True,False,False,False,0.69284064,0.0054200543,14.69
2026-04-09,SH600015,7.42,7.32,586683.25,429503.75,True,True,False,False,False,0.8661011,-0.013477089,7.42
2026-04-09,SH600016,3.7399998,3.7,1368058.9,508038.9,True,True,False,False,False,1.9773707,-0.013333334,3.7399998
2026-04-09,SH600017,3.1,3.04,433834.03,132754.98,True,True,False,False,False,0.5625255,-0.025641026,3.1
2026-04-09,SH600018,5.04,5.0099998,318454.0,159734.11,True,True,False,False,False,0.44607356,-0.009881423,5.04
2026-04-09,SH600019,6.46,6.4000006,840395.06,539144.1,True,True,False,False,False,0.56239736,-0.013867488,6.46
2026-04-09,SH600020,3.84,3.78,94879.0,36069.79,True,True,False,False,False,0.609646,-0.020725388,3.84
2026-04-09,SH600021,18.039999,18.21,286790.5,522154.72,True,True,False,False,False,0.27235755,-0.0038293216,18.039999
2026-04-09,SH600022,1.53,1.53,1225471.5,187791.7,True,True,False,False,False,0.9433962,-0.0064935065,1.53
2026-04-09,SH600023,5.46,5.45,496918.9,271239.84,True,True,False,False,False,0.22522523,-0.0054744524,5.46
2026-04-09,SH600025,9.64,9.59,200515.11,192209.69,True,True,False,False,False,0.3947087,-0.008273009,9.64
2026-04-09,SH600026,26.53,25.56,756040.4,1945485.5,True,True,False,False,False,0.42648283,-0.019562716,26.53
2026-04-09,SH600027,4.63,4.58,786614.3,360360.12,True,True,False,False,False,0.5083318,-0.012931035,4.63
2026-04-09,SH600028,5.89,5.8399997,1679238.1,983839.2,True,True,False,False,False,1.0434995,-0.008488964,5.89
2026-04-09,SH600029,5.8799996,5.8199997,1632737.4,953064.1,True,True,False,False,False,0.43885288,-0.038016528,5.8799996
2026-04-09,SH600030,24.479998,24.15,987408.06,2393489.0,True,True,False,False,False,1.3247212,-0.022267206,24.479998
2026-04-09,SH600031,20.699999,20.659998,540802.0,1119629.8,True,True,False,False,False,2.5183272,-0.0095877275,20.699999
2026-04-09,SH600032,9.110001,8.95,416562.0,374028.16,True,True,False,False,False,0.20465733,-0.026115343,9.110001
2026-04-09,SH600033,3.78,3.6999998,335754.03,124707.97,True,True,False,False,False,1.0019851,-0.02631579,3.78
2026-04-09,SH600035,3.85,3.8,88734.0,33850.152,True,True,False,False,False,0.6040965,-0.015544041,3.85
2026-04-09,SH600036,39.48,39.260002,535854.06,2104306.0,True,True,False,False,False,0.6081552,-0.00908632,39.48
2026-04-09,SH600037,7.54,7.5899997,190765.0,144890.92,True,True,False,False,False,0.19829996,0.0,7.54
2026-04-10,SH600000,9.93,9.89,426584.6,422430.53,True,True,False,False,False,0.64898473,-0.0040281974,9.93
2026-04-10,SH600004,8.940001,8.93,64177.29,57522.363,True,True,False,False,False,0.3068949,0.002244669,8.940001
2026-04-10,SH600006,6.2699995,6.3799996,157838.0,100421.625,True,True,False,False,False,0.757314,0.0208,6.2699995
2026-04-10,SH600007,21.630001,21.380001,20573.0,44168.145,True,True,False,False,False,0.3086476,-0.0097267255,21.630001
2026-04-10,SH600008,3.1399999,3.13,654842.3,205777.9,True,True,False,False,False,0.58652425,0.0,3.1399999
2026-04-10,SH600009,27.81,27.619999,99751.0,276551.44,True,True,False,False,False,0.21363795,-0.0050432277,27.81
2026-04-10,SH600010,2.92,2.83,12240826.0,3487580.8,True,True,False,False,False,1.3123896,-0.013937282,2.92
2026-04-10,SH600011,6.85,6.84,510827.62,349744.8,True,True,False,False,False,0.38779134,0.0014641288,6.85
2026-04-10,SH600012,14.880001,14.8,57002.133,84353.16,True,True,False,False,False,0.69284064,-0.0026954177,14.880001
2026-04-10,SH600015,7.33,7.2599998,483145.3,351877.78,True,True,False,False,False,0.8661311,-0.008196721,7.33
2026-04-10,SH600016,3.7099998,3.7199998,1249588.0,464290.38,True,True,False,False,False,1.9773128,0.0054054055,3.7099998
2026-04-10,SH600017,3.05,3.01,456093.72,138317.78,True,True,False,False,False,0.5624662,-0.009868421,3.05
2026-04-10,SH600018,5.0099998,5.0,338859.1,169834.22,True,True,False,False,False,0.4459103,-0.001996008,5.0099998
2026-04-10,SH600019,6.41,6.42,630481.3,405747.8,True,True,False,False,False,0.56243575,0.003125,6.41
2026-04-10,SH600020,3.7900002,3.81,98638.305,37669.945,True,True,False,False,False,0.60932344,0.007936508,3.7900002
2026-04-10,SH600021,18.34,18.57,293453.75,544363.1,True,True,False,False,False,0.27235705,0.019769358,18.34
2026-04-10,SH600022,1.53,1.5400001,954073.06,146876.2,True,True,False,False,False,0.9433962,0.006535948,1.53
2026-04-10,SH600023,5.48,5.4700003,500507.66,274584.8,True,True,False,False,False,0.22522523,0.0036697248,5.48
2026-04-10,SH600025,9.59,9.509999,241721.1,230238.03,True,True,False,False,False,0.3946588,-0.008342023,9.59
2026-04-10,SH600026,25.66,24.109999,1027028.6,2512979.0,True,True,False,False,False,0.42644262,-0.056729265,25.66
2026-04-10,SH600027,4.58,4.58,755544.44,346234.9,True,True,False,False,False,0.5083318,0.0,4.58
2026-04-10,SH600028,5.83,5.8100004,1297269.2,755147.06,True,True,False,False,False,1.0433608,-0.0051369863,5.83
2026-04-10,SH600029,5.86,5.7999997,1089881.2,636311.94,True,True,False,False,False,0.4385887,-0.0034364262,5.86
2026-04-10,SH600030,25.01,25.9,4259329.0,11036903.0,True,True,False,False,False,1.3247637,0.072463766,25.01
2026-04-10,SH600031,20.909998,20.659998,539004.2,1119562.8,True,True,False,False,False,2.5183272,0.0,20.909998
2026-04-10,SH600032,8.96,8.900001,358110.53,319800.03,True,True,False,False,False,0.20469463,-0.005586592,8.96
2026-04-10,SH600033,3.7100003,3.69,305264.0,112946.95,True,True,False,False,False,1.0022507,-0.0027027028,3.7100003
2026-04-10,SH600035,3.8100002,3.8100002,63053.44,24074.84,True,True,False,False,False,0.6042348,0.002631579,3.8100002
2026-04-10,SH600036,39.32,39.21,543202.06,2130641.5,True,True,False,False,False,0.6081412,-0.0012735609,39.32
2026-04-10,SH600037,7.6000004,7.6600003,122028.0,93582.69,True,True,False,False,False,0.1982774,0.009222661,7.6000004
2026-04-13,SH600000,9.87,9.86,428122.28,420528.0,True,True,False,False,False,0.64901584,-0.003033367,9.87
2026-04-13,SH600004,8.9,8.88,74296.07,66080.125,True,True,False,False,False,0.3068211,-0.0055991043,8.9
2026-04-13,SH600006,6.34,6.4,111764.0,71360.016,True,True,False,False,False,0.75713927,0.0031347962,6.34
2026-04-13,SH600007,21.330002,21.23,27147.52,57712.18,True,True,False,False,False,0.30866343,-0.0070159025,21.330002
2026-04-13,SH600008,3.1000001,3.0500002,1355778.6,413277.34,True,True,False,False,False,0.5866631,-0.025559105,3.1000001
2026-04-13,SH600009,27.400002,27.3,99732.86,272398.66,True,True,False,False,False,0.21362537,-0.011585807,27.400002
2026-04-13,SH600010,2.95,2.98,22308110.0,6627322.5,True,True,False,False,False,1.3123951,0.053003535,2.95
2026-04-13,SH600011,6.83,6.92,962342.4,660345.7,True,True,False,False,False,0.3878638,0.0116959065,6.83
2026-04-13,SH600012,14.85,15.06,66534.47,99082.29,True,True,False,False,False,0.69284064,0.017567568,14.85
2026-04-13,SH600015,7.2499995,7.2599998,307016.78,222216.11,True,True,False,False,False,0.8661311,0.0,7.2499995
2026-04-13,SH600016,3.7,3.7,978120.06,361968.3,True,True,False,False,False,1.9773707,-0.005376344,3.7
2026-04-13,SH600017,3.01,3.0,506367.25,150962.36,True,True,False,False,False,0.5622739,-0.003322259,3.01
2026-04-13,SH600018,5.0,4.99,349254.75,173938.08,True,True,False,False,False,0.44627514,-0.002,5.0
2026-04-13,SH600019,6.41,6.4399996,637501.0,408863.66,True,True,False,False,False,0.5622189,0.0031152647,6.41
2026-04-13,SH600020,3.8200002,3.78,79955.8,30215.871,True,True,False,False,False,0.609646,-0.007874016,3.8200002
2026-04-13,SH600021,18.419998,18.49,226086.75,417691.88,True,True,False,False,False,0.27235022,-0.0043080235,18.419998
2026-04-13,SH600022,1.53,1.5400001,1115538.4,171055.62,True,True,False,False,False,0.9433962,0.0,1.53
2026-04-13,SH600023,5.45,5.48,581744.0,316915.06,True,True,False,False,False,0.22522523,0.0018281536,5.45
2026-04-13,SH600025,9.509999,9.47,163880.08,154910.39,True,True,False,False,False,0.39463353,-0.0042060986,9.509999
2026-04-13,SH600026,24.070002,22.93,836954.9,1936084.0,True,True,False,False,False,0.42648405,-0.048942346,24.070002
2026-04-13,SH600027,4.57,4.59,689192.7,314774.56,True,True,False,False,False,0.50819045,0.0021834061,4.57
2026-04-13,SH600028,5.85,5.8299994,1741050.0,1011368.25,True,True,False,False,False,1.0437157,0.0034423408,5.85
2026-04-13,SH600029,5.69,5.7200003,986576.5,563404.6,True,True,False,False,False,0.43886524,-0.013793103,5.69
2026-04-13,SH600030,25.619999,26.089998,2151638.8,5591240.5,True,True,False,False,False,1.3247557,0.0073359073,25.619999
2026-04-13,SH600031,20.550001,20.36,616292.6,1260232.0,True,True,False,False,False,2.518332,-0.014520813,20.550001
2026-04-13,SH600032,8.89,9.79,1057476.1,990651.4,False,True,True,False,False,0.20469463,0.1,8.89
2026-04-13,SH600033,3.7399998,3.6599998,318503.53,117420.35,True,True,False,False,False,1.0021303,-0.008130081,3.7399998
2026-04-13,SH600035,3.8,3.79,77984.0,29458.094,True,True,False,False,False,0.60395736,-0.005249344,3.8
2026-04-13,SH600036,39.13,38.98,525144.94,2047706.9,True,True,False,False,False,0.6081437,-0.0058658505,39.13
2026-04-13,SH600037,7.5999994,7.5899997,104769.01,79539.16,True,True,False,False,False,0.19829996,-0.009138381,7.5999994
2026-04-14,SH600000,9.860001,10.05,522511.53,521789.8,True,True,False,False,False,0.6490037,0.019269777,9.860001
2026-04-14,SH600004,8.92,8.93,72963.85,64784.082,True,True,False,False,False,0.3068949,0.0056306305,8.92
2026-04-14,SH600006,6.41,6.3900003,90339.01,57602.47,True,True,False,False,False,0.7570697,-0.0015625,6.41
2026-04-14,SH600007,21.26,21.250002,16879.498,35838.16,True,True,False,False,False,0.3086351,0.0009420631,21.26
2026-04-14,SH600008,3.0500002,3.04,756031.9,229490.16,True,True,False,False,False,0.5865158,-0.0032786885,3.0500002
2026-04-14,SH600009,27.38,27.489998,90842.99,247867.06,True,True,False,False,False,0.21363366,0.006959707,27.38
2026-04-14,SH600010,2.96,2.86,18409114.0,5259859.0,True,True,False,False,False,1.3122815,-0.040268455,2.96
2026-04-14,SH600011,6.93,6.9500003,761889.56,529939.44,True,True,False,False,False,0.38787737,0.00433526,6.93
2026-04-14,SH600012,15.06,15.280001,58689.69,89227.11,True,True,False,False,False,0.69284064,0.014608234,15.06
2026-04-14,SH600015,7.25,7.31,358183.9,260401.58,True,True,False,False,False,0.866138,0.006887052,7.25
2026-04-14,SH600016,3.6999998,3.7199998,1296846.4,481560.22,True,True,False,False,False,1.9773128,0.0054054055,3.6999998
2026-04-14,SH600017,3.0,2.98,375172.66,111527.98,True,True,False,False,False,0.5624057,-0.006666667,3.0
2026-04-14,SH600018,5.0,5.0,319175.72,159195.5,True,True,False,False,False,0.4459103,0.002004008,5.0
2026-04-14,SH600019,6.44,6.4599996,753044.4,484034.78,True,True,False,False,False,0.5622576,0.0031055901,6.44
2026-04-14,SH600020,3.8,3.78,92401.96,34948.91,True,True,False,False,False,0.609646,0.0,3.8
2026-04-14,SH600021,18.59,18.26,380018.53,696070.44,True,True,False,False,False,0.27236974,-0.012439156,18.59
2026-04-14,SH600022,1.5400001,1.52,1321275.6,200987.33,True,True,False,False,False,0.9433962,-0.012987013,1.5400001
2026-04-14,SH600023,5.48,5.52,535549.75,295538.22,True,True,False,False,False,0.22522523,0.00729927,5.48
2026-04-14,SH600025,9.4800005,9.41,315875.44,296953.47,True,True,False,False,False,0.39476553,-0.0063357973,9.4800005
2026-04-14,SH600026,22.869999,22.750002,863606.4,1952914.6,True,True,False,False,False,0.42639342,-0.007849978,22.869999
2026-04-14,SH600027,4.5800004,4.6,756678.06,347132.47,True,True,False,False,False,0.50853175,0.0021786492,4.5800004
2026-04-14,SH600028,5.8,5.78,1350356.9,780008.94,True,True,False,False,False,1.0436176,-0.008576329,5.8
2026-04-14,SH600029,5.8099995,5.74,1282392.9,734728.06,True,True,False,False,False,0.43868315,0.0034965035,5.8099995
2026-04-14,SH600030,26.300001,26.19,1453464.1,3792759.0,True,True,False,False,False,1.3247274,0.0038328862,26.300001
2026-04-14,SH600031,20.58,20.859999,716221.25,1489038.9,True,True,False,False,False,2.5183315,0.024557957,20.58
2026-04-14,SH600032,9.89,9.8,1231665.6,1221228.1,True,True,False,False,False,0.20468782,0.0010214505,9.89
2026-04-14,SH600033,3.66,3.63,263144.47,95588.93,True,True,False,False,False,1.0020077,-0.008196721,3.66
2026-04-14,SH600035,3.7900002,3.8100002,77267.92,29381.283,True,True,False,False,False,0.6042348,0.005277045,3.7900002
2026-04-14,SH600036,38.999996,39.129997,503998.62,1967829.5,True,True,False,False,False,0.6081379,0.0038481273,38.999996
2026-04-14,SH600037,7.68,7.7599998,203450.2,157935.06,True,True,False,False,False,0.19830413,0.022397893,7.68
2026-04-15,SH600000,10.05,10.110001,430002.28,433931.94,True,True,False,False,False,0.64898163,0.0059701493,10.05
2026-04-15,SH600004,8.95,8.93,58798.73,52541.055,True,True,False,False,False,0.3068949,0.0,8.95
2026-04-15,SH600006,6.4,6.36,71740.0,45857.477,True,True,False,False,False,0.75717473,-0.0046948357,6.4
2026-04-15,SH600007,21.33,21.43,23907.262,50995.33,True,True,False,False,False,0.3086424,0.008470588,21.33
2026-04-15,SH600008,3.0400002,3.0500002,573832.6,174913.27,True,True,False,False,False,0.5866631,0.0032894737,3.0400002
2026-04-15,SH600009,27.590002,27.400002,81880.23,225283.97,True,True,False,False,False,0.2136402,-0.0032739178,27.590002
2026-04-15,SH600010,2.84,2.82,9806785.0,2800934.8,True,True,False,False,False,1.3126109,-0.013986014,2.84
2026-04-15,SH600011,6.9200006,7.0000005,782471.8,546416.0,True,True,False,False,False,0.3878299,0.007194245,6.9200006
2026-04-15,SH600012,15.330001,15.7,70666.68,108878.195,True,True,False,False,False,0.69284064,0.027486911,15.330001
2026-04-15,SH600015,7.31,7.2700005,392107.38,285156.7,True,True,False,False,False,0.866094,-0.0054719565,7.31
2026-04-15,SH600016,3.73,3.73,1504923.5,561281.75,True,True,False,False,False,1.9773562,0.002688172,3.73
2026-04-15,SH600017,2.98,2.99,235927.77,70244.78,True,True,False,False,False,0.5625988,0.0033557047,2.98
2026-04-15,SH600018,5.0,4.99,249873.36,124756.49,True,True,False,False,False,0.44627514,-0.002,5.0
2026-04-15,SH600019,6.46,6.36,936549.1,598488.0,True,True,False,False,False,0.56231993,-0.015479876,6.46
2026-04-15,SH600020,3.7900002,3.8400002,147167.9,56173.15,True,True,False,False,False,0.60934764,0.015873017,3.7900002
2026-04-15,SH600021,18.380001,18.06,509017.34,926027.4,True,True,False,False,False,0.27238438,-0.010952903,18.380001
2026-04-15,SH600022,1.52,1.5000001,820053.8,124034.695,True,True,False,False,False,0.9433962,-0.013157895,1.52
2026-04-15,SH600023,5.54,5.54,608322.1,335815.8,True,True,False,False,False,0.22522523,0.0036231885,5.54
2026-04-15,SH600025,9.4,9.49,293212.72,277633.6,True,True,False,False,False,0.39481506,0.008501594,9.4
2026-04-15,SH600026,22.5,22.42,667867.75,1508905.6,True,True,False,False,False,0.42644116,-0.014505494,22.5
2026-04-15,SH600027,4.6,4.66,1110643.4,515133.72,True,True,False,False,False,0.5081697,0.013043478,4.6
2026-04-15,SH600028,5.7599998,5.6899996,1878195.4,1071874.5,True,True,False,False,False,1.0435982,-0.015570934,5.7599998
2026-04-15,SH600029,5.87,5.76,1564276.1,911406.1,True,True,False,False,False,0.43894973,0.0034843206,5.87
2026-04-15,SH600030,26.329998,26.009998,1107538.4,2892097.8,True,True,False,False,False,1.3247631,-0.0068728523,26.329998
2026-04-15,SH600031,20.96,20.659998,618819.9,1290242.4,True,True,False,False,False,2.5183272,-0.0095877275,20.96
2026-04-15,SH600032,9.78,9.66,814783.0,786657.9,True,True,False,False,False,0.20478445,-0.014285714,9.78
2026-04-15,SH600033,3.6399999,3.6599998,212671.02,77611.05,True,True,False,False,False,1.0021303,0.008264462,3.6399999
2026-04-15,SH600035,3.8100002,3.8100002,77473.89,29511.133,True,True,False,False,False,0.6042348,0.0,3.8100002
2026-04-15,SH600036,39.25,39.9,1052103.8,4177253.2,True,True,False,False,False,0.60815734,0.019677997,39.25
2026-04-15,SH600037,7.77,7.54,147192.27,112239.33,True,True,False,False,False,0.19830966,-0.028350515,7.77
2026-04-16,SH600000,10.12,10.0,437023.2,438981.47,True,True,False,False,False,0.64900273,-0.010880317,10.12
2026-04-16,SH600004,8.95,8.92,59608.96,53202.184,True,True,False,False,False,0.30685458,-0.0011198209,8.95
2026-04-16,SH600006,6.3699994,6.3799996,86273.49,55081.113,True,True,False,False,False,0.757314,0.003144654,6.3699994
2026-04-16,SH600007,21.25,21.33,22789.0,48927.273,True,True,False,False,False,0.30865285,-0.0046663554,21.25
2026-04-16,SH600008,3.0400002,3.0500002,561035.9,170798.7,True,True,False,False,False,0.5866631,0.0,3.0400002
2026-04-16,SH600009,27.39,27.429998,51255.01,140465.4,True,True,False,False,False,0.21362975,0.0010948905,27.39
2026-04-16,SH600010,2.82,2.8799999,9236331.0,2632930.0,True,True,False,False,False,1.3123915,0.021276595,2.82
2026-04-16,SH600011,7.0,6.9900002,576282.25,403052.4,True,True,False,False,False,0.38786033,-0.0014285714,7.0
2026-04-16,SH600012,15.7,15.679999,62345.01,98653.94,True,True,False,False,False,0.69284064,-0.0012738854,15.7
2026-04-16,SH600015,7.2500005,7.21,468810.44,338213.44,True,True,False,False,False,0.86612415,-0.008253095,7.2500005
2026-04-16,SH600016,3.73,3.7199998,1322068.9,491770.6,True,True,False,False,False,1.9773128,-0.0026809652,3.73
2026-04-16,SH600017,2.98,2.98,259734.89,77341.61,True,True,False,False,False,0.5624057,-0.0033444816,2.98
2026-04-16,SH600018,5.0,4.98,362447.0,180642.1,True,True,False,False,False,0.44611162,-0.002004008,5.0
2026-04-16,SH600019,6.36,6.36,802074.2,510232.62,True,True,False,False,False,0.56231993,0.0,6.36
2026-04-16,SH600020,3.8400002,3.8300002,109726.0,41937.395,True,True,False,False,False,0.60956806,-0.0026041667,3.8400002
2026-04-16,SH600021,18.08,17.94,465006.75,832394.06,True,True,False,False,False,0.27240616,-0.006644518,18.08
2026-04-16,SH600022,1.5000001,1.5100001,766042.56,115600.34,True,True,False,False,False,0.9433962,0.006666667,1.5000001
2026-04-16,SH600023,5.5299997,5.54,403476.0,223039.72,True,True,False,False,False,0.22522523,0.0,5.5299997
2026-04-16,SH600025,9.5,9.56,269919.88,257474.39,True,True,False,False,False,0.39460626,0.0073761856,9.5
2026-04-16,SH600026,22.45,21.99,643662.0,1423500.4,True,True,False,False,False,0.42648378,-0.019179305,22.45
2026-04-16,SH600027,4.66,4.66,789977.25,368016.47,True,True,False,False,False,0.5081697,0.0,4.66
2026-04-16,SH600028,5.67,5.66,1496253.9,846356.75,True,True,False,False,False,1.0434564,-0.0052724076,5.67
2026-04-16,SH600029,5.76,5.76,1132916.4,652617.94,True,True,False,False,False,0.43894973,0.0,5.76
2026-04-16,SH600030,26.12,26.31,1430035.5,3758618.8,True,True,False,False,False,1.3247545,0.011534025,26.12
2026-04-16,SH600031,20.72,20.39,821411.25,1681022.0,True,True,False,False,False,2.518334,-0.013068732,20.72
2026-04-16,SH600032,9.61,9.84,656209.44,642944.56,True,True,False,False,False,0.20466071,0.01863354,9.61
2026-04-16,SH600033,3.66,3.69,213908.69,78495.39,True,True,False,False,False,1.0022507,0.008196721,3.66
2026-04-16,SH600035,3.82,3.8100002,71580.836,27254.176,True,True,False,False,False,0.6042348,0.0,3.82
2026-04-16,SH600036,39.9,39.91,617257.8,2467044.5,True,True,False,False,False,0.608146,0.00025062656,39.9
2026-04-16,SH600037,7.58,7.75,155610.39,120026.5,True,True,False,False,False,0.19828789,0.027851459,7.58
2026-04-17,SH600000,9.97,9.86,579330.4,573972.3,True,True,False,False,False,0.64901584,-0.014,9.97
2026-04-17,SH600004,8.92,8.88,49748.0,44197.703,True,True,False,False,False,0.3068211,-0.004484305,8.92
2026-04-17,SH600006,6.3900003,6.3900003,82332.97,52348.246,True,True,False,False,False,0.7570697,0.0015673981,6.3900003
2026-04-17,SH600007,21.05,21.5,19191.23,41228.31,True,True,False,False,False,0.30867398,0.007969995,21.05
2026-04-17,SH600008,3.0600002,3.04,452205.5,137625.94,True,True,False,False,False,0.5865158,-0.0032786885,3.0600002
2026-04-17,SH600009,27.4,27.25,66937.0,182352.97,True,True,False,False,False,0.2136429,-0.006562158,27.4
2026-04-17,SH600010,2.86,2.86,7026901.0,2016685.0,True,True,False,False,False,1.3122815,-0.0069444445,2.86
2026-04-17,SH600011,6.99,6.94,720655.75,501789.84,True,True,False,False,False,0.38780245,-0.0071530757,6.99
2026-04-17,SH600012,15.72,15.400001,30517.19,47344.098,True,True,False,False,False,0.69284064,-0.017857144,15.72
2026-04-17,SH600015,7.2000003,7.1400003,383971.38,274712.47,True,True,False,False,False,0.86619264,-0.009708738,7.2000003
2026-04-17,SH600016,3.71,3.71,1389849.8,515648.53,True,True,False,False,False,1.977269,-0.002688172,3.71
2026-04-17,SH600017,2.98,2.98,220884.14,65569.95,True,True,False,False,False,0.5624057,0.0,2.98
2026-04-17,SH600018,4.97,4.93,709256.6,350551.2,True,True,False,False,False,0.4463545,-0.01004016,4.97
2026-04-17,SH600019,6.35,6.2999997,1153479.4,727208.6,True,True,False,False,False,0.5622019,-0.009433962,6.35
2026-04-17,SH600020,3.84,3.8,113463.01,43266.297,True,True,False,False,False,0.6095455,-0.007832898,3.84
2026-04-17,SH600021,17.94,17.730001,387420.66,687908.0,True,True,False,False,False,0.27237993,-0.011705685,17.94
2026-04-17,SH600022,1.5100001,1.5100001,636220.06,95957.586,True,True,False,False,False,0.9433962,0.0,1.5100001
2026-04-17,SH600023,5.5299997,5.51,370694.4,204339.28,True,True,False,False,False,0.22522523,-0.0054151625,5.5299997
2026-04-17,SH600025,9.559999,9.509999,302058.16,287261.53,True,True,False,False,False,0.3946588,-0.0052301255,9.559999
2026-04-17,SH600026,21.88,21.949999,865523.5,1873834.4,True,True,False,False,False,0.42644012,-0.0018190086,21.88
2026-04-17,SH600027,4.66,4.64,796202.5,369989.16,True,True,False,False,False,0.50844866,-0.0042918455,4.66
2026-04-17,SH600028,5.6699996,5.56,2154575.8,1204250.4,True,True,False,False,False,1.0436605,-0.017667845,5.6699996
2026-04-17,SH600029,5.7300005,5.71,1030710.75,588239.75,True,True,False,False,False,0.4387311,-0.008680556,5.7300005
2026-04-17,SH600030,26.2,26.259998,1060354.8,2777157.5,True,True,False,False,False,1.3246926,-0.0019004181,26.2
2026-04-17,SH600031,20.47,20.160002,684374.25,1375755.1,True,True,False,False,False,2.5183275,-0.011280039,20.47
2026-04-17,SH600032,9.7,9.75,636626.6,624155.1,True,True,False,False,False,0.20472202,-0.009146341,9.7
2026-04-17,SH600033,3.6799998,3.6999998,243731.84,90117.94,True,True,False,False,False,1.0019851,0.0027100272,3.6799998
2026-04-17,SH600035,3.8100002,3.8100002,86692.43,33014.723,True,True,False,False,False,0.6042348,0.0,3.8100002
2026-04-17,SH600036,39.85,39.52,587925.1,2331745.0,True,True,False,False,False,0.60814196,-0.009771987,39.85
2026-04-17,SH600037,7.7099996,7.6899996,105332.914,80800.43,True,True,False,False,False,0.19828093,-0.0077419356,7.7099996
2026-04-20,SH600000,9.85,9.780001,681169.1,669899.4,True,True,False,False,False,0.6490063,-0.00811359,9.85
2026-04-20,SH600004,8.91,8.889999,66353.516,58987.55,True,True,False,False,False,0.30686164,0.0011261262,8.91
2026-04-20,SH600006,6.38,6.4500003,135804.0,87587.56,True,True,False,False,False,0.75717324,0.0093896715,6.38
2026-04-20,SH600007,21.5,21.400002,24612.5,53008.53,True,True,False,False,False,0.30861947,-0.004651163,21.5
2026-04-20,SH600008,3.0500002,3.04,580955.7,177155.95,True,True,False,False,False,0.5865158,0.0,3.0500002
2026-04-20,SH600009,27.27,27.489998,68875.21,188623.88,True,True,False,False,False,0.21363366,0.00880734,27.27
2026-04-20,SH600010,2.84,2.8799999,11290121.0,3208662.2,True,True,False,False,False,1.3123915,0.006993007,2.84
2026-04-20,SH600011,6.9500003,6.9100003,1096226.4,759533.8,True,True,False,False,False,0.38778853,-0.004322767,6.9500003
2026-04-20,SH600012,15.46,15.59,44461.0,69085.53,True,True,False,False,False,0.69284064,0.012337662,15.46
2026-04-20,SH600015,7.14,7.1999993,466550.34,335228.56,True,True,False,False,False,0.86616164,0.008403362,7.14
2026-04-20,SH600016,3.71,3.71,1254560.1,465899.72,True,True,False,False,False,1.977269,0.0,3.71
2026-04-20,SH600017,2.97,2.97,210997.61,62672.266,True,True,False,False,False,0.5622113,-0.0033557047,2.97
2026-04-20,SH600018,4.9300003,4.89,755209.56,370041.4,True,True,False,False,False,0.44622865,-0.00811359,4.9300003
2026-04-20,SH600019,6.3100004,6.25,1068569.0,669791.06,True,True,False,False,False,0.56223315,-0.007936508,6.3100004
2026-04-20,SH600020,3.8,3.8,73952.164,28027.857,True,True,False,False,False,0.6095455,0.0,3.8
2026-04-20,SH600021,17.73,18.03,350672.3,629398.8,True,True,False,False,False,0.2723898,0.016920473,17.73
2026-04-20,SH600022,1.5000001,1.5100001,783925.94,118244.25,True,True,False,False,False,0.9433962,0.0,1.5000001
2026-04-20,SH600023,5.5,5.61,693765.0,386568.72,True,True,False,False,False,0.22522523,0.01814882,5.5
2026-04-20,SH600025,9.51,9.7,331486.6,320372.62,True,True,False,False,False,0.39485857,0.01997897,9.51
2026-04-20,SH600026,22.13,22.279999,591031.1,1310998.8,True,True,False,False,False,0.4263914,0.015034169,22.13
2026-04-20,SH600027,4.6499996,4.69,707194.1,330520.44,True,True,False,False,False,0.5082286,0.010775862,4.6499996
2026-04-20,SH600028,5.5699997,5.5299997,2352067.5,1305755.0,True,True,False,False,False,1.0435158,-0.0053956835,5.5699997
2026-04-20,SH600029,5.7200003,5.81,1990974.5,1148797.6,True,True,False,False,False,0.438721,0.017513135,5.7200003
2026-04-20,SH600030,26.230001,26.300001,966521.1,2539846.8,True,True,False,False,False,1.3247269,0.0015232293,26.230001
2026-04-20,SH600031,20.08,19.919998,712121.6,1412403.4,True,True,False,False,False,2.5183363,-0.011904762,20.08
2026-04-20,SH600032,9.7,9.870001,665009.4,651659.6,True,True,False,False,False,0.20464052,0.012307692,9.7
2026-04-20,SH600033,3.72,3.65,323998.6,118989.305,True,True,False,False,False,1.0020896,-0.013513514,3.72
2026-04-20,SH600035,3.8100002,3.8100002,46803.2,17785.338,True,True,False,False,False,0.6042348,0.0,3.8100002
2026-04-20,SH600036,39.5,39.87,588776.44,2337084.8,True,True,False,False,False,0.6081444,0.008856275,39.5
2026-04-20,SH600037,7.69,7.73,121257.836,94212.94,True,True,False,False,False,0.19830073,0.0052015604,7.69
2026-04-21,SH600000,9.78,9.719999,728490.2,711082.2,True,True,False,False,False,0.6489891,-0.006134969,9.78
2026-04-21,SH600004,8.88,8.889999,80106.38,71363.82,True,True,False,False,False,0.30686164,0.0,8.88
2026-04-21,SH600006,6.46,6.3700004,102579.01,65536.37,True,True,False,False,False,0.75724447,-0.012403101,6.46
2026-04-21,SH600007,21.43,21.619999,21663.51,46747.25,True,True,False,False,False,0.30863562,0.0102803735,21.43
2026-04-21,SH600008,3.04,3.06,651825.56,199255.89,True,True,False,False,False,0.58662194,0.0065789474,3.04
2026-04-21,SH600009,27.49,27.410002,55581.0,152564.12,True,True,False,False,False,0.21363671,-0.002910149,27.49
2026-04-21,SH600010,2.8700001,2.8700001,6953186.5,1996620.4,True,True,False,False,False,1.3126088,-0.0034722222,2.8700001
2026-04-21,SH600011,6.92,7.02,1479571.0,1033105.25,True,True,False,False,False,0.38787377,0.015918959,6.92
2026-04-21,SH600012,15.669999,15.8,60556.72,96215.98,True,True,False,False,False,0.69284064,0.013470173,15.669999
2026-04-21,SH600015,7.2000003,7.18,428805.88,309458.62,True,True,False,False,False,0.866042,-0.0027777778,7.2000003
2026-04-21,SH600016,3.7099998,3.7399998,1845624.9,689568.94,True,True,False,False,False,1.9772555,0.008086253,3.7099998
2026-04-21,SH600017,2.97,2.98,244884.0,72997.72,True,True,False,False,False,0.5624057,0.0033670033,2.97
2026-04-21,SH600018,4.89,4.93,362431.25,178322.56,True,True,False,False,False,0.4463545,0.008179959,4.89
2026-04-21,SH600019,6.25,6.3199997,936948.2,589599.8,True,True,False,False,False,0.5622415,0.0112,6.25
2026-04-21,SH600020,3.8,3.8300002,126268.12,48367.188,True,True,False,False,False,0.60956806,0.007894737,3.8
2026-04-21,SH600021,18.08,18.03,328776.2,588578.2,True,True,False,False,False,0.2723898,0.0,18.08
2026-04-21,SH600022,1.5100001,1.52,609358.4,92115.375,True,True,False,False,False,0.9433962,0.0066225166,1.5100001
2026-04-21,SH600023,5.64,5.72,773016.06,441787.1,True,True,False,False,False,0.22522523,0.019607844,5.64
2026-04-21,SH600025,9.72,9.84,323668.8,317468.5,True,True,False,False,False,0.39477798,0.01443299,9.72
2026-04-21,SH600026,22.2,22.390001,612637.4,1372173.0,True,True,False,False,False,0.42640898,0.0049371636,22.2
2026-04-21,SH600027,4.68,4.7599998,1406107.5,664649.0,True,True,False,False,False,0.50820774,0.014925373,4.68
2026-04-21,SH600028,5.5299997,5.4999995,1924090.2,1060811.1,True,True,False,False,False,1.0433695,-0.005424955,5.5299997
2026-04-21,SH600029,5.77,5.78,1155787.5,668570.56,True,True,False,False,False,0.4387686,-0.0051635113,5.77
2026-04-21,SH600030,26.25,26.300001,813880.75,2136782.2,True,True,False,False,False,1.3247269,0.0,26.25
2026-04-21,SH600031,19.99,19.93,586770.25,1171701.4,True,True,False,False,False,2.5183446,0.000502008,19.99
2026-04-21,SH600032,9.959999,10.86,1173771.5,1203710.5,False,True,True,False,False,0.20476633,0.10030395,9.959999
2026-04-21,SH600033,3.65,3.65,219823.75,80270.664,True,True,False,False,False,1.0020896,0.0,3.65
2026-04-21,SH600035,3.81,3.83,94344.42,36051.133,True,True,False,False,False,0.6040807,0.005249344,3.81
2026-04-21,SH600036,39.91,39.87,545949.2,2182431.2,True,True,False,False,False,0.6081444,0.0,39.91
2026-04-21,SH600037,7.6800003,7.6600003,92114.0,70613.516,True,True,False,False,False,0.1982774,-0.0090556275,7.6800003
2026-04-22,SH600000,9.71,9.610001,685904.7,659873.56,True,True,False,False,False,0.6490111,-0.011316872,9.71
2026-04-22,SH600004,8.889999,8.87,70611.44,62724.96,True,True,False,False,False,0.3067805,-0.0022497189,8.889999
2026-04-22,SH600006,6.34,6.42,108083.16,69047.375,True,True,False,False,False,0.7572778,0.007849294,6.34
2026-04-22,SH600007,21.730001,21.93,24503.6,53615.63,True,True,False,False,False,0.3086549,0.014338575,21.730001
2026-04-22,SH600008,3.0600002,3.0500002,478064.38,145904.45,True,True,False,False,False,0.5866631,-0.003267974,3.0600002
2026-04-22,SH600009,27.36,27.380001,44415.727,121567.7,True,True,False,False,False,0.21362233,-0.0010944911,27.36
2026-04-22,SH600010,2.8600001,2.9,8399100.0,2413011.5,True,True,False,False,False,1.3125,0.010452962,2.8600001
2026-04-22,SH600011,7.0299997,6.97,1346233.9,940307.9,True,True,False,False,False,0.38781625,-0.0071225073,7.0299997
2026-04-22,SH600012,15.76,15.81,41447.0,65629.97,True,True,False,False,False,0.69284064,0.0006329114,15.76
2026-04-22,SH600015,7.18,7.1000004,526516.1,374984.84,True,True,False,False,False,0.86614794,-0.011142061,7.18
2026-04-22,SH600016,3.7299998,3.7399998,2549742.5,953958.25,True,True,False,False,False,1.9772555,0.0,3.7299998
2026-04-22,SH600017,2.9799998,2.97,271941.7,80924.51,True,True,False,False,False,0.5622113,-0.0033557047,2.9799998
2026-04-22,SH600018,4.92,4.9,292617.62,143582.81,True,True,False,False,False,0.44585645,-0.006085193,4.92
2026-04-22,SH600019,6.32,6.3500004,960057.3,608083.75,True,True,False,False,False,0.56242967,0.004746835,6.32
2026-04-22,SH600020,3.8300002,3.8200002,101071.7,38657.016,True,True,False,False,False,0.60944605,-0.002610966,3.8300002
2026-04-22,SH600021,17.88,17.949999,280481.16,501958.78,True,True,False,False,False,0.27238292,-0.0044370494,17.88
2026-04-22,SH600022,1.5100001,1.5100001,551694.06,83463.61,True,True,False,False,False,0.9433962,-0.0065789474,1.5100001
2026-04-22,SH600023,5.72,5.7599998,687905.4,395995.88,True,True,False,False,False,0.22522523,0.006993007,5.72
2026-04-22,SH600025,9.839999,9.73,248453.0,242890.11,True,True,False,False,False,0.39462936,-0.011178861,9.839999
2026-04-22,SH600026,22.2,21.9,962180.25,2085158.0,True,True,False,False,False,0.42648813,-0.02188477,22.2
2026-04-22,SH600027,4.75,4.8,1239039.4,591633.4,True,True,False,False,False,0.5081301,0.008403362,4.75
2026-04-22,SH600028,5.51,5.4400005,2416561.0,1317143.0,True,True,False,False,False,1.0434936,-0.010909091,5.51
2026-04-22,SH600029,5.7400002,5.7200003,1221691.6,697055.3,True,True,False,False,False,0.43886524,-0.010380623,5.7400002
2026-04-22,SH600030,26.160002,26.71,1913517.2,5104261.5,True,True,False,False,False,1.3247186,0.015589354,26.160002
2026-04-22,SH600031,19.94,19.779999,707755.94,1400654.4,True,True,False,False,False,2.5183356,-0.0075263423,19.94
2026-04-22,SH600032,10.96,11.35,1750027.1,1994363.0,True,True,False,False,False,0.20464954,0.045119707,10.96
2026-04-22,SH600033,3.65,3.65,127487.5,46521.168,True,True,False,False,False,1.0020896,0.0,3.65
2026-04-22,SH600035,3.83,3.86,80520.02,30965.68,True,True,False,False,False,0.6040651,0.007832898,3.83
2026-04-22,SH600036,39.87,39.74,507594.53,2017733.9,True,True,False,False,False,0.6081509,-0.003260597,39.87
2026-04-22,SH600037,7.6199994,7.61,78926.01,60134.086,True,True,False,False,False,0.19828688,-0.006527415,7.6199994
2026-04-23,SH600000,9.599999,9.54,806246.7,770932.6,True,True,False,False,False,0.64901793,-0.007284079,9.599999
2026-04-23,SH600004,8.88,8.83,85035.18,75159.77,True,True,False,False,False,0.3068759,-0.0045095826,8.88
2026-04-23,SH600006,6.37,6.29,194116.6,122823.81,True,True,False,False,False,0.7573175,-0.020249221,6.37
2026-04-23,SH600007,21.81,21.73,21810.002,47530.098,True,True,False,False,False,0.30867562,-0.009119927,21.81
2026-04-23,SH600008,3.06,3.06,721737.5,220053.92,True,True,False,False,False,0.58662194,0.0032786885,3.06
2026-04-23,SH600009,27.389997,27.22,75726.805,206728.14,True,True,False,False,False,0.21362844,-0.0058436817,27.389997
2026-04-23,SH600010,2.89,2.77,11886515.0,3329544.5,True,True,False,False,False,1.3126128,-0.044827588,2.89
2026-04-23,SH600011,6.96,6.9900002,1246482.5,867329.2,True,True,False,False,False,0.38786033,0.0028694405,6.96
2026-04-23,SH600012,15.89,16.18,51740.74,83320.25,True,True,False,False,False,0.69284064,0.023402909,15.89
2026-04-23,SH600015,7.1000004,7.18,596067.06,427933.38,True,True,False,False,False,0.866042,0.011267605,7.1000004
2026-04-23,SH600016,3.7399998,3.7399998,1413339.4,528536.8,True,True,False,False,False,1.9772555,0.0,3.7399998
2026-04-23,SH600017,2.9799998,3.0,372305.84,111187.03,True,True,False,False,False,0.5622739,0.01010101,2.9799998
2026-04-23,SH600018,4.91,4.92,294979.7,144822.19,True,True,False,False,False,0.44618917,0.0040816325,4.91
2026-04-23,SH600019,6.3499994,6.3799996,1045822.5,667984.7,True,True,False,False,False,0.5623588,0.0047244094,6.3499994
2026-04-23,SH600020,3.7900002,3.81,153150.53,57781.63,True,True,False,False,False,0.60932344,-0.002617801,3.7900002
2026-04-23,SH600021,18.0,17.88,432755.75,772070.0,True,True,False,False,False,0.27235267,-0.0038997214,18.0
2026-04-23,SH600022,1.5000001,1.47,1702600.6,250970.66,True,True,False,False,False,0.9433962,-0.026490066,1.5000001
2026-04-23,SH600023,5.75,5.8,748769.4,432252.84,True,True,False,False,False,0.22522523,0.0069444445,5.75
2026-04-23,SH600025,9.79,9.7699995,264182.75,257976.16,True,True,False,False,False,0.39465398,0.004110997,9.79
2026-04-23,SH600026,21.550001,21.45,618255.7,1323616.9,True,True,False,False,False,0.42640543,-0.020547945,21.550001
2026-04-23,SH600027,4.7999997,4.89,1690713.4,819895.44,True,True,False,False,False,0.5083001,0.01875,4.7999997
2026-04-23,SH600028,5.44,5.45,3524466.5,1919144.6,True,True,False,False,False,1.0436832,0.0018382353,5.44
2026-04-23,SH600029,5.6600003,5.62,1364512.2,768312.2,True,True,False,False,False,0.4388781,-0.017482517,5.6600003
2026-04-23,SH600030,26.580002,26.480001,1205818.2,3199251.5,True,True,False,False,False,1.3247674,-0.008611007,26.580002
2026-04-23,SH600031,19.72,19.599998,549815.75,1080003.2,True,True,False,False,False,2.5183482,-0.009100101,19.72
2026-04-23,SH600032,11.280001,12.040001,1603620.9,1837278.5,True,True,False,False,False,0.204763,0.060792953,11.280001
2026-04-23,SH600033,3.6399999,3.6399999,195408.16,71037.19,True,True,False,False,False,1.0020489,-0.002739726,3.6399999
2026-04-23,SH600035,3.83,3.8,132998.4,50608.293,True,True,False,False,False,0.6040965,-0.015544041,3.83
2026-04-23,SH600036,39.72,39.809998,569489.3,2260648.0,True,True,False,False,False,0.60814196,0.0017614494,39.72
2026-04-23,SH600037,7.62,7.5899997,115242.0,87736.26,True,True,False,False,False,0.19829996,-0.0026281208,7.62
2026-04-24,SH600000,9.53,9.450001,848590.2,806720.1,True,True,False,False,False,0.64899135,-0.009433962,9.53
2026-04-24,SH600004,8.830001,8.79,81265.51,71453.03,True,True,False,False,False,0.30684218,-0.004530011,8.830001
2026-04-24,SH600006,6.3,6.4,202889.88,129469.05,True,True,False,False,False,0.75713927,0.017488075,6.3
2026-04-24,SH600007,21.900002,21.53,18313.0,39549.414,True,True,False,False,False,0.308632,-0.009203865,21.900002
2026-04-24,SH600008,3.0500002,3.0500002,670296.0,204056.67,True,True,False,False,False,0.5866631,-0.003267974,3.0500002
2026-04-24,SH600009,27.22,27.039999,82490.73,223263.62,True,True,False,False,False,0.21364167,-0.0066127847,27.22
2026-04-24,SH600010,2.7600002,2.74,6674407.0,1821022.1,True,True,False,False,False,1.312728,-0.010830325,2.7600002
2026-04-24,SH600011,7.0000005,6.98,1206223.2,841285.1,True,True,False,False,False,0.3877858,-0.0014306152,7.0000005
2026-04-24,SH600012,16.1,16.18,39425.85,63678.375,True,True,False,False,False,0.69284064,0.0,16.1
2026-04-24,SH600015,7.1899996,7.1499996,443464.72,316798.78,True,True,False,False,False,0.86615485,-0.004178273,7.1899996
2026-04-24,SH600016,3.73,3.75,1705128.8,637650.2,True,True,False,False,False,1.9772989,0.0026737968,3.73
2026-04-24,SH600017,3.0200002,2.99,307304.66,92054.305,True,True,False,False,False,0.5625988,-0.0033333334,3.0200002
2026-04-24,SH600018,4.91,4.9,266629.84,130665.43,True,True,False,False,False,0.44585645,-0.0040650405,4.91
2026-04-24,SH600019,6.3900003,6.3500004,588358.9,373815.25,True,True,False,False,False,0.56242967,-0.004702194,6.3900003
2026-04-24,SH600020,3.7800002,3.75,179586.05,67480.81,True,True,False,False,False,0.6096238,-0.015748031,3.7800002
2026-04-24,SH600021,17.75,17.539999,342964.97,602719.0,True,True,False,False,False,0.27237135,-0.01901566,17.75
2026-04-24,SH600022,1.4599999,1.45,1047257.5,151823.44,True,True,False,False,False,0.9433962,-0.013605442,1.4599999
2026-04-24,SH600023,5.79,5.8,636402.0,370023.94,True,True,False,False,False,0.22522523,0.0,5.79
2026-04-24,SH600025,9.78,9.66,247920.0,240902.28,True,True,False,False,False,0.39483464,-0.011258956,9.78
2026-04-24,SH600026,21.349998,21.26,467270.22,994991.7,True,True,False,False,False,0.42640242,-0.008857809,21.349998
2026-04-24,SH600027,4.9,4.88,1087784.0,531066.06,True,True,False,False,False,0.508433,-0.0020449897,4.9
2026-04-24,SH600028,5.4300003,5.3900003,2351043.0,1267317.0,True,True,False,False,False,1.0433865,-0.011009174,5.4300003
2026-04-24,SH600029,5.59,5.5600004,872226.25,485668.38,True,True,False,False,False,0.4389787,-0.010676157,5.59
2026-04-24,SH600030,26.37,26.230001,1042356.3,2725660.5,True,True,False,False,False,1.3247619,-0.009441088,26.37
2026-04-24,SH600031,19.5,19.519999,458867.72,894893.5,True,True,False,False,False,2.5183272,-0.0040816325,19.5
2026-04-24,SH600032,11.57,10.85,1114008.5,1251097.9,True,False,False,True,False,0.20477255,-0.09883721,11.57
2026-04-24,SH600033,3.6399996,3.61,210093.0,75919.87,True,True,False,False,False,1.002238,-0.008241759,3.6399996
2026-04-24,SH600035,3.8000002,3.7799997,76590.32,29038.004,True,True,False,False,False,0.6042519,-0.005263158,3.8000002
2026-04-24,SH600036,39.74,39.379997,629414.4,2485978.8,True,True,False,False,False,0.6081601,-0.010801306,39.74
2026-04-24,SH600037,7.5699997,7.49,131394.38,98173.51,True,True,False,False,False,0.19827257,-0.0131752305,7.5699997
2026-04-27,SH600000,9.440001,9.360001,872814.94,821384.1,True,True,False,False,False,0.64900607,-0.00952381,9.440001
2026-04-27,SH600004,8.789999,8.839999,75569.02,66718.59,True,True,False,False,False,0.30678734,0.005688282,8.789999
2026-04-27,SH600006,6.3899994,6.5499997,241094.11,158106.42,True,True,False,False,False,0.7572397,0.0234375,6.3899994
2026-04-27,SH600007,21.55,21.45,28026.25,60606.086,True,True,False,False,False,0.30867925,-0.0037157454,21.55
2026-04-27,SH600008,3.05,3.01,835179.2,252710.16,True,True,False,False,False,0.58664,-0.013114754,3.05
2026-04-27,SH600009,27.04,27.140001,73442.68,198698.75,True,True,False,False,False,0.21363151,0.003698225,27.04
2026-04-27,SH600010,2.73,2.7,5794940.0,1570387.6,True,True,False,False,False,1.3125,-0.01459854,2.73
2026-04-27,SH600011,6.98,6.9500003,890282.06,618939.94,True,True,False,False,False,0.38787737,-0.004297994,6.98
2026-04-27,SH600012,16.22,15.96,40735.53,65095.508,True,True,False,False,False,0.69284064,-0.013597033,16.22
2026-04-27,SH600015,7.1500006,7.07,703414.9,498796.25,True,True,False,False,False,0.8660646,-0.011188812,7.1500006
2026-04-27,SH600016,3.7399998,3.7399998,1495833.9,561508.9,True,True,False,False,False,1.9772555,-0.0026666666,3.7399998
2026-04-27,SH600017,2.9799998,2.97,172136.0,51252.113,True,True,False,False,False,0.5622113,-0.006688963,2.9799998
2026-04-27,SH600018,4.9,4.8700004,339964.0,166101.47,True,True,False,False,False,0.44589403,-0.006122449,4.9
2026-04-27,SH600019,6.33,6.29,716331.7,451251.3,True,True,False,False,False,0.56231254,-0.009448819,6.33
2026-04-27,SH600020,3.74,3.73,162770.05,60873.945,True,True,False,False,False,0.6093742,-0.0053333333,3.74
2026-04-27,SH600021,17.49,17.619999,235496.84,413092.0,True,True,False,False,False,0.27237844,0.0045610033,17.49
2026-04-27,SH600022,1.44,1.4300001,908085.75,130079.55,True,True,False,False,False,0.9433962,-0.013793103,1.44
2026-04-27,SH600023,5.77,5.78,722651.75,419077.75,True,True,False,False,False,0.22522523,-0.0034482758,5.77
2026-04-27,SH600025,9.68,9.58,267135.22,256726.27,True,True,False,False,False,0.39478615,-0.008281574,9.68
2026-04-27,SH600026,21.570002,21.5,500977.47,1075235.4,True,True,False,False,False,0.42646134,0.011288805,21.570002
2026-04-27,SH600027,4.85,4.91,1004025.3,492251.34,True,True,False,False,False,0.5084876,0.006147541,4.85
2026-04-27,SH600028,5.3799996,5.3399997,2104440.8,1129699.8,True,True,False,False,False,1.0437069,-0.009276438,5.3799996
2026-04-27,SH600029,5.5299997,5.5099998,844496.0,463293.7,True,True,False,False,False,0.4387524,-0.008992806,5.5299997
2026-04-27,SH600030,26.4,26.77,1545964.4,4142580.8,True,True,False,False,False,1.324732,0.020587115,26.4
2026-04-27,SH600031,19.59,19.5,471767.78,920835.1,True,True,False,False,False,2.518334,-0.0010245901,19.59
2026-04-27,SH600032,10.740001,10.870001,780785.7,852095.4,True,True,False,False,False,0.20476012,0.001843318,10.740001
2026-04-27,SH600033,3.5900002,3.5900002,189565.47,68148.305,True,True,False,False,False,1.002156,-0.005540166,3.5900002
2026-04-27,SH600035,3.7800002,3.7600002,56772.996,21380.57,True,True,False,False,False,0.6039723,-0.005291005,3.7800002
2026-04-27,SH600036,39.519997,39.379997,926168.44,3669782.2,True,True,False,False,False,0.6081601,0.0,39.519997
2026-04-27,SH600037,7.5199995,7.58,124609.88,94120.016,True,True,False,False,False,0.19828334,0.012016022,7.5199995
2026-04-28,SH600000,9.34,9.37,594549.56,554217.5,True,True,False,False,False,0.6489812,0.0010683761,9.34
2026-04-28,SH600004,8.85,8.940001,119140.62,106205.23,True,True,False,False,False,0.30680728,0.011312217,8.85
2026-04-28,SH600006,6.5499997,6.52,151788.02,98995.43,True,True,False,False,False,0.75734293,-0.0045801527,6.5499997
2026-04-28,SH600007,21.619999,21.539999,19395.262,41845.508,True,True,False,False,False,0.30861804,0.0041958042,21.619999
2026-04-28,SH600008,3.01,3.04,666394.44,201554.3,True,True,False,False,False,0.5865158,0.009966778,3.01
2026-04-28,SH600009,27.109999,27.150002,71391.76,193966.73,True,True,False,False,False,0.213628,0.00036845985,27.109999
2026-04-28,SH600010,2.69,2.74,7570437.5,2061234.0,True,True,False,False,False,1.312728,0.014814815,2.69
2026-04-28,SH600011,6.9500003,6.9100003,1090089.6,751260.56,True,True,False,False,False,0.38778853,-0.0057553956,6.9500003
2026-04-28,SH600012,15.76,16.11,37492.53,60143.598,True,True,False,False,False,0.69284064,0.009398496,15.76
2026-04-28,SH600015,7.05,7.19,686044.9,489289.75,True,True,False,False,False,0.86600465,0.016973127,7.05
2026-04-28,SH600016,3.74,3.73,1113422.2,414985.0,True,True,False,False,False,1.9773562,-0.0026737968,3.74
2026-04-28,SH600017,2.97,2.98,216155.6,64415.934,True,True,False,False,False,0.5624057,0.0033670033,2.97
2026-04-28,SH600018,4.87,4.9,276622.03,135116.1,True,True,False,False,False,0.44585645,0.0061601643,4.87
2026-04-28,SH600019,6.3099995,6.37,808439.25,513228.47,True,True,False,False,False,0.5622105,0.012718601,6.3099995
2026-04-28,SH600020,3.7299998,3.7699997,116223.37,43727.074,True,True,False,False,False,0.60952264,0.010723861,3.7299998
2026-04-28,SH600021,17.38,17.0,581683.3,987320.8,True,True,False,False,False,0.27240655,-0.035187285,17.38
2026-04-28,SH600022,1.4300001,1.44,498253.12,71529.64,True,True,False,False,False,0.9433962,0.006993007,1.4300001
2026-04-28,SH600023,5.66,5.89,1389824.0,803439.25,True,True,False,False,False,0.22522523,0.019031141,5.66
2026-04-28,SH600025,9.58,9.67,253797.52,243984.02,True,True,False,False,False,0.39475778,0.009394572,9.58
2026-04-28,SH600026,21.660002,21.05,727972.06,1529598.1,True,True,False,False,False,0.42648348,-0.020930232,21.660002
2026-04-28,SH600027,4.8999996,4.9799995,1894946.9,930535.06,True,True,False,False,False,0.50846404,0.014256619,4.8999996
2026-04-28,SH600028,5.3399997,5.3499994,3426197.5,1826108.6,True,True,False,False,False,1.0434709,0.0018726592,5.3399997
2026-04-28,SH600029,5.48,5.4399996,902702.75,491845.72,True,True,False,False,False,0.43871287,-0.012704174,5.48
2026-04-28,SH600030,26.849998,27.3,2607905.2,7136087.5,True,True,False,False,False,1.3247498,0.019798283,26.849998
2026-04-28,SH600031,19.55,20.14,1320248.6,2650422.2,True,True,False,False,False,2.5183342,0.03282051,19.55
2026-04-28,SH600032,10.320001,10.510001,865866.1,905894.3,True,True,False,False,False,0.20480259,-0.033118676,10.320001
2026-04-28,SH600033,3.59,3.65,233677.02,84817.5,True,True,False,False,False,1.0020896,0.016713092,3.59
2026-04-28,SH600035,3.76,3.7799997,54517.0,20558.66,True,True,False,False,False,0.6042519,0.005319149,3.76
2026-04-28,SH600036,39.38,39.600002,669305.2,2637104.8,True,True,False,False,False,0.60814524,0.005586592,39.38
2026-04-28,SH600037,7.58,7.49,123691.96,92940.02,True,True,False,False,False,0.19827257,-0.0118733505,7.58
2026-04-29,SH600000,9.36,9.38,614950.3,575654.7,True,True,False,False,False,0.64899814,0.0010672358,9.36
2026-04-29,SH600004,8.98,9.0,94401.375,84699.32,True,True,False,False,False,0.30679366,0.0067114094,8.98
2026-04-29,SH600006,6.6,6.73,297338.44,199767.58,True,True,False,False,False,0.7572351,0.032208588,6.6
2026-04-29,SH600007,21.580002,21.6,30340.648,65421.777,True,True,False,False,False,0.30866346,0.0027855153,21.580002
2026-04-29,SH600008,3.0400002,3.0500002,595653.4,181576.12,True,True,False,False,False,0.5866631,0.0032894737,3.0400002
2026-04-29,SH600009,27.15,27.390001,77058.56,210213.78,True,True,False,False,False,0.21364368,0.008839779,27.15
2026-04-29,SH600010,2.6000001,2.7600002,14493262.0,3920623.5,True,True,False,False,False,1.3122735,0.00729927,2.6000001
2026-04-29,SH600011,6.8700004,7.02,1676195.0,1168079.6,True,True,False,False,False,0.38787377,0.015918959,6.8700004
2026-04-29,SH600012,16.130001,15.81,41003.0,65321.156,True,True,False,False,False,0.69284064,-0.018621974,16.130001
2026-04-29,SH600015,7.17,7.23,549393.0,394540.66,True,True,False,False,False,0.8660496,0.0055632824,7.17
2026-04-29,SH600016,3.7199998,3.7399998,1396175.8,520871.88,True,True,False,False,False,1.9772555,0.0026809652,3.7199998
2026-04-29,SH600017,2.97,2.99,329781.5,98422.33,True,True,False,False,False,0.5625988,0.0033557047,2.97
2026-04-29,SH600018,4.9,4.93,312353.7,153473.28,True,True,False,False,False,0.4463545,0.006122449,4.9
2026-04-29,SH600019,6.3399997,6.48,973235.9,626041.1,True,True,False,False,False,0.56229603,0.017268445,6.3399997
2026-04-29,SH600020,3.77,3.8300002,116004.84,44256.598,True,True,False,False,False,0.60956806,0.01591512,3.77
2026-04-29,SH600021,16.82,17.18,368063.25,634497.2,True,True,False,False,False,0.2723722,0.010588235,16.82
2026-04-29,SH600022,1.44,1.4599999,919467.0,134006.45,True,True,False,False,False,0.9433962,0.013888889,1.44
2026-04-29,SH600023,5.84,5.72,1012052.5,580071.56,True,True,False,False,False,0.22522523,-0.028862478,5.84
2026-04-29,SH600025,9.599999,9.599999,287255.78,274691.56,True,True,False,False,False,0.39463142,-0.007238883,9.599999
2026-04-29,SH600026,21.3,21.74,677075.75,1459354.2,True,True,False,False,False,0.42641538,0.032779098,21.3
2026-04-29,SH600027,4.92,5.02,1653494.1,823073.56,True,True,False,False,False,0.50838774,0.008032128,4.92
2026-04-29,SH600028,5.4,5.42,7735192.5,4187047.0,True,True,False,False,False,1.0435357,0.013084112,5.4
2026-04-29,SH600029,5.42,5.5,773902.8,423567.3,True,True,False,False,False,0.43861294,0.011029412,5.42
2026-04-29,SH600030,27.149998,27.319998,1485660.5,4043461.0,True,True,False,False,False,1.3247298,0.00073260075,27.149998
2026-04-29,SH600031,20.07,20.5,992099.44,2014592.6,True,True,False,False,False,2.5183327,0.017874876,20.07
2026-04-29,SH600032,10.2699995,10.299999,596544.56,616879.25,True,True,False,False,False,0.20474863,-0.01998097,10.2699995
2026-04-29,SH600033,3.6399999,3.65,195834.5,71486.25,True,True,False,False,False,1.0020896,0.0,3.6399999
2026-04-29,SH600035,3.7699997,3.8199997,96415.805,36682.016,True,True,False,False,False,0.60394263,0.01058201,3.7699997
2026-04-29,SH600036,38.909996,38.5,2533117.2,9780527.0,True,True,False,False,False,0.608148,-0.027777778,38.909996
2026-04-29,SH600037,7.73,7.9,377846.0,297835.16,True,True,False,False,False,0.19830482,0.054739654,7.73
2026-04-30,SH600000,9.36,9.27,784388.0,728939.94,True,True,False,False,False,0.6489789,-0.011727079,9.36
2026-04-30,SH600004,8.83,8.73,265820.44,231976.92,True,True,False,False,False,0.30685648,-0.03,8.83
2026-04-30,SH600006,6.7,6.7099996,173738.61,116510.65,True,True,False,False,False,0.7571029,-0.0029717681,6.7
2026-04-30,SH600007,21.57,20.999998,33902.23,71242.13,True,True,False,False,False,0.30866164,-0.027777778,21.57
2026-04-30,SH600008,3.06,3.06,808595.94,248197.03,True,True,False,False,False,0.58662194,0.0032786885,3.06
2026-04-30,SH600009,27.400002,27.24,87646.68,239007.62,True,True,False,False,False,0.21362142,-0.0054764515,27.400002
2026-04-30,SH600010,2.74,2.7,8702162.0,2361024.2,True,True,False,False,False,1.3125,-0.02173913,2.74
2026-04-30,SH600011,7.0,6.9900002,815556.3,570111.94,True,True,False,False,False,0.38786033,-0.0042735045,7.0
2026-04-30,SH600012,15.85,15.660001,43017.0,67714.84,True,True,False,False,False,0.69284064,-0.009487666,15.85
2026-04-30,SH600015,7.1100006,6.8900003,1688840.6,1178400.9,True,True,False,False,False,0.8661585,-0.04702628,7.1100006
2026-04-30,SH600016,3.7199998,3.7,2066322.8,766285.1,True,True,False,False,False,1.9773707,-0.010695187,3.7199998
2026-04-30,SH600017,2.98,2.96,402054.53,119504.805,True,True,False,False,False,0.5625393,-0.0100334445,2.98
2026-04-30,SH600018,4.95,5.0,834008.7,416339.94,True,True,False,False,False,0.4459103,0.014198783,4.95
2026-04-30,SH600019,6.48,6.31,1615888.8,1025643.0,True,True,False,False,False,0.5623518,-0.026234567,6.48
2026-04-30,SH600020,3.89,4.04,537682.75,215991.97,True,True,False,False,False,0.6093916,0.054830287,3.89
2026-04-30,SH600021,17.22,17.0,360358.06,611131.2,True,True,False,False,False,0.27240655,-0.010477299,17.22
2026-04-30,SH600022,1.4599999,1.44,996644.44,144730.69,True,True,False,False,False,0.9433962,-0.01369863,1.4599999
2026-04-30,SH600023,5.69,5.7,583604.06,332264.7,True,True,False,False,False,0.22522523,-0.0034965035,5.69
2026-04-30,SH600025,9.599999,9.509999,310958.56,297273.3,True,True,False,False,False,0.3946588,-0.009375,9.599999
2026-04-30,SH600026,21.330002,21.590002,547843.9,1174109.9,True,True,False,False,False,0.42645702,-0.006899724,21.330002
2026-04-30,SH600027,5.0,4.99,955175.6,477858.66,True,True,False,False,False,0.50833374,-0.005976096,5.0
2026-04-30,SH600028,5.4,5.3900003,3246548.5,1750703.9,True,True,False,False,False,1.0433865,-0.0055350554,5.4
2026-04-30,SH600029,5.45,5.41,1788284.0,970721.56,True,True,False,False,False,0.43876365,-0.016363636,5.45
2026-04-30,SH600030,27.23,27.219997,1730018.2,4730728.0,True,True,False,False,False,1.3247569,-0.0036603222,27.23
2026-04-30,SH600031,20.07,20.35,1222164.0,2499534.5,True,True,False,False,False,2.5183468,-0.007317073,20.07
2026-04-30,SH600032,10.400001,9.870001,659811.94,658651.7,True,True,False,False,False,0.20464052,-0.041747574,10.400001
2026-04-30,SH600033,3.6499999,3.6399999,210563.47,76706.984,True,True,False,False,False,1.0020489,-0.002739726,3.6499999
2026-04-30,SH600035,3.83,3.84,165326.58,63437.04,True,True,False,False,False,0.604218,0.005235602,3.83
2026-04-30,SH600036,38.4,38.27,1169574.1,4477500.0,True,True,False,False,False,0.60815054,-0.005974026,38.4
2026-04-30,SH600037,7.8999996,7.99,253618.6,202959.67,True,True,False,False,False,0.19831468,0.011392405,7.8999996
2026-05-06,SH600000,9.2699995,9.18,879357.94,808632.5,True,True,False,False,False,0.6489938,-0.009708738,9.2699995
2026-05-06,SH600004,8.72,8.65,180385.62,156469.98,True,True,False,False,False,0.3067878,-0.009163803,8.72
2026-05-06,SH600006,6.72,6.8099995,222575.02,150773.8,True,True,False,False,False,0.7571678,0.01490313,6.72
2026-05-06,SH600007,20.990002,21.23,39741.348,84251.37,True,True,False,False,False,0.30866343,0.010952381,20.990002
2026-05-06,SH600008,3.06,3.08,932920.56,287201.03,True,True,False,False,False,0.58654034,0.006535948,3.06
2026-05-06,SH600009,27.210001,27.380001,132009.83,358553.7,True,True,False,False,False,0.21362233,0.005139501,27.210001
2026-05-06,SH600010,2.72,2.82,11586704.0,3215515.2,True,True,False,False,False,1.3126109,0.044444446,2.72
2026-05-06,SH600011,7.0099998,7.15,1483331.2,1052062.0,True,True,False,False,False,0.38779402,0.022889843,7.0099998
2026-05-06,SH600012,15.72,15.8,60359.61,94869.18,True,True,False,False,False,0.69284064,0.008939974,15.72
2026-05-06,SH600015,6.89,6.74,1511325.2,1021444.06,True,True,False,False,False,0.86613685,-0.021770682,6.89
2026-05-06,SH600016,3.7,3.69,1901928.4,702454.25,True,True,False,False,False,1.9773269,-0.0027027028,3.7
2026-05-06,SH600017,2.96,2.97,225629.08,66968.6,True,True,False,False,False,0.5622113,0.0033783785,2.96
2026-05-06,SH600018,5.0099998,5.06,793748.1,399335.94,True,True,False,False,False,0.4458373,0.012,5.0099998
2026-05-06,SH600019,6.3300004,6.3300004,1349887.2,852074.4,True,True,False,False,False,0.56239086,0.0031695722,6.3300004
2026-05-06,SH600020,4.0,4.02,245387.2,97871.484,True,True,False,False,False,0.6094854,-0.004950495,4.0
2026-05-06,SH600021,17.13,17.55,520339.4,908794.75,True,True,False,False,False,0.2723476,0.032352943,17.13
2026-05-06,SH600022,1.45,1.4599999,1281825.6,186523.53,True,True,False,False,False,0.9433962,0.013888889,1.45
2026-05-06,SH600023,5.7,5.7599998,836919.9,479647.88,True,True,False,False,False,0.22522523,0.010526316,5.7
2026-05-06,SH600025,9.51,9.59,346240.9,328964.1,True,True,False,False,False,0.3947087,0.008412197,9.51
2026-05-06,SH600026,22.000002,22.32,1050789.8,2297955.8,True,True,False,False,False,0.4264345,0.03381195,22.000002
2026-05-06,SH600027,4.9900002,5.06,1117814.5,560460.94,True,True,False,False,False,0.50831264,0.0140280565,4.9900002
2026-05-06,SH600028,5.3799996,5.37,3381194.0,1806979.5,True,True,False,False,False,1.0434285,-0.0037105752,5.3799996
2026-05-06,SH600029,5.45,5.5099998,1386588.8,760644.1,True,True,False,False,False,0.4387524,0.018484289,5.45
2026-05-06,SH600030,27.29,27.489998,1787384.2,4921934.0,True,True,False,False,False,1.3247423,0.009919177,27.29
2026-05-06,SH600031,20.599998,20.909998,1494789.4,3092040.0,True,True,False,False,False,2.518327,0.027518427,20.599998
2026-05-06,SH600032,9.98,10.459999,680306.8,700064.0,True,True,False,False,False,0.20464571,0.059777103,9.98
2026-05-06,SH600033,3.65,3.63,221294.0,80481.69,True,True,False,False,False,1.0020077,-0.0027472528,3.65
2026-05-06,SH600035,3.8599997,3.84,91386.72,35035.92,True,True,False,False,False,0.604218,0.0,3.8599997
2026-05-06,SH600036,38.289997,38.0,1431771.1,5437169.0,True,True,False,False,False,0.6081515,-0.0070551345,38.289997
2026-05-06,SH600037,7.9500003,8.059999,267559.44,215666.48,True,True,False,False,False,0.19829312,0.008760951,7.9500003
2026-05-07,SH600000,9.18,9.09,719724.94,657929.06,True,True,False,False,False,0.649009,-0.009803922,9.18
2026-05-07,SH600004,8.67,8.56,177690.31,152839.89,True,True,False,False,False,0.30680907,-0.010404624,8.67
2026-05-07,SH600006,6.81,6.95,290293.62,201116.9,True,True,False,False,False,0.75719786,0.020558003,6.81
2026-05-07,SH600007,21.2,21.6,25513.238,54468.38,True,True,False,False,False,0.30866346,0.017428167,21.2
2026-05-07,SH600008,3.08,3.09,647448.6,199776.67,True,True,False,False,False,0.5864999,0.0032467532,3.08
2026-05-07,SH600009,27.44,27.26,144430.0,396051.6,True,True,False,False,False,0.21363938,-0.004382761,27.44
2026-05-07,SH600010,2.81,2.8,7146672.0,1998644.6,True,True,False,False,False,1.3125,-0.0070921984,2.81
2026-05-07,SH600011,7.1499996,7.2699995,1552969.8,1125680.6,True,True,False,False,False,0.38784707,0.016783217,7.1499996
2026-05-07,SH600012,15.84,15.5,29501.012,46083.203,True,True,False,False,False,0.69284064,-0.01898734,15.84
2026-05-07,SH600015,6.7400002,6.6499996,1173405.6,783875.3,True,True,False,False,False,0.8660813,-0.013353116,6.7400002
2026-05-07,SH600016,3.69,3.69,1230253.8,454408.25,True,True,False,False,False,1.9773269,0.0,3.69
2026-05-07,SH600017,2.9799998,2.97,195017.03,57945.387,True,True,False,False,False,0.5622113,0.0,2.9799998
2026-05-07,SH600018,5.06,5.06,505981.97,256422.12,True,True,False,False,False,0.4458373,0.0,5.06
2026-05-07,SH600019,6.3399997,6.3199997,775945.7,491066.12,True,True,False,False,False,0.5622415,-0.0015797789,6.3399997
2026-05-07,SH600020,4.03,4.04,138123.17,55719.176,True,True,False,False,False,0.6093916,0.0049751243,4.03
2026-05-07,SH600021,17.65,17.949999,499643.94,892965.6,True,True,False,False,False,0.27238292,0.022792023,17.65
2026-05-07,SH600022,1.4599999,1.45,957624.9,139145.66,True,True,False,False,False,0.9433962,-0.006849315,1.4599999
2026-05-07,SH600023,5.78,5.84,721042.4,420279.3,True,True,False,False,False,0.22522523,0.013888889,5.78
2026-05-07,SH600025,9.59,9.63,297601.9,284885.6,True,True,False,False,False,0.39473334,0.0041710115,9.59
2026-05-07,SH600026,22.2,22.69,1009105.7,2298940.0,True,True,False,False,False,0.42642906,0.016577061,22.2
2026-05-07,SH600027,5.0499997,5.0999994,1244981.2,636681.4,True,True,False,False,False,0.5082388,0.007905139,5.0499997
2026-05-07,SH600028,5.3399997,5.27,3556190.2,1884326.5,True,True,False,False,False,1.0436432,-0.018621974,5.3399997
2026-05-07,SH600029,5.64,5.62,1635257.5,921008.94,True,True,False,False,False,0.4388781,0.019963702,5.64
2026-05-07,SH600030,27.630001,27.23,1593632.4,4335427.0,True,True,False,False,False,1.3247101,-0.009457985,27.630001
2026-05-07,SH600031,21.02,20.980001,1015328.5,2126641.8,True,True,False,False,False,2.5183384,0.0033476804,21.02
2026-05-07,SH600032,10.46,10.570001,647129.06,682436.25,True,True,False,False,False,0.20476408,0.010516252,10.46
2026-05-07,SH600033,3.63,3.63,156218.89,56718.125,True,True,False,False,False,1.0020077,0.0,3.63
2026-05-07,SH600035,3.85,3.85,68497.945,26355.01,True,True,False,False,False,0.6039281,0.0026041667,3.85
2026-05-07,SH600036,38.05,37.95,790089.9,3001814.2,True,True,False,False,False,0.608137,-0.0013157895,38.05
2026-05-07,SH600037,8.059999,8.16,284091.9,230969.16,True,True,False,False,False,0.19827527,0.012406948,8.059999
2026-05-08,SH600000,9.08,9.070001,892690.3,811024.25,True,True,False,False,False,0.64901716,-0.00220022,9.08
2026-05-08,SH600004,8.540001,8.590001,124650.08,106564.34,True,True,False,False,False,0.30680192,0.0035046728,8.540001
2026-05-08,SH600006,6.96,6.8900003,184959.44,127541.055,True,True,False,False,False,0.757102,-0.008633094,6.96
2026-05-08,SH600007,21.4,21.7,21532.28,46653.266,True,True,False,False,False,0.30865306,0.0046296297,21.4
2026-05-08,SH600008,3.09,3.1,923367.1,286766.75,True,True,False,False,False,0.58664495,0.003236246,3.09
2026-05-08,SH600009,27.220001,27.19,97041.7,263765.8,True,True,False,False,False,0.21363896,-0.002567865,27.220001
2026-05-08,SH600010,2.8000002,2.77,7186003.0,1982250.2,True,True,False,False,False,1.3126128,-0.010714286,2.8000002
2026-05-08,SH600011,7.27,7.2599998,1297949.8,944332.75,True,True,False,False,False,0.38787636,-0.0013755158,7.27
2026-05-08,SH600012,15.5,15.74,35328.5,55369.535,True,True,False,False,False,0.69284064,0.015483871,15.5
2026-05-08,SH600015,6.65,6.66,747213.1,497201.62,True,True,False,False,False,0.8660409,0.0015037594,6.65
2026-05-08,SH600016,3.69,3.69,1175379.0,434321.94,True,True,False,False,False,1.9773269,0.0,3.69
2026-05-08,SH600017,2.97,2.98,279502.2,83361.984,True,True,False,False,False,0.5624057,0.0033670033,2.97
2026-05-08,SH600018,5.0600004,5.11,584183.7,296994.38,True,True,False,False,False,0.446122,0.009881423,5.0600004
2026-05-08,SH600019,6.3199997,6.41,907210.3,577360.7,True,True,False,False,False,0.5622885,0.014240506,6.3199997
2026-05-08,SH600020,4.04,4.01,105870.72,42676.53,True,True,False,False,False,0.609369,-0.0074257427,4.04
2026-05-08,SH600021,17.9,17.88,423631.66,756375.4,True,True,False,False,False,0.27235267,-0.0038997214,17.9
2026-05-08,SH600022,1.45,1.45,749786.7,108778.164,True,True,False,False,False,0.9433962,0.0,1.45
2026-05-08,SH600023,5.83,5.86,635392.9,374336.2,True,True,False,False,False,0.22522523,0.0034246575,5.83
2026-05-08,SH600025,9.59,9.59,297003.06,285569.78,True,True,False,False,False,0.3947087,-0.0041536866,9.59
2026-05-08,SH600026,22.250002,23.42,1027486.0,2384266.8,True,True,False,False,False,0.42640847,0.03217276,22.250002
2026-05-08,SH600027,5.11,5.13,1171084.5,602447.94,True,True,False,False,False,0.50829214,0.005882353,5.11
2026-05-08,SH600028,5.29,5.22,3440560.5,1805968.5,True,True,False,False,False,1.043534,-0.009487666,5.29
2026-05-08,SH600029,5.56,5.71,2149330.5,1223868.8,True,True,False,False,False,0.4387311,0.016014235,5.56
2026-05-08,SH600030,27.1,26.95,1300624.8,3507949.8,True,True,False,False,False,1.3246975,-0.010282776,27.1
2026-05-08,SH600031,20.9,20.529999,1072760.4,2196428.0,True,True,False,False,False,2.5183346,-0.021449,20.9
2026-05-08,SH600032,10.55,10.400001,655137.0,693446.7,True,True,False,False,False,0.20468393,-0.016083255,10.55
2026-05-08,SH600033,3.6299999,3.6599998,304197.66,111196.66,True,True,False,False,False,1.0021303,0.008264462,3.6299999
2026-05-08,SH600035,3.8500001,3.8899999,105430.57,40835.297,True,True,False,False,False,0.6040498,0.01038961,3.8500001
2026-05-08,SH600036,38.030003,37.940002,869539.1,3303687.2,True,True,False,False,False,0.60814893,-0.00026350463,38.030003
2026-05-08,SH600037,8.18,8.2,222565.8,182872.2,True,True,False,False,False,0.19829397,0.004901961,8.18
2026-05-11,SH600000,9.07,9.09,1302872.1,1181564.0,True,True,False,False,False,0.649009,0.0022050717,9.07
2026-05-11,SH600004,8.570001,8.58,103590.15,88594.016,True,True,False,False,False,0.3068931,-0.0011641444,8.570001
2026-05-11,SH600006,6.85,6.86,230547.19,156827.23,True,True,False,False,False,0.7571995,-0.0043541365,6.85
2026-05-11,SH600007,21.7,22.300001,33090.5,73293.625,True,True,False,False,False,0.30865508,0.02764977,21.7
2026-05-11,SH600008,3.1,3.11,681069.9,211575.47,True,True,False,False,False,0.5866045,0.0032258064,3.1
2026-05-11,SH600009,27.18,27.23,110613.54,299974.25,True,True,False,False,False,0.21362492,0.0014711291,27.18
2026-05-11,SH600010,2.79,2.8799999,14048503.0,4021090.2,True,True,False,False,False,1.3123915,0.039711192,2.79
2026-05-11,SH600011,7.29,7.48,1783431.2,1330739.8,True,True,False,False,False,0.38783777,0.030303031,7.29
2026-05-11,SH600012,15.78,15.94,46361.37,73373.62,True,True,False,False,False,0.69284064,0.01270648,15.78
2026-05-11,SH600015,6.65,6.6400003,848626.8,562690.75,True,True,False,False,False,0.8661218,-0.003003003,6.65
2026-05-11,SH600016,3.69,3.69,1761001.4,649153.4,True,True,False,False,False,1.9773269,0.0,3.69
2026-05-11,SH600017,2.9799998,2.97,292131.88,86743.94,True,True,False,False,False,0.5622113,-0.0033557047,2.9799998
2026-05-11,SH600018,5.11,5.11,459943.34,234701.6,True,True,False,False,False,0.446122,0.0,5.11
2026-05-11,SH600019,6.3999996,6.4999995,1501720.9,967653.44,True,True,False,False,False,0.56233424,0.014040561,6.3999996
2026-05-11,SH600020,4.01,3.94,179665.72,70879.24,True,True,False,False,False,0.60953677,-0.017456358,4.01
2026-05-11,SH600021,17.88,18.08,572967.5,1040060.7,True,True,False,False,False,0.27240205,0.011185682,17.88
2026-05-11,SH600022,1.4599999,1.45,858647.4,124413.984,True,True,False,False,False,0.9433962,0.0,1.4599999
2026-05-11,SH600023,5.9,5.92,577869.6,341554.97,True,True,False,False,False,0.22522523,0.010238908,5.9
2026-05-11,SH600025,9.599999,9.61,329637.06,316434.0,True,True,False,False,False,0.3948878,0.0020855058,9.599999
2026-05-11,SH600026,23.0,22.38,888746.3,1975337.6,True,True,False,False,False,0.42639825,-0.04440649,23.0
2026-05-11,SH600027,5.13,5.2300005,1646083.1,860933.25,True,True,False,False,False,0.5083244,0.019493178,5.13
2026-05-11,SH600028,5.2299995,5.21,3320028.8,1729980.9,True,True,False,False,False,1.0433359,-0.0019157088,5.2299995
2026-05-11,SH600029,5.65,5.65,1276318.2,717465.94,True,True,False,False,False,0.4388286,-0.010507881,5.65
2026-05-11,SH600030,26.829998,27.33,1961411.0,5325456.0,True,True,False,False,False,1.3247563,0.014100186,26.829998
2026-05-11,SH600031,21.4,21.84,2357329.5,5168611.5,True,True,False,False,False,2.5183365,0.06380906,21.4
2026-05-11,SH600032,10.5,10.69,686066.06,726955.3,True,True,False,False,False,0.20468839,0.027884616,10.5
2026-05-11,SH600033,3.6599998,3.6599998,230015.22,84005.77,True,True,False,False,False,1.0021303,0.0,3.6599998
2026-05-11,SH600035,3.8899999,3.8899999,96318.16,37301.703,True,True,False,False,False,0.6040498,0.0,3.8899999
2026-05-11,SH600036,37.95,37.97,925489.3,3502977.2,True,True,False,False,False,0.60813785,0.0007907222,37.95
2026-05-11,SH600037,8.17,8.21,231044.98,188830.4,True,True,False,False,False,0.19830932,0.0012195122,8.17
2026-05-12,SH600000,9.08,9.03,777139.56,703348.4,True,True,False,False,False,0.6489904,-0.0066006603,9.08
2026-05-12,SH600004,8.59,8.53,116612.414,100037.36,True,True,False,False,False,0.30681628,-0.0058275056,8.59
2026-05-12,SH600006,6.83,6.72,152092.84,102720.62,True,True,False,False,False,0.7571691,-0.020408163,6.83
2026-05-12,SH600007,22.210001,21.84,34146.34,75227.18,True,True,False,False,False,0.30865142,-0.020627802,22.210001
2026-05-12,SH600008,3.11,3.13,964322.7,301512.66,True,True,False,False,False,0.58652425,0.006430868,3.11
2026-05-12,SH600009,27.230001,27.01,100455.19,271776.7,True,True,False,False,False,0.2136271,-0.008079324,27.230001
2026-05-12,SH600010,2.88,2.77,10616179.0,2965784.0,True,True,False,False,False,1.3126128,-0.038194444,2.88
2026-05-12,SH600011,7.53,7.6400003,2197752.0,1669078.0,True,True,False,False,False,0.38787213,0.021390375,7.53
2026-05-12,SH600012,15.880001,16.04,36021.72,57811.617,True,True,False,False,False,0.69284064,0.0062735258,15.880001
2026-05-12,SH600015,6.6399994,6.58,993620.4,655402.3,True,True,False,False,False,0.86615515,-0.009036144,6.6399994
2026-05-12,SH600016,3.6899998,3.68,1175353.1,433091.88,True,True,False,False,False,1.9772829,-0.0027100272,3.6899998
2026-05-12,SH600017,2.9799998,2.97,309945.16,92127.6,True,True,False,False,False,0.5622113,0.0,2.9799998
2026-05-12,SH600018,5.1099997,5.14,476340.25,244580.77,True,True,False,False,False,0.44608483,0.0058708414,5.1099997
2026-05-12,SH600019,6.5,6.4300003,892413.1,577962.3,True,True,False,False,False,0.56232715,-0.01076923,6.5
2026-05-12,SH600020,3.96,3.95,154949.89,61431.56,True,True,False,False,False,0.60932255,0.002538071,3.96
2026-05-12,SH600021,18.08,17.89,552082.2,991832.5,True,True,False,False,False,0.27239382,-0.010508849,18.08
2026-05-12,SH600022,1.45,1.4300001,710959.2,102342.05,True,True,False,False,False,0.9433962,-0.013793103,1.45
2026-05-12,SH600023,5.92,5.97,654013.44,390992.4,True,True,False,False,False,0.22522523,0.008445946,5.92
2026-05-12,SH600025,9.61,9.62,374736.34,361532.78,True,True,False,False,False,0.3948105,0.0010405828,9.61
2026-05-12,SH600026,22.220001,22.15,473652.88,1057395.8,True,True,False,False,False,0.42645353,-0.010277033,22.220001
2026-05-12,SH600027,5.24,5.33,1882062.0,1002068.8,True,True,False,False,False,0.50835544,0.019120459,5.24
2026-05-12,SH600028,5.22,5.2,2695960.8,1403417.9,True,True,False,False,False,1.043578,-0.0019193857,5.22
2026-05-12,SH600029,5.6400003,5.6,1017557.1,571925.25,True,True,False,False,False,0.43860456,-0.0088495575,5.6400003
2026-05-12,SH600030,27.349998,27.219997,1281736.5,3496454.8,True,True,False,False,False,1.3247569,-0.004024881,27.349998
2026-05-12,SH600031,21.689999,21.359999,1081555.6,2318943.0,True,True,False,False,False,2.518331,-0.021978023,21.689999
2026-05-12,SH600032,10.63,11.440001,1281536.6,1404578.1,True,True,False,False,False,0.20477048,0.070159025,10.63
2026-05-12,SH600033,3.6699998,3.65,229571.64,84184.32,True,True,False,False,False,1.0020896,-0.0027322404,3.6699998
2026-05-12,SH600035,3.8899999,3.86,78880.016,30522.635,True,True,False,False,False,0.6040651,-0.0077120825,3.8899999
2026-05-12,SH600036,37.98,37.899998,967299.4,3673345.2,True,True,False,False,False,0.60814726,-0.0018435607,37.98
2026-05-12,SH600037,8.17,8.089999,208121.92,168798.33,True,True,False,False,False,0.19829641,-0.014616322,8.17
2026-05-13,SH600000,9.04,9.03,842643.4,760849.25,True,True,False,False,False,0.6489904,0.0,9.04
2026-05-13,SH600004,8.539999,8.5199995,72554.39,61830.516,True,True,False,False,False,0.306774,-0.0011723329,8.539999
2026-05-13,SH600006,6.74,6.78,168024.8,113159.07,True,True,False,False,False,0.75726676,0.008928572,6.74
2026-05-13,SH600007,21.78,21.650002,25691.5,55463.23,True,True,False,False,False,0.30865824,-0.008699634,21.78
2026-05-13,SH600008,3.13,3.1499999,840311.2,264595.34,True,True,False,False,False,0.5866273,0.0063897762,3.13
2026-05-13,SH600009,27.019999,26.83,119949.93,322345.2,True,True,False,False,False,0.21364044,-0.0066641984,27.019999
2026-05-13,SH600010,2.75,2.8,7505452.0,2094374.4,True,True,False,False,False,1.3125,0.010830325,2.75
2026-05-13,SH600011,7.6400003,7.7,2568375.0,1975893.0,True,True,False,False,False,0.38780135,0.007853403,7.6400003
2026-05-13,SH600012,16.08,15.919999,36878.0,58516.74,True,True,False,False,False,0.69284064,-0.0074812965,16.08
2026-05-13,SH600015,6.5899997,6.5699997,663720.3,436320.84,True,True,False,False,False,0.8661962,-0.0015197569,6.5899997
2026-05-13,SH600016,3.68,3.65,1706876.5,625557.06,True,True,False,False,False,1.9772968,-0.008152174,3.68
2026-05-13,SH600017,2.97,2.96,376036.47,111070.71,True,True,False,False,False,0.5625393,-0.0033670033,2.97
2026-05-13,SH600018,5.1299996,5.12,505274.44,258260.77,True,True,False,False,False,0.44628134,-0.0038910506,5.1299996
2026-05-13,SH600019,6.44,6.3500004,941694.9,599847.06,True,True,False,False,False,0.56242967,-0.01244168,6.44
2026-05-13,SH600020,3.96,3.95,118840.516,46983.58,True,True,False,False,False,0.60932255,0.0,3.96
2026-05-13,SH600021,17.910002,18.22,1007048.06,1843274.8,True,True,False,False,False,0.27239797,0.01844606,17.910002
2026-05-13,SH600022,1.4300001,1.44,689553.8,98721.336,True,True,False,False,False,0.9433962,0.006993007,1.4300001
2026-05-13,SH600023,5.99,6.0,962947.2,580640.2,True,True,False,False,False,0.22522523,0.0050251256,5.99
2026-05-13,SH600025,9.6,9.63,482105.78,465504.94,True,True,False,False,False,0.39473334,0.001039501,9.6
2026-05-13,SH600026,22.050001,22.45,531677.7,1196012.5,True,True,False,False,False,0.42647323,0.013544018,22.050001
2026-05-13,SH600027,5.32,5.39,1907767.1,1026035.2,True,True,False,False,False,0.50845575,0.011257036,5.32
2026-05-13,SH600028,5.2,5.17,2381021.5,1233491.0,True,True,False,False,False,1.0434227,-0.005769231,5.2
2026-05-13,SH600029,5.6,5.62,978771.2,545906.6,True,True,False,False,False,0.4388781,0.0035714286,5.6
2026-05-13,SH600030,27.15,27.15,1222137.1,3311273.5,True,True,False,False,False,1.324717,-0.0025716384,27.15
2026-05-13,SH600031,21.199999,21.390001,861020.2,1836546.5,True,True,False,False,False,2.5183327,0.0014044944,21.199999
2026-05-13,SH600032,11.3,11.440001,1311183.8,1532696.8,True,True,False,False,False,0.20477048,0.0,11.3
2026-05-13,SH600033,3.65,3.65,191839.25,69951.67,True,True,False,False,False,1.0020896,0.0,3.65
2026-05-13,SH600035,3.86,3.86,62814.78,24219.432,True,True,False,False,False,0.6040651,0.0,3.86
2026-05-13,SH600036,37.960003,37.88,718304.1,2723486.0,True,True,False,False,False,0.60814637,-0.0005277045,37.960003
2026-05-13,SH600037,8.09,8.13,217980.02,175824.61,True,True,False,False,False,0.19831516,0.0049443757,8.09
2026-05-14,SH600000,9.0199995,9.0199995,1214254.8,1094540.2,True,True,False,False,False,0.6490162,-0.0011074197,9.0199995
2026-05-14,SH600004,8.51,8.43,137386.0,115919.195,True,True,False,False,False,0.30679545,-0.01056338,8.51
2026-05-14,SH600006,6.8,6.65,143633.0,96088.81,True,True,False,False,False,0.7573041,-0.019174041,6.8
2026-05-14,SH600007,21.640001,21.02,29781.35,63332.812,True,True,False,False,False,0.30863297,-0.029099308,21.640001
2026-05-14,SH600008,3.1599998,3.11,870848.4,272122.5,True,True,False,False,False,0.5866045,-0.012698413,3.1599998
2026-05-14,SH600009,26.820002,26.52,114561.2,305136.12,True,True,False,False,False,0.21362391,-0.01155423,26.820002
2026-05-14,SH600010,2.78,2.68,8235855.5,2243922.8,True,True,False,False,False,1.3123834,-0.042857144,2.78
2026-05-14,SH600011,7.7200003,7.53,2689696.0,2071018.0,True,True,False,False,False,0.3877939,-0.022077922,7.7200003
2026-05-14,SH600012,15.820001,15.900001,26904.51,42865.867,True,True,False,False,False,0.69284064,-0.0012562814,15.820001
2026-05-14,SH600015,6.56,6.58,726177.75,476956.7,True,True,False,False,False,0.86615515,0.00152207,6.56
2026-05-14,SH600016,3.65,3.64,2240357.2,816692.44,True,True,False,False,False,1.9772522,-0.002739726,3.65
2026-05-14,SH600017,2.9499998,2.8999999,515293.03,150213.81,True,True,False,False,False,0.5624165,-0.02027027,2.9499998
2026-05-14,SH600018,5.13,5.11,601426.1,308777.2,True,True,False,False,False,0.446122,-0.001953125,5.13
2026-05-14,SH600019,6.36,6.3500004,914542.8,583208.1,True,True,False,False,False,0.56242967,0.0,6.36
2026-05-14,SH600020,3.9500003,3.91,107242.0,42186.625,True,True,False,False,False,0.6095146,-0.010126582,3.9500003
2026-05-14,SH600021,18.25,17.539999,806646.0,1444437.1,True,True,False,False,False,0.27237135,-0.037321623,18.25
2026-05-14,SH600022,1.4300001,1.41,960698.8,136408.17,True,True,False,False,False,0.9433962,-0.020833334,1.4300001
2026-05-14,SH600023,6.01,6.03,1012188.75,615551.94,True,True,False,False,False,0.22522523,0.005,6.01
2026-05-14,SH600025,9.64,9.570001,561886.06,542634.06,True,True,False,False,False,0.39486375,-0.0062305294,9.64
2026-05-14,SH600026,22.099998,22.809998,897152.7,2048732.8,True,True,False,False,False,0.42645672,0.016035635,22.099998
2026-05-14,SH600027,5.3999996,5.27,2773715.5,1497650.6,True,True,False,False,False,0.5082528,-0.02226345,5.3999996
2026-05-14,SH600028,5.18,5.1499996,3340500.0,1722188.5,True,True,False,False,False,1.0434667,-0.003868472,5.18
2026-05-14,SH600029,5.61,5.4900002,1133928.4,629381.9,True,True,False,False,False,0.4389424,-0.023131672,5.61
2026-05-14,SH600030,27.2,26.659998,1467588.6,3965396.8,True,True,False,False,False,1.3247324,-0.018047882,27.2
2026-05-14,SH600031,21.380001,20.609999,839832.7,1758397.4,True,True,False,False,False,2.5183318,-0.036465637,21.380001
2026-05-14,SH600032,11.29,10.710001,938675.44,1040737.2,True,True,False,False,False,0.20467593,-0.06381119,11.29
2026-05-14,SH600033,3.6599998,3.6,211526.67,76668.75,True,True,False,False,False,1.0021971,-0.01369863,3.6599998
2026-05-14,SH600035,3.86,3.83,73098.27,28155.51,True,True,False,False,False,0.6040807,-0.0077720205,3.86
2026-05-14,SH600036,37.809998,37.809998,867867.94,3286218.0,True,True,False,False,False,0.60815585,-0.0018479408,37.809998
2026-05-14,SH600037,8.13,7.8700004,228955.77,181824.08,True,True,False,False,False,0.19830148,-0.03198032,8.13
2026-05-15,SH600000,9.0,9.070001,1719825.9,1559276.6,True,True,False,False,False,0.64901716,0.005543237,9.0
2026-05-15,SH600004,8.440001,8.33,102071.87,85519.69,True,True,False,False,False,0.30677414,-0.011862396,8.440001
2026-05-15,SH600006,6.67,6.86,379898.38,260423.52,True,True,False,False,False,0.7571995,0.031578947,6.67
2026-05-15,SH600007,21.13,21.05,24517.41,51486.8,True,True,False,False,False,0.30865628,0.0014272121,21.13
2026-05-15,SH600008,3.11,3.08,921251.2,284356.4,True,True,False,False,False,0.58654034,-0.009646302,3.11
2026-05-15,SH600009,26.519999,26.07,134377.58,352807.2,True,True,False,False,False,0.21363206,-0.016968327,26.519999
2026-05-15,SH600010,2.69,2.65,8562470.0,2296095.5,True,True,False,False,False,1.3125,-0.01119403,2.69
2026-05-15,SH600011,7.47,7.53,1630851.1,1217660.6,True,True,False,False,False,0.3877939,0.0,7.47
2026-05-15,SH600012,15.85,15.880001,38695.0,61249.617,True,True,False,False,False,0.69284064,-0.0012578616,15.85
2026-05-15,SH600015,6.58,6.6000004,675071.5,445417.03,True,True,False,False,False,0.8660733,0.0030395137,6.58
2026-05-15,SH600016,3.64,3.61,1843423.0,668416.1,True,True,False,False,False,1.9772662,-0.008241759,3.64
2026-05-15,SH600017,2.89,2.8500001,403962.16,115268.36,True,True,False,False,False,0.5624915,-0.01724138,2.89
2026-05-15,SH600018,5.1200004,5.1000004,639249.0,326084.03,True,True,False,False,False,0.445962,-0.0019569471,5.1200004
2026-05-15,SH600019,6.36,6.22,1200539.0,754433.9,True,True,False,False,False,0.562305,-0.02047244,6.36
2026-05-15,SH600020,3.91,3.92,145403.42,56916.555,True,True,False,False,False,0.6096336,0.0025575447,3.91
2026-05-15,SH600021,17.390001,16.94,709348.25,1206165.6,True,True,False,False,False,0.27235007,-0.034207527,17.390001
2026-05-15,SH600022,1.41,1.38,1010949.75,140786.44,True,True,False,False,False,0.9433962,-0.021276595,1.41
2026-05-15,SH600023,6.0,6.07,953633.8,573649.9,True,True,False,False,False,0.22522523,0.006633499,6.0
2026-05-15,SH600025,9.5199995,9.509999,562045.0,528997.25,True,True,False,False,False,0.3946588,-0.0062695923,9.5199995
2026-05-15,SH600026,22.6,21.869999,617324.75,1367621.5,True,True,False,False,False,0.42645526,-0.041209996,22.6
2026-05-15,SH600027,5.24,5.3399997,1838202.5,971838.06,True,True,False,False,False,0.5082339,0.013282732,5.24
2026-05-15,SH600028,5.13,5.13,2813431.2,1444229.9,True,True,False,False,False,1.0435109,-0.0038834952,5.13
2026-05-15,SH600029,5.48,5.3700004,1430378.9,770923.7,True,True,False,False,False,0.43867227,-0.021857923,5.48
2026-05-15,SH600030,26.760002,26.35,1322317.6,3503094.0,True,True,False,False,False,1.324713,-0.011627907,26.760002
2026-05-15,SH600031,20.6,20.460001,861001.06,1772233.4,True,True,False,False,False,2.5183456,-0.0072780205,20.6
2026-05-15,SH600032,10.610001,10.190001,655384.7,674820.94,True,True,False,False,False,0.20462693,-0.048552755,10.610001
2026-05-15,SH600033,3.6,3.54,246041.17,87701.54,True,True,False,False,False,1.0022663,-0.016666668,3.6
2026-05-15,SH600035,3.84,3.8199997,107922.83,41316.125,True,True,False,False,False,0.60394263,-0.002610966,3.84
2026-05-15,SH600036,37.81,37.65,821737.94,3101358.5,True,True,False,False,False,0.608149,-0.004231685,37.81
2026-05-15,SH600037,7.86,7.82,225824.4,178733.28,True,True,False,False,False,0.19831085,-0.00635324,7.86
2026-05-18,SH600000,9.04,9.08,1223571.2,1109690.1,True,True,False,False,False,0.6489915,0.0011025359,9.04
2026-05-18,SH600004,8.33,8.3,84097.62,69873.445,True,True,False,False,False,0.3067814,-0.0036014405,8.33
2026-05-18,SH600006,6.84,6.5800004,284777.38,188815.84,True,True,False,False,False,0.75713736,-0.040816326,6.84
2026-05-18,SH600007,21.050001,21.68,51287.16,107353.8,True,True,False,False,False,0.30868083,0.029928742,21.050001
2026-05-18,SH600008,3.08,3.08,764651.6,234451.89,True,True,False,False,False,0.58654034,0.0,3.08
2026-05-18,SH600009,26.029999,25.57,123551.75,316661.0,True,True,False,False,False,0.21363258,-0.019179134,26.029999
2026-05-18,SH600010,2.63,2.5900002,5378282.0,1401281.1,True,True,False,False,False,1.3127413,-0.02264151,2.63
2026-05-18,SH600011,7.4700003,7.5000005,1397748.6,1044706.0,True,True,False,False,False,0.38787878,-0.003984064,7.4700003
2026-05-18,SH600012,15.7,15.64,37244.62,58284.7,True,True,False,False,False,0.69284064,-0.01511335,15.7
2026-05-18,SH600015,6.59,6.6000004,676162.56,447773.28,True,True,False,False,False,0.8660733,0.0,6.59
2026-05-18,SH600016,3.6100001,3.57,2433436.5,868093.56,True,True,False,False,False,1.9772348,-0.011080332,3.6100001
2026-05-18,SH600017,2.8300002,2.82,294929.6,83202.9,True,True,False,False,False,0.5624278,-0.010526316,2.8300002
2026-05-18,SH600018,5.09,5.06,508093.94,257133.55,True,True,False,False,False,0.4458373,-0.007843138,5.09
2026-05-18,SH600019,6.22,6.0899997,1357845.0,828130.0,True,True,False,False,False,0.56244457,-0.020900322,6.22
2026-05-18,SH600020,3.91,3.92,104163.86,40566.996,True,True,False,False,False,0.6096336,0.0,3.91
2026-05-18,SH600021,16.779999,16.769999,418584.03,701521.9,True,True,False,False,False,0.27235982,-0.010035419,16.779999
2026-05-18,SH600022,1.38,1.3900001,808970.0,111126.51,True,True,False,False,False,0.9433962,0.007246377,1.38
2026-05-18,SH600023,6.08,6.15,1029334.56,631469.0,True,True,False,False,False,0.22522523,0.013179571,6.08
2026-05-18,SH600025,9.46,9.530001,287968.34,274230.22,True,True,False,False,False,0.3948395,0.0021030493,9.46
2026-05-18,SH600026,21.41,21.48,524195.53,1115454.9,True,True,False,False,False,0.42643902,-0.017832648,21.41
2026-05-18,SH600027,5.3,5.38,1358777.1,726967.44,True,True,False,False,False,0.5081644,0.007490637,5.3
2026-05-18,SH600028,5.1299996,5.14,1940929.5,993664.06,True,True,False,False,False,1.0437119,0.0019493178,5.1299996
2026-05-18,SH600029,5.33,5.23,1349579.0,705628.8,True,True,False,False,False,0.43858784,-0.026070764,5.33
2026-05-18,SH600030,26.210001,26.159998,1018634.9,2665343.8,True,True,False,False,False,1.3247206,-0.0072106263,26.210001
2026-05-18,SH600031,20.4,19.39,1158029.0,2269724.2,True,True,False,False,False,2.518335,-0.052297164,20.4
2026-05-18,SH600032,10.0,11.209999,1154007.2,1258433.0,False,True,True,False,False,0.20473234,0.10009813,10.0
2026-05-18,SH600033,3.54,3.54,167111.5,59092.19,True,True,False,False,False,1.0022663,0.0,3.54
2026-05-18,SH600035,3.81,3.84,64287.684,24531.1,True,True,False,False,False,0.604218,0.005235602,3.81
2026-05-18,SH600036,37.65,37.469997,707684.06,2651016.8,True,True,False,False,False,0.6081413,-0.0047808765,37.65
2026-05-18,SH600037,7.83,7.9,253976.86,199971.84,True,True,False,False,False,0.19830482,0.010230179,7.83
2026-05-19,SH600000,9.08,8.95,1274568.5,1151104.5,True,True,False,False,False,0.6489798,-0.014317181,9.08
2026-05-19,SH600004,8.31,8.38,66204.6,55386.934,True,True,False,False,False,0.30685306,0.009638554,8.31
2026-05-19,SH600006,6.56,6.78,237485.34,158961.38,True,True,False,False,False,0.75726676,0.030395137,6.56
2026-05-19,SH600007,21.68,20.95,32532.158,68754.77,True,True,False,False,False,0.308667,-0.033671588,21.68
2026-05-19,SH600008,3.08,3.1499999,1060015.6,331447.7,True,True,False,False,False,0.5866273,0.022727273,3.08
2026-05-19,SH600009,25.550001,25.71,68772.6,176369.97,True,True,False,False,False,0.2136335,0.0054751663,25.550001
2026-05-19,SH600010,2.5900002,2.6100001,4998878.0,1292984.5,True,True,False,False,False,1.3122605,0.0077220076,2.5900002
2026-05-19,SH600011,7.4900002,7.82,2057376.0,1582301.6,True,True,False,False,False,0.38785052,0.042666666,7.4900002
2026-05-19,SH600012,15.51,15.929999,33232.74,52796.04,True,True,False,False,False,0.69284064,0.0185422,15.51
2026-05-19,SH600015,6.6,6.6499996,727879.0,485249.28,True,True,False,False,False,0.8660813,0.007575758,6.6
2026-05-19,SH600016,3.5600002,3.58,1522458.0,542981.8,True,True,False,False,False,1.9772804,0.0028011205,3.5600002
2026-05-19,SH600017,2.82,2.8500001,357766.16,101233.41,True,True,False,False,False,0.5624915,0.010638298,2.82
2026-05-19,SH600018,5.06,5.1499996,650394.75,333946.66,True,True,False,False,False,0.44624332,0.01778656,5.06
2026-05-19,SH600019,6.09,6.0400004,908588.7,548298.1,True,True,False,False,False,0.56220704,-0.00821018,6.09
2026-05-19,SH600020,3.92,3.97,106750.27,42369.14,True,True,False,False,False,0.6095586,0.0127551025,3.92
2026-05-19,SH600021,16.800001,18.45,779935.75,1404188.5,False,True,True,False,False,0.27237803,0.10017889,16.800001
2026-05-19,SH600022,1.3900001,1.3900001,533075.4,74079.28,True,True,False,False,False,0.9433962,0.0,1.3900001
2026-05-19,SH600023,6.15,6.7,2706526.0,1765512.5,True,True,False,False,False,0.22522523,0.08943089,6.15
2026-05-19,SH600025,9.55,9.9,629029.1,616828.25,True,True,False,False,False,0.39465165,0.038824763,9.55
2026-05-19,SH600026,21.800001,21.69,442407.6,963549.8,True,True,False,False,False,0.4264638,0.009776536,21.800001
2026-05-19,SH600027,5.3599997,5.4999995,2092749.9,1147910.0,True,True,False,False,False,0.5083653,0.022304833,5.3599997
2026-05-19,SH600028,5.12,5.13,1698525.2,870153.06,True,True,False,False,False,1.0435109,-0.0019455253,5.12
2026-05-19,SH600029,5.25,5.35,839062.4,445796.94,True,True,False,False,False,0.43886694,0.022944551,5.25
2026-05-19,SH600030,26.12,26.27,962248.9,2511758.5,True,True,False,False,False,1.3247201,0.004204893,26.12
2026-05-19,SH600031,19.52,19.310001,755236.6,1450043.1,True,True,False,False,False,2.518338,-0.004125838,19.52
2026-05-19,SH600032,11.03,11.41,1190995.9,1336516.0,True,True,False,False,False,0.20478822,0.017841212,11.03
2026-05-19,SH600033,3.5400002,3.5800002,205619.0,73405.06,True,True,False,False,False,1.0021147,0.011299435,3.5400002
2026-05-19,SH600035,3.8400002,3.8700001,99476.42,38483.805,True,True,False,False,False,0.6042014,0.0078125,3.8400002
2026-05-19,SH600036,37.480003,37.37,719910.0,2698787.2,True,True,False,False,False,0.60813695,-0.0026688017,37.480003
2026-05-19,SH600037,7.86,8.1,201388.97,161255.7,True,True,False,False,False,0.19831195,0.025316456,7.86
2026-05-20,SH600000,8.93,8.94,943752.6,843138.8,True,True,False,False,False,0.6490058,-0.0011173184,8.93
2026-05-20,SH600004,8.36,8.309999,54943.03,45599.965,True,True,False,False,False,0.30682483,-0.008353222,8.36
2026-05-20,SH600006,6.77,6.7099996,174563.92,116734.13,True,True,False,False,False,0.7571029,-0.010324484,6.77
2026-05-20,SH600007,21.16,21.07,18625.86,38996.81,True,True,False,False,False,0.3086277,0.0057279235,21.16
2026-05-20,SH600008,3.1499999,3.12,826667.4,256947.47,True,True,False,False,False,0.58656424,-0.00952381,3.1499999
2026-05-20,SH600009,25.630001,25.75,117645.9,300389.78,True,True,False,False,False,0.21364507,0.0015558149,25.630001
2026-05-20,SH600010,2.6,2.6,5058603.5,1312667.1,True,True,False,False,False,1.3125,-0.0038314175,2.6
2026-05-20,SH600011,7.79,7.4700003,1856148.8,1404553.5,True,True,False,False,False,0.38786623,-0.044757035,7.79
2026-05-20,SH600012,16.050001,16.06,30931.729,49759.29,True,True,False,False,False,0.69284064,0.008160703,16.050001
2026-05-20,SH600015,6.66,6.6699996,515530.44,343447.25,True,True,False,False,False,0.8660006,0.0030075188,6.66
2026-05-20,SH600016,3.58,3.56,1224727.4,436853.56,True,True,False,False,False,1.9773405,-0.005586592,3.58
2026-05-20,SH600017,2.8400002,2.7900002,306874.6,86058.055,True,True,False,False,False,0.5623628,-0.021052632,2.8400002
2026-05-20,SH600018,5.15,5.11,412413.34,211557.2,True,True,False,False,False,0.446122,-0.0077669905,5.15
2026-05-20,SH600019,6.02,5.97,760499.75,455641.97,True,True,False,False,False,0.562198,-0.011589404,6.02
2026-05-20,SH600020,3.9600003,3.91,116619.98,45772.38,True,True,False,False,False,0.6095146,-0.01511335,3.9600003
2026-05-20,SH600021,19.68,18.68,2027499.6,3859718.8,True,True,False,False,False,0.2723586,0.012466124,19.68
2026-05-20,SH600022,1.3900001,1.36,625118.9,85666.27,True,True,False,False,False,0.9433962,-0.021582734,1.3900001
2026-05-20,SH600023,6.47,6.03,2182957.0,1349064.4,True,False,False,True,False,0.22522523,-0.1,6.47
2026-05-20,SH600025,9.900001,9.45,565041.5,542364.06,True,True,False,False,False,0.39479038,-0.045454547,9.900001
2026-05-20,SH600026,21.490002,22.64,575624.5,1278908.9,True,True,False,False,False,0.4264755,0.043798987,21.490002
2026-05-20,SH600027,5.5,5.2300005,1834095.9,973740.5,True,True,False,False,False,0.5083244,-0.04909091,5.5
2026-05-20,SH600028,5.1300006,5.1,1795444.5,918779.06,True,True,False,False,False,1.0433531,-0.0058479533,5.1300006
2026-05-20,SH600029,5.3199997,5.29,612284.25,322540.6,True,True,False,False,False,0.4389726,-0.011214953,5.3199997
2026-05-20,SH600030,26.179998,26.079998,959271.0,2507438.0,True,True,False,False,False,1.3247279,-0.0072325845,26.179998
2026-05-20,SH600031,19.32,19.400002,719779.1,1389019.5,True,True,False,False,False,2.5183437,0.0046607973,19.32
2026-05-20,SH600032,11.42,10.55,784393.0,845738.4,True,True,False,False,False,0.20477688,-0.07537248,11.42
2026-05-20,SH600033,3.5799997,3.55,183046.0,64844.035,True,True,False,False,False,1.0019894,-0.008379889,3.5799997
2026-05-20,SH600035,3.87,3.84,81149.195,31259.342,True,True,False,False,False,0.604218,-0.007751938,3.87
2026-05-20,SH600036,37.37,37.17,693184.25,2582330.0,True,True,False,False,False,0.6081535,-0.0053518866,37.37
2026-05-20,SH600037,8.03,7.96,222368.84,176784.7,True,True,False,False,False,0.19831142,-0.01728395,8.03
2026-05-21,SH600000,8.94,8.860001,825487.94,736026.56,True,True,False,False,False,0.6489952,-0.008948546,8.94
2026-05-21,SH600004,8.31,8.280001,90059.26,75183.33,True,True,False,False,False,0.30683228,-0.0036101083,8.31
2026-05-21,SH600006,6.6699996,6.5499997,190344.0,126580.13,True,True,False,False,False,0.7572397,-0.023845008,6.6699996
2026-05-21,SH600007,20.94,20.95,16510.79,34778.133,True,True,False,False,False,0.308667,-0.0056953016,20.94
2026-05-21,SH600008,3.1200001,3.0500002,860946.7,266142.1,True,True,False,False,False,0.5866631,-0.022435898,3.1200001
2026-05-21,SH600009,25.81,25.6,120126.96,311060.16,True,True,False,False,False,0.2136214,-0.0058252425,25.81
2026-05-21,SH600010,2.6000001,2.54,6163882.0,1592531.9,True,True,False,False,False,1.312746,-0.023076924,2.6000001
2026-05-21,SH600011,7.4300003,7.32,1433117.2,1061338.8,True,True,False,False,False,0.38780186,-0.02008032,7.4300003
2026-05-21,SH600012,16.07,16.21,48960.0,79299.08,True,True,False,False,False,0.69284064,0.009339975,16.07
2026-05-21,SH600015,6.6600003,6.7000003,761495.2,509998.1,True,True,False,False,False,0.8660891,0.004497751,6.6600003
2026-05-21,SH600016,3.56,3.53,1625293.5,577936.6,True,True,False,False,False,1.9773555,-0.008426966,3.56
2026-05-21,SH600017,2.7900002,2.7900002,244337.94,68493.266,True,True,False,False,False,0.5623628,0.0,2.7900002
2026-05-21,SH600018,5.11,5.09,486161.12,249217.16,True,True,False,False,False,0.44631982,-0.0039138943,5.11
2026-05-21,SH600019,5.99,5.94,891941.06,534021.25,True,True,False,False,False,0.56227297,-0.0050251256,5.99
2026-05-21,SH600020,3.9099998,3.8999999,141869.12,55888.45,True,True,False,False,False,0.60939497,-0.0025575447,3.9099998
2026-05-21,SH600021,18.5,17.949999,1115765.5,2052142.6,True,True,False,False,False,0.27238292,-0.03907923,18.5
2026-05-21,SH600022,1.36,1.34,1087581.9,147865.77,True,True,False,False,False,0.9433962,-0.014705882,1.36
2026-05-21,SH600023,5.9,5.71,1623022.5,947351.1,True,True,False,False,False,0.22522523,-0.053067993,5.9
2026-05-21,SH600025,9.43,9.33,425783.1,399947.4,True,True,False,False,False,0.39471516,-0.012698413,9.43
2026-05-21,SH600026,22.63,22.62,811558.44,1885418.6,True,True,False,False,False,0.4264543,-0.00088339223,22.63
2026-05-21,SH600027,5.2000003,5.13,1208497.6,627338.1,True,True,False,False,False,0.50829214,-0.019120459,5.2000003
2026-05-21,SH600028,5.0800004,5.03,2526286.8,1278631.4,True,True,False,False,False,1.0437375,-0.01372549,5.0800004
2026-05-21,SH600029,5.3999996,5.3700004,1403056.6,760452.25,True,True,False,False,False,0.43867227,0.015122874,5.3999996
2026-05-21,SH600030,26.279999,26.220001,2297861.2,6134096.0,True,True,False,False,False,1.3247342,0.005368098,26.279999
2026-05-21,SH600031,19.5,18.96,1251116.8,2442967.2,True,True,False,False,False,2.5183485,-0.022680413,19.5
2026-05-21,SH600032,10.55,10.949999,1062049.2,1181855.5,True,True,False,False,False,0.20471089,0.037914693,10.55
2026-05-21,SH600033,3.5500002,3.5600002,273091.88,97949.88,True,True,False,False,False,1.0020313,0.0028169013,3.5500002
2026-05-21,SH600035,3.84,3.83,99738.01,38488.277,True,True,False,False,False,0.6040807,-0.0026041667,3.84
2026-05-21,SH600036,37.18,37.15,725199.7,2698141.5,True,True,False,False,False,0.6081526,-0.00053806836,37.18
2026-05-21,SH600037,7.96,7.6,241286.67,189450.39,True,True,False,False,False,0.19831653,-0.04522613,7.96
2026-05-22,SH600000,8.88,8.96,990033.56,883300.25,True,True,False,False,False,0.6489975,0.0112866815,8.88
2026-05-22,SH600004,8.299999,8.2300005,75933.78,62699.117,True,True,False,False,False,0.30689117,-0.006038647,8.299999
2026-05-22,SH600006,6.58,6.4999995,139656.72,90987.09,True,True,False,False,False,0.75720674,-0.007633588,6.58
2026-05-22,SH600007,20.96,21.24,20743.271,43654.445,True,True,False,False,False,0.30864927,0.013842482,20.96
2026-05-22,SH600008,3.06,3.06,696860.25,213212.89,True,True,False,False,False,0.58662194,0.0032786885,3.06
2026-05-22,SH600009,25.58,25.200003,106884.57,270299.3,True,True,False,False,False,0.21363783,-0.015625,25.58
2026-05-22,SH600010,2.52,2.53,5066503.5,1279276.2,True,True,False,False,False,1.3123765,-0.003937008,2.52
2026-05-22,SH600011,7.3,7.32,1054542.4,770340.94,True,True,False,False,False,0.38780186,0.0,7.3
2026-05-22,SH600012,16.199999,15.72,54892.87,86968.86,True,True,False,False,False,0.69284064,-0.030228253,16.199999
2026-05-22,SH600015,6.69,6.75,728607.25,489116.5,True,True,False,False,False,0.86609685,0.0074626864,6.69
2026-05-22,SH600016,3.53,3.52,1477993.0,520010.22,True,True,False,False,False,1.9773095,-0.0028328612,3.53
2026-05-22,SH600017,2.8000002,2.78,216299.77,60072.457,True,True,False,False,False,0.5627126,-0.0035842294,2.8000002
2026-05-22,SH600018,5.1,5.11,448049.56,227355.17,True,True,False,False,False,0.446122,0.003929273,5.1
2026-05-22,SH600019,5.9499993,5.9,760927.75,449062.9,True,True,False,False,False,0.562467,-0.0067340066,5.9499993
2026-05-22,SH600020,3.91,3.92,151795.38,59367.367,True,True,False,False,False,0.6096336,0.0051282053,3.91
2026-05-22,SH600021,17.8,17.599998,671614.8,1181361.9,True,True,False,False,False,0.2723603,-0.019498607,17.8
2026-05-22,SH600022,1.34,1.34,616831.9,82794.23,True,True,False,False,False,0.9433962,0.0,1.34
2026-05-22,SH600023,5.69,5.75,912797.94,523612.38,True,True,False,False,False,0.22522523,0.007005254,5.69
2026-05-22,SH600025,9.33,9.2300005,388985.22,359502.75,True,True,False,False,False,0.39482456,-0.010718114,9.33
2026-05-22,SH600026,23.2,22.800001,599607.94,1359833.8,True,True,False,False,False,0.42644617,0.00795756,23.2
2026-05-22,SH600027,5.15,5.13,893853.44,459347.6,True,True,False,False,False,0.50829214,0.0,5.15
2026-05-22,SH600028,5.0200005,4.9600005,2612370.0,1300936.0,True,True,False,False,False,1.0436704,-0.013916501,5.0200005
2026-05-22,SH600029,5.3799996,5.29,958713.5,508669.28,True,True,False,False,False,0.4389726,-0.014897579,5.3799996
2026-05-22,SH600030,26.38,25.87,1410868.9,3664845.8,True,True,False,False,False,1.3247567,-0.013348589,26.38
2026-05-22,SH600031,19.300001,18.96,672576.8,1272983.0,True,True,False,False,False,2.5183485,0.0,19.300001
2026-05-22,SH600032,10.55,10.32,849302.3,884965.06,True,True,False,False,False,0.20473559,-0.057534248,10.55
2026-05-22,SH600033,3.57,3.54,181024.8,64233.344,True,True,False,False,False,1.0022663,-0.0056179776,3.57
2026-05-22,SH600035,3.8299997,3.8199997,103898.55,39715.0,True,True,False,False,False,0.60394263,-0.002610966,3.8299997
2026-05-22,SH600036,37.1,37.02,797617.1,2961273.2,True,True,False,False,False,0.60815966,-0.003499327,37.1
2026-05-22,SH600037,7.66,7.5899997,227669.69,171849.84,True,True,False,False,False,0.19829996,-0.0013157895,7.66
2026-05-25,SH600000,8.940001,9.08,925989.6,839416.3,True,True,False,False,False,0.6489915,0.013392857,8.940001
2026-05-25,SH600004,8.379999,8.289999,71696.84,59530.63,True,True,False,False,False,0.30687577,0.007290401,8.379999
2026-05-25,SH600006,6.4500003,6.36,164292.02,104981.62,True,True,False,False,False,0.75717473,-0.02153846,6.4500003
2026-05-25,SH600007,21.11,21.21,18598.15,39212.816,True,True,False,False,False,0.30862617,-0.0014124294,21.11
2026-05-25,SH600008,3.06,3.08,464020.47,142492.33,True,True,False,False,False,0.58654034,0.006535948,3.06
2026-05-25,SH600009,25.480001,25.55,105657.94,270447.88,True,True,False,False,False,0.21364005,0.013888889,25.480001
2026-05-25,SH600010,2.54,2.53,5021277.0,1271199.5,True,True,False,False,False,1.3123765,0.0,2.54
2026-05-25,SH600011,7.3,7.4600005,1385092.0,1030128.2,True,True,False,False,False,0.3877965,0.019125683,7.3
2026-05-25,SH600012,15.72,16.0,41305.0,64998.043,True,True,False,False,False,0.69284064,0.017811704,15.72
2026-05-25,SH600015,6.73,6.75,541858.8,366923.3,True,True,False,False,False,0.86609685,0.0,6.73
2026-05-25,SH600016,3.52,3.52,1204608.5,425123.8,True,True,False,False,False,1.9773095,0.0,3.52
2026-05-25,SH600017,2.7900002,2.7900002,201583.75,56280.39,True,True,False,False,False,0.5623628,0.0035971224,2.7900002
2026-05-25,SH600018,5.1,5.08,409096.72,208462.55,True,True,False,False,False,0.4461596,-0.0058708414,5.1
2026-05-25,SH600019,5.9100003,5.95,709142.6,421823.44,True,True,False,False,False,0.5624319,0.008474576,5.9100003
2026-05-25,SH600020,3.9399998,3.96,125976.22,49770.605,True,True,False,False,False,0.60944086,0.010204081,3.9399998
2026-05-25,SH600021,17.61,18.539999,1132878.0,2082146.4,True,True,False,False,False,0.27236226,0.053409092,17.61
2026-05-25,SH600022,1.35,1.35,773514.8,104501.91,True,True,False,False,False,0.9433962,0.0074626864,1.35
2026-05-25,SH600023,5.72,5.91,1015321.5,591901.75,True,True,False,False,False,0.22522523,0.027826088,5.72
2026-05-25,SH600025,9.2300005,9.32,266576.12,247374.11,True,True,False,False,False,0.39479476,0.009750812,9.2300005
2026-05-25,SH600026,23.1,21.880001,978163.44,2209800.8,True,True,False,False,False,0.42646623,-0.040350877,23.1
2026-05-25,SH600027,5.11,5.1700006,879149.0,452161.44,True,True,False,False,False,0.5082194,0.007797271,5.11
2026-05-25,SH600028,4.9599996,4.92,2009775.9,994113.44,True,True,False,False,False,1.0437645,-0.008064516,4.9599996
2026-05-25,SH600029,5.4300003,5.54,2020953.0,1113305.0,True,True,False,False,False,0.43870258,0.04725898,5.4300003
2026-05-25,SH600030,26.05,26.19,1287794.0,3365988.2,True,True,False,False,False,1.3247274,0.01236954,26.05
2026-05-25,SH600031,19.11,18.83,727837.6,1377019.6,True,True,False,False,False,2.5183318,-0.00685654,19.11
2026-05-25,SH600032,10.219999,9.929999,850167.2,843231.44,True,True,False,False,False,0.20479994,-0.037790697,10.219999
2026-05-25,SH600033,3.54,3.53,167571.8,59174.95,True,True,False,False,False,1.0022247,-0.0028248588,3.54
2026-05-25,SH600035,3.82,3.83,61895.96,23701.738,True,True,False,False,False,0.6040807,0.002617801,3.82
2026-05-25,SH600036,37.010002,36.94,710668.3,2631256.8,True,True,False,False,False,0.6081562,-0.002160994,37.010002
2026-05-25,SH600037,7.69,7.6499996,188964.0,145121.89,True,True,False,False,False,0.19830686,0.007905139,7.69
2026-05-26,SH600000,9.1,9.27,1464374.5,1356643.9,True,True,False,False,False,0.6489789,0.02092511,9.1
2026-05-26,SH600004,8.289999,8.309999,63754.855,52865.676,True,True,False,False,False,0.30682483,0.0024125453,8.289999
2026-05-26,SH600006,6.35,6.35,143995.0,91437.56,True,True,False,False,False,0.75710475,-0.001572327,6.35
2026-05-26,SH600007,21.19,21.31,16817.648,35661.03,True,True,False,False,False,0.3086811,0.004714757,21.19
2026-05-26,SH600008,3.07,3.09,586296.2,180460.47,True,True,False,False,False,0.5864999,0.0032467532,3.07
2026-05-26,SH600009,25.4,25.609999,101618.72,259641.66,True,True,False,False,False,0.21364422,0.0023483366,25.4
2026-05-26,SH600010,2.52,2.48,7145430.0,1772347.5,True,True,False,False,False,1.312374,-0.019762846,2.52
2026-05-26,SH600011,7.4600005,7.51,1296075.6,969185.0,True,True,False,False,False,0.3878504,0.006702413,7.4600005
2026-05-26,SH600012,15.919999,16.400002,70738.96,115668.73,True,True,False,False,False,0.69284064,0.025,15.919999
2026-05-26,SH600015,6.75,6.75,680733.94,459141.47,True,True,False,False,False,0.86609685,0.0,6.75
2026-05-26,SH600016,3.51,3.52,1198614.4,421956.28,True,True,False,False,False,1.9773095,0.0,3.51
2026-05-26,SH600017,2.7900002,2.7900002,156969.22,43627.86,True,True,False,False,False,0.5623628,0.0,2.7900002
2026-05-26,SH600018,5.09,5.08,374397.22,190384.94,True,True,False,False,False,0.4461596,0.0,5.09
2026-05-26,SH600019,5.94,6.0400004,1055326.5,632486.75,True,True,False,False,False,0.56220704,0.01512605,5.94
2026-05-26,SH600020,3.96,3.9900002,156026.23,62149.98,True,True,False,False,False,0.6094633,0.007575758,3.96
2026-05-26,SH600021,18.480001,20.390001,1593929.1,3161743.5,False,True,True,False,False,0.27237043,0.09978425,18.480001
2026-05-26,SH600022,1.35,1.35,726982.94,98169.67,True,True,False,False,False,0.9433962,0.0,1.35
2026-05-26,SH600023,5.89,6.08,1050928.6,634418.8,True,True,False,False,False,0.22522523,0.028764805,5.89
2026-05-26,SH600025,9.309999,9.5,372589.53,352266.16,True,True,False,False,False,0.39473686,0.019313306,9.309999
2026-05-26,SH600026,21.570002,21.230001,767965.5,1633133.4,True,True,False,False,False,0.4264745,-0.029707495,21.570002
2026-05-26,SH600027,5.1900005,5.1800003,1002476.4,517930.0,True,True,False,False,False,0.50852245,0.001934236,5.1900005
2026-05-26,SH600028,4.92,4.87,3243078.2,1582222.0,True,True,False,False,False,1.0436486,-0.010162601,4.92
2026-05-26,SH600029,5.5,5.6,1762612.4,985689.5,True,True,False,False,False,0.43860456,0.010830325,5.5
2026-05-26,SH600030,26.179998,26.21,1931765.9,5073749.5,True,True,False,False,False,1.3247066,0.0007636502,26.179998
2026-05-26,SH600031,18.78,18.88,1111605.4,2097719.5,True,True,False,False,False,2.5183268,0.0026553373,18.78
2026-05-26,SH600032,9.68,9.29,643922.25,599898.56,True,True,False,False,False,0.20462757,-0.06445116,9.68
2026-05-26,SH600033,3.53,3.53,140263.05,49473.746,True,True,False,False,False,1.0022247,0.0,3.53
2026-05-26,SH600035,3.8299997,3.8199997,62854.504,23989.822,True,True,False,False,False,0.60394263,-0.002610966,3.8299997
2026-05-26,SH600036,36.94,37.0,706202.94,2617323.8,True,True,False,False,False,0.6081588,0.0016242556,36.94
2026-05-26,SH600037,7.5999994,7.4799995,167535.02,125655.875,True,True,False,False,False,0.19830269,-0.022222223,7.5999994
2026-05-27,SH600000,9.29,9.429999,1345489.6,1269924.8,True,True,False,False,False,0.6489992,0.017259978,9.29
2026-05-27,SH600004,8.31,8.240001,93610.6,77090.305,True,True,False,False,False,0.3067961,-0.008423586,8.31
2026-05-27,SH600006,6.3500004,6.1700006,157938.0,98175.375,True,True,False,False,False,0.75710577,-0.028346457,6.3500004
2026-05-27,SH600007,21.369999,21.16,19191.82,40784.395,True,True,False,False,False,0.30863142,-0.007038949,21.369999
2026-05-27,SH600008,3.0900002,3.07,510646.0,157024.12,True,True,False,False,False,0.586581,-0.006472492,3.0900002
2026-05-27,SH600009,25.48,25.400002,158678.75,400127.06,True,True,False,False,False,0.21364294,-0.008199922,25.48
2026-05-27,SH600010,2.4699998,2.3799999,7520012.5,1814268.1,True,True,False,False,False,1.3123688,-0.04032258,2.4699998
2026-05-27,SH600011,7.49,7.7099996,2028055.2,1553260.6,True,True,False,False,False,0.3878689,0.026631158,7.49
2026-05-27,SH600012,16.400002,16.43,49450.0,80645.01,True,True,False,False,False,0.69284064,0.0018292683,16.400002
2026-05-27,SH600015,6.75,6.6800003,750335.06,501373.44,True,True,False,False,False,0.86616975,-0.01037037,6.75
2026-05-27,SH600016,3.52,3.49,2154936.5,758341.3,True,True,False,False,False,1.9773244,-0.0085227275,3.52
2026-05-27,SH600017,2.7800002,2.7500002,238496.98,65818.9,True,True,False,False,False,0.5626497,-0.014336918,2.7800002
2026-05-27,SH600018,5.08,5.04,456505.47,230359.16,True,True,False,False,False,0.44603592,-0.007874016,5.08
2026-05-27,SH600019,6.0499997,6.0299997,888043.56,532317.25,True,True,False,False,False,0.5623225,-0.0016556291,6.0499997
2026-05-27,SH600020,3.99,3.97,155043.62,61672.414,True,True,False,False,False,0.6095586,-0.0050125313,3.99
2026-05-27,SH600021,20.39,20.589998,2711154.2,5655219.0,True,True,False,False,False,0.2723576,0.009808729,20.39
2026-05-27,SH600022,1.35,1.32,901704.25,119689.92,True,True,False,False,False,0.9433962,-0.022222223,1.35
2026-05-27,SH600023,6.03,6.0,907524.44,547257.4,True,True,False,False,False,0.22522523,-0.013157895,6.03
2026-05-27,SH600025,9.44,9.62,340773.34,325434.22,True,True,False,False,False,0.3948105,0.012631579,9.44
2026-05-27,SH600026,21.16,20.3,700518.94,1429374.8,True,True,False,False,False,0.4264856,-0.043805934,21.16
2026-05-27,SH600027,5.15,5.2900004,1717905.1,898530.06,True,True,False,False,False,0.50842696,0.021235522,5.15
2026-05-27,SH600028,4.8599997,4.83,3725642.8,1780950.0,True,True,False,False,False,1.0437442,-0.008213553,4.8599997
2026-05-27,SH600029,5.5499997,5.4700003,1187233.9,654060.8,True,True,False,False,False,0.43866262,-0.023214286,5.5499997
2026-05-27,SH600030,26.18,25.77,1753604.0,4543590.5,True,True,False,False,False,1.324708,-0.016787486,26.18
2026-05-27,SH600031,18.880001,18.47,1150939.4,2120995.2,True,True,False,False,False,2.5183332,-0.021716101,18.880001
2026-05-27,SH600032,9.25,9.45,601394.94,566685.0,True,True,False,False,False,0.20472524,0.01722282,9.25
2026-05-27,SH600033,3.5200002,3.5200002,204341.0,71782.086,True,True,False,False,False,1.0021828,-0.0028328612,3.5200002
2026-05-27,SH600035,3.81,3.7799997,97290.8,36806.52,True,True,False,False,False,0.6042519,-0.010471204,3.81
2026-05-27,SH600036,37.01,37.0,845146.3,3125360.2,True,True,False,False,False,0.6081588,0.0,37.01
2026-05-27,SH600037,7.48,7.4400005,218292.2,164629.61,True,True,False,False,False,0.19828221,-0.0053475937,7.48
2026-05-28,SH600000,9.42,9.21,836655.2,776320.25,True,True,False,False,False,0.64900297,-0.023329798,9.42
2026-05-28,SH600004,8.21,8.1,90603.99,74002.64,True,True,False,False,False,0.3068783,-0.016990291,8.21
2026-05-28,SH600006,6.1600003,6.0800004,143578.44,87470.99,True,True,False,False,False,0.7571063,-0.014586709,6.1600003
2026-05-28,SH600007,21.05,21.109999,20141.072,42638.8,True,True,False,False,False,0.3086367,-0.002362949,21.05
2026-05-28,SH600008,3.06,3.06,747453.2,229473.22,True,True,False,False,False,0.58662194,-0.0032573289,3.06
2026-05-28,SH600009,25.3,24.880001,123254.22,309198.25,True,True,False,False,False,0.21362403,-0.02047244,25.3
2026-05-28,SH600010,2.3799999,2.43,6259051.5,1502781.9,True,True,False,False,False,1.3123714,0.021008404,2.3799999
2026-05-28,SH600011,7.7200003,8.06,3583266.5,2870889.8,True,True,False,False,False,0.38785356,0.04539559,7.7200003
2026-05-28,SH600012,16.36,16.48,47732.72,78610.89,True,True,False,False,False,0.69284064,0.0030432136,16.36
2026-05-28,SH600015,6.67,6.5699997,792273.25,524687.2,True,True,False,False,False,0.8661962,-0.016467066,6.67
2026-05-28,SH600016,3.49,3.48,1321329.8,460928.72,True,True,False,False,False,1.9772778,-0.0028653296,3.49
2026-05-28,SH600017,2.74,2.74,164612.12,45162.33,True,True,False,False,False,0.56243986,-0.0036363637,2.74
2026-05-28,SH600018,5.04,5.02,391805.7,197138.77,True,True,False,False,False,0.44623616,-0.003968254,5.04
2026-05-28,SH600019,5.9999995,5.96,669126.1,401520.44,True,True,False,False,False,0.56231475,-0.011608624,5.9999995
2026-05-28,SH600020,3.97,3.8899999,136501.25,53723.33,True,True,False,False,False,0.6096121,-0.020151133,3.97
2026-05-28,SH600021,20.59,21.18,1951383.5,4042003.0,True,True,False,False,False,0.2723947,0.028654687,20.59
2026-05-28,SH600022,1.32,1.32,518032.2,68406.06,True,True,False,False,False,0.9433962,0.0,1.32
2026-05-28,SH600023,6.0,6.1,1164054.2,709383.5,True,True,False,False,False,0.22522523,0.016666668,6.0
2026-05-28,SH600025,9.66,9.62,452212.94,438885.16,True,True,False,False,False,0.3948105,0.0,9.66
2026-05-28,SH600026,20.1,19.849998,503465.25,1003727.94,True,True,False,False,False,0.42639616,-0.022167487,20.1
2026-05-28,SH600027,5.2999997,5.2999997,1954538.1,1042290.4,True,True,False,False,False,0.5083044,0.0018903592,5.2999997
2026-05-28,SH600028,4.7799997,4.81,2810687.5,1361956.9,True,True,False,False,False,1.0433158,-0.004140787,4.7799997
2026-05-28,SH600029,5.51,5.42,1113405.5,609815.25,True,True,False,False,False,0.43890515,-0.009140768,5.51
2026-05-28,SH600030,25.880001,25.350002,1394504.4,3548082.2,True,True,False,False,False,1.3247666,-0.01629802,25.880001
2026-05-28,SH600031,18.42,17.9,1042509.1,1867619.4,True,True,False,False,False,2.5183465,-0.030860856,18.42
2026-05-28,SH600032,9.41,10.400001,803250.75,804315.2,False,True,True,False,False,0.20468393,0.1005291,9.41
2026-05-28,SH600033,3.52,3.5100002,229996.53,81309.3,True,True,False,False,False,1.0021408,-0.0028409092,3.52
2026-05-28,SH600035,3.77,3.77,78918.98,29812.87,True,True,False,False,False,0.6041125,-0.0026455026,3.77
2026-05-28,SH600036,37.050003,37.12,995791.0,3701402.0,True,True,False,False,False,0.6081387,0.0032432433,37.050003
2026-05-28,SH600037,7.41,7.3599997,199190.8,146583.08,True,True,False,False,False,0.19828838,-0.010752688,7.41
2026-05-29,SH600000,9.18,9.37,933302.94,869221.25,True,True,False,False,False,0.6489812,0.017372422,9.18
2026-05-29,SH600004,8.11,8.2699995,111625.1,91830.164,True,True,False,False,False,0.30678874,0.020987654,8.11
2026-05-29,SH600006,6.0899997,6.12,142952.14,87160.055,True,True,False,False,False,0.7570697,0.0065789474,6.0899997
2026-05-29,SH600007,21.06,21.439999,20966.5,45001.855,True,True,False,False,False,0.30862835,0.015632402,21.06
2026-05-29,SH600008,3.0600002,3.1499999,1679894.8,527048.8,True,True,False,False,False,0.5866273,0.029411765,3.0600002
2026-05-29,SH600009,24.85,25.070002,225327.56,567613.2,True,True,False,False,False,0.21363312,0.007636656,24.85
2026-05-29,SH600010,2.42,2.3600001,5954337.0,1420747.5,True,True,False,False,False,1.3122351,-0.028806584,2.42
2026-05-29,SH600011,8.08,8.87,4551504.0,3878787.0,False,True,True,False,False,0.38781092,0.10049628,8.08
2026-05-29,SH600012,16.5,16.83,48536.08,81172.71,True,True,False,False,False,0.6927034,0.021237863,16.5
2026-05-29,SH600015,6.5600004,6.71,1007986.94,670685.9,True,True,False,False,False,0.866049,0.02130898,6.5600004
2026-05-29,SH600016,3.48,3.5500002,2621756.5,920738.75,True,True,False,False,False,1.9772948,0.020114943,3.48
2026-05-29,SH600017,2.73,2.77,421821.6,117419.836,True,True,False,False,False,0.56250525,0.010948905,2.73
2026-05-29,SH600018,5.01,5.1299996,685269.9,349648.3,True,True,False,False,False,0.4459257,0.021912351,5.01
2026-05-29,SH600019,5.97,6.0299997,955246.25,576520.06,True,True,False,False,False,0.5623225,0.011744967,5.97
2026-05-29,SH600020,3.8899999,4.01,192755.1,76774.56,True,True,False,False,False,0.609369,0.03084833,3.8899999
2026-05-29,SH600021,21.000002,22.28,2392555.8,5235321.0,True,True,False,False,False,0.27235416,0.05193579,21.000002
2026-05-29,SH600022,1.32,1.34,956579.5,127995.0,True,True,False,False,False,0.9433962,0.015151516,1.32
2026-05-29,SH600023,6.1,6.47,2054216.2,1323584.1,True,True,False,False,False,0.22522523,0.06065574,6.1
2026-05-29,SH600025,9.59,9.9,596315.56,587154.1,True,True,False,False,False,0.39465165,0.029106028,9.59
2026-05-29,SH600026,19.64,19.48,670405.6,1308574.4,True,True,False,False,False,0.42640176,-0.0186398,19.64
2026-05-29,SH600027,5.2999997,5.5599995,3439140.8,1887463.9,True,True,False,False,False,0.5084624,0.049056605,5.2999997
2026-05-29,SH600028,4.8,4.8500004,3306657.8,1593478.8,True,True,False,False,False,1.0436962,0.008316008,4.8
2026-05-29,SH600029,5.5,5.4900002,2058015.0,1148074.5,True,True,False,False,False,0.4389424,0.012915129,5.5
2026-05-29,SH600030,25.529999,26.050001,3282611.2,8616487.0,True,True,False,False,False,1.324721,0.027613413,25.529999
2026-05-29,SH600031,17.89,17.94,1341989.8,2435333.0,True,True,False,False,False,2.5183318,0.0022346368,17.89
2026-05-29,SH600032,10.61,10.61,1238932.0,1341731.5,True,True,False,False,False,0.20473866,0.020192308,10.61
2026-05-29,SH600033,3.5100002,3.6200004,431031.0,154933.73,True,True,False,False,False,1.0022786,0.03133903,3.5100002
2026-05-29,SH600035,3.76,3.85,144657.36,55395.305,True,True,False,False,False,0.6039281,0.021220159,3.76
2026-05-29,SH600036,37.1,38.01,1531383.6,5769643.0,True,True,False,False,False,0.6081396,0.023976292,37.1
2026-05-29,SH600037,7.36,7.3,171689.11,126092.016,True,True,False,False,False,0.19828105,-0.008152174,7.36
2026-06-01,SH600000,9.32,9.32,750721.2,697403.3,True,True,False,False,False,0.6489801,-0.0053361794,9.32
2026-06-01,SH600004,8.24,8.3,71305.55,58694.266,True,True,False,False,False,0.3067814,0.0036275694,8.24
2026-06-01,SH600006,6.12,6.2099996,161156.0,99475.33,True,True,False,False,False,0.7570697,0.014705882,6.12
2026-06-01,SH600007,21.429998,21.73,31464.643,67993.445,True,True,False,False,False,0.30867562,0.013526119,21.429998
2026-06-01,SH600008,3.16,3.2,1314640.0,417482.5,True,True,False,False,False,0.5866102,0.015873017,3.16
2026-06-01,SH600009,25.059998,24.84,174596.92,434404.97,True,True,False,False,False,0.21363941,-0.0091743115,25.059998
2026-06-01,SH600010,2.3600001,2.3700001,3489816.2,828871.3,True,True,False,False,False,1.3126318,0.004237288,2.3600001
2026-06-01,SH600011,9.0,9.759999,7124926.5,6614876.0,False,True,True,False,False,0.38782692,0.10033822,9.0
2026-06-01,SH600012,16.41,17.0,73573.516,122567.94,True,True,False,False,False,0.6927048,0.01010101,16.41
2026-06-01,SH600015,6.7200003,6.86,933688.06,633534.2,True,True,False,False,False,0.8660727,0.022354694,6.7200003
2026-06-01,SH600016,3.54,3.59,2185978.0,776661.1,True,True,False,False,False,1.9773257,0.011267605,3.54
2026-06-01,SH600017,2.7800002,2.8500001,452796.6,126883.336,True,True,False,False,False,0.5624915,0.028880866,2.7800002
2026-06-01,SH600018,5.1099997,5.14,601288.6,306954.97,True,True,False,False,False,0.44608483,0.0019493178,5.1099997
2026-06-01,SH600019,6.03,6.0400004,1115865.9,667998.75,True,True,False,False,False,0.56220704,0.0016583748,6.03
2026-06-01,SH600020,4.0,4.08,256851.05,103237.586,True,True,False,False,False,0.6095286,0.017456358,4.0
2026-06-01,SH600021,22.08,20.589998,1759292.5,3671240.5,True,True,False,False,False,0.2723576,-0.07585278,22.08
2026-06-01,SH600022,1.34,1.37,882906.5,119742.83,True,True,False,False,False,0.9433962,0.02238806,1.34
2026-06-01,SH600023,6.5499997,6.7,1805624.1,1179770.5,True,True,False,False,False,0.22522523,0.035548687,6.5499997
2026-06-01,SH600025,9.91,10.1,658907.06,657532.75,True,True,False,False,False,0.39477023,0.02020202,9.91
2026-06-01,SH600026,19.660002,18.8,645039.9,1229260.5,True,True,False,False,False,0.4264903,-0.034907598,19.660002
2026-06-01,SH600027,5.62,5.9199996,5257970.5,3032963.0,True,True,False,False,False,0.50825495,0.0647482,5.62
2026-06-01,SH600028,4.84,4.87,3492353.0,1693661.5,True,True,False,False,False,1.0436486,0.0041237115,4.84
2026-06-01,SH600029,5.44,5.43,1289365.9,698761.25,True,True,False,False,False,0.4385715,-0.010928961,5.44
2026-06-01,SH600030,26.01,25.67,2214100.2,5715780.0,True,True,False,False,False,1.3247366,-0.0145873325,26.01
2026-06-01,SH600031,17.91,18.07,1312840.1,2341229.0,True,True,False,False,False,2.5183494,0.007246377,17.91
2026-06-01,SH600032,10.799999,10.669999,811116.2,856309.7,True,True,False,False,False,0.20470089,0.0056550424,10.799999
2026-06-01,SH600033,3.6200001,3.65,285804.5,103403.68,True,True,False,False,False,1.0020896,0.008287293,3.6200001
2026-06-01,SH600035,3.84,3.9299998,189889.28,73589.35,True,True,False,False,False,0.604169,0.02077922,3.84
2026-06-01,SH600036,37.999996,38.199997,961378.9,3656722.0,True,True,False,False,False,0.6081599,0.0049986844,37.999996
2026-06-01,SH600037,7.32,7.4,195837.02,144311.27,True,True,False,False,False,0.19830903,0.01369863,7.32
2026-06-02,SH600000,9.3,9.309999,727782.44,679643.06,True,True,False,False,False,0.64900506,-0.0010729614,9.3
2026-06-02,SH600004,8.28,8.2300005,57738.453,47646.94,True,True,False,False,False,0.30689117,-0.008433735,8.28
2026-06-02,SH600006,6.22,6.18,136246.22,84675.445,True,True,False,False,False,0.75717777,-0.004830918,6.22
2026-06-02,SH600007,21.6,21.79,25915.86,56505.15,True,True,False,False,False,0.30865657,0.0027611598,21.6
2026-06-02,SH600008,3.1899998,3.24,1435164.8,465847.47,True,True,False,False,False,0.5866324,0.0125,3.1899998
2026-06-02,SH600009,24.77,24.349998,164614.66,402428.9,True,True,False,False,False,0.21363617,-0.019726248,24.77
2026-06-02,SH600010,2.3700001,2.3700001,4864999.0,1147366.4,True,True,False,False,False,1.3126318,0.0,2.3700001
2026-06-02,SH600011,9.39,9.09,5329692.5,4880218.5,True,True,False,False,False,0.38786137,-0.06864754,9.39
2026-06-02,SH600012,16.96,17.599998,67148.016,116957.18,True,True,False,False,False,0.69270945,0.03529412,16.96
2026-06-02,SH600015,6.84,6.92,782575.25,540477.1,True,True,False,False,False,0.8660415,0.008746356,6.84
2026-06-02,SH600016,3.58,3.59,2026760.4,730732.2,True,True,False,False,False,1.9773257,0.0,3.58
2026-06-02,SH600017,2.8400002,2.82,269398.75,76213.85,True,True,False,False,False,0.5624278,-0.010526316,2.8400002
2026-06-02,SH600018,5.1200004,5.14,594149.0,306115.97,True,True,False,False,False,0.44608483,0.0,5.1200004
2026-06-02,SH600019,6.03,5.94,1276509.8,762913.7,True,True,False,False,False,0.56227297,-0.01655629,6.03
2026-06-02,SH600020,4.08,4.01,236407.33,96215.38,True,True,False,False,False,0.609369,-0.017156864,4.08
2026-06-02,SH600021,20.109999,19.899998,1452791.8,2876903.5,True,True,False,False,False,0.2723537,-0.033511415,20.109999
2026-06-02,SH600022,1.37,1.35,923055.6,124990.8,True,True,False,False,False,0.9433962,-0.01459854,1.37
2026-06-02,SH600023,6.6,6.39,1233165.4,793924.9,True,True,False,False,False,0.22522523,-0.046268657,6.6
2026-06-02,SH600025,10.070001,10.18,564578.0,572591.94,True,True,False,False,False,0.39481637,0.007920792,10.070001
2026-06-02,SH600026,18.980001,18.55,678511.9,1249336.1,True,True,False,False,False,0.42641023,-0.013297873,18.980001
2026-06-02,SH600027,5.7699995,5.5999994,3549355.0,1995507.0,True,True,False,False,False,0.50839406,-0.054054055,5.7699995
2026-06-02,SH600028,4.88,4.82,4012503.5,1950611.0,True,True,False,False,False,1.0435303,-0.01026694,4.88
2026-06-02,SH600029,5.36,5.35,1243790.5,663414.7,True,True,False,False,False,0.43886694,-0.014732965,5.36
2026-06-02,SH600030,25.6,25.579998,1781079.6,4532467.5,True,True,False,False,False,1.3247157,-0.003506038,25.6
2026-06-02,SH600031,18.0,18.14,885397.56,1594117.6,True,True,False,False,False,2.5183368,0.003873824,18.0
2026-06-02,SH600032,10.610001,10.920001,978939.56,1056621.0,True,True,False,False,False,0.20472926,0.023430178,10.610001
2026-06-02,SH600033,3.65,3.6200004,255806.98,93345.49,True,True,False,False,False,1.0022786,-0.008219178,3.65
2026-06-02,SH600035,3.91,3.91,135848.42,53209.43,True,True,False,False,False,0.6038997,-0.0050890585,3.91
2026-06-02,SH600036,38.16,38.8,1256969.5,4860567.5,True,True,False,False,False,0.6081604,0.015706806,38.16
2026-06-02,SH600037,7.39,7.17,191992.0,138709.11,True,True,False,False,False,0.19829744,-0.03108108,7.39
2026-06-03,SH600000,9.28,9.25,710073.25,656412.5,True,True,False,False,False,0.6489869,-0.0064446833,9.28
2026-06-03,SH600004,8.23,8.12,83682.73,68065.56,True,True,False,False,False,0.30682617,-0.013365735,8.23
2026-06-03,SH600006,6.1600003,6.1,114535.7,70394.42,True,True,False,False,False,0.7572522,-0.012944984,6.1600003
2026-06-03,SH600007,21.789999,21.14,37614.004,79981.87,True,True,False,False,False,0.30865988,-0.029830197,21.789999
2026-06-03,SH600008,3.2499998,3.2499998,1300053.5,420910.62,True,True,False,False,False,0.5865937,0.0030864198,3.2499998
2026-06-03,SH600009,24.28,23.79,195960.84,467628.9,True,True,False,False,False,0.21363232,-0.022997947,24.28
2026-06-03,SH600010,2.36,2.4099998,6727706.0,1622788.1,True,True,False,False,False,1.3122407,0.016877636,2.36
2026-06-03,SH600011,8.83,9.13,5636257.5,5000321.5,True,True,False,False,False,0.38784838,0.00440044,8.83
2026-06-03,SH600012,17.51,16.21,103410.18,171045.69,True,True,False,False,False,0.69284064,-0.07897727,17.51
2026-06-03,SH600015,6.9,6.85,754500.06,516247.9,True,True,False,False,False,0.866112,-0.010115607,6.9
2026-06-03,SH600016,3.5900002,3.54,2593555.2,921115.25,True,True,False,False,False,1.9772489,-0.013927577,3.5900002
2026-06-03,SH600017,2.8100002,2.7900002,374426.0,104139.37,True,True,False,False,False,0.5623628,-0.010638298,2.8100002
2026-06-03,SH600018,5.13,5.07,636565.25,322635.44,True,True,False,False,False,0.44599876,-0.013618677,5.13
2026-06-03,SH600019,5.9300003,5.8300004,1377375.8,805804.2,True,True,False,False,False,0.5624607,-0.018518519,5.9300003
2026-06-03,SH600020,4.0099998,3.97,215727.45,85634.99,True,True,False,False,False,0.6095586,-0.009975063,4.0099998
2026-06-03,SH600021,19.39,20.86,1724030.9,3463062.0,True,True,False,False,False,0.27237108,0.048241206,19.39
2026-06-03,SH600022,1.35,1.33,743196.94,99429.54,True,True,False,False,False,0.9433962,-0.014814815,1.35
2026-06-03,SH600023,6.32,6.42,1158450.1,731073.75,True,True,False,False,False,0.22522523,0.0046948357,6.32
2026-06-03,SH600025,10.11,10.13,472434.84,475307.9,True,True,False,False,False,0.39486673,-0.0049115913,10.11
2026-06-03,SH600026,18.44,17.94,681441.25,1223307.5,True,True,False,False,False,0.42647162,-0.0328841,18.44
2026-06-03,SH600027,5.4999995,5.5899997,3029241.2,1670309.5,True,True,False,False,False,0.50851023,-0.0017857143,5.4999995
2026-06-03,SH600028,4.83,4.8599997,3466480.8,1672039.0,True,True,False,False,False,1.0434364,0.008298756,4.83
2026-06-03,SH600029,5.28,5.2000003,1664509.1,870400.56,True,True,False,False,False,0.43863997,-0.028037382,5.28
2026-06-03,SH600030,25.499998,25.599998,1832380.9,4695437.0,True,True,False,False,False,1.3246944,0.00078186084,25.499998
2026-06-03,SH600031,18.11,17.96,780235.1,1410122.1,True,True,False,False,False,2.5183506,-0.009922823,18.11
2026-06-03,SH600032,10.750001,11.43,1161269.4,1290708.9,True,True,False,False,False,0.20477638,0.046703298,10.750001
2026-06-03,SH600033,3.61,3.57,289641.0,103350.44,True,True,False,False,False,1.0020732,-0.0138121545,3.61
2026-06-03,SH600035,3.91,3.86,118479.625,45792.156,True,True,False,False,False,0.6040651,-0.012787724,3.91
2026-06-03,SH600036,38.809998,38.5,881274.6,3392945.8,True,True,False,False,False,0.608148,-0.0077319588,38.809998
2026-06-03,SH600037,7.1599994,7.0499997,157315.7,111437.66,True,True,False,False,False,0.19828242,-0.016736401,7.1599994
2026-06-04,SH600000,9.27,9.19,560926.4,518543.8,True,True,False,False,False,0.649011,-0.0064864866,9.27
2026-06-04,SH600004,8.13,8.030001,77609.664,62598.723,True,True,False,False,False,0.3068493,-0.011083744,8.13
2026-06-04,SH600006,6.1,5.93,182878.52,109356.625,True,True,False,False,False,0.75733256,-0.027868852,6.1
2026-06-04,SH600007,21.12,21.03,43226.99,90624.95,True,True,False,False,False,0.30861866,-0.005203406,21.12
2026-06-04,SH600008,3.24,3.1899998,1205176.5,389616.84,True,True,False,False,False,0.5866496,-0.018461538,3.24
2026-06-04,SH600009,23.599998,23.39,196921.36,460386.2,True,True,False,False,False,0.21362115,-0.016813787,23.599998
2026-06-04,SH600010,2.39,2.42,5292147.0,1267467.5,True,True,False,False,False,1.3126291,0.004149378,2.39
2026-06-04,SH600011,8.91,8.75,3291694.8,2898058.2,True,True,False,False,False,0.38785085,-0.04162103,8.91
2026-06-04,SH600012,16.300001,16.449999,80809.0,133052.62,True,True,False,False,False,0.69284064,0.0148056755,16.300001
2026-06-04,SH600015,6.8299994,6.7200003,719946.4,486092.62,True,True,False,False,False,0.866009,-0.018978102,6.8299994
2026-06-04,SH600016,3.53,3.4999998,1927303.6,676441.2,True,True,False,False,False,1.9773707,-0.011299435,3.53
2026-06-04,SH600017,2.78,2.7599998,248366.02,68918.484,True,True,False,False,False,0.5622964,-0.010752688,2.78
2026-06-04,SH600018,5.06,5.0,594250.0,299066.56,True,True,False,False,False,0.4459103,-0.013806706,5.06
2026-06-04,SH600019,5.8199997,5.72,1133160.9,651004.75,True,True,False,False,False,0.5623687,-0.018867925,5.8199997
2026-06-04,SH600020,3.96,3.96,159909.08,63534.46,True,True,False,False,False,0.60944086,-0.0025188916,3.96
2026-06-04,SH600021,20.4,19.8,1196688.8,2423417.0,True,True,False,False,False,0.2723894,-0.050814956,20.4
2026-06-04,SH600022,1.33,1.31,674231.4,88873.59,True,True,False,False,False,0.9433962,-0.015037594,1.33
2026-06-04,SH600023,6.33,6.24,801509.75,503041.7,True,True,False,False,False,0.22522523,-0.028037382,6.33
2026-06-04,SH600025,10.08,9.9800005,329546.66,331165.5,True,True,False,False,False,0.39469966,-0.014807503,10.08
2026-06-04,SH600026,17.9,17.7,609974.75,1087929.9,True,True,False,False,False,0.426401,-0.013377926,17.9
2026-06-04,SH600027,5.5499997,5.4399996,1975613.2,1085206.6,True,True,False,False,False,0.508266,-0.026833631,5.5499997
2026-06-04,SH600028,4.8400006,4.82,2332991.2,1130084.6,True,True,False,False,False,1.0435303,-0.008230452,4.8400006
2026-06-04,SH600029,5.19,5.21,775236.25,403040.5,True,True,False,False,False,0.43878743,0.0019230769,5.19
2026-06-04,SH600030,25.42,25.59,1293749.8,3310998.5,True,True,False,False,False,1.324744,-0.000390625,25.42
2026-06-04,SH600031,17.9,18.14,939872.8,1705617.6,True,True,False,False,False,2.5183368,0.010022271,17.9
2026-06-04,SH600032,11.1,10.870001,742914.6,823859.9,True,True,False,False,False,0.20476012,-0.048993874,11.1
2026-06-04,SH600033,3.56,3.5200002,191812.5,68016.63,True,True,False,False,False,1.0021828,-0.014005602,3.56
2026-06-04,SH600035,3.8600001,3.8100002,126536.85,48540.98,True,True,False,False,False,0.6042348,-0.012953368,3.8600001
2026-06-04,SH600036,38.4,38.100002,738841.25,2826182.8,True,True,False,False,False,0.60815567,-0.01038961,38.4
2026-06-04,SH600037,7.04,6.84,196620.6,135795.1,True,True,False,False,False,0.19830625,-0.029787235,7.04
2026-06-05,SH600000,9.179999,9.339999,745725.25,692089.7,True,True,False,False,False,0.64901406,0.01632209,9.179999
2026-06-05,SH600004,8.04,8.09,58310.797,47156.406,True,True,False,False,False,0.30683383,0.00747198,8.04
2026-06-05,SH600006,6.0,5.97,142597.02,85526.39,True,True,False,False,False,0.75729346,0.0067453627,6.0
2026-06-05,SH600007,21.060001,21.28,27800.998,58800.84,True,True,False,False,False,0.30865812,0.011887779,21.060001
2026-06-05,SH600008,3.19,3.1399999,1050382.5,333118.66,True,True,False,False,False,0.58666736,-0.015673982,3.19
2026-06-05,SH600009,23.46,23.64,145962.36,346070.25,True,True,False,False,False,0.21363537,0.010688328,23.46
2026-06-05,SH600010,2.3999999,2.42,5647125.5,1372791.6,True,True,False,False,False,1.3126291,0.0,2.3999999
2026-06-05,SH600011,8.610001,8.39,3446444.2,2927478.5,True,True,False,False,False,0.3878028,-0.04114286,8.610001
2026-06-05,SH600012,16.49,15.880001,77883.0,126317.02,True,True,False,False,False,0.69284064,-0.034650456,16.49
2026-06-05,SH600015,6.72,6.83,826267.2,563464.0,True,True,False,False,False,0.8661909,0.016369049,6.72
2026-06-05,SH600016,3.5,3.57,2310819.8,822020.5,True,True,False,False,False,1.9772348,0.02,3.5
2026-06-05,SH600017,2.7500002,2.8,363955.47,101651.83,True,True,False,False,False,0.5625692,0.014492754,2.7500002
2026-06-05,SH600018,5.0000005,5.04,462383.97,233903.53,True,True,False,False,False,0.44603592,0.008,5.0000005
2026-06-05,SH600019,5.7200003,5.7400002,1072927.0,617443.25,True,True,False,False,False,0.56241167,0.0034965035,5.7200003
2026-06-05,SH600020,3.9799998,4.01,165350.05,66587.78,True,True,False,False,False,0.609369,0.012626262,3.9799998
2026-06-05,SH600021,19.609999,19.4,1057444.0,2085717.8,True,True,False,False,False,0.27235758,-0.02020202,19.609999
2026-06-05,SH600022,1.31,1.32,709807.1,94106.555,True,True,False,False,False,0.9433962,0.007633588,1.31
2026-06-05,SH600023,6.2200003,5.99,962073.06,585182.56,True,True,False,False,False,0.22522523,-0.040064104,6.2200003
2026-06-05,SH600025,10.01,9.73,363690.0,359572.12,True,True,False,False,False,0.39462936,-0.0250501,10.01
2026-06-05,SH600026,17.99,17.59,590649.75,1040106.2,True,True,False,False,False,0.42637864,-0.0062146895,17.99
2026-06-05,SH600027,5.45,5.2,2526844.0,1351481.0,True,True,False,False,False,0.50827223,-0.04411765,5.45
2026-06-05,SH600028,4.82,4.8900003,3796463.8,1859033.9,True,True,False,False,False,1.0436014,0.014522822,4.82
2026-06-05,SH600029,5.2599998,5.22,893564.44,467676.94,True,True,False,False,False,0.43893433,0.0019193857,5.2599998
2026-06-05,SH600030,25.66,25.67,1580961.9,4072685.5,True,True,False,False,False,1.3247366,0.0031262212,25.66
2026-06-05,SH600031,18.300001,18.65,1364928.0,2538960.8,True,True,False,False,False,2.518345,0.028114663,18.300001
2026-06-05,SH600032,10.929999,10.29,660217.8,697715.7,True,True,False,False,False,0.20475517,-0.053357866,10.929999
2026-06-05,SH600033,3.53,3.54,213572.4,75960.086,True,True,False,False,False,1.0022663,0.0056818184,3.53
2026-06-05,SH600035,3.83,3.83,114667.21,44110.156,True,True,False,False,False,0.6040807,0.005249344,3.83
2026-06-05,SH600036,38.18,38.58,778708.94,3000501.5,True,True,False,False,False,0.60815126,0.012598425,38.18
2026-06-05,SH600037,6.9000006,6.84,146430.0,100047.375,True,True,False,False,False,0.19830625,0.0,6.9000006
2026-06-08,SH600000,9.3,9.37,808870.0,756784.9,True,True,False,False,False,0.6489812,0.0032119914,9.3
2026-06-08,SH600004,8.01,8.030001,74296.0,59548.605,True,True,False,False,False,0.3068493,-0.0074165636,8.01
2026-06-08,SH600006,5.9500003,5.89,166929.0,98746.3,True,True,False,False,False,0.75737214,-0.013400335,5.9500003
2026-06-08,SH600007,21.15,22.25,46447.0,101393.68,True,True,False,False,False,0.30866015,0.045582708,21.15
2026-06-08,SH600008,3.1100001,3.07,1111605.0,342834.16,True,True,False,False,False,0.586581,-0.022292994,3.1100001
2026-06-08,SH600009,23.42,23.009998,143917.0,333476.3,True,True,False,False,False,0.21363087,-0.026649747,23.42
2026-06-08,SH600010,2.3799999,2.33,5929680.0,1403532.2,True,True,False,False,False,1.3123659,-0.037190083,2.3799999
2026-06-08,SH600011,8.150001,8.41,2661209.0,2258837.2,True,True,False,False,False,0.3878395,0.0023837902,8.150001
2026-06-08,SH600012,16.09,16.17,58571.0,94125.58,True,True,False,False,False,0.69284064,0.018261965,16.09
2026-06-08,SH600015,6.79,6.79,620610.0,422555.12,True,True,False,False,False,0.8661442,-0.0058565154,6.79
2026-06-08,SH600016,3.56,3.5500002,2231609.0,794473.56,True,True,False,False,False,1.9772948,-0.005602241,3.56
2026-06-08,SH600017,2.7800002,2.7300003,349232.97,95669.55,True,True,False,False,False,0.56222844,-0.025,2.7800002
2026-06-08,SH600018,5.01,4.93,849033.0,419470.84,True,True,False,False,False,0.4463545,-0.021825397,5.01
2026-06-08,SH600019,5.7000003,5.62,1070237.0,603253.06,True,True,False,False,False,0.5624412,-0.020905923,5.7000003
2026-06-08,SH600020,4.01,3.94,185243.0,73073.414,True,True,False,False,False,0.60953677,-0.017456358,4.01
2026-06-08,SH600021,18.720001,17.71,1074482.0,1977113.2,True,True,False,False,False,0.2723619,-0.0871134,18.720001
2026-06-08,SH600022,1.31,1.31,886983.0,115994.14,True,True,False,False,False,0.9433962,-0.007575758,1.31
2026-06-08,SH600023,5.83,5.95,591261.0,350397.38,True,True,False,False,False,0.22522523,-0.006677796,5.83
2026-06-08,SH600025,9.71,9.67,373998.0,360826.7,True,True,False,False,False,0.39475778,-0.0061664954,9.71
2026-06-08,SH600026,17.51,16.75,612500.0,1046906.0,True,True,False,False,False,0.42638162,-0.047754407,17.51
2026-06-08,SH600027,5.1,5.14,1561555.9,805060.8,True,True,False,False,False,0.508166,-0.011538462,5.1
2026-06-08,SH600028,4.88,4.9,3176164.0,1553551.4,True,True,False,False,False,1.0433439,0.0020449897,4.88
2026-06-08,SH600029,5.1,5.04,1527399.0,770068.8,True,True,False,False,False,0.438758,-0.03448276,5.1
2026-06-08,SH600030,25.410002,25.43,1784320.9,4557027.5,True,True,False,False,False,1.324759,-0.009349436,25.410002
2026-06-08,SH600031,19.000002,19.51,2301728.0,4495823.0,True,True,False,False,False,2.5183425,0.0461126,19.000002
2026-06-08,SH600032,9.900001,9.48,569420.0,554962.2,True,True,False,False,False,0.20470402,-0.0787172,9.900001
2026-06-08,SH600033,3.52,3.4699998,314404.0,109504.734,True,True,False,False,False,1.0022957,-0.01977401,3.52
2026-06-08,SH600035,3.8000002,3.7600002,147540.0,55604.28,True,True,False,False,False,0.6039723,-0.018276762,3.8000002
2026-06-08,SH600036,38.399998,38.5,769478.0,2965292.0,True,True,False,False,False,0.608148,-0.0020736132,38.399998
2026-06-08,SH600037,6.69,6.66,171469.0,114431.9,True,True,False,False,False,0.19828264,-0.02631579,6.69
2026-06-09,SH600000,9.330001,9.37,708018.06,664069.1,True,True,False,False,False,0.6489812,0.0,9.330001
2026-06-09,SH600004,8.03,8.059999,70963.66,57089.05,True,True,False,False,False,0.30684155,0.00373599,8.03
2026-06-09,SH600006,5.88,5.82,109234.016,63504.41,True,True,False,False,False,0.75718445,-0.01188455,5.88
2026-06-09,SH600007,22.199999,22.38,39047.51,87161.05,True,True,False,False,False,0.30867195,0.0058426964,22.199999
2026-06-09,SH600008,3.07,3.11,778885.75,239893.22,True,True,False,False,False,0.5866045,0.0130293155,3.07
2026-06-09,SH600009,23.03,23.720001,159427.78,373808.22,True,True,False,False,False,0.21363182,0.03085615,23.03
2026-06-09,SH600010,2.34,2.3700001,5023691.5,1182842.5,True,True,False,False,False,1.3126318,0.017167382,2.34
2026-06-09,SH600011,8.45,8.46,2132675.8,1783236.0,True,True,False,False,False,0.38780046,0.005945303,8.45
2026-06-09,SH600012,16.199999,16.67,62144.0,103071.57,True,True,False,False,False,0.6927021,0.03092146,16.199999
2026-06-09,SH600015,6.79,6.88,817800.44,561911.25,True,True,False,False,False,0.86619776,0.013254787,6.79
2026-06-09,SH600016,3.54,3.54,2290250.2,813799.25,True,True,False,False,False,1.9772489,-0.0028169013,3.54
2026-06-09,SH600017,2.73,2.6999998,234229.0,63155.285,True,True,False,False,False,0.56215906,-0.010989011,2.73
2026-06-09,SH600018,4.9300003,4.95,442902.0,219788.58,True,True,False,False,False,0.44615015,0.004056795,4.9300003
2026-06-09,SH600019,5.6,5.6499996,838582.25,470653.1,True,True,False,False,False,0.56236106,0.0053380784,5.6
2026-06-09,SH600020,3.93,3.91,92701.0,36357.043,True,True,False,False,False,0.6095146,-0.007614213,3.93
2026-06-09,SH600021,17.800001,18.22,791965.8,1422227.4,True,True,False,False,False,0.27239797,0.02879729,17.800001
2026-06-09,SH600022,1.31,1.2900001,617900.9,79852.75,True,True,False,False,False,0.9433962,-0.015267176,1.31
2026-06-09,SH600023,5.97,5.98,512379.44,303168.72,True,True,False,False,False,0.22522523,0.005042017,5.97
2026-06-09,SH600025,9.68,9.68,243430.5,234922.31,True,True,False,False,False,0.39468107,0.0010341262,9.68
2026-06-09,SH600026,16.92,16.810001,519299.94,865037.2,True,True,False,False,False,0.4264675,0.0035820894,16.92
2026-06-09,SH600027,5.1600003,5.1800003,1446871.8,740344.1,True,True,False,False,False,0.50852245,0.007782101,5.1600003
2026-06-09,SH600028,4.87,4.79,3094855.0,1488286.0,True,True,False,False,False,1.0433625,-0.02244898,4.87
2026-06-09,SH600029,5.06,5.11,845677.9,430295.47,True,True,False,False,False,0.4388,0.013888889,5.06
2026-06-09,SH600030,25.440002,25.520002,1046875.56,2657722.5,True,True,False,False,False,1.3247017,0.003539127,25.440002
2026-06-09,SH600031,19.589998,19.919998,1428996.4,2813424.2,True,True,False,False,False,2.5183363,0.021014864,19.589998
2026-06-09,SH600032,9.73,9.55,463517.62,440125.7,True,True,False,False,False,0.20465502,0.0073839664,9.73
2026-06-09,SH600033,3.4699998,3.4599998,157344.02,54586.055,True,True,False,False,False,1.0022534,-0.0028818443,3.4699998
2026-06-09,SH600035,3.76,3.7799997,73194.12,27594.582,True,True,False,False,False,0.6042519,0.005319149,3.76
2026-06-09,SH600036,38.5,38.49,664500.4,2559006.0,True,True,False,False,False,0.6081597,-0.00025974025,38.5
2026-06-09,SH600037,6.66,6.66,117584.02,78220.39,True,True,False,False,False,0.19828264,0.0,6.66
